#
# A fatal error has been detected by the Java Runtime Environment:
#
#  SIGSEGV (0xb) at pc=0x00007f95ea4523d1, pid=2137999, tid=2138012
#
# JRE version: OpenJDK Runtime Environment (26.0.2.1) (build 26.0.2.1)
# Java VM: OpenJDK 64-Bit Server VM (26.0.2.1, mixed mode, sharing, tiered, compressed oops, compressed class ptrs, g1 gc, linux-amd64)
# Problematic frame:
# C  [libnvidia-eglcore.so.610.57.04+0xa523d1]
#
# Core dump will be written. Default location: Determined by the following: "/usr/lib/systemd/systemd-coredump %P %u %g %s %t %c %h %d %F %I" (alternatively, falling back to /home/annihilator/dev/NuvioDesktop/waylandHost/core.2137999)
#
# If you would like to submit a bug report, please visit:
#   https://bugreport.java.com/bugreport/crash.jsp
#

---------------  S U M M A R Y ------------

Command Line: -Dnuvio.wayland.libmpv=/home/annihilator/dev/mpv/build/libmpv.so.2 -Dnuvio.wayland.realApp=true -Dnuvio.wayland.smokePlayer=/tmp/nuvio-testclip5m.mp4 -Dnuvio.wayland.videoLog=true -Dnuvio.wayland.vk=true -Dnuvio.wayland.webChrome=true -Dorg.lwjgl.util.Debug=false --enable-native-access=ALL-UNNAMED -Dfile.encoding=UTF-8 -Duser.country=GB -Duser.language=en -Duser.variant com.nuvio.wayland.MainKt

Host: AMD Ryzen 7 5800HS with Radeon Graphics, 16 cores, 15G, Arch Linux
Time: Mon Aug 24 11:08:00 2026 BST elapsed time: 66.828305 seconds (0d 0h 1m 6s)

---------------  T H R E A D  ---------------

Current thread (0x00007f96480ffa60):  VMThread "VM Thread"          [id=2138012, stack(0x00007f96283f3000,0x00007f96284f3000) (1024K)]

Stack: [0x00007f96283f3000,0x00007f96284f3000],  sp=0x00007f96284f1440,  free space=1017k
Native frames: (J=compiled Java code, j=interpreted, Vv=VM code, C=native code)
C  [libnvidia-eglcore.so.610.57.04+0xa523d1]

siginfo: si_signo: 11 (SIGSEGV), si_code: 1 (SEGV_MAPERR), si_addr: 0x00000000000abdc8

Registers:
RAX=0x0000000000000003, RBX=0x00007f964a834240, RCX=0x0000000000000005, RDX=0x0000000000000000
RSP=0x00007f96284f1440, RBP=0x00007f95ebf58140, RSI=0x00007f964a832910, RDI=0x00007f964a73f5b0
R8 =0x00007f9648000078, R9 =0x0000000000000020, R10=0x0000000000000000, R11=0x0000000000000000
R12=0x0000000047000000, R13=0x00007f96494c0bc0, R14=0x00007f964a83c080, R15=0x0000000047000000
RIP=0x00007f95ea4523d1, EFLAGS=0x0000000000010206, CSGSFS=0x002b000000000033, ERR=0x0000000000000004
  TRAPNO=0x000000000000000e

XMM[0]=0x0000000000000000 0x0000000000000000
XMM[1]=0x0000000000000000 0x41b3126688000000
XMM[2]=0x0000000000000000 0x43e0000000000000
XMM[3]=0x0000000000000000 0x0000000000000006
XMM[4]=0x0000000000000000 0x0000000000000000
XMM[5]=0x0000000000000000 0x0000000000000000
XMM[6]=0x0000000000000000 0x0000000000000000
XMM[7]=0x0000000000000051 0x0000000000000000
XMM[8]=0x0000000000000000 0xbfb999999999999a
XMM[9]=0x0000000000000000 0x0000000000200000
XMM[10]=0x0000000000000000 0x0000000000000000
XMM[11]=0x0000000000000000 0x0000000000000000
XMM[12]=0x0000000000000000 0x0000000000000000
XMM[13]=0x0000000000000000 0x0000000000000000
XMM[14]=0x0000000000000000 0x0000000000000000
XMM[15]=0x0000000000000000 0x0000000000000000
  MXCSR=0x00001fa2


Register to memory mapping:

RAX=0x0000000000000003 is an unknown value
RBX=0x00007f964a834240 points into unknown readable memory: 0x0000000000000000 | 00 00 00 00 00 00 00 00
RCX=0x0000000000000005 is an unknown value
RDX=0x0 is null
RSP=0x00007f96284f1440 points into unknown readable memory: 0x0000000047000000 | 00 00 00 47 00 00 00 00
RBP=0x00007f95ebf58140: <offset 0x0000000002558140> in /usr/lib/libnvidia-eglcore.so.610.57.04 at 0x00007f95e9a00000
RSI=0x00007f964a832910 points into unknown readable memory: 0x0000000100000001 | 01 00 00 00 01 00 00 00
RDI=0x00007f964a73f5b0 points into unknown readable memory: 0x0000000000000000 | 00 00 00 00 00 00 00 00
R8 =0x00007f9648000078 points into unknown readable memory: 0x00007f964a77bb40 | 40 bb 77 4a 96 7f 00 00
R9 =0x0000000000000020 is an unknown value
R10=0x0 is null
R11=0x0 is null
R12=0x0000000047000000 points into unknown readable memory: 0x00007f9648b65630 | 30 56 b6 48 96 7f 00 00
R13=0x00007f96494c0bc0 points into unknown readable memory: 0x0000000000002000 | 00 20 00 00 00 00 00 00
R14=0x00007f964a83c080 points into unknown readable memory: 0x0000000400000000 | 00 00 00 00 04 00 00 00
R15=0x0000000047000000 points into unknown readable memory: 0x00007f9648b65630 | 30 56 b6 48 96 7f 00 00

Top of Stack: (sp=0x00007f96284f1440)
0x00007f96284f1440:   0000000047000000 0000000000000003   ...G............
0x00007f96284f1450:   00007f964a834240 0000000047000000   @B.J.......G....
0x00007f96284f1460:   00007f9648b900e0 00007f95ea44730d   ...H.....sD.....
0x00007f96284f1470:   0000000047000000 00007f964a834240   ...G....@B.J....
0x00007f96284f1480:   00007f964a83c300 0000000000000003   ...J............
0x00007f96284f1490:   00007f964a734b50 0000000047000000   PKsJ.......G....
0x00007f96284f14a0:   00007f964a83c300 00007f964a83c080   ...J.......J....
0x00007f96284f14b0:   0000000047000000 00007f95ea0fb708   ...G............
0x00007f96284f14c0:   00007f964a8213f0 0000000000000003   ...J............
0x00007f96284f14d0:   00007f964a734b50 0000000000000003   PKsJ............
0x00007f96284f14e0:   00007f9648a52140 0000000000000000   @!.H............
0x00007f96284f14f0:   0000000047000000 00007f95ea1302f6   ...G............
0x00007f96284f1500:   00007f96284f1530 0000000647000000   0.O(.......G....
0x00007f96284f1510:   00007f96494c0bc0 0000000000000003   ..LI............
0x00007f96284f1520:   00007f9648a52140 00007f95ebf554c0   @!.H.....T......
0x00007f96284f1530:   0000000047000000 00007f95ebf55480   ...G.....T......
0x00007f96284f1540:   00007f96284f16f8 00007f95ea13160f   ..O(............
0x00007f96284f1550:   00007f9648d87ac0 0000000047000000   .z.H.......G....
0x00007f96284f1560:   00007f96284f158f 00007f96494c0bc0   ..O(......LI....
0x00007f96284f1570:   00007f95ebf55460 00007f95ea101998   `T..............
0x00007f96284f1580:   0000000047000000 00000095e9fa2ce8   ...G.....,......
0x00007f96284f1590:   00007f96494c0bc0 0000000047000000   ..LI.......G....
0x00007f96284f15a0:   00007f95ebf554c0 00007f95ea0eecb1   .T..............
0x00007f96284f15b0:   00007f95ebf58140 00007f95ebf58140   @.......@.......
0x00007f96284f15c0:   0000000047000000 00007f96494c0bc0   ...G......LI....
0x00007f96284f15d0:   00007f95ebf55460 00007f95ea3b15d8   `T........;.....
0x00007f96284f15e0:   00007f95ebf58140 00007f9648a56970   @.......pi.H....
0x00007f96284f15f0:   0000000047000000 00007f95ea38d80d   ...G......8.....
0x00007f96284f1600:   0000000000000000 00007f9648844410   .........D.H....
0x00007f96284f1610:   00007f96494a8a50 00007f96488813c0   P.JI.......H....
0x00007f96284f1620:   00007f960426ed30 00007f9602098e5d   0.&.....].......
0x00007f96284f1630:   0000000000000000 00007f9648844410   .........D.H....

Instructions: (pc=0x00007f95ea4523d1)
  0x00007f95ea4522d1:   8b bf 50 01 00 00 8b 96 a0 03 00 00 48 8b 07 8b
  0x00007f95ea4522e1:   77 08 ff a0 88 02 00 00 0f 1f 80 00 00 00 00 48
  0x00007f95ea4522f1:   83 be 28 05 00 00 00 0f 84 22 02 00 00 41 55 41
  0x00007f95ea452301:   54 49 89 fc 55 53 48 89 f3 48 83 ec 08 48 8d 2d
  0x00007f95ea452311:   2b 5e b0 01 0f b6 85 d0 0f 00 00 84 c0 75 0f 8b
  0x00007f95ea452321:   85 c4 0f 00 00 83 c0 01 89 85 c4 0f 00 00 8b 85
  0x00007f95ea452331:   cc 0f 00 00 83 f8 01 0f 87 32 01 00 00 49 8b 04
  0x00007f95ea452341:   24 4d 8b ac 24 08 ac 04 00 48 8b bb 20 05 00 00
  0x00007f95ea452351:   48 8b 90 d0 8d 02 00 4c 89 ee e8 50 91 fe ff 48
  0x00007f95ea452361:   8b bb 20 05 00 00 48 85 ff 74 06 48 8b 07 ff 50
  0x00007f95ea452371:   10 48 8b 83 28 05 00 00 48 c7 83 20 05 00 00 00
  0x00007f95ea452381:   00 00 00 83 a8 90 00 00 00 01 48 8b 83 28 05 00
  0x00007f95ea452391:   00 83 a8 8c 00 00 00 01 48 8b bb 28 05 00 00 8b
  0x00007f95ea4523a1:   87 8c 00 00 00 85 c0 0f 84 02 01 00 00 48 8b b3
  0x00007f95ea4523b1:   30 05 00 00 48 c7 83 28 05 00 00 00 00 00 00 48
  0x00007f95ea4523c1:   85 f6 74 65 4d 85 ed 74 58 49 8b 95 48 10 00 00
=>0x00007f95ea4523d1:   8b 82 c8 bd 0a 00 83 c0 01 89 82 c8 bd 0a 00 48
  0x00007f95ea4523e1:   8b 93 30 05 00 00 89 42 28 48 8b 93 30 05 00 00
  0x00007f95ea4523f1:   48 8b 4a 08 48 85 c9 74 18 8b 42 18 3b 42 20 73
  0x00007f95ea452401:   13 8b 93 d0 01 00 00 89 14 81 48 8b 93 30 05 00
  0x00007f95ea452411:   00 8b 42 18 83 c0 01 89 42 18 48 8b b3 30 05 00
  0x00007f95ea452421:   00 4c 89 e7 e8 46 b5 cd ff 48 c7 83 30 05 00 00
  0x00007f95ea452431:   00 00 00 00 8b 45 00 48 c7 83 38 05 00 00 00 00
  0x00007f95ea452441:   00 00 85 c0 75 79 0f b6 85 d0 0f 00 00 84 c0 75
  0x00007f95ea452451:   0f 8b 85 c4 0f 00 00 83 e8 01 89 85 c4 0f 00 00
  0x00007f95ea452461:   48 83 c4 08 5b 5d 41 5c 41 5d c3 0f 1f 40 00 48
  0x00007f95ea452471:   8d 05 09 30 b0 01 8b 7d 48 48 8d 75 28 ff 50 10
  0x00007f95ea452481:   8b 45 30 31 d2 83 f8 ff 0f 95 c2 01 d0 89 45 30
  0x00007f95ea452491:   48 8d 05 c8 2f b0 01 ff 10 83 45 00 01 89 45 38
  0x00007f95ea4524a1:   48 89 55 40 e9 94 fe ff ff 66 0f 1f 44 00 00 e8
  0x00007f95ea4524b1:   bb d4 f9 ff e9 f4 fe ff ff 66 0f 1f 44 00 00 83
  0x00007f95ea4524c1:   e8 01 89 45 00 48 8d 05 93 2f b0 01 48 8b 58 08


Stack slot to memory mapping:

stack at sp + 0 slots: 0x0000000047000000 points into unknown readable memory: 0x00007f9648b65630 | 30 56 b6 48 96 7f 00 00
stack at sp + 1 slots: 0x0000000000000003 is an unknown value
stack at sp + 2 slots: 0x00007f964a834240 points into unknown readable memory: 0x0000000000000000 | 00 00 00 00 00 00 00 00
stack at sp + 3 slots: 0x0000000047000000 points into unknown readable memory: 0x00007f9648b65630 | 30 56 b6 48 96 7f 00 00
stack at sp + 4 slots: 0x00007f9648b900e0 points into unknown readable memory: 0x00007f95ebec7df8 | f8 7d ec eb 95 7f 00 00
stack at sp + 5 slots: 0x00007f95ea44730d: <offset 0x0000000000a4730d> in /usr/lib/libnvidia-eglcore.so.610.57.04 at 0x00007f95e9a00000
stack at sp + 6 slots: 0x0000000047000000 points into unknown readable memory: 0x00007f9648b65630 | 30 56 b6 48 96 7f 00 00
stack at sp + 7 slots: 0x00007f964a834240 points into unknown readable memory: 0x0000000000000000 | 00 00 00 00 00 00 00 00

VM_Operation (0x00007f96038fb670): Exit, mode: safepoint, requested by thread 0x00007f95f41b5c80


---------------  P R O C E S S  ---------------

Threads class SMR info:
_java_thread_list=0x00007f964949bbc0, length=26, elements={
0x00007f9648020250, 0x00007f9648108b70, 0x00007f9648109b70, 0x00007f964810aec0,
0x00007f964810c5d0, 0x00007f964810de20, 0x00007f9648110080, 0x00007f9648111a50,
0x00007f964814b2e0, 0x00007f964814dd50, 0x00007f964866bd10, 0x00007f96494a34e0,
0x00007f96494a43a0, 0x00007f96494a5aa0, 0x00007f96494a6ca0, 0x00007f9649661970,
0x00007f96498b77e0, 0x00007f96498c4b80, 0x00007f95ec001c10, 0x00007f95ec00e930,
0x00007f9649b15180, 0x00007f964883cde0, 0x00007f964a0203c0, 0x00007f964a50f760,
0x00007f961c007360, 0x00007f95f41b5c80
}

Java Threads: ( => current thread )
  0x00007f9648020250 JavaThread "main"                              [_thread_blocked, id=2138000, stack(0x00007f964e100000,0x00007f964e200000) (1024K)]
  0x00007f9648108b70 JavaThread "Reference Handler"          daemon [_thread_blocked, id=2138013, stack(0x00007f96281f1000,0x00007f96282f1000) (1024K)]
  0x00007f9648109b70 JavaThread "Finalizer"                  daemon [_thread_blocked, id=2138014, stack(0x00007f96282f2000,0x00007f96283f2000) (1024K)]
  0x00007f964810aec0 JavaThread "Signal Dispatcher"          daemon [_thread_blocked, id=2138015, stack(0x00007f96280f0000,0x00007f96281f0000) (1024K)]
  0x00007f964810c5d0 JavaThread "Service Thread"             daemon [_thread_blocked, id=2138016, stack(0x00007f9603f00000,0x00007f9604000000) (1024K)]
  0x00007f964810de20 JavaThread "Monitor Deflation Thread"   daemon [_thread_blocked, id=2138017, stack(0x00007f9603b00000,0x00007f9603c00000) (1024K)]
  0x00007f9648110080 JavaThread "C2 CompilerThread0"         daemon [_thread_blocked, id=2138018, stack(0x00007f96039ff000,0x00007f9603aff000) (1024K)]
  0x00007f9648111a50 JavaThread "C1 CompilerThread0"         daemon [_thread_blocked, id=2138019, stack(0x00007f96038fe000,0x00007f96039fe000) (1024K)]
  0x00007f964814b2e0 JavaThread "Notification Thread"        daemon [_thread_blocked, id=2138021, stack(0x00007f96036fc000,0x00007f96037fc000) (1024K)]
  0x00007f964814dd50 JavaThread "Common-Cleaner"             daemon [_thread_blocked, id=2138022, stack(0x00007f96035fb000,0x00007f96036fb000) (1024K)]
  0x00007f964866bd10 JavaThread "InnocuousThread-1"          daemon [_thread_blocked, id=2138033, stack(0x00007f9602ff5000,0x00007f96030f5000) (1024K)]
  0x00007f96494a34e0 JavaThread "Java2D Disposer"            daemon [_thread_blocked, id=2138038, stack(0x00007f96033f9000,0x00007f96034f9000) (1024K)]
  0x00007f96494a43a0 JavaThread "AWT-XAWT"                   daemon [_thread_in_native, id=2138039, stack(0x00007f96005ed000,0x00007f96006ed000) (1024K)]
  0x00007f96494a5aa0 JavaThread "AWT-Shutdown"                      [_thread_blocked, id=2138040, stack(0x00007f96004ec000,0x00007f96005ec000) (1024K)]
  0x00007f96494a6ca0 JavaThread "AWT-EventQueue-0"                  [_thread_blocked, id=2138041, stack(0x00007f95e9865000,0x00007f95e9965000) (1024K)]
  0x00007f9649661970 JavaThread "Reference Cleaner"          daemon [_thread_blocked, id=2138044, stack(0x00007f95e950a000,0x00007f95e960a000) (1024K)]
  0x00007f96498b77e0 JavaThread "DefaultDispatcher-worker-1" daemon [_thread_blocked, id=2138051, stack(0x00007f95e9266000,0x00007f95e9366000) (1024K)]
  0x00007f96498c4b80 JavaThread "DefaultDispatcher-worker-2" daemon [_thread_blocked, id=2138052, stack(0x00007f95e9165000,0x00007f95e9265000) (1024K)]
  0x00007f95ec001c10 JavaThread "DefaultDispatcher-worker-3" daemon [_thread_blocked, id=2138053, stack(0x00007f95e9064000,0x00007f95e9164000) (1024K)]
  0x00007f95ec00e930 JavaThread "kotlinx.coroutines.DefaultExecutor" daemon [_thread_blocked, id=2138058, stack(0x00007f95e8b5f000,0x00007f95e8c5f000) (1024K)]
  0x00007f9649b15180 JavaThread "mpv-events"                 daemon [_thread_blocked, id=2138071, stack(0x00007f95b0904000,0x00007f95b0a04000) (1024K)]
  0x00007f964883cde0 JavaThread "nuvio-video-vk"             daemon [_thread_blocked, id=2138072, stack(0x00007f95b0803000,0x00007f95b0903000) (1024K)]
  0x00007f964a0203c0 JavaThread "TimerQueue"                 daemon [_thread_blocked, id=2138090, stack(0x00007f959b2ff000,0x00007f959b3ff000) (1024K)]
  0x00007f964a50f760 JavaThread "wpe-glib"                   daemon [_thread_blocked, id=2138112, stack(0x00007f95974f2000,0x00007f95975f2000) (1024K)]
  0x00007f961c007360 JavaThread "Thread-5"                   daemon [_thread_blocked, id=2138107, stack(0x00007f95995f7000,0x00007f9599df7000) (8192K)]
  0x00007f95f41b5c80 JavaThread "SIGTERM handler"            daemon [_thread_blocked, id=2138728, stack(0x00007f96037fd000,0x00007f96038fd000) (1024K)]
Total: 26

Other Threads:
=>0x00007f96480ffa60 VMThread "VM Thread"                           [id=2138012, stack(0x00007f96283f3000,0x00007f96284f3000) (1024K)]
  0x00007f964806e700 WorkerThread "GC Thread#0"                     [id=2138001, stack(0x00007f964c567000,0x00007f964c667000) (1024K)]
  0x00007f9604009730 WorkerThread "GC Thread#1"                     [id=2138025, stack(0x00007f96032f8000,0x00007f96033f8000) (1024K)]
  0x00007f960400eb40 WorkerThread "GC Thread#2"                     [id=2138054, stack(0x00007f95e8f63000,0x00007f95e9063000) (1024K)]
  0x00007f960400f660 WorkerThread "GC Thread#3"                     [id=2138055, stack(0x00007f95e8e62000,0x00007f95e8f62000) (1024K)]
  0x00007f9604010700 WorkerThread "GC Thread#4"                     [id=2138056, stack(0x00007f95e8d61000,0x00007f95e8e61000) (1024K)]
  0x00007f9604011460 WorkerThread "GC Thread#5"                     [id=2138057, stack(0x00007f95e8c60000,0x00007f95e8d60000) (1024K)]
  0x00007f96040c2d90 WorkerThread "GC Thread#6"                     [id=2138073, stack(0x00007f95b0702000,0x00007f95b0802000) (1024K)]
  0x00007f9605ca9db0 WorkerThread "GC Thread#7"                     [id=2138088, stack(0x00007f95a54ff000,0x00007f95a55ff000) (1024K)]
  0x00007f9605caabd0 WorkerThread "GC Thread#8"                     [id=2138089, stack(0x00007f959bebc000,0x00007f959bfbc000) (1024K)]
  0x00007f9605ca9460 WorkerThread "GC Thread#9"                     [id=2138100, stack(0x00007f959b0fd000,0x00007f959b1fd000) (1024K)]
  0x00007f9605cad010 WorkerThread "GC Thread#10"                    [id=2138101, stack(0x00007f959affc000,0x00007f959b0fc000) (1024K)]
  0x00007f9605cae2f0 WorkerThread "GC Thread#11"                    [id=2138102, stack(0x00007f959aefb000,0x00007f959affb000) (1024K)]
  0x00007f9605caf1c0 WorkerThread "GC Thread#12"                    [id=2138103, stack(0x00007f959adfa000,0x00007f959aefa000) (1024K)]
  0x00007f96480867f0 ConcurrentGCThread "G1 Main Marker"            terminated
  0x00007f9648087980 WorkerThread "G1 Conc#0"                       [id=2138003, stack(0x00007f964c365000,0x00007f964c465000) (1024K)]
  0x00007f961c000cc0 WorkerThread "G1 Conc#1"                       [id=2138026, stack(0x00007f96031f7000,0x00007f96032f7000) (1024K)]
  0x00007f961c0019d0 WorkerThread "G1 Conc#2"                       [id=2138027, stack(0x00007f96030f6000,0x00007f96031f6000) (1024K)]
  0x00007f96480de1a0 WorkerThread "G1 Refinement Workers#0"         [id=2138005, stack(0x00007f96286f6000,0x00007f96287f6000) (1024K)]
  0x00007f96480dcf40 ConcurrentGCThread "G1 Refine Control"         terminated
  0x00007f96480df2a0 ConcurrentGCThread "G1 Service"                terminated
Total: 21

Threads with active compile tasks:
Total: 0

VM state: at safepoint (shutting down)

VM Mutex/Monitor currently owned by a thread:  ([mutex/lock_event])
[0x00007f964f4f64d8] ThreadsLockThrottle_lock - owner thread: 0x00007f964810aec0
[0x00007f964f4f61d8] Threads_lock - owner thread: 0x00007f96480ffa60
[0x00007f964f4f5f58] Heap_lock - owner thread: 0x00007f95f41b5c80

Heap address: 0x000000070fa00000, size: 3846 MB, Compressed Oops mode: Zero based, Oop shift amount: 3

CDS archive(s) mapped at: [0x0000000006000000-0x0000000006da7000-0x0000000006da7000), size 14315520, SharedBaseAddress: 0x0000000006000000, ArchiveRelocationMode: 1.
Compressed class space mapped at: 0x0000000007000000-0x0000000047000000, reserved size: 1073741824
UseCompressedClassPointers 1, UseCompactObjectHeaders 0
Narrow klass pointer bits 32, Max shift 3
Narrow klass base: 0x0000000006000000, Narrow klass shift: 0
Encoding Range: [0x0000000006000000 - 0x0000000106000000), (4294967296 bytes)
Klass Range:    [0x0000000006000000 - 0x0000000047000000), (1090519040 bytes)
Klass ID Range:  [8 - 1090519033) (1090519025)
Protection zone: [0x0000000006000000 - 0x0000000006001000), (4096 bytes)

GC Precious Log:
 CardTable entry size: 512
 Card Set container configuration: InlinePtr #cards 4 size 8 Array Of Cards #cards 16 size 48 Howl #buckets 8 coarsen threshold 3686 Howl Bitmap #cards 512 size 80 coarsen threshold 460 Card regions per heap region 1 cards per card region 4096
 CPUs: 16 total, 16 available
 Memory: 15381M
 Large Page Support: Disabled
 NUMA Support: Disabled
 Compressed Oops: Enabled (Zero based)
 Heap Region Size: 2M
 Heap Min Capacity: 8M
 Heap Initial Capacity: 8M
 Heap Max Capacity: 3846M
 Pre-touch: Disabled
 Parallel Workers: 13
 Concurrent Workers: 3
 Concurrent Refinement Workers: 13
 Periodic GC: Disabled

Heap:
 garbage-first heap   total reserved 3938304K, committed 145408K, used 106028K [0x000000070fa00000, 0x0000000800000000)
  region size 2M, 22 eden (44M), 1 survivor (2M), 7 old (14M), 25 humongous (50M), 16 free (32M)

Heap Regions: E=young(eden), S=young(survivor), O=old, HS=humongous(starts), HC=humongous(continues), CS=collection set, F=free, TAMS=top-at-mark-start, PB=parsable bottom
|    0|0x000000070fa00000, 0x000000070fc00000, 0x000000070fc00000|100%|HS|  |TAMS 0x000000070fa00000| PB 0x000000070fa00000| Complete  |  0
|    1|0x000000070fc00000, 0x000000070fe00000, 0x000000070fe00000|100%| O|  |TAMS 0x000000070fc00000| PB 0x000000070fc00000| Untracked |  0
|    2|0x000000070fe00000, 0x0000000710000000, 0x0000000710000000|100%| O|  |TAMS 0x000000070fe00000| PB 0x000000070fe00000| Untracked |  0
|    3|0x0000000710000000, 0x0000000710200000, 0x0000000710200000|100%| O|  |TAMS 0x0000000710000000| PB 0x0000000710000000| Untracked |  0
|    4|0x0000000710200000, 0x0000000710400000, 0x0000000710400000|100%|HS|  |TAMS 0x0000000710200000| PB 0x0000000710200000| Complete  |  0
|    5|0x0000000710400000, 0x0000000710600000, 0x0000000710600000|100%|HC|  |TAMS 0x0000000710400000| PB 0x0000000710400000| Complete  |  0
|    6|0x0000000710600000, 0x0000000710800000, 0x0000000710800000|100%|HS|  |TAMS 0x0000000710600000| PB 0x0000000710600000| Complete  |  0
|    7|0x0000000710800000, 0x0000000710a00000, 0x0000000710a00000|100%|HC|  |TAMS 0x0000000710800000| PB 0x0000000710800000| Complete  |  0
|    8|0x0000000710a00000, 0x0000000710c00000, 0x0000000710c00000|100%|HS|  |TAMS 0x0000000710a00000| PB 0x0000000710a00000| Complete  |  0
|    9|0x0000000710c00000, 0x0000000710e00000, 0x0000000710e00000|100%|HC|  |TAMS 0x0000000710c00000| PB 0x0000000710c00000| Complete  |  0
|   10|0x0000000710e00000, 0x0000000711000000, 0x0000000711000000|100%|HS|  |TAMS 0x0000000710e00000| PB 0x0000000710e00000| Complete  |  0
|   11|0x0000000711000000, 0x0000000711200000, 0x0000000711200000|100%|HC|  |TAMS 0x0000000711000000| PB 0x0000000711000000| Complete  |  0
|   12|0x0000000711200000, 0x0000000711400000, 0x0000000711400000|100%|HS|  |TAMS 0x0000000711200000| PB 0x0000000711200000| Complete  |  0
|   13|0x0000000711400000, 0x0000000711600000, 0x0000000711600000|100%|HC|  |TAMS 0x0000000711400000| PB 0x0000000711400000| Complete  |  0
|   14|0x0000000711600000, 0x0000000711800000, 0x0000000711800000|100%|HS|  |TAMS 0x0000000711600000| PB 0x0000000711600000| Complete  |  0
|   15|0x0000000711800000, 0x0000000711a00000, 0x0000000711a00000|100%|HC|  |TAMS 0x0000000711800000| PB 0x0000000711800000| Complete  |  0
|   16|0x0000000711a00000, 0x0000000711c00000, 0x0000000711c00000|100%|HS|  |TAMS 0x0000000711a00000| PB 0x0000000711a00000| Complete  |  0
|   17|0x0000000711c00000, 0x0000000711e00000, 0x0000000711e00000|100%|HC|  |TAMS 0x0000000711c00000| PB 0x0000000711c00000| Complete  |  0
|   18|0x0000000711e00000, 0x0000000712000000, 0x0000000712000000|100%|HS|  |TAMS 0x0000000711e00000| PB 0x0000000711e00000| Complete  |  0
|   19|0x0000000712000000, 0x0000000712200000, 0x0000000712200000|100%|HC|  |TAMS 0x0000000712000000| PB 0x0000000712000000| Complete  |  0
|   20|0x0000000712200000, 0x0000000712400000, 0x0000000712400000|100%|HS|  |TAMS 0x0000000712200000| PB 0x0000000712200000| Complete  |  0
|   21|0x0000000712400000, 0x0000000712600000, 0x0000000712600000|100%|HC|  |TAMS 0x0000000712400000| PB 0x0000000712400000| Complete  |  0
|   22|0x0000000712600000, 0x0000000712800000, 0x0000000712800000|100%|HS|  |TAMS 0x0000000712600000| PB 0x0000000712600000| Complete  |  0
|   23|0x0000000712800000, 0x0000000712a00000, 0x0000000712a00000|100%|HC|  |TAMS 0x0000000712800000| PB 0x0000000712800000| Complete  |  0
|   24|0x0000000712a00000, 0x0000000712c00000, 0x0000000712c00000|100%|HS|  |TAMS 0x0000000712a00000| PB 0x0000000712a00000| Complete  |  0
|   25|0x0000000712c00000, 0x0000000712e00000, 0x0000000712e00000|100%|HC|  |TAMS 0x0000000712c00000| PB 0x0000000712c00000| Complete  |  0
|   26|0x0000000712e00000, 0x0000000713000000, 0x0000000713000000|100%|HS|  |TAMS 0x0000000712e00000| PB 0x0000000712e00000| Complete  |  0
|   27|0x0000000713000000, 0x0000000713200000, 0x0000000713200000|100%|HC|  |TAMS 0x0000000713000000| PB 0x0000000713000000| Complete  |  0
|   28|0x0000000713200000, 0x0000000713203060, 0x0000000713400000|  0%| O|  |TAMS 0x0000000713200000| PB 0x0000000713200000| Untracked |  0
|   29|0x0000000713400000, 0x0000000713400000, 0x0000000713600000|  0%| F|  |TAMS 0x0000000713400000| PB 0x0000000713400000| Untracked |  0
|   30|0x0000000713600000, 0x0000000713777138, 0x0000000713800000| 73%| O|  |TAMS 0x0000000713600000| PB 0x0000000713600000| Untracked |  0
|   31|0x0000000713800000, 0x0000000713800000, 0x0000000713a00000|  0%| F|  |TAMS 0x0000000713800000| PB 0x0000000713800000| Untracked |  0
|   32|0x0000000713a00000, 0x0000000713a00000, 0x0000000713c00000|  0%| F|  |TAMS 0x0000000713a00000| PB 0x0000000713a00000| Untracked |  0
|   33|0x0000000713c00000, 0x0000000713c00000, 0x0000000713e00000|  0%| F|  |TAMS 0x0000000713c00000| PB 0x0000000713c00000| Untracked |  0
|   34|0x0000000713e00000, 0x0000000713e00000, 0x0000000714000000|  0%| F|  |TAMS 0x0000000713e00000| PB 0x0000000713e00000| Untracked |  0
|   35|0x0000000714000000, 0x0000000714000000, 0x0000000714200000|  0%| F|  |TAMS 0x0000000714000000| PB 0x0000000714000000| Untracked |  0
|   36|0x0000000714200000, 0x0000000714200000, 0x0000000714400000|  0%| F|  |TAMS 0x0000000714200000| PB 0x0000000714200000| Untracked |  0
|   37|0x0000000714400000, 0x0000000714400000, 0x0000000714600000|  0%| F|  |TAMS 0x0000000714400000| PB 0x0000000714400000| Untracked |  0
|   38|0x0000000714600000, 0x0000000714600000, 0x0000000714800000|  0%| F|  |TAMS 0x0000000714600000| PB 0x0000000714600000| Untracked |  0
|   39|0x0000000714800000, 0x0000000714800000, 0x0000000714a00000|  0%| F|  |TAMS 0x0000000714800000| PB 0x0000000714800000| Untracked |  0
|   40|0x0000000714a00000, 0x0000000714a00000, 0x0000000714c00000|  0%| F|  |TAMS 0x0000000714a00000| PB 0x0000000714a00000| Untracked |  0
|   41|0x0000000714c00000, 0x0000000714c00000, 0x0000000714e00000|  0%| F|  |TAMS 0x0000000714c00000| PB 0x0000000714c00000| Untracked |  0
|   42|0x0000000714e00000, 0x0000000714e00000, 0x0000000715000000|  0%| F|  |TAMS 0x0000000714e00000| PB 0x0000000714e00000| Untracked |  0
|   43|0x0000000715000000, 0x0000000715000000, 0x0000000715200000|  0%| F|  |TAMS 0x0000000715000000| PB 0x0000000715000000| Untracked |  0
|   44|0x0000000715200000, 0x0000000715200000, 0x0000000715400000|  0%| F|  |TAMS 0x0000000715200000| PB 0x0000000715200000| Untracked |  0
|   45|0x0000000715400000, 0x0000000715400000, 0x0000000715600000|  0%| F|  |TAMS 0x0000000715400000| PB 0x0000000715400000| Untracked |  0
|   46|0x0000000715600000, 0x0000000715677fc8, 0x0000000715800000| 23%| E|CS|TAMS 0x0000000715600000| PB 0x0000000715600000| Complete  |  0
|   47|0x0000000715800000, 0x0000000715a00000, 0x0000000715a00000|100%| E|CS|TAMS 0x0000000715800000| PB 0x0000000715800000| Complete  |  0
|   48|0x0000000715a00000, 0x0000000715c00000, 0x0000000715c00000|100%| E|CS|TAMS 0x0000000715a00000| PB 0x0000000715a00000| Complete  |  0
|   49|0x0000000715c00000, 0x0000000715e00000, 0x0000000715e00000|100%| E|CS|TAMS 0x0000000715c00000| PB 0x0000000715c00000| Complete  |  0
|   50|0x0000000715e00000, 0x0000000716000000, 0x0000000716000000|100%| E|CS|TAMS 0x0000000715e00000| PB 0x0000000715e00000| Complete  |  0
|   51|0x0000000716000000, 0x0000000716200000, 0x0000000716200000|100%| E|CS|TAMS 0x0000000716000000| PB 0x0000000716000000| Complete  |  0
|   52|0x0000000716200000, 0x0000000716400000, 0x0000000716400000|100%| E|CS|TAMS 0x0000000716200000| PB 0x0000000716200000| Complete  |  0
|   53|0x0000000716400000, 0x0000000716600000, 0x0000000716600000|100%| E|CS|TAMS 0x0000000716400000| PB 0x0000000716400000| Complete  |  0
|   54|0x0000000716600000, 0x0000000716800000, 0x0000000716800000|100%| E|CS|TAMS 0x0000000716600000| PB 0x0000000716600000| Complete  |  0
|   55|0x0000000716800000, 0x0000000716a00000, 0x0000000716a00000|100%| E|CS|TAMS 0x0000000716800000| PB 0x0000000716800000| Complete  |  0
|   56|0x0000000716a00000, 0x0000000716c00000, 0x0000000716c00000|100%| E|CS|TAMS 0x0000000716a00000| PB 0x0000000716a00000| Complete  |  0
|   57|0x0000000716c00000, 0x0000000716e00000, 0x0000000716e00000|100%| E|CS|TAMS 0x0000000716c00000| PB 0x0000000716c00000| Complete  |  0
|   58|0x0000000716e00000, 0x0000000717000000, 0x0000000717000000|100%| E|CS|TAMS 0x0000000716e00000| PB 0x0000000716e00000| Complete  |  0
|   59|0x0000000717000000, 0x0000000717200000, 0x0000000717200000|100%| E|CS|TAMS 0x0000000717000000| PB 0x0000000717000000| Complete  |  0
|   60|0x0000000717200000, 0x0000000717400000, 0x0000000717400000|100%| E|CS|TAMS 0x0000000717200000| PB 0x0000000717200000| Complete  |  0
|   61|0x0000000717400000, 0x0000000717600000, 0x0000000717600000|100%| E|CS|TAMS 0x0000000717400000| PB 0x0000000717400000| Complete  |  0
|   62|0x0000000717600000, 0x0000000717800000, 0x0000000717800000|100%| E|CS|TAMS 0x0000000717600000| PB 0x0000000717600000| Complete  |  0
|   63|0x0000000717800000, 0x0000000717a00000, 0x0000000717a00000|100%| E|CS|TAMS 0x0000000717800000| PB 0x0000000717800000| Complete  |  0
|   64|0x0000000717a00000, 0x0000000717c00000, 0x0000000717c00000|100%| E|CS|TAMS 0x0000000717a00000| PB 0x0000000717a00000| Complete  |  0
|   65|0x0000000717c00000, 0x0000000717c11220, 0x0000000717e00000|  3%| S|CS|TAMS 0x0000000717c00000| PB 0x0000000717c00000| Complete  |  0
|   66|0x0000000717e00000, 0x0000000718000000, 0x0000000718000000|100%| E|CS|TAMS 0x0000000717e00000| PB 0x0000000717e00000| Complete  |  0
|   67|0x0000000718000000, 0x0000000718200000, 0x0000000718200000|100%| E|CS|TAMS 0x0000000718000000| PB 0x0000000718000000| Complete  |  0
|   68|0x0000000718200000, 0x0000000718400000, 0x0000000718400000|100%| E|CS|TAMS 0x0000000718200000| PB 0x0000000718200000| Complete  |  0
| 1920|0x00000007ffa00000, 0x00000007ffc00000, 0x00000007ffc00000|100%| O|  |TAMS 0x00000007ffa00000| PB 0x00000007ffa00000| Untracked |  0
| 1921|0x00000007ffc00000, 0x00000007ffe00000, 0x00000007ffe00000|100%| O|  |TAMS 0x00000007ffc00000| PB 0x00000007ffc00000| Untracked |  0

Card table byte_map: [0x00007f962f67c000,0x00007f962fdff000] _byte_map_base: 0x00007f962bdff000
Refinement table byte_map: [0x00007f962eef9000,0x00007f962f67c000] _byte_map_base: 0x00007f962b67c000

Marking Bits: (CMBitMap*) 0x00007f964806f410
 Bits: [0x00007f962b2e1000, 0x00007f962eef9000)

Polling page: 0x00007f964f8e5000

Metaspace:
Metaspace        used 29570K, committed 30336K, reserved 1114112K
 class space     used 2763K, committed 3136K, reserved 1048576K

Usage:
  Non-class:     26.18 MB used.
      Class:      2.70 MB used.
       Both:     28.88 MB used.

Virtual space:
  Non-class space:       64.00 MB reserved,      26.56 MB ( 42%) committed,  1 nodes.
      Class space:        1.00 GB reserved,       3.06 MB ( <1%) committed,  1 nodes.
             Both:        1.06 GB reserved,      29.62 MB (  3%) committed. 

Chunk freelists:
   Non-Class:  5.44 MB
       Class:  12.80 MB
        Both:  18.25 MB

MaxMetaspaceSize: unlimited
CompressedClassSpaceSize: 1.00 GB
Initial GC threshold: 21.00 MB
Current GC threshold: 35.12 MB
CDS: on
 - commit_granule_bytes: 65536.
 - commit_granule_words: 8192.
 - virtual_space_node_default_size: 8388608.
 - enlarge_chunks_in_place: 1.
UseCompressedClassPointers 1, UseCompactObjectHeaders 0
Narrow klass pointer bits 32, Max shift 3
Narrow klass base: 0x0000000006000000, Narrow klass shift: 0
Encoding Range: [0x0000000006000000 - 0x0000000106000000), (4294967296 bytes)
Klass Range:    [0x0000000006000000 - 0x0000000047000000), (1090519040 bytes)
Klass ID Range:  [8 - 1090519033) (1090519025)
Protection zone: [0x0000000006000000 - 0x0000000006001000), (4096 bytes)


Internal statistics:

num_allocs_failed_limit: 3.
num_arena_births: 1070.
num_arena_deaths: 0.
num_vsnodes_births: 2.
num_vsnodes_deaths: 0.
num_space_committed: 473.
num_space_uncommitted: 0.
num_chunks_returned_to_freelist: 3.
num_chunks_taken_from_freelist: 2122.
num_chunk_merges: 3.
num_chunk_splits: 1437.
num_chunks_enlarged: 954.
num_inconsistent_stats: 0.

CodeHeap 'non-profiled nmethods': size=119168Kb used=1720Kb max_used=1720Kb free=117447Kb
 bounds [0x00007f96379a0000, 0x00007f9637c10000, 0x00007f963ee00000]
CodeHeap 'profiled nmethods': size=119168Kb used=7421Kb max_used=7421Kb free=111746Kb
 bounds [0x00007f962fdff000, 0x00007f963053f000, 0x00007f963725f000]
CodeHeap 'non-nmethods': size=7428Kb used=3168Kb max_used=4885Kb free=4259Kb
 bounds [0x00007f963725f000, 0x00007f963772f000, 0x00007f96379a0000]
CodeCache: size=245764Kb, used=12309Kb, max_used=14026Kb, free=233452Kb
 total_blobs=6507, nmethods=4569, adapters=1818, full_count=0
Compilation: enabled, stopped_count=0, restarted_count=0

Compilation events (20 events):
Event: 65.729 Thread 0x00007f9648111a50 4579       3       jdk.internal.foreign.ArenaImpl::allocateNoInit (15 bytes)
Event: 65.729 Thread 0x00007f9648111a50 nmethod 4579 0x00007f9630536388 code [0x00007f9630536480, 0x00007f96305365c8]
Event: 65.777 Thread 0x00007f9648110080 4580       4       kotlinx.coroutines.CancellableContinuationImpl::isReusable (35 bytes)
Event: 65.779 Thread 0x00007f9648110080 nmethod 4580 0x00007f9637b4df88 code [0x00007f9637b4e080, 0x00007f9637b4e150]
Event: 65.923 Thread 0x00007f9648111a50 4581       3       java.lang.Throwable::<init> (48 bytes)
Event: 65.923 Thread 0x00007f9648111a50 nmethod 4581 0x00007f9630536688 code [0x00007f9630536780, 0x00007f9630536c10]
Event: 66.045 Thread 0x00007f9648111a50 4583       3       java.lang.foreign.SegmentAllocator::allocateFrom (133 bytes)
Event: 66.052 Thread 0x00007f9648111a50 nmethod 4583 0x00007f9630536c88 code [0x00007f9630536d80, 0x00007f963053cc20]
Event: 66.052 Thread 0x00007f9648111a50 4582       3       java.lang.foreign.SegmentAllocator::allocateFrom (16 bytes)
Event: 66.052 Thread 0x00007f9648111a50 nmethod 4582 0x00007f963053cc88 code [0x00007f963053cd80, 0x00007f963053d098]
Event: 66.052 Thread 0x00007f9648111a50 4584       3       jdk.internal.foreign.StringSupport::bytesCompatible (11 bytes)
Event: 66.052 Thread 0x00007f9648111a50 nmethod 4584 0x00007f963053d108 code [0x00007f963053d200, 0x00007f963053d408]
Event: 66.052 Thread 0x00007f9648111a50 4585       3       java.lang.System$1::bytesCompatible (6 bytes)
Event: 66.052 Thread 0x00007f9648111a50 nmethod 4585 0x00007f963053d488 code [0x00007f963053d580, 0x00007f963053d738]
Event: 66.052 Thread 0x00007f9648111a50 4586       3       java.lang.String::bytesCompatible (54 bytes)
Event: 66.052 Thread 0x00007f9648111a50 nmethod 4586 0x00007f963053d788 code [0x00007f963053d880, 0x00007f963053dd10]
Event: 66.052 Thread 0x00007f9648111a50 4587       3       java.lang.foreign.SegmentAllocator::allocateNoInit (34 bytes)
Event: 66.052 Thread 0x00007f9648111a50 nmethod 4587 0x00007f963053dd88 code [0x00007f963053de80, 0x00007f963053e2e0]
Event: 66.052 Thread 0x00007f9648111a50 4588       3       jdk.internal.foreign.StringSupport::copyToSegmentRaw (12 bytes)
Event: 66.052 Thread 0x00007f9648111a50 nmethod 4588 0x00007f963053e308 code [0x00007f963053e400, 0x00007f963053e600]

GC Heap Usage History (20 events):
Event: 9.278 {heap Before GC invocations=24 (full 0):
 garbage-first heap   total reserved 3938304K, committed 147456K, used 69050K [0x000000070fa00000, 0x0000000800000000)
  region size 2M, 2 eden (4M), 1 survivor (2M), 5 old (10M), 27 humongous (54M), 37 free (74M)
}
Event: 9.282 {heap After GC invocations=25 (full 0):
 garbage-first heap   total reserved 3938304K, committed 147456K, used 13749K [0x000000070fa00000, 0x0000000800000000)
  region size 2M, 0 eden (0M), 1 survivor (2M), 5 old (10M), 1 humongous (2M), 65 free (130M)
}
Event: 9.900 {heap Before GC invocations=25 (full 0):
 garbage-first heap   total reserved 3938304K, committed 147456K, used 69045K [0x000000070fa00000, 0x0000000800000000)
  region size 2M, 2 eden (4M), 1 survivor (2M), 5 old (10M), 27 humongous (54M), 37 free (74M)
}
Event: 9.905 {heap After GC invocations=26 (full 0):
 garbage-first heap   total reserved 3938304K, committed 147456K, used 13926K [0x000000070fa00000, 0x0000000800000000)
  region size 2M, 0 eden (0M), 1 survivor (2M), 6 old (12M), 1 humongous (2M), 64 free (128M)
}
Event: 10.444 {heap Before GC invocations=26 (full 0):
 garbage-first heap   total reserved 3938304K, committed 147456K, used 65126K [0x000000070fa00000, 0x0000000800000000)
  region size 2M, 2 eden (4M), 1 survivor (2M), 6 old (12M), 25 humongous (50M), 38 free (76M)
}
Event: 10.448 {heap After GC invocations=27 (full 0):
 garbage-first heap   total reserved 3938304K, committed 147456K, used 13908K [0x000000070fa00000, 0x0000000800000000)
  region size 2M, 0 eden (0M), 1 survivor (2M), 6 old (12M), 1 humongous (2M), 64 free (128M)
}
Event: 11.008 {heap Before GC invocations=27 (full 0):
 garbage-first heap   total reserved 3938304K, committed 147456K, used 65108K [0x000000070fa00000, 0x0000000800000000)
  region size 2M, 2 eden (4M), 1 survivor (2M), 6 old (12M), 25 humongous (50M), 38 free (76M)
}
Event: 11.010 {heap After GC invocations=28 (full 0):
 garbage-first heap   total reserved 3938304K, committed 147456K, used 13869K [0x000000070fa00000, 0x0000000800000000)
  region size 2M, 0 eden (0M), 1 survivor (2M), 6 old (12M), 1 humongous (2M), 64 free (128M)
}
Event: 11.565 {heap Before GC invocations=28 (full 0):
 garbage-first heap   total reserved 3938304K, committed 147456K, used 65069K [0x000000070fa00000, 0x0000000800000000)
  region size 2M, 2 eden (4M), 1 survivor (2M), 6 old (12M), 25 humongous (50M), 38 free (76M)
}
Event: 11.567 {heap After GC invocations=29 (full 0):
 garbage-first heap   total reserved 3938304K, committed 145408K, used 13854K [0x000000070fa00000, 0x0000000800000000)
  region size 2M, 0 eden (0M), 1 survivor (2M), 6 old (12M), 1 humongous (2M), 63 free (126M)
}
Event: 12.121 {heap Before GC invocations=29 (full 0):
 garbage-first heap   total reserved 3938304K, committed 145408K, used 65054K [0x000000070fa00000, 0x0000000800000000)
  region size 2M, 2 eden (4M), 1 survivor (2M), 6 old (12M), 25 humongous (50M), 37 free (74M)
}
Event: 12.123 {heap After GC invocations=30 (full 0):
 garbage-first heap   total reserved 3938304K, committed 145408K, used 13857K [0x000000070fa00000, 0x0000000800000000)
  region size 2M, 0 eden (0M), 1 survivor (2M), 7 old (14M), 1 humongous (2M), 62 free (124M)
}
Event: 12.680 {heap Before GC invocations=30 (full 0):
 garbage-first heap   total reserved 3938304K, committed 145408K, used 65057K [0x000000070fa00000, 0x0000000800000000)
  region size 2M, 2 eden (4M), 1 survivor (2M), 7 old (14M), 25 humongous (50M), 36 free (72M)
}
Event: 12.682 {heap After GC invocations=31 (full 0):
 garbage-first heap   total reserved 3938304K, committed 145408K, used 13856K [0x000000070fa00000, 0x0000000800000000)
  region size 2M, 0 eden (0M), 1 survivor (2M), 7 old (14M), 1 humongous (2M), 62 free (124M)
}
Event: 13.234 {heap Before GC invocations=31 (full 0):
 garbage-first heap   total reserved 3938304K, committed 145408K, used 65056K [0x000000070fa00000, 0x0000000800000000)
  region size 2M, 2 eden (4M), 1 survivor (2M), 7 old (14M), 25 humongous (50M), 36 free (72M)
}
Event: 13.238 {heap After GC invocations=32 (full 0):
 garbage-first heap   total reserved 3938304K, committed 145408K, used 13866K [0x000000070fa00000, 0x0000000800000000)
  region size 2M, 0 eden (0M), 1 survivor (2M), 7 old (14M), 1 humongous (2M), 62 free (124M)
}
Event: 13.775 {heap Before GC invocations=32 (full 0):
 garbage-first heap   total reserved 3938304K, committed 145408K, used 65066K [0x000000070fa00000, 0x0000000800000000)
  region size 2M, 2 eden (4M), 1 survivor (2M), 7 old (14M), 25 humongous (50M), 36 free (72M)
}
Event: 13.778 {heap After GC invocations=33 (full 0):
 garbage-first heap   total reserved 3938304K, committed 145408K, used 13867K [0x000000070fa00000, 0x0000000800000000)
  region size 2M, 0 eden (0M), 1 survivor (2M), 7 old (14M), 1 humongous (2M), 62 free (124M)
}
Event: 14.328 {heap Before GC invocations=33 (full 0):
 garbage-first heap   total reserved 3938304K, committed 145408K, used 65067K [0x000000070fa00000, 0x0000000800000000)
  region size 2M, 2 eden (4M), 1 survivor (2M), 7 old (14M), 25 humongous (50M), 36 free (72M)
}
Event: 14.332 {heap After GC invocations=34 (full 0):
 garbage-first heap   total reserved 3938304K, committed 145408K, used 13868K [0x000000070fa00000, 0x0000000800000000)
  region size 2M, 0 eden (0M), 1 survivor (2M), 7 old (14M), 1 humongous (2M), 62 free (124M)
}

Metaspace Usage History (20 events):
Event: 9.278 {metaspace Before GC invocations=24 (full 0):
 Metaspace       used 29031K, committed 29760K, reserved 1114112K
  class space    used 2752K, committed 3072K, reserved 1048576K
}
Event: 9.282 {metaspace After GC invocations=25 (full 0):
 Metaspace       used 29031K, committed 29760K, reserved 1114112K
  class space    used 2752K, committed 3072K, reserved 1048576K
}
Event: 9.900 {metaspace Before GC invocations=25 (full 0):
 Metaspace       used 29086K, committed 29824K, reserved 1114112K
  class space    used 2752K, committed 3072K, reserved 1048576K
}
Event: 9.905 {metaspace After GC invocations=26 (full 0):
 Metaspace       used 29086K, committed 29824K, reserved 1114112K
  class space    used 2752K, committed 3072K, reserved 1048576K
}
Event: 10.444 {metaspace Before GC invocations=26 (full 0):
 Metaspace       used 29093K, committed 29824K, reserved 1114112K
  class space    used 2753K, committed 3072K, reserved 1048576K
}
Event: 10.448 {metaspace After GC invocations=27 (full 0):
 Metaspace       used 29093K, committed 29824K, reserved 1114112K
  class space    used 2753K, committed 3072K, reserved 1048576K
}
Event: 11.008 {metaspace Before GC invocations=27 (full 0):
 Metaspace       used 29144K, committed 29888K, reserved 1114112K
  class space    used 2756K, committed 3072K, reserved 1048576K
}
Event: 11.010 {metaspace After GC invocations=28 (full 0):
 Metaspace       used 29144K, committed 29888K, reserved 1114112K
  class space    used 2756K, committed 3072K, reserved 1048576K
}
Event: 11.565 {metaspace Before GC invocations=28 (full 0):
 Metaspace       used 29157K, committed 29952K, reserved 1114112K
  class space    used 2756K, committed 3072K, reserved 1048576K
}
Event: 11.567 {metaspace After GC invocations=29 (full 0):
 Metaspace       used 29157K, committed 29952K, reserved 1114112K
  class space    used 2756K, committed 3072K, reserved 1048576K
}
Event: 12.121 {metaspace Before GC invocations=29 (full 0):
 Metaspace       used 29176K, committed 30016K, reserved 1114112K
  class space    used 2757K, committed 3136K, reserved 1048576K
}
Event: 12.123 {metaspace After GC invocations=30 (full 0):
 Metaspace       used 29176K, committed 30016K, reserved 1114112K
  class space    used 2757K, committed 3136K, reserved 1048576K
}
Event: 12.680 {metaspace Before GC invocations=30 (full 0):
 Metaspace       used 29202K, committed 30016K, reserved 1114112K
  class space    used 2759K, committed 3136K, reserved 1048576K
}
Event: 12.682 {metaspace After GC invocations=31 (full 0):
 Metaspace       used 29202K, committed 30016K, reserved 1114112K
  class space    used 2759K, committed 3136K, reserved 1048576K
}
Event: 13.234 {metaspace Before GC invocations=31 (full 0):
 Metaspace       used 29211K, committed 30016K, reserved 1114112K
  class space    used 2759K, committed 3136K, reserved 1048576K
}
Event: 13.238 {metaspace After GC invocations=32 (full 0):
 Metaspace       used 29211K, committed 30016K, reserved 1114112K
  class space    used 2759K, committed 3136K, reserved 1048576K
}
Event: 13.775 {metaspace Before GC invocations=32 (full 0):
 Metaspace       used 29225K, committed 30080K, reserved 1114112K
  class space    used 2759K, committed 3136K, reserved 1048576K
}
Event: 13.778 {metaspace After GC invocations=33 (full 0):
 Metaspace       used 29225K, committed 30080K, reserved 1114112K
  class space    used 2759K, committed 3136K, reserved 1048576K
}
Event: 14.328 {metaspace Before GC invocations=33 (full 0):
 Metaspace       used 29228K, committed 30080K, reserved 1114112K
  class space    used 2759K, committed 3136K, reserved 1048576K
}
Event: 14.332 {metaspace After GC invocations=34 (full 0):
 Metaspace       used 29228K, committed 30080K, reserved 1114112K
  class space    used 2759K, committed 3136K, reserved 1048576K
}

Dll operation events (20 events):
Event: 0.895 Attempting to load shared library /tmp/lwjgl_annihilator/3.3.6+1/x64/liblwjgl_opengl.so
Event: 0.895 Loaded shared library /tmp/lwjgl_annihilator/3.3.6+1/x64/liblwjgl_opengl.so
Event: 1.002 Attempting to load shared library /home/annihilator/.skiko/skiko-linux-x64-434f7633c843870c0839a1137b128f6c3db3c5d58dcad3545e90827e3e341afb/libskiko-linux-x64.so
Event: 1.037 Loaded shared library /home/annihilator/.skiko/skiko-linux-x64-434f7633c843870c0839a1137b128f6c3db3c5d58dcad3545e90827e3e341afb/libskiko-linux-x64.so
Event: 1.166 Attempting to load shared library /home/annihilator/dev/mpv/build/libmpv.so.2.5.0
Event: 1.235 Loaded shared library /home/annihilator/dev/mpv/build/libmpv.so.2.5.0
Event: 1.237 Attempting to load shared library /usr/lib/jvm/java-26-openjdk/lib/libsyslookup.so
Event: 1.237 Loaded shared library /usr/lib/jvm/java-26-openjdk/lib/libsyslookup.so
Event: 2.644 Attempting to load shared library libglib-2.0.so.0
Event: 2.644 Loaded shared library libglib-2.0.so.0
Event: 2.661 Attempting to load shared library libwpe-1.0.so.1
Event: 2.662 Loaded shared library libwpe-1.0.so.1
Event: 2.662 Attempting to load shared library libWPEBackend-fdo-1.0.so.1
Event: 2.666 Loaded shared library libWPEBackend-fdo-1.0.so.1
Event: 2.696 Attempting to load shared library libWPEWebKit-2.0.so.1
Event: 2.745 Loaded shared library libWPEWebKit-2.0.so.1
Event: 2.745 Attempting to load shared library libgobject-2.0.so.0
Event: 2.745 Loaded shared library libgobject-2.0.so.0
Event: 3.812 Attempting to load shared library libwayland-server.so.0
Event: 3.812 Loaded shared library libwayland-server.so.0

Deoptimization events (20 events):
Event: 49.603 Thread 0x00007f964a50f760 Uncommon trap: trap_request=0xffffffbe fr.pc=0x00007f9637b4651c relative=0x000000000000099c
Event: 49.603 Thread 0x00007f964a50f760 Uncommon trap: reason=profile_predicate action=maybe_recompile pc=0x00007f9637b4651c method=java.util.stream.ReferencePipeline.forEachWithCancel(Ljava/util/Spliterator;Ljava/util/stream/Sink;)Z @ 8 c2
Event: 49.603 Thread 0x00007f964a50f760 DEOPT PACKING pc=0x00007f9637b4651c sp=0x00007f95975efa80
Event: 49.603 Thread 0x00007f964a50f760 DEOPT UNPACKING pc=0x00007f9637382379 sp=0x00007f95975ef9d0 mode 2
Event: 49.603 Thread 0x00007f964a50f760 Uncommon trap: trap_request=0xffffffbe fr.pc=0x00007f9637b4651c relative=0x000000000000099c
Event: 49.603 Thread 0x00007f964a50f760 Uncommon trap: reason=profile_predicate action=maybe_recompile pc=0x00007f9637b4651c method=java.util.stream.ReferencePipeline.forEachWithCancel(Ljava/util/Spliterator;Ljava/util/stream/Sink;)Z @ 8 c2
Event: 49.603 Thread 0x00007f964a50f760 DEOPT PACKING pc=0x00007f9637b4651c sp=0x00007f95975ef890
Event: 49.603 Thread 0x00007f964a50f760 DEOPT UNPACKING pc=0x00007f9637382379 sp=0x00007f95975ef7e0 mode 2
Event: 66.492 Thread 0x00007f9649b15180 Uncommon trap: trap_request=0xffffff95 fr.pc=0x00007f9637afd040 relative=0x0000000000001040
Event: 66.492 Thread 0x00007f9649b15180 Uncommon trap: reason=unreached action=reinterpret pc=0x00007f9637afd040 method=java.lang.System$Out.write([BII)V @ 20 c2
Event: 66.492 Thread 0x00007f9649b15180 DEOPT PACKING pc=0x00007f9637afd040 sp=0x00007f95b0a026b0
Event: 66.492 Thread 0x00007f9649b15180 DEOPT UNPACKING pc=0x00007f9637382379 sp=0x00007f95b0a02508 mode 2
Event: 66.502 Thread 0x00007f9649b15180 Uncommon trap: trap_request=0xffffff95 fr.pc=0x00007f9637ad1c4c relative=0x000000000000034c
Event: 66.502 Thread 0x00007f9649b15180 Uncommon trap: reason=unreached action=reinterpret pc=0x00007f9637ad1c4c method=java.lang.System$Out.write([BII)V @ 20 c2
Event: 66.502 Thread 0x00007f9649b15180 DEOPT PACKING pc=0x00007f9637ad1c4c sp=0x00007f95b0a025c0
Event: 66.502 Thread 0x00007f9649b15180 DEOPT UNPACKING pc=0x00007f9637382379 sp=0x00007f95b0a024a0 mode 2
Event: 66.502 Thread 0x00007f9649b15180 Uncommon trap: trap_request=0xffffff95 fr.pc=0x00007f9637afeb0c relative=0x000000000000140c
Event: 66.502 Thread 0x00007f9649b15180 Uncommon trap: reason=unreached action=reinterpret pc=0x00007f9637afeb0c method=java.lang.System$Out.write([BII)V @ 20 c2
Event: 66.502 Thread 0x00007f9649b15180 DEOPT PACKING pc=0x00007f9637afeb0c sp=0x00007f95b0a02740
Event: 66.502 Thread 0x00007f9649b15180 DEOPT UNPACKING pc=0x00007f9637382379 sp=0x00007f95b0a025d8 mode 2

Classes loaded (20 events):
Event: 3.787 Loading class sun/util/resources/LocaleData$LocaleDataResourceBundleProvider
Event: 3.787 Loading class java/util/spi/ResourceBundleProvider
Event: 3.787 Loading class java/util/spi/ResourceBundleProvider done
Event: 3.787 Loading class sun/util/resources/LocaleData$LocaleDataResourceBundleProvider done
Event: 3.788 Loading class java/util/ArrayList$SubList$1
Event: 3.788 Loading class java/util/ArrayList$SubList$1 done
Event: 3.816 Loading class jdk/internal/foreign/GlobalSession$HeapSession
Event: 3.817 Loading class jdk/internal/foreign/GlobalSession$HeapSession done
Event: 3.819 Loading class jdk/internal/foreign/SegmentBulkOperations
Event: 3.819 Loading class jdk/internal/foreign/SegmentBulkOperations done
Event: 4.128 Loading class java/util/regex/Pattern$SliceS
Event: 4.128 Loading class java/util/regex/Pattern$SliceS done
Event: 66.511 Loading class jdk/internal/misc/Signal$1
Event: 66.511 Loading class jdk/internal/misc/Signal$1 done
Event: 66.514 Loading class sun/awt/X11/XSystemTrayPeer
Event: 66.514 Loading class java/awt/peer/SystemTrayPeer
Event: 66.514 Loading class java/awt/peer/SystemTrayPeer done
Event: 66.514 Loading class sun/awt/X11/XMSelectionListener
Event: 66.514 Loading class sun/awt/X11/XMSelectionListener done
Event: 66.515 Loading class sun/awt/X11/XSystemTrayPeer done

Classes unloaded (0 events):
No events

Classes redefined (0 events):
No events

Internal exceptions (20 events):
Event: 66.502 Thread 0x00007f9649b15180 Exception <a 'java/io/IOException'{0x00000007159d0ed8}> (0x00000007159d0ed8) 
thrown [/usr/src/debug/java-openjdk/jdk26u-jdk-26.0.2.1-1/src/hotspot/share/prims/jni.cpp, line 514]
Event: 66.502 Thread 0x00007f9649b15180 Exception <a 'java/io/IOException'{0x00000007159d11e8}> (0x00000007159d11e8) 
thrown [/usr/src/debug/java-openjdk/jdk26u-jdk-26.0.2.1-1/src/hotspot/share/prims/jni.cpp, line 514]
Event: 66.504 Thread 0x00007f9649b15180 Exception <a 'java/io/IOException'{0x00000007159d17e8}> (0x00000007159d17e8) 
thrown [/usr/src/debug/java-openjdk/jdk26u-jdk-26.0.2.1-1/src/hotspot/share/prims/jni.cpp, line 514]
Event: 66.504 Thread 0x00007f9649b15180 Exception <a 'java/io/IOException'{0x00000007159d1af8}> (0x00000007159d1af8) 
thrown [/usr/src/debug/java-openjdk/jdk26u-jdk-26.0.2.1-1/src/hotspot/share/prims/jni.cpp, line 514]
Event: 66.505 Thread 0x00007f9649b15180 Exception <a 'java/io/IOException'{0x00000007159d20c8}> (0x00000007159d20c8) 
thrown [/usr/src/debug/java-openjdk/jdk26u-jdk-26.0.2.1-1/src/hotspot/share/prims/jni.cpp, line 514]
Event: 66.505 Thread 0x00007f9649b15180 Exception <a 'java/io/IOException'{0x00000007159d23d8}> (0x00000007159d23d8) 
thrown [/usr/src/debug/java-openjdk/jdk26u-jdk-26.0.2.1-1/src/hotspot/share/prims/jni.cpp, line 514]
Event: 66.506 Thread 0x00007f9649b15180 Exception <a 'java/io/IOException'{0x00000007159d2978}> (0x00000007159d2978) 
thrown [/usr/src/debug/java-openjdk/jdk26u-jdk-26.0.2.1-1/src/hotspot/share/prims/jni.cpp, line 514]
Event: 66.506 Thread 0x00007f9649b15180 Exception <a 'java/io/IOException'{0x00000007159d2c88}> (0x00000007159d2c88) 
thrown [/usr/src/debug/java-openjdk/jdk26u-jdk-26.0.2.1-1/src/hotspot/share/prims/jni.cpp, line 514]
Event: 66.507 Thread 0x00007f9649b15180 Exception <a 'java/io/IOException'{0x00000007159d3468}> (0x00000007159d3468) 
thrown [/usr/src/debug/java-openjdk/jdk26u-jdk-26.0.2.1-1/src/hotspot/share/prims/jni.cpp, line 514]
Event: 66.507 Thread 0x00007f9649b15180 Exception <a 'java/io/IOException'{0x00000007159d3778}> (0x00000007159d3778) 
thrown [/usr/src/debug/java-openjdk/jdk26u-jdk-26.0.2.1-1/src/hotspot/share/prims/jni.cpp, line 514]
Event: 66.507 Thread 0x00007f9649b15180 Exception <a 'java/io/IOException'{0x00000007159d3cd0}> (0x00000007159d3cd0) 
thrown [/usr/src/debug/java-openjdk/jdk26u-jdk-26.0.2.1-1/src/hotspot/share/prims/jni.cpp, line 514]
Event: 66.507 Thread 0x00007f9649b15180 Exception <a 'java/io/IOException'{0x00000007159d3fe0}> (0x00000007159d3fe0) 
thrown [/usr/src/debug/java-openjdk/jdk26u-jdk-26.0.2.1-1/src/hotspot/share/prims/jni.cpp, line 514]
Event: 66.509 Thread 0x00007f9649b15180 Exception <a 'java/io/IOException'{0x00000007159d4618}> (0x00000007159d4618) 
thrown [/usr/src/debug/java-openjdk/jdk26u-jdk-26.0.2.1-1/src/hotspot/share/prims/jni.cpp, line 514]
Event: 66.509 Thread 0x00007f9649b15180 Exception <a 'java/io/IOException'{0x00000007159d4928}> (0x00000007159d4928) 
thrown [/usr/src/debug/java-openjdk/jdk26u-jdk-26.0.2.1-1/src/hotspot/share/prims/jni.cpp, line 514]
Event: 66.511 Thread 0x00007f9649b15180 Exception <a 'java/io/IOException'{0x00000007159d4f70}> (0x00000007159d4f70) 
thrown [/usr/src/debug/java-openjdk/jdk26u-jdk-26.0.2.1-1/src/hotspot/share/prims/jni.cpp, line 514]
Event: 66.511 Thread 0x00007f9649b15180 Exception <a 'java/io/IOException'{0x00000007159d5280}> (0x00000007159d5280) 
thrown [/usr/src/debug/java-openjdk/jdk26u-jdk-26.0.2.1-1/src/hotspot/share/prims/jni.cpp, line 514]
Event: 66.513 Thread 0x00007f9649b15180 Exception <a 'java/io/IOException'{0x00000007159d5898}> (0x00000007159d5898) 
thrown [/usr/src/debug/java-openjdk/jdk26u-jdk-26.0.2.1-1/src/hotspot/share/prims/jni.cpp, line 514]
Event: 66.513 Thread 0x00007f9649b15180 Exception <a 'java/io/IOException'{0x00000007159d5ba8}> (0x00000007159d5ba8) 
thrown [/usr/src/debug/java-openjdk/jdk26u-jdk-26.0.2.1-1/src/hotspot/share/prims/jni.cpp, line 514]
Event: 66.515 Thread 0x00007f9649b15180 Exception <a 'java/io/IOException'{0x00000007159d61c0}> (0x00000007159d61c0) 
thrown [/usr/src/debug/java-openjdk/jdk26u-jdk-26.0.2.1-1/src/hotspot/share/prims/jni.cpp, line 514]
Event: 66.515 Thread 0x00007f9649b15180 Exception <a 'java/io/IOException'{0x00000007159d64d0}> (0x00000007159d64d0) 
thrown [/usr/src/debug/java-openjdk/jdk26u-jdk-26.0.2.1-1/src/hotspot/share/prims/jni.cpp, line 514]

VM Operations (20 events):
Event: 10.448 Executing safepoint VM operation: G1TryInitiateConcMark (G1 Humongous Allocation) done
Event: 11.008 Executing safepoint VM operation: G1TryInitiateConcMark (G1 Humongous Allocation)
Event: 11.010 Executing safepoint VM operation: G1TryInitiateConcMark (G1 Humongous Allocation) done
Event: 11.565 Executing safepoint VM operation: G1TryInitiateConcMark (G1 Humongous Allocation)
Event: 11.567 Executing safepoint VM operation: G1TryInitiateConcMark (G1 Humongous Allocation) done
Event: 12.121 Executing safepoint VM operation: G1TryInitiateConcMark (G1 Humongous Allocation)
Event: 12.123 Executing safepoint VM operation: G1TryInitiateConcMark (G1 Humongous Allocation) done
Event: 12.680 Executing safepoint VM operation: G1TryInitiateConcMark (G1 Humongous Allocation)
Event: 12.682 Executing safepoint VM operation: G1TryInitiateConcMark (G1 Humongous Allocation) done
Event: 13.234 Executing safepoint VM operation: G1TryInitiateConcMark (G1 Humongous Allocation)
Event: 13.238 Executing safepoint VM operation: G1TryInitiateConcMark (G1 Humongous Allocation) done
Event: 13.775 Executing safepoint VM operation: G1TryInitiateConcMark (G1 Humongous Allocation)
Event: 13.778 Executing safepoint VM operation: G1TryInitiateConcMark (G1 Humongous Allocation) done
Event: 14.328 Executing safepoint VM operation: G1TryInitiateConcMark (G1 Humongous Allocation)
Event: 14.332 Executing safepoint VM operation: G1TryInitiateConcMark (G1 Humongous Allocation) done
Event: 60.045 Executing non-safepoint VM operation: HandshakeAllThreads (DeflationHandshakeClosure)
Event: 60.045 Executing non-safepoint VM operation: HandshakeAllThreads (DeflationHandshakeClosure) done
Event: 60.045 Executing non-safepoint VM operation: RendezvousGCThreads
Event: 60.046 Executing non-safepoint VM operation: RendezvousGCThreads done
Event: 66.515 Executing safepoint VM operation: Exit

Memory protections (20 events):
Event: 1.342 Protecting memory [0x00007f95b0904000,0x00007f95b0908000] with protection modes 0
Event: 1.346 Protecting memory [0x00007f95b0803000,0x00007f95b0807000] with protection modes 0
Event: 1.902 Protecting memory [0x00007f95aca25000,0x00007f95aca29000] with protection modes 0
Event: 2.051 Protecting memory [0x00007f959b2ff000,0x00007f959b303000] with protection modes 0
Event: 2.190 Protecting memory [0x00007f959b1fe000,0x00007f959b202000] with protection modes 0
Event: 2.652 Protecting memory [0x00007f95974f2000,0x00007f95974f6000] with protection modes 0
Event: 2.718 Protecting memory [0x00007f95995f7000,0x00007f95995fb000] with protection modes 0
Event: 2.784 Protecting memory [0x00007f95828ff000,0x00007f9582903000] with protection modes 0
Event: 3.419 Protecting memory [0x00007f95ac9d4000,0x00007f95ac9d5000] with protection modes 1
Event: 7.056 Protecting memory [0x00007f95aca25000,0x00007f95aca29000] with protection modes 0
Event: 21.322 Protecting memory [0x00007f96037fd000,0x00007f9603801000] with protection modes 0
Event: 27.135 Protecting memory [0x00007f96037fd000,0x00007f9603801000] with protection modes 0
Event: 27.135 Protecting memory [0x00007f96034fa000,0x00007f96034fe000] with protection modes 0
Event: 27.136 Protecting memory [0x00007f95e960b000,0x00007f95e960f000] with protection modes 0
Event: 28.065 Protecting memory [0x00007f95e960b000,0x00007f95e960f000] with protection modes 0
Event: 28.065 Protecting memory [0x00007f95aca25000,0x00007f95aca29000] with protection modes 0
Event: 41.575 Protecting memory [0x00007f96037fd000,0x00007f9603801000] with protection modes 0
Event: 41.575 Protecting memory [0x00007f96034fa000,0x00007f96034fe000] with protection modes 0
Event: 66.511 Protecting memory [0x00007f96037fd000,0x00007f9603801000] with protection modes 0
Event: 66.514 Protecting memory [0x00007f96034fa000,0x00007f96034fe000] with protection modes 0

Nmethod flushes (19 events):
Event: 2.336 Thread 0x00007f96480ffa60 flushing  nmethod 0x00007f962fdff508
Event: 2.336 Thread 0x00007f96480ffa60 flushing  nmethod 0x00007f962fdff808
Event: 2.336 Thread 0x00007f96480ffa60 flushing  nmethod 0x00007f962fdffb08
Event: 2.336 Thread 0x00007f96480ffa60 flushing  nmethod 0x00007f962fdffe08
Event: 2.336 Thread 0x00007f96480ffa60 flushing  nmethod 0x00007f962fe10908
Event: 2.336 Thread 0x00007f96480ffa60 flushing  nmethod 0x00007f962fe11308
Event: 2.336 Thread 0x00007f96480ffa60 flushing  nmethod 0x00007f962fe11b08
Event: 2.336 Thread 0x00007f96480ffa60 flushing  nmethod 0x00007f962fe12408
Event: 2.336 Thread 0x00007f96480ffa60 flushing  nmethod 0x00007f962fe12888
Event: 2.336 Thread 0x00007f96480ffa60 flushing  nmethod 0x00007f962fe12f08
Event: 2.336 Thread 0x00007f96480ffa60 flushing  nmethod 0x00007f962fe13b08
Event: 2.336 Thread 0x00007f96480ffa60 flushing  nmethod 0x00007f962fe13e88
Event: 2.336 Thread 0x00007f96480ffa60 flushing  nmethod 0x00007f962fe16388
Event: 2.336 Thread 0x00007f96480ffa60 flushing  nmethod 0x00007f962fe17008
Event: 2.337 Thread 0x00007f96480ffa60 flushing  nmethod 0x00007f962fe17588
Event: 2.337 Thread 0x00007f96480ffa60 flushing  nmethod 0x00007f962fe19088
Event: 2.337 Thread 0x00007f96480ffa60 flushing  nmethod 0x00007f962fe01208
Event: 2.337 Thread 0x00007f96480ffa60 flushing  nmethod 0x00007f962fe19408
Event: 2.337 Thread 0x00007f96480ffa60 flushing  nmethod 0x00007f962fe0ec08

Events (20 events):
Event: 23.516 Thread 0x000055f54b717240 Thread exited: 0x000055f54b717240
Event: 27.135 Thread 0x00007f9648111a50 Thread added: 0x000055f54be6f710
Event: 27.135 Thread 0x00007f9648111a50 Thread added: 0x000055f54be70b40
Event: 27.136 Thread 0x00007f9648111a50 Thread added: 0x000055f54be71da0
Event: 27.677 Thread 0x000055f54be71da0 Thread exited: 0x000055f54be71da0
Event: 28.065 Thread 0x00007f9648110080 Thread added: 0x00007f95e44a1330
Event: 28.065 Thread 0x00007f9648110080 Thread added: 0x00007f95e44a2360
Event: 28.344 Thread 0x00007f95e44a1330 Thread exited: 0x00007f95e44a1330
Event: 28.344 Thread 0x00007f95e44a2360 Thread exited: 0x00007f95e44a2360
Event: 30.403 Thread 0x000055f54be70b40 Thread exited: 0x000055f54be70b40
Event: 33.610 Thread 0x000055f54be6f710 Thread exited: 0x000055f54be6f710
Event: 41.575 Thread 0x00007f9648111a50 Thread added: 0x000055f54ba5a290
Event: 41.575 Thread 0x00007f9648111a50 Thread added: 0x000055f54ba5ad40
Event: 42.627 Thread 0x000055f54ba5ad40 Thread exited: 0x000055f54ba5ad40
Event: 43.363 Thread 0x000055f54ba5a290 Thread exited: 0x000055f54ba5a290
Event: 66.511 Thread 0x00007f964810aec0 Thread added: 0x00007f95f41b5c80
Event: 66.514 Thread 0x00007f95f41b5c80 Thread added: 0x00007f9606e8d940
Event: 66.515 Thread 0x00007f9606e8d940 Thread exited: 0x00007f9606e8d940
Event: 66.515 Thread 0x00007f95f41b5c80 Before exit entered
Event: 66.515 Thread 0x00007f95f41b5c80 JVMTI - enter dead phase


Dynamic libraries:
06000000-06001000 ---p 00000000 00:00 0 
06001000-06da7000 rw-p 00001000 103:02 7880813                           /usr/lib/jvm/java-26-openjdk/lib/server/classes.jsa
06da7000-07000000 ---p 00000000 00:00 0 
07000000-07040000 rw-p 00000000 00:00 0 
07040000-070c0000 rw-p 00000000 00:00 0 
070c0000-07100000 rw-p 00000000 00:00 0 
07100000-072c0000 rw-p 00000000 00:00 0 
072c0000-072d0000 rw-p 00000000 00:00 0 
072d0000-07300000 ---p 00000000 00:00 0 
07300000-07340000 rw-p 00000000 00:00 0 
07340000-47000000 ---p 00000000 00:00 0 
47000000-470ac000 rw-p 00000000 00:00 0 
470ac000-470ae000 r-xs 00000000 00:01 717261                             /memfd:/.glXXXXXX (deleted)
60000000-80000000 ---p 00000000 00:00 0 
200000000-200200000 ---p 00000000 00:00 0 
200200000-200400000 rw-s 00000000 00:07 1112                             /dev/nvidia0
200400000-203400000 rw-s 00000000 00:07 1110                             /dev/nvidiactl
203400000-204000000 ---p 00000000 00:00 0 
204000000-204200000 rw-s 00000000 00:07 1110                             /dev/nvidiactl
204200000-204400000 rw-s 00000000 00:07 1110                             /dev/nvidiactl
204400000-204600000 rw-s 204400000 00:07 779                             /dev/nvidia-uvm
204600000-300200000 ---p 00000000 00:00 0 
70fa00000-718400000 rw-p 00000000 00:00 0 
718400000-7ffa00000 ---p 00000000 00:00 0 
7ffa00000-7ffe00000 rw-p 00000000 00:00 0 
7ffe00000-800000000 ---p 00000000 00:00 0 
10000000000-10004400000 ---p 00000000 00:00 0 
10004400000-10004600000 rw-s 00000000 00:07 1110                         /dev/nvidiactl
10004600000-10004800000 rw-s 00000000 00:01 716782                       /dev/zero (deleted)
10004800000-10004a00000 rw-s 00000000 00:01 716783                       /dev/zero (deleted)
10004a00000-10005000000 ---p 00000000 00:00 0 
10005000000-10005200000 rw-s 00000000 00:07 1110                         /dev/nvidiactl
10005200000-10005400000 ---p 00000000 00:00 0 
10005400000-10005600000 rw-s 00000000 00:01 716785                       /dev/zero (deleted)
10005600000-10005b33000 rw-s 00000000 00:07 1110                         /dev/nvidiactl
10005b33000-10020000000 ---p 00000000 00:00 0 
55f5192fc000-55f5192fd000 r--p 00000000 103:02 7876111                   /usr/lib/jvm/java-26-openjdk/bin/java
55f5192fd000-55f5192fe000 r-xp 00001000 103:02 7876111                   /usr/lib/jvm/java-26-openjdk/bin/java
55f5192fe000-55f5192ff000 r--p 00002000 103:02 7876111                   /usr/lib/jvm/java-26-openjdk/bin/java
55f5192ff000-55f519300000 r--p 00002000 103:02 7876111                   /usr/lib/jvm/java-26-openjdk/bin/java
55f519300000-55f519301000 rw-p 00003000 103:02 7876111                   /usr/lib/jvm/java-26-openjdk/bin/java
55f54b47d000-55f54c818000 rw-p 00000000 00:00 0                          [heap]
7f8000000000-7f8ffb421000 rw-p 00000000 00:00 0 
7f8ffb421000-7f9000000000 ---p 00000000 00:00 0 
7f9400000000-7f9500000000 rw-p 00000000 00:00 0 
7f9524000000-7f9526156000 rw-p 00000000 00:00 0 
7f9526156000-7f9528000000 ---p 00000000 00:00 0 
7f952c000000-7f952e2cd000 rw-p 00000000 00:00 0 
7f952e2cd000-7f9530000000 ---p 00000000 00:00 0 
7f9530000000-7f9533c16000 rw-p 00000000 00:00 0 
7f9533c16000-7f9534000000 ---p 00000000 00:00 0 
7f9534000000-7f9537ffc000 rw-p 00000000 00:00 0 
7f9537ffc000-7f9538000000 ---p 00000000 00:00 0 
7f9538400000-7f9538800000 rw-s 00000000 00:07 1110                       /dev/nvidiactl
7f9538bff000-7f9538fff000 rw-s 00000000 00:07 1110                       /dev/nvidiactl
7f9538fff000-7f95391ff000 rw-s 00000000 00:07 1110                       /dev/nvidiactl
7f95391ff000-7f9539a00000 rw-p 00000000 00:00 0 
7f9539b28000-7f9539f28000 rw-s 00000000 00:07 1110                       /dev/nvidiactl
7f9539fa8000-7f9539fe8000 rw-s 00000000 00:07 1112                       /dev/nvidia0
7f9539fe8000-7f953a7e9000 rw-p 00000000 00:00 0 
7f953a7e9000-7f953a8e9000 rw-s 00000000 00:07 1110                       /dev/nvidiactl
7f953a8e9000-7f953c8ed000 rw-p 00000000 00:00 0 
7f953c8ed000-7f953c8ee000 ---p 00000000 00:00 0 
7f953c8ee000-7f957c8ee000 rwxp 00000000 00:00 0 
7f957c8ee000-7f957c8ef000 ---p 00000000 00:00 0 
7f957c91d000-7f957d11e000 rw-p 00000000 00:00 0 
7f957d11e000-7f957d15e000 rw-s 00000000 00:07 1110                       /dev/nvidiactl
7f957d15e000-7f957d17e000 rw-s 00000000 00:07 1110                       /dev/nvidiactl
7f957d17e000-7f957d1be000 rw-s 00000000 00:07 1110                       /dev/nvidiactl
7f957d1be000-7f957d1fe000 rw-s 00000000 00:07 1110                       /dev/nvidiactl
7f957d1fe000-7f957d9ff000 rw-p 00000000 00:00 0 
7f957d9ff000-7f957dbff000 rw-s 00000000 00:07 1112                       /dev/nvidia0
7f957dbff000-7f957ddff000 rw-s 00000000 00:07 1110                       /dev/nvidiactl
7f957ddff000-7f957dfff000 rw-s 00000000 00:07 1110                       /dev/nvidiactl
7f957dfff000-7f957e800000 rw-p 00000000 00:00 0 
7f957e800000-7f957f000000 rw-p 00000000 00:00 0 
7f957f000000-7f957f020000 rw-p 00000000 00:00 0 
7f957f020000-7f957f022000 rw-p 00000000 00:00 0 
7f957f022000-7f957f040000 rw-p 00000000 00:00 0 
7f957f040000-7f957f042000 rw-p 00000000 00:00 0 
7f957f042000-7f957f0a0000 rw-p 00000000 00:00 0 
7f957f0a0000-7f957f0c0000 rw-p 00000000 00:00 0 
7f957f0c0000-7f957f0e0000 rw-p 00000000 00:00 0 
7f957f0e0000-7f957f0e2000 rw-p 00000000 00:00 0 
7f957f0e2000-7f957f120000 rw-p 00000000 00:00 0 
7f957f120000-7f957f426000 rw-p 00000000 00:00 0 
7f957f426000-7f957f428000 rw-p 00000000 00:00 0 
7f957f428000-7f957f433000 rw-p 00000000 00:00 0 
7f957f433000-7f957f434000 rw-p 00000000 00:00 0 
7f957f434000-7f957f45d000 rw-p 00000000 00:00 0 
7f957f45d000-7f957f460000 rw-p 00000000 00:00 0 
7f957f460000-7f957f4a0000 rw-p 00000000 00:00 0 
7f957f4a0000-7f957f800000 rw-p 00000000 00:00 0 
7f957f800000-7f958108c000 rw-p 00000000 00:00 0 
7f958108c000-7f9581090000 rw-p 00000000 00:00 0 
7f9581090000-7f95810a8000 rw-p 00000000 00:00 0 
7f95810a8000-7f95810ac000 rw-p 00000000 00:00 0 
7f95810ac000-7f95810b0000 rw-p 00000000 00:00 0 
7f95810b0000-7f95810b4000 rw-p 00000000 00:00 0 
7f95810b4000-7f95810b8000 rw-p 00000000 00:00 0 
7f95810b8000-7f95810bc000 rw-p 00000000 00:00 0 
7f95810bc000-7f95810cc000 rw-p 00000000 00:00 0 
7f95810cc000-7f95810d0000 rw-p 00000000 00:00 0 
7f95810d0000-7f95810e4000 rw-p 00000000 00:00 0 
7f95810e4000-7f95810e8000 rw-p 00000000 00:00 0 
7f95810e8000-7f95810ec000 rw-p 00000000 00:00 0 
7f95810ec000-7f95810f0000 rw-p 00000000 00:00 0 
7f95810f0000-7f95810f4000 rw-p 00000000 00:00 0 
7f95810f4000-7f9581108000 rw-p 00000000 00:00 0 
7f9581108000-7f958110c000 rw-p 00000000 00:00 0 
7f958110c000-7f958111c000 rw-p 00000000 00:00 0 
7f958111c000-7f9582800000 rw-p 00000000 00:00 0 
7f9582802000-7f9582822000 rw-s 00000000 00:07 1110                       /dev/nvidiactl
7f9582822000-7f9582842000 rw-s 00000000 00:07 1110                       /dev/nvidiactl
7f9582842000-7f95828c2000 rw-s 00000000 00:07 1110                       /dev/nvidiactl
7f95828c2000-7f95828d0000 r--p 00000000 103:02 5256581                   /usr/lib/gvfs/libgvfscommon.so
7f95828d0000-7f95828eb000 r-xp 0000e000 103:02 5256581                   /usr/lib/gvfs/libgvfscommon.so
7f95828eb000-7f95828f7000 r--p 00029000 103:02 5256581                   /usr/lib/gvfs/libgvfscommon.so
7f95828f7000-7f95828fd000 r--p 00035000 103:02 5256581                   /usr/lib/gvfs/libgvfscommon.so
7f95828fd000-7f95828fe000 rw-p 0003b000 103:02 5256581                   /usr/lib/gvfs/libgvfscommon.so
7f95828fe000-7f95828ff000 rw-p 00000000 00:00 0 
7f95828ff000-7f9582903000 ---p 00000000 00:00 0 
7f9582903000-7f9583200000 rw-p 00000000 00:00 0 
7f9583200000-7f9583228000 rw-p 00000000 00:00 0 
7f9583228000-7f958322c000 rw-p 00000000 00:00 0 
7f958322c000-7f958b200000 rw-p 00000000 00:00 0 
7f958b202000-7f958b20c000 r--p 00000000 103:02 4771278                   /usr/lib/gio/modules/libgvfsdbus.so
7f958b20c000-7f958b228000 r-xp 0000a000 103:02 4771278                   /usr/lib/gio/modules/libgvfsdbus.so
7f958b228000-7f958b231000 r--p 00026000 103:02 4771278                   /usr/lib/gio/modules/libgvfsdbus.so
7f958b231000-7f958b233000 r--p 0002f000 103:02 4771278                   /usr/lib/gio/modules/libgvfsdbus.so
7f958b233000-7f958b234000 rw-p 00031000 103:02 4771278                   /usr/lib/gio/modules/libgvfsdbus.so
7f958b234000-7f958b255000 r--p 00000000 103:02 4750220                   /usr/share/locale/en_GB/LC_MESSAGES/glib20.mo
7f958b255000-7f958b26e000 r--p 00000000 103:02 4834664                   /usr/lib/libyuv.so
7f958b26e000-7f958b2e0000 r-xp 00019000 103:02 4834664                   /usr/lib/libyuv.so
7f958b2e0000-7f958b2f8000 r--p 0008b000 103:02 4834664                   /usr/lib/libyuv.so
7f958b2f8000-7f958b2fb000 r--p 000a2000 103:02 4834664                   /usr/lib/libyuv.so
7f958b2fb000-7f958b2fc000 rw-p 000a5000 103:02 4834664                   /usr/lib/libyuv.so
7f958b2fc000-7f958b30b000 r--p 00000000 103:02 4759938                   /usr/lib/liborc-0.4.so.0.42.0
7f958b30b000-7f958b3b5000 r-xp 0000f000 103:02 4759938                   /usr/lib/liborc-0.4.so.0.42.0
7f958b3b5000-7f958b3eb000 r--p 000b9000 103:02 4759938                   /usr/lib/liborc-0.4.so.0.42.0
7f958b3eb000-7f958b3ee000 r--p 000ef000 103:02 4759938                   /usr/lib/liborc-0.4.so.0.42.0
7f958b3ee000-7f958b3f6000 rw-p 000f2000 103:02 4759938                   /usr/lib/liborc-0.4.so.0.42.0
7f958b3f6000-7f958b3f8000 rw-p 00000000 00:00 0 
7f958b3f8000-7f958b3fd000 r--p 00000000 103:02 4722100                   /usr/lib/libgpg-error.so.0.42.1
7f958b3fd000-7f958b418000 r-xp 00005000 103:02 4722100                   /usr/lib/libgpg-error.so.0.42.1
7f958b418000-7f958b423000 r--p 00020000 103:02 4722100                   /usr/lib/libgpg-error.so.0.42.1
7f958b423000-7f958b424000 r--p 0002a000 103:02 4722100                   /usr/lib/libgpg-error.so.0.42.1
7f958b424000-7f958b425000 rw-p 0002b000 103:02 4722100                   /usr/lib/libgpg-error.so.0.42.1
7f958b425000-7f958b42a000 r--p 00000000 103:02 4816817                   /usr/lib/liblua5.4.so.5.4.8
7f958b42a000-7f958b45c000 r-xp 00005000 103:02 4816817                   /usr/lib/liblua5.4.so.5.4.8
7f958b45c000-7f958b467000 r--p 00037000 103:02 4816817                   /usr/lib/liblua5.4.so.5.4.8
7f958b467000-7f958b469000 r--p 00042000 103:02 4816817                   /usr/lib/liblua5.4.so.5.4.8
7f958b469000-7f958b46a000 rw-p 00044000 103:02 4816817                   /usr/lib/liblua5.4.so.5.4.8
7f958b46a000-7f958b472000 r--p 00000000 103:02 4735309                   /usr/lib/libdw-0.196.so
7f958b472000-7f958b4d2000 r-xp 00008000 103:02 4735309                   /usr/lib/libdw-0.196.so
7f958b4d2000-7f958b502000 r--p 00068000 103:02 4735309                   /usr/lib/libdw-0.196.so
7f958b502000-7f958b50b000 r--p 00098000 103:02 4735309                   /usr/lib/libdw-0.196.so
7f958b50b000-7f958b50c000 rw-p 000a1000 103:02 4735309                   /usr/lib/libdw-0.196.so
7f958b50c000-7f958b51a000 r--p 00000000 103:02 4771657                   /usr/lib/libatspi.so.0.0.1
7f958b51a000-7f958b535000 r-xp 0000e000 103:02 4771657                   /usr/lib/libatspi.so.0.0.1
7f958b535000-7f958b543000 r--p 00029000 103:02 4771657                   /usr/lib/libatspi.so.0.0.1
7f958b543000-7f958b547000 r--p 00037000 103:02 4771657                   /usr/lib/libatspi.so.0.0.1
7f958b547000-7f958b548000 rw-p 0003b000 103:02 4771657                   /usr/lib/libatspi.so.0.0.1
7f958b548000-7f958b55b000 r--p 00000000 103:02 4758770                   /usr/lib/libgstgl-1.0.so.0.2806.0
7f958b55b000-7f958b5ae000 r-xp 00013000 103:02 4758770                   /usr/lib/libgstgl-1.0.so.0.2806.0
7f958b5ae000-7f958b5d7000 r--p 00066000 103:02 4758770                   /usr/lib/libgstgl-1.0.so.0.2806.0
7f958b5d7000-7f958b5dd000 r--p 0008f000 103:02 4758770                   /usr/lib/libgstgl-1.0.so.0.2806.0
7f958b5dd000-7f958b5de000 rw-p 00095000 103:02 4758770                   /usr/lib/libgstgl-1.0.so.0.2806.0
7f958b5de000-7f958b5f2000 r--p 00000000 103:02 4758798                   /usr/lib/libgstvideo-1.0.so.0.2806.0
7f958b5f2000-7f958b67a000 r-xp 00014000 103:02 4758798                   /usr/lib/libgstvideo-1.0.so.0.2806.0
7f958b67a000-7f958b6a7000 r--p 0009c000 103:02 4758798                   /usr/lib/libgstvideo-1.0.so.0.2806.0
7f958b6a7000-7f958b6bb000 r--p 000c8000 103:02 4758798                   /usr/lib/libgstvideo-1.0.so.0.2806.0
7f958b6bb000-7f958b6bc000 rw-p 000dc000 103:02 4758798                   /usr/lib/libgstvideo-1.0.so.0.2806.0
7f958b6bc000-7f958b6bd000 rw-p 00000000 00:00 0 
7f958b6bd000-7f958b6c2000 r--p 00000000 103:02 4754430                   /usr/lib/libgcrypt.so.20.7.2
7f958b6c2000-7f958b80f000 r-xp 00005000 103:02 4754430                   /usr/lib/libgcrypt.so.20.7.2
7f958b80f000-7f958b85c000 r--p 00152000 103:02 4754430                   /usr/lib/libgcrypt.so.20.7.2
7f958b85c000-7f958b861000 r--p 0019f000 103:02 4754430                   /usr/lib/libgcrypt.so.20.7.2
7f958b861000-7f958b867000 rw-p 001a4000 103:02 4754430                   /usr/lib/libgcrypt.so.20.7.2
7f958b867000-7f958b871000 r--p 00000000 103:02 4754452                   /usr/lib/libsqlite3.so.3.53.4
7f958b871000-7f958b9c0000 r-xp 0000a000 103:02 4754452                   /usr/lib/libsqlite3.so.3.53.4
7f958b9c0000-7f958b9f7000 r--p 00159000 103:02 4754452                   /usr/lib/libsqlite3.so.3.53.4
7f958b9f7000-7f958b9fb000 r--p 00190000 103:02 4754452                   /usr/lib/libsqlite3.so.3.53.4
7f958b9fb000-7f958ba00000 rw-p 00194000 103:02 4754452                   /usr/lib/libsqlite3.so.3.53.4
7f958ba00000-7f958badc000 r--p 00000000 103:02 4735954                   /usr/lib/libicui18n.so.78.3
7f958badc000-7f958bce6000 r-xp 000dc000 103:02 4735954                   /usr/lib/libicui18n.so.78.3
7f958bce6000-7f958bd79000 r--p 002e6000 103:02 4735954                   /usr/lib/libicui18n.so.78.3
7f958bd79000-7f958bd8c000 r--p 00379000 103:02 4735954                   /usr/lib/libicui18n.so.78.3
7f958bd8c000-7f958bd8d000 rw-p 0038c000 103:02 4735954                   /usr/lib/libicui18n.so.78.3
7f958bd8d000-7f958bd8e000 rw-p 00000000 00:00 0 
7f958bd94000-7f958bd95000 rw-s 00000000 00:07 1110                       /dev/nvidiactl
7f958bd95000-7f958bda8000 rw-s 00000000 00:07 1110                       /dev/nvidiactl
7f958bda8000-7f958bdac000 r--p 00000000 103:02 4750384                   /usr/lib/libwacom.so.9.0.0
7f958bdac000-7f958bdb5000 r-xp 00004000 103:02 4750384                   /usr/lib/libwacom.so.9.0.0
7f958bdb5000-7f958bdb9000 r--p 0000d000 103:02 4750384                   /usr/lib/libwacom.so.9.0.0
7f958bdb9000-7f958bdba000 r--p 00010000 103:02 4750384                   /usr/lib/libwacom.so.9.0.0
7f958bdba000-7f958bdbb000 rw-p 00011000 103:02 4750384                   /usr/lib/libwacom.so.9.0.0
7f958bdbb000-7f958bdc1000 r--p 00000000 103:02 4780108                   /usr/lib/libavif.so.16.4.2
7f958bdc1000-7f958bdf3000 r-xp 00006000 103:02 4780108                   /usr/lib/libavif.so.16.4.2
7f958bdf3000-7f958bdff000 r--p 00038000 103:02 4780108                   /usr/lib/libavif.so.16.4.2
7f958bdff000-7f958be02000 r--p 00043000 103:02 4780108                   /usr/lib/libavif.so.16.4.2
7f958be02000-7f958be03000 rw-p 00046000 103:02 4780108                   /usr/lib/libavif.so.16.4.2
7f958be03000-7f958be11000 r--p 00000000 103:02 4758759                   /usr/lib/libgstaudio-1.0.so.0.2806.0
7f958be11000-7f958be6b000 r-xp 0000e000 103:02 4758759                   /usr/lib/libgstaudio-1.0.so.0.2806.0
7f958be6b000-7f958be88000 r--p 00068000 103:02 4758759                   /usr/lib/libgstaudio-1.0.so.0.2806.0
7f958be88000-7f958be8c000 r--p 00084000 103:02 4758759                   /usr/lib/libgstaudio-1.0.so.0.2806.0
7f958be8c000-7f958be8d000 rw-p 00088000 103:02 4758759                   /usr/lib/libgstaudio-1.0.so.0.2806.0
7f958be8d000-7f958beb6000 r--p 00000000 103:02 4758695                   /usr/lib/libgstreamer-1.0.so.0.2806.0
7f958beb6000-7f958bf9a000 r-xp 00029000 103:02 4758695                   /usr/lib/libgstreamer-1.0.so.0.2806.0
7f958bf9a000-7f958bff6000 r--p 0010d000 103:02 4758695                   /usr/lib/libgstreamer-1.0.so.0.2806.0
7f958bff6000-7f958bffd000 r--p 00169000 103:02 4758695                   /usr/lib/libgstreamer-1.0.so.0.2806.0
7f958bffd000-7f958bfff000 rw-p 00170000 103:02 4758695                   /usr/lib/libgstreamer-1.0.so.0.2806.0
7f958bfff000-7f958c000000 rw-p 00000000 00:00 0 
7f958c000000-7f958d3aa000 r--p 00000000 103:02 4835997                   /usr/lib/libWPEWebKit-2.0.so.1.9.10
7f958d3aa000-7f9593bcf000 r-xp 013a9000 103:02 4835997                   /usr/lib/libWPEWebKit-2.0.so.1.9.10
7f9593bcf000-7f9593f04000 r--p 07bcd000 103:02 4835997                   /usr/lib/libWPEWebKit-2.0.so.1.9.10
7f9593f04000-7f9593f52000 rw-p 07f01000 103:02 4835997                   /usr/lib/libWPEWebKit-2.0.so.1.9.10
7f9593f52000-7f9593f5a000 r--p 07f4f000 103:02 4835997                   /usr/lib/libWPEWebKit-2.0.so.1.9.10
7f9593f5a000-7f9593f94000 rw-p 00000000 00:00 0 
7f9593f94000-7f9593f95000 rw-s 00000000 00:01 679575                     /memfd:WebKitSharedMemory (deleted)
7f9593f95000-7f9593f98000 r--p 00000000 103:02 4776442                   /usr/share/locale/en_GB/LC_MESSAGES/at-spi2-core.mo
7f9593f98000-7f9593f99000 rw-p 00000000 00:00 0 
7f9593f9a000-7f9593f9b000 rw-s 00000000 00:07 1110                       /dev/nvidiactl
7f9593f9b000-7f9593f9f000 rw-p 00000000 00:00 0 
7f9593f9f000-7f9593fa0000 rw-s 00000000 00:07 1110                       /dev/nvidiactl
7f9593fa0000-7f9593fa1000 rw-s 00000000 00:07 1110                       /dev/nvidiactl
7f9593fa1000-7f9593fa2000 r-xp 00000000 00:00 0 
7f9593fa2000-7f9593fa3000 r--p 00000000 00:00 0 
7f9593fa3000-7f9593fa6000 r--p 00000000 103:02 4815758                   /usr/lib/libevdev.so.2.3.0
7f9593fa6000-7f9593fad000 r-xp 00003000 103:02 4815758                   /usr/lib/libevdev.so.2.3.0
7f9593fad000-7f9593fb2000 r--p 0000a000 103:02 4815758                   /usr/lib/libevdev.so.2.3.0
7f9593fb2000-7f9593fb8000 r--p 0000e000 103:02 4815758                   /usr/lib/libevdev.so.2.3.0
7f9593fb8000-7f9593fb9000 rw-p 00014000 103:02 4815758                   /usr/lib/libevdev.so.2.3.0
7f9593fb9000-7f9593fc0000 r--p 00000000 103:02 4758795                   /usr/lib/libgsttag-1.0.so.0.2806.0
7f9593fc0000-7f9593fe4000 r-xp 00007000 103:02 4758795                   /usr/lib/libgsttag-1.0.so.0.2806.0
7f9593fe4000-7f9593ff5000 r--p 0002b000 103:02 4758795                   /usr/lib/libgsttag-1.0.so.0.2806.0
7f9593ff5000-7f9593ff7000 r--p 0003c000 103:02 4758795                   /usr/lib/libgsttag-1.0.so.0.2806.0
7f9593ff7000-7f9593ff8000 rw-p 0003e000 103:02 4758795                   /usr/lib/libgsttag-1.0.so.0.2806.0
7f9593ff8000-7f9594005000 r--p 00000000 103:02 4758774                   /usr/lib/libgstpbutils-1.0.so.0.2806.0
7f9594005000-7f9594028000 r-xp 0000d000 103:02 4758774                   /usr/lib/libgstpbutils-1.0.so.0.2806.0
7f9594028000-7f9594038000 r--p 00030000 103:02 4758774                   /usr/lib/libgstpbutils-1.0.so.0.2806.0
7f9594038000-7f959403c000 r--p 0003f000 103:02 4758774                   /usr/lib/libgstpbutils-1.0.so.0.2806.0
7f959403c000-7f959403d000 rw-p 00043000 103:02 4758774                   /usr/lib/libgstpbutils-1.0.so.0.2806.0
7f959403d000-7f959404c000 r--p 00000000 103:02 4758659                   /usr/lib/libgstbase-1.0.so.0.2806.0
7f959404c000-7f95940a7000 r-xp 0000f000 103:02 4758659                   /usr/lib/libgstbase-1.0.so.0.2806.0
7f95940a7000-7f95940c2000 r--p 0006a000 103:02 4758659                   /usr/lib/libgstbase-1.0.so.0.2806.0
7f95940c2000-7f95940c4000 r--p 00084000 103:02 4758659                   /usr/lib/libgstbase-1.0.so.0.2806.0
7f95940c4000-7f95940c5000 rw-p 00086000 103:02 4758659                   /usr/lib/libgstbase-1.0.so.0.2806.0
7f95940c5000-7f95940ce000 r--p 00000000 103:02 4754420                   /usr/lib/libxslt.so.1.1.45
7f95940ce000-7f95940f5000 r-xp 00009000 103:02 4754420                   /usr/lib/libxslt.so.1.1.45
7f95940f5000-7f9594100000 r--p 00030000 103:02 4754420                   /usr/lib/libxslt.so.1.1.45
7f9594100000-7f9594101000 r--p 0003b000 103:02 4754420                   /usr/lib/libxslt.so.1.1.45
7f9594101000-7f9594102000 rw-p 0003c000 103:02 4754420                   /usr/lib/libxslt.so.1.1.45
7f9594102000-7f95944fe000 rw-s 00000000 00:07 1110                       /dev/nvidiactl
7f95944fe000-7f95948fa000 rw-s 00000000 00:07 1110                       /dev/nvidiactl
7f95948fa000-7f9594cf6000 rw-s 00000000 00:07 1110                       /dev/nvidiactl
7f9594cf6000-7f95950f2000 rw-s 00000000 00:07 1110                       /dev/nvidiactl
7f95950f2000-7f95958f3000 rw-p 00000000 00:00 0 
7f95958f3000-7f959593d000 r--p 00000000 103:02 4792885                   /usr/lib/libepoxy.so.0.0.0
7f959593d000-7f95959a3000 r-xp 0004a000 103:02 4792885                   /usr/lib/libepoxy.so.0.0.0
7f95959a3000-7f95959f1000 r--p 000b0000 103:02 4792885                   /usr/lib/libepoxy.so.0.0.0
7f95959f1000-7f95959f9000 r--p 000fd000 103:02 4792885                   /usr/lib/libepoxy.so.0.0.0
7f95959f9000-7f9595a00000 rw-p 00105000 103:02 4792885                   /usr/lib/libepoxy.so.0.0.0
7f9595a00000-7f9595a17000 r--p 00000000 103:02 4831165                   /usr/lib/libnvcuvid.so.610.57.04
7f9595a17000-7f9595b92000 r-xp 00017000 103:02 4831165                   /usr/lib/libnvcuvid.so.610.57.04
7f9595b92000-7f9597439000 r--p 00192000 103:02 4831165                   /usr/lib/libnvcuvid.so.610.57.04
7f9597439000-7f959743a000 ---p 01a39000 103:02 4831165                   /usr/lib/libnvcuvid.so.610.57.04
7f959743a000-7f9597444000 r--p 01a39000 103:02 4831165                   /usr/lib/libnvcuvid.so.610.57.04
7f9597444000-7f9597445000 rw-p 01a43000 103:02 4831165                   /usr/lib/libnvcuvid.so.610.57.04
7f9597445000-7f9597446000 rw-p 00000000 00:00 0 
7f9597446000-7f959744a000 r--p 00000000 103:02 4767590                   /usr/lib/libgudev-1.0.so.0.3.0
7f959744a000-7f959744e000 r-xp 00004000 103:02 4767590                   /usr/lib/libgudev-1.0.so.0.3.0
7f959744e000-7f9597450000 r--p 00008000 103:02 4767590                   /usr/lib/libgudev-1.0.so.0.3.0
7f9597450000-7f9597451000 r--p 0000a000 103:02 4767590                   /usr/lib/libgudev-1.0.so.0.3.0
7f9597451000-7f9597452000 rw-p 0000b000 103:02 4767590                   /usr/lib/libgudev-1.0.so.0.3.0
7f9597452000-7f9597453000 r--p 00000000 103:02 4758765                   /usr/lib/libgstfft-1.0.so.0.2806.0
7f9597453000-7f959745a000 r-xp 00001000 103:02 4758765                   /usr/lib/libgstfft-1.0.so.0.2806.0
7f959745a000-7f959745b000 r--p 00008000 103:02 4758765                   /usr/lib/libgstfft-1.0.so.0.2806.0
7f959745b000-7f959745c000 r--p 00009000 103:02 4758765                   /usr/lib/libgstfft-1.0.so.0.2806.0
7f959745c000-7f959745d000 rw-p 0000a000 103:02 4758765                   /usr/lib/libgstfft-1.0.so.0.2806.0
7f959745d000-7f9597462000 r--p 00000000 103:02 4758746                   /usr/lib/libgstapp-1.0.so.0.2806.0
7f9597462000-7f959746f000 r-xp 00005000 103:02 4758746                   /usr/lib/libgstapp-1.0.so.0.2806.0
7f959746f000-7f9597474000 r--p 00012000 103:02 4758746                   /usr/lib/libgstapp-1.0.so.0.2806.0
7f9597474000-7f9597475000 r--p 00017000 103:02 4758746                   /usr/lib/libgstapp-1.0.so.0.2806.0
7f9597475000-7f9597476000 rw-p 00018000 103:02 4758746                   /usr/lib/libgstapp-1.0.so.0.2806.0
7f9597476000-7f9597478000 r--p 00000000 103:02 4758735                   /usr/lib/libgstallocators-1.0.so.0.2806.0
7f9597478000-7f959747c000 r-xp 00002000 103:02 4758735                   /usr/lib/libgstallocators-1.0.so.0.2806.0
7f959747c000-7f959747e000 r--p 00006000 103:02 4758735                   /usr/lib/libgstallocators-1.0.so.0.2806.0
7f959747e000-7f959747f000 r--p 00007000 103:02 4758735                   /usr/lib/libgstallocators-1.0.so.0.2806.0
7f959747f000-7f9597480000 rw-p 00008000 103:02 4758735                   /usr/lib/libgstallocators-1.0.so.0.2806.0
7f9597480000-7f959748c000 r--p 00000000 103:02 4743749                   /usr/lib/libinput.so.10.13.0
7f959748c000-7f95974d5000 r-xp 0000c000 103:02 4743749                   /usr/lib/libinput.so.10.13.0
7f95974d5000-7f95974ee000 r--p 00055000 103:02 4743749                   /usr/lib/libinput.so.10.13.0
7f95974ee000-7f95974f0000 r--p 0006e000 103:02 4743749                   /usr/lib/libinput.so.10.13.0
7f95974f0000-7f95974f1000 rw-p 00070000 103:02 4743749                   /usr/lib/libinput.so.10.13.0
7f95974f1000-7f95974f2000 rw-p 00000000 00:00 0 
7f95974f2000-7f95974f6000 ---p 00000000 00:00 0 
7f95974f6000-7f95995f7000 rw-p 00000000 00:00 0 
7f95995f7000-7f95995fb000 ---p 00000000 00:00 0 
7f95995fb000-7f959b1fe000 rw-p 00000000 00:00 0 
7f959b1fe000-7f959b202000 ---p 00000000 00:00 0 
7f959b202000-7f959b2ff000 rw-p 00000000 00:00 0 
7f959b2ff000-7f959b303000 ---p 00000000 00:00 0 
7f959b303000-7f959bc00000 rw-p 00000000 00:00 0 
7f959bc00000-7f959be00000 rw-s 00000000 00:01 716784                     /dev/zero (deleted)
7f959be00000-7f959be04000 rw-p 00000000 00:00 0 
7f959be04000-7f959be08000 rw-s 00000000 00:07 1110                       /dev/nvidiactl
7f959be08000-7f959be0d000 r--p 00000000 103:02 4720964                   /usr/lib/libudev.so.1.7.14
7f959be0d000-7f959be3b000 r-xp 00005000 103:02 4720964                   /usr/lib/libudev.so.1.7.14
7f959be3b000-7f959be52000 r--p 00033000 103:02 4720964                   /usr/lib/libudev.so.1.7.14
7f959be52000-7f959be57000 r--p 0004a000 103:02 4720964                   /usr/lib/libudev.so.1.7.14
7f959be57000-7f959be58000 rw-p 0004f000 103:02 4720964                   /usr/lib/libudev.so.1.7.14
7f959be58000-7f959be60000 r--p 00000000 103:02 4771647                   /usr/lib/libatk-1.0.so.0.26015.1
7f959be60000-7f959be70000 r-xp 00008000 103:02 4771647                   /usr/lib/libatk-1.0.so.0.26015.1
7f959be70000-7f959be7b000 r--p 00018000 103:02 4771647                   /usr/lib/libatk-1.0.so.0.26015.1
7f959be7b000-7f959be7e000 r--p 00023000 103:02 4771647                   /usr/lib/libatk-1.0.so.0.26015.1
7f959be7e000-7f959be7f000 rw-p 00026000 103:02 4771647                   /usr/lib/libatk-1.0.so.0.26015.1
7f959be7f000-7f959be8a000 r--p 00000000 103:02 4771653                   /usr/lib/libatk-bridge-2.0.so.0.0.0
7f959be8a000-7f959bea3000 r-xp 0000b000 103:02 4771653                   /usr/lib/libatk-bridge-2.0.so.0.0.0
7f959bea3000-7f959beb7000 r--p 00024000 103:02 4771653                   /usr/lib/libatk-bridge-2.0.so.0.0.0
7f959beb7000-7f959beb9000 r--p 00037000 103:02 4771653                   /usr/lib/libatk-bridge-2.0.so.0.0.0
7f959beb9000-7f959bebb000 rw-p 00039000 103:02 4771653                   /usr/lib/libatk-bridge-2.0.so.0.0.0
7f959bebb000-7f959bfbc000 rw-p 00000000 00:00 0 
7f959bfbc000-7f959bfbd000 rw-s 00000000 00:07 1110                       /dev/nvidiactl
7f959bfbd000-7f959bfbe000 rw-s 00000000 00:07 1110                       /dev/nvidiactl
7f959bfbe000-7f959bfbf000 rw-s 00000000 00:07 1110                       /dev/nvidiactl
7f959bfbf000-7f959bfc0000 rw-s 00000000 00:07 1110                       /dev/nvidiactl
7f959bfc0000-7f959bfc1000 rw-s 00000000 00:07 1110                       /dev/nvidiactl
7f959bfc1000-7f959bfc2000 rw-s 00000000 00:07 1110                       /dev/nvidiactl
7f959bfc2000-7f959bfc3000 rw-s 00000000 00:07 1110                       /dev/nvidiactl
7f959bfc3000-7f959bfc4000 rw-s 00000000 00:07 1110                       /dev/nvidiactl
7f959bfc4000-7f959bfc5000 rw-s 00000000 00:07 1110                       /dev/nvidiactl
7f959bfc5000-7f959bfc6000 rw-s 00000000 00:07 1110                       /dev/nvidiactl
7f959bfc6000-7f959bfc7000 rw-s 00000000 00:07 1110                       /dev/nvidiactl
7f959bfc7000-7f959bfc8000 rw-s 00000000 00:07 1110                       /dev/nvidiactl
7f959bfc8000-7f959bfc9000 rw-s 00000000 00:07 1110                       /dev/nvidiactl
7f959bfc9000-7f959bfca000 rw-s 00000000 00:07 1110                       /dev/nvidiactl
7f959bfca000-7f959bfcb000 rw-s 00000000 00:07 1110                       /dev/nvidiactl
7f959bfcb000-7f959bfcc000 rw-s 00000000 00:07 1110                       /dev/nvidiactl
7f959bfcc000-7f959d1dd000 ---p 00000000 00:00 0 
7f959d1dd000-7f959e1df000 rw-p 00000000 00:00 0 
7f959e1df000-7f95a5400000 ---p 00000000 00:00 0 
7f95a5400000-7f95a5401000 r--p 00000000 103:02 4815715                   /usr/lib/libmtdev.so.1.0.0
7f95a5401000-7f95a5404000 r-xp 00001000 103:02 4815715                   /usr/lib/libmtdev.so.1.0.0
7f95a5404000-7f95a5405000 r--p 00004000 103:02 4815715                   /usr/lib/libmtdev.so.1.0.0
7f95a5405000-7f95a5406000 r--p 00004000 103:02 4815715                   /usr/lib/libmtdev.so.1.0.0
7f95a5406000-7f95a5407000 rw-p 00005000 103:02 4815715                   /usr/lib/libmtdev.so.1.0.0
7f95a5407000-7f95a541e000 r--p 00000000 103:02 4763785                   /usr/lib/libsoup-3.0.so.0.7.4
7f95a541e000-7f95a5476000 r-xp 00017000 103:02 4763785                   /usr/lib/libsoup-3.0.so.0.7.4
7f95a5476000-7f95a5498000 r--p 0006f000 103:02 4763785                   /usr/lib/libsoup-3.0.so.0.7.4
7f95a5498000-7f95a549d000 r--p 00090000 103:02 4763785                   /usr/lib/libsoup-3.0.so.0.7.4
7f95a549d000-7f95a549e000 rw-p 00095000 103:02 4763785                   /usr/lib/libsoup-3.0.so.0.7.4
7f95a549e000-7f95a54fe000 rw-s 00000000 00:07 1110                       /dev/nvidiactl
7f95a54fe000-7f95a5e00000 rw-p 00000000 00:00 0 
7f95a5e00000-7f95a5fa8000 r--p 00000000 103:02 4826311                   /usr/lib/libcuda.so.610.57.04
7f95a5fa8000-7f95a7223000 r-xp 001a8000 103:02 4826311                   /usr/lib/libcuda.so.610.57.04
7f95a7223000-7f95ac7ea000 r--p 01423000 103:02 4826311                   /usr/lib/libcuda.so.610.57.04
7f95ac7ea000-7f95ac7eb000 ---p 069ea000 103:02 4826311                   /usr/lib/libcuda.so.610.57.04
7f95ac7eb000-7f95ac967000 r--p 069ea000 103:02 4826311                   /usr/lib/libcuda.so.610.57.04
7f95ac967000-7f95ac96c000 rw-p 06b66000 103:02 4826311                   /usr/lib/libcuda.so.610.57.04
7f95ac96c000-7f95ac9d4000 rw-p 00000000 00:00 0 
7f95ac9d4000-7f95ac9d5000 r--p 00000000 00:00 0 
7f95ac9d5000-7f95ac9fd000 rw-s 00000000 00:07 1110                       /dev/nvidiactl
7f95ac9fd000-7f95aca0d000 rw-s 00000000 00:07 1112                       /dev/nvidia0
7f95aca0d000-7f95aca12000 r--p 00000000 103:02 4745703                   /usr/lib/libWPEBackend-fdo-1.0.so.1.10.2
7f95aca12000-7f95aca1c000 r-xp 00005000 103:02 4745703                   /usr/lib/libWPEBackend-fdo-1.0.so.1.10.2
7f95aca1c000-7f95aca21000 r--p 0000f000 103:02 4745703                   /usr/lib/libWPEBackend-fdo-1.0.so.1.10.2
7f95aca21000-7f95aca23000 r--p 00013000 103:02 4745703                   /usr/lib/libWPEBackend-fdo-1.0.so.1.10.2
7f95aca23000-7f95aca24000 rw-p 00015000 103:02 4745703                   /usr/lib/libWPEBackend-fdo-1.0.so.1.10.2
7f95aca24000-7f95aca25000 rw-p 00000000 00:00 0 
7f95aca25000-7f95aca29000 ---p 00000000 00:00 0 
7f95aca29000-7f95acb25000 rw-p 00000000 00:00 0 
7f95acb25000-7f95acb35000 -w-s 00000000 00:07 1112                       /dev/nvidia0
7f95acb35000-7f95ad336000 rw-p 00000000 00:00 0 
7f95ad336000-7f95ad3b6000 rw-s 00000000 00:07 1110                       /dev/nvidiactl
7f95ad3b6000-7f95ad5b6000 rw-s 00000000 00:07 1110                       /dev/nvidiactl
7f95ad5b6000-7f95ad6b6000 rw-s 00000000 00:07 1110                       /dev/nvidiactl
7f95ad6b6000-7f95ad6c9000 rw-s 00000000 00:07 1110                       /dev/nvidiactl
7f95ad6c9000-7f95ad709000 rw-s 00000000 00:07 1110                       /dev/nvidiactl
7f95ad729000-7f95ad769000 rw-s 00000000 00:07 1110                       /dev/nvidiactl
7f95ad789000-7f95ae78b000 rw-p 00000000 00:00 0 
7f95ae78b000-7f95ae88b000 rw-s 00000000 00:07 1110                       /dev/nvidiactl
7f95ae88b000-7f95ae89e000 rw-s 00000000 00:07 1110                       /dev/nvidiactl
7f95ae89e000-7f95ae8de000 rw-s 00000000 00:07 1110                       /dev/nvidiactl
7f95ae8de000-7f95ae8fe000 rw-s 00000000 00:07 1110                       /dev/nvidiactl
7f95ae8fe000-7f95ae97e000 rw-s 00000000 00:07 1110                       /dev/nvidiactl
7f95ae97e000-7f95af980000 rw-p 00000000 00:00 0 
7f95af980000-7f95afa80000 rw-s 00000000 00:07 1110                       /dev/nvidiactl
7f95afa80000-7f95afb00000 rw-s 00000000 00:07 1110                       /dev/nvidiactl
7f95afb00000-7f95afb40000 rw-s 00000000 00:07 1110                       /dev/nvidiactl
7f95afb40000-7f95afb80000 rw-s 00000000 00:07 1110                       /dev/nvidiactl
7f95afb80000-7f95afc00000 rw-s 00000000 00:07 1112                       /dev/nvidia0
7f95afc00000-7f95afc33000 r--p 00000000 103:02 4833039                   /usr/lib/libnvidia-glvkspirv.so.610.57.04
7f95afc33000-7f95b03fc000 r-xp 00033000 103:02 4833039                   /usr/lib/libnvidia-glvkspirv.so.610.57.04
7f95b03fc000-7f95b054c000 r--p 007fc000 103:02 4833039                   /usr/lib/libnvidia-glvkspirv.so.610.57.04
7f95b054c000-7f95b054d000 ---p 0094c000 103:02 4833039                   /usr/lib/libnvidia-glvkspirv.so.610.57.04
7f95b054d000-7f95b055f000 r--p 0094c000 103:02 4833039                   /usr/lib/libnvidia-glvkspirv.so.610.57.04
7f95b055f000-7f95b05ed000 rw-p 0095e000 103:02 4833039                   /usr/lib/libnvidia-glvkspirv.so.610.57.04
7f95b05ed000-7f95b0602000 rw-p 00000000 00:00 0 
7f95b0602000-7f95b0606000 rw-p 00000000 00:00 0 
7f95b0606000-7f95b0619000 rw-s 00000000 00:07 1110                       /dev/nvidiactl
7f95b0619000-7f95b0639000 rw-s 00000000 00:07 1110                       /dev/nvidiactl
7f95b0659000-7f95b0699000 rw-s 00000000 00:07 1110                       /dev/nvidiactl
7f95b0699000-7f95b06b9000 rw-s 00000000 00:07 1110                       /dev/nvidiactl
7f95b06b9000-7f95b06bc000 r--p 00000000 103:02 4773820                   /usr/lib/libVkLayer_MESA_device_select.so
7f95b06bc000-7f95b06cb000 r-xp 00003000 103:02 4773820                   /usr/lib/libVkLayer_MESA_device_select.so
7f95b06cb000-7f95b06d0000 r--p 00012000 103:02 4773820                   /usr/lib/libVkLayer_MESA_device_select.so
7f95b06d0000-7f95b06d1000 r--p 00016000 103:02 4773820                   /usr/lib/libVkLayer_MESA_device_select.so
7f95b06d1000-7f95b06d2000 rw-p 00017000 103:02 4773820                   /usr/lib/libVkLayer_MESA_device_select.so
7f95b06d2000-7f95b06d4000 rw-p 00000000 00:00 0 
7f95b06d4000-7f95b06e4000 rw-s 00000000 00:07 1112                       /dev/nvidia0
7f95b06e4000-7f95b06f0000 r--p 00000000 103:02 4751819                   /usr/lib/libxcb-glx.so.0.0.0
7f95b06f0000-7f95b06f9000 r-xp 0000c000 103:02 4751819                   /usr/lib/libxcb-glx.so.0.0.0
7f95b06f9000-7f95b06fe000 r--p 00015000 103:02 4751819                   /usr/lib/libxcb-glx.so.0.0.0
7f95b06fe000-7f95b0700000 r--p 0001a000 103:02 4751819                   /usr/lib/libxcb-glx.so.0.0.0
7f95b0700000-7f95b0701000 rw-p 0001c000 103:02 4751819                   /usr/lib/libxcb-glx.so.0.0.0
7f95b0701000-7f95b0803000 rw-p 00000000 00:00 0 
7f95b0803000-7f95b0807000 ---p 00000000 00:00 0 
7f95b0807000-7f95b0904000 rw-p 00000000 00:00 0 
7f95b0904000-7f95b0908000 ---p 00000000 00:00 0 
7f95b0908000-7f95b0a04000 rw-p 00000000 00:00 0 
7f95b0a04000-7f95b0a24000 r-xp 00000000 00:00 0 
7f95b0a24000-7f95b0a84000 rw-p 00000000 00:00 0 
7f95b0a84000-7f95b0a94000 r-xp 00000000 00:00 0 
7f95b0a94000-7f95b0bb4000 rw-p 00000000 00:00 0 
7f95b0bb4000-7f95b1bb6000 rw-p 00000000 00:00 0 
7f95b1bb6000-7f95b1bf6000 rw-p 00000000 00:00 0 
7f95b1bf6000-7f95b6c00000 rw-p 00000000 00:00 0 
7f95b6c00000-7f95b6cc3000 r--p 00000000 103:02 4812054                   /usr/lib/libglycin-2.so.0
7f95b6cc3000-7f95b6fe0000 r-xp 000c2000 103:02 4812054                   /usr/lib/libglycin-2.so.0
7f95b6fe0000-7f95b6ff9000 r--p 003de000 103:02 4812054                   /usr/lib/libglycin-2.so.0
7f95b6ff9000-7f95b6ffd000 rw-p 003f6000 103:02 4812054                   /usr/lib/libglycin-2.so.0
7f95b6ffd000-7f95b6ffe000 r-xp 00000000 00:00 0 
7f95b6ffe000-7f95b6fff000 r--p 00000000 00:00 0 
7f95b6fff000-7f95b700f000 r-xp 00000000 00:00 0 
7f95b700f000-7f95b70cf000 rw-p 00000000 00:00 0 
7f95b70cf000-7f95b70d1000 r--p 00000000 103:02 4734009                   /usr/lib/libseccomp.so.2.6.0
7f95b70d1000-7f95b70e1000 r-xp 00002000 103:02 4734009                   /usr/lib/libseccomp.so.2.6.0
7f95b70e1000-7f95b70fa000 r--p 00012000 103:02 4734009                   /usr/lib/libseccomp.so.2.6.0
7f95b70fa000-7f95b70fb000 r--p 0002b000 103:02 4734009                   /usr/lib/libseccomp.so.2.6.0
7f95b70fb000-7f95b70fc000 rw-p 0002c000 103:02 4734009                   /usr/lib/libseccomp.so.2.6.0
7f95b70fc000-7f95b7101000 r--p 00000000 103:02 4755422                   /usr/lib/libsndfile.so.1.0.37
7f95b7101000-7f95b7167000 r-xp 00005000 103:02 4755422                   /usr/lib/libsndfile.so.1.0.37
7f95b7167000-7f95b7180000 r--p 0006b000 103:02 4755422                   /usr/lib/libsndfile.so.1.0.37
7f95b7180000-7f95b7183000 r--p 00084000 103:02 4755422                   /usr/lib/libsndfile.so.1.0.37
7f95b7183000-7f95b7184000 rw-p 00087000 103:02 4755422                   /usr/lib/libsndfile.so.1.0.37
7f95b7184000-7f95b7186000 rw-p 00000000 00:00 0 
7f95b7186000-7f95b7188000 r--p 00000000 103:02 4769564                   /usr/lib/libv4lconvert.so.0.0.0
7f95b7188000-7f95b71a3000 r-xp 00002000 103:02 4769564                   /usr/lib/libv4lconvert.so.0.0.0
7f95b71a3000-7f95b71ab000 r--p 0001d000 103:02 4769564                   /usr/lib/libv4lconvert.so.0.0.0
7f95b71ab000-7f95b71ad000 r--p 00025000 103:02 4769564                   /usr/lib/libv4lconvert.so.0.0.0
7f95b71ad000-7f95b71ae000 rw-p 00027000 103:02 4769564                   /usr/lib/libv4lconvert.so.0.0.0
7f95b71ae000-7f95b7200000 rw-p 00000000 00:00 0 
7f95b7200000-7f95b7249000 r--p 00000000 103:02 4817127                   /usr/lib/libSPIRV-Tools-opt.so
7f95b7249000-7f95b7412000 r-xp 00049000 103:02 4817127                   /usr/lib/libSPIRV-Tools-opt.so
7f95b7412000-7f95b746b000 r--p 00212000 103:02 4817127                   /usr/lib/libSPIRV-Tools-opt.so
7f95b746b000-7f95b747b000 r--p 0026b000 103:02 4817127                   /usr/lib/libSPIRV-Tools-opt.so
7f95b747b000-7f95b747c000 rw-p 0027b000 103:02 4817127                   /usr/lib/libSPIRV-Tools-opt.so
7f95b747d000-7f95b7481000 rw-p 00000000 00:00 0 
7f95b7481000-7f95b748a000 r--p 00000000 103:02 4769004                   /usr/lib/libFLAC.so.14.0.0
7f95b748a000-7f95b74c0000 r-xp 00009000 103:02 4769004                   /usr/lib/libFLAC.so.14.0.0
7f95b74c0000-7f95b74c8000 r--p 0003f000 103:02 4769004                   /usr/lib/libFLAC.so.14.0.0
7f95b74c8000-7f95b74c9000 r--p 00047000 103:02 4769004                   /usr/lib/libFLAC.so.14.0.0
7f95b74c9000-7f95b74ca000 rw-p 00048000 103:02 4769004                   /usr/lib/libFLAC.so.14.0.0
7f95b74ca000-7f95b74d8000 r--p 00000000 103:02 5905684                   /usr/lib/libOpenGL.so.0.0.0
7f95b74d8000-7f95b74e3000 r-xp 0000e000 103:02 5905684                   /usr/lib/libOpenGL.so.0.0.0
7f95b74e3000-7f95b74e8000 r--p 00019000 103:02 5905684                   /usr/lib/libOpenGL.so.0.0.0
7f95b74e8000-7f95b74ed000 r--p 0001e000 103:02 5905684                   /usr/lib/libOpenGL.so.0.0.0
7f95b74ed000-7f95b74ee000 rw-p 00023000 103:02 5905684                   /usr/lib/libOpenGL.so.0.0.0
7f95b74ee000-7f95b74ff000 r--p 00000000 103:02 4732432                   /usr/lib/libkrb5.so.3.3
7f95b74ff000-7f95b756f000 r-xp 00011000 103:02 4732432                   /usr/lib/libkrb5.so.3.3
7f95b756f000-7f95b75ad000 r--p 00081000 103:02 4732432                   /usr/lib/libkrb5.so.3.3
7f95b75ad000-7f95b75bb000 r--p 000bf000 103:02 4732432                   /usr/lib/libkrb5.so.3.3
7f95b75bb000-7f95b75bd000 rw-p 000cd000 103:02 4732432                   /usr/lib/libkrb5.so.3.3
7f95b75bd000-7f95b75cb000 r--p 00000000 103:02 4758220                   /usr/lib/libnettle.so.9.0
7f95b75cb000-7f95b75fd000 r-xp 0000e000 103:02 4758220                   /usr/lib/libnettle.so.9.0
7f95b75fd000-7f95b7615000 r--p 00040000 103:02 4758220                   /usr/lib/libnettle.so.9.0
7f95b7615000-7f95b7618000 r--p 00057000 103:02 4758220                   /usr/lib/libnettle.so.9.0
7f95b7618000-7f95b7619000 rw-p 0005a000 103:02 4758220                   /usr/lib/libnettle.so.9.0
7f95b7619000-7f95b7628000 r--p 00000000 103:02 4735687                   /usr/lib/libunistring.so.5.2.1
7f95b7628000-7f95b766c000 r-xp 0000f000 103:02 4735687                   /usr/lib/libunistring.so.5.2.1
7f95b766c000-7f95b77fb000 r--p 00053000 103:02 4735687                   /usr/lib/libunistring.so.5.2.1
7f95b77fb000-7f95b77ff000 r--p 001e2000 103:02 4735687                   /usr/lib/libunistring.so.5.2.1
7f95b77ff000-7f95b7800000 rw-p 001e6000 103:02 4735687                   /usr/lib/libunistring.so.5.2.1
7f95b7800000-7f95b781a000 r--p 00000000 103:02 4760330                   /usr/lib/libleancrypto.so.1
7f95b781a000-7f95b7938000 r-xp 0001a000 103:02 4760330                   /usr/lib/libleancrypto.so.1
7f95b7938000-7f95b7a5b000 r--p 00138000 103:02 4760330                   /usr/lib/libleancrypto.so.1
7f95b7a5b000-7f95b7a61000 r--p 0025b000 103:02 4760330                   /usr/lib/libleancrypto.so.1
7f95b7a61000-7f95b7a63000 rw-p 00261000 103:02 4760330                   /usr/lib/libleancrypto.so.1
7f95b7a63000-7f95b7a68000 rw-p 00000000 00:00 0 
7f95b7a68000-7f95b7a6b000 r--p 00000000 103:02 4777131                   /usr/lib/libmd.so.0.2.0
7f95b7a6b000-7f95b7a77000 r-xp 00003000 103:02 4777131                   /usr/lib/libmd.so.0.2.0
7f95b7a77000-7f95b7a79000 r--p 0000f000 103:02 4777131                   /usr/lib/libmd.so.0.2.0
7f95b7a79000-7f95b7a7a000 r--p 00011000 103:02 4777131                   /usr/lib/libmd.so.0.2.0
7f95b7a7a000-7f95b7a7b000 rw-p 00012000 103:02 4777131                   /usr/lib/libmd.so.0.2.0
7f95b7a7b000-7f95b7a7e000 r--p 00000000 103:02 4722208                   /usr/lib/libresolv.so.2
7f95b7a7e000-7f95b7a87000 r-xp 00003000 103:02 4722208                   /usr/lib/libresolv.so.2
7f95b7a87000-7f95b7a8a000 r--p 0000c000 103:02 4722208                   /usr/lib/libresolv.so.2
7f95b7a8a000-7f95b7a8b000 r--p 0000f000 103:02 4722208                   /usr/lib/libresolv.so.2
7f95b7a8b000-7f95b7a8c000 rw-p 00010000 103:02 4722208                   /usr/lib/libresolv.so.2
7f95b7a8c000-7f95b7a8e000 rw-p 00000000 00:00 0 
7f95b7a8e000-7f95b7a95000 r--p 00000000 103:02 4770278                   /usr/lib/libp11-kit.so.0.4.11
7f95b7a95000-7f95b7b7e000 r-xp 00007000 103:02 4770278                   /usr/lib/libp11-kit.so.0.4.11
7f95b7b7e000-7f95b7c10000 r--p 000f0000 103:02 4770278                   /usr/lib/libp11-kit.so.0.4.11
7f95b7c10000-7f95b7c21000 r--p 00181000 103:02 4770278                   /usr/lib/libp11-kit.so.0.4.11
7f95b7c21000-7f95b7c30000 rw-p 00192000 103:02 4770278                   /usr/lib/libp11-kit.so.0.4.11
7f95b7c30000-7f95b7c3f000 r--p 00000000 103:02 4811985                   /usr/lib/libsodium.so.26.4.0
7f95b7c3f000-7f95b7c92000 r-xp 0000f000 103:02 4811985                   /usr/lib/libsodium.so.26.4.0
7f95b7c92000-7f95b7ca4000 r--p 00062000 103:02 4811985                   /usr/lib/libsodium.so.26.4.0
7f95b7ca4000-7f95b7ca5000 r--p 00074000 103:02 4811985                   /usr/lib/libsodium.so.26.4.0
7f95b7ca5000-7f95b7ca6000 rw-p 00075000 103:02 4811985                   /usr/lib/libsodium.so.26.4.0
7f95b7ca6000-7f95b7cb1000 r--p 00000000 103:02 4815516                   /usr/lib/libgomp.so.1.0.0
7f95b7cb1000-7f95b7cef000 r-xp 0000b000 103:02 4815516                   /usr/lib/libgomp.so.1.0.0
7f95b7cef000-7f95b7cfe000 r--p 00049000 103:02 4815516                   /usr/lib/libgomp.so.1.0.0
7f95b7cfe000-7f95b7cff000 r--p 00057000 103:02 4815516                   /usr/lib/libgomp.so.1.0.0
7f95b7cff000-7f95b7d00000 rw-p 00058000 103:02 4815516                   /usr/lib/libgomp.so.1.0.0
7f95b7d00000-7f95b7d05000 r--p 00000000 103:02 4722184                   /usr/lib/libmvec.so.1
7f95b7d05000-7f95b7d27000 r-xp 00005000 103:02 4722184                   /usr/lib/libmvec.so.1
7f95b7d27000-7f95b7dfe000 r--p 00027000 103:02 4722184                   /usr/lib/libmvec.so.1
7f95b7dfe000-7f95b7dff000 r--p 000fe000 103:02 4722184                   /usr/lib/libmvec.so.1
7f95b7dff000-7f95b7e00000 rw-p 000ff000 103:02 4722184                   /usr/lib/libmvec.so.1
7f95b7e00000-7f95b7e11000 r--p 00000000 103:02 4756846                   /usr/lib/libslang.so.2.3.3
7f95b7e11000-7f95b7ef2000 r-xp 00011000 103:02 4756846                   /usr/lib/libslang.so.2.3.3
7f95b7ef2000-7f95b7f33000 r--p 000f2000 103:02 4756846                   /usr/lib/libslang.so.2.3.3
7f95b7f33000-7f95b7f4a000 r--p 00132000 103:02 4756846                   /usr/lib/libslang.so.2.3.3
7f95b7f4a000-7f95b7f54000 rw-p 00149000 103:02 4756846                   /usr/lib/libslang.so.2.3.3
7f95b7f54000-7f95b80f0000 rw-p 00000000 00:00 0 
7f95b80f0000-7f95b80f1000 rw-s 00000000 00:07 1110                       /dev/nvidiactl
7f95b80f1000-7f95b80f2000 r--p 00000000 103:02 4835239                   /usr/lib/libhyphen.so.0.4.0
7f95b80f2000-7f95b80f6000 r-xp 00001000 103:02 4835239                   /usr/lib/libhyphen.so.0.4.0
7f95b80f6000-7f95b80f7000 r--p 00005000 103:02 4835239                   /usr/lib/libhyphen.so.0.4.0
7f95b80f7000-7f95b80f8000 r--p 00005000 103:02 4835239                   /usr/lib/libhyphen.so.0.4.0
7f95b80f8000-7f95b80f9000 rw-p 00006000 103:02 4835239                   /usr/lib/libhyphen.so.0.4.0
7f95b80f9000-7f95b8101000 r--p 00000000 103:02 4738622                   /usr/lib/libhogweed.so.7.0
7f95b8101000-7f95b8114000 r-xp 00008000 103:02 4738622                   /usr/lib/libhogweed.so.7.0
7f95b8114000-7f95b813d000 r--p 0001b000 103:02 4738622                   /usr/lib/libhogweed.so.7.0
7f95b813d000-7f95b813f000 r--p 00043000 103:02 4738622                   /usr/lib/libhogweed.so.7.0
7f95b813f000-7f95b8140000 rw-p 00045000 103:02 4738622                   /usr/lib/libhogweed.so.7.0
7f95b8140000-7f95b8141000 r--p 00000000 103:02 4814598                   /usr/lib/libbrotlienc.so.1.2.0
7f95b8141000-7f95b81ae000 r-xp 00001000 103:02 4814598                   /usr/lib/libbrotlienc.so.1.2.0
7f95b81ae000-7f95b81fe000 r--p 0006e000 103:02 4814598                   /usr/lib/libbrotlienc.so.1.2.0
7f95b81fe000-7f95b81ff000 r--p 000bd000 103:02 4814598                   /usr/lib/libbrotlienc.so.1.2.0
7f95b81ff000-7f95b8200000 rw-p 000be000 103:02 4814598                   /usr/lib/libbrotlienc.so.1.2.0
7f95b8200000-7f95b8219000 r--p 00000000 103:02 4773780                   /usr/lib/libfftw3.so.3.7.11
7f95b8219000-7f95b83f5000 r-xp 00019000 103:02 4773780                   /usr/lib/libfftw3.so.3.7.11
7f95b83f5000-7f95b841c000 r--p 001f5000 103:02 4773780                   /usr/lib/libfftw3.so.3.7.11
7f95b841c000-7f95b842d000 r--p 0021c000 103:02 4773780                   /usr/lib/libfftw3.so.3.7.11
7f95b842d000-7f95b842e000 rw-p 0022d000 103:02 4773780                   /usr/lib/libfftw3.so.3.7.11
7f95b842e000-7f95b8430000 rw-s 00000000 00:07 1110                       /dev/nvidiactl
7f95b8430000-7f95b8432000 r--p 00000000 103:02 4722782                   /usr/lib/libatomic.so.1.2.0
7f95b8432000-7f95b8436000 r-xp 00002000 103:02 4722782                   /usr/lib/libatomic.so.1.2.0
7f95b8436000-7f95b8438000 r--p 00006000 103:02 4722782                   /usr/lib/libatomic.so.1.2.0
7f95b8438000-7f95b8439000 r--p 00007000 103:02 4722782                   /usr/lib/libatomic.so.1.2.0
7f95b8439000-7f95b843a000 rw-p 00008000 103:02 4722782                   /usr/lib/libatomic.so.1.2.0
7f95b843a000-7f95b843b000 rw-p 00000000 00:00 0 
7f95b843b000-7f95b845f000 r--p 00000000 103:02 4754125                   /usr/lib/libdb-5.3.so
7f95b845f000-7f95b85bc000 r-xp 00024000 103:02 4754125                   /usr/lib/libdb-5.3.so
7f95b85bc000-7f95b85f5000 r--p 00181000 103:02 4754125                   /usr/lib/libdb-5.3.so
7f95b85f5000-7f95b85ff000 r--p 001b9000 103:02 4754125                   /usr/lib/libdb-5.3.so
7f95b85ff000-7f95b8600000 rw-p 001c3000 103:02 4754125                   /usr/lib/libdb-5.3.so
7f95b8600000-7f95b8653000 r--p 00000000 103:02 4726308                   /usr/lib/libcrypto.so.3
7f95b8653000-7f95b89ff000 r-xp 00053000 103:02 4726308                   /usr/lib/libcrypto.so.3
7f95b89ff000-7f95b8b25000 r--p 003ff000 103:02 4726308                   /usr/lib/libcrypto.so.3
7f95b8b25000-7f95b8ba3000 r--p 00525000 103:02 4726308                   /usr/lib/libcrypto.so.3
7f95b8ba3000-7f95b8ba6000 rw-p 005a3000 103:02 4726308                   /usr/lib/libcrypto.so.3
7f95b8ba6000-7f95b8ba9000 rw-p 00000000 00:00 0 
7f95b8ba9000-7f95b8bad000 r--p 00000000 103:02 4745687                   /usr/lib/libwpe-1.0.so.1.9.6
7f95b8bad000-7f95b8bb0000 r-xp 00004000 103:02 4745687                   /usr/lib/libwpe-1.0.so.1.9.6
7f95b8bb0000-7f95b8bb3000 r--p 00007000 103:02 4745687                   /usr/lib/libwpe-1.0.so.1.9.6
7f95b8bb3000-7f95b8bb4000 r--p 0000a000 103:02 4745687                   /usr/lib/libwpe-1.0.so.1.9.6
7f95b8bb4000-7f95b8bb5000 rw-p 0000b000 103:02 4745687                   /usr/lib/libwpe-1.0.so.1.9.6
7f95b8bb5000-7f95b8bb9000 r--p 00000000 103:02 4830241                   /usr/lib/libpgm-5.3.so.0.0.128
7f95b8bb9000-7f95b8be1000 r-xp 00004000 103:02 4830241                   /usr/lib/libpgm-5.3.so.0.0.128
7f95b8be1000-7f95b8bfa000 r--p 0002c000 103:02 4830241                   /usr/lib/libpgm-5.3.so.0.0.128
7f95b8bfa000-7f95b8bfb000 r--p 00045000 103:02 4830241                   /usr/lib/libpgm-5.3.so.0.0.128
7f95b8bfb000-7f95b8bfc000 rw-p 00046000 103:02 4830241                   /usr/lib/libpgm-5.3.so.0.0.128
7f95b8bfc000-7f95b8c00000 rw-p 00000000 00:00 0 
7f95b8c00000-7f95b8c09000 r--p 00000000 103:02 4835513                   /usr/lib/libglslang.so.16.4.0
7f95b8c09000-7f95b8ee3000 r-xp 00009000 103:02 4835513                   /usr/lib/libglslang.so.16.4.0
7f95b8ee3000-7f95b8f98000 r--p 002e3000 103:02 4835513                   /usr/lib/libglslang.so.16.4.0
7f95b8f98000-7f95b8fa7000 r--p 00397000 103:02 4835513                   /usr/lib/libglslang.so.16.4.0
7f95b8fa7000-7f95b8fa9000 rw-p 003a6000 103:02 4835513                   /usr/lib/libglslang.so.16.4.0
7f95b8fa9000-7f95b96be000 rw-p 00000000 00:00 0 
7f95b96be000-7f95b96bf000 r--p 00000000 103:02 4762067                   /usr/lib/libwebpdemux.so.2.0.17
7f95b96bf000-7f95b96c2000 r-xp 00001000 103:02 4762067                   /usr/lib/libwebpdemux.so.2.0.17
7f95b96c2000-7f95b96c3000 r--p 00004000 103:02 4762067                   /usr/lib/libwebpdemux.so.2.0.17
7f95b96c3000-7f95b96c4000 r--p 00004000 103:02 4762067                   /usr/lib/libwebpdemux.so.2.0.17
7f95b96c4000-7f95b96c5000 rw-p 00005000 103:02 4762067                   /usr/lib/libwebpdemux.so.2.0.17
7f95b96c5000-7f95b96c8000 r--p 00000000 103:02 4732383                   /usr/lib/libk5crypto.so.3.1
7f95b96c8000-7f95b96e4000 r-xp 00003000 103:02 4732383                   /usr/lib/libk5crypto.so.3.1
7f95b96e4000-7f95b96f0000 r--p 0001f000 103:02 4732383                   /usr/lib/libk5crypto.so.3.1
7f95b96f0000-7f95b96f2000 r--p 0002a000 103:02 4732383                   /usr/lib/libk5crypto.so.3.1
7f95b96f2000-7f95b96f3000 rw-p 0002c000 103:02 4732383                   /usr/lib/libk5crypto.so.3.1
7f95b96f3000-7f95b96f7000 r--p 00000000 103:02 4771010                   /usr/lib/libmpg123.so.0.49.4
7f95b96f7000-7f95b9735000 r-xp 00004000 103:02 4771010                   /usr/lib/libmpg123.so.0.49.4
7f95b9735000-7f95b9750000 r--p 00042000 103:02 4771010                   /usr/lib/libmpg123.so.0.49.4
7f95b9750000-7f95b9751000 r--p 0005d000 103:02 4771010                   /usr/lib/libmpg123.so.0.49.4
7f95b9751000-7f95b9752000 rw-p 0005e000 103:02 4771010                   /usr/lib/libmpg123.so.0.49.4
7f95b9752000-7f95b975d000 r--p 00000000 103:02 4758350                   /usr/lib/libglut.so.3.13.0
7f95b975d000-7f95b9777000 r-xp 0000b000 103:02 4758350                   /usr/lib/libglut.so.3.13.0
7f95b9777000-7f95b9791000 r--p 00025000 103:02 4758350                   /usr/lib/libglut.so.3.13.0
7f95b9791000-7f95b9795000 r--p 0003f000 103:02 4758350                   /usr/lib/libglut.so.3.13.0
7f95b9795000-7f95b979c000 rw-p 00043000 103:02 4758350                   /usr/lib/libglut.so.3.13.0
7f95b979c000-7f95b9800000 rw-p 00000000 00:00 0 
7f95b9800000-7f95b9825000 r--p 00000000 103:02 4738682                   /usr/lib/libgnutls.so.30.42.0
7f95b9825000-7f95b997b000 r-xp 00025000 103:02 4738682                   /usr/lib/libgnutls.so.30.42.0
7f95b997b000-7f95b99f9000 r--p 0017b000 103:02 4738682                   /usr/lib/libgnutls.so.30.42.0
7f95b99f9000-7f95b9a0b000 r--p 001f8000 103:02 4738682                   /usr/lib/libgnutls.so.30.42.0
7f95b9a0b000-7f95b9a0e000 rw-p 0020a000 103:02 4738682                   /usr/lib/libgnutls.so.30.42.0
7f95b9a0e000-7f95b9a11000 rw-p 00000000 00:00 0 
7f95b9a11000-7f95b9a15000 rw-p 00000000 00:00 0 
7f95b9a15000-7f95b9a16000 r--p 00000000 103:02 4745662                   /usr/lib/libharfbuzz-icu.so.0.61431.0
7f95b9a16000-7f95b9a17000 r-xp 00001000 103:02 4745662                   /usr/lib/libharfbuzz-icu.so.0.61431.0
7f95b9a17000-7f95b9a18000 r--p 00002000 103:02 4745662                   /usr/lib/libharfbuzz-icu.so.0.61431.0
7f95b9a18000-7f95b9a19000 r--p 00002000 103:02 4745662                   /usr/lib/libharfbuzz-icu.so.0.61431.0
7f95b9a19000-7f95b9a1a000 rw-p 00003000 103:02 4745662                   /usr/lib/libharfbuzz-icu.so.0.61431.0
7f95b9a1a000-7f95b9a1c000 r--p 00000000 103:02 4788180                   /usr/lib/libasyncns.so.0.3.1
7f95b9a1c000-7f95b9a1f000 r-xp 00002000 103:02 4788180                   /usr/lib/libasyncns.so.0.3.1
7f95b9a1f000-7f95b9a20000 r--p 00005000 103:02 4788180                   /usr/lib/libasyncns.so.0.3.1
7f95b9a20000-7f95b9a21000 r--p 00005000 103:02 4788180                   /usr/lib/libasyncns.so.0.3.1
7f95b9a21000-7f95b9a22000 rw-p 00006000 103:02 4788180                   /usr/lib/libasyncns.so.0.3.1
7f95b9a22000-7f95b9a24000 r--p 00000000 103:02 4737522                   /usr/lib/libtasn1.so.6.6.5
7f95b9a24000-7f95b9a33000 r-xp 00002000 103:02 4737522                   /usr/lib/libtasn1.so.6.6.5
7f95b9a33000-7f95b9a36000 r--p 00011000 103:02 4737522                   /usr/lib/libtasn1.so.6.6.5
7f95b9a36000-7f95b9a37000 r--p 00014000 103:02 4737522                   /usr/lib/libtasn1.so.6.6.5
7f95b9a37000-7f95b9a38000 rw-p 00015000 103:02 4737522                   /usr/lib/libtasn1.so.6.6.5
7f95b9a38000-7f95b9a3b000 r--p 00000000 103:02 4777363                   /usr/lib/libGLU.so.1.3.1
7f95b9a3b000-7f95b9a85000 r-xp 00003000 103:02 4777363                   /usr/lib/libGLU.so.1.3.1
7f95b9a85000-7f95b9a90000 r--p 0004d000 103:02 4777363                   /usr/lib/libGLU.so.1.3.1
7f95b9a90000-7f95b9a91000 r--p 00058000 103:02 4777363                   /usr/lib/libGLU.so.1.3.1
7f95b9a91000-7f95b9a92000 rw-p 00059000 103:02 4777363                   /usr/lib/libGLU.so.1.3.1
7f95b9a92000-7f95b9a93000 r--p 00000000 103:02 4768927                   /usr/lib/libsamplerate.so.0.2.2
7f95b9a93000-7f95b9a98000 r-xp 00001000 103:02 4768927                   /usr/lib/libsamplerate.so.0.2.2
7f95b9a98000-7f95b9bfe000 r--p 00006000 103:02 4768927                   /usr/lib/libsamplerate.so.0.2.2
7f95b9bfe000-7f95b9bff000 r--p 0016b000 103:02 4768927                   /usr/lib/libsamplerate.so.0.2.2
7f95b9bff000-7f95b9c00000 rw-p 0016c000 103:02 4768927                   /usr/lib/libsamplerate.so.0.2.2
7f95b9c00000-7f95b9c0c000 r--p 00000000 103:02 4758335                   /usr/lib/libopenmpt.so.0.5.5
7f95b9c0c000-7f95b9d81000 r-xp 0000c000 103:02 4758335                   /usr/lib/libopenmpt.so.0.5.5
7f95b9d81000-7f95b9dd0000 r--p 00181000 103:02 4758335                   /usr/lib/libopenmpt.so.0.5.5
7f95b9dd0000-7f95b9dd5000 r--p 001d0000 103:02 4758335                   /usr/lib/libopenmpt.so.0.5.5
7f95b9dd5000-7f95b9dd6000 rw-p 001d5000 103:02 4758335                   /usr/lib/libopenmpt.so.0.5.5
7f95b9dd6000-7f95b9e30000 rw-p 00000000 00:00 0 
7f95b9e30000-7f95b9e31000 r-xp 00000000 00:00 0 
7f95b9e31000-7f95b9e32000 r--p 00000000 00:00 0 
7f95b9e32000-7f95b9e36000 rw-s 00000000 00:07 1110                       /dev/nvidiactl
7f95b9e36000-7f95b9e39000 r--p 00000000 103:02 4732435                   /usr/lib/libkrb5support.so.0.1
7f95b9e39000-7f95b9e40000 r-xp 00003000 103:02 4732435                   /usr/lib/libkrb5support.so.0.1
7f95b9e40000-7f95b9e43000 r--p 0000a000 103:02 4732435                   /usr/lib/libkrb5support.so.0.1
7f95b9e43000-7f95b9e44000 r--p 0000c000 103:02 4732435                   /usr/lib/libkrb5support.so.0.1
7f95b9e44000-7f95b9e45000 rw-p 0000d000 103:02 4732435                   /usr/lib/libkrb5support.so.0.1
7f95b9e45000-7f95b9e47000 r--p 00000000 103:02 4816273                   /usr/lib/libvorbisfile.so.3.3.8
7f95b9e47000-7f95b9e4c000 r-xp 00002000 103:02 4816273                   /usr/lib/libvorbisfile.so.3.3.8
7f95b9e4c000-7f95b9e4d000 r--p 00007000 103:02 4816273                   /usr/lib/libvorbisfile.so.3.3.8
7f95b9e4d000-7f95b9e4e000 r--p 00007000 103:02 4816273                   /usr/lib/libvorbisfile.so.3.3.8
7f95b9e4e000-7f95b9e4f000 rw-p 00008000 103:02 4816273                   /usr/lib/libvorbisfile.so.3.3.8
7f95b9e4f000-7f95b9e56000 r--p 00000000 103:02 4761802                   /usr/lib/libgdk_pixbuf-2.0.so.0.4400.7
7f95b9e56000-7f95b9e78000 r-xp 00007000 103:02 4761802                   /usr/lib/libgdk_pixbuf-2.0.so.0.4400.7
7f95b9e78000-7f95b9e86000 r--p 00029000 103:02 4761802                   /usr/lib/libgdk_pixbuf-2.0.so.0.4400.7
7f95b9e86000-7f95b9e88000 r--p 00036000 103:02 4761802                   /usr/lib/libgdk_pixbuf-2.0.so.0.4400.7
7f95b9e88000-7f95b9e89000 rw-p 00038000 103:02 4761802                   /usr/lib/libgdk_pixbuf-2.0.so.0.4400.7
7f95b9e89000-7f95b9e9d000 r--p 00000000 103:02 5005676                   /usr/lib/pulseaudio/libpulsecommon-17.0.so
7f95b9e9d000-7f95b9ee7000 r-xp 00014000 103:02 5005676                   /usr/lib/pulseaudio/libpulsecommon-17.0.so
7f95b9ee7000-7f95b9f06000 r--p 0005e000 103:02 5005676                   /usr/lib/pulseaudio/libpulsecommon-17.0.so
7f95b9f06000-7f95b9f08000 r--p 0007d000 103:02 5005676                   /usr/lib/pulseaudio/libpulsecommon-17.0.so
7f95b9f08000-7f95b9f09000 rw-p 0007f000 103:02 5005676                   /usr/lib/pulseaudio/libpulsecommon-17.0.so
7f95b9f09000-7f95b9f1d000 r--p 00000000 103:02 4726312                   /usr/lib/libssl.so.3
7f95b9f1d000-7f95b9fca000 r-xp 00014000 103:02 4726312                   /usr/lib/libssl.so.3
7f95b9fca000-7f95b9ff2000 r--p 000c1000 103:02 4726312                   /usr/lib/libssl.so.3
7f95b9ff2000-7f95b9ffc000 r--p 000e9000 103:02 4726312                   /usr/lib/libssl.so.3
7f95b9ffc000-7f95ba000000 rw-p 000f3000 103:02 4726312                   /usr/lib/libssl.so.3
7f95ba000000-7f95ba006000 r-xp 00000000 103:02 1313995                   /opt/cuda/targets/x86_64-linux/lib/libOpenCL.so.1.0.0
7f95ba006000-7f95ba205000 ---p 00006000 103:02 1313995                   /opt/cuda/targets/x86_64-linux/lib/libOpenCL.so.1.0.0
7f95ba205000-7f95ba207000 r--p 00005000 103:02 1313995                   /opt/cuda/targets/x86_64-linux/lib/libOpenCL.so.1.0.0
7f95ba207000-7f95ba208000 rw-p 00007000 103:02 1313995                   /opt/cuda/targets/x86_64-linux/lib/libOpenCL.so.1.0.0
7f95ba208000-7f95ba209000 rw-p 00000000 00:00 0 
7f95ba209000-7f95ba20b000 r--p 00000000 103:02 4755205                   /usr/lib/libhwy.so.1.4.0
7f95ba20b000-7f95ba213000 r-xp 00002000 103:02 4755205                   /usr/lib/libhwy.so.1.4.0
7f95ba213000-7f95ba216000 r--p 0000a000 103:02 4755205                   /usr/lib/libhwy.so.1.4.0
7f95ba216000-7f95ba217000 r--p 0000c000 103:02 4755205                   /usr/lib/libhwy.so.1.4.0
7f95ba217000-7f95ba218000 rw-p 0000d000 103:02 4755205                   /usr/lib/libhwy.so.1.4.0
7f95ba218000-7f95ba221000 r--p 00000000 103:02 4732365                   /usr/lib/libgssapi_krb5.so.2.2
7f95ba221000-7f95ba261000 r-xp 00009000 103:02 4732365                   /usr/lib/libgssapi_krb5.so.2.2
7f95ba261000-7f95ba26d000 r--p 00049000 103:02 4732365                   /usr/lib/libgssapi_krb5.so.2.2
7f95ba26d000-7f95ba26f000 r--p 00055000 103:02 4732365                   /usr/lib/libgssapi_krb5.so.2.2
7f95ba26f000-7f95ba270000 rw-p 00057000 103:02 4732365                   /usr/lib/libgssapi_krb5.so.2.2
7f95ba270000-7f95ba276000 r--p 00000000 103:02 4769212                   /usr/lib/libmodplug.so.1.0.0
7f95ba276000-7f95ba2b4000 r-xp 00006000 103:02 4769212                   /usr/lib/libmodplug.so.1.0.0
7f95ba2b4000-7f95ba2c1000 r--p 00044000 103:02 4769212                   /usr/lib/libmodplug.so.1.0.0
7f95ba2c1000-7f95ba2c2000 r--p 00051000 103:02 4769212                   /usr/lib/libmodplug.so.1.0.0
7f95ba2c2000-7f95ba2c3000 rw-p 00052000 103:02 4769212                   /usr/lib/libmodplug.so.1.0.0
7f95ba2c3000-7f95ba400000 rw-p 00000000 00:00 0 
7f95ba400000-7f95ba45f000 r--p 00000000 103:02 4835194                   /usr/lib/libx265.so.217
7f95ba45f000-7f95bb877000 r-xp 0005f000 103:02 4835194                   /usr/lib/libx265.so.217
7f95bb877000-7f95bb8fb000 r--p 01477000 103:02 4835194                   /usr/lib/libx265.so.217
7f95bb8fb000-7f95bb910000 r--p 014fa000 103:02 4835194                   /usr/lib/libx265.so.217
7f95bb910000-7f95bb913000 rw-p 0150f000 103:02 4835194                   /usr/lib/libx265.so.217
7f95bb913000-7f95bb925000 rw-p 00000000 00:00 0 
7f95bb925000-7f95bb926000 rw-s 00000000 00:07 1112                       /dev/nvidia0
7f95bb926000-7f95bb928000 r--p 00000000 00:1a 53161                      /dev/shm/716e306c-95b7-4d19-95b4-1c569de03be9 (deleted)
7f95bb928000-7f95bb929000 r--p 00000000 103:02 4755356                   /usr/lib/libsharpyuv.so.0.1.2
7f95bb929000-7f95bb92d000 r-xp 00001000 103:02 4755356                   /usr/lib/libsharpyuv.so.0.1.2
7f95bb92d000-7f95bb92e000 r--p 00005000 103:02 4755356                   /usr/lib/libsharpyuv.so.0.1.2
7f95bb92e000-7f95bb92f000 r--p 00005000 103:02 4755356                   /usr/lib/libsharpyuv.so.0.1.2
7f95bb92f000-7f95bb930000 rw-p 00006000 103:02 4755356                   /usr/lib/libsharpyuv.so.0.1.2
7f95bb930000-7f95bb931000 rw-p 00000000 00:00 0 
7f95bb931000-7f95bb932000 r--p 00000000 103:02 4815185                   /usr/lib/libjxl_cms.so.0.12.0
7f95bb932000-7f95bb953000 r-xp 00001000 103:02 4815185                   /usr/lib/libjxl_cms.so.0.12.0
7f95bb953000-7f95bb958000 r--p 00022000 103:02 4815185                   /usr/lib/libjxl_cms.so.0.12.0
7f95bb958000-7f95bb959000 r--p 00027000 103:02 4815185                   /usr/lib/libjxl_cms.so.0.12.0
7f95bb959000-7f95bb95a000 rw-p 00028000 103:02 4815185                   /usr/lib/libjxl_cms.so.0.12.0
7f95bb95a000-7f95bb978000 r--p 00000000 103:02 4770283                   /usr/lib/libdovi.so.3.4.0
7f95bb978000-7f95bb9f7000 r-xp 0001d000 103:02 4770283                   /usr/lib/libdovi.so.3.4.0
7f95bb9f7000-7f95bb9ff000 r--p 0009b000 103:02 4770283                   /usr/lib/libdovi.so.3.4.0
7f95bb9ff000-7f95bba00000 rw-p 000a2000 103:02 4770283                   /usr/lib/libdovi.so.3.4.0
7f95bba00000-7f95bba03000 r--p 00000000 103:02 4792842                   /usr/lib/libx264.so.165
7f95bba03000-7f95bbb96000 r-xp 00003000 103:02 4792842                   /usr/lib/libx264.so.165
7f95bbb96000-7f95bbbcf000 r--p 00196000 103:02 4792842                   /usr/lib/libx264.so.165
7f95bbbcf000-7f95bbbd1000 r--p 001ce000 103:02 4792842                   /usr/lib/libx264.so.165
7f95bbbd1000-7f95bbbd2000 rw-p 001d0000 103:02 4792842                   /usr/lib/libx264.so.165
7f95bbbd2000-7f95bbccb000 rw-p 00000000 00:00 0 
7f95bbccb000-7f95bbccc000 rw-p 00000000 00:00 0 
7f95bbccc000-7f95bbcce000 rw-p 00000000 00:00 0 
7f95bbcce000-7f95bbcd2000 r--p 00000000 103:02 4758497                   /usr/lib/libbsd.so.0.12.2
7f95bbcd2000-7f95bbcdd000 r-xp 00004000 103:02 4758497                   /usr/lib/libbsd.so.0.12.2
7f95bbcdd000-7f95bbce0000 r--p 0000f000 103:02 4758497                   /usr/lib/libbsd.so.0.12.2
7f95bbce0000-7f95bbce1000 r--p 00011000 103:02 4758497                   /usr/lib/libbsd.so.0.12.2
7f95bbce1000-7f95bbce2000 rw-p 00012000 103:02 4758497                   /usr/lib/libbsd.so.0.12.2
7f95bbce2000-7f95bbce3000 rw-p 00000000 00:00 0 
7f95bbce3000-7f95bbce5000 r--p 00000000 103:02 4769556                   /usr/lib/libv4l2.so.0.0.0
7f95bbce5000-7f95bbceb000 r-xp 00002000 103:02 4769556                   /usr/lib/libv4l2.so.0.0.0
7f95bbceb000-7f95bbced000 r--p 00008000 103:02 4769556                   /usr/lib/libv4l2.so.0.0.0
7f95bbced000-7f95bbcee000 r--p 00009000 103:02 4769556                   /usr/lib/libv4l2.so.0.0.0
7f95bbcee000-7f95bbcf2000 rw-p 0000a000 103:02 4769556                   /usr/lib/libv4l2.so.0.0.0
7f95bbcf2000-7f95bbcf5000 r--p 00000000 103:02 4815220                   /usr/lib/liblz4.so.1.10.0
7f95bbcf5000-7f95bbd13000 r-xp 00003000 103:02 4815220                   /usr/lib/liblz4.so.1.10.0
7f95bbd13000-7f95bbd15000 r--p 00021000 103:02 4815220                   /usr/lib/liblz4.so.1.10.0
7f95bbd15000-7f95bbd16000 r--p 00023000 103:02 4815220                   /usr/lib/liblz4.so.1.10.0
7f95bbd16000-7f95bbd17000 rw-p 00024000 103:02 4815220                   /usr/lib/liblz4.so.1.10.0
7f95bbd17000-7f95bbd32000 r--p 00000000 103:02 4768894                   /usr/lib/libsrt.so.1.5.6
7f95bbd32000-7f95bbdd6000 r-xp 0001b000 103:02 4768894                   /usr/lib/libsrt.so.1.5.6
7f95bbdd6000-7f95bbdf7000 r--p 000bf000 103:02 4768894                   /usr/lib/libsrt.so.1.5.6
7f95bbdf7000-7f95bbdfa000 r--p 000e0000 103:02 4768894                   /usr/lib/libsrt.so.1.5.6
7f95bbdfa000-7f95bbdfb000 rw-p 000e3000 103:02 4768894                   /usr/lib/libsrt.so.1.5.6
7f95bbdfb000-7f95bbe00000 rw-p 00000000 00:00 0 
7f95bbe00000-7f95bbe04000 r--p 00000000 103:02 4817227                   /usr/lib/libSvtAv1Enc.so.4.2.0
7f95bbe04000-7f95bc266000 r-xp 00004000 103:02 4817227                   /usr/lib/libSvtAv1Enc.so.4.2.0
7f95bc266000-7f95bc32a000 r--p 00466000 103:02 4817227                   /usr/lib/libSvtAv1Enc.so.4.2.0
7f95bc32a000-7f95bc32e000 r--p 00529000 103:02 4817227                   /usr/lib/libSvtAv1Enc.so.4.2.0
7f95bc32e000-7f95bc330000 rw-p 0052d000 103:02 4817227                   /usr/lib/libSvtAv1Enc.so.4.2.0
7f95bc330000-7f95c436e000 rw-p 00000000 00:00 0 
7f95c436e000-7f95c436f000 rw-s 00000000 00:07 1110                       /dev/nvidiactl
7f95c436f000-7f95c4372000 r--p 00000000 103:02 4769084                   /usr/lib/libiec61883.so.0.1.1
7f95c4372000-7f95c4379000 r-xp 00003000 103:02 4769084                   /usr/lib/libiec61883.so.0.1.1
7f95c4379000-7f95c437c000 r--p 0000a000 103:02 4769084                   /usr/lib/libiec61883.so.0.1.1
7f95c437c000-7f95c437d000 r--p 0000d000 103:02 4769084                   /usr/lib/libiec61883.so.0.1.1
7f95c437d000-7f95c437e000 rw-p 0000e000 103:02 4769084                   /usr/lib/libiec61883.so.0.1.1
7f95c437e000-7f95c4383000 r--p 00000000 103:02 4768962                   /usr/lib/libraw1394.so.11.1.0
7f95c4383000-7f95c438b000 r-xp 00005000 103:02 4768962                   /usr/lib/libraw1394.so.11.1.0
7f95c438b000-7f95c438e000 r--p 0000d000 103:02 4768962                   /usr/lib/libraw1394.so.11.1.0
7f95c438e000-7f95c438f000 r--p 0000f000 103:02 4768962                   /usr/lib/libraw1394.so.11.1.0
7f95c438f000-7f95c4390000 rw-p 00010000 103:02 4768962                   /usr/lib/libraw1394.so.11.1.0
7f95c4390000-7f95c4396000 r--p 00000000 103:02 4737856                   /usr/lib/libssh2.so.1.0.1
7f95c4396000-7f95c43ce000 r-xp 00006000 103:02 4737856                   /usr/lib/libssh2.so.1.0.1
7f95c43ce000-7f95c43db000 r--p 0003e000 103:02 4737856                   /usr/lib/libssh2.so.1.0.1
7f95c43db000-7f95c43dd000 r--p 0004b000 103:02 4737856                   /usr/lib/libssh2.so.1.0.1
7f95c43dd000-7f95c43de000 rw-p 0004d000 103:02 4737856                   /usr/lib/libssh2.so.1.0.1
7f95c43de000-7f95c43e0000 r--p 00000000 103:02 4737748                   /usr/lib/libidn2.so.0.4.0
7f95c43e0000-7f95c43e4000 r-xp 00002000 103:02 4737748                   /usr/lib/libidn2.so.0.4.0
7f95c43e4000-7f95c43fe000 r--p 00006000 103:02 4737748                   /usr/lib/libidn2.so.0.4.0
7f95c43fe000-7f95c43ff000 r--p 0001f000 103:02 4737748                   /usr/lib/libidn2.so.0.4.0
7f95c43ff000-7f95c4400000 rw-p 00020000 103:02 4737748                   /usr/lib/libidn2.so.0.4.0
7f95c4400000-7f95c4488000 r--p 00000000 103:02 4812078                   /usr/lib/librav1e.so.0.8.1
7f95c4488000-7f95c46ff000 r-xp 00087000 103:02 4812078                   /usr/lib/librav1e.so.0.8.1
7f95c46ff000-7f95c4722000 r--p 002fd000 103:02 4812078                   /usr/lib/librav1e.so.0.8.1
7f95c4722000-7f95c4723000 rw-p 0031f000 103:02 4812078                   /usr/lib/librav1e.so.0.8.1
7f95c4723000-7f95c4724000 rw-p 00000000 00:00 0 
7f95c4724000-7f95c4725000 rw-s 00000000 00:07 1110                       /dev/nvidiactl
7f95c4725000-7f95c4727000 r--p 00000000 103:02 4792845                   /usr/lib/libogg.so.0.8.6
7f95c4727000-7f95c472a000 r-xp 00002000 103:02 4792845                   /usr/lib/libogg.so.0.8.6
7f95c472a000-7f95c472d000 r--p 00005000 103:02 4792845                   /usr/lib/libogg.so.0.8.6
7f95c472d000-7f95c472e000 r--p 00008000 103:02 4792845                   /usr/lib/libogg.so.0.8.6
7f95c472e000-7f95c472f000 rw-p 00009000 103:02 4792845                   /usr/lib/libogg.so.0.8.6
7f95c472f000-7f95c4733000 r--p 00000000 103:02 4750269                   /usr/lib/libnghttp2.so.14.29.5
7f95c4733000-7f95c4749000 r-xp 00004000 103:02 4750269                   /usr/lib/libnghttp2.so.14.29.5
7f95c4749000-7f95c4755000 r--p 0001a000 103:02 4750269                   /usr/lib/libnghttp2.so.14.29.5
7f95c4755000-7f95c4758000 r--p 00025000 103:02 4750269                   /usr/lib/libnghttp2.so.14.29.5
7f95c4758000-7f95c4759000 rw-p 00028000 103:02 4750269                   /usr/lib/libnghttp2.so.14.29.5
7f95c4759000-7f95c476a000 r--p 00000000 103:02 4725963                   /usr/lib/libgmp.so.10.5.0
7f95c476a000-7f95c47e8000 r-xp 00011000 103:02 4725963                   /usr/lib/libgmp.so.10.5.0
7f95c47e8000-7f95c47fd000 r--p 0008f000 103:02 4725963                   /usr/lib/libgmp.so.10.5.0
7f95c47fd000-7f95c47ff000 r--p 000a3000 103:02 4725963                   /usr/lib/libgmp.so.10.5.0
7f95c47ff000-7f95c4800000 rw-p 000a5000 103:02 4725963                   /usr/lib/libgmp.so.10.5.0
7f95c4800000-7f95c4803000 r--p 00000000 103:02 4816266                   /usr/lib/libopus.so.0.11.1
7f95c4803000-7f95c4878000 r-xp 00003000 103:02 4816266                   /usr/lib/libopus.so.0.11.1
7f95c4878000-7f95c4bf4000 r--p 00078000 103:02 4816266                   /usr/lib/libopus.so.0.11.1
7f95c4bf4000-7f95c4bf8000 r--p 003f3000 103:02 4816266                   /usr/lib/libopus.so.0.11.1
7f95c4bf8000-7f95c4bf9000 rw-p 003f7000 103:02 4816266                   /usr/lib/libopus.so.0.11.1
7f95c4bf9000-7f95c4bfa000 r--p 00000000 103:02 4763243                   /usr/lib/libXxf86vm.so.1.0.0
7f95c4bfa000-7f95c4bfd000 r-xp 00001000 103:02 4763243                   /usr/lib/libXxf86vm.so.1.0.0
7f95c4bfd000-7f95c4bfe000 r--p 00004000 103:02 4763243                   /usr/lib/libXxf86vm.so.1.0.0
7f95c4bfe000-7f95c4bff000 r--p 00004000 103:02 4763243                   /usr/lib/libXxf86vm.so.1.0.0
7f95c4bff000-7f95c4c00000 rw-p 00005000 103:02 4763243                   /usr/lib/libXxf86vm.so.1.0.0
7f95c4c00000-7f95c4c04000 r--p 00000000 103:02 4755238                   /usr/lib/libjxl.so.0.12.0
7f95c4c04000-7f95c4f49000 r-xp 00004000 103:02 4755238                   /usr/lib/libjxl.so.0.12.0
7f95c4f49000-7f95c4faf000 r--p 00349000 103:02 4755238                   /usr/lib/libjxl.so.0.12.0
7f95c4faf000-7f95c4fb7000 r--p 003ae000 103:02 4755238                   /usr/lib/libjxl.so.0.12.0
7f95c4fb7000-7f95c4fb8000 rw-p 003b6000 103:02 4755238                   /usr/lib/libjxl.so.0.12.0
7f95c4fb8000-7f95c5036000 rw-p 00000000 00:00 0 
7f95c5036000-7f95c5038000 r--p 00000000 103:02 4732141                   /usr/lib/libkeyutils.so.1.10
7f95c5038000-7f95c503a000 r-xp 00002000 103:02 4732141                   /usr/lib/libkeyutils.so.1.10
7f95c503a000-7f95c503b000 r--p 00004000 103:02 4732141                   /usr/lib/libkeyutils.so.1.10
7f95c503b000-7f95c503c000 r--p 00004000 103:02 4732141                   /usr/lib/libkeyutils.so.1.10
7f95c503c000-7f95c503d000 rw-p 00005000 103:02 4732141                   /usr/lib/libkeyutils.so.1.10
7f95c503d000-7f95c503f000 r--p 00000000 103:02 4737828                   /usr/lib/libpsl.so.5.3.5
7f95c503f000-7f95c5041000 r-xp 00002000 103:02 4737828                   /usr/lib/libpsl.so.5.3.5
7f95c5041000-7f95c504f000 r--p 00004000 103:02 4737828                   /usr/lib/libpsl.so.5.3.5
7f95c504f000-7f95c5050000 r--p 00011000 103:02 4737828                   /usr/lib/libpsl.so.5.3.5
7f95c5050000-7f95c5051000 rw-p 00012000 103:02 4737828                   /usr/lib/libpsl.so.5.3.5
7f95c5051000-7f95c5055000 r--p 00000000 103:02 4750340                   /usr/lib/libngtcp2.so.16.11.0
7f95c5055000-7f95c509c000 r-xp 00004000 103:02 4750340                   /usr/lib/libngtcp2.so.16.11.0
7f95c509c000-7f95c50ab000 r--p 0004b000 103:02 4750340                   /usr/lib/libngtcp2.so.16.11.0
7f95c50ab000-7f95c50ac000 r--p 0005a000 103:02 4750340                   /usr/lib/libngtcp2.so.16.11.0
7f95c50ac000-7f95c50ad000 rw-p 0005b000 103:02 4750340                   /usr/lib/libngtcp2.so.16.11.0
7f95c50ad000-7f95c50b7000 r--p 00000000 103:02 4769595                   /usr/lib/libvmaf.so.3.2.0
7f95c50b7000-7f95c5113000 r-xp 0000a000 103:02 4769595                   /usr/lib/libvmaf.so.3.2.0
7f95c5113000-7f95c5126000 r--p 00066000 103:02 4769595                   /usr/lib/libvmaf.so.3.2.0
7f95c5126000-7f95c5129000 r--p 00079000 103:02 4769595                   /usr/lib/libvmaf.so.3.2.0
7f95c5129000-7f95c51c0000 rw-p 0007c000 103:02 4769595                   /usr/lib/libvmaf.so.3.2.0
7f95c51c0000-7f95c5200000 rw-p 00000000 00:00 0 
7f95c5200000-7f95c5203000 r--p 00000000 103:02 4744981                   /usr/lib/libaom.so.3.14.1
7f95c5203000-7f95c59a2000 r-xp 00003000 103:02 4744981                   /usr/lib/libaom.so.3.14.1
7f95c59a2000-7f95c5a79000 r--p 007a2000 103:02 4744981                   /usr/lib/libaom.so.3.14.1
7f95c5a79000-7f95c5a8a000 r--p 00879000 103:02 4744981                   /usr/lib/libaom.so.3.14.1
7f95c5a8a000-7f95c5a8c000 rw-p 0088a000 103:02 4744981                   /usr/lib/libaom.so.3.14.1
7f95c5a8c000-7f95c5ae3000 rw-p 00000000 00:00 0 
7f95c5ae3000-7f95c5ae4000 rw-s 00000000 00:07 1110                       /dev/nvidiactl
7f95c5ae4000-7f95c5ae6000 r--p 00000000 103:02 4726081                   /usr/lib/libcom_err.so.2.1
7f95c5ae6000-7f95c5ae7000 r-xp 00002000 103:02 4726081                   /usr/lib/libcom_err.so.2.1
7f95c5ae7000-7f95c5ae8000 r--p 00003000 103:02 4726081                   /usr/lib/libcom_err.so.2.1
7f95c5ae8000-7f95c5ae9000 r--p 00003000 103:02 4726081                   /usr/lib/libcom_err.so.2.1
7f95c5ae9000-7f95c5aea000 rw-p 00004000 103:02 4726081                   /usr/lib/libcom_err.so.2.1
7f95c5aea000-7f95c5aec000 r--p 00000000 103:02 4725865                   /usr/lib/libacl.so.1.2.2400
7f95c5aec000-7f95c5af2000 r-xp 00002000 103:02 4725865                   /usr/lib/libacl.so.1.2.2400
7f95c5af2000-7f95c5af4000 r--p 00008000 103:02 4725865                   /usr/lib/libacl.so.1.2.2400
7f95c5af4000-7f95c5af5000 r--p 00009000 103:02 4725865                   /usr/lib/libacl.so.1.2.2400
7f95c5af5000-7f95c5af6000 rw-p 0000a000 103:02 4725865                   /usr/lib/libacl.so.1.2.2400
7f95c5af6000-7f95c5af9000 r--p 00000000 103:02 4750283                   /usr/lib/libnghttp3.so.9.9.0
7f95c5af9000-7f95c5b0e000 r-xp 00003000 103:02 4750283                   /usr/lib/libnghttp3.so.9.9.0
7f95c5b0e000-7f95c5b1b000 r--p 00018000 103:02 4750283                   /usr/lib/libnghttp3.so.9.9.0
7f95c5b1b000-7f95c5b1c000 r--p 00024000 103:02 4750283                   /usr/lib/libnghttp3.so.9.9.0
7f95c5b1c000-7f95c5b1e000 rw-p 00025000 103:02 4750283                   /usr/lib/libnghttp3.so.9.9.0
7f95c5b1e000-7f95c5b60000 r--p 00000000 103:02 4757008                   /usr/lib/libzmq.so.5.2.5
7f95c5b60000-7f95c5bd4000 r-xp 00042000 103:02 4757008                   /usr/lib/libzmq.so.5.2.5
7f95c5bd4000-7f95c5bf5000 r--p 000b6000 103:02 4757008                   /usr/lib/libzmq.so.5.2.5
7f95c5bf5000-7f95c5bff000 r--p 000d6000 103:02 4757008                   /usr/lib/libzmq.so.5.2.5
7f95c5bff000-7f95c5c00000 rw-p 000e0000 103:02 4757008                   /usr/lib/libzmq.so.5.2.5
7f95c5c00000-7f95c5c09000 r--p 00000000 103:02 4814627                   /usr/lib/librsvg-2.so.2.62.3
7f95c5c09000-7f95c5f0e000 r-xp 00009000 103:02 4814627                   /usr/lib/librsvg-2.so.2.62.3
7f95c5f0e000-7f95c601e000 r--p 0030e000 103:02 4814627                   /usr/lib/librsvg-2.so.2.62.3
7f95c601e000-7f95c608e000 r--p 0041d000 103:02 4814627                   /usr/lib/librsvg-2.so.2.62.3
7f95c608e000-7f95c608f000 rw-p 0048d000 103:02 4814627                   /usr/lib/librsvg-2.so.2.62.3
7f95c608f000-7f95c6090000 rw-s 00000000 00:07 1110                       /dev/nvidiactl
7f95c6090000-7f95c6092000 rw-p 00000000 00:00 0 
7f95c6092000-7f95c6094000 r--p 00000000 103:02 4788171                   /usr/lib/libsoxr.so.0.1.2
7f95c6094000-7f95c60b8000 r-xp 00002000 103:02 4788171                   /usr/lib/libsoxr.so.0.1.2
7f95c60b8000-7f95c60bd000 r--p 00026000 103:02 4788171                   /usr/lib/libsoxr.so.0.1.2
7f95c60bd000-7f95c60bf000 r--p 0002a000 103:02 4788171                   /usr/lib/libsoxr.so.0.1.2
7f95c60bf000-7f95c60c0000 rw-p 0002c000 103:02 4788171                   /usr/lib/libsoxr.so.0.1.2
7f95c60c0000-7f95c60f5000 rw-p 00000000 00:00 0 
7f95c60f5000-7f95c60fa000 r--p 00000000 103:02 4743300                   /usr/lib/libshaderc_shared.so.1
7f95c60fa000-7f95c610d000 r-xp 00005000 103:02 4743300                   /usr/lib/libshaderc_shared.so.1
7f95c610d000-7f95c6111000 r--p 00018000 103:02 4743300                   /usr/lib/libshaderc_shared.so.1
7f95c6111000-7f95c6112000 r--p 0001b000 103:02 4743300                   /usr/lib/libshaderc_shared.so.1
7f95c6112000-7f95c6113000 rw-p 0001c000 103:02 4743300                   /usr/lib/libshaderc_shared.so.1
7f95c6113000-7f95c6114000 r--p 00000000 103:02 4836934                   /usr/lib/libxvidcore.so.4.3
7f95c6114000-7f95c619c000 r-xp 00001000 103:02 4836934                   /usr/lib/libxvidcore.so.4.3
7f95c619c000-7f95c61ab000 r--p 00089000 103:02 4836934                   /usr/lib/libxvidcore.so.4.3
7f95c61ab000-7f95c61ac000 r--p 00097000 103:02 4836934                   /usr/lib/libxvidcore.so.4.3
7f95c61ac000-7f95c61b6000 rw-p 00098000 103:02 4836934                   /usr/lib/libxvidcore.so.4.3
7f95c61b6000-7f95c621f000 rw-p 00000000 00:00 0 
7f95c621f000-7f95c6221000 r--p 00000000 103:02 4817089                   /usr/lib/libdav1d.so.7.0.0
7f95c6221000-7f95c639f000 r-xp 00002000 103:02 4817089                   /usr/lib/libdav1d.so.7.0.0
7f95c639f000-7f95c63d7000 r--p 00180000 103:02 4817089                   /usr/lib/libdav1d.so.7.0.0
7f95c63d7000-7f95c63db000 r--p 001b7000 103:02 4817089                   /usr/lib/libdav1d.so.7.0.0
7f95c63db000-7f95c63dc000 rw-p 001bb000 103:02 4817089                   /usr/lib/libdav1d.so.7.0.0
7f95c63dc000-7f95c6400000 rw-p 00000000 00:00 0 
7f95c6400000-7f95c6402000 r--p 00000000 103:02 4817225                   /usr/lib/libvpx.so.12.0.0
7f95c6402000-7f95c66f0000 r-xp 00002000 103:02 4817225                   /usr/lib/libvpx.so.12.0.0
7f95c66f0000-7f95c6725000 r--p 002f0000 103:02 4817225                   /usr/lib/libvpx.so.12.0.0
7f95c6725000-7f95c6728000 r--p 00325000 103:02 4817225                   /usr/lib/libvpx.so.12.0.0
7f95c6728000-7f95c6729000 rw-p 00328000 103:02 4817225                   /usr/lib/libvpx.so.12.0.0
7f95c6729000-7f95c6730000 rw-p 00000000 00:00 0 
7f95c6730000-7f95c6731000 rw-s 00000000 00:07 1110                       /dev/nvidiactl
7f95c6731000-7f95c6732000 rw-s 00000000 00:07 1110                       /dev/nvidiactl
7f95c6732000-7f95c6734000 r--p 00000000 103:02 4751858                   /usr/lib/libxcb-shape.so.0.0.0
7f95c6734000-7f95c6735000 r-xp 00002000 103:02 4751858                   /usr/lib/libxcb-shape.so.0.0.0
7f95c6735000-7f95c6736000 r--p 00003000 103:02 4751858                   /usr/lib/libxcb-shape.so.0.0.0
7f95c6736000-7f95c6737000 r--p 00003000 103:02 4751858                   /usr/lib/libxcb-shape.so.0.0.0
7f95c6737000-7f95c6738000 rw-p 00004000 103:02 4751858                   /usr/lib/libxcb-shape.so.0.0.0
7f95c6738000-7f95c673b000 r--p 00000000 103:02 4757522                   /usr/lib/libngtcp2_crypto_ossl.so.0.3.1
7f95c673b000-7f95c6741000 r-xp 00003000 103:02 4757522                   /usr/lib/libngtcp2_crypto_ossl.so.0.3.1
7f95c6741000-7f95c6743000 r--p 00009000 103:02 4757522                   /usr/lib/libngtcp2_crypto_ossl.so.0.3.1
7f95c6743000-7f95c6744000 r--p 0000a000 103:02 4757522                   /usr/lib/libngtcp2_crypto_ossl.so.0.3.1
7f95c6744000-7f95c6745000 rw-p 0000b000 103:02 4757522                   /usr/lib/libngtcp2_crypto_ossl.so.0.3.1
7f95c6745000-7f95c6753000 r--p 00000000 103:02 4826263                   /usr/lib/libssh.so.4.12.0
7f95c6753000-7f95c67b0000 r-xp 0000e000 103:02 4826263                   /usr/lib/libssh.so.4.12.0
7f95c67b0000-7f95c67d0000 r--p 0006b000 103:02 4826263                   /usr/lib/libssh.so.4.12.0
7f95c67d0000-7f95c67d2000 r--p 0008b000 103:02 4826263                   /usr/lib/libssh.so.4.12.0
7f95c67d2000-7f95c67d4000 rw-p 0008d000 103:02 4826263                   /usr/lib/libssh.so.4.12.0
7f95c67d4000-7f95c67d7000 r--p 00000000 103:02 4773735                   /usr/lib/libdvdread.so.8.2.0
7f95c67d7000-7f95c67f5000 r-xp 00003000 103:02 4773735                   /usr/lib/libdvdread.so.8.2.0
7f95c67f5000-7f95c67fe000 r--p 00021000 103:02 4773735                   /usr/lib/libdvdread.so.8.2.0
7f95c67fe000-7f95c67ff000 r--p 0002a000 103:02 4773735                   /usr/lib/libdvdread.so.8.2.0
7f95c67ff000-7f95c6800000 rw-p 0002b000 103:02 4773735                   /usr/lib/libdvdread.so.8.2.0
7f95c6800000-7f95c6803000 r--p 00000000 103:02 4771718                   /usr/lib/libswscale.so.10.1.101
7f95c6803000-7f95c69dc000 r-xp 00003000 103:02 4771718                   /usr/lib/libswscale.so.10.1.101
7f95c69dc000-7f95c69fa000 r--p 001dc000 103:02 4771718                   /usr/lib/libswscale.so.10.1.101
7f95c69fa000-7f95c6a0e000 r--p 001f9000 103:02 4771718                   /usr/lib/libswscale.so.10.1.101
7f95c6a0e000-7f95c6a0f000 rw-p 0020d000 103:02 4771718                   /usr/lib/libswscale.so.10.1.101
7f95c6a0f000-7f95c6a53000 rw-p 00000000 00:00 0 
7f95c6a53000-7f95c6a54000 r--p 00000000 103:02 7880804                   /usr/lib/jvm/java-26-openjdk/lib/libsyslookup.so
7f95c6a54000-7f95c6a55000 r-xp 00001000 103:02 7880804                   /usr/lib/jvm/java-26-openjdk/lib/libsyslookup.so
7f95c6a55000-7f95c6a56000 r--p 00002000 103:02 7880804                   /usr/lib/jvm/java-26-openjdk/lib/libsyslookup.so
7f95c6a56000-7f95c6a57000 r--p 00002000 103:02 7880804                   /usr/lib/jvm/java-26-openjdk/lib/libsyslookup.so
7f95c6a57000-7f95c6a58000 rw-p 00003000 103:02 7880804                   /usr/lib/jvm/java-26-openjdk/lib/libsyslookup.so
7f95c6a58000-7f95c6a5a000 r--p 00000000 103:02 4835240                   /usr/lib/libglslang-default-resource-limits.so.16.4.0
7f95c6a5a000-7f95c6a5e000 r-xp 00002000 103:02 4835240                   /usr/lib/libglslang-default-resource-limits.so.16.4.0
7f95c6a5e000-7f95c6a60000 r--p 00006000 103:02 4835240                   /usr/lib/libglslang-default-resource-limits.so.16.4.0
7f95c6a60000-7f95c6a61000 r--p 00008000 103:02 4835240                   /usr/lib/libglslang-default-resource-limits.so.16.4.0
7f95c6a61000-7f95c6a62000 rw-p 00009000 103:02 4835240                   /usr/lib/libglslang-default-resource-limits.so.16.4.0
7f95c6a62000-7f95c6a64000 r--p 00000000 103:02 4763199                   /usr/lib/libunwind.so.8.2.0
7f95c6a64000-7f95c6a6f000 r-xp 00002000 103:02 4763199                   /usr/lib/libunwind.so.8.2.0
7f95c6a6f000-7f95c6a71000 r--p 0000d000 103:02 4763199                   /usr/lib/libunwind.so.8.2.0
7f95c6a71000-7f95c6a72000 r--p 0000e000 103:02 4763199                   /usr/lib/libunwind.so.8.2.0
7f95c6a72000-7f95c6a73000 rw-p 0000f000 103:02 4763199                   /usr/lib/libunwind.so.8.2.0
7f95c6a73000-7f95c6a7d000 rw-p 00000000 00:00 0 
7f95c6a7d000-7f95c6a81000 r--p 00000000 103:02 4837269                   /usr/lib/libvpl.so.2.17
7f95c6a81000-7f95c6acb000 r-xp 00004000 103:02 4837269                   /usr/lib/libvpl.so.2.17
7f95c6acb000-7f95c6ade000 r--p 0004e000 103:02 4837269                   /usr/lib/libvpl.so.2.17
7f95c6ade000-7f95c6ae0000 r--p 00060000 103:02 4837269                   /usr/lib/libvpl.so.2.17
7f95c6ae0000-7f95c6ae1000 rw-p 00062000 103:02 4837269                   /usr/lib/libvpl.so.2.17
7f95c6ae1000-7f95c6ae4000 r--p 00000000 103:02 4755359                   /usr/lib/libwebp.so.7.2.0
7f95c6ae4000-7f95c6b55000 r-xp 00003000 103:02 4755359                   /usr/lib/libwebp.so.7.2.0
7f95c6b55000-7f95c6b65000 r--p 00074000 103:02 4755359                   /usr/lib/libwebp.so.7.2.0
7f95c6b65000-7f95c6b66000 r--p 00083000 103:02 4755359                   /usr/lib/libwebp.so.7.2.0
7f95c6b66000-7f95c6b67000 rw-p 00084000 103:02 4755359                   /usr/lib/libwebp.so.7.2.0
7f95c6b67000-7f95c6b68000 rw-p 00000000 00:00 0 
7f95c6b68000-7f95c6b69000 r--p 00000000 103:02 4769018                   /usr/lib/libvorbisenc.so.2.0.12
7f95c6b69000-7f95c6b6c000 r-xp 00001000 103:02 4769018                   /usr/lib/libvorbisenc.so.2.0.12
7f95c6b6c000-7f95c6be3000 r--p 00004000 103:02 4769018                   /usr/lib/libvorbisenc.so.2.0.12
7f95c6be3000-7f95c6bff000 r--p 0007a000 103:02 4769018                   /usr/lib/libvorbisenc.so.2.0.12
7f95c6bff000-7f95c6c00000 rw-p 00096000 103:02 4769018                   /usr/lib/libvorbisenc.so.2.0.12
7f95c6c00000-7f95c6c0d000 r--p 00000000 103:02 4755479                   /usr/lib/libavutil.so.61.1.101
7f95c6c0d000-7f95c6cf7000 r-xp 0000d000 103:02 4755479                   /usr/lib/libavutil.so.61.1.101
7f95c6cf7000-7f95c6d21000 r--p 000f7000 103:02 4755479                   /usr/lib/libavutil.so.61.1.101
7f95c6d21000-7f95c6d37000 r--p 00120000 103:02 4755479                   /usr/lib/libavutil.so.61.1.101
7f95c6d37000-7f95c6d38000 rw-p 00136000 103:02 4755479                   /usr/lib/libavutil.so.61.1.101
7f95c6d38000-7f95c6e47000 rw-p 00000000 00:00 0 
7f95c6e47000-7f95c6e48000 rw-s 00000000 00:07 1110                       /dev/nvidiactl
7f95c6e48000-7f95c6e49000 rw-s 00000000 00:07 1110                       /dev/nvidiactl
7f95c6e49000-7f95c6e4a000 rw-s 00000000 00:07 1110                       /dev/nvidiactl
7f95c6e4a000-7f95c6e4b000 r--p 00000000 103:02 4768976                   /usr/lib/librom1394.so.0.3.0
7f95c6e4b000-7f95c6e4d000 r-xp 00001000 103:02 4768976                   /usr/lib/librom1394.so.0.3.0
7f95c6e4d000-7f95c6e4e000 r--p 00003000 103:02 4768976                   /usr/lib/librom1394.so.0.3.0
7f95c6e4e000-7f95c6e4f000 r--p 00003000 103:02 4768976                   /usr/lib/librom1394.so.0.3.0
7f95c6e4f000-7f95c6e50000 rw-p 00004000 103:02 4768976                   /usr/lib/librom1394.so.0.3.0
7f95c6e50000-7f95c6e55000 r--p 00000000 103:02 4769333                   /usr/lib/libvidstab.so.1.2
7f95c6e55000-7f95c6e61000 r-xp 00005000 103:02 4769333                   /usr/lib/libvidstab.so.1.2
7f95c6e61000-7f95c6e65000 r--p 00011000 103:02 4769333                   /usr/lib/libvidstab.so.1.2
7f95c6e65000-7f95c6e66000 r--p 00014000 103:02 4769333                   /usr/lib/libvidstab.so.1.2
7f95c6e66000-7f95c6e67000 rw-p 00015000 103:02 4769333                   /usr/lib/libvidstab.so.1.2
7f95c6e67000-7f95c6e6a000 r--p 00000000 103:02 4769013                   /usr/lib/libvorbis.so.0.4.9
7f95c6e6a000-7f95c6e82000 r-xp 00003000 103:02 4769013                   /usr/lib/libvorbis.so.0.4.9
7f95c6e82000-7f95c6e93000 r--p 0001b000 103:02 4769013                   /usr/lib/libvorbis.so.0.4.9
7f95c6e93000-7f95c6e94000 r--p 0002b000 103:02 4769013                   /usr/lib/libvorbis.so.0.4.9
7f95c6e94000-7f95c6e95000 rw-p 0002c000 103:02 4769013                   /usr/lib/libvorbis.so.0.4.9
7f95c6e95000-7f95c6e96000 r--p 00000000 103:02 4816286                   /usr/lib/libtheoraenc.so.2.2.1
7f95c6e96000-7f95c6eba000 r-xp 00001000 103:02 4816286                   /usr/lib/libtheoraenc.so.2.2.1
7f95c6eba000-7f95c6ec6000 r--p 00025000 103:02 4816286                   /usr/lib/libtheoraenc.so.2.2.1
7f95c6ec6000-7f95c6ec7000 r--p 00030000 103:02 4816286                   /usr/lib/libtheoraenc.so.2.2.1
7f95c6ec7000-7f95c6ec8000 rw-p 00031000 103:02 4816286                   /usr/lib/libtheoraenc.so.2.2.1
7f95c6ec8000-7f95c6eca000 r--p 00000000 103:02 4769495                   /usr/lib/libspeex.so.1.5.2
7f95c6eca000-7f95c6edd000 r-xp 00002000 103:02 4769495                   /usr/lib/libspeex.so.1.5.2
7f95c6edd000-7f95c6ee2000 r--p 00015000 103:02 4769495                   /usr/lib/libspeex.so.1.5.2
7f95c6ee2000-7f95c6ee3000 r--p 0001a000 103:02 4769495                   /usr/lib/libspeex.so.1.5.2
7f95c6ee3000-7f95c6ee4000 rw-p 0001b000 103:02 4769495                   /usr/lib/libspeex.so.1.5.2
7f95c6ee4000-7f95c6eeb000 r--p 00000000 103:02 4755382                   /usr/lib/libopenjp2.so.2.5.4
7f95c6eeb000-7f95c6f43000 r-xp 00007000 103:02 4755382                   /usr/lib/libopenjp2.so.2.5.4
7f95c6f43000-7f95c6f55000 r--p 0005f000 103:02 4755382                   /usr/lib/libopenjp2.so.2.5.4
7f95c6f55000-7f95c6f57000 r--p 00071000 103:02 4755382                   /usr/lib/libopenjp2.so.2.5.4
7f95c6f57000-7f95c6f58000 rw-p 00073000 103:02 4755382                   /usr/lib/libopenjp2.so.2.5.4
7f95c6f58000-7f95c6f5d000 r--p 00000000 103:02 4748352                   /usr/lib/libjpeg.so.8.3.2
7f95c6f5d000-7f95c6fd7000 r-xp 00005000 103:02 4748352                   /usr/lib/libjpeg.so.8.3.2
7f95c6fd7000-7f95c6ffe000 r--p 0007f000 103:02 4748352                   /usr/lib/libjpeg.so.8.3.2
7f95c6ffe000-7f95c6fff000 r--p 000a6000 103:02 4748352                   /usr/lib/libjpeg.so.8.3.2
7f95c6fff000-7f95c7000000 rw-p 000a7000 103:02 4748352                   /usr/lib/libjpeg.so.8.3.2
7f95c7000000-7f95c7014000 r--p 00000000 103:02 4750361                   /usr/lib/libavfilter.so.12.1.101
7f95c7014000-7f95c750f000 r-xp 00014000 103:02 4750361                   /usr/lib/libavfilter.so.12.1.101
7f95c750f000-7f95c75ff000 r--p 0050f000 103:02 4750361                   /usr/lib/libavfilter.so.12.1.101
7f95c75ff000-7f95c769a000 r--p 005ff000 103:02 4750361                   /usr/lib/libavfilter.so.12.1.101
7f95c769a000-7f95c769b000 rw-p 0069a000 103:02 4750361                   /usr/lib/libavfilter.so.12.1.101
7f95c769b000-7f95c769f000 rw-p 00000000 00:00 0 
7f95c769f000-7f95c76a0000 rw-s 00000000 00:07 1112                       /dev/nvidia0
7f95c76a0000-7f95c76a2000 r--p 00000000 103:02 4769303                   /usr/lib/libtheoradec.so.2.1.1
7f95c76a2000-7f95c76b4000 r-xp 00002000 103:02 4769303                   /usr/lib/libtheoradec.so.2.1.1
7f95c76b4000-7f95c76b6000 r--p 00014000 103:02 4769303                   /usr/lib/libtheoradec.so.2.1.1
7f95c76b6000-7f95c76b7000 r--p 00015000 103:02 4769303                   /usr/lib/libtheoradec.so.2.1.1
7f95c76b7000-7f95c76b8000 rw-p 00016000 103:02 4769303                   /usr/lib/libtheoradec.so.2.1.1
7f95c76b8000-7f95c76b9000 r--p 00000000 103:02 4769453                   /usr/lib/libopencore-amrnb.so.0.0.5
7f95c76b9000-7f95c76d6000 r-xp 00001000 103:02 4769453                   /usr/lib/libopencore-amrnb.so.0.0.5
7f95c76d6000-7f95c76e0000 r--p 0001e000 103:02 4769453                   /usr/lib/libopencore-amrnb.so.0.0.5
7f95c76e0000-7f95c76e1000 r--p 00027000 103:02 4769453                   /usr/lib/libopencore-amrnb.so.0.0.5
7f95c76e1000-7f95c76e2000 rw-p 00028000 103:02 4769453                   /usr/lib/libopencore-amrnb.so.0.0.5
7f95c76e2000-7f95c76e7000 r--p 00000000 103:02 4818072                   /usr/lib/libmp3lame.so.0.0.0
7f95c76e7000-7f95c7710000 r-xp 00005000 103:02 4818072                   /usr/lib/libmp3lame.so.0.0.0
7f95c7710000-7f95c771d000 r--p 0002e000 103:02 4818072                   /usr/lib/libmp3lame.so.0.0.0
7f95c771d000-7f95c771e000 r--p 0003b000 103:02 4818072                   /usr/lib/libmp3lame.so.0.0.0
7f95c771e000-7f95c771f000 rw-p 0003c000 103:02 4818072                   /usr/lib/libmp3lame.so.0.0.0
7f95c771f000-7f95c7730000 rw-p 00000000 00:00 0 
7f95c7730000-7f95c7738000 r--p 00000000 103:02 4777398                   /usr/lib/libcaca.so.0.99.20
7f95c7738000-7f95c7752000 r-xp 00008000 103:02 4777398                   /usr/lib/libcaca.so.0.99.20
7f95c7752000-7f95c77fd000 r--p 00022000 103:02 4777398                   /usr/lib/libcaca.so.0.99.20
7f95c77fd000-7f95c77ff000 r--p 000cc000 103:02 4777398                   /usr/lib/libcaca.so.0.99.20
7f95c77ff000-7f95c7800000 rw-p 000ce000 103:02 4777398                   /usr/lib/libcaca.so.0.99.20
7f95c7800000-7f95c7815000 r--p 00000000 103:02 4750331                   /usr/lib/libavcodec.so.63.1.101
7f95c7815000-7f95c87ae000 r-xp 00015000 103:02 4750331                   /usr/lib/libavcodec.so.63.1.101
7f95c87ae000-7f95c8b67000 r--p 00fae000 103:02 4750331                   /usr/lib/libavcodec.so.63.1.101
7f95c8b67000-7f95c8bed000 r--p 01367000 103:02 4750331                   /usr/lib/libavcodec.so.63.1.101
7f95c8bed000-7f95c8bef000 rw-p 013ed000 103:02 4750331                   /usr/lib/libavcodec.so.63.1.101
7f95c8bef000-7f95c9293000 rw-p 00000000 00:00 0 
7f95c9293000-7f95c9294000 rw-s 00000000 00:07 1110                       /dev/nvidiactl
7f95c9294000-7f95c9295000 r--s 00000000 00:07 1110                       /dev/nvidiactl
7f95c9295000-7f95c9297000 r--p 00000000 103:02 4768973                   /usr/lib/libavc1394.so.0.3.0
7f95c9297000-7f95c9299000 r-xp 00002000 103:02 4768973                   /usr/lib/libavc1394.so.0.3.0
7f95c9299000-7f95c929a000 r--p 00004000 103:02 4768973                   /usr/lib/libavc1394.so.0.3.0
7f95c929a000-7f95c929b000 r--p 00004000 103:02 4768973                   /usr/lib/libavc1394.so.0.3.0
7f95c929b000-7f95c929c000 rw-p 00005000 103:02 4768973                   /usr/lib/libavc1394.so.0.3.0
7f95c929c000-7f95c929e000 r--p 00000000 103:02 4767530                   /usr/lib/libgsm.so.1.0.22
7f95c929e000-7f95c92a8000 r-xp 00002000 103:02 4767530                   /usr/lib/libgsm.so.1.0.22
7f95c92a8000-7f95c92a9000 r--p 0000c000 103:02 4767530                   /usr/lib/libgsm.so.1.0.22
7f95c92a9000-7f95c92aa000 r--p 0000d000 103:02 4767530                   /usr/lib/libgsm.so.1.0.22
7f95c92aa000-7f95c92ab000 rw-p 0000e000 103:02 4767530                   /usr/lib/libgsm.so.1.0.22
7f95c92ab000-7f95c92ac000 r--p 00000000 103:02 4788175                   /usr/lib/libopencore-amrwb.so.0.0.5
7f95c92ac000-7f95c92b8000 r-xp 00001000 103:02 4788175                   /usr/lib/libopencore-amrwb.so.0.0.5
7f95c92b8000-7f95c92bf000 r--p 0000d000 103:02 4788175                   /usr/lib/libopencore-amrwb.so.0.0.5
7f95c92bf000-7f95c92c0000 r--p 00013000 103:02 4788175                   /usr/lib/libopencore-amrwb.so.0.0.5
7f95c92c0000-7f95c92c1000 rw-p 00014000 103:02 4788175                   /usr/lib/libopencore-amrwb.so.0.0.5
7f95c92c1000-7f95c92c5000 r--p 00000000 103:02 4733684                   /usr/lib/liblzma.so.5.8.3
7f95c92c5000-7f95c92e9000 r-xp 00004000 103:02 4733684                   /usr/lib/liblzma.so.5.8.3
7f95c92e9000-7f95c92f4000 r--p 00028000 103:02 4733684                   /usr/lib/liblzma.so.5.8.3
7f95c92f4000-7f95c92f5000 r--p 00033000 103:02 4733684                   /usr/lib/liblzma.so.5.8.3
7f95c92f5000-7f95c92f6000 rw-p 00034000 103:02 4733684                   /usr/lib/liblzma.so.5.8.3
7f95c92f6000-7f95c92f9000 r--p 00000000 103:02 4837263                   /usr/lib/libva.so.2.2400.0
7f95c92f9000-7f95c931b000 r-xp 00003000 103:02 4837263                   /usr/lib/libva.so.2.2400.0
7f95c931b000-7f95c932e000 r--p 00025000 103:02 4837263                   /usr/lib/libva.so.2.2400.0
7f95c932e000-7f95c932f000 r--p 00038000 103:02 4837263                   /usr/lib/libva.so.2.2400.0
7f95c932f000-7f95c9330000 rw-p 00039000 103:02 4837263                   /usr/lib/libva.so.2.2400.0
7f95c9330000-7f95c933d000 r--p 00000000 103:02 4751534                   /usr/lib/libpipewire-0.3.so.0.1608.0
7f95c933d000-7f95c93c4000 r-xp 0000d000 103:02 4751534                   /usr/lib/libpipewire-0.3.so.0.1608.0
7f95c93c4000-7f95c93e2000 r--p 00094000 103:02 4751534                   /usr/lib/libpipewire-0.3.so.0.1608.0
7f95c93e2000-7f95c93fe000 r--p 000b2000 103:02 4751534                   /usr/lib/libpipewire-0.3.so.0.1608.0
7f95c93fe000-7f95c93ff000 rw-p 000ce000 103:02 4751534                   /usr/lib/libpipewire-0.3.so.0.1608.0
7f95c93ff000-7f95c9400000 rw-p 00000000 00:00 0 
7f95c9400000-7f95c9650000 r-xp 00000000 103:02 4831579                   /usr/lib/libnvidia-glcore.so.610.57.04
7f95c9650000-7f95c9671000 rwxp 00250000 103:02 4831579                   /usr/lib/libnvidia-glcore.so.610.57.04
7f95c9671000-7f95c9800000 r-xp 00271000 103:02 4831579                   /usr/lib/libnvidia-glcore.so.610.57.04
7f95c9800000-7f95ca400000 r-xp 00400000 103:02 4831579                   /usr/lib/libnvidia-glcore.so.610.57.04
7f95ca400000-7f95cb9f9000 r-xp 01000000 103:02 4831579                   /usr/lib/libnvidia-glcore.so.610.57.04
7f95cb9f9000-7f95cb9fa000 ---p 025f9000 103:02 4831579                   /usr/lib/libnvidia-glcore.so.610.57.04
7f95cb9fa000-7f95cbb72000 r--p 025f9000 103:02 4831579                   /usr/lib/libnvidia-glcore.so.610.57.04
7f95cbb72000-7f95cbbd5000 rw-p 02771000 103:02 4831579                   /usr/lib/libnvidia-glcore.so.610.57.04
7f95cbbd5000-7f95cbbf5000 rw-p 00000000 00:00 0 
7f95cbbf5000-7f95cbbf6000 rw-s 00000000 00:07 1110                       /dev/nvidiactl
7f95cbbf6000-7f95cbbf8000 rw-s 00000000 00:07 1110                       /dev/nvidiactl
7f95cbbf8000-7f95cbbfa000 r--p 00000000 103:02 4769073                   /usr/lib/libbs2b.so.0.0.0
7f95cbbfa000-7f95cbbfd000 r-xp 00002000 103:02 4769073                   /usr/lib/libbs2b.so.0.0.0
7f95cbbfd000-7f95cbbfe000 r--p 00005000 103:02 4769073                   /usr/lib/libbs2b.so.0.0.0
7f95cbbfe000-7f95cbbff000 r--p 00005000 103:02 4769073                   /usr/lib/libbs2b.so.0.0.0
7f95cbbff000-7f95cbc00000 rw-p 00006000 103:02 4769073                   /usr/lib/libbs2b.so.0.0.0
7f95cbc00000-7f95cd51a000 r-xp 00000000 103:02 6306886                   /home/annihilator/.skiko/skiko-linux-x64-434f7633c843870c0839a1137b128f6c3db3c5d58dcad3545e90827e3e341afb/libskiko-linux-x64.so
7f95cd51a000-7f95cd552000 r--p 01919000 103:02 6306886                   /home/annihilator/.skiko/skiko-linux-x64-434f7633c843870c0839a1137b128f6c3db3c5d58dcad3545e90827e3e341afb/libskiko-linux-x64.so
7f95cd552000-7f95cd555000 rw-p 01951000 103:02 6306886                   /home/annihilator/.skiko/skiko-linux-x64-434f7633c843870c0839a1137b128f6c3db3c5d58dcad3545e90827e3e341afb/libskiko-linux-x64.so
7f95cd555000-7f95cd55e000 rw-p 00000000 00:00 0 
7f95cd55e000-7f95cd55f000 rw-s 00000000 00:07 1112                       /dev/nvidia0
7f95cd55f000-7f95cd560000 rw-s 00000000 00:07 1110                       /dev/nvidiactl
7f95cd560000-7f95cd562000 rw-s 00000000 00:07 1110                       /dev/nvidiactl
7f95cd562000-7f95cd569000 r--p 00000000 103:02 4771963                   /usr/lib/libvulkan.so.1.4.357
7f95cd569000-7f95cd5c8000 r-xp 00007000 103:02 4771963                   /usr/lib/libvulkan.so.1.4.357
7f95cd5c8000-7f95cd5fd000 r--p 00066000 103:02 4771963                   /usr/lib/libvulkan.so.1.4.357
7f95cd5fd000-7f95cd5ff000 r--p 0009a000 103:02 4771963                   /usr/lib/libvulkan.so.1.4.357
7f95cd5ff000-7f95cd600000 rw-p 0009c000 103:02 4771963                   /usr/lib/libvulkan.so.1.4.357
7f95cd600000-7f95cf594000 r--p 00000000 103:02 4735921                   /usr/lib/libicudata.so.78.3
7f95cf594000-7f95cf595000 r--p 01f93000 103:02 4735921                   /usr/lib/libicudata.so.78.3
7f95cf595000-7f95cf599000 rw-s 00000000 00:07 1110                       /dev/nvidiactl
7f95cf599000-7f95cf59c000 r--p 00000000 103:02 4846487                   /usr/lib/libsnappy.so.1.2.2
7f95cf59c000-7f95cf5a3000 r-xp 00003000 103:02 4846487                   /usr/lib/libsnappy.so.1.2.2
7f95cf5a3000-7f95cf5a6000 r--p 0000a000 103:02 4846487                   /usr/lib/libsnappy.so.1.2.2
7f95cf5a6000-7f95cf5a7000 r--p 0000c000 103:02 4846487                   /usr/lib/libsnappy.so.1.2.2
7f95cf5a7000-7f95cf5a8000 rw-p 0000d000 103:02 4846487                   /usr/lib/libsnappy.so.1.2.2
7f95cf5a8000-7f95cf5aa000 r--p 00000000 103:02 4763355                   /usr/lib/libwebpmux.so.3.1.2
7f95cf5aa000-7f95cf5b1000 r-xp 00002000 103:02 4763355                   /usr/lib/libwebpmux.so.3.1.2
7f95cf5b1000-7f95cf5b2000 r--p 00009000 103:02 4763355                   /usr/lib/libwebpmux.so.3.1.2
7f95cf5b2000-7f95cf5b3000 r--p 0000a000 103:02 4763355                   /usr/lib/libwebpmux.so.3.1.2
7f95cf5b3000-7f95cf5b4000 rw-p 0000b000 103:02 4763355                   /usr/lib/libwebpmux.so.3.1.2
7f95cf5b4000-7f95cf5ba000 r--p 00000000 103:02 4774588                   /usr/lib/libsixel.so.1.0.0
7f95cf5ba000-7f95cf5df000 r-xp 00006000 103:02 4774588                   /usr/lib/libsixel.so.1.0.0
7f95cf5df000-7f95cf5e8000 r--p 0002b000 103:02 4774588                   /usr/lib/libsixel.so.1.0.0
7f95cf5e8000-7f95cf5ff000 r--p 00033000 103:02 4774588                   /usr/lib/libsixel.so.1.0.0
7f95cf5ff000-7f95cf600000 rw-p 0004a000 103:02 4774588                   /usr/lib/libsixel.so.1.0.0
7f95cf600000-7f95cfb5b000 r--p 00000000 103:02 4817093                   /usr/lib/libLLVM.so.22.1
7f95cfb5b000-7f95d5808000 r-xp 0055b000 103:02 4817093                   /usr/lib/libLLVM.so.22.1
7f95d5808000-7f95d9756000 r--p 06208000 103:02 4817093                   /usr/lib/libLLVM.so.22.1
7f95d9756000-7f95d9972000 r--p 0a156000 103:02 4817093                   /usr/lib/libLLVM.so.22.1
7f95d9972000-7f95d997c000 rw-p 0a372000 103:02 4817093                   /usr/lib/libLLVM.so.22.1
7f95d997c000-7f95d9a4c000 rw-p 00000000 00:00 0 
7f95d9a4c000-7f95d9a4d000 r--p 00000000 103:02 4763771                   /usr/lib/libunibreak.so.7.0.0
7f95d9a4d000-7f95d9a50000 r-xp 00001000 103:02 4763771                   /usr/lib/libunibreak.so.7.0.0
7f95d9a50000-7f95d9a6d000 r--p 00004000 103:02 4763771                   /usr/lib/libunibreak.so.7.0.0
7f95d9a6d000-7f95d9a6e000 r--p 00020000 103:02 4763771                   /usr/lib/libunibreak.so.7.0.0
7f95d9a6e000-7f95d9a6f000 rw-p 00021000 103:02 4763771                   /usr/lib/libunibreak.so.7.0.0
7f95d9a6f000-7f95d9a71000 r--p 00000000 103:02 4816290                   /usr/lib/libva-x11.so.2.2400.0
7f95d9a71000-7f95d9a74000 r-xp 00002000 103:02 4816290                   /usr/lib/libva-x11.so.2.2400.0
7f95d9a74000-7f95d9a75000 r--p 00005000 103:02 4816290                   /usr/lib/libva-x11.so.2.2400.0
7f95d9a75000-7f95d9a76000 r--p 00005000 103:02 4816290                   /usr/lib/libva-x11.so.2.2400.0
7f95d9a76000-7f95d9a77000 rw-p 00006000 103:02 4816290                   /usr/lib/libva-x11.so.2.2400.0
7f95d9a77000-7f95d9a79000 r--p 00000000 103:02 4799670                   /usr/lib/libva-wayland.so.2.2400.0
7f95d9a79000-7f95d9a7b000 r-xp 00002000 103:02 4799670                   /usr/lib/libva-wayland.so.2.2400.0
7f95d9a7b000-7f95d9a7c000 r--p 00004000 103:02 4799670                   /usr/lib/libva-wayland.so.2.2400.0
7f95d9a7c000-7f95d9a7d000 r--p 00005000 103:02 4799670                   /usr/lib/libva-wayland.so.2.2400.0
7f95d9a7d000-7f95d9a7e000 rw-p 00006000 103:02 4799670                   /usr/lib/libva-wayland.so.2.2400.0
7f95d9a7e000-7f95d9a81000 r--p 00000000 103:02 4767560                   /usr/lib/libdisplay-info.so.0.3.0
7f95d9a81000-7f95d9a99000 r-xp 00003000 103:02 4767560                   /usr/lib/libdisplay-info.so.0.3.0
7f95d9a99000-7f95d9ab5000 r--p 0001b000 103:02 4767560                   /usr/lib/libdisplay-info.so.0.3.0
7f95d9ab5000-7f95d9ab6000 r--p 00036000 103:02 4767560                   /usr/lib/libdisplay-info.so.0.3.0
7f95d9ab6000-7f95d9ab7000 rw-p 00037000 103:02 4767560                   /usr/lib/libdisplay-info.so.0.3.0
7f95d9ab7000-7f95d9ac3000 r--p 00000000 103:02 4769245                   /usr/lib/libpulse.so.0.24.3
7f95d9ac3000-7f95d9af3000 r-xp 0000c000 103:02 4769245                   /usr/lib/libpulse.so.0.24.3
7f95d9af3000-7f95d9b04000 r--p 0003c000 103:02 4769245                   /usr/lib/libpulse.so.0.24.3
7f95d9b04000-7f95d9b06000 r--p 0004c000 103:02 4769245                   /usr/lib/libpulse.so.0.24.3
7f95d9b06000-7f95d9b07000 rw-p 0004e000 103:02 4769245                   /usr/lib/libpulse.so.0.24.3
7f95d9b07000-7f95d9b29000 r--p 00000000 103:02 4743150                   /usr/lib/libasound.so.2.0.0
7f95d9b29000-7f95d9bc9000 r-xp 00022000 103:02 4743150                   /usr/lib/libasound.so.2.0.0
7f95d9bc9000-7f95d9bf7000 r--p 000c2000 103:02 4743150                   /usr/lib/libasound.so.2.0.0
7f95d9bf7000-7f95d9bff000 r--p 000f0000 103:02 4743150                   /usr/lib/libasound.so.2.0.0
7f95d9bff000-7f95d9c00000 rw-p 000f8000 103:02 4743150                   /usr/lib/libasound.so.2.0.0
7f95d9c00000-7f95d9c1b000 r--p 00000000 103:02 4834667                   /usr/lib/libgallium-26.2.1-arch1.1.so
7f95d9c1b000-7f95dbc9b000 r-xp 0001b000 103:02 4834667                   /usr/lib/libgallium-26.2.1-arch1.1.so
7f95dbc9b000-7f95dceed000 r--p 0209b000 103:02 4834667                   /usr/lib/libgallium-26.2.1-arch1.1.so
7f95dceed000-7f95dd06b000 r--p 032ec000 103:02 4834667                   /usr/lib/libgallium-26.2.1-arch1.1.so
7f95dd06b000-7f95dd0a9000 rw-p 0346a000 103:02 4834667                   /usr/lib/libgallium-26.2.1-arch1.1.so
7f95dd0a9000-7f95dd277000 rw-p 00000000 00:00 0 
7f95dd277000-7f95dd278000 r--p 00000000 103:02 4837255                   /usr/lib/libjxl_threads.so.0.12.0
7f95dd278000-7f95dd27a000 r-xp 00001000 103:02 4837255                   /usr/lib/libjxl_threads.so.0.12.0
7f95dd27a000-7f95dd27b000 r--p 00003000 103:02 4837255                   /usr/lib/libjxl_threads.so.0.12.0
7f95dd27b000-7f95dd27c000 r--p 00003000 103:02 4837255                   /usr/lib/libjxl_threads.so.0.12.0
7f95dd27c000-7f95dd27d000 rw-p 00004000 103:02 4837255                   /usr/lib/libjxl_threads.so.0.12.0
7f95dd27d000-7f95dd27f000 r--p 00000000 103:02 4769399                   /usr/lib/libXv.so.1.0.0
7f95dd27f000-7f95dd282000 r-xp 00002000 103:02 4769399                   /usr/lib/libXv.so.1.0.0
7f95dd282000-7f95dd283000 r--p 00005000 103:02 4769399                   /usr/lib/libXv.so.1.0.0
7f95dd283000-7f95dd284000 r--p 00005000 103:02 4769399                   /usr/lib/libXv.so.1.0.0
7f95dd284000-7f95dd285000 rw-p 00006000 103:02 4769399                   /usr/lib/libXv.so.1.0.0
7f95dd285000-7f95dd28c000 r--p 00000000 103:02 4768939                   /usr/lib/libjack.so.0.1.0
7f95dd28c000-7f95dd2ba000 r-xp 00007000 103:02 4768939                   /usr/lib/libjack.so.0.1.0
7f95dd2ba000-7f95dd2d0000 r--p 00035000 103:02 4768939                   /usr/lib/libjack.so.0.1.0
7f95dd2d0000-7f95dd2d3000 r--p 0004a000 103:02 4768939                   /usr/lib/libjack.so.0.1.0
7f95dd2d3000-7f95dd2d4000 rw-p 0004d000 103:02 4768939                   /usr/lib/libjack.so.0.1.0
7f95dd2d4000-7f95dd2d7000 r--p 00000000 103:02 4769435                   /usr/lib/libzimg.so.2.0.0
7f95dd2d7000-7f95dd351000 r-xp 00003000 103:02 4769435                   /usr/lib/libzimg.so.2.0.0
7f95dd351000-7f95dd363000 r--p 0007d000 103:02 4769435                   /usr/lib/libzimg.so.2.0.0
7f95dd363000-7f95dd367000 r--p 0008e000 103:02 4769435                   /usr/lib/libzimg.so.2.0.0
7f95dd367000-7f95dd368000 rw-p 00092000 103:02 4769435                   /usr/lib/libzimg.so.2.0.0
7f95dd368000-7f95dd369000 r--p 00000000 103:02 4768705                   /usr/lib/libuchardet.so.0.0.8
7f95dd369000-7f95dd36f000 r-xp 00001000 103:02 4768705                   /usr/lib/libuchardet.so.0.0.8
7f95dd36f000-7f95dd392000 r--p 00007000 103:02 4768705                   /usr/lib/libuchardet.so.0.0.8
7f95dd392000-7f95dd395000 r--p 00029000 103:02 4768705                   /usr/lib/libuchardet.so.0.0.8
7f95dd395000-7f95dd396000 rw-p 0002c000 103:02 4768705                   /usr/lib/libuchardet.so.0.0.8
7f95dd396000-7f95dd3a6000 r--p 00000000 103:02 4745057                   /usr/lib/librubberband.so.3.0.0
7f95dd3a6000-7f95dd3ec000 r-xp 00010000 103:02 4745057                   /usr/lib/librubberband.so.3.0.0
7f95dd3ec000-7f95dd3fd000 r--p 00056000 103:02 4745057                   /usr/lib/librubberband.so.3.0.0
7f95dd3fd000-7f95dd3ff000 r--p 00066000 103:02 4745057                   /usr/lib/librubberband.so.3.0.0
7f95dd3ff000-7f95dd400000 rw-p 00068000 103:02 4745057                   /usr/lib/librubberband.so.3.0.0
7f95dd400000-7f95dd75b000 r--p 00000000 103:02 4833041                   /usr/lib/libnvidia-gpucomp.so.610.57.04
7f95dd75b000-7f95e1cf8000 r-xp 0035b000 103:02 4833041                   /usr/lib/libnvidia-gpucomp.so.610.57.04
7f95e1cf8000-7f95e39e8000 r--p 048f8000 103:02 4833041                   /usr/lib/libnvidia-gpucomp.so.610.57.04
7f95e39e8000-7f95e3c3a000 r--p 065e7000 103:02 4833041                   /usr/lib/libnvidia-gpucomp.so.610.57.04
7f95e3c3a000-7f95e3dc5000 rw-p 06839000 103:02 4833041                   /usr/lib/libnvidia-gpucomp.so.610.57.04
7f95e3dc5000-7f95e3e80000 rw-p 00000000 00:00 0 
7f95e3e80000-7f95e3e81000 rw-s 00000000 00:07 1112                       /dev/nvidia0
7f95e3e81000-7f95e3e86000 r--p 00000000 103:02 4774103                   /usr/lib/libluajit-5.1.so.2.1.1787165859
7f95e3e86000-7f95e3efd000 r-xp 00005000 103:02 4774103                   /usr/lib/libluajit-5.1.so.2.1.1787165859
7f95e3efd000-7f95e3f14000 r--p 0007c000 103:02 4774103                   /usr/lib/libluajit-5.1.so.2.1.1787165859
7f95e3f14000-7f95e3f17000 r--p 00093000 103:02 4774103                   /usr/lib/libluajit-5.1.so.2.1.1787165859
7f95e3f17000-7f95e3f18000 rw-p 00096000 103:02 4774103                   /usr/lib/libluajit-5.1.so.2.1.1787165859
7f95e3f18000-7f95e3f27000 r--p 00000000 103:02 4737468                   /usr/lib/libarchive.so.13.8.9
7f95e3f27000-7f95e3fd1000 r-xp 0000f000 103:02 4737468                   /usr/lib/libarchive.so.13.8.9
7f95e3fd1000-7f95e3ffb000 r--p 000b9000 103:02 4737468                   /usr/lib/libarchive.so.13.8.9
7f95e3ffb000-7f95e3fff000 r--p 000e3000 103:02 4737468                   /usr/lib/libarchive.so.13.8.9
7f95e3fff000-7f95e4000000 rw-p 000e7000 103:02 4737468                   /usr/lib/libarchive.so.13.8.9
7f95e4000000-7f95e7f29000 rw-p 00000000 00:00 0 
7f95e7f29000-7f95e8000000 ---p 00000000 00:00 0 
7f95e8000000-7f95e8001000 r--p 00000000 103:02 4843256                   /usr/lib/libvdpau.so.1.0.0
7f95e8001000-7f95e8002000 r-xp 00001000 103:02 4843256                   /usr/lib/libvdpau.so.1.0.0
7f95e8002000-7f95e8003000 r--p 00002000 103:02 4843256                   /usr/lib/libvdpau.so.1.0.0
7f95e8003000-7f95e8004000 r--p 00002000 103:02 4843256                   /usr/lib/libvdpau.so.1.0.0
7f95e8004000-7f95e8005000 rw-p 00003000 103:02 4843256                   /usr/lib/libvdpau.so.1.0.0
7f95e8005000-7f95e8007000 r--p 00000000 103:02 4757852                   /usr/lib/libXrandr.so.2.2.0
7f95e8007000-7f95e800e000 r-xp 00002000 103:02 4757852                   /usr/lib/libXrandr.so.2.2.0
7f95e800e000-7f95e8010000 r--p 00009000 103:02 4757852                   /usr/lib/libXrandr.so.2.2.0
7f95e8010000-7f95e8011000 r--p 0000a000 103:02 4757852                   /usr/lib/libXrandr.so.2.2.0
7f95e8011000-7f95e8012000 rw-p 0000b000 103:02 4757852                   /usr/lib/libXrandr.so.2.2.0
7f95e8012000-7f95e8015000 r--p 00000000 103:02 4777462                   /usr/lib/libsndio.so.7.3
7f95e8015000-7f95e801e000 r-xp 00003000 103:02 4777462                   /usr/lib/libsndio.so.7.3
7f95e801e000-7f95e8021000 r--p 0000c000 103:02 4777462                   /usr/lib/libsndio.so.7.3
7f95e8021000-7f95e8022000 r--p 0000f000 103:02 4777462                   /usr/lib/libsndio.so.7.3
7f95e8022000-7f95e8023000 rw-p 00010000 103:02 4777462                   /usr/lib/libsndio.so.7.3
7f95e8023000-7f95e8025000 rw-p 00000000 00:00 0 
7f95e8025000-7f95e8028000 r--p 00000000 103:02 4812074                   /usr/lib/libbluray.so.3.1.0
7f95e8028000-7f95e805b000 r-xp 00003000 103:02 4812074                   /usr/lib/libbluray.so.3.1.0
7f95e805b000-7f95e806b000 r--p 00036000 103:02 4812074                   /usr/lib/libbluray.so.3.1.0
7f95e806b000-7f95e806d000 r--p 00045000 103:02 4812074                   /usr/lib/libbluray.so.3.1.0
7f95e806d000-7f95e806e000 rw-p 00047000 103:02 4812074                   /usr/lib/libbluray.so.3.1.0
7f95e806e000-7f95e8076000 r--p 00000000 103:02 4750339                   /usr/lib/libavdevice.so.63.1.101
7f95e8076000-7f95e8086000 r-xp 00008000 103:02 4750339                   /usr/lib/libavdevice.so.63.1.101
7f95e8086000-7f95e808c000 r--p 00018000 103:02 4750339                   /usr/lib/libavdevice.so.63.1.101
7f95e808c000-7f95e8090000 r--p 0001e000 103:02 4750339                   /usr/lib/libavdevice.so.63.1.101
7f95e8090000-7f95e8091000 rw-p 00022000 103:02 4750339                   /usr/lib/libavdevice.so.63.1.101
7f95e8091000-7f95e809a000 r--p 00000000 103:02 4771955                   /usr/lib/liblcms2.so.2.0.19
7f95e809a000-7f95e80e1000 r-xp 00009000 103:02 4771955                   /usr/lib/liblcms2.so.2.0.19
7f95e80e1000-7f95e80f6000 r--p 00050000 103:02 4771955                   /usr/lib/liblcms2.so.2.0.19
7f95e80f6000-7f95e80f9000 r--p 00064000 103:02 4771955                   /usr/lib/liblcms2.so.2.0.19
7f95e80f9000-7f95e80fc000 rw-p 00067000 103:02 4771955                   /usr/lib/liblcms2.so.2.0.19
7f95e80fc000-7f95e80fd000 rw-p 00000000 00:00 0 
7f95e80fd000-7f95e810a000 r--p 00000000 103:02 4738083                   /usr/lib/libcurl.so.4.8.0
7f95e810a000-7f95e81cb000 r-xp 0000d000 103:02 4738083                   /usr/lib/libcurl.so.4.8.0
7f95e81cb000-7f95e81f7000 r--p 000ce000 103:02 4738083                   /usr/lib/libcurl.so.4.8.0
7f95e81f7000-7f95e81fe000 r--p 000f9000 103:02 4738083                   /usr/lib/libcurl.so.4.8.0
7f95e81fe000-7f95e81ff000 rw-p 00100000 103:02 4738083                   /usr/lib/libcurl.so.4.8.0
7f95e81ff000-7f95e8200000 rw-p 00000000 00:00 0 
7f95e8200000-7f95e8212000 r--p 00000000 103:02 4754446                   /usr/lib/libavformat.so.63.1.101
7f95e8212000-7f95e845e000 r-xp 00012000 103:02 4754446                   /usr/lib/libavformat.so.63.1.101
7f95e845e000-7f95e84eb000 r--p 0025e000 103:02 4754446                   /usr/lib/libavformat.so.63.1.101
7f95e84eb000-7f95e8525000 r--p 002ea000 103:02 4754446                   /usr/lib/libavformat.so.63.1.101
7f95e8525000-7f95e8526000 rw-p 00324000 103:02 4754446                   /usr/lib/libavformat.so.63.1.101
7f95e8526000-7f95e8527000 r--p 00000000 103:02 4754963                   /usr/lib/libva-drm.so.2.2400.0
7f95e8527000-7f95e8528000 r-xp 00001000 103:02 4754963                   /usr/lib/libva-drm.so.2.2400.0
7f95e8528000-7f95e8529000 r--p 00002000 103:02 4754963                   /usr/lib/libva-drm.so.2.2400.0
7f95e8529000-7f95e852a000 r--p 00002000 103:02 4754963                   /usr/lib/libva-drm.so.2.2400.0
7f95e852a000-7f95e852b000 rw-p 00003000 103:02 4754963                   /usr/lib/libva-drm.so.2.2400.0
7f95e852b000-7f95e852c000 r--p 00000000 103:02 4775248                   /usr/lib/libXpresent.so.1.0.0
7f95e852c000-7f95e852d000 r-xp 00001000 103:02 4775248                   /usr/lib/libXpresent.so.1.0.0
7f95e852d000-7f95e852e000 r--p 00002000 103:02 4775248                   /usr/lib/libXpresent.so.1.0.0
7f95e852e000-7f95e852f000 r--p 00002000 103:02 4775248                   /usr/lib/libXpresent.so.1.0.0
7f95e852f000-7f95e8530000 rw-p 00003000 103:02 4775248                   /usr/lib/libXpresent.so.1.0.0
7f95e8530000-7f95e8536000 r--p 00000000 103:02 4774597                   /usr/lib/libmujs.so
7f95e8536000-7f95e8574000 r-xp 00006000 103:02 4774597                   /usr/lib/libmujs.so
7f95e8574000-7f95e8585000 r--p 00044000 103:02 4774597                   /usr/lib/libmujs.so
7f95e8585000-7f95e8587000 r--p 00055000 103:02 4774597                   /usr/lib/libmujs.so
7f95e8587000-7f95e8588000 rw-p 00057000 103:02 4774597                   /usr/lib/libmujs.so
7f95e8588000-7f95e858b000 r--p 00000000 103:02 4775212                   /usr/lib/libdvdnav.so.4.4.0
7f95e858b000-7f95e859a000 r-xp 00003000 103:02 4775212                   /usr/lib/libdvdnav.so.4.4.0
7f95e859a000-7f95e859e000 r--p 00012000 103:02 4775212                   /usr/lib/libdvdnav.so.4.4.0
7f95e859e000-7f95e859f000 r--p 00015000 103:02 4775212                   /usr/lib/libdvdnav.so.4.4.0
7f95e859f000-7f95e85a0000 rw-p 00016000 103:02 4775212                   /usr/lib/libdvdnav.so.4.4.0
7f95e85a0000-7f95e85a6000 r--p 00000000 103:02 4773161                   /usr/lib/libcdio.so.19.1.0
7f95e85a6000-7f95e85ba000 r-xp 00006000 103:02 4773161                   /usr/lib/libcdio.so.19.1.0
7f95e85ba000-7f95e85c3000 r--p 0001a000 103:02 4773161                   /usr/lib/libcdio.so.19.1.0
7f95e85c3000-7f95e85c5000 r--p 00022000 103:02 4773161                   /usr/lib/libcdio.so.19.1.0
7f95e85c5000-7f95e85c6000 rw-p 00024000 103:02 4773161                   /usr/lib/libcdio.so.19.1.0
7f95e85c6000-7f95e85c9000 rw-p 00000000 00:00 0 
7f95e85c9000-7f95e85cb000 r--p 00000000 103:02 4773185                   /usr/lib/libcdio_cdda.so.2.0.0
7f95e85cb000-7f95e85cf000 r-xp 00002000 103:02 4773185                   /usr/lib/libcdio_cdda.so.2.0.0
7f95e85cf000-7f95e85d1000 r--p 00006000 103:02 4773185                   /usr/lib/libcdio_cdda.so.2.0.0
7f95e85d1000-7f95e85d2000 r--p 00007000 103:02 4773185                   /usr/lib/libcdio_cdda.so.2.0.0
7f95e85d2000-7f95e85d3000 rw-p 00008000 103:02 4773185                   /usr/lib/libcdio_cdda.so.2.0.0
7f95e85d3000-7f95e85d5000 r--p 00000000 103:02 4769654                   /usr/lib/libswresample.so.7.1.101
7f95e85d5000-7f95e85f8000 r-xp 00002000 103:02 4769654                   /usr/lib/libswresample.so.7.1.101
7f95e85f8000-7f95e85fd000 r--p 00025000 103:02 4769654                   /usr/lib/libswresample.so.7.1.101
7f95e85fd000-7f95e85ff000 r--p 0002a000 103:02 4769654                   /usr/lib/libswresample.so.7.1.101
7f95e85ff000-7f95e8600000 rw-p 0002c000 103:02 4769654                   /usr/lib/libswresample.so.7.1.101
7f95e8600000-7f95e8653000 r--p 00000000 103:02 6835745                   /home/annihilator/dev/mpv/build/libmpv.so.2.5.0
7f95e8653000-7f95e8876000 r-xp 00053000 103:02 6835745                   /home/annihilator/dev/mpv/build/libmpv.so.2.5.0
7f95e8876000-7f95e899f000 r--p 00276000 103:02 6835745                   /home/annihilator/dev/mpv/build/libmpv.so.2.5.0
7f95e899f000-7f95e89eb000 r--p 0039f000 103:02 6835745                   /home/annihilator/dev/mpv/build/libmpv.so.2.5.0
7f95e89eb000-7f95e89f0000 rw-p 003eb000 103:02 6835745                   /home/annihilator/dev/mpv/build/libmpv.so.2.5.0
7f95e89f0000-7f95e89f1000 rw-p 00000000 00:00 0 
7f95e89f1000-7f95e89f5000 rw-s 00000000 00:07 1110                       /dev/nvidiactl
7f95e89f5000-7f95e89f6000 r--p 00000000 103:02 4773188                   /usr/lib/libcdio_paranoia.so.2.0.0
7f95e89f6000-7f95e89fb000 r-xp 00001000 103:02 4773188                   /usr/lib/libcdio_paranoia.so.2.0.0
7f95e89fb000-7f95e89fc000 r--p 00006000 103:02 4773188                   /usr/lib/libcdio_paranoia.so.2.0.0
7f95e89fc000-7f95e89fd000 r--p 00006000 103:02 4773188                   /usr/lib/libcdio_paranoia.so.2.0.0
7f95e89fd000-7f95e89fe000 rw-p 00007000 103:02 4773188                   /usr/lib/libcdio_paranoia.so.2.0.0
7f95e89fe000-7f95e8a0d000 r--p 00000000 103:02 4781957                   /usr/lib/libplacebo.so.360
7f95e8a0d000-7f95e8abd000 r-xp 0000f000 103:02 4781957                   /usr/lib/libplacebo.so.360
7f95e8abd000-7f95e8b01000 r--p 000bf000 103:02 4781957                   /usr/lib/libplacebo.so.360
7f95e8b01000-7f95e8b16000 r--p 00103000 103:02 4781957                   /usr/lib/libplacebo.so.360
7f95e8b16000-7f95e8b1c000 rw-p 00118000 103:02 4781957                   /usr/lib/libplacebo.so.360
7f95e8b1c000-7f95e8b20000 r--p 00000000 103:02 4816269                   /usr/lib/libass.so.9.4.2
7f95e8b20000-7f95e8b54000 r-xp 00004000 103:02 4816269                   /usr/lib/libass.so.9.4.2
7f95e8b54000-7f95e8b5c000 r--p 00038000 103:02 4816269                   /usr/lib/libass.so.9.4.2
7f95e8b5c000-7f95e8b5d000 r--p 0003f000 103:02 4816269                   /usr/lib/libass.so.9.4.2
7f95e8b5d000-7f95e8b5e000 rw-p 00040000 103:02 4816269                   /usr/lib/libass.so.9.4.2
7f95e8b5e000-7f95e8b5f000 rw-p 00000000 00:00 0 
7f95e8b5f000-7f95e8b63000 ---p 00000000 00:00 0 
7f95e8b63000-7f95e9064000 rw-p 00000000 00:00 0 
7f95e9064000-7f95e9068000 ---p 00000000 00:00 0 
7f95e9068000-7f95e9165000 rw-p 00000000 00:00 0 
7f95e9165000-7f95e9169000 ---p 00000000 00:00 0 
7f95e9169000-7f95e9266000 rw-p 00000000 00:00 0 
7f95e9266000-7f95e926a000 ---p 00000000 00:00 0 
7f95e926a000-7f95e9366000 rw-p 00000000 00:00 0 
7f95e9366000-7f95e9367000 r--p 00000000 103:02 4834742                   /usr/lib/libnvidia-tls.so.610.57.04
7f95e9367000-7f95e9369000 r-xp 00001000 103:02 4834742                   /usr/lib/libnvidia-tls.so.610.57.04
7f95e9369000-7f95e936a000 r--p 00003000 103:02 4834742                   /usr/lib/libnvidia-tls.so.610.57.04
7f95e936a000-7f95e936b000 r--p 00003000 103:02 4834742                   /usr/lib/libnvidia-tls.so.610.57.04
7f95e936b000-7f95e936c000 rw-p 00004000 103:02 4834742                   /usr/lib/libnvidia-tls.so.610.57.04
7f95e936c000-7f95e93bd000 r--p 00000000 103:02 4826231                   /usr/lib/libGLX_nvidia.so.610.57.04
7f95e93bd000-7f95e941a000 r-xp 00051000 103:02 4826231                   /usr/lib/libGLX_nvidia.so.610.57.04
7f95e941a000-7f95e944f000 rwxp 000ae000 103:02 4826231                   /usr/lib/libGLX_nvidia.so.610.57.04
7f95e944f000-7f95e9450000 r-xp 000e3000 103:02 4826231                   /usr/lib/libGLX_nvidia.so.610.57.04
7f95e9450000-7f95e9470000 r--p 000e4000 103:02 4826231                   /usr/lib/libGLX_nvidia.so.610.57.04
7f95e9470000-7f95e9490000 r--p 00103000 103:02 4826231                   /usr/lib/libGLX_nvidia.so.610.57.04
7f95e9490000-7f95e9495000 rw-p 00123000 103:02 4826231                   /usr/lib/libGLX_nvidia.so.610.57.04
7f95e9495000-7f95e9497000 rw-p 00000000 00:00 0 
7f95e9497000-7f95e94c6000 r--p 00000000 103:02 4750360                   /usr/lib/libGL.so.1.7.0
7f95e94c6000-7f95e94e5000 r-xp 0002f000 103:02 4750360                   /usr/lib/libGL.so.1.7.0
7f95e94e5000-7f95e94f9000 r--p 0004e000 103:02 4750360                   /usr/lib/libGL.so.1.7.0
7f95e94f9000-7f95e9507000 r--p 00062000 103:02 4750360                   /usr/lib/libGL.so.1.7.0
7f95e9507000-7f95e9508000 rw-p 00070000 103:02 4750360                   /usr/lib/libGL.so.1.7.0
7f95e9508000-7f95e9509000 rw-p 00000000 00:00 0 
7f95e9509000-7f95e950a000 rw-p 00000000 00:00 0 
7f95e950a000-7f95e950e000 ---p 00000000 00:00 0 
7f95e950e000-7f95e960b000 rw-p 00000000 00:00 0 
7f95e960b000-7f95e960f000 ---p 00000000 00:00 0 
7f95e960f000-7f95e970b000 rw-p 00000000 00:00 0 
7f95e970b000-7f95e973e000 r--p 00000000 00:2f 28159                      /tmp/lwjgl_annihilator/3.3.6+1/x64/liblwjgl_opengl.so
7f95e973e000-7f95e9752000 r-xp 00033000 00:2f 28159                      /tmp/lwjgl_annihilator/3.3.6+1/x64/liblwjgl_opengl.so
7f95e9752000-7f95e9762000 r--p 00047000 00:2f 28159                      /tmp/lwjgl_annihilator/3.3.6+1/x64/liblwjgl_opengl.so
7f95e9762000-7f95e9763000 r--p 00056000 00:2f 28159                      /tmp/lwjgl_annihilator/3.3.6+1/x64/liblwjgl_opengl.so
7f95e9763000-7f95e9764000 rw-p 00057000 00:2f 28159                      /tmp/lwjgl_annihilator/3.3.6+1/x64/liblwjgl_opengl.so
7f95e9864000-7f95e9865000 rw-p 00000000 00:00 0 
7f95e9865000-7f95e9869000 ---p 00000000 00:00 0 
7f95e9869000-7f95e9965000 rw-p 00000000 00:00 0 
7f95e9965000-7f95e9a00000 r--p 00000000 103:02 5641617                   /usr/share/fonts/noto/NotoSans-Bold.ttf
7f95e9a00000-7f95e9c19000 r--p 00000000 103:02 4831215                   /usr/lib/libnvidia-eglcore.so.610.57.04
7f95e9c19000-7f95ea85f000 r-xp 00219000 103:02 4831215                   /usr/lib/libnvidia-eglcore.so.610.57.04
7f95ea85f000-7f95ebd8a000 r--p 00e5f000 103:02 4831215                   /usr/lib/libnvidia-eglcore.so.610.57.04
7f95ebd8a000-7f95ebd8b000 ---p 0238a000 103:02 4831215                   /usr/lib/libnvidia-eglcore.so.610.57.04
7f95ebd8b000-7f95ebf00000 r--p 0238a000 103:02 4831215                   /usr/lib/libnvidia-eglcore.so.610.57.04
7f95ebf00000-7f95ebf49000 rw-p 024ff000 103:02 4831215                   /usr/lib/libnvidia-eglcore.so.610.57.04
7f95ebf49000-7f95ebf60000 rw-p 00000000 00:00 0 
7f95ebf60000-7f95ebf61000 r--p 00000000 103:02 4754785                   /usr/lib/libXss.so.1.0.0
7f95ebf61000-7f95ebf62000 r-xp 00001000 103:02 4754785                   /usr/lib/libXss.so.1.0.0
7f95ebf62000-7f95ebf63000 r--p 00002000 103:02 4754785                   /usr/lib/libXss.so.1.0.0
7f95ebf63000-7f95ebf64000 r--p 00002000 103:02 4754785                   /usr/lib/libXss.so.1.0.0
7f95ebf64000-7f95ebf65000 rw-p 00003000 103:02 4754785                   /usr/lib/libXss.so.1.0.0
7f95ebf65000-7f95ec000000 r--p 00000000 103:02 5641617                   /usr/share/fonts/noto/NotoSans-Bold.ttf
7f95ec000000-7f95ec4bd000 rw-p 00000000 00:00 0 
7f95ec4bd000-7f95f0000000 ---p 00000000 00:00 0 
7f95f0000000-7f95f041a000 rw-p 00000000 00:00 0 
7f95f041a000-7f95f4000000 ---p 00000000 00:00 0 
7f95f4000000-7f95f47c4000 rw-p 00000000 00:00 0 
7f95f47c4000-7f95f8000000 ---p 00000000 00:00 0 
7f95f8000000-7f95f8400000 rw-p 00000000 00:00 0 
7f95f8400000-7f95f8700000 rw-p 00000000 00:00 0 
7f95f8700000-7f95f8800000 rw-p 00000000 00:00 0 
7f95f8800000-7f95f8900000 rw-p 00000000 00:00 0 
7f95f8900000-7f95f8a00000 rw-p 00000000 00:00 0 
7f95f8a00000-7f95f9200000 rw-p 00000000 00:00 0 
7f95f9200000-7f95f9980000 rw-p 00000000 00:00 0 
7f95f9980000-7f95f9a00000 rw-p 00000000 00:00 0 
7f95f9a00000-7f95f9a90000 rw-p 00000000 00:00 0 
7f95f9a90000-7f95fc000000 ---p 00000000 00:00 0 
7f95fc000000-7f95fd082000 rw-p 00000000 00:00 0 
7f95fd082000-7f9600000000 ---p 00000000 00:00 0 
7f9600000000-7f9600001000 rw-s 00000000 00:07 1110                       /dev/nvidiactl
7f9600001000-7f9600002000 rw-s 00000000 00:07 1112                       /dev/nvidia0
7f9600002000-7f9600004000 rw-s 00000000 00:07 1110                       /dev/nvidiactl
7f9600004000-7f9600006000 r--p 00000000 103:02 4750371                   /usr/lib/libGLX.so.0.0.0
7f9600006000-7f9600020000 r-xp 00002000 103:02 4750371                   /usr/lib/libGLX.so.0.0.0
7f9600020000-7f9600023000 r--p 0001c000 103:02 4750371                   /usr/lib/libGLX.so.0.0.0
7f9600023000-7f9600024000 r--p 0001f000 103:02 4750371                   /usr/lib/libGLX.so.0.0.0
7f9600024000-7f9600025000 rw-p 00020000 103:02 4750371                   /usr/lib/libGLX.so.0.0.0
7f9600025000-7f9600035000 rw-p 00000000 00:00 0 
7f9600035000-7f9600048000 rw-s 00000000 00:07 1110                       /dev/nvidiactl
7f9600048000-7f9600088000 rw-s 00000000 00:07 1110                       /dev/nvidiactl
7f9600088000-7f960009e000 r--s 00000000 103:02 3835467                   /var/cache/fontconfig/17ce8022be83857151cced15433ac5ab-le64.cache-12
7f960009e000-7f960009f000 r--s 00000000 103:02 3803672                   /var/cache/fontconfig/1b6853af091219762dc5c68646ca68b7-le64.cache-12
7f960009f000-7f96000a2000 r--s 00000000 103:02 3802392                   /var/cache/fontconfig/73edfbc81426f3b2593aba7ca9378882-le64.cache-12
7f96000a2000-7f96000ab000 r--s 00000000 103:02 3835464                   /var/cache/fontconfig/2fbfc6d3726617df5d72e45ca91ca896-le64.cache-12
7f96000ab000-7f96000ac000 r--s 00000000 103:02 3835441                   /var/cache/fontconfig/787b69f04c7448ed6c581b040220c91f-le64.cache-12
7f96000ac000-7f96000af000 r--s 00000000 103:02 3835420                   /var/cache/fontconfig/e552019f4ed2e530c25d313cf4ffa813-le64.cache-12
7f96000af000-7f96000bb000 r--s 00000000 103:02 3835403                   /var/cache/fontconfig/7d660be5d4eca970fa91d6ca176f5ce2-le64.cache-12
7f96000bb000-7f96000bc000 r--s 00000000 103:02 3835395                   /var/cache/fontconfig/a8773ec71f9da9b44a891b13321e5faa-le64.cache-12
7f96000bc000-7f96000cd000 r--s 00000000 103:02 3835390                   /var/cache/fontconfig/035f0ebf2f86af269427f030f354ef4b-le64.cache-12
7f96000cd000-7f96000dd000 r--s 00000000 103:02 3835379                   /var/cache/fontconfig/f2e61d441ca43dbfffafb9d0f2c6d8fc-le64.cache-12
7f96000dd000-7f96001f7000 r--s 00000000 103:02 3835361                   /var/cache/fontconfig/923e285e415b1073c8df160bee08820f-le64.cache-12
7f96001f7000-7f96002e8000 r--s 00000000 103:02 3835673                   /var/cache/fontconfig/f6b893a7224233d96cb72fd88691c0b4-le64.cache-12
7f96002e8000-7f9600400000 r--s 00000000 103:02 4334062                   /home/annihilator/.cache/fontconfig/360f0685862970c3eedca8185ab72cfb-le64.cache-12
7f9600400000-7f9600401000 rw-s 00000000 00:07 1110                       /dev/nvidiactl
7f9600401000-7f9600402000 rw-s 00000000 00:07 1110                       /dev/nvidiactl
7f9600402000-7f9600403000 r--s 00000000 00:07 1110                       /dev/nvidiactl
7f9600403000-7f9600404000 rw-s 00000000 00:07 1110                       /dev/nvidiactl
7f9600404000-7f9600408000 rw-s 00000000 00:07 1110                       /dev/nvidiactl
7f9600408000-7f9600409000 rw-s 00000000 00:07 1112                       /dev/nvidia0
7f9600409000-7f960040b000 rw-s 00000000 00:07 1110                       /dev/nvidiactl
7f960040b000-7f960042b000 rw-s 00000000 00:07 1110                       /dev/nvidiactl
7f960042b000-7f960046b000 rw-s 00000000 00:07 1110                       /dev/nvidiactl
7f960046b000-7f960048b000 rw-s 00000000 00:07 1110                       /dev/nvidiactl
7f960048b000-7f96004cb000 rw-s 00000000 00:07 1110                       /dev/nvidiactl
7f96004eb000-7f96004ec000 rw-p 00000000 00:00 0 
7f96004ec000-7f96004f0000 ---p 00000000 00:00 0 
7f96004f0000-7f96005ed000 rw-p 00000000 00:00 0 
7f96005ed000-7f96005f1000 ---p 00000000 00:00 0 
7f96005f1000-7f96006ed000 rw-p 00000000 00:00 0 
7f96006ed000-7f96006ef000 r--p 00000000 103:02 4815623                   /usr/lib/libXfixes.so.3.1.0
7f96006ef000-7f96006f2000 r-xp 00002000 103:02 4815623                   /usr/lib/libXfixes.so.3.1.0
7f96006f2000-7f96006f3000 r--p 00005000 103:02 4815623                   /usr/lib/libXfixes.so.3.1.0
7f96006f3000-7f96006f4000 r--p 00005000 103:02 4815623                   /usr/lib/libXfixes.so.3.1.0
7f96006f4000-7f96006f5000 rw-p 00006000 103:02 4815623                   /usr/lib/libXfixes.so.3.1.0
7f96006f5000-7f96006f8000 r--p 00000000 103:02 4763482                   /usr/lib/libXcursor.so.1.0.2
7f96006f8000-7f96006fe000 r-xp 00003000 103:02 4763482                   /usr/lib/libXcursor.so.1.0.2
7f96006fe000-7f9600700000 r--p 00009000 103:02 4763482                   /usr/lib/libXcursor.so.1.0.2
7f9600700000-7f9600701000 r--p 0000a000 103:02 4763482                   /usr/lib/libXcursor.so.1.0.2
7f9600701000-7f9600702000 rw-p 0000b000 103:02 4763482                   /usr/lib/libXcursor.so.1.0.2
7f9600702000-7f9600706000 r--p 00000000 103:02 7880776                   /usr/lib/jvm/java-26-openjdk/lib/libfontmanager.so
7f9600706000-7f960070f000 r-xp 00004000 103:02 7880776                   /usr/lib/jvm/java-26-openjdk/lib/libfontmanager.so
7f960070f000-7f9600711000 r--p 0000d000 103:02 7880776                   /usr/lib/jvm/java-26-openjdk/lib/libfontmanager.so
7f9600711000-7f9600712000 r--p 0000e000 103:02 7880776                   /usr/lib/jvm/java-26-openjdk/lib/libfontmanager.so
7f9600712000-7f9600713000 rw-p 0000f000 103:02 7880776                   /usr/lib/jvm/java-26-openjdk/lib/libfontmanager.so
7f9600713000-7f9600715000 r--p 00000000 103:02 4761076                   /usr/lib/libXtst.so.6.1.0
7f9600715000-7f9600718000 r-xp 00002000 103:02 4761076                   /usr/lib/libXtst.so.6.1.0
7f9600718000-7f9600719000 r--p 00005000 103:02 4761076                   /usr/lib/libXtst.so.6.1.0
7f9600719000-7f960071a000 r--p 00005000 103:02 4761076                   /usr/lib/libXtst.so.6.1.0
7f960071a000-7f960071b000 rw-p 00006000 103:02 4761076                   /usr/lib/libXtst.so.6.1.0
7f960071b000-7f9600729000 r--p 00000000 103:02 7880773                   /usr/lib/jvm/java-26-openjdk/lib/libawt_xawt.so
7f9600729000-7f960076d000 r-xp 0000e000 103:02 7880773                   /usr/lib/jvm/java-26-openjdk/lib/libawt_xawt.so
7f960076d000-7f9600781000 r--p 00052000 103:02 7880773                   /usr/lib/jvm/java-26-openjdk/lib/libawt_xawt.so
7f9600781000-7f9600783000 r--p 00066000 103:02 7880773                   /usr/lib/jvm/java-26-openjdk/lib/libawt_xawt.so
7f9600783000-7f9600784000 rw-p 00068000 103:02 7880773                   /usr/lib/jvm/java-26-openjdk/lib/libawt_xawt.so
7f9600784000-7f9600785000 rw-p 00000000 00:00 0 
7f9600785000-7f9600789000 r--p 00000000 103:02 7880771                   /usr/lib/jvm/java-26-openjdk/lib/libawt.so
7f9600789000-7f960082d000 r-xp 00004000 103:02 7880771                   /usr/lib/jvm/java-26-openjdk/lib/libawt.so
7f960082d000-7f960083a000 r--p 000a8000 103:02 7880771                   /usr/lib/jvm/java-26-openjdk/lib/libawt.so
7f960083a000-7f960083b000 r--p 000b4000 103:02 7880771                   /usr/lib/jvm/java-26-openjdk/lib/libawt.so
7f960083b000-7f9600846000 rw-p 000b5000 103:02 7880771                   /usr/lib/jvm/java-26-openjdk/lib/libawt.so
7f9600846000-7f960086b000 rw-p 00000000 00:00 0 
7f960086b000-7f9600895000 r--s 00000000 103:02 3835365                   /var/cache/fontconfig/f2e43df3287529323e79e7929dc44cc9-le64.cache-12
7f9600895000-7f9600896000 r--s 00000000 103:02 3823352                   /var/cache/fontconfig/8d4af663993b81a124ee82e610bb31f9-le64.cache-12
7f9600896000-7f960089c000 r--s 00000000 103:02 3817989                   /var/cache/fontconfig/b67b32625a2bb51b023d3814a918f351-le64.cache-12
7f960089c000-7f96008ac000 r--s 00000000 103:02 3804352                   /var/cache/fontconfig/491f45a0a771fef1c10b9b647a97fb82-le64.cache-12
7f96008ac000-7f96008c0000 r--s 00000000 103:02 3804343                   /var/cache/fontconfig/614d1caaa4d7914789410f6367de37ca-le64.cache-12
7f96008c0000-7f96008cf000 r--s 00000000 103:02 3804155                   /var/cache/fontconfig/1dce2cb908b447e938fc03acd9b47fcf-le64.cache-12
7f96008cf000-7f96008d5000 r--s 00000000 103:02 3803766                   /var/cache/fontconfig/d62e99ef547d1d24cdb1bd22ec1a2976-le64.cache-12
7f96008d5000-7f96008f9000 r--s 00000000 103:02 3801846                   /var/cache/fontconfig/f349e9996a5320f6dd491cedd2b1f964-le64.cache-12
7f96008f9000-7f9600905000 r--s 00000000 103:02 3801653                   /var/cache/fontconfig/4b31aef11cb0687b6d280d34cbe23592-le64.cache-12
7f9600905000-7f960091f000 r--s 00000000 103:02 4334283                   /home/annihilator/.cache/fontconfig/bc42231c8840afdbc8a160eb8f6a66fd-le64.cache-12
7f960091f000-7f9600920000 r--s 00000000 103:02 4334244                   /home/annihilator/.cache/fontconfig/8f6bef61d9f77da15272a6237cc42cae-le64.cache-12
7f9600920000-7f9600922000 r--s 00000000 103:02 3801209                   /var/cache/fontconfig/3830d5c3ddfd5cd38a049b759396e72e-le64.cache-12
7f9600922000-7f9600923000 rw-p 00000000 00:00 0 
7f9600923000-7f9600924000 rw-s 00000000 00:07 1110                       /dev/nvidiactl
7f9600924000-7f9600925000 r--p 00000000 103:02 4763546                   /usr/lib/libXinerama.so.1.0.0
7f9600925000-7f9600926000 r-xp 00001000 103:02 4763546                   /usr/lib/libXinerama.so.1.0.0
7f9600926000-7f9600927000 r--p 00002000 103:02 4763546                   /usr/lib/libXinerama.so.1.0.0
7f9600927000-7f9600928000 r--p 00002000 103:02 4763546                   /usr/lib/libXinerama.so.1.0.0
7f9600928000-7f9600929000 rw-p 00003000 103:02 4763546                   /usr/lib/libXinerama.so.1.0.0
7f9600929000-7f960092c000 r--p 00000000 103:02 4760999                   /usr/lib/libXi.so.6.1.0
7f960092c000-7f9600939000 r-xp 00003000 103:02 4760999                   /usr/lib/libXi.so.6.1.0
7f9600939000-7f960093c000 r--p 00010000 103:02 4760999                   /usr/lib/libXi.so.6.1.0
7f960093c000-7f960093d000 r--p 00012000 103:02 4760999                   /usr/lib/libXi.so.6.1.0
7f960093d000-7f960093e000 rw-p 00013000 103:02 4760999                   /usr/lib/libXi.so.6.1.0
7f9600941000-7f9600944000 rw-s 00000000 00:07 1110                       /dev/nvidiactl
7f9600944000-7f96009c4000 rw-s 00000000 00:07 1110                       /dev/nvidiactl
7f96009c4000-7f96009c8000 rw-s 00000000 00:07 1110                       /dev/nvidiactl
7f96009c8000-7f9600ac8000 rw-s 00000000 00:07 1110                       /dev/nvidiactl
7f9600ac8000-7f9600b48000 rw-s 00000000 00:07 1110                       /dev/nvidiactl
7f9600b48000-7f9600b5b000 rw-s 00000000 00:07 1110                       /dev/nvidiactl
7f9600b5b000-7f9600b5f000 rw-s 00000000 00:07 1110                       /dev/nvidiactl
7f9600b5f000-7f9600b9f000 rw-s 00000000 00:07 1110                       /dev/nvidiactl
7f9600b9f000-7f9600bbf000 rw-s 00000000 00:07 1110                       /dev/nvidiactl
7f9600bbf000-7f9600bff000 rw-s 00000000 00:07 1110                       /dev/nvidiactl
7f9600bff000-7f9601400000 rw-p 00000000 00:00 0 
7f9601400000-7f9601448000 r--p 00000000 103:02 4745608                   /usr/lib/libicuuc.so.78.3
7f9601448000-7f9601565000 r-xp 00048000 103:02 4745608                   /usr/lib/libicuuc.so.78.3
7f9601565000-7f96015f8000 r--p 00165000 103:02 4745608                   /usr/lib/libicuuc.so.78.3
7f96015f8000-7f960160b000 r--p 001f8000 103:02 4745608                   /usr/lib/libicuuc.so.78.3
7f960160b000-7f960160c000 rw-p 0020b000 103:02 4745608                   /usr/lib/libicuuc.so.78.3
7f960160c000-7f960160e000 rw-p 00000000 00:00 0 
7f960160e000-7f9601610000 rw-s 00000000 00:01 717261                     /memfd:/.glXXXXXX (deleted)
7f9601610000-7f9601630000 rw-s 00000000 00:07 1110                       /dev/nvidiactl
7f9601630000-7f96016b0000 rw-s 00000000 00:07 1112                       /dev/nvidia0
7f96016b0000-7f96016f0000 rw-s 00000000 00:07 1110                       /dev/nvidiactl
7f960170b000-7f9601710000 rw-p 00000000 00:00 0 
7f9601710000-7f9601720000 rw-s 00000000 00:07 1112                       /dev/nvidia0
7f9601720000-7f9601723000 r--p 00000000 103:02 4831197                   /usr/lib/libnvidia-allocator.so.610.57.04
7f9601723000-7f9601737000 r-xp 00003000 103:02 4831197                   /usr/lib/libnvidia-allocator.so.610.57.04
7f9601737000-7f9601741000 r--p 00017000 103:02 4831197                   /usr/lib/libnvidia-allocator.so.610.57.04
7f9601741000-7f9601742000 r--p 00020000 103:02 4831197                   /usr/lib/libnvidia-allocator.so.610.57.04
7f9601742000-7f9601743000 rw-p 00021000 103:02 4831197                   /usr/lib/libnvidia-allocator.so.610.57.04
7f9601743000-7f9601745000 rw-p 00000000 00:00 0 
7f9601745000-7f9601752000 r--p 00000000 103:02 4722861                   /usr/lib/libncursesw.so.6.6
7f9601752000-7f960179a000 r-xp 0000d000 103:02 4722861                   /usr/lib/libncursesw.so.6.6
7f960179a000-7f96017b0000 r--p 00055000 103:02 4722861                   /usr/lib/libncursesw.so.6.6
7f96017b0000-7f96017b5000 r--p 0006a000 103:02 4722861                   /usr/lib/libncursesw.so.6.6
7f96017b5000-7f96017b6000 rw-p 0006f000 103:02 4722861                   /usr/lib/libncursesw.so.6.6
7f96017b6000-7f96017b8000 r--p 00000000 103:02 4761468                   /usr/lib/libpciaccess.so.0.11.1
7f96017b8000-7f96017bd000 r-xp 00002000 103:02 4761468                   /usr/lib/libpciaccess.so.0.11.1
7f96017bd000-7f96017bf000 r--p 00007000 103:02 4761468                   /usr/lib/libpciaccess.so.0.11.1
7f96017bf000-7f96017c0000 r--p 00008000 103:02 4761468                   /usr/lib/libpciaccess.so.0.11.1
7f96017c0000-7f96017c1000 rw-p 00009000 103:02 4761468                   /usr/lib/libpciaccess.so.0.11.1
7f96017c1000-7f96017db000 r--p 00000000 103:02 4744067                   /usr/lib/libxml2.so.16.1.3
7f96017db000-7f96018af000 r-xp 0001a000 103:02 4744067                   /usr/lib/libxml2.so.16.1.3
7f96018af000-7f96018ec000 r--p 000ee000 103:02 4744067                   /usr/lib/libxml2.so.16.1.3
7f96018ec000-7f96018f5000 r--p 0012b000 103:02 4744067                   /usr/lib/libxml2.so.16.1.3
7f96018f5000-7f96018f6000 rw-p 00134000 103:02 4744067                   /usr/lib/libxml2.so.16.1.3
7f96018f6000-7f96018f7000 rw-p 00000000 00:00 0 
7f96018f7000-7f96018fd000 r--p 00000000 103:02 4754841                   /usr/lib/libedit.so.0.0.78
7f96018fd000-7f960191f000 r-xp 00006000 103:02 4754841                   /usr/lib/libedit.so.0.0.78
7f960191f000-7f960192c000 r--p 00028000 103:02 4754841                   /usr/lib/libedit.so.0.0.78
7f960192c000-7f960192f000 r--p 00034000 103:02 4754841                   /usr/lib/libedit.so.0.0.78
7f960192f000-7f9601930000 rw-p 00037000 103:02 4754841                   /usr/lib/libedit.so.0.0.78
7f9601930000-7f9601933000 rw-p 00000000 00:00 0 
7f9601933000-7f9601936000 r--p 00000000 103:02 4780642                   /usr/lib/libdrm_intel.so.1.134.0
7f9601936000-7f960194d000 r-xp 00003000 103:02 4780642                   /usr/lib/libdrm_intel.so.1.134.0
7f960194d000-7f9601957000 r--p 0001a000 103:02 4780642                   /usr/lib/libdrm_intel.so.1.134.0
7f9601957000-7f9601958000 r--p 00023000 103:02 4780642                   /usr/lib/libdrm_intel.so.1.134.0
7f9601958000-7f9601959000 rw-p 00024000 103:02 4780642                   /usr/lib/libdrm_intel.so.1.134.0
7f9601959000-7f960195c000 r--p 00000000 103:02 4780638                   /usr/lib/libdrm_amdgpu.so.1.134.0
7f960195c000-7f9601962000 r-xp 00003000 103:02 4780638                   /usr/lib/libdrm_amdgpu.so.1.134.0
7f9601962000-7f9601964000 r--p 00009000 103:02 4780638                   /usr/lib/libdrm_amdgpu.so.1.134.0
7f9601964000-7f9601965000 r--p 0000a000 103:02 4780638                   /usr/lib/libdrm_amdgpu.so.1.134.0
7f9601965000-7f9601966000 rw-p 0000b000 103:02 4780638                   /usr/lib/libdrm_amdgpu.so.1.134.0
7f9601966000-7f9601969000 r--p 00000000 103:02 4735313                   /usr/lib/libelf-0.196.so
7f9601969000-7f960197d000 r-xp 00003000 103:02 4735313                   /usr/lib/libelf-0.196.so
7f960197d000-7f9601982000 r--p 00017000 103:02 4735313                   /usr/lib/libelf-0.196.so
7f9601982000-7f9601983000 r--p 0001b000 103:02 4735313                   /usr/lib/libelf-0.196.so
7f9601983000-7f9601984000 rw-p 0001c000 103:02 4735313                   /usr/lib/libelf-0.196.so
7f9601984000-7f9601985000 r--p 00000000 103:02 4843174                   /usr/lib/libxshmfence.so.1.0.0
7f9601985000-7f9601986000 r-xp 00001000 103:02 4843174                   /usr/lib/libxshmfence.so.1.0.0
7f9601986000-7f9601987000 r--p 00002000 103:02 4843174                   /usr/lib/libxshmfence.so.1.0.0
7f9601987000-7f9601988000 r--p 00002000 103:02 4843174                   /usr/lib/libxshmfence.so.1.0.0
7f9601988000-7f9601989000 rw-p 00003000 103:02 4843174                   /usr/lib/libxshmfence.so.1.0.0
7f9601989000-7f960198c000 r--p 00000000 103:02 4751865                   /usr/lib/libxcb-sync.so.1.0.0
7f960198c000-7f960198f000 r-xp 00003000 103:02 4751865                   /usr/lib/libxcb-sync.so.1.0.0
7f960198f000-7f9601990000 r--p 00006000 103:02 4751865                   /usr/lib/libxcb-sync.so.1.0.0
7f9601990000-7f9601991000 r--p 00007000 103:02 4751865                   /usr/lib/libxcb-sync.so.1.0.0
7f9601991000-7f9601992000 rw-p 00008000 103:02 4751865                   /usr/lib/libxcb-sync.so.1.0.0
7f9601992000-7f9601994000 r--p 00000000 103:02 4763334                   /usr/lib/libsensors.so.5.0.0
7f9601994000-7f960199c000 r-xp 00002000 103:02 4763334                   /usr/lib/libsensors.so.5.0.0
7f960199c000-7f96019a0000 r--p 0000a000 103:02 4763334                   /usr/lib/libsensors.so.5.0.0
7f96019a0000-7f96019a1000 r--p 0000e000 103:02 4763334                   /usr/lib/libsensors.so.5.0.0
7f96019a1000-7f96019a2000 rw-p 0000f000 103:02 4763334                   /usr/lib/libsensors.so.5.0.0
7f96019a2000-7f96019bb000 r--p 00000000 103:02 4817130                   /usr/lib/libSPIRV-Tools.so
7f96019bb000-7f9601af4000 r-xp 00019000 103:02 4817130                   /usr/lib/libSPIRV-Tools.so
7f9601af4000-7f9601b7a000 r--p 00152000 103:02 4817130                   /usr/lib/libSPIRV-Tools.so
7f9601b7a000-7f9601b7d000 r--p 001d8000 103:02 4817130                   /usr/lib/libSPIRV-Tools.so
7f9601b7d000-7f9601b7e000 rw-p 001db000 103:02 4817130                   /usr/lib/libSPIRV-Tools.so
7f9601b7e000-7f9601b8a000 r--p 00000000 103:02 4740223                   /usr/lib/libzstd.so.1.5.7
7f9601b8a000-7f9601c51000 r-xp 0000c000 103:02 4740223                   /usr/lib/libzstd.so.1.5.7
7f9601c51000-7f9601c62000 r--p 000d3000 103:02 4740223                   /usr/lib/libzstd.so.1.5.7
7f9601c62000-7f9601c63000 r--p 000e4000 103:02 4740223                   /usr/lib/libzstd.so.1.5.7
7f9601c63000-7f9601c64000 rw-p 000e5000 103:02 4740223                   /usr/lib/libzstd.so.1.5.7
7f9601c64000-7f9601c67000 r--p 00000000 103:02 4751872                   /usr/lib/libxcb-xfixes.so.0.0.0
7f9601c67000-7f9601c6a000 r-xp 00003000 103:02 4751872                   /usr/lib/libxcb-xfixes.so.0.0.0
7f9601c6a000-7f9601c6b000 r--p 00006000 103:02 4751872                   /usr/lib/libxcb-xfixes.so.0.0.0
7f9601c6b000-7f9601c6c000 r--p 00007000 103:02 4751872                   /usr/lib/libxcb-xfixes.so.0.0.0
7f9601c6c000-7f9601c6d000 rw-p 00008000 103:02 4751872                   /usr/lib/libxcb-xfixes.so.0.0.0
7f9601c6d000-7f9601c74000 r--p 00000000 103:02 4751834                   /usr/lib/libxcb-randr.so.0.1.0
7f9601c74000-7f9601c7a000 r-xp 00007000 103:02 4751834                   /usr/lib/libxcb-randr.so.0.1.0
7f9601c7a000-7f9601c7d000 r--p 0000d000 103:02 4751834                   /usr/lib/libxcb-randr.so.0.1.0
7f9601c7d000-7f9601c7e000 r--p 00010000 103:02 4751834                   /usr/lib/libxcb-randr.so.0.1.0
7f9601c7e000-7f9601c7f000 rw-p 00011000 103:02 4751834                   /usr/lib/libxcb-randr.so.0.1.0
7f9601c7f000-7f9601c85000 r--p 00000000 103:02 4817102                   /usr/lib/libEGL_mesa.so.0.0.0
7f9601c85000-7f9601cc0000 r-xp 00006000 103:02 4817102                   /usr/lib/libEGL_mesa.so.0.0.0
7f9601cc0000-7f9601cd3000 r--p 00041000 103:02 4817102                   /usr/lib/libEGL_mesa.so.0.0.0
7f9601cd3000-7f9601ce0000 r--p 00053000 103:02 4817102                   /usr/lib/libEGL_mesa.so.0.0.0
7f9601ce0000-7f9601ce1000 rw-p 00060000 103:02 4817102                   /usr/lib/libEGL_mesa.so.0.0.0
7f9601ce1000-7f9601ce2000 rw-p 00000000 00:00 0 
7f9601ce2000-7f9601ce3000 r--p 00000000 103:02 4740497                   /usr/lib/libX11-xcb.so.1.0.0
7f9601ce3000-7f9601ce4000 r-xp 00001000 103:02 4740497                   /usr/lib/libX11-xcb.so.1.0.0
7f9601ce4000-7f9601ce5000 r--p 00002000 103:02 4740497                   /usr/lib/libX11-xcb.so.1.0.0
7f9601ce5000-7f9601ce6000 r--p 00002000 103:02 4740497                   /usr/lib/libX11-xcb.so.1.0.0
7f9601ce6000-7f9601ce7000 rw-p 00003000 103:02 4740497                   /usr/lib/libX11-xcb.so.1.0.0
7f9601cfb000-7f9601cfd000 r--p 00000000 103:02 4751813                   /usr/lib/libxcb-dri3.so.0.1.0
7f9601cfd000-7f9601cff000 r-xp 00002000 103:02 4751813                   /usr/lib/libxcb-dri3.so.0.1.0
7f9601cff000-7f9601d00000 r--p 00004000 103:02 4751813                   /usr/lib/libxcb-dri3.so.0.1.0
7f9601d00000-7f9601d01000 r--p 00004000 103:02 4751813                   /usr/lib/libxcb-dri3.so.0.1.0
7f9601d01000-7f9601d02000 rw-p 00005000 103:02 4751813                   /usr/lib/libxcb-dri3.so.0.1.0
7f9601d1e000-7f9601d23000 r--p 00000000 103:02 4826261                   /usr/lib/libwayland-server.so.0.26.0
7f9601d23000-7f9601d2c000 r-xp 00005000 103:02 4826261                   /usr/lib/libwayland-server.so.0.26.0
7f9601d2c000-7f9601d30000 r--p 0000e000 103:02 4826261                   /usr/lib/libwayland-server.so.0.26.0
7f9601d30000-7f9601d32000 r--p 00012000 103:02 4826261                   /usr/lib/libwayland-server.so.0.26.0
7f9601d32000-7f9601d33000 rw-p 00014000 103:02 4826261                   /usr/lib/libwayland-server.so.0.26.0
7f9601d47000-7f9601d49000 r--p 00000000 103:02 4835234                   /usr/lib/libgbm.so.1.0.0
7f9601d49000-7f9601d4a000 r-xp 00002000 103:02 4835234                   /usr/lib/libgbm.so.1.0.0
7f9601d4a000-7f9601d4b000 r--p 00003000 103:02 4835234                   /usr/lib/libgbm.so.1.0.0
7f9601d4b000-7f9601d4c000 r--p 00003000 103:02 4835234                   /usr/lib/libgbm.so.1.0.0
7f9601d4c000-7f9601d4d000 rw-p 00004000 103:02 4835234                   /usr/lib/libgbm.so.1.0.0
7f9601d4d000-7f9601d52000 r--p 00000000 103:02 4771568                   /usr/lib/libdrm.so.2.134.0
7f9601d52000-7f9601d5e000 r-xp 00005000 103:02 4771568                   /usr/lib/libdrm.so.2.134.0
7f9601d5e000-7f9601d62000 r--p 00011000 103:02 4771568                   /usr/lib/libdrm.so.2.134.0
7f9601d62000-7f9601d63000 r--p 00015000 103:02 4771568                   /usr/lib/libdrm.so.2.134.0
7f9601d63000-7f9601d64000 rw-p 00016000 103:02 4771568                   /usr/lib/libdrm.so.2.134.0
7f9601d64000-7f9601d74000 r--p 00000000 103:02 4831581                   /usr/lib/libnvidia-glsi.so.610.57.04
7f9601d74000-7f9601dd4000 r-xp 00010000 103:02 4831581                   /usr/lib/libnvidia-glsi.so.610.57.04
7f9601dd4000-7f9601df1000 r--p 00070000 103:02 4831581                   /usr/lib/libnvidia-glsi.so.610.57.04
7f9601df1000-7f9601df7000 r--p 0008c000 103:02 4831581                   /usr/lib/libnvidia-glsi.so.610.57.04
7f9601df7000-7f9601df8000 rw-p 00092000 103:02 4831581                   /usr/lib/libnvidia-glsi.so.610.57.04
7f9601df8000-7f9601e00000 rw-p 00000000 00:00 0 
7f9601e00000-7f960203e000 rw-s 00000000 00:01 716781                     /memfd:wayland-cursor (deleted)
7f960203e000-7f960203f000 r--p 00000000 103:02 4751829                   /usr/lib/libxcb-present.so.0.0.0
7f960203f000-7f9602040000 r-xp 00001000 103:02 4751829                   /usr/lib/libxcb-present.so.0.0.0
7f9602040000-7f9602041000 r--p 00002000 103:02 4751829                   /usr/lib/libxcb-present.so.0.0.0
7f9602041000-7f9602042000 r--p 00002000 103:02 4751829                   /usr/lib/libxcb-present.so.0.0.0
7f9602042000-7f9602043000 rw-p 00003000 103:02 4751829                   /usr/lib/libxcb-present.so.0.0.0
7f9602058000-7f9602089000 r--p 00000000 103:02 4820322                   /usr/lib/libEGL_nvidia.so.610.57.04
7f9602089000-7f9602111000 r-xp 00031000 103:02 4820322                   /usr/lib/libEGL_nvidia.so.610.57.04
7f9602111000-7f9602160000 r--p 000b9000 103:02 4820322                   /usr/lib/libEGL_nvidia.so.610.57.04
7f9602160000-7f9602161000 ---p 00108000 103:02 4820322                   /usr/lib/libEGL_nvidia.so.610.57.04
7f9602161000-7f9602168000 r--p 00108000 103:02 4820322                   /usr/lib/libEGL_nvidia.so.610.57.04
7f9602168000-7f960217d000 rw-p 0010f000 103:02 4820322                   /usr/lib/libEGL_nvidia.so.610.57.04
7f960217d000-7f9602183000 rw-p 00000000 00:00 0 
7f9602183000-7f960218a000 r--s 00000000 103:02 4837165                   /usr/lib/gconv/gconv-modules.cache
7f960218a000-7f960218c000 r--p 00000000 103:02 4811999                   /usr/lib/libGLdispatch.so.0.0.0
7f960218c000-7f96021cb000 r-xp 00002000 103:02 4811999                   /usr/lib/libGLdispatch.so.0.0.0
7f96021cb000-7f96021de000 r--p 00041000 103:02 4811999                   /usr/lib/libGLdispatch.so.0.0.0
7f96021de000-7f96021fa000 r--p 00054000 103:02 4811999                   /usr/lib/libGLdispatch.so.0.0.0
7f96021fa000-7f96021fb000 rw-p 00070000 103:02 4811999                   /usr/lib/libGLdispatch.so.0.0.0
7f96021fb000-7f9602203000 rw-p 00000000 00:00 0 
7f9602203000-7f9602205000 r--p 00000000 103:02 4750356                   /usr/lib/libEGL.so.1.1.0
7f9602205000-7f960220f000 r-xp 00002000 103:02 4750356                   /usr/lib/libEGL.so.1.1.0
7f960220f000-7f9602213000 r--p 0000c000 103:02 4750356                   /usr/lib/libEGL.so.1.1.0
7f9602213000-7f9602214000 r--p 0000f000 103:02 4750356                   /usr/lib/libEGL.so.1.1.0
7f9602214000-7f9602215000 rw-p 00010000 103:02 4750356                   /usr/lib/libEGL.so.1.1.0
7f9602215000-7f96022a5000 rw-s 00000000 00:01 716780                     /memfd:wayland-cursor (deleted)
7f96022a5000-7f96022a6000 r--p 00000000 103:02 4812149                   /usr/lib/libbrotlicommon.so.1.2.0
7f96022a6000-7f96022a7000 r-xp 00001000 103:02 4812149                   /usr/lib/libbrotlicommon.so.1.2.0
7f96022a7000-7f96022c6000 r--p 00002000 103:02 4812149                   /usr/lib/libbrotlicommon.so.1.2.0
7f96022c6000-7f96022c7000 r--p 00021000 103:02 4812149                   /usr/lib/libbrotlicommon.so.1.2.0
7f96022c7000-7f96022c8000 rw-p 00022000 103:02 4812149                   /usr/lib/libbrotlicommon.so.1.2.0
7f96022c8000-7f96022cd000 r--p 00000000 103:02 4722170                   /usr/lib/libblkid.so.1.1.0
7f96022cd000-7f96022f6000 r-xp 00005000 103:02 4722170                   /usr/lib/libblkid.so.1.1.0
7f96022f6000-7f9602301000 r--p 0002e000 103:02 4722170                   /usr/lib/libblkid.so.1.1.0
7f9602301000-7f9602307000 r--p 00038000 103:02 4722170                   /usr/lib/libblkid.so.1.1.0
7f9602307000-7f9602308000 rw-p 0003e000 103:02 4722170                   /usr/lib/libblkid.so.1.1.0
7f9602308000-7f960230a000 r--p 00000000 103:02 4815257                   /usr/lib/libXdmcp.so.6.0.0
7f960230a000-7f960230c000 r-xp 00002000 103:02 4815257                   /usr/lib/libXdmcp.so.6.0.0
7f960230c000-7f960230e000 r--p 00004000 103:02 4815257                   /usr/lib/libXdmcp.so.6.0.0
7f960230e000-7f960230f000 r--p 00005000 103:02 4815257                   /usr/lib/libXdmcp.so.6.0.0
7f960230f000-7f9602310000 rw-p 00006000 103:02 4815257                   /usr/lib/libXdmcp.so.6.0.0
7f9602310000-7f9602311000 r--p 00000000 103:02 4812485                   /usr/lib/libbrotlidec.so.1.2.0
7f9602311000-7f960231a000 r-xp 00001000 103:02 4812485                   /usr/lib/libbrotlidec.so.1.2.0
7f960231a000-7f960231d000 r--p 0000a000 103:02 4812485                   /usr/lib/libbrotlidec.so.1.2.0
7f960231d000-7f960231e000 r--p 0000c000 103:02 4812485                   /usr/lib/libbrotlidec.so.1.2.0
7f960231e000-7f960231f000 rw-p 0000d000 103:02 4812485                   /usr/lib/libbrotlidec.so.1.2.0
7f960231f000-7f9602321000 r--p 00000000 103:02 4794869                   /usr/lib/libbz2.so.1.0.8
7f9602321000-7f960232e000 r-xp 00002000 103:02 4794869                   /usr/lib/libbz2.so.1.0.8
7f960232e000-7f9602330000 r--p 0000f000 103:02 4794869                   /usr/lib/libbz2.so.1.0.8
7f9602330000-7f9602331000 r--p 00010000 103:02 4794869                   /usr/lib/libbz2.so.1.0.8
7f9602331000-7f9602332000 rw-p 00011000 103:02 4794869                   /usr/lib/libbz2.so.1.0.8
7f9602332000-7f9602334000 r--p 00000000 103:02 4761940                   /usr/lib/libdatrie.so.1.4.1
7f9602334000-7f9602338000 r-xp 00002000 103:02 4761940                   /usr/lib/libdatrie.so.1.4.1
7f9602338000-7f9602339000 r--p 00006000 103:02 4761940                   /usr/lib/libdatrie.so.1.4.1
7f9602339000-7f960233a000 r--p 00006000 103:02 4761940                   /usr/lib/libdatrie.so.1.4.1
7f960233a000-7f960233b000 rw-p 00007000 103:02 4761940                   /usr/lib/libdatrie.so.1.4.1
7f960233b000-7f9602345000 r--p 00000000 103:02 4735601                   /usr/lib/libmount.so.1.1.0
7f9602345000-7f9602383000 r-xp 0000a000 103:02 4735601                   /usr/lib/libmount.so.1.1.0
7f9602383000-7f9602394000 r--p 00048000 103:02 4735601                   /usr/lib/libmount.so.1.1.0
7f9602394000-7f9602396000 r--p 00059000 103:02 4735601                   /usr/lib/libmount.so.1.1.0
7f9602396000-7f9602397000 rw-p 0005b000 103:02 4735601                   /usr/lib/libmount.so.1.1.0
7f9602397000-7f9602399000 r--p 00000000 103:02 4748283                   /usr/lib/libgmodule-2.0.so.0.8800.3
7f9602399000-7f960239b000 r-xp 00002000 103:02 4748283                   /usr/lib/libgmodule-2.0.so.0.8800.3
7f960239b000-7f960239c000 r--p 00004000 103:02 4748283                   /usr/lib/libgmodule-2.0.so.0.8800.3
7f960239c000-7f960239d000 r--p 00004000 103:02 4748283                   /usr/lib/libgmodule-2.0.so.0.8800.3
7f960239d000-7f960239e000 rw-p 00005000 103:02 4748283                   /usr/lib/libgmodule-2.0.so.0.8800.3
7f960239e000-7f96023a0000 r--p 00000000 103:02 4737414                   /usr/lib/libexpat.so.1.12.3
7f96023a0000-7f96023c0000 r-xp 00002000 103:02 4737414                   /usr/lib/libexpat.so.1.12.3
7f96023c0000-7f96023c9000 r--p 00022000 103:02 4737414                   /usr/lib/libexpat.so.1.12.3
7f96023c9000-7f96023cb000 r--p 0002a000 103:02 4737414                   /usr/lib/libexpat.so.1.12.3
7f96023cb000-7f96023cc000 rw-p 0002c000 103:02 4737414                   /usr/lib/libexpat.so.1.12.3
7f96023cc000-7f96023ce000 r--p 00000000 103:02 4815230                   /usr/lib/libgraphite2.so.3.3.1
7f96023ce000-7f96023e7000 r-xp 00002000 103:02 4815230                   /usr/lib/libgraphite2.so.3.3.1
7f96023e7000-7f96023ec000 r--p 0001b000 103:02 4815230                   /usr/lib/libgraphite2.so.3.3.1
7f96023ec000-7f96023ee000 r--p 0001f000 103:02 4815230                   /usr/lib/libgraphite2.so.3.3.1
7f96023ee000-7f96023ef000 rw-p 00021000 103:02 4815230                   /usr/lib/libgraphite2.so.3.3.1
7f96023ef000-7f96023f2000 r--p 00000000 103:02 4732813                   /usr/lib/libpcre2-8.so.0.15.0
7f96023f2000-7f9602470000 r-xp 00003000 103:02 4732813                   /usr/lib/libpcre2-8.so.0.15.0
7f9602470000-7f960249b000 r--p 00081000 103:02 4732813                   /usr/lib/libpcre2-8.so.0.15.0
7f960249b000-7f960249c000 r--p 000ab000 103:02 4732813                   /usr/lib/libpcre2-8.so.0.15.0
7f960249c000-7f960249d000 rw-p 000ac000 103:02 4732813                   /usr/lib/libpcre2-8.so.0.15.0
7f960249d000-7f96024b2000 r--p 00000000 103:02 4720960                   /usr/lib/libsystemd.so.0.44.0
7f96024b2000-7f960258b000 r-xp 00015000 103:02 4720960                   /usr/lib/libsystemd.so.0.44.0
7f960258b000-7f96025da000 r--p 000ee000 103:02 4720960                   /usr/lib/libsystemd.so.0.44.0
7f96025da000-7f96025e3000 r--p 0013c000 103:02 4720960                   /usr/lib/libsystemd.so.0.44.0
7f96025e3000-7f96025e4000 rw-p 00145000 103:02 4720960                   /usr/lib/libsystemd.so.0.44.0
7f96025e4000-7f96025e5000 rw-p 00000000 00:00 0 
7f96025e5000-7f96025ea000 r--p 00000000 103:02 4780633                   /usr/lib/libpixman-1.so.0.46.4
7f96025ea000-7f960267b000 r-xp 00005000 103:02 4780633                   /usr/lib/libpixman-1.so.0.46.4
7f960267b000-7f960268b000 r--p 00096000 103:02 4780633                   /usr/lib/libpixman-1.so.0.46.4
7f960268b000-7f9602693000 r--p 000a6000 103:02 4780633                   /usr/lib/libpixman-1.so.0.46.4
7f9602693000-7f9602694000 rw-p 000ae000 103:02 4780633                   /usr/lib/libpixman-1.so.0.46.4
7f9602694000-7f96026a0000 r--p 00000000 103:02 4751894                   /usr/lib/libxcb.so.1.1.0
7f96026a0000-7f96026b4000 r-xp 0000c000 103:02 4751894                   /usr/lib/libxcb.so.1.1.0
7f96026b4000-7f96026bd000 r--p 00020000 103:02 4751894                   /usr/lib/libxcb.so.1.1.0
7f96026bd000-7f96026be000 r--p 00028000 103:02 4751894                   /usr/lib/libxcb.so.1.1.0
7f96026be000-7f96026bf000 rw-p 00029000 103:02 4751894                   /usr/lib/libxcb.so.1.1.0
7f96026bf000-7f96026d6000 r--p 00000000 103:02 4740502                   /usr/lib/libX11.so.6.4.0
7f96026d6000-7f960276b000 r-xp 00017000 103:02 4740502                   /usr/lib/libX11.so.6.4.0
7f960276b000-7f96027fa000 r--p 000ac000 103:02 4740502                   /usr/lib/libX11.so.6.4.0
7f96027fa000-7f96027fd000 r--p 0013a000 103:02 4740502                   /usr/lib/libX11.so.6.4.0
7f96027fd000-7f9602801000 rw-p 0013d000 103:02 4740502                   /usr/lib/libX11.so.6.4.0
7f9602801000-7f9602807000 r--p 00000000 103:02 4814646                   /usr/lib/libfreetype.so.6.20.6
7f9602807000-7f960289f000 r-xp 00006000 103:02 4814646                   /usr/lib/libfreetype.so.6.20.6
7f960289f000-7f96028c8000 r--p 0009e000 103:02 4814646                   /usr/lib/libfreetype.so.6.20.6
7f96028c8000-7f96028d0000 r--p 000c6000 103:02 4814646                   /usr/lib/libfreetype.so.6.20.6
7f96028d0000-7f96028d1000 rw-p 000ce000 103:02 4814646                   /usr/lib/libfreetype.so.6.20.6
7f96028d1000-7f96028d7000 r--p 00000000 103:02 4812002                   /usr/lib/libpng16.so.16.58.0
7f96028d7000-7f9602902000 r-xp 00006000 103:02 4812002                   /usr/lib/libpng16.so.16.58.0
7f9602902000-7f960290c000 r--p 00031000 103:02 4812002                   /usr/lib/libpng16.so.16.58.0
7f960290c000-7f960290d000 r--p 0003a000 103:02 4812002                   /usr/lib/libpng16.so.16.58.0
7f960290d000-7f960290e000 rw-p 0003b000 103:02 4812002                   /usr/lib/libpng16.so.16.58.0
7f960290e000-7f9602940000 r--p 00000000 103:02 4745344                   /usr/lib/libgio-2.0.so.0.8800.3
7f9602940000-7f9602a67000 r-xp 00032000 103:02 4745344                   /usr/lib/libgio-2.0.so.0.8800.3
7f9602a67000-7f9602ae1000 r--p 00159000 103:02 4745344                   /usr/lib/libgio-2.0.so.0.8800.3
7f9602ae1000-7f9602aea000 r--p 001d2000 103:02 4745344                   /usr/lib/libgio-2.0.so.0.8800.3
7f9602aea000-7f9602aeb000 rw-p 001db000 103:02 4745344                   /usr/lib/libgio-2.0.so.0.8800.3
7f9602aeb000-7f9602aed000 rw-p 00000000 00:00 0 
7f9602aed000-7f9602af3000 r--p 00000000 103:02 4759013                   /usr/lib/libfontconfig.so.1.17.0
7f9602af3000-7f9602b28000 r-xp 00006000 103:02 4759013                   /usr/lib/libfontconfig.so.1.17.0
7f9602b28000-7f9602b5e000 r--p 0003b000 103:02 4759013                   /usr/lib/libfontconfig.so.1.17.0
7f9602b5e000-7f9602b67000 r--p 00071000 103:02 4759013                   /usr/lib/libfontconfig.so.1.17.0
7f9602b67000-7f9602b68000 rw-p 0007a000 103:02 4759013                   /usr/lib/libfontconfig.so.1.17.0
7f9602b68000-7f9602b75000 r--p 00000000 103:02 4814594                   /usr/lib/libharfbuzz.so.0.61431.0
7f9602b75000-7f9602c67000 r-xp 0000d000 103:02 4814594                   /usr/lib/libharfbuzz.so.0.61431.0
7f9602c67000-7f9602c9b000 r--p 000ff000 103:02 4814594                   /usr/lib/libharfbuzz.so.0.61431.0
7f9602c9b000-7f9602c9d000 r--p 00132000 103:02 4814594                   /usr/lib/libharfbuzz.so.0.61431.0
7f9602c9d000-7f9602c9e000 rw-p 00134000 103:02 4814594                   /usr/lib/libharfbuzz.so.0.61431.0
7f9602c9e000-7f9602cbc000 r--p 00000000 103:02 4748073                   /usr/lib/libglib-2.0.so.0.8800.3
7f9602cbc000-7f9602d6a000 r-xp 0001e000 103:02 4748073                   /usr/lib/libglib-2.0.so.0.8800.3
7f9602d6a000-7f9602dfe000 r--p 000cc000 103:02 4748073                   /usr/lib/libglib-2.0.so.0.8800.3
7f9602dfe000-7f9602dff000 r--p 00160000 103:02 4748073                   /usr/lib/libglib-2.0.so.0.8800.3
7f9602dff000-7f9602e00000 rw-p 00161000 103:02 4748073                   /usr/lib/libglib-2.0.so.0.8800.3
7f9602e00000-7f9602e01000 rw-p 00000000 00:00 0 
7f9602e01000-7f9602e0f000 r--p 00000000 103:02 4741723                   /usr/lib/libdbus-1.so.3.38.3
7f9602e0f000-7f9602e40000 r-xp 0000e000 103:02 4741723                   /usr/lib/libdbus-1.so.3.38.3
7f9602e40000-7f9602e51000 r--p 0003f000 103:02 4741723                   /usr/lib/libdbus-1.so.3.38.3
7f9602e51000-7f9602e53000 r--p 0004f000 103:02 4741723                   /usr/lib/libdbus-1.so.3.38.3
7f9602e53000-7f9602e54000 rw-p 00051000 103:02 4741723                   /usr/lib/libdbus-1.so.3.38.3
7f9602e54000-7f9602e60000 r--p 00000000 103:02 4750151                   /usr/lib/libgobject-2.0.so.0.8800.3
7f9602e60000-7f9602e99000 r-xp 0000c000 103:02 4750151                   /usr/lib/libgobject-2.0.so.0.8800.3
7f9602e99000-7f9602eb3000 r--p 00045000 103:02 4750151                   /usr/lib/libgobject-2.0.so.0.8800.3
7f9602eb3000-7f9602eb6000 r--p 0005e000 103:02 4750151                   /usr/lib/libgobject-2.0.so.0.8800.3
7f9602eb6000-7f9602eb7000 rw-p 00061000 103:02 4750151                   /usr/lib/libgobject-2.0.so.0.8800.3
7f9602eb7000-7f9602ec5000 r--p 00000000 103:02 4757736                   /usr/lib/libcairo.so.2.11804.4
7f9602ec5000-7f9602fb8000 r-xp 0000e000 103:02 4757736                   /usr/lib/libcairo.so.2.11804.4
7f9602fb8000-7f9602fed000 r--p 00101000 103:02 4757736                   /usr/lib/libcairo.so.2.11804.4
7f9602fed000-7f9602ff1000 r--p 00136000 103:02 4757736                   /usr/lib/libcairo.so.2.11804.4
7f9602ff1000-7f9602ff3000 rw-p 0013a000 103:02 4757736                   /usr/lib/libcairo.so.2.11804.4
7f9602ff3000-7f9602ff4000 rw-p 00000000 00:00 0 
7f9602ff4000-7f9602ff5000 rw-p 00000000 00:00 0 
7f9602ff5000-7f9602ff9000 ---p 00000000 00:00 0 
7f9602ff9000-7f96033f9000 rw-p 00000000 00:00 0 
7f96033f9000-7f96033fd000 ---p 00000000 00:00 0 
7f96033fd000-7f96034fa000 rw-p 00000000 00:00 0 
7f96034fa000-7f96034fe000 ---p 00000000 00:00 0 
7f96034fe000-7f96035fb000 rw-p 00000000 00:00 0 
7f96035fb000-7f96035ff000 ---p 00000000 00:00 0 
7f96035ff000-7f96036fc000 rw-p 00000000 00:00 0 
7f96036fc000-7f9603700000 ---p 00000000 00:00 0 
7f9603700000-7f96037fd000 rw-p 00000000 00:00 0 
7f96037fd000-7f9603801000 ---p 00000000 00:00 0 
7f9603801000-7f96038fe000 rw-p 00000000 00:00 0 
7f96038fe000-7f9603902000 ---p 00000000 00:00 0 
7f9603902000-7f96039ff000 rw-p 00000000 00:00 0 
7f96039ff000-7f9603a03000 ---p 00000000 00:00 0 
7f9603a03000-7f9603b00000 rw-p 00000000 00:00 0 
7f9603b00000-7f9603b04000 ---p 00000000 00:00 0 
7f9603b04000-7f9603c00000 rw-p 00000000 00:00 0 
7f9603c00000-7f9603eee000 r--p 00000000 103:02 4837164                   /usr/lib/locale/locale-archive
7f9603eee000-7f9603ef0000 rw-s 00000000 00:07 1110                       /dev/nvidiactl
7f9603ef0000-7f9603ef6000 r--p 00000000 103:02 4751845                   /usr/lib/libxcb-render.so.0.0.0
7f9603ef6000-7f9603efb000 r-xp 00006000 103:02 4751845                   /usr/lib/libxcb-render.so.0.0.0
7f9603efb000-7f9603efd000 r--p 0000b000 103:02 4751845                   /usr/lib/libxcb-render.so.0.0.0
7f9603efd000-7f9603efe000 r--p 0000d000 103:02 4751845                   /usr/lib/libxcb-render.so.0.0.0
7f9603efe000-7f9603eff000 rw-p 0000e000 103:02 4751845                   /usr/lib/libxcb-render.so.0.0.0
7f9603eff000-7f9603f00000 rw-p 00000000 00:00 0 
7f9603f00000-7f9603f04000 ---p 00000000 00:00 0 
7f9603f04000-7f9604000000 rw-p 00000000 00:00 0 
7f9604000000-7f9607fff000 rw-p 00000000 00:00 0 
7f9607fff000-7f9608000000 ---p 00000000 00:00 0 
7f9608000000-7f960802a000 rw-p 00000000 00:00 0 
7f960802a000-7f960c000000 ---p 00000000 00:00 0 
7f960c000000-7f960c021000 rw-p 00000000 00:00 0 
7f960c021000-7f9610000000 ---p 00000000 00:00 0 
7f9610000000-7f9610557000 rw-p 00000000 00:00 0 
7f9610557000-7f9614000000 ---p 00000000 00:00 0 
7f9614000000-7f9618000000 rw-p 00000000 00:00 0 
7f9618000000-7f9618c52000 rw-p 00000000 00:00 0 
7f9618c52000-7f961c000000 ---p 00000000 00:00 0 
7f961c000000-7f961c021000 rw-p 00000000 00:00 0 
7f961c021000-7f9620000000 ---p 00000000 00:00 0 
7f9620000000-7f9620021000 rw-p 00000000 00:00 0 
7f9620021000-7f9624000000 ---p 00000000 00:00 0 
7f9624000000-7f9624fce000 rw-p 00000000 00:00 0 
7f9624fce000-7f9628000000 ---p 00000000 00:00 0 
7f9628000000-7f9628001000 rw-p 00000000 00:00 0 
7f9628001000-7f9628003000 r--p 00000000 103:02 4843167                   /usr/lib/libXrender.so.1.3.0
7f9628003000-7f962800a000 r-xp 00002000 103:02 4843167                   /usr/lib/libXrender.so.1.3.0
7f962800a000-7f962800b000 r--p 00009000 103:02 4843167                   /usr/lib/libXrender.so.1.3.0
7f962800b000-7f962800c000 r--p 00009000 103:02 4843167                   /usr/lib/libXrender.so.1.3.0
7f962800c000-7f962800d000 rw-p 0000a000 103:02 4843167                   /usr/lib/libXrender.so.1.3.0
7f962800d000-7f9628011000 r--p 00000000 103:02 4760928                   /usr/lib/libXext.so.6.4.0
7f9628011000-7f962801c000 r-xp 00004000 103:02 4760928                   /usr/lib/libXext.so.6.4.0
7f962801c000-7f962801f000 r--p 0000f000 103:02 4760928                   /usr/lib/libXext.so.6.4.0
7f962801f000-7f9628020000 r--p 00011000 103:02 4760928                   /usr/lib/libXext.so.6.4.0
7f9628020000-7f9628021000 rw-p 00012000 103:02 4760928                   /usr/lib/libXext.so.6.4.0
7f9628021000-7f962802f000 r--p 00000000 103:02 4794787                   /usr/lib/libpango-1.0.so.0.5800.2
7f962802f000-7f962806f000 r-xp 0000e000 103:02 4794787                   /usr/lib/libpango-1.0.so.0.5800.2
7f962806f000-7f962808b000 r--p 0004e000 103:02 4794787                   /usr/lib/libpango-1.0.so.0.5800.2
7f962808b000-7f962808f000 r--p 00069000 103:02 4794787                   /usr/lib/libpango-1.0.so.0.5800.2
7f962808f000-7f9628090000 rw-p 0006d000 103:02 4794787                   /usr/lib/libpango-1.0.so.0.5800.2
7f9628090000-7f9628094000 r--p 00000000 103:02 4755680                   /usr/lib/libxkbcommon.so.0.13.2
7f9628094000-7f96280c3000 r-xp 00004000 103:02 4755680                   /usr/lib/libxkbcommon.so.0.13.2
7f96280c3000-7f96280ec000 r--p 00033000 103:02 4755680                   /usr/lib/libxkbcommon.so.0.13.2
7f96280ec000-7f96280ee000 r--p 0005b000 103:02 4755680                   /usr/lib/libxkbcommon.so.0.13.2
7f96280ee000-7f96280ef000 rw-p 0005d000 103:02 4755680                   /usr/lib/libxkbcommon.so.0.13.2
7f96280ef000-7f96280f0000 rw-p 00000000 00:00 0 
7f96280f0000-7f96280f4000 ---p 00000000 00:00 0 
7f96280f4000-7f96281f1000 rw-p 00000000 00:00 0 
7f96281f1000-7f96281f5000 ---p 00000000 00:00 0 
7f96281f5000-7f96282f2000 rw-p 00000000 00:00 0 
7f96282f2000-7f96282f6000 ---p 00000000 00:00 0 
7f96282f6000-7f96288f7000 rw-p 00000000 00:00 0 
7f96288f7000-7f962b200000 rw-p 00000000 00:00 0 
7f962b200000-7f962b201000 rw-s 00000000 00:07 1110                       /dev/nvidiactl
7f962b201000-7f962b202000 r--p 00000000 103:02 4757711                   /usr/lib/libXau.so.6.0.0
7f962b202000-7f962b203000 r-xp 00001000 103:02 4757711                   /usr/lib/libXau.so.6.0.0
7f962b203000-7f962b204000 r--p 00002000 103:02 4757711                   /usr/lib/libXau.so.6.0.0
7f962b204000-7f962b205000 r--p 00002000 103:02 4757711                   /usr/lib/libXau.so.6.0.0
7f962b205000-7f962b206000 rw-p 00003000 103:02 4757711                   /usr/lib/libXau.so.6.0.0
7f962b206000-7f962b207000 r--p 00000000 103:02 4751862                   /usr/lib/libxcb-shm.so.0.0.0
7f962b207000-7f962b208000 r-xp 00001000 103:02 4751862                   /usr/lib/libxcb-shm.so.0.0.0
7f962b208000-7f962b209000 r--p 00002000 103:02 4751862                   /usr/lib/libxcb-shm.so.0.0.0
7f962b209000-7f962b20a000 r--p 00002000 103:02 4751862                   /usr/lib/libxcb-shm.so.0.0.0
7f962b20a000-7f962b20b000 rw-p 00003000 103:02 4751862                   /usr/lib/libxcb-shm.so.0.0.0
7f962b20b000-7f962b20d000 r--p 00000000 103:02 4761906                   /usr/lib/libfribidi.so.0.4.0
7f962b20d000-7f962b212000 r-xp 00002000 103:02 4761906                   /usr/lib/libfribidi.so.0.4.0
7f962b212000-7f962b229000 r--p 00007000 103:02 4761906                   /usr/lib/libfribidi.so.0.4.0
7f962b229000-7f962b22a000 r--p 0001d000 103:02 4761906                   /usr/lib/libfribidi.so.0.4.0
7f962b22a000-7f962b22b000 rw-p 0001e000 103:02 4761906                   /usr/lib/libfribidi.so.0.4.0
7f962b22b000-7f962b233000 r--p 00000000 103:02 4815145                   /usr/lib/libpangoft2-1.0.so.0.5800.2
7f962b233000-7f962b243000 r-xp 00008000 103:02 4815145                   /usr/lib/libpangoft2-1.0.so.0.5800.2
7f962b243000-7f962b248000 r--p 00018000 103:02 4815145                   /usr/lib/libpangoft2-1.0.so.0.5800.2
7f962b248000-7f962b249000 r--p 0001d000 103:02 4815145                   /usr/lib/libpangoft2-1.0.so.0.5800.2
7f962b249000-7f962b24a000 rw-p 0001e000 103:02 4815145                   /usr/lib/libpangoft2-1.0.so.0.5800.2
7f962b24a000-7f962b25a000 r--p 00000000 00:2f 28158                      /tmp/lwjgl_annihilator/3.3.6+1/x64/libglfw.so
7f962b25a000-7f962b27b000 r-xp 00010000 00:2f 28158                      /tmp/lwjgl_annihilator/3.3.6+1/x64/libglfw.so
7f962b27b000-7f962b2b7000 r--p 00031000 00:2f 28158                      /tmp/lwjgl_annihilator/3.3.6+1/x64/libglfw.so
7f962b2b7000-7f962b2bb000 r--p 0006c000 00:2f 28158                      /tmp/lwjgl_annihilator/3.3.6+1/x64/libglfw.so
7f962b2bb000-7f962b2be000 rw-p 00070000 00:2f 28158                      /tmp/lwjgl_annihilator/3.3.6+1/x64/libglfw.so
7f962b2be000-7f962b509000 rw-p 00000000 00:00 0 
7f962b509000-7f962eee1000 ---p 00000000 00:00 0 
7f962eee1000-7f962eef1000 rw-p 00000000 00:00 0 
7f962eef1000-7f962eef9000 ---p 00000000 00:00 0 
7f962eef9000-7f962ef3e000 rw-p 00000000 00:00 0 
7f962ef3e000-7f962f679000 ---p 00000000 00:00 0 
7f962f679000-7f962f67b000 rw-p 00000000 00:00 0 
7f962f67b000-7f962f67c000 ---p 00000000 00:00 0 
7f962f67c000-7f962f6c1000 rw-p 00000000 00:00 0 
7f962f6c1000-7f962fdfc000 ---p 00000000 00:00 0 
7f962fdfc000-7f962fdfe000 rw-p 00000000 00:00 0 
7f962fdfe000-7f962fdff000 ---p 00000000 00:00 0 
7f962fdff000-7f963053f000 rwxp 00000000 00:00 0 
7f963053f000-7f963725f000 ---p 00000000 00:00 0 
7f963725f000-7f963772f000 rwxp 00000000 00:00 0 
7f963772f000-7f96379a0000 ---p 00000000 00:00 0 
7f96379a0000-7f9637c10000 rwxp 00000000 00:00 0 
7f9637c10000-7f963ee00000 ---p 00000000 00:00 0 
7f963ee00000-7f9647e1c000 r--s 00000000 103:02 7880807                   /usr/lib/jvm/java-26-openjdk/lib/modules
7f9647e1c000-7f9647e1d000 rw-s 00000000 00:07 1112                       /dev/nvidia0
7f9647e1d000-7f9647e1e000 rw-s 00000000 00:07 1110                       /dev/nvidiactl
7f9647e1e000-7f9647e20000 r--p 00000000 00:1a 53161                      /dev/shm/716e306c-95b7-4d19-95b4-1c569de03be9 (deleted)
7f9647e20000-7f9647e22000 r--p 00000000 103:02 4815120                   /usr/lib/libthai.so.0.3.2
7f9647e22000-7f9647e26000 r-xp 00002000 103:02 4815120                   /usr/lib/libthai.so.0.3.2
7f9647e26000-7f9647e29000 r--p 00006000 103:02 4815120                   /usr/lib/libthai.so.0.3.2
7f9647e29000-7f9647e2a000 r--p 00008000 103:02 4815120                   /usr/lib/libthai.so.0.3.2
7f9647e2a000-7f9647e2b000 rw-p 00009000 103:02 4815120                   /usr/lib/libthai.so.0.3.2
7f9647e2b000-7f9647e30000 r--p 00000000 103:02 4815137                   /usr/lib/libpangocairo-1.0.so.0.5800.2
7f9647e30000-7f9647e39000 r-xp 00005000 103:02 4815137                   /usr/lib/libpangocairo-1.0.so.0.5800.2
7f9647e39000-7f9647e3b000 r--p 0000e000 103:02 4815137                   /usr/lib/libpangocairo-1.0.so.0.5800.2
7f9647e3b000-7f9647e3c000 r--p 00010000 103:02 4815137                   /usr/lib/libpangocairo-1.0.so.0.5800.2
7f9647e3c000-7f9647e3d000 rw-p 00011000 103:02 4815137                   /usr/lib/libpangocairo-1.0.so.0.5800.2
7f9647e3d000-7f9647e41000 r--p 00000000 103:02 4726011                   /usr/lib/libdecor/plugins-1/libdecor-cairo.so
7f9647e41000-7f9647e47000 r-xp 00004000 103:02 4726011                   /usr/lib/libdecor/plugins-1/libdecor-cairo.so
7f9647e47000-7f9647e49000 r--p 0000a000 103:02 4726011                   /usr/lib/libdecor/plugins-1/libdecor-cairo.so
7f9647e49000-7f9647e4c000 r--p 0000b000 103:02 4726011                   /usr/lib/libdecor/plugins-1/libdecor-cairo.so
7f9647e4c000-7f9647e4d000 rw-p 0000e000 103:02 4726011                   /usr/lib/libdecor/plugins-1/libdecor-cairo.so
7f9647e4d000-7f9647e50000 r--p 00000000 103:02 4725997                   /usr/lib/libdecor-0.so.0.200.5
7f9647e50000-7f9647e53000 r-xp 00003000 103:02 4725997                   /usr/lib/libdecor-0.so.0.200.5
7f9647e53000-7f9647e55000 r--p 00006000 103:02 4725997                   /usr/lib/libdecor-0.so.0.200.5
7f9647e55000-7f9647e56000 r--p 00007000 103:02 4725997                   /usr/lib/libdecor-0.so.0.200.5
7f9647e56000-7f9647e57000 rw-p 00008000 103:02 4725997                   /usr/lib/libdecor-0.so.0.200.5
7f9647e57000-7f9647e58000 r--p 00000000 103:02 4818228                   /usr/lib/libwayland-egl.so.1.26.0
7f9647e58000-7f9647e59000 r-xp 00001000 103:02 4818228                   /usr/lib/libwayland-egl.so.1.26.0
7f9647e59000-7f9647e5a000 r--p 00002000 103:02 4818228                   /usr/lib/libwayland-egl.so.1.26.0
7f9647e5a000-7f9647e5b000 r--p 00002000 103:02 4818228                   /usr/lib/libwayland-egl.so.1.26.0
7f9647e5b000-7f9647e5c000 rw-p 00003000 103:02 4818228                   /usr/lib/libwayland-egl.so.1.26.0
7f9647e5c000-7f9647e5d000 r--p 00000000 103:02 4817284                   /usr/lib/libwayland-cursor.so.0.26.0
7f9647e5d000-7f9647e5f000 r-xp 00001000 103:02 4817284                   /usr/lib/libwayland-cursor.so.0.26.0
7f9647e5f000-7f9647e60000 r--p 00003000 103:02 4817284                   /usr/lib/libwayland-cursor.so.0.26.0
7f9647e60000-7f9647e61000 r--p 00003000 103:02 4817284                   /usr/lib/libwayland-cursor.so.0.26.0
7f9647e61000-7f9647e65000 rw-p 00004000 103:02 4817284                   /usr/lib/libwayland-cursor.so.0.26.0
7f9647e65000-7f9647e67000 r--p 00000000 103:02 4780624                   /usr/lib/libffi.so.8.5.0
7f9647e67000-7f9647e6f000 r-xp 00002000 103:02 4780624                   /usr/lib/libffi.so.8.5.0
7f9647e6f000-7f9647e71000 r--p 0000a000 103:02 4780624                   /usr/lib/libffi.so.8.5.0
7f9647e71000-7f9647e72000 r--p 0000b000 103:02 4780624                   /usr/lib/libffi.so.8.5.0
7f9647e72000-7f9647e73000 rw-p 0000c000 103:02 4780624                   /usr/lib/libffi.so.8.5.0
7f9647e73000-7f9647e76000 r--p 00000000 103:02 4815658                   /usr/lib/libwayland-client.so.0.26.0
7f9647e76000-7f9647e7d000 r-xp 00003000 103:02 4815658                   /usr/lib/libwayland-client.so.0.26.0
7f9647e7d000-7f9647e80000 r--p 0000a000 103:02 4815658                   /usr/lib/libwayland-client.so.0.26.0
7f9647e80000-7f9647e82000 r--p 0000c000 103:02 4815658                   /usr/lib/libwayland-client.so.0.26.0
7f9647e82000-7f9647e83000 rw-p 0000e000 103:02 4815658                   /usr/lib/libwayland-client.so.0.26.0
7f9647e83000-7f9647eaf000 r--p 00000000 00:2f 28110                      /tmp/lwjgl_annihilator/3.3.6+1/x64/liblwjgl.so
7f9647eaf000-7f9647ee3000 r-xp 0002c000 00:2f 28110                      /tmp/lwjgl_annihilator/3.3.6+1/x64/liblwjgl.so
7f9647ee3000-7f9647efd000 r--p 00060000 00:2f 28110                      /tmp/lwjgl_annihilator/3.3.6+1/x64/liblwjgl.so
7f9647efd000-7f9647efe000 r--p 00079000 00:2f 28110                      /tmp/lwjgl_annihilator/3.3.6+1/x64/liblwjgl.so
7f9647efe000-7f9647eff000 rw-p 0007a000 00:2f 28110                      /tmp/lwjgl_annihilator/3.3.6+1/x64/liblwjgl.so
7f9647eff000-7f964be4a000 rw-p 00000000 00:00 0 
7f964be4a000-7f964c000000 ---p 00000000 00:00 0 
7f964c000000-7f964c001000 rw-s 00000000 00:07 1110                       /dev/nvidiactl
7f964c001000-7f964c002000 r--p 00000000 103:02 4722210                   /usr/lib/librt.so.1
7f964c002000-7f964c003000 r-xp 00001000 103:02 4722210                   /usr/lib/librt.so.1
7f964c003000-7f964c004000 r--p 00002000 103:02 4722210                   /usr/lib/librt.so.1
7f964c004000-7f964c005000 r--p 00002000 103:02 4722210                   /usr/lib/librt.so.1
7f964c005000-7f964c006000 rw-p 00003000 103:02 4722210                   /usr/lib/librt.so.1
7f964c006000-7f964c364000 rw-p 00000000 00:00 0 
7f964c364000-7f964c667000 rw-p 00000000 00:00 0 
7f964c667000-7f964c6ac000 rw-p 00000000 00:00 0 
7f964c6ac000-7f964cde7000 ---p 00000000 00:00 0 
7f964cde7000-7f964cde9000 rw-p 00000000 00:00 0 
7f964cde9000-7f964cdea000 ---p 00000000 00:00 0 
7f964cdea000-7f964dafc000 rw-p 00000000 00:00 0 
7f964dafc000-7f964dbe0000 ---p 00000000 00:00 0 
7f964dbe0000-7f964dbef000 rw-p 00000000 00:00 0 
7f964dbef000-7f964dcc9000 ---p 00000000 00:00 0 
7f964dcc9000-7f964dcd9000 r--p 00000000 103:02 4722178                   /usr/lib/libm.so.6
7f964dcd9000-7f964dd75000 r-xp 00010000 103:02 4722178                   /usr/lib/libm.so.6
7f964dd75000-7f964ddfe000 r--p 000ac000 103:02 4722178                   /usr/lib/libm.so.6
7f964ddfe000-7f964ddff000 r--p 00134000 103:02 4722178                   /usr/lib/libm.so.6
7f964ddff000-7f964de00000 rw-p 00135000 103:02 4722178                   /usr/lib/libm.so.6
7f964de00000-7f964de9a000 r--p 00000000 103:02 4748526                   /usr/lib/libstdc++.so.6.0.36
7f964de9a000-7f964e01d000 r-xp 0009a000 103:02 4748526                   /usr/lib/libstdc++.so.6.0.36
7f964e01d000-7f964e0bd000 r--p 0021d000 103:02 4748526                   /usr/lib/libstdc++.so.6.0.36
7f964e0bd000-7f964e0ce000 r--p 002bc000 103:02 4748526                   /usr/lib/libstdc++.so.6.0.36
7f964e0ce000-7f964e0cf000 rw-p 002cd000 103:02 4748526                   /usr/lib/libstdc++.so.6.0.36
7f964e0cf000-7f964e0d3000 rw-p 00000000 00:00 0 
7f964e0d3000-7f964e0d4000 r--s 00000000 00:07 1110                       /dev/nvidiactl
7f964e0d4000-7f964e0d6000 r--p 00000000 00:1a 53161                      /dev/shm/716e306c-95b7-4d19-95b4-1c569de03be9 (deleted)
7f964e0d6000-7f964e0d7000 rw-p 00000000 00:00 0 
7f964e0d7000-7f964e0d8000 r--p 00000000 103:02 4722204                   /usr/lib/libpthread.so.0
7f964e0d8000-7f964e0d9000 r-xp 00001000 103:02 4722204                   /usr/lib/libpthread.so.0
7f964e0d9000-7f964e0da000 r--p 00002000 103:02 4722204                   /usr/lib/libpthread.so.0
7f964e0da000-7f964e0db000 r--p 00002000 103:02 4722204                   /usr/lib/libpthread.so.0
7f964e0db000-7f964e0dc000 rw-p 00003000 103:02 4722204                   /usr/lib/libpthread.so.0
7f964e0dc000-7f964e0de000 r--p 00000000 103:02 7880796                   /usr/lib/jvm/java-26-openjdk/lib/libnet.so
7f964e0de000-7f964e0e5000 r-xp 00002000 103:02 7880796                   /usr/lib/jvm/java-26-openjdk/lib/libnet.so
7f964e0e5000-7f964e0e7000 r--p 00009000 103:02 7880796                   /usr/lib/jvm/java-26-openjdk/lib/libnet.so
7f964e0e7000-7f964e0e8000 r--p 0000a000 103:02 7880796                   /usr/lib/jvm/java-26-openjdk/lib/libnet.so
7f964e0e8000-7f964e0e9000 rw-p 0000b000 103:02 7880796                   /usr/lib/jvm/java-26-openjdk/lib/libnet.so
7f964e0e9000-7f964e0f0000 r--p 00000000 103:02 7880797                   /usr/lib/jvm/java-26-openjdk/lib/libnio.so
7f964e0f0000-7f964e0f9000 r-xp 00007000 103:02 7880797                   /usr/lib/jvm/java-26-openjdk/lib/libnio.so
7f964e0f9000-7f964e0fe000 r--p 00010000 103:02 7880797                   /usr/lib/jvm/java-26-openjdk/lib/libnio.so
7f964e0fe000-7f964e0ff000 r--p 00014000 103:02 7880797                   /usr/lib/jvm/java-26-openjdk/lib/libnio.so
7f964e0ff000-7f964e100000 rw-p 00015000 103:02 7880797                   /usr/lib/jvm/java-26-openjdk/lib/libnio.so
7f964e100000-7f964e104000 ---p 00000000 00:00 0 
7f964e104000-7f964e200000 rw-p 00000000 00:00 0 
7f964e200000-7f964e20e000 r--p 00000000 103:02 7880818                   /usr/lib/jvm/java-26-openjdk/lib/server/libjvm.so
7f964e20e000-7f964f157000 r-xp 0000e000 103:02 7880818                   /usr/lib/jvm/java-26-openjdk/lib/server/libjvm.so
7f964f157000-7f964f39e000 r--p 00f57000 103:02 7880818                   /usr/lib/jvm/java-26-openjdk/lib/server/libjvm.so
7f964f39e000-7f964f490000 r--p 0119d000 103:02 7880818                   /usr/lib/jvm/java-26-openjdk/lib/server/libjvm.so
7f964f490000-7f964f4b1000 rw-p 0128f000 103:02 7880818                   /usr/lib/jvm/java-26-openjdk/lib/server/libjvm.so
7f964f4b1000-7f964f534000 rw-p 00000000 00:00 0 
7f964f534000-7f964f536000 r--p 00000000 103:02 7880806                   /usr/lib/jvm/java-26-openjdk/lib/libzip.so
7f964f536000-7f964f53a000 r-xp 00002000 103:02 7880806                   /usr/lib/jvm/java-26-openjdk/lib/libzip.so
7f964f53a000-7f964f53c000 r--p 00006000 103:02 7880806                   /usr/lib/jvm/java-26-openjdk/lib/libzip.so
7f964f53c000-7f964f53d000 r--p 00007000 103:02 7880806                   /usr/lib/jvm/java-26-openjdk/lib/libzip.so
7f964f53d000-7f964f53e000 rw-p 00008000 103:02 7880806                   /usr/lib/jvm/java-26-openjdk/lib/libzip.so
7f964f53e000-7f964f600000 rw-p 00000000 00:00 0 
7f964f600000-7f964f624000 r--p 00000000 103:02 4722147                   /usr/lib/libc.so.6
7f964f624000-7f964f79f000 r-xp 00024000 103:02 4722147                   /usr/lib/libc.so.6
7f964f79f000-7f964f815000 r--p 0019f000 103:02 4722147                   /usr/lib/libc.so.6
7f964f815000-7f964f819000 r--p 00214000 103:02 4722147                   /usr/lib/libc.so.6
7f964f819000-7f964f81b000 rw-p 00218000 103:02 4722147                   /usr/lib/libc.so.6
7f964f81b000-7f964f823000 rw-p 00000000 00:00 0 
7f964f823000-7f964f824000 r-xp 0005e000 00:2f 28110                      /tmp/lwjgl_annihilator/3.3.6+1/x64/liblwjgl.so
7f964f824000-7f964f825000 rw-p 00000000 00:00 0 
7f964f825000-7f964f826000 r--p 00000000 103:02 4722163                   /usr/lib/libdl.so.2
7f964f826000-7f964f827000 r-xp 00001000 103:02 4722163                   /usr/lib/libdl.so.2
7f964f827000-7f964f828000 r--p 00002000 103:02 4722163                   /usr/lib/libdl.so.2
7f964f828000-7f964f829000 r--p 00002000 103:02 4722163                   /usr/lib/libdl.so.2
7f964f829000-7f964f82a000 rw-p 00003000 103:02 4722163                   /usr/lib/libdl.so.2
7f964f82a000-7f964f82b000 r--p 00000000 103:02 4744044                   /usr/share/locale/en_GB/LC_MESSAGES/libc.mo
7f964f82b000-7f964f82c000 r--p 00000000 103:02 7880802                   /usr/lib/jvm/java-26-openjdk/lib/libsimdsort.so
7f964f82c000-7f964f866000 r-xp 00001000 103:02 7880802                   /usr/lib/jvm/java-26-openjdk/lib/libsimdsort.so
7f964f866000-7f964f86c000 r--p 0003b000 103:02 7880802                   /usr/lib/jvm/java-26-openjdk/lib/libsimdsort.so
7f964f86c000-7f964f86d000 r--p 00040000 103:02 7880802                   /usr/lib/jvm/java-26-openjdk/lib/libsimdsort.so
7f964f86d000-7f964f86e000 rw-p 00041000 103:02 7880802                   /usr/lib/jvm/java-26-openjdk/lib/libsimdsort.so
7f964f86e000-7f964f8b8000 rw-p 00000000 00:00 0 
7f964f8b8000-7f964f8bd000 ---p 00000000 00:00 0 
7f964f8bd000-7f964f8c7000 r--p 00000000 103:02 7880782                   /usr/lib/jvm/java-26-openjdk/lib/libjava.so
7f964f8c7000-7f964f8d5000 r-xp 0000a000 103:02 7880782                   /usr/lib/jvm/java-26-openjdk/lib/libjava.so
7f964f8d5000-7f964f8da000 r--p 00018000 103:02 7880782                   /usr/lib/jvm/java-26-openjdk/lib/libjava.so
7f964f8da000-7f964f8db000 r--p 0001d000 103:02 7880782                   /usr/lib/jvm/java-26-openjdk/lib/libjava.so
7f964f8db000-7f964f8dc000 rw-p 0001e000 103:02 7880782                   /usr/lib/jvm/java-26-openjdk/lib/libjava.so
7f964f8dc000-7f964f8dd000 rw-p 00000000 00:00 0 
7f964f8dd000-7f964f8e5000 rw-s 00000000 00:2f 47738                      /tmp/hsperfdata_annihilator/2137999 (deleted)
7f964f8e5000-7f964f8e6000 ---p 00000000 00:00 0 
7f964f8e6000-7f964f8e7000 r--p 00000000 00:00 0 
7f964f8e7000-7f964f8e8000 ---p 00000000 00:00 0 
7f964f8e8000-7f964f8e9000 r--p 00000000 103:02 7880786                   /usr/lib/jvm/java-26-openjdk/lib/libjimage.so
7f964f8e9000-7f964f8eb000 r-xp 00001000 103:02 7880786                   /usr/lib/jvm/java-26-openjdk/lib/libjimage.so
7f964f8eb000-7f964f8ec000 r--p 00003000 103:02 7880786                   /usr/lib/jvm/java-26-openjdk/lib/libjimage.so
7f964f8ec000-7f964f8ed000 r--p 00003000 103:02 7880786                   /usr/lib/jvm/java-26-openjdk/lib/libjimage.so
7f964f8ed000-7f964f8ee000 rw-p 00004000 103:02 7880786                   /usr/lib/jvm/java-26-openjdk/lib/libjimage.so
7f964f8ee000-7f964f8f2000 r--p 00000000 103:02 4836834                   /usr/lib/libgcc_s.so.1
7f964f8f2000-7f964f915000 r-xp 00004000 103:02 4836834                   /usr/lib/libgcc_s.so.1
7f964f915000-7f964f919000 r--p 00027000 103:02 4836834                   /usr/lib/libgcc_s.so.1
7f964f919000-7f964f91a000 r--p 0002b000 103:02 4836834                   /usr/lib/libgcc_s.so.1
7f964f91a000-7f964f91b000 rw-p 0002c000 103:02 4836834                   /usr/lib/libgcc_s.so.1
7f964f91b000-7f964f91d000 rw-p 00000000 00:00 0 
7f964f91d000-7f964f920000 r--p 00000000 103:02 4742373                   /usr/lib/libz.so.1.3.2
7f964f920000-7f964f930000 r-xp 00003000 103:02 4742373                   /usr/lib/libz.so.1.3.2
7f964f930000-7f964f936000 r--p 00013000 103:02 4742373                   /usr/lib/libz.so.1.3.2
7f964f936000-7f964f937000 r--p 00018000 103:02 4742373                   /usr/lib/libz.so.1.3.2
7f964f937000-7f964f938000 rw-p 00019000 103:02 4742373                   /usr/lib/libz.so.1.3.2
7f964f938000-7f964f93a000 r--p 00000000 103:02 7880787                   /usr/lib/jvm/java-26-openjdk/lib/libjli.so
7f964f93a000-7f964f944000 r-xp 00002000 103:02 7880787                   /usr/lib/jvm/java-26-openjdk/lib/libjli.so
7f964f944000-7f964f947000 r--p 0000c000 103:02 7880787                   /usr/lib/jvm/java-26-openjdk/lib/libjli.so
7f964f947000-7f964f948000 r--p 0000e000 103:02 7880787                   /usr/lib/jvm/java-26-openjdk/lib/libjli.so
7f964f948000-7f964f949000 rw-p 0000f000 103:02 7880787                   /usr/lib/jvm/java-26-openjdk/lib/libjli.so
7f964f949000-7f964f94a000 r--p 00000000 00:2f 28193                      /tmp/libglxshim.so
7f964f94a000-7f964f94b000 r-xp 00001000 00:2f 28193                      /tmp/libglxshim.so
7f964f94b000-7f964f94c000 r--p 00002000 00:2f 28193                      /tmp/libglxshim.so
7f964f94c000-7f964f94d000 r--p 00002000 00:2f 28193                      /tmp/libglxshim.so
7f964f94d000-7f964f94e000 rw-p 00003000 00:2f 28193                      /tmp/libglxshim.so
7f964f94e000-7f964f950000 rw-p 00000000 00:00 0 
7f964f950000-7f964f989000 r--p 00000000 103:02 656923                    /etc/ld.so.cache
7f964f989000-7f964f98d000 r--p 00000000 00:00 0                          [vvar]
7f964f98d000-7f964f98f000 r--p 00000000 00:00 0                          [vvar_vclock]
7f964f98f000-7f964f991000 r-xp 00000000 00:00 0                          [vdso]
7f964f991000-7f964f992000 r--p 00000000 103:02 4722097                   /usr/lib/ld-linux-x86-64.so.2
7f964f992000-7f964f9bf000 r-xp 00001000 103:02 4722097                   /usr/lib/ld-linux-x86-64.so.2
7f964f9bf000-7f964f9ce000 r--p 0002e000 103:02 4722097                   /usr/lib/ld-linux-x86-64.so.2
7f964f9ce000-7f964f9d0000 r--p 0003d000 103:02 4722097                   /usr/lib/ld-linux-x86-64.so.2
7f964f9d0000-7f964f9d1000 rw-p 0003f000 103:02 4722097                   /usr/lib/ld-linux-x86-64.so.2
7f964f9d1000-7f964f9d2000 rw-p 00000000 00:00 0 
7ffc43915000-7ffc4393d000 rw-p 00000000 00:00 0                          [stack]
ffffffffff600000-ffffffffff601000 --xp 00000000 00:00 0                  [vsyscall]
Total number of mappings: 2057

JVMTI agents: none


VM Arguments:
jvm_args: -Dnuvio.wayland.libmpv=/home/annihilator/dev/mpv/build/libmpv.so.2 -Dnuvio.wayland.realApp=true -Dnuvio.wayland.smokePlayer=/tmp/nuvio-testclip5m.mp4 -Dnuvio.wayland.videoLog=true -Dnuvio.wayland.vk=true -Dnuvio.wayland.webChrome=true -Dorg.lwjgl.util.Debug=false --enable-native-access=ALL-UNNAMED -Dfile.encoding=UTF-8 -Duser.country=GB -Duser.language=en -Duser.variant 
java_command: com.nuvio.wayland.MainKt
java_class_path (initial): /home/annihilator/dev/NuvioDesktop/waylandHost/build/classes/java/main:/home/annihilator/dev/NuvioDesktop/waylandHost/build/classes/kotlin/main:/home/annihilator/dev/NuvioDesktop/waylandHost/build/resources/main:/home/annihilator/dev/NuvioDesktop/composeApp/build/libs/composeApp-desktop.jar:/home/annihilator/dev/NuvioDesktop/vendor/compose-media-player/mediaplayer/build/libs/composeMediaPlayer-jvm-0.11.4-nuvio.jar:/home/annihilator/.gradle/caches/modules-2/files-2.1/com.materialkolor.palette/core-jvm/4.0.0-beta02/e7ea3c09e6205047254ad2601a54c18c5be26906/kmpalette-core-jvm.jar:/home/annihilator/.gradle/caches/modules-2/files-2.1/org.jetbrains.compose.material3/material3-desktop/1.11.0-alpha07/422cb57765628e3959d1e27ac46660593643296b/material3-desktop-1.11.0-alpha07.jar:/home/annihilator/.gradle/caches/modules-2/files-2.1/dev.chrisbanes.haze/haze-jvm/1.7.2/a254162ea3c9ba2eea97a76058da89ac31e50233/haze-jvm.jar:/home/annihilator/.gradle/caches/modules-2/files-2.1/org.jetbrains.compose.components/components-resources-desktop/1.11.1/f4eb52d87f31584dacdb816a26376f39a1802e8a/library-desktop-1.11.1.jar:/home/annihilator/.gradle/caches/modules-2/files-2.1/sh.calvin.reorderable/reorderable-jvm/3.0.0/4032f6ad5422fe507c8acb2257a83ebc806f145e/reorderable-jvm-3.0.0.jar:/home/annihilator/.gradle/caches/modules-2/files-2.1/org.jetbrains.compose.desktop/desktop-jvm/1.11.1/1fee826ff9d1fafd500b57a22facfc0236bc14c7/desktop-jvm-1.11.1.jar:/home/annihilator/.gradle/caches/modules-2/files-2.1/org.jetbrains.androidx.navigation3/navigation3-ui-desktop/1.1.1/ff832586ef5d51d08b604d7a524fd7985b95af2b/navigation3-ui-desktop-1.1.1.jar:/home/annihilator/.gradle/caches/modules-2/files-2.1/org.jetbrains.compose.material/material-desktop/1.11.1/2891a6f3a62dc4c367636a521d1b680a7d6ff6d/material-desktop-1.11.1.jar:/home/annihilator/.gradle/caches/modules-2/files-2.1/org.jetbrains.compose.animation/animation-core-desktop/1.11.1/1bf633ecd1a38a1cf7a41630bc56cba0da9cc25b/animation-core-desktop-1.11.1.jar:/home/annihilator/.gradle/caches/modules-2/files-2.1/org.jetbrains.compose.material/material-ripple-desktop/1.11.1/ae97a5eeb23bc3f461bc3e16e2a9882175405d17/material-ripple-desktop-1.11.1.jar:/home/annihilator/.gradle/caches/modules-2/files-2.1/org.jetbrains.compose.animation/animation-desktop/1.11.1/f873fb28f1a08d45a4dd20a0130b3da8cadf383c/animation-desktop-1.11.1.jar:/home/annihilator/.gradle/caches/modules-2/files-2.1/org.jetbrains.compose.foundation/foundation-layout-desktop/1.11.1/853fc5d01388da6515ce40b719798914012f6469/foundation-layout-desktop-1.11.1.jar:/home/annihilator/.gradle/caches/modules-2/files-2.1/io.coil-kt.coil3/coil-compose-jvm/3.5.0-beta01/8499f43e80509e3fe55e4a90ad7ce6e816b190e4/coil-compose-jvm-3.5.0-beta01.jar:/home/annihilator/.gradle/caches/modules-2/files-2.1/io.coil-kt.coil3/coil-compose-core-jvm/3.5.0-beta01/12f6663116f0946fe3e87c15f573eb52ac6dc2bc/coil-compose-core-jvm-3.5.0-beta01.jar:/home/annihilator/.gradle/caches/modules-2/files-2.1/org.jetbrains.compose.foundation/foundation-desktop/1.11.1/6df316e7af2c0c97f200de289925f62ca8fce53d/foundation-desktop-1.11.1.jar:/home/annihilator/.gradle/caches/modules-2/files-2.1/org.jetbrains.compose.material/material-icons-extended-desktop/1.7.3/c7c5465dd754043076875b32bce0dd7f5a354fe8/material-icons-extended-desktop-1.7.3.jar:/home/annihilator/.gradle/caches/modules-2/files-2.1/org.jetbrains.compose.material/material-icons-core-desktop/1.7.3/414b3096050fe647b0638832eace80f22c06b85c/material-icons-core-desktop-1.7.3.jar:/home/annihilator/.gradle/caches/modules-2/files-2.1/org.jetbrains.compose.ui/ui-unit-desktop/1.11.1/f6c06f98da206d01dc40c1587c6bc4c40cbef623/ui-unit-desktop-1.11.1.jar:/home/annihilator/.gradle/caches/modules-2/files-2.1/org.jetbrains.compose.ui/ui-graphics-desktop/1.11.1/6ea106d02adf29694eedf12fdfb621947d3621bf/ui-graphics-desktop-1.11.1.jar:/home/annihilator/.gradle/caches/modules-2/files-2.1/org.jetbrains.compose.ui/ui-geometry-desktop/1.11.1/5e430152487375359973ac9874653d335dcc220/ui-geometry-desktop-1.11.1.jar:/home/annihilator/.gradle/caches/modules-2/files-2.1/org.jetbrains.compose.ui/ui-backhandler-desktop/1.11.1/bd3540bb1d6abd60c5e58f32663b2f3e89406cd1/ui-backhandler-desktop-1.11.1.jar:/home/annihilator/.gradle/caches/modules-2/files-2.1/org.jetbrains.compose.ui/ui-util-desktop/1.11.1/4302c582878b82ab24e1f34e6e90f967f7b416ed/ui-util-desktop-1.11.1.jar:/home/annihilator/.gradle/caches/modules-2/files-2.1/org.jetbrains.compose.ui/ui-text-desktop/1.11.1/6ded685e2601260d6231c859a849b96ee6c60368/ui-text-desktop-1.11.1.jar:/home/annihilator/.gradle/caches/modules-2/files-2.1/org.jetbrains.compose.ui/ui-tooling-preview-desktop/1.11.1/97ec578d33adc34adcaa63e9af7bb2328c6c29b7/ui-tooling-preview-desktop-1.11.1.jar:/home/annihilator/.gradle/caches/modules-2/files-2.1/com.materialkolor.palette/kmpalette-loader-jvm/4.0.0-beta02/346d1cbf659720dfc1952796e619da44789482f/kmpalette-loader-jvm.jar:/home/annihilator/.gradle/caches/modules-2/files-2.1/org.jetbrains.androidx.navigationevent/navigationevent-compose-desktop/1.0.1/ecaf02060a048a1f82584fe328e4e02fe6f982ad/navigationevent-compose-desktop-1.0.1.jar:/home/annihilator/.gradle/caches/modules-2/files-2.1/org.jetbrains.compose.ui/ui-desktop/1.11.1/24c40c0d60c77a6fb34f930f13bfa4a3ff62c0f/ui-desktop-1.11.1.jar:/home/annihilator/.gradle/caches/modules-2/files-2.1/androidx.navigation3/navigation3-runtime-desktop/1.1.1/f97607fbd9cd1c2a196dbdf2440b6ca78010c08a/navigation3-runtime-desktop-1.1.1.jar:/home/annihilator/.gradle/caches/modules-2/files-2.1/androidx.lifecycle/lifecycle-runtime-desktop/2.11.0-beta01/c2b5e2f7d739375538c2a74757531a30607f85ff/lifecycle-runtime-desktop-2.11.0-beta01.jar:/home/annihilator/.gradle/caches/modules-2/files-2.1/androidx.lifecycle/lifecycle-common-jvm/2.11.0-beta01/41ef287eee7e4befb1308c017df4de89a210490d/lifecycle-common-jvm-2.11.0-beta01.jar:/home/annihilator/.gradle/caches/modules-2/files-2.1/androidx.lifecycle/lifecycle-viewmodel-desktop/2.11.0-beta01/614711da4abf1ece2121521477a5920ed26a7f29/lifecycle-viewmodel-desktop-2.11.0-beta01.jar:/home/annihilator/.gradle/caches/modules-2/files-2.1/androidx.lifecycle/lifecycle-runtime-compose-desktop/2.11.0-beta01/392c6d5cb40bb6d59e3d7070607786b7328009d4/lifecycle-runtime-compose-desktop-2.11.0-beta01.jar:/home/annihilator/.gradle/caches/modules-2/files-2.1/androidx.lifecycle/lifecycle-viewmodel-compose-desktop/2.11.0-beta01/f04e89ec2d915b35cdcd4675591ae3997604173c/lifecycle-viewmodel-compose-desktop-2.11.0-beta01.jar:/home/annihilator/.gradle/caches/modules-2/files-2.1/androidx.lifecycle/lifecycle-viewmodel-savedstate-desktop/2.11.0-beta01/23c86e72183d96b3fff60102dca0de1da5fd4424/lifecycle-viewmodel-savedstate-desktop-2.11.0-beta01.jar:/home/annihilator/.gradle/caches/modules-2/files-2.1/org.jetbrains.androidx.savedstate/savedstate-compose-desktop/1.3.6/63692375ffe667f12cb3ea8aa1e605d659ed2add/savedstate-compose-desktop-1.3.6.jar:/home/annihilator/.gradle/caches/modules-2/files-2.1/androidx.savedstate/savedstate-desktop/1.4.0/3b049a0f81643d6b4b900de95bc23efc085c32d5/savedstate-desktop-1.4.0.jar:/home/annihilator/.gradle/caches/modules-2/files-2.1/androidx.savedstate/savedstate-compose-desktop/1.4.0/d3d6e0e2108528eb6080dc250da925a572be4202/savedstate-compose-desktop-1.4.0.jar:/home/annihilator/.gradle/caches/modules-2/files-2.1/androidx.navigationevent/navigationevent-desktop/1.0.2/ddb1e7fe97ed51c3d35bba493f97fcf12398719/navigationevent-desktop-1.0.2.jar:/home/annihilator/.gradle/caches/modules-2/files-2.1/androidx.compose.runtime/runtime-annotation-jvm/1.11.2/db4aa964627ac96331b72e231b9ad54318d112f4/runtime-annotation-jvm-1.11.2.jar:/home/annihilator/.gradle/caches/modules-2/files-2.1/androidx.compose.runtime/runtime-desktop/1.11.2/e93d95553cdd86c1cb8c02f50260cc1c8e341da8/runtime-desktop-1.11.2.jar:/home/annihilator/.gradle/caches/modules-2/files-2.1/androidx.compose.runtime/runtime-retain-desktop/1.11.2/3aa3ec26ef2a3d26bc556b51b33d09efc1a198e8/runtime-retain-desktop-1.11.2.jar:/home/annihilator/.gradle/caches/modules-2/files-2.1/androidx.compose.runtime/runtime-saveable-desktop/1.11.2/1618fae89791692a224fe7aa79edbd7a8f5b7522/runtime-saveable-desktop-1.11.2.jar:/home/annihilator/.gradle/caches/modules-2/files-2.1/org.jetbrains.compose.runtime/runtime-saveable-desktop/1.11.1/b7c8a8ed985a0f15b4d8d206de1fc6125b499388/runtime-saveable-desktop-1.11.1.jar:/home/annihilator/.gradle/caches/modules-2/files-2.1/org.jetbrains.androidx.lifecycle/lifecycle-runtime-compose-desktop/2.11.0-beta01/e93db8959692f5740745b457135c1ab209a67923/lifecycle-runtime-compose-desktop-2.11.0-beta01.jar:/home/annihilator/.gradle/caches/modules-2/files-2.1/org.jetbrains.androidx.lifecycle/lifecycle-viewmodel-compose-desktop/2.11.0-beta01/25df0b7b86731829cb34805ff8ebb167b198b916/lifecycle-viewmodel-compose-desktop-2.11.0-beta01.jar:/home/annihilator/.gradle/caches/modules-2/files-2.1/org.jetbrains.compose.runtime/runtime-desktop/1.11.1/1941336b045aac4b87cc3be81d9fdb9977c88c61/runtime-desktop-1.11.1.jar:/home/annihilator/.gradle/caches/modules-2/files-2.1/io.coil-kt.coil3/coil-network-ktor3-jvm/3.5.0-beta01/59ee23ce9f237edbad112c94a7cc65dc1939999b/coil-network-ktor3-jvm-3.5.0-beta01.jar:/home/annihilator/.gradle/caches/modules-2/files-2.1/io.coil-kt.coil3/coil-network-cache-control-jvm/3.5.0-beta01/92507c9b531bab9e0c7188af0057a8719c8fee05/coil-network-cache-control-jvm-3.5.0-beta01.jar:/home/annihilator/.gradle/caches/modules-2/files-2.1/io.coil-kt.coil3/coil-svg-jvm/3.5.0-beta01/7998e0f304b0c8c535dfda3ef86cf81faa88a813/coil-svg-jvm-3.5.0-beta01.jar:/home/annihilator/.gradle/caches/modules-2/files-2.1/org.jetbrains.kotlinx/atomicfu-jvm/0.32.1/766417c1430c117100e14af193c4fdbe6034b5e6/atomicfu-jvm-0.32.1.jar:/home/annihilator/.gradle/caches/modules-2/files-2.1/io.github.jan-tennert.supabase/postgrest-kt-jvm/3.4.1/5ce69132306e6aa1fcd959ebdeb502e821e3a47c/postgrest-kt-jvm-3.4.1.jar:/home/annihilator/.gradle/caches/modules-2/files-2.1/io.github.jan-tennert.supabase/functions-kt-jvm/3.4.1/2a6c5a1e77bb1d4895812d7292d8075e34b2fb55/functions-kt-jvm-3.4.1.jar:/home/annihilator/.gradle/caches/modules-2/files-2.1/io.github.jan-tennert.supabase/storage-kt-jvm/3.4.1/4f3eb000d3862395bdd976ab8679841be3029d43/storage-kt-jvm-3.4.1.jar:/home/annihilator/.gradle/caches/modules-2/files-2.1/io.github.jan-tennert.supabase/auth-kt-jvm/3.4.1/91413cc37352dda1f34a180c14f58601b6aa2ea0/auth-kt-jvm-3.4.1.jar:/home/annihilator/.gradle/caches/modules-2/files-2.1/io.ktor/ktor-client-cio-jvm/3.4.1/114327011eeecd416940e2d1be8c9bd5098907de/ktor-client-cio-jvm-3.4.1.jar:/home/annihilator/.gradle/caches/modules-2/files-2.1/io.github.dokar3/quickjs-kt-jvm/1.0.5/c76155aa176760f2ab1966aa61ebd1cc1334dee6/quickjs-jvm.jar:/home/annihilator/.gradle/caches/modules-2/files-2.1/com.fleeksoft.ksoup/ksoup-jvm/0.2.6/61a4f799ea43b8eb31856729500be73975e41a42/ksoup-jvm-0.2.6.jar:/home/annihilator/.gradle/caches/modules-2/files-2.1/org.jetbrains.skiko/skiko-awt-runtime-linux-x64/0.144.6/291f8626a2fecd06e9f585424360560189ab7303/skiko-awt-runtime-linux-x64-0.144.6.jar:/home/annihilator/.gradle/caches/modules-2/files-2.1/org.jetbrains.skiko/skiko-awt/0.144.6/c9bec39e3c517ed5591c71c7db0cbbe64b6be849/skiko-awt-0.144.6.jar:/home/annihilator/.gradle/caches/modules-2/files-2.1/io.github.vinceglb/filekit-core-jvm/0.14.2/2d6248437233553a08f656e1cfdfc3db3df14a13/filekit-core-jvm.jar:/home/annihilator/.gradle/caches/modules-2/files-2.1/io.ktor/ktor-server-cio-jvm/3.4.0/16a50d239963841ae64e8e207f93ae7a5fdd7062/ktor-server-cio-jvm-3.4.0.jar:/home/annihilator/.gradle/caches/modules-2/files-2.1/io.ktor/ktor-server-core-jvm/3.4.0/97aba0f5e3cd539679907382a3f5783b9a563165/ktor-server-core-jvm-3.4.0.jar:/home/annihilator/.gradle/caches/modules-2/files-2.1/org.jetbrains.kotlin/kotlin-reflect/2.3.10/98e0fa43a9204a252fa8806c9b2f3f3131590bcb/kotlin-reflect-2.3.10.jar:/home/annihilator/.gradle/caches/modules-2/files-2.1/com.squareup.okhttp3/okhttp/4.12.0/2f4525d4a200e97e1b87449c2cd9bd2e25b7e8cd/okhttp-4.12.0.jar:/home/annihilator/.gradle/caches/modules-2/files-2.1/org.jetbrains.kotlin/kotlin-stdlib-jdk8/1.9.0/e000bd084353d84c9e888f6fb341dc1f5b79d948/kotlin-stdlib-jdk8-1.9.0.jar:/home/annihilator/.gradle/caches/modules-2/files-2.1/io.github.jan-tennert.supabase/supabase-kt-jvm/3.4.1/4c8df2570087c4424f8c2f3c93d77b2ec4198fd5/supabase-kt-jvm-3.4.1.jar:/home/annihilator/.gradle/caches/modules-2/files-2.1/org.jetbrains.kotlinx/kotlinx-datetime-jvm/0.8.0/316346a7d44778581ff91154f72dfa576bce4ee2/kotlinx-datetime-jvm-0.8.0.jar:/home/annihilator/.gradle/caches/modules-2/files-2.1/androidx.graphics/graphics-shapes-desktop/1.1.0/a5d2198960bdc0915f74c6b2954d3323f35f40ea/graphics-shapes-desktop-1.1.0.jar:/home/annihilator/.gradle/caches/modules-2/files-2.1/androidx.collection/collection-jvm/1.5.0/7ba2c69414d46ebc2dd76598bdd0a75c54281a57/collection-jvm-1.5.0.jar:/home/annihilator/.gradle/caches/modules-2/files-2.1/io.coil-kt.coil3/coil-jvm/3.5.0-beta01/b0061205e37fc17ba27f52ba1ee42f2be1de31d3/coil-jvm-3.5.0-beta01.jar:/home/annihilator/.gradle/caches/modules-2/files-2.1/io.coil-kt.coil3/coil-network-core-jvm/3.5.0-beta01/27fa35b4c8e4fbcc99126099eba9600a1e8e5a56/coil-network-core-jvm-3.5.0-beta01.jar:/home/annihilator/.gradle/caches/modules-2/files-2.1/io.coil-kt.coil3/coil-core-jvm/3.5.0-beta01/a1cca49cdadfc07533b35de91d266adda8af9df8/coil-core-jvm-3.5.0-beta01.jar:/home/annihilator/.gradle/caches/modules-2/files-2.1/com.materialkolor.palette/androidx-palette-jvm/4.0.0-beta02/8635f5e4c28acd813bc78a044d6f1492de7c575/androidx-palette-jvm.jar:/home/annihilator/.gradle/caches/modules-2/files-2.1/dev.drewhamilton.poko/poko-annotations-jvm/0.21.3/1e98d2ec00742104bd01eaebbd59582dac99a62/poko-annotations-jvm-0.21.3.jar:/home/annihilator/.gradle/caches/modules-2/files-2.1/com.russhwolf/multiplatform-settings-no-arg-jvm/1.3.0/b9d2280a0d56597619afb286d7c5f697f2e83f03/multiplatform-settings-no-arg-jvm-1.3.0.jar:/home/annihilator/.gradle/caches/modules-2/files-2.1/com.russhwolf/multiplatform-settings-coroutines-jvm/1.3.0/c64a7df35357b1e8fa74b830d006d2ea23fcb395/multiplatform-settings-coroutines-jvm-1.3.0.jar:/home/annihilator/.gradle/caches/modules-2/files-2.1/dev.whyoleg.cryptography/cryptography-provider-jdk-jvm/0.5.0/3a2721ac930c182a0e424f2d558cfa9d52cc1b3/cryptography-provider-jdk-jvm-0.5.0.jar:/home/annihilator/.gradle/caches/modules-2/files-2.1/dev.whyoleg.cryptography/cryptography-provider-base-jvm/0.5.0/e03b79926494512ac452ca00cfa5e27135262d32/cryptography-provider-base-jvm-0.5.0.jar:/home/annihilator/.gradle/caches/modules-2/files-2.1/dev.whyoleg.cryptography/cryptography-serialization-asn1-modules-jvm/0.5.0/9308027088c76026a5b96f5b5b400859310ca1af/cryptography-serialization-asn1-modules-jvm-0.5.0.jar:/home/annihilator/.gradle/caches/modules-2/files-2.1/dev.whyoleg.cryptography/cryptography-serialization-asn1-jvm/0.5.0/242a38b98c1dd201f499485925f22c972858c153/cryptography-serialization-asn1-jvm-0.5.0.jar:/home/annihilator/.gradle/caches/modules-2/files-2.1/dev.whyoleg.cryptography/cryptography-bigint-jvm/0.5.0/97ac3202bf7f3792b3c8bc788a7bbb1b33ca2485/cryptography-bigint-jvm-0.5.0.jar:/home/annihilator/.gradle/caches/modules-2/files-2.1/dev.whyoleg.cryptography/cryptography-random-jvm/0.5.0/8e77668891b60f6058f1262e032d8b06d137bdde/cryptography-random-jvm-0.5.0.jar:/home/annihilator/.gradle/caches/modules-2/files-2.1/dev.whyoleg.cryptography/cryptography-serialization-pem-jvm/0.5.0/7b5cb41c77698e6fb3fab21e67bf7b9e988e11a2/cryptography-serialization-pem-jvm-0.5.0.jar:/home/annihilator/.gradle/caches/modules-2/files-2.1/dev.whyoleg.cryptography/cryptography-provider-optimal-jvm/0.5.0/f0ff9daaf78932f6348ee90d014ca4c78337971b/cryptography-provider-optimal-jvm-0.5.0.jar:/home/annihilator/.gradle/caches/modules-2/files-2.1/dev.whyoleg.cryptography/cryptography-core-jvm/0.5.0/d0fc25786ede38c33893236eacc3d6ab11d2ad10/cryptography-core-jvm-0.5.0.jar:/home/annihilator/.gradle/caches/modules-2/files-2.1/io.ktor/ktor-client-content-negotiation-jvm/3.4.0/266c1aef9d340c22cd859dd5c9174c2e1d86489f/ktor-client-content-negotiation-jvm-3.4.0.jar:/home/annihilator/.gradle/caches/modules-2/files-2.1/io.ktor/ktor-client-core-jvm/3.4.1/84dc032a29f56bdac73449f78a0a2e7f9cab042/ktor-client-core-jvm-3.4.1.jar:/home/annihilator/.gradle/caches/modules-2/files-2.1/io.ktor/ktor-http-cio-jvm/3.4.1/3bd25f53a79a1f68eaec86ae9da4878314cc80af/ktor-http-cio-jvm-3.4.1.jar:/home/annihilator/.gradle/caches/modules-2/files-2.1/io.ktor/ktor-websocket-serialization-jvm/3.4.1/3a687a268f242dab9b624b78d3daeb646aeed5cb/ktor-websocket-serialization-jvm-3.4.1.jar:/home/annihilator/.gradle/caches/modules-2/files-2.1/io.ktor/ktor-serialization-kotlinx-json-jvm/3.4.0/2a09f17d70b6e61623fd8aff9bdce6d7877892/ktor-serialization-kotlinx-json-jvm-3.4.0.jar:/home/annihilator/.gradle/caches/modules-2/files-2.1/io.ktor/ktor-serialization-kotlinx-jvm/3.4.0/d001db47b2ebe8ad8b2cb1bb2a687688840f5887/ktor-serialization-kotlinx-jvm-3.4.0.jar:/home/annihilator/.gradle/caches/modules-2/files-2.1/io.ktor/ktor-serialization-jvm/3.4.1/6fec7fdb4da27d09ff33a34e6e990b215f7c19c4/ktor-serialization-jvm-3.4.1.jar:/home/annihilator/.gradle/caches/modules-2/files-2.1/io.ktor/ktor-websockets-jvm/3.4.1/83226f3612bffab4d0af0d26f9e4d6b7d2e02a58/ktor-websockets-jvm-3.4.1.jar:/home/annihilator/.gradle/caches/modules-2/files-2.1/io.ktor/ktor-network-tls-jvm/3.4.1/8d17de5904253b073b44499a3e67ba99ca2ca8f6/ktor-network-tls-jvm-3.4.1.jar:/home/annihilator/.gradle/caches/modules-2/files-2.1/com.fleeksoft.charset/charset-jvm/0.0.8/b6fcd5cc804844347929a83c56f1fdd854c9ce66/charset-jvm-0.0.8.jar:/home/annihilator/.gradle/caches/modules-2/files-2.1/com.fleeksoft.io/io-core-jvm/0.0.8/78517ce1ff4c2ccbb8b91b9f1549c6e7a0ae1044/io-core-jvm-0.0.8.jar:/home/annihilator/.gradle/caches/modules-2/files-2.1/co.touchlab/stately-concurrency-jvm/2.1.0/6285428408c4d7e4a6d9a09511de877103effd81/stately-concurrency-jvm-2.1.0.jar:/home/annihilator/.gradle/caches/modules-2/files-2.1/org.jetbrains.kotlin/kotlin-stdlib-jdk7/1.9.0/f320478990d05e0cfaadd74f9619fd6027adbf37/kotlin-stdlib-jdk7-1.9.0.jar:/home/annihilator/.gradle/caches/modules-2/files-2.1/org.jetbrains.kotlinx/kotlinx-coroutines-slf4j/1.11.0/556153d93573d016dd4e5df37e3d03d07d8d303/kotlinx-coroutines-slf4j-1.11.0.jar:/home/annihilator/.gradle/caches/modules-2/files-2.1/org.jetbrains.kotlinx/kotlinx-coroutines-swing/1.11.0/3cf134b8aefd813622edc37e60d66b939b55cb36/kotlinx-coroutines-swing-1.11.0.jar:/home/annihilator/.gradle/caches/modules-2/files-2.1/io.ktor/ktor-http-jvm/3.4.1/6605b91c8f06bb6f67e2ec13b8ccea7926f4a526/ktor-http-jvm-3.4.1.jar:/home/annihilator/.gradle/caches/modules-2/files-2.1/io.ktor/ktor-events-jvm/3.4.1/c7aa6bd43fcaf3da2f57a5417b1df66814ec2577/ktor-events-jvm-3.4.1.jar:/home/annihilator/.gradle/caches/modules-2/files-2.1/io.ktor/ktor-sse-jvm/3.4.1/f95e6419c5bb24bed7c718dbff8b292a90db881e/ktor-sse-jvm-3.4.1.jar:/home/annihilator/.gradle/caches/modules-2/files-2.1/io.ktor/ktor-network-jvm/3.4.1/a3b710fabdc38031ff0fb96eaee2a6ddf5ada9c6/ktor-network-jvm-3.4.1.jar:/home/annihilator/.gradle/caches/modules-2/files-2.1/io.ktor/ktor-utils-jvm/3.4.1/f1ad623952ea49c631db750560228e3984790e48/ktor-utils-jvm-3.4.1.jar:/home/annihilator/.gradle/caches/modules-2/files-2.1/io.ktor/ktor-io-jvm/3.4.1/fccd4e08dde189d82ae9a3f5fdbbf152ccd3a9c8/ktor-io-jvm-3.4.1.jar:/home/annihilator/.gradle/caches/modules-2/files-2.1/org.jetbrains.kotlinx/kotlinx-coroutines-core-jvm/1.11.0/3d57dc678bd8d72a60e7adf0eca5c54e3f4f4b79/kotlinx-coroutines-core-jvm-1.11.0.jar:/home/annihilator/.gradle/caches/modules-2/files-2.1/org.jetbrains.kotlinx/kotlinx-serialization-json-io-jvm/1.11.0/645ed54ca9128fc217b30b3686a083141ebe635c/kotlinx-serialization-json-io-jvm-1.11.0.jar:/home/annihilator/.gradle/caches/modules-2/files-2.1/org.jetbrains.kotlinx/kotlinx-serialization-json-jvm/1.11.0/e7e045e99e56f07599bb9ccb708c2190e2af0606/kotlinx-serialization-json-jvm-1.11.0.jar:/home/annihilator/.gradle/caches/modules-2/files-2.1/org.jetbrains.kotlinx/kotlinx-serialization-core-jvm/1.11.0/c1905c9bf7452b045d5af9248835abe64ddad6bf/kotlinx-serialization-core-jvm-1.11.0.jar:/home/annihilator/.gradle/caches/modules-2/files-2.1/androidx.arch.core/core-common/2.2.0/5e1b8b81dfd5f52c56a8d53b18ca759c19a301f3/core-common-2.2.0.jar:/home/annihilator/.gradle/caches/modules-2/files-2.1/androidx.annotation/annotation-jvm/1.10.0/388cfaa79001d0f024d28f6a13d5a3dfc2f0e18f/annotation-jvm-1.10.0.jar:/home/annihilator/.gradle/caches/modules-2/files-2.1/org.jetbrains.kotlinx/kotlinx-io-core-jvm/0.9.0/7f7536f8f057ffc7f79375714e9730c4b8bdd7c9/kotlinx-io-core-jvm-0.9.0.jar:/home/annihilator/.gradle/caches/modules-2/files-2.1/com.squareup.okio/okio-jvm/3.17.0/a12d684ec0df9541b3869ae60a4a5257fd3613df/okio-jvm-3.17.0.jar:/home/annihilator/.gradle/caches/modules-2/files-2.1/co.touchlab/kermit-jvm/2.0.8/83ee3b1da12d91011c3e93558f97bc28665810de/kermit-jvm-2.0.8.jar:/home/annihilator/.gradle/caches/modules-2/files-2.1/org.jetbrains.kotlinx/kotlinx-collections-immutable-jvm/0.4.0/82499bf608b0fc3ae6737a5eac1a1f1325279bbf/kotlinx-collections-immutable-jvm-0.4.0.jar:/home/annihilator/.gradle/caches/modules-2/files-2.1/com.russhwolf/multiplatform-settings-jvm/1.3.0/76fe39b1cbb2b2b951ec230ab85e610ae179aab7/multiplatform-settings-jvm-1.3.0.jar:/home/annihilator/.gradle/caches/modules-2/files-2.1/co.touchlab/stately-strict-jvm/2.1.0/3ae8369209065455f4630793bf6aca0fb88c8b6b/stately-strict-jvm-2.1.0.jar:/home/annihilator/.gradle/caches/modules-2/files-2.1/org.jetbrains.kotlinx/kotlinx-io-bytestring-jvm/0.9.0/e73a7915234a8ea7954f32b715ef8e42b02f66a3/kotlinx-io-bytestring-jvm-0.9.0.jar:/home/annihilator/.gradle/caches/modules-2/files-2.1/co.touchlab/kermit-core-jvm/2.0.8/7d782124fef2b0c4dccf07208e1cf3aa13b57058/kermit-core-jvm-2.0.8.jar:/home/annihilator/.gradle/caches/modules-2/files-2.1/org.jetbrains.kotlin/kotlin-stdlib/2.4.0/4e9f4b531dce5c7dee58ed2de9a8b9a763c8dc6c/kotlin-stdlib-2.4.0.jar:/home/annihilator/.gradle/caches/modules-2/files-2.1/org.lwjgl/lwjgl-glfw/3.3.6/7119f7d0eeb1e5502ff0ca71d2b4d47317da015/lwjgl-glfw-3.3.6.jar:/home/annihilator/.gradle/caches/modules-2/files-2.1/org.lwjgl/lwjgl-glfw/3.3.6/797e0965709ad180d9b00c88a086dbda15002203/lwjgl-glfw-3.3.6-natives-linux.jar:/home/annihilator/.gradle/caches/modules-2/files-2.1/org.lwjgl/lwjgl-opengl/3.3.6/ac2532612a4df374e9a9282bcf8ce2573018ebbb/lwjgl-opengl-3.3.6.jar:/home/annihilator/.gradle/caches/modules-2/files-2.1/org.lwjgl/lwjgl-opengl/3.3.6/b8dc6467fe232d552793c53dc56f9fa8a385299c/lwjgl-opengl-3.3.6-natives-linux.jar:/home/annihilator/.gradle/caches/modules-2/files-2.1/org.lwjgl/lwjgl-vulkan/3.3.6/a403e0931b03b138854bb2ba9c48dab646cba6d8/lwjgl-vulkan-3.3.6.jar:/home/annihilator/.gradle/caches/modules-2/files-2.1/org.lwjgl/lwjgl/3.3.6/ce7721d30cfaf47feaed10213e0c43eb55c49d68/lwjgl-3.3.6.jar:/home/annihilator/.gradle/caches/modules-2/files-2.1/org.lwjgl/lwjgl/3.3.6/dc7db8fc4f1e6563867f9155b9a42d9c73d8992f/lwjgl-3.3.6-natives-linux.jar:/home/annihilator/.gradle/caches/modules-2/files-2.1/org.jetbrains/annotations/23.0.0/8cc20c07506ec18e0834947b84a864bfc094484e/annotations-23.0.0.jar:/home/annihilator/.gradle/caches/modules-2/files-2.1/io.sentry/sentry/8.52.0/b26a1b9181c78835078956c352f20cecd459e7a6/sentry-8.52.0.jar:/home/annihilator/.gradle/caches/modules-2/files-2.1/org.jetbrains.runtime/jbr-api/1.9.0/2bc161f5472b5fd5610740e4d6ebe896c811cb0e/jbr-api-1.9.0.jar:/home/annihilator/.gradle/caches/modules-2/files-2.1/org.slf4j/slf4j-api/2.0.17/d9e58ac9c7779ba3bf8142aff6c830617a7fe60f/slf4j-api-2.0.17.jar:/home/annihilator/.gradle/caches/modules-2/files-2.1/net.java.dev.jna/jna-platform/5.19.1/d1e54d9231da5ca3fa730d52960deaa555475468/jna-platform-5.19.1.jar:/home/annihilator/.gradle/caches/modules-2/files-2.1/com.typesafe/config/1.4.5/cc25b497ded7068a861517a815546fb472f9e58/config-1.4.5.jar:/home/annihilator/.gradle/caches/modules-2/files-2.1/org.fusesource.jansi/jansi/2.4.2/ba7387c31622c6650b83edba1bbb115f1fe462ba/jansi-2.4.2.jar:/home/annihilator/.gradle/caches/modules-2/files-2.1/net.java.dev.jna/jna/5.19.1/ca303052cd617c1af2e2c8d344c98a706fb63143/jna-5.19.1.jar:/home/annihilator/.gradle/caches/modules-2/files-2.1/org.jspecify/jspecify/1.0.0/7425a601c1c7ec76645a78d22b8c6a627edee507/jspecify-1.0.0.jar
Launcher Type: SUN_STANDARD

[Global flags]
     bool AOTAdapterCaching                        = false                                  {diagnostic} {ergonomic}
     bool AOTInvokeDynamicLinking                  = false                                  {diagnostic} {ergonomic}
     bool AOTRecordTraining                        = false                                  {diagnostic} {ergonomic}
     bool AOTReplayTraining                        = false                                  {diagnostic} {ergonomic}
     bool AOTStubCaching                           = false                                  {diagnostic} {ergonomic}
     intx CICompilerCount                          = 12                                        {product} {ergonomic}
     uint ConcGCThreads                            = 3                                         {product} {ergonomic}
     uint G1ConcRefinementThreads                  = 13                                        {product} {ergonomic}
     uint G1EagerReclaimRemSetThreshold            = 16                                   {experimental} {ergonomic}
   size_t G1HeapRegionSize                         = 2097152                                   {product} {ergonomic}
     uint G1RemSetArrayOfCardsEntries              = 16                                   {experimental} {ergonomic}
     uint G1RemSetHowlMaxNumBuckets                = 8                                    {experimental} {ergonomic}
     uint G1RemSetHowlNumBuckets                   = 8                                    {experimental} {ergonomic}
   size_t InitialHeapSize                          = 8388608                                   {product} {ergonomic}
     bool IntelJccErratumMitigation                = false                             {ARCH diagnostic} {ergonomic}
   size_t MarkStackSize                            = 4194304                                   {product} {ergonomic}
   size_t MarkStackSizeMax                         = 536870912                                 {product} {ergonomic}
   size_t MaxHeapSize                              = 4032823296                                {product} {ergonomic}
   size_t MaxNewSize                               = 2418016256                                {product} {ergonomic}
 uint64_t MaxRAM                                   = 16128925696                               {product} {ergonomic}
   size_t MinHeapDeltaBytes                        = 2097152                                   {product} {ergonomic}
   size_t MinHeapSize                              = 8388608                                   {product} {ergonomic}
   size_t NonNMethodCodeHeapSize                   = 7606272                                {pd product} {ergonomic}
   size_t NonProfiledCodeHeapSize                  = 122028032                              {pd product} {ergonomic}
   size_t ProfiledCodeHeapSize                     = 122028032                              {pd product} {ergonomic}
   size_t ReservedCodeCacheSize                    = 251662336                              {pd product} {ergonomic}
     bool SegmentedCodeCache                       = true                                      {product} {ergonomic}
   size_t SoftMaxHeapSize                          = 4032823296                             {manageable} {ergonomic}
     bool UseCompressedOops                        = true                           {product lp64_product} {ergonomic}
     bool UseCondCardMark                          = true                                      {product} {ergonomic}
     bool UseFastUnorderedTimeStamps               = true                                 {experimental} {ergonomic}
     bool UseG1GC                                  = true                                      {product} {ergonomic}
      int X86ICacheSync                            = 3                                 {ARCH diagnostic} {ergonomic}

Logging:
Log output configuration:
 #0: 
[error occurred during error reporting (printing log configuration), id 0xb, SIGSEGV (0xb) at pc=0x00007f964eb9b718]
Release file:
IMPLEMENTOR="Arch Linux"
JAVA_RUNTIME_VERSION="26.0.2.1"
JAVA_VERSION="26.0.2.1"
JAVA_VERSION_DATE="2026-08-18"
LIBC="gnu"
MODULES="java.base java.compiler java.datatransfer java.xml java.prefs java.desktop java.instrument java.logging java.management java.security.sasl java.naming java.rmi java.management.rmi java.net.http java.scripting java.security.jgss java.transaction.xa java.sql java.sql.rowset java.xml.crypto java.se java.smartcardio jdk.accessibility jdk.internal.jvmstat jdk.attach jdk.charsets jdk.internal.opt jdk.zipfs jdk.compiler jdk.crypto.cryptoki jdk.crypto.ec jdk.dynalink jdk.internal.ed jdk.editpad jdk.internal.vm.ci jdk.graal.compiler jdk.graal.compiler.management jdk.hotspot.agent jdk.httpserver jdk.incubator.vector jdk.internal.le jdk.internal.md jdk.jartool jdk.javadoc jdk.jcmd jdk.management jdk.management.agent jdk.jconsole jdk.jdeps jdk.jdwp.agent jdk.jdi jdk.jfr jdk.jlink jdk.jpackage jdk.jshell jdk.jstatd jdk.localedata jdk.management.jfr jdk.naming.dns jdk.naming.rmi jdk.net jdk.nio.mapmode jdk.sctp jdk.security.auth jdk.security.jgss jdk.unsupported jdk.unsupported.desktop jdk.xml.dom"
OS_ARCH="x86_64"
OS_NAME="Linux"
SOURCE=""

Environment Variables:
PATH=/home/annihilator/.local/bin:/home/annihilator/bin:/home/annihilator/.cargo/bin:/home/annihilator/.npm-global/bin:/home/annihilator/.local/share/solana/install/active_release/bin:/usr/local/sbin:/usr/local/bin:/usr/bin:/opt/cuda/bin:/var/lib/flatpak/exports/bin:/usr/lib/jvm/default/bin:/usr/bin/site_perl:/usr/bin/vendor_perl:/usr/bin/core_perl:/opt/rocm/bin:/home/annihilator/.config/Claude/local-agent-mode-sessions/f30d0a67-fea7-4d47-acce-d7da1f075d93/3f6e0ddc-f963-4a28-bb3d-52c35a96b68e/rpm/plugin_0155zZVATbJU3jHUmPP9NvMC/bin:/home/annihilator/.config/Claude/local-agent-mode-sessions/skills-plugin/3f6e0ddc-f963-4a28-bb3d-52c35a96b68e/f30d0a67-fea7-4d47-acce-d7da1f075d93/bin
LD_PRELOAD=/tmp/libglxshim.so
SHELL=/bin/zsh
DISPLAY=:0
WAYLAND_DISPLAY=wayland-1
LANG=en_GB.UTF-8

Active Locale:
LC_ALL=LC_CTYPE=en_GB.UTF-8;LC_NUMERIC=C;LC_TIME=en_GB.UTF-8;LC_COLLATE=en_GB.UTF-8;LC_MONETARY=en_GB.UTF-8;LC_MESSAGES=en_GB.UTF-8;LC_PAPER=en_GB.UTF-8;LC_NAME=en_GB.UTF-8;LC_ADDRESS=en_GB.UTF-8;LC_TELEPHONE=en_GB.UTF-8;LC_MEASUREMENT=en_GB.UTF-8;LC_IDENTIFICATION=en_GB.UTF-8
LC_COLLATE=en_GB.UTF-8
LC_CTYPE=en_GB.UTF-8
LC_MESSAGES=en_GB.UTF-8
LC_MONETARY=en_GB.UTF-8
LC_NUMERIC=C
LC_TIME=en_GB.UTF-8

Signal Handlers:
   SIGSEGV: 0x00007f964f080b00 in libjvm.so+15207168, mask=11100100010111111101111111111110, flags=SA_RESTART|SA_SIGINFO, unblocked
    SIGBUS: 0x00007f964f080b00 in libjvm.so+15207168, mask=11100100010111111101111111111110, flags=SA_RESTART|SA_SIGINFO, unblocked
    SIGFPE: 0x00007f964f080b00 in libjvm.so+15207168, mask=11100100010111111101111111111110, flags=SA_RESTART|SA_SIGINFO, unblocked
   SIGPIPE: SIG_IGN, mask=00000000000010000000000000000000, flags=SA_RESTART, blocked
  *** Handler was modified!
  *** Expected: 0x00007f964eede900 in libjvm.so+13494528, mask=11100100110111111111111111111110, flags=SA_RESTART|SA_SIGINFO
   SIGXFSZ: 0x00007f964eede900 in libjvm.so+13494528, mask=11100100010111111101111111111110, flags=SA_RESTART|SA_SIGINFO, blocked
    SIGILL: 0x00007f964f080b00 in libjvm.so+15207168, mask=11100100010111111101111111111110, flags=SA_RESTART|SA_SIGINFO, unblocked
   SIGUSR2: 0x00007f964eee15b0 in libjvm.so+13505968, mask=00000000000000000000000000000000, flags=SA_RESTART|SA_SIGINFO, blocked
    SIGHUP: SIG_IGN, mask=00000000000000000000000000000000, flags=none, blocked
    SIGINT: SIG_IGN, mask=00000000000000000000000000000000, flags=none, blocked
   SIGTERM: 0x00007f964eedc810 in libjvm.so+13486096, mask=11100100010111111101111111111110, flags=SA_RESTART|SA_SIGINFO, blocked
   SIGQUIT: 0x00007f964eedc810 in libjvm.so+13486096, mask=11100100010111111101111111111110, flags=SA_RESTART|SA_SIGINFO, blocked
   SIGTRAP: 0x00007f964f080b00 in libjvm.so+15207168, mask=11100100010111111101111111111110, flags=SA_RESTART|SA_SIGINFO, unblocked


Compilation memory statistics disabled.

Periodic native trim disabled

---------------  S Y S T E M  ---------------

OS:
DISTRIB_ID="Arch"
DISTRIB_RELEASE="rolling"
DISTRIB_DESCRIPTION="Arch Linux"
uname: Linux 7.1.9-arch1-2 #1 SMP PREEMPT_DYNAMIC Fri, 21 Aug 2026 22:18:59 +0000 x86_64
OS uptime: 1 days 12:26 hours
libc: glibc 2.44 NPTL 2.44 
rlimit (soft/hard): STACK 8192k/infinity , CORE infinity/infinity , NPROC 60477/60477 , NOFILE 524288/524288 , AS infinity/infinity , CPU infinity/infinity , DATA infinity/infinity , FSIZE infinity/infinity , MEMLOCK 8192k/8192k
load average: 3.71 1.85 1.12

/proc/meminfo:
MemTotal:       15750904 kB
MemFree:         2054616 kB
MemAvailable:    5611688 kB
Buffers:           43608 kB
Cached:          3882408 kB
SwapCached:       234548 kB
Active:          6646688 kB
Inactive:        3507772 kB
Active(anon):    5929520 kB
Inactive(anon):   503584 kB
Active(file):     717168 kB
Inactive(file):  3004188 kB
Unevictable:      516220 kB
Mlocked:            2532 kB
SwapTotal:      24652280 kB
SwapFree:       19443296 kB
Zswap:                 0 kB
Zswapped:              0 kB
Dirty:              1688 kB
Writeback:             0 kB
AnonPages:       6697988 kB
Mapped:          1014324 kB
Shmem:            282176 kB
KReclaimable:     171352 kB
Slab:             446384 kB
SReclaimable:     171352 kB
SUnreclaim:       275032 kB
KernelStack:       33372 kB
PageTables:        90112 kB
SecPageTables:      2264 kB
NFS_Unstable:          0 kB
Bounce:                0 kB
WritebackTmp:          0 kB
CommitLimit:    32527732 kB
Committed_AS:   29091280 kB
VmallocTotal:   34359738367 kB
VmallocUsed:      202196 kB
VmallocChunk:          0 kB
Percpu:            11712 kB
HardwareCorrupted:     0 kB
AnonHugePages:   1462272 kB
ShmemHugePages:        0 kB
ShmemPmdMapped:        0 kB
FileHugePages:    690176 kB
FilePmdMapped:    356352 kB
CmaTotal:              0 kB
CmaFree:               0 kB
Unaccepted:            0 kB
Balloon:               0 kB
GPUActive:         75280 kB
GPUReclaim:        35840 kB
HugePages_Total:       0
HugePages_Free:        0
HugePages_Rsvd:        0
HugePages_Surp:        0
Hugepagesize:       2048 kB
Hugetlb:               0 kB
DirectMap4k:    14314200 kB
DirectMap2M:     1841152 kB
DirectMap1G:           0 kB

/sys/kernel/mm/transparent_hugepage/enabled: [always] madvise never
/sys/kernel/mm/transparent_hugepage/hpage_pmd_size: 2097152
/sys/kernel/mm/transparent_hugepage/shmem_enabled: always within_size [advise] never deny force
/sys/kernel/mm/transparent_hugepage/defrag (defrag/compaction efforts parameter): always defer defer+madvise [madvise] never

Process Memory:
Virtual Size: 86403520K (peak: 147868936K)
Resident Set Size: 1222300K (peak: 1222800K) (anon: 698056K, file: 513588K, shmem: 10656K)
Swapped out: 0K
C-Heap outstanding allocations: 417257K, retained: 155776K
glibc malloc tunables: (default)

/proc/sys/kernel/threads-max (system-wide limit on the number of threads): 120955
/proc/sys/vm/max_map_count (maximum number of memory map areas a process may have): 1048576
/proc/sys/vm/swappiness (control to define how aggressively the kernel swaps out anonymous memory): 60
/proc/sys/kernel/pid_max (system-wide limit on number of process identifiers): 4194304

container information not found.
Steal ticks since vm start: 0
Steal ticks percentage since vm start:  0.000

CPU: total 16 (initial active 16) (8 cores per cpu, 2 threads per core) family 25 model 80 stepping 0 microcode 0xa500012, cx8, cmov, fxsr, ht, mmx, 3dnowpref, sse, sse2, sse3, ssse3, sse4a, sse4.1, sse4.2, popcnt, lzcnt, tsc, tscinvbit, avx, avx2, aes, erms, clmul, bmi1, bmi2, adx, sha, fma, vzeroupper, clflush, clflushopt, clwb, rdtscp, rdpid, fsrm, f16c, pku, ospke, cet_ss
CPU Model and flags from /proc/cpuinfo:
model name	: AMD Ryzen 7 5800HS with Radeon Graphics
flags		: fpu vme de pse tsc msr pae mce cx8 apic sep mtrr pge mca cmov pat pse36 clflush mmx fxsr sse sse2 ht syscall nx mmxext fxsr_opt pdpe1gb rdtscp lm constant_tsc rep_good nopl xtopology nonstop_tsc cpuid extd_apicid aperfmperf rapl pni pclmulqdq monitor ssse3 fma cx16 sse4_1 sse4_2 movbe popcnt aes xsave avx f16c rdrand lahf_lm cmp_legacy svm extapic cr8_legacy abm sse4a misalignsse 3dnowprefetch osvw ibs skinit wdt tce topoext perfctr_core perfctr_nb bpext perfctr_llc mwaitx cpb cat_l3 cdp_l3 hw_pstate ssbd mba ibrs ibpb stibp vmmcall fsgsbase bmi1 avx2 smep bmi2 erms invpcid cqm rdt_a rdseed adx smap clflushopt clwb sha_ni xsaveopt xsavec xgetbv1 xsaves cqm_llc cqm_occup_llc cqm_mbm_total cqm_mbm_local user_shstk clzero irperf xsaveerptr rdpru wbnoinvd cppc arat npt lbrv svm_lock nrip_save tsc_scale vmcb_clean flushbyasid decodeassists pausefilter pfthreshold avic v_vmsave_vmload vgif v_spec_ctrl umip pku ospke vaes vpclmulqdq rdpid overflow_recov succor smca fsrm debug_swap

Online cpus: 0-15
Offline cpus: 
BIOS frequency limitation: <Not Available>
Frequency switch latency (ns): 0
Available cpu frequencies: <Not Available>
Current governor: powersave
Core performance/turbo boost: 1

Memory: 4k page, physical 15750904k(5611688k free), swap 24652280k(19443296k free)
Page Sizes: 4k

vm_info: OpenJDK 64-Bit Server VM (26.0.2.1) for linux-amd64 JRE (26.0.2.1), built on 2026-08-19T07:23:47Z with gcc 16.2.1 20260810

END.
