#
# A fatal error has been detected by the Java Runtime Environment:
#
#  SIGSEGV (0xb) at pc=0x00007f31e3293b56, pid=1735491, tid=1735609
#
# JRE version: OpenJDK Runtime Environment (26.0.2.1) (build 26.0.2.1)
# Java VM: OpenJDK 64-Bit Server VM (26.0.2.1, mixed mode, sharing, tiered, compressed oops, compressed class ptrs, g1 gc, linux-amd64)
# Problematic frame:
# v  ~StubRoutines::Stub Generator jlong_disjoint_arraycopy_stub 0x00007f31e3293b56
#
# Core dump will be written. Default location: Determined by the following: "/usr/lib/systemd/systemd-coredump %P %u %g %s %t %c %h %d %F %I" (alternatively, falling back to /home/annihilator/dev/NuvioDesktop/waylandHost/core.1735491)
#
# If you would like to submit a bug report, please visit:
#   https://bugreport.java.com/bugreport/crash.jsp
#

---------------  S U M M A R Y ------------

Command Line: -Dnuvio.wayland.libmpv=/home/annihilator/dev/mpv/build/libmpv.so.2 -Dnuvio.wayland.realApp=true -Dnuvio.wayland.videoLog=true -Dnuvio.wayland.webChrome=true -Dorg.lwjgl.util.Debug=false --enable-native-access=ALL-UNNAMED -Dfile.encoding=UTF-8 -Duser.country=GB -Duser.language=en -Duser.variant com.nuvio.wayland.MainKt

Host: AMD Ryzen 7 5800HS with Radeon Graphics, 16 cores, 15G, Arch Linux
Time: Mon Aug 24 00:21:52 2026 BST elapsed time: 255.991082 seconds (0d 0h 4m 15s)

---------------  T H R E A D  ---------------

Current thread (0x00007f31f5b18740):  JavaThread "wpe-glib"  daemon [_thread_in_Java, id=1735609, stack(0x00007f314c1b4000,0x00007f314c2b4000) (1024K)]

Stack: [0x00007f314c1b4000,0x00007f314c2b4000],  sp=0x00007f314c2b0ec0,  free space=1011k
Native frames: (J=compiled Java code, j=interpreted, Vv=VM code, C=native code)
v  ~StubRoutines::Stub Generator jlong_disjoint_arraycopy_stub 0x00007f31e3293b56

siginfo: si_signo: 11 (SIGSEGV), si_code: 1 (SEGV_MAPERR), si_addr: 0x00007f30dd800000

Registers:
RAX=0x00007f30ddf55620, RBX=0x000000070fe11690, RCX=0x00007f30ddb55618, RDX=0xfffffffffff95544
RSP=0x00007f314c2b0ec0, RBP=0x00007f314c2b0ec0, RSI=0x00007f30dd800000, RDI=0x00007f30ddf55618
R8 =0x0000000000000000, R9 =0x00007f30dd800000, R10=0x00007f31e3294500, R11=0x000000070fd1d720
R12=0x0000000000000000, R13=0x000000070fd1d720, R14=0x00007f314c2b0f30, R15=0x00007f31f5b18740
RIP=0x00007f31e3293b56, EFLAGS=0x0000000000010296, CSGSFS=0x002b000000000033, ERR=0x0000000000000006
  TRAPNO=0x000000000000000e

XMM[0]=0xb3000000b3000000 0xb3000000b3000000
XMM[1]=0x0000000000000000 0x00007f314c2b0f00
XMM[2]=0x0000000000000000 0x00007f31e39d7546
XMM[3]=0x0000000000000000 0x0000007300746867
XMM[4]=0x00000000000000a5 0x0000000000000030
XMM[5]=0x0000000000000000 0x0000000000000000
XMM[6]=0x0000000000000002 0x0000000000000002
XMM[7]=0x0000000000000001 0x0000000000000001
XMM[8]=0x0000000000000002 0x0000000000000002
XMM[9]=0xffffffffffffffff 0xffffffffffffffff
XMM[10]=0x0000000000000001 0x0000000000000001
XMM[11]=0x0000000000000000 0xd06cb5dc554bce94
XMM[12]=0x0000000000000000 0x0000000084df18b8
XMM[13]=0x0000000000000000 0x0046004600460023
XMM[14]=0x0000000000000000 0x0022005c002c0022
XMM[15]=0x0000000000000000 0x0000000000000000
  MXCSR=0x00001fa2


Register to memory mapping:

RAX=0x00007f30ddf55620 points into unknown readable memory: 0x0000000000000000 | 00 00 00 00 00 00 00 00
RBX=0x000000070fe11690 is an oop: jdk.internal.misc.Unsafe 
{0x000000070fe11690} - klass: 'jdk/internal/misc/Unsafe' - flags: 

 - ---- fields (total size 2 words):
RCX=0x00007f30ddb55618 is an unknown value
RDX=0xfffffffffff95544 is an unknown value
RSP=0x00007f314c2b0ec0 is pointing into the stack for thread: 0x00007f31f5b18740
RBP=0x00007f314c2b0ec0 is pointing into the stack for thread: 0x00007f31f5b18740
RSI=0x00007f30dd800000 is an unknown value
RDI=0x00007f30ddf55618 points into unknown readable memory: 0xb3000000b3000000 | 00 00 00 b3 00 00 00 b3
R8 =0x0 is null
R9 =0x00007f30dd800000 is an unknown value
R10=0x00007f31e3294500 is at begin+0 in a stub
StubRoutines::Stub Generator unsafe_arraycopy_stub [0x00007f31e3294500, 0x00007f31e3294537] (55 bytes)
R11=0x000000070fd1d720 is an oop: jdk.internal.foreign.GlobalSession 
{0x000000070fd1d720} - klass: 'jdk/internal/foreign/GlobalSession' - flags: 

 - ---- fields (total size 4 words):
 - 'state' 'I' @12  1 (0x00000001)
 - 'acquireCount' 'I' @16  0 (0x00000000)
 - final 'resourceList' 'Ljdk/internal/foreign/MemorySessionImpl$ResourceList;' @20  null (0x00000000)
 - final 'owner' 'Ljava/lang/Thread;' @24  null (0x00000000)
R12=0x0 is null
R13=0x000000070fd1d720 is an oop: jdk.internal.foreign.GlobalSession 
{0x000000070fd1d720} - klass: 'jdk/internal/foreign/GlobalSession' - flags: 

 - ---- fields (total size 4 words):
 - 'state' 'I' @12  1 (0x00000001)
 - 'acquireCount' 'I' @16  0 (0x00000000)
 - final 'resourceList' 'Ljdk/internal/foreign/MemorySessionImpl$ResourceList;' @20  null (0x00000000)
 - final 'owner' 'Ljava/lang/Thread;' @24  null (0x00000000)
R14=0x00007f314c2b0f30 is pointing into the stack for thread: 0x00007f31f5b18740
R15=0x00007f31f5b18740 is a thread

Top of Stack: (sp=0x00007f314c2b0ec0)
0x00007f314c2b0ec0:   00000007107151f8 00007f31e3d8884b   .Qq.....K...1...
0x00007f314c2b0ed0:   00007f3197896240 00007f31a8969f00   @b..1.......1...
0x00007f314c2b0ee0:   0000000000000000 00000000510cc700   ...........Q....
0x00007f314c2b0ef0:   00007f314c2b0f40 00007f31e39d7578   @.+L1...xu..1...
0x00007f314c2b0f00:   0000000700000006 00000007107b7580   .........u{.....
0x00007f314c2b0f10:   00007f314c2b11d0 00007f314c2b11c8   ..+L1.....+L1...
0x00007f314c2b0f20:   00007f31fc62f7b2 00007f31f5b18740   ..b.1...@...1...
0x00007f314c2b0f30:   000000070fff1d18 00007f31fd3723f6   .........#7.1...
0x00007f314c2b0f40:   00000007107151f8 00007f31dce9648c   .Qq......d..1...
0x00007f314c2b0f50:   0000000000000226 00007f319789ad3c   &.......<...1...
0x00007f314c2b0f60:   00007f314c2b0001 00007f319789be26   ..+L1...&...1...
0x00007f314c2b0f70:   0000000700000100 00007f3197896240   ........@b..1...
0x00007f314c2b0f80:   0000005900000007 00007f319789a540   ....Y...@...1...
0x00007f314c2b0f90:   00007f31b5912770 0000000000000008   p'..1...........
0x00007f314c2b0fa0:   00007f319789ca10 00007f319789beaf   ....1.......1...
0x00007f314c2b0fb0:   0000000000000000 0000000000000000   ................
0x00007f314c2b0fc0:   00007f31b59e40b0 00007f31b5912770   .@..1...p'..1...
0x00007f314c2b0fd0:   00007f314c2b1020 fb1f129ce2258200    .+L1.....%.....
0x00007f314c2b0fe0:   00007f314c2b1220 00007f31f49a1740    .+L1...@...1...
0x00007f314c2b0ff0:   00007f314c2b1010 00007f31fd294630   ..+L1...0F).1...
0x00007f314c2b1000:   00007f31b5c79320 00007f314c2b11c7    ...1.....+L1...
0x00007f314c2b1010:   00007f314c2b1150 00007f31fd506479   P.+L1...ydP.1...
0x00007f314c2b1020:   00007f314c2b10a0 000000009789e73c   ..+L1...<.......
0x00007f314c2b1030:   0000000000000000 00007f314c2b1220   ........ .+L1...
0x00007f314c2b1040:   00007f31fd294610 00007f314c2b1160   .F).1...`.+L1...
0x00007f314c2b1050:   00000000f5b18740 00007f31f5b18fe0   @...........1...
0x00007f314c2b1060:   00007f314c2b1160 00007f314c2b105c   `.+L1...\.+L1...
0x00007f314c2b1070:   00007f314c2b11c7 c34375fb4a5b7f9b   ..+L1.....[J.uC.
0x00007f314c2b1080:   00007f314c2b11d0 00007f314c2b11c8   ..+L1.....+L1...
0x00007f314c2b1090:   00007f31f49a1740 00007f31f5b18740   @...1...@...1...
0x00007f314c2b10a0:   c34375fb48bb7f9b c342170da0557f9b   ...H.uC...U...B.
0x00007f314c2b10b0:   0000003000000010 00007f314c2b1250   ....0...P.+L1...

Instructions: (pc=0x00007f31e3293b56)
  0x00007f31e3293a56:   d6 e8 48 83 c2 08 7e e2 48 83 ea 04 0f 8f 10 00
  0x00007f31e3293a66:   00 00 c5 fe 6f 44 d7 e8 c5 fe 7f 44 d6 e8 48 83
  0x00007f31e3293a76:   c2 04 48 83 ea 04 7c 9e eb ab 55 48 8b ec 48 3b
  0x00007f31e3293a86:   f7 48 8d 04 97 0f 86 73 ff ff ff 48 3b f0 0f 83
  0x00007f31e3293a96:   6a ff ff ff 48 8b ca 48 d1 ea f6 c1 01 0f 84 3d
  0x00007f31e3293aa6:   00 00 00 8b 44 8f fc 89 44 8e fc e9 30 00 00 00
  0x00007f31e3293ab6:   48 8b 44 d7 f8 48 89 44 d6 f8 48 ff ca 75 f1 48
  0x00007f31e3293ac6:   33 c0 c5 f8 77 c9 c3 66 66 90 c5 fe 6f 44 d7 20
  0x00007f31e3293ad6:   c5 fe 7f 44 d6 20 c5 fe 6f 04 d7 c5 fe 7f 04 d6
  0x00007f31e3293ae6:   48 83 ea 08 7d e4 48 83 c2 04 0f 8c 0e 00 00 00
  0x00007f31e3293af6:   c5 fe 6f 04 d7 c5 fe 7f 04 d6 48 83 ea 04 48 83
  0x00007f31e3293b06:   c2 04 7f ac 48 33 c0 c5 f8 77 c9 c3 0f 1f 80 00
  0x00007f31e3293b16:   00 00 00 0f 1f 80 00 00 00 00 55 48 8b ec 48 8d
  0x00007f31e3293b26:   7c d7 f8 48 8d 4c d6 f8 48 f7 da e9 32 00 00 00
  0x00007f31e3293b36:   48 8b 44 d7 08 48 89 44 d1 08 48 ff c2 75 f1 48
  0x00007f31e3293b46:   33 c0 c5 f8 77 c9 c3 66 66 90 c5 fe 6f 44 d7 c8
=>0x00007f31e3293b56:   c5 fe 7f 44 d1 c8 c5 fe 6f 44 d7 e8 c5 fe 7f 44
  0x00007f31e3293b66:   d1 e8 48 83 c2 08 7e e2 48 83 ea 04 0f 8f 10 00
  0x00007f31e3293b76:   00 00 c5 fe 6f 44 d7 e8 c5 fe 7f 44 d1 e8 48 83
  0x00007f31e3293b86:   c2 04 48 83 ea 04 7c a8 c5 f8 77 48 33 c0 c9 c3
  0x00007f31e3293b96:   66 66 0f 1f 84 00 00 00 00 00 55 48 8b ec 48 3b
  0x00007f31e3293ba6:   f7 48 8d 04 d7 0f 86 73 ff ff ff 48 3b f0 0f 83
  0x00007f31e3293bb6:   6a ff ff ff e9 37 00 00 00 48 8b 44 d7 f8 48 89
  0x00007f31e3293bc6:   44 d6 f8 48 ff ca 75 f1 48 33 c0 c5 f8 77 c9 c3
  0x00007f31e3293bd6:   66 66 0f 1f 84 00 00 00 00 00 c5 fe 6f 44 d7 20
  0x00007f31e3293be6:   c5 fe 7f 44 d6 20 c5 fe 6f 04 d7 c5 fe 7f 04 d6
  0x00007f31e3293bf6:   48 83 ea 08 7d e4 48 83 c2 04 0f 8c 0e 00 00 00
  0x00007f31e3293c06:   c5 fe 6f 04 d7 c5 fe 7f 04 d6 48 83 ea 04 48 83
  0x00007f31e3293c16:   c2 04 7f a5 c5 f8 77 48 33 c0 c9 c3 66 66 66 0f
  0x00007f31e3293c26:   1f 84 00 00 00 00 00 66 66 0f 1f 84 00 00 00 00
  0x00007f31e3293c36:   00 66 0f 1f 84 00 00 00 00 00 55 48 8b ec 4c 8b
  0x00007f31e3293c46:   de 41 80 7f 48 00 0f 84 8a 00 00 00 48 83 ec 50


Stack slot to memory mapping:

stack at sp + 0 slots: 0x00000007107151f8 is an oop: java.lang.invoke.MethodType 
{0x00000007107151f8} - klass: 'java/lang/invoke/MethodType' - flags: 

 - ---- fields (total size 5 words):
 - private final 'rtype' 'Ljava/lang/Class;' @12  a 'java/lang/Class'{0x000000070ff9ff48} = void (0xe1ff3fe9)
 - private final 'ptypes' '[Ljava/lang/Class;' @16  a 'java/lang/Class'[2] {0x0000000710d4df90} (0xe21a9bf2)
 - private 'form' 'Ljava/lang/invoke/MethodTypeForm;' @20  a 'java/lang/invoke/MethodTypeForm'{0x0000000710d4dfa8} (0xe21a9bf5)
 - private 'wrapAlt' 'Ljava/lang/Object;' @24  null (0x00000000)
 - private 'invokers' 'Ljava/lang/invoke/Invokers;' @28  a 'java/lang/invoke/Invokers'{0x0000000710d4e428} (0xe21a9c85)
 - private 'methodDescriptor' 'Ljava/lang/String;' @32  null (0x00000000)
 - signature: (JJ)V
stack at sp + 1 slots: 0x00007f31e3d8884b is at entry_point+201 in (nmethod*)0x00007f31e3d88688
Compiled method (c2) 255996 9545       4       jdk.internal.misc.Unsafe::copyMemory (33 bytes)
 total in heap  [0x00007f31e3d88688,0x00007f31e3d88a40] = 952
 main code      [0x00007f31e3d88780,0x00007f31e3d88a38] = 696
 stub code      [0x00007f31e3d88a38,0x00007f31e3d88a40] = 8
 mutable data [0x00007f31ace59150,0x00007f31ace591d0] = 128
 relocation     [0x00007f31ace59150,0x00007f31ace59180] = 48
 metadata       [0x00007f31ace59180,0x00007f31ace591d0] = 80
 immutable data [0x00007f31ace58e60,0x00007f31ace5913c] = 732
 dependencies   [0x00007f31ace58e60,0x00007f31ace58e78] = 24
 nul chk table  [0x00007f31ace58e78,0x00007f31ace58e90] = 24
 scopes pcs     [0x00007f31ace58e90,0x00007f31ace58f20] = 144
 scopes data    [0x00007f31ace58f20,0x00007f31ace59138] = 536
0x00007f31e3d887aa:   48 8b c6 33 f6 4c 8b d7 48 85 ff 0f 8c af 00 00
0x00007f31e3d887ba:   00 48 85 d2 74 2e 48 85 c9 0f 8c eb 00 00 00 8b
0x00007f31e3d887ca:   5a 08 41 bb 00 00 00 50 4c 03 db 4d 8b 5b 70 4d
0x00007f31e3d887da:   8b 1b 41 8b 5b 4c 41 0f b6 6c dc 2c 85 ed 0f 84
0x00007f31e3d887ea:   56 01 00 00 4d 85 c0 74 2f 4d 85 c9 0f 8c 00 01
0x00007f31e3d887fa:   00 00 41 8b 58 08 41 bb 00 00 00 50 4c 03 db 4d
0x00007f31e3d8880a:   8b 5b 70 4d 8b 1b 45 8b 5b 4c 43 0f b6 6c dc 2c
0x00007f31e3d8881a:   85 ed 0f 84 5a 01 00 00 48 85 ff 74 33 48 8b fa
0x00007f31e3d8882a:   49 8b f0 48 03 f9 49 03 f1 41 c6 87 20 05 00 00
0x00007f31e3d8883a:   01 49 8b d2 49 ba 00 45 29 e3 31 7f 00 00 41 ff
0x00007f31e3d8884a:   d2 0f 1f 84 00 00 00 00 00 45 88 a7 20 05 00 00
0x00007f31e3d8885a:   48 83 c4 70 5d 
stack at sp + 2 slots: 0x00007f3197896240: <offset 0x0000000000001240> in /usr/lib/libwayland-server.so.0 at 0x00007f3197895000
stack at sp + 3 slots: 0x00007f31a8969f00 is pointing into metadata
stack at sp + 4 slots: 0x0 is null
stack at sp + 5 slots: 0x00000000510cc700 is a pointer to class: 
jdk.internal.foreign.NativeMemorySegmentImpl {0x00000000510cc700}
 - instance size:     5
 - klass size:        270
 - access:            public synchronized 
 - flags:             rewritten has_nonstatic_fields has_nonstatic_concrete_methods defined_by_boot_loader has_localvariable_table has_miranda_methods has_final_method 
 - state:             fully_initialized
 - name:              'jdk/internal/foreign/NativeMemorySegmentImpl'
 - super:             'jdk/internal/foreign/AbstractMemorySegmentImpl'
 - sub:               
 - arrays:            null
 - methods:           Array<T>(0x00007f31a8776e30)
 - method ordering:   Array<T>(0x0000000050704a98)
 - default_methods:   Array<T>(0x00007f31a8784130)
 - default vtable indices:   Array<T>(0x00007f31a87841e0)
 - local interfaces:  Array<T>(0x00000000506832d8)
 - trans. interfaces: Array<T>(0x00007f31a8779d80)
 - secondary supers: Array<T>(0x00007f31a8784118)
 - hash_slot:         47
 - secondary bitmap: 0x0000000008000080
 - constants:         constant pool [98] {0x00007f31a8776a88} for 'jdk/internal/foreign/NativeMemorySegmentImpl' cache=0x00007f31a87855f8
 - class loader data:  loader data: 0x00007f31f40e7090 of 'bootstrap'
 - source file:       'NativeMemorySegmentImpl.java'
 - inner classes:     Array<T>(0x00000000506832d0)
 - nest members:     Array<T>(0x00000000506832d0)
 - permitted subclasses:     Array<T>(0x00007f31a8777720)
 - java mirror:       a 'java/lang/Class'{0x000000070fd8c9e8} = 'jdk/internal/foreign/NativeMemorySegmentImpl'
 - vtable length      105  (start addr: 0x00000000510cc8d8)
 - itable length      105 (start addr: 0x00000000510ccc20)
 - ---- static fields (0 words):
 - ---- non-static fields (7 words):
 - final 'readOnly' 'Z' @12 
 - final 'length' 'J' @16 
 - final 'scope' 'Ljdk/internal/foreign/MemorySessionImpl;' @24 
 - final 'min' 'J' @32 
 - non-static oop maps (1 entries): 24-24 
stack at sp + 6 slots: 0x00007f314c2b0f40 is pointing into the stack for thread: 0x00007f31f5b18740
stack at sp + 7 slots: 0x00007f31e39d7578 is at entry_point+120 in (nmethod*)0x00007f31e39d7408
Compiled method (n/a) 255997  847     n 0       jdk.internal.reflect.Reflection::getCallerClass (native)
 total in heap  [0x00007f31e39d7408,0x00007f31e39d7850] = 1096
 main code      [0x00007f31e39d7500,0x00007f31e39d784b] = 843
 stub code      [0x00007f31e39d784b,0x00007f31e39d7850] = 5
 mutable data [0x00007f31f47a1210,0x00007f31f47a1230] = 32
 relocation     [0x00007f31f47a1210,0x00007f31f47a1230] = 32
0x00007f31e39d752f:   49 be 18 1d ff 0f 07 00 00 00 4c 89 74 24 30 4c
0x00007f31e39d753f:   8d 74 24 30 49 8b f6 c5 f8 77 49 ba 46 75 9d e3
0x00007f31e39d754f:   31 7f 00 00 4d 89 97 70 04 00 00 49 89 a7 68 04
0x00007f31e39d755f:   00 00 49 8d bf 88 04 00 00 41 c7 87 04 05 00 00
0x00007f31e39d756f:   04 00 00 00 e8 18 54 a6 19 c5 f8 77 41 c7 87 04
0x00007f31e39d757f:   05 00 00 05 00 00 00 f0 83 44 24 c0 00 49 3b 6f
0x00007f31e39d758f:   28 0f 87 0e 00 00 00 41 83 bf 00 05 00 00 00 0f
0x00007f31e39d759f:   84 24 00 00 00 c5 f8 77 48 89 45 f8 49 8b ff 4c
0x00007f31e39d75af:   8b e4 48 83 ec 00 48 83 e4 f0 

Lock stack of current Java thread (top to bottom):

StubRoutines::Stub Generator jlong_disjoint_arraycopy_stub [0x00007f31e3293b20, 0x00007f31e3293b96] (118 bytes)

Loading hsdis library failed, undisassembled code is shown in MachCode section
[MachCode]
  0x00007f31e3293b20: 5548 8bec | 488d 7cd7 | f848 8d4c | d6f8 48f7 | dae9 3200 | 0000 488b | 44d7 0848 | 8944 d108 
  0x00007f31e3293b40: 48ff c275 | f148 33c0 | c5f8 77c9 | c366 6690 | c5fe 6f44 | d7c8 c5fe | 7f44 d1c8 | c5fe 6f44 
  0x00007f31e3293b60: d7e8 c5fe | 7f44 d1e8 | 4883 c208 | 7ee2 4883 | ea04 0f8f | 1000 0000 | c5fe 6f44 | d7e8 c5fe 
  0x00007f31e3293b80: 7f44 d1e8 | 4883 c204 | 4883 ea04 | 7ca8 c5f8 | 7748 33c0 | 
[/MachCode]

---------------  P R O C E S S  ---------------

Threads class SMR info:
_java_thread_list=0x00007f31bc0e27e0, length=55, elements={
0x00007f31f401ff40, 0x00007f31f4108900, 0x00007f31f4109900, 0x00007f31f410ac50,
0x00007f31f410c360, 0x00007f31f410dbb0, 0x00007f31f410fe10, 0x00007f31f41117e0,
0x00007f31f41530f0, 0x00007f31f4155b60, 0x00007f31f4669220, 0x00007f31f5445b30,
0x00007f31f5446a30, 0x00007f31f54480f0, 0x00007f31f5449990, 0x0000558eec736e30,
0x0000558eecc09530, 0x0000558eecc09f70, 0x00007f31a012bc80, 0x00007f31a0135bf0,
0x00007f31f5948410, 0x00007f31f5b18740, 0x00007f31b0090c20, 0x00007f31a0811520,
0x00007f31b80aa190, 0x00007f31b03287d0, 0x00007f31c81b34e0, 0x00007f31d40072e0,
0x00007f31b80ad130, 0x00007f319cf225b0, 0x00007f31c00a7cd0, 0x00007f31981ac7b0,
0x00007f31981b0570, 0x00007f31981bbf10, 0x00007f31b8047080, 0x00007f31b0145890,
0x00007f31b59c0ab0, 0x00007f31a0cb5880, 0x0000558eee602670, 0x0000558eee6053d0,
0x00007f31c04db890, 0x00007f31c04dd9c0, 0x00007f31c40249f0, 0x00007f31c81be870,
0x00007f31b59bd520, 0x00007f31b59beeb0, 0x00007f31c81c04a0, 0x00007f31b59c6b90,
0x00007f31c04dfc50, 0x00007f31c81f6860, 0x00007f31c00deab0, 0x00007f31b58a06f0,
0x00007f31a0b9b680, 0x00007f31b820d940, 0x00007f319dc47b30
}

Java Threads: ( => current thread )
  0x00007f31f401ff40 JavaThread "main"                              [_thread_blocked, id=1735492, stack(0x00007f31fbd00000,0x00007f31fbe00000) (1024K)]
  0x00007f31f4108900 JavaThread "Reference Handler"          daemon [_thread_blocked, id=1735505, stack(0x00007f31d80e7000,0x00007f31d81e7000) (1024K)]
  0x00007f31f4109900 JavaThread "Finalizer"                  daemon [_thread_blocked, id=1735506, stack(0x00007f31cddff000,0x00007f31cdeff000) (1024K)]
  0x00007f31f410ac50 JavaThread "Signal Dispatcher"          daemon [_thread_blocked, id=1735507, stack(0x00007f31cdcfe000,0x00007f31cddfe000) (1024K)]
  0x00007f31f410c360 JavaThread "Service Thread"             daemon [_thread_blocked, id=1735508, stack(0x00007f31cd900000,0x00007f31cda00000) (1024K)]
  0x00007f31f410dbb0 JavaThread "Monitor Deflation Thread"   daemon [_thread_blocked, id=1735509, stack(0x00007f31cd7ff000,0x00007f31cd8ff000) (1024K)]
  0x00007f31f410fe10 JavaThread "C2 CompilerThread0"         daemon [_thread_blocked, id=1735510, stack(0x00007f31cd6fe000,0x00007f31cd7fe000) (1024K)]
  0x00007f31f41117e0 JavaThread "C1 CompilerThread0"         daemon [_thread_blocked, id=1735511, stack(0x00007f31cd5fd000,0x00007f31cd6fd000) (1024K)]
  0x00007f31f41530f0 JavaThread "Notification Thread"        daemon [_thread_blocked, id=1735518, stack(0x00007f31cd3fb000,0x00007f31cd4fb000) (1024K)]
  0x00007f31f4155b60 JavaThread "Common-Cleaner"             daemon [_thread_blocked, id=1735519, stack(0x00007f31cd2fa000,0x00007f31cd3fa000) (1024K)]
  0x00007f31f4669220 JavaThread "InnocuousThread-1"          daemon [_thread_blocked, id=1735525, stack(0x00007f31cd0f8000,0x00007f31cd1f8000) (1024K)]
  0x00007f31f5445b30 JavaThread "Java2D Disposer"            daemon [_thread_blocked, id=1735531, stack(0x00007f31cccf4000,0x00007f31ccdf4000) (1024K)]
  0x00007f31f5446a30 JavaThread "AWT-XAWT"                   daemon [_thread_in_native, id=1735532, stack(0x00007f317d5ee000,0x00007f317d6ee000) (1024K)]
  0x00007f31f54480f0 JavaThread "AWT-Shutdown"                      [_thread_blocked, id=1735533, stack(0x00007f317d4ed000,0x00007f317d5ed000) (1024K)]
  0x00007f31f5449990 JavaThread "AWT-EventQueue-0"                  [_thread_blocked, id=1735534, stack(0x00007f317cf89000,0x00007f317d089000) (1024K)]
  0x0000558eec736e30 JavaThread "Reference Cleaner"          daemon [_thread_blocked, id=1735542, stack(0x00007f317cbdb000,0x00007f317ccdb000) (1024K)]
  0x0000558eecc09530 JavaThread "DefaultDispatcher-worker-1" daemon [_thread_blocked, id=1735544, stack(0x00007f3178700000,0x00007f3178800000) (1024K)]
  0x0000558eecc09f70 JavaThread "DefaultDispatcher-worker-2" daemon [_thread_blocked, id=1735545, stack(0x00007f31785ff000,0x00007f31786ff000) (1024K)]
  0x00007f31a012bc80 JavaThread "DefaultDispatcher-worker-3" daemon [_thread_blocked, id=1735546, stack(0x00007f31784fe000,0x00007f31785fe000) (1024K)]
  0x00007f31a0135bf0 JavaThread "kotlinx.coroutines.DefaultExecutor" daemon [_thread_blocked, id=1735551, stack(0x00007f3177ff9000,0x00007f31780f9000) (1024K)]
  0x00007f31f5948410 JavaThread "TimerQueue"                 daemon [_thread_blocked, id=1735580, stack(0x00007f315dc6d000,0x00007f315dd6d000) (1024K)]
=>0x00007f31f5b18740 JavaThread "wpe-glib"                   daemon [_thread_in_Java, id=1735609, stack(0x00007f314c1b4000,0x00007f314c2b4000) (1024K)]
  0x00007f31b0090c20 JavaThread "DefaultDispatcher-worker-5" daemon [_thread_blocked, id=1735708, stack(0x00007f3139cff000,0x00007f3139dff000) (1024K)]
  0x00007f31a0811520 JavaThread "DefaultDispatcher-worker-6" daemon [_thread_blocked, id=1735711, stack(0x00007f30f06f3000,0x00007f30f07f3000) (1024K)]
  0x00007f31b80aa190 JavaThread "DefaultDispatcher-worker-9" daemon [_thread_blocked, id=1735714, stack(0x00007f30f03f0000,0x00007f30f04f0000) (1024K)]
  0x00007f31b03287d0 JavaThread "OkHttp api.tiffara.com"     daemon [_thread_in_native, id=1735716, stack(0x00007f30f01ee000,0x00007f30f02ee000) (1024K)]
  0x00007f31c81b34e0 JavaThread "OkHttp aiometadata.viren070.me" daemon [_thread_in_native, id=1735728, stack(0x00007f30efdea000,0x00007f30efeea000) (1024K)]
  0x00007f31d40072e0 JavaThread "OkHttp aiostreams.int.itsjustfun.xyz" daemon [_thread_in_native, id=1735729, stack(0x00007f30ef900000,0x00007f30efa00000) (1024K)]
  0x00007f31b80ad130 JavaThread "DefaultDispatcher-worker-13" daemon [_thread_blocked, id=1735730, stack(0x00007f30ef7ff000,0x00007f30ef8ff000) (1024K)]
  0x00007f319cf225b0 JavaThread "DefaultDispatcher-worker-14" daemon [_thread_blocked, id=1735731, stack(0x00007f30ef6fe000,0x00007f30ef7fe000) (1024K)]
  0x00007f31c00a7cd0 JavaThread "DefaultDispatcher-worker-4" daemon [_thread_blocked, id=1735733, stack(0x00007f30ef4fc000,0x00007f30ef5fc000) (1024K)]
  0x00007f31981ac7b0 JavaThread "DefaultDispatcher-worker-15" daemon [_thread_blocked, id=1735734, stack(0x00007f30ef3fb000,0x00007f30ef4fb000) (1024K)]
  0x00007f31981b0570 JavaThread "DefaultDispatcher-worker-11" daemon [_thread_blocked, id=1735735, stack(0x00007f30ef2fa000,0x00007f30ef3fa000) (1024K)]
  0x00007f31981bbf10 JavaThread "DefaultDispatcher-worker-12" daemon [_thread_blocked, id=1735736, stack(0x00007f30ef1f9000,0x00007f30ef2f9000) (1024K)]
  0x00007f31b8047080 JavaThread "DefaultDispatcher-worker-16" daemon [_thread_blocked, id=1735766, stack(0x00007f30f0bf4000,0x00007f30f0cf4000) (1024K)]
  0x00007f31b0145890 JavaThread "DefaultDispatcher-worker-10" daemon [_thread_blocked, id=1735767, stack(0x00007f30eeaa1000,0x00007f30eeba1000) (1024K)]
  0x00007f31b59c0ab0 JavaThread "DefaultDispatcher-worker-7" daemon [_thread_blocked, id=1735769, stack(0x00007f30ee89f000,0x00007f30ee99f000) (1024K)]
  0x00007f31a0cb5880 JavaThread "DefaultDispatcher-worker-8" daemon [_thread_blocked, id=1735771, stack(0x00007f30ee69d000,0x00007f30ee79d000) (1024K)]
  0x0000558eee602670 JavaThread "VirtualThread-unblocker"    daemon [_thread_blocked, id=1735777, stack(0x00007f30ee59c000,0x00007f30ee69c000) (1024K)]
  0x0000558eee6053d0 JavaThread "ForkJoinPool-1-worker-1"    daemon [_thread_blocked, id=1735778, stack(0x00007f30ee49b000,0x00007f30ee59b000) (1024K)]
  0x00007f31c04db890 JavaThread "MasterPoller"               daemon [_thread_in_native, id=1735779, stack(0x00007f30ee39a000,0x00007f30ee49a000) (1024K)]
  0x00007f31c04dd9c0 JavaThread "ForkJoinPool-1-worker-2"    daemon [_thread_blocked, id=1735780, stack(0x00007f30ee299000,0x00007f30ee399000) (1024K)]
  0x00007f31c40249f0 JavaThread "ForkJoinPool-1-worker-3"    daemon [_thread_blocked, id=1735781, stack(0x00007f30ee198000,0x00007f30ee298000) (1024K)]
  0x00007f31c81be870 JavaThread "ForkJoinPool-1-worker-4"    daemon [_thread_blocked, id=1735782, stack(0x00007f30ee097000,0x00007f30ee197000) (1024K)]
  0x00007f31b59bd520 JavaThread "ForkJoinPool-1-worker-5"    daemon [_thread_blocked, id=1735783, stack(0x00007f30e9f00000,0x00007f30ea000000) (1024K)]
  0x00007f31b59beeb0 JavaThread "ForkJoinPool-1-worker-6"    daemon [_thread_blocked, id=1735784, stack(0x00007f30e9dff000,0x00007f30e9eff000) (1024K)]
  0x00007f31c81c04a0 JavaThread "ForkJoinPool-1-worker-7"    daemon [_thread_blocked, id=1735785, stack(0x00007f30e9cfe000,0x00007f30e9dfe000) (1024K)]
  0x00007f31b59c6b90 JavaThread "ForkJoinPool-1-worker-8"    daemon [_thread_blocked, id=1735786, stack(0x00007f30e9bfd000,0x00007f30e9cfd000) (1024K)]
  0x00007f31c04dfc50 JavaThread "ForkJoinPool-1-delayScheduler" daemon [_thread_blocked, id=1735787, stack(0x00007f30e9afc000,0x00007f30e9bfc000) (1024K)]
  0x00007f31c81f6860 JavaThread "OkHttp arm.haglund.dev"     daemon [_thread_in_native, id=1736836, stack(0x00007f314a8e7000,0x00007f314a9e7000) (1024K)]
  0x00007f31c00deab0 JavaThread "OkHttp TaskRunner"          daemon [_thread_blocked, id=1736838, stack(0x00007f30ef5fd000,0x00007f30ef6fd000) (1024K)]
  0x00007f31b58a06f0 JavaThread "OkHttp api.aniskip.com"     daemon [_thread_in_native, id=1736840, stack(0x00007f30ef0f8000,0x00007f30ef1f8000) (1024K)]
  0x00007f31a0b9b680 JavaThread "DefaultDispatcher-worker-17" daemon [_thread_blocked, id=1737770, stack(0x00007f30f00ed000,0x00007f30f01ed000) (1024K)]
  0x00007f31b820d940 JavaThread "DefaultDispatcher-worker-18" daemon [_thread_blocked, id=1737771, stack(0x00007f314ac81000,0x00007f314ad81000) (1024K)]
  0x00007f319dc47b30 JavaThread "HttpClient-2-Worker-0"      daemon [_thread_blocked, id=1737843, stack(0x00007f31cd4fc000,0x00007f31cd5fc000) (1024K)]
Total: 55

Other Threads:
  0x00007f31f40ff7f0 VMThread "VM Thread"                           [id=1735504, stack(0x00007f31f3f00000,0x00007f31f4000000) (1024K)]
  0x00007f31f40edc00 WatcherThread "VM Periodic Task Thread"        [id=1735503, stack(0x00007f31cdf00000,0x00007f31ce000000) (1024K)]
  0x00007f31f406e3f0 WorkerThread "GC Thread#0"                     [id=1735493, stack(0x00007f31f9261000,0x00007f31f9361000) (1024K)]
  0x00007f31b4009fd0 WorkerThread "GC Thread#1"                     [id=1735522, stack(0x00007f31ccff7000,0x00007f31cd0f7000) (1024K)]
  0x00007f31b400f360 WorkerThread "GC Thread#2"                     [id=1735547, stack(0x00007f31783fd000,0x00007f31784fd000) (1024K)]
  0x00007f31b400fe80 WorkerThread "GC Thread#3"                     [id=1735548, stack(0x00007f31782fc000,0x00007f31783fc000) (1024K)]
  0x00007f31b4010f20 WorkerThread "GC Thread#4"                     [id=1735549, stack(0x00007f31781fb000,0x00007f31782fb000) (1024K)]
  0x00007f31b4011c80 WorkerThread "GC Thread#5"                     [id=1735550, stack(0x00007f31780fa000,0x00007f31781fa000) (1024K)]
  0x00007f31b41dfc70 WorkerThread "GC Thread#6"                     [id=1735567, stack(0x00007f315de7f000,0x00007f315df7f000) (1024K)]
  0x00007f31b583eb40 WorkerThread "GC Thread#7"                     [id=1735573, stack(0x00007f315dd7e000,0x00007f315de7e000) (1024K)]
  0x00007f31b583e5d0 WorkerThread "GC Thread#8"                     [id=1735600, stack(0x00007f314c8bb000,0x00007f314c9bb000) (1024K)]
  0x00007f31b58394f0 WorkerThread "GC Thread#9"                     [id=1735601, stack(0x00007f314c7ba000,0x00007f314c8ba000) (1024K)]
  0x00007f31b5841580 WorkerThread "GC Thread#10"                    [id=1735602, stack(0x00007f314c6b9000,0x00007f314c7b9000) (1024K)]
  0x00007f31b5842430 WorkerThread "GC Thread#11"                    [id=1735603, stack(0x00007f314c5b8000,0x00007f314c6b8000) (1024K)]
  0x00007f31b5843ab0 WorkerThread "GC Thread#12"                    [id=1735605, stack(0x00007f314c4b7000,0x00007f314c5b7000) (1024K)]
  0x00007f31f40864e0 ConcurrentGCThread "G1 Main Marker"            [id=1735494, stack(0x00007f31f9160000,0x00007f31f9260000) (1024K)]
  0x00007f31f4087670 WorkerThread "G1 Conc#0"                       [id=1735495, stack(0x00007f31f905f000,0x00007f31f915f000) (1024K)]
  0x00007f31d4000cc0 WorkerThread "G1 Conc#1"                       [id=1735523, stack(0x00007f31ccef6000,0x00007f31ccff6000) (1024K)]
  0x00007f31d40019d0 WorkerThread "G1 Conc#2"                       [id=1735524, stack(0x00007f31ccdf5000,0x00007f31ccef5000) (1024K)]
  0x00007f31f40dde90 WorkerThread "G1 Refinement Workers#0"         [id=1735497, stack(0x00007f31f8150000,0x00007f31f8250000) (1024K)]
  0x00007f31f40dcc30 ConcurrentGCThread "G1 Refine Control"         [id=1735496, stack(0x00007f31f8251000,0x00007f31f8351000) (1024K)]
  0x00007f31f40def90 ConcurrentGCThread "G1 Service"                [id=1735498, stack(0x00007f31f804f000,0x00007f31f814f000) (1024K)]
Total: 22

Threads with active compile tasks:
Total: 0

VM state: not at safepoint (normal execution)

VM Mutex/Monitor currently owned by a thread: None

Heap address: 0x000000070fa00000, size: 3846 MB, Compressed Oops mode: Zero based, Oop shift amount: 3

CDS archive(s) mapped at: [0x0000000050000000-0x0000000050da7000-0x0000000050da7000), size 14315520, SharedBaseAddress: 0x0000000050000000, ArchiveRelocationMode: 1.
Compressed class space mapped at: 0x0000000051000000-0x0000000091000000, reserved size: 1073741824
UseCompressedClassPointers 1, UseCompactObjectHeaders 0
Narrow klass pointer bits 32, Max shift 3
Narrow klass base: 0x0000000050000000, Narrow klass shift: 0
Encoding Range: [0x0000000050000000 - 0x0000000150000000), (4294967296 bytes)
Klass Range:    [0x0000000050000000 - 0x0000000091000000), (1090519040 bytes)
Klass ID Range:  [8 - 1090519033) (1090519025)
Protection zone: [0x0000000050000000 - 0x0000000050001000), (4096 bytes)

GC Precious Log:
 CardTable entry size: 512
 Card Set container configuration: InlinePtr #cards 4 size 8 Array Of Cards #cards 16 size 48 Howl #buckets 8 coarsen threshold 3686 Howl Bitmap #cards 512 size 80 coarsen threshold 460 Card regions per heap region 1 cards per card region 4096
 CPUs: 16 total, 16 available
 Memory: 15381M
 Large Page Support: Disabled
 NUMA Support: Disabled
 Compressed Oops: Enabled (Zero based)
 Heap Region Size: 2M
 Heap Min Capacity: 8M
 Heap Initial Capacity: 8M
 Heap Max Capacity: 3846M
 Pre-touch: Disabled
 Parallel Workers: 13
 Concurrent Workers: 3
 Concurrent Refinement Workers: 13
 Periodic GC: Disabled

Heap:
 garbage-first heap   total reserved 3938304K, committed 442368K, used 238791K [0x000000070fa00000, 0x0000000800000000)
  region size 2M, 95 eden (190M), 4 survivor (8M), 18 old (36M), 1 humongous (2M), 98 free (196M)

Heap Regions: E=young(eden), S=young(survivor), O=old, HS=humongous(starts), HC=humongous(continues), CS=collection set, F=free, TAMS=top-at-mark-start, PB=parsable bottom
|    0|0x000000070fa00000, 0x000000070fc00000, 0x000000070fc00000|100%|HS|  |TAMS 0x000000070fa00000| PB 0x000000070fa00000| Complete  |  0
|    1|0x000000070fc00000, 0x000000070fe00000, 0x000000070fe00000|100%| O|  |TAMS 0x000000070fc00000| PB 0x000000070fc00000| Untracked |  0
|    2|0x000000070fe00000, 0x0000000710000000, 0x0000000710000000|100%| O|  |TAMS 0x000000070fe00000| PB 0x000000070fe00000| Untracked |  0
|    3|0x0000000710000000, 0x0000000710200000, 0x0000000710200000|100%| O|  |TAMS 0x0000000710000000| PB 0x0000000710000000| Untracked |  0
|    4|0x0000000710200000, 0x0000000710400000, 0x0000000710400000|100%| O|  |TAMS 0x0000000710200000| PB 0x0000000710200000| Untracked |  0
|    5|0x0000000710400000, 0x0000000710600000, 0x0000000710600000|100%| O|  |TAMS 0x0000000710400000| PB 0x0000000710400000| Untracked |  0
|    6|0x0000000710600000, 0x0000000710800000, 0x0000000710800000|100%| O|  |TAMS 0x0000000710600000| PB 0x0000000710600000| Untracked |  0
|    7|0x0000000710800000, 0x0000000710a00000, 0x0000000710a00000|100%| O|  |TAMS 0x0000000710800000| PB 0x0000000710800000| Untracked |  0
|    8|0x0000000710a00000, 0x0000000710c00000, 0x0000000710c00000|100%| O|  |TAMS 0x0000000710a00000| PB 0x0000000710a00000| Untracked |  0
|    9|0x0000000710c00000, 0x0000000710e00000, 0x0000000710e00000|100%| O|  |TAMS 0x0000000710c00000| PB 0x0000000710c00000| Untracked |  0
|   10|0x0000000710e00000, 0x0000000711000000, 0x0000000711000000|100%| O|  |TAMS 0x0000000710e00000| PB 0x0000000710e00000| Untracked |  0
|   11|0x0000000711000000, 0x0000000711000000, 0x0000000711200000|  0%| F|  |TAMS 0x0000000711000000| PB 0x0000000711000000| Untracked |  0
|   12|0x0000000711200000, 0x0000000711200000, 0x0000000711400000|  0%| F|  |TAMS 0x0000000711200000| PB 0x0000000711200000| Untracked |  0
|   13|0x0000000711400000, 0x0000000711400000, 0x0000000711600000|  0%| F|  |TAMS 0x0000000711400000| PB 0x0000000711400000| Untracked |  0
|   14|0x0000000711600000, 0x0000000711600000, 0x0000000711800000|  0%| F|  |TAMS 0x0000000711600000| PB 0x0000000711600000| Untracked |  0
|   15|0x0000000711800000, 0x0000000711800000, 0x0000000711a00000|  0%| F|  |TAMS 0x0000000711800000| PB 0x0000000711800000| Untracked |  0
|   16|0x0000000711a00000, 0x0000000711a00000, 0x0000000711c00000|  0%| F|  |TAMS 0x0000000711a00000| PB 0x0000000711a00000| Untracked |  0
|   17|0x0000000711c00000, 0x0000000711c00000, 0x0000000711e00000|  0%| F|  |TAMS 0x0000000711c00000| PB 0x0000000711c00000| Untracked |  0
|   18|0x0000000711e00000, 0x0000000711e00000, 0x0000000712000000|  0%| F|  |TAMS 0x0000000711e00000| PB 0x0000000711e00000| Untracked |  0
|   19|0x0000000712000000, 0x0000000712200000, 0x0000000712200000|100%| O|  |TAMS 0x0000000712000000| PB 0x0000000712000000| Untracked |  0
|   20|0x0000000712200000, 0x0000000712400000, 0x0000000712400000|100%| O|  |TAMS 0x0000000712200000| PB 0x0000000712200000| Untracked |  0
|   21|0x0000000712400000, 0x0000000712600000, 0x0000000712600000|100%| O|  |TAMS 0x0000000712400000| PB 0x0000000712400000| Untracked |  0
|   22|0x0000000712600000, 0x0000000712800000, 0x0000000712800000|100%| O|  |TAMS 0x0000000712600000| PB 0x0000000712600000| Untracked |  0
|   23|0x0000000712800000, 0x0000000712a00000, 0x0000000712a00000|100%| O|  |TAMS 0x0000000712800000| PB 0x0000000712800000| Untracked |  0
|   24|0x0000000712a00000, 0x0000000712c00000, 0x0000000712c00000|100%| O|  |TAMS 0x0000000712a00000| PB 0x0000000712a00000| Untracked |  0
|   25|0x0000000712c00000, 0x0000000712dc7640, 0x0000000712e00000| 88%| O|  |TAMS 0x0000000712c00000| PB 0x0000000712c00000| Untracked |  0
|   26|0x0000000712e00000, 0x0000000712e00000, 0x0000000713000000|  0%| F|  |TAMS 0x0000000712e00000| PB 0x0000000712e00000| Untracked |  0
|   27|0x0000000713000000, 0x0000000713000000, 0x0000000713200000|  0%| F|  |TAMS 0x0000000713000000| PB 0x0000000713000000| Untracked |  0
|   28|0x0000000713200000, 0x0000000713200000, 0x0000000713400000|  0%| F|  |TAMS 0x0000000713200000| PB 0x0000000713200000| Untracked |  0
|   29|0x0000000713400000, 0x0000000713400000, 0x0000000713600000|  0%| F|  |TAMS 0x0000000713400000| PB 0x0000000713400000| Untracked |  0
|   30|0x0000000713600000, 0x0000000713600000, 0x0000000713800000|  0%| F|  |TAMS 0x0000000713600000| PB 0x0000000713600000| Untracked |  0
|   31|0x0000000713800000, 0x0000000713800000, 0x0000000713a00000|  0%| F|  |TAMS 0x0000000713800000| PB 0x0000000713800000| Untracked |  0
|   32|0x0000000713a00000, 0x0000000713a00000, 0x0000000713c00000|  0%| F|  |TAMS 0x0000000713a00000| PB 0x0000000713a00000| Untracked |  0
|   33|0x0000000713c00000, 0x0000000713c00000, 0x0000000713e00000|  0%| F|  |TAMS 0x0000000713c00000| PB 0x0000000713c00000| Untracked |  0
|   34|0x0000000713e00000, 0x0000000713e00000, 0x0000000714000000|  0%| F|  |TAMS 0x0000000713e00000| PB 0x0000000713e00000| Untracked |  0
|   35|0x0000000714000000, 0x0000000714000000, 0x0000000714200000|  0%| F|  |TAMS 0x0000000714000000| PB 0x0000000714000000| Untracked |  0
|   36|0x0000000714200000, 0x0000000714200000, 0x0000000714400000|  0%| F|  |TAMS 0x0000000714200000| PB 0x0000000714200000| Untracked |  0
|   37|0x0000000714400000, 0x0000000714400000, 0x0000000714600000|  0%| F|  |TAMS 0x0000000714400000| PB 0x0000000714400000| Untracked |  0
|   38|0x0000000714600000, 0x0000000714600000, 0x0000000714800000|  0%| F|  |TAMS 0x0000000714600000| PB 0x0000000714600000| Untracked |  0
|   39|0x0000000714800000, 0x0000000714800000, 0x0000000714a00000|  0%| F|  |TAMS 0x0000000714800000| PB 0x0000000714800000| Untracked |  0
|   40|0x0000000714a00000, 0x0000000714a00000, 0x0000000714c00000|  0%| F|  |TAMS 0x0000000714a00000| PB 0x0000000714a00000| Untracked |  0
|   41|0x0000000714c00000, 0x0000000714c00000, 0x0000000714e00000|  0%| F|  |TAMS 0x0000000714c00000| PB 0x0000000714c00000| Untracked |  0
|   42|0x0000000714e00000, 0x0000000714e00000, 0x0000000715000000|  0%| F|  |TAMS 0x0000000714e00000| PB 0x0000000714e00000| Untracked |  0
|   43|0x0000000715000000, 0x0000000715000000, 0x0000000715200000|  0%| F|  |TAMS 0x0000000715000000| PB 0x0000000715000000| Untracked |  0
|   44|0x0000000715200000, 0x0000000715200000, 0x0000000715400000|  0%| F|  |TAMS 0x0000000715200000| PB 0x0000000715200000| Untracked |  0
|   45|0x0000000715400000, 0x0000000715400000, 0x0000000715600000|  0%| F|  |TAMS 0x0000000715400000| PB 0x0000000715400000| Untracked |  0
|   46|0x0000000715600000, 0x0000000715600000, 0x0000000715800000|  0%| F|  |TAMS 0x0000000715600000| PB 0x0000000715600000| Untracked |  0
|   47|0x0000000715800000, 0x0000000715800000, 0x0000000715a00000|  0%| F|  |TAMS 0x0000000715800000| PB 0x0000000715800000| Untracked |  0
|   48|0x0000000715a00000, 0x0000000715a00000, 0x0000000715c00000|  0%| F|  |TAMS 0x0000000715a00000| PB 0x0000000715a00000| Untracked |  0
|   49|0x0000000715c00000, 0x0000000715c00000, 0x0000000715e00000|  0%| F|  |TAMS 0x0000000715c00000| PB 0x0000000715c00000| Untracked |  0
|   50|0x0000000715e00000, 0x0000000715e00000, 0x0000000716000000|  0%| F|  |TAMS 0x0000000715e00000| PB 0x0000000715e00000| Untracked |  0
|   51|0x0000000716000000, 0x0000000716000000, 0x0000000716200000|  0%| F|  |TAMS 0x0000000716000000| PB 0x0000000716000000| Untracked |  0
|   52|0x0000000716200000, 0x0000000716200000, 0x0000000716400000|  0%| F|  |TAMS 0x0000000716200000| PB 0x0000000716200000| Untracked |  0
|   53|0x0000000716400000, 0x0000000716400000, 0x0000000716600000|  0%| F|  |TAMS 0x0000000716400000| PB 0x0000000716400000| Untracked |  0
|   54|0x0000000716600000, 0x0000000716600000, 0x0000000716800000|  0%| F|  |TAMS 0x0000000716600000| PB 0x0000000716600000| Untracked |  0
|   55|0x0000000716800000, 0x0000000716800000, 0x0000000716a00000|  0%| F|  |TAMS 0x0000000716800000| PB 0x0000000716800000| Untracked |  0
|   56|0x0000000716a00000, 0x0000000716a00000, 0x0000000716c00000|  0%| F|  |TAMS 0x0000000716a00000| PB 0x0000000716a00000| Untracked |  0
|   57|0x0000000716c00000, 0x0000000716c00000, 0x0000000716e00000|  0%| F|  |TAMS 0x0000000716c00000| PB 0x0000000716c00000| Untracked |  0
|   58|0x0000000716e00000, 0x0000000716e00000, 0x0000000717000000|  0%| F|  |TAMS 0x0000000716e00000| PB 0x0000000716e00000| Untracked |  0
|   59|0x0000000717000000, 0x0000000717000000, 0x0000000717200000|  0%| F|  |TAMS 0x0000000717000000| PB 0x0000000717000000| Untracked |  0
|   60|0x0000000717200000, 0x0000000717200000, 0x0000000717400000|  0%| F|  |TAMS 0x0000000717200000| PB 0x0000000717200000| Untracked |  0
|   61|0x0000000717400000, 0x0000000717400000, 0x0000000717600000|  0%| F|  |TAMS 0x0000000717400000| PB 0x0000000717400000| Untracked |  0
|   62|0x0000000717600000, 0x0000000717600000, 0x0000000717800000|  0%| F|  |TAMS 0x0000000717600000| PB 0x0000000717600000| Untracked |  0
|   63|0x0000000717800000, 0x0000000717800000, 0x0000000717a00000|  0%| F|  |TAMS 0x0000000717800000| PB 0x0000000717800000| Untracked |  0
|   64|0x0000000717a00000, 0x0000000717a00000, 0x0000000717c00000|  0%| F|  |TAMS 0x0000000717a00000| PB 0x0000000717a00000| Untracked |  0
|   65|0x0000000717c00000, 0x0000000717c00000, 0x0000000717e00000|  0%| F|  |TAMS 0x0000000717c00000| PB 0x0000000717c00000| Untracked |  0
|   66|0x0000000717e00000, 0x0000000717e00000, 0x0000000718000000|  0%| F|  |TAMS 0x0000000717e00000| PB 0x0000000717e00000| Untracked |  0
|   67|0x0000000718000000, 0x0000000718000000, 0x0000000718200000|  0%| F|  |TAMS 0x0000000718000000| PB 0x0000000718000000| Untracked |  0
|   68|0x0000000718200000, 0x0000000718200000, 0x0000000718400000|  0%| F|  |TAMS 0x0000000718200000| PB 0x0000000718200000| Untracked |  0
|   69|0x0000000718400000, 0x0000000718400000, 0x0000000718600000|  0%| F|  |TAMS 0x0000000718400000| PB 0x0000000718400000| Untracked |  0
|   70|0x0000000718600000, 0x0000000718600000, 0x0000000718800000|  0%| F|  |TAMS 0x0000000718600000| PB 0x0000000718600000| Untracked |  0
|   71|0x0000000718800000, 0x0000000718800000, 0x0000000718a00000|  0%| F|  |TAMS 0x0000000718800000| PB 0x0000000718800000| Untracked |  0
|   72|0x0000000718a00000, 0x0000000718a00000, 0x0000000718c00000|  0%| F|  |TAMS 0x0000000718a00000| PB 0x0000000718a00000| Untracked |  0
|   73|0x0000000718c00000, 0x0000000718c00000, 0x0000000718e00000|  0%| F|  |TAMS 0x0000000718c00000| PB 0x0000000718c00000| Untracked |  0
|   74|0x0000000718e00000, 0x0000000718e00000, 0x0000000719000000|  0%| F|  |TAMS 0x0000000718e00000| PB 0x0000000718e00000| Untracked |  0
|   75|0x0000000719000000, 0x0000000719000000, 0x0000000719200000|  0%| F|  |TAMS 0x0000000719000000| PB 0x0000000719000000| Untracked |  0
|   76|0x0000000719200000, 0x0000000719200000, 0x0000000719400000|  0%| F|  |TAMS 0x0000000719200000| PB 0x0000000719200000| Untracked |  0
|   77|0x0000000719400000, 0x0000000719400000, 0x0000000719600000|  0%| F|  |TAMS 0x0000000719400000| PB 0x0000000719400000| Untracked |  0
|   78|0x0000000719600000, 0x0000000719600000, 0x0000000719800000|  0%| F|  |TAMS 0x0000000719600000| PB 0x0000000719600000| Untracked |  0
|   79|0x0000000719800000, 0x0000000719800000, 0x0000000719a00000|  0%| F|  |TAMS 0x0000000719800000| PB 0x0000000719800000| Untracked |  0
|   80|0x0000000719a00000, 0x0000000719a00000, 0x0000000719c00000|  0%| F|  |TAMS 0x0000000719a00000| PB 0x0000000719a00000| Untracked |  0
|   81|0x0000000719c00000, 0x0000000719c00000, 0x0000000719e00000|  0%| F|  |TAMS 0x0000000719c00000| PB 0x0000000719c00000| Untracked |  0
|   82|0x0000000719e00000, 0x0000000719f6a910, 0x000000071a000000| 70%| S|CS|TAMS 0x0000000719e00000| PB 0x0000000719e00000| Complete  |  0
|   83|0x000000071a000000, 0x000000071a200000, 0x000000071a200000|100%| S|CS|TAMS 0x000000071a000000| PB 0x000000071a000000| Complete  |  0
|   84|0x000000071a200000, 0x000000071a400000, 0x000000071a400000|100%| S|CS|TAMS 0x000000071a200000| PB 0x000000071a200000| Complete  |  0
|   85|0x000000071a400000, 0x000000071a600000, 0x000000071a600000|100%| S|CS|TAMS 0x000000071a400000| PB 0x000000071a400000| Complete  |  0
|   86|0x000000071a600000, 0x000000071a600000, 0x000000071a800000|  0%| F|  |TAMS 0x000000071a600000| PB 0x000000071a600000| Untracked |  0
|   87|0x000000071a800000, 0x000000071a800000, 0x000000071aa00000|  0%| F|  |TAMS 0x000000071a800000| PB 0x000000071a800000| Untracked |  0
|   88|0x000000071aa00000, 0x000000071aa00000, 0x000000071ac00000|  0%| F|  |TAMS 0x000000071aa00000| PB 0x000000071aa00000| Untracked |  0
|   89|0x000000071ac00000, 0x000000071ac00000, 0x000000071ae00000|  0%| F|  |TAMS 0x000000071ac00000| PB 0x000000071ac00000| Untracked |  0
|   90|0x000000071ae00000, 0x000000071ae00000, 0x000000071b000000|  0%| F|  |TAMS 0x000000071ae00000| PB 0x000000071ae00000| Untracked |  0
|   91|0x000000071b000000, 0x000000071b000000, 0x000000071b200000|  0%| F|  |TAMS 0x000000071b000000| PB 0x000000071b000000| Untracked |  0
|   92|0x000000071b200000, 0x000000071b200000, 0x000000071b400000|  0%| F|  |TAMS 0x000000071b200000| PB 0x000000071b200000| Untracked |  0
|   93|0x000000071b400000, 0x000000071b400000, 0x000000071b600000|  0%| F|  |TAMS 0x000000071b400000| PB 0x000000071b400000| Untracked |  0
|   94|0x000000071b600000, 0x000000071b600000, 0x000000071b800000|  0%| F|  |TAMS 0x000000071b600000| PB 0x000000071b600000| Untracked |  0
|   95|0x000000071b800000, 0x000000071b800000, 0x000000071ba00000|  0%| F|  |TAMS 0x000000071b800000| PB 0x000000071b800000| Untracked |  0
|   96|0x000000071ba00000, 0x000000071ba00000, 0x000000071bc00000|  0%| F|  |TAMS 0x000000071ba00000| PB 0x000000071ba00000| Untracked |  0
|   97|0x000000071bc00000, 0x000000071bc00000, 0x000000071be00000|  0%| F|  |TAMS 0x000000071bc00000| PB 0x000000071bc00000| Untracked |  0
|   98|0x000000071be00000, 0x000000071be00000, 0x000000071c000000|  0%| F|  |TAMS 0x000000071be00000| PB 0x000000071be00000| Untracked |  0
|   99|0x000000071c000000, 0x000000071c000000, 0x000000071c200000|  0%| F|  |TAMS 0x000000071c000000| PB 0x000000071c000000| Untracked |  0
|  100|0x000000071c200000, 0x000000071c200000, 0x000000071c400000|  0%| F|  |TAMS 0x000000071c200000| PB 0x000000071c200000| Untracked |  0
|  101|0x000000071c400000, 0x000000071c400000, 0x000000071c600000|  0%| F|  |TAMS 0x000000071c400000| PB 0x000000071c400000| Untracked |  0
|  102|0x000000071c600000, 0x000000071c600000, 0x000000071c800000|  0%| F|  |TAMS 0x000000071c600000| PB 0x000000071c600000| Untracked |  0
|  103|0x000000071c800000, 0x000000071c800000, 0x000000071ca00000|  0%| F|  |TAMS 0x000000071c800000| PB 0x000000071c800000| Untracked |  0
|  104|0x000000071ca00000, 0x000000071ca00000, 0x000000071cc00000|  0%| F|  |TAMS 0x000000071ca00000| PB 0x000000071ca00000| Untracked |  0
|  105|0x000000071cc00000, 0x000000071cc00000, 0x000000071ce00000|  0%| F|  |TAMS 0x000000071cc00000| PB 0x000000071cc00000| Untracked |  0
|  106|0x000000071ce00000, 0x000000071ce00000, 0x000000071d000000|  0%| F|  |TAMS 0x000000071ce00000| PB 0x000000071ce00000| Untracked |  0
|  107|0x000000071d000000, 0x000000071d000000, 0x000000071d200000|  0%| F|  |TAMS 0x000000071d000000| PB 0x000000071d000000| Untracked |  0
|  108|0x000000071d200000, 0x000000071d200000, 0x000000071d400000|  0%| F|  |TAMS 0x000000071d200000| PB 0x000000071d200000| Untracked |  0
|  109|0x000000071d400000, 0x000000071d400000, 0x000000071d600000|  0%| F|  |TAMS 0x000000071d400000| PB 0x000000071d400000| Untracked |  0
|  110|0x000000071d600000, 0x000000071d600000, 0x000000071d800000|  0%| F|  |TAMS 0x000000071d600000| PB 0x000000071d600000| Untracked |  0
|  111|0x000000071d800000, 0x000000071d800000, 0x000000071da00000|  0%| F|  |TAMS 0x000000071d800000| PB 0x000000071d800000| Untracked |  0
|  112|0x000000071da00000, 0x000000071da00000, 0x000000071dc00000|  0%| F|  |TAMS 0x000000071da00000| PB 0x000000071da00000| Untracked |  0
|  113|0x000000071dc00000, 0x000000071dc00000, 0x000000071de00000|  0%| F|  |TAMS 0x000000071dc00000| PB 0x000000071dc00000| Untracked |  0
|  114|0x000000071de00000, 0x000000071de00000, 0x000000071e000000|  0%| F|  |TAMS 0x000000071de00000| PB 0x000000071de00000| Untracked |  0
|  115|0x000000071e000000, 0x000000071e000000, 0x000000071e200000|  0%| F|  |TAMS 0x000000071e000000| PB 0x000000071e000000| Untracked |  0
|  116|0x000000071e200000, 0x000000071e200000, 0x000000071e400000|  0%| F|  |TAMS 0x000000071e200000| PB 0x000000071e200000| Untracked |  0
|  117|0x000000071e400000, 0x000000071e400000, 0x000000071e600000|  0%| F|  |TAMS 0x000000071e400000| PB 0x000000071e400000| Untracked |  0
|  118|0x000000071e600000, 0x000000071e600000, 0x000000071e800000|  0%| F|  |TAMS 0x000000071e600000| PB 0x000000071e600000| Untracked |  0
|  119|0x000000071e800000, 0x000000071e800000, 0x000000071ea00000|  0%| F|  |TAMS 0x000000071e800000| PB 0x000000071e800000| Untracked |  0
|  120|0x000000071ea00000, 0x000000071eb02cf0, 0x000000071ec00000| 50%| E|CS|TAMS 0x000000071ea00000| PB 0x000000071ea00000| Complete  |  0
|  121|0x000000071ec00000, 0x000000071ee00000, 0x000000071ee00000|100%| E|CS|TAMS 0x000000071ec00000| PB 0x000000071ec00000| Complete  |  0
|  122|0x000000071ee00000, 0x000000071f000000, 0x000000071f000000|100%| E|CS|TAMS 0x000000071ee00000| PB 0x000000071ee00000| Complete  |  0
|  123|0x000000071f000000, 0x000000071f200000, 0x000000071f200000|100%| E|CS|TAMS 0x000000071f000000| PB 0x000000071f000000| Complete  |  0
|  124|0x000000071f200000, 0x000000071f400000, 0x000000071f400000|100%| E|CS|TAMS 0x000000071f200000| PB 0x000000071f200000| Complete  |  0
|  125|0x000000071f400000, 0x000000071f600000, 0x000000071f600000|100%| E|CS|TAMS 0x000000071f400000| PB 0x000000071f400000| Complete  |  0
|  126|0x000000071f600000, 0x000000071f800000, 0x000000071f800000|100%| E|CS|TAMS 0x000000071f600000| PB 0x000000071f600000| Complete  |  0
|  127|0x000000071f800000, 0x000000071fa00000, 0x000000071fa00000|100%| E|CS|TAMS 0x000000071f800000| PB 0x000000071f800000| Complete  |  0
|  128|0x000000071fa00000, 0x000000071fc00000, 0x000000071fc00000|100%| E|CS|TAMS 0x000000071fa00000| PB 0x000000071fa00000| Complete  |  0
|  129|0x000000071fc00000, 0x000000071fe00000, 0x000000071fe00000|100%| E|CS|TAMS 0x000000071fc00000| PB 0x000000071fc00000| Complete  |  0
|  130|0x000000071fe00000, 0x0000000720000000, 0x0000000720000000|100%| E|CS|TAMS 0x000000071fe00000| PB 0x000000071fe00000| Complete  |  0
|  131|0x0000000720000000, 0x0000000720200000, 0x0000000720200000|100%| E|CS|TAMS 0x0000000720000000| PB 0x0000000720000000| Complete  |  0
|  132|0x0000000720200000, 0x0000000720400000, 0x0000000720400000|100%| E|CS|TAMS 0x0000000720200000| PB 0x0000000720200000| Complete  |  0
|  133|0x0000000720400000, 0x0000000720600000, 0x0000000720600000|100%| E|CS|TAMS 0x0000000720400000| PB 0x0000000720400000| Complete  |  0
|  134|0x0000000720600000, 0x0000000720800000, 0x0000000720800000|100%| E|CS|TAMS 0x0000000720600000| PB 0x0000000720600000| Complete  |  0
|  135|0x0000000720800000, 0x0000000720a00000, 0x0000000720a00000|100%| E|CS|TAMS 0x0000000720800000| PB 0x0000000720800000| Complete  |  0
|  136|0x0000000720a00000, 0x0000000720c00000, 0x0000000720c00000|100%| E|CS|TAMS 0x0000000720a00000| PB 0x0000000720a00000| Complete  |  0
|  137|0x0000000720c00000, 0x0000000720e00000, 0x0000000720e00000|100%| E|CS|TAMS 0x0000000720c00000| PB 0x0000000720c00000| Complete  |  0
|  138|0x0000000720e00000, 0x0000000721000000, 0x0000000721000000|100%| E|CS|TAMS 0x0000000720e00000| PB 0x0000000720e00000| Complete  |  0
|  139|0x0000000721000000, 0x0000000721200000, 0x0000000721200000|100%| E|CS|TAMS 0x0000000721000000| PB 0x0000000721000000| Complete  |  0
|  140|0x0000000721200000, 0x0000000721400000, 0x0000000721400000|100%| E|CS|TAMS 0x0000000721200000| PB 0x0000000721200000| Complete  |  0
|  141|0x0000000721400000, 0x0000000721600000, 0x0000000721600000|100%| E|CS|TAMS 0x0000000721400000| PB 0x0000000721400000| Complete  |  0
|  142|0x0000000721600000, 0x0000000721800000, 0x0000000721800000|100%| E|CS|TAMS 0x0000000721600000| PB 0x0000000721600000| Complete  |  0
|  143|0x0000000721800000, 0x0000000721a00000, 0x0000000721a00000|100%| E|CS|TAMS 0x0000000721800000| PB 0x0000000721800000| Complete  |  0
|  144|0x0000000721a00000, 0x0000000721c00000, 0x0000000721c00000|100%| E|CS|TAMS 0x0000000721a00000| PB 0x0000000721a00000| Complete  |  0
|  145|0x0000000721c00000, 0x0000000721e00000, 0x0000000721e00000|100%| E|CS|TAMS 0x0000000721c00000| PB 0x0000000721c00000| Complete  |  0
|  146|0x0000000721e00000, 0x0000000722000000, 0x0000000722000000|100%| E|CS|TAMS 0x0000000721e00000| PB 0x0000000721e00000| Complete  |  0
|  147|0x0000000722000000, 0x0000000722200000, 0x0000000722200000|100%| E|CS|TAMS 0x0000000722000000| PB 0x0000000722000000| Complete  |  0
|  148|0x0000000722200000, 0x0000000722400000, 0x0000000722400000|100%| E|CS|TAMS 0x0000000722200000| PB 0x0000000722200000| Complete  |  0
|  149|0x0000000722400000, 0x0000000722600000, 0x0000000722600000|100%| E|CS|TAMS 0x0000000722400000| PB 0x0000000722400000| Complete  |  0
|  150|0x0000000722600000, 0x0000000722800000, 0x0000000722800000|100%| E|CS|TAMS 0x0000000722600000| PB 0x0000000722600000| Complete  |  0
|  151|0x0000000722800000, 0x0000000722a00000, 0x0000000722a00000|100%| E|CS|TAMS 0x0000000722800000| PB 0x0000000722800000| Complete  |  0
|  152|0x0000000722a00000, 0x0000000722c00000, 0x0000000722c00000|100%| E|CS|TAMS 0x0000000722a00000| PB 0x0000000722a00000| Complete  |  0
|  153|0x0000000722c00000, 0x0000000722e00000, 0x0000000722e00000|100%| E|CS|TAMS 0x0000000722c00000| PB 0x0000000722c00000| Complete  |  0
|  154|0x0000000722e00000, 0x0000000723000000, 0x0000000723000000|100%| E|CS|TAMS 0x0000000722e00000| PB 0x0000000722e00000| Complete  |  0
|  155|0x0000000723000000, 0x0000000723200000, 0x0000000723200000|100%| E|CS|TAMS 0x0000000723000000| PB 0x0000000723000000| Complete  |  0
|  156|0x0000000723200000, 0x0000000723400000, 0x0000000723400000|100%| E|CS|TAMS 0x0000000723200000| PB 0x0000000723200000| Complete  |  0
|  157|0x0000000723400000, 0x0000000723600000, 0x0000000723600000|100%| E|CS|TAMS 0x0000000723400000| PB 0x0000000723400000| Complete  |  0
|  158|0x0000000723600000, 0x0000000723800000, 0x0000000723800000|100%| E|CS|TAMS 0x0000000723600000| PB 0x0000000723600000| Complete  |  0
|  159|0x0000000723800000, 0x0000000723a00000, 0x0000000723a00000|100%| E|CS|TAMS 0x0000000723800000| PB 0x0000000723800000| Complete  |  0
|  160|0x0000000723a00000, 0x0000000723c00000, 0x0000000723c00000|100%| E|CS|TAMS 0x0000000723a00000| PB 0x0000000723a00000| Complete  |  0
|  161|0x0000000723c00000, 0x0000000723e00000, 0x0000000723e00000|100%| E|CS|TAMS 0x0000000723c00000| PB 0x0000000723c00000| Complete  |  0
|  162|0x0000000723e00000, 0x0000000724000000, 0x0000000724000000|100%| E|CS|TAMS 0x0000000723e00000| PB 0x0000000723e00000| Complete  |  0
|  163|0x0000000724000000, 0x0000000724200000, 0x0000000724200000|100%| E|CS|TAMS 0x0000000724000000| PB 0x0000000724000000| Complete  |  0
|  164|0x0000000724200000, 0x0000000724400000, 0x0000000724400000|100%| E|CS|TAMS 0x0000000724200000| PB 0x0000000724200000| Complete  |  0
|  165|0x0000000724400000, 0x0000000724600000, 0x0000000724600000|100%| E|CS|TAMS 0x0000000724400000| PB 0x0000000724400000| Complete  |  0
|  166|0x0000000724600000, 0x0000000724800000, 0x0000000724800000|100%| E|CS|TAMS 0x0000000724600000| PB 0x0000000724600000| Complete  |  0
|  167|0x0000000724800000, 0x0000000724a00000, 0x0000000724a00000|100%| E|CS|TAMS 0x0000000724800000| PB 0x0000000724800000| Complete  |  0
|  168|0x0000000724a00000, 0x0000000724c00000, 0x0000000724c00000|100%| E|CS|TAMS 0x0000000724a00000| PB 0x0000000724a00000| Complete  |  0
|  169|0x0000000724c00000, 0x0000000724e00000, 0x0000000724e00000|100%| E|CS|TAMS 0x0000000724c00000| PB 0x0000000724c00000| Complete  |  0
|  170|0x0000000724e00000, 0x0000000725000000, 0x0000000725000000|100%| E|CS|TAMS 0x0000000724e00000| PB 0x0000000724e00000| Complete  |  0
|  171|0x0000000725000000, 0x0000000725200000, 0x0000000725200000|100%| E|CS|TAMS 0x0000000725000000| PB 0x0000000725000000| Complete  |  0
|  172|0x0000000725200000, 0x0000000725400000, 0x0000000725400000|100%| E|CS|TAMS 0x0000000725200000| PB 0x0000000725200000| Complete  |  0
|  173|0x0000000725400000, 0x0000000725600000, 0x0000000725600000|100%| E|CS|TAMS 0x0000000725400000| PB 0x0000000725400000| Complete  |  0
|  174|0x0000000725600000, 0x0000000725800000, 0x0000000725800000|100%| E|CS|TAMS 0x0000000725600000| PB 0x0000000725600000| Complete  |  0
|  175|0x0000000725800000, 0x0000000725a00000, 0x0000000725a00000|100%| E|CS|TAMS 0x0000000725800000| PB 0x0000000725800000| Complete  |  0
|  176|0x0000000725a00000, 0x0000000725c00000, 0x0000000725c00000|100%| E|CS|TAMS 0x0000000725a00000| PB 0x0000000725a00000| Complete  |  0
|  177|0x0000000725c00000, 0x0000000725e00000, 0x0000000725e00000|100%| E|CS|TAMS 0x0000000725c00000| PB 0x0000000725c00000| Complete  |  0
|  178|0x0000000725e00000, 0x0000000726000000, 0x0000000726000000|100%| E|CS|TAMS 0x0000000725e00000| PB 0x0000000725e00000| Complete  |  0
|  179|0x0000000726000000, 0x0000000726200000, 0x0000000726200000|100%| E|CS|TAMS 0x0000000726000000| PB 0x0000000726000000| Complete  |  0
|  180|0x0000000726200000, 0x0000000726400000, 0x0000000726400000|100%| E|CS|TAMS 0x0000000726200000| PB 0x0000000726200000| Complete  |  0
|  181|0x0000000726400000, 0x0000000726600000, 0x0000000726600000|100%| E|CS|TAMS 0x0000000726400000| PB 0x0000000726400000| Complete  |  0
|  182|0x0000000726600000, 0x0000000726800000, 0x0000000726800000|100%| E|CS|TAMS 0x0000000726600000| PB 0x0000000726600000| Complete  |  0
|  183|0x0000000726800000, 0x0000000726a00000, 0x0000000726a00000|100%| E|CS|TAMS 0x0000000726800000| PB 0x0000000726800000| Complete  |  0
|  184|0x0000000726a00000, 0x0000000726c00000, 0x0000000726c00000|100%| E|CS|TAMS 0x0000000726a00000| PB 0x0000000726a00000| Complete  |  0
|  185|0x0000000726c00000, 0x0000000726e00000, 0x0000000726e00000|100%| E|CS|TAMS 0x0000000726c00000| PB 0x0000000726c00000| Complete  |  0
|  186|0x0000000726e00000, 0x0000000727000000, 0x0000000727000000|100%| E|CS|TAMS 0x0000000726e00000| PB 0x0000000726e00000| Complete  |  0
|  187|0x0000000727000000, 0x0000000727200000, 0x0000000727200000|100%| E|CS|TAMS 0x0000000727000000| PB 0x0000000727000000| Complete  |  0
|  188|0x0000000727200000, 0x0000000727400000, 0x0000000727400000|100%| E|CS|TAMS 0x0000000727200000| PB 0x0000000727200000| Complete  |  0
|  189|0x0000000727400000, 0x0000000727600000, 0x0000000727600000|100%| E|CS|TAMS 0x0000000727400000| PB 0x0000000727400000| Complete  |  0
|  190|0x0000000727600000, 0x0000000727800000, 0x0000000727800000|100%| E|CS|TAMS 0x0000000727600000| PB 0x0000000727600000| Complete  |  0
|  191|0x0000000727800000, 0x0000000727a00000, 0x0000000727a00000|100%| E|CS|TAMS 0x0000000727800000| PB 0x0000000727800000| Complete  |  0
|  192|0x0000000727a00000, 0x0000000727c00000, 0x0000000727c00000|100%| E|CS|TAMS 0x0000000727a00000| PB 0x0000000727a00000| Complete  |  0
|  193|0x0000000727c00000, 0x0000000727e00000, 0x0000000727e00000|100%| E|CS|TAMS 0x0000000727c00000| PB 0x0000000727c00000| Complete  |  0
|  194|0x0000000727e00000, 0x0000000728000000, 0x0000000728000000|100%| E|CS|TAMS 0x0000000727e00000| PB 0x0000000727e00000| Complete  |  0
|  195|0x0000000728000000, 0x0000000728200000, 0x0000000728200000|100%| E|CS|TAMS 0x0000000728000000| PB 0x0000000728000000| Complete  |  0
|  196|0x0000000728200000, 0x0000000728400000, 0x0000000728400000|100%| E|CS|TAMS 0x0000000728200000| PB 0x0000000728200000| Complete  |  0
|  197|0x0000000728400000, 0x0000000728600000, 0x0000000728600000|100%| E|CS|TAMS 0x0000000728400000| PB 0x0000000728400000| Complete  |  0
|  198|0x0000000728600000, 0x0000000728800000, 0x0000000728800000|100%| E|CS|TAMS 0x0000000728600000| PB 0x0000000728600000| Complete  |  0
|  199|0x0000000728800000, 0x0000000728a00000, 0x0000000728a00000|100%| E|CS|TAMS 0x0000000728800000| PB 0x0000000728800000| Complete  |  0
|  200|0x0000000728a00000, 0x0000000728c00000, 0x0000000728c00000|100%| E|CS|TAMS 0x0000000728a00000| PB 0x0000000728a00000| Complete  |  0
|  201|0x0000000728c00000, 0x0000000728e00000, 0x0000000728e00000|100%| E|CS|TAMS 0x0000000728c00000| PB 0x0000000728c00000| Complete  |  0
|  202|0x0000000728e00000, 0x0000000729000000, 0x0000000729000000|100%| E|CS|TAMS 0x0000000728e00000| PB 0x0000000728e00000| Complete  |  0
|  203|0x0000000729000000, 0x0000000729200000, 0x0000000729200000|100%| E|CS|TAMS 0x0000000729000000| PB 0x0000000729000000| Complete  |  0
|  204|0x0000000729200000, 0x0000000729400000, 0x0000000729400000|100%| E|CS|TAMS 0x0000000729200000| PB 0x0000000729200000| Complete  |  0
|  205|0x0000000729400000, 0x0000000729600000, 0x0000000729600000|100%| E|CS|TAMS 0x0000000729400000| PB 0x0000000729400000| Complete  |  0
|  206|0x0000000729600000, 0x0000000729800000, 0x0000000729800000|100%| E|CS|TAMS 0x0000000729600000| PB 0x0000000729600000| Complete  |  0
|  207|0x0000000729800000, 0x0000000729a00000, 0x0000000729a00000|100%| E|CS|TAMS 0x0000000729800000| PB 0x0000000729800000| Complete  |  0
|  208|0x0000000729a00000, 0x0000000729c00000, 0x0000000729c00000|100%| E|CS|TAMS 0x0000000729a00000| PB 0x0000000729a00000| Complete  |  0
|  209|0x0000000729c00000, 0x0000000729e00000, 0x0000000729e00000|100%| E|CS|TAMS 0x0000000729c00000| PB 0x0000000729c00000| Complete  |  0
|  210|0x0000000729e00000, 0x000000072a000000, 0x000000072a000000|100%| E|CS|TAMS 0x0000000729e00000| PB 0x0000000729e00000| Complete  |  0
|  211|0x000000072a000000, 0x000000072a200000, 0x000000072a200000|100%| E|CS|TAMS 0x000000072a000000| PB 0x000000072a000000| Complete  |  0
|  212|0x000000072a200000, 0x000000072a400000, 0x000000072a400000|100%| E|CS|TAMS 0x000000072a200000| PB 0x000000072a200000| Complete  |  0
| 1920|0x00000007ffa00000, 0x00000007ffc00000, 0x00000007ffc00000|100%| E|CS|TAMS 0x00000007ffa00000| PB 0x00000007ffa00000| Complete  |  0
| 1921|0x00000007ffc00000, 0x00000007ffe00000, 0x00000007ffe00000|100%| O|  |TAMS 0x00000007ffc00000| PB 0x00000007ffc00000| Untracked |  0
| 1922|0x00000007ffe00000, 0x0000000800000000, 0x0000000800000000|100%| E|CS|TAMS 0x00000007ffe00000| PB 0x00000007ffe00000| Complete  |  0

Card table byte_map: [0x00007f31f9361000,0x00007f31f9ae4000] _byte_map_base: 0x00007f31f5ae4000
Refinement table byte_map: [0x00007f31f9ae4000,0x00007f31fa267000] _byte_map_base: 0x00007f31f6267000

Marking Bits: (CMBitMap*) 0x00007f31f406f100
 Bits: [0x00007f31d81e7000, 0x00007f31dbdff000)

Polling page: 0x00007f31fd458000

Metaspace:
Metaspace        used 86524K, committed 88384K, reserved 1179648K
 class space     used 9548K, committed 10368K, reserved 1048576K

Usage:
  Non-class:     75.17 MB used.
      Class:      9.33 MB used.
       Both:     84.50 MB used.

Virtual space:
  Non-class space:      128.00 MB reserved,      76.19 MB ( 60%) committed,  2 nodes.
      Class space:        1.00 GB reserved,      10.12 MB ( <1%) committed,  1 nodes.
             Both:        1.12 GB reserved,      86.31 MB (  7%) committed. 

Chunk freelists:
   Non-Class:  3.08 MB
       Class:  5.92 MB
        Both:  9.00 MB

MaxMetaspaceSize: unlimited
CompressedClassSpaceSize: 1.00 GB
Initial GC threshold: 21.00 MB
Current GC threshold: 99.19 MB
CDS: on
 - commit_granule_bytes: 65536.
 - commit_granule_words: 8192.
 - virtual_space_node_default_size: 8388608.
 - enlarge_chunks_in_place: 1.
UseCompressedClassPointers 1, UseCompactObjectHeaders 0
Narrow klass pointer bits 32, Max shift 3
Narrow klass base: 0x0000000050000000, Narrow klass shift: 0
Encoding Range: [0x0000000050000000 - 0x0000000150000000), (4294967296 bytes)
Klass Range:    [0x0000000050000000 - 0x0000000091000000), (1090519040 bytes)
Klass ID Range:  [8 - 1090519033) (1090519025)
Protection zone: [0x0000000050000000 - 0x0000000050001000), (4096 bytes)


Internal statistics:

num_allocs_failed_limit: 16.
num_arena_births: 2886.
num_arena_deaths: 0.
num_vsnodes_births: 3.
num_vsnodes_deaths: 0.
num_space_committed: 1379.
num_space_uncommitted: 0.
num_chunks_returned_to_freelist: 16.
num_chunks_taken_from_freelist: 6223.
num_chunk_merges: 11.
num_chunk_splits: 4159.
num_chunks_enlarged: 2872.
num_inconsistent_stats: 0.

CodeHeap 'non-profiled nmethods': size=119168Kb used=7647Kb max_used=7647Kb free=111521Kb
 bounds [0x00007f31e39a0000, 0x00007f31e4120000, 0x00007f31eae00000]
CodeHeap 'profiled nmethods': size=119168Kb used=23468Kb max_used=23468Kb free=95699Kb
 bounds [0x00007f31dbdff000, 0x00007f31dd4ef000, 0x00007f31e325f000]
CodeHeap 'non-nmethods': size=7428Kb used=5182Kb max_used=6365Kb free=2245Kb
 bounds [0x00007f31e325f000, 0x00007f31e38af000, 0x00007f31e39a0000]
CodeCache: size=245764Kb, used=36297Kb, max_used=37480Kb, free=209465Kb
 total_blobs=17939, nmethods=14439, adapters=3366, full_count=0
Compilation: enabled, stopped_count=0, restarted_count=0

Compilation events (20 events):
Event: 255.835 Thread 0x00007f31f41117e0 14803       3       java.security.AlgorithmParameters::init (31 bytes)
Event: 255.836 Thread 0x00007f31f41117e0 nmethod 14803 0x00007f31dd4e4e08 code [0x00007f31dd4e4f00, 0x00007f31dd4e51e8]
Event: 255.846 Thread 0x00007f31f41117e0 14808       3       kotlinx.coroutines.YieldKt::yield (158 bytes)
Event: 255.847 Thread 0x00007f31f41117e0 nmethod 14808 0x00007f31dd4e5208 code [0x00007f31dd4e5300, 0x00007f31dd4e7530]
Event: 255.875 Thread 0x00007f31f410fe10 nmethod 14797 0x00007f31e4112a88 code [0x00007f31e4112b80, 0x00007f31e4114b00]
Event: 255.875 Thread 0x00007f31f410fe10 14799       4       java.util.TreeMap::getEntry (77 bytes)
Event: 255.890 Thread 0x00007f31f410fe10 nmethod 14799 0x00007f31e4114b88 code [0x00007f31e4114c80, 0x00007f31e4115bb0]
Event: 255.890 Thread 0x00007f31f410fe10 14807       4       jdk.internal.jimage.ImageStringsReader::stringFromByteBufferMatches (138 bytes)
Event: 255.894 Thread 0x00007f31f41117e0 14809       3       io.ktor.http.cio.HttpParserKt$$Lambda/0x0000000051718c00::invoke (21 bytes)
Event: 255.895 Thread 0x00007f31f41117e0 nmethod 14809 0x00007f31dd4e7588 code [0x00007f31dd4e7680, 0x00007f31dd4e7b50]
Event: 255.895 Thread 0x00007f31f41117e0 14810       3       io.ktor.http.cio.HttpParserKt::parseVersion$lambda$1 (12 bytes)
Event: 255.895 Thread 0x00007f31f41117e0 nmethod 14810 0x00007f31dd4e7b88 code [0x00007f31dd4e7c80, 0x00007f31dd4e7da0]
Event: 255.895 Thread 0x00007f31f41117e0 14812       1       kotlinx.coroutines.JobImpl::getOnCancelComplete$kotlinx_coroutines_core (2 bytes)
Event: 255.895 Thread 0x00007f31f41117e0 nmethod 14812 0x00007f31e4115c08 code [0x00007f31e4115d00, 0x00007f31e4115db0]
Event: 255.904 Thread 0x00007f31f410fe10 nmethod 14807 0x00007f31e4115f08 code [0x00007f31e4116000, 0x00007f31e4116690]
Event: 255.904 Thread 0x00007f31f410fe10 14813       4       kotlinx.serialization.internal.IntSerializer::serialize (13 bytes)
Event: 255.913 Thread 0x00007f31f410fe10 nmethod 14813 0x00007f31e4116708 code [0x00007f31e4116800, 0x00007f31e41170b0]
Event: 255.913 Thread 0x00007f31f410fe10 14811       4       kotlinx.coroutines.JobSupport::isCancelled (35 bytes)
Event: 255.914 Thread 0x00007f31f410fe10 nmethod 14811 0x00007f31e4117108 code [0x00007f31e4117200, 0x00007f31e41172e0]
Event: 255.989 Thread 0x00007f31f41117e0 14815   !   3       java.util.logging.LogManager::ensureLogManagerInitialized (237 bytes)

GC Heap Usage History (20 events):
Event: 2.474 {heap Before GC invocations=8 (full 0):
 garbage-first heap   total reserved 3938304K, committed 49152K, used 20028K [0x000000070fa00000, 0x0000000800000000)
  region size 2M, 5 eden (10M), 2 survivor (4M), 4 old (8M), 1 humongous (2M), 12 free (24M)
}
Event: 2.478 {heap After GC invocations=9 (full 0):
 garbage-first heap   total reserved 3938304K, committed 49152K, used 11983K [0x000000070fa00000, 0x0000000800000000)
  region size 2M, 0 eden (0M), 2 survivor (4M), 4 old (8M), 1 humongous (2M), 17 free (34M)
}
Event: 2.868 {heap Before GC invocations=10 (full 0):
 garbage-first heap   total reserved 3938304K, committed 49152K, used 34511K [0x000000070fa00000, 0x0000000800000000)
  region size 2M, 12 eden (24M), 2 survivor (4M), 4 old (8M), 1 humongous (2M), 5 free (10M)
}
Event: 2.873 {heap After GC invocations=11 (full 0):
 garbage-first heap   total reserved 3938304K, committed 147456K, used 13287K [0x000000070fa00000, 0x0000000800000000)
  region size 2M, 0 eden (0M), 2 survivor (4M), 4 old (8M), 1 humongous (2M), 65 free (130M)
}
Event: 3.406 {heap Before GC invocations=11 (full 0):
 garbage-first heap   total reserved 3938304K, committed 147456K, used 52199K [0x000000070fa00000, 0x0000000800000000)
  region size 2M, 21 eden (42M), 2 survivor (4M), 4 old (8M), 1 humongous (2M), 44 free (88M)
}
Event: 3.415 {heap After GC invocations=12 (full 0):
 garbage-first heap   total reserved 3938304K, committed 147456K, used 16111K [0x000000070fa00000, 0x0000000800000000)
  region size 2M, 0 eden (0M), 4 survivor (8M), 4 old (8M), 1 humongous (2M), 63 free (126M)
}
Event: 3.423 {heap Before GC invocations=12 (full 0):
 garbage-first heap   total reserved 3938304K, committed 147456K, used 18159K [0x000000070fa00000, 0x0000000800000000)
  region size 2M, 2 eden (4M), 4 survivor (8M), 4 old (8M), 1 humongous (2M), 61 free (122M)
}
Event: 3.430 {heap After GC invocations=13 (full 0):
 garbage-first heap   total reserved 3938304K, committed 147456K, used 15908K [0x000000070fa00000, 0x0000000800000000)
  region size 2M, 0 eden (0M), 4 survivor (8M), 4 old (8M), 1 humongous (2M), 63 free (126M)
}
Event: 4.250 {heap Before GC invocations=14 (full 0):
 garbage-first heap   total reserved 3938304K, committed 147456K, used 97828K [0x000000070fa00000, 0x0000000800000000)
  region size 2M, 39 eden (78M), 4 survivor (8M), 4 old (8M), 3 humongous (6M), 22 free (44M)
}
Event: 4.268 {heap After GC invocations=15 (full 0):
 garbage-first heap   total reserved 3938304K, committed 147456K, used 23594K [0x000000070fa00000, 0x0000000800000000)
  region size 2M, 0 eden (0M), 6 survivor (12M), 5 old (10M), 1 humongous (2M), 60 free (120M)
}
Event: 4.842 {heap Before GC invocations=15 (full 0):
 garbage-first heap   total reserved 3938304K, committed 147456K, used 68650K [0x000000070fa00000, 0x0000000800000000)
  region size 2M, 24 eden (48M), 6 survivor (12M), 5 old (10M), 1 humongous (2M), 36 free (72M)
}
Event: 4.858 {heap After GC invocations=16 (full 0):
 garbage-first heap   total reserved 3938304K, committed 442368K, used 26803K [0x000000070fa00000, 0x0000000800000000)
  region size 2M, 0 eden (0M), 2 survivor (4M), 11 old (22M), 1 humongous (2M), 202 free (404M)
}
Event: 10.963 {heap Before GC invocations=17 (full 0):
 garbage-first heap   total reserved 3938304K, committed 442368K, used 284851K [0x000000070fa00000, 0x0000000800000000)
  region size 2M, 127 eden (254M), 2 survivor (4M), 11 old (22M), 1 humongous (2M), 75 free (150M)
}
Event: 10.987 {heap After GC invocations=18 (full 0):
 garbage-first heap   total reserved 3938304K, committed 442368K, used 40680K [0x000000070fa00000, 0x0000000800000000)
  region size 2M, 0 eden (0M), 9 survivor (18M), 11 old (22M), 1 humongous (2M), 195 free (390M)
}
Event: 134.130 {heap Before GC invocations=18 (full 0):
 garbage-first heap   total reserved 3938304K, committed 442368K, used 308968K [0x000000070fa00000, 0x0000000800000000)
  region size 2M, 120 eden (240M), 9 survivor (18M), 11 old (22M), 13 humongous (26M), 63 free (126M)
}
Event: 134.138 {heap After GC invocations=19 (full 0):
 garbage-first heap   total reserved 3938304K, committed 442368K, used 47023K [0x000000070fa00000, 0x0000000800000000)
  region size 2M, 0 eden (0M), 12 survivor (24M), 11 old (22M), 1 humongous (2M), 192 free (384M)
}
Event: 143.802 {heap Before GC invocations=19 (full 0):
 garbage-first heap   total reserved 3938304K, committed 442368K, used 300975K [0x000000070fa00000, 0x0000000800000000)
  region size 2M, 117 eden (234M), 12 survivor (24M), 11 old (22M), 9 humongous (18M), 67 free (134M)
}
Event: 143.809 {heap After GC invocations=20 (full 0):
 garbage-first heap   total reserved 3938304K, committed 442368K, used 46704K [0x000000070fa00000, 0x0000000800000000)
  region size 2M, 0 eden (0M), 4 survivor (8M), 18 old (36M), 1 humongous (2M), 193 free (386M)
}
Event: 165.627 {heap Before GC invocations=20 (full 0):
 garbage-first heap   total reserved 3938304K, committed 442368K, used 304752K [0x000000070fa00000, 0x0000000800000000)
  region size 2M, 125 eden (250M), 4 survivor (8M), 18 old (36M), 3 humongous (6M), 66 free (132M)
}
Event: 165.631 {heap After GC invocations=21 (full 0):
 garbage-first heap   total reserved 3938304K, committed 442368K, used 46279K [0x000000070fa00000, 0x0000000800000000)
  region size 2M, 0 eden (0M), 4 survivor (8M), 18 old (36M), 1 humongous (2M), 193 free (386M)
}

Metaspace Usage History (20 events):
Event: 2.474 {metaspace Before GC invocations=8 (full 0):
 Metaspace       used 21110K, committed 21504K, reserved 1114112K
  class space    used 2011K, committed 2176K, reserved 1048576K
}
Event: 2.478 {metaspace After GC invocations=9 (full 0):
 Metaspace       used 21110K, committed 21504K, reserved 1114112K
  class space    used 2011K, committed 2176K, reserved 1048576K
}
Event: 2.868 {metaspace Before GC invocations=10 (full 0):
 Metaspace       used 25723K, committed 26432K, reserved 1114112K
  class space    used 2576K, committed 2880K, reserved 1048576K
}
Event: 2.873 {metaspace After GC invocations=11 (full 0):
 Metaspace       used 25723K, committed 26432K, reserved 1114112K
  class space    used 2576K, committed 2880K, reserved 1048576K
}
Event: 3.406 {metaspace Before GC invocations=11 (full 0):
 Metaspace       used 35149K, committed 35968K, reserved 1114112K
  class space    used 3679K, committed 4032K, reserved 1048576K
}
Event: 3.415 {metaspace After GC invocations=12 (full 0):
 Metaspace       used 35149K, committed 35968K, reserved 1114112K
  class space    used 3679K, committed 4032K, reserved 1048576K
}
Event: 3.423 {metaspace Before GC invocations=12 (full 0):
 Metaspace       used 35405K, committed 36288K, reserved 1114112K
  class space    used 3705K, committed 4032K, reserved 1048576K
}
Event: 3.430 {metaspace After GC invocations=13 (full 0):
 Metaspace       used 35405K, committed 36288K, reserved 1114112K
  class space    used 3705K, committed 4032K, reserved 1048576K
}
Event: 4.250 {metaspace Before GC invocations=14 (full 0):
 Metaspace       used 53435K, committed 54464K, reserved 1114112K
  class space    used 5829K, committed 6272K, reserved 1048576K
}
Event: 4.268 {metaspace After GC invocations=15 (full 0):
 Metaspace       used 53435K, committed 54464K, reserved 1114112K
  class space    used 5829K, committed 6272K, reserved 1048576K
}
Event: 4.842 {metaspace Before GC invocations=15 (full 0):
 Metaspace       used 59663K, committed 60800K, reserved 1114112K
  class space    used 6731K, committed 7168K, reserved 1048576K
}
Event: 4.858 {metaspace After GC invocations=16 (full 0):
 Metaspace       used 59663K, committed 60800K, reserved 1114112K
  class space    used 6731K, committed 7168K, reserved 1048576K
}
Event: 10.963 {metaspace Before GC invocations=17 (full 0):
 Metaspace       used 76241K, committed 77696K, reserved 1179648K
  class space    used 8556K, committed 9152K, reserved 1048576K
}
Event: 10.987 {metaspace After GC invocations=18 (full 0):
 Metaspace       used 76241K, committed 77696K, reserved 1179648K
  class space    used 8556K, committed 9152K, reserved 1048576K
}
Event: 134.131 {metaspace Before GC invocations=18 (full 0):
 Metaspace       used 84469K, committed 86208K, reserved 1179648K
  class space    used 9364K, committed 10048K, reserved 1048576K
}
Event: 134.138 {metaspace After GC invocations=19 (full 0):
 Metaspace       used 84469K, committed 86208K, reserved 1179648K
  class space    used 9364K, committed 10048K, reserved 1048576K
}
Event: 143.802 {metaspace Before GC invocations=19 (full 0):
 Metaspace       used 84617K, committed 86336K, reserved 1179648K
  class space    used 9370K, committed 10048K, reserved 1048576K
}
Event: 143.809 {metaspace After GC invocations=20 (full 0):
 Metaspace       used 84617K, committed 86336K, reserved 1179648K
  class space    used 9370K, committed 10048K, reserved 1048576K
}
Event: 165.627 {metaspace Before GC invocations=20 (full 0):
 Metaspace       used 85038K, committed 86784K, reserved 1179648K
  class space    used 9403K, committed 10112K, reserved 1048576K
}
Event: 165.631 {metaspace After GC invocations=21 (full 0):
 Metaspace       used 85038K, committed 86784K, reserved 1179648K
  class space    used 9403K, committed 10112K, reserved 1048576K
}

Dll operation events (20 events):
Event: 1.392 Attempting to load shared library /usr/lib/jvm/java-26-openjdk/lib/libsyslookup.so
Event: 1.392 Loaded shared library /usr/lib/jvm/java-26-openjdk/lib/libsyslookup.so
Event: 2.677 Attempting to load shared library libwayland-client.so.0
Event: 2.677 Loaded shared library libwayland-client.so.0
Event: 2.731 Attempting to load shared library libglib-2.0.so.0
Event: 2.731 Loaded shared library libglib-2.0.so.0
Event: 2.752 Attempting to load shared library libwpe-1.0.so.1
Event: 2.753 Loaded shared library libwpe-1.0.so.1
Event: 2.753 Attempting to load shared library libWPEBackend-fdo-1.0.so.1
Event: 2.756 Loaded shared library libWPEBackend-fdo-1.0.so.1
Event: 2.774 Attempting to load shared library libWPEWebKit-2.0.so.1
Event: 2.809 Loaded shared library libWPEWebKit-2.0.so.1
Event: 2.809 Attempting to load shared library libgobject-2.0.so.0
Event: 2.809 Loaded shared library libgobject-2.0.so.0
Event: 3.338 Attempting to load shared library libwayland-server.so.0
Event: 3.339 Loaded shared library libwayland-server.so.0
Event: 3.558 Attempting to load shared library /usr/lib/jvm/java-26-openjdk/lib/libextnet.so
Event: 3.559 Loaded shared library /usr/lib/jvm/java-26-openjdk/lib/libextnet.so
Event: 4.165 Attempting to load shared library /usr/lib/jvm/java-26-openjdk/lib/libprefs.so
Event: 4.166 Loaded shared library /usr/lib/jvm/java-26-openjdk/lib/libprefs.so

Deoptimization events (20 events):
Event: 255.842 Thread 0x00007f319dc47b30 Uncommon trap: trap_request=0xffffffde fr.pc=0x00007f31e3f272a4 relative=0x00000000000013a4
Event: 255.842 Thread 0x00007f319dc47b30 Uncommon trap: reason=class_check action=maybe_recompile pc=0x00007f31e3f272a4 method=java.util.TreeMap.put(Ljava/lang/Object;Ljava/lang/Object;Z)Ljava/lang/Object; @ 118 c2
Event: 255.842 Thread 0x00007f319dc47b30 DEOPT PACKING pc=0x00007f31e3f272a4 sp=0x00007f31cd5f9c10
Event: 255.842 Thread 0x00007f319dc47b30 DEOPT UNPACKING pc=0x00007f31e33830f9 sp=0x00007f31cd5f9bd0 mode 2
Event: 255.895 Thread 0x00007f31981bbf10 Uncommon trap: trap_request=0xffffffc6 fr.pc=0x00007f31e3fe5104 relative=0x0000000000000184
Event: 255.895 Thread 0x00007f31981bbf10 Uncommon trap: reason=bimorphic_or_optimized_type_check action=maybe_recompile pc=0x00007f31e3fe5104 method=kotlin.collections.CollectionsKt___CollectionsKt$asSequence$$inlined$Sequence$1.iterator()Ljava/util/Iterator; @ 6 c2
Event: 255.895 Thread 0x00007f31981bbf10 DEOPT PACKING pc=0x00007f31e3fe5104 sp=0x00007f30ef2f73c0
Event: 255.895 Thread 0x00007f31981bbf10 DEOPT UNPACKING pc=0x00007f31e33830f9 sp=0x00007f30ef2f7378 mode 2
Event: 255.944 Thread 0x00007f31f468c440 Uncommon trap: trap_request=0xffffff45 fr.pc=0x00007f31e3eab874 relative=0x0000000000000074
Event: 255.944 Thread 0x00007f31f468c440 Uncommon trap: reason=unstable_if action=reinterpret pc=0x00007f31e3eab874 method=jdk.internal.foreign.AbstractMemorySegmentImpl.equals(Ljava/lang/Object;)Z @ 32 c2
Event: 255.944 Thread 0x00007f31f468c440 DEOPT PACKING pc=0x00007f31e3eab874 sp=0x00007f30f00ea750
Event: 255.944 Thread 0x00007f31f468c440 DEOPT UNPACKING pc=0x00007f31e33830f9 sp=0x00007f30f00ea708 mode 2
Event: 255.984 Thread 0x00007f31f5449990 Uncommon trap: trap_request=0xffffffde fr.pc=0x00007f31e3ec430c relative=0x0000000000000e8c
Event: 255.984 Thread 0x00007f31f5449990 Uncommon trap: reason=class_check action=maybe_recompile pc=0x00007f31e3ec430c method=java.awt.event.InvocationEvent.dispatch()V @ 11 c2
Event: 255.984 Thread 0x00007f31f5449990 DEOPT PACKING pc=0x00007f31e3ec430c sp=0x00007f317d087560
Event: 255.984 Thread 0x00007f31f5449990 DEOPT UNPACKING pc=0x00007f31e33830f9 sp=0x00007f317d0875a8 mode 2
Event: 255.985 Thread 0x00007f31f5449990 Uncommon trap: trap_request=0xffffff45 fr.pc=0x00007f31e402751c relative=0x000000000000081c
Event: 255.985 Thread 0x00007f31f5449990 Uncommon trap: reason=unstable_if action=reinterpret pc=0x00007f31e402751c method=org.jetbrains.skia.impl.CleanableImpl.remove()Z @ 23 c2
Event: 255.985 Thread 0x00007f31f5449990 DEOPT PACKING pc=0x00007f31e402751c sp=0x00007f317d0873b0
Event: 255.985 Thread 0x00007f31f5449990 DEOPT UNPACKING pc=0x00007f31e33830f9 sp=0x00007f317d0872e8 mode 2

Classes loaded (20 events):
Event: 255.814 Loading class java/util/concurrent/CompletableFuture$UniComposeExceptionally
Event: 255.814 Loading class java/util/concurrent/CompletableFuture$UniComposeExceptionally done
Event: 255.815 Loading class java/util/concurrent/CompletableFuture$AsyncSupply
Event: 255.815 Loading class java/util/concurrent/CompletableFuture$AsyncSupply done
Event: 255.837 Loading class java/util/function/LongBinaryOperator
Event: 255.837 Loading class java/util/function/LongBinaryOperator done
Event: 255.838 Loading class java/util/concurrent/CompletableFuture$UniHandle
Event: 255.838 Loading class java/util/concurrent/CompletableFuture$UniHandle done
Event: 255.839 Loading class java/util/concurrent/CompletableFuture$UniRelay
Event: 255.839 Loading class java/util/concurrent/CompletableFuture$UniRelay done
Event: 255.839 Loading class java/util/concurrent/CompletableFuture$UniWhenComplete
Event: 255.839 Loading class java/util/concurrent/CompletableFuture$UniWhenComplete done
Event: 255.840 Loading class java/util/concurrent/CompletableFuture$Signaller
Event: 255.840 Loading class java/util/concurrent/CompletableFuture$Signaller done
Event: 255.990 Loading class sun/awt/X11/XSystemTrayPeer
Event: 255.990 Loading class java/awt/peer/SystemTrayPeer
Event: 255.990 Loading class java/awt/peer/SystemTrayPeer done
Event: 255.990 Loading class sun/awt/X11/XMSelectionListener
Event: 255.990 Loading class sun/awt/X11/XMSelectionListener done
Event: 255.990 Loading class sun/awt/X11/XSystemTrayPeer done

Classes unloaded (0 events):
No events

Classes redefined (0 events):
No events

Internal exceptions (20 events):
Event: 246.923 Thread 0x00007f31b0145890 Exception <a 'java/lang/NoSuchMethodError'{0x000000071f4f50b8}: 'java.lang.Object java.lang.invoke.DelegatingMethodHandle$Holder.reinvoke_L(java.lang.Object, java.lang.Object, int, int, int, java.lang.Object, java.lang.Object, int, int)'> (0x000000071f4f50b8) 
thrown [/usr/src/debug/java-openjdk/jdk26u-jdk-26.0.2.1-1/src/hotspot/share/interpreter/linkResolver.cpp, line 803]
Event: 246.926 Thread 0x00007f31b0145890 Exception <a 'java/lang/NoSuchMethodError'{0x000000071f533668}: 'java.lang.Object java.lang.invoke.DelegatingMethodHandle$Holder.reinvoke_L(java.lang.Object, java.lang.Object, int, int, int, int, int, long)'> (0x000000071f533668) 
thrown [/usr/src/debug/java-openjdk/jdk26u-jdk-26.0.2.1-1/src/hotspot/share/interpreter/linkResolver.cpp, line 803]
Event: 246.927 Thread 0x00007f31b0145890 Exception <a 'sun/nio/fs/UnixException'{0x000000071f550000}> (0x000000071f550000) 
thrown [/usr/src/debug/java-openjdk/jdk26u-jdk-26.0.2.1-1/src/hotspot/share/prims/jni.cpp, line 514]
Event: 246.928 Thread 0x00007f31b0145890 Exception <a 'java/lang/NoSuchMethodError'{0x000000071f595b98}: 'java.lang.Object java.lang.invoke.DelegatingMethodHandle$Holder.reinvoke_L(java.lang.Object, java.lang.Object, int, int, int, int, int, long, int)'> (0x000000071f595b98) 
thrown [/usr/src/debug/java-openjdk/jdk26u-jdk-26.0.2.1-1/src/hotspot/share/interpreter/linkResolver.cpp, line 803]
Event: 247.549 Thread 0x00007f31f5449990 Exception <a 'java/io/IOException'{0x000000071f876950}> (0x000000071f876950) 
thrown [/usr/src/debug/java-openjdk/jdk26u-jdk-26.0.2.1-1/src/hotspot/share/prims/jni.cpp, line 514]
Event: 248.552 Thread 0x00007f31f5449990 Exception <a 'java/io/IOException'{0x000000071f88fcf8}> (0x000000071f88fcf8) 
thrown [/usr/src/debug/java-openjdk/jdk26u-jdk-26.0.2.1-1/src/hotspot/share/prims/jni.cpp, line 514]
Event: 249.552 Thread 0x00007f31f5449990 Exception <a 'java/io/IOException'{0x000000071f8a5940}> (0x000000071f8a5940) 
thrown [/usr/src/debug/java-openjdk/jdk26u-jdk-26.0.2.1-1/src/hotspot/share/prims/jni.cpp, line 514]
Event: 250.553 Thread 0x00007f31f5449990 Exception <a 'java/io/IOException'{0x000000071f8bc5d8}> (0x000000071f8bc5d8) 
thrown [/usr/src/debug/java-openjdk/jdk26u-jdk-26.0.2.1-1/src/hotspot/share/prims/jni.cpp, line 514]
Event: 251.555 Thread 0x00007f31f5449990 Exception <a 'java/io/IOException'{0x000000071f8d20f0}> (0x000000071f8d20f0) 
thrown [/usr/src/debug/java-openjdk/jdk26u-jdk-26.0.2.1-1/src/hotspot/share/prims/jni.cpp, line 514]
Event: 252.556 Thread 0x00007f31f5449990 Exception <a 'java/io/IOException'{0x000000071f8e7458}> (0x000000071f8e7458) 
thrown [/usr/src/debug/java-openjdk/jdk26u-jdk-26.0.2.1-1/src/hotspot/share/prims/jni.cpp, line 514]
Event: 253.560 Thread 0x00007f31f5449990 Exception <a 'java/io/IOException'{0x000000071f8fc868}> (0x000000071f8fc868) 
thrown [/usr/src/debug/java-openjdk/jdk26u-jdk-26.0.2.1-1/src/hotspot/share/prims/jni.cpp, line 514]
Event: 254.564 Thread 0x00007f31f5449990 Exception <a 'java/io/IOException'{0x000000071f918328}> (0x000000071f918328) 
thrown [/usr/src/debug/java-openjdk/jdk26u-jdk-26.0.2.1-1/src/hotspot/share/prims/jni.cpp, line 514]
Event: 255.568 Thread 0x00007f31f5449990 Exception <a 'java/io/IOException'{0x000000071f93a6f0}> (0x000000071f93a6f0) 
thrown [/usr/src/debug/java-openjdk/jdk26u-jdk-26.0.2.1-1/src/hotspot/share/prims/jni.cpp, line 514]
Event: 255.804 Thread 0x00007f31f5449990 Exception <a 'sun/nio/fs/UnixException'{0x000000071ee65650}> (0x000000071ee65650) 
thrown [/usr/src/debug/java-openjdk/jdk26u-jdk-26.0.2.1-1/src/hotspot/share/prims/jni.cpp, line 514]
Event: 255.825 Thread 0x00007f31b0145890 Exception <a 'java/lang/IncompatibleClassChangeError'{0x000000071ec3f7b8}: Found class java.lang.Object, but interface was expected> (0x000000071ec3f7b8) 
thrown [/usr/src/debug/java-openjdk/jdk26u-jdk-26.0.2.1-1/src/hotspot/share/interpreter/linkResolver.cpp, line 871]
Event: 255.839 Thread 0x00007f31b59c6b90 Exception <a 'java/lang/NoSuchMethodError'{0x0000000729d1bce8}: 'void java.lang.invoke.DirectMethodHandle$Holder.invokeStatic(java.lang.Object, java.lang.Object, int)'> (0x0000000729d1bce8) 
thrown [/usr/src/debug/java-openjdk/jdk26u-jdk-26.0.2.1-1/src/hotspot/share/interpreter/linkResolver.cpp, line 803]
Event: 255.840 Thread 0x00007f31b59c6b90 Exception <a 'java/net/ConnectException'{0x000000071edac020}> (0x000000071edac020) 
thrown [/usr/src/debug/java-openjdk/jdk26u-jdk-26.0.2.1-1/src/hotspot/share/prims/jni.cpp, line 514]
Event: 255.842 Thread 0x00007f31b59c6b90 Exception <a 'java/net/ConnectException'{0x000000071edf8458}> (0x000000071edf8458) 
thrown [/usr/src/debug/java-openjdk/jdk26u-jdk-26.0.2.1-1/src/hotspot/share/prims/jni.cpp, line 514]
Event: 255.896 Thread 0x00007f31981bbf10 Exception <a 'sun/nio/fs/UnixException'{0x0000000723eea040}> (0x0000000723eea040) 
thrown [/usr/src/debug/java-openjdk/jdk26u-jdk-26.0.2.1-1/src/hotspot/share/prims/jni.cpp, line 514]
Event: 255.985 Thread 0x00007f31f5449990 Implicit null exception at 0x00007f31e4026dd6 to 0x00007f31e40274f8

VM Operations (20 events):
Event: 134.130 Executing safepoint VM operation: G1CollectForAllocation (G1 Evacuation Pause)
Event: 134.138 Executing safepoint VM operation: G1CollectForAllocation (G1 Evacuation Pause) done
Event: 143.802 Executing safepoint VM operation: G1CollectForAllocation (G1 Evacuation Pause)
Event: 143.809 Executing safepoint VM operation: G1CollectForAllocation (G1 Evacuation Pause) done
Event: 159.154 Executing non-safepoint VM operation: HandshakeAllThreads (Deoptimize)
Event: 159.154 Executing non-safepoint VM operation: HandshakeAllThreads (Deoptimize) done
Event: 159.161 Executing non-safepoint VM operation: HandshakeAllThreads (Deoptimize)
Event: 159.161 Executing non-safepoint VM operation: HandshakeAllThreads (Deoptimize) done
Event: 165.627 Executing safepoint VM operation: G1CollectForAllocation (G1 Evacuation Pause)
Event: 165.631 Executing safepoint VM operation: G1CollectForAllocation (G1 Evacuation Pause) done
Event: 180.190 Executing non-safepoint VM operation: HandshakeAllThreads (DeflationHandshakeClosure)
Event: 180.190 Executing non-safepoint VM operation: HandshakeAllThreads (DeflationHandshakeClosure) done
Event: 180.190 Executing non-safepoint VM operation: RendezvousGCThreads
Event: 180.190 Executing non-safepoint VM operation: RendezvousGCThreads done
Event: 240.231 Executing non-safepoint VM operation: HandshakeAllThreads (DeflationHandshakeClosure)
Event: 240.231 Executing non-safepoint VM operation: HandshakeAllThreads (DeflationHandshakeClosure) done
Event: 240.231 Executing non-safepoint VM operation: RendezvousGCThreads
Event: 240.231 Executing non-safepoint VM operation: RendezvousGCThreads done
Event: 255.984 Executing non-safepoint VM operation: HandshakeAllThreads (CloseScopedMemory)
Event: 255.984 Executing non-safepoint VM operation: HandshakeAllThreads (CloseScopedMemory) done

Memory protections (20 events):
Event: 130.899 Protecting memory [0x00007f30efeeb000,0x00007f30efeef000] with protection modes 0
Event: 131.283 Protecting memory [0x00007f314a8e7000,0x00007f314a8eb000] with protection modes 0
Event: 131.283 Protecting memory [0x00007f314a9e8000,0x00007f314a9ec000] with protection modes 0
Event: 131.320 Protecting memory [0x00007f30ef5fd000,0x00007f30ef601000] with protection modes 0
Event: 131.331 Protecting memory [0x00007f314aae9000,0x00007f314aaed000] with protection modes 0
Event: 131.331 Protecting memory [0x00007f30ef0f8000,0x00007f30ef0fc000] with protection modes 0
Event: 132.006 Protecting memory [0x00007f30e4bff000,0x00007f30e4c03000] with protection modes 0
Event: 134.143 Protecting memory [0x00007f30efeeb000,0x00007f30efeef000] with protection modes 0
Event: 147.970 Protecting memory [0x00007f30eeef6000,0x00007f30eeefa000] with protection modes 0
Event: 158.751 Protecting memory [0x00007f30eeef6000,0x00007f30eeefa000] with protection modes 0
Event: 167.751 Protecting memory [0x00007f30eeef6000,0x00007f30eeefa000] with protection modes 0
Event: 184.630 Protecting memory [0x00007f30eeef6000,0x00007f30eeefa000] with protection modes 0
Event: 246.844 Protecting memory [0x00007f30f00ed000,0x00007f30f00f1000] with protection modes 0
Event: 246.844 Protecting memory [0x00007f314ac81000,0x00007f314ac85000] with protection modes 0
Event: 255.797 Protecting memory [0x00007f30effec000,0x00007f30efff0000] with protection modes 0
Event: 255.840 Protecting memory [0x00007f31cd4fc000,0x00007f31cd500000] with protection modes 0
Event: 255.989 Protecting memory [0x00007f30effec000,0x00007f30efff0000] with protection modes 0
Event: 255.989 Protecting memory [0x00007f31cd1f9000,0x00007f31cd1fd000] with protection modes 0
Event: 255.990 Protecting memory [0x00007f3197b3e000,0x00007f3197b42000] with protection modes 0
Event: 255.990 Protecting memory [0x00007f3197a3d000,0x00007f3197a41000] with protection modes 0

Nmethod flushes (20 events):
Event: 4.880 Thread 0x00007f31f40ff7f0 flushing  nmethod 0x00007f31dbe7dc88
Event: 4.880 Thread 0x00007f31f40ff7f0 flushing  nmethod 0x00007f31dbe7ea88
Event: 4.880 Thread 0x00007f31f40ff7f0 flushing  nmethod 0x00007f31dbf0d188
Event: 4.880 Thread 0x00007f31f40ff7f0 flushing  nmethod 0x00007f31dbf10888
Event: 4.880 Thread 0x00007f31f40ff7f0 flushing  nmethod 0x00007f31dbf3bf88
Event: 4.880 Thread 0x00007f31f40ff7f0 flushing  nmethod 0x00007f31dbf3ce88
Event: 4.880 Thread 0x00007f31f40ff7f0 flushing  nmethod 0x00007f31dbf42008
Event: 4.880 Thread 0x00007f31f40ff7f0 flushing  nmethod 0x00007f31dbf67008
Event: 4.880 Thread 0x00007f31f40ff7f0 flushing  nmethod 0x00007f31dbf67c08
Event: 4.880 Thread 0x00007f31f40ff7f0 flushing  nmethod 0x00007f31dbf89708
Event: 4.880 Thread 0x00007f31f40ff7f0 flushing  nmethod 0x00007f31dbfcf588
Event: 4.880 Thread 0x00007f31f40ff7f0 flushing  nmethod 0x00007f31dbfd1308
Event: 4.880 Thread 0x00007f31f40ff7f0 flushing  nmethod 0x00007f31dbff3988
Event: 4.880 Thread 0x00007f31f40ff7f0 flushing  nmethod 0x00007f31dc020508
Event: 4.880 Thread 0x00007f31f40ff7f0 flushing  nmethod 0x00007f31dc03a308
Event: 4.880 Thread 0x00007f31f40ff7f0 flushing  nmethod 0x00007f31dc0ef708
Event: 4.880 Thread 0x00007f31f40ff7f0 flushing  nmethod 0x00007f31dc134508
Event: 4.880 Thread 0x00007f31f40ff7f0 flushing  nmethod 0x00007f31dc155f88
Event: 4.880 Thread 0x00007f31f40ff7f0 flushing  nmethod 0x00007f31dc19c788
Event: 4.880 Thread 0x00007f31f40ff7f0 flushing  nmethod 0x00007f31dc2a4588

Events (20 events):
Event: 191.332 Thread 0x00007f31ac0372b0 Thread exited: 0x00007f31ac0372b0
Event: 191.812 Thread 0x00007f31c02b4bc0 Thread exited: 0x00007f31c02b4bc0
Event: 191.812 Thread 0x00007f31d4005a70 Thread exited: 0x00007f31d4005a70
Event: 195.791 Thread 0x00007f31b0322800 Thread exited: 0x00007f31b0322800
Event: 195.792 Thread 0x00007f31c81b0d30 Thread exited: 0x00007f31c81b0d30
Event: 246.844 Thread 0x0000558eecc09530 Thread added: 0x00007f31a0b9b680
Event: 246.844 Thread 0x00007f31a0cb5880 Thread added: 0x00007f31b820d940
Event: 255.797 Thread 0x00007f31f401ff40 Thread added: 0x00007f31f468c440
Event: 255.809 Thread 0x00007f31f5650550 Thread exited: 0x00007f31f5650550
Event: 255.825 Thread 0x00007f31d01b6120 Thread exited: 0x00007f31d01b6120
Event: 255.840 Thread 0x00007f31b59c6b90 Thread added: 0x00007f319dc47b30
Event: 255.944 Thread 0x00007f31f56567b0 Thread exited: 0x00007f31f56567b0
Event: 255.985 Thread 0x00007f31f468c440 Thread exited: 0x00007f31f468c440
Event: 255.989 Thread 0x00007f31f401ff40 Thread added: 0x00007f31f5650550
Event: 255.989 Thread 0x00007f31f401ff40 Thread added: 0x00007f31f4a06b10
Event: 255.990 Thread 0x00007f31f401ff40 Thread added: 0x00007f31f47f2550
Event: 255.990 Thread 0x00007f31f401ff40 Thread added: 0x00007f31f49f7ea0
Event: 255.990 Thread 0x00007f31f5650550 Thread exited: 0x00007f31f5650550
Event: 255.990 Thread 0x00007f31a09b5300 Thread exited: 0x00007f31a09b5300
Event: 255.990 Thread 0x00007f31f49f7ea0 Thread exited: 0x00007f31f49f7ea0


Dynamic libraries:
40961000-40a0d000 rw-p 00000000 00:00 0 
41f00000-41f02000 r-xs 00000000 00:01 613562                             /memfd:/.glXXXXXX (deleted)
50000000-50001000 ---p 00000000 00:00 0 
50001000-50da7000 rw-p 00001000 103:02 7880813                           /usr/lib/jvm/java-26-openjdk/lib/server/classes.jsa
50da7000-51000000 ---p 00000000 00:00 0 
51000000-51040000 rw-p 00000000 00:00 0 
51040000-510c0000 rw-p 00000000 00:00 0 
510c0000-51100000 rw-p 00000000 00:00 0 
51100000-512c0000 rw-p 00000000 00:00 0 
512c0000-51300000 rw-p 00000000 00:00 0 
51300000-51440000 rw-p 00000000 00:00 0 
51440000-51480000 rw-p 00000000 00:00 0 
51480000-514c0000 rw-p 00000000 00:00 0 
514c0000-51500000 rw-p 00000000 00:00 0 
51500000-51600000 rw-p 00000000 00:00 0 
51600000-51a20000 rw-p 00000000 00:00 0 
51a20000-91000000 ---p 00000000 00:00 0 
200000000-300200000 ---p 00000000 00:00 0 
70fa00000-72a400000 rw-p 00000000 00:00 0 
72a400000-7ffa00000 ---p 00000000 00:00 0 
7ffa00000-7ffe00000 rw-p 00000000 00:00 0 
7ffe00000-7fff25000 rw-p 00ddd000 103:02 7880813                         /usr/lib/jvm/java-26-openjdk/lib/server/classes.jsa
7fff25000-800000000 rw-p 00000000 00:00 0 
558ecb7c8000-558ecb7c9000 r--p 00000000 103:02 7876111                   /usr/lib/jvm/java-26-openjdk/bin/java
558ecb7c9000-558ecb7ca000 r-xp 00001000 103:02 7876111                   /usr/lib/jvm/java-26-openjdk/bin/java
558ecb7ca000-558ecb7cb000 r--p 00002000 103:02 7876111                   /usr/lib/jvm/java-26-openjdk/bin/java
558ecb7cb000-558ecb7cc000 r--p 00002000 103:02 7876111                   /usr/lib/jvm/java-26-openjdk/bin/java
558ecb7cc000-558ecb7cd000 rw-p 00003000 103:02 7876111                   /usr/lib/jvm/java-26-openjdk/bin/java
558eec4e7000-558eefebe000 rw-p 00000000 00:00 0                          [heap]
7f1e00000000-7f1f00000000 rw-p 00000000 00:00 0 
7f2000000000-7f2081000000 rw-p 00000000 00:00 0 
7f2081000000-7f2081400000 rw-p 00000000 00:00 0 
7f2081400000-7f2f8af0c000 rw-p 00000000 00:00 0 
7f2f8af0c000-7f3000000000 ---p 00000000 00:00 0 
7f30c4ffa000-7f30c8000000 rw-p 00000000 00:00 0 
7f30c8000000-7f30cbff7000 rw-p 00000000 00:00 0 
7f30cbff7000-7f30cc000000 ---p 00000000 00:00 0 
7f30cc000000-7f30ce105000 rw-p 00000000 00:00 0 
7f30ce105000-7f30d0000000 ---p 00000000 00:00 0 
7f30d0000000-7f30d7ff3000 rw-p 00000000 00:00 0 
7f30d7ff3000-7f30d8000000 ---p 00000000 00:00 0 
7f30d8000000-7f30dc000000 rw-p 00000000 00:00 0 
7f30dc7fe000-7f30dd800000 rw-p 00000000 00:00 0 
7f30ddc00000-7f30ddf56000 rw-s 00000000 00:01 615524                     /memfd:mesa-shared (deleted)
7f30ddf69000-7f30de00c000 rw-p 00000000 00:00 0 
7f30e2a77000-7f30e2b1a000 rw-p 00000000 00:00 0 
7f30e53ff000-7f30e5c00000 rw-p 00000000 00:00 0 
7f30e5f5e000-7f30e6000000 rw-p 00000000 00:00 0 
7f30e635b000-7f30e63fd000 rw-p 00000000 00:00 0 
7f30e65fd000-7f30e75ff000 rw-p 00000000 00:00 0 
7f30e7e00000-7f30e882e000 r--p 00000000 103:02 5649983                   /usr/share/fonts/noto/NotoColorEmoji.ttf
7f30e88c1000-7f30e8965000 r--p 00000000 103:02 5652750                   /usr/share/fonts/noto/NotoSansSymbols2-Regular.ttf
7f30e8965000-7f30e8a00000 r--p 00000000 103:02 5641617                   /usr/share/fonts/noto/NotoSans-Bold.ttf
7f30e8a00000-7f30e942e000 r--p 00000000 103:02 5649983                   /usr/share/fonts/noto/NotoColorEmoji.ttf
7f30e9463000-7f30e9663000 rw-s 00000000 00:07 1110                       /dev/nvidiactl
7f30e9663000-7f30e9a63000 rw-s 00000000 00:07 1110                       /dev/nvidiactl
7f30e9a63000-7f30e9afb000 r--p 00000000 103:02 5641624                   /usr/share/fonts/noto/NotoSans-Regular.ttf
7f30e9afb000-7f30e9afc000 rw-p 00000000 00:00 0 
7f30e9afc000-7f30e9b00000 ---p 00000000 00:00 0 
7f30e9b00000-7f30e9bfd000 rw-p 00000000 00:00 0 
7f30e9bfd000-7f30e9c01000 ---p 00000000 00:00 0 
7f30e9c01000-7f30e9cfe000 rw-p 00000000 00:00 0 
7f30e9cfe000-7f30e9d02000 ---p 00000000 00:00 0 
7f30e9d02000-7f30e9dff000 rw-p 00000000 00:00 0 
7f30e9dff000-7f30e9e03000 ---p 00000000 00:00 0 
7f30e9e03000-7f30e9f00000 rw-p 00000000 00:00 0 
7f30e9f00000-7f30e9f04000 ---p 00000000 00:00 0 
7f30e9f04000-7f30ea000000 rw-p 00000000 00:00 0 
7f30ea000000-7f30ea100000 rw-p 00000000 00:00 0 
7f30ea100000-7f30ea3c0000 rw-p 00000000 00:00 0 
7f30ea3c0000-7f30ea400000 rw-p 00000000 00:00 0 
7f30ea400000-7f30ea600000 rw-p 00000000 00:00 0 
7f30ea600000-7f30eab00000 rw-p 00000000 00:00 0 
7f30eab00000-7f30eab40000 rw-p 00000000 00:00 0 
7f30eab40000-7f30eac00000 ---p 00000000 00:00 0 
7f30eac00000-7f30eacf0000 rw-p 00000000 00:00 0 
7f30eacf0000-7f30ee000000 ---p 00000000 00:00 0 
7f30ee096000-7f30ee097000 rw-p 00000000 00:00 0 
7f30ee097000-7f30ee09b000 ---p 00000000 00:00 0 
7f30ee09b000-7f30ee198000 rw-p 00000000 00:00 0 
7f30ee198000-7f30ee19c000 ---p 00000000 00:00 0 
7f30ee19c000-7f30ee299000 rw-p 00000000 00:00 0 
7f30ee299000-7f30ee29d000 ---p 00000000 00:00 0 
7f30ee29d000-7f30ee39a000 rw-p 00000000 00:00 0 
7f30ee39a000-7f30ee39e000 ---p 00000000 00:00 0 
7f30ee39e000-7f30ee49b000 rw-p 00000000 00:00 0 
7f30ee49b000-7f30ee49f000 ---p 00000000 00:00 0 
7f30ee49f000-7f30ee59c000 rw-p 00000000 00:00 0 
7f30ee59c000-7f30ee5a0000 ---p 00000000 00:00 0 
7f30ee5a0000-7f30ee69d000 rw-p 00000000 00:00 0 
7f30ee69d000-7f30ee6a1000 ---p 00000000 00:00 0 
7f30ee6a1000-7f30ee79d000 rw-p 00000000 00:00 0 
7f30ee89e000-7f30ee89f000 rw-p 00000000 00:00 0 
7f30ee89f000-7f30ee8a3000 ---p 00000000 00:00 0 
7f30ee8a3000-7f30ee99f000 rw-p 00000000 00:00 0 
7f30eeaa0000-7f30eeaa1000 rw-p 00000000 00:00 0 
7f30eeaa1000-7f30eeaa5000 ---p 00000000 00:00 0 
7f30eeaa5000-7f30eeba1000 rw-p 00000000 00:00 0 
7f30eeba1000-7f30eec5b000 r--p 00000000 103:02 5131297                   /usr/share/fonts/TTF/DejaVuSans.ttf
7f30eec5b000-7f30eecf3000 r--p 00000000 103:02 5641622                   /usr/share/fonts/noto/NotoSans-Medium.ttf
7f30eeff6000-7f30eeff7000 rw-p 00000000 00:00 0 
7f30eeff7000-7f30eeffb000 ---p 00000000 00:00 0 
7f30eeffb000-7f30ef0f8000 rw-p 00000000 00:00 0 
7f30ef0f8000-7f30ef0fc000 ---p 00000000 00:00 0 
7f30ef0fc000-7f30ef1f9000 rw-p 00000000 00:00 0 
7f30ef1f9000-7f30ef1fd000 ---p 00000000 00:00 0 
7f30ef1fd000-7f30ef2fa000 rw-p 00000000 00:00 0 
7f30ef2fa000-7f30ef2fe000 ---p 00000000 00:00 0 
7f30ef2fe000-7f30ef3fb000 rw-p 00000000 00:00 0 
7f30ef3fb000-7f30ef3ff000 ---p 00000000 00:00 0 
7f30ef3ff000-7f30ef4fc000 rw-p 00000000 00:00 0 
7f30ef4fc000-7f30ef500000 ---p 00000000 00:00 0 
7f30ef500000-7f30ef5fd000 rw-p 00000000 00:00 0 
7f30ef5fd000-7f30ef601000 ---p 00000000 00:00 0 
7f30ef601000-7f30ef6fe000 rw-p 00000000 00:00 0 
7f30ef6fe000-7f30ef702000 ---p 00000000 00:00 0 
7f30ef702000-7f30ef7ff000 rw-p 00000000 00:00 0 
7f30ef7ff000-7f30ef803000 ---p 00000000 00:00 0 
7f30ef803000-7f30ef900000 rw-p 00000000 00:00 0 
7f30ef900000-7f30ef904000 ---p 00000000 00:00 0 
7f30ef904000-7f30efa00000 rw-p 00000000 00:00 0 
7f30efd4d000-7f30efd61000 rw-p 00000000 00:00 0 
7f30efde9000-7f30efdea000 rw-p 00000000 00:00 0 
7f30efdea000-7f30efdee000 ---p 00000000 00:00 0 
7f30efdee000-7f30efeea000 rw-p 00000000 00:00 0 
7f30effeb000-7f30effec000 rw-p 00000000 00:00 0 
7f30effec000-7f30efff0000 ---p 00000000 00:00 0 
7f30efff0000-7f30f00ed000 rw-p 00000000 00:00 0 
7f30f00ed000-7f30f00f1000 ---p 00000000 00:00 0 
7f30f00f1000-7f30f01ee000 rw-p 00000000 00:00 0 
7f30f01ee000-7f30f01f2000 ---p 00000000 00:00 0 
7f30f01f2000-7f30f02ee000 rw-p 00000000 00:00 0 
7f30f03ef000-7f30f03f0000 rw-p 00000000 00:00 0 
7f30f03f0000-7f30f03f4000 ---p 00000000 00:00 0 
7f30f03f4000-7f30f04f0000 rw-p 00000000 00:00 0 
7f30f06f2000-7f30f06f3000 rw-p 00000000 00:00 0 
7f30f06f3000-7f30f06f7000 ---p 00000000 00:00 0 
7f30f06f7000-7f30f07f3000 rw-p 00000000 00:00 0 
7f30f07f3000-7f30f0bf3000 rw-s 00000000 00:07 1110                       /dev/nvidiactl
7f30f0bf3000-7f30f0bf4000 rw-p 00000000 00:00 0 
7f30f0bf4000-7f30f0bf8000 ---p 00000000 00:00 0 
7f30f0bf8000-7f30f0cf4000 rw-p 00000000 00:00 0 
7f30f0df5000-7f30f15f6000 rw-p 00000000 00:00 0 
7f30f15f6000-7f30f17f6000 rw-s 00000000 00:07 1112                       /dev/nvidia0
7f30f17f6000-7f30f19f6000 rw-s 00000000 00:07 1110                       /dev/nvidiactl
7f30f19f6000-7f30f1bf6000 rw-s 00000000 00:07 1110                       /dev/nvidiactl
7f30f1bf6000-7f30f5bfe000 rw-p 00000000 00:00 0 
7f30f5bfe000-7f30f5bff000 ---p 00000000 00:00 0 
7f30f5bff000-7f3135bff000 rwxp 00000000 00:00 0 
7f3135bff000-7f3135c00000 ---p 00000000 00:00 0 
7f3135c00000-7f3136000000 rw-p 00000000 00:00 0 
7f3136000000-7f3136020000 rw-p 00000000 00:00 0 
7f3136020000-7f3136023000 rw-p 00000000 00:00 0 
7f3136023000-7f3136040000 rw-p 00000000 00:00 0 
7f3136040000-7f3136041000 rw-p 00000000 00:00 0 
7f3136041000-7f31360a0000 rw-p 00000000 00:00 0 
7f31360a0000-7f31360bc000 rw-p 00000000 00:00 0 
7f31360bc000-7f31360bd000 rw-p 00000000 00:00 0 
7f31360bd000-7f31360c0000 rw-p 00000000 00:00 0 
7f31360c0000-7f3136120000 rw-p 00000000 00:00 0 
7f3136120000-7f3136140000 rw-p 00000000 00:00 0 
7f3136140000-7f31361a0000 rw-p 00000000 00:00 0 
7f31361a0000-7f3136426000 rw-p 00000000 00:00 0 
7f3136426000-7f3136428000 rw-p 00000000 00:00 0 
7f3136428000-7f3136433000 rw-p 00000000 00:00 0 
7f3136433000-7f3136434000 rw-p 00000000 00:00 0 
7f3136434000-7f313645d000 rw-p 00000000 00:00 0 
7f313645d000-7f3136460000 rw-p 00000000 00:00 0 
7f3136460000-7f31364a0000 rw-p 00000000 00:00 0 
7f31364a0000-7f3136800000 rw-p 00000000 00:00 0 
7f3136800000-7f3138090000 rw-p 00000000 00:00 0 
7f3138090000-7f3138094000 rw-p 00000000 00:00 0 
7f3138094000-7f31380a8000 rw-p 00000000 00:00 0 
7f31380a8000-7f31380ac000 rw-p 00000000 00:00 0 
7f31380ac000-7f31380b8000 rw-p 00000000 00:00 0 
7f31380b8000-7f31380bc000 rw-p 00000000 00:00 0 
7f31380bc000-7f31380d4000 rw-p 00000000 00:00 0 
7f31380d4000-7f31380d8000 rw-p 00000000 00:00 0 
7f31380d8000-7f31380e8000 rw-p 00000000 00:00 0 
7f31380e8000-7f31380f0000 rw-p 00000000 00:00 0 
7f31380f0000-7f3138110000 rw-p 00000000 00:00 0 
7f3138110000-7f3138114000 rw-p 00000000 00:00 0 
7f3138114000-7f3138118000 rw-p 00000000 00:00 0 
7f3138118000-7f313811c000 rw-p 00000000 00:00 0 
7f313811c000-7f313815c000 rw-p 00000000 00:00 0 
7f313815c000-7f3138160000 rw-p 00000000 00:00 0 
7f3138160000-7f3139c00000 rw-p 00000000 00:00 0 
7f3139c0b000-7f3139c8b000 rw-p 00000000 00:00 0 
7f3139c8b000-7f3139c8f000 r--p 00000000 103:02 4720953                   /usr/lib/libnss_mymachines.so.2
7f3139c8f000-7f3139ce0000 r-xp 00004000 103:02 4720953                   /usr/lib/libnss_mymachines.so.2
7f3139ce0000-7f3139cfa000 r--p 00055000 103:02 4720953                   /usr/lib/libnss_mymachines.so.2
7f3139cfa000-7f3139cfd000 r--p 0006f000 103:02 4720953                   /usr/lib/libnss_mymachines.so.2
7f3139cfd000-7f3139cfe000 rw-p 00072000 103:02 4720953                   /usr/lib/libnss_mymachines.so.2
7f3139cfe000-7f3139cff000 rw-p 00000000 00:00 0 
7f3139cff000-7f3139d03000 ---p 00000000 00:00 0 
7f3139d03000-7f313a600000 rw-p 00000000 00:00 0 
7f313a600000-7f313a628000 rw-p 00000000 00:00 0 
7f313a628000-7f313a62c000 rw-p 00000000 00:00 0 
7f313a62c000-7f3142600000 rw-p 00000000 00:00 0 
7f3142600000-7f31439aa000 r--p 00000000 103:02 4835997                   /usr/lib/libWPEWebKit-2.0.so.1.9.10
7f31439aa000-7f314a1cf000 r-xp 013a9000 103:02 4835997                   /usr/lib/libWPEWebKit-2.0.so.1.9.10
7f314a1cf000-7f314a504000 r--p 07bcd000 103:02 4835997                   /usr/lib/libWPEWebKit-2.0.so.1.9.10
7f314a504000-7f314a552000 rw-p 07f01000 103:02 4835997                   /usr/lib/libWPEWebKit-2.0.so.1.9.10
7f314a552000-7f314a55a000 r--p 07f4f000 103:02 4835997                   /usr/lib/libWPEWebKit-2.0.so.1.9.10
7f314a55a000-7f314a594000 rw-p 00000000 00:00 0 
7f314a595000-7f314a59a000 rw-p 00000000 00:00 0 
7f314a59a000-7f314a600000 r--p 00000000 103:02 5013908                   /usr/share/fonts/liberation/LiberationSans-Bold.ttf
7f314a611000-7f314a616000 rw-p 00000000 00:00 0 
7f314a62a000-7f314a62d000 r--p 00000000 103:02 4720955                   /usr/lib/libnss_resolve.so.2
7f314a62d000-7f314a660000 r-xp 00003000 103:02 4720955                   /usr/lib/libnss_resolve.so.2
7f314a660000-7f314a678000 r--p 00036000 103:02 4720955                   /usr/lib/libnss_resolve.so.2
7f314a678000-7f314a67f000 r--p 0004e000 103:02 4720955                   /usr/lib/libnss_resolve.so.2
7f314a67f000-7f314a680000 rw-p 00055000 103:02 4720955                   /usr/lib/libnss_resolve.so.2
7f314a680000-7f314a780000 rw-s 00000000 00:07 1110                       /dev/nvidiactl
7f314a780000-7f314a7c0000 rw-s 00000000 00:07 1110                       /dev/nvidiactl
7f314a7c0000-7f314a800000 rw-s 00000000 00:07 1110                       /dev/nvidiactl
7f314a801000-7f314a806000 rw-p 00000000 00:00 0 
7f314a823000-7f314a838000 r--p 00000000 103:02 5509699                   /usr/share/fonts/gsfonts/NimbusSans-Bold.otf
7f314a838000-7f314a8e6000 r--p 00000000 103:02 5131293                   /usr/share/fonts/TTF/DejaVuSans-Bold.ttf
7f314a8e6000-7f314a8e7000 rw-p 00000000 00:00 0 
7f314a8e7000-7f314a8eb000 ---p 00000000 00:00 0 
7f314a8eb000-7f314a9e7000 rw-p 00000000 00:00 0 
7f314abe9000-7f314abed000 rw-s 00000000 00:07 1110                       /dev/nvidiactl
7f314abed000-7f314ac00000 rw-s 00000000 00:07 1110                       /dev/nvidiactl
7f314ac00000-7f314ac20000 rw-s 00000000 00:07 1110                       /dev/nvidiactl
7f314ac20000-7f314ac40000 rw-s 00000000 00:07 1110                       /dev/nvidiactl
7f314ac40000-7f314ac80000 rw-s 00000000 00:07 1110                       /dev/nvidiactl
7f314ac80000-7f314ac81000 rw-p 00000000 00:00 0 
7f314ac81000-7f314ac85000 ---p 00000000 00:00 0 
7f314ac85000-7f314ad81000 rw-p 00000000 00:00 0 
7f314ad81000-7f314ad8f000 r--p 00000000 103:02 5256581                   /usr/lib/gvfs/libgvfscommon.so
7f314ad8f000-7f314adaa000 r-xp 0000e000 103:02 5256581                   /usr/lib/gvfs/libgvfscommon.so
7f314adaa000-7f314adb6000 r--p 00029000 103:02 5256581                   /usr/lib/gvfs/libgvfscommon.so
7f314adb6000-7f314adbc000 r--p 00035000 103:02 5256581                   /usr/lib/gvfs/libgvfscommon.so
7f314adbc000-7f314adbd000 rw-p 0003b000 103:02 5256581                   /usr/lib/gvfs/libgvfscommon.so
7f314adbd000-7f314adc7000 r--p 00000000 103:02 4771278                   /usr/lib/gio/modules/libgvfsdbus.so
7f314adc7000-7f314ade3000 r-xp 0000a000 103:02 4771278                   /usr/lib/gio/modules/libgvfsdbus.so
7f314ade3000-7f314adec000 r--p 00026000 103:02 4771278                   /usr/lib/gio/modules/libgvfsdbus.so
7f314adec000-7f314adee000 r--p 0002f000 103:02 4771278                   /usr/lib/gio/modules/libgvfsdbus.so
7f314adee000-7f314adef000 rw-p 00031000 103:02 4771278                   /usr/lib/gio/modules/libgvfsdbus.so
7f314adef000-7f314ae10000 r--p 00000000 103:02 4750220                   /usr/share/locale/en_GB/LC_MESSAGES/glib20.mo
7f314ae10000-7f314ae29000 r--p 00000000 103:02 4834664                   /usr/lib/libyuv.so
7f314ae29000-7f314ae9b000 r-xp 00019000 103:02 4834664                   /usr/lib/libyuv.so
7f314ae9b000-7f314aeb3000 r--p 0008b000 103:02 4834664                   /usr/lib/libyuv.so
7f314aeb3000-7f314aeb6000 r--p 000a2000 103:02 4834664                   /usr/lib/libyuv.so
7f314aeb6000-7f314aeb7000 rw-p 000a5000 103:02 4834664                   /usr/lib/libyuv.so
7f314aeb7000-7f314aec6000 r--p 00000000 103:02 4759938                   /usr/lib/liborc-0.4.so.0.42.0
7f314aec6000-7f314af70000 r-xp 0000f000 103:02 4759938                   /usr/lib/liborc-0.4.so.0.42.0
7f314af70000-7f314afa6000 r--p 000b9000 103:02 4759938                   /usr/lib/liborc-0.4.so.0.42.0
7f314afa6000-7f314afa9000 r--p 000ef000 103:02 4759938                   /usr/lib/liborc-0.4.so.0.42.0
7f314afa9000-7f314afb1000 rw-p 000f2000 103:02 4759938                   /usr/lib/liborc-0.4.so.0.42.0
7f314afb1000-7f314afb3000 rw-p 00000000 00:00 0 
7f314afb3000-7f314afb8000 r--p 00000000 103:02 4722100                   /usr/lib/libgpg-error.so.0.42.1
7f314afb8000-7f314afd3000 r-xp 00005000 103:02 4722100                   /usr/lib/libgpg-error.so.0.42.1
7f314afd3000-7f314afde000 r--p 00020000 103:02 4722100                   /usr/lib/libgpg-error.so.0.42.1
7f314afde000-7f314afdf000 r--p 0002a000 103:02 4722100                   /usr/lib/libgpg-error.so.0.42.1
7f314afdf000-7f314afe0000 rw-p 0002b000 103:02 4722100                   /usr/lib/libgpg-error.so.0.42.1
7f314afe0000-7f314afe5000 r--p 00000000 103:02 4816817                   /usr/lib/liblua5.4.so.5.4.8
7f314afe5000-7f314b017000 r-xp 00005000 103:02 4816817                   /usr/lib/liblua5.4.so.5.4.8
7f314b017000-7f314b022000 r--p 00037000 103:02 4816817                   /usr/lib/liblua5.4.so.5.4.8
7f314b022000-7f314b024000 r--p 00042000 103:02 4816817                   /usr/lib/liblua5.4.so.5.4.8
7f314b024000-7f314b025000 rw-p 00044000 103:02 4816817                   /usr/lib/liblua5.4.so.5.4.8
7f314b025000-7f314b02d000 r--p 00000000 103:02 4735309                   /usr/lib/libdw-0.196.so
7f314b02d000-7f314b08d000 r-xp 00008000 103:02 4735309                   /usr/lib/libdw-0.196.so
7f314b08d000-7f314b0bd000 r--p 00068000 103:02 4735309                   /usr/lib/libdw-0.196.so
7f314b0bd000-7f314b0c6000 r--p 00098000 103:02 4735309                   /usr/lib/libdw-0.196.so
7f314b0c6000-7f314b0c7000 rw-p 000a1000 103:02 4735309                   /usr/lib/libdw-0.196.so
7f314b0c7000-7f314b0d5000 r--p 00000000 103:02 4771657                   /usr/lib/libatspi.so.0.0.1
7f314b0d5000-7f314b0f0000 r-xp 0000e000 103:02 4771657                   /usr/lib/libatspi.so.0.0.1
7f314b0f0000-7f314b0fe000 r--p 00029000 103:02 4771657                   /usr/lib/libatspi.so.0.0.1
7f314b0fe000-7f314b102000 r--p 00037000 103:02 4771657                   /usr/lib/libatspi.so.0.0.1
7f314b102000-7f314b103000 rw-p 0003b000 103:02 4771657                   /usr/lib/libatspi.so.0.0.1
7f314b103000-7f314b109000 r--p 00000000 103:02 4780108                   /usr/lib/libavif.so.16.4.2
7f314b109000-7f314b13b000 r-xp 00006000 103:02 4780108                   /usr/lib/libavif.so.16.4.2
7f314b13b000-7f314b147000 r--p 00038000 103:02 4780108                   /usr/lib/libavif.so.16.4.2
7f314b147000-7f314b14a000 r--p 00043000 103:02 4780108                   /usr/lib/libavif.so.16.4.2
7f314b14a000-7f314b14b000 rw-p 00046000 103:02 4780108                   /usr/lib/libavif.so.16.4.2
7f314b14b000-7f314b15e000 r--p 00000000 103:02 4758770                   /usr/lib/libgstgl-1.0.so.0.2806.0
7f314b15e000-7f314b1b1000 r-xp 00013000 103:02 4758770                   /usr/lib/libgstgl-1.0.so.0.2806.0
7f314b1b1000-7f314b1da000 r--p 00066000 103:02 4758770                   /usr/lib/libgstgl-1.0.so.0.2806.0
7f314b1da000-7f314b1e0000 r--p 0008f000 103:02 4758770                   /usr/lib/libgstgl-1.0.so.0.2806.0
7f314b1e0000-7f314b1e1000 rw-p 00095000 103:02 4758770                   /usr/lib/libgstgl-1.0.so.0.2806.0
7f314b1e1000-7f314b1f5000 r--p 00000000 103:02 4758798                   /usr/lib/libgstvideo-1.0.so.0.2806.0
7f314b1f5000-7f314b27d000 r-xp 00014000 103:02 4758798                   /usr/lib/libgstvideo-1.0.so.0.2806.0
7f314b27d000-7f314b2aa000 r--p 0009c000 103:02 4758798                   /usr/lib/libgstvideo-1.0.so.0.2806.0
7f314b2aa000-7f314b2be000 r--p 000c8000 103:02 4758798                   /usr/lib/libgstvideo-1.0.so.0.2806.0
7f314b2be000-7f314b2bf000 rw-p 000dc000 103:02 4758798                   /usr/lib/libgstvideo-1.0.so.0.2806.0
7f314b2bf000-7f314b2c0000 rw-p 00000000 00:00 0 
7f314b2c0000-7f314b2c7000 r--p 00000000 103:02 4758795                   /usr/lib/libgsttag-1.0.so.0.2806.0
7f314b2c7000-7f314b2eb000 r-xp 00007000 103:02 4758795                   /usr/lib/libgsttag-1.0.so.0.2806.0
7f314b2eb000-7f314b2fc000 r--p 0002b000 103:02 4758795                   /usr/lib/libgsttag-1.0.so.0.2806.0
7f314b2fc000-7f314b2fe000 r--p 0003c000 103:02 4758795                   /usr/lib/libgsttag-1.0.so.0.2806.0
7f314b2fe000-7f314b2ff000 rw-p 0003e000 103:02 4758795                   /usr/lib/libgsttag-1.0.so.0.2806.0
7f314b2ff000-7f314b30d000 r--p 00000000 103:02 4758759                   /usr/lib/libgstaudio-1.0.so.0.2806.0
7f314b30d000-7f314b367000 r-xp 0000e000 103:02 4758759                   /usr/lib/libgstaudio-1.0.so.0.2806.0
7f314b367000-7f314b384000 r--p 00068000 103:02 4758759                   /usr/lib/libgstaudio-1.0.so.0.2806.0
7f314b384000-7f314b388000 r--p 00084000 103:02 4758759                   /usr/lib/libgstaudio-1.0.so.0.2806.0
7f314b388000-7f314b389000 rw-p 00088000 103:02 4758759                   /usr/lib/libgstaudio-1.0.so.0.2806.0
7f314b389000-7f314b396000 r--p 00000000 103:02 4758774                   /usr/lib/libgstpbutils-1.0.so.0.2806.0
7f314b396000-7f314b3b9000 r-xp 0000d000 103:02 4758774                   /usr/lib/libgstpbutils-1.0.so.0.2806.0
7f314b3b9000-7f314b3c9000 r--p 00030000 103:02 4758774                   /usr/lib/libgstpbutils-1.0.so.0.2806.0
7f314b3c9000-7f314b3cd000 r--p 0003f000 103:02 4758774                   /usr/lib/libgstpbutils-1.0.so.0.2806.0
7f314b3cd000-7f314b3ce000 rw-p 00043000 103:02 4758774                   /usr/lib/libgstpbutils-1.0.so.0.2806.0
7f314b3ce000-7f314b3dd000 r--p 00000000 103:02 4758659                   /usr/lib/libgstbase-1.0.so.0.2806.0
7f314b3dd000-7f314b438000 r-xp 0000f000 103:02 4758659                   /usr/lib/libgstbase-1.0.so.0.2806.0
7f314b438000-7f314b453000 r--p 0006a000 103:02 4758659                   /usr/lib/libgstbase-1.0.so.0.2806.0
7f314b453000-7f314b455000 r--p 00084000 103:02 4758659                   /usr/lib/libgstbase-1.0.so.0.2806.0
7f314b455000-7f314b456000 rw-p 00086000 103:02 4758659                   /usr/lib/libgstbase-1.0.so.0.2806.0
7f314b456000-7f314b45b000 r--p 00000000 103:02 4754430                   /usr/lib/libgcrypt.so.20.7.2
7f314b45b000-7f314b5a8000 r-xp 00005000 103:02 4754430                   /usr/lib/libgcrypt.so.20.7.2
7f314b5a8000-7f314b5f5000 r--p 00152000 103:02 4754430                   /usr/lib/libgcrypt.so.20.7.2
7f314b5f5000-7f314b5fa000 r--p 0019f000 103:02 4754430                   /usr/lib/libgcrypt.so.20.7.2
7f314b5fa000-7f314b600000 rw-p 001a4000 103:02 4754430                   /usr/lib/libgcrypt.so.20.7.2
7f314b600000-7f314b6dc000 r--p 00000000 103:02 4735954                   /usr/lib/libicui18n.so.78.3
7f314b6dc000-7f314b8e6000 r-xp 000dc000 103:02 4735954                   /usr/lib/libicui18n.so.78.3
7f314b8e6000-7f314b979000 r--p 002e6000 103:02 4735954                   /usr/lib/libicui18n.so.78.3
7f314b979000-7f314b98c000 r--p 00379000 103:02 4735954                   /usr/lib/libicui18n.so.78.3
7f314b98c000-7f314b98d000 rw-p 0038c000 103:02 4735954                   /usr/lib/libicui18n.so.78.3
7f314b98d000-7f314b98e000 rw-p 00000000 00:00 0 
7f314b990000-7f314b994000 rw-p 00000000 00:00 0 
7f314b994000-7f314b998000 r--p 00000000 103:02 4767590                   /usr/lib/libgudev-1.0.so.0.3.0
7f314b998000-7f314b99c000 r-xp 00004000 103:02 4767590                   /usr/lib/libgudev-1.0.so.0.3.0
7f314b99c000-7f314b99e000 r--p 00008000 103:02 4767590                   /usr/lib/libgudev-1.0.so.0.3.0
7f314b99e000-7f314b99f000 r--p 0000a000 103:02 4767590                   /usr/lib/libgudev-1.0.so.0.3.0
7f314b99f000-7f314b9a0000 rw-p 0000b000 103:02 4767590                   /usr/lib/libgudev-1.0.so.0.3.0
7f314b9a0000-7f314b9a3000 r--p 00000000 103:02 4815758                   /usr/lib/libevdev.so.2.3.0
7f314b9a3000-7f314b9aa000 r-xp 00003000 103:02 4815758                   /usr/lib/libevdev.so.2.3.0
7f314b9aa000-7f314b9af000 r--p 0000a000 103:02 4815758                   /usr/lib/libevdev.so.2.3.0
7f314b9af000-7f314b9b5000 r--p 0000e000 103:02 4815758                   /usr/lib/libevdev.so.2.3.0
7f314b9b5000-7f314b9b6000 rw-p 00014000 103:02 4815758                   /usr/lib/libevdev.so.2.3.0
7f314b9b6000-7f314b9bf000 r--p 00000000 103:02 4754420                   /usr/lib/libxslt.so.1.1.45
7f314b9bf000-7f314b9e6000 r-xp 00009000 103:02 4754420                   /usr/lib/libxslt.so.1.1.45
7f314b9e6000-7f314b9f1000 r--p 00030000 103:02 4754420                   /usr/lib/libxslt.so.1.1.45
7f314b9f1000-7f314b9f2000 r--p 0003b000 103:02 4754420                   /usr/lib/libxslt.so.1.1.45
7f314b9f2000-7f314b9f3000 rw-p 0003c000 103:02 4754420                   /usr/lib/libxslt.so.1.1.45
7f314b9f3000-7f314b9fd000 r--p 00000000 103:02 4754452                   /usr/lib/libsqlite3.so.3.53.4
7f314b9fd000-7f314bb4c000 r-xp 0000a000 103:02 4754452                   /usr/lib/libsqlite3.so.3.53.4
7f314bb4c000-7f314bb83000 r--p 00159000 103:02 4754452                   /usr/lib/libsqlite3.so.3.53.4
7f314bb83000-7f314bb87000 r--p 00190000 103:02 4754452                   /usr/lib/libsqlite3.so.3.53.4
7f314bb87000-7f314bb8c000 rw-p 00194000 103:02 4754452                   /usr/lib/libsqlite3.so.3.53.4
7f314bb8c000-7f314bbb5000 r--p 00000000 103:02 4758695                   /usr/lib/libgstreamer-1.0.so.0.2806.0
7f314bbb5000-7f314bc99000 r-xp 00029000 103:02 4758695                   /usr/lib/libgstreamer-1.0.so.0.2806.0
7f314bc99000-7f314bcf5000 r--p 0010d000 103:02 4758695                   /usr/lib/libgstreamer-1.0.so.0.2806.0
7f314bcf5000-7f314bcfc000 r--p 00169000 103:02 4758695                   /usr/lib/libgstreamer-1.0.so.0.2806.0
7f314bcfc000-7f314bcfe000 rw-p 00170000 103:02 4758695                   /usr/lib/libgstreamer-1.0.so.0.2806.0
7f314bcfe000-7f314bcff000 rw-p 00000000 00:00 0 
7f314c001000-7f314c005000 r--p 00000000 103:02 4750384                   /usr/lib/libwacom.so.9.0.0
7f314c005000-7f314c00e000 r-xp 00004000 103:02 4750384                   /usr/lib/libwacom.so.9.0.0
7f314c00e000-7f314c012000 r--p 0000d000 103:02 4750384                   /usr/lib/libwacom.so.9.0.0
7f314c012000-7f314c013000 r--p 00010000 103:02 4750384                   /usr/lib/libwacom.so.9.0.0
7f314c013000-7f314c014000 rw-p 00011000 103:02 4750384                   /usr/lib/libwacom.so.9.0.0
7f314c014000-7f314c015000 r--p 00000000 103:02 4835239                   /usr/lib/libhyphen.so.0.4.0
7f314c015000-7f314c019000 r-xp 00001000 103:02 4835239                   /usr/lib/libhyphen.so.0.4.0
7f314c019000-7f314c01a000 r--p 00005000 103:02 4835239                   /usr/lib/libhyphen.so.0.4.0
7f314c01a000-7f314c01b000 r--p 00005000 103:02 4835239                   /usr/lib/libhyphen.so.0.4.0
7f314c01b000-7f314c01c000 rw-p 00006000 103:02 4835239                   /usr/lib/libhyphen.so.0.4.0
7f314c01c000-7f314c021000 r--p 00000000 103:02 4758746                   /usr/lib/libgstapp-1.0.so.0.2806.0
7f314c021000-7f314c02e000 r-xp 00005000 103:02 4758746                   /usr/lib/libgstapp-1.0.so.0.2806.0
7f314c02e000-7f314c033000 r--p 00012000 103:02 4758746                   /usr/lib/libgstapp-1.0.so.0.2806.0
7f314c033000-7f314c034000 r--p 00017000 103:02 4758746                   /usr/lib/libgstapp-1.0.so.0.2806.0
7f314c034000-7f314c035000 rw-p 00018000 103:02 4758746                   /usr/lib/libgstapp-1.0.so.0.2806.0
7f314c035000-7f314c041000 r--p 00000000 103:02 4743749                   /usr/lib/libinput.so.10.13.0
7f314c041000-7f314c08a000 r-xp 0000c000 103:02 4743749                   /usr/lib/libinput.so.10.13.0
7f314c08a000-7f314c0a3000 r--p 00055000 103:02 4743749                   /usr/lib/libinput.so.10.13.0
7f314c0a3000-7f314c0a5000 r--p 0006e000 103:02 4743749                   /usr/lib/libinput.so.10.13.0
7f314c0a5000-7f314c0a6000 rw-p 00070000 103:02 4743749                   /usr/lib/libinput.so.10.13.0
7f314c0a6000-7f314c0f0000 r--p 00000000 103:02 4792885                   /usr/lib/libepoxy.so.0.0.0
7f314c0f0000-7f314c156000 r-xp 0004a000 103:02 4792885                   /usr/lib/libepoxy.so.0.0.0
7f314c156000-7f314c1a4000 r--p 000b0000 103:02 4792885                   /usr/lib/libepoxy.so.0.0.0
7f314c1a4000-7f314c1ac000 r--p 000fd000 103:02 4792885                   /usr/lib/libepoxy.so.0.0.0
7f314c1ac000-7f314c1b3000 rw-p 00105000 103:02 4792885                   /usr/lib/libepoxy.so.0.0.0
7f314c1b3000-7f314c1b4000 rw-p 00000000 00:00 0 
7f314c1b4000-7f314c1b8000 ---p 00000000 00:00 0 
7f314c1b8000-7f314c2b4000 rw-p 00000000 00:00 0 
7f314c4b6000-7f314c9bb000 rw-p 00000000 00:00 0 
7f314f3df000-7f3156600000 ---p 00000000 00:00 0 
7f3156602000-7f3156603000 r--p 00000000 103:02 4758765                   /usr/lib/libgstfft-1.0.so.0.2806.0
7f3156603000-7f315660a000 r-xp 00001000 103:02 4758765                   /usr/lib/libgstfft-1.0.so.0.2806.0
7f315660a000-7f315660b000 r--p 00008000 103:02 4758765                   /usr/lib/libgstfft-1.0.so.0.2806.0
7f315660b000-7f315660c000 r--p 00009000 103:02 4758765                   /usr/lib/libgstfft-1.0.so.0.2806.0
7f315660c000-7f315660d000 rw-p 0000a000 103:02 4758765                   /usr/lib/libgstfft-1.0.so.0.2806.0
7f315660d000-7f315660f000 r--p 00000000 103:02 4758735                   /usr/lib/libgstallocators-1.0.so.0.2806.0
7f315660f000-7f3156613000 r-xp 00002000 103:02 4758735                   /usr/lib/libgstallocators-1.0.so.0.2806.0
7f3156613000-7f3156615000 r--p 00006000 103:02 4758735                   /usr/lib/libgstallocators-1.0.so.0.2806.0
7f3156615000-7f3156616000 r--p 00007000 103:02 4758735                   /usr/lib/libgstallocators-1.0.so.0.2806.0
7f3156616000-7f3156617000 rw-p 00008000 103:02 4758735                   /usr/lib/libgstallocators-1.0.so.0.2806.0
7f3156617000-7f315661c000 r--p 00000000 103:02 4720964                   /usr/lib/libudev.so.1.7.14
7f315661c000-7f315664a000 r-xp 00005000 103:02 4720964                   /usr/lib/libudev.so.1.7.14
7f315664a000-7f3156661000 r--p 00033000 103:02 4720964                   /usr/lib/libudev.so.1.7.14
7f3156661000-7f3156666000 r--p 0004a000 103:02 4720964                   /usr/lib/libudev.so.1.7.14
7f3156666000-7f3156667000 rw-p 0004f000 103:02 4720964                   /usr/lib/libudev.so.1.7.14
7f3156667000-7f315667e000 r--p 00000000 103:02 4763785                   /usr/lib/libsoup-3.0.so.0.7.4
7f315667e000-7f31566d6000 r-xp 00017000 103:02 4763785                   /usr/lib/libsoup-3.0.so.0.7.4
7f31566d6000-7f31566f8000 r--p 0006f000 103:02 4763785                   /usr/lib/libsoup-3.0.so.0.7.4
7f31566f8000-7f31566fd000 r--p 00090000 103:02 4763785                   /usr/lib/libsoup-3.0.so.0.7.4
7f31566fd000-7f31566fe000 rw-p 00095000 103:02 4763785                   /usr/lib/libsoup-3.0.so.0.7.4
7f31567ff000-7f3157000000 rw-p 00000000 00:00 0 
7f3157000000-7f31571a8000 r--p 00000000 103:02 4826311                   /usr/lib/libcuda.so.610.57.04
7f31571a8000-7f3158423000 r-xp 001a8000 103:02 4826311                   /usr/lib/libcuda.so.610.57.04
7f3158423000-7f315d9ea000 r--p 01423000 103:02 4826311                   /usr/lib/libcuda.so.610.57.04
7f315d9ea000-7f315d9eb000 ---p 069ea000 103:02 4826311                   /usr/lib/libcuda.so.610.57.04
7f315d9eb000-7f315db67000 r--p 069ea000 103:02 4826311                   /usr/lib/libcuda.so.610.57.04
7f315db67000-7f315db6c000 rw-p 06b66000 103:02 4826311                   /usr/lib/libcuda.so.610.57.04
7f315db6c000-7f315dbd4000 rw-p 00000000 00:00 0 
7f315dbd4000-7f315dbd5000 r--p 00000000 103:02 4815715                   /usr/lib/libmtdev.so.1.0.0
7f315dbd5000-7f315dbd8000 r-xp 00001000 103:02 4815715                   /usr/lib/libmtdev.so.1.0.0
7f315dbd8000-7f315dbd9000 r--p 00004000 103:02 4815715                   /usr/lib/libmtdev.so.1.0.0
7f315dbd9000-7f315dbda000 r--p 00004000 103:02 4815715                   /usr/lib/libmtdev.so.1.0.0
7f315dbda000-7f315dbdb000 rw-p 00005000 103:02 4815715                   /usr/lib/libmtdev.so.1.0.0
7f315dbdb000-7f315dbdd000 r--p 00000000 103:02 4722782                   /usr/lib/libatomic.so.1.2.0
7f315dbdd000-7f315dbe1000 r-xp 00002000 103:02 4722782                   /usr/lib/libatomic.so.1.2.0
7f315dbe1000-7f315dbe3000 r--p 00006000 103:02 4722782                   /usr/lib/libatomic.so.1.2.0
7f315dbe3000-7f315dbe4000 r--p 00007000 103:02 4722782                   /usr/lib/libatomic.so.1.2.0
7f315dbe4000-7f315dbe5000 rw-p 00008000 103:02 4722782                   /usr/lib/libatomic.so.1.2.0
7f315dbe5000-7f315dbe6000 rw-p 00000000 00:00 0 
7f315dbe6000-7f315dbee000 r--p 00000000 103:02 4771647                   /usr/lib/libatk-1.0.so.0.26015.1
7f315dbee000-7f315dbfe000 r-xp 00008000 103:02 4771647                   /usr/lib/libatk-1.0.so.0.26015.1
7f315dbfe000-7f315dc09000 r--p 00018000 103:02 4771647                   /usr/lib/libatk-1.0.so.0.26015.1
7f315dc09000-7f315dc0c000 r--p 00023000 103:02 4771647                   /usr/lib/libatk-1.0.so.0.26015.1
7f315dc0c000-7f315dc0d000 rw-p 00026000 103:02 4771647                   /usr/lib/libatk-1.0.so.0.26015.1
7f315dc0d000-7f315dc18000 r--p 00000000 103:02 4771653                   /usr/lib/libatk-bridge-2.0.so.0.0.0
7f315dc18000-7f315dc31000 r-xp 0000b000 103:02 4771653                   /usr/lib/libatk-bridge-2.0.so.0.0.0
7f315dc31000-7f315dc45000 r--p 00024000 103:02 4771653                   /usr/lib/libatk-bridge-2.0.so.0.0.0
7f315dc45000-7f315dc47000 r--p 00037000 103:02 4771653                   /usr/lib/libatk-bridge-2.0.so.0.0.0
7f315dc47000-7f315dc49000 rw-p 00039000 103:02 4771653                   /usr/lib/libatk-bridge-2.0.so.0.0.0
7f315dc49000-7f315dc4e000 r--p 00000000 103:02 4745703                   /usr/lib/libWPEBackend-fdo-1.0.so.1.10.2
7f315dc4e000-7f315dc58000 r-xp 00005000 103:02 4745703                   /usr/lib/libWPEBackend-fdo-1.0.so.1.10.2
7f315dc58000-7f315dc5d000 r--p 0000f000 103:02 4745703                   /usr/lib/libWPEBackend-fdo-1.0.so.1.10.2
7f315dc5d000-7f315dc5f000 r--p 00013000 103:02 4745703                   /usr/lib/libWPEBackend-fdo-1.0.so.1.10.2
7f315dc5f000-7f315dc60000 rw-p 00015000 103:02 4745703                   /usr/lib/libWPEBackend-fdo-1.0.so.1.10.2
7f315dc60000-7f315dc64000 r--p 00000000 103:02 4745687                   /usr/lib/libwpe-1.0.so.1.9.6
7f315dc64000-7f315dc67000 r-xp 00004000 103:02 4745687                   /usr/lib/libwpe-1.0.so.1.9.6
7f315dc67000-7f315dc6a000 r--p 00007000 103:02 4745687                   /usr/lib/libwpe-1.0.so.1.9.6
7f315dc6a000-7f315dc6b000 r--p 0000a000 103:02 4745687                   /usr/lib/libwpe-1.0.so.1.9.6
7f315dc6b000-7f315dc6c000 rw-p 0000b000 103:02 4745687                   /usr/lib/libwpe-1.0.so.1.9.6
7f315dc6c000-7f315dc6d000 rw-p 00000000 00:00 0 
7f315dc6d000-7f315dc71000 ---p 00000000 00:00 0 
7f315dc71000-7f315dd6d000 rw-p 00000000 00:00 0 
7f315dd6d000-7f315dd7d000 -w-s 00000000 00:07 1112                       /dev/nvidia0
7f315dd7d000-7f315dd7e000 rw-p 00000000 00:00 0 
7f315dd7e000-7f315dd82000 ---p 00000000 00:00 0 
7f315dd82000-7f315df7f000 rw-p 00000000 00:00 0 
7f315df7f000-7f315e17f000 rw-s 00000000 00:07 1110                       /dev/nvidiactl
7f315e392000-7f315e397000 rw-p 00000000 00:00 0 
7f3163fff000-7f3164800000 rw-p 00000000 00:00 0 
7f3164800000-7f31648c3000 r--p 00000000 103:02 4812054                   /usr/lib/libglycin-2.so.0
7f31648c3000-7f3164be0000 r-xp 000c2000 103:02 4812054                   /usr/lib/libglycin-2.so.0
7f3164be0000-7f3164bf9000 r--p 003de000 103:02 4812054                   /usr/lib/libglycin-2.so.0
7f3164bf9000-7f3164bfd000 rw-p 003f6000 103:02 4812054                   /usr/lib/libglycin-2.so.0
7f3164bfe000-7f3164c02000 rw-p 00000000 00:00 0 
7f3164c62000-7f3164c64000 r--p 00000000 103:02 4734009                   /usr/lib/libseccomp.so.2.6.0
7f3164c64000-7f3164c74000 r-xp 00002000 103:02 4734009                   /usr/lib/libseccomp.so.2.6.0
7f3164c74000-7f3164c8d000 r--p 00012000 103:02 4734009                   /usr/lib/libseccomp.so.2.6.0
7f3164c8d000-7f3164c8e000 r--p 0002b000 103:02 4734009                   /usr/lib/libseccomp.so.2.6.0
7f3164c8e000-7f3164c8f000 rw-p 0002c000 103:02 4734009                   /usr/lib/libseccomp.so.2.6.0
7f3164c8f000-7f3164c98000 r--p 00000000 103:02 4769004                   /usr/lib/libFLAC.so.14.0.0
7f3164c98000-7f3164cce000 r-xp 00009000 103:02 4769004                   /usr/lib/libFLAC.so.14.0.0
7f3164cce000-7f3164cd6000 r--p 0003f000 103:02 4769004                   /usr/lib/libFLAC.so.14.0.0
7f3164cd6000-7f3164cd7000 r--p 00047000 103:02 4769004                   /usr/lib/libFLAC.so.14.0.0
7f3164cd7000-7f3164cd8000 rw-p 00048000 103:02 4769004                   /usr/lib/libFLAC.so.14.0.0
7f3164cd8000-7f3164ce6000 r--p 00000000 103:02 5905684                   /usr/lib/libOpenGL.so.0.0.0
7f3164ce6000-7f3164cf1000 r-xp 0000e000 103:02 5905684                   /usr/lib/libOpenGL.so.0.0.0
7f3164cf1000-7f3164cf6000 r--p 00019000 103:02 5905684                   /usr/lib/libOpenGL.so.0.0.0
7f3164cf6000-7f3164cfb000 r--p 0001e000 103:02 5905684                   /usr/lib/libOpenGL.so.0.0.0
7f3164cfb000-7f3164cfc000 rw-p 00023000 103:02 5905684                   /usr/lib/libOpenGL.so.0.0.0
7f3164cfc000-7f3164d01000 r--p 00000000 103:02 4755422                   /usr/lib/libsndfile.so.1.0.37
7f3164d01000-7f3164d67000 r-xp 00005000 103:02 4755422                   /usr/lib/libsndfile.so.1.0.37
7f3164d67000-7f3164d80000 r--p 0006b000 103:02 4755422                   /usr/lib/libsndfile.so.1.0.37
7f3164d80000-7f3164d83000 r--p 00084000 103:02 4755422                   /usr/lib/libsndfile.so.1.0.37
7f3164d83000-7f3164d84000 rw-p 00087000 103:02 4755422                   /usr/lib/libsndfile.so.1.0.37
7f3164d84000-7f3164d86000 rw-p 00000000 00:00 0 
7f3164d86000-7f3164d88000 r--p 00000000 103:02 4769564                   /usr/lib/libv4lconvert.so.0.0.0
7f3164d88000-7f3164da3000 r-xp 00002000 103:02 4769564                   /usr/lib/libv4lconvert.so.0.0.0
7f3164da3000-7f3164dab000 r--p 0001d000 103:02 4769564                   /usr/lib/libv4lconvert.so.0.0.0
7f3164dab000-7f3164dad000 r--p 00025000 103:02 4769564                   /usr/lib/libv4lconvert.so.0.0.0
7f3164dad000-7f3164dae000 rw-p 00027000 103:02 4769564                   /usr/lib/libv4lconvert.so.0.0.0
7f3164dae000-7f3164e00000 rw-p 00000000 00:00 0 
7f3164e00000-7f3164e49000 r--p 00000000 103:02 4817127                   /usr/lib/libSPIRV-Tools-opt.so
7f3164e49000-7f3165012000 r-xp 00049000 103:02 4817127                   /usr/lib/libSPIRV-Tools-opt.so
7f3165012000-7f316506b000 r--p 00212000 103:02 4817127                   /usr/lib/libSPIRV-Tools-opt.so
7f316506b000-7f316507b000 r--p 0026b000 103:02 4817127                   /usr/lib/libSPIRV-Tools-opt.so
7f316507b000-7f316507c000 rw-p 0027b000 103:02 4817127                   /usr/lib/libSPIRV-Tools-opt.so
7f316507d000-7f316507e000 r--p 00000000 103:02 4762067                   /usr/lib/libwebpdemux.so.2.0.17
7f316507e000-7f3165081000 r-xp 00001000 103:02 4762067                   /usr/lib/libwebpdemux.so.2.0.17
7f3165081000-7f3165082000 r--p 00004000 103:02 4762067                   /usr/lib/libwebpdemux.so.2.0.17
7f3165082000-7f3165083000 r--p 00004000 103:02 4762067                   /usr/lib/libwebpdemux.so.2.0.17
7f3165083000-7f3165084000 rw-p 00005000 103:02 4762067                   /usr/lib/libwebpdemux.so.2.0.17
7f3165094000-7f3165097000 r--p 00000000 103:02 4777131                   /usr/lib/libmd.so.0.2.0
7f3165097000-7f31650a3000 r-xp 00003000 103:02 4777131                   /usr/lib/libmd.so.0.2.0
7f31650a3000-7f31650a5000 r--p 0000f000 103:02 4777131                   /usr/lib/libmd.so.0.2.0
7f31650a5000-7f31650a6000 r--p 00011000 103:02 4777131                   /usr/lib/libmd.so.0.2.0
7f31650a6000-7f31650a7000 rw-p 00012000 103:02 4777131                   /usr/lib/libmd.so.0.2.0
7f31650a7000-7f31650b8000 r--p 00000000 103:02 4732432                   /usr/lib/libkrb5.so.3.3
7f31650b8000-7f3165128000 r-xp 00011000 103:02 4732432                   /usr/lib/libkrb5.so.3.3
7f3165128000-7f3165166000 r--p 00081000 103:02 4732432                   /usr/lib/libkrb5.so.3.3
7f3165166000-7f3165174000 r--p 000bf000 103:02 4732432                   /usr/lib/libkrb5.so.3.3
7f3165174000-7f3165176000 rw-p 000cd000 103:02 4732432                   /usr/lib/libkrb5.so.3.3
7f3165176000-7f3165184000 r--p 00000000 103:02 4758220                   /usr/lib/libnettle.so.9.0
7f3165184000-7f31651b6000 r-xp 0000e000 103:02 4758220                   /usr/lib/libnettle.so.9.0
7f31651b6000-7f31651ce000 r--p 00040000 103:02 4758220                   /usr/lib/libnettle.so.9.0
7f31651ce000-7f31651d1000 r--p 00057000 103:02 4758220                   /usr/lib/libnettle.so.9.0
7f31651d1000-7f31651d2000 rw-p 0005a000 103:02 4758220                   /usr/lib/libnettle.so.9.0
7f31651d2000-7f31651da000 r--p 00000000 103:02 4738622                   /usr/lib/libhogweed.so.7.0
7f31651da000-7f31651ed000 r-xp 00008000 103:02 4738622                   /usr/lib/libhogweed.so.7.0
7f31651ed000-7f3165216000 r--p 0001b000 103:02 4738622                   /usr/lib/libhogweed.so.7.0
7f3165216000-7f3165218000 r--p 00043000 103:02 4738622                   /usr/lib/libhogweed.so.7.0
7f3165218000-7f3165219000 rw-p 00045000 103:02 4738622                   /usr/lib/libhogweed.so.7.0
7f3165219000-7f3165228000 r--p 00000000 103:02 4735687                   /usr/lib/libunistring.so.5.2.1
7f3165228000-7f316526c000 r-xp 0000f000 103:02 4735687                   /usr/lib/libunistring.so.5.2.1
7f316526c000-7f31653fb000 r--p 00053000 103:02 4735687                   /usr/lib/libunistring.so.5.2.1
7f31653fb000-7f31653ff000 r--p 001e2000 103:02 4735687                   /usr/lib/libunistring.so.5.2.1
7f31653ff000-7f3165400000 rw-p 001e6000 103:02 4735687                   /usr/lib/libunistring.so.5.2.1
7f3165400000-7f316541a000 r--p 00000000 103:02 4760330                   /usr/lib/libleancrypto.so.1
7f316541a000-7f3165538000 r-xp 0001a000 103:02 4760330                   /usr/lib/libleancrypto.so.1
7f3165538000-7f316565b000 r--p 00138000 103:02 4760330                   /usr/lib/libleancrypto.so.1
7f316565b000-7f3165661000 r--p 0025b000 103:02 4760330                   /usr/lib/libleancrypto.so.1
7f3165661000-7f3165663000 rw-p 00261000 103:02 4760330                   /usr/lib/libleancrypto.so.1
7f3165665000-7f3165666000 r--p 00000000 103:02 4763243                   /usr/lib/libXxf86vm.so.1.0.0
7f3165666000-7f3165669000 r-xp 00001000 103:02 4763243                   /usr/lib/libXxf86vm.so.1.0.0
7f3165669000-7f316566a000 r--p 00004000 103:02 4763243                   /usr/lib/libXxf86vm.so.1.0.0
7f316566a000-7f316566b000 r--p 00004000 103:02 4763243                   /usr/lib/libXxf86vm.so.1.0.0
7f316566b000-7f316566c000 rw-p 00005000 103:02 4763243                   /usr/lib/libXxf86vm.so.1.0.0
7f316566c000-7f316566e000 r--p 00000000 103:02 4788180                   /usr/lib/libasyncns.so.0.3.1
7f316566e000-7f3165671000 r-xp 00002000 103:02 4788180                   /usr/lib/libasyncns.so.0.3.1
7f3165671000-7f3165672000 r--p 00005000 103:02 4788180                   /usr/lib/libasyncns.so.0.3.1
7f3165672000-7f3165673000 r--p 00005000 103:02 4788180                   /usr/lib/libasyncns.so.0.3.1
7f3165673000-7f3165674000 rw-p 00006000 103:02 4788180                   /usr/lib/libasyncns.so.0.3.1
7f3165674000-7f3165677000 r--p 00000000 103:02 4722208                   /usr/lib/libresolv.so.2
7f3165677000-7f3165680000 r-xp 00003000 103:02 4722208                   /usr/lib/libresolv.so.2
7f3165680000-7f3165683000 r--p 0000c000 103:02 4722208                   /usr/lib/libresolv.so.2
7f3165683000-7f3165684000 r--p 0000f000 103:02 4722208                   /usr/lib/libresolv.so.2
7f3165684000-7f3165685000 rw-p 00010000 103:02 4722208                   /usr/lib/libresolv.so.2
7f3165685000-7f3165687000 rw-p 00000000 00:00 0 
7f3165687000-7f3165689000 r--p 00000000 103:02 4732141                   /usr/lib/libkeyutils.so.1.10
7f3165689000-7f316568b000 r-xp 00002000 103:02 4732141                   /usr/lib/libkeyutils.so.1.10
7f316568b000-7f316568c000 r--p 00004000 103:02 4732141                   /usr/lib/libkeyutils.so.1.10
7f316568c000-7f316568d000 r--p 00004000 103:02 4732141                   /usr/lib/libkeyutils.so.1.10
7f316568d000-7f316568e000 rw-p 00005000 103:02 4732141                   /usr/lib/libkeyutils.so.1.10
7f316568e000-7f3165691000 r--p 00000000 103:02 4732435                   /usr/lib/libkrb5support.so.0.1
7f3165691000-7f3165698000 r-xp 00003000 103:02 4732435                   /usr/lib/libkrb5support.so.0.1
7f3165698000-7f316569b000 r--p 0000a000 103:02 4732435                   /usr/lib/libkrb5support.so.0.1
7f316569b000-7f316569c000 r--p 0000c000 103:02 4732435                   /usr/lib/libkrb5support.so.0.1
7f316569c000-7f316569d000 rw-p 0000d000 103:02 4732435                   /usr/lib/libkrb5support.so.0.1
7f316569d000-7f31656a4000 r--p 00000000 103:02 4770278                   /usr/lib/libp11-kit.so.0.4.11
7f31656a4000-7f316578d000 r-xp 00007000 103:02 4770278                   /usr/lib/libp11-kit.so.0.4.11
7f316578d000-7f316581f000 r--p 000f0000 103:02 4770278                   /usr/lib/libp11-kit.so.0.4.11
7f316581f000-7f3165830000 r--p 00181000 103:02 4770278                   /usr/lib/libp11-kit.so.0.4.11
7f3165830000-7f316583f000 rw-p 00192000 103:02 4770278                   /usr/lib/libp11-kit.so.0.4.11
7f316583f000-7f3165843000 r--p 00000000 103:02 4830241                   /usr/lib/libpgm-5.3.so.0.0.128
7f3165843000-7f316586b000 r-xp 00004000 103:02 4830241                   /usr/lib/libpgm-5.3.so.0.0.128
7f316586b000-7f3165884000 r--p 0002c000 103:02 4830241                   /usr/lib/libpgm-5.3.so.0.0.128
7f3165884000-7f3165885000 r--p 00045000 103:02 4830241                   /usr/lib/libpgm-5.3.so.0.0.128
7f3165885000-7f3165886000 rw-p 00046000 103:02 4830241                   /usr/lib/libpgm-5.3.so.0.0.128
7f3165886000-7f316588a000 rw-p 00000000 00:00 0 
7f316588a000-7f3165899000 r--p 00000000 103:02 4811985                   /usr/lib/libsodium.so.26.4.0
7f3165899000-7f31658ec000 r-xp 0000f000 103:02 4811985                   /usr/lib/libsodium.so.26.4.0
7f31658ec000-7f31658fe000 r--p 00062000 103:02 4811985                   /usr/lib/libsodium.so.26.4.0
7f31658fe000-7f31658ff000 r--p 00074000 103:02 4811985                   /usr/lib/libsodium.so.26.4.0
7f31658ff000-7f3165900000 rw-p 00075000 103:02 4811985                   /usr/lib/libsodium.so.26.4.0
7f3165900000-7f3165905000 r--p 00000000 103:02 4722184                   /usr/lib/libmvec.so.1
7f3165905000-7f3165927000 r-xp 00005000 103:02 4722184                   /usr/lib/libmvec.so.1
7f3165927000-7f31659fe000 r--p 00027000 103:02 4722184                   /usr/lib/libmvec.so.1
7f31659fe000-7f31659ff000 r--p 000fe000 103:02 4722184                   /usr/lib/libmvec.so.1
7f31659ff000-7f3165a00000 rw-p 000ff000 103:02 4722184                   /usr/lib/libmvec.so.1
7f3165a00000-7f3165a11000 r--p 00000000 103:02 4756846                   /usr/lib/libslang.so.2.3.3
7f3165a11000-7f3165af2000 r-xp 00011000 103:02 4756846                   /usr/lib/libslang.so.2.3.3
7f3165af2000-7f3165b33000 r--p 000f2000 103:02 4756846                   /usr/lib/libslang.so.2.3.3
7f3165b33000-7f3165b4a000 r--p 00132000 103:02 4756846                   /usr/lib/libslang.so.2.3.3
7f3165b4a000-7f3165b54000 rw-p 00149000 103:02 4756846                   /usr/lib/libslang.so.2.3.3
7f3165b54000-7f3165cf0000 rw-p 00000000 00:00 0 
7f3165cf1000-7f3165cf3000 rw-s 00000000 00:07 1110                       /dev/nvidiactl
7f3165cf3000-7f3165cf6000 r--p 00000000 103:02 4732383                   /usr/lib/libk5crypto.so.3.1
7f3165cf6000-7f3165d12000 r-xp 00003000 103:02 4732383                   /usr/lib/libk5crypto.so.3.1
7f3165d12000-7f3165d1e000 r--p 0001f000 103:02 4732383                   /usr/lib/libk5crypto.so.3.1
7f3165d1e000-7f3165d20000 r--p 0002a000 103:02 4732383                   /usr/lib/libk5crypto.so.3.1
7f3165d20000-7f3165d21000 rw-p 0002c000 103:02 4732383                   /usr/lib/libk5crypto.so.3.1
7f3165d21000-7f3165d2c000 r--p 00000000 103:02 4815516                   /usr/lib/libgomp.so.1.0.0
7f3165d2c000-7f3165d6a000 r-xp 0000b000 103:02 4815516                   /usr/lib/libgomp.so.1.0.0
7f3165d6a000-7f3165d79000 r--p 00049000 103:02 4815516                   /usr/lib/libgomp.so.1.0.0
7f3165d79000-7f3165d7a000 r--p 00057000 103:02 4815516                   /usr/lib/libgomp.so.1.0.0
7f3165d7a000-7f3165d7b000 rw-p 00058000 103:02 4815516                   /usr/lib/libgomp.so.1.0.0
7f3165d7b000-7f3165d7c000 r--p 00000000 103:02 4814598                   /usr/lib/libbrotlienc.so.1.2.0
7f3165d7c000-7f3165de9000 r-xp 00001000 103:02 4814598                   /usr/lib/libbrotlienc.so.1.2.0
7f3165de9000-7f3165e39000 r--p 0006e000 103:02 4814598                   /usr/lib/libbrotlienc.so.1.2.0
7f3165e39000-7f3165e3a000 r--p 000bd000 103:02 4814598                   /usr/lib/libbrotlienc.so.1.2.0
7f3165e3a000-7f3165e3b000 rw-p 000be000 103:02 4814598                   /usr/lib/libbrotlienc.so.1.2.0
7f3165e3b000-7f3165e5f000 r--p 00000000 103:02 4754125                   /usr/lib/libdb-5.3.so
7f3165e5f000-7f3165fbc000 r-xp 00024000 103:02 4754125                   /usr/lib/libdb-5.3.so
7f3165fbc000-7f3165ff5000 r--p 00181000 103:02 4754125                   /usr/lib/libdb-5.3.so
7f3165ff5000-7f3165fff000 r--p 001b9000 103:02 4754125                   /usr/lib/libdb-5.3.so
7f3165fff000-7f3166000000 rw-p 001c3000 103:02 4754125                   /usr/lib/libdb-5.3.so
7f3166000000-7f3166019000 r--p 00000000 103:02 4773780                   /usr/lib/libfftw3.so.3.7.11
7f3166019000-7f31661f5000 r-xp 00019000 103:02 4773780                   /usr/lib/libfftw3.so.3.7.11
7f31661f5000-7f316621c000 r--p 001f5000 103:02 4773780                   /usr/lib/libfftw3.so.3.7.11
7f316621c000-7f316622d000 r--p 0021c000 103:02 4773780                   /usr/lib/libfftw3.so.3.7.11
7f316622d000-7f316622e000 rw-p 0022d000 103:02 4773780                   /usr/lib/libfftw3.so.3.7.11
7f316622f000-7f3166233000 rw-p 00000000 00:00 0 
7f3166233000-7f3166237000 r--p 00000000 103:02 4771010                   /usr/lib/libmpg123.so.0.49.4
7f3166237000-7f3166275000 r-xp 00004000 103:02 4771010                   /usr/lib/libmpg123.so.0.49.4
7f3166275000-7f3166290000 r--p 00042000 103:02 4771010                   /usr/lib/libmpg123.so.0.49.4
7f3166290000-7f3166291000 r--p 0005d000 103:02 4771010                   /usr/lib/libmpg123.so.0.49.4
7f3166291000-7f3166292000 rw-p 0005e000 103:02 4771010                   /usr/lib/libmpg123.so.0.49.4
7f3166292000-7f3166293000 r--p 00000000 103:02 4768927                   /usr/lib/libsamplerate.so.0.2.2
7f3166293000-7f3166298000 r-xp 00001000 103:02 4768927                   /usr/lib/libsamplerate.so.0.2.2
7f3166298000-7f31663fe000 r--p 00006000 103:02 4768927                   /usr/lib/libsamplerate.so.0.2.2
7f31663fe000-7f31663ff000 r--p 0016b000 103:02 4768927                   /usr/lib/libsamplerate.so.0.2.2
7f31663ff000-7f3166400000 rw-p 0016c000 103:02 4768927                   /usr/lib/libsamplerate.so.0.2.2
7f3166400000-7f3166453000 r--p 00000000 103:02 4726308                   /usr/lib/libcrypto.so.3
7f3166453000-7f31667ff000 r-xp 00053000 103:02 4726308                   /usr/lib/libcrypto.so.3
7f31667ff000-7f3166925000 r--p 003ff000 103:02 4726308                   /usr/lib/libcrypto.so.3
7f3166925000-7f31669a3000 r--p 00525000 103:02 4726308                   /usr/lib/libcrypto.so.3
7f31669a3000-7f31669a6000 rw-p 005a3000 103:02 4726308                   /usr/lib/libcrypto.so.3
7f31669a6000-7f31669a9000 rw-p 00000000 00:00 0 
7f31669aa000-7f31669ab000 rw-p 00000000 00:00 0 
7f31669ab000-7f31669af000 rw-p 00000000 00:00 0 
7f31669af000-7f31669b1000 r--p 00000000 103:02 4737522                   /usr/lib/libtasn1.so.6.6.5
7f31669b1000-7f31669c0000 r-xp 00002000 103:02 4737522                   /usr/lib/libtasn1.so.6.6.5
7f31669c0000-7f31669c3000 r--p 00011000 103:02 4737522                   /usr/lib/libtasn1.so.6.6.5
7f31669c3000-7f31669c4000 r--p 00014000 103:02 4737522                   /usr/lib/libtasn1.so.6.6.5
7f31669c4000-7f31669c5000 rw-p 00015000 103:02 4737522                   /usr/lib/libtasn1.so.6.6.5
7f31669c5000-7f31669c7000 r--p 00000000 103:02 4816273                   /usr/lib/libvorbisfile.so.3.3.8
7f31669c7000-7f31669cc000 r-xp 00002000 103:02 4816273                   /usr/lib/libvorbisfile.so.3.3.8
7f31669cc000-7f31669cd000 r--p 00007000 103:02 4816273                   /usr/lib/libvorbisfile.so.3.3.8
7f31669cd000-7f31669ce000 r--p 00007000 103:02 4816273                   /usr/lib/libvorbisfile.so.3.3.8
7f31669ce000-7f31669cf000 rw-p 00008000 103:02 4816273                   /usr/lib/libvorbisfile.so.3.3.8
7f31669cf000-7f31669d0000 r--p 00000000 103:02 4755356                   /usr/lib/libsharpyuv.so.0.1.2
7f31669d0000-7f31669d4000 r-xp 00001000 103:02 4755356                   /usr/lib/libsharpyuv.so.0.1.2
7f31669d4000-7f31669d5000 r--p 00005000 103:02 4755356                   /usr/lib/libsharpyuv.so.0.1.2
7f31669d5000-7f31669d6000 r--p 00005000 103:02 4755356                   /usr/lib/libsharpyuv.so.0.1.2
7f31669d6000-7f31669d7000 rw-p 00006000 103:02 4755356                   /usr/lib/libsharpyuv.so.0.1.2
7f31669d7000-7f31669d8000 rw-p 00000000 00:00 0 
7f31669d8000-7f31669d9000 r--p 00000000 103:02 4815185                   /usr/lib/libjxl_cms.so.0.12.0
7f31669d9000-7f31669fa000 r-xp 00001000 103:02 4815185                   /usr/lib/libjxl_cms.so.0.12.0
7f31669fa000-7f31669ff000 r--p 00022000 103:02 4815185                   /usr/lib/libjxl_cms.so.0.12.0
7f31669ff000-7f3166a00000 r--p 00027000 103:02 4815185                   /usr/lib/libjxl_cms.so.0.12.0
7f3166a00000-7f3166a01000 rw-p 00028000 103:02 4815185                   /usr/lib/libjxl_cms.so.0.12.0
7f3166a01000-7f3166a0c000 r--p 00000000 103:02 4758350                   /usr/lib/libglut.so.3.13.0
7f3166a0c000-7f3166a26000 r-xp 0000b000 103:02 4758350                   /usr/lib/libglut.so.3.13.0
7f3166a26000-7f3166a40000 r--p 00025000 103:02 4758350                   /usr/lib/libglut.so.3.13.0
7f3166a40000-7f3166a44000 r--p 0003f000 103:02 4758350                   /usr/lib/libglut.so.3.13.0
7f3166a44000-7f3166a4b000 rw-p 00043000 103:02 4758350                   /usr/lib/libglut.so.3.13.0
7f3166a4b000-7f3166aaf000 rw-p 00000000 00:00 0 
7f3166aaf000-7f3166ab2000 r--p 00000000 103:02 4777363                   /usr/lib/libGLU.so.1.3.1
7f3166ab2000-7f3166afc000 r-xp 00003000 103:02 4777363                   /usr/lib/libGLU.so.1.3.1
7f3166afc000-7f3166b07000 r--p 0004d000 103:02 4777363                   /usr/lib/libGLU.so.1.3.1
7f3166b07000-7f3166b08000 r--p 00058000 103:02 4777363                   /usr/lib/libGLU.so.1.3.1
7f3166b08000-7f3166b09000 rw-p 00059000 103:02 4777363                   /usr/lib/libGLU.so.1.3.1
7f3166b09000-7f3166b1d000 r--p 00000000 103:02 4726312                   /usr/lib/libssl.so.3
7f3166b1d000-7f3166bca000 r-xp 00014000 103:02 4726312                   /usr/lib/libssl.so.3
7f3166bca000-7f3166bf2000 r--p 000c1000 103:02 4726312                   /usr/lib/libssl.so.3
7f3166bf2000-7f3166bfc000 r--p 000e9000 103:02 4726312                   /usr/lib/libssl.so.3
7f3166bfc000-7f3166c00000 rw-p 000f3000 103:02 4726312                   /usr/lib/libssl.so.3
7f3166c00000-7f3166c09000 r--p 00000000 103:02 4835513                   /usr/lib/libglslang.so.16.4.0
7f3166c09000-7f3166ee3000 r-xp 00009000 103:02 4835513                   /usr/lib/libglslang.so.16.4.0
7f3166ee3000-7f3166f98000 r--p 002e3000 103:02 4835513                   /usr/lib/libglslang.so.16.4.0
7f3166f98000-7f3166fa7000 r--p 00397000 103:02 4835513                   /usr/lib/libglslang.so.16.4.0
7f3166fa7000-7f3166fa9000 rw-p 003a6000 103:02 4835513                   /usr/lib/libglslang.so.16.4.0
7f3166fa9000-7f31676bd000 rw-p 00000000 00:00 0 
7f31676bd000-7f31676c1000 rw-p 00000000 00:00 0 
7f31676c1000-7f31676c3000 r--p 00000000 103:02 4792845                   /usr/lib/libogg.so.0.8.6
7f31676c3000-7f31676c6000 r-xp 00002000 103:02 4792845                   /usr/lib/libogg.so.0.8.6
7f31676c6000-7f31676c9000 r--p 00005000 103:02 4792845                   /usr/lib/libogg.so.0.8.6
7f31676c9000-7f31676ca000 r--p 00008000 103:02 4792845                   /usr/lib/libogg.so.0.8.6
7f31676ca000-7f31676cb000 rw-p 00009000 103:02 4792845                   /usr/lib/libogg.so.0.8.6
7f31676cb000-7f31676cd000 r--p 00000000 103:02 4755205                   /usr/lib/libhwy.so.1.4.0
7f31676cd000-7f31676d5000 r-xp 00002000 103:02 4755205                   /usr/lib/libhwy.so.1.4.0
7f31676d5000-7f31676d8000 r--p 0000a000 103:02 4755205                   /usr/lib/libhwy.so.1.4.0
7f31676d8000-7f31676d9000 r--p 0000c000 103:02 4755205                   /usr/lib/libhwy.so.1.4.0
7f31676d9000-7f31676da000 rw-p 0000d000 103:02 4755205                   /usr/lib/libhwy.so.1.4.0
7f31676da000-7f31676ee000 r--p 00000000 103:02 5005676                   /usr/lib/pulseaudio/libpulsecommon-17.0.so
7f31676ee000-7f3167738000 r-xp 00014000 103:02 5005676                   /usr/lib/pulseaudio/libpulsecommon-17.0.so
7f3167738000-7f3167757000 r--p 0005e000 103:02 5005676                   /usr/lib/pulseaudio/libpulsecommon-17.0.so
7f3167757000-7f3167759000 r--p 0007d000 103:02 5005676                   /usr/lib/pulseaudio/libpulsecommon-17.0.so
7f3167759000-7f316775a000 rw-p 0007f000 103:02 5005676                   /usr/lib/pulseaudio/libpulsecommon-17.0.so
7f316775a000-7f3167763000 r--p 00000000 103:02 4732365                   /usr/lib/libgssapi_krb5.so.2.2
7f3167763000-7f31677a3000 r-xp 00009000 103:02 4732365                   /usr/lib/libgssapi_krb5.so.2.2
7f31677a3000-7f31677af000 r--p 00049000 103:02 4732365                   /usr/lib/libgssapi_krb5.so.2.2
7f31677af000-7f31677b1000 r--p 00055000 103:02 4732365                   /usr/lib/libgssapi_krb5.so.2.2
7f31677b1000-7f31677b2000 rw-p 00057000 103:02 4732365                   /usr/lib/libgssapi_krb5.so.2.2
7f31677b2000-7f31677b8000 r--p 00000000 103:02 4737856                   /usr/lib/libssh2.so.1.0.1
7f31677b8000-7f31677f0000 r-xp 00006000 103:02 4737856                   /usr/lib/libssh2.so.1.0.1
7f31677f0000-7f31677fd000 r--p 0003e000 103:02 4737856                   /usr/lib/libssh2.so.1.0.1
7f31677fd000-7f31677ff000 r--p 0004b000 103:02 4737856                   /usr/lib/libssh2.so.1.0.1
7f31677ff000-7f3167800000 rw-p 0004d000 103:02 4737856                   /usr/lib/libssh2.so.1.0.1
7f3167800000-7f3167825000 r--p 00000000 103:02 4738682                   /usr/lib/libgnutls.so.30.42.0
7f3167825000-7f316797b000 r-xp 00025000 103:02 4738682                   /usr/lib/libgnutls.so.30.42.0
7f316797b000-7f31679f9000 r--p 0017b000 103:02 4738682                   /usr/lib/libgnutls.so.30.42.0
7f31679f9000-7f3167a0b000 r--p 001f8000 103:02 4738682                   /usr/lib/libgnutls.so.30.42.0
7f3167a0b000-7f3167a0e000 rw-p 0020a000 103:02 4738682                   /usr/lib/libgnutls.so.30.42.0
7f3167a0e000-7f3167a11000 rw-p 00000000 00:00 0 
7f3167a11000-7f3167a15000 rw-p 00000000 00:00 0 
7f3167a15000-7f3167a19000 r--p 00000000 103:02 4750340                   /usr/lib/libngtcp2.so.16.11.0
7f3167a19000-7f3167a60000 r-xp 00004000 103:02 4750340                   /usr/lib/libngtcp2.so.16.11.0
7f3167a60000-7f3167a6f000 r--p 0004b000 103:02 4750340                   /usr/lib/libngtcp2.so.16.11.0
7f3167a6f000-7f3167a70000 r--p 0005a000 103:02 4750340                   /usr/lib/libngtcp2.so.16.11.0
7f3167a70000-7f3167a71000 rw-p 0005b000 103:02 4750340                   /usr/lib/libngtcp2.so.16.11.0
7f3167a71000-7f3167a8f000 r--p 00000000 103:02 4770283                   /usr/lib/libdovi.so.3.4.0
7f3167a8f000-7f3167b0e000 r-xp 0001d000 103:02 4770283                   /usr/lib/libdovi.so.3.4.0
7f3167b0e000-7f3167b16000 r--p 0009b000 103:02 4770283                   /usr/lib/libdovi.so.3.4.0
7f3167b16000-7f3167b17000 rw-p 000a2000 103:02 4770283                   /usr/lib/libdovi.so.3.4.0
7f3167b17000-7f3167b32000 r--p 00000000 103:02 4768894                   /usr/lib/libsrt.so.1.5.6
7f3167b32000-7f3167bd6000 r-xp 0001b000 103:02 4768894                   /usr/lib/libsrt.so.1.5.6
7f3167bd6000-7f3167bf7000 r--p 000bf000 103:02 4768894                   /usr/lib/libsrt.so.1.5.6
7f3167bf7000-7f3167bfa000 r--p 000e0000 103:02 4768894                   /usr/lib/libsrt.so.1.5.6
7f3167bfa000-7f3167bfb000 rw-p 000e3000 103:02 4768894                   /usr/lib/libsrt.so.1.5.6
7f3167bfb000-7f3167c00000 rw-p 00000000 00:00 0 
7f3167c00000-7f3167c0c000 r--p 00000000 103:02 4758335                   /usr/lib/libopenmpt.so.0.5.5
7f3167c0c000-7f3167d81000 r-xp 0000c000 103:02 4758335                   /usr/lib/libopenmpt.so.0.5.5
7f3167d81000-7f3167dd0000 r--p 00181000 103:02 4758335                   /usr/lib/libopenmpt.so.0.5.5
7f3167dd0000-7f3167dd5000 r--p 001d0000 103:02 4758335                   /usr/lib/libopenmpt.so.0.5.5
7f3167dd5000-7f3167dd6000 rw-p 001d5000 103:02 4758335                   /usr/lib/libopenmpt.so.0.5.5
7f3167dd6000-7f3167e30000 rw-p 00000000 00:00 0 
7f3167e31000-7f3167e32000 r--p 00000000 103:02 4745662                   /usr/lib/libharfbuzz-icu.so.0.61431.0
7f3167e32000-7f3167e33000 r-xp 00001000 103:02 4745662                   /usr/lib/libharfbuzz-icu.so.0.61431.0
7f3167e33000-7f3167e34000 r--p 00002000 103:02 4745662                   /usr/lib/libharfbuzz-icu.so.0.61431.0
7f3167e34000-7f3167e35000 r--p 00002000 103:02 4745662                   /usr/lib/libharfbuzz-icu.so.0.61431.0
7f3167e35000-7f3167e36000 rw-p 00003000 103:02 4745662                   /usr/lib/libharfbuzz-icu.so.0.61431.0
7f3167e36000-7f3167e3d000 r--p 00000000 103:02 4761802                   /usr/lib/libgdk_pixbuf-2.0.so.0.4400.7
7f3167e3d000-7f3167e5f000 r-xp 00007000 103:02 4761802                   /usr/lib/libgdk_pixbuf-2.0.so.0.4400.7
7f3167e5f000-7f3167e6d000 r--p 00029000 103:02 4761802                   /usr/lib/libgdk_pixbuf-2.0.so.0.4400.7
7f3167e6d000-7f3167e6f000 r--p 00036000 103:02 4761802                   /usr/lib/libgdk_pixbuf-2.0.so.0.4400.7
7f3167e6f000-7f3167e70000 rw-p 00038000 103:02 4761802                   /usr/lib/libgdk_pixbuf-2.0.so.0.4400.7
7f3167e70000-7f3167e76000 r--p 00000000 103:02 4769212                   /usr/lib/libmodplug.so.1.0.0
7f3167e76000-7f3167eb4000 r-xp 00006000 103:02 4769212                   /usr/lib/libmodplug.so.1.0.0
7f3167eb4000-7f3167ec1000 r--p 00044000 103:02 4769212                   /usr/lib/libmodplug.so.1.0.0
7f3167ec1000-7f3167ec2000 r--p 00051000 103:02 4769212                   /usr/lib/libmodplug.so.1.0.0
7f3167ec2000-7f3167ec3000 rw-p 00052000 103:02 4769212                   /usr/lib/libmodplug.so.1.0.0
7f3167ec3000-7f3168000000 rw-p 00000000 00:00 0 
7f3168000000-7f3168006000 r-xp 00000000 103:02 1313995                   /opt/cuda/targets/x86_64-linux/lib/libOpenCL.so.1.0.0
7f3168006000-7f3168205000 ---p 00006000 103:02 1313995                   /opt/cuda/targets/x86_64-linux/lib/libOpenCL.so.1.0.0
7f3168205000-7f3168207000 r--p 00005000 103:02 1313995                   /opt/cuda/targets/x86_64-linux/lib/libOpenCL.so.1.0.0
7f3168207000-7f3168208000 rw-p 00007000 103:02 1313995                   /opt/cuda/targets/x86_64-linux/lib/libOpenCL.so.1.0.0
7f3168208000-7f316820a000 r--p 00000000 103:02 4726081                   /usr/lib/libcom_err.so.2.1
7f316820a000-7f316820b000 r-xp 00002000 103:02 4726081                   /usr/lib/libcom_err.so.2.1
7f316820b000-7f316820c000 r--p 00003000 103:02 4726081                   /usr/lib/libcom_err.so.2.1
7f316820c000-7f316820d000 r--p 00003000 103:02 4726081                   /usr/lib/libcom_err.so.2.1
7f316820d000-7f316820e000 rw-p 00004000 103:02 4726081                   /usr/lib/libcom_err.so.2.1
7f316820e000-7f3168212000 r--p 00000000 103:02 4758497                   /usr/lib/libbsd.so.0.12.2
7f3168212000-7f316821d000 r-xp 00004000 103:02 4758497                   /usr/lib/libbsd.so.0.12.2
7f316821d000-7f3168220000 r--p 0000f000 103:02 4758497                   /usr/lib/libbsd.so.0.12.2
7f3168220000-7f3168221000 r--p 00011000 103:02 4758497                   /usr/lib/libbsd.so.0.12.2
7f3168221000-7f3168222000 rw-p 00012000 103:02 4758497                   /usr/lib/libbsd.so.0.12.2
7f3168222000-7f3168223000 rw-p 00000000 00:00 0 
7f3168223000-7f3168225000 r--p 00000000 103:02 4769556                   /usr/lib/libv4l2.so.0.0.0
7f3168225000-7f316822b000 r-xp 00002000 103:02 4769556                   /usr/lib/libv4l2.so.0.0.0
7f316822b000-7f316822d000 r--p 00008000 103:02 4769556                   /usr/lib/libv4l2.so.0.0.0
7f316822d000-7f316822e000 r--p 00009000 103:02 4769556                   /usr/lib/libv4l2.so.0.0.0
7f316822e000-7f3168232000 rw-p 0000a000 103:02 4769556                   /usr/lib/libv4l2.so.0.0.0
7f3168232000-7f3168234000 r--p 00000000 103:02 4751858                   /usr/lib/libxcb-shape.so.0.0.0
7f3168234000-7f3168235000 r-xp 00002000 103:02 4751858                   /usr/lib/libxcb-shape.so.0.0.0
7f3168235000-7f3168236000 r--p 00003000 103:02 4751858                   /usr/lib/libxcb-shape.so.0.0.0
7f3168236000-7f3168237000 r--p 00003000 103:02 4751858                   /usr/lib/libxcb-shape.so.0.0.0
7f3168237000-7f3168238000 rw-p 00004000 103:02 4751858                   /usr/lib/libxcb-shape.so.0.0.0
7f3168238000-7f316823d000 r--p 00000000 103:02 4768962                   /usr/lib/libraw1394.so.11.1.0
7f316823d000-7f3168245000 r-xp 00005000 103:02 4768962                   /usr/lib/libraw1394.so.11.1.0
7f3168245000-7f3168248000 r--p 0000d000 103:02 4768962                   /usr/lib/libraw1394.so.11.1.0
7f3168248000-7f3168249000 r--p 0000f000 103:02 4768962                   /usr/lib/libraw1394.so.11.1.0
7f3168249000-7f316824a000 rw-p 00010000 103:02 4768962                   /usr/lib/libraw1394.so.11.1.0
7f316824a000-7f316824c000 r--p 00000000 103:02 4788171                   /usr/lib/libsoxr.so.0.1.2
7f316824c000-7f3168270000 r-xp 00002000 103:02 4788171                   /usr/lib/libsoxr.so.0.1.2
7f3168270000-7f3168275000 r--p 00026000 103:02 4788171                   /usr/lib/libsoxr.so.0.1.2
7f3168275000-7f3168277000 r--p 0002a000 103:02 4788171                   /usr/lib/libsoxr.so.0.1.2
7f3168277000-7f3168278000 rw-p 0002c000 103:02 4788171                   /usr/lib/libsoxr.so.0.1.2
7f3168278000-7f31682ad000 rw-p 00000000 00:00 0 
7f31682ad000-7f31682b7000 r--p 00000000 103:02 4769595                   /usr/lib/libvmaf.so.3.2.0
7f31682b7000-7f3168313000 r-xp 0000a000 103:02 4769595                   /usr/lib/libvmaf.so.3.2.0
7f3168313000-7f3168326000 r--p 00066000 103:02 4769595                   /usr/lib/libvmaf.so.3.2.0
7f3168326000-7f3168329000 r--p 00079000 103:02 4769595                   /usr/lib/libvmaf.so.3.2.0
7f3168329000-7f31683c0000 rw-p 0007c000 103:02 4769595                   /usr/lib/libvmaf.so.3.2.0
7f31683c0000-7f3168400000 rw-p 00000000 00:00 0 
7f3168400000-7f316845f000 r--p 00000000 103:02 4835194                   /usr/lib/libx265.so.217
7f316845f000-7f3169877000 r-xp 0005f000 103:02 4835194                   /usr/lib/libx265.so.217
7f3169877000-7f31698fb000 r--p 01477000 103:02 4835194                   /usr/lib/libx265.so.217
7f31698fb000-7f3169910000 r--p 014fa000 103:02 4835194                   /usr/lib/libx265.so.217
7f3169910000-7f3169913000 rw-p 0150f000 103:02 4835194                   /usr/lib/libx265.so.217
7f3169913000-7f3169925000 rw-p 00000000 00:00 0 
7f3169925000-7f3169928000 r--p 00000000 103:02 4769084                   /usr/lib/libiec61883.so.0.1.1
7f3169928000-7f316992f000 r-xp 00003000 103:02 4769084                   /usr/lib/libiec61883.so.0.1.1
7f316992f000-7f3169932000 r--p 0000a000 103:02 4769084                   /usr/lib/libiec61883.so.0.1.1
7f3169932000-7f3169933000 r--p 0000d000 103:02 4769084                   /usr/lib/libiec61883.so.0.1.1
7f3169933000-7f3169934000 rw-p 0000e000 103:02 4769084                   /usr/lib/libiec61883.so.0.1.1
7f3169934000-7f3169937000 r--p 00000000 103:02 4815220                   /usr/lib/liblz4.so.1.10.0
7f3169937000-7f3169955000 r-xp 00003000 103:02 4815220                   /usr/lib/liblz4.so.1.10.0
7f3169955000-7f3169957000 r--p 00021000 103:02 4815220                   /usr/lib/liblz4.so.1.10.0
7f3169957000-7f3169958000 r--p 00023000 103:02 4815220                   /usr/lib/liblz4.so.1.10.0
7f3169958000-7f3169959000 rw-p 00024000 103:02 4815220                   /usr/lib/liblz4.so.1.10.0
7f3169959000-7f316996a000 r--p 00000000 103:02 4725963                   /usr/lib/libgmp.so.10.5.0
7f316996a000-7f31699e8000 r-xp 00011000 103:02 4725963                   /usr/lib/libgmp.so.10.5.0
7f31699e8000-7f31699fd000 r--p 0008f000 103:02 4725963                   /usr/lib/libgmp.so.10.5.0
7f31699fd000-7f31699ff000 r--p 000a3000 103:02 4725963                   /usr/lib/libgmp.so.10.5.0
7f31699ff000-7f3169a00000 rw-p 000a5000 103:02 4725963                   /usr/lib/libgmp.so.10.5.0
7f3169a00000-7f3169a03000 r--p 00000000 103:02 4792842                   /usr/lib/libx264.so.165
7f3169a03000-7f3169b96000 r-xp 00003000 103:02 4792842                   /usr/lib/libx264.so.165
7f3169b96000-7f3169bcf000 r--p 00196000 103:02 4792842                   /usr/lib/libx264.so.165
7f3169bcf000-7f3169bd1000 r--p 001ce000 103:02 4792842                   /usr/lib/libx264.so.165
7f3169bd1000-7f3169bd2000 rw-p 001d0000 103:02 4792842                   /usr/lib/libx264.so.165
7f3169bd2000-7f3169ccb000 rw-p 00000000 00:00 0 
7f3169ccb000-7f3169cce000 r--p 00000000 103:02 4776442                   /usr/share/locale/en_GB/LC_MESSAGES/at-spi2-core.mo
7f3169cce000-7f3169ccf000 r--p 00000000 103:02 4768976                   /usr/lib/librom1394.so.0.3.0
7f3169ccf000-7f3169cd1000 r-xp 00001000 103:02 4768976                   /usr/lib/librom1394.so.0.3.0
7f3169cd1000-7f3169cd2000 r--p 00003000 103:02 4768976                   /usr/lib/librom1394.so.0.3.0
7f3169cd2000-7f3169cd3000 r--p 00003000 103:02 4768976                   /usr/lib/librom1394.so.0.3.0
7f3169cd3000-7f3169cd4000 rw-p 00004000 103:02 4768976                   /usr/lib/librom1394.so.0.3.0
7f3169cd4000-7f3169cd6000 r--p 00000000 103:02 4725865                   /usr/lib/libacl.so.1.2.2400
7f3169cd6000-7f3169cdc000 r-xp 00002000 103:02 4725865                   /usr/lib/libacl.so.1.2.2400
7f3169cdc000-7f3169cde000 r--p 00008000 103:02 4725865                   /usr/lib/libacl.so.1.2.2400
7f3169cde000-7f3169cdf000 r--p 00009000 103:02 4725865                   /usr/lib/libacl.so.1.2.2400
7f3169cdf000-7f3169ce0000 rw-p 0000a000 103:02 4725865                   /usr/lib/libacl.so.1.2.2400
7f3169ce0000-7f3169ce2000 r--p 00000000 103:02 4737828                   /usr/lib/libpsl.so.5.3.5
7f3169ce2000-7f3169ce4000 r-xp 00002000 103:02 4737828                   /usr/lib/libpsl.so.5.3.5
7f3169ce4000-7f3169cf2000 r--p 00004000 103:02 4737828                   /usr/lib/libpsl.so.5.3.5
7f3169cf2000-7f3169cf3000 r--p 00011000 103:02 4737828                   /usr/lib/libpsl.so.5.3.5
7f3169cf3000-7f3169cf4000 rw-p 00012000 103:02 4737828                   /usr/lib/libpsl.so.5.3.5
7f3169cf4000-7f3169cf8000 r--p 00000000 103:02 4750269                   /usr/lib/libnghttp2.so.14.29.5
7f3169cf8000-7f3169d0e000 r-xp 00004000 103:02 4750269                   /usr/lib/libnghttp2.so.14.29.5
7f3169d0e000-7f3169d1a000 r--p 0001a000 103:02 4750269                   /usr/lib/libnghttp2.so.14.29.5
7f3169d1a000-7f3169d1d000 r--p 00025000 103:02 4750269                   /usr/lib/libnghttp2.so.14.29.5
7f3169d1d000-7f3169d1e000 rw-p 00028000 103:02 4750269                   /usr/lib/libnghttp2.so.14.29.5
7f3169d1e000-7f3169d60000 r--p 00000000 103:02 4757008                   /usr/lib/libzmq.so.5.2.5
7f3169d60000-7f3169dd4000 r-xp 00042000 103:02 4757008                   /usr/lib/libzmq.so.5.2.5
7f3169dd4000-7f3169df5000 r--p 000b6000 103:02 4757008                   /usr/lib/libzmq.so.5.2.5
7f3169df5000-7f3169dff000 r--p 000d6000 103:02 4757008                   /usr/lib/libzmq.so.5.2.5
7f3169dff000-7f3169e00000 rw-p 000e0000 103:02 4757008                   /usr/lib/libzmq.so.5.2.5
7f3169e00000-7f3169e04000 r--p 00000000 103:02 4817227                   /usr/lib/libSvtAv1Enc.so.4.2.0
7f3169e04000-7f316a266000 r-xp 00004000 103:02 4817227                   /usr/lib/libSvtAv1Enc.so.4.2.0
7f316a266000-7f316a32a000 r--p 00466000 103:02 4817227                   /usr/lib/libSvtAv1Enc.so.4.2.0
7f316a32a000-7f316a32e000 r--p 00529000 103:02 4817227                   /usr/lib/libSvtAv1Enc.so.4.2.0
7f316a32e000-7f316a330000 rw-p 0052d000 103:02 4817227                   /usr/lib/libSvtAv1Enc.so.4.2.0
7f316a330000-7f317236e000 rw-p 00000000 00:00 0 
7f317236f000-7f3172371000 r--p 00000000 00:1a 53161                      /dev/shm/716e306c-95b7-4d19-95b4-1c569de03be9 (deleted)
7f3172371000-7f317237f000 r--p 00000000 103:02 4826263                   /usr/lib/libssh.so.4.12.0
7f317237f000-7f31723dc000 r-xp 0000e000 103:02 4826263                   /usr/lib/libssh.so.4.12.0
7f31723dc000-7f31723fc000 r--p 0006b000 103:02 4826263                   /usr/lib/libssh.so.4.12.0
7f31723fc000-7f31723fe000 r--p 0008b000 103:02 4826263                   /usr/lib/libssh.so.4.12.0
7f31723fe000-7f3172400000 rw-p 0008d000 103:02 4826263                   /usr/lib/libssh.so.4.12.0
7f3172400000-7f3172488000 r--p 00000000 103:02 4812078                   /usr/lib/librav1e.so.0.8.1
7f3172488000-7f31726ff000 r-xp 00087000 103:02 4812078                   /usr/lib/librav1e.so.0.8.1
7f31726ff000-7f3172722000 r--p 002fd000 103:02 4812078                   /usr/lib/librav1e.so.0.8.1
7f3172722000-7f3172723000 rw-p 0031f000 103:02 4812078                   /usr/lib/librav1e.so.0.8.1
7f3172723000-7f3172724000 rw-p 00000000 00:00 0 
7f3172724000-7f3172725000 rw-p 00000000 00:00 0 
7f3172725000-7f3172727000 rw-p 00000000 00:00 0 
7f3172727000-7f3172729000 r--p 00000000 103:02 4737748                   /usr/lib/libidn2.so.0.4.0
7f3172729000-7f317272d000 r-xp 00002000 103:02 4737748                   /usr/lib/libidn2.so.0.4.0
7f317272d000-7f3172747000 r--p 00006000 103:02 4737748                   /usr/lib/libidn2.so.0.4.0
7f3172747000-7f3172748000 r--p 0001f000 103:02 4737748                   /usr/lib/libidn2.so.0.4.0
7f3172748000-7f3172749000 rw-p 00020000 103:02 4737748                   /usr/lib/libidn2.so.0.4.0
7f3172749000-7f317274c000 r--p 00000000 103:02 4757522                   /usr/lib/libngtcp2_crypto_ossl.so.0.3.1
7f317274c000-7f3172752000 r-xp 00003000 103:02 4757522                   /usr/lib/libngtcp2_crypto_ossl.so.0.3.1
7f3172752000-7f3172754000 r--p 00009000 103:02 4757522                   /usr/lib/libngtcp2_crypto_ossl.so.0.3.1
7f3172754000-7f3172755000 r--p 0000a000 103:02 4757522                   /usr/lib/libngtcp2_crypto_ossl.so.0.3.1
7f3172755000-7f3172756000 rw-p 0000b000 103:02 4757522                   /usr/lib/libngtcp2_crypto_ossl.so.0.3.1
7f3172756000-7f3172759000 r--p 00000000 103:02 4750283                   /usr/lib/libnghttp3.so.9.9.0
7f3172759000-7f317276e000 r-xp 00003000 103:02 4750283                   /usr/lib/libnghttp3.so.9.9.0
7f317276e000-7f317277b000 r--p 00018000 103:02 4750283                   /usr/lib/libnghttp3.so.9.9.0
7f317277b000-7f317277c000 r--p 00024000 103:02 4750283                   /usr/lib/libnghttp3.so.9.9.0
7f317277c000-7f317277e000 rw-p 00025000 103:02 4750283                   /usr/lib/libnghttp3.so.9.9.0
7f317277e000-7f3172783000 r--p 00000000 103:02 4743300                   /usr/lib/libshaderc_shared.so.1
7f3172783000-7f3172796000 r-xp 00005000 103:02 4743300                   /usr/lib/libshaderc_shared.so.1
7f3172796000-7f317279a000 r--p 00018000 103:02 4743300                   /usr/lib/libshaderc_shared.so.1
7f317279a000-7f317279b000 r--p 0001b000 103:02 4743300                   /usr/lib/libshaderc_shared.so.1
7f317279b000-7f317279c000 rw-p 0001c000 103:02 4743300                   /usr/lib/libshaderc_shared.so.1
7f317279c000-7f31727a0000 r--p 00000000 103:02 4837269                   /usr/lib/libvpl.so.2.17
7f31727a0000-7f31727ea000 r-xp 00004000 103:02 4837269                   /usr/lib/libvpl.so.2.17
7f31727ea000-7f31727fd000 r--p 0004e000 103:02 4837269                   /usr/lib/libvpl.so.2.17
7f31727fd000-7f31727ff000 r--p 00060000 103:02 4837269                   /usr/lib/libvpl.so.2.17
7f31727ff000-7f3172800000 rw-p 00062000 103:02 4837269                   /usr/lib/libvpl.so.2.17
7f3172800000-7f3172803000 r--p 00000000 103:02 4816266                   /usr/lib/libopus.so.0.11.1
7f3172803000-7f3172878000 r-xp 00003000 103:02 4816266                   /usr/lib/libopus.so.0.11.1
7f3172878000-7f3172bf4000 r--p 00078000 103:02 4816266                   /usr/lib/libopus.so.0.11.1
7f3172bf4000-7f3172bf8000 r--p 003f3000 103:02 4816266                   /usr/lib/libopus.so.0.11.1
7f3172bf8000-7f3172bf9000 rw-p 003f7000 103:02 4816266                   /usr/lib/libopus.so.0.11.1
7f3172bf9000-7f3172bfb000 r--p 00000000 103:02 4768973                   /usr/lib/libavc1394.so.0.3.0
7f3172bfb000-7f3172bfd000 r-xp 00002000 103:02 4768973                   /usr/lib/libavc1394.so.0.3.0
7f3172bfd000-7f3172bfe000 r--p 00004000 103:02 4768973                   /usr/lib/libavc1394.so.0.3.0
7f3172bfe000-7f3172bff000 r--p 00004000 103:02 4768973                   /usr/lib/libavc1394.so.0.3.0
7f3172bff000-7f3172c00000 rw-p 00005000 103:02 4768973                   /usr/lib/libavc1394.so.0.3.0
7f3172c00000-7f3172c04000 r--p 00000000 103:02 4755238                   /usr/lib/libjxl.so.0.12.0
7f3172c04000-7f3172f49000 r-xp 00004000 103:02 4755238                   /usr/lib/libjxl.so.0.12.0
7f3172f49000-7f3172faf000 r--p 00349000 103:02 4755238                   /usr/lib/libjxl.so.0.12.0
7f3172faf000-7f3172fb7000 r--p 003ae000 103:02 4755238                   /usr/lib/libjxl.so.0.12.0
7f3172fb7000-7f3172fb8000 rw-p 003b6000 103:02 4755238                   /usr/lib/libjxl.so.0.12.0
7f3172fb8000-7f3173036000 rw-p 00000000 00:00 0 
7f3173037000-7f3173039000 r--p 00000000 103:02 4835240                   /usr/lib/libglslang-default-resource-limits.so.16.4.0
7f3173039000-7f317303d000 r-xp 00002000 103:02 4835240                   /usr/lib/libglslang-default-resource-limits.so.16.4.0
7f317303d000-7f317303f000 r--p 00006000 103:02 4835240                   /usr/lib/libglslang-default-resource-limits.so.16.4.0
7f317303f000-7f3173040000 r--p 00008000 103:02 4835240                   /usr/lib/libglslang-default-resource-limits.so.16.4.0
7f3173040000-7f3173041000 rw-p 00009000 103:02 4835240                   /usr/lib/libglslang-default-resource-limits.so.16.4.0
7f3173041000-7f3173044000 r--p 00000000 103:02 4773735                   /usr/lib/libdvdread.so.8.2.0
7f3173044000-7f3173062000 r-xp 00003000 103:02 4773735                   /usr/lib/libdvdread.so.8.2.0
7f3173062000-7f317306b000 r--p 00021000 103:02 4773735                   /usr/lib/libdvdread.so.8.2.0
7f317306b000-7f317306c000 r--p 0002a000 103:02 4773735                   /usr/lib/libdvdread.so.8.2.0
7f317306c000-7f317306d000 rw-p 0002b000 103:02 4773735                   /usr/lib/libdvdread.so.8.2.0
7f317306d000-7f317306e000 r--p 00000000 103:02 4836934                   /usr/lib/libxvidcore.so.4.3
7f317306e000-7f31730f6000 r-xp 00001000 103:02 4836934                   /usr/lib/libxvidcore.so.4.3
7f31730f6000-7f3173105000 r--p 00089000 103:02 4836934                   /usr/lib/libxvidcore.so.4.3
7f3173105000-7f3173106000 r--p 00097000 103:02 4836934                   /usr/lib/libxvidcore.so.4.3
7f3173106000-7f3173110000 rw-p 00098000 103:02 4836934                   /usr/lib/libxvidcore.so.4.3
7f3173110000-7f3173179000 rw-p 00000000 00:00 0 
7f3173179000-7f317317c000 r--p 00000000 103:02 4755359                   /usr/lib/libwebp.so.7.2.0
7f317317c000-7f31731ed000 r-xp 00003000 103:02 4755359                   /usr/lib/libwebp.so.7.2.0
7f31731ed000-7f31731fd000 r--p 00074000 103:02 4755359                   /usr/lib/libwebp.so.7.2.0
7f31731fd000-7f31731fe000 r--p 00083000 103:02 4755359                   /usr/lib/libwebp.so.7.2.0
7f31731fe000-7f31731ff000 rw-p 00084000 103:02 4755359                   /usr/lib/libwebp.so.7.2.0
7f31731ff000-7f3173200000 rw-p 00000000 00:00 0 
7f3173200000-7f3173203000 r--p 00000000 103:02 4744981                   /usr/lib/libaom.so.3.14.1
7f3173203000-7f31739a2000 r-xp 00003000 103:02 4744981                   /usr/lib/libaom.so.3.14.1
7f31739a2000-7f3173a79000 r--p 007a2000 103:02 4744981                   /usr/lib/libaom.so.3.14.1
7f3173a79000-7f3173a8a000 r--p 00879000 103:02 4744981                   /usr/lib/libaom.so.3.14.1
7f3173a8a000-7f3173a8c000 rw-p 0088a000 103:02 4744981                   /usr/lib/libaom.so.3.14.1
7f3173a8c000-7f3173ae3000 rw-p 00000000 00:00 0 
7f3173ae3000-7f3173ae4000 r--p 00000000 103:02 7880804                   /usr/lib/jvm/java-26-openjdk/lib/libsyslookup.so
7f3173ae4000-7f3173ae5000 r-xp 00001000 103:02 7880804                   /usr/lib/jvm/java-26-openjdk/lib/libsyslookup.so
7f3173ae5000-7f3173ae6000 r--p 00002000 103:02 7880804                   /usr/lib/jvm/java-26-openjdk/lib/libsyslookup.so
7f3173ae6000-7f3173ae7000 r--p 00002000 103:02 7880804                   /usr/lib/jvm/java-26-openjdk/lib/libsyslookup.so
7f3173ae7000-7f3173ae8000 rw-p 00003000 103:02 7880804                   /usr/lib/jvm/java-26-openjdk/lib/libsyslookup.so
7f3173ae8000-7f3173aea000 r--p 00000000 103:02 4763199                   /usr/lib/libunwind.so.8.2.0
7f3173aea000-7f3173af5000 r-xp 00002000 103:02 4763199                   /usr/lib/libunwind.so.8.2.0
7f3173af5000-7f3173af7000 r--p 0000d000 103:02 4763199                   /usr/lib/libunwind.so.8.2.0
7f3173af7000-7f3173af8000 r--p 0000e000 103:02 4763199                   /usr/lib/libunwind.so.8.2.0
7f3173af8000-7f3173af9000 rw-p 0000f000 103:02 4763199                   /usr/lib/libunwind.so.8.2.0
7f3173af9000-7f3173b03000 rw-p 00000000 00:00 0 
7f3173b03000-7f3173b08000 r--p 00000000 103:02 4769333                   /usr/lib/libvidstab.so.1.2
7f3173b08000-7f3173b14000 r-xp 00005000 103:02 4769333                   /usr/lib/libvidstab.so.1.2
7f3173b14000-7f3173b18000 r--p 00011000 103:02 4769333                   /usr/lib/libvidstab.so.1.2
7f3173b18000-7f3173b19000 r--p 00014000 103:02 4769333                   /usr/lib/libvidstab.so.1.2
7f3173b19000-7f3173b1a000 rw-p 00015000 103:02 4769333                   /usr/lib/libvidstab.so.1.2
7f3173b1a000-7f3173b1c000 r--p 00000000 103:02 4769073                   /usr/lib/libbs2b.so.0.0.0
7f3173b1c000-7f3173b1f000 r-xp 00002000 103:02 4769073                   /usr/lib/libbs2b.so.0.0.0
7f3173b1f000-7f3173b20000 r--p 00005000 103:02 4769073                   /usr/lib/libbs2b.so.0.0.0
7f3173b20000-7f3173b21000 r--p 00005000 103:02 4769073                   /usr/lib/libbs2b.so.0.0.0
7f3173b21000-7f3173b22000 rw-p 00006000 103:02 4769073                   /usr/lib/libbs2b.so.0.0.0
7f3173b22000-7f3173b23000 r--p 00000000 103:02 4769018                   /usr/lib/libvorbisenc.so.2.0.12
7f3173b23000-7f3173b26000 r-xp 00001000 103:02 4769018                   /usr/lib/libvorbisenc.so.2.0.12
7f3173b26000-7f3173b9d000 r--p 00004000 103:02 4769018                   /usr/lib/libvorbisenc.so.2.0.12
7f3173b9d000-7f3173bb9000 r--p 0007a000 103:02 4769018                   /usr/lib/libvorbisenc.so.2.0.12
7f3173bb9000-7f3173bba000 rw-p 00096000 103:02 4769018                   /usr/lib/libvorbisenc.so.2.0.12
7f3173bba000-7f3173bbd000 r--p 00000000 103:02 4769013                   /usr/lib/libvorbis.so.0.4.9
7f3173bbd000-7f3173bd5000 r-xp 00003000 103:02 4769013                   /usr/lib/libvorbis.so.0.4.9
7f3173bd5000-7f3173be6000 r--p 0001b000 103:02 4769013                   /usr/lib/libvorbis.so.0.4.9
7f3173be6000-7f3173be7000 r--p 0002b000 103:02 4769013                   /usr/lib/libvorbis.so.0.4.9
7f3173be7000-7f3173be8000 rw-p 0002c000 103:02 4769013                   /usr/lib/libvorbis.so.0.4.9
7f3173be8000-7f3173bea000 r--p 00000000 103:02 4769303                   /usr/lib/libtheoradec.so.2.1.1
7f3173bea000-7f3173bfc000 r-xp 00002000 103:02 4769303                   /usr/lib/libtheoradec.so.2.1.1
7f3173bfc000-7f3173bfe000 r--p 00014000 103:02 4769303                   /usr/lib/libtheoradec.so.2.1.1
7f3173bfe000-7f3173bff000 r--p 00015000 103:02 4769303                   /usr/lib/libtheoradec.so.2.1.1
7f3173bff000-7f3173c00000 rw-p 00016000 103:02 4769303                   /usr/lib/libtheoradec.so.2.1.1
7f3173c00000-7f3173c09000 r--p 00000000 103:02 4814627                   /usr/lib/librsvg-2.so.2.62.3
7f3173c09000-7f3173f0e000 r-xp 00009000 103:02 4814627                   /usr/lib/librsvg-2.so.2.62.3
7f3173f0e000-7f317401e000 r--p 0030e000 103:02 4814627                   /usr/lib/librsvg-2.so.2.62.3
7f317401e000-7f317408e000 r--p 0041d000 103:02 4814627                   /usr/lib/librsvg-2.so.2.62.3
7f317408e000-7f317408f000 rw-p 0048d000 103:02 4814627                   /usr/lib/librsvg-2.so.2.62.3
7f3174093000-7f3174094000 r--p 00000000 103:02 4816286                   /usr/lib/libtheoraenc.so.2.2.1
7f3174094000-7f31740b8000 r-xp 00001000 103:02 4816286                   /usr/lib/libtheoraenc.so.2.2.1
7f31740b8000-7f31740c4000 r--p 00025000 103:02 4816286                   /usr/lib/libtheoraenc.so.2.2.1
7f31740c4000-7f31740c5000 r--p 00030000 103:02 4816286                   /usr/lib/libtheoraenc.so.2.2.1
7f31740c5000-7f31740c6000 rw-p 00031000 103:02 4816286                   /usr/lib/libtheoraenc.so.2.2.1
7f31740c6000-7f31740c8000 r--p 00000000 103:02 4769495                   /usr/lib/libspeex.so.1.5.2
7f31740c8000-7f31740db000 r-xp 00002000 103:02 4769495                   /usr/lib/libspeex.so.1.5.2
7f31740db000-7f31740e0000 r--p 00015000 103:02 4769495                   /usr/lib/libspeex.so.1.5.2
7f31740e0000-7f31740e1000 r--p 0001a000 103:02 4769495                   /usr/lib/libspeex.so.1.5.2
7f31740e1000-7f31740e2000 rw-p 0001b000 103:02 4769495                   /usr/lib/libspeex.so.1.5.2
7f31740e2000-7f31740e9000 r--p 00000000 103:02 4755382                   /usr/lib/libopenjp2.so.2.5.4
7f31740e9000-7f3174141000 r-xp 00007000 103:02 4755382                   /usr/lib/libopenjp2.so.2.5.4
7f3174141000-7f3174153000 r--p 0005f000 103:02 4755382                   /usr/lib/libopenjp2.so.2.5.4
7f3174153000-7f3174155000 r--p 00071000 103:02 4755382                   /usr/lib/libopenjp2.so.2.5.4
7f3174155000-7f3174156000 rw-p 00073000 103:02 4755382                   /usr/lib/libopenjp2.so.2.5.4
7f3174156000-7f3174157000 r--p 00000000 103:02 4769453                   /usr/lib/libopencore-amrnb.so.0.0.5
7f3174157000-7f3174174000 r-xp 00001000 103:02 4769453                   /usr/lib/libopencore-amrnb.so.0.0.5
7f3174174000-7f317417e000 r--p 0001e000 103:02 4769453                   /usr/lib/libopencore-amrnb.so.0.0.5
7f317417e000-7f317417f000 r--p 00027000 103:02 4769453                   /usr/lib/libopencore-amrnb.so.0.0.5
7f317417f000-7f3174180000 rw-p 00028000 103:02 4769453                   /usr/lib/libopencore-amrnb.so.0.0.5
7f3174180000-7f3174185000 r--p 00000000 103:02 4818072                   /usr/lib/libmp3lame.so.0.0.0
7f3174185000-7f31741ae000 r-xp 00005000 103:02 4818072                   /usr/lib/libmp3lame.so.0.0.0
7f31741ae000-7f31741bb000 r--p 0002e000 103:02 4818072                   /usr/lib/libmp3lame.so.0.0.0
7f31741bb000-7f31741bc000 r--p 0003b000 103:02 4818072                   /usr/lib/libmp3lame.so.0.0.0
7f31741bc000-7f31741bd000 rw-p 0003c000 103:02 4818072                   /usr/lib/libmp3lame.so.0.0.0
7f31741bd000-7f31741ce000 rw-p 00000000 00:00 0 
7f31741ce000-7f31741cf000 r--p 00000000 103:02 4837255                   /usr/lib/libjxl_threads.so.0.12.0
7f31741cf000-7f31741d1000 r-xp 00001000 103:02 4837255                   /usr/lib/libjxl_threads.so.0.12.0
7f31741d1000-7f31741d2000 r--p 00003000 103:02 4837255                   /usr/lib/libjxl_threads.so.0.12.0
7f31741d2000-7f31741d3000 r--p 00003000 103:02 4837255                   /usr/lib/libjxl_threads.so.0.12.0
7f31741d3000-7f31741d4000 rw-p 00004000 103:02 4837255                   /usr/lib/libjxl_threads.so.0.12.0
7f31741d4000-7f31741d5000 r--p 00000000 103:02 4788175                   /usr/lib/libopencore-amrwb.so.0.0.5
7f31741d5000-7f31741e1000 r-xp 00001000 103:02 4788175                   /usr/lib/libopencore-amrwb.so.0.0.5
7f31741e1000-7f31741e8000 r--p 0000d000 103:02 4788175                   /usr/lib/libopencore-amrwb.so.0.0.5
7f31741e8000-7f31741e9000 r--p 00013000 103:02 4788175                   /usr/lib/libopencore-amrwb.so.0.0.5
7f31741e9000-7f31741ea000 rw-p 00014000 103:02 4788175                   /usr/lib/libopencore-amrwb.so.0.0.5
7f31741ea000-7f31741ec000 r--p 00000000 103:02 4817089                   /usr/lib/libdav1d.so.7.0.0
7f31741ec000-7f317436a000 r-xp 00002000 103:02 4817089                   /usr/lib/libdav1d.so.7.0.0
7f317436a000-7f31743a2000 r--p 00180000 103:02 4817089                   /usr/lib/libdav1d.so.7.0.0
7f31743a2000-7f31743a6000 r--p 001b7000 103:02 4817089                   /usr/lib/libdav1d.so.7.0.0
7f31743a6000-7f31743a7000 rw-p 001bb000 103:02 4817089                   /usr/lib/libdav1d.so.7.0.0
7f31743a7000-7f31743cb000 rw-p 00000000 00:00 0 
7f31743cb000-7f31743cf000 r--p 00000000 103:02 4733684                   /usr/lib/liblzma.so.5.8.3
7f31743cf000-7f31743f3000 r-xp 00004000 103:02 4733684                   /usr/lib/liblzma.so.5.8.3
7f31743f3000-7f31743fe000 r--p 00028000 103:02 4733684                   /usr/lib/liblzma.so.5.8.3
7f31743fe000-7f31743ff000 r--p 00033000 103:02 4733684                   /usr/lib/liblzma.so.5.8.3
7f31743ff000-7f3174400000 rw-p 00034000 103:02 4733684                   /usr/lib/liblzma.so.5.8.3
7f3174400000-7f3174402000 r--p 00000000 103:02 4817225                   /usr/lib/libvpx.so.12.0.0
7f3174402000-7f31746f0000 r-xp 00002000 103:02 4817225                   /usr/lib/libvpx.so.12.0.0
7f31746f0000-7f3174725000 r--p 002f0000 103:02 4817225                   /usr/lib/libvpx.so.12.0.0
7f3174725000-7f3174728000 r--p 00325000 103:02 4817225                   /usr/lib/libvpx.so.12.0.0
7f3174728000-7f3174729000 rw-p 00328000 103:02 4817225                   /usr/lib/libvpx.so.12.0.0
7f3174729000-7f3174730000 rw-p 00000000 00:00 0 
7f3174730000-7f3174732000 r--p 00000000 103:02 4767530                   /usr/lib/libgsm.so.1.0.22
7f3174732000-7f317473c000 r-xp 00002000 103:02 4767530                   /usr/lib/libgsm.so.1.0.22
7f317473c000-7f317473d000 r--p 0000c000 103:02 4767530                   /usr/lib/libgsm.so.1.0.22
7f317473d000-7f317473e000 r--p 0000d000 103:02 4767530                   /usr/lib/libgsm.so.1.0.22
7f317473e000-7f317473f000 rw-p 0000e000 103:02 4767530                   /usr/lib/libgsm.so.1.0.22
7f317473f000-7f3174740000 r--p 00000000 103:02 4763771                   /usr/lib/libunibreak.so.7.0.0
7f3174740000-7f3174743000 r-xp 00001000 103:02 4763771                   /usr/lib/libunibreak.so.7.0.0
7f3174743000-7f3174760000 r--p 00004000 103:02 4763771                   /usr/lib/libunibreak.so.7.0.0
7f3174760000-7f3174761000 r--p 00020000 103:02 4763771                   /usr/lib/libunibreak.so.7.0.0
7f3174761000-7f3174762000 rw-p 00021000 103:02 4763771                   /usr/lib/libunibreak.so.7.0.0
7f3174762000-7f3174765000 r--p 00000000 103:02 4837263                   /usr/lib/libva.so.2.2400.0
7f3174765000-7f3174787000 r-xp 00003000 103:02 4837263                   /usr/lib/libva.so.2.2400.0
7f3174787000-7f317479a000 r--p 00025000 103:02 4837263                   /usr/lib/libva.so.2.2400.0
7f317479a000-7f317479b000 r--p 00038000 103:02 4837263                   /usr/lib/libva.so.2.2400.0
7f317479b000-7f317479c000 rw-p 00039000 103:02 4837263                   /usr/lib/libva.so.2.2400.0
7f317479c000-7f31747a3000 r--p 00000000 103:02 4771963                   /usr/lib/libvulkan.so.1.4.357
7f31747a3000-7f3174802000 r-xp 00007000 103:02 4771963                   /usr/lib/libvulkan.so.1.4.357
7f3174802000-7f3174837000 r--p 00066000 103:02 4771963                   /usr/lib/libvulkan.so.1.4.357
7f3174837000-7f3174839000 r--p 0009a000 103:02 4771963                   /usr/lib/libvulkan.so.1.4.357
7f3174839000-7f317483a000 rw-p 0009c000 103:02 4771963                   /usr/lib/libvulkan.so.1.4.357
7f317483a000-7f3174840000 r--p 00000000 103:02 4774588                   /usr/lib/libsixel.so.1.0.0
7f3174840000-7f3174865000 r-xp 00006000 103:02 4774588                   /usr/lib/libsixel.so.1.0.0
7f3174865000-7f317486e000 r--p 0002b000 103:02 4774588                   /usr/lib/libsixel.so.1.0.0
7f317486e000-7f3174885000 r--p 00033000 103:02 4774588                   /usr/lib/libsixel.so.1.0.0
7f3174885000-7f3174886000 rw-p 0004a000 103:02 4774588                   /usr/lib/libsixel.so.1.0.0
7f3174886000-7f317488b000 r--p 00000000 103:02 4748352                   /usr/lib/libjpeg.so.8.3.2
7f317488b000-7f3174905000 r-xp 00005000 103:02 4748352                   /usr/lib/libjpeg.so.8.3.2
7f3174905000-7f317492c000 r--p 0007f000 103:02 4748352                   /usr/lib/libjpeg.so.8.3.2
7f317492c000-7f317492d000 r--p 000a6000 103:02 4748352                   /usr/lib/libjpeg.so.8.3.2
7f317492d000-7f317492e000 rw-p 000a7000 103:02 4748352                   /usr/lib/libjpeg.so.8.3.2
7f317492e000-7f3174931000 r--p 00000000 103:02 4767560                   /usr/lib/libdisplay-info.so.0.3.0
7f3174931000-7f3174949000 r-xp 00003000 103:02 4767560                   /usr/lib/libdisplay-info.so.0.3.0
7f3174949000-7f3174965000 r--p 0001b000 103:02 4767560                   /usr/lib/libdisplay-info.so.0.3.0
7f3174965000-7f3174966000 r--p 00036000 103:02 4767560                   /usr/lib/libdisplay-info.so.0.3.0
7f3174966000-7f3174967000 rw-p 00037000 103:02 4767560                   /usr/lib/libdisplay-info.so.0.3.0
7f3174967000-7f317496f000 r--p 00000000 103:02 4777398                   /usr/lib/libcaca.so.0.99.20
7f317496f000-7f3174989000 r-xp 00008000 103:02 4777398                   /usr/lib/libcaca.so.0.99.20
7f3174989000-7f3174a34000 r--p 00022000 103:02 4777398                   /usr/lib/libcaca.so.0.99.20
7f3174a34000-7f3174a36000 r--p 000cc000 103:02 4777398                   /usr/lib/libcaca.so.0.99.20
7f3174a36000-7f3174a37000 rw-p 000ce000 103:02 4777398                   /usr/lib/libcaca.so.0.99.20
7f3174a37000-7f3174a44000 r--p 00000000 103:02 4751534                   /usr/lib/libpipewire-0.3.so.0.1608.0
7f3174a44000-7f3174acb000 r-xp 0000d000 103:02 4751534                   /usr/lib/libpipewire-0.3.so.0.1608.0
7f3174acb000-7f3174ae9000 r--p 00094000 103:02 4751534                   /usr/lib/libpipewire-0.3.so.0.1608.0
7f3174ae9000-7f3174b05000 r--p 000b2000 103:02 4751534                   /usr/lib/libpipewire-0.3.so.0.1608.0
7f3174b05000-7f3174b06000 rw-p 000ce000 103:02 4751534                   /usr/lib/libpipewire-0.3.so.0.1608.0
7f3174b06000-7f3174b07000 rw-p 00000000 00:00 0 
7f3174b07000-7f3174b29000 r--p 00000000 103:02 4743150                   /usr/lib/libasound.so.2.0.0
7f3174b29000-7f3174bc9000 r-xp 00022000 103:02 4743150                   /usr/lib/libasound.so.2.0.0
7f3174bc9000-7f3174bf7000 r--p 000c2000 103:02 4743150                   /usr/lib/libasound.so.2.0.0
7f3174bf7000-7f3174bff000 r--p 000f0000 103:02 4743150                   /usr/lib/libasound.so.2.0.0
7f3174bff000-7f3174c00000 rw-p 000f8000 103:02 4743150                   /usr/lib/libasound.so.2.0.0
7f3174c00000-7f3174c03000 r--p 00000000 103:02 4771718                   /usr/lib/libswscale.so.10.1.101
7f3174c03000-7f3174ddc000 r-xp 00003000 103:02 4771718                   /usr/lib/libswscale.so.10.1.101
7f3174ddc000-7f3174dfa000 r--p 001dc000 103:02 4771718                   /usr/lib/libswscale.so.10.1.101
7f3174dfa000-7f3174e0e000 r--p 001f9000 103:02 4771718                   /usr/lib/libswscale.so.10.1.101
7f3174e0e000-7f3174e0f000 rw-p 0020d000 103:02 4771718                   /usr/lib/libswscale.so.10.1.101
7f3174e0f000-7f3174e53000 rw-p 00000000 00:00 0 
7f3174e53000-7f3174e54000 rw-s 00000000 00:07 1112                       /dev/nvidia0
7f3174e54000-7f3174e57000 r--p 00000000 103:02 4846487                   /usr/lib/libsnappy.so.1.2.2
7f3174e57000-7f3174e5e000 r-xp 00003000 103:02 4846487                   /usr/lib/libsnappy.so.1.2.2
7f3174e5e000-7f3174e61000 r--p 0000a000 103:02 4846487                   /usr/lib/libsnappy.so.1.2.2
7f3174e61000-7f3174e62000 r--p 0000c000 103:02 4846487                   /usr/lib/libsnappy.so.1.2.2
7f3174e62000-7f3174e63000 rw-p 0000d000 103:02 4846487                   /usr/lib/libsnappy.so.1.2.2
7f3174e63000-7f3174e6f000 r--p 00000000 103:02 4769245                   /usr/lib/libpulse.so.0.24.3
7f3174e6f000-7f3174e9f000 r-xp 0000c000 103:02 4769245                   /usr/lib/libpulse.so.0.24.3
7f3174e9f000-7f3174eb0000 r--p 0003c000 103:02 4769245                   /usr/lib/libpulse.so.0.24.3
7f3174eb0000-7f3174eb2000 r--p 0004c000 103:02 4769245                   /usr/lib/libpulse.so.0.24.3
7f3174eb2000-7f3174eb3000 rw-p 0004e000 103:02 4769245                   /usr/lib/libpulse.so.0.24.3
7f3174eb3000-7f3174eba000 r--p 00000000 103:02 4768939                   /usr/lib/libjack.so.0.1.0
7f3174eba000-7f3174ee8000 r-xp 00007000 103:02 4768939                   /usr/lib/libjack.so.0.1.0
7f3174ee8000-7f3174efe000 r--p 00035000 103:02 4768939                   /usr/lib/libjack.so.0.1.0
7f3174efe000-7f3174f01000 r--p 0004a000 103:02 4768939                   /usr/lib/libjack.so.0.1.0
7f3174f01000-7f3174f02000 rw-p 0004d000 103:02 4768939                   /usr/lib/libjack.so.0.1.0
7f3174f02000-7f3174f05000 r--p 00000000 103:02 4769435                   /usr/lib/libzimg.so.2.0.0
7f3174f05000-7f3174f7f000 r-xp 00003000 103:02 4769435                   /usr/lib/libzimg.so.2.0.0
7f3174f7f000-7f3174f91000 r--p 0007d000 103:02 4769435                   /usr/lib/libzimg.so.2.0.0
7f3174f91000-7f3174f95000 r--p 0008e000 103:02 4769435                   /usr/lib/libzimg.so.2.0.0
7f3174f95000-7f3174f96000 rw-p 00092000 103:02 4769435                   /usr/lib/libzimg.so.2.0.0
7f3174f96000-7f3174fa6000 r--p 00000000 103:02 4745057                   /usr/lib/librubberband.so.3.0.0
7f3174fa6000-7f3174fec000 r-xp 00010000 103:02 4745057                   /usr/lib/librubberband.so.3.0.0
7f3174fec000-7f3174ffd000 r--p 00056000 103:02 4745057                   /usr/lib/librubberband.so.3.0.0
7f3174ffd000-7f3174fff000 r--p 00066000 103:02 4745057                   /usr/lib/librubberband.so.3.0.0
7f3174fff000-7f3175000000 rw-p 00068000 103:02 4745057                   /usr/lib/librubberband.so.3.0.0
7f3175000000-7f317500d000 r--p 00000000 103:02 4755479                   /usr/lib/libavutil.so.61.1.101
7f317500d000-7f31750f7000 r-xp 0000d000 103:02 4755479                   /usr/lib/libavutil.so.61.1.101
7f31750f7000-7f3175121000 r--p 000f7000 103:02 4755479                   /usr/lib/libavutil.so.61.1.101
7f3175121000-7f3175137000 r--p 00120000 103:02 4755479                   /usr/lib/libavutil.so.61.1.101
7f3175137000-7f3175138000 rw-p 00136000 103:02 4755479                   /usr/lib/libavutil.so.61.1.101
7f3175138000-7f3175247000 rw-p 00000000 00:00 0 
7f3175247000-7f3175249000 r--p 00000000 103:02 4763355                   /usr/lib/libwebpmux.so.3.1.2
7f3175249000-7f3175250000 r-xp 00002000 103:02 4763355                   /usr/lib/libwebpmux.so.3.1.2
7f3175250000-7f3175251000 r--p 00009000 103:02 4763355                   /usr/lib/libwebpmux.so.3.1.2
7f3175251000-7f3175252000 r--p 0000a000 103:02 4763355                   /usr/lib/libwebpmux.so.3.1.2
7f3175252000-7f3175253000 rw-p 0000b000 103:02 4763355                   /usr/lib/libwebpmux.so.3.1.2
7f3175253000-7f3175254000 r--p 00000000 103:02 4768705                   /usr/lib/libuchardet.so.0.0.8
7f3175254000-7f317525a000 r-xp 00001000 103:02 4768705                   /usr/lib/libuchardet.so.0.0.8
7f317525a000-7f317527d000 r--p 00007000 103:02 4768705                   /usr/lib/libuchardet.so.0.0.8
7f317527d000-7f3175280000 r--p 00029000 103:02 4768705                   /usr/lib/libuchardet.so.0.0.8
7f3175280000-7f3175281000 rw-p 0002c000 103:02 4768705                   /usr/lib/libuchardet.so.0.0.8
7f3175281000-7f3175286000 r--p 00000000 103:02 4774103                   /usr/lib/libluajit-5.1.so.2.1.1787165859
7f3175286000-7f31752fd000 r-xp 00005000 103:02 4774103                   /usr/lib/libluajit-5.1.so.2.1.1787165859
7f31752fd000-7f3175314000 r--p 0007c000 103:02 4774103                   /usr/lib/libluajit-5.1.so.2.1.1787165859
7f3175314000-7f3175317000 r--p 00093000 103:02 4774103                   /usr/lib/libluajit-5.1.so.2.1.1787165859
7f3175317000-7f3175318000 rw-p 00096000 103:02 4774103                   /usr/lib/libluajit-5.1.so.2.1.1787165859
7f3175318000-7f3175327000 r--p 00000000 103:02 4737468                   /usr/lib/libarchive.so.13.8.9
7f3175327000-7f31753d1000 r-xp 0000f000 103:02 4737468                   /usr/lib/libarchive.so.13.8.9
7f31753d1000-7f31753fb000 r--p 000b9000 103:02 4737468                   /usr/lib/libarchive.so.13.8.9
7f31753fb000-7f31753ff000 r--p 000e3000 103:02 4737468                   /usr/lib/libarchive.so.13.8.9
7f31753ff000-7f3175400000 rw-p 000e7000 103:02 4737468                   /usr/lib/libarchive.so.13.8.9
7f3175400000-7f3175412000 r--p 00000000 103:02 4754446                   /usr/lib/libavformat.so.63.1.101
7f3175412000-7f317565e000 r-xp 00012000 103:02 4754446                   /usr/lib/libavformat.so.63.1.101
7f317565e000-7f31756eb000 r--p 0025e000 103:02 4754446                   /usr/lib/libavformat.so.63.1.101
7f31756eb000-7f3175725000 r--p 002ea000 103:02 4754446                   /usr/lib/libavformat.so.63.1.101
7f3175725000-7f3175726000 rw-p 00324000 103:02 4754446                   /usr/lib/libavformat.so.63.1.101
7f3175726000-7f3175727000 rw-s 00000000 00:07 1110                       /dev/nvidiactl
7f3175727000-7f3175729000 r--p 00000000 103:02 4816290                   /usr/lib/libva-x11.so.2.2400.0
7f3175729000-7f317572c000 r-xp 00002000 103:02 4816290                   /usr/lib/libva-x11.so.2.2400.0
7f317572c000-7f317572d000 r--p 00005000 103:02 4816290                   /usr/lib/libva-x11.so.2.2400.0
7f317572d000-7f317572e000 r--p 00005000 103:02 4816290                   /usr/lib/libva-x11.so.2.2400.0
7f317572e000-7f317572f000 rw-p 00006000 103:02 4816290                   /usr/lib/libva-x11.so.2.2400.0
7f317572f000-7f3175731000 r--p 00000000 103:02 4799670                   /usr/lib/libva-wayland.so.2.2400.0
7f3175731000-7f3175733000 r-xp 00002000 103:02 4799670                   /usr/lib/libva-wayland.so.2.2400.0
7f3175733000-7f3175734000 r--p 00004000 103:02 4799670                   /usr/lib/libva-wayland.so.2.2400.0
7f3175734000-7f3175735000 r--p 00005000 103:02 4799670                   /usr/lib/libva-wayland.so.2.2400.0
7f3175735000-7f3175736000 rw-p 00006000 103:02 4799670                   /usr/lib/libva-wayland.so.2.2400.0
7f3175736000-7f3175738000 r--p 00000000 103:02 4769399                   /usr/lib/libXv.so.1.0.0
7f3175738000-7f317573b000 r-xp 00002000 103:02 4769399                   /usr/lib/libXv.so.1.0.0
7f317573b000-7f317573c000 r--p 00005000 103:02 4769399                   /usr/lib/libXv.so.1.0.0
7f317573c000-7f317573d000 r--p 00005000 103:02 4769399                   /usr/lib/libXv.so.1.0.0
7f317573d000-7f317573e000 rw-p 00006000 103:02 4769399                   /usr/lib/libXv.so.1.0.0
7f317573e000-7f3175740000 r--p 00000000 103:02 4757852                   /usr/lib/libXrandr.so.2.2.0
7f3175740000-7f3175747000 r-xp 00002000 103:02 4757852                   /usr/lib/libXrandr.so.2.2.0
7f3175747000-7f3175749000 r--p 00009000 103:02 4757852                   /usr/lib/libXrandr.so.2.2.0
7f3175749000-7f317574a000 r--p 0000a000 103:02 4757852                   /usr/lib/libXrandr.so.2.2.0
7f317574a000-7f317574b000 rw-p 0000b000 103:02 4757852                   /usr/lib/libXrandr.so.2.2.0
7f317574b000-7f317574e000 r--p 00000000 103:02 4812074                   /usr/lib/libbluray.so.3.1.0
7f317574e000-7f3175781000 r-xp 00003000 103:02 4812074                   /usr/lib/libbluray.so.3.1.0
7f3175781000-7f3175791000 r--p 00036000 103:02 4812074                   /usr/lib/libbluray.so.3.1.0
7f3175791000-7f3175793000 r--p 00045000 103:02 4812074                   /usr/lib/libbluray.so.3.1.0
7f3175793000-7f3175794000 rw-p 00047000 103:02 4812074                   /usr/lib/libbluray.so.3.1.0
7f3175794000-7f317579d000 r--p 00000000 103:02 4771955                   /usr/lib/liblcms2.so.2.0.19
7f317579d000-7f31757e4000 r-xp 00009000 103:02 4771955                   /usr/lib/liblcms2.so.2.0.19
7f31757e4000-7f31757f9000 r--p 00050000 103:02 4771955                   /usr/lib/liblcms2.so.2.0.19
7f31757f9000-7f31757fc000 r--p 00064000 103:02 4771955                   /usr/lib/liblcms2.so.2.0.19
7f31757fc000-7f31757ff000 rw-p 00067000 103:02 4771955                   /usr/lib/liblcms2.so.2.0.19
7f31757ff000-7f3175800000 rw-p 00000000 00:00 0 
7f3175800000-7f3175814000 r--p 00000000 103:02 4750361                   /usr/lib/libavfilter.so.12.1.101
7f3175814000-7f3175d0f000 r-xp 00014000 103:02 4750361                   /usr/lib/libavfilter.so.12.1.101
7f3175d0f000-7f3175dff000 r--p 0050f000 103:02 4750361                   /usr/lib/libavfilter.so.12.1.101
7f3175dff000-7f3175e9a000 r--p 005ff000 103:02 4750361                   /usr/lib/libavfilter.so.12.1.101
7f3175e9a000-7f3175e9b000 rw-p 0069a000 103:02 4750361                   /usr/lib/libavfilter.so.12.1.101
7f3175e9b000-7f3175e9f000 rw-p 00000000 00:00 0 
7f3175e9f000-7f3175ea0000 rw-s 00000000 00:01 586602                     /memfd:WebKitSharedMemory (deleted)
7f3175ea0000-7f3175ea1000 r--p 00000000 103:02 4843256                   /usr/lib/libvdpau.so.1.0.0
7f3175ea1000-7f3175ea2000 r-xp 00001000 103:02 4843256                   /usr/lib/libvdpau.so.1.0.0
7f3175ea2000-7f3175ea3000 r--p 00002000 103:02 4843256                   /usr/lib/libvdpau.so.1.0.0
7f3175ea3000-7f3175ea4000 r--p 00002000 103:02 4843256                   /usr/lib/libvdpau.so.1.0.0
7f3175ea4000-7f3175ea5000 rw-p 00003000 103:02 4843256                   /usr/lib/libvdpau.so.1.0.0
7f3175ea5000-7f3175eab000 r--p 00000000 103:02 4774597                   /usr/lib/libmujs.so
7f3175eab000-7f3175ee9000 r-xp 00006000 103:02 4774597                   /usr/lib/libmujs.so
7f3175ee9000-7f3175efa000 r--p 00044000 103:02 4774597                   /usr/lib/libmujs.so
7f3175efa000-7f3175efc000 r--p 00055000 103:02 4774597                   /usr/lib/libmujs.so
7f3175efc000-7f3175efd000 rw-p 00057000 103:02 4774597                   /usr/lib/libmujs.so
7f3175efd000-7f3175f0a000 r--p 00000000 103:02 4738083                   /usr/lib/libcurl.so.4.8.0
7f3175f0a000-7f3175fcb000 r-xp 0000d000 103:02 4738083                   /usr/lib/libcurl.so.4.8.0
7f3175fcb000-7f3175ff7000 r--p 000ce000 103:02 4738083                   /usr/lib/libcurl.so.4.8.0
7f3175ff7000-7f3175ffe000 r--p 000f9000 103:02 4738083                   /usr/lib/libcurl.so.4.8.0
7f3175ffe000-7f3175fff000 rw-p 00100000 103:02 4738083                   /usr/lib/libcurl.so.4.8.0
7f3175fff000-7f3176000000 rw-p 00000000 00:00 0 
7f3176000000-7f3176015000 r--p 00000000 103:02 4750331                   /usr/lib/libavcodec.so.63.1.101
7f3176015000-7f3176fae000 r-xp 00015000 103:02 4750331                   /usr/lib/libavcodec.so.63.1.101
7f3176fae000-7f3177367000 r--p 00fae000 103:02 4750331                   /usr/lib/libavcodec.so.63.1.101
7f3177367000-7f31773ed000 r--p 01367000 103:02 4750331                   /usr/lib/libavcodec.so.63.1.101
7f31773ed000-7f31773ef000 rw-p 013ed000 103:02 4750331                   /usr/lib/libavcodec.so.63.1.101
7f31773ef000-7f3177a93000 rw-p 00000000 00:00 0 
7f3177a93000-7f3177a94000 rw-p 00000000 00:00 0 
7f3177a94000-7f3177a97000 r--p 00000000 103:02 4777462                   /usr/lib/libsndio.so.7.3
7f3177a97000-7f3177aa0000 r-xp 00003000 103:02 4777462                   /usr/lib/libsndio.so.7.3
7f3177aa0000-7f3177aa3000 r--p 0000c000 103:02 4777462                   /usr/lib/libsndio.so.7.3
7f3177aa3000-7f3177aa4000 r--p 0000f000 103:02 4777462                   /usr/lib/libsndio.so.7.3
7f3177aa4000-7f3177aa5000 rw-p 00010000 103:02 4777462                   /usr/lib/libsndio.so.7.3
7f3177aa5000-7f3177aa7000 rw-p 00000000 00:00 0 
7f3177aa7000-7f3177aaf000 r--p 00000000 103:02 4750339                   /usr/lib/libavdevice.so.63.1.101
7f3177aaf000-7f3177abf000 r-xp 00008000 103:02 4750339                   /usr/lib/libavdevice.so.63.1.101
7f3177abf000-7f3177ac5000 r--p 00018000 103:02 4750339                   /usr/lib/libavdevice.so.63.1.101
7f3177ac5000-7f3177ac9000 r--p 0001e000 103:02 4750339                   /usr/lib/libavdevice.so.63.1.101
7f3177ac9000-7f3177aca000 rw-p 00022000 103:02 4750339                   /usr/lib/libavdevice.so.63.1.101
7f3177aca000-7f3177acd000 r--p 00000000 103:02 4775212                   /usr/lib/libdvdnav.so.4.4.0
7f3177acd000-7f3177adc000 r-xp 00003000 103:02 4775212                   /usr/lib/libdvdnav.so.4.4.0
7f3177adc000-7f3177ae0000 r--p 00012000 103:02 4775212                   /usr/lib/libdvdnav.so.4.4.0
7f3177ae0000-7f3177ae1000 r--p 00015000 103:02 4775212                   /usr/lib/libdvdnav.so.4.4.0
7f3177ae1000-7f3177ae2000 rw-p 00016000 103:02 4775212                   /usr/lib/libdvdnav.so.4.4.0
7f3177ae2000-7f3177af1000 r--p 00000000 103:02 4781957                   /usr/lib/libplacebo.so.360
7f3177af1000-7f3177ba1000 r-xp 0000f000 103:02 4781957                   /usr/lib/libplacebo.so.360
7f3177ba1000-7f3177be5000 r--p 000bf000 103:02 4781957                   /usr/lib/libplacebo.so.360
7f3177be5000-7f3177bfa000 r--p 00103000 103:02 4781957                   /usr/lib/libplacebo.so.360
7f3177bfa000-7f3177c00000 rw-p 00118000 103:02 4781957                   /usr/lib/libplacebo.so.360
7f3177c00000-7f3177c53000 r--p 00000000 103:02 6837904                   /home/annihilator/dev/mpv/build/libmpv.so.2.5.0
7f3177c53000-7f3177e76000 r-xp 00053000 103:02 6837904                   /home/annihilator/dev/mpv/build/libmpv.so.2.5.0
7f3177e76000-7f3177f9f000 r--p 00276000 103:02 6837904                   /home/annihilator/dev/mpv/build/libmpv.so.2.5.0
7f3177f9f000-7f3177feb000 r--p 0039f000 103:02 6837904                   /home/annihilator/dev/mpv/build/libmpv.so.2.5.0
7f3177feb000-7f3177ff0000 rw-p 003eb000 103:02 6837904                   /home/annihilator/dev/mpv/build/libmpv.so.2.5.0
7f3177ff0000-7f3177ff1000 rw-p 00000000 00:00 0 
7f3177ff1000-7f3177ff2000 rw-p 00000000 00:00 0 
7f3177ff2000-7f3177ff3000 r--s 00000000 00:07 1110                       /dev/nvidiactl
7f3177ff3000-7f3177ff4000 r--p 00000000 103:02 4754963                   /usr/lib/libva-drm.so.2.2400.0
7f3177ff4000-7f3177ff5000 r-xp 00001000 103:02 4754963                   /usr/lib/libva-drm.so.2.2400.0
7f3177ff5000-7f3177ff6000 r--p 00002000 103:02 4754963                   /usr/lib/libva-drm.so.2.2400.0
7f3177ff6000-7f3177ff7000 r--p 00002000 103:02 4754963                   /usr/lib/libva-drm.so.2.2400.0
7f3177ff7000-7f3177ff8000 rw-p 00003000 103:02 4754963                   /usr/lib/libva-drm.so.2.2400.0
7f3177ff8000-7f3177ff9000 rw-p 00000000 00:00 0 
7f3177ff9000-7f3177ffd000 ---p 00000000 00:00 0 
7f3177ffd000-7f31784fe000 rw-p 00000000 00:00 0 
7f31784fe000-7f3178502000 ---p 00000000 00:00 0 
7f3178502000-7f31785ff000 rw-p 00000000 00:00 0 
7f31785ff000-7f3178603000 ---p 00000000 00:00 0 
7f3178603000-7f3178700000 rw-p 00000000 00:00 0 
7f3178700000-7f3178704000 ---p 00000000 00:00 0 
7f3178704000-7f3178800000 rw-p 00000000 00:00 0 
7f3178800000-7f3178a50000 r-xp 00000000 103:02 4831579                   /usr/lib/libnvidia-glcore.so.610.57.04
7f3178a50000-7f3178a71000 rwxp 00250000 103:02 4831579                   /usr/lib/libnvidia-glcore.so.610.57.04
7f3178a71000-7f3178c00000 r-xp 00271000 103:02 4831579                   /usr/lib/libnvidia-glcore.so.610.57.04
7f3178c00000-7f3179800000 r-xp 00400000 103:02 4831579                   /usr/lib/libnvidia-glcore.so.610.57.04
7f3179800000-7f317adf9000 r-xp 01000000 103:02 4831579                   /usr/lib/libnvidia-glcore.so.610.57.04
7f317adf9000-7f317adfa000 ---p 025f9000 103:02 4831579                   /usr/lib/libnvidia-glcore.so.610.57.04
7f317adfa000-7f317af72000 r--p 025f9000 103:02 4831579                   /usr/lib/libnvidia-glcore.so.610.57.04
7f317af72000-7f317afd5000 rw-p 02771000 103:02 4831579                   /usr/lib/libnvidia-glcore.so.610.57.04
7f317afd5000-7f317aff5000 rw-p 00000000 00:00 0 
7f317aff8000-7f317aff9000 r--p 00000000 103:02 4775248                   /usr/lib/libXpresent.so.1.0.0
7f317aff9000-7f317affa000 r-xp 00001000 103:02 4775248                   /usr/lib/libXpresent.so.1.0.0
7f317affa000-7f317affb000 r--p 00002000 103:02 4775248                   /usr/lib/libXpresent.so.1.0.0
7f317affb000-7f317affc000 r--p 00002000 103:02 4775248                   /usr/lib/libXpresent.so.1.0.0
7f317affc000-7f317affd000 rw-p 00003000 103:02 4775248                   /usr/lib/libXpresent.so.1.0.0
7f317affd000-7f317affe000 r--p 00000000 103:02 4754785                   /usr/lib/libXss.so.1.0.0
7f317affe000-7f317afff000 r-xp 00001000 103:02 4754785                   /usr/lib/libXss.so.1.0.0
7f317afff000-7f317b000000 r--p 00002000 103:02 4754785                   /usr/lib/libXss.so.1.0.0
7f317b000000-7f317b001000 r--p 00002000 103:02 4754785                   /usr/lib/libXss.so.1.0.0
7f317b001000-7f317b002000 rw-p 00003000 103:02 4754785                   /usr/lib/libXss.so.1.0.0
7f317b002000-7f317b008000 r--p 00000000 103:02 4773161                   /usr/lib/libcdio.so.19.1.0
7f317b008000-7f317b01c000 r-xp 00006000 103:02 4773161                   /usr/lib/libcdio.so.19.1.0
7f317b01c000-7f317b025000 r--p 0001a000 103:02 4773161                   /usr/lib/libcdio.so.19.1.0
7f317b025000-7f317b027000 r--p 00022000 103:02 4773161                   /usr/lib/libcdio.so.19.1.0
7f317b027000-7f317b028000 rw-p 00024000 103:02 4773161                   /usr/lib/libcdio.so.19.1.0
7f317b028000-7f317b02b000 rw-p 00000000 00:00 0 
7f317b02b000-7f317b02d000 r--p 00000000 103:02 4773185                   /usr/lib/libcdio_cdda.so.2.0.0
7f317b02d000-7f317b031000 r-xp 00002000 103:02 4773185                   /usr/lib/libcdio_cdda.so.2.0.0
7f317b031000-7f317b033000 r--p 00006000 103:02 4773185                   /usr/lib/libcdio_cdda.so.2.0.0
7f317b033000-7f317b034000 r--p 00007000 103:02 4773185                   /usr/lib/libcdio_cdda.so.2.0.0
7f317b034000-7f317b035000 rw-p 00008000 103:02 4773185                   /usr/lib/libcdio_cdda.so.2.0.0
7f317b035000-7f317b037000 r--p 00000000 103:02 4769654                   /usr/lib/libswresample.so.7.1.101
7f317b037000-7f317b05a000 r-xp 00002000 103:02 4769654                   /usr/lib/libswresample.so.7.1.101
7f317b05a000-7f317b05f000 r--p 00025000 103:02 4769654                   /usr/lib/libswresample.so.7.1.101
7f317b05f000-7f317b061000 r--p 0002a000 103:02 4769654                   /usr/lib/libswresample.so.7.1.101
7f317b061000-7f317b062000 rw-p 0002c000 103:02 4769654                   /usr/lib/libswresample.so.7.1.101
7f317b062000-7f317b066000 r--p 00000000 103:02 4816269                   /usr/lib/libass.so.9.4.2
7f317b066000-7f317b09a000 r-xp 00004000 103:02 4816269                   /usr/lib/libass.so.9.4.2
7f317b09a000-7f317b0a2000 r--p 00038000 103:02 4816269                   /usr/lib/libass.so.9.4.2
7f317b0a2000-7f317b0a3000 r--p 0003f000 103:02 4816269                   /usr/lib/libass.so.9.4.2
7f317b0a3000-7f317b0a4000 rw-p 00040000 103:02 4816269                   /usr/lib/libass.so.9.4.2
7f317b0a4000-7f317b0f5000 r--p 00000000 103:02 4826231                   /usr/lib/libGLX_nvidia.so.610.57.04
7f317b0f5000-7f317b152000 r-xp 00051000 103:02 4826231                   /usr/lib/libGLX_nvidia.so.610.57.04
7f317b152000-7f317b187000 rwxp 000ae000 103:02 4826231                   /usr/lib/libGLX_nvidia.so.610.57.04
7f317b187000-7f317b188000 r-xp 000e3000 103:02 4826231                   /usr/lib/libGLX_nvidia.so.610.57.04
7f317b188000-7f317b1a8000 r--p 000e4000 103:02 4826231                   /usr/lib/libGLX_nvidia.so.610.57.04
7f317b1a8000-7f317b1c8000 r--p 00103000 103:02 4826231                   /usr/lib/libGLX_nvidia.so.610.57.04
7f317b1c8000-7f317b1cd000 rw-p 00123000 103:02 4826231                   /usr/lib/libGLX_nvidia.so.610.57.04
7f317b1cd000-7f317b1cf000 rw-p 00000000 00:00 0 
7f317b1cf000-7f317b1d1000 r--p 00000000 103:02 4750371                   /usr/lib/libGLX.so.0.0.0
7f317b1d1000-7f317b1eb000 r-xp 00002000 103:02 4750371                   /usr/lib/libGLX.so.0.0.0
7f317b1eb000-7f317b1ee000 r--p 0001c000 103:02 4750371                   /usr/lib/libGLX.so.0.0.0
7f317b1ee000-7f317b1ef000 r--p 0001f000 103:02 4750371                   /usr/lib/libGLX.so.0.0.0
7f317b1ef000-7f317b1f0000 rw-p 00020000 103:02 4750371                   /usr/lib/libGLX.so.0.0.0
7f317b1f0000-7f317b200000 rw-p 00000000 00:00 0 
7f317b200000-7f317cb1a000 r-xp 00000000 103:02 6306886                   /home/annihilator/.skiko/skiko-linux-x64-434f7633c843870c0839a1137b128f6c3db3c5d58dcad3545e90827e3e341afb/libskiko-linux-x64.so
7f317cb1a000-7f317cb52000 r--p 01919000 103:02 6306886                   /home/annihilator/.skiko/skiko-linux-x64-434f7633c843870c0839a1137b128f6c3db3c5d58dcad3545e90827e3e341afb/libskiko-linux-x64.so
7f317cb52000-7f317cb55000 rw-p 01951000 103:02 6306886                   /home/annihilator/.skiko/skiko-linux-x64-434f7633c843870c0839a1137b128f6c3db3c5d58dcad3545e90827e3e341afb/libskiko-linux-x64.so
7f317cb55000-7f317cb5e000 rw-p 00000000 00:00 0 
7f317cb5f000-7f317cb60000 r--p 00000000 103:02 4773188                   /usr/lib/libcdio_paranoia.so.2.0.0
7f317cb60000-7f317cb65000 r-xp 00001000 103:02 4773188                   /usr/lib/libcdio_paranoia.so.2.0.0
7f317cb65000-7f317cb66000 r--p 00006000 103:02 4773188                   /usr/lib/libcdio_paranoia.so.2.0.0
7f317cb66000-7f317cb67000 r--p 00006000 103:02 4773188                   /usr/lib/libcdio_paranoia.so.2.0.0
7f317cb67000-7f317cb68000 rw-p 00007000 103:02 4773188                   /usr/lib/libcdio_paranoia.so.2.0.0
7f317cb68000-7f317cb97000 r--p 00000000 103:02 4750360                   /usr/lib/libGL.so.1.7.0
7f317cb97000-7f317cbb6000 r-xp 0002f000 103:02 4750360                   /usr/lib/libGL.so.1.7.0
7f317cbb6000-7f317cbca000 r--p 0004e000 103:02 4750360                   /usr/lib/libGL.so.1.7.0
7f317cbca000-7f317cbd8000 r--p 00062000 103:02 4750360                   /usr/lib/libGL.so.1.7.0
7f317cbd8000-7f317cbd9000 rw-p 00070000 103:02 4750360                   /usr/lib/libGL.so.1.7.0
7f317cbd9000-7f317cbda000 rw-p 00000000 00:00 0 
7f317cbda000-7f317cbdb000 rw-p 00000000 00:00 0 
7f317cbdb000-7f317cbdf000 ---p 00000000 00:00 0 
7f317cbdf000-7f317ccdb000 rw-p 00000000 00:00 0 
7f317cddc000-7f317ce0f000 r--p 00000000 00:2f 28159                      /tmp/lwjgl_annihilator/3.3.6+1/x64/liblwjgl_opengl.so
7f317ce0f000-7f317ce23000 r-xp 00033000 00:2f 28159                      /tmp/lwjgl_annihilator/3.3.6+1/x64/liblwjgl_opengl.so
7f317ce23000-7f317ce33000 r--p 00047000 00:2f 28159                      /tmp/lwjgl_annihilator/3.3.6+1/x64/liblwjgl_opengl.so
7f317ce33000-7f317ce34000 r--p 00056000 00:2f 28159                      /tmp/lwjgl_annihilator/3.3.6+1/x64/liblwjgl_opengl.so
7f317ce34000-7f317ce35000 rw-p 00057000 00:2f 28159                      /tmp/lwjgl_annihilator/3.3.6+1/x64/liblwjgl_opengl.so
7f317ce35000-7f317ce9a000 r--p 00000000 103:02 5014472                   /usr/share/fonts/liberation/LiberationSans-Regular.ttf
7f317ce9a000-7f317cf35000 r--p 00000000 103:02 5641617                   /usr/share/fonts/noto/NotoSans-Bold.ttf
7f317cf35000-7f317cf48000 rw-s 00000000 00:07 1110                       /dev/nvidiactl
7f317cf48000-7f317cf88000 rw-s 00000000 00:07 1110                       /dev/nvidiactl
7f317cf88000-7f317cf89000 rw-p 00000000 00:00 0 
7f317cf89000-7f317cf8d000 ---p 00000000 00:00 0 
7f317cf8d000-7f317d089000 rw-p 00000000 00:00 0 
7f317d089000-7f317d124000 r--p 00000000 103:02 5641617                   /usr/share/fonts/noto/NotoSans-Bold.ttf
7f317d124000-7f317d1bf000 r--p 00000000 103:02 5641617                   /usr/share/fonts/noto/NotoSans-Bold.ttf
7f317d1bf000-7f317d1d5000 r--s 00000000 103:02 3835467                   /var/cache/fontconfig/17ce8022be83857151cced15433ac5ab-le64.cache-12
7f317d1d5000-7f317d1d8000 r--s 00000000 103:02 3802392                   /var/cache/fontconfig/73edfbc81426f3b2593aba7ca9378882-le64.cache-12
7f317d1d8000-7f317d1e4000 r--s 00000000 103:02 3835403                   /var/cache/fontconfig/7d660be5d4eca970fa91d6ca176f5ce2-le64.cache-12
7f317d1e4000-7f317d1f5000 r--s 00000000 103:02 3835390                   /var/cache/fontconfig/035f0ebf2f86af269427f030f354ef4b-le64.cache-12
7f317d1f5000-7f317d30f000 r--s 00000000 103:02 3835361                   /var/cache/fontconfig/923e285e415b1073c8df160bee08820f-le64.cache-12
7f317d30f000-7f317d400000 r--s 00000000 103:02 3835673                   /var/cache/fontconfig/f6b893a7224233d96cb72fd88691c0b4-le64.cache-12
7f317d400000-7f317d401000 r--p 00000000 103:02 4834742                   /usr/lib/libnvidia-tls.so.610.57.04
7f317d401000-7f317d403000 r-xp 00001000 103:02 4834742                   /usr/lib/libnvidia-tls.so.610.57.04
7f317d403000-7f317d404000 r--p 00003000 103:02 4834742                   /usr/lib/libnvidia-tls.so.610.57.04
7f317d404000-7f317d405000 r--p 00003000 103:02 4834742                   /usr/lib/libnvidia-tls.so.610.57.04
7f317d405000-7f317d406000 rw-p 00004000 103:02 4834742                   /usr/lib/libnvidia-tls.so.610.57.04
7f317d40a000-7f317d40c000 rw-s 00000000 00:07 1110                       /dev/nvidiactl
7f317d40c000-7f317d42c000 rw-s 00000000 00:07 1110                       /dev/nvidiactl
7f317d42c000-7f317d46c000 rw-s 00000000 00:07 1110                       /dev/nvidiactl
7f317d46c000-7f317d48c000 rw-s 00000000 00:07 1110                       /dev/nvidiactl
7f317d48c000-7f317d4cc000 rw-s 00000000 00:07 1110                       /dev/nvidiactl
7f317d4d6000-7f317d4d7000 rw-p 00000000 00:00 0 
7f317d4d7000-7f317d4d8000 r--p 00000000 103:02 7880798                   /usr/lib/jvm/java-26-openjdk/lib/libprefs.so
7f317d4d8000-7f317d4d9000 r-xp 00001000 103:02 7880798                   /usr/lib/jvm/java-26-openjdk/lib/libprefs.so
7f317d4d9000-7f317d4da000 r--p 00002000 103:02 7880798                   /usr/lib/jvm/java-26-openjdk/lib/libprefs.so
7f317d4da000-7f317d4db000 r--p 00002000 103:02 7880798                   /usr/lib/jvm/java-26-openjdk/lib/libprefs.so
7f317d4db000-7f317d4dc000 rw-p 00003000 103:02 7880798                   /usr/lib/jvm/java-26-openjdk/lib/libprefs.so
7f317d4dc000-7f317d4e7000 rw-p 00000000 00:00 0 
7f317d4e7000-7f317d4e8000 r--p 00000000 103:02 7880775                   /usr/lib/jvm/java-26-openjdk/lib/libextnet.so
7f317d4e8000-7f317d4e9000 r-xp 00001000 103:02 7880775                   /usr/lib/jvm/java-26-openjdk/lib/libextnet.so
7f317d4e9000-7f317d4ea000 r--p 00002000 103:02 7880775                   /usr/lib/jvm/java-26-openjdk/lib/libextnet.so
7f317d4ea000-7f317d4eb000 r--p 00002000 103:02 7880775                   /usr/lib/jvm/java-26-openjdk/lib/libextnet.so
7f317d4eb000-7f317d4ec000 rw-p 00003000 103:02 7880775                   /usr/lib/jvm/java-26-openjdk/lib/libextnet.so
7f317d4ec000-7f317d4ed000 rw-p 00000000 00:00 0 
7f317d4ed000-7f317d4f1000 ---p 00000000 00:00 0 
7f317d4f1000-7f317d5ee000 rw-p 00000000 00:00 0 
7f317d5ee000-7f317d5f2000 ---p 00000000 00:00 0 
7f317d5f2000-7f317d6ee000 rw-p 00000000 00:00 0 
7f317d6ee000-7f317d6f0000 r--p 00000000 103:02 4815623                   /usr/lib/libXfixes.so.3.1.0
7f317d6f0000-7f317d6f3000 r-xp 00002000 103:02 4815623                   /usr/lib/libXfixes.so.3.1.0
7f317d6f3000-7f317d6f4000 r--p 00005000 103:02 4815623                   /usr/lib/libXfixes.so.3.1.0
7f317d6f4000-7f317d6f5000 r--p 00005000 103:02 4815623                   /usr/lib/libXfixes.so.3.1.0
7f317d6f5000-7f317d6f6000 rw-p 00006000 103:02 4815623                   /usr/lib/libXfixes.so.3.1.0
7f317d6f6000-7f317d6f9000 r--p 00000000 103:02 4763482                   /usr/lib/libXcursor.so.1.0.2
7f317d6f9000-7f317d6ff000 r-xp 00003000 103:02 4763482                   /usr/lib/libXcursor.so.1.0.2
7f317d6ff000-7f317d701000 r--p 00009000 103:02 4763482                   /usr/lib/libXcursor.so.1.0.2
7f317d701000-7f317d702000 r--p 0000a000 103:02 4763482                   /usr/lib/libXcursor.so.1.0.2
7f317d702000-7f317d703000 rw-p 0000b000 103:02 4763482                   /usr/lib/libXcursor.so.1.0.2
7f317d703000-7f317d707000 r--p 00000000 103:02 7880776                   /usr/lib/jvm/java-26-openjdk/lib/libfontmanager.so
7f317d707000-7f317d710000 r-xp 00004000 103:02 7880776                   /usr/lib/jvm/java-26-openjdk/lib/libfontmanager.so
7f317d710000-7f317d712000 r--p 0000d000 103:02 7880776                   /usr/lib/jvm/java-26-openjdk/lib/libfontmanager.so
7f317d712000-7f317d713000 r--p 0000e000 103:02 7880776                   /usr/lib/jvm/java-26-openjdk/lib/libfontmanager.so
7f317d713000-7f317d714000 rw-p 0000f000 103:02 7880776                   /usr/lib/jvm/java-26-openjdk/lib/libfontmanager.so
7f317d714000-7f317d716000 r--p 00000000 103:02 4761076                   /usr/lib/libXtst.so.6.1.0
7f317d716000-7f317d719000 r-xp 00002000 103:02 4761076                   /usr/lib/libXtst.so.6.1.0
7f317d719000-7f317d71a000 r--p 00005000 103:02 4761076                   /usr/lib/libXtst.so.6.1.0
7f317d71a000-7f317d71b000 r--p 00005000 103:02 4761076                   /usr/lib/libXtst.so.6.1.0
7f317d71b000-7f317d71c000 rw-p 00006000 103:02 4761076                   /usr/lib/libXtst.so.6.1.0
7f317d71c000-7f317d72a000 r--p 00000000 103:02 7880773                   /usr/lib/jvm/java-26-openjdk/lib/libawt_xawt.so
7f317d72a000-7f317d76e000 r-xp 0000e000 103:02 7880773                   /usr/lib/jvm/java-26-openjdk/lib/libawt_xawt.so
7f317d76e000-7f317d782000 r--p 00052000 103:02 7880773                   /usr/lib/jvm/java-26-openjdk/lib/libawt_xawt.so
7f317d782000-7f317d784000 r--p 00066000 103:02 7880773                   /usr/lib/jvm/java-26-openjdk/lib/libawt_xawt.so
7f317d784000-7f317d785000 rw-p 00068000 103:02 7880773                   /usr/lib/jvm/java-26-openjdk/lib/libawt_xawt.so
7f317d785000-7f317d786000 rw-p 00000000 00:00 0 
7f317d786000-7f317d78a000 r--p 00000000 103:02 7880771                   /usr/lib/jvm/java-26-openjdk/lib/libawt.so
7f317d78a000-7f317d82e000 r-xp 00004000 103:02 7880771                   /usr/lib/jvm/java-26-openjdk/lib/libawt.so
7f317d82e000-7f317d83b000 r--p 000a8000 103:02 7880771                   /usr/lib/jvm/java-26-openjdk/lib/libawt.so
7f317d83b000-7f317d83c000 r--p 000b4000 103:02 7880771                   /usr/lib/jvm/java-26-openjdk/lib/libawt.so
7f317d83c000-7f317d847000 rw-p 000b5000 103:02 7880771                   /usr/lib/jvm/java-26-openjdk/lib/libawt.so
7f317d847000-7f317d86c000 rw-p 00000000 00:00 0 
7f317d86c000-7f317d875000 r--s 00000000 103:02 3835464                   /var/cache/fontconfig/2fbfc6d3726617df5d72e45ca91ca896-le64.cache-12
7f317d875000-7f317d885000 r--s 00000000 103:02 3835379                   /var/cache/fontconfig/f2e61d441ca43dbfffafb9d0f2c6d8fc-le64.cache-12
7f317d885000-7f317d8af000 r--s 00000000 103:02 3835365                   /var/cache/fontconfig/f2e43df3287529323e79e7929dc44cc9-le64.cache-12
7f317d8af000-7f317d8c3000 r--s 00000000 103:02 3804343                   /var/cache/fontconfig/614d1caaa4d7914789410f6367de37ca-le64.cache-12
7f317d8c3000-7f317d8e7000 r--s 00000000 103:02 3801846                   /var/cache/fontconfig/f349e9996a5320f6dd491cedd2b1f964-le64.cache-12
7f317d8e7000-7f317d9ff000 r--s 00000000 103:02 4334062                   /home/annihilator/.cache/fontconfig/360f0685862970c3eedca8185ab72cfb-le64.cache-12
7f317d9ff000-7f317da7f000 rw-s 00000000 00:07 1110                       /dev/nvidiactl
7f317da7f000-7f317db7f000 rw-s 00000000 00:07 1110                       /dev/nvidiactl
7f317db7f000-7f317dbff000 rw-s 00000000 00:07 1110                       /dev/nvidiactl
7f317dbff000-7f317e400000 rw-p 00000000 00:00 0 
7f317e400000-7f3180394000 r--p 00000000 103:02 4735921                   /usr/lib/libicudata.so.78.3
7f3180394000-7f3180395000 r--p 01f93000 103:02 4735921                   /usr/lib/libicudata.so.78.3
7f3180396000-7f31803a6000 r--s 00000000 103:02 3804352                   /var/cache/fontconfig/491f45a0a771fef1c10b9b647a97fb82-le64.cache-12
7f31803a6000-7f31803c0000 r--s 00000000 103:02 4334283                   /home/annihilator/.cache/fontconfig/bc42231c8840afdbc8a160eb8f6a66fd-le64.cache-12
7f31803c0000-7f3180400000 rw-s 00000000 00:07 1110                       /dev/nvidiactl
7f3180400000-7f3180448000 r--p 00000000 103:02 4745608                   /usr/lib/libicuuc.so.78.3
7f3180448000-7f3180565000 r-xp 00048000 103:02 4745608                   /usr/lib/libicuuc.so.78.3
7f3180565000-7f31805f8000 r--p 00165000 103:02 4745608                   /usr/lib/libicuuc.so.78.3
7f31805f8000-7f318060b000 r--p 001f8000 103:02 4745608                   /usr/lib/libicuuc.so.78.3
7f318060b000-7f318060c000 rw-p 0020b000 103:02 4745608                   /usr/lib/libicuuc.so.78.3
7f318060c000-7f318060e000 rw-p 00000000 00:00 0 
7f318060e000-7f318060f000 rw-s 00000000 00:07 1110                       /dev/nvidiactl
7f318060f000-7f3180615000 r--s 00000000 103:02 3817989                   /var/cache/fontconfig/b67b32625a2bb51b023d3814a918f351-le64.cache-12
7f3180615000-7f3180624000 r--s 00000000 103:02 3804155                   /var/cache/fontconfig/1dce2cb908b447e938fc03acd9b47fcf-le64.cache-12
7f3180624000-7f318063d000 r--p 00000000 103:02 4817130                   /usr/lib/libSPIRV-Tools.so
7f318063d000-7f3180776000 r-xp 00019000 103:02 4817130                   /usr/lib/libSPIRV-Tools.so
7f3180776000-7f31807fc000 r--p 00152000 103:02 4817130                   /usr/lib/libSPIRV-Tools.so
7f31807fc000-7f31807ff000 r--p 001d8000 103:02 4817130                   /usr/lib/libSPIRV-Tools.so
7f31807ff000-7f3180800000 rw-p 001db000 103:02 4817130                   /usr/lib/libSPIRV-Tools.so
7f3180800000-7f3180d5b000 r--p 00000000 103:02 4817093                   /usr/lib/libLLVM.so.22.1
7f3180d5b000-7f3186a08000 r-xp 0055b000 103:02 4817093                   /usr/lib/libLLVM.so.22.1
7f3186a08000-7f318a956000 r--p 06208000 103:02 4817093                   /usr/lib/libLLVM.so.22.1
7f318a956000-7f318ab72000 r--p 0a156000 103:02 4817093                   /usr/lib/libLLVM.so.22.1
7f318ab72000-7f318ab7c000 rw-p 0a372000 103:02 4817093                   /usr/lib/libLLVM.so.22.1
7f318ab7c000-7f318ac4c000 rw-p 00000000 00:00 0 
7f318ac4c000-7f318ac4d000 rw-s 00000000 00:07 1112                       /dev/nvidia0
7f318ac4d000-7f318ac4e000 r--s 00000000 103:02 3803672                   /var/cache/fontconfig/1b6853af091219762dc5c68646ca68b7-le64.cache-12
7f318ac4e000-7f318ac51000 r--s 00000000 103:02 3835420                   /var/cache/fontconfig/e552019f4ed2e530c25d313cf4ffa813-le64.cache-12
7f318ac51000-7f318ac52000 rw-s 00000000 00:07 1110                       /dev/nvidiactl
7f318ac52000-7f318ac53000 r--p 00000000 103:02 4763546                   /usr/lib/libXinerama.so.1.0.0
7f318ac53000-7f318ac54000 r-xp 00001000 103:02 4763546                   /usr/lib/libXinerama.so.1.0.0
7f318ac54000-7f318ac55000 r--p 00002000 103:02 4763546                   /usr/lib/libXinerama.so.1.0.0
7f318ac55000-7f318ac56000 r--p 00002000 103:02 4763546                   /usr/lib/libXinerama.so.1.0.0
7f318ac56000-7f318ac57000 rw-p 00003000 103:02 4763546                   /usr/lib/libXinerama.so.1.0.0
7f318ac57000-7f318ac5a000 r--p 00000000 103:02 4760999                   /usr/lib/libXi.so.6.1.0
7f318ac5a000-7f318ac67000 r-xp 00003000 103:02 4760999                   /usr/lib/libXi.so.6.1.0
7f318ac67000-7f318ac6a000 r--p 00010000 103:02 4760999                   /usr/lib/libXi.so.6.1.0
7f318ac6a000-7f318ac6b000 r--p 00012000 103:02 4760999                   /usr/lib/libXi.so.6.1.0
7f318ac6b000-7f318ac6c000 rw-p 00013000 103:02 4760999                   /usr/lib/libXi.so.6.1.0
7f318ac6f000-7f318ac8f000 rw-s 00000000 00:07 1110                       /dev/nvidiactl
7f318ac8f000-7f318accf000 rw-s 00000000 00:07 1110                       /dev/nvidiactl
7f318accf000-7f318ad4f000 rw-s 00000000 00:07 1112                       /dev/nvidia0
7f318ad4f000-7f318ad8f000 rw-s 00000000 00:07 1110                       /dev/nvidiactl
7f318ad8f000-7f318ad9c000 r--p 00000000 103:02 4722861                   /usr/lib/libncursesw.so.6.6
7f318ad9c000-7f318ade4000 r-xp 0000d000 103:02 4722861                   /usr/lib/libncursesw.so.6.6
7f318ade4000-7f318adfa000 r--p 00055000 103:02 4722861                   /usr/lib/libncursesw.so.6.6
7f318adfa000-7f318adff000 r--p 0006a000 103:02 4722861                   /usr/lib/libncursesw.so.6.6
7f318adff000-7f318ae00000 rw-p 0006f000 103:02 4722861                   /usr/lib/libncursesw.so.6.6
7f318ae00000-7f318ae1b000 r--p 00000000 103:02 4834667                   /usr/lib/libgallium-26.2.1-arch1.1.so
7f318ae1b000-7f318ce9b000 r-xp 0001b000 103:02 4834667                   /usr/lib/libgallium-26.2.1-arch1.1.so
7f318ce9b000-7f318e0ed000 r--p 0209b000 103:02 4834667                   /usr/lib/libgallium-26.2.1-arch1.1.so
7f318e0ed000-7f318e26b000 r--p 032ec000 103:02 4834667                   /usr/lib/libgallium-26.2.1-arch1.1.so
7f318e26b000-7f318e2a9000 rw-p 0346a000 103:02 4834667                   /usr/lib/libgallium-26.2.1-arch1.1.so
7f318e2a9000-7f318e477000 rw-p 00000000 00:00 0 
7f318e477000-7f318e478000 r--s 00000000 103:02 3835441                   /var/cache/fontconfig/787b69f04c7448ed6c581b040220c91f-le64.cache-12
7f318e478000-7f318e47e000 r--s 00000000 103:02 3803766                   /var/cache/fontconfig/d62e99ef547d1d24cdb1bd22ec1a2976-le64.cache-12
7f318e47e000-7f318e48a000 r--s 00000000 103:02 3801653                   /var/cache/fontconfig/4b31aef11cb0687b6d280d34cbe23592-le64.cache-12
7f318e48a000-7f318e4aa000 rw-s 00000000 00:07 1110                       /dev/nvidiactl
7f318e4aa000-7f318e4ca000 rw-s 00000000 00:07 1110                       /dev/nvidiactl
7f318e4ca000-7f318e4e4000 r--p 00000000 103:02 4744067                   /usr/lib/libxml2.so.16.1.3
7f318e4e4000-7f318e5b8000 r-xp 0001a000 103:02 4744067                   /usr/lib/libxml2.so.16.1.3
7f318e5b8000-7f318e5f5000 r--p 000ee000 103:02 4744067                   /usr/lib/libxml2.so.16.1.3
7f318e5f5000-7f318e5fe000 r--p 0012b000 103:02 4744067                   /usr/lib/libxml2.so.16.1.3
7f318e5fe000-7f318e5ff000 rw-p 00134000 103:02 4744067                   /usr/lib/libxml2.so.16.1.3
7f318e5ff000-7f318e600000 rw-p 00000000 00:00 0 
7f318e600000-7f318e95b000 r--p 00000000 103:02 4833041                   /usr/lib/libnvidia-gpucomp.so.610.57.04
7f318e95b000-7f3192ef8000 r-xp 0035b000 103:02 4833041                   /usr/lib/libnvidia-gpucomp.so.610.57.04
7f3192ef8000-7f3194be8000 r--p 048f8000 103:02 4833041                   /usr/lib/libnvidia-gpucomp.so.610.57.04
7f3194be8000-7f3194e3a000 r--p 065e7000 103:02 4833041                   /usr/lib/libnvidia-gpucomp.so.610.57.04
7f3194e3a000-7f3194fc5000 rw-p 06839000 103:02 4833041                   /usr/lib/libnvidia-gpucomp.so.610.57.04
7f3194fc5000-7f3195080000 rw-p 00000000 00:00 0 
7f3195080000-7f3195081000 r--s 00000000 103:02 3835395                   /var/cache/fontconfig/a8773ec71f9da9b44a891b13321e5faa-le64.cache-12
7f3195081000-7f3195082000 r--s 00000000 103:02 3823352                   /var/cache/fontconfig/8d4af663993b81a124ee82e610bb31f9-le64.cache-12
7f3195082000-7f3195083000 r--s 00000000 103:02 4334244                   /home/annihilator/.cache/fontconfig/8f6bef61d9f77da15272a6237cc42cae-le64.cache-12
7f3195083000-7f3195085000 r--s 00000000 103:02 3801209                   /var/cache/fontconfig/3830d5c3ddfd5cd38a049b759396e72e-le64.cache-12
7f3195085000-7f3195086000 rw-p 00000000 00:00 0 
7f3195086000-7f3195089000 rw-s 00000000 00:07 1110                       /dev/nvidiactl
7f3195089000-7f319508b000 rw-s 00000000 00:01 613562                     /memfd:/.glXXXXXX (deleted)
7f319508b000-7f319509e000 rw-s 00000000 00:07 1110                       /dev/nvidiactl
7f319509e000-7f31950ae000 rw-s 00000000 00:07 1112                       /dev/nvidia0
7f31950ae000-7f31950b1000 r--p 00000000 103:02 4831197                   /usr/lib/libnvidia-allocator.so.610.57.04
7f31950b1000-7f31950c5000 r-xp 00003000 103:02 4831197                   /usr/lib/libnvidia-allocator.so.610.57.04
7f31950c5000-7f31950cf000 r--p 00017000 103:02 4831197                   /usr/lib/libnvidia-allocator.so.610.57.04
7f31950cf000-7f31950d0000 r--p 00020000 103:02 4831197                   /usr/lib/libnvidia-allocator.so.610.57.04
7f31950d0000-7f31950d1000 rw-p 00021000 103:02 4831197                   /usr/lib/libnvidia-allocator.so.610.57.04
7f31950d1000-7f31950d3000 rw-p 00000000 00:00 0 
7f31950d3000-7f31950d5000 r--p 00000000 103:02 4761468                   /usr/lib/libpciaccess.so.0.11.1
7f31950d5000-7f31950da000 r-xp 00002000 103:02 4761468                   /usr/lib/libpciaccess.so.0.11.1
7f31950da000-7f31950dc000 r--p 00007000 103:02 4761468                   /usr/lib/libpciaccess.so.0.11.1
7f31950dc000-7f31950dd000 r--p 00008000 103:02 4761468                   /usr/lib/libpciaccess.so.0.11.1
7f31950dd000-7f31950de000 rw-p 00009000 103:02 4761468                   /usr/lib/libpciaccess.so.0.11.1
7f31950de000-7f31950e4000 r--p 00000000 103:02 4754841                   /usr/lib/libedit.so.0.0.78
7f31950e4000-7f3195106000 r-xp 00006000 103:02 4754841                   /usr/lib/libedit.so.0.0.78
7f3195106000-7f3195113000 r--p 00028000 103:02 4754841                   /usr/lib/libedit.so.0.0.78
7f3195113000-7f3195116000 r--p 00034000 103:02 4754841                   /usr/lib/libedit.so.0.0.78
7f3195116000-7f3195117000 rw-p 00037000 103:02 4754841                   /usr/lib/libedit.so.0.0.78
7f3195117000-7f319511a000 rw-p 00000000 00:00 0 
7f319511a000-7f3195126000 r--p 00000000 103:02 4740223                   /usr/lib/libzstd.so.1.5.7
7f3195126000-7f31951ed000 r-xp 0000c000 103:02 4740223                   /usr/lib/libzstd.so.1.5.7
7f31951ed000-7f31951fe000 r--p 000d3000 103:02 4740223                   /usr/lib/libzstd.so.1.5.7
7f31951fe000-7f31951ff000 r--p 000e4000 103:02 4740223                   /usr/lib/libzstd.so.1.5.7
7f31951ff000-7f3195200000 rw-p 000e5000 103:02 4740223                   /usr/lib/libzstd.so.1.5.7
7f3195200000-7f3195419000 r--p 00000000 103:02 4831215                   /usr/lib/libnvidia-eglcore.so.610.57.04
7f3195419000-7f319605f000 r-xp 00219000 103:02 4831215                   /usr/lib/libnvidia-eglcore.so.610.57.04
7f319605f000-7f319758a000 r--p 00e5f000 103:02 4831215                   /usr/lib/libnvidia-eglcore.so.610.57.04
7f319758a000-7f319758b000 ---p 0238a000 103:02 4831215                   /usr/lib/libnvidia-eglcore.so.610.57.04
7f319758b000-7f3197700000 r--p 0238a000 103:02 4831215                   /usr/lib/libnvidia-eglcore.so.610.57.04
7f3197700000-7f3197749000 rw-p 024ff000 103:02 4831215                   /usr/lib/libnvidia-eglcore.so.610.57.04
7f3197749000-7f3197760000 rw-p 00000000 00:00 0 
7f3197760000-7f3197761000 rw-p 00000000 00:00 0 
7f3197761000-7f3197765000 rw-s 00000000 00:07 1110                       /dev/nvidiactl
7f3197765000-7f3197767000 rw-s 00000000 00:07 1110                       /dev/nvidiactl
7f3197767000-7f319776a000 r--p 00000000 103:02 4780642                   /usr/lib/libdrm_intel.so.1.134.0
7f319776a000-7f3197781000 r-xp 00003000 103:02 4780642                   /usr/lib/libdrm_intel.so.1.134.0
7f3197781000-7f319778b000 r--p 0001a000 103:02 4780642                   /usr/lib/libdrm_intel.so.1.134.0
7f319778b000-7f319778c000 r--p 00023000 103:02 4780642                   /usr/lib/libdrm_intel.so.1.134.0
7f319778c000-7f319778d000 rw-p 00024000 103:02 4780642                   /usr/lib/libdrm_intel.so.1.134.0
7f319778d000-7f3197790000 r--p 00000000 103:02 4780638                   /usr/lib/libdrm_amdgpu.so.1.134.0
7f3197790000-7f3197796000 r-xp 00003000 103:02 4780638                   /usr/lib/libdrm_amdgpu.so.1.134.0
7f3197796000-7f3197798000 r--p 00009000 103:02 4780638                   /usr/lib/libdrm_amdgpu.so.1.134.0
7f3197798000-7f3197799000 r--p 0000a000 103:02 4780638                   /usr/lib/libdrm_amdgpu.so.1.134.0
7f3197799000-7f319779a000 rw-p 0000b000 103:02 4780638                   /usr/lib/libdrm_amdgpu.so.1.134.0
7f319779a000-7f319779d000 r--p 00000000 103:02 4735313                   /usr/lib/libelf-0.196.so
7f319779d000-7f31977b1000 r-xp 00003000 103:02 4735313                   /usr/lib/libelf-0.196.so
7f31977b1000-7f31977b6000 r--p 00017000 103:02 4735313                   /usr/lib/libelf-0.196.so
7f31977b6000-7f31977b7000 r--p 0001b000 103:02 4735313                   /usr/lib/libelf-0.196.so
7f31977b7000-7f31977b8000 rw-p 0001c000 103:02 4735313                   /usr/lib/libelf-0.196.so
7f31977b8000-7f31977b9000 r--p 00000000 103:02 4843174                   /usr/lib/libxshmfence.so.1.0.0
7f31977b9000-7f31977ba000 r-xp 00001000 103:02 4843174                   /usr/lib/libxshmfence.so.1.0.0
7f31977ba000-7f31977bb000 r--p 00002000 103:02 4843174                   /usr/lib/libxshmfence.so.1.0.0
7f31977bb000-7f31977bc000 r--p 00002000 103:02 4843174                   /usr/lib/libxshmfence.so.1.0.0
7f31977bc000-7f31977bd000 rw-p 00003000 103:02 4843174                   /usr/lib/libxshmfence.so.1.0.0
7f31977bd000-7f31977c0000 r--p 00000000 103:02 4751865                   /usr/lib/libxcb-sync.so.1.0.0
7f31977c0000-7f31977c3000 r-xp 00003000 103:02 4751865                   /usr/lib/libxcb-sync.so.1.0.0
7f31977c3000-7f31977c4000 r--p 00006000 103:02 4751865                   /usr/lib/libxcb-sync.so.1.0.0
7f31977c4000-7f31977c5000 r--p 00007000 103:02 4751865                   /usr/lib/libxcb-sync.so.1.0.0
7f31977c5000-7f31977c6000 rw-p 00008000 103:02 4751865                   /usr/lib/libxcb-sync.so.1.0.0
7f31977c6000-7f31977c8000 r--p 00000000 103:02 4763334                   /usr/lib/libsensors.so.5.0.0
7f31977c8000-7f31977d0000 r-xp 00002000 103:02 4763334                   /usr/lib/libsensors.so.5.0.0
7f31977d0000-7f31977d4000 r--p 0000a000 103:02 4763334                   /usr/lib/libsensors.so.5.0.0
7f31977d4000-7f31977d5000 r--p 0000e000 103:02 4763334                   /usr/lib/libsensors.so.5.0.0
7f31977d5000-7f31977d6000 rw-p 0000f000 103:02 4763334                   /usr/lib/libsensors.so.5.0.0
7f31977d6000-7f31977d9000 r--p 00000000 103:02 4751872                   /usr/lib/libxcb-xfixes.so.0.0.0
7f31977d9000-7f31977dc000 r-xp 00003000 103:02 4751872                   /usr/lib/libxcb-xfixes.so.0.0.0
7f31977dc000-7f31977dd000 r--p 00006000 103:02 4751872                   /usr/lib/libxcb-xfixes.so.0.0.0
7f31977dd000-7f31977de000 r--p 00007000 103:02 4751872                   /usr/lib/libxcb-xfixes.so.0.0.0
7f31977de000-7f31977df000 rw-p 00008000 103:02 4751872                   /usr/lib/libxcb-xfixes.so.0.0.0
7f31977df000-7f31977e6000 r--p 00000000 103:02 4751834                   /usr/lib/libxcb-randr.so.0.1.0
7f31977e6000-7f31977ec000 r-xp 00007000 103:02 4751834                   /usr/lib/libxcb-randr.so.0.1.0
7f31977ec000-7f31977ef000 r--p 0000d000 103:02 4751834                   /usr/lib/libxcb-randr.so.0.1.0
7f31977ef000-7f31977f0000 r--p 00010000 103:02 4751834                   /usr/lib/libxcb-randr.so.0.1.0
7f31977f0000-7f31977f1000 rw-p 00011000 103:02 4751834                   /usr/lib/libxcb-randr.so.0.1.0
7f31977f1000-7f31977f7000 r--p 00000000 103:02 4817102                   /usr/lib/libEGL_mesa.so.0.0.0
7f31977f7000-7f3197832000 r-xp 00006000 103:02 4817102                   /usr/lib/libEGL_mesa.so.0.0.0
7f3197832000-7f3197845000 r--p 00041000 103:02 4817102                   /usr/lib/libEGL_mesa.so.0.0.0
7f3197845000-7f3197852000 r--p 00053000 103:02 4817102                   /usr/lib/libEGL_mesa.so.0.0.0
7f3197852000-7f3197853000 rw-p 00060000 103:02 4817102                   /usr/lib/libEGL_mesa.so.0.0.0
7f3197853000-7f3197854000 rw-p 00000000 00:00 0 
7f3197854000-7f3197855000 r--p 00000000 103:02 4740497                   /usr/lib/libX11-xcb.so.1.0.0
7f3197855000-7f3197856000 r-xp 00001000 103:02 4740497                   /usr/lib/libX11-xcb.so.1.0.0
7f3197856000-7f3197857000 r--p 00002000 103:02 4740497                   /usr/lib/libX11-xcb.so.1.0.0
7f3197857000-7f3197858000 r--p 00002000 103:02 4740497                   /usr/lib/libX11-xcb.so.1.0.0
7f3197858000-7f3197859000 rw-p 00003000 103:02 4740497                   /usr/lib/libX11-xcb.so.1.0.0
7f3197859000-7f319785c000 r--p 00000000 103:02 4763730                   /usr/lib/libnvidia-egl-xlib.so.1.0.5
7f319785c000-7f3197867000 r-xp 00003000 103:02 4763730                   /usr/lib/libnvidia-egl-xlib.so.1.0.5
7f3197867000-7f319786b000 r--p 0000e000 103:02 4763730                   /usr/lib/libnvidia-egl-xlib.so.1.0.5
7f319786b000-7f319786c000 r--p 00012000 103:02 4763730                   /usr/lib/libnvidia-egl-xlib.so.1.0.5
7f319786c000-7f319786d000 rw-p 00013000 103:02 4763730                   /usr/lib/libnvidia-egl-xlib.so.1.0.5
7f319786d000-7f319786f000 r--p 00000000 103:02 4751813                   /usr/lib/libxcb-dri3.so.0.1.0
7f319786f000-7f3197871000 r-xp 00002000 103:02 4751813                   /usr/lib/libxcb-dri3.so.0.1.0
7f3197871000-7f3197872000 r--p 00004000 103:02 4751813                   /usr/lib/libxcb-dri3.so.0.1.0
7f3197872000-7f3197873000 r--p 00004000 103:02 4751813                   /usr/lib/libxcb-dri3.so.0.1.0
7f3197873000-7f3197874000 rw-p 00005000 103:02 4751813                   /usr/lib/libxcb-dri3.so.0.1.0
7f3197874000-7f3197875000 r--p 00000000 103:02 4751829                   /usr/lib/libxcb-present.so.0.0.0
7f3197875000-7f3197876000 r-xp 00001000 103:02 4751829                   /usr/lib/libxcb-present.so.0.0.0
7f3197876000-7f3197877000 r--p 00002000 103:02 4751829                   /usr/lib/libxcb-present.so.0.0.0
7f3197877000-7f3197878000 r--p 00002000 103:02 4751829                   /usr/lib/libxcb-present.so.0.0.0
7f3197878000-7f3197879000 rw-p 00003000 103:02 4751829                   /usr/lib/libxcb-present.so.0.0.0
7f3197879000-7f319787c000 r--p 00000000 103:02 4763465                   /usr/lib/libnvidia-egl-xcb.so.1.0.5
7f319787c000-7f3197887000 r-xp 00003000 103:02 4763465                   /usr/lib/libnvidia-egl-xcb.so.1.0.5
7f3197887000-7f319788b000 r--p 0000e000 103:02 4763465                   /usr/lib/libnvidia-egl-xcb.so.1.0.5
7f319788b000-7f319788c000 r--p 00012000 103:02 4763465                   /usr/lib/libnvidia-egl-xcb.so.1.0.5
7f319788c000-7f319788d000 rw-p 00013000 103:02 4763465                   /usr/lib/libnvidia-egl-xcb.so.1.0.5
7f319788d000-7f319788e000 r--p 00000000 103:02 4843438                   /usr/lib/libnvidia-egl-gbm.so.1.1.3
7f319788e000-7f3197891000 r-xp 00001000 103:02 4843438                   /usr/lib/libnvidia-egl-gbm.so.1.1.3
7f3197891000-7f3197893000 r--p 00004000 103:02 4843438                   /usr/lib/libnvidia-egl-gbm.so.1.1.3
7f3197893000-7f3197894000 r--p 00005000 103:02 4843438                   /usr/lib/libnvidia-egl-gbm.so.1.1.3
7f3197894000-7f3197895000 rw-p 00006000 103:02 4843438                   /usr/lib/libnvidia-egl-gbm.so.1.1.3
7f3197895000-7f319789a000 r--p 00000000 103:02 4826261                   /usr/lib/libwayland-server.so.0.26.0
7f319789a000-7f31978a3000 r-xp 00005000 103:02 4826261                   /usr/lib/libwayland-server.so.0.26.0
7f31978a3000-7f31978a7000 r--p 0000e000 103:02 4826261                   /usr/lib/libwayland-server.so.0.26.0
7f31978a7000-7f31978a9000 r--p 00012000 103:02 4826261                   /usr/lib/libwayland-server.so.0.26.0
7f31978a9000-7f31978aa000 rw-p 00014000 103:02 4826261                   /usr/lib/libwayland-server.so.0.26.0
7f31978aa000-7f31978ad000 r--p 00000000 103:02 4846567                   /usr/lib/libnvidia-egl-wayland.so.1.1.21
7f31978ad000-7f31978b7000 r-xp 00003000 103:02 4846567                   /usr/lib/libnvidia-egl-wayland.so.1.1.21
7f31978b7000-7f31978bb000 r--p 0000d000 103:02 4846567                   /usr/lib/libnvidia-egl-wayland.so.1.1.21
7f31978bb000-7f31978bd000 r--p 00010000 103:02 4846567                   /usr/lib/libnvidia-egl-wayland.so.1.1.21
7f31978bd000-7f31978be000 rw-p 00012000 103:02 4846567                   /usr/lib/libnvidia-egl-wayland.so.1.1.21
7f31978be000-7f31978c3000 r--p 00000000 103:02 4771568                   /usr/lib/libdrm.so.2.134.0
7f31978c3000-7f31978cf000 r-xp 00005000 103:02 4771568                   /usr/lib/libdrm.so.2.134.0
7f31978cf000-7f31978d3000 r--p 00011000 103:02 4771568                   /usr/lib/libdrm.so.2.134.0
7f31978d3000-7f31978d4000 r--p 00015000 103:02 4771568                   /usr/lib/libdrm.so.2.134.0
7f31978d4000-7f31978d5000 rw-p 00016000 103:02 4771568                   /usr/lib/libdrm.so.2.134.0
7f31978d5000-7f3197906000 r--p 00000000 103:02 4820322                   /usr/lib/libEGL_nvidia.so.610.57.04
7f3197906000-7f319798e000 r-xp 00031000 103:02 4820322                   /usr/lib/libEGL_nvidia.so.610.57.04
7f319798e000-7f31979dd000 r--p 000b9000 103:02 4820322                   /usr/lib/libEGL_nvidia.so.610.57.04
7f31979dd000-7f31979de000 ---p 00108000 103:02 4820322                   /usr/lib/libEGL_nvidia.so.610.57.04
7f31979de000-7f31979e5000 r--p 00108000 103:02 4820322                   /usr/lib/libEGL_nvidia.so.610.57.04
7f31979e5000-7f31979fa000 rw-p 0010f000 103:02 4820322                   /usr/lib/libEGL_nvidia.so.610.57.04
7f31979fa000-7f3197a00000 rw-p 00000000 00:00 0 
7f3197a3c000-7f3197a3d000 rw-p 00000000 00:00 0 
7f3197a3d000-7f3197a41000 ---p 00000000 00:00 0 
7f3197a41000-7f3197b3e000 rw-p 00000000 00:00 0 
7f3197b3e000-7f3197b42000 ---p 00000000 00:00 0 
7f3197b42000-7f3197c3e000 rw-p 00000000 00:00 0 
7f3197c3e000-7f3197c3f000 rw-s 00000000 00:07 1110                       /dev/nvidiactl
7f3197c3f000-7f3197c41000 r--p 00000000 103:02 4835234                   /usr/lib/libgbm.so.1.0.0
7f3197c41000-7f3197c42000 r-xp 00002000 103:02 4835234                   /usr/lib/libgbm.so.1.0.0
7f3197c42000-7f3197c43000 r--p 00003000 103:02 4835234                   /usr/lib/libgbm.so.1.0.0
7f3197c43000-7f3197c44000 r--p 00003000 103:02 4835234                   /usr/lib/libgbm.so.1.0.0
7f3197c44000-7f3197c45000 rw-p 00004000 103:02 4835234                   /usr/lib/libgbm.so.1.0.0
7f3197c45000-7f3197c47000 r--p 00000000 103:02 4762982                   /usr/lib/libnvidia-egl-wayland2.so.1.0.1
7f3197c47000-7f3197c53000 r-xp 00002000 103:02 4762982                   /usr/lib/libnvidia-egl-wayland2.so.1.0.1
7f3197c53000-7f3197c57000 r--p 0000e000 103:02 4762982                   /usr/lib/libnvidia-egl-wayland2.so.1.0.1
7f3197c57000-7f3197c59000 r--p 00011000 103:02 4762982                   /usr/lib/libnvidia-egl-wayland2.so.1.0.1
7f3197c59000-7f3197c5a000 rw-p 00013000 103:02 4762982                   /usr/lib/libnvidia-egl-wayland2.so.1.0.1
7f3197c5a000-7f3197c6a000 r--p 00000000 103:02 4831581                   /usr/lib/libnvidia-glsi.so.610.57.04
7f3197c6a000-7f3197cca000 r-xp 00010000 103:02 4831581                   /usr/lib/libnvidia-glsi.so.610.57.04
7f3197cca000-7f3197ce7000 r--p 00070000 103:02 4831581                   /usr/lib/libnvidia-glsi.so.610.57.04
7f3197ce7000-7f3197ced000 r--p 0008c000 103:02 4831581                   /usr/lib/libnvidia-glsi.so.610.57.04
7f3197ced000-7f3197cee000 rw-p 00092000 103:02 4831581                   /usr/lib/libnvidia-glsi.so.610.57.04
7f3197cee000-7f3197cf6000 rw-p 00000000 00:00 0 
7f3197cf6000-7f3197cfd000 r--s 00000000 103:02 4837165                   /usr/lib/gconv/gconv-modules.cache
7f3197cfd000-7f3197cff000 r--p 00000000 103:02 4811999                   /usr/lib/libGLdispatch.so.0.0.0
7f3197cff000-7f3197d3e000 r-xp 00002000 103:02 4811999                   /usr/lib/libGLdispatch.so.0.0.0
7f3197d3e000-7f3197d51000 r--p 00041000 103:02 4811999                   /usr/lib/libGLdispatch.so.0.0.0
7f3197d51000-7f3197d6d000 r--p 00054000 103:02 4811999                   /usr/lib/libGLdispatch.so.0.0.0
7f3197d6d000-7f3197d6e000 rw-p 00070000 103:02 4811999                   /usr/lib/libGLdispatch.so.0.0.0
7f3197d6e000-7f3197d76000 rw-p 00000000 00:00 0 
7f3197d76000-7f3197d78000 r--p 00000000 103:02 4750356                   /usr/lib/libEGL.so.1.1.0
7f3197d78000-7f3197d82000 r-xp 00002000 103:02 4750356                   /usr/lib/libEGL.so.1.1.0
7f3197d82000-7f3197d86000 r--p 0000c000 103:02 4750356                   /usr/lib/libEGL.so.1.1.0
7f3197d86000-7f3197d87000 r--p 0000f000 103:02 4750356                   /usr/lib/libEGL.so.1.1.0
7f3197d87000-7f3197d88000 rw-p 00010000 103:02 4750356                   /usr/lib/libEGL.so.1.1.0
7f3197e18000-7f3197e19000 r--p 00000000 103:02 4812149                   /usr/lib/libbrotlicommon.so.1.2.0
7f3197e19000-7f3197e1a000 r-xp 00001000 103:02 4812149                   /usr/lib/libbrotlicommon.so.1.2.0
7f3197e1a000-7f3197e39000 r--p 00002000 103:02 4812149                   /usr/lib/libbrotlicommon.so.1.2.0
7f3197e39000-7f3197e3a000 r--p 00021000 103:02 4812149                   /usr/lib/libbrotlicommon.so.1.2.0
7f3197e3a000-7f3197e3b000 rw-p 00022000 103:02 4812149                   /usr/lib/libbrotlicommon.so.1.2.0
7f3197e3b000-7f3197e40000 r--p 00000000 103:02 4722170                   /usr/lib/libblkid.so.1.1.0
7f3197e40000-7f3197e69000 r-xp 00005000 103:02 4722170                   /usr/lib/libblkid.so.1.1.0
7f3197e69000-7f3197e74000 r--p 0002e000 103:02 4722170                   /usr/lib/libblkid.so.1.1.0
7f3197e74000-7f3197e7a000 r--p 00038000 103:02 4722170                   /usr/lib/libblkid.so.1.1.0
7f3197e7a000-7f3197e7b000 rw-p 0003e000 103:02 4722170                   /usr/lib/libblkid.so.1.1.0
7f3197e7b000-7f3197e7d000 r--p 00000000 103:02 4815257                   /usr/lib/libXdmcp.so.6.0.0
7f3197e7d000-7f3197e7f000 r-xp 00002000 103:02 4815257                   /usr/lib/libXdmcp.so.6.0.0
7f3197e7f000-7f3197e81000 r--p 00004000 103:02 4815257                   /usr/lib/libXdmcp.so.6.0.0
7f3197e81000-7f3197e82000 r--p 00005000 103:02 4815257                   /usr/lib/libXdmcp.so.6.0.0
7f3197e82000-7f3197e83000 rw-p 00006000 103:02 4815257                   /usr/lib/libXdmcp.so.6.0.0
7f3197e83000-7f3197e84000 r--p 00000000 103:02 4812485                   /usr/lib/libbrotlidec.so.1.2.0
7f3197e84000-7f3197e8d000 r-xp 00001000 103:02 4812485                   /usr/lib/libbrotlidec.so.1.2.0
7f3197e8d000-7f3197e90000 r--p 0000a000 103:02 4812485                   /usr/lib/libbrotlidec.so.1.2.0
7f3197e90000-7f3197e91000 r--p 0000c000 103:02 4812485                   /usr/lib/libbrotlidec.so.1.2.0
7f3197e91000-7f3197e92000 rw-p 0000d000 103:02 4812485                   /usr/lib/libbrotlidec.so.1.2.0
7f3197e92000-7f3197e94000 r--p 00000000 103:02 4794869                   /usr/lib/libbz2.so.1.0.8
7f3197e94000-7f3197ea1000 r-xp 00002000 103:02 4794869                   /usr/lib/libbz2.so.1.0.8
7f3197ea1000-7f3197ea3000 r--p 0000f000 103:02 4794869                   /usr/lib/libbz2.so.1.0.8
7f3197ea3000-7f3197ea4000 r--p 00010000 103:02 4794869                   /usr/lib/libbz2.so.1.0.8
7f3197ea4000-7f3197ea5000 rw-p 00011000 103:02 4794869                   /usr/lib/libbz2.so.1.0.8
7f3197ea5000-7f3197eaf000 r--p 00000000 103:02 4735601                   /usr/lib/libmount.so.1.1.0
7f3197eaf000-7f3197eed000 r-xp 0000a000 103:02 4735601                   /usr/lib/libmount.so.1.1.0
7f3197eed000-7f3197efe000 r--p 00048000 103:02 4735601                   /usr/lib/libmount.so.1.1.0
7f3197efe000-7f3197f00000 r--p 00059000 103:02 4735601                   /usr/lib/libmount.so.1.1.0
7f3197f00000-7f3197f01000 rw-p 0005b000 103:02 4735601                   /usr/lib/libmount.so.1.1.0
7f3197f01000-7f3197f03000 r--p 00000000 103:02 4737414                   /usr/lib/libexpat.so.1.12.3
7f3197f03000-7f3197f23000 r-xp 00002000 103:02 4737414                   /usr/lib/libexpat.so.1.12.3
7f3197f23000-7f3197f2c000 r--p 00022000 103:02 4737414                   /usr/lib/libexpat.so.1.12.3
7f3197f2c000-7f3197f2e000 r--p 0002a000 103:02 4737414                   /usr/lib/libexpat.so.1.12.3
7f3197f2e000-7f3197f2f000 rw-p 0002c000 103:02 4737414                   /usr/lib/libexpat.so.1.12.3
7f3197f2f000-7f3197f31000 r--p 00000000 103:02 4815230                   /usr/lib/libgraphite2.so.3.3.1
7f3197f31000-7f3197f4a000 r-xp 00002000 103:02 4815230                   /usr/lib/libgraphite2.so.3.3.1
7f3197f4a000-7f3197f4f000 r--p 0001b000 103:02 4815230                   /usr/lib/libgraphite2.so.3.3.1
7f3197f4f000-7f3197f51000 r--p 0001f000 103:02 4815230                   /usr/lib/libgraphite2.so.3.3.1
7f3197f51000-7f3197f52000 rw-p 00021000 103:02 4815230                   /usr/lib/libgraphite2.so.3.3.1
7f3197f52000-7f3197f55000 r--p 00000000 103:02 4732813                   /usr/lib/libpcre2-8.so.0.15.0
7f3197f55000-7f3197fd3000 r-xp 00003000 103:02 4732813                   /usr/lib/libpcre2-8.so.0.15.0
7f3197fd3000-7f3197ffe000 r--p 00081000 103:02 4732813                   /usr/lib/libpcre2-8.so.0.15.0
7f3197ffe000-7f3197fff000 r--p 000ab000 103:02 4732813                   /usr/lib/libpcre2-8.so.0.15.0
7f3197fff000-7f3198000000 rw-p 000ac000 103:02 4732813                   /usr/lib/libpcre2-8.so.0.15.0
7f3198000000-7f31984f6000 rw-p 00000000 00:00 0 
7f31984f6000-7f319c000000 ---p 00000000 00:00 0 
7f319c000000-7f319fbcc000 rw-p 00000000 00:00 0 
7f319fbcc000-7f31a0000000 ---p 00000000 00:00 0 
7f31a0000000-7f31a13a6000 rw-p 00000000 00:00 0 
7f31a13a6000-7f31a4000000 ---p 00000000 00:00 0 
7f31a4000000-7f31a4d38000 rw-p 00000000 00:00 0 
7f31a4d38000-7f31a8000000 ---p 00000000 00:00 0 
7f31a8000000-7f31a8400000 rw-p 00000000 00:00 0 
7f31a8400000-7f31a8700000 rw-p 00000000 00:00 0 
7f31a8700000-7f31a8800000 rw-p 00000000 00:00 0 
7f31a8800000-7f31a8900000 rw-p 00000000 00:00 0 
7f31a8900000-7f31a8a00000 rw-p 00000000 00:00 0 
7f31a8a00000-7f31a9100000 rw-p 00000000 00:00 0 
7f31a9100000-7f31a9200000 rw-p 00000000 00:00 0 
7f31a9200000-7f31a9460000 rw-p 00000000 00:00 0 
7f31a9460000-7f31a9d00000 rw-p 00000000 00:00 0 
7f31a9d00000-7f31a9e00000 rw-p 00000000 00:00 0 
7f31a9e00000-7f31a9f00000 rw-p 00000000 00:00 0 
7f31a9f00000-7f31aa000000 rw-p 00000000 00:00 0 
7f31aa000000-7f31aa1c0000 rw-p 00000000 00:00 0 
7f31aa1c0000-7f31aa300000 rw-p 00000000 00:00 0 
7f31aa300000-7f31aa400000 rw-p 00000000 00:00 0 
7f31aa400000-7f31aa500000 rw-p 00000000 00:00 0 
7f31aa500000-7f31aa600000 rw-p 00000000 00:00 0 
7f31aa600000-7f31aa7c0000 rw-p 00000000 00:00 0 
7f31aa7c0000-7f31aa800000 rw-p 00000000 00:00 0 
7f31aa800000-7f31aa900000 rw-p 00000000 00:00 0 
7f31aa900000-7f31aaa00000 rw-p 00000000 00:00 0 
7f31aaa00000-7f31aae00000 rw-p 00000000 00:00 0 
7f31aae00000-7f31aaf00000 rw-p 00000000 00:00 0 
7f31aaf00000-7f31ab000000 rw-p 00000000 00:00 0 
7f31ab000000-7f31ac000000 rw-p 00000000 00:00 0 
7f31ac000000-7f31af433000 rw-p 00000000 00:00 0 
7f31af433000-7f31b0000000 ---p 00000000 00:00 0 
7f31b0000000-7f31b0fb0000 rw-p 00000000 00:00 0 
7f31b0fb0000-7f31b4000000 ---p 00000000 00:00 0 
7f31b4000000-7f31b79ad000 rw-p 00000000 00:00 0 
7f31b79ad000-7f31b8000000 ---p 00000000 00:00 0 
7f31b8000000-7f31b9a8a000 rw-p 00000000 00:00 0 
7f31b9a8a000-7f31bc000000 ---p 00000000 00:00 0 
7f31bc000000-7f31bc2ac000 rw-p 00000000 00:00 0 
7f31bc2ac000-7f31c0000000 ---p 00000000 00:00 0 
7f31c0000000-7f31c30c3000 rw-p 00000000 00:00 0 
7f31c30c3000-7f31c4000000 ---p 00000000 00:00 0 
7f31c4000000-7f31c4476000 rw-p 00000000 00:00 0 
7f31c4476000-7f31c8000000 ---p 00000000 00:00 0 
7f31c8000000-7f31cc000000 rw-p 00000000 00:00 0 
7f31cc000000-7f31cc004000 rw-s 00000000 00:07 1110                       /dev/nvidiactl
7f31cc004000-7f31cc005000 r--p 00000000 103:02 4757711                   /usr/lib/libXau.so.6.0.0
7f31cc005000-7f31cc006000 r-xp 00001000 103:02 4757711                   /usr/lib/libXau.so.6.0.0
7f31cc006000-7f31cc007000 r--p 00002000 103:02 4757711                   /usr/lib/libXau.so.6.0.0
7f31cc007000-7f31cc008000 r--p 00002000 103:02 4757711                   /usr/lib/libXau.so.6.0.0
7f31cc008000-7f31cc009000 rw-p 00003000 103:02 4757711                   /usr/lib/libXau.so.6.0.0
7f31cc009000-7f31cc00b000 r--p 00000000 103:02 4761940                   /usr/lib/libdatrie.so.1.4.1
7f31cc00b000-7f31cc00f000 r-xp 00002000 103:02 4761940                   /usr/lib/libdatrie.so.1.4.1
7f31cc00f000-7f31cc010000 r--p 00006000 103:02 4761940                   /usr/lib/libdatrie.so.1.4.1
7f31cc010000-7f31cc011000 r--p 00006000 103:02 4761940                   /usr/lib/libdatrie.so.1.4.1
7f31cc011000-7f31cc012000 rw-p 00007000 103:02 4761940                   /usr/lib/libdatrie.so.1.4.1
7f31cc012000-7f31cc027000 r--p 00000000 103:02 4720960                   /usr/lib/libsystemd.so.0.44.0
7f31cc027000-7f31cc100000 r-xp 00015000 103:02 4720960                   /usr/lib/libsystemd.so.0.44.0
7f31cc100000-7f31cc14f000 r--p 000ee000 103:02 4720960                   /usr/lib/libsystemd.so.0.44.0
7f31cc14f000-7f31cc158000 r--p 0013c000 103:02 4720960                   /usr/lib/libsystemd.so.0.44.0
7f31cc158000-7f31cc159000 rw-p 00145000 103:02 4720960                   /usr/lib/libsystemd.so.0.44.0
7f31cc159000-7f31cc15a000 rw-p 00000000 00:00 0 
7f31cc15a000-7f31cc15f000 r--p 00000000 103:02 4780633                   /usr/lib/libpixman-1.so.0.46.4
7f31cc15f000-7f31cc1f0000 r-xp 00005000 103:02 4780633                   /usr/lib/libpixman-1.so.0.46.4
7f31cc1f0000-7f31cc200000 r--p 00096000 103:02 4780633                   /usr/lib/libpixman-1.so.0.46.4
7f31cc200000-7f31cc208000 r--p 000a6000 103:02 4780633                   /usr/lib/libpixman-1.so.0.46.4
7f31cc208000-7f31cc209000 rw-p 000ae000 103:02 4780633                   /usr/lib/libpixman-1.so.0.46.4
7f31cc209000-7f31cc20f000 r--p 00000000 103:02 4751845                   /usr/lib/libxcb-render.so.0.0.0
7f31cc20f000-7f31cc214000 r-xp 00006000 103:02 4751845                   /usr/lib/libxcb-render.so.0.0.0
7f31cc214000-7f31cc216000 r--p 0000b000 103:02 4751845                   /usr/lib/libxcb-render.so.0.0.0
7f31cc216000-7f31cc217000 r--p 0000d000 103:02 4751845                   /usr/lib/libxcb-render.so.0.0.0
7f31cc217000-7f31cc218000 rw-p 0000e000 103:02 4751845                   /usr/lib/libxcb-render.so.0.0.0
7f31cc218000-7f31cc224000 r--p 00000000 103:02 4751894                   /usr/lib/libxcb.so.1.1.0
7f31cc224000-7f31cc238000 r-xp 0000c000 103:02 4751894                   /usr/lib/libxcb.so.1.1.0
7f31cc238000-7f31cc241000 r--p 00020000 103:02 4751894                   /usr/lib/libxcb.so.1.1.0
7f31cc241000-7f31cc242000 r--p 00028000 103:02 4751894                   /usr/lib/libxcb.so.1.1.0
7f31cc242000-7f31cc243000 rw-p 00029000 103:02 4751894                   /usr/lib/libxcb.so.1.1.0
7f31cc243000-7f31cc247000 r--p 00000000 103:02 4760928                   /usr/lib/libXext.so.6.4.0
7f31cc247000-7f31cc252000 r-xp 00004000 103:02 4760928                   /usr/lib/libXext.so.6.4.0
7f31cc252000-7f31cc255000 r--p 0000f000 103:02 4760928                   /usr/lib/libXext.so.6.4.0
7f31cc255000-7f31cc256000 r--p 00011000 103:02 4760928                   /usr/lib/libXext.so.6.4.0
7f31cc256000-7f31cc257000 rw-p 00012000 103:02 4760928                   /usr/lib/libXext.so.6.4.0
7f31cc257000-7f31cc26e000 r--p 00000000 103:02 4740502                   /usr/lib/libX11.so.6.4.0
7f31cc26e000-7f31cc303000 r-xp 00017000 103:02 4740502                   /usr/lib/libX11.so.6.4.0
7f31cc303000-7f31cc392000 r--p 000ac000 103:02 4740502                   /usr/lib/libX11.so.6.4.0
7f31cc392000-7f31cc395000 r--p 0013a000 103:02 4740502                   /usr/lib/libX11.so.6.4.0
7f31cc395000-7f31cc399000 rw-p 0013d000 103:02 4740502                   /usr/lib/libX11.so.6.4.0
7f31cc399000-7f31cc39f000 r--p 00000000 103:02 4814646                   /usr/lib/libfreetype.so.6.20.6
7f31cc39f000-7f31cc437000 r-xp 00006000 103:02 4814646                   /usr/lib/libfreetype.so.6.20.6
7f31cc437000-7f31cc460000 r--p 0009e000 103:02 4814646                   /usr/lib/libfreetype.so.6.20.6
7f31cc460000-7f31cc468000 r--p 000c6000 103:02 4814646                   /usr/lib/libfreetype.so.6.20.6
7f31cc468000-7f31cc469000 rw-p 000ce000 103:02 4814646                   /usr/lib/libfreetype.so.6.20.6
7f31cc469000-7f31cc46f000 r--p 00000000 103:02 4812002                   /usr/lib/libpng16.so.16.58.0
7f31cc46f000-7f31cc49a000 r-xp 00006000 103:02 4812002                   /usr/lib/libpng16.so.16.58.0
7f31cc49a000-7f31cc4a4000 r--p 00031000 103:02 4812002                   /usr/lib/libpng16.so.16.58.0
7f31cc4a4000-7f31cc4a5000 r--p 0003a000 103:02 4812002                   /usr/lib/libpng16.so.16.58.0
7f31cc4a5000-7f31cc4a6000 rw-p 0003b000 103:02 4812002                   /usr/lib/libpng16.so.16.58.0
7f31cc4a6000-7f31cc4a8000 r--p 00000000 103:02 4761906                   /usr/lib/libfribidi.so.0.4.0
7f31cc4a8000-7f31cc4ad000 r-xp 00002000 103:02 4761906                   /usr/lib/libfribidi.so.0.4.0
7f31cc4ad000-7f31cc4c4000 r--p 00007000 103:02 4761906                   /usr/lib/libfribidi.so.0.4.0
7f31cc4c4000-7f31cc4c5000 r--p 0001d000 103:02 4761906                   /usr/lib/libfribidi.so.0.4.0
7f31cc4c5000-7f31cc4c6000 rw-p 0001e000 103:02 4761906                   /usr/lib/libfribidi.so.0.4.0
7f31cc4c6000-7f31cc4f8000 r--p 00000000 103:02 4745344                   /usr/lib/libgio-2.0.so.0.8800.3
7f31cc4f8000-7f31cc61f000 r-xp 00032000 103:02 4745344                   /usr/lib/libgio-2.0.so.0.8800.3
7f31cc61f000-7f31cc699000 r--p 00159000 103:02 4745344                   /usr/lib/libgio-2.0.so.0.8800.3
7f31cc699000-7f31cc6a2000 r--p 001d2000 103:02 4745344                   /usr/lib/libgio-2.0.so.0.8800.3
7f31cc6a2000-7f31cc6a3000 rw-p 001db000 103:02 4745344                   /usr/lib/libgio-2.0.so.0.8800.3
7f31cc6a3000-7f31cc6a5000 rw-p 00000000 00:00 0 
7f31cc6a5000-7f31cc6ab000 r--p 00000000 103:02 4759013                   /usr/lib/libfontconfig.so.1.17.0
7f31cc6ab000-7f31cc6e0000 r-xp 00006000 103:02 4759013                   /usr/lib/libfontconfig.so.1.17.0
7f31cc6e0000-7f31cc716000 r--p 0003b000 103:02 4759013                   /usr/lib/libfontconfig.so.1.17.0
7f31cc716000-7f31cc71f000 r--p 00071000 103:02 4759013                   /usr/lib/libfontconfig.so.1.17.0
7f31cc71f000-7f31cc720000 rw-p 0007a000 103:02 4759013                   /usr/lib/libfontconfig.so.1.17.0
7f31cc720000-7f31cc72d000 r--p 00000000 103:02 4814594                   /usr/lib/libharfbuzz.so.0.61431.0
7f31cc72d000-7f31cc81f000 r-xp 0000d000 103:02 4814594                   /usr/lib/libharfbuzz.so.0.61431.0
7f31cc81f000-7f31cc853000 r--p 000ff000 103:02 4814594                   /usr/lib/libharfbuzz.so.0.61431.0
7f31cc853000-7f31cc855000 r--p 00132000 103:02 4814594                   /usr/lib/libharfbuzz.so.0.61431.0
7f31cc855000-7f31cc856000 rw-p 00134000 103:02 4814594                   /usr/lib/libharfbuzz.so.0.61431.0
7f31cc856000-7f31cc874000 r--p 00000000 103:02 4748073                   /usr/lib/libglib-2.0.so.0.8800.3
7f31cc874000-7f31cc922000 r-xp 0001e000 103:02 4748073                   /usr/lib/libglib-2.0.so.0.8800.3
7f31cc922000-7f31cc9b6000 r--p 000cc000 103:02 4748073                   /usr/lib/libglib-2.0.so.0.8800.3
7f31cc9b6000-7f31cc9b7000 r--p 00160000 103:02 4748073                   /usr/lib/libglib-2.0.so.0.8800.3
7f31cc9b7000-7f31cc9b8000 rw-p 00161000 103:02 4748073                   /usr/lib/libglib-2.0.so.0.8800.3
7f31cc9b8000-7f31cc9b9000 rw-p 00000000 00:00 0 
7f31cc9b9000-7f31cc9c1000 r--p 00000000 103:02 4815145                   /usr/lib/libpangoft2-1.0.so.0.5800.2
7f31cc9c1000-7f31cc9d1000 r-xp 00008000 103:02 4815145                   /usr/lib/libpangoft2-1.0.so.0.5800.2
7f31cc9d1000-7f31cc9d6000 r--p 00018000 103:02 4815145                   /usr/lib/libpangoft2-1.0.so.0.5800.2
7f31cc9d6000-7f31cc9d7000 r--p 0001d000 103:02 4815145                   /usr/lib/libpangoft2-1.0.so.0.5800.2
7f31cc9d7000-7f31cc9d8000 rw-p 0001e000 103:02 4815145                   /usr/lib/libpangoft2-1.0.so.0.5800.2
7f31cc9d8000-7f31cc9e6000 r--p 00000000 103:02 4741723                   /usr/lib/libdbus-1.so.3.38.3
7f31cc9e6000-7f31cca17000 r-xp 0000e000 103:02 4741723                   /usr/lib/libdbus-1.so.3.38.3
7f31cca17000-7f31cca28000 r--p 0003f000 103:02 4741723                   /usr/lib/libdbus-1.so.3.38.3
7f31cca28000-7f31cca2a000 r--p 0004f000 103:02 4741723                   /usr/lib/libdbus-1.so.3.38.3
7f31cca2a000-7f31cca2b000 rw-p 00051000 103:02 4741723                   /usr/lib/libdbus-1.so.3.38.3
7f31cca2b000-7f31cca37000 r--p 00000000 103:02 4750151                   /usr/lib/libgobject-2.0.so.0.8800.3
7f31cca37000-7f31cca70000 r-xp 0000c000 103:02 4750151                   /usr/lib/libgobject-2.0.so.0.8800.3
7f31cca70000-7f31cca8a000 r--p 00045000 103:02 4750151                   /usr/lib/libgobject-2.0.so.0.8800.3
7f31cca8a000-7f31cca8d000 r--p 0005e000 103:02 4750151                   /usr/lib/libgobject-2.0.so.0.8800.3
7f31cca8d000-7f31cca8e000 rw-p 00061000 103:02 4750151                   /usr/lib/libgobject-2.0.so.0.8800.3
7f31cca8e000-7f31cca9c000 r--p 00000000 103:02 4757736                   /usr/lib/libcairo.so.2.11804.4
7f31cca9c000-7f31ccb8f000 r-xp 0000e000 103:02 4757736                   /usr/lib/libcairo.so.2.11804.4
7f31ccb8f000-7f31ccbc4000 r--p 00101000 103:02 4757736                   /usr/lib/libcairo.so.2.11804.4
7f31ccbc4000-7f31ccbc8000 r--p 00136000 103:02 4757736                   /usr/lib/libcairo.so.2.11804.4
7f31ccbc8000-7f31ccbca000 rw-p 0013a000 103:02 4757736                   /usr/lib/libcairo.so.2.11804.4
7f31ccbca000-7f31ccbcb000 rw-p 00000000 00:00 0 
7f31ccbcb000-7f31ccbd9000 r--p 00000000 103:02 4794787                   /usr/lib/libpango-1.0.so.0.5800.2
7f31ccbd9000-7f31ccc19000 r-xp 0000e000 103:02 4794787                   /usr/lib/libpango-1.0.so.0.5800.2
7f31ccc19000-7f31ccc35000 r--p 0004e000 103:02 4794787                   /usr/lib/libpango-1.0.so.0.5800.2
7f31ccc35000-7f31ccc39000 r--p 00069000 103:02 4794787                   /usr/lib/libpango-1.0.so.0.5800.2
7f31ccc39000-7f31ccc3a000 rw-p 0006d000 103:02 4794787                   /usr/lib/libpango-1.0.so.0.5800.2
7f31ccc3a000-7f31ccc3f000 r--p 00000000 103:02 4815137                   /usr/lib/libpangocairo-1.0.so.0.5800.2
7f31ccc3f000-7f31ccc48000 r-xp 00005000 103:02 4815137                   /usr/lib/libpangocairo-1.0.so.0.5800.2
7f31ccc48000-7f31ccc4a000 r--p 0000e000 103:02 4815137                   /usr/lib/libpangocairo-1.0.so.0.5800.2
7f31ccc4a000-7f31ccc4b000 r--p 00010000 103:02 4815137                   /usr/lib/libpangocairo-1.0.so.0.5800.2
7f31ccc4b000-7f31ccc4c000 rw-p 00011000 103:02 4815137                   /usr/lib/libpangocairo-1.0.so.0.5800.2
7f31ccc4c000-7f31ccc50000 r--p 00000000 103:02 4726011                   /usr/lib/libdecor/plugins-1/libdecor-cairo.so
7f31ccc50000-7f31ccc56000 r-xp 00004000 103:02 4726011                   /usr/lib/libdecor/plugins-1/libdecor-cairo.so
7f31ccc56000-7f31ccc58000 r--p 0000a000 103:02 4726011                   /usr/lib/libdecor/plugins-1/libdecor-cairo.so
7f31ccc58000-7f31ccc5b000 r--p 0000b000 103:02 4726011                   /usr/lib/libdecor/plugins-1/libdecor-cairo.so
7f31ccc5b000-7f31ccc5c000 rw-p 0000e000 103:02 4726011                   /usr/lib/libdecor/plugins-1/libdecor-cairo.so
7f31ccc5c000-7f31ccc6c000 r--p 00000000 00:2f 28158                      /tmp/lwjgl_annihilator/3.3.6+1/x64/libglfw.so
7f31ccc6c000-7f31ccc8d000 r-xp 00010000 00:2f 28158                      /tmp/lwjgl_annihilator/3.3.6+1/x64/libglfw.so
7f31ccc8d000-7f31cccc9000 r--p 00031000 00:2f 28158                      /tmp/lwjgl_annihilator/3.3.6+1/x64/libglfw.so
7f31cccc9000-7f31ccccd000 r--p 0006c000 00:2f 28158                      /tmp/lwjgl_annihilator/3.3.6+1/x64/libglfw.so
7f31ccccd000-7f31cccd0000 rw-p 00070000 00:2f 28158                      /tmp/lwjgl_annihilator/3.3.6+1/x64/libglfw.so
7f31cccd0000-7f31cccf3000 rw-p 00000000 00:00 0 
7f31cccf3000-7f31cccf4000 rw-p 00000000 00:00 0 
7f31cccf4000-7f31cccf8000 ---p 00000000 00:00 0 
7f31cccf8000-7f31cd0f8000 rw-p 00000000 00:00 0 
7f31cd0f8000-7f31cd0fc000 ---p 00000000 00:00 0 
7f31cd0fc000-7f31cd1f9000 rw-p 00000000 00:00 0 
7f31cd1f9000-7f31cd1fd000 ---p 00000000 00:00 0 
7f31cd1fd000-7f31cd2fa000 rw-p 00000000 00:00 0 
7f31cd2fa000-7f31cd2fe000 ---p 00000000 00:00 0 
7f31cd2fe000-7f31cd3fb000 rw-p 00000000 00:00 0 
7f31cd3fb000-7f31cd3ff000 ---p 00000000 00:00 0 
7f31cd3ff000-7f31cd4fc000 rw-p 00000000 00:00 0 
7f31cd4fc000-7f31cd500000 ---p 00000000 00:00 0 
7f31cd500000-7f31cd5fd000 rw-p 00000000 00:00 0 
7f31cd5fd000-7f31cd601000 ---p 00000000 00:00 0 
7f31cd601000-7f31cd6fe000 rw-p 00000000 00:00 0 
7f31cd6fe000-7f31cd702000 ---p 00000000 00:00 0 
7f31cd702000-7f31cd7ff000 rw-p 00000000 00:00 0 
7f31cd7ff000-7f31cd803000 ---p 00000000 00:00 0 
7f31cd803000-7f31cd900000 rw-p 00000000 00:00 0 
7f31cd900000-7f31cd904000 ---p 00000000 00:00 0 
7f31cd904000-7f31cda00000 rw-p 00000000 00:00 0 
7f31cda00000-7f31cdcee000 r--p 00000000 103:02 4837164                   /usr/lib/locale/locale-archive
7f31cdcee000-7f31cdcef000 rw-s 00000000 00:07 1112                       /dev/nvidia0
7f31cdcef000-7f31cdcf1000 r--p 00000000 00:1a 53161                      /dev/shm/716e306c-95b7-4d19-95b4-1c569de03be9 (deleted)
7f31cdcf1000-7f31cdcf3000 r--p 00000000 103:02 4843167                   /usr/lib/libXrender.so.1.3.0
7f31cdcf3000-7f31cdcfa000 r-xp 00002000 103:02 4843167                   /usr/lib/libXrender.so.1.3.0
7f31cdcfa000-7f31cdcfb000 r--p 00009000 103:02 4843167                   /usr/lib/libXrender.so.1.3.0
7f31cdcfb000-7f31cdcfc000 r--p 00009000 103:02 4843167                   /usr/lib/libXrender.so.1.3.0
7f31cdcfc000-7f31cdcfd000 rw-p 0000a000 103:02 4843167                   /usr/lib/libXrender.so.1.3.0
7f31cdcfd000-7f31cdcfe000 rw-p 00000000 00:00 0 
7f31cdcfe000-7f31cdd02000 ---p 00000000 00:00 0 
7f31cdd02000-7f31cddff000 rw-p 00000000 00:00 0 
7f31cddff000-7f31cde03000 ---p 00000000 00:00 0 
7f31cde03000-7f31ce000000 rw-p 00000000 00:00 0 
7f31ce000000-7f31d025f000 rw-p 00000000 00:00 0 
7f31d025f000-7f31d4000000 ---p 00000000 00:00 0 
7f31d4000000-7f31d40ea000 rw-p 00000000 00:00 0 
7f31d40ea000-7f31d8000000 ---p 00000000 00:00 0 
7f31d8000000-7f31d8002000 r--p 00000000 103:02 4815120                   /usr/lib/libthai.so.0.3.2
7f31d8002000-7f31d8006000 r-xp 00002000 103:02 4815120                   /usr/lib/libthai.so.0.3.2
7f31d8006000-7f31d8009000 r--p 00006000 103:02 4815120                   /usr/lib/libthai.so.0.3.2
7f31d8009000-7f31d800a000 r--p 00008000 103:02 4815120                   /usr/lib/libthai.so.0.3.2
7f31d800a000-7f31d800b000 rw-p 00009000 103:02 4815120                   /usr/lib/libthai.so.0.3.2
7f31d800b000-7f31d800f000 r--p 00000000 103:02 4755680                   /usr/lib/libxkbcommon.so.0.13.2
7f31d800f000-7f31d803e000 r-xp 00004000 103:02 4755680                   /usr/lib/libxkbcommon.so.0.13.2
7f31d803e000-7f31d8067000 r--p 00033000 103:02 4755680                   /usr/lib/libxkbcommon.so.0.13.2
7f31d8067000-7f31d8069000 r--p 0005b000 103:02 4755680                   /usr/lib/libxkbcommon.so.0.13.2
7f31d8069000-7f31d806a000 rw-p 0005d000 103:02 4755680                   /usr/lib/libxkbcommon.so.0.13.2
7f31d806a000-7f31d8096000 r--p 00000000 00:2f 28110                      /tmp/lwjgl_annihilator/3.3.6+1/x64/liblwjgl.so
7f31d8096000-7f31d80ca000 r-xp 0002c000 00:2f 28110                      /tmp/lwjgl_annihilator/3.3.6+1/x64/liblwjgl.so
7f31d80ca000-7f31d80e4000 r--p 00060000 00:2f 28110                      /tmp/lwjgl_annihilator/3.3.6+1/x64/liblwjgl.so
7f31d80e4000-7f31d80e5000 r--p 00079000 00:2f 28110                      /tmp/lwjgl_annihilator/3.3.6+1/x64/liblwjgl.so
7f31d80e5000-7f31d80e6000 rw-p 0007a000 00:2f 28110                      /tmp/lwjgl_annihilator/3.3.6+1/x64/liblwjgl.so
7f31d80e6000-7f31d80e7000 rw-p 00000000 00:00 0 
7f31d80e7000-7f31d80eb000 ---p 00000000 00:00 0 
7f31d80eb000-7f31d81e7000 rw-p 00000000 00:00 0 
7f31d81e7000-7f31d888f000 rw-p 00000000 00:00 0 
7f31d888f000-7f31dbde7000 ---p 00000000 00:00 0 
7f31dbde7000-7f31dbdff000 rw-p 00000000 00:00 0 
7f31dbdff000-7f31dd4ef000 rwxp 00000000 00:00 0 
7f31dd4ef000-7f31e325f000 ---p 00000000 00:00 0 
7f31e325f000-7f31e38af000 rwxp 00000000 00:00 0 
7f31e38af000-7f31e39a0000 ---p 00000000 00:00 0 
7f31e39a0000-7f31e4120000 rwxp 00000000 00:00 0 
7f31e4120000-7f31eae00000 ---p 00000000 00:00 0 
7f31eae00000-7f31f3e1c000 r--s 00000000 103:02 7880807                   /usr/lib/jvm/java-26-openjdk/lib/modules
7f31f3e1c000-7f31f3e1e000 r--p 00000000 103:02 4748283                   /usr/lib/libgmodule-2.0.so.0.8800.3
7f31f3e1e000-7f31f3e20000 r-xp 00002000 103:02 4748283                   /usr/lib/libgmodule-2.0.so.0.8800.3
7f31f3e20000-7f31f3e21000 r--p 00004000 103:02 4748283                   /usr/lib/libgmodule-2.0.so.0.8800.3
7f31f3e21000-7f31f3e22000 r--p 00004000 103:02 4748283                   /usr/lib/libgmodule-2.0.so.0.8800.3
7f31f3e22000-7f31f3e23000 rw-p 00005000 103:02 4748283                   /usr/lib/libgmodule-2.0.so.0.8800.3
7f31f3e23000-7f31f3eff000 rw-p 00000000 00:00 0 
7f31f3eff000-7f31f4000000 rw-p 00000000 00:00 0 
7f31f4000000-7f31f6e87000 rw-p 00000000 00:00 0 
7f31f6e87000-7f31f8000000 ---p 00000000 00:00 0 
7f31f8000000-7f31f8001000 rw-s 00000000 00:07 1110                       /dev/nvidiactl
7f31f8001000-7f31f8004000 r--p 00000000 103:02 4725997                   /usr/lib/libdecor-0.so.0.200.5
7f31f8004000-7f31f8007000 r-xp 00003000 103:02 4725997                   /usr/lib/libdecor-0.so.0.200.5
7f31f8007000-7f31f8009000 r--p 00006000 103:02 4725997                   /usr/lib/libdecor-0.so.0.200.5
7f31f8009000-7f31f800a000 r--p 00007000 103:02 4725997                   /usr/lib/libdecor-0.so.0.200.5
7f31f800a000-7f31f800b000 rw-p 00008000 103:02 4725997                   /usr/lib/libdecor-0.so.0.200.5
7f31f800b000-7f31f800c000 r--p 00000000 103:02 7880802                   /usr/lib/jvm/java-26-openjdk/lib/libsimdsort.so
7f31f800c000-7f31f8046000 r-xp 00001000 103:02 7880802                   /usr/lib/jvm/java-26-openjdk/lib/libsimdsort.so
7f31f8046000-7f31f804c000 r--p 0003b000 103:02 7880802                   /usr/lib/jvm/java-26-openjdk/lib/libsimdsort.so
7f31f804c000-7f31f804d000 r--p 00040000 103:02 7880802                   /usr/lib/jvm/java-26-openjdk/lib/libsimdsort.so
7f31f804d000-7f31f804e000 rw-p 00041000 103:02 7880802                   /usr/lib/jvm/java-26-openjdk/lib/libsimdsort.so
7f31f804e000-7f31f8351000 rw-p 00000000 00:00 0 
7f31f8351000-7f31f905e000 rw-p 00000000 00:00 0 
7f31f905e000-7f31f9361000 rw-p 00000000 00:00 0 
7f31f9361000-7f31f9436000 rw-p 00000000 00:00 0 
7f31f9436000-7f31f9ae1000 ---p 00000000 00:00 0 
7f31f9ae1000-7f31f9bb9000 rw-p 00000000 00:00 0 
7f31f9bb9000-7f31fa264000 ---p 00000000 00:00 0 
7f31fa264000-7f31fa33c000 rw-p 00000000 00:00 0 
7f31fa33c000-7f31fa9e7000 ---p 00000000 00:00 0 
7f31fa9e7000-7f31fb706000 rw-p 00000000 00:00 0 
7f31fb706000-7f31fb7e0000 ---p 00000000 00:00 0 
7f31fb7e0000-7f31fb80e000 rw-p 00000000 00:00 0 
7f31fb80e000-7f31fb8c9000 ---p 00000000 00:00 0 
7f31fb8c9000-7f31fb8d9000 r--p 00000000 103:02 4722178                   /usr/lib/libm.so.6
7f31fb8d9000-7f31fb975000 r-xp 00010000 103:02 4722178                   /usr/lib/libm.so.6
7f31fb975000-7f31fb9fe000 r--p 000ac000 103:02 4722178                   /usr/lib/libm.so.6
7f31fb9fe000-7f31fb9ff000 r--p 00134000 103:02 4722178                   /usr/lib/libm.so.6
7f31fb9ff000-7f31fba00000 rw-p 00135000 103:02 4722178                   /usr/lib/libm.so.6
7f31fba00000-7f31fba9a000 r--p 00000000 103:02 4748526                   /usr/lib/libstdc++.so.6.0.36
7f31fba9a000-7f31fbc1d000 r-xp 0009a000 103:02 4748526                   /usr/lib/libstdc++.so.6.0.36
7f31fbc1d000-7f31fbcbd000 r--p 0021d000 103:02 4748526                   /usr/lib/libstdc++.so.6.0.36
7f31fbcbd000-7f31fbcce000 r--p 002bc000 103:02 4748526                   /usr/lib/libstdc++.so.6.0.36
7f31fbcce000-7f31fbccf000 rw-p 002cd000 103:02 4748526                   /usr/lib/libstdc++.so.6.0.36
7f31fbccf000-7f31fbcd3000 rw-p 00000000 00:00 0 
7f31fbcd3000-7f31fbcd4000 rw-s 00000000 00:07 1110                       /dev/nvidiactl
7f31fbcd4000-7f31fbcd5000 r--p 00000000 103:02 4751862                   /usr/lib/libxcb-shm.so.0.0.0
7f31fbcd5000-7f31fbcd6000 r-xp 00001000 103:02 4751862                   /usr/lib/libxcb-shm.so.0.0.0
7f31fbcd6000-7f31fbcd7000 r--p 00002000 103:02 4751862                   /usr/lib/libxcb-shm.so.0.0.0
7f31fbcd7000-7f31fbcd8000 r--p 00002000 103:02 4751862                   /usr/lib/libxcb-shm.so.0.0.0
7f31fbcd8000-7f31fbcd9000 rw-p 00003000 103:02 4751862                   /usr/lib/libxcb-shm.so.0.0.0
7f31fbcd9000-7f31fbcda000 r--p 00000000 103:02 4817284                   /usr/lib/libwayland-cursor.so.0.26.0
7f31fbcda000-7f31fbcdc000 r-xp 00001000 103:02 4817284                   /usr/lib/libwayland-cursor.so.0.26.0
7f31fbcdc000-7f31fbcdd000 r--p 00003000 103:02 4817284                   /usr/lib/libwayland-cursor.so.0.26.0
7f31fbcdd000-7f31fbcde000 r--p 00003000 103:02 4817284                   /usr/lib/libwayland-cursor.so.0.26.0
7f31fbcde000-7f31fbce2000 rw-p 00004000 103:02 4817284                   /usr/lib/libwayland-cursor.so.0.26.0
7f31fbce2000-7f31fbce4000 r--p 00000000 103:02 4780624                   /usr/lib/libffi.so.8.5.0
7f31fbce4000-7f31fbcec000 r-xp 00002000 103:02 4780624                   /usr/lib/libffi.so.8.5.0
7f31fbcec000-7f31fbcee000 r--p 0000a000 103:02 4780624                   /usr/lib/libffi.so.8.5.0
7f31fbcee000-7f31fbcef000 r--p 0000b000 103:02 4780624                   /usr/lib/libffi.so.8.5.0
7f31fbcef000-7f31fbcf0000 rw-p 0000c000 103:02 4780624                   /usr/lib/libffi.so.8.5.0
7f31fbcf0000-7f31fbcf3000 r--p 00000000 103:02 4815658                   /usr/lib/libwayland-client.so.0.26.0
7f31fbcf3000-7f31fbcfa000 r-xp 00003000 103:02 4815658                   /usr/lib/libwayland-client.so.0.26.0
7f31fbcfa000-7f31fbcfd000 r--p 0000a000 103:02 4815658                   /usr/lib/libwayland-client.so.0.26.0
7f31fbcfd000-7f31fbcff000 r--p 0000c000 103:02 4815658                   /usr/lib/libwayland-client.so.0.26.0
7f31fbcff000-7f31fbd00000 rw-p 0000e000 103:02 4815658                   /usr/lib/libwayland-client.so.0.26.0
7f31fbd00000-7f31fbd04000 ---p 00000000 00:00 0 
7f31fbd04000-7f31fbe00000 rw-p 00000000 00:00 0 
7f31fbe00000-7f31fbe0e000 r--p 00000000 103:02 7880818                   /usr/lib/jvm/java-26-openjdk/lib/server/libjvm.so
7f31fbe0e000-7f31fcd57000 r-xp 0000e000 103:02 7880818                   /usr/lib/jvm/java-26-openjdk/lib/server/libjvm.so
7f31fcd57000-7f31fcf9e000 r--p 00f57000 103:02 7880818                   /usr/lib/jvm/java-26-openjdk/lib/server/libjvm.so
7f31fcf9e000-7f31fd090000 r--p 0119d000 103:02 7880818                   /usr/lib/jvm/java-26-openjdk/lib/server/libjvm.so
7f31fd090000-7f31fd0b1000 rw-p 0128f000 103:02 7880818                   /usr/lib/jvm/java-26-openjdk/lib/server/libjvm.so
7f31fd0b1000-7f31fd134000 rw-p 00000000 00:00 0 
7f31fd134000-7f31fd135000 r--s 00000000 00:07 1110                       /dev/nvidiactl
7f31fd135000-7f31fd136000 r--p 00000000 103:02 4818228                   /usr/lib/libwayland-egl.so.1.26.0
7f31fd136000-7f31fd137000 r-xp 00001000 103:02 4818228                   /usr/lib/libwayland-egl.so.1.26.0
7f31fd137000-7f31fd138000 r--p 00002000 103:02 4818228                   /usr/lib/libwayland-egl.so.1.26.0
7f31fd138000-7f31fd139000 r--p 00002000 103:02 4818228                   /usr/lib/libwayland-egl.so.1.26.0
7f31fd139000-7f31fd13a000 rw-p 00003000 103:02 4818228                   /usr/lib/libwayland-egl.so.1.26.0
7f31fd13a000-7f31fd17b000 rw-p 00000000 00:00 0 
7f31fd17b000-7f31fd17d000 r--p 00000000 00:1a 53161                      /dev/shm/716e306c-95b7-4d19-95b4-1c569de03be9 (deleted)
7f31fd17d000-7f31fd17e000 r--p 00000000 103:02 4722210                   /usr/lib/librt.so.1
7f31fd17e000-7f31fd17f000 r-xp 00001000 103:02 4722210                   /usr/lib/librt.so.1
7f31fd17f000-7f31fd180000 r--p 00002000 103:02 4722210                   /usr/lib/librt.so.1
7f31fd180000-7f31fd181000 r--p 00002000 103:02 4722210                   /usr/lib/librt.so.1
7f31fd181000-7f31fd182000 rw-p 00003000 103:02 4722210                   /usr/lib/librt.so.1
7f31fd182000-7f31fd183000 rw-p 00000000 00:00 0 
7f31fd183000-7f31fd184000 r--p 00000000 103:02 4722204                   /usr/lib/libpthread.so.0
7f31fd184000-7f31fd185000 r-xp 00001000 103:02 4722204                   /usr/lib/libpthread.so.0
7f31fd185000-7f31fd186000 r--p 00002000 103:02 4722204                   /usr/lib/libpthread.so.0
7f31fd186000-7f31fd187000 r--p 00002000 103:02 4722204                   /usr/lib/libpthread.so.0
7f31fd187000-7f31fd188000 rw-p 00003000 103:02 4722204                   /usr/lib/libpthread.so.0
7f31fd188000-7f31fd189000 r--p 00000000 103:02 4722163                   /usr/lib/libdl.so.2
7f31fd189000-7f31fd18a000 r-xp 00001000 103:02 4722163                   /usr/lib/libdl.so.2
7f31fd18a000-7f31fd18b000 r--p 00002000 103:02 4722163                   /usr/lib/libdl.so.2
7f31fd18b000-7f31fd18c000 r--p 00002000 103:02 4722163                   /usr/lib/libdl.so.2
7f31fd18c000-7f31fd18d000 rw-p 00003000 103:02 4722163                   /usr/lib/libdl.so.2
7f31fd18d000-7f31fd18f000 r--p 00000000 103:02 7880796                   /usr/lib/jvm/java-26-openjdk/lib/libnet.so
7f31fd18f000-7f31fd196000 r-xp 00002000 103:02 7880796                   /usr/lib/jvm/java-26-openjdk/lib/libnet.so
7f31fd196000-7f31fd198000 r--p 00009000 103:02 7880796                   /usr/lib/jvm/java-26-openjdk/lib/libnet.so
7f31fd198000-7f31fd199000 r--p 0000a000 103:02 7880796                   /usr/lib/jvm/java-26-openjdk/lib/libnet.so
7f31fd199000-7f31fd19a000 rw-p 0000b000 103:02 7880796                   /usr/lib/jvm/java-26-openjdk/lib/libnet.so
7f31fd19a000-7f31fd1a1000 r--p 00000000 103:02 7880797                   /usr/lib/jvm/java-26-openjdk/lib/libnio.so
7f31fd1a1000-7f31fd1aa000 r-xp 00007000 103:02 7880797                   /usr/lib/jvm/java-26-openjdk/lib/libnio.so
7f31fd1aa000-7f31fd1af000 r--p 00010000 103:02 7880797                   /usr/lib/jvm/java-26-openjdk/lib/libnio.so
7f31fd1af000-7f31fd1b0000 r--p 00014000 103:02 7880797                   /usr/lib/jvm/java-26-openjdk/lib/libnio.so
7f31fd1b0000-7f31fd1b1000 rw-p 00015000 103:02 7880797                   /usr/lib/jvm/java-26-openjdk/lib/libnio.so
7f31fd1b1000-7f31fd1fe000 rw-p 00000000 00:00 0 
7f31fd1fe000-7f31fd200000 ---p 00000000 00:00 0 
7f31fd200000-7f31fd224000 r--p 00000000 103:02 4722147                   /usr/lib/libc.so.6
7f31fd224000-7f31fd39f000 r-xp 00024000 103:02 4722147                   /usr/lib/libc.so.6
7f31fd39f000-7f31fd415000 r--p 0019f000 103:02 4722147                   /usr/lib/libc.so.6
7f31fd415000-7f31fd419000 r--p 00214000 103:02 4722147                   /usr/lib/libc.so.6
7f31fd419000-7f31fd41b000 rw-p 00218000 103:02 4722147                   /usr/lib/libc.so.6
7f31fd41b000-7f31fd423000 rw-p 00000000 00:00 0 
7f31fd423000-7f31fd424000 r-xp 0005e000 00:2f 28110                      /tmp/lwjgl_annihilator/3.3.6+1/x64/liblwjgl.so
7f31fd424000-7f31fd425000 rw-p 00000000 00:00 0 
7f31fd425000-7f31fd427000 r--p 00000000 103:02 7880806                   /usr/lib/jvm/java-26-openjdk/lib/libzip.so
7f31fd427000-7f31fd42b000 r-xp 00002000 103:02 7880806                   /usr/lib/jvm/java-26-openjdk/lib/libzip.so
7f31fd42b000-7f31fd42d000 r--p 00006000 103:02 7880806                   /usr/lib/jvm/java-26-openjdk/lib/libzip.so
7f31fd42d000-7f31fd42e000 r--p 00007000 103:02 7880806                   /usr/lib/jvm/java-26-openjdk/lib/libzip.so
7f31fd42e000-7f31fd42f000 rw-p 00008000 103:02 7880806                   /usr/lib/jvm/java-26-openjdk/lib/libzip.so
7f31fd42f000-7f31fd430000 r--p 00000000 103:02 4744044                   /usr/share/locale/en_GB/LC_MESSAGES/libc.mo
7f31fd430000-7f31fd43a000 r--p 00000000 103:02 7880782                   /usr/lib/jvm/java-26-openjdk/lib/libjava.so
7f31fd43a000-7f31fd448000 r-xp 0000a000 103:02 7880782                   /usr/lib/jvm/java-26-openjdk/lib/libjava.so
7f31fd448000-7f31fd44d000 r--p 00018000 103:02 7880782                   /usr/lib/jvm/java-26-openjdk/lib/libjava.so
7f31fd44d000-7f31fd44e000 r--p 0001d000 103:02 7880782                   /usr/lib/jvm/java-26-openjdk/lib/libjava.so
7f31fd44e000-7f31fd44f000 rw-p 0001e000 103:02 7880782                   /usr/lib/jvm/java-26-openjdk/lib/libjava.so
7f31fd44f000-7f31fd450000 rw-p 00000000 00:00 0 
7f31fd450000-7f31fd458000 rw-s 00000000 00:2f 43721                      /tmp/hsperfdata_annihilator/1735491
7f31fd458000-7f31fd459000 ---p 00000000 00:00 0 
7f31fd459000-7f31fd45a000 r--p 00000000 00:00 0 
7f31fd45a000-7f31fd45b000 ---p 00000000 00:00 0 
7f31fd45b000-7f31fd45c000 r--p 00000000 103:02 7880786                   /usr/lib/jvm/java-26-openjdk/lib/libjimage.so
7f31fd45c000-7f31fd45e000 r-xp 00001000 103:02 7880786                   /usr/lib/jvm/java-26-openjdk/lib/libjimage.so
7f31fd45e000-7f31fd45f000 r--p 00003000 103:02 7880786                   /usr/lib/jvm/java-26-openjdk/lib/libjimage.so
7f31fd45f000-7f31fd460000 r--p 00003000 103:02 7880786                   /usr/lib/jvm/java-26-openjdk/lib/libjimage.so
7f31fd460000-7f31fd461000 rw-p 00004000 103:02 7880786                   /usr/lib/jvm/java-26-openjdk/lib/libjimage.so
7f31fd461000-7f31fd465000 r--p 00000000 103:02 4836834                   /usr/lib/libgcc_s.so.1
7f31fd465000-7f31fd488000 r-xp 00004000 103:02 4836834                   /usr/lib/libgcc_s.so.1
7f31fd488000-7f31fd48c000 r--p 00027000 103:02 4836834                   /usr/lib/libgcc_s.so.1
7f31fd48c000-7f31fd48d000 r--p 0002b000 103:02 4836834                   /usr/lib/libgcc_s.so.1
7f31fd48d000-7f31fd48e000 rw-p 0002c000 103:02 4836834                   /usr/lib/libgcc_s.so.1
7f31fd48e000-7f31fd490000 rw-p 00000000 00:00 0 
7f31fd490000-7f31fd493000 r--p 00000000 103:02 4742373                   /usr/lib/libz.so.1.3.2
7f31fd493000-7f31fd4a3000 r-xp 00003000 103:02 4742373                   /usr/lib/libz.so.1.3.2
7f31fd4a3000-7f31fd4a9000 r--p 00013000 103:02 4742373                   /usr/lib/libz.so.1.3.2
7f31fd4a9000-7f31fd4aa000 r--p 00018000 103:02 4742373                   /usr/lib/libz.so.1.3.2
7f31fd4aa000-7f31fd4ab000 rw-p 00019000 103:02 4742373                   /usr/lib/libz.so.1.3.2
7f31fd4ab000-7f31fd4ad000 r--p 00000000 103:02 7880787                   /usr/lib/jvm/java-26-openjdk/lib/libjli.so
7f31fd4ad000-7f31fd4b7000 r-xp 00002000 103:02 7880787                   /usr/lib/jvm/java-26-openjdk/lib/libjli.so
7f31fd4b7000-7f31fd4ba000 r--p 0000c000 103:02 7880787                   /usr/lib/jvm/java-26-openjdk/lib/libjli.so
7f31fd4ba000-7f31fd4bb000 r--p 0000e000 103:02 7880787                   /usr/lib/jvm/java-26-openjdk/lib/libjli.so
7f31fd4bb000-7f31fd4bc000 rw-p 0000f000 103:02 7880787                   /usr/lib/jvm/java-26-openjdk/lib/libjli.so
7f31fd4bc000-7f31fd4bd000 r--p 00000000 00:2f 28193                      /tmp/libglxshim.so
7f31fd4bd000-7f31fd4be000 r-xp 00001000 00:2f 28193                      /tmp/libglxshim.so
7f31fd4be000-7f31fd4bf000 r--p 00002000 00:2f 28193                      /tmp/libglxshim.so
7f31fd4bf000-7f31fd4c0000 r--p 00002000 00:2f 28193                      /tmp/libglxshim.so
7f31fd4c0000-7f31fd4c1000 rw-p 00003000 00:2f 28193                      /tmp/libglxshim.so
7f31fd4c1000-7f31fd4c3000 rw-p 00000000 00:00 0 
7f31fd4c3000-7f31fd4fc000 r--p 00000000 103:02 656923                    /etc/ld.so.cache
7f31fd4fc000-7f31fd500000 r--p 00000000 00:00 0                          [vvar]
7f31fd500000-7f31fd502000 r--p 00000000 00:00 0                          [vvar_vclock]
7f31fd502000-7f31fd504000 r-xp 00000000 00:00 0                          [vdso]
7f31fd504000-7f31fd505000 r--p 00000000 103:02 4722097                   /usr/lib/ld-linux-x86-64.so.2
7f31fd505000-7f31fd532000 r-xp 00001000 103:02 4722097                   /usr/lib/ld-linux-x86-64.so.2
7f31fd532000-7f31fd541000 r--p 0002e000 103:02 4722097                   /usr/lib/ld-linux-x86-64.so.2
7f31fd541000-7f31fd543000 r--p 0003d000 103:02 4722097                   /usr/lib/ld-linux-x86-64.so.2
7f31fd543000-7f31fd544000 rw-p 0003f000 103:02 4722097                   /usr/lib/ld-linux-x86-64.so.2
7f31fd544000-7f31fd545000 rw-p 00000000 00:00 0 
7ffd674ef000-7ffd67517000 rw-p 00000000 00:00 0                          [stack]
ffffffffff600000-ffffffffff601000 --xp 00000000 00:00 0                  [vsyscall]
Total number of mappings: 2081

JVMTI agents: none


VM Arguments:
jvm_args: -Dnuvio.wayland.libmpv=/home/annihilator/dev/mpv/build/libmpv.so.2 -Dnuvio.wayland.realApp=true -Dnuvio.wayland.videoLog=true -Dnuvio.wayland.webChrome=true -Dorg.lwjgl.util.Debug=false --enable-native-access=ALL-UNNAMED -Dfile.encoding=UTF-8 -Duser.country=GB -Duser.language=en -Duser.variant 
java_command: com.nuvio.wayland.MainKt
java_class_path (initial): /home/annihilator/dev/NuvioDesktop/waylandHost/build/classes/java/main:/home/annihilator/dev/NuvioDesktop/waylandHost/build/classes/kotlin/main:/home/annihilator/dev/NuvioDesktop/waylandHost/build/resources/main:/home/annihilator/dev/NuvioDesktop/composeApp/build/libs/composeApp-desktop.jar:/home/annihilator/dev/NuvioDesktop/vendor/compose-media-player/mediaplayer/build/libs/composeMediaPlayer-jvm-0.11.4-nuvio.jar:/home/annihilator/.gradle/caches/modules-2/files-2.1/com.materialkolor.palette/core-jvm/4.0.0-beta02/e7ea3c09e6205047254ad2601a54c18c5be26906/kmpalette-core-jvm.jar:/home/annihilator/.gradle/caches/modules-2/files-2.1/org.jetbrains.compose.material3/material3-desktop/1.11.0-alpha07/422cb57765628e3959d1e27ac46660593643296b/material3-desktop-1.11.0-alpha07.jar:/home/annihilator/.gradle/caches/modules-2/files-2.1/dev.chrisbanes.haze/haze-jvm/1.7.2/a254162ea3c9ba2eea97a76058da89ac31e50233/haze-jvm.jar:/home/annihilator/.gradle/caches/modules-2/files-2.1/org.jetbrains.compose.components/components-resources-desktop/1.11.1/f4eb52d87f31584dacdb816a26376f39a1802e8a/library-desktop-1.11.1.jar:/home/annihilator/.gradle/caches/modules-2/files-2.1/sh.calvin.reorderable/reorderable-jvm/3.0.0/4032f6ad5422fe507c8acb2257a83ebc806f145e/reorderable-jvm-3.0.0.jar:/home/annihilator/.gradle/caches/modules-2/files-2.1/org.jetbrains.compose.desktop/desktop-jvm/1.11.1/1fee826ff9d1fafd500b57a22facfc0236bc14c7/desktop-jvm-1.11.1.jar:/home/annihilator/.gradle/caches/modules-2/files-2.1/org.jetbrains.androidx.navigation3/navigation3-ui-desktop/1.1.1/ff832586ef5d51d08b604d7a524fd7985b95af2b/navigation3-ui-desktop-1.1.1.jar:/home/annihilator/.gradle/caches/modules-2/files-2.1/org.jetbrains.compose.material/material-desktop/1.11.1/2891a6f3a62dc4c367636a521d1b680a7d6ff6d/material-desktop-1.11.1.jar:/home/annihilator/.gradle/caches/modules-2/files-2.1/org.jetbrains.compose.animation/animation-core-desktop/1.11.1/1bf633ecd1a38a1cf7a41630bc56cba0da9cc25b/animation-core-desktop-1.11.1.jar:/home/annihilator/.gradle/caches/modules-2/files-2.1/org.jetbrains.compose.material/material-ripple-desktop/1.11.1/ae97a5eeb23bc3f461bc3e16e2a9882175405d17/material-ripple-desktop-1.11.1.jar:/home/annihilator/.gradle/caches/modules-2/files-2.1/org.jetbrains.compose.animation/animation-desktop/1.11.1/f873fb28f1a08d45a4dd20a0130b3da8cadf383c/animation-desktop-1.11.1.jar:/home/annihilator/.gradle/caches/modules-2/files-2.1/org.jetbrains.compose.foundation/foundation-layout-desktop/1.11.1/853fc5d01388da6515ce40b719798914012f6469/foundation-layout-desktop-1.11.1.jar:/home/annihilator/.gradle/caches/modules-2/files-2.1/io.coil-kt.coil3/coil-compose-jvm/3.5.0-beta01/8499f43e80509e3fe55e4a90ad7ce6e816b190e4/coil-compose-jvm-3.5.0-beta01.jar:/home/annihilator/.gradle/caches/modules-2/files-2.1/io.coil-kt.coil3/coil-compose-core-jvm/3.5.0-beta01/12f6663116f0946fe3e87c15f573eb52ac6dc2bc/coil-compose-core-jvm-3.5.0-beta01.jar:/home/annihilator/.gradle/caches/modules-2/files-2.1/org.jetbrains.compose.foundation/foundation-desktop/1.11.1/6df316e7af2c0c97f200de289925f62ca8fce53d/foundation-desktop-1.11.1.jar:/home/annihilator/.gradle/caches/modules-2/files-2.1/org.jetbrains.compose.material/material-icons-extended-desktop/1.7.3/c7c5465dd754043076875b32bce0dd7f5a354fe8/material-icons-extended-desktop-1.7.3.jar:/home/annihilator/.gradle/caches/modules-2/files-2.1/org.jetbrains.compose.material/material-icons-core-desktop/1.7.3/414b3096050fe647b0638832eace80f22c06b85c/material-icons-core-desktop-1.7.3.jar:/home/annihilator/.gradle/caches/modules-2/files-2.1/org.jetbrains.compose.ui/ui-unit-desktop/1.11.1/f6c06f98da206d01dc40c1587c6bc4c40cbef623/ui-unit-desktop-1.11.1.jar:/home/annihilator/.gradle/caches/modules-2/files-2.1/org.jetbrains.compose.ui/ui-graphics-desktop/1.11.1/6ea106d02adf29694eedf12fdfb621947d3621bf/ui-graphics-desktop-1.11.1.jar:/home/annihilator/.gradle/caches/modules-2/files-2.1/org.jetbrains.compose.ui/ui-geometry-desktop/1.11.1/5e430152487375359973ac9874653d335dcc220/ui-geometry-desktop-1.11.1.jar:/home/annihilator/.gradle/caches/modules-2/files-2.1/org.jetbrains.compose.ui/ui-backhandler-desktop/1.11.1/bd3540bb1d6abd60c5e58f32663b2f3e89406cd1/ui-backhandler-desktop-1.11.1.jar:/home/annihilator/.gradle/caches/modules-2/files-2.1/org.jetbrains.compose.ui/ui-util-desktop/1.11.1/4302c582878b82ab24e1f34e6e90f967f7b416ed/ui-util-desktop-1.11.1.jar:/home/annihilator/.gradle/caches/modules-2/files-2.1/org.jetbrains.compose.ui/ui-text-desktop/1.11.1/6ded685e2601260d6231c859a849b96ee6c60368/ui-text-desktop-1.11.1.jar:/home/annihilator/.gradle/caches/modules-2/files-2.1/org.jetbrains.compose.ui/ui-tooling-preview-desktop/1.11.1/97ec578d33adc34adcaa63e9af7bb2328c6c29b7/ui-tooling-preview-desktop-1.11.1.jar:/home/annihilator/.gradle/caches/modules-2/files-2.1/com.materialkolor.palette/kmpalette-loader-jvm/4.0.0-beta02/346d1cbf659720dfc1952796e619da44789482f/kmpalette-loader-jvm.jar:/home/annihilator/.gradle/caches/modules-2/files-2.1/org.jetbrains.androidx.navigationevent/navigationevent-compose-desktop/1.0.1/ecaf02060a048a1f82584fe328e4e02fe6f982ad/navigationevent-compose-desktop-1.0.1.jar:/home/annihilator/.gradle/caches/modules-2/files-2.1/org.jetbrains.compose.ui/ui-desktop/1.11.1/24c40c0d60c77a6fb34f930f13bfa4a3ff62c0f/ui-desktop-1.11.1.jar:/home/annihilator/.gradle/caches/modules-2/files-2.1/androidx.navigation3/navigation3-runtime-desktop/1.1.1/f97607fbd9cd1c2a196dbdf2440b6ca78010c08a/navigation3-runtime-desktop-1.1.1.jar:/home/annihilator/.gradle/caches/modules-2/files-2.1/androidx.lifecycle/lifecycle-runtime-desktop/2.11.0-beta01/c2b5e2f7d739375538c2a74757531a30607f85ff/lifecycle-runtime-desktop-2.11.0-beta01.jar:/home/annihilator/.gradle/caches/modules-2/files-2.1/androidx.lifecycle/lifecycle-common-jvm/2.11.0-beta01/41ef287eee7e4befb1308c017df4de89a210490d/lifecycle-common-jvm-2.11.0-beta01.jar:/home/annihilator/.gradle/caches/modules-2/files-2.1/androidx.lifecycle/lifecycle-viewmodel-desktop/2.11.0-beta01/614711da4abf1ece2121521477a5920ed26a7f29/lifecycle-viewmodel-desktop-2.11.0-beta01.jar:/home/annihilator/.gradle/caches/modules-2/files-2.1/androidx.lifecycle/lifecycle-runtime-compose-desktop/2.11.0-beta01/392c6d5cb40bb6d59e3d7070607786b7328009d4/lifecycle-runtime-compose-desktop-2.11.0-beta01.jar:/home/annihilator/.gradle/caches/modules-2/files-2.1/androidx.lifecycle/lifecycle-viewmodel-compose-desktop/2.11.0-beta01/f04e89ec2d915b35cdcd4675591ae3997604173c/lifecycle-viewmodel-compose-desktop-2.11.0-beta01.jar:/home/annihilator/.gradle/caches/modules-2/files-2.1/androidx.lifecycle/lifecycle-viewmodel-savedstate-desktop/2.11.0-beta01/23c86e72183d96b3fff60102dca0de1da5fd4424/lifecycle-viewmodel-savedstate-desktop-2.11.0-beta01.jar:/home/annihilator/.gradle/caches/modules-2/files-2.1/org.jetbrains.androidx.savedstate/savedstate-compose-desktop/1.3.6/63692375ffe667f12cb3ea8aa1e605d659ed2add/savedstate-compose-desktop-1.3.6.jar:/home/annihilator/.gradle/caches/modules-2/files-2.1/androidx.savedstate/savedstate-desktop/1.4.0/3b049a0f81643d6b4b900de95bc23efc085c32d5/savedstate-desktop-1.4.0.jar:/home/annihilator/.gradle/caches/modules-2/files-2.1/androidx.savedstate/savedstate-compose-desktop/1.4.0/d3d6e0e2108528eb6080dc250da925a572be4202/savedstate-compose-desktop-1.4.0.jar:/home/annihilator/.gradle/caches/modules-2/files-2.1/androidx.navigationevent/navigationevent-desktop/1.0.2/ddb1e7fe97ed51c3d35bba493f97fcf12398719/navigationevent-desktop-1.0.2.jar:/home/annihilator/.gradle/caches/modules-2/files-2.1/androidx.compose.runtime/runtime-annotation-jvm/1.11.2/db4aa964627ac96331b72e231b9ad54318d112f4/runtime-annotation-jvm-1.11.2.jar:/home/annihilator/.gradle/caches/modules-2/files-2.1/androidx.compose.runtime/runtime-desktop/1.11.2/e93d95553cdd86c1cb8c02f50260cc1c8e341da8/runtime-desktop-1.11.2.jar:/home/annihilator/.gradle/caches/modules-2/files-2.1/androidx.compose.runtime/runtime-retain-desktop/1.11.2/3aa3ec26ef2a3d26bc556b51b33d09efc1a198e8/runtime-retain-desktop-1.11.2.jar:/home/annihilator/.gradle/caches/modules-2/files-2.1/androidx.compose.runtime/runtime-saveable-desktop/1.11.2/1618fae89791692a224fe7aa79edbd7a8f5b7522/runtime-saveable-desktop-1.11.2.jar:/home/annihilator/.gradle/caches/modules-2/files-2.1/org.jetbrains.compose.runtime/runtime-saveable-desktop/1.11.1/b7c8a8ed985a0f15b4d8d206de1fc6125b499388/runtime-saveable-desktop-1.11.1.jar:/home/annihilator/.gradle/caches/modules-2/files-2.1/org.jetbrains.androidx.lifecycle/lifecycle-runtime-compose-desktop/2.11.0-beta01/e93db8959692f5740745b457135c1ab209a67923/lifecycle-runtime-compose-desktop-2.11.0-beta01.jar:/home/annihilator/.gradle/caches/modules-2/files-2.1/org.jetbrains.androidx.lifecycle/lifecycle-viewmodel-compose-desktop/2.11.0-beta01/25df0b7b86731829cb34805ff8ebb167b198b916/lifecycle-viewmodel-compose-desktop-2.11.0-beta01.jar:/home/annihilator/.gradle/caches/modules-2/files-2.1/org.jetbrains.compose.runtime/runtime-desktop/1.11.1/1941336b045aac4b87cc3be81d9fdb9977c88c61/runtime-desktop-1.11.1.jar:/home/annihilator/.gradle/caches/modules-2/files-2.1/io.coil-kt.coil3/coil-network-ktor3-jvm/3.5.0-beta01/59ee23ce9f237edbad112c94a7cc65dc1939999b/coil-network-ktor3-jvm-3.5.0-beta01.jar:/home/annihilator/.gradle/caches/modules-2/files-2.1/io.coil-kt.coil3/coil-network-cache-control-jvm/3.5.0-beta01/92507c9b531bab9e0c7188af0057a8719c8fee05/coil-network-cache-control-jvm-3.5.0-beta01.jar:/home/annihilator/.gradle/caches/modules-2/files-2.1/io.coil-kt.coil3/coil-svg-jvm/3.5.0-beta01/7998e0f304b0c8c535dfda3ef86cf81faa88a813/coil-svg-jvm-3.5.0-beta01.jar:/home/annihilator/.gradle/caches/modules-2/files-2.1/org.jetbrains.kotlinx/atomicfu-jvm/0.32.1/766417c1430c117100e14af193c4fdbe6034b5e6/atomicfu-jvm-0.32.1.jar:/home/annihilator/.gradle/caches/modules-2/files-2.1/io.github.jan-tennert.supabase/postgrest-kt-jvm/3.4.1/5ce69132306e6aa1fcd959ebdeb502e821e3a47c/postgrest-kt-jvm-3.4.1.jar:/home/annihilator/.gradle/caches/modules-2/files-2.1/io.github.jan-tennert.supabase/functions-kt-jvm/3.4.1/2a6c5a1e77bb1d4895812d7292d8075e34b2fb55/functions-kt-jvm-3.4.1.jar:/home/annihilator/.gradle/caches/modules-2/files-2.1/io.github.jan-tennert.supabase/storage-kt-jvm/3.4.1/4f3eb000d3862395bdd976ab8679841be3029d43/storage-kt-jvm-3.4.1.jar:/home/annihilator/.gradle/caches/modules-2/files-2.1/io.github.jan-tennert.supabase/auth-kt-jvm/3.4.1/91413cc37352dda1f34a180c14f58601b6aa2ea0/auth-kt-jvm-3.4.1.jar:/home/annihilator/.gradle/caches/modules-2/files-2.1/io.ktor/ktor-client-cio-jvm/3.4.1/114327011eeecd416940e2d1be8c9bd5098907de/ktor-client-cio-jvm-3.4.1.jar:/home/annihilator/.gradle/caches/modules-2/files-2.1/io.github.dokar3/quickjs-kt-jvm/1.0.5/c76155aa176760f2ab1966aa61ebd1cc1334dee6/quickjs-jvm.jar:/home/annihilator/.gradle/caches/modules-2/files-2.1/com.fleeksoft.ksoup/ksoup-jvm/0.2.6/61a4f799ea43b8eb31856729500be73975e41a42/ksoup-jvm-0.2.6.jar:/home/annihilator/.gradle/caches/modules-2/files-2.1/org.jetbrains.skiko/skiko-awt-runtime-linux-x64/0.144.6/291f8626a2fecd06e9f585424360560189ab7303/skiko-awt-runtime-linux-x64-0.144.6.jar:/home/annihilator/.gradle/caches/modules-2/files-2.1/org.jetbrains.skiko/skiko-awt/0.144.6/c9bec39e3c517ed5591c71c7db0cbbe64b6be849/skiko-awt-0.144.6.jar:/home/annihilator/.gradle/caches/modules-2/files-2.1/io.github.vinceglb/filekit-core-jvm/0.14.2/2d6248437233553a08f656e1cfdfc3db3df14a13/filekit-core-jvm.jar:/home/annihilator/.gradle/caches/modules-2/files-2.1/io.ktor/ktor-server-cio-jvm/3.4.0/16a50d239963841ae64e8e207f93ae7a5fdd7062/ktor-server-cio-jvm-3.4.0.jar:/home/annihilator/.gradle/caches/modules-2/files-2.1/io.ktor/ktor-server-core-jvm/3.4.0/97aba0f5e3cd539679907382a3f5783b9a563165/ktor-server-core-jvm-3.4.0.jar:/home/annihilator/.gradle/caches/modules-2/files-2.1/org.jetbrains.kotlin/kotlin-reflect/2.3.10/98e0fa43a9204a252fa8806c9b2f3f3131590bcb/kotlin-reflect-2.3.10.jar:/home/annihilator/.gradle/caches/modules-2/files-2.1/com.squareup.okhttp3/okhttp/4.12.0/2f4525d4a200e97e1b87449c2cd9bd2e25b7e8cd/okhttp-4.12.0.jar:/home/annihilator/.gradle/caches/modules-2/files-2.1/org.jetbrains.kotlin/kotlin-stdlib-jdk8/1.9.0/e000bd084353d84c9e888f6fb341dc1f5b79d948/kotlin-stdlib-jdk8-1.9.0.jar:/home/annihilator/.gradle/caches/modules-2/files-2.1/io.github.jan-tennert.supabase/supabase-kt-jvm/3.4.1/4c8df2570087c4424f8c2f3c93d77b2ec4198fd5/supabase-kt-jvm-3.4.1.jar:/home/annihilator/.gradle/caches/modules-2/files-2.1/org.jetbrains.kotlinx/kotlinx-datetime-jvm/0.8.0/316346a7d44778581ff91154f72dfa576bce4ee2/kotlinx-datetime-jvm-0.8.0.jar:/home/annihilator/.gradle/caches/modules-2/files-2.1/androidx.graphics/graphics-shapes-desktop/1.1.0/a5d2198960bdc0915f74c6b2954d3323f35f40ea/graphics-shapes-desktop-1.1.0.jar:/home/annihilator/.gradle/caches/modules-2/files-2.1/androidx.collection/collection-jvm/1.5.0/7ba2c69414d46ebc2dd76598bdd0a75c54281a57/collection-jvm-1.5.0.jar:/home/annihilator/.gradle/caches/modules-2/files-2.1/io.coil-kt.coil3/coil-jvm/3.5.0-beta01/b0061205e37fc17ba27f52ba1ee42f2be1de31d3/coil-jvm-3.5.0-beta01.jar:/home/annihilator/.gradle/caches/modules-2/files-2.1/io.coil-kt.coil3/coil-network-core-jvm/3.5.0-beta01/27fa35b4c8e4fbcc99126099eba9600a1e8e5a56/coil-network-core-jvm-3.5.0-beta01.jar:/home/annihilator/.gradle/caches/modules-2/files-2.1/io.coil-kt.coil3/coil-core-jvm/3.5.0-beta01/a1cca49cdadfc07533b35de91d266adda8af9df8/coil-core-jvm-3.5.0-beta01.jar:/home/annihilator/.gradle/caches/modules-2/files-2.1/com.materialkolor.palette/androidx-palette-jvm/4.0.0-beta02/8635f5e4c28acd813bc78a044d6f1492de7c575/androidx-palette-jvm.jar:/home/annihilator/.gradle/caches/modules-2/files-2.1/dev.drewhamilton.poko/poko-annotations-jvm/0.21.3/1e98d2ec00742104bd01eaebbd59582dac99a62/poko-annotations-jvm-0.21.3.jar:/home/annihilator/.gradle/caches/modules-2/files-2.1/com.russhwolf/multiplatform-settings-no-arg-jvm/1.3.0/b9d2280a0d56597619afb286d7c5f697f2e83f03/multiplatform-settings-no-arg-jvm-1.3.0.jar:/home/annihilator/.gradle/caches/modules-2/files-2.1/com.russhwolf/multiplatform-settings-coroutines-jvm/1.3.0/c64a7df35357b1e8fa74b830d006d2ea23fcb395/multiplatform-settings-coroutines-jvm-1.3.0.jar:/home/annihilator/.gradle/caches/modules-2/files-2.1/dev.whyoleg.cryptography/cryptography-provider-jdk-jvm/0.5.0/3a2721ac930c182a0e424f2d558cfa9d52cc1b3/cryptography-provider-jdk-jvm-0.5.0.jar:/home/annihilator/.gradle/caches/modules-2/files-2.1/dev.whyoleg.cryptography/cryptography-provider-base-jvm/0.5.0/e03b79926494512ac452ca00cfa5e27135262d32/cryptography-provider-base-jvm-0.5.0.jar:/home/annihilator/.gradle/caches/modules-2/files-2.1/dev.whyoleg.cryptography/cryptography-serialization-asn1-modules-jvm/0.5.0/9308027088c76026a5b96f5b5b400859310ca1af/cryptography-serialization-asn1-modules-jvm-0.5.0.jar:/home/annihilator/.gradle/caches/modules-2/files-2.1/dev.whyoleg.cryptography/cryptography-serialization-asn1-jvm/0.5.0/242a38b98c1dd201f499485925f22c972858c153/cryptography-serialization-asn1-jvm-0.5.0.jar:/home/annihilator/.gradle/caches/modules-2/files-2.1/dev.whyoleg.cryptography/cryptography-bigint-jvm/0.5.0/97ac3202bf7f3792b3c8bc788a7bbb1b33ca2485/cryptography-bigint-jvm-0.5.0.jar:/home/annihilator/.gradle/caches/modules-2/files-2.1/dev.whyoleg.cryptography/cryptography-random-jvm/0.5.0/8e77668891b60f6058f1262e032d8b06d137bdde/cryptography-random-jvm-0.5.0.jar:/home/annihilator/.gradle/caches/modules-2/files-2.1/dev.whyoleg.cryptography/cryptography-serialization-pem-jvm/0.5.0/7b5cb41c77698e6fb3fab21e67bf7b9e988e11a2/cryptography-serialization-pem-jvm-0.5.0.jar:/home/annihilator/.gradle/caches/modules-2/files-2.1/dev.whyoleg.cryptography/cryptography-provider-optimal-jvm/0.5.0/f0ff9daaf78932f6348ee90d014ca4c78337971b/cryptography-provider-optimal-jvm-0.5.0.jar:/home/annihilator/.gradle/caches/modules-2/files-2.1/dev.whyoleg.cryptography/cryptography-core-jvm/0.5.0/d0fc25786ede38c33893236eacc3d6ab11d2ad10/cryptography-core-jvm-0.5.0.jar:/home/annihilator/.gradle/caches/modules-2/files-2.1/io.ktor/ktor-client-content-negotiation-jvm/3.4.0/266c1aef9d340c22cd859dd5c9174c2e1d86489f/ktor-client-content-negotiation-jvm-3.4.0.jar:/home/annihilator/.gradle/caches/modules-2/files-2.1/io.ktor/ktor-client-core-jvm/3.4.1/84dc032a29f56bdac73449f78a0a2e7f9cab042/ktor-client-core-jvm-3.4.1.jar:/home/annihilator/.gradle/caches/modules-2/files-2.1/io.ktor/ktor-http-cio-jvm/3.4.1/3bd25f53a79a1f68eaec86ae9da4878314cc80af/ktor-http-cio-jvm-3.4.1.jar:/home/annihilator/.gradle/caches/modules-2/files-2.1/io.ktor/ktor-websocket-serialization-jvm/3.4.1/3a687a268f242dab9b624b78d3daeb646aeed5cb/ktor-websocket-serialization-jvm-3.4.1.jar:/home/annihilator/.gradle/caches/modules-2/files-2.1/io.ktor/ktor-serialization-kotlinx-json-jvm/3.4.0/2a09f17d70b6e61623fd8aff9bdce6d7877892/ktor-serialization-kotlinx-json-jvm-3.4.0.jar:/home/annihilator/.gradle/caches/modules-2/files-2.1/io.ktor/ktor-serialization-kotlinx-jvm/3.4.0/d001db47b2ebe8ad8b2cb1bb2a687688840f5887/ktor-serialization-kotlinx-jvm-3.4.0.jar:/home/annihilator/.gradle/caches/modules-2/files-2.1/io.ktor/ktor-serialization-jvm/3.4.1/6fec7fdb4da27d09ff33a34e6e990b215f7c19c4/ktor-serialization-jvm-3.4.1.jar:/home/annihilator/.gradle/caches/modules-2/files-2.1/io.ktor/ktor-websockets-jvm/3.4.1/83226f3612bffab4d0af0d26f9e4d6b7d2e02a58/ktor-websockets-jvm-3.4.1.jar:/home/annihilator/.gradle/caches/modules-2/files-2.1/io.ktor/ktor-network-tls-jvm/3.4.1/8d17de5904253b073b44499a3e67ba99ca2ca8f6/ktor-network-tls-jvm-3.4.1.jar:/home/annihilator/.gradle/caches/modules-2/files-2.1/com.fleeksoft.charset/charset-jvm/0.0.8/b6fcd5cc804844347929a83c56f1fdd854c9ce66/charset-jvm-0.0.8.jar:/home/annihilator/.gradle/caches/modules-2/files-2.1/com.fleeksoft.io/io-core-jvm/0.0.8/78517ce1ff4c2ccbb8b91b9f1549c6e7a0ae1044/io-core-jvm-0.0.8.jar:/home/annihilator/.gradle/caches/modules-2/files-2.1/co.touchlab/stately-concurrency-jvm/2.1.0/6285428408c4d7e4a6d9a09511de877103effd81/stately-concurrency-jvm-2.1.0.jar:/home/annihilator/.gradle/caches/modules-2/files-2.1/org.jetbrains.kotlin/kotlin-stdlib-jdk7/1.9.0/f320478990d05e0cfaadd74f9619fd6027adbf37/kotlin-stdlib-jdk7-1.9.0.jar:/home/annihilator/.gradle/caches/modules-2/files-2.1/org.jetbrains.kotlinx/kotlinx-coroutines-slf4j/1.11.0/556153d93573d016dd4e5df37e3d03d07d8d303/kotlinx-coroutines-slf4j-1.11.0.jar:/home/annihilator/.gradle/caches/modules-2/files-2.1/org.jetbrains.kotlinx/kotlinx-coroutines-swing/1.11.0/3cf134b8aefd813622edc37e60d66b939b55cb36/kotlinx-coroutines-swing-1.11.0.jar:/home/annihilator/.gradle/caches/modules-2/files-2.1/io.ktor/ktor-http-jvm/3.4.1/6605b91c8f06bb6f67e2ec13b8ccea7926f4a526/ktor-http-jvm-3.4.1.jar:/home/annihilator/.gradle/caches/modules-2/files-2.1/io.ktor/ktor-events-jvm/3.4.1/c7aa6bd43fcaf3da2f57a5417b1df66814ec2577/ktor-events-jvm-3.4.1.jar:/home/annihilator/.gradle/caches/modules-2/files-2.1/io.ktor/ktor-sse-jvm/3.4.1/f95e6419c5bb24bed7c718dbff8b292a90db881e/ktor-sse-jvm-3.4.1.jar:/home/annihilator/.gradle/caches/modules-2/files-2.1/io.ktor/ktor-network-jvm/3.4.1/a3b710fabdc38031ff0fb96eaee2a6ddf5ada9c6/ktor-network-jvm-3.4.1.jar:/home/annihilator/.gradle/caches/modules-2/files-2.1/io.ktor/ktor-utils-jvm/3.4.1/f1ad623952ea49c631db750560228e3984790e48/ktor-utils-jvm-3.4.1.jar:/home/annihilator/.gradle/caches/modules-2/files-2.1/io.ktor/ktor-io-jvm/3.4.1/fccd4e08dde189d82ae9a3f5fdbbf152ccd3a9c8/ktor-io-jvm-3.4.1.jar:/home/annihilator/.gradle/caches/modules-2/files-2.1/org.jetbrains.kotlinx/kotlinx-coroutines-core-jvm/1.11.0/3d57dc678bd8d72a60e7adf0eca5c54e3f4f4b79/kotlinx-coroutines-core-jvm-1.11.0.jar:/home/annihilator/.gradle/caches/modules-2/files-2.1/org.jetbrains.kotlinx/kotlinx-serialization-json-io-jvm/1.11.0/645ed54ca9128fc217b30b3686a083141ebe635c/kotlinx-serialization-json-io-jvm-1.11.0.jar:/home/annihilator/.gradle/caches/modules-2/files-2.1/org.jetbrains.kotlinx/kotlinx-serialization-json-jvm/1.11.0/e7e045e99e56f07599bb9ccb708c2190e2af0606/kotlinx-serialization-json-jvm-1.11.0.jar:/home/annihilator/.gradle/caches/modules-2/files-2.1/org.jetbrains.kotlinx/kotlinx-serialization-core-jvm/1.11.0/c1905c9bf7452b045d5af9248835abe64ddad6bf/kotlinx-serialization-core-jvm-1.11.0.jar:/home/annihilator/.gradle/caches/modules-2/files-2.1/androidx.arch.core/core-common/2.2.0/5e1b8b81dfd5f52c56a8d53b18ca759c19a301f3/core-common-2.2.0.jar:/home/annihilator/.gradle/caches/modules-2/files-2.1/androidx.annotation/annotation-jvm/1.10.0/388cfaa79001d0f024d28f6a13d5a3dfc2f0e18f/annotation-jvm-1.10.0.jar:/home/annihilator/.gradle/caches/modules-2/files-2.1/org.jetbrains.kotlinx/kotlinx-io-core-jvm/0.9.0/7f7536f8f057ffc7f79375714e9730c4b8bdd7c9/kotlinx-io-core-jvm-0.9.0.jar:/home/annihilator/.gradle/caches/modules-2/files-2.1/com.squareup.okio/okio-jvm/3.17.0/a12d684ec0df9541b3869ae60a4a5257fd3613df/okio-jvm-3.17.0.jar:/home/annihilator/.gradle/caches/modules-2/files-2.1/co.touchlab/kermit-jvm/2.0.8/83ee3b1da12d91011c3e93558f97bc28665810de/kermit-jvm-2.0.8.jar:/home/annihilator/.gradle/caches/modules-2/files-2.1/org.jetbrains.kotlinx/kotlinx-collections-immutable-jvm/0.4.0/82499bf608b0fc3ae6737a5eac1a1f1325279bbf/kotlinx-collections-immutable-jvm-0.4.0.jar:/home/annihilator/.gradle/caches/modules-2/files-2.1/com.russhwolf/multiplatform-settings-jvm/1.3.0/76fe39b1cbb2b2b951ec230ab85e610ae179aab7/multiplatform-settings-jvm-1.3.0.jar:/home/annihilator/.gradle/caches/modules-2/files-2.1/co.touchlab/stately-strict-jvm/2.1.0/3ae8369209065455f4630793bf6aca0fb88c8b6b/stately-strict-jvm-2.1.0.jar:/home/annihilator/.gradle/caches/modules-2/files-2.1/org.jetbrains.kotlinx/kotlinx-io-bytestring-jvm/0.9.0/e73a7915234a8ea7954f32b715ef8e42b02f66a3/kotlinx-io-bytestring-jvm-0.9.0.jar:/home/annihilator/.gradle/caches/modules-2/files-2.1/co.touchlab/kermit-core-jvm/2.0.8/7d782124fef2b0c4dccf07208e1cf3aa13b57058/kermit-core-jvm-2.0.8.jar:/home/annihilator/.gradle/caches/modules-2/files-2.1/org.jetbrains.kotlin/kotlin-stdlib/2.4.0/4e9f4b531dce5c7dee58ed2de9a8b9a763c8dc6c/kotlin-stdlib-2.4.0.jar:/home/annihilator/.gradle/caches/modules-2/files-2.1/org.lwjgl/lwjgl-glfw/3.3.6/7119f7d0eeb1e5502ff0ca71d2b4d47317da015/lwjgl-glfw-3.3.6.jar:/home/annihilator/.gradle/caches/modules-2/files-2.1/org.lwjgl/lwjgl-glfw/3.3.6/797e0965709ad180d9b00c88a086dbda15002203/lwjgl-glfw-3.3.6-natives-linux.jar:/home/annihilator/.gradle/caches/modules-2/files-2.1/org.lwjgl/lwjgl-opengl/3.3.6/ac2532612a4df374e9a9282bcf8ce2573018ebbb/lwjgl-opengl-3.3.6.jar:/home/annihilator/.gradle/caches/modules-2/files-2.1/org.lwjgl/lwjgl-opengl/3.3.6/b8dc6467fe232d552793c53dc56f9fa8a385299c/lwjgl-opengl-3.3.6-natives-linux.jar:/home/annihilator/.gradle/caches/modules-2/files-2.1/org.lwjgl/lwjgl/3.3.6/ce7721d30cfaf47feaed10213e0c43eb55c49d68/lwjgl-3.3.6.jar:/home/annihilator/.gradle/caches/modules-2/files-2.1/org.lwjgl/lwjgl/3.3.6/dc7db8fc4f1e6563867f9155b9a42d9c73d8992f/lwjgl-3.3.6-natives-linux.jar:/home/annihilator/.gradle/caches/modules-2/files-2.1/org.jetbrains/annotations/23.0.0/8cc20c07506ec18e0834947b84a864bfc094484e/annotations-23.0.0.jar:/home/annihilator/.gradle/caches/modules-2/files-2.1/io.sentry/sentry/8.52.0/b26a1b9181c78835078956c352f20cecd459e7a6/sentry-8.52.0.jar:/home/annihilator/.gradle/caches/modules-2/files-2.1/org.jetbrains.runtime/jbr-api/1.9.0/2bc161f5472b5fd5610740e4d6ebe896c811cb0e/jbr-api-1.9.0.jar:/home/annihilator/.gradle/caches/modules-2/files-2.1/org.slf4j/slf4j-api/2.0.17/d9e58ac9c7779ba3bf8142aff6c830617a7fe60f/slf4j-api-2.0.17.jar:/home/annihilator/.gradle/caches/modules-2/files-2.1/net.java.dev.jna/jna-platform/5.19.1/d1e54d9231da5ca3fa730d52960deaa555475468/jna-platform-5.19.1.jar:/home/annihilator/.gradle/caches/modules-2/files-2.1/com.typesafe/config/1.4.5/cc25b497ded7068a861517a815546fb472f9e58/config-1.4.5.jar:/home/annihilator/.gradle/caches/modules-2/files-2.1/org.fusesource.jansi/jansi/2.4.2/ba7387c31622c6650b83edba1bbb115f1fe462ba/jansi-2.4.2.jar:/home/annihilator/.gradle/caches/modules-2/files-2.1/net.java.dev.jna/jna/5.19.1/ca303052cd617c1af2e2c8d344c98a706fb63143/jna-5.19.1.jar:/home/annihilator/.gradle/caches/modules-2/files-2.1/org.jspecify/jspecify/1.0.0/7425a601c1c7ec76645a78d22b8c6a627edee507/jspecify-1.0.0.jar
Launcher Type: SUN_STANDARD

[Global flags]
     bool AOTAdapterCaching                        = false                                  {diagnostic} {ergonomic}
     bool AOTInvokeDynamicLinking                  = false                                  {diagnostic} {ergonomic}
     bool AOTRecordTraining                        = false                                  {diagnostic} {ergonomic}
     bool AOTReplayTraining                        = false                                  {diagnostic} {ergonomic}
     bool AOTStubCaching                           = false                                  {diagnostic} {ergonomic}
     intx CICompilerCount                          = 12                                        {product} {ergonomic}
     uint ConcGCThreads                            = 3                                         {product} {ergonomic}
     uint G1ConcRefinementThreads                  = 13                                        {product} {ergonomic}
     uint G1EagerReclaimRemSetThreshold            = 16                                   {experimental} {ergonomic}
   size_t G1HeapRegionSize                         = 2097152                                   {product} {ergonomic}
     uint G1RemSetArrayOfCardsEntries              = 16                                   {experimental} {ergonomic}
     uint G1RemSetHowlMaxNumBuckets                = 8                                    {experimental} {ergonomic}
     uint G1RemSetHowlNumBuckets                   = 8                                    {experimental} {ergonomic}
   size_t InitialHeapSize                          = 8388608                                   {product} {ergonomic}
     bool IntelJccErratumMitigation                = false                             {ARCH diagnostic} {ergonomic}
   size_t MarkStackSize                            = 4194304                                   {product} {ergonomic}
   size_t MarkStackSizeMax                         = 536870912                                 {product} {ergonomic}
   size_t MaxHeapSize                              = 4032823296                                {product} {ergonomic}
   size_t MaxNewSize                               = 2418016256                                {product} {ergonomic}
 uint64_t MaxRAM                                   = 16128925696                               {product} {ergonomic}
   size_t MinHeapDeltaBytes                        = 2097152                                   {product} {ergonomic}
   size_t MinHeapSize                              = 8388608                                   {product} {ergonomic}
   size_t NonNMethodCodeHeapSize                   = 7606272                                {pd product} {ergonomic}
   size_t NonProfiledCodeHeapSize                  = 122028032                              {pd product} {ergonomic}
   size_t ProfiledCodeHeapSize                     = 122028032                              {pd product} {ergonomic}
   size_t ReservedCodeCacheSize                    = 251662336                              {pd product} {ergonomic}
     bool SegmentedCodeCache                       = true                                      {product} {ergonomic}
   size_t SoftMaxHeapSize                          = 4032823296                             {manageable} {ergonomic}
     bool UseCompressedOops                        = true                           {product lp64_product} {ergonomic}
     bool UseCondCardMark                          = true                                      {product} {ergonomic}
     bool UseFastUnorderedTimeStamps               = true                                 {experimental} {ergonomic}
     bool UseG1GC                                  = true                                      {product} {ergonomic}
      int X86ICacheSync                            = 3                                 {ARCH diagnostic} {ergonomic}

Logging:
Log output configuration:
 #0: stdout all=warning uptime,level,tags foldmultilines=false
 #1: stderr all=off uptime,level,tags foldmultilines=false

Release file:
IMPLEMENTOR="Arch Linux"
JAVA_RUNTIME_VERSION="26.0.2.1"
JAVA_VERSION="26.0.2.1"
JAVA_VERSION_DATE="2026-08-18"
LIBC="gnu"
MODULES="java.base java.compiler java.datatransfer java.xml java.prefs java.desktop java.instrument java.logging java.management java.security.sasl java.naming java.rmi java.management.rmi java.net.http java.scripting java.security.jgss java.transaction.xa java.sql java.sql.rowset java.xml.crypto java.se java.smartcardio jdk.accessibility jdk.internal.jvmstat jdk.attach jdk.charsets jdk.internal.opt jdk.zipfs jdk.compiler jdk.crypto.cryptoki jdk.crypto.ec jdk.dynalink jdk.internal.ed jdk.editpad jdk.internal.vm.ci jdk.graal.compiler jdk.graal.compiler.management jdk.hotspot.agent jdk.httpserver jdk.incubator.vector jdk.internal.le jdk.internal.md jdk.jartool jdk.javadoc jdk.jcmd jdk.management jdk.management.agent jdk.jconsole jdk.jdeps jdk.jdwp.agent jdk.jdi jdk.jfr jdk.jlink jdk.jpackage jdk.jshell jdk.jstatd jdk.localedata jdk.management.jfr jdk.naming.dns jdk.naming.rmi jdk.net jdk.nio.mapmode jdk.sctp jdk.security.auth jdk.security.jgss jdk.unsupported jdk.unsupported.desktop jdk.xml.dom"
OS_ARCH="x86_64"
OS_NAME="Linux"
SOURCE=""

Environment Variables:
PATH=/home/annihilator/.local/bin:/home/annihilator/bin:/home/annihilator/.cargo/bin:/home/annihilator/.npm-global/bin:/home/annihilator/.local/share/solana/install/active_release/bin:/usr/local/sbin:/usr/local/bin:/usr/bin:/opt/cuda/bin:/var/lib/flatpak/exports/bin:/usr/lib/jvm/default/bin:/usr/bin/site_perl:/usr/bin/vendor_perl:/usr/bin/core_perl:/opt/rocm/bin:/home/annihilator/.config/Claude/local-agent-mode-sessions/f30d0a67-fea7-4d47-acce-d7da1f075d93/3f6e0ddc-f963-4a28-bb3d-52c35a96b68e/rpm/plugin_0155zZVATbJU3jHUmPP9NvMC/bin:/home/annihilator/.config/Claude/local-agent-mode-sessions/skills-plugin/3f6e0ddc-f963-4a28-bb3d-52c35a96b68e/f30d0a67-fea7-4d47-acce-d7da1f075d93/bin
LD_PRELOAD=/tmp/libglxshim.so
SHELL=/bin/zsh
DISPLAY=:0
WAYLAND_DISPLAY=wayland-1
LANG=en_GB.UTF-8

Active Locale:
LC_ALL=LC_CTYPE=en_GB.UTF-8;LC_NUMERIC=C;LC_TIME=en_GB.UTF-8;LC_COLLATE=en_GB.UTF-8;LC_MONETARY=en_GB.UTF-8;LC_MESSAGES=en_GB.UTF-8;LC_PAPER=en_GB.UTF-8;LC_NAME=en_GB.UTF-8;LC_ADDRESS=en_GB.UTF-8;LC_TELEPHONE=en_GB.UTF-8;LC_MEASUREMENT=en_GB.UTF-8;LC_IDENTIFICATION=en_GB.UTF-8
LC_COLLATE=en_GB.UTF-8
LC_CTYPE=en_GB.UTF-8
LC_MESSAGES=en_GB.UTF-8
LC_MONETARY=en_GB.UTF-8
LC_NUMERIC=C
LC_TIME=en_GB.UTF-8

Signal Handlers:
   SIGSEGV: 0x00007f31fcc80b00 in libjvm.so+15207168, mask=11100100010111111101111111111110, flags=SA_RESTART|SA_SIGINFO, unblocked
    SIGBUS: 0x00007f31fcc80b00 in libjvm.so+15207168, mask=11100100010111111101111111111110, flags=SA_RESTART|SA_SIGINFO, unblocked
    SIGFPE: 0x00007f31fcc80b00 in libjvm.so+15207168, mask=11100100010111111101111111111110, flags=SA_RESTART|SA_SIGINFO, unblocked
   SIGPIPE: SIG_IGN, mask=00000000000010000000000000000000, flags=SA_RESTART, blocked
  *** Handler was modified!
  *** Expected: 0x00007f31fcade900 in libjvm.so+13494528, mask=11100100110111111111111111111110, flags=SA_RESTART|SA_SIGINFO
   SIGXFSZ: 0x00007f31fcade900 in libjvm.so+13494528, mask=11100100010111111101111111111110, flags=SA_RESTART|SA_SIGINFO, blocked
    SIGILL: 0x00007f31fcc80b00 in libjvm.so+15207168, mask=11100100010111111101111111111110, flags=SA_RESTART|SA_SIGINFO, unblocked
   SIGUSR2: 0x00007f31fcae15b0 in libjvm.so+13505968, mask=00000000000000000000000000000000, flags=SA_RESTART|SA_SIGINFO, blocked
    SIGHUP: 0x00007f31fcadc810 in libjvm.so+13486096, mask=11100100010111111101111111111110, flags=SA_RESTART|SA_SIGINFO, blocked
    SIGINT: SIG_DFL, mask=00000000000000000000000000000000, flags=SA_RESTART, blocked
   SIGTERM: SIG_DFL, mask=00000000000000000000000000000000, flags=SA_RESTART, blocked
   SIGQUIT: SIG_DFL, mask=00000000000000000000000000000000, flags=SA_RESTART, blocked
   SIGTRAP: 0x00007f31fcc80b00 in libjvm.so+15207168, mask=11100100010111111101111111111110, flags=SA_RESTART|SA_SIGINFO, unblocked


Compilation memory statistics disabled.

Periodic native trim disabled

---------------  S Y S T E M  ---------------

OS:
DISTRIB_ID="Arch"
DISTRIB_RELEASE="rolling"
DISTRIB_DESCRIPTION="Arch Linux"
uname: Linux 7.1.9-arch1-2 #1 SMP PREEMPT_DYNAMIC Fri, 21 Aug 2026 22:18:59 +0000 x86_64
OS uptime: 1 days 1:40 hours
libc: glibc 2.44 NPTL 2.44 
rlimit (soft/hard): STACK 8192k/infinity , CORE infinity/infinity , NPROC 60477/60477 , NOFILE 524288/524288 , AS infinity/infinity , CPU infinity/infinity , DATA infinity/infinity , FSIZE infinity/infinity , MEMLOCK 8192k/8192k
load average: 3.52 4.50 4.52

/proc/meminfo:
MemTotal:       15750904 kB
MemFree:          490732 kB
MemAvailable:    2481308 kB
Buffers:           65124 kB
Cached:          2371404 kB
SwapCached:      1518820 kB
Active:          6029680 kB
Inactive:        4866684 kB
Active(anon):    5140232 kB
Inactive(anon):  3595348 kB
Active(file):     889448 kB
Inactive(file):  1271336 kB
Unevictable:      516236 kB
Mlocked:            2548 kB
SwapTotal:      24652280 kB
SwapFree:       13722248 kB
Zswap:                 0 kB
Zswapped:              0 kB
Dirty:              1572 kB
Writeback:             0 kB
AnonPages:       8931716 kB
Mapped:           912780 kB
Shmem:             54448 kB
KReclaimable:     155408 kB
Slab:             430616 kB
SReclaimable:     155408 kB
SUnreclaim:       275208 kB
KernelStack:       35424 kB
PageTables:       109472 kB
SecPageTables:      2264 kB
NFS_Unstable:          0 kB
Bounce:                0 kB
WritebackTmp:          0 kB
CommitLimit:    32527732 kB
Committed_AS:   36095900 kB
VmallocTotal:   34359738367 kB
VmallocUsed:      203320 kB
VmallocChunk:          0 kB
Percpu:            11712 kB
HardwareCorrupted:     0 kB
AnonHugePages:   1132544 kB
ShmemHugePages:        0 kB
ShmemPmdMapped:        0 kB
FileHugePages:    227328 kB
FilePmdMapped:    200704 kB
CmaTotal:              0 kB
CmaFree:               0 kB
Unaccepted:            0 kB
Balloon:               0 kB
GPUActive:         59664 kB
GPUReclaim:        32480 kB
HugePages_Total:       0
HugePages_Free:        0
HugePages_Rsvd:        0
HugePages_Surp:        0
Hugepagesize:       2048 kB
Hugetlb:               0 kB
DirectMap4k:    14252760 kB
DirectMap2M:     1902592 kB
DirectMap1G:           0 kB

/sys/kernel/mm/transparent_hugepage/enabled: [always] madvise never
/sys/kernel/mm/transparent_hugepage/hpage_pmd_size: 2097152
/sys/kernel/mm/transparent_hugepage/shmem_enabled: always within_size [advise] never deny force
/sys/kernel/mm/transparent_hugepage/defrag (defrag/compaction efforts parameter): always defer defer+madvise [madvise] never

Process Memory:
Virtual Size: 85366060K (peak: 147196912K)
Resident Set Size: 1457792K (peak: 1741212K) (anon: 1134608K, file: 318580K, shmem: 4604K)
Swapped out: 0K
C-Heap outstanding allocations: 142418K, retained: 670045K
glibc malloc tunables: (default)

/proc/sys/kernel/threads-max (system-wide limit on the number of threads): 120955
/proc/sys/vm/max_map_count (maximum number of memory map areas a process may have): 1048576
/proc/sys/vm/swappiness (control to define how aggressively the kernel swaps out anonymous memory): 60
/proc/sys/kernel/pid_max (system-wide limit on number of process identifiers): 4194304

container information not found.
Steal ticks since vm start: 0
Steal ticks percentage since vm start:  0.000

CPU: total 16 (initial active 16) (8 cores per cpu, 2 threads per core) family 25 model 80 stepping 0 microcode 0xa500012, cx8, cmov, fxsr, ht, mmx, 3dnowpref, sse, sse2, sse3, ssse3, sse4a, sse4.1, sse4.2, popcnt, lzcnt, tsc, tscinvbit, avx, avx2, aes, erms, clmul, bmi1, bmi2, adx, sha, fma, vzeroupper, clflush, clflushopt, clwb, rdtscp, rdpid, fsrm, f16c, pku, ospke, cet_ss
CPU Model and flags from /proc/cpuinfo:
model name	: AMD Ryzen 7 5800HS with Radeon Graphics
flags		: fpu vme de pse tsc msr pae mce cx8 apic sep mtrr pge mca cmov pat pse36 clflush mmx fxsr sse sse2 ht syscall nx mmxext fxsr_opt pdpe1gb rdtscp lm constant_tsc rep_good nopl xtopology nonstop_tsc cpuid extd_apicid aperfmperf rapl pni pclmulqdq monitor ssse3 fma cx16 sse4_1 sse4_2 movbe popcnt aes xsave avx f16c rdrand lahf_lm cmp_legacy svm extapic cr8_legacy abm sse4a misalignsse 3dnowprefetch osvw ibs skinit wdt tce topoext perfctr_core perfctr_nb bpext perfctr_llc mwaitx cpb cat_l3 cdp_l3 hw_pstate ssbd mba ibrs ibpb stibp vmmcall fsgsbase bmi1 avx2 smep bmi2 erms invpcid cqm rdt_a rdseed adx smap clflushopt clwb sha_ni xsaveopt xsavec xgetbv1 xsaves cqm_llc cqm_occup_llc cqm_mbm_total cqm_mbm_local user_shstk clzero irperf xsaveerptr rdpru wbnoinvd cppc arat npt lbrv svm_lock nrip_save tsc_scale vmcb_clean flushbyasid decodeassists pausefilter pfthreshold avic v_vmsave_vmload vgif v_spec_ctrl umip pku ospke vaes vpclmulqdq rdpid overflow_recov succor smca fsrm debug_swap

Online cpus: 0-15
Offline cpus: 
BIOS frequency limitation: <Not Available>
Frequency switch latency (ns): 0
Available cpu frequencies: <Not Available>
Current governor: powersave
Core performance/turbo boost: 1

Memory: 4k page, physical 15750904k(2481308k free), swap 24652280k(13722248k free)
Page Sizes: 4k

vm_info: OpenJDK 64-Bit Server VM (26.0.2.1) for linux-amd64 JRE (26.0.2.1), built on 2026-08-19T07:23:47Z with gcc 16.2.1 20260810

END.
