#
# A fatal error has been detected by the Java Runtime Environment:
#
#  SIGSEGV (0xb) at pc=0x00007febfeb7919d, pid=1211178, tid=1211235
#
# JRE version: OpenJDK Runtime Environment (26.0.2.1) (build 26.0.2.1)
# Java VM: OpenJDK 64-Bit Server VM (26.0.2.1, mixed mode, sharing, tiered, compressed oops, compressed class ptrs, g1 gc, linux-amd64)
# Problematic frame:
# C  [libc.so.6+0x17919d]
#
# Core dump will be written. Default location: Determined by the following: "/usr/lib/systemd/systemd-coredump %P %u %g %s %t %c %h %d %F %I" (alternatively, falling back to /home/annihilator/dev/NuvioDesktop/waylandHost/core.1211178)
#
# If you would like to submit a bug report, please visit:
#   https://bugreport.java.com/bugreport/crash.jsp
#

---------------  S U M M A R Y ------------

Command Line: -Dnuvio.wayland.libmpv=/home/annihilator/dev/mpv/build/libmpv.so.2 -Dnuvio.wayland.realApp=true -Dnuvio.wayland.videoLog=true -Dorg.lwjgl.util.Debug=false --enable-native-access=ALL-UNNAMED -Dfile.encoding=UTF-8 -Duser.country=GB -Duser.language=en -Duser.variant com.nuvio.wayland.MainKt

Host: AMD Ryzen 7 5800HS with Radeon Graphics, 16 cores, 15G, Arch Linux
Time: Sun Aug 23 12:52:54 2026 BST elapsed time: 72.871336 seconds (0d 0h 1m 12s)

---------------  T H R E A D  ---------------

Current thread is native thread

Stack: [0x00007feb64fff000,0x00007feb657ff000],  sp=0x00007feb657fcca8,  free space=8183k
Native frames: (J=compiled Java code, j=interpreted, Vv=VM code, C=native code)
C  [libc.so.6+0x17919d]
C  [libc.so.6+0x8c1ea]  __vsnprintf+0x6a
C  [libmpv.so.2.5.0+0xe43c6]  bstr_xappend_vasprintf+0xaa
C  [libmpv.so.2.5.0+0x702ef]  mp_msg_av_log_callback+0xde

siginfo: si_signo: 11 (SIGSEGV), si_code: 128 (SI_KERNEL), si_addr: 0x0000000000000000

Registers:
RAX=0x0000000000000400, RBX=0x00007feb657fd1e0, RCX=0x000000007feba43a, RDX=0xab9563512e1db400
RSP=0x00007feb657fcca8, RBP=0x00007feb657fd1d0, RSI=0x00007febfebb2da0, RDI=0xab9563512e1db400
R8 =0x00007feb787c101a, R9 =0x00000000ffffffff, R10=0x0000000000000000, R11=0x0000000000000000
R12=0xab9563512e1db400, R13=0x0000000000000000, R14=0x00007feb657fd2e0, R15=0x0000000000000073
RIP=0x00007febfeb7919d, EFLAGS=0x0000000000010283, CSGSFS=0x002b000000000033, ERR=0x0000000000000000
  TRAPNO=0x000000000000000d

XMM[0]=0x0000000000000000 0x0000000000000000
XMM[1]=0x0000000000000000 0x0000000000000000
XMM[2]=0x0000000000000000 0x000000ff00000000
XMM[3]=0x0000000000000000 0x000000ff00ff0000
XMM[4]=0x0000000000000000 0x0000000000000000
XMM[5]=0x0000000000000000 0x0000000000000000
XMM[6]=0x0000000000000000 0x0000000000000000
XMM[7]=0x0000000000000000 0x00007febc002e340
XMM[8]=0x8000000000000000 0x0000000000000001
XMM[9]=0xc19e7f93c1866639 0xc1a0f91ac185e702
XMM[10]=0x3f982ac4c1bd7ced 0x3ffccf08c1ca45a8
XMM[11]=0x4191f901c100637a 0x41923a58c120ca9f
XMM[12]=0x40748d9840b85375 0x405790e240f13c7f
XMM[13]=0xc1851ddac098563c 0xc19999b9c05606c8
XMM[14]=0x3f6007e24091cdf6 0x4089bbd540e02e38
XMM[15]=0x0000000000000000 0x0000000000000000
  MXCSR=0x00001fa2


Top of Stack: (sp=0x00007feb657fcca8)
0x00007feb657fcca8:   00007febfea66d10 0000000000000000   .m..............
0x00007feb657fccb8:   ffffffffffffffff 0000000000000000   ................
0x00007feb657fccc8:   00007feb787c101e 00007feb787c101a   ..|x......|x....
0x00007feb657fccd8:   0000002000000000 0000000000000000   .... ...........
0x00007feb657fcce8:   0000000000000000 0000000000000000   ................
0x00007feb657fccf8:   0000000000000000 0000000000000000   ................
0x00007feb657fcd08:   0000000000000000 0000000000000000   ................
0x00007feb657fcd18:   0000000000000001 000000003a564120   ........ AV:....
0x00007feb657fcd28:   0000000000000000 312e302000000000   ............ 0.1
0x00007feb657fcd38:   00007feb787c1023 6570706f72442032   #.|x....2 Droppe
0x00007feb657fcd48:   4320323236203a64 30202f2037343a37   d: 622 C7:47 / 0
0x00007feb657fcd58:   2030333a33323a30 4085d43f7ced9168   0:23:30 h..|?..@
0x00007feb657fcd68:   0000000000000000 ffffffffffffffff   ................
0x00007feb657fcd78:   ffffffffffff0000 504e534430322570   ........p%20DSNP
0x00007feb657fcd88:   0000003000000018 00007feb657fd440   ....0...@..e....
0x00007feb657fcd98:   00007feb657fd380 6666313139353437   ...e....745911ff
0x00007feb657fcda8:   6135363964343364 c1a0f91ac185e702   d34d965a........
0x00007feb657fcdb8:   c19e7f93c1866639 3ffccf08c1ca45a8   9f.......E.....?
0x00007feb657fcdc8:   3f982ac4c1bd7ced 41923a58c120ca9f   .|...*.?.. .X:.A
0x00007feb657fcdd8:   4191f901c100637a 405790e240f13c7f   zc.....A.<.@..W@
0x00007feb657fcde8:   40748d9840b85375 c19999b9c05606c8   uS.@..t@..V.....
0x00007feb657fcdf8:   c1851ddac098563c 4089bbd540e02e38   <V......8..@...@
0x00007feb657fce08:   3f6007e24091cdf6 0000000000000000   ...@..`?........
0x00007feb657fce18:   0000000000000000 00007febfec1a380   ................
0x00007feb657fce28:   00007febfebbb495 0000000000000000   ................
0x00007feb657fce38:   00007feb657fd000 00007febfec1a380   ...e............
0x00007feb657fce48:   00007feb657fcff0 0000098c46505853   ...e....SXPF....
0x00007feb657fce58:   0000000000000207 0000000000000988   ................
0x00007feb657fce68:   0000000000000000 0000000000000000   ................
0x00007feb657fce78:   0000000000000000 0000000000000203   ................
0x00007feb657fce88:   0000000000000000 0000000000000000   ................
0x00007feb657fce98:   0000000000000000 0000000000000000   ................

Instructions: (pc=0x00007febfeb7919d)
  0x00007febfeb7909d:   f5 da e0 c5 e5 da f2 c5 cd da f4 c5 c5 74 f6 c5
  0x00007febfeb790ad:   fd d7 d6 48 83 ef 80 85 d2 74 b8 c5 c5 74 f0 c5
  0x00007febfeb790bd:   fd d7 ce 85 c9 75 3c c5 fe 7f 47 01 c5 c5 74 f1
  0x00007febfeb790cd:   c5 fd d7 ce 85 c9 75 3e c5 fe 7f 4f 21 c5 c5 74
  0x00007febfeb790dd:   f2 c5 fd d7 ce 85 c9 75 40 c5 fe 7f 57 41 0f bc
  0x00007febfeb790ed:   d2 c5 fe 6f 4c 16 42 c5 fe 7f 4c 17 42 c5 f8 77
  0x00007febfeb790fd:   c3 66 90 0f bc c9 c5 fe 6f 4c 0e e2 c5 fe 7f 4c
  0x00007febfeb7910d:   0f e2 c5 f8 77 c3 0f bc c9 c5 fe 6f 4c 0e 02 c5
  0x00007febfeb7911d:   fe 7f 4c 0f 02 c5 f8 77 c3 0f bc c9 c5 fe 6f 4c
  0x00007febfeb7912d:   0e 22 c5 fe 7f 4c 0f 22 c5 f8 77 c3 48 89 f1 48
  0x00007febfeb7913d:   83 e1 e0 c5 c5 74 31 c5 fd d7 ce c4 e2 4b f7 c9
  0x00007febfeb7914d:   d1 e1 0f 84 f5 fd ff ff 0f bc c9 48 89 f8 f3 a4
  0x00007febfeb7915d:   c5 f8 77 c3 66 2e 0f 1f 84 00 00 00 00 00 66 2e
  0x00007febfeb7916d:   0f 1f 84 00 00 00 00 00 66 2e 0f 1f 84 00 00 00
  0x00007febfeb7917d:   00 00 90 f3 0f 1e fa 89 f8 48 89 fa c5 f9 ef c0
  0x00007febfeb7918d:   25 ff 0f 00 00 3d e0 0f 00 00 0f 87 33 01 00 00
=>0x00007febfeb7919d:   c5 fd 74 0f c5 fd d7 c1 85 c0 74 57 f3 0f bc c0
  0x00007febfeb791ad:   c5 f8 77 c3 0f 1f 40 00 66 66 2e 0f 1f 84 00 00
  0x00007febfeb791bd:   00 00 00 f3 0f bc c0 29 d7 ff c7 01 f8 c5 f8 77
  0x00007febfeb791cd:   c3 66 90 f3 0f bc c0 29 d7 83 c7 21 01 f8 c5 f8
  0x00007febfeb791dd:   77 c3 90 f3 0f bc c0 29 d7 83 c7 41 01 f8 c5 f8
  0x00007febfeb791ed:   77 c3 90 f3 0f bc c0 29 d7 83 c7 61 01 f8 c5 f8
  0x00007febfeb791fd:   77 c3 90 48 83 cf 1f c5 fd 74 4f 01 c5 fd d7 c1
  0x00007febfeb7920d:   85 c0 75 af c5 fd 74 4f 21 c5 fd d7 c1 85 c0 75
  0x00007febfeb7921d:   b2 c5 fd 74 4f 41 c5 fd d7 c1 85 c0 75 b5 c5 fd
  0x00007febfeb7922d:   74 4f 61 c5 fd d7 c1 85 c0 75 b8 48 ff c7 48 83
  0x00007febfeb7923d:   cf 7f 90 c5 fd 6f 4f 01 c5 f5 da 57 21 c5 fd 6f
  0x00007febfeb7924d:   5f 41 c5 e5 da 67 61 c5 dd da ea c5 fd 74 ed c5
  0x00007febfeb7925d:   fd d7 cd 48 83 ef 80 85 c9 74 d8 c5 fd 74 c9 c5
  0x00007febfeb7926d:   fd d7 c1 48 29 d7 85 c0 75 39 c5 fd 74 d2 c5 fd
  0x00007febfeb7927d:   d7 c2 85 c0 75 3d c5 fd 74 db c5 fd d7 c3 48 c1
  0x00007febfeb7928d:   e1 20 48 09 c8 f3 48 0f bc c0 48 83 ef 3f 48 01



---------------  P R O C E S S  ---------------

VM state: at safepoint (shutting down)

VM Mutex/Monitor currently owned by a thread:  ([mutex/lock_event])
[0x00007febfe8f64d8] ThreadsLockThrottle_lock - owner thread: 0x00007febf810ab40
[0x00007febfe8f61d8] Threads_lock - owner thread: 0x00007febf80ff6e0
[0x00007febfe8f5f58] Heap_lock - owner thread: 0x00007feba0894790

Heap address: 0x000000070fa00000, size: 3846 MB, Compressed Oops mode: Zero based, Oop shift amount: 3

CDS archive(s) mapped at: [0x0000000032000000-0x0000000032da7000-0x0000000032da7000), size 14315520, SharedBaseAddress: 0x0000000032000000, ArchiveRelocationMode: 1.
Compressed class space mapped at: 0x0000000033000000-0x0000000073000000, reserved size: 1073741824
UseCompressedClassPointers 1, UseCompactObjectHeaders 0
Narrow klass pointer bits 32, Max shift 3
Narrow klass base: 0x0000000032000000, Narrow klass shift: 0
Encoding Range: [0x0000000032000000 - 0x0000000132000000), (4294967296 bytes)
Klass Range:    [0x0000000032000000 - 0x0000000073000000), (1090519040 bytes)
Klass ID Range:  [8 - 1090519033) (1090519025)
Protection zone: [0x0000000032000000 - 0x0000000032001000), (4096 bytes)

GC Precious Log:
<Skipped>

Heap:
 garbage-first heap   total reserved 3938304K, committed 442368K, used 248956K [0x000000070fa00000, 0x0000000800000000)
  region size 2M, 100 eden (200M), 9 survivor (18M), 12 old (24M), 2 humongous (4M), 93 free (186M)

Heap Regions: E=young(eden), S=young(survivor), O=old, HS=humongous(starts), HC=humongous(continues), CS=collection set, F=free, TAMS=top-at-mark-start, PB=parsable bottom
|    0|0x000000070fa00000, 0x000000070fc00000, 0x000000070fc00000|100%|HS|  |TAMS 0x000000070fa00000| PB 0x000000070fa00000| Complete  |  0
|    1|0x000000070fc00000, 0x000000070fe00000, 0x000000070fe00000|100%| O|  |TAMS 0x000000070fc00000| PB 0x000000070fc00000| Untracked |  0
|    2|0x000000070fe00000, 0x0000000710000000, 0x0000000710000000|100%| O|  |TAMS 0x000000070fe00000| PB 0x000000070fe00000| Untracked |  0
|    3|0x0000000710000000, 0x0000000710200000, 0x0000000710200000|100%| O|  |TAMS 0x0000000710000000| PB 0x0000000710000000| Untracked |  0
|    4|0x0000000710200000, 0x0000000710400000, 0x0000000710400000|100%| O|  |TAMS 0x0000000710200000| PB 0x0000000710200000| Untracked |  0
|    5|0x0000000710400000, 0x0000000710600000, 0x0000000710600000|100%| O|  |TAMS 0x0000000710400000| PB 0x0000000710400000| Untracked |  0
|    6|0x0000000710600000, 0x0000000710800000, 0x0000000710800000|100%| O|  |TAMS 0x0000000710600000| PB 0x0000000710600000| Untracked |  0
|    7|0x0000000710800000, 0x0000000710a00000, 0x0000000710a00000|100%| O|  |TAMS 0x0000000710800000| PB 0x0000000710800000| Untracked |  0
|    8|0x0000000710a00000, 0x0000000710c00000, 0x0000000710c00000|100%| O|  |TAMS 0x0000000710a00000| PB 0x0000000710a00000| Untracked |  0
|    9|0x0000000710c00000, 0x0000000710e00000, 0x0000000710e00000|100%| O|  |TAMS 0x0000000710c00000| PB 0x0000000710c00000| Untracked |  0
|   10|0x0000000710e00000, 0x0000000710fdc000, 0x0000000711000000| 92%| O|  |TAMS 0x0000000710e00000| PB 0x0000000710e00000| Untracked |  0
|   11|0x0000000711000000, 0x0000000711000000, 0x0000000711200000|  0%| F|  |TAMS 0x0000000711000000| PB 0x0000000711000000| Untracked |  0
|   12|0x0000000711200000, 0x0000000711200000, 0x0000000711400000|  0%| F|  |TAMS 0x0000000711200000| PB 0x0000000711200000| Untracked |  0
|   13|0x0000000711400000, 0x0000000711400000, 0x0000000711600000|  0%| F|  |TAMS 0x0000000711400000| PB 0x0000000711400000| Untracked |  0
|   14|0x0000000711600000, 0x0000000711800000, 0x0000000711800000|100%|HS|  |TAMS 0x0000000711600000| PB 0x0000000711600000| Complete  |  0
|   15|0x0000000711800000, 0x0000000711800000, 0x0000000711a00000|  0%| F|  |TAMS 0x0000000711800000| PB 0x0000000711800000| Untracked |  0
|   16|0x0000000711a00000, 0x0000000711a00000, 0x0000000711c00000|  0%| F|  |TAMS 0x0000000711a00000| PB 0x0000000711a00000| Untracked |  0
|   17|0x0000000711c00000, 0x0000000711c00000, 0x0000000711e00000|  0%| F|  |TAMS 0x0000000711c00000| PB 0x0000000711c00000| Untracked |  0
|   18|0x0000000711e00000, 0x0000000711e00000, 0x0000000712000000|  0%| F|  |TAMS 0x0000000711e00000| PB 0x0000000711e00000| Untracked |  0
|   19|0x0000000712000000, 0x0000000712000000, 0x0000000712200000|  0%| F|  |TAMS 0x0000000712000000| PB 0x0000000712000000| Untracked |  0
|   20|0x0000000712200000, 0x0000000712200000, 0x0000000712400000|  0%| F|  |TAMS 0x0000000712200000| PB 0x0000000712200000| Untracked |  0
|   21|0x0000000712400000, 0x0000000712400000, 0x0000000712600000|  0%| F|  |TAMS 0x0000000712400000| PB 0x0000000712400000| Untracked |  0
|   22|0x0000000712600000, 0x0000000712600000, 0x0000000712800000|  0%| F|  |TAMS 0x0000000712600000| PB 0x0000000712600000| Untracked |  0
|   23|0x0000000712800000, 0x0000000712800000, 0x0000000712a00000|  0%| F|  |TAMS 0x0000000712800000| PB 0x0000000712800000| Untracked |  0
|   24|0x0000000712a00000, 0x0000000712a00000, 0x0000000712c00000|  0%| F|  |TAMS 0x0000000712a00000| PB 0x0000000712a00000| Untracked |  0
|   25|0x0000000712c00000, 0x0000000712c00000, 0x0000000712e00000|  0%| F|  |TAMS 0x0000000712c00000| PB 0x0000000712c00000| Untracked |  0
|   26|0x0000000712e00000, 0x0000000712e00000, 0x0000000713000000|  0%| F|  |TAMS 0x0000000712e00000| PB 0x0000000712e00000| Untracked |  0
|   27|0x0000000713000000, 0x0000000713000000, 0x0000000713200000|  0%| F|  |TAMS 0x0000000713000000| PB 0x0000000713000000| Untracked |  0
|   28|0x0000000713200000, 0x0000000713200000, 0x0000000713400000|  0%| F|  |TAMS 0x0000000713200000| PB 0x0000000713200000| Untracked |  0
|   29|0x0000000713400000, 0x0000000713400000, 0x0000000713600000|  0%| F|  |TAMS 0x0000000713400000| PB 0x0000000713400000| Untracked |  0
|   30|0x0000000713600000, 0x0000000713600000, 0x0000000713800000|  0%| F|  |TAMS 0x0000000713600000| PB 0x0000000713600000| Untracked |  0
|   31|0x0000000713800000, 0x0000000713800000, 0x0000000713a00000|  0%| F|  |TAMS 0x0000000713800000| PB 0x0000000713800000| Untracked |  0
|   32|0x0000000713a00000, 0x0000000713a00000, 0x0000000713c00000|  0%| F|  |TAMS 0x0000000713a00000| PB 0x0000000713a00000| Untracked |  0
|   33|0x0000000713c00000, 0x0000000713c00000, 0x0000000713e00000|  0%| F|  |TAMS 0x0000000713c00000| PB 0x0000000713c00000| Untracked |  0
|   34|0x0000000713e00000, 0x0000000713e00000, 0x0000000714000000|  0%| F|  |TAMS 0x0000000713e00000| PB 0x0000000713e00000| Untracked |  0
|   35|0x0000000714000000, 0x0000000714000000, 0x0000000714200000|  0%| F|  |TAMS 0x0000000714000000| PB 0x0000000714000000| Untracked |  0
|   36|0x0000000714200000, 0x0000000714200000, 0x0000000714400000|  0%| F|  |TAMS 0x0000000714200000| PB 0x0000000714200000| Untracked |  0
|   37|0x0000000714400000, 0x0000000714400000, 0x0000000714600000|  0%| F|  |TAMS 0x0000000714400000| PB 0x0000000714400000| Untracked |  0
|   38|0x0000000714600000, 0x0000000714600000, 0x0000000714800000|  0%| F|  |TAMS 0x0000000714600000| PB 0x0000000714600000| Untracked |  0
|   39|0x0000000714800000, 0x0000000714800000, 0x0000000714a00000|  0%| F|  |TAMS 0x0000000714800000| PB 0x0000000714800000| Untracked |  0
|   40|0x0000000714a00000, 0x0000000714a00000, 0x0000000714c00000|  0%| F|  |TAMS 0x0000000714a00000| PB 0x0000000714a00000| Untracked |  0
|   41|0x0000000714c00000, 0x0000000714c00000, 0x0000000714e00000|  0%| F|  |TAMS 0x0000000714c00000| PB 0x0000000714c00000| Untracked |  0
|   42|0x0000000714e00000, 0x0000000714e00000, 0x0000000715000000|  0%| F|  |TAMS 0x0000000714e00000| PB 0x0000000714e00000| Untracked |  0
|   43|0x0000000715000000, 0x0000000715000000, 0x0000000715200000|  0%| F|  |TAMS 0x0000000715000000| PB 0x0000000715000000| Untracked |  0
|   44|0x0000000715200000, 0x0000000715200000, 0x0000000715400000|  0%| F|  |TAMS 0x0000000715200000| PB 0x0000000715200000| Untracked |  0
|   45|0x0000000715400000, 0x0000000715400000, 0x0000000715600000|  0%| F|  |TAMS 0x0000000715400000| PB 0x0000000715400000| Untracked |  0
|   46|0x0000000715600000, 0x0000000715600000, 0x0000000715800000|  0%| F|  |TAMS 0x0000000715600000| PB 0x0000000715600000| Untracked |  0
|   47|0x0000000715800000, 0x0000000715800000, 0x0000000715a00000|  0%| F|  |TAMS 0x0000000715800000| PB 0x0000000715800000| Untracked |  0
|   48|0x0000000715a00000, 0x0000000715a00000, 0x0000000715c00000|  0%| F|  |TAMS 0x0000000715a00000| PB 0x0000000715a00000| Untracked |  0
|   49|0x0000000715c00000, 0x0000000715c00000, 0x0000000715e00000|  0%| F|  |TAMS 0x0000000715c00000| PB 0x0000000715c00000| Untracked |  0
|   50|0x0000000715e00000, 0x0000000715e00000, 0x0000000716000000|  0%| F|  |TAMS 0x0000000715e00000| PB 0x0000000715e00000| Untracked |  0
|   51|0x0000000716000000, 0x0000000716000000, 0x0000000716200000|  0%| F|  |TAMS 0x0000000716000000| PB 0x0000000716000000| Untracked |  0
|   52|0x0000000716200000, 0x0000000716200000, 0x0000000716400000|  0%| F|  |TAMS 0x0000000716200000| PB 0x0000000716200000| Untracked |  0
|   53|0x0000000716400000, 0x0000000716400000, 0x0000000716600000|  0%| F|  |TAMS 0x0000000716400000| PB 0x0000000716400000| Untracked |  0
|   54|0x0000000716600000, 0x0000000716600000, 0x0000000716800000|  0%| F|  |TAMS 0x0000000716600000| PB 0x0000000716600000| Untracked |  0
|   55|0x0000000716800000, 0x0000000716800000, 0x0000000716a00000|  0%| F|  |TAMS 0x0000000716800000| PB 0x0000000716800000| Untracked |  0
|   56|0x0000000716a00000, 0x0000000716a00000, 0x0000000716c00000|  0%| F|  |TAMS 0x0000000716a00000| PB 0x0000000716a00000| Untracked |  0
|   57|0x0000000716c00000, 0x0000000716c00000, 0x0000000716e00000|  0%| F|  |TAMS 0x0000000716c00000| PB 0x0000000716c00000| Untracked |  0
|   58|0x0000000716e00000, 0x0000000716e00000, 0x0000000717000000|  0%| F|  |TAMS 0x0000000716e00000| PB 0x0000000716e00000| Untracked |  0
|   59|0x0000000717000000, 0x0000000717000000, 0x0000000717200000|  0%| F|  |TAMS 0x0000000717000000| PB 0x0000000717000000| Untracked |  0
|   60|0x0000000717200000, 0x0000000717200000, 0x0000000717400000|  0%| F|  |TAMS 0x0000000717200000| PB 0x0000000717200000| Untracked |  0
|   61|0x0000000717400000, 0x0000000717400000, 0x0000000717600000|  0%| F|  |TAMS 0x0000000717400000| PB 0x0000000717400000| Untracked |  0
|   62|0x0000000717600000, 0x0000000717600000, 0x0000000717800000|  0%| F|  |TAMS 0x0000000717600000| PB 0x0000000717600000| Untracked |  0
|   63|0x0000000717800000, 0x0000000717800000, 0x0000000717a00000|  0%| F|  |TAMS 0x0000000717800000| PB 0x0000000717800000| Untracked |  0
|   64|0x0000000717a00000, 0x0000000717a00000, 0x0000000717c00000|  0%| F|  |TAMS 0x0000000717a00000| PB 0x0000000717a00000| Untracked |  0
|   65|0x0000000717c00000, 0x0000000717c00000, 0x0000000717e00000|  0%| F|  |TAMS 0x0000000717c00000| PB 0x0000000717c00000| Untracked |  0
|   66|0x0000000717e00000, 0x0000000717e00000, 0x0000000718000000|  0%| F|  |TAMS 0x0000000717e00000| PB 0x0000000717e00000| Untracked |  0
|   67|0x0000000718000000, 0x0000000718000000, 0x0000000718200000|  0%| F|  |TAMS 0x0000000718000000| PB 0x0000000718000000| Untracked |  0
|   68|0x0000000718200000, 0x0000000718200000, 0x0000000718400000|  0%| F|  |TAMS 0x0000000718200000| PB 0x0000000718200000| Untracked |  0
|   69|0x0000000718400000, 0x0000000718400000, 0x0000000718600000|  0%| F|  |TAMS 0x0000000718400000| PB 0x0000000718400000| Untracked |  0
|   70|0x0000000718600000, 0x0000000718600000, 0x0000000718800000|  0%| F|  |TAMS 0x0000000718600000| PB 0x0000000718600000| Untracked |  0
|   71|0x0000000718800000, 0x0000000718800000, 0x0000000718a00000|  0%| F|  |TAMS 0x0000000718800000| PB 0x0000000718800000| Untracked |  0
|   72|0x0000000718a00000, 0x0000000718a00000, 0x0000000718c00000|  0%| F|  |TAMS 0x0000000718a00000| PB 0x0000000718a00000| Untracked |  0
|   73|0x0000000718c00000, 0x0000000718c00000, 0x0000000718e00000|  0%| F|  |TAMS 0x0000000718c00000| PB 0x0000000718c00000| Untracked |  0
|   74|0x0000000718e00000, 0x0000000718e00000, 0x0000000719000000|  0%| F|  |TAMS 0x0000000718e00000| PB 0x0000000718e00000| Untracked |  0
|   75|0x0000000719000000, 0x0000000719000000, 0x0000000719200000|  0%| F|  |TAMS 0x0000000719000000| PB 0x0000000719000000| Untracked |  0
|   76|0x0000000719200000, 0x0000000719200000, 0x0000000719400000|  0%| F|  |TAMS 0x0000000719200000| PB 0x0000000719200000| Untracked |  0
|   77|0x0000000719400000, 0x0000000719400000, 0x0000000719600000|  0%| F|  |TAMS 0x0000000719400000| PB 0x0000000719400000| Untracked |  0
|   78|0x0000000719600000, 0x0000000719600000, 0x0000000719800000|  0%| F|  |TAMS 0x0000000719600000| PB 0x0000000719600000| Untracked |  0
|   79|0x0000000719800000, 0x0000000719800000, 0x0000000719a00000|  0%| F|  |TAMS 0x0000000719800000| PB 0x0000000719800000| Untracked |  0
|   80|0x0000000719a00000, 0x0000000719a00000, 0x0000000719c00000|  0%| F|  |TAMS 0x0000000719a00000| PB 0x0000000719a00000| Untracked |  0
|   81|0x0000000719c00000, 0x0000000719c00000, 0x0000000719e00000|  0%| F|  |TAMS 0x0000000719c00000| PB 0x0000000719c00000| Untracked |  0
|   82|0x0000000719e00000, 0x0000000719e00000, 0x000000071a000000|  0%| F|  |TAMS 0x0000000719e00000| PB 0x0000000719e00000| Untracked |  0
|   83|0x000000071a000000, 0x000000071a143160, 0x000000071a200000| 63%| S|CS|TAMS 0x000000071a000000| PB 0x000000071a000000| Complete  |  0
|   84|0x000000071a200000, 0x000000071a400000, 0x000000071a400000|100%| S|CS|TAMS 0x000000071a200000| PB 0x000000071a200000| Complete  |  0
|   85|0x000000071a400000, 0x000000071a600000, 0x000000071a600000|100%| S|CS|TAMS 0x000000071a400000| PB 0x000000071a400000| Complete  |  0
|   86|0x000000071a600000, 0x000000071a800000, 0x000000071a800000|100%| S|CS|TAMS 0x000000071a600000| PB 0x000000071a600000| Complete  |  0
|   87|0x000000071a800000, 0x000000071aa00000, 0x000000071aa00000|100%| S|CS|TAMS 0x000000071a800000| PB 0x000000071a800000| Complete  |  0
|   88|0x000000071aa00000, 0x000000071ac00000, 0x000000071ac00000|100%| S|CS|TAMS 0x000000071aa00000| PB 0x000000071aa00000| Complete  |  0
|   89|0x000000071ac00000, 0x000000071ae00000, 0x000000071ae00000|100%| S|CS|TAMS 0x000000071ac00000| PB 0x000000071ac00000| Complete  |  0
|   90|0x000000071ae00000, 0x000000071ae00000, 0x000000071b000000|  0%| F|  |TAMS 0x000000071ae00000| PB 0x000000071ae00000| Untracked |  0
|   91|0x000000071b000000, 0x000000071b000000, 0x000000071b200000|  0%| F|  |TAMS 0x000000071b000000| PB 0x000000071b000000| Untracked |  0
|   92|0x000000071b200000, 0x000000071b200000, 0x000000071b400000|  0%| F|  |TAMS 0x000000071b200000| PB 0x000000071b200000| Untracked |  0
|   93|0x000000071b400000, 0x000000071b400000, 0x000000071b600000|  0%| F|  |TAMS 0x000000071b400000| PB 0x000000071b400000| Untracked |  0
|   94|0x000000071b600000, 0x000000071b800000, 0x000000071b800000|100%| S|CS|TAMS 0x000000071b600000| PB 0x000000071b600000| Complete  |  0
|   95|0x000000071b800000, 0x000000071ba00000, 0x000000071ba00000|100%| S|CS|TAMS 0x000000071b800000| PB 0x000000071b800000| Complete  |  0
|   96|0x000000071ba00000, 0x000000071ba00000, 0x000000071bc00000|  0%| F|  |TAMS 0x000000071ba00000| PB 0x000000071ba00000| Untracked |  0
|   97|0x000000071bc00000, 0x000000071bc00000, 0x000000071be00000|  0%| F|  |TAMS 0x000000071bc00000| PB 0x000000071bc00000| Untracked |  0
|   98|0x000000071be00000, 0x000000071be00000, 0x000000071c000000|  0%| F|  |TAMS 0x000000071be00000| PB 0x000000071be00000| Untracked |  0
|   99|0x000000071c000000, 0x000000071c000000, 0x000000071c200000|  0%| F|  |TAMS 0x000000071c000000| PB 0x000000071c000000| Untracked |  0
|  100|0x000000071c200000, 0x000000071c200000, 0x000000071c400000|  0%| F|  |TAMS 0x000000071c200000| PB 0x000000071c200000| Untracked |  0
|  101|0x000000071c400000, 0x000000071c400000, 0x000000071c600000|  0%| F|  |TAMS 0x000000071c400000| PB 0x000000071c400000| Untracked |  0
|  102|0x000000071c600000, 0x000000071c600000, 0x000000071c800000|  0%| F|  |TAMS 0x000000071c600000| PB 0x000000071c600000| Untracked |  0
|  103|0x000000071c800000, 0x000000071c800000, 0x000000071ca00000|  0%| F|  |TAMS 0x000000071c800000| PB 0x000000071c800000| Untracked |  0
|  104|0x000000071ca00000, 0x000000071ca00000, 0x000000071cc00000|  0%| F|  |TAMS 0x000000071ca00000| PB 0x000000071ca00000| Untracked |  0
|  105|0x000000071cc00000, 0x000000071cc00000, 0x000000071ce00000|  0%| F|  |TAMS 0x000000071cc00000| PB 0x000000071cc00000| Untracked |  0
|  106|0x000000071ce00000, 0x000000071ce00000, 0x000000071d000000|  0%| F|  |TAMS 0x000000071ce00000| PB 0x000000071ce00000| Untracked |  0
|  107|0x000000071d000000, 0x000000071d000000, 0x000000071d200000|  0%| F|  |TAMS 0x000000071d000000| PB 0x000000071d000000| Untracked |  0
|  108|0x000000071d200000, 0x000000071d200000, 0x000000071d400000|  0%| F|  |TAMS 0x000000071d200000| PB 0x000000071d200000| Untracked |  0
|  109|0x000000071d400000, 0x000000071d400000, 0x000000071d600000|  0%| F|  |TAMS 0x000000071d400000| PB 0x000000071d400000| Untracked |  0
|  110|0x000000071d600000, 0x000000071d600000, 0x000000071d800000|  0%| F|  |TAMS 0x000000071d600000| PB 0x000000071d600000| Untracked |  0
|  111|0x000000071d800000, 0x000000071d800000, 0x000000071da00000|  0%| F|  |TAMS 0x000000071d800000| PB 0x000000071d800000| Untracked |  0
|  112|0x000000071da00000, 0x000000071da00000, 0x000000071dc00000|  0%| F|  |TAMS 0x000000071da00000| PB 0x000000071da00000| Untracked |  0
|  113|0x000000071dc00000, 0x000000071dc00000, 0x000000071de00000|  0%| F|  |TAMS 0x000000071dc00000| PB 0x000000071dc00000| Untracked |  0
|  114|0x000000071de00000, 0x000000071df5b558, 0x000000071e000000| 67%| E|CS|TAMS 0x000000071de00000| PB 0x000000071de00000| Complete  |  0
|  115|0x000000071e000000, 0x000000071e200000, 0x000000071e200000|100%| E|CS|TAMS 0x000000071e000000| PB 0x000000071e000000| Complete  |  0
|  116|0x000000071e200000, 0x000000071e400000, 0x000000071e400000|100%| E|CS|TAMS 0x000000071e200000| PB 0x000000071e200000| Complete  |  0
|  117|0x000000071e400000, 0x000000071e600000, 0x000000071e600000|100%| E|CS|TAMS 0x000000071e400000| PB 0x000000071e400000| Complete  |  0
|  118|0x000000071e600000, 0x000000071e800000, 0x000000071e800000|100%| E|CS|TAMS 0x000000071e600000| PB 0x000000071e600000| Complete  |  0
|  119|0x000000071e800000, 0x000000071ea00000, 0x000000071ea00000|100%| E|CS|TAMS 0x000000071e800000| PB 0x000000071e800000| Complete  |  0
|  120|0x000000071ea00000, 0x000000071ec00000, 0x000000071ec00000|100%| E|CS|TAMS 0x000000071ea00000| PB 0x000000071ea00000| Complete  |  0
|  121|0x000000071ec00000, 0x000000071ee00000, 0x000000071ee00000|100%| E|CS|TAMS 0x000000071ec00000| PB 0x000000071ec00000| Complete  |  0
|  122|0x000000071ee00000, 0x000000071f000000, 0x000000071f000000|100%| E|CS|TAMS 0x000000071ee00000| PB 0x000000071ee00000| Complete  |  0
|  123|0x000000071f000000, 0x000000071f200000, 0x000000071f200000|100%| E|CS|TAMS 0x000000071f000000| PB 0x000000071f000000| Complete  |  0
|  124|0x000000071f200000, 0x000000071f400000, 0x000000071f400000|100%| E|CS|TAMS 0x000000071f200000| PB 0x000000071f200000| Complete  |  0
|  125|0x000000071f400000, 0x000000071f600000, 0x000000071f600000|100%| E|CS|TAMS 0x000000071f400000| PB 0x000000071f400000| Complete  |  0
|  126|0x000000071f600000, 0x000000071f800000, 0x000000071f800000|100%| E|CS|TAMS 0x000000071f600000| PB 0x000000071f600000| Complete  |  0
|  127|0x000000071f800000, 0x000000071fa00000, 0x000000071fa00000|100%| E|CS|TAMS 0x000000071f800000| PB 0x000000071f800000| Complete  |  0
|  128|0x000000071fa00000, 0x000000071fc00000, 0x000000071fc00000|100%| E|CS|TAMS 0x000000071fa00000| PB 0x000000071fa00000| Complete  |  0
|  129|0x000000071fc00000, 0x000000071fe00000, 0x000000071fe00000|100%| E|CS|TAMS 0x000000071fc00000| PB 0x000000071fc00000| Complete  |  0
|  130|0x000000071fe00000, 0x0000000720000000, 0x0000000720000000|100%| E|CS|TAMS 0x000000071fe00000| PB 0x000000071fe00000| Complete  |  0
|  131|0x0000000720000000, 0x0000000720200000, 0x0000000720200000|100%| E|CS|TAMS 0x0000000720000000| PB 0x0000000720000000| Complete  |  0
|  132|0x0000000720200000, 0x0000000720400000, 0x0000000720400000|100%| E|CS|TAMS 0x0000000720200000| PB 0x0000000720200000| Complete  |  0
|  133|0x0000000720400000, 0x0000000720600000, 0x0000000720600000|100%| E|CS|TAMS 0x0000000720400000| PB 0x0000000720400000| Complete  |  0
|  134|0x0000000720600000, 0x0000000720800000, 0x0000000720800000|100%| E|CS|TAMS 0x0000000720600000| PB 0x0000000720600000| Complete  |  0
|  135|0x0000000720800000, 0x0000000720a00000, 0x0000000720a00000|100%| E|CS|TAMS 0x0000000720800000| PB 0x0000000720800000| Complete  |  0
|  136|0x0000000720a00000, 0x0000000720c00000, 0x0000000720c00000|100%| E|CS|TAMS 0x0000000720a00000| PB 0x0000000720a00000| Complete  |  0
|  137|0x0000000720c00000, 0x0000000720e00000, 0x0000000720e00000|100%| E|CS|TAMS 0x0000000720c00000| PB 0x0000000720c00000| Complete  |  0
|  138|0x0000000720e00000, 0x0000000721000000, 0x0000000721000000|100%| E|CS|TAMS 0x0000000720e00000| PB 0x0000000720e00000| Complete  |  0
|  139|0x0000000721000000, 0x0000000721200000, 0x0000000721200000|100%| E|CS|TAMS 0x0000000721000000| PB 0x0000000721000000| Complete  |  0
|  140|0x0000000721200000, 0x0000000721400000, 0x0000000721400000|100%| E|CS|TAMS 0x0000000721200000| PB 0x0000000721200000| Complete  |  0
|  141|0x0000000721400000, 0x0000000721600000, 0x0000000721600000|100%| E|CS|TAMS 0x0000000721400000| PB 0x0000000721400000| Complete  |  0
|  142|0x0000000721600000, 0x0000000721800000, 0x0000000721800000|100%| E|CS|TAMS 0x0000000721600000| PB 0x0000000721600000| Complete  |  0
|  143|0x0000000721800000, 0x0000000721a00000, 0x0000000721a00000|100%| E|CS|TAMS 0x0000000721800000| PB 0x0000000721800000| Complete  |  0
|  144|0x0000000721a00000, 0x0000000721c00000, 0x0000000721c00000|100%| E|CS|TAMS 0x0000000721a00000| PB 0x0000000721a00000| Complete  |  0
|  145|0x0000000721c00000, 0x0000000721e00000, 0x0000000721e00000|100%| E|CS|TAMS 0x0000000721c00000| PB 0x0000000721c00000| Complete  |  0
|  146|0x0000000721e00000, 0x0000000722000000, 0x0000000722000000|100%| E|CS|TAMS 0x0000000721e00000| PB 0x0000000721e00000| Complete  |  0
|  147|0x0000000722000000, 0x0000000722200000, 0x0000000722200000|100%| E|CS|TAMS 0x0000000722000000| PB 0x0000000722000000| Complete  |  0
|  148|0x0000000722200000, 0x0000000722400000, 0x0000000722400000|100%| E|CS|TAMS 0x0000000722200000| PB 0x0000000722200000| Complete  |  0
|  149|0x0000000722400000, 0x0000000722600000, 0x0000000722600000|100%| E|CS|TAMS 0x0000000722400000| PB 0x0000000722400000| Complete  |  0
|  150|0x0000000722600000, 0x0000000722800000, 0x0000000722800000|100%| E|CS|TAMS 0x0000000722600000| PB 0x0000000722600000| Complete  |  0
|  151|0x0000000722800000, 0x0000000722a00000, 0x0000000722a00000|100%| E|CS|TAMS 0x0000000722800000| PB 0x0000000722800000| Complete  |  0
|  152|0x0000000722a00000, 0x0000000722c00000, 0x0000000722c00000|100%| E|CS|TAMS 0x0000000722a00000| PB 0x0000000722a00000| Complete  |  0
|  153|0x0000000722c00000, 0x0000000722e00000, 0x0000000722e00000|100%| E|CS|TAMS 0x0000000722c00000| PB 0x0000000722c00000| Complete  |  0
|  154|0x0000000722e00000, 0x0000000723000000, 0x0000000723000000|100%| E|CS|TAMS 0x0000000722e00000| PB 0x0000000722e00000| Complete  |  0
|  155|0x0000000723000000, 0x0000000723200000, 0x0000000723200000|100%| E|CS|TAMS 0x0000000723000000| PB 0x0000000723000000| Complete  |  0
|  156|0x0000000723200000, 0x0000000723400000, 0x0000000723400000|100%| E|CS|TAMS 0x0000000723200000| PB 0x0000000723200000| Complete  |  0
|  157|0x0000000723400000, 0x0000000723600000, 0x0000000723600000|100%| E|CS|TAMS 0x0000000723400000| PB 0x0000000723400000| Complete  |  0
|  158|0x0000000723600000, 0x0000000723800000, 0x0000000723800000|100%| E|CS|TAMS 0x0000000723600000| PB 0x0000000723600000| Complete  |  0
|  159|0x0000000723800000, 0x0000000723a00000, 0x0000000723a00000|100%| E|CS|TAMS 0x0000000723800000| PB 0x0000000723800000| Complete  |  0
|  160|0x0000000723a00000, 0x0000000723c00000, 0x0000000723c00000|100%| E|CS|TAMS 0x0000000723a00000| PB 0x0000000723a00000| Complete  |  0
|  161|0x0000000723c00000, 0x0000000723e00000, 0x0000000723e00000|100%| E|CS|TAMS 0x0000000723c00000| PB 0x0000000723c00000| Complete  |  0
|  162|0x0000000723e00000, 0x0000000724000000, 0x0000000724000000|100%| E|CS|TAMS 0x0000000723e00000| PB 0x0000000723e00000| Complete  |  0
|  163|0x0000000724000000, 0x0000000724200000, 0x0000000724200000|100%| E|CS|TAMS 0x0000000724000000| PB 0x0000000724000000| Complete  |  0
|  164|0x0000000724200000, 0x0000000724400000, 0x0000000724400000|100%| E|CS|TAMS 0x0000000724200000| PB 0x0000000724200000| Complete  |  0
|  165|0x0000000724400000, 0x0000000724600000, 0x0000000724600000|100%| E|CS|TAMS 0x0000000724400000| PB 0x0000000724400000| Complete  |  0
|  166|0x0000000724600000, 0x0000000724800000, 0x0000000724800000|100%| E|CS|TAMS 0x0000000724600000| PB 0x0000000724600000| Complete  |  0
|  167|0x0000000724800000, 0x0000000724a00000, 0x0000000724a00000|100%| E|CS|TAMS 0x0000000724800000| PB 0x0000000724800000| Complete  |  0
|  168|0x0000000724a00000, 0x0000000724c00000, 0x0000000724c00000|100%| E|CS|TAMS 0x0000000724a00000| PB 0x0000000724a00000| Complete  |  0
|  169|0x0000000724c00000, 0x0000000724e00000, 0x0000000724e00000|100%| E|CS|TAMS 0x0000000724c00000| PB 0x0000000724c00000| Complete  |  0
|  170|0x0000000724e00000, 0x0000000725000000, 0x0000000725000000|100%| E|CS|TAMS 0x0000000724e00000| PB 0x0000000724e00000| Complete  |  0
|  171|0x0000000725000000, 0x0000000725200000, 0x0000000725200000|100%| E|CS|TAMS 0x0000000725000000| PB 0x0000000725000000| Complete  |  0
|  172|0x0000000725200000, 0x0000000725400000, 0x0000000725400000|100%| E|CS|TAMS 0x0000000725200000| PB 0x0000000725200000| Complete  |  0
|  173|0x0000000725400000, 0x0000000725600000, 0x0000000725600000|100%| E|CS|TAMS 0x0000000725400000| PB 0x0000000725400000| Complete  |  0
|  174|0x0000000725600000, 0x0000000725800000, 0x0000000725800000|100%| E|CS|TAMS 0x0000000725600000| PB 0x0000000725600000| Complete  |  0
|  175|0x0000000725800000, 0x0000000725a00000, 0x0000000725a00000|100%| E|CS|TAMS 0x0000000725800000| PB 0x0000000725800000| Complete  |  0
|  176|0x0000000725a00000, 0x0000000725c00000, 0x0000000725c00000|100%| E|CS|TAMS 0x0000000725a00000| PB 0x0000000725a00000| Complete  |  0
|  177|0x0000000725c00000, 0x0000000725e00000, 0x0000000725e00000|100%| E|CS|TAMS 0x0000000725c00000| PB 0x0000000725c00000| Complete  |  0
|  178|0x0000000725e00000, 0x0000000726000000, 0x0000000726000000|100%| E|CS|TAMS 0x0000000725e00000| PB 0x0000000725e00000| Complete  |  0
|  179|0x0000000726000000, 0x0000000726200000, 0x0000000726200000|100%| E|CS|TAMS 0x0000000726000000| PB 0x0000000726000000| Complete  |  0
|  180|0x0000000726200000, 0x0000000726400000, 0x0000000726400000|100%| E|CS|TAMS 0x0000000726200000| PB 0x0000000726200000| Complete  |  0
|  181|0x0000000726400000, 0x0000000726600000, 0x0000000726600000|100%| E|CS|TAMS 0x0000000726400000| PB 0x0000000726400000| Complete  |  0
|  182|0x0000000726600000, 0x0000000726800000, 0x0000000726800000|100%| E|CS|TAMS 0x0000000726600000| PB 0x0000000726600000| Complete  |  0
|  183|0x0000000726800000, 0x0000000726a00000, 0x0000000726a00000|100%| E|CS|TAMS 0x0000000726800000| PB 0x0000000726800000| Complete  |  0
|  184|0x0000000726a00000, 0x0000000726c00000, 0x0000000726c00000|100%| E|CS|TAMS 0x0000000726a00000| PB 0x0000000726a00000| Complete  |  0
|  185|0x0000000726c00000, 0x0000000726e00000, 0x0000000726e00000|100%| E|CS|TAMS 0x0000000726c00000| PB 0x0000000726c00000| Complete  |  0
|  186|0x0000000726e00000, 0x0000000727000000, 0x0000000727000000|100%| E|CS|TAMS 0x0000000726e00000| PB 0x0000000726e00000| Complete  |  0
|  187|0x0000000727000000, 0x0000000727200000, 0x0000000727200000|100%| E|CS|TAMS 0x0000000727000000| PB 0x0000000727000000| Complete  |  0
|  188|0x0000000727200000, 0x0000000727400000, 0x0000000727400000|100%| E|CS|TAMS 0x0000000727200000| PB 0x0000000727200000| Complete  |  0
|  189|0x0000000727400000, 0x0000000727600000, 0x0000000727600000|100%| E|CS|TAMS 0x0000000727400000| PB 0x0000000727400000| Complete  |  0
|  190|0x0000000727600000, 0x0000000727800000, 0x0000000727800000|100%| E|CS|TAMS 0x0000000727600000| PB 0x0000000727600000| Complete  |  0
|  191|0x0000000727800000, 0x0000000727a00000, 0x0000000727a00000|100%| E|CS|TAMS 0x0000000727800000| PB 0x0000000727800000| Complete  |  0
|  192|0x0000000727a00000, 0x0000000727c00000, 0x0000000727c00000|100%| E|CS|TAMS 0x0000000727a00000| PB 0x0000000727a00000| Complete  |  0
|  193|0x0000000727c00000, 0x0000000727e00000, 0x0000000727e00000|100%| E|CS|TAMS 0x0000000727c00000| PB 0x0000000727c00000| Complete  |  0
|  194|0x0000000727e00000, 0x0000000728000000, 0x0000000728000000|100%| E|CS|TAMS 0x0000000727e00000| PB 0x0000000727e00000| Complete  |  0
|  195|0x0000000728000000, 0x0000000728200000, 0x0000000728200000|100%| E|CS|TAMS 0x0000000728000000| PB 0x0000000728000000| Complete  |  0
|  196|0x0000000728200000, 0x0000000728400000, 0x0000000728400000|100%| E|CS|TAMS 0x0000000728200000| PB 0x0000000728200000| Complete  |  0
|  197|0x0000000728400000, 0x0000000728600000, 0x0000000728600000|100%| E|CS|TAMS 0x0000000728400000| PB 0x0000000728400000| Complete  |  0
|  198|0x0000000728600000, 0x0000000728800000, 0x0000000728800000|100%| E|CS|TAMS 0x0000000728600000| PB 0x0000000728600000| Complete  |  0
|  199|0x0000000728800000, 0x0000000728a00000, 0x0000000728a00000|100%| E|CS|TAMS 0x0000000728800000| PB 0x0000000728800000| Complete  |  0
|  200|0x0000000728a00000, 0x0000000728c00000, 0x0000000728c00000|100%| E|CS|TAMS 0x0000000728a00000| PB 0x0000000728a00000| Complete  |  0
|  201|0x0000000728c00000, 0x0000000728e00000, 0x0000000728e00000|100%| E|CS|TAMS 0x0000000728c00000| PB 0x0000000728c00000| Complete  |  0
|  202|0x0000000728e00000, 0x0000000729000000, 0x0000000729000000|100%| E|CS|TAMS 0x0000000728e00000| PB 0x0000000728e00000| Complete  |  0
|  203|0x0000000729000000, 0x0000000729200000, 0x0000000729200000|100%| E|CS|TAMS 0x0000000729000000| PB 0x0000000729000000| Complete  |  0
|  204|0x0000000729200000, 0x0000000729400000, 0x0000000729400000|100%| E|CS|TAMS 0x0000000729200000| PB 0x0000000729200000| Complete  |  0
|  205|0x0000000729400000, 0x0000000729600000, 0x0000000729600000|100%| E|CS|TAMS 0x0000000729400000| PB 0x0000000729400000| Complete  |  0
|  206|0x0000000729600000, 0x0000000729800000, 0x0000000729800000|100%| E|CS|TAMS 0x0000000729600000| PB 0x0000000729600000| Complete  |  0
|  207|0x0000000729800000, 0x0000000729a00000, 0x0000000729a00000|100%| E|CS|TAMS 0x0000000729800000| PB 0x0000000729800000| Complete  |  0
|  208|0x0000000729a00000, 0x0000000729c00000, 0x0000000729c00000|100%| E|CS|TAMS 0x0000000729a00000| PB 0x0000000729a00000| Complete  |  0
|  209|0x0000000729c00000, 0x0000000729e00000, 0x0000000729e00000|100%| E|CS|TAMS 0x0000000729c00000| PB 0x0000000729c00000| Complete  |  0
|  210|0x0000000729e00000, 0x000000072a000000, 0x000000072a000000|100%| E|CS|TAMS 0x0000000729e00000| PB 0x0000000729e00000| Complete  |  0
|  211|0x000000072a000000, 0x000000072a200000, 0x000000072a200000|100%| E|CS|TAMS 0x000000072a000000| PB 0x000000072a000000| Complete  |  0
|  212|0x000000072a200000, 0x000000072a400000, 0x000000072a400000|100%| E|CS|TAMS 0x000000072a200000| PB 0x000000072a200000| Complete  |  0
| 1920|0x00000007ffa00000, 0x00000007ffc00000, 0x00000007ffc00000|100%| O|  |TAMS 0x00000007ffa00000| PB 0x00000007ffa00000| Untracked |  0
| 1921|0x00000007ffc00000, 0x00000007ffe00000, 0x00000007ffe00000|100%| O|  |TAMS 0x00000007ffc00000| PB 0x00000007ffc00000| Untracked |  0
| 1922|0x00000007ffe00000, 0x0000000800000000, 0x0000000800000000|100%| E|CS|TAMS 0x00000007ffe00000| PB 0x00000007ffe00000| Complete  |  0

Card table byte_map: [0x00007febdeef9000,0x00007febdf67c000] _byte_map_base: 0x00007febdb67c000
Refinement table byte_map: [0x00007febde776000,0x00007febdeef9000] _byte_map_base: 0x00007febdaef9000

Marking Bits: (CMBitMap*) 0x00007febf806ef50
 Bits: [0x00007febdab5e000, 0x00007febde776000)

Polling page: 0x00007febfec39000

Metaspace:
Metaspace        used 86678K, committed 88128K, reserved 1179648K
 class space     used 9485K, committed 10112K, reserved 1048576K

Usage:
  Non-class:     75.38 MB used.
      Class:      9.26 MB used.
       Both:     84.65 MB used.

Virtual space:
  Non-class space:      128.00 MB reserved,      76.19 MB ( 60%) committed,  2 nodes.
      Class space:        1.00 GB reserved,       9.88 MB ( <1%) committed,  1 nodes.
             Both:        1.12 GB reserved,      86.06 MB (  7%) committed. 

Chunk freelists:
   Non-Class:  3.44 MB
       Class:  6.12 MB
        Both:  9.57 MB

MaxMetaspaceSize: unlimited
CompressedClassSpaceSize: 1.00 GB
Initial GC threshold: 21.00 MB
Current GC threshold: 99.06 MB
CDS: on
 - commit_granule_bytes: 65536.
 - commit_granule_words: 8192.
 - virtual_space_node_default_size: 8388608.
 - enlarge_chunks_in_place: 1.
UseCompressedClassPointers 1, UseCompactObjectHeaders 0
Narrow klass pointer bits 32, Max shift 3
Narrow klass base: 0x0000000032000000, Narrow klass shift: 0
Encoding Range: [0x0000000032000000 - 0x0000000132000000), (4294967296 bytes)
Klass Range:    [0x0000000032000000 - 0x0000000073000000), (1090519040 bytes)
Klass ID Range:  [8 - 1090519033) (1090519025)
Protection zone: [0x0000000032000000 - 0x0000000032001000), (4096 bytes)


Internal statistics:

num_allocs_failed_limit: 26.
num_arena_births: 2180.
num_arena_deaths: 0.
num_vsnodes_births: 3.
num_vsnodes_deaths: 0.
num_space_committed: 1375.
num_space_uncommitted: 0.
num_chunks_returned_to_freelist: 26.
num_chunks_taken_from_freelist: 5386.
num_chunk_merges: 21.
num_chunk_splits: 3661.
num_chunks_enlarged: 2647.
num_inconsistent_stats: 0.

CodeHeap 'non-profiled nmethods': size=119168Kb used=6966Kb max_used=6966Kb free=112201Kb
 bounds [0x00007febe79a0000, 0x00007febe8070000, 0x00007febeee00000]
CodeHeap 'profiled nmethods': size=119168Kb used=22473Kb max_used=22473Kb free=96694Kb
 bounds [0x00007febdfdff000, 0x00007febe13ff000, 0x00007febe725f000]
CodeHeap 'non-nmethods': size=7428Kb used=6282Kb max_used=6350Kb free=1145Kb
 bounds [0x00007febe725f000, 0x00007febe78af000, 0x00007febe79a0000]
CodeCache: size=245764Kb, used=35721Kb, max_used=35789Kb, free=210040Kb
 total_blobs=17621, nmethods=14153, adapters=3359, full_count=0
Compilation: enabled, stopped_count=0, restarted_count=0

Compilation events (20 events):
Event: 72.449 Thread 0x0000556fbe5a7c60 nmethod 14568 0x00007febe13ef088 code [0x00007febe13ef180, 0x00007febe13ef4f8]
Event: 72.449 Thread 0x0000556fbe5a7c60 14569       3       com.nuvio.app.features.player.PlayerScreenRuntime::getSubmitIntroEndTimeStr (25 bytes)
Event: 72.449 Thread 0x0000556fbe5a7c60 nmethod 14569 0x00007febe13ef508 code [0x00007febe13ef600, 0x00007febe13ef978]
Event: 72.449 Thread 0x00007febf81116d0 nmethod 14566 0x00007febe13ed088 code [0x00007febe13ed180, 0x00007febe13ee818]
Event: 72.451 Thread 0x0000556fbe5a6460 14571       3       java.util.concurrent.atomic.AtomicLong::incrementAndGet (14 bytes)
Event: 72.451 Thread 0x0000556fbe5a6460 nmethod 14571 0x00007febe13ef988 code [0x00007febe13efa80, 0x00007febe13efb88]
Event: 72.460 Thread 0x00007febf810fd00 nmethod 14558 0x00007febe806b108 code [0x00007febe806b200, 0x00007febe806d630]
Event: 72.460 Thread 0x00007febf810fd00 14564       4       jdk.internal.jimage.ImageStringsReader::stringFromByteBufferMatches (138 bytes)
Event: 72.461 Thread 0x0000556fbe5a7c60 14573       3       java.lang.invoke.BoundMethodHandle::bindArgumentL (11 bytes)
Event: 72.461 Thread 0x00007febf81116d0 14574       3       java.lang.invoke.LambdaFormEditor::bindArgumentL (59 bytes)
Event: 72.461 Thread 0x00007febf81116d0 nmethod 14574 0x00007febe13efc88 code [0x00007febe13efd80, 0x00007febe13f0010]
Event: 72.461 Thread 0x0000556fbe5a7c60 nmethod 14573 0x00007febe13f0088 code [0x00007febe13f0180, 0x00007febe13f0638]
Event: 72.463 Thread 0x0000556fbe5a7c60 14575       3       jdk.internal.classfile.impl.DirectCodeBuilder::ireturn (12 bytes)
Event: 72.463 Thread 0x0000556fbe5a6460 14576       3       jdk.internal.classfile.impl.StackMapDecoder$1::compare (13 bytes)
Event: 72.463 Thread 0x00007febf81116d0 14577       3       jdk.internal.classfile.impl.StackMapDecoder$1::compare (30 bytes)
Event: 72.463 Thread 0x0000556fbe5a7c60 nmethod 14575 0x00007febe13f0688 code [0x00007febe13f0780, 0x00007febe13f0948]
Event: 72.463 Thread 0x00007febf81116d0 nmethod 14577 0x00007febe13f0988 code [0x00007febe13f0a80, 0x00007febe13f0f00]
Event: 72.463 Thread 0x0000556fbe5a6460 nmethod 14576 0x00007febe13f0f08 code [0x00007febe13f1000, 0x00007febe13f16c8]
Event: 72.466 Thread 0x0000556fbe5a7c60 14578       1       co.touchlab.kermit.JvmMutableLoggerConfig::getMinSeverity (5 bytes)
Event: 72.466 Thread 0x0000556fbe5a7c60 nmethod 14578 0x00007febe806d688 code [0x00007febe806d780, 0x00007febe806d830]

GC Heap Usage History (20 events):
Event: 1.911 {heap Before GC invocations=7 (full 0):
 garbage-first heap   total reserved 3938304K, committed 49152K, used 27711K [0x000000070fa00000, 0x0000000800000000)
  region size 2M, 10 eden (20M), 2 survivor (4M), 3 old (6M), 1 humongous (2M), 8 free (16M)
}
Event: 1.916 {heap After GC invocations=8 (full 0):
 garbage-first heap   total reserved 3938304K, committed 49152K, used 11772K [0x000000070fa00000, 0x0000000800000000)
  region size 2M, 0 eden (0M), 2 survivor (4M), 4 old (8M), 1 humongous (2M), 17 free (34M)
}
Event: 2.284 {heap Before GC invocations=9 (full 0):
 garbage-first heap   total reserved 3938304K, committed 49152K, used 34300K [0x000000070fa00000, 0x0000000800000000)
  region size 2M, 12 eden (24M), 2 survivor (4M), 4 old (8M), 1 humongous (2M), 5 free (10M)
}
Event: 2.291 {heap After GC invocations=10 (full 0):
 garbage-first heap   total reserved 3938304K, committed 49152K, used 13186K [0x000000070fa00000, 0x0000000800000000)
  region size 2M, 0 eden (0M), 2 survivor (4M), 4 old (8M), 1 humongous (2M), 17 free (34M)
}
Event: 2.635 {heap Before GC invocations=10 (full 0):
 garbage-first heap   total reserved 3938304K, committed 49152K, used 35714K [0x000000070fa00000, 0x0000000800000000)
  region size 2M, 12 eden (24M), 2 survivor (4M), 4 old (8M), 1 humongous (2M), 5 free (10M)
}
Event: 2.640 {heap After GC invocations=11 (full 0):
 garbage-first heap   total reserved 3938304K, committed 147456K, used 14864K [0x000000070fa00000, 0x0000000800000000)
  region size 2M, 0 eden (0M), 2 survivor (4M), 5 old (10M), 1 humongous (2M), 64 free (128M)
}
Event: 2.773 {heap Before GC invocations=11 (full 0):
 garbage-first heap   total reserved 3938304K, committed 147456K, used 37392K [0x000000070fa00000, 0x0000000800000000)
  region size 2M, 10 eden (20M), 2 survivor (4M), 5 old (10M), 3 humongous (6M), 52 free (104M)
}
Event: 2.788 {heap After GC invocations=12 (full 0):
 garbage-first heap   total reserved 3938304K, committed 147456K, used 18302K [0x000000070fa00000, 0x0000000800000000)
  region size 2M, 0 eden (0M), 4 survivor (8M), 5 old (10M), 1 humongous (2M), 62 free (124M)
}
Event: 3.359 {heap Before GC invocations=13 (full 0):
 garbage-first heap   total reserved 3938304K, committed 147456K, used 96126K [0x000000070fa00000, 0x0000000800000000)
  region size 2M, 39 eden (78M), 4 survivor (8M), 5 old (10M), 1 humongous (2M), 23 free (46M)
}
Event: 3.372 {heap After GC invocations=14 (full 0):
 garbage-first heap   total reserved 3938304K, committed 147456K, used 24427K [0x000000070fa00000, 0x0000000800000000)
  region size 2M, 0 eden (0M), 6 survivor (12M), 6 old (12M), 1 humongous (2M), 59 free (118M)
}
Event: 3.731 {heap Before GC invocations=14 (full 0):
 garbage-first heap   total reserved 3938304K, committed 147456K, used 65387K [0x000000070fa00000, 0x0000000800000000)
  region size 2M, 22 eden (44M), 6 survivor (12M), 6 old (12M), 1 humongous (2M), 37 free (74M)
}
Event: 3.743 {heap After GC invocations=15 (full 0):
 garbage-first heap   total reserved 3938304K, committed 147456K, used 27263K [0x000000070fa00000, 0x0000000800000000)
  region size 2M, 0 eden (0M), 5 survivor (10M), 9 old (18M), 1 humongous (2M), 57 free (114M)
}
Event: 5.687 {heap Before GC invocations=16 (full 0):
 garbage-first heap   total reserved 3938304K, committed 147456K, used 103039K [0x000000070fa00000, 0x0000000800000000)
  region size 2M, 38 eden (76M), 5 survivor (10M), 9 old (18M), 1 humongous (2M), 19 free (38M)
}
Event: 5.699 {heap After GC invocations=17 (full 0):
 garbage-first heap   total reserved 3938304K, committed 442368K, used 33051K [0x000000070fa00000, 0x0000000800000000)
  region size 2M, 0 eden (0M), 5 survivor (10M), 11 old (22M), 1 humongous (2M), 199 free (398M)
}
Event: 17.163 {heap Before GC invocations=17 (full 0):
 garbage-first heap   total reserved 3938304K, committed 442368K, used 295195K [0x000000070fa00000, 0x0000000800000000)
  region size 2M, 124 eden (248M), 5 survivor (10M), 11 old (22M), 6 humongous (12M), 70 free (140M)
}
Event: 17.175 {heap After GC invocations=18 (full 0):
 garbage-first heap   total reserved 3938304K, committed 442368K, used 43860K [0x000000070fa00000, 0x0000000800000000)
  region size 2M, 0 eden (0M), 9 survivor (18M), 11 old (22M), 2 humongous (4M), 194 free (388M)
}
Event: 37.524 {heap Before GC invocations=18 (full 0):
 garbage-first heap   total reserved 3938304K, committed 442368K, used 287572K [0x000000070fa00000, 0x0000000800000000)
  region size 2M, 120 eden (240M), 9 survivor (18M), 11 old (22M), 2 humongous (4M), 74 free (148M)
}
Event: 37.534 {heap After GC invocations=19 (full 0):
 garbage-first heap   total reserved 3938304K, committed 442368K, used 46978K [0x000000070fa00000, 0x0000000800000000)
  region size 2M, 0 eden (0M), 11 survivor (22M), 11 old (22M), 2 humongous (4M), 192 free (384M)
}
Event: 57.059 {heap Before GC invocations=19 (full 0):
 garbage-first heap   total reserved 3938304K, committed 442368K, used 288642K [0x000000070fa00000, 0x0000000800000000)
  region size 2M, 118 eden (236M), 11 survivor (22M), 11 old (22M), 2 humongous (4M), 74 free (148M)
}
Event: 57.069 {heap After GC invocations=20 (full 0):
 garbage-first heap   total reserved 3938304K, committed 442368K, used 46204K [0x000000070fa00000, 0x0000000800000000)
  region size 2M, 0 eden (0M), 9 survivor (18M), 12 old (24M), 2 humongous (4M), 193 free (386M)
}

Metaspace Usage History (20 events):
Event: 1.911 {metaspace Before GC invocations=7 (full 0):
 Metaspace       used 21199K, committed 21504K, reserved 1114112K
  class space    used 2015K, committed 2176K, reserved 1048576K
}
Event: 1.916 {metaspace After GC invocations=8 (full 0):
 Metaspace       used 21199K, committed 21504K, reserved 1114112K
  class space    used 2015K, committed 2176K, reserved 1048576K
}
Event: 2.284 {metaspace Before GC invocations=9 (full 0):
 Metaspace       used 26217K, committed 26688K, reserved 1114112K
  class space    used 2553K, committed 2752K, reserved 1048576K
}
Event: 2.291 {metaspace After GC invocations=10 (full 0):
 Metaspace       used 26217K, committed 26688K, reserved 1114112K
  class space    used 2553K, committed 2752K, reserved 1048576K
}
Event: 2.635 {metaspace Before GC invocations=10 (full 0):
 Metaspace       used 31565K, committed 32064K, reserved 1114112K
  class space    used 3200K, committed 3392K, reserved 1048576K
}
Event: 2.640 {metaspace After GC invocations=11 (full 0):
 Metaspace       used 31565K, committed 32064K, reserved 1114112K
  class space    used 3200K, committed 3392K, reserved 1048576K
}
Event: 2.774 {metaspace Before GC invocations=11 (full 0):
 Metaspace       used 35440K, committed 35968K, reserved 1114112K
  class space    used 3613K, committed 3840K, reserved 1048576K
}
Event: 2.788 {metaspace After GC invocations=12 (full 0):
 Metaspace       used 35440K, committed 35968K, reserved 1114112K
  class space    used 3613K, committed 3840K, reserved 1048576K
}
Event: 3.359 {metaspace Before GC invocations=13 (full 0):
 Metaspace       used 52596K, committed 53312K, reserved 1114112K
  class space    used 5722K, committed 6016K, reserved 1048576K
}
Event: 3.372 {metaspace After GC invocations=14 (full 0):
 Metaspace       used 52596K, committed 53312K, reserved 1114112K
  class space    used 5722K, committed 6016K, reserved 1048576K
}
Event: 3.731 {metaspace Before GC invocations=14 (full 0):
 Metaspace       used 59888K, committed 60736K, reserved 1114112K
  class space    used 6716K, committed 7040K, reserved 1048576K
}
Event: 3.743 {metaspace After GC invocations=15 (full 0):
 Metaspace       used 59888K, committed 60736K, reserved 1114112K
  class space    used 6716K, committed 7040K, reserved 1048576K
}
Event: 5.687 {metaspace Before GC invocations=16 (full 0):
 Metaspace       used 72157K, committed 73216K, reserved 1114112K
  class space    used 8148K, committed 8576K, reserved 1048576K
}
Event: 5.699 {metaspace After GC invocations=17 (full 0):
 Metaspace       used 72157K, committed 73216K, reserved 1114112K
  class space    used 8148K, committed 8576K, reserved 1048576K
}
Event: 17.163 {metaspace Before GC invocations=17 (full 0):
 Metaspace       used 77575K, committed 78784K, reserved 1179648K
  class space    used 8604K, committed 9088K, reserved 1048576K
}
Event: 17.175 {metaspace After GC invocations=18 (full 0):
 Metaspace       used 77575K, committed 78784K, reserved 1179648K
  class space    used 8604K, committed 9088K, reserved 1048576K
}
Event: 37.524 {metaspace Before GC invocations=18 (full 0):
 Metaspace       used 85106K, committed 86592K, reserved 1179648K
  class space    used 9333K, committed 9920K, reserved 1048576K
}
Event: 37.534 {metaspace After GC invocations=19 (full 0):
 Metaspace       used 85106K, committed 86592K, reserved 1179648K
  class space    used 9333K, committed 9920K, reserved 1048576K
}
Event: 57.059 {metaspace Before GC invocations=19 (full 0):
 Metaspace       used 85546K, committed 86976K, reserved 1179648K
  class space    used 9356K, committed 9920K, reserved 1048576K
}
Event: 57.069 {metaspace After GC invocations=20 (full 0):
 Metaspace       used 85546K, committed 86976K, reserved 1179648K
  class space    used 9356K, committed 9920K, reserved 1048576K
}

Dll operation events (20 events):
Event: 0.188 Attempting to load shared library /tmp/lwjgl_annihilator/3.3.6+1/x64/liblwjgl.so
Event: 0.189 Loaded shared library /tmp/lwjgl_annihilator/3.3.6+1/x64/liblwjgl.so
Event: 0.605 Attempting to load shared library /usr/lib/jvm/java-26-openjdk/lib/libawt.so
Event: 0.605 Loaded shared library /usr/lib/jvm/java-26-openjdk/lib/libawt.so
Event: 0.606 Attempting to load shared library /usr/lib/jvm/java-26-openjdk/lib/libawt_xawt.so
Event: 0.606 Loaded shared library /usr/lib/jvm/java-26-openjdk/lib/libawt_xawt.so
Event: 0.629 Attempting to load shared library /usr/lib/jvm/java-26-openjdk/lib/libfontmanager.so
Event: 0.629 Loaded shared library /usr/lib/jvm/java-26-openjdk/lib/libfontmanager.so
Event: 0.730 Attempting to load shared library /tmp/lwjgl_annihilator/3.3.6+1/x64/liblwjgl_opengl.so
Event: 0.730 Loaded shared library /tmp/lwjgl_annihilator/3.3.6+1/x64/liblwjgl_opengl.so
Event: 0.806 Attempting to load shared library /home/annihilator/.skiko/skiko-linux-x64-434f7633c843870c0839a1137b128f6c3db3c5d58dcad3545e90827e3e341afb/libskiko-linux-x64.so
Event: 0.828 Loaded shared library /home/annihilator/.skiko/skiko-linux-x64-434f7633c843870c0839a1137b128f6c3db3c5d58dcad3545e90827e3e341afb/libskiko-linux-x64.so
Event: 0.928 Attempting to load shared library /home/annihilator/dev/mpv/build/libmpv.so.2.5.0
Event: 0.992 Loaded shared library /home/annihilator/dev/mpv/build/libmpv.so.2.5.0
Event: 0.994 Attempting to load shared library /usr/lib/jvm/java-26-openjdk/lib/libsyslookup.so
Event: 0.995 Loaded shared library /usr/lib/jvm/java-26-openjdk/lib/libsyslookup.so
Event: 2.939 Attempting to load shared library /usr/lib/jvm/java-26-openjdk/lib/libextnet.so
Event: 2.940 Loaded shared library /usr/lib/jvm/java-26-openjdk/lib/libextnet.so
Event: 3.298 Attempting to load shared library /usr/lib/jvm/java-26-openjdk/lib/libprefs.so
Event: 3.298 Loaded shared library /usr/lib/jvm/java-26-openjdk/lib/libprefs.so

Deoptimization events (20 events):
Event: 72.462 Thread 0x00007feba086ebd0 Uncommon trap: trap_request=0xffffffd6 fr.pc=0x00007febe80560fc relative=0x000000000000067c
Event: 72.462 Thread 0x00007feba086ebd0 Uncommon trap: reason=array_check action=maybe_recompile pc=0x00007febe80560fc method=java.util.TimSort.binarySort([Ljava/lang/Object;IIILjava/util/Comparator;)V @ 215 c2
Event: 72.462 Thread 0x00007feba086ebd0 DEOPT PACKING pc=0x00007febe80560fc sp=0x00007feb35402f40
Event: 72.462 Thread 0x00007feba086ebd0 DEOPT UNPACKING pc=0x00007febe7382c79 sp=0x00007feb35402ed8 mode 2
Event: 72.463 Thread 0x00007feba086ebd0 Uncommon trap: trap_request=0xffffffd6 fr.pc=0x00007febe80560fc relative=0x000000000000067c
Event: 72.463 Thread 0x00007feba086ebd0 Uncommon trap: reason=array_check action=maybe_recompile pc=0x00007febe80560fc method=java.util.TimSort.binarySort([Ljava/lang/Object;IIILjava/util/Comparator;)V @ 215 c2
Event: 72.463 Thread 0x00007feba086ebd0 DEOPT PACKING pc=0x00007febe80560fc sp=0x00007feb35402f40
Event: 72.463 Thread 0x00007feba086ebd0 DEOPT UNPACKING pc=0x00007febe7382c79 sp=0x00007feb35402ed8 mode 2
Event: 72.464 Thread 0x00007feba086ebd0 Uncommon trap: trap_request=0xffffffde fr.pc=0x00007febe7fd6120 relative=0x00000000000013a0
Event: 72.464 Thread 0x00007feba086ebd0 Uncommon trap: reason=class_check action=maybe_recompile pc=0x00007febe7fd6120 method=java.util.TreeMap.put(Ljava/lang/Object;Ljava/lang/Object;Z)Ljava/lang/Object; @ 118 c2
Event: 72.464 Thread 0x00007feba086ebd0 DEOPT PACKING pc=0x00007febe7fd6120 sp=0x00007feb35403c10
Event: 72.464 Thread 0x00007feba086ebd0 DEOPT UNPACKING pc=0x00007febe7382c79 sp=0x00007feb35403bd0 mode 2
Event: 72.465 Thread 0x00007feb9ca13fa0 Uncommon trap: trap_request=0xffffffde fr.pc=0x00007febe7fefda0 relative=0x0000000000000c20
Event: 72.465 Thread 0x00007feb9ca13fa0 Uncommon trap: reason=class_check action=maybe_recompile pc=0x00007febe7fefda0 method=java.util.TreeMap.getEntry(Ljava/lang/Object;)Ljava/util/TreeMap$Entry; @ 19 c2
Event: 72.465 Thread 0x00007feb9ca13fa0 DEOPT PACKING pc=0x00007febe7fefda0 sp=0x00007feb4a495fe0
Event: 72.465 Thread 0x00007feb9ca13fa0 DEOPT UNPACKING pc=0x00007febe7382c79 sp=0x00007feb4a495fa8 mode 2
Event: 72.465 Thread 0x00007feba086ebd0 Uncommon trap: trap_request=0xffffffde fr.pc=0x00007febe7fefda0 relative=0x0000000000000c20
Event: 72.465 Thread 0x00007feba086ebd0 Uncommon trap: reason=class_check action=maybe_recompile pc=0x00007febe7fefda0 method=java.util.TreeMap.getEntry(Ljava/lang/Object;)Ljava/util/TreeMap$Entry; @ 19 c2
Event: 72.465 Thread 0x00007feba086ebd0 DEOPT PACKING pc=0x00007febe7fefda0 sp=0x00007feb35404280
Event: 72.465 Thread 0x00007feba086ebd0 DEOPT UNPACKING pc=0x00007febe7382c79 sp=0x00007feb35404248 mode 2

Classes loaded (20 events):
Event: 72.417 Loading class java/util/Base64$Encoder
Event: 72.417 Loading class java/util/Base64$Encoder done
Event: 72.424 Loading class java/util/concurrent/CompletableFuture$UniCompose
Event: 72.424 Loading class java/util/concurrent/CompletableFuture$UniCompletion
Event: 72.424 Loading class java/util/concurrent/CompletableFuture$UniCompletion done
Event: 72.424 Loading class java/util/concurrent/CompletableFuture$UniCompose done
Event: 72.425 Loading class java/util/concurrent/CompletableFuture$UniComposeExceptionally
Event: 72.425 Loading class java/util/concurrent/CompletableFuture$UniComposeExceptionally done
Event: 72.426 Loading class java/util/concurrent/CompletableFuture$AsyncSupply
Event: 72.426 Loading class java/util/concurrent/CompletableFuture$AsyncSupply done
Event: 72.456 Loading class java/util/function/LongBinaryOperator
Event: 72.456 Loading class java/util/function/LongBinaryOperator done
Event: 72.458 Loading class java/util/concurrent/CompletableFuture$UniHandle
Event: 72.458 Loading class java/util/concurrent/CompletableFuture$UniHandle done
Event: 72.458 Loading class java/util/concurrent/CompletableFuture$UniRelay
Event: 72.458 Loading class java/util/concurrent/CompletableFuture$UniRelay done
Event: 72.459 Loading class java/util/concurrent/CompletableFuture$UniWhenComplete
Event: 72.459 Loading class java/util/concurrent/CompletableFuture$UniWhenComplete done
Event: 72.460 Loading class java/util/concurrent/CompletableFuture$Signaller
Event: 72.460 Loading class java/util/concurrent/CompletableFuture$Signaller done

Classes unloaded (0 events):
No events

Classes redefined (0 events):
No events

Internal exceptions (20 events):
Event: 22.668 Thread 0x00007febf91e8d10 Exception <a 'java/lang/NoSuchMethodError'{0x0000000726a0f378}: 'void java.lang.invoke.Invokers$Holder.invokeExact_MT(java.lang.Object, java.lang.Object, java.lang.Object)'> (0x0000000726a0f378) 
thrown [/usr/src/debug/java-openjdk/jdk26u-jdk-26.0.2.1-1/src/hotspot/share/interpreter/linkResolver.cpp, line 803]
Event: 22.669 Thread 0x00007febf91e8d10 Exception <a 'java/lang/NoSuchMethodError'{0x0000000726a17c28}: 'void java.lang.invoke.DirectMethodHandle$Holder.invokeSpecial(java.lang.Object, java.lang.Object, long, long)'> (0x0000000726a17c28) 
thrown [/usr/src/debug/java-openjdk/jdk26u-jdk-26.0.2.1-1/src/hotspot/share/interpreter/linkResolver.cpp, line 803]
Event: 22.686 Thread 0x00007febf91e8d10 Exception <a 'java/lang/NoSuchMethodError'{0x0000000726aea7a8}: 'long java.lang.invoke.DirectMethodHandle$Holder.invokeStatic(java.lang.Object, java.lang.Object, java.lang.Object, java.lang.Object)'> (0x0000000726aea7a8) 
thrown [/usr/src/debug/java-openjdk/jdk26u-jdk-26.0.2.1-1/src/hotspot/share/interpreter/linkResolver.cpp, line 803]
Event: 22.686 Thread 0x00007febf91e8d10 Exception <a 'java/lang/NoSuchMethodError'{0x0000000726af2938}: 'long java.lang.invoke.DirectMethodHandle$Holder.invokeStaticInit(java.lang.Object, java.lang.Object, java.lang.Object, java.lang.Object)'> (0x0000000726af2938) 
thrown [/usr/src/debug/java-openjdk/jdk26u-jdk-26.0.2.1-1/src/hotspot/share/interpreter/linkResolver.cpp, line 803]
Event: 22.686 Thread 0x00007febf91e8d10 Exception <a 'java/lang/NoSuchMethodError'{0x0000000726b06a20}: 'long java.lang.invoke.DelegatingMethodHandle$Holder.reinvoke_L(java.lang.Object, java.lang.Object, java.lang.Object, java.lang.Object)'> (0x0000000726b06a20) 
thrown [/usr/src/debug/java-openjdk/jdk26u-jdk-26.0.2.1-1/src/hotspot/share/interpreter/linkResolver.cpp, line 803]
Event: 22.687 Thread 0x00007febf91e8d10 Exception <a 'java/lang/NoSuchMethodError'{0x0000000726b2f6d0}: 'long java.lang.invoke.Invokers$Holder.invokeExact_MT(java.lang.Object, java.lang.Object, java.lang.Object)'> (0x0000000726b2f6d0) 
thrown [/usr/src/debug/java-openjdk/jdk26u-jdk-26.0.2.1-1/src/hotspot/share/interpreter/linkResolver.cpp, line 803]
Event: 33.323 Thread 0x00007feba43f30f0 Exception <a 'java/lang/ClassNotFoundException'{0x000000071eb2a1c0}: com/sun/org/apache/xml/internal/serializer/spi/XMLEntitiesProvider> (0x000000071eb2a1c0) 
thrown [/usr/src/debug/java-openjdk/jdk26u-jdk-26.0.2.1-1/src/hotspot/share/classfile/systemDictionary.cpp, line 330]
Event: 45.630 Thread 0x00007febf801fa30 Exception <a 'java/lang/NoSuchMethodError'{0x00000007fff198b8}: 'java.lang.Object java.lang.invoke.DirectMethodHandle$Holder.invokeStatic(java.lang.Object, java.lang.Object, int, int, int)'> (0x00000007fff198b8) 
thrown [/usr/src/debug/java-openjdk/jdk26u-jdk-26.0.2.1-1/src/hotspot/share/interpreter/linkResolver.cpp, line 803]
Event: 45.630 Thread 0x00007febf801fa30 Exception <a 'java/lang/NoSuchMethodError'{0x00000007fff28fd8}: 'java.lang.Object java.lang.invoke.DirectMethodHandle$Holder.newInvokeSpecial(java.lang.Object, java.lang.Object, int, int, int)'> (0x00000007fff28fd8) 
thrown [/usr/src/debug/java-openjdk/jdk26u-jdk-26.0.2.1-1/src/hotspot/share/interpreter/linkResolver.cpp, line 803]
Event: 45.630 Thread 0x00007febf801fa30 Exception <a 'java/lang/NoSuchMethodError'{0x00000007fff30ef0}: 'java.lang.Object java.lang.invoke.Invokers$Holder.linkToTargetMethod(java.lang.Object, int, int, int, java.lang.Object)'> (0x00000007fff30ef0) 
thrown [/usr/src/debug/java-openjdk/jdk26u-jdk-26.0.2.1-1/src/hotspot/share/interpreter/linkResolver.cpp, line 803]
Event: 65.028 Thread 0x00007febf91e8d10 Exception <a 'sun/nio/fs/UnixException'{0x00000007242d55f8}> (0x00000007242d55f8) 
thrown [/usr/src/debug/java-openjdk/jdk26u-jdk-26.0.2.1-1/src/hotspot/share/prims/jni.cpp, line 514]
Event: 65.518 Thread 0x00007febb8095dc0 Exception <a 'sun/nio/fs/UnixException'{0x0000000723d3dbf0}> (0x0000000723d3dbf0) 
thrown [/usr/src/debug/java-openjdk/jdk26u-jdk-26.0.2.1-1/src/hotspot/share/prims/jni.cpp, line 514]
Event: 72.443 Thread 0x00007feb9800edd0 Exception <a 'java/lang/IncompatibleClassChangeError'{0x000000071e0b1ca0}: Found class java.lang.Object, but interface was expected> (0x000000071e0b1ca0) 
thrown [/usr/src/debug/java-openjdk/jdk26u-jdk-26.0.2.1-1/src/hotspot/share/interpreter/linkResolver.cpp, line 871]
Event: 72.453 Thread 0x00007febf91e8d10 Exception <a 'java/io/IOException'{0x000000071e12f378}> (0x000000071e12f378) 
thrown [/usr/src/debug/java-openjdk/jdk26u-jdk-26.0.2.1-1/src/hotspot/share/prims/jni.cpp, line 514]
Event: 72.453 Thread 0x00007febf91e8d10 Exception <a 'java/io/IOException'{0x000000071e12f688}> (0x000000071e12f688) 
thrown [/usr/src/debug/java-openjdk/jdk26u-jdk-26.0.2.1-1/src/hotspot/share/prims/jni.cpp, line 514]
Event: 72.459 Thread 0x00007feb9ca13fa0 Exception <a 'java/lang/NoSuchMethodError'{0x0000000727718858}: 'void java.lang.invoke.DirectMethodHandle$Holder.invokeStatic(java.lang.Object, java.lang.Object, int)'> (0x0000000727718858) 
thrown [/usr/src/debug/java-openjdk/jdk26u-jdk-26.0.2.1-1/src/hotspot/share/interpreter/linkResolver.cpp, line 803]
Event: 72.460 Thread 0x00007feb9ca13fa0 Exception <a 'java/net/ConnectException'{0x000000071def7f70}> (0x000000071def7f70) 
thrown [/usr/src/debug/java-openjdk/jdk26u-jdk-26.0.2.1-1/src/hotspot/share/prims/jni.cpp, line 514]
Event: 72.465 Thread 0x00007feb9ca13fa0 Exception <a 'java/net/ConnectException'{0x000000071df3cb80}> (0x000000071df3cb80) 
thrown [/usr/src/debug/java-openjdk/jdk26u-jdk-26.0.2.1-1/src/hotspot/share/prims/jni.cpp, line 514]
Event: 72.466 Thread 0x00007feb9800edd0 Exception <a 'java/io/IOException'{0x000000071dece468}> (0x000000071dece468) 
thrown [/usr/src/debug/java-openjdk/jdk26u-jdk-26.0.2.1-1/src/hotspot/share/prims/jni.cpp, line 514]
Event: 72.466 Thread 0x00007feb9800edd0 Exception <a 'java/io/IOException'{0x000000071decea28}> (0x000000071decea28) 
thrown [/usr/src/debug/java-openjdk/jdk26u-jdk-26.0.2.1-1/src/hotspot/share/prims/jni.cpp, line 514]

VM Operations (20 events):
Event: 7.812 Executing non-safepoint VM operation: HandshakeAllThreads (Deoptimize) done
Event: 15.154 Executing non-safepoint VM operation: HandshakeAllThreads (Deoptimize)
Event: 15.155 Executing non-safepoint VM operation: HandshakeAllThreads (Deoptimize) done
Event: 17.163 Executing safepoint VM operation: G1CollectForAllocation (G1 Evacuation Pause)
Event: 17.175 Executing safepoint VM operation: G1CollectForAllocation (G1 Evacuation Pause) done
Event: 17.301 Executing non-safepoint VM operation: HandshakeAllThreads (Deoptimize)
Event: 17.301 Executing non-safepoint VM operation: HandshakeAllThreads (Deoptimize) done
Event: 23.767 Executing non-safepoint VM operation: HandshakeAllThreads (Deoptimize)
Event: 23.767 Executing non-safepoint VM operation: HandshakeAllThreads (Deoptimize) done
Event: 37.524 Executing safepoint VM operation: G1CollectForAllocation (G1 Evacuation Pause)
Event: 37.535 Executing safepoint VM operation: G1CollectForAllocation (G1 Evacuation Pause) done
Event: 57.059 Executing safepoint VM operation: G1CollectForAllocation (G1 Evacuation Pause)
Event: 57.069 Executing safepoint VM operation: G1CollectForAllocation (G1 Evacuation Pause) done
Event: 60.042 Executing non-safepoint VM operation: HandshakeAllThreads (DeflationHandshakeClosure)
Event: 60.042 Executing non-safepoint VM operation: HandshakeAllThreads (DeflationHandshakeClosure) done
Event: 60.042 Executing non-safepoint VM operation: RendezvousGCThreads
Event: 60.042 Executing non-safepoint VM operation: RendezvousGCThreads done
Event: 65.038 Executing non-safepoint VM operation: HandshakeAllThreads (Deoptimize)
Event: 65.038 Executing non-safepoint VM operation: HandshakeAllThreads (Deoptimize) done
Event: 72.466 Executing safepoint VM operation: Exit

Memory protections (20 events):
Event: 9.520 Protecting memory [0x00007feb48ff3000,0x00007feb48ff7000] with protection modes 0
Event: 9.520 Protecting memory [0x00007feb48ef2000,0x00007feb48ef6000] with protection modes 0
Event: 10.861 Protecting memory [0x00007febcabfb000,0x00007febcabff000] with protection modes 0
Event: 12.839 Protecting memory [0x00007febcabfb000,0x00007febcabff000] with protection modes 0
Event: 14.637 Protecting memory [0x00007feb494f8000,0x00007feb494fc000] with protection modes 0
Event: 14.637 Protecting memory [0x00007feb489f1000,0x00007feb489f5000] with protection modes 0
Event: 14.637 Protecting memory [0x00007feb488f0000,0x00007feb488f4000] with protection modes 0
Event: 14.638 Protecting memory [0x00007feb487ef000,0x00007feb487f3000] with protection modes 0
Event: 32.743 Protecting memory [0x00007febcabfb000,0x00007febcabff000] with protection modes 0
Event: 50.887 Protecting memory [0x00007febcabfb000,0x00007febcabff000] with protection modes 0
Event: 50.888 Protecting memory [0x00007feb3ff00000,0x00007feb3ff04000] with protection modes 0
Event: 65.028 Protecting memory [0x00007feb3ff00000,0x00007feb3ff04000] with protection modes 0
Event: 70.941 Protecting memory [0x00007feb3ff00000,0x00007feb3ff04000] with protection modes 0
Event: 70.941 Protecting memory [0x00007febcabfb000,0x00007febcabff000] with protection modes 0
Event: 72.409 Protecting memory [0x00007feb3f300000,0x00007feb3f304000] with protection modes 0
Event: 72.409 Protecting memory [0x00007feb39ef7000,0x00007feb39efb000] with protection modes 0
Event: 72.409 Protecting memory [0x00007feb35508000,0x00007feb3550c000] with protection modes 0
Event: 72.409 Protecting memory [0x00007feb35407000,0x00007feb3540b000] with protection modes 0
Event: 72.410 Protecting memory [0x00007feb35306000,0x00007feb3530a000] with protection modes 0
Event: 72.461 Protecting memory [0x00007feb35306000,0x00007feb3530a000] with protection modes 0

Nmethod flushes (20 events):
Event: 3.756 Thread 0x00007febf80ff6e0 flushing  nmethod 0x00007febdff13608
Event: 3.756 Thread 0x00007febf80ff6e0 flushing  nmethod 0x00007febdff6ac88
Event: 3.756 Thread 0x00007febf80ff6e0 flushing  nmethod 0x00007febdff6c508
Event: 3.756 Thread 0x00007febf80ff6e0 flushing  nmethod 0x00007febdff9f008
Event: 3.756 Thread 0x00007febf80ff6e0 flushing  nmethod 0x00007febe00bab88
Event: 3.756 Thread 0x00007febf80ff6e0 flushing  nmethod 0x00007febe00bb688
Event: 3.756 Thread 0x00007febf80ff6e0 flushing  nmethod 0x00007febe0110088
Event: 3.756 Thread 0x00007febf80ff6e0 flushing  nmethod 0x00007febe0110908
Event: 3.756 Thread 0x00007febf80ff6e0 flushing  nmethod 0x00007febe0153508
Event: 3.756 Thread 0x00007febf80ff6e0 flushing  nmethod 0x00007febe0169988
Event: 3.756 Thread 0x00007febf80ff6e0 flushing  nmethod 0x00007febe017f288
Event: 3.756 Thread 0x00007febf80ff6e0 flushing  nmethod 0x00007febe01e8188
Event: 3.756 Thread 0x00007febf80ff6e0 flushing  nmethod 0x00007febe0227688
Event: 3.756 Thread 0x00007febf80ff6e0 flushing  nmethod 0x00007febe0228b88
Event: 3.756 Thread 0x00007febf80ff6e0 flushing  nmethod 0x00007febe0228e88
Event: 3.756 Thread 0x00007febf80ff6e0 flushing  nmethod 0x00007febe022b208
Event: 3.756 Thread 0x00007febf80ff6e0 flushing  nmethod 0x00007febe0240d08
Event: 3.756 Thread 0x00007febf80ff6e0 flushing  nmethod 0x00007febe0241188
Event: 3.756 Thread 0x00007febf80ff6e0 flushing  nmethod 0x00007febe0241708
Event: 3.756 Thread 0x00007febf80ff6e0 flushing  nmethod 0x00007febe02a4488

Events (20 events):
Event: 50.888 Thread 0x00007febf81116d0 Thread added: 0x0000556fbe2ec180
Event: 57.956 Thread 0x0000556fbe2ec180 Thread exited: 0x0000556fbe2ec180
Event: 57.956 Thread 0x0000556fbe2eadc0 Thread exited: 0x0000556fbe2eadc0
Event: 65.028 Thread 0x00007febf81116d0 Thread added: 0x0000556fbe493930
Event: 65.406 Thread 0x0000556fbe493930 Thread exited: 0x0000556fbe493930
Event: 70.941 Thread 0x00007febf81116d0 Thread added: 0x0000556fbe5a6460
Event: 70.941 Thread 0x00007febf81116d0 Thread added: 0x0000556fbe5a7c60
Event: 72.409 Thread 0x00007febf810ab40 Thread added: 0x00007feba0894790
Event: 72.409 Thread 0x00007feba0894790 Thread added: 0x00007feb9800e530
Event: 72.409 Thread 0x00007feba0894790 Thread added: 0x00007feb9800edd0
Event: 72.409 Thread 0x00007feba0894790 Thread added: 0x00007feb9800f670
Event: 72.409 Thread 0x00007feba0894790 Thread added: 0x00007feb98010b00
Event: 72.409 Thread 0x00007feb9800e530 Thread exited: 0x00007feb9800e530
Event: 72.410 Thread 0x00007feba43f30f0 Thread exited: 0x00007feba43f30f0
Event: 72.410 Thread 0x00007feb9800f670 Thread exited: 0x00007feb9800f670
Event: 72.412 Thread 0x00007feb98010b00 Thread exited: 0x00007feb98010b00
Event: 72.461 Thread 0x00007feb9ca13fa0 Thread added: 0x00007feba086ebd0
Event: 72.466 Thread 0x00007feb9800edd0 Thread exited: 0x00007feb9800edd0
Event: 72.466 Thread 0x00007feba0894790 Before exit entered
Event: 72.466 Thread 0x00007feba0894790 JVMTI - enter dead phase


Dynamic libraries:
32000000-32001000 ---p 00000000 00:00 0 
32001000-32da7000 rw-p 00001000 103:02 7880813                           /usr/lib/jvm/java-26-openjdk/lib/server/classes.jsa
32da7000-33000000 ---p 00000000 00:00 0 
33000000-33040000 rw-p 00000000 00:00 0 
33040000-33100000 rw-p 00000000 00:00 0 
33100000-33340000 rw-p 00000000 00:00 0 
33340000-33380000 rw-p 00000000 00:00 0 
33380000-33400000 rw-p 00000000 00:00 0 
33400000-334c0000 rw-p 00000000 00:00 0 
334c0000-33580000 rw-p 00000000 00:00 0 
33580000-33840000 rw-p 00000000 00:00 0 
33840000-33870000 rw-p 00000000 00:00 0 
33870000-33880000 ---p 00000000 00:00 0 
33880000-339f0000 rw-p 00000000 00:00 0 
339f0000-73000000 ---p 00000000 00:00 0 
80000000-a0000000 ---p 00000000 00:00 0 
200000000-200200000 ---p 00000000 00:00 0 
200200000-200400000 rw-s 00000000 00:07 1112                             /dev/nvidia0
200400000-203400000 rw-s 00000000 00:07 1110                             /dev/nvidiactl
203400000-204000000 ---p 00000000 00:00 0 
204000000-204200000 rw-s 00000000 00:07 1110                             /dev/nvidiactl
204200000-204400000 rw-s 00000000 00:07 1110                             /dev/nvidiactl
204400000-204600000 rw-s 204400000 00:07 779                             /dev/nvidia-uvm
204600000-300200000 ---p 00000000 00:00 0 
70fa00000-72a400000 rw-p 00000000 00:00 0 
72a400000-7ffa00000 ---p 00000000 00:00 0 
7ffa00000-7ffe00000 rw-p 00000000 00:00 0 
7ffe00000-7fff25000 rw-p 00ddd000 103:02 7880813                         /usr/lib/jvm/java-26-openjdk/lib/server/classes.jsa
7fff25000-800000000 rw-p 00000000 00:00 0 
10000000000-10004400000 ---p 00000000 00:00 0 
10004400000-10004600000 rw-s 00000000 00:07 1110                         /dev/nvidiactl
10004600000-10004800000 rw-s 00000000 00:01 406960                       /dev/zero (deleted)
10004800000-10004a00000 rw-s 00000000 00:01 406961                       /dev/zero (deleted)
10004a00000-10005000000 ---p 00000000 00:00 0 
10005000000-10005200000 rw-s 00000000 00:07 1110                         /dev/nvidiactl
10005200000-10005400000 ---p 00000000 00:00 0 
10005400000-10005600000 rw-s 00000000 00:01 406963                       /dev/zero (deleted)
10005600000-10005b33000 rw-s 00000000 00:07 1110                         /dev/nvidiactl
10005b33000-10020000000 ---p 00000000 00:00 0 
556fa14fa000-556fa14fb000 r--p 00000000 103:02 7876111                   /usr/lib/jvm/java-26-openjdk/bin/java
556fa14fb000-556fa14fc000 r-xp 00001000 103:02 7876111                   /usr/lib/jvm/java-26-openjdk/bin/java
556fa14fc000-556fa14fd000 r--p 00002000 103:02 7876111                   /usr/lib/jvm/java-26-openjdk/bin/java
556fa14fd000-556fa14fe000 r--p 00002000 103:02 7876111                   /usr/lib/jvm/java-26-openjdk/bin/java
556fa14fe000-556fa14ff000 rw-p 00003000 103:02 7876111                   /usr/lib/jvm/java-26-openjdk/bin/java
556fbe21a000-556fc096f000 rw-p 00000000 00:00 0                          [heap]
7feb20000000-7feb2144f000 rw-p 00000000 00:00 0 
7feb2144f000-7feb24000000 ---p 00000000 00:00 0 
7feb28000000-7feb2bffa000 rw-p 00000000 00:00 0 
7feb2bffa000-7feb2c000000 ---p 00000000 00:00 0 
7feb30000000-7feb33ff9000 rw-p 00000000 00:00 0 
7feb33ff9000-7feb34000000 ---p 00000000 00:00 0 
7feb35305000-7feb35306000 rw-p 00000000 00:00 0 
7feb35306000-7feb3530a000 ---p 00000000 00:00 0 
7feb3530a000-7feb35407000 rw-p 00000000 00:00 0 
7feb35407000-7feb3540b000 ---p 00000000 00:00 0 
7feb3540b000-7feb35508000 rw-p 00000000 00:00 0 
7feb35508000-7feb3550c000 ---p 00000000 00:00 0 
7feb3550c000-7feb35608000 rw-p 00000000 00:00 0 
7feb35808000-7feb3700b000 rw-p 00000000 00:00 0 
7feb3700b000-7feb37407000 rw-s 00000000 00:07 1110                       /dev/nvidiactl
7feb37407000-7feb37803000 rw-s 00000000 00:07 1110                       /dev/nvidiactl
7feb37803000-7feb37bff000 rw-s 00000000 00:07 1110                       /dev/nvidiactl
7feb37bff000-7feb38400000 rw-p 00000000 00:00 0 
7feb38400000-7feb38417000 r--p 00000000 103:02 4831165                   /usr/lib/libnvcuvid.so.610.57.04
7feb38417000-7feb38592000 r-xp 00017000 103:02 4831165                   /usr/lib/libnvcuvid.so.610.57.04
7feb38592000-7feb39e39000 r--p 00192000 103:02 4831165                   /usr/lib/libnvcuvid.so.610.57.04
7feb39e39000-7feb39e3a000 ---p 01a39000 103:02 4831165                   /usr/lib/libnvcuvid.so.610.57.04
7feb39e3a000-7feb39e44000 r--p 01a39000 103:02 4831165                   /usr/lib/libnvcuvid.so.610.57.04
7feb39e44000-7feb39e45000 rw-p 01a43000 103:02 4831165                   /usr/lib/libnvcuvid.so.610.57.04
7feb39e45000-7feb39e46000 rw-p 00000000 00:00 0 
7feb39ef6000-7feb39ef7000 rw-p 00000000 00:00 0 
7feb39ef7000-7feb39efb000 ---p 00000000 00:00 0 
7feb39efb000-7feb3e800000 rw-p 00000000 00:00 0 
7feb3e800000-7feb3f22e000 r--p 00000000 103:02 5649983                   /usr/share/fonts/noto/NotoColorEmoji.ttf
7feb3f2ff000-7feb3f300000 rw-p 00000000 00:00 0 
7feb3f300000-7feb3f304000 ---p 00000000 00:00 0 
7feb3f304000-7feb3f400000 rw-p 00000000 00:00 0 
7feb3f400000-7feb3fe2e000 r--p 00000000 103:02 5649983                   /usr/share/fonts/noto/NotoColorEmoji.ttf
7feb3feff000-7feb3ff00000 rw-p 00000000 00:00 0 
7feb3ff00000-7feb3ff04000 ---p 00000000 00:00 0 
7feb3ff04000-7feb40000000 rw-p 00000000 00:00 0 
7feb40000000-7feb40b00000 rw-p 00000000 00:00 0 
7feb40b00000-7feb40ba0000 rw-p 00000000 00:00 0 
7feb40ba0000-7feb40c00000 ---p 00000000 00:00 0 
7feb40c00000-7feb40c90000 rw-p 00000000 00:00 0 
7feb40c90000-7feb44000000 ---p 00000000 00:00 0 
7feb44000000-7feb47ff4000 rw-p 00000000 00:00 0 
7feb47ff4000-7feb48000000 ---p 00000000 00:00 0 
7feb48082000-7feb4808b000 rw-s 00008000 00:01 403604                     /memfd:pipewire-memfd:flags=0x0000000f,type=2,size=65664 (deleted)
7feb4808b000-7feb48094000 rw-s 00000000 00:01 403604                     /memfd:pipewire-memfd:flags=0x0000000f,type=2,size=65664 (deleted)
7feb48094000-7feb4809d000 rw-s 00008000 00:01 403603                     /memfd:pipewire-memfd:flags=0x0000000f,type=2,size=65664 (deleted)
7feb4809d000-7feb480a6000 rw-s 00000000 00:01 403603                     /memfd:pipewire-memfd:flags=0x0000000f,type=2,size=65664 (deleted)
7feb480a6000-7feb480a8000 r--p 00000000 103:02 5273395                   /usr/lib/spa-0.2/audioconvert/libspa-audioconvert.so
7feb480a8000-7feb48109000 r-xp 00002000 103:02 5273395                   /usr/lib/spa-0.2/audioconvert/libspa-audioconvert.so
7feb48109000-7feb48175000 r--p 00063000 103:02 5273395                   /usr/lib/spa-0.2/audioconvert/libspa-audioconvert.so
7feb48175000-7feb48183000 r--p 000ce000 103:02 5273395                   /usr/lib/spa-0.2/audioconvert/libspa-audioconvert.so
7feb48183000-7feb48186000 rw-p 000dc000 103:02 5273395                   /usr/lib/spa-0.2/audioconvert/libspa-audioconvert.so
7feb48186000-7feb48188000 r--p 00000000 103:02 4906025                   /usr/lib/pipewire-0.3/libpipewire-module-session-manager.so
7feb48188000-7feb481a7000 r-xp 00002000 103:02 4906025                   /usr/lib/pipewire-0.3/libpipewire-module-session-manager.so
7feb481a7000-7feb481ac000 r--p 00021000 103:02 4906025                   /usr/lib/pipewire-0.3/libpipewire-module-session-manager.so
7feb481ac000-7feb481ae000 r--p 00025000 103:02 4906025                   /usr/lib/pipewire-0.3/libpipewire-module-session-manager.so
7feb481ae000-7feb481af000 rw-p 00027000 103:02 4906025                   /usr/lib/pipewire-0.3/libpipewire-module-session-manager.so
7feb481af000-7feb481b1000 r--p 00000000 103:02 4906019                   /usr/lib/pipewire-0.3/libpipewire-module-metadata.so
7feb481b1000-7feb481ba000 r-xp 00002000 103:02 4906019                   /usr/lib/pipewire-0.3/libpipewire-module-metadata.so
7feb481ba000-7feb481bc000 r--p 0000b000 103:02 4906019                   /usr/lib/pipewire-0.3/libpipewire-module-metadata.so
7feb481bc000-7feb481bd000 r--p 0000c000 103:02 4906019                   /usr/lib/pipewire-0.3/libpipewire-module-metadata.so
7feb481bd000-7feb481be000 rw-p 0000d000 103:02 4906019                   /usr/lib/pipewire-0.3/libpipewire-module-metadata.so
7feb481be000-7feb481c0000 r--p 00000000 103:02 4904075                   /usr/lib/pipewire-0.3/libpipewire-module-adapter.so
7feb481c0000-7feb481c4000 r-xp 00002000 103:02 4904075                   /usr/lib/pipewire-0.3/libpipewire-module-adapter.so
7feb481c4000-7feb481c6000 r--p 00006000 103:02 4904075                   /usr/lib/pipewire-0.3/libpipewire-module-adapter.so
7feb481c6000-7feb481c7000 r--p 00007000 103:02 4904075                   /usr/lib/pipewire-0.3/libpipewire-module-adapter.so
7feb481c7000-7feb481c8000 rw-p 00008000 103:02 4904075                   /usr/lib/pipewire-0.3/libpipewire-module-adapter.so
7feb481c8000-7feb481cb000 r--p 00000000 103:02 4906015                   /usr/lib/pipewire-0.3/libpipewire-module-client-node.so
7feb481cb000-7feb481e6000 r-xp 00003000 103:02 4906015                   /usr/lib/pipewire-0.3/libpipewire-module-client-node.so
7feb481e6000-7feb481eb000 r--p 0001e000 103:02 4906015                   /usr/lib/pipewire-0.3/libpipewire-module-client-node.so
7feb481eb000-7feb481ed000 r--p 00022000 103:02 4906015                   /usr/lib/pipewire-0.3/libpipewire-module-client-node.so
7feb481ed000-7feb481ee000 rw-p 00024000 103:02 4906015                   /usr/lib/pipewire-0.3/libpipewire-module-client-node.so
7feb481ee000-7feb481f1000 r--p 00000000 103:02 4906022                   /usr/lib/pipewire-0.3/libpipewire-module-protocol-native.so
7feb481f1000-7feb4820f000 r-xp 00003000 103:02 4906022                   /usr/lib/pipewire-0.3/libpipewire-module-protocol-native.so
7feb4820f000-7feb4821a000 r--p 00021000 103:02 4906022                   /usr/lib/pipewire-0.3/libpipewire-module-protocol-native.so
7feb4821a000-7feb48225000 r--p 0002c000 103:02 4906022                   /usr/lib/pipewire-0.3/libpipewire-module-protocol-native.so
7feb48225000-7feb48226000 rw-p 00037000 103:02 4906022                   /usr/lib/pipewire-0.3/libpipewire-module-protocol-native.so
7feb48226000-7feb48228000 r--p 00000000 103:02 4906033                   /usr/lib/spa-0.2/support/libspa-support.so
7feb48228000-7feb48244000 r-xp 00002000 103:02 4906033                   /usr/lib/spa-0.2/support/libspa-support.so
7feb48244000-7feb4824a000 r--p 0001e000 103:02 4906033                   /usr/lib/spa-0.2/support/libspa-support.so
7feb4824a000-7feb48252000 r--p 00024000 103:02 4906033                   /usr/lib/spa-0.2/support/libspa-support.so
7feb48252000-7feb48253000 rw-p 0002c000 103:02 4906033                   /usr/lib/spa-0.2/support/libspa-support.so
7feb48253000-7feb4864f000 rw-s 00000000 00:07 1110                       /dev/nvidiactl
7feb4864f000-7feb486af000 rw-s 00000000 00:07 1110                       /dev/nvidiactl
7feb486af000-7feb48753000 r--p 00000000 103:02 5652750                   /usr/share/fonts/noto/NotoSansSymbols2-Regular.ttf
7feb48753000-7feb487ee000 r--p 00000000 103:02 5641617                   /usr/share/fonts/noto/NotoSans-Bold.ttf
7feb487ee000-7feb487ef000 rw-p 00000000 00:00 0 
7feb487ef000-7feb487f3000 ---p 00000000 00:00 0 
7feb487f3000-7feb488f0000 rw-p 00000000 00:00 0 
7feb488f0000-7feb488f4000 ---p 00000000 00:00 0 
7feb488f4000-7feb489f1000 rw-p 00000000 00:00 0 
7feb489f1000-7feb489f5000 ---p 00000000 00:00 0 
7feb489f5000-7feb48af1000 rw-p 00000000 00:00 0 
7feb48ef1000-7feb48ef2000 rw-p 00000000 00:00 0 
7feb48ef2000-7feb48ef6000 ---p 00000000 00:00 0 
7feb48ef6000-7feb48ff3000 rw-p 00000000 00:00 0 
7feb48ff3000-7feb48ff7000 ---p 00000000 00:00 0 
7feb48ff7000-7feb490f4000 rw-p 00000000 00:00 0 
7feb490f4000-7feb490f8000 ---p 00000000 00:00 0 
7feb490f8000-7feb491f5000 rw-p 00000000 00:00 0 
7feb491f5000-7feb491f9000 ---p 00000000 00:00 0 
7feb491f9000-7feb492f6000 rw-p 00000000 00:00 0 
7feb492f6000-7feb492fa000 ---p 00000000 00:00 0 
7feb492fa000-7feb493f7000 rw-p 00000000 00:00 0 
7feb493f7000-7feb493fb000 ---p 00000000 00:00 0 
7feb493fb000-7feb494f8000 rw-p 00000000 00:00 0 
7feb494f8000-7feb494fc000 ---p 00000000 00:00 0 
7feb494fc000-7feb495f9000 rw-p 00000000 00:00 0 
7feb495f9000-7feb495fd000 ---p 00000000 00:00 0 
7feb495fd000-7feb496fa000 rw-p 00000000 00:00 0 
7feb496fa000-7feb496fe000 ---p 00000000 00:00 0 
7feb496fe000-7feb497fb000 rw-p 00000000 00:00 0 
7feb497fb000-7feb497ff000 ---p 00000000 00:00 0 
7feb497ff000-7feb498fc000 rw-p 00000000 00:00 0 
7feb498fc000-7feb49900000 ---p 00000000 00:00 0 
7feb49900000-7feb499fc000 rw-p 00000000 00:00 0 
7feb49dfc000-7feb49dfd000 rw-p 00000000 00:00 0 
7feb49dfd000-7feb49e01000 ---p 00000000 00:00 0 
7feb49e01000-7feb49efe000 rw-p 00000000 00:00 0 
7feb49efe000-7feb49f02000 ---p 00000000 00:00 0 
7feb49f02000-7feb49ffe000 rw-p 00000000 00:00 0 
7feb49ffe000-7feb4a096000 r--p 00000000 103:02 5641624                   /usr/share/fonts/noto/NotoSans-Regular.ttf
7feb4a296000-7feb4a297000 rw-p 00000000 00:00 0 
7feb4a297000-7feb4a29b000 ---p 00000000 00:00 0 
7feb4a29b000-7feb4a398000 rw-p 00000000 00:00 0 
7feb4a398000-7feb4a39c000 ---p 00000000 00:00 0 
7feb4a39c000-7feb4a499000 rw-p 00000000 00:00 0 
7feb4a499000-7feb4a49d000 ---p 00000000 00:00 0 
7feb4a49d000-7feb4a59a000 rw-p 00000000 00:00 0 
7feb4a59a000-7feb4a59e000 ---p 00000000 00:00 0 
7feb4a59e000-7feb4a69b000 rw-p 00000000 00:00 0 
7feb4a69b000-7feb4a69f000 ---p 00000000 00:00 0 
7feb4a69f000-7feb4a79c000 rw-p 00000000 00:00 0 
7feb4a79c000-7feb4a7a0000 ---p 00000000 00:00 0 
7feb4a7a0000-7feb4a89d000 rw-p 00000000 00:00 0 
7feb4a89d000-7feb4a8a1000 ---p 00000000 00:00 0 
7feb4a8a1000-7feb4a99e000 rw-p 00000000 00:00 0 
7feb4a99e000-7feb4a9a2000 ---p 00000000 00:00 0 
7feb4a9a2000-7feb4aa9f000 rw-p 00000000 00:00 0 
7feb4aa9f000-7feb4aaa3000 ---p 00000000 00:00 0 
7feb4aaa3000-7feb4aba0000 rw-p 00000000 00:00 0 
7feb4aba0000-7feb4aba4000 ---p 00000000 00:00 0 
7feb4aba4000-7feb4aca1000 rw-p 00000000 00:00 0 
7feb4aca1000-7feb4aca5000 ---p 00000000 00:00 0 
7feb4aca5000-7feb4ada2000 rw-p 00000000 00:00 0 
7feb4ada2000-7feb4ada6000 ---p 00000000 00:00 0 
7feb4ada6000-7feb4aea3000 rw-p 00000000 00:00 0 
7feb4aea3000-7feb4aea7000 ---p 00000000 00:00 0 
7feb4aea7000-7feb4afa4000 rw-p 00000000 00:00 0 
7feb4afa4000-7feb4afa8000 ---p 00000000 00:00 0 
7feb4afa8000-7feb4b0a5000 rw-p 00000000 00:00 0 
7feb4b0a5000-7feb4b0a9000 ---p 00000000 00:00 0 
7feb4b0a9000-7feb4b1a6000 rw-p 00000000 00:00 0 
7feb4b1a6000-7feb4b1aa000 ---p 00000000 00:00 0 
7feb4b1aa000-7feb4b2a7000 rw-p 00000000 00:00 0 
7feb4b2a7000-7feb4b2ab000 ---p 00000000 00:00 0 
7feb4b2ab000-7feb4b3a8000 rw-p 00000000 00:00 0 
7feb4b3a8000-7feb4b3ac000 ---p 00000000 00:00 0 
7feb4b3ac000-7feb4b4a9000 rw-p 00000000 00:00 0 
7feb4b4a9000-7feb4b4ad000 ---p 00000000 00:00 0 
7feb4b4ad000-7feb4b5a9000 rw-p 00000000 00:00 0 
7feb4b5a9000-7feb4b663000 r--p 00000000 103:02 5131297                   /usr/share/fonts/TTF/DejaVuSans.ttf
7feb4b663000-7feb4b6fb000 r--p 00000000 103:02 5641622                   /usr/share/fonts/noto/NotoSans-Medium.ttf
7feb4b6fb000-7feb4b761000 r--p 00000000 103:02 5013908                   /usr/share/fonts/liberation/LiberationSans-Bold.ttf
7feb4b761000-7feb4b80f000 r--p 00000000 103:02 5131293                   /usr/share/fonts/TTF/DejaVuSans-Bold.ttf
7feb4b80f000-7feb4b810000 rw-p 00000000 00:00 0 
7feb4b810000-7feb4b814000 ---p 00000000 00:00 0 
7feb4b814000-7feb4b911000 rw-p 00000000 00:00 0 
7feb4b911000-7feb4b915000 ---p 00000000 00:00 0 
7feb4b915000-7feb4ba12000 rw-p 00000000 00:00 0 
7feb4ba12000-7feb4ba16000 ---p 00000000 00:00 0 
7feb4ba16000-7feb4bb13000 rw-p 00000000 00:00 0 
7feb4bb13000-7feb4bb17000 ---p 00000000 00:00 0 
7feb4bb17000-7feb4bc14000 rw-p 00000000 00:00 0 
7feb4bc14000-7feb4bc18000 ---p 00000000 00:00 0 
7feb4bc18000-7feb4bd15000 rw-p 00000000 00:00 0 
7feb4bd15000-7feb4bd19000 ---p 00000000 00:00 0 
7feb4bd19000-7feb4be16000 rw-p 00000000 00:00 0 
7feb4be16000-7feb4be1a000 ---p 00000000 00:00 0 
7feb4be1a000-7feb4bf17000 rw-p 00000000 00:00 0 
7feb4bf17000-7feb4bf1b000 ---p 00000000 00:00 0 
7feb4bf1b000-7feb4c018000 rw-p 00000000 00:00 0 
7feb4c018000-7feb4c01c000 ---p 00000000 00:00 0 
7feb4c01c000-7feb4c119000 rw-p 00000000 00:00 0 
7feb4c119000-7feb4c11d000 ---p 00000000 00:00 0 
7feb4c11d000-7feb4c21a000 rw-p 00000000 00:00 0 
7feb4c21a000-7feb4c21e000 ---p 00000000 00:00 0 
7feb4c21e000-7feb4c31b000 rw-p 00000000 00:00 0 
7feb4c31b000-7feb4c31f000 ---p 00000000 00:00 0 
7feb4c31f000-7feb4c41c000 rw-p 00000000 00:00 0 
7feb4c41c000-7feb4c420000 ---p 00000000 00:00 0 
7feb4c420000-7feb4c51d000 rw-p 00000000 00:00 0 
7feb4c51d000-7feb4c521000 ---p 00000000 00:00 0 
7feb4c521000-7feb4c61e000 rw-p 00000000 00:00 0 
7feb4c61e000-7feb4c622000 ---p 00000000 00:00 0 
7feb4c622000-7feb4c71f000 rw-p 00000000 00:00 0 
7feb4c71f000-7feb4c723000 ---p 00000000 00:00 0 
7feb4c723000-7feb4c820000 rw-p 00000000 00:00 0 
7feb4c820000-7feb4c824000 ---p 00000000 00:00 0 
7feb4c824000-7feb4c921000 rw-p 00000000 00:00 0 
7feb4c921000-7feb4c925000 ---p 00000000 00:00 0 
7feb4c925000-7feb4ca22000 rw-p 00000000 00:00 0 
7feb4ca22000-7feb4ca26000 ---p 00000000 00:00 0 
7feb4ca26000-7feb4cb23000 rw-p 00000000 00:00 0 
7feb4cb23000-7feb4cb27000 ---p 00000000 00:00 0 
7feb4cb27000-7feb4cc24000 rw-p 00000000 00:00 0 
7feb4cc24000-7feb4cc28000 ---p 00000000 00:00 0 
7feb4cc28000-7feb4cd25000 rw-p 00000000 00:00 0 
7feb4cd25000-7feb4cd29000 ---p 00000000 00:00 0 
7feb4cd29000-7feb4ce26000 rw-p 00000000 00:00 0 
7feb4ce26000-7feb4ce2a000 ---p 00000000 00:00 0 
7feb4ce2a000-7feb4cf27000 rw-p 00000000 00:00 0 
7feb4cf27000-7feb4cf2b000 ---p 00000000 00:00 0 
7feb4cf2b000-7feb4d027000 rw-p 00000000 00:00 0 
7feb4d027000-7feb4d02a000 r--p 00000000 103:02 4720955                   /usr/lib/libnss_resolve.so.2
7feb4d02a000-7feb4d05d000 r-xp 00003000 103:02 4720955                   /usr/lib/libnss_resolve.so.2
7feb4d05d000-7feb4d075000 r--p 00036000 103:02 4720955                   /usr/lib/libnss_resolve.so.2
7feb4d075000-7feb4d07c000 r--p 0004e000 103:02 4720955                   /usr/lib/libnss_resolve.so.2
7feb4d07c000-7feb4d07d000 rw-p 00055000 103:02 4720955                   /usr/lib/libnss_resolve.so.2
7feb4d07d000-7feb4d081000 r--p 00000000 103:02 4720953                   /usr/lib/libnss_mymachines.so.2
7feb4d081000-7feb4d0d2000 r-xp 00004000 103:02 4720953                   /usr/lib/libnss_mymachines.so.2
7feb4d0d2000-7feb4d0ec000 r--p 00055000 103:02 4720953                   /usr/lib/libnss_mymachines.so.2
7feb4d0ec000-7feb4d0ef000 r--p 0006f000 103:02 4720953                   /usr/lib/libnss_mymachines.so.2
7feb4d0ef000-7feb4d0f0000 rw-p 00072000 103:02 4720953                   /usr/lib/libnss_mymachines.so.2
7feb4d0f0000-7feb4d0f1000 rw-p 00000000 00:00 0 
7feb4d0f1000-7feb4d0f5000 ---p 00000000 00:00 0 
7feb4d0f5000-7feb4d1f2000 rw-p 00000000 00:00 0 
7feb4d1f2000-7feb4d1f6000 ---p 00000000 00:00 0 
7feb4d1f6000-7feb4d2f3000 rw-p 00000000 00:00 0 
7feb4d2f3000-7feb4d2f7000 ---p 00000000 00:00 0 
7feb4d2f7000-7feb4d3f4000 rw-p 00000000 00:00 0 
7feb4d3f4000-7feb4d3f8000 ---p 00000000 00:00 0 
7feb4d3f8000-7feb4d4f5000 rw-p 00000000 00:00 0 
7feb4d4f5000-7feb4d4f9000 ---p 00000000 00:00 0 
7feb4d4f9000-7feb4d5f5000 rw-p 00000000 00:00 0 
7feb4d7f5000-7feb4d7f6000 rw-p 00000000 00:00 0 
7feb4d7f6000-7feb4d7fa000 ---p 00000000 00:00 0 
7feb4d7fa000-7feb4d8f6000 rw-p 00000000 00:00 0 
7feb4dbf6000-7feb4e3f7000 rw-p 00000000 00:00 0 
7feb4e7f7000-7feb4ecfd000 rw-p 00000000 00:00 0 
7feb4ecfd000-7feb4ed01000 ---p 00000000 00:00 0 
7feb4ed01000-7feb4edfe000 rw-p 00000000 00:00 0 
7feb4edfe000-7feb4ee02000 ---p 00000000 00:00 0 
7feb4ee02000-7feb4eeff000 rw-p 00000000 00:00 0 
7feb4eeff000-7feb4ef03000 ---p 00000000 00:00 0 
7feb4ef03000-7feb4f800000 rw-p 00000000 00:00 0 
7feb4f800000-7feb4fa00000 rw-s 00000000 00:01 406962                     /dev/zero (deleted)
7feb4fa05000-7feb4fa07000 r--p 00000000 103:02 4906014                   /usr/lib/pipewire-0.3/libpipewire-module-client-device.so
7feb4fa07000-7feb4fa13000 r-xp 00002000 103:02 4906014                   /usr/lib/pipewire-0.3/libpipewire-module-client-device.so
7feb4fa13000-7feb4fa14000 r--p 0000e000 103:02 4906014                   /usr/lib/pipewire-0.3/libpipewire-module-client-device.so
7feb4fa14000-7feb4fa15000 r--p 0000f000 103:02 4906014                   /usr/lib/pipewire-0.3/libpipewire-module-client-device.so
7feb4fa15000-7feb4fa16000 rw-p 00010000 103:02 4906014                   /usr/lib/pipewire-0.3/libpipewire-module-client-device.so
7feb4fa16000-7feb4fa18000 r--p 00000000 103:02 4906023                   /usr/lib/pipewire-0.3/libpipewire-module-rt.so
7feb4fa18000-7feb4fa1c000 r-xp 00002000 103:02 4906023                   /usr/lib/pipewire-0.3/libpipewire-module-rt.so
7feb4fa1c000-7feb4fa1e000 r--p 00006000 103:02 4906023                   /usr/lib/pipewire-0.3/libpipewire-module-rt.so
7feb4fa1e000-7feb4fa1f000 r--p 00007000 103:02 4906023                   /usr/lib/pipewire-0.3/libpipewire-module-rt.so
7feb4fa1f000-7feb4fa20000 rw-p 00008000 103:02 4906023                   /usr/lib/pipewire-0.3/libpipewire-module-rt.so
7feb4fa20000-7feb4fa48000 rw-s 00000000 00:07 1110                       /dev/nvidiactl
7feb4fabb000-7feb4fbbc000 rw-p 00000000 00:00 0 
7feb4fbbc000-7feb4fbbd000 rw-s 00000000 00:07 1110                       /dev/nvidiactl
7feb4fbbd000-7feb4fbbe000 rw-s 00000000 00:07 1110                       /dev/nvidiactl
7feb4fbbe000-7feb4fbbf000 rw-s 00000000 00:07 1110                       /dev/nvidiactl
7feb4fbbf000-7feb4fbc0000 rw-s 00000000 00:07 1110                       /dev/nvidiactl
7feb4fbc0000-7feb4fbc1000 rw-s 00000000 00:07 1110                       /dev/nvidiactl
7feb4fbc1000-7feb4fbc2000 rw-s 00000000 00:07 1110                       /dev/nvidiactl
7feb4fbc2000-7feb4fbc3000 rw-s 00000000 00:07 1110                       /dev/nvidiactl
7feb4fbc3000-7feb4fbc4000 rw-s 00000000 00:07 1110                       /dev/nvidiactl
7feb4fbc4000-7feb4fbc5000 rw-s 00000000 00:07 1110                       /dev/nvidiactl
7feb4fbc5000-7feb4fbc6000 rw-s 00000000 00:07 1110                       /dev/nvidiactl
7feb4fbc6000-7feb4fbc7000 rw-s 00000000 00:07 1110                       /dev/nvidiactl
7feb4fbc7000-7feb4fbc8000 rw-s 00000000 00:07 1110                       /dev/nvidiactl
7feb4fbc8000-7feb4fbc9000 rw-s 00000000 00:07 1110                       /dev/nvidiactl
7feb4fbc9000-7feb4fbca000 rw-s 00000000 00:07 1110                       /dev/nvidiactl
7feb4fbca000-7feb4fbcb000 rw-s 00000000 00:07 1110                       /dev/nvidiactl
7feb4fbcb000-7feb4fbcc000 rw-s 00000000 00:07 1110                       /dev/nvidiactl
7feb4fbcc000-7feb50ddd000 ---p 00000000 00:00 0 
7feb50ddd000-7feb51ddf000 rw-p 00000000 00:00 0 
7feb51ddf000-7feb59000000 ---p 00000000 00:00 0 
7feb59000000-7feb591a8000 r--p 00000000 103:02 4826311                   /usr/lib/libcuda.so.610.57.04
7feb591a8000-7feb5a423000 r-xp 001a8000 103:02 4826311                   /usr/lib/libcuda.so.610.57.04
7feb5a423000-7feb5f9ea000 r--p 01423000 103:02 4826311                   /usr/lib/libcuda.so.610.57.04
7feb5f9ea000-7feb5f9eb000 ---p 069ea000 103:02 4826311                   /usr/lib/libcuda.so.610.57.04
7feb5f9eb000-7feb5fb67000 r--p 069ea000 103:02 4826311                   /usr/lib/libcuda.so.610.57.04
7feb5fb67000-7feb5fb6c000 rw-p 06b66000 103:02 4826311                   /usr/lib/libcuda.so.610.57.04
7feb5fb6c000-7feb5fbd4000 rw-p 00000000 00:00 0 
7feb5fbdc000-7feb5fbdd000 r--p 00000000 103:02 4906031                   /usr/lib/spa-0.2/support/libspa-dbus.so
7feb5fbdd000-7feb5fbe0000 r-xp 00001000 103:02 4906031                   /usr/lib/spa-0.2/support/libspa-dbus.so
7feb5fbe0000-7feb5fbe1000 r--p 00004000 103:02 4906031                   /usr/lib/spa-0.2/support/libspa-dbus.so
7feb5fbe1000-7feb5fbe2000 r--p 00004000 103:02 4906031                   /usr/lib/spa-0.2/support/libspa-dbus.so
7feb5fbe2000-7feb5fbe3000 rw-p 00005000 103:02 4906031                   /usr/lib/spa-0.2/support/libspa-dbus.so
7feb5fc63000-7feb5fd64000 rw-p 00000000 00:00 0 
7feb5fd64000-7feb5fd84000 rw-p 00000000 00:00 0 
7feb5fd84000-7feb5fd94000 r-xp 00000000 00:00 0 
7feb5fd94000-7feb5fda4000 rw-s 00000000 00:07 1112                       /dev/nvidia0
7feb5fdc4000-7feb5fdd4000 r-xp 00000000 00:00 0 
7feb5fdd4000-7feb5fe34000 rw-p 00000000 00:00 0 
7feb5fe34000-7feb60635000 rw-p 00000000 00:00 0 
7feb60635000-7feb606d5000 rw-p 00000000 00:00 0 
7feb606d5000-7feb60ed6000 rw-p 00000000 00:00 0 
7feb60ed6000-7feb60ef6000 rw-p 00000000 00:00 0 
7feb60f16000-7feb60f56000 rw-p 00000000 00:00 0 
7feb60f56000-7feb61757000 rw-p 00000000 00:00 0 
7feb61757000-7feb61797000 rw-p 00000000 00:00 0 
7feb61797000-7feb62799000 rw-p 00000000 00:00 0 
7feb62799000-7feb627a9000 -w-s 00000000 00:07 1112                       /dev/nvidia0
7feb627a9000-7feb627b9000 r-xp 00000000 00:00 0 
7feb627b9000-7feb62fba000 rw-p 00000000 00:00 0 
7feb62fba000-7feb62fda000 rw-p 00000000 00:00 0 
7feb62fda000-7feb637db000 rw-p 00000000 00:00 0 
7feb637db000-7feb637fb000 rw-p 00000000 00:00 0 
7feb637fb000-7feb66000000 rw-p 00000000 00:00 0 
7feb66000000-7feb660c3000 r--p 00000000 103:02 4812054                   /usr/lib/libglycin-2.so.0
7feb660c3000-7feb663e0000 r-xp 000c2000 103:02 4812054                   /usr/lib/libglycin-2.so.0
7feb663e0000-7feb663f9000 r--p 003de000 103:02 4812054                   /usr/lib/libglycin-2.so.0
7feb663f9000-7feb663fd000 rw-p 003f6000 103:02 4812054                   /usr/lib/libglycin-2.so.0
7feb66400000-7feb66449000 r--p 00000000 103:02 4817127                   /usr/lib/libSPIRV-Tools-opt.so
7feb66449000-7feb66612000 r-xp 00049000 103:02 4817127                   /usr/lib/libSPIRV-Tools-opt.so
7feb66612000-7feb6666b000 r--p 00212000 103:02 4817127                   /usr/lib/libSPIRV-Tools-opt.so
7feb6666b000-7feb6667b000 r--p 0026b000 103:02 4817127                   /usr/lib/libSPIRV-Tools-opt.so
7feb6667b000-7feb6667c000 rw-p 0027b000 103:02 4817127                   /usr/lib/libSPIRV-Tools-opt.so
7feb66681000-7feb666a1000 rw-p 00000000 00:00 0 
7feb666a1000-7feb666a3000 r--p 00000000 103:02 4734009                   /usr/lib/libseccomp.so.2.6.0
7feb666a3000-7feb666b3000 r-xp 00002000 103:02 4734009                   /usr/lib/libseccomp.so.2.6.0
7feb666b3000-7feb666cc000 r--p 00012000 103:02 4734009                   /usr/lib/libseccomp.so.2.6.0
7feb666cc000-7feb666cd000 r--p 0002b000 103:02 4734009                   /usr/lib/libseccomp.so.2.6.0
7feb666cd000-7feb666ce000 rw-p 0002c000 103:02 4734009                   /usr/lib/libseccomp.so.2.6.0
7feb666ce000-7feb666d7000 r--p 00000000 103:02 4769004                   /usr/lib/libFLAC.so.14.0.0
7feb666d7000-7feb6670d000 r-xp 00009000 103:02 4769004                   /usr/lib/libFLAC.so.14.0.0
7feb6670d000-7feb66715000 r--p 0003f000 103:02 4769004                   /usr/lib/libFLAC.so.14.0.0
7feb66715000-7feb66716000 r--p 00047000 103:02 4769004                   /usr/lib/libFLAC.so.14.0.0
7feb66716000-7feb66717000 rw-p 00048000 103:02 4769004                   /usr/lib/libFLAC.so.14.0.0
7feb66717000-7feb66718000 r--p 00000000 103:02 4763243                   /usr/lib/libXxf86vm.so.1.0.0
7feb66718000-7feb6671b000 r-xp 00001000 103:02 4763243                   /usr/lib/libXxf86vm.so.1.0.0
7feb6671b000-7feb6671c000 r--p 00004000 103:02 4763243                   /usr/lib/libXxf86vm.so.1.0.0
7feb6671c000-7feb6671d000 r--p 00004000 103:02 4763243                   /usr/lib/libXxf86vm.so.1.0.0
7feb6671d000-7feb6671e000 rw-p 00005000 103:02 4763243                   /usr/lib/libXxf86vm.so.1.0.0
7feb6671e000-7feb66723000 r--p 00000000 103:02 4755422                   /usr/lib/libsndfile.so.1.0.37
7feb66723000-7feb66789000 r-xp 00005000 103:02 4755422                   /usr/lib/libsndfile.so.1.0.37
7feb66789000-7feb667a2000 r--p 0006b000 103:02 4755422                   /usr/lib/libsndfile.so.1.0.37
7feb667a2000-7feb667a5000 r--p 00084000 103:02 4755422                   /usr/lib/libsndfile.so.1.0.37
7feb667a5000-7feb667a6000 rw-p 00087000 103:02 4755422                   /usr/lib/libsndfile.so.1.0.37
7feb667a6000-7feb667a8000 rw-p 00000000 00:00 0 
7feb667a8000-7feb667b9000 r--p 00000000 103:02 4732432                   /usr/lib/libkrb5.so.3.3
7feb667b9000-7feb66829000 r-xp 00011000 103:02 4732432                   /usr/lib/libkrb5.so.3.3
7feb66829000-7feb66867000 r--p 00081000 103:02 4732432                   /usr/lib/libkrb5.so.3.3
7feb66867000-7feb66875000 r--p 000bf000 103:02 4732432                   /usr/lib/libkrb5.so.3.3
7feb66875000-7feb66877000 rw-p 000cd000 103:02 4732432                   /usr/lib/libkrb5.so.3.3
7feb66877000-7feb66886000 r--p 00000000 103:02 4735687                   /usr/lib/libunistring.so.5.2.1
7feb66886000-7feb668ca000 r-xp 0000f000 103:02 4735687                   /usr/lib/libunistring.so.5.2.1
7feb668ca000-7feb66a59000 r--p 00053000 103:02 4735687                   /usr/lib/libunistring.so.5.2.1
7feb66a59000-7feb66a5d000 r--p 001e2000 103:02 4735687                   /usr/lib/libunistring.so.5.2.1
7feb66a5d000-7feb66a5e000 rw-p 001e6000 103:02 4735687                   /usr/lib/libunistring.so.5.2.1
7feb66a5e000-7feb66a65000 r--p 00000000 103:02 4770278                   /usr/lib/libp11-kit.so.0.4.11
7feb66a65000-7feb66b4e000 r-xp 00007000 103:02 4770278                   /usr/lib/libp11-kit.so.0.4.11
7feb66b4e000-7feb66be0000 r--p 000f0000 103:02 4770278                   /usr/lib/libp11-kit.so.0.4.11
7feb66be0000-7feb66bf1000 r--p 00181000 103:02 4770278                   /usr/lib/libp11-kit.so.0.4.11
7feb66bf1000-7feb66c00000 rw-p 00192000 103:02 4770278                   /usr/lib/libp11-kit.so.0.4.11
7feb66c00000-7feb66c1a000 r--p 00000000 103:02 4760330                   /usr/lib/libleancrypto.so.1
7feb66c1a000-7feb66d38000 r-xp 0001a000 103:02 4760330                   /usr/lib/libleancrypto.so.1
7feb66d38000-7feb66e5b000 r--p 00138000 103:02 4760330                   /usr/lib/libleancrypto.so.1
7feb66e5b000-7feb66e61000 r--p 0025b000 103:02 4760330                   /usr/lib/libleancrypto.so.1
7feb66e61000-7feb66e63000 rw-p 00261000 103:02 4760330                   /usr/lib/libleancrypto.so.1
7feb66e63000-7feb66e71000 r--p 00000000 103:02 5905684                   /usr/lib/libOpenGL.so.0.0.0
7feb66e71000-7feb66e7c000 r-xp 0000e000 103:02 5905684                   /usr/lib/libOpenGL.so.0.0.0
7feb66e7c000-7feb66e81000 r--p 00019000 103:02 5905684                   /usr/lib/libOpenGL.so.0.0.0
7feb66e81000-7feb66e86000 r--p 0001e000 103:02 5905684                   /usr/lib/libOpenGL.so.0.0.0
7feb66e86000-7feb66e87000 rw-p 00023000 103:02 5905684                   /usr/lib/libOpenGL.so.0.0.0
7feb66e87000-7feb66e8a000 r--p 00000000 103:02 4777131                   /usr/lib/libmd.so.0.2.0
7feb66e8a000-7feb66e96000 r-xp 00003000 103:02 4777131                   /usr/lib/libmd.so.0.2.0
7feb66e96000-7feb66e98000 r--p 0000f000 103:02 4777131                   /usr/lib/libmd.so.0.2.0
7feb66e98000-7feb66e99000 r--p 00011000 103:02 4777131                   /usr/lib/libmd.so.0.2.0
7feb66e99000-7feb66e9a000 rw-p 00012000 103:02 4777131                   /usr/lib/libmd.so.0.2.0
7feb66e9a000-7feb66e9c000 r--p 00000000 103:02 4769564                   /usr/lib/libv4lconvert.so.0.0.0
7feb66e9c000-7feb66eb7000 r-xp 00002000 103:02 4769564                   /usr/lib/libv4lconvert.so.0.0.0
7feb66eb7000-7feb66ebf000 r--p 0001d000 103:02 4769564                   /usr/lib/libv4lconvert.so.0.0.0
7feb66ebf000-7feb66ec1000 r--p 00025000 103:02 4769564                   /usr/lib/libv4lconvert.so.0.0.0
7feb66ec1000-7feb66ec2000 rw-p 00027000 103:02 4769564                   /usr/lib/libv4lconvert.so.0.0.0
7feb66ec2000-7feb66f14000 rw-p 00000000 00:00 0 
7feb66f14000-7feb66f17000 r--p 00000000 103:02 4722208                   /usr/lib/libresolv.so.2
7feb66f17000-7feb66f20000 r-xp 00003000 103:02 4722208                   /usr/lib/libresolv.so.2
7feb66f20000-7feb66f23000 r--p 0000c000 103:02 4722208                   /usr/lib/libresolv.so.2
7feb66f23000-7feb66f24000 r--p 0000f000 103:02 4722208                   /usr/lib/libresolv.so.2
7feb66f24000-7feb66f25000 rw-p 00010000 103:02 4722208                   /usr/lib/libresolv.so.2
7feb66f25000-7feb66f27000 rw-p 00000000 00:00 0 
7feb66f27000-7feb66f35000 r--p 00000000 103:02 4758220                   /usr/lib/libnettle.so.9.0
7feb66f35000-7feb66f67000 r-xp 0000e000 103:02 4758220                   /usr/lib/libnettle.so.9.0
7feb66f67000-7feb66f7f000 r--p 00040000 103:02 4758220                   /usr/lib/libnettle.so.9.0
7feb66f7f000-7feb66f82000 r--p 00057000 103:02 4758220                   /usr/lib/libnettle.so.9.0
7feb66f82000-7feb66f83000 rw-p 0005a000 103:02 4758220                   /usr/lib/libnettle.so.9.0
7feb66f83000-7feb66f8b000 r--p 00000000 103:02 4738622                   /usr/lib/libhogweed.so.7.0
7feb66f8b000-7feb66f9e000 r-xp 00008000 103:02 4738622                   /usr/lib/libhogweed.so.7.0
7feb66f9e000-7feb66fc7000 r--p 0001b000 103:02 4738622                   /usr/lib/libhogweed.so.7.0
7feb66fc7000-7feb66fc9000 r--p 00043000 103:02 4738622                   /usr/lib/libhogweed.so.7.0
7feb66fc9000-7feb66fca000 rw-p 00045000 103:02 4738622                   /usr/lib/libhogweed.so.7.0
7feb66fca000-7feb66fd9000 r--p 00000000 103:02 4811985                   /usr/lib/libsodium.so.26.4.0
7feb66fd9000-7feb6702c000 r-xp 0000f000 103:02 4811985                   /usr/lib/libsodium.so.26.4.0
7feb6702c000-7feb6703e000 r--p 00062000 103:02 4811985                   /usr/lib/libsodium.so.26.4.0
7feb6703e000-7feb6703f000 r--p 00074000 103:02 4811985                   /usr/lib/libsodium.so.26.4.0
7feb6703f000-7feb67040000 rw-p 00075000 103:02 4811985                   /usr/lib/libsodium.so.26.4.0
7feb67040000-7feb67045000 r--p 00000000 103:02 4722184                   /usr/lib/libmvec.so.1
7feb67045000-7feb67067000 r-xp 00005000 103:02 4722184                   /usr/lib/libmvec.so.1
7feb67067000-7feb6713e000 r--p 00027000 103:02 4722184                   /usr/lib/libmvec.so.1
7feb6713e000-7feb6713f000 r--p 000fe000 103:02 4722184                   /usr/lib/libmvec.so.1
7feb6713f000-7feb67140000 rw-p 000ff000 103:02 4722184                   /usr/lib/libmvec.so.1
7feb67140000-7feb67141000 r--p 00000000 103:02 4814598                   /usr/lib/libbrotlienc.so.1.2.0
7feb67141000-7feb671ae000 r-xp 00001000 103:02 4814598                   /usr/lib/libbrotlienc.so.1.2.0
7feb671ae000-7feb671fe000 r--p 0006e000 103:02 4814598                   /usr/lib/libbrotlienc.so.1.2.0
7feb671fe000-7feb671ff000 r--p 000bd000 103:02 4814598                   /usr/lib/libbrotlienc.so.1.2.0
7feb671ff000-7feb67200000 rw-p 000be000 103:02 4814598                   /usr/lib/libbrotlienc.so.1.2.0
7feb67200000-7feb67211000 r--p 00000000 103:02 4756846                   /usr/lib/libslang.so.2.3.3
7feb67211000-7feb672f2000 r-xp 00011000 103:02 4756846                   /usr/lib/libslang.so.2.3.3
7feb672f2000-7feb67333000 r--p 000f2000 103:02 4756846                   /usr/lib/libslang.so.2.3.3
7feb67333000-7feb6734a000 r--p 00132000 103:02 4756846                   /usr/lib/libslang.so.2.3.3
7feb6734a000-7feb67354000 rw-p 00149000 103:02 4756846                   /usr/lib/libslang.so.2.3.3
7feb67354000-7feb674f0000 rw-p 00000000 00:00 0 
7feb674f0000-7feb674f1000 r--p 00000000 103:02 4906032                   /usr/lib/spa-0.2/support/libspa-journal.so
7feb674f1000-7feb674f3000 r-xp 00001000 103:02 4906032                   /usr/lib/spa-0.2/support/libspa-journal.so
7feb674f3000-7feb674f4000 r--p 00003000 103:02 4906032                   /usr/lib/spa-0.2/support/libspa-journal.so
7feb674f4000-7feb674f5000 r--p 00003000 103:02 4906032                   /usr/lib/spa-0.2/support/libspa-journal.so
7feb674f5000-7feb674f6000 rw-p 00004000 103:02 4906032                   /usr/lib/spa-0.2/support/libspa-journal.so
7feb674f6000-7feb674f9000 r--p 00000000 103:02 4732435                   /usr/lib/libkrb5support.so.0.1
7feb674f9000-7feb67500000 r-xp 00003000 103:02 4732435                   /usr/lib/libkrb5support.so.0.1
7feb67500000-7feb67503000 r--p 0000a000 103:02 4732435                   /usr/lib/libkrb5support.so.0.1
7feb67503000-7feb67504000 r--p 0000c000 103:02 4732435                   /usr/lib/libkrb5support.so.0.1
7feb67504000-7feb67505000 rw-p 0000d000 103:02 4732435                   /usr/lib/libkrb5support.so.0.1
7feb67505000-7feb67508000 r--p 00000000 103:02 4732383                   /usr/lib/libk5crypto.so.3.1
7feb67508000-7feb67524000 r-xp 00003000 103:02 4732383                   /usr/lib/libk5crypto.so.3.1
7feb67524000-7feb67530000 r--p 0001f000 103:02 4732383                   /usr/lib/libk5crypto.so.3.1
7feb67530000-7feb67532000 r--p 0002a000 103:02 4732383                   /usr/lib/libk5crypto.so.3.1
7feb67532000-7feb67533000 rw-p 0002c000 103:02 4732383                   /usr/lib/libk5crypto.so.3.1
7feb67533000-7feb6753e000 r--p 00000000 103:02 4815516                   /usr/lib/libgomp.so.1.0.0
7feb6753e000-7feb6757c000 r-xp 0000b000 103:02 4815516                   /usr/lib/libgomp.so.1.0.0
7feb6757c000-7feb6758b000 r--p 00049000 103:02 4815516                   /usr/lib/libgomp.so.1.0.0
7feb6758b000-7feb6758c000 r--p 00057000 103:02 4815516                   /usr/lib/libgomp.so.1.0.0
7feb6758c000-7feb6758d000 rw-p 00058000 103:02 4815516                   /usr/lib/libgomp.so.1.0.0
7feb6758d000-7feb67598000 r--p 00000000 103:02 4758350                   /usr/lib/libglut.so.3.13.0
7feb67598000-7feb675b2000 r-xp 0000b000 103:02 4758350                   /usr/lib/libglut.so.3.13.0
7feb675b2000-7feb675cc000 r--p 00025000 103:02 4758350                   /usr/lib/libglut.so.3.13.0
7feb675cc000-7feb675d0000 r--p 0003f000 103:02 4758350                   /usr/lib/libglut.so.3.13.0
7feb675d0000-7feb675d7000 rw-p 00043000 103:02 4758350                   /usr/lib/libglut.so.3.13.0
7feb675d7000-7feb6763b000 rw-p 00000000 00:00 0 
7feb6763b000-7feb6765f000 r--p 00000000 103:02 4754125                   /usr/lib/libdb-5.3.so
7feb6765f000-7feb677bc000 r-xp 00024000 103:02 4754125                   /usr/lib/libdb-5.3.so
7feb677bc000-7feb677f5000 r--p 00181000 103:02 4754125                   /usr/lib/libdb-5.3.so
7feb677f5000-7feb677ff000 r--p 001b9000 103:02 4754125                   /usr/lib/libdb-5.3.so
7feb677ff000-7feb67800000 rw-p 001c3000 103:02 4754125                   /usr/lib/libdb-5.3.so
7feb67800000-7feb67819000 r--p 00000000 103:02 4773780                   /usr/lib/libfftw3.so.3.7.11
7feb67819000-7feb679f5000 r-xp 00019000 103:02 4773780                   /usr/lib/libfftw3.so.3.7.11
7feb679f5000-7feb67a1c000 r--p 001f5000 103:02 4773780                   /usr/lib/libfftw3.so.3.7.11
7feb67a1c000-7feb67a2d000 r--p 0021c000 103:02 4773780                   /usr/lib/libfftw3.so.3.7.11
7feb67a2d000-7feb67a2e000 rw-p 0022d000 103:02 4773780                   /usr/lib/libfftw3.so.3.7.11
7feb67a33000-7feb67a37000 r--p 00000000 103:02 4771010                   /usr/lib/libmpg123.so.0.49.4
7feb67a37000-7feb67a75000 r-xp 00004000 103:02 4771010                   /usr/lib/libmpg123.so.0.49.4
7feb67a75000-7feb67a90000 r--p 00042000 103:02 4771010                   /usr/lib/libmpg123.so.0.49.4
7feb67a90000-7feb67a91000 r--p 0005d000 103:02 4771010                   /usr/lib/libmpg123.so.0.49.4
7feb67a91000-7feb67a92000 rw-p 0005e000 103:02 4771010                   /usr/lib/libmpg123.so.0.49.4
7feb67a92000-7feb67a93000 r--p 00000000 103:02 4768927                   /usr/lib/libsamplerate.so.0.2.2
7feb67a93000-7feb67a98000 r-xp 00001000 103:02 4768927                   /usr/lib/libsamplerate.so.0.2.2
7feb67a98000-7feb67bfe000 r--p 00006000 103:02 4768927                   /usr/lib/libsamplerate.so.0.2.2
7feb67bfe000-7feb67bff000 r--p 0016b000 103:02 4768927                   /usr/lib/libsamplerate.so.0.2.2
7feb67bff000-7feb67c00000 rw-p 0016c000 103:02 4768927                   /usr/lib/libsamplerate.so.0.2.2
7feb67c00000-7feb67c53000 r--p 00000000 103:02 4726308                   /usr/lib/libcrypto.so.3
7feb67c53000-7feb67fff000 r-xp 00053000 103:02 4726308                   /usr/lib/libcrypto.so.3
7feb67fff000-7feb68125000 r--p 003ff000 103:02 4726308                   /usr/lib/libcrypto.so.3
7feb68125000-7feb681a3000 r--p 00525000 103:02 4726308                   /usr/lib/libcrypto.so.3
7feb681a3000-7feb681a6000 rw-p 005a3000 103:02 4726308                   /usr/lib/libcrypto.so.3
7feb681a6000-7feb681a9000 rw-p 00000000 00:00 0 
7feb681ad000-7feb681af000 r--p 00000000 103:02 4788180                   /usr/lib/libasyncns.so.0.3.1
7feb681af000-7feb681b2000 r-xp 00002000 103:02 4788180                   /usr/lib/libasyncns.so.0.3.1
7feb681b2000-7feb681b3000 r--p 00005000 103:02 4788180                   /usr/lib/libasyncns.so.0.3.1
7feb681b3000-7feb681b4000 r--p 00005000 103:02 4788180                   /usr/lib/libasyncns.so.0.3.1
7feb681b4000-7feb681b5000 rw-p 00006000 103:02 4788180                   /usr/lib/libasyncns.so.0.3.1
7feb681b5000-7feb681b9000 r--p 00000000 103:02 4830241                   /usr/lib/libpgm-5.3.so.0.0.128
7feb681b9000-7feb681e1000 r-xp 00004000 103:02 4830241                   /usr/lib/libpgm-5.3.so.0.0.128
7feb681e1000-7feb681fa000 r--p 0002c000 103:02 4830241                   /usr/lib/libpgm-5.3.so.0.0.128
7feb681fa000-7feb681fb000 r--p 00045000 103:02 4830241                   /usr/lib/libpgm-5.3.so.0.0.128
7feb681fb000-7feb681fc000 rw-p 00046000 103:02 4830241                   /usr/lib/libpgm-5.3.so.0.0.128
7feb681fc000-7feb68200000 rw-p 00000000 00:00 0 
7feb68200000-7feb68209000 r--p 00000000 103:02 4835513                   /usr/lib/libglslang.so.16.4.0
7feb68209000-7feb684e3000 r-xp 00009000 103:02 4835513                   /usr/lib/libglslang.so.16.4.0
7feb684e3000-7feb68598000 r--p 002e3000 103:02 4835513                   /usr/lib/libglslang.so.16.4.0
7feb68598000-7feb685a7000 r--p 00397000 103:02 4835513                   /usr/lib/libglslang.so.16.4.0
7feb685a7000-7feb685a9000 rw-p 003a6000 103:02 4835513                   /usr/lib/libglslang.so.16.4.0
7feb685a9000-7feb68cbd000 rw-p 00000000 00:00 0 
7feb68cc0000-7feb68cc2000 r--p 00000000 103:02 4732141                   /usr/lib/libkeyutils.so.1.10
7feb68cc2000-7feb68cc4000 r-xp 00002000 103:02 4732141                   /usr/lib/libkeyutils.so.1.10
7feb68cc4000-7feb68cc5000 r--p 00004000 103:02 4732141                   /usr/lib/libkeyutils.so.1.10
7feb68cc5000-7feb68cc6000 r--p 00004000 103:02 4732141                   /usr/lib/libkeyutils.so.1.10
7feb68cc6000-7feb68cc7000 rw-p 00005000 103:02 4732141                   /usr/lib/libkeyutils.so.1.10
7feb68cc7000-7feb68cc9000 r--p 00000000 103:02 4737522                   /usr/lib/libtasn1.so.6.6.5
7feb68cc9000-7feb68cd8000 r-xp 00002000 103:02 4737522                   /usr/lib/libtasn1.so.6.6.5
7feb68cd8000-7feb68cdb000 r--p 00011000 103:02 4737522                   /usr/lib/libtasn1.so.6.6.5
7feb68cdb000-7feb68cdc000 r--p 00014000 103:02 4737522                   /usr/lib/libtasn1.so.6.6.5
7feb68cdc000-7feb68cdd000 rw-p 00015000 103:02 4737522                   /usr/lib/libtasn1.so.6.6.5
7feb68cdd000-7feb68cdf000 r--p 00000000 103:02 4755205                   /usr/lib/libhwy.so.1.4.0
7feb68cdf000-7feb68ce7000 r-xp 00002000 103:02 4755205                   /usr/lib/libhwy.so.1.4.0
7feb68ce7000-7feb68cea000 r--p 0000a000 103:02 4755205                   /usr/lib/libhwy.so.1.4.0
7feb68cea000-7feb68ceb000 r--p 0000c000 103:02 4755205                   /usr/lib/libhwy.so.1.4.0
7feb68ceb000-7feb68cec000 rw-p 0000d000 103:02 4755205                   /usr/lib/libhwy.so.1.4.0
7feb68cec000-7feb68cf3000 r--p 00000000 103:02 4761802                   /usr/lib/libgdk_pixbuf-2.0.so.0.4400.7
7feb68cf3000-7feb68d15000 r-xp 00007000 103:02 4761802                   /usr/lib/libgdk_pixbuf-2.0.so.0.4400.7
7feb68d15000-7feb68d23000 r--p 00029000 103:02 4761802                   /usr/lib/libgdk_pixbuf-2.0.so.0.4400.7
7feb68d23000-7feb68d25000 r--p 00036000 103:02 4761802                   /usr/lib/libgdk_pixbuf-2.0.so.0.4400.7
7feb68d25000-7feb68d26000 rw-p 00038000 103:02 4761802                   /usr/lib/libgdk_pixbuf-2.0.so.0.4400.7
7feb68d26000-7feb68d29000 r--p 00000000 103:02 4777363                   /usr/lib/libGLU.so.1.3.1
7feb68d29000-7feb68d73000 r-xp 00003000 103:02 4777363                   /usr/lib/libGLU.so.1.3.1
7feb68d73000-7feb68d7e000 r--p 0004d000 103:02 4777363                   /usr/lib/libGLU.so.1.3.1
7feb68d7e000-7feb68d7f000 r--p 00058000 103:02 4777363                   /usr/lib/libGLU.so.1.3.1
7feb68d7f000-7feb68d80000 rw-p 00059000 103:02 4777363                   /usr/lib/libGLU.so.1.3.1
7feb68d80000-7feb68d94000 r--p 00000000 103:02 5005676                   /usr/lib/pulseaudio/libpulsecommon-17.0.so
7feb68d94000-7feb68dde000 r-xp 00014000 103:02 5005676                   /usr/lib/pulseaudio/libpulsecommon-17.0.so
7feb68dde000-7feb68dfd000 r--p 0005e000 103:02 5005676                   /usr/lib/pulseaudio/libpulsecommon-17.0.so
7feb68dfd000-7feb68dff000 r--p 0007d000 103:02 5005676                   /usr/lib/pulseaudio/libpulsecommon-17.0.so
7feb68dff000-7feb68e00000 rw-p 0007f000 103:02 5005676                   /usr/lib/pulseaudio/libpulsecommon-17.0.so
7feb68e00000-7feb68e25000 r--p 00000000 103:02 4738682                   /usr/lib/libgnutls.so.30.42.0
7feb68e25000-7feb68f7b000 r-xp 00025000 103:02 4738682                   /usr/lib/libgnutls.so.30.42.0
7feb68f7b000-7feb68ff9000 r--p 0017b000 103:02 4738682                   /usr/lib/libgnutls.so.30.42.0
7feb68ff9000-7feb6900b000 r--p 001f8000 103:02 4738682                   /usr/lib/libgnutls.so.30.42.0
7feb6900b000-7feb6900e000 rw-p 0020a000 103:02 4738682                   /usr/lib/libgnutls.so.30.42.0
7feb6900e000-7feb69011000 rw-p 00000000 00:00 0 
7feb69016000-7feb69017000 r--p 00000000 103:02 4815185                   /usr/lib/libjxl_cms.so.0.12.0
7feb69017000-7feb69038000 r-xp 00001000 103:02 4815185                   /usr/lib/libjxl_cms.so.0.12.0
7feb69038000-7feb6903d000 r--p 00022000 103:02 4815185                   /usr/lib/libjxl_cms.so.0.12.0
7feb6903d000-7feb6903e000 r--p 00027000 103:02 4815185                   /usr/lib/libjxl_cms.so.0.12.0
7feb6903e000-7feb6903f000 rw-p 00028000 103:02 4815185                   /usr/lib/libjxl_cms.so.0.12.0
7feb6903f000-7feb69043000 r--p 00000000 103:02 4758497                   /usr/lib/libbsd.so.0.12.2
7feb69043000-7feb6904e000 r-xp 00004000 103:02 4758497                   /usr/lib/libbsd.so.0.12.2
7feb6904e000-7feb69051000 r--p 0000f000 103:02 4758497                   /usr/lib/libbsd.so.0.12.2
7feb69051000-7feb69052000 r--p 00011000 103:02 4758497                   /usr/lib/libbsd.so.0.12.2
7feb69052000-7feb69053000 rw-p 00012000 103:02 4758497                   /usr/lib/libbsd.so.0.12.2
7feb69053000-7feb69054000 rw-p 00000000 00:00 0 
7feb69054000-7feb69056000 r--p 00000000 103:02 4769556                   /usr/lib/libv4l2.so.0.0.0
7feb69056000-7feb6905c000 r-xp 00002000 103:02 4769556                   /usr/lib/libv4l2.so.0.0.0
7feb6905c000-7feb6905e000 r--p 00008000 103:02 4769556                   /usr/lib/libv4l2.so.0.0.0
7feb6905e000-7feb6905f000 r--p 00009000 103:02 4769556                   /usr/lib/libv4l2.so.0.0.0
7feb6905f000-7feb69063000 rw-p 0000a000 103:02 4769556                   /usr/lib/libv4l2.so.0.0.0
7feb69063000-7feb6906c000 r--p 00000000 103:02 4732365                   /usr/lib/libgssapi_krb5.so.2.2
7feb6906c000-7feb690ac000 r-xp 00009000 103:02 4732365                   /usr/lib/libgssapi_krb5.so.2.2
7feb690ac000-7feb690b8000 r--p 00049000 103:02 4732365                   /usr/lib/libgssapi_krb5.so.2.2
7feb690b8000-7feb690ba000 r--p 00055000 103:02 4732365                   /usr/lib/libgssapi_krb5.so.2.2
7feb690ba000-7feb690bb000 rw-p 00057000 103:02 4732365                   /usr/lib/libgssapi_krb5.so.2.2
7feb690bb000-7feb690cf000 r--p 00000000 103:02 4726312                   /usr/lib/libssl.so.3
7feb690cf000-7feb6917c000 r-xp 00014000 103:02 4726312                   /usr/lib/libssl.so.3
7feb6917c000-7feb691a4000 r--p 000c1000 103:02 4726312                   /usr/lib/libssl.so.3
7feb691a4000-7feb691ae000 r--p 000e9000 103:02 4726312                   /usr/lib/libssl.so.3
7feb691ae000-7feb691b2000 rw-p 000f3000 103:02 4726312                   /usr/lib/libssl.so.3
7feb691b2000-7feb691b8000 r--p 00000000 103:02 4737856                   /usr/lib/libssh2.so.1.0.1
7feb691b8000-7feb691f0000 r-xp 00006000 103:02 4737856                   /usr/lib/libssh2.so.1.0.1
7feb691f0000-7feb691fd000 r--p 0003e000 103:02 4737856                   /usr/lib/libssh2.so.1.0.1
7feb691fd000-7feb691ff000 r--p 0004b000 103:02 4737856                   /usr/lib/libssh2.so.1.0.1
7feb691ff000-7feb69200000 rw-p 0004d000 103:02 4737856                   /usr/lib/libssh2.so.1.0.1
7feb69200000-7feb6920c000 r--p 00000000 103:02 4758335                   /usr/lib/libopenmpt.so.0.5.5
7feb6920c000-7feb69381000 r-xp 0000c000 103:02 4758335                   /usr/lib/libopenmpt.so.0.5.5
7feb69381000-7feb693d0000 r--p 00181000 103:02 4758335                   /usr/lib/libopenmpt.so.0.5.5
7feb693d0000-7feb693d5000 r--p 001d0000 103:02 4758335                   /usr/lib/libopenmpt.so.0.5.5
7feb693d5000-7feb693d6000 rw-p 001d5000 103:02 4758335                   /usr/lib/libopenmpt.so.0.5.5
7feb693d6000-7feb69430000 rw-p 00000000 00:00 0 
7feb69431000-7feb69433000 r--p 00000000 103:02 4816273                   /usr/lib/libvorbisfile.so.3.3.8
7feb69433000-7feb69438000 r-xp 00002000 103:02 4816273                   /usr/lib/libvorbisfile.so.3.3.8
7feb69438000-7feb69439000 r--p 00007000 103:02 4816273                   /usr/lib/libvorbisfile.so.3.3.8
7feb69439000-7feb6943a000 r--p 00007000 103:02 4816273                   /usr/lib/libvorbisfile.so.3.3.8
7feb6943a000-7feb6943b000 rw-p 00008000 103:02 4816273                   /usr/lib/libvorbisfile.so.3.3.8
7feb6943b000-7feb6943e000 r--p 00000000 103:02 4769084                   /usr/lib/libiec61883.so.0.1.1
7feb6943e000-7feb69445000 r-xp 00003000 103:02 4769084                   /usr/lib/libiec61883.so.0.1.1
7feb69445000-7feb69448000 r--p 0000a000 103:02 4769084                   /usr/lib/libiec61883.so.0.1.1
7feb69448000-7feb69449000 r--p 0000d000 103:02 4769084                   /usr/lib/libiec61883.so.0.1.1
7feb69449000-7feb6944a000 rw-p 0000e000 103:02 4769084                   /usr/lib/libiec61883.so.0.1.1
7feb6944a000-7feb6944d000 r--p 00000000 103:02 4815220                   /usr/lib/liblz4.so.1.10.0
7feb6944d000-7feb6946b000 r-xp 00003000 103:02 4815220                   /usr/lib/liblz4.so.1.10.0
7feb6946b000-7feb6946d000 r--p 00021000 103:02 4815220                   /usr/lib/liblz4.so.1.10.0
7feb6946d000-7feb6946e000 r--p 00023000 103:02 4815220                   /usr/lib/liblz4.so.1.10.0
7feb6946e000-7feb6946f000 rw-p 00024000 103:02 4815220                   /usr/lib/liblz4.so.1.10.0
7feb6946f000-7feb69471000 r--p 00000000 103:02 4737748                   /usr/lib/libidn2.so.0.4.0
7feb69471000-7feb69475000 r-xp 00002000 103:02 4737748                   /usr/lib/libidn2.so.0.4.0
7feb69475000-7feb6948f000 r--p 00006000 103:02 4737748                   /usr/lib/libidn2.so.0.4.0
7feb6948f000-7feb69490000 r--p 0001f000 103:02 4737748                   /usr/lib/libidn2.so.0.4.0
7feb69490000-7feb69491000 rw-p 00020000 103:02 4737748                   /usr/lib/libidn2.so.0.4.0
7feb69491000-7feb69495000 r--p 00000000 103:02 4750269                   /usr/lib/libnghttp2.so.14.29.5
7feb69495000-7feb694ab000 r-xp 00004000 103:02 4750269                   /usr/lib/libnghttp2.so.14.29.5
7feb694ab000-7feb694b7000 r--p 0001a000 103:02 4750269                   /usr/lib/libnghttp2.so.14.29.5
7feb694b7000-7feb694ba000 r--p 00025000 103:02 4750269                   /usr/lib/libnghttp2.so.14.29.5
7feb694ba000-7feb694bb000 rw-p 00028000 103:02 4750269                   /usr/lib/libnghttp2.so.14.29.5
7feb694bb000-7feb694bf000 r--p 00000000 103:02 4750340                   /usr/lib/libngtcp2.so.16.11.0
7feb694bf000-7feb69506000 r-xp 00004000 103:02 4750340                   /usr/lib/libngtcp2.so.16.11.0
7feb69506000-7feb69515000 r--p 0004b000 103:02 4750340                   /usr/lib/libngtcp2.so.16.11.0
7feb69515000-7feb69516000 r--p 0005a000 103:02 4750340                   /usr/lib/libngtcp2.so.16.11.0
7feb69516000-7feb69517000 rw-p 0005b000 103:02 4750340                   /usr/lib/libngtcp2.so.16.11.0
7feb69517000-7feb69532000 r--p 00000000 103:02 4768894                   /usr/lib/libsrt.so.1.5.6
7feb69532000-7feb695d6000 r-xp 0001b000 103:02 4768894                   /usr/lib/libsrt.so.1.5.6
7feb695d6000-7feb695f7000 r--p 000bf000 103:02 4768894                   /usr/lib/libsrt.so.1.5.6
7feb695f7000-7feb695fa000 r--p 000e0000 103:02 4768894                   /usr/lib/libsrt.so.1.5.6
7feb695fa000-7feb695fb000 rw-p 000e3000 103:02 4768894                   /usr/lib/libsrt.so.1.5.6
7feb695fb000-7feb69600000 rw-p 00000000 00:00 0 
7feb69600000-7feb69606000 r-xp 00000000 103:02 1313995                   /opt/cuda/targets/x86_64-linux/lib/libOpenCL.so.1.0.0
7feb69606000-7feb69805000 ---p 00006000 103:02 1313995                   /opt/cuda/targets/x86_64-linux/lib/libOpenCL.so.1.0.0
7feb69805000-7feb69807000 r--p 00005000 103:02 1313995                   /opt/cuda/targets/x86_64-linux/lib/libOpenCL.so.1.0.0
7feb69807000-7feb69808000 rw-p 00007000 103:02 1313995                   /opt/cuda/targets/x86_64-linux/lib/libOpenCL.so.1.0.0
7feb6980d000-7feb6980f000 r--p 00000000 103:02 4788171                   /usr/lib/libsoxr.so.0.1.2
7feb6980f000-7feb69833000 r-xp 00002000 103:02 4788171                   /usr/lib/libsoxr.so.0.1.2
7feb69833000-7feb69838000 r--p 00026000 103:02 4788171                   /usr/lib/libsoxr.so.0.1.2
7feb69838000-7feb6983a000 r--p 0002a000 103:02 4788171                   /usr/lib/libsoxr.so.0.1.2
7feb6983a000-7feb6983b000 rw-p 0002c000 103:02 4788171                   /usr/lib/libsoxr.so.0.1.2
7feb6983b000-7feb69870000 rw-p 00000000 00:00 0 
7feb69870000-7feb69876000 r--p 00000000 103:02 4769212                   /usr/lib/libmodplug.so.1.0.0
7feb69876000-7feb698b4000 r-xp 00006000 103:02 4769212                   /usr/lib/libmodplug.so.1.0.0
7feb698b4000-7feb698c1000 r--p 00044000 103:02 4769212                   /usr/lib/libmodplug.so.1.0.0
7feb698c1000-7feb698c2000 r--p 00051000 103:02 4769212                   /usr/lib/libmodplug.so.1.0.0
7feb698c2000-7feb698c3000 rw-p 00052000 103:02 4769212                   /usr/lib/libmodplug.so.1.0.0
7feb698c3000-7feb69a00000 rw-p 00000000 00:00 0 
7feb69a00000-7feb69a5f000 r--p 00000000 103:02 4835194                   /usr/lib/libx265.so.217
7feb69a5f000-7feb6ae77000 r-xp 0005f000 103:02 4835194                   /usr/lib/libx265.so.217
7feb6ae77000-7feb6aefb000 r--p 01477000 103:02 4835194                   /usr/lib/libx265.so.217
7feb6aefb000-7feb6af10000 r--p 014fa000 103:02 4835194                   /usr/lib/libx265.so.217
7feb6af10000-7feb6af13000 rw-p 0150f000 103:02 4835194                   /usr/lib/libx265.so.217
7feb6af13000-7feb6af25000 rw-p 00000000 00:00 0 
7feb6af28000-7feb6af2a000 r--p 00000000 103:02 4792845                   /usr/lib/libogg.so.0.8.6
7feb6af2a000-7feb6af2d000 r-xp 00002000 103:02 4792845                   /usr/lib/libogg.so.0.8.6
7feb6af2d000-7feb6af30000 r--p 00005000 103:02 4792845                   /usr/lib/libogg.so.0.8.6
7feb6af30000-7feb6af31000 r--p 00008000 103:02 4792845                   /usr/lib/libogg.so.0.8.6
7feb6af31000-7feb6af32000 rw-p 00009000 103:02 4792845                   /usr/lib/libogg.so.0.8.6
7feb6af32000-7feb6af35000 r--p 00000000 103:02 4750283                   /usr/lib/libnghttp3.so.9.9.0
7feb6af35000-7feb6af4a000 r-xp 00003000 103:02 4750283                   /usr/lib/libnghttp3.so.9.9.0
7feb6af4a000-7feb6af57000 r--p 00018000 103:02 4750283                   /usr/lib/libnghttp3.so.9.9.0
7feb6af57000-7feb6af58000 r--p 00024000 103:02 4750283                   /usr/lib/libnghttp3.so.9.9.0
7feb6af58000-7feb6af5a000 rw-p 00025000 103:02 4750283                   /usr/lib/libnghttp3.so.9.9.0
7feb6af5a000-7feb6af78000 r--p 00000000 103:02 4770283                   /usr/lib/libdovi.so.3.4.0
7feb6af78000-7feb6aff7000 r-xp 0001d000 103:02 4770283                   /usr/lib/libdovi.so.3.4.0
7feb6aff7000-7feb6afff000 r--p 0009b000 103:02 4770283                   /usr/lib/libdovi.so.3.4.0
7feb6afff000-7feb6b000000 rw-p 000a2000 103:02 4770283                   /usr/lib/libdovi.so.3.4.0
7feb6b000000-7feb6b003000 r--p 00000000 103:02 4792842                   /usr/lib/libx264.so.165
7feb6b003000-7feb6b196000 r-xp 00003000 103:02 4792842                   /usr/lib/libx264.so.165
7feb6b196000-7feb6b1cf000 r--p 00196000 103:02 4792842                   /usr/lib/libx264.so.165
7feb6b1cf000-7feb6b1d1000 r--p 001ce000 103:02 4792842                   /usr/lib/libx264.so.165
7feb6b1d1000-7feb6b1d2000 rw-p 001d0000 103:02 4792842                   /usr/lib/libx264.so.165
7feb6b1d2000-7feb6b2cb000 rw-p 00000000 00:00 0 
7feb6b2cb000-7feb6b2cd000 r--p 00000000 103:02 4726081                   /usr/lib/libcom_err.so.2.1
7feb6b2cd000-7feb6b2ce000 r-xp 00002000 103:02 4726081                   /usr/lib/libcom_err.so.2.1
7feb6b2ce000-7feb6b2cf000 r--p 00003000 103:02 4726081                   /usr/lib/libcom_err.so.2.1
7feb6b2cf000-7feb6b2d0000 r--p 00003000 103:02 4726081                   /usr/lib/libcom_err.so.2.1
7feb6b2d0000-7feb6b2d1000 rw-p 00004000 103:02 4726081                   /usr/lib/libcom_err.so.2.1
7feb6b2d1000-7feb6b2d3000 r--p 00000000 103:02 4737828                   /usr/lib/libpsl.so.5.3.5
7feb6b2d3000-7feb6b2d5000 r-xp 00002000 103:02 4737828                   /usr/lib/libpsl.so.5.3.5
7feb6b2d5000-7feb6b2e3000 r--p 00004000 103:02 4737828                   /usr/lib/libpsl.so.5.3.5
7feb6b2e3000-7feb6b2e4000 r--p 00011000 103:02 4737828                   /usr/lib/libpsl.so.5.3.5
7feb6b2e4000-7feb6b2e5000 rw-p 00012000 103:02 4737828                   /usr/lib/libpsl.so.5.3.5
7feb6b2e5000-7feb6b2ea000 r--p 00000000 103:02 4743300                   /usr/lib/libshaderc_shared.so.1
7feb6b2ea000-7feb6b2fd000 r-xp 00005000 103:02 4743300                   /usr/lib/libshaderc_shared.so.1
7feb6b2fd000-7feb6b301000 r--p 00018000 103:02 4743300                   /usr/lib/libshaderc_shared.so.1
7feb6b301000-7feb6b302000 r--p 0001b000 103:02 4743300                   /usr/lib/libshaderc_shared.so.1
7feb6b302000-7feb6b303000 rw-p 0001c000 103:02 4743300                   /usr/lib/libshaderc_shared.so.1
7feb6b303000-7feb6b305000 r--p 00000000 103:02 4763199                   /usr/lib/libunwind.so.8.2.0
7feb6b305000-7feb6b310000 r-xp 00002000 103:02 4763199                   /usr/lib/libunwind.so.8.2.0
7feb6b310000-7feb6b312000 r--p 0000d000 103:02 4763199                   /usr/lib/libunwind.so.8.2.0
7feb6b312000-7feb6b313000 r--p 0000e000 103:02 4763199                   /usr/lib/libunwind.so.8.2.0
7feb6b313000-7feb6b314000 rw-p 0000f000 103:02 4763199                   /usr/lib/libunwind.so.8.2.0
7feb6b314000-7feb6b31e000 rw-p 00000000 00:00 0 
7feb6b31e000-7feb6b360000 r--p 00000000 103:02 4757008                   /usr/lib/libzmq.so.5.2.5
7feb6b360000-7feb6b3d4000 r-xp 00042000 103:02 4757008                   /usr/lib/libzmq.so.5.2.5
7feb6b3d4000-7feb6b3f5000 r--p 000b6000 103:02 4757008                   /usr/lib/libzmq.so.5.2.5
7feb6b3f5000-7feb6b3ff000 r--p 000d6000 103:02 4757008                   /usr/lib/libzmq.so.5.2.5
7feb6b3ff000-7feb6b400000 rw-p 000e0000 103:02 4757008                   /usr/lib/libzmq.so.5.2.5
7feb6b400000-7feb6b404000 r--p 00000000 103:02 4817227                   /usr/lib/libSvtAv1Enc.so.4.2.0
7feb6b404000-7feb6b866000 r-xp 00004000 103:02 4817227                   /usr/lib/libSvtAv1Enc.so.4.2.0
7feb6b866000-7feb6b92a000 r--p 00466000 103:02 4817227                   /usr/lib/libSvtAv1Enc.so.4.2.0
7feb6b92a000-7feb6b92e000 r--p 00529000 103:02 4817227                   /usr/lib/libSvtAv1Enc.so.4.2.0
7feb6b92e000-7feb6b930000 rw-p 0052d000 103:02 4817227                   /usr/lib/libSvtAv1Enc.so.4.2.0
7feb6b930000-7feb7396e000 rw-p 00000000 00:00 0 
7feb73971000-7feb7397f000 r--p 00000000 103:02 4826263                   /usr/lib/libssh.so.4.12.0
7feb7397f000-7feb739dc000 r-xp 0000e000 103:02 4826263                   /usr/lib/libssh.so.4.12.0
7feb739dc000-7feb739fc000 r--p 0006b000 103:02 4826263                   /usr/lib/libssh.so.4.12.0
7feb739fc000-7feb739fe000 r--p 0008b000 103:02 4826263                   /usr/lib/libssh.so.4.12.0
7feb739fe000-7feb73a00000 rw-p 0008d000 103:02 4826263                   /usr/lib/libssh.so.4.12.0
7feb73a00000-7feb73a88000 r--p 00000000 103:02 4812078                   /usr/lib/librav1e.so.0.8.1
7feb73a88000-7feb73cff000 r-xp 00087000 103:02 4812078                   /usr/lib/librav1e.so.0.8.1
7feb73cff000-7feb73d22000 r--p 002fd000 103:02 4812078                   /usr/lib/librav1e.so.0.8.1
7feb73d22000-7feb73d23000 rw-p 0031f000 103:02 4812078                   /usr/lib/librav1e.so.0.8.1
7feb73d23000-7feb73d24000 rw-p 00000000 00:00 0 
7feb73d24000-7feb73d25000 r--p 00000000 103:02 4755356                   /usr/lib/libsharpyuv.so.0.1.2
7feb73d25000-7feb73d29000 r-xp 00001000 103:02 4755356                   /usr/lib/libsharpyuv.so.0.1.2
7feb73d29000-7feb73d2a000 r--p 00005000 103:02 4755356                   /usr/lib/libsharpyuv.so.0.1.2
7feb73d2a000-7feb73d2b000 r--p 00005000 103:02 4755356                   /usr/lib/libsharpyuv.so.0.1.2
7feb73d2b000-7feb73d2c000 rw-p 00006000 103:02 4755356                   /usr/lib/libsharpyuv.so.0.1.2
7feb73d2c000-7feb73d2d000 rw-p 00000000 00:00 0 
7feb73d2d000-7feb73d3e000 r--p 00000000 103:02 4725963                   /usr/lib/libgmp.so.10.5.0
7feb73d3e000-7feb73dbc000 r-xp 00011000 103:02 4725963                   /usr/lib/libgmp.so.10.5.0
7feb73dbc000-7feb73dd1000 r--p 0008f000 103:02 4725963                   /usr/lib/libgmp.so.10.5.0
7feb73dd1000-7feb73dd3000 r--p 000a3000 103:02 4725963                   /usr/lib/libgmp.so.10.5.0
7feb73dd3000-7feb73dd4000 rw-p 000a5000 103:02 4725963                   /usr/lib/libgmp.so.10.5.0
7feb73dd4000-7feb73dd7000 r--p 00000000 103:02 4773735                   /usr/lib/libdvdread.so.8.2.0
7feb73dd7000-7feb73df5000 r-xp 00003000 103:02 4773735                   /usr/lib/libdvdread.so.8.2.0
7feb73df5000-7feb73dfe000 r--p 00021000 103:02 4773735                   /usr/lib/libdvdread.so.8.2.0
7feb73dfe000-7feb73dff000 r--p 0002a000 103:02 4773735                   /usr/lib/libdvdread.so.8.2.0
7feb73dff000-7feb73e00000 rw-p 0002b000 103:02 4773735                   /usr/lib/libdvdread.so.8.2.0
7feb73e00000-7feb73e03000 r--p 00000000 103:02 4816266                   /usr/lib/libopus.so.0.11.1
7feb73e03000-7feb73e78000 r-xp 00003000 103:02 4816266                   /usr/lib/libopus.so.0.11.1
7feb73e78000-7feb741f4000 r--p 00078000 103:02 4816266                   /usr/lib/libopus.so.0.11.1
7feb741f4000-7feb741f8000 r--p 003f3000 103:02 4816266                   /usr/lib/libopus.so.0.11.1
7feb741f8000-7feb741f9000 rw-p 003f7000 103:02 4816266                   /usr/lib/libopus.so.0.11.1
7feb741fa000-7feb741fc000 r--p 00000000 103:02 4751858                   /usr/lib/libxcb-shape.so.0.0.0
7feb741fc000-7feb741fd000 r-xp 00002000 103:02 4751858                   /usr/lib/libxcb-shape.so.0.0.0
7feb741fd000-7feb741fe000 r--p 00003000 103:02 4751858                   /usr/lib/libxcb-shape.so.0.0.0
7feb741fe000-7feb741ff000 r--p 00003000 103:02 4751858                   /usr/lib/libxcb-shape.so.0.0.0
7feb741ff000-7feb74200000 rw-p 00004000 103:02 4751858                   /usr/lib/libxcb-shape.so.0.0.0
7feb74200000-7feb74204000 r--p 00000000 103:02 4755238                   /usr/lib/libjxl.so.0.12.0
7feb74204000-7feb74549000 r-xp 00004000 103:02 4755238                   /usr/lib/libjxl.so.0.12.0
7feb74549000-7feb745af000 r--p 00349000 103:02 4755238                   /usr/lib/libjxl.so.0.12.0
7feb745af000-7feb745b7000 r--p 003ae000 103:02 4755238                   /usr/lib/libjxl.so.0.12.0
7feb745b7000-7feb745b8000 rw-p 003b6000 103:02 4755238                   /usr/lib/libjxl.so.0.12.0
7feb745b8000-7feb74636000 rw-p 00000000 00:00 0 
7feb74637000-7feb7463c000 r--p 00000000 103:02 4768962                   /usr/lib/libraw1394.so.11.1.0
7feb7463c000-7feb74644000 r-xp 00005000 103:02 4768962                   /usr/lib/libraw1394.so.11.1.0
7feb74644000-7feb74647000 r--p 0000d000 103:02 4768962                   /usr/lib/libraw1394.so.11.1.0
7feb74647000-7feb74648000 r--p 0000f000 103:02 4768962                   /usr/lib/libraw1394.so.11.1.0
7feb74648000-7feb74649000 rw-p 00010000 103:02 4768962                   /usr/lib/libraw1394.so.11.1.0
7feb74649000-7feb74653000 r--p 00000000 103:02 4769595                   /usr/lib/libvmaf.so.3.2.0
7feb74653000-7feb746af000 r-xp 0000a000 103:02 4769595                   /usr/lib/libvmaf.so.3.2.0
7feb746af000-7feb746c2000 r--p 00066000 103:02 4769595                   /usr/lib/libvmaf.so.3.2.0
7feb746c2000-7feb746c5000 r--p 00079000 103:02 4769595                   /usr/lib/libvmaf.so.3.2.0
7feb746c5000-7feb7475c000 rw-p 0007c000 103:02 4769595                   /usr/lib/libvmaf.so.3.2.0
7feb7475c000-7feb7479c000 rw-p 00000000 00:00 0 
7feb7479c000-7feb747a0000 r--p 00000000 103:02 4837269                   /usr/lib/libvpl.so.2.17
7feb747a0000-7feb747ea000 r-xp 00004000 103:02 4837269                   /usr/lib/libvpl.so.2.17
7feb747ea000-7feb747fd000 r--p 0004e000 103:02 4837269                   /usr/lib/libvpl.so.2.17
7feb747fd000-7feb747ff000 r--p 00060000 103:02 4837269                   /usr/lib/libvpl.so.2.17
7feb747ff000-7feb74800000 rw-p 00062000 103:02 4837269                   /usr/lib/libvpl.so.2.17
7feb74800000-7feb74803000 r--p 00000000 103:02 4744981                   /usr/lib/libaom.so.3.14.1
7feb74803000-7feb74fa2000 r-xp 00003000 103:02 4744981                   /usr/lib/libaom.so.3.14.1
7feb74fa2000-7feb75079000 r--p 007a2000 103:02 4744981                   /usr/lib/libaom.so.3.14.1
7feb75079000-7feb7508a000 r--p 00879000 103:02 4744981                   /usr/lib/libaom.so.3.14.1
7feb7508a000-7feb7508c000 rw-p 0088a000 103:02 4744981                   /usr/lib/libaom.so.3.14.1
7feb7508c000-7feb750e3000 rw-p 00000000 00:00 0 
7feb750e8000-7feb750ea000 r--p 00000000 103:02 4725865                   /usr/lib/libacl.so.1.2.2400
7feb750ea000-7feb750f0000 r-xp 00002000 103:02 4725865                   /usr/lib/libacl.so.1.2.2400
7feb750f0000-7feb750f2000 r--p 00008000 103:02 4725865                   /usr/lib/libacl.so.1.2.2400
7feb750f2000-7feb750f3000 r--p 00009000 103:02 4725865                   /usr/lib/libacl.so.1.2.2400
7feb750f3000-7feb750f4000 rw-p 0000a000 103:02 4725865                   /usr/lib/libacl.so.1.2.2400
7feb750f4000-7feb750f5000 r--p 00000000 103:02 4836934                   /usr/lib/libxvidcore.so.4.3
7feb750f5000-7feb7517d000 r-xp 00001000 103:02 4836934                   /usr/lib/libxvidcore.so.4.3
7feb7517d000-7feb7518c000 r--p 00089000 103:02 4836934                   /usr/lib/libxvidcore.so.4.3
7feb7518c000-7feb7518d000 r--p 00097000 103:02 4836934                   /usr/lib/libxvidcore.so.4.3
7feb7518d000-7feb75197000 rw-p 00098000 103:02 4836934                   /usr/lib/libxvidcore.so.4.3
7feb75197000-7feb75200000 rw-p 00000000 00:00 0 
7feb75200000-7feb75209000 r--p 00000000 103:02 4814627                   /usr/lib/librsvg-2.so.2.62.3
7feb75209000-7feb7550e000 r-xp 00009000 103:02 4814627                   /usr/lib/librsvg-2.so.2.62.3
7feb7550e000-7feb7561e000 r--p 0030e000 103:02 4814627                   /usr/lib/librsvg-2.so.2.62.3
7feb7561e000-7feb7568e000 r--p 0041d000 103:02 4814627                   /usr/lib/librsvg-2.so.2.62.3
7feb7568e000-7feb7568f000 rw-p 0048d000 103:02 4814627                   /usr/lib/librsvg-2.so.2.62.3
7feb75690000-7feb75691000 r--p 00000000 103:02 4768976                   /usr/lib/librom1394.so.0.3.0
7feb75691000-7feb75693000 r-xp 00001000 103:02 4768976                   /usr/lib/librom1394.so.0.3.0
7feb75693000-7feb75694000 r--p 00003000 103:02 4768976                   /usr/lib/librom1394.so.0.3.0
7feb75694000-7feb75695000 r--p 00003000 103:02 4768976                   /usr/lib/librom1394.so.0.3.0
7feb75695000-7feb75696000 rw-p 00004000 103:02 4768976                   /usr/lib/librom1394.so.0.3.0
7feb75696000-7feb75699000 r--p 00000000 103:02 4757522                   /usr/lib/libngtcp2_crypto_ossl.so.0.3.1
7feb75699000-7feb7569f000 r-xp 00003000 103:02 4757522                   /usr/lib/libngtcp2_crypto_ossl.so.0.3.1
7feb7569f000-7feb756a1000 r--p 00009000 103:02 4757522                   /usr/lib/libngtcp2_crypto_ossl.so.0.3.1
7feb756a1000-7feb756a2000 r--p 0000a000 103:02 4757522                   /usr/lib/libngtcp2_crypto_ossl.so.0.3.1
7feb756a2000-7feb756a3000 rw-p 0000b000 103:02 4757522                   /usr/lib/libngtcp2_crypto_ossl.so.0.3.1
7feb756a3000-7feb756a8000 r--p 00000000 103:02 4769333                   /usr/lib/libvidstab.so.1.2
7feb756a8000-7feb756b4000 r-xp 00005000 103:02 4769333                   /usr/lib/libvidstab.so.1.2
7feb756b4000-7feb756b8000 r--p 00011000 103:02 4769333                   /usr/lib/libvidstab.so.1.2
7feb756b8000-7feb756b9000 r--p 00014000 103:02 4769333                   /usr/lib/libvidstab.so.1.2
7feb756b9000-7feb756ba000 rw-p 00015000 103:02 4769333                   /usr/lib/libvidstab.so.1.2
7feb756ba000-7feb756bd000 r--p 00000000 103:02 4755359                   /usr/lib/libwebp.so.7.2.0
7feb756bd000-7feb7572e000 r-xp 00003000 103:02 4755359                   /usr/lib/libwebp.so.7.2.0
7feb7572e000-7feb7573e000 r--p 00074000 103:02 4755359                   /usr/lib/libwebp.so.7.2.0
7feb7573e000-7feb7573f000 r--p 00083000 103:02 4755359                   /usr/lib/libwebp.so.7.2.0
7feb7573f000-7feb75740000 rw-p 00084000 103:02 4755359                   /usr/lib/libwebp.so.7.2.0
7feb75740000-7feb75741000 rw-p 00000000 00:00 0 
7feb75741000-7feb75742000 r--p 00000000 103:02 4769018                   /usr/lib/libvorbisenc.so.2.0.12
7feb75742000-7feb75745000 r-xp 00001000 103:02 4769018                   /usr/lib/libvorbisenc.so.2.0.12
7feb75745000-7feb757bc000 r--p 00004000 103:02 4769018                   /usr/lib/libvorbisenc.so.2.0.12
7feb757bc000-7feb757d8000 r--p 0007a000 103:02 4769018                   /usr/lib/libvorbisenc.so.2.0.12
7feb757d8000-7feb757d9000 rw-p 00096000 103:02 4769018                   /usr/lib/libvorbisenc.so.2.0.12
7feb757d9000-7feb757dc000 r--p 00000000 103:02 4769013                   /usr/lib/libvorbis.so.0.4.9
7feb757dc000-7feb757f4000 r-xp 00003000 103:02 4769013                   /usr/lib/libvorbis.so.0.4.9
7feb757f4000-7feb75805000 r--p 0001b000 103:02 4769013                   /usr/lib/libvorbis.so.0.4.9
7feb75805000-7feb75806000 r--p 0002b000 103:02 4769013                   /usr/lib/libvorbis.so.0.4.9
7feb75806000-7feb75807000 rw-p 0002c000 103:02 4769013                   /usr/lib/libvorbis.so.0.4.9
7feb75807000-7feb75809000 r--p 00000000 103:02 4769303                   /usr/lib/libtheoradec.so.2.1.1
7feb75809000-7feb7581b000 r-xp 00002000 103:02 4769303                   /usr/lib/libtheoradec.so.2.1.1
7feb7581b000-7feb7581d000 r--p 00014000 103:02 4769303                   /usr/lib/libtheoradec.so.2.1.1
7feb7581d000-7feb7581e000 r--p 00015000 103:02 4769303                   /usr/lib/libtheoradec.so.2.1.1
7feb7581e000-7feb7581f000 rw-p 00016000 103:02 4769303                   /usr/lib/libtheoradec.so.2.1.1
7feb7581f000-7feb75821000 r--p 00000000 103:02 4817089                   /usr/lib/libdav1d.so.7.0.0
7feb75821000-7feb7599f000 r-xp 00002000 103:02 4817089                   /usr/lib/libdav1d.so.7.0.0
7feb7599f000-7feb759d7000 r--p 00180000 103:02 4817089                   /usr/lib/libdav1d.so.7.0.0
7feb759d7000-7feb759db000 r--p 001b7000 103:02 4817089                   /usr/lib/libdav1d.so.7.0.0
7feb759db000-7feb759dc000 rw-p 001bb000 103:02 4817089                   /usr/lib/libdav1d.so.7.0.0
7feb759dc000-7feb75a00000 rw-p 00000000 00:00 0 
7feb75a00000-7feb75a02000 r--p 00000000 103:02 4817225                   /usr/lib/libvpx.so.12.0.0
7feb75a02000-7feb75cf0000 r-xp 00002000 103:02 4817225                   /usr/lib/libvpx.so.12.0.0
7feb75cf0000-7feb75d25000 r--p 002f0000 103:02 4817225                   /usr/lib/libvpx.so.12.0.0
7feb75d25000-7feb75d28000 r--p 00325000 103:02 4817225                   /usr/lib/libvpx.so.12.0.0
7feb75d28000-7feb75d29000 rw-p 00328000 103:02 4817225                   /usr/lib/libvpx.so.12.0.0
7feb75d29000-7feb75d30000 rw-p 00000000 00:00 0 
7feb75d33000-7feb75d35000 r--p 00000000 103:02 4768973                   /usr/lib/libavc1394.so.0.3.0
7feb75d35000-7feb75d37000 r-xp 00002000 103:02 4768973                   /usr/lib/libavc1394.so.0.3.0
7feb75d37000-7feb75d38000 r--p 00004000 103:02 4768973                   /usr/lib/libavc1394.so.0.3.0
7feb75d38000-7feb75d39000 r--p 00004000 103:02 4768973                   /usr/lib/libavc1394.so.0.3.0
7feb75d39000-7feb75d3a000 rw-p 00005000 103:02 4768973                   /usr/lib/libavc1394.so.0.3.0
7feb75d3a000-7feb75d3c000 r--p 00000000 103:02 4835240                   /usr/lib/libglslang-default-resource-limits.so.16.4.0
7feb75d3c000-7feb75d40000 r-xp 00002000 103:02 4835240                   /usr/lib/libglslang-default-resource-limits.so.16.4.0
7feb75d40000-7feb75d42000 r--p 00006000 103:02 4835240                   /usr/lib/libglslang-default-resource-limits.so.16.4.0
7feb75d42000-7feb75d43000 r--p 00008000 103:02 4835240                   /usr/lib/libglslang-default-resource-limits.so.16.4.0
7feb75d43000-7feb75d44000 rw-p 00009000 103:02 4835240                   /usr/lib/libglslang-default-resource-limits.so.16.4.0
7feb75d44000-7feb75d45000 r--p 00000000 103:02 4816286                   /usr/lib/libtheoraenc.so.2.2.1
7feb75d45000-7feb75d69000 r-xp 00001000 103:02 4816286                   /usr/lib/libtheoraenc.so.2.2.1
7feb75d69000-7feb75d75000 r--p 00025000 103:02 4816286                   /usr/lib/libtheoraenc.so.2.2.1
7feb75d75000-7feb75d76000 r--p 00030000 103:02 4816286                   /usr/lib/libtheoraenc.so.2.2.1
7feb75d76000-7feb75d77000 rw-p 00031000 103:02 4816286                   /usr/lib/libtheoraenc.so.2.2.1
7feb75d77000-7feb75d79000 r--p 00000000 103:02 4769495                   /usr/lib/libspeex.so.1.5.2
7feb75d79000-7feb75d8c000 r-xp 00002000 103:02 4769495                   /usr/lib/libspeex.so.1.5.2
7feb75d8c000-7feb75d91000 r--p 00015000 103:02 4769495                   /usr/lib/libspeex.so.1.5.2
7feb75d91000-7feb75d92000 r--p 0001a000 103:02 4769495                   /usr/lib/libspeex.so.1.5.2
7feb75d92000-7feb75d93000 rw-p 0001b000 103:02 4769495                   /usr/lib/libspeex.so.1.5.2
7feb75d93000-7feb75d9a000 r--p 00000000 103:02 4755382                   /usr/lib/libopenjp2.so.2.5.4
7feb75d9a000-7feb75df2000 r-xp 00007000 103:02 4755382                   /usr/lib/libopenjp2.so.2.5.4
7feb75df2000-7feb75e04000 r--p 0005f000 103:02 4755382                   /usr/lib/libopenjp2.so.2.5.4
7feb75e04000-7feb75e06000 r--p 00071000 103:02 4755382                   /usr/lib/libopenjp2.so.2.5.4
7feb75e06000-7feb75e07000 rw-p 00073000 103:02 4755382                   /usr/lib/libopenjp2.so.2.5.4
7feb75e07000-7feb75e08000 r--p 00000000 103:02 4769453                   /usr/lib/libopencore-amrnb.so.0.0.5
7feb75e08000-7feb75e25000 r-xp 00001000 103:02 4769453                   /usr/lib/libopencore-amrnb.so.0.0.5
7feb75e25000-7feb75e2f000 r--p 0001e000 103:02 4769453                   /usr/lib/libopencore-amrnb.so.0.0.5
7feb75e2f000-7feb75e30000 r--p 00027000 103:02 4769453                   /usr/lib/libopencore-amrnb.so.0.0.5
7feb75e30000-7feb75e31000 rw-p 00028000 103:02 4769453                   /usr/lib/libopencore-amrnb.so.0.0.5
7feb75e31000-7feb75e36000 r--p 00000000 103:02 4818072                   /usr/lib/libmp3lame.so.0.0.0
7feb75e36000-7feb75e5f000 r-xp 00005000 103:02 4818072                   /usr/lib/libmp3lame.so.0.0.0
7feb75e5f000-7feb75e6c000 r--p 0002e000 103:02 4818072                   /usr/lib/libmp3lame.so.0.0.0
7feb75e6c000-7feb75e6d000 r--p 0003b000 103:02 4818072                   /usr/lib/libmp3lame.so.0.0.0
7feb75e6d000-7feb75e6e000 rw-p 0003c000 103:02 4818072                   /usr/lib/libmp3lame.so.0.0.0
7feb75e6e000-7feb75e7f000 rw-p 00000000 00:00 0 
7feb75e7f000-7feb75e81000 r--p 00000000 103:02 4767530                   /usr/lib/libgsm.so.1.0.22
7feb75e81000-7feb75e8b000 r-xp 00002000 103:02 4767530                   /usr/lib/libgsm.so.1.0.22
7feb75e8b000-7feb75e8c000 r--p 0000c000 103:02 4767530                   /usr/lib/libgsm.so.1.0.22
7feb75e8c000-7feb75e8d000 r--p 0000d000 103:02 4767530                   /usr/lib/libgsm.so.1.0.22
7feb75e8d000-7feb75e8e000 rw-p 0000e000 103:02 4767530                   /usr/lib/libgsm.so.1.0.22
7feb75e8e000-7feb75e92000 r--p 00000000 103:02 4733684                   /usr/lib/liblzma.so.5.8.3
7feb75e92000-7feb75eb6000 r-xp 00004000 103:02 4733684                   /usr/lib/liblzma.so.5.8.3
7feb75eb6000-7feb75ec1000 r--p 00028000 103:02 4733684                   /usr/lib/liblzma.so.5.8.3
7feb75ec1000-7feb75ec2000 r--p 00033000 103:02 4733684                   /usr/lib/liblzma.so.5.8.3
7feb75ec2000-7feb75ec3000 rw-p 00034000 103:02 4733684                   /usr/lib/liblzma.so.5.8.3
7feb75ec3000-7feb75ec6000 r--p 00000000 103:02 4837263                   /usr/lib/libva.so.2.2400.0
7feb75ec6000-7feb75ee8000 r-xp 00003000 103:02 4837263                   /usr/lib/libva.so.2.2400.0
7feb75ee8000-7feb75efb000 r--p 00025000 103:02 4837263                   /usr/lib/libva.so.2.2400.0
7feb75efb000-7feb75efc000 r--p 00038000 103:02 4837263                   /usr/lib/libva.so.2.2400.0
7feb75efc000-7feb75efd000 rw-p 00039000 103:02 4837263                   /usr/lib/libva.so.2.2400.0
7feb75efd000-7feb75f04000 r--p 00000000 103:02 4771963                   /usr/lib/libvulkan.so.1.4.357
7feb75f04000-7feb75f63000 r-xp 00007000 103:02 4771963                   /usr/lib/libvulkan.so.1.4.357
7feb75f63000-7feb75f98000 r--p 00066000 103:02 4771963                   /usr/lib/libvulkan.so.1.4.357
7feb75f98000-7feb75f9a000 r--p 0009a000 103:02 4771963                   /usr/lib/libvulkan.so.1.4.357
7feb75f9a000-7feb75f9b000 rw-p 0009c000 103:02 4771963                   /usr/lib/libvulkan.so.1.4.357
7feb75f9b000-7feb75fa1000 r--p 00000000 103:02 4774588                   /usr/lib/libsixel.so.1.0.0
7feb75fa1000-7feb75fc6000 r-xp 00006000 103:02 4774588                   /usr/lib/libsixel.so.1.0.0
7feb75fc6000-7feb75fcf000 r--p 0002b000 103:02 4774588                   /usr/lib/libsixel.so.1.0.0
7feb75fcf000-7feb75fe6000 r--p 00033000 103:02 4774588                   /usr/lib/libsixel.so.1.0.0
7feb75fe6000-7feb75fe7000 rw-p 0004a000 103:02 4774588                   /usr/lib/libsixel.so.1.0.0
7feb75fe7000-7feb75fec000 r--p 00000000 103:02 4748352                   /usr/lib/libjpeg.so.8.3.2
7feb75fec000-7feb76066000 r-xp 00005000 103:02 4748352                   /usr/lib/libjpeg.so.8.3.2
7feb76066000-7feb7608d000 r--p 0007f000 103:02 4748352                   /usr/lib/libjpeg.so.8.3.2
7feb7608d000-7feb7608e000 r--p 000a6000 103:02 4748352                   /usr/lib/libjpeg.so.8.3.2
7feb7608e000-7feb7608f000 rw-p 000a7000 103:02 4748352                   /usr/lib/libjpeg.so.8.3.2
7feb7608f000-7feb76092000 r--p 00000000 103:02 4767560                   /usr/lib/libdisplay-info.so.0.3.0
7feb76092000-7feb760aa000 r-xp 00003000 103:02 4767560                   /usr/lib/libdisplay-info.so.0.3.0
7feb760aa000-7feb760c6000 r--p 0001b000 103:02 4767560                   /usr/lib/libdisplay-info.so.0.3.0
7feb760c6000-7feb760c7000 r--p 00036000 103:02 4767560                   /usr/lib/libdisplay-info.so.0.3.0
7feb760c7000-7feb760c8000 rw-p 00037000 103:02 4767560                   /usr/lib/libdisplay-info.so.0.3.0
7feb760c8000-7feb760d0000 r--p 00000000 103:02 4777398                   /usr/lib/libcaca.so.0.99.20
7feb760d0000-7feb760ea000 r-xp 00008000 103:02 4777398                   /usr/lib/libcaca.so.0.99.20
7feb760ea000-7feb76195000 r--p 00022000 103:02 4777398                   /usr/lib/libcaca.so.0.99.20
7feb76195000-7feb76197000 r--p 000cc000 103:02 4777398                   /usr/lib/libcaca.so.0.99.20
7feb76197000-7feb76198000 rw-p 000ce000 103:02 4777398                   /usr/lib/libcaca.so.0.99.20
7feb76198000-7feb761a4000 r--p 00000000 103:02 4769245                   /usr/lib/libpulse.so.0.24.3
7feb761a4000-7feb761d4000 r-xp 0000c000 103:02 4769245                   /usr/lib/libpulse.so.0.24.3
7feb761d4000-7feb761e5000 r--p 0003c000 103:02 4769245                   /usr/lib/libpulse.so.0.24.3
7feb761e5000-7feb761e7000 r--p 0004c000 103:02 4769245                   /usr/lib/libpulse.so.0.24.3
7feb761e7000-7feb761e8000 rw-p 0004e000 103:02 4769245                   /usr/lib/libpulse.so.0.24.3
7feb761e8000-7feb761f5000 r--p 00000000 103:02 4751534                   /usr/lib/libpipewire-0.3.so.0.1608.0
7feb761f5000-7feb7627c000 r-xp 0000d000 103:02 4751534                   /usr/lib/libpipewire-0.3.so.0.1608.0
7feb7627c000-7feb7629a000 r--p 00094000 103:02 4751534                   /usr/lib/libpipewire-0.3.so.0.1608.0
7feb7629a000-7feb762b6000 r--p 000b2000 103:02 4751534                   /usr/lib/libpipewire-0.3.so.0.1608.0
7feb762b6000-7feb762b7000 rw-p 000ce000 103:02 4751534                   /usr/lib/libpipewire-0.3.so.0.1608.0
7feb762b7000-7feb762b8000 rw-p 00000000 00:00 0 
7feb762b8000-7feb762bf000 r--p 00000000 103:02 4768939                   /usr/lib/libjack.so.0.1.0
7feb762bf000-7feb762ed000 r-xp 00007000 103:02 4768939                   /usr/lib/libjack.so.0.1.0
7feb762ed000-7feb76303000 r--p 00035000 103:02 4768939                   /usr/lib/libjack.so.0.1.0
7feb76303000-7feb76306000 r--p 0004a000 103:02 4768939                   /usr/lib/libjack.so.0.1.0
7feb76306000-7feb76307000 rw-p 0004d000 103:02 4768939                   /usr/lib/libjack.so.0.1.0
7feb76307000-7feb76329000 r--p 00000000 103:02 4743150                   /usr/lib/libasound.so.2.0.0
7feb76329000-7feb763c9000 r-xp 00022000 103:02 4743150                   /usr/lib/libasound.so.2.0.0
7feb763c9000-7feb763f7000 r--p 000c2000 103:02 4743150                   /usr/lib/libasound.so.2.0.0
7feb763f7000-7feb763ff000 r--p 000f0000 103:02 4743150                   /usr/lib/libasound.so.2.0.0
7feb763ff000-7feb76400000 rw-p 000f8000 103:02 4743150                   /usr/lib/libasound.so.2.0.0
7feb76400000-7feb76403000 r--p 00000000 103:02 4771718                   /usr/lib/libswscale.so.10.1.101
7feb76403000-7feb765dc000 r-xp 00003000 103:02 4771718                   /usr/lib/libswscale.so.10.1.101
7feb765dc000-7feb765fa000 r--p 001dc000 103:02 4771718                   /usr/lib/libswscale.so.10.1.101
7feb765fa000-7feb7660e000 r--p 001f9000 103:02 4771718                   /usr/lib/libswscale.so.10.1.101
7feb7660e000-7feb7660f000 rw-p 0020d000 103:02 4771718                   /usr/lib/libswscale.so.10.1.101
7feb7660f000-7feb76653000 rw-p 00000000 00:00 0 
7feb76655000-7feb76656000 r--p 00000000 103:02 4788175                   /usr/lib/libopencore-amrwb.so.0.0.5
7feb76656000-7feb76662000 r-xp 00001000 103:02 4788175                   /usr/lib/libopencore-amrwb.so.0.0.5
7feb76662000-7feb76669000 r--p 0000d000 103:02 4788175                   /usr/lib/libopencore-amrwb.so.0.0.5
7feb76669000-7feb7666a000 r--p 00013000 103:02 4788175                   /usr/lib/libopencore-amrwb.so.0.0.5
7feb7666a000-7feb7666b000 rw-p 00014000 103:02 4788175                   /usr/lib/libopencore-amrwb.so.0.0.5
7feb7666b000-7feb7666e000 r--p 00000000 103:02 4769435                   /usr/lib/libzimg.so.2.0.0
7feb7666e000-7feb766e8000 r-xp 00003000 103:02 4769435                   /usr/lib/libzimg.so.2.0.0
7feb766e8000-7feb766fa000 r--p 0007d000 103:02 4769435                   /usr/lib/libzimg.so.2.0.0
7feb766fa000-7feb766fe000 r--p 0008e000 103:02 4769435                   /usr/lib/libzimg.so.2.0.0
7feb766fe000-7feb766ff000 rw-p 00092000 103:02 4769435                   /usr/lib/libzimg.so.2.0.0
7feb766ff000-7feb7670f000 r--p 00000000 103:02 4745057                   /usr/lib/librubberband.so.3.0.0
7feb7670f000-7feb76755000 r-xp 00010000 103:02 4745057                   /usr/lib/librubberband.so.3.0.0
7feb76755000-7feb76766000 r--p 00056000 103:02 4745057                   /usr/lib/librubberband.so.3.0.0
7feb76766000-7feb76768000 r--p 00066000 103:02 4745057                   /usr/lib/librubberband.so.3.0.0
7feb76768000-7feb76769000 rw-p 00068000 103:02 4745057                   /usr/lib/librubberband.so.3.0.0
7feb76769000-7feb7676e000 r--p 00000000 103:02 4774103                   /usr/lib/libluajit-5.1.so.2.1.1787165859
7feb7676e000-7feb767e5000 r-xp 00005000 103:02 4774103                   /usr/lib/libluajit-5.1.so.2.1.1787165859
7feb767e5000-7feb767fc000 r--p 0007c000 103:02 4774103                   /usr/lib/libluajit-5.1.so.2.1.1787165859
7feb767fc000-7feb767ff000 r--p 00093000 103:02 4774103                   /usr/lib/libluajit-5.1.so.2.1.1787165859
7feb767ff000-7feb76800000 rw-p 00096000 103:02 4774103                   /usr/lib/libluajit-5.1.so.2.1.1787165859
7feb76800000-7feb7680d000 r--p 00000000 103:02 4755479                   /usr/lib/libavutil.so.61.1.101
7feb7680d000-7feb768f7000 r-xp 0000d000 103:02 4755479                   /usr/lib/libavutil.so.61.1.101
7feb768f7000-7feb76921000 r--p 000f7000 103:02 4755479                   /usr/lib/libavutil.so.61.1.101
7feb76921000-7feb76937000 r--p 00120000 103:02 4755479                   /usr/lib/libavutil.so.61.1.101
7feb76937000-7feb76938000 rw-p 00136000 103:02 4755479                   /usr/lib/libavutil.so.61.1.101
7feb76938000-7feb76a47000 rw-p 00000000 00:00 0 
7feb76a47000-7feb76a48000 r--p 00000000 103:02 7880775                   /usr/lib/jvm/java-26-openjdk/lib/libextnet.so
7feb76a48000-7feb76a49000 r-xp 00001000 103:02 7880775                   /usr/lib/jvm/java-26-openjdk/lib/libextnet.so
7feb76a49000-7feb76a4a000 r--p 00002000 103:02 7880775                   /usr/lib/jvm/java-26-openjdk/lib/libextnet.so
7feb76a4a000-7feb76a4b000 r--p 00002000 103:02 7880775                   /usr/lib/jvm/java-26-openjdk/lib/libextnet.so
7feb76a4b000-7feb76a4c000 rw-p 00003000 103:02 7880775                   /usr/lib/jvm/java-26-openjdk/lib/libextnet.so
7feb76a4c000-7feb76a4f000 r--p 00000000 103:02 4846487                   /usr/lib/libsnappy.so.1.2.2
7feb76a4f000-7feb76a56000 r-xp 00003000 103:02 4846487                   /usr/lib/libsnappy.so.1.2.2
7feb76a56000-7feb76a59000 r--p 0000a000 103:02 4846487                   /usr/lib/libsnappy.so.1.2.2
7feb76a59000-7feb76a5a000 r--p 0000c000 103:02 4846487                   /usr/lib/libsnappy.so.1.2.2
7feb76a5a000-7feb76a5b000 rw-p 0000d000 103:02 4846487                   /usr/lib/libsnappy.so.1.2.2
7feb76a5b000-7feb76a5c000 r--p 00000000 103:02 4763771                   /usr/lib/libunibreak.so.7.0.0
7feb76a5c000-7feb76a5f000 r-xp 00001000 103:02 4763771                   /usr/lib/libunibreak.so.7.0.0
7feb76a5f000-7feb76a7c000 r--p 00004000 103:02 4763771                   /usr/lib/libunibreak.so.7.0.0
7feb76a7c000-7feb76a7d000 r--p 00020000 103:02 4763771                   /usr/lib/libunibreak.so.7.0.0
7feb76a7d000-7feb76a7e000 rw-p 00021000 103:02 4763771                   /usr/lib/libunibreak.so.7.0.0
7feb76a7e000-7feb76a7f000 r--p 00000000 103:02 4768705                   /usr/lib/libuchardet.so.0.0.8
7feb76a7f000-7feb76a85000 r-xp 00001000 103:02 4768705                   /usr/lib/libuchardet.so.0.0.8
7feb76a85000-7feb76aa8000 r--p 00007000 103:02 4768705                   /usr/lib/libuchardet.so.0.0.8
7feb76aa8000-7feb76aab000 r--p 00029000 103:02 4768705                   /usr/lib/libuchardet.so.0.0.8
7feb76aab000-7feb76aac000 rw-p 0002c000 103:02 4768705                   /usr/lib/libuchardet.so.0.0.8
7feb76aac000-7feb76aaf000 r--p 00000000 103:02 4812074                   /usr/lib/libbluray.so.3.1.0
7feb76aaf000-7feb76ae2000 r-xp 00003000 103:02 4812074                   /usr/lib/libbluray.so.3.1.0
7feb76ae2000-7feb76af2000 r--p 00036000 103:02 4812074                   /usr/lib/libbluray.so.3.1.0
7feb76af2000-7feb76af4000 r--p 00045000 103:02 4812074                   /usr/lib/libbluray.so.3.1.0
7feb76af4000-7feb76af5000 rw-p 00047000 103:02 4812074                   /usr/lib/libbluray.so.3.1.0
7feb76af5000-7feb76afd000 r--p 00000000 103:02 4750339                   /usr/lib/libavdevice.so.63.1.101
7feb76afd000-7feb76b0d000 r-xp 00008000 103:02 4750339                   /usr/lib/libavdevice.so.63.1.101
7feb76b0d000-7feb76b13000 r--p 00018000 103:02 4750339                   /usr/lib/libavdevice.so.63.1.101
7feb76b13000-7feb76b17000 r--p 0001e000 103:02 4750339                   /usr/lib/libavdevice.so.63.1.101
7feb76b17000-7feb76b18000 rw-p 00022000 103:02 4750339                   /usr/lib/libavdevice.so.63.1.101
7feb76b18000-7feb76b27000 r--p 00000000 103:02 4737468                   /usr/lib/libarchive.so.13.8.9
7feb76b27000-7feb76bd1000 r-xp 0000f000 103:02 4737468                   /usr/lib/libarchive.so.13.8.9
7feb76bd1000-7feb76bfb000 r--p 000b9000 103:02 4737468                   /usr/lib/libarchive.so.13.8.9
7feb76bfb000-7feb76bff000 r--p 000e3000 103:02 4737468                   /usr/lib/libarchive.so.13.8.9
7feb76bff000-7feb76c00000 rw-p 000e7000 103:02 4737468                   /usr/lib/libarchive.so.13.8.9
7feb76c00000-7feb76c12000 r--p 00000000 103:02 4754446                   /usr/lib/libavformat.so.63.1.101
7feb76c12000-7feb76e5e000 r-xp 00012000 103:02 4754446                   /usr/lib/libavformat.so.63.1.101
7feb76e5e000-7feb76eeb000 r--p 0025e000 103:02 4754446                   /usr/lib/libavformat.so.63.1.101
7feb76eeb000-7feb76f25000 r--p 002ea000 103:02 4754446                   /usr/lib/libavformat.so.63.1.101
7feb76f25000-7feb76f26000 rw-p 00324000 103:02 4754446                   /usr/lib/libavformat.so.63.1.101
7feb76f28000-7feb76f2a000 r--p 00000000 103:02 4769073                   /usr/lib/libbs2b.so.0.0.0
7feb76f2a000-7feb76f2d000 r-xp 00002000 103:02 4769073                   /usr/lib/libbs2b.so.0.0.0
7feb76f2d000-7feb76f2e000 r--p 00005000 103:02 4769073                   /usr/lib/libbs2b.so.0.0.0
7feb76f2e000-7feb76f2f000 r--p 00005000 103:02 4769073                   /usr/lib/libbs2b.so.0.0.0
7feb76f2f000-7feb76f30000 rw-p 00006000 103:02 4769073                   /usr/lib/libbs2b.so.0.0.0
7feb76f30000-7feb76f32000 r--p 00000000 103:02 4763355                   /usr/lib/libwebpmux.so.3.1.2
7feb76f32000-7feb76f39000 r-xp 00002000 103:02 4763355                   /usr/lib/libwebpmux.so.3.1.2
7feb76f39000-7feb76f3a000 r--p 00009000 103:02 4763355                   /usr/lib/libwebpmux.so.3.1.2
7feb76f3a000-7feb76f3b000 r--p 0000a000 103:02 4763355                   /usr/lib/libwebpmux.so.3.1.2
7feb76f3b000-7feb76f3c000 rw-p 0000b000 103:02 4763355                   /usr/lib/libwebpmux.so.3.1.2
7feb76f3c000-7feb76f45000 r--p 00000000 103:02 4771955                   /usr/lib/liblcms2.so.2.0.19
7feb76f45000-7feb76f8c000 r-xp 00009000 103:02 4771955                   /usr/lib/liblcms2.so.2.0.19
7feb76f8c000-7feb76fa1000 r--p 00050000 103:02 4771955                   /usr/lib/liblcms2.so.2.0.19
7feb76fa1000-7feb76fa4000 r--p 00064000 103:02 4771955                   /usr/lib/liblcms2.so.2.0.19
7feb76fa4000-7feb76fa7000 rw-p 00067000 103:02 4771955                   /usr/lib/liblcms2.so.2.0.19
7feb76fa7000-7feb76fa8000 rw-p 00000000 00:00 0 
7feb76fa8000-7feb76fae000 r--p 00000000 103:02 4774597                   /usr/lib/libmujs.so
7feb76fae000-7feb76fec000 r-xp 00006000 103:02 4774597                   /usr/lib/libmujs.so
7feb76fec000-7feb76ffd000 r--p 00044000 103:02 4774597                   /usr/lib/libmujs.so
7feb76ffd000-7feb76fff000 r--p 00055000 103:02 4774597                   /usr/lib/libmujs.so
7feb76fff000-7feb77000000 rw-p 00057000 103:02 4774597                   /usr/lib/libmujs.so
7feb77000000-7feb77014000 r--p 00000000 103:02 4750361                   /usr/lib/libavfilter.so.12.1.101
7feb77014000-7feb7750f000 r-xp 00014000 103:02 4750361                   /usr/lib/libavfilter.so.12.1.101
7feb7750f000-7feb775ff000 r--p 0050f000 103:02 4750361                   /usr/lib/libavfilter.so.12.1.101
7feb775ff000-7feb7769a000 r--p 005ff000 103:02 4750361                   /usr/lib/libavfilter.so.12.1.101
7feb7769a000-7feb7769b000 rw-p 0069a000 103:02 4750361                   /usr/lib/libavfilter.so.12.1.101
7feb7769b000-7feb7769f000 rw-p 00000000 00:00 0 
7feb776a3000-7feb776a4000 r--p 00000000 103:02 4837255                   /usr/lib/libjxl_threads.so.0.12.0
7feb776a4000-7feb776a6000 r-xp 00001000 103:02 4837255                   /usr/lib/libjxl_threads.so.0.12.0
7feb776a6000-7feb776a7000 r--p 00003000 103:02 4837255                   /usr/lib/libjxl_threads.so.0.12.0
7feb776a7000-7feb776a8000 r--p 00003000 103:02 4837255                   /usr/lib/libjxl_threads.so.0.12.0
7feb776a8000-7feb776a9000 rw-p 00004000 103:02 4837255                   /usr/lib/libjxl_threads.so.0.12.0
7feb776a9000-7feb776ac000 r--p 00000000 103:02 4777462                   /usr/lib/libsndio.so.7.3
7feb776ac000-7feb776b5000 r-xp 00003000 103:02 4777462                   /usr/lib/libsndio.so.7.3
7feb776b5000-7feb776b8000 r--p 0000c000 103:02 4777462                   /usr/lib/libsndio.so.7.3
7feb776b8000-7feb776b9000 r--p 0000f000 103:02 4777462                   /usr/lib/libsndio.so.7.3
7feb776b9000-7feb776ba000 rw-p 00010000 103:02 4777462                   /usr/lib/libsndio.so.7.3
7feb776ba000-7feb776bc000 rw-p 00000000 00:00 0 
7feb776bc000-7feb776bf000 r--p 00000000 103:02 4775212                   /usr/lib/libdvdnav.so.4.4.0
7feb776bf000-7feb776ce000 r-xp 00003000 103:02 4775212                   /usr/lib/libdvdnav.so.4.4.0
7feb776ce000-7feb776d2000 r--p 00012000 103:02 4775212                   /usr/lib/libdvdnav.so.4.4.0
7feb776d2000-7feb776d3000 r--p 00015000 103:02 4775212                   /usr/lib/libdvdnav.so.4.4.0
7feb776d3000-7feb776d4000 rw-p 00016000 103:02 4775212                   /usr/lib/libdvdnav.so.4.4.0
7feb776d4000-7feb776da000 r--p 00000000 103:02 4773161                   /usr/lib/libcdio.so.19.1.0
7feb776da000-7feb776ee000 r-xp 00006000 103:02 4773161                   /usr/lib/libcdio.so.19.1.0
7feb776ee000-7feb776f7000 r--p 0001a000 103:02 4773161                   /usr/lib/libcdio.so.19.1.0
7feb776f7000-7feb776f9000 r--p 00022000 103:02 4773161                   /usr/lib/libcdio.so.19.1.0
7feb776f9000-7feb776fa000 rw-p 00024000 103:02 4773161                   /usr/lib/libcdio.so.19.1.0
7feb776fa000-7feb776fd000 rw-p 00000000 00:00 0 
7feb776fd000-7feb7770a000 r--p 00000000 103:02 4738083                   /usr/lib/libcurl.so.4.8.0
7feb7770a000-7feb777cb000 r-xp 0000d000 103:02 4738083                   /usr/lib/libcurl.so.4.8.0
7feb777cb000-7feb777f7000 r--p 000ce000 103:02 4738083                   /usr/lib/libcurl.so.4.8.0
7feb777f7000-7feb777fe000 r--p 000f9000 103:02 4738083                   /usr/lib/libcurl.so.4.8.0
7feb777fe000-7feb777ff000 rw-p 00100000 103:02 4738083                   /usr/lib/libcurl.so.4.8.0
7feb777ff000-7feb77800000 rw-p 00000000 00:00 0 
7feb77800000-7feb77815000 r--p 00000000 103:02 4750331                   /usr/lib/libavcodec.so.63.1.101
7feb77815000-7feb787ae000 r-xp 00015000 103:02 4750331                   /usr/lib/libavcodec.so.63.1.101
7feb787ae000-7feb78b67000 r--p 00fae000 103:02 4750331                   /usr/lib/libavcodec.so.63.1.101
7feb78b67000-7feb78bed000 r--p 01367000 103:02 4750331                   /usr/lib/libavcodec.so.63.1.101
7feb78bed000-7feb78bef000 rw-p 013ed000 103:02 4750331                   /usr/lib/libavcodec.so.63.1.101
7feb78bef000-7feb79293000 rw-p 00000000 00:00 0 
7feb79293000-7feb79294000 r--p 00000000 103:02 7880804                   /usr/lib/jvm/java-26-openjdk/lib/libsyslookup.so
7feb79294000-7feb79295000 r-xp 00001000 103:02 7880804                   /usr/lib/jvm/java-26-openjdk/lib/libsyslookup.so
7feb79295000-7feb79296000 r--p 00002000 103:02 7880804                   /usr/lib/jvm/java-26-openjdk/lib/libsyslookup.so
7feb79296000-7feb79297000 r--p 00002000 103:02 7880804                   /usr/lib/jvm/java-26-openjdk/lib/libsyslookup.so
7feb79297000-7feb79298000 rw-p 00003000 103:02 7880804                   /usr/lib/jvm/java-26-openjdk/lib/libsyslookup.so
7feb79298000-7feb7929a000 r--p 00000000 103:02 4816290                   /usr/lib/libva-x11.so.2.2400.0
7feb7929a000-7feb7929d000 r-xp 00002000 103:02 4816290                   /usr/lib/libva-x11.so.2.2400.0
7feb7929d000-7feb7929e000 r--p 00005000 103:02 4816290                   /usr/lib/libva-x11.so.2.2400.0
7feb7929e000-7feb7929f000 r--p 00005000 103:02 4816290                   /usr/lib/libva-x11.so.2.2400.0
7feb7929f000-7feb792a0000 rw-p 00006000 103:02 4816290                   /usr/lib/libva-x11.so.2.2400.0
7feb792a0000-7feb792af000 r--p 00000000 103:02 4781957                   /usr/lib/libplacebo.so.360
7feb792af000-7feb7935f000 r-xp 0000f000 103:02 4781957                   /usr/lib/libplacebo.so.360
7feb7935f000-7feb793a3000 r--p 000bf000 103:02 4781957                   /usr/lib/libplacebo.so.360
7feb793a3000-7feb793b8000 r--p 00103000 103:02 4781957                   /usr/lib/libplacebo.so.360
7feb793b8000-7feb793be000 rw-p 00118000 103:02 4781957                   /usr/lib/libplacebo.so.360
7feb793be000-7feb793c2000 r--p 00000000 103:02 4816269                   /usr/lib/libass.so.9.4.2
7feb793c2000-7feb793f6000 r-xp 00004000 103:02 4816269                   /usr/lib/libass.so.9.4.2
7feb793f6000-7feb793fe000 r--p 00038000 103:02 4816269                   /usr/lib/libass.so.9.4.2
7feb793fe000-7feb793ff000 r--p 0003f000 103:02 4816269                   /usr/lib/libass.so.9.4.2
7feb793ff000-7feb79400000 rw-p 00040000 103:02 4816269                   /usr/lib/libass.so.9.4.2
7feb79400000-7feb79453000 r--p 00000000 103:02 6835115                   /home/annihilator/dev/mpv/build/libmpv.so.2.5.0
7feb79453000-7feb79676000 r-xp 00053000 103:02 6835115                   /home/annihilator/dev/mpv/build/libmpv.so.2.5.0
7feb79676000-7feb7979f000 r--p 00276000 103:02 6835115                   /home/annihilator/dev/mpv/build/libmpv.so.2.5.0
7feb7979f000-7feb797eb000 r--p 0039f000 103:02 6835115                   /home/annihilator/dev/mpv/build/libmpv.so.2.5.0
7feb797eb000-7feb797f0000 rw-p 003eb000 103:02 6835115                   /home/annihilator/dev/mpv/build/libmpv.so.2.5.0
7feb797f0000-7feb797f1000 rw-p 00000000 00:00 0 
7feb797f1000-7feb797f3000 r--p 00000000 103:02 4799670                   /usr/lib/libva-wayland.so.2.2400.0
7feb797f3000-7feb797f5000 r-xp 00002000 103:02 4799670                   /usr/lib/libva-wayland.so.2.2400.0
7feb797f5000-7feb797f6000 r--p 00004000 103:02 4799670                   /usr/lib/libva-wayland.so.2.2400.0
7feb797f6000-7feb797f7000 r--p 00005000 103:02 4799670                   /usr/lib/libva-wayland.so.2.2400.0
7feb797f7000-7feb797f8000 rw-p 00006000 103:02 4799670                   /usr/lib/libva-wayland.so.2.2400.0
7feb797f8000-7feb79bfd000 rw-p 00000000 00:00 0 
7feb79bfd000-7feb79c01000 ---p 00000000 00:00 0 
7feb79c01000-7feb79cfe000 rw-p 00000000 00:00 0 
7feb79cfe000-7feb79d02000 ---p 00000000 00:00 0 
7feb79d02000-7feb79dff000 rw-p 00000000 00:00 0 
7feb79dff000-7feb79e03000 ---p 00000000 00:00 0 
7feb79e03000-7feb79f00000 rw-p 00000000 00:00 0 
7feb79f00000-7feb79f04000 ---p 00000000 00:00 0 
7feb79f04000-7feb7a000000 rw-p 00000000 00:00 0 
7feb7a000000-7feb7a250000 r-xp 00000000 103:02 4831579                   /usr/lib/libnvidia-glcore.so.610.57.04
7feb7a250000-7feb7a271000 rwxp 00250000 103:02 4831579                   /usr/lib/libnvidia-glcore.so.610.57.04
7feb7a271000-7feb7a400000 r-xp 00271000 103:02 4831579                   /usr/lib/libnvidia-glcore.so.610.57.04
7feb7a400000-7feb7b000000 r-xp 00400000 103:02 4831579                   /usr/lib/libnvidia-glcore.so.610.57.04
7feb7b000000-7feb7c5f9000 r-xp 01000000 103:02 4831579                   /usr/lib/libnvidia-glcore.so.610.57.04
7feb7c5f9000-7feb7c5fa000 ---p 025f9000 103:02 4831579                   /usr/lib/libnvidia-glcore.so.610.57.04
7feb7c5fa000-7feb7c772000 r--p 025f9000 103:02 4831579                   /usr/lib/libnvidia-glcore.so.610.57.04
7feb7c772000-7feb7c7d5000 rw-p 02771000 103:02 4831579                   /usr/lib/libnvidia-glcore.so.610.57.04
7feb7c7d5000-7feb7c7f5000 rw-p 00000000 00:00 0 
7feb7c7f6000-7feb7c7f7000 r--p 00000000 103:02 4843256                   /usr/lib/libvdpau.so.1.0.0
7feb7c7f7000-7feb7c7f8000 r-xp 00001000 103:02 4843256                   /usr/lib/libvdpau.so.1.0.0
7feb7c7f8000-7feb7c7f9000 r--p 00002000 103:02 4843256                   /usr/lib/libvdpau.so.1.0.0
7feb7c7f9000-7feb7c7fa000 r--p 00002000 103:02 4843256                   /usr/lib/libvdpau.so.1.0.0
7feb7c7fa000-7feb7c7fb000 rw-p 00003000 103:02 4843256                   /usr/lib/libvdpau.so.1.0.0
7feb7c7fb000-7feb7c7fc000 r--p 00000000 103:02 4754963                   /usr/lib/libva-drm.so.2.2400.0
7feb7c7fc000-7feb7c7fd000 r-xp 00001000 103:02 4754963                   /usr/lib/libva-drm.so.2.2400.0
7feb7c7fd000-7feb7c7fe000 r--p 00002000 103:02 4754963                   /usr/lib/libva-drm.so.2.2400.0
7feb7c7fe000-7feb7c7ff000 r--p 00002000 103:02 4754963                   /usr/lib/libva-drm.so.2.2400.0
7feb7c7ff000-7feb7c800000 rw-p 00003000 103:02 4754963                   /usr/lib/libva-drm.so.2.2400.0
7feb7c800000-7feb7e11a000 r-xp 00000000 103:02 6306886                   /home/annihilator/.skiko/skiko-linux-x64-434f7633c843870c0839a1137b128f6c3db3c5d58dcad3545e90827e3e341afb/libskiko-linux-x64.so
7feb7e11a000-7feb7e152000 r--p 01919000 103:02 6306886                   /home/annihilator/.skiko/skiko-linux-x64-434f7633c843870c0839a1137b128f6c3db3c5d58dcad3545e90827e3e341afb/libskiko-linux-x64.so
7feb7e152000-7feb7e155000 rw-p 01951000 103:02 6306886                   /home/annihilator/.skiko/skiko-linux-x64-434f7633c843870c0839a1137b128f6c3db3c5d58dcad3545e90827e3e341afb/libskiko-linux-x64.so
7feb7e155000-7feb7e15e000 rw-p 00000000 00:00 0 
7feb7e15e000-7feb7e1af000 r--p 00000000 103:02 4826231                   /usr/lib/libGLX_nvidia.so.610.57.04
7feb7e1af000-7feb7e20c000 r-xp 00051000 103:02 4826231                   /usr/lib/libGLX_nvidia.so.610.57.04
7feb7e20c000-7feb7e241000 rwxp 000ae000 103:02 4826231                   /usr/lib/libGLX_nvidia.so.610.57.04
7feb7e241000-7feb7e242000 r-xp 000e3000 103:02 4826231                   /usr/lib/libGLX_nvidia.so.610.57.04
7feb7e242000-7feb7e262000 r--p 000e4000 103:02 4826231                   /usr/lib/libGLX_nvidia.so.610.57.04
7feb7e262000-7feb7e282000 r--p 00103000 103:02 4826231                   /usr/lib/libGLX_nvidia.so.610.57.04
7feb7e282000-7feb7e287000 rw-p 00123000 103:02 4826231                   /usr/lib/libGLX_nvidia.so.610.57.04
7feb7e287000-7feb7e289000 rw-p 00000000 00:00 0 
7feb7e289000-7feb7e2b8000 r--p 00000000 103:02 4750360                   /usr/lib/libGL.so.1.7.0
7feb7e2b8000-7feb7e2d7000 r-xp 0002f000 103:02 4750360                   /usr/lib/libGL.so.1.7.0
7feb7e2d7000-7feb7e2eb000 r--p 0004e000 103:02 4750360                   /usr/lib/libGL.so.1.7.0
7feb7e2eb000-7feb7e2f9000 r--p 00062000 103:02 4750360                   /usr/lib/libGL.so.1.7.0
7feb7e2f9000-7feb7e2fa000 rw-p 00070000 103:02 4750360                   /usr/lib/libGL.so.1.7.0
7feb7e2fa000-7feb7e2fb000 rw-p 00000000 00:00 0 
7feb7e2fb000-7feb7e2fc000 rw-p 00000000 00:00 0 
7feb7e2fc000-7feb7e300000 ---p 00000000 00:00 0 
7feb7e300000-7feb7e3fd000 rw-p 00000000 00:00 0 
7feb7e3fd000-7feb7e401000 ---p 00000000 00:00 0 
7feb7e401000-7feb7e4fd000 rw-p 00000000 00:00 0 
7feb7e4fd000-7feb7e562000 r--p 00000000 103:02 5014472                   /usr/share/fonts/liberation/LiberationSans-Regular.ttf
7feb7e562000-7feb7e5fd000 r--p 00000000 103:02 5641617                   /usr/share/fonts/noto/NotoSans-Bold.ttf
7feb7e5fd000-7feb7e5fe000 rw-p 00000000 00:00 0 
7feb7e5fe000-7feb7e602000 ---p 00000000 00:00 0 
7feb7e602000-7feb7e6ff000 rw-p 00000000 00:00 0 
7feb7e6ff000-7feb7e703000 ---p 00000000 00:00 0 
7feb7e703000-7feb7f000000 rw-p 00000000 00:00 0 
7feb7f000000-7feb80f94000 r--p 00000000 103:02 4735921                   /usr/lib/libicudata.so.78.3
7feb80f94000-7feb80f95000 r--p 01f93000 103:02 4735921                   /usr/lib/libicudata.so.78.3
7feb80f95000-7feb80f97000 r--p 00000000 103:02 4757852                   /usr/lib/libXrandr.so.2.2.0
7feb80f97000-7feb80f9e000 r-xp 00002000 103:02 4757852                   /usr/lib/libXrandr.so.2.2.0
7feb80f9e000-7feb80fa0000 r--p 00009000 103:02 4757852                   /usr/lib/libXrandr.so.2.2.0
7feb80fa0000-7feb80fa1000 r--p 0000a000 103:02 4757852                   /usr/lib/libXrandr.so.2.2.0
7feb80fa1000-7feb80fa2000 rw-p 0000b000 103:02 4757852                   /usr/lib/libXrandr.so.2.2.0
7feb80fa2000-7feb80fa4000 r--p 00000000 103:02 4769654                   /usr/lib/libswresample.so.7.1.101
7feb80fa4000-7feb80fc7000 r-xp 00002000 103:02 4769654                   /usr/lib/libswresample.so.7.1.101
7feb80fc7000-7feb80fcc000 r--p 00025000 103:02 4769654                   /usr/lib/libswresample.so.7.1.101
7feb80fcc000-7feb80fce000 r--p 0002a000 103:02 4769654                   /usr/lib/libswresample.so.7.1.101
7feb80fce000-7feb80fcf000 rw-p 0002c000 103:02 4769654                   /usr/lib/libswresample.so.7.1.101
7feb80fcf000-7feb80fd1000 r--p 00000000 103:02 4750371                   /usr/lib/libGLX.so.0.0.0
7feb80fd1000-7feb80feb000 r-xp 00002000 103:02 4750371                   /usr/lib/libGLX.so.0.0.0
7feb80feb000-7feb80fee000 r--p 0001c000 103:02 4750371                   /usr/lib/libGLX.so.0.0.0
7feb80fee000-7feb80fef000 r--p 0001f000 103:02 4750371                   /usr/lib/libGLX.so.0.0.0
7feb80fef000-7feb80ff0000 rw-p 00020000 103:02 4750371                   /usr/lib/libGLX.so.0.0.0
7feb80ff0000-7feb81000000 rw-p 00000000 00:00 0 
7feb81000000-7feb8155b000 r--p 00000000 103:02 4817093                   /usr/lib/libLLVM.so.22.1
7feb8155b000-7feb87208000 r-xp 0055b000 103:02 4817093                   /usr/lib/libLLVM.so.22.1
7feb87208000-7feb8b156000 r--p 06208000 103:02 4817093                   /usr/lib/libLLVM.so.22.1
7feb8b156000-7feb8b372000 r--p 0a156000 103:02 4817093                   /usr/lib/libLLVM.so.22.1
7feb8b372000-7feb8b37c000 rw-p 0a372000 103:02 4817093                   /usr/lib/libLLVM.so.22.1
7feb8b37c000-7feb8b44c000 rw-p 00000000 00:00 0 
7feb8b44d000-7feb8b44e000 rw-s 00000000 00:01 337623                     /memfd:pipewire-memfd:flags=0x0000000f,type=2,size=4096 (deleted)
7feb8b44f000-7feb8b451000 r--p 00000000 103:02 4769399                   /usr/lib/libXv.so.1.0.0
7feb8b451000-7feb8b454000 r-xp 00002000 103:02 4769399                   /usr/lib/libXv.so.1.0.0
7feb8b454000-7feb8b455000 r--p 00005000 103:02 4769399                   /usr/lib/libXv.so.1.0.0
7feb8b455000-7feb8b456000 r--p 00005000 103:02 4769399                   /usr/lib/libXv.so.1.0.0
7feb8b456000-7feb8b457000 rw-p 00006000 103:02 4769399                   /usr/lib/libXv.so.1.0.0
7feb8b457000-7feb8b458000 r--p 00000000 103:02 4775248                   /usr/lib/libXpresent.so.1.0.0
7feb8b458000-7feb8b459000 r-xp 00001000 103:02 4775248                   /usr/lib/libXpresent.so.1.0.0
7feb8b459000-7feb8b45a000 r--p 00002000 103:02 4775248                   /usr/lib/libXpresent.so.1.0.0
7feb8b45a000-7feb8b45b000 r--p 00002000 103:02 4775248                   /usr/lib/libXpresent.so.1.0.0
7feb8b45b000-7feb8b45c000 rw-p 00003000 103:02 4775248                   /usr/lib/libXpresent.so.1.0.0
7feb8b45c000-7feb8b45e000 r--p 00000000 103:02 4773185                   /usr/lib/libcdio_cdda.so.2.0.0
7feb8b45e000-7feb8b462000 r-xp 00002000 103:02 4773185                   /usr/lib/libcdio_cdda.so.2.0.0
7feb8b462000-7feb8b464000 r--p 00006000 103:02 4773185                   /usr/lib/libcdio_cdda.so.2.0.0
7feb8b464000-7feb8b465000 r--p 00007000 103:02 4773185                   /usr/lib/libcdio_cdda.so.2.0.0
7feb8b465000-7feb8b466000 rw-p 00008000 103:02 4773185                   /usr/lib/libcdio_cdda.so.2.0.0
7feb8b466000-7feb8b499000 r--p 00000000 00:2f 28159                      /tmp/lwjgl_annihilator/3.3.6+1/x64/liblwjgl_opengl.so
7feb8b499000-7feb8b4ad000 r-xp 00033000 00:2f 28159                      /tmp/lwjgl_annihilator/3.3.6+1/x64/liblwjgl_opengl.so
7feb8b4ad000-7feb8b4bd000 r--p 00047000 00:2f 28159                      /tmp/lwjgl_annihilator/3.3.6+1/x64/liblwjgl_opengl.so
7feb8b4bd000-7feb8b4be000 r--p 00056000 00:2f 28159                      /tmp/lwjgl_annihilator/3.3.6+1/x64/liblwjgl_opengl.so
7feb8b4be000-7feb8b4bf000 rw-p 00057000 00:2f 28159                      /tmp/lwjgl_annihilator/3.3.6+1/x64/liblwjgl_opengl.so
7feb8b4ff000-7feb8b500000 rw-p 00000000 00:00 0 
7feb8b500000-7feb8b504000 ---p 00000000 00:00 0 
7feb8b504000-7feb8b600000 rw-p 00000000 00:00 0 
7feb8b600000-7feb8b61b000 r--p 00000000 103:02 4834667                   /usr/lib/libgallium-26.2.1-arch1.1.so
7feb8b61b000-7feb8d69b000 r-xp 0001b000 103:02 4834667                   /usr/lib/libgallium-26.2.1-arch1.1.so
7feb8d69b000-7feb8e8ed000 r--p 0209b000 103:02 4834667                   /usr/lib/libgallium-26.2.1-arch1.1.so
7feb8e8ed000-7feb8ea6b000 r--p 032ec000 103:02 4834667                   /usr/lib/libgallium-26.2.1-arch1.1.so
7feb8ea6b000-7feb8eaa9000 rw-p 0346a000 103:02 4834667                   /usr/lib/libgallium-26.2.1-arch1.1.so
7feb8eaa9000-7feb8ec77000 rw-p 00000000 00:00 0 
7feb8ec79000-7feb8ec7a000 r--p 00000000 103:02 4754785                   /usr/lib/libXss.so.1.0.0
7feb8ec7a000-7feb8ec7b000 r-xp 00001000 103:02 4754785                   /usr/lib/libXss.so.1.0.0
7feb8ec7b000-7feb8ec7c000 r--p 00002000 103:02 4754785                   /usr/lib/libXss.so.1.0.0
7feb8ec7c000-7feb8ec7d000 r--p 00002000 103:02 4754785                   /usr/lib/libXss.so.1.0.0
7feb8ec7d000-7feb8ec7e000 rw-p 00003000 103:02 4754785                   /usr/lib/libXss.so.1.0.0
7feb8ec7e000-7feb8ec7f000 r--p 00000000 103:02 4773188                   /usr/lib/libcdio_paranoia.so.2.0.0
7feb8ec7f000-7feb8ec84000 r-xp 00001000 103:02 4773188                   /usr/lib/libcdio_paranoia.so.2.0.0
7feb8ec84000-7feb8ec85000 r--p 00006000 103:02 4773188                   /usr/lib/libcdio_paranoia.so.2.0.0
7feb8ec85000-7feb8ec86000 r--p 00006000 103:02 4773188                   /usr/lib/libcdio_paranoia.so.2.0.0
7feb8ec86000-7feb8ec87000 rw-p 00007000 103:02 4773188                   /usr/lib/libcdio_paranoia.so.2.0.0
7feb8ed1a000-7feb8ed1e000 r--p 00000000 103:02 7880771                   /usr/lib/jvm/java-26-openjdk/lib/libawt.so
7feb8ed1e000-7feb8edc2000 r-xp 00004000 103:02 7880771                   /usr/lib/jvm/java-26-openjdk/lib/libawt.so
7feb8edc2000-7feb8edcf000 r--p 000a8000 103:02 7880771                   /usr/lib/jvm/java-26-openjdk/lib/libawt.so
7feb8edcf000-7feb8edd0000 r--p 000b4000 103:02 7880771                   /usr/lib/jvm/java-26-openjdk/lib/libawt.so
7feb8edd0000-7feb8eddb000 rw-p 000b5000 103:02 7880771                   /usr/lib/jvm/java-26-openjdk/lib/libawt.so
7feb8eddb000-7feb8ee00000 rw-p 00000000 00:00 0 
7feb8ee00000-7feb8f15b000 r--p 00000000 103:02 4833041                   /usr/lib/libnvidia-gpucomp.so.610.57.04
7feb8f15b000-7feb936f8000 r-xp 0035b000 103:02 4833041                   /usr/lib/libnvidia-gpucomp.so.610.57.04
7feb936f8000-7feb953e8000 r--p 048f8000 103:02 4833041                   /usr/lib/libnvidia-gpucomp.so.610.57.04
7feb953e8000-7feb9563a000 r--p 065e7000 103:02 4833041                   /usr/lib/libnvidia-gpucomp.so.610.57.04
7feb9563a000-7feb957c5000 rw-p 06839000 103:02 4833041                   /usr/lib/libnvidia-gpucomp.so.610.57.04
7feb957c5000-7feb95880000 rw-p 00000000 00:00 0 
7feb95880000-7feb95881000 r--p 00000000 103:02 4834742                   /usr/lib/libnvidia-tls.so.610.57.04
7feb95881000-7feb95883000 r-xp 00001000 103:02 4834742                   /usr/lib/libnvidia-tls.so.610.57.04
7feb95883000-7feb95884000 r--p 00003000 103:02 4834742                   /usr/lib/libnvidia-tls.so.610.57.04
7feb95884000-7feb95885000 r--p 00003000 103:02 4834742                   /usr/lib/libnvidia-tls.so.610.57.04
7feb95885000-7feb95886000 rw-p 00004000 103:02 4834742                   /usr/lib/libnvidia-tls.so.610.57.04
7feb958c6000-7feb958c7000 rw-s 00000000 00:01 12375                      /memfd:pipewire-memfd:flags=0x0000000f,type=2,size=2312 (deleted)
7feb958c7000-7feb958c8000 rw-s 00000000 00:01 337622                     /memfd:pipewire-memfd:flags=0x0000000f,type=2,size=2312 (deleted)
7feb958c8000-7feb958c9000 rw-s 00000000 00:01 409823                     /memfd:pipewire-memfd:flags=0x0000000f,type=2,size=2312 (deleted)
7feb958c9000-7feb958ca000 rw-s 00000000 00:07 1110                       /dev/nvidiactl
7feb958ca000-7feb958cb000 rw-s 00000000 00:07 1110                       /dev/nvidiactl
7feb958cb000-7feb958cc000 rw-s 00000000 00:07 1110                       /dev/nvidiactl
7feb958cc000-7feb958e1000 r--p 00000000 103:02 5509699                   /usr/share/fonts/gsfonts/NimbusSans-Bold.otf
7feb958e1000-7feb958e2000 r--p 00000000 103:02 7880798                   /usr/lib/jvm/java-26-openjdk/lib/libprefs.so
7feb958e2000-7feb958e3000 r-xp 00001000 103:02 7880798                   /usr/lib/jvm/java-26-openjdk/lib/libprefs.so
7feb958e3000-7feb958e4000 r--p 00002000 103:02 7880798                   /usr/lib/jvm/java-26-openjdk/lib/libprefs.so
7feb958e4000-7feb958e5000 r--p 00002000 103:02 7880798                   /usr/lib/jvm/java-26-openjdk/lib/libprefs.so
7feb958e5000-7feb958e6000 rw-p 00003000 103:02 7880798                   /usr/lib/jvm/java-26-openjdk/lib/libprefs.so
7feb958e6000-7feb958e8000 r--p 00000000 103:02 4815623                   /usr/lib/libXfixes.so.3.1.0
7feb958e8000-7feb958eb000 r-xp 00002000 103:02 4815623                   /usr/lib/libXfixes.so.3.1.0
7feb958eb000-7feb958ec000 r--p 00005000 103:02 4815623                   /usr/lib/libXfixes.so.3.1.0
7feb958ec000-7feb958ed000 r--p 00005000 103:02 4815623                   /usr/lib/libXfixes.so.3.1.0
7feb958ed000-7feb958ee000 rw-p 00006000 103:02 4815623                   /usr/lib/libXfixes.so.3.1.0
7feb958ee000-7feb958f1000 r--p 00000000 103:02 4763482                   /usr/lib/libXcursor.so.1.0.2
7feb958f1000-7feb958f7000 r-xp 00003000 103:02 4763482                   /usr/lib/libXcursor.so.1.0.2
7feb958f7000-7feb958f9000 r--p 00009000 103:02 4763482                   /usr/lib/libXcursor.so.1.0.2
7feb958f9000-7feb958fa000 r--p 0000a000 103:02 4763482                   /usr/lib/libXcursor.so.1.0.2
7feb958fa000-7feb958fb000 rw-p 0000b000 103:02 4763482                   /usr/lib/libXcursor.so.1.0.2
7feb958fb000-7feb95909000 r--p 00000000 103:02 7880773                   /usr/lib/jvm/java-26-openjdk/lib/libawt_xawt.so
7feb95909000-7feb9594d000 r-xp 0000e000 103:02 7880773                   /usr/lib/jvm/java-26-openjdk/lib/libawt_xawt.so
7feb9594d000-7feb95961000 r--p 00052000 103:02 7880773                   /usr/lib/jvm/java-26-openjdk/lib/libawt_xawt.so
7feb95961000-7feb95963000 r--p 00066000 103:02 7880773                   /usr/lib/jvm/java-26-openjdk/lib/libawt_xawt.so
7feb95963000-7feb95964000 rw-p 00068000 103:02 7880773                   /usr/lib/jvm/java-26-openjdk/lib/libawt_xawt.so
7feb95964000-7feb95965000 rw-p 00000000 00:00 0 
7feb95965000-7feb95a00000 r--p 00000000 103:02 5641617                   /usr/share/fonts/noto/NotoSans-Bold.ttf
7feb95a00000-7feb95c19000 r--p 00000000 103:02 4831215                   /usr/lib/libnvidia-eglcore.so.610.57.04
7feb95c19000-7feb9685f000 r-xp 00219000 103:02 4831215                   /usr/lib/libnvidia-eglcore.so.610.57.04
7feb9685f000-7feb97d8a000 r--p 00e5f000 103:02 4831215                   /usr/lib/libnvidia-eglcore.so.610.57.04
7feb97d8a000-7feb97d8b000 ---p 0238a000 103:02 4831215                   /usr/lib/libnvidia-eglcore.so.610.57.04
7feb97d8b000-7feb97f00000 r--p 0238a000 103:02 4831215                   /usr/lib/libnvidia-eglcore.so.610.57.04
7feb97f00000-7feb97f49000 rw-p 024ff000 103:02 4831215                   /usr/lib/libnvidia-eglcore.so.610.57.04
7feb97f49000-7feb97f60000 rw-p 00000000 00:00 0 
7feb97f61000-7feb97f62000 rw-s 00000000 00:07 1110                       /dev/nvidiactl
7feb97f62000-7feb97f63000 rw-s 00000000 00:07 1110                       /dev/nvidiactl
7feb97f63000-7feb97f64000 rw-s 00000000 00:07 1112                       /dev/nvidia0
7feb97f64000-7feb97f65000 rw-s 00000000 00:07 1110                       /dev/nvidiactl
7feb97f65000-7feb98000000 r--p 00000000 103:02 5641617                   /usr/share/fonts/noto/NotoSans-Bold.ttf
7feb98000000-7feb98055000 rw-p 00000000 00:00 0 
7feb98055000-7feb9c000000 ---p 00000000 00:00 0 
7feb9c000000-7feb9ffe4000 rw-p 00000000 00:00 0 
7feb9ffe4000-7feba0000000 ---p 00000000 00:00 0 
7feba0000000-7feba120a000 rw-p 00000000 00:00 0 
7feba120a000-7feba4000000 ---p 00000000 00:00 0 
7feba4000000-7feba50da000 rw-p 00000000 00:00 0 
7feba50da000-7feba8000000 ---p 00000000 00:00 0 
7feba8000000-7feba8400000 rw-p 00000000 00:00 0 
7feba8400000-7feba8700000 rw-p 00000000 00:00 0 
7feba8700000-7feba8800000 rw-p 00000000 00:00 0 
7feba8800000-7feba8900000 rw-p 00000000 00:00 0 
7feba8900000-7feba8a00000 rw-p 00000000 00:00 0 
7feba8a00000-7feba9100000 rw-p 00000000 00:00 0 
7feba9100000-7feba9200000 rw-p 00000000 00:00 0 
7feba9200000-7feba9420000 rw-p 00000000 00:00 0 
7feba9420000-7feba9d00000 rw-p 00000000 00:00 0 
7feba9d00000-7feba9e00000 rw-p 00000000 00:00 0 
7feba9e00000-7feba9f00000 rw-p 00000000 00:00 0 
7feba9f00000-7febaa000000 rw-p 00000000 00:00 0 
7febaa000000-7febaa500000 rw-p 00000000 00:00 0 
7febaa500000-7febaa600000 rw-p 00000000 00:00 0 
7febaa600000-7febaa700000 rw-p 00000000 00:00 0 
7febaa700000-7febaa900000 rw-p 00000000 00:00 0 
7febaa900000-7febaaa00000 rw-p 00000000 00:00 0 
7febaaa00000-7febaad00000 rw-p 00000000 00:00 0 
7febaad00000-7febaae00000 rw-p 00000000 00:00 0 
7febaae00000-7febaaf00000 rw-p 00000000 00:00 0 
7febaaf00000-7febab000000 rw-p 00000000 00:00 0 
7febab000000-7febabdc0000 rw-p 00000000 00:00 0 
7febabdc0000-7febabe00000 rw-p 00000000 00:00 0 
7febabe00000-7febabf00000 rw-p 00000000 00:00 0 
7febabf00000-7febac000000 rw-p 00000000 00:00 0 
7febac000000-7febac096000 rw-p 00000000 00:00 0 
7febac096000-7febb0000000 ---p 00000000 00:00 0 
7febb0000000-7febb0e6b000 rw-p 00000000 00:00 0 
7febb0e6b000-7febb4000000 ---p 00000000 00:00 0 
7febb4000000-7febb45b3000 rw-p 00000000 00:00 0 
7febb45b3000-7febb8000000 ---p 00000000 00:00 0 
7febb8000000-7febb8161000 rw-p 00000000 00:00 0 
7febb8161000-7febbc000000 ---p 00000000 00:00 0 
7febbc000000-7febbc925000 rw-p 00000000 00:00 0 
7febbc925000-7febc0000000 ---p 00000000 00:00 0 
7febc0000000-7febc0861000 rw-p 00000000 00:00 0 
7febc0861000-7febc4000000 ---p 00000000 00:00 0 
7febc4000000-7febc730f000 rw-p 00000000 00:00 0 
7febc730f000-7febc8000000 ---p 00000000 00:00 0 
7febc8000000-7febc8001000 r--s 00000000 00:07 1110                       /dev/nvidiactl
7febc8005000-7febc8009000 r--p 00000000 103:02 7880776                   /usr/lib/jvm/java-26-openjdk/lib/libfontmanager.so
7febc8009000-7febc8012000 r-xp 00004000 103:02 7880776                   /usr/lib/jvm/java-26-openjdk/lib/libfontmanager.so
7febc8012000-7febc8014000 r--p 0000d000 103:02 7880776                   /usr/lib/jvm/java-26-openjdk/lib/libfontmanager.so
7febc8014000-7febc8015000 r--p 0000e000 103:02 7880776                   /usr/lib/jvm/java-26-openjdk/lib/libfontmanager.so
7febc8015000-7febc8016000 rw-p 0000f000 103:02 7880776                   /usr/lib/jvm/java-26-openjdk/lib/libfontmanager.so
7febc8016000-7febc8017000 r--p 00000000 103:02 4763546                   /usr/lib/libXinerama.so.1.0.0
7febc8017000-7febc8018000 r-xp 00001000 103:02 4763546                   /usr/lib/libXinerama.so.1.0.0
7febc8018000-7febc8019000 r--p 00002000 103:02 4763546                   /usr/lib/libXinerama.so.1.0.0
7febc8019000-7febc801a000 r--p 00002000 103:02 4763546                   /usr/lib/libXinerama.so.1.0.0
7febc801a000-7febc801b000 rw-p 00003000 103:02 4763546                   /usr/lib/libXinerama.so.1.0.0
7febc801b000-7febc8031000 r--s 00000000 103:02 3835467                   /var/cache/fontconfig/17ce8022be83857151cced15433ac5ab-le64.cache-12
7febc8031000-7febc8032000 r--s 00000000 103:02 3803672                   /var/cache/fontconfig/1b6853af091219762dc5c68646ca68b7-le64.cache-12
7febc8032000-7febc8035000 r--s 00000000 103:02 3802392                   /var/cache/fontconfig/73edfbc81426f3b2593aba7ca9378882-le64.cache-12
7febc8035000-7febc803e000 r--s 00000000 103:02 3835464                   /var/cache/fontconfig/2fbfc6d3726617df5d72e45ca91ca896-le64.cache-12
7febc803e000-7febc803f000 r--s 00000000 103:02 3835441                   /var/cache/fontconfig/787b69f04c7448ed6c581b040220c91f-le64.cache-12
7febc803f000-7febc8042000 r--s 00000000 103:02 3835420                   /var/cache/fontconfig/e552019f4ed2e530c25d313cf4ffa813-le64.cache-12
7febc8042000-7febc804e000 r--s 00000000 103:02 3835403                   /var/cache/fontconfig/7d660be5d4eca970fa91d6ca176f5ce2-le64.cache-12
7febc804e000-7febc804f000 r--s 00000000 103:02 3835395                   /var/cache/fontconfig/a8773ec71f9da9b44a891b13321e5faa-le64.cache-12
7febc804f000-7febc8060000 r--s 00000000 103:02 3835390                   /var/cache/fontconfig/035f0ebf2f86af269427f030f354ef4b-le64.cache-12
7febc8060000-7febc8070000 r--s 00000000 103:02 3835379                   /var/cache/fontconfig/f2e61d441ca43dbfffafb9d0f2c6d8fc-le64.cache-12
7febc8070000-7febc809a000 r--s 00000000 103:02 3835365                   /var/cache/fontconfig/f2e43df3287529323e79e7929dc44cc9-le64.cache-12
7febc809a000-7febc81b4000 r--s 00000000 103:02 3835361                   /var/cache/fontconfig/923e285e415b1073c8df160bee08820f-le64.cache-12
7febc81b4000-7febc81b5000 r--s 00000000 103:02 3823352                   /var/cache/fontconfig/8d4af663993b81a124ee82e610bb31f9-le64.cache-12
7febc81b5000-7febc81bb000 r--s 00000000 103:02 3817989                   /var/cache/fontconfig/b67b32625a2bb51b023d3814a918f351-le64.cache-12
7febc81bb000-7febc81cb000 r--s 00000000 103:02 3804352                   /var/cache/fontconfig/491f45a0a771fef1c10b9b647a97fb82-le64.cache-12
7febc81cb000-7febc81df000 r--s 00000000 103:02 3804343                   /var/cache/fontconfig/614d1caaa4d7914789410f6367de37ca-le64.cache-12
7febc81df000-7febc81ee000 r--s 00000000 103:02 3804155                   /var/cache/fontconfig/1dce2cb908b447e938fc03acd9b47fcf-le64.cache-12
7febc81ee000-7febc81f4000 r--s 00000000 103:02 3803766                   /var/cache/fontconfig/d62e99ef547d1d24cdb1bd22ec1a2976-le64.cache-12
7febc81f4000-7febc82e5000 r--s 00000000 103:02 3835673                   /var/cache/fontconfig/f6b893a7224233d96cb72fd88691c0b4-le64.cache-12
7febc82e5000-7febc8309000 r--s 00000000 103:02 3801846                   /var/cache/fontconfig/f349e9996a5320f6dd491cedd2b1f964-le64.cache-12
7febc8309000-7febc8315000 r--s 00000000 103:02 3801653                   /var/cache/fontconfig/4b31aef11cb0687b6d280d34cbe23592-le64.cache-12
7febc8315000-7febc832f000 r--s 00000000 103:02 4334283                   /home/annihilator/.cache/fontconfig/bc42231c8840afdbc8a160eb8f6a66fd-le64.cache-12
7febc832f000-7febc8330000 r--s 00000000 103:02 4334244                   /home/annihilator/.cache/fontconfig/8f6bef61d9f77da15272a6237cc42cae-le64.cache-12
7febc8330000-7febc8332000 r--s 00000000 103:02 3801209                   /var/cache/fontconfig/3830d5c3ddfd5cd38a049b759396e72e-le64.cache-12
7febc8332000-7febc844a000 r--s 00000000 103:02 4334062                   /home/annihilator/.cache/fontconfig/360f0685862970c3eedca8185ab72cfb-le64.cache-12
7febc844b000-7febc844d000 r--p 00000000 103:02 4761076                   /usr/lib/libXtst.so.6.1.0
7febc844d000-7febc8450000 r-xp 00002000 103:02 4761076                   /usr/lib/libXtst.so.6.1.0
7febc8450000-7febc8451000 r--p 00005000 103:02 4761076                   /usr/lib/libXtst.so.6.1.0
7febc8451000-7febc8452000 r--p 00005000 103:02 4761076                   /usr/lib/libXtst.so.6.1.0
7febc8452000-7febc8453000 rw-p 00006000 103:02 4761076                   /usr/lib/libXtst.so.6.1.0
7febc8453000-7febc8456000 r--p 00000000 103:02 4760999                   /usr/lib/libXi.so.6.1.0
7febc8456000-7febc8463000 r-xp 00003000 103:02 4760999                   /usr/lib/libXi.so.6.1.0
7febc8463000-7febc8466000 r--p 00010000 103:02 4760999                   /usr/lib/libXi.so.6.1.0
7febc8466000-7febc8467000 r--p 00012000 103:02 4760999                   /usr/lib/libXi.so.6.1.0
7febc8467000-7febc8468000 rw-p 00013000 103:02 4760999                   /usr/lib/libXi.so.6.1.0
7febc8800000-7febc8848000 r--p 00000000 103:02 4745608                   /usr/lib/libicuuc.so.78.3
7febc8848000-7febc8965000 r-xp 00048000 103:02 4745608                   /usr/lib/libicuuc.so.78.3
7febc8965000-7febc89f8000 r--p 00165000 103:02 4745608                   /usr/lib/libicuuc.so.78.3
7febc89f8000-7febc8a0b000 r--p 001f8000 103:02 4745608                   /usr/lib/libicuuc.so.78.3
7febc8a0b000-7febc8a0c000 rw-p 0020b000 103:02 4745608                   /usr/lib/libicuuc.so.78.3
7febc8a0c000-7febc8a0f000 rw-p 00000000 00:00 0 
7febc8a68000-7febc8a75000 r--p 00000000 103:02 4722861                   /usr/lib/libncursesw.so.6.6
7febc8a75000-7febc8abd000 r-xp 0000d000 103:02 4722861                   /usr/lib/libncursesw.so.6.6
7febc8abd000-7febc8ad3000 r--p 00055000 103:02 4722861                   /usr/lib/libncursesw.so.6.6
7febc8ad3000-7febc8ad8000 r--p 0006a000 103:02 4722861                   /usr/lib/libncursesw.so.6.6
7febc8ad8000-7febc8ad9000 rw-p 0006f000 103:02 4722861                   /usr/lib/libncursesw.so.6.6
7febc8ad9000-7febc8adb000 r--p 00000000 103:02 4761468                   /usr/lib/libpciaccess.so.0.11.1
7febc8adb000-7febc8ae0000 r-xp 00002000 103:02 4761468                   /usr/lib/libpciaccess.so.0.11.1
7febc8ae0000-7febc8ae2000 r--p 00007000 103:02 4761468                   /usr/lib/libpciaccess.so.0.11.1
7febc8ae2000-7febc8ae3000 r--p 00008000 103:02 4761468                   /usr/lib/libpciaccess.so.0.11.1
7febc8ae3000-7febc8ae4000 rw-p 00009000 103:02 4761468                   /usr/lib/libpciaccess.so.0.11.1
7febc8ae4000-7febc8afe000 r--p 00000000 103:02 4744067                   /usr/lib/libxml2.so.16.1.3
7febc8afe000-7febc8bd2000 r-xp 0001a000 103:02 4744067                   /usr/lib/libxml2.so.16.1.3
7febc8bd2000-7febc8c0f000 r--p 000ee000 103:02 4744067                   /usr/lib/libxml2.so.16.1.3
7febc8c0f000-7febc8c18000 r--p 0012b000 103:02 4744067                   /usr/lib/libxml2.so.16.1.3
7febc8c18000-7febc8c19000 rw-p 00134000 103:02 4744067                   /usr/lib/libxml2.so.16.1.3
7febc8c19000-7febc8c1a000 rw-p 00000000 00:00 0 
7febc8c1a000-7febc8c20000 r--p 00000000 103:02 4754841                   /usr/lib/libedit.so.0.0.78
7febc8c20000-7febc8c42000 r-xp 00006000 103:02 4754841                   /usr/lib/libedit.so.0.0.78
7febc8c42000-7febc8c4f000 r--p 00028000 103:02 4754841                   /usr/lib/libedit.so.0.0.78
7febc8c4f000-7febc8c52000 r--p 00034000 103:02 4754841                   /usr/lib/libedit.so.0.0.78
7febc8c52000-7febc8c53000 rw-p 00037000 103:02 4754841                   /usr/lib/libedit.so.0.0.78
7febc8c53000-7febc8c56000 rw-p 00000000 00:00 0 
7febc8c56000-7febc8c59000 r--p 00000000 103:02 4780642                   /usr/lib/libdrm_intel.so.1.134.0
7febc8c59000-7febc8c70000 r-xp 00003000 103:02 4780642                   /usr/lib/libdrm_intel.so.1.134.0
7febc8c70000-7febc8c7a000 r--p 0001a000 103:02 4780642                   /usr/lib/libdrm_intel.so.1.134.0
7febc8c7a000-7febc8c7b000 r--p 00023000 103:02 4780642                   /usr/lib/libdrm_intel.so.1.134.0
7febc8c7b000-7febc8c7c000 rw-p 00024000 103:02 4780642                   /usr/lib/libdrm_intel.so.1.134.0
7febc8c7c000-7febc8c7f000 r--p 00000000 103:02 4780638                   /usr/lib/libdrm_amdgpu.so.1.134.0
7febc8c7f000-7febc8c85000 r-xp 00003000 103:02 4780638                   /usr/lib/libdrm_amdgpu.so.1.134.0
7febc8c85000-7febc8c87000 r--p 00009000 103:02 4780638                   /usr/lib/libdrm_amdgpu.so.1.134.0
7febc8c87000-7febc8c88000 r--p 0000a000 103:02 4780638                   /usr/lib/libdrm_amdgpu.so.1.134.0
7febc8c88000-7febc8c89000 rw-p 0000b000 103:02 4780638                   /usr/lib/libdrm_amdgpu.so.1.134.0
7febc8c89000-7febc8c8c000 r--p 00000000 103:02 4735313                   /usr/lib/libelf-0.196.so
7febc8c8c000-7febc8ca0000 r-xp 00003000 103:02 4735313                   /usr/lib/libelf-0.196.so
7febc8ca0000-7febc8ca5000 r--p 00017000 103:02 4735313                   /usr/lib/libelf-0.196.so
7febc8ca5000-7febc8ca6000 r--p 0001b000 103:02 4735313                   /usr/lib/libelf-0.196.so
7febc8ca6000-7febc8ca7000 rw-p 0001c000 103:02 4735313                   /usr/lib/libelf-0.196.so
7febc8ca7000-7febc8ca8000 r--p 00000000 103:02 4843174                   /usr/lib/libxshmfence.so.1.0.0
7febc8ca8000-7febc8ca9000 r-xp 00001000 103:02 4843174                   /usr/lib/libxshmfence.so.1.0.0
7febc8ca9000-7febc8caa000 r--p 00002000 103:02 4843174                   /usr/lib/libxshmfence.so.1.0.0
7febc8caa000-7febc8cab000 r--p 00002000 103:02 4843174                   /usr/lib/libxshmfence.so.1.0.0
7febc8cab000-7febc8cac000 rw-p 00003000 103:02 4843174                   /usr/lib/libxshmfence.so.1.0.0
7febc8cac000-7febc8caf000 r--p 00000000 103:02 4751865                   /usr/lib/libxcb-sync.so.1.0.0
7febc8caf000-7febc8cb2000 r-xp 00003000 103:02 4751865                   /usr/lib/libxcb-sync.so.1.0.0
7febc8cb2000-7febc8cb3000 r--p 00006000 103:02 4751865                   /usr/lib/libxcb-sync.so.1.0.0
7febc8cb3000-7febc8cb4000 r--p 00007000 103:02 4751865                   /usr/lib/libxcb-sync.so.1.0.0
7febc8cb4000-7febc8cb5000 rw-p 00008000 103:02 4751865                   /usr/lib/libxcb-sync.so.1.0.0
7febc8cb5000-7febc8cb7000 r--p 00000000 103:02 4763334                   /usr/lib/libsensors.so.5.0.0
7febc8cb7000-7febc8cbf000 r-xp 00002000 103:02 4763334                   /usr/lib/libsensors.so.5.0.0
7febc8cbf000-7febc8cc3000 r--p 0000a000 103:02 4763334                   /usr/lib/libsensors.so.5.0.0
7febc8cc3000-7febc8cc4000 r--p 0000e000 103:02 4763334                   /usr/lib/libsensors.so.5.0.0
7febc8cc4000-7febc8cc5000 rw-p 0000f000 103:02 4763334                   /usr/lib/libsensors.so.5.0.0
7febc8cc5000-7febc8cde000 r--p 00000000 103:02 4817130                   /usr/lib/libSPIRV-Tools.so
7febc8cde000-7febc8e17000 r-xp 00019000 103:02 4817130                   /usr/lib/libSPIRV-Tools.so
7febc8e17000-7febc8e9d000 r--p 00152000 103:02 4817130                   /usr/lib/libSPIRV-Tools.so
7febc8e9d000-7febc8ea0000 r--p 001d8000 103:02 4817130                   /usr/lib/libSPIRV-Tools.so
7febc8ea0000-7febc8ea1000 rw-p 001db000 103:02 4817130                   /usr/lib/libSPIRV-Tools.so
7febc8ea1000-7febc8ead000 r--p 00000000 103:02 4740223                   /usr/lib/libzstd.so.1.5.7
7febc8ead000-7febc8f74000 r-xp 0000c000 103:02 4740223                   /usr/lib/libzstd.so.1.5.7
7febc8f74000-7febc8f85000 r--p 000d3000 103:02 4740223                   /usr/lib/libzstd.so.1.5.7
7febc8f85000-7febc8f86000 r--p 000e4000 103:02 4740223                   /usr/lib/libzstd.so.1.5.7
7febc8f86000-7febc8f87000 rw-p 000e5000 103:02 4740223                   /usr/lib/libzstd.so.1.5.7
7febc8f87000-7febc8f8a000 r--p 00000000 103:02 4751872                   /usr/lib/libxcb-xfixes.so.0.0.0
7febc8f8a000-7febc8f8d000 r-xp 00003000 103:02 4751872                   /usr/lib/libxcb-xfixes.so.0.0.0
7febc8f8d000-7febc8f8e000 r--p 00006000 103:02 4751872                   /usr/lib/libxcb-xfixes.so.0.0.0
7febc8f8e000-7febc8f8f000 r--p 00007000 103:02 4751872                   /usr/lib/libxcb-xfixes.so.0.0.0
7febc8f8f000-7febc8f90000 rw-p 00008000 103:02 4751872                   /usr/lib/libxcb-xfixes.so.0.0.0
7febc8f90000-7febc8f97000 r--p 00000000 103:02 4751834                   /usr/lib/libxcb-randr.so.0.1.0
7febc8f97000-7febc8f9d000 r-xp 00007000 103:02 4751834                   /usr/lib/libxcb-randr.so.0.1.0
7febc8f9d000-7febc8fa0000 r--p 0000d000 103:02 4751834                   /usr/lib/libxcb-randr.so.0.1.0
7febc8fa0000-7febc8fa1000 r--p 00010000 103:02 4751834                   /usr/lib/libxcb-randr.so.0.1.0
7febc8fa1000-7febc8fa2000 rw-p 00011000 103:02 4751834                   /usr/lib/libxcb-randr.so.0.1.0
7febc8fa2000-7febc8fa8000 r--p 00000000 103:02 4817102                   /usr/lib/libEGL_mesa.so.0.0.0
7febc8fa8000-7febc8fe3000 r-xp 00006000 103:02 4817102                   /usr/lib/libEGL_mesa.so.0.0.0
7febc8fe3000-7febc8ff6000 r--p 00041000 103:02 4817102                   /usr/lib/libEGL_mesa.so.0.0.0
7febc8ff6000-7febc9003000 r--p 00053000 103:02 4817102                   /usr/lib/libEGL_mesa.so.0.0.0
7febc9003000-7febc9004000 rw-p 00060000 103:02 4817102                   /usr/lib/libEGL_mesa.so.0.0.0
7febc9004000-7febc9005000 rw-p 00000000 00:00 0 
7febc9005000-7febc9006000 r--p 00000000 103:02 4740497                   /usr/lib/libX11-xcb.so.1.0.0
7febc9006000-7febc9007000 r-xp 00001000 103:02 4740497                   /usr/lib/libX11-xcb.so.1.0.0
7febc9007000-7febc9008000 r--p 00002000 103:02 4740497                   /usr/lib/libX11-xcb.so.1.0.0
7febc9008000-7febc9009000 r--p 00002000 103:02 4740497                   /usr/lib/libX11-xcb.so.1.0.0
7febc9009000-7febc900a000 rw-p 00003000 103:02 4740497                   /usr/lib/libX11-xcb.so.1.0.0
7febc901e000-7febc9020000 r--p 00000000 103:02 4751813                   /usr/lib/libxcb-dri3.so.0.1.0
7febc9020000-7febc9022000 r-xp 00002000 103:02 4751813                   /usr/lib/libxcb-dri3.so.0.1.0
7febc9022000-7febc9023000 r--p 00004000 103:02 4751813                   /usr/lib/libxcb-dri3.so.0.1.0
7febc9023000-7febc9024000 r--p 00004000 103:02 4751813                   /usr/lib/libxcb-dri3.so.0.1.0
7febc9024000-7febc9025000 rw-p 00005000 103:02 4751813                   /usr/lib/libxcb-dri3.so.0.1.0
7febc9039000-7febc9049000 r--p 00000000 103:02 4831581                   /usr/lib/libnvidia-glsi.so.610.57.04
7febc9049000-7febc90a9000 r-xp 00010000 103:02 4831581                   /usr/lib/libnvidia-glsi.so.610.57.04
7febc90a9000-7febc90c6000 r--p 00070000 103:02 4831581                   /usr/lib/libnvidia-glsi.so.610.57.04
7febc90c6000-7febc90cc000 r--p 0008c000 103:02 4831581                   /usr/lib/libnvidia-glsi.so.610.57.04
7febc90cc000-7febc90cd000 rw-p 00092000 103:02 4831581                   /usr/lib/libnvidia-glsi.so.610.57.04
7febc90cd000-7febc90d5000 rw-p 00000000 00:00 0 
7febc90d5000-7febc9106000 r--p 00000000 103:02 4820322                   /usr/lib/libEGL_nvidia.so.610.57.04
7febc9106000-7febc918e000 r-xp 00031000 103:02 4820322                   /usr/lib/libEGL_nvidia.so.610.57.04
7febc918e000-7febc91dd000 r--p 000b9000 103:02 4820322                   /usr/lib/libEGL_nvidia.so.610.57.04
7febc91dd000-7febc91de000 ---p 00108000 103:02 4820322                   /usr/lib/libEGL_nvidia.so.610.57.04
7febc91de000-7febc91e5000 r--p 00108000 103:02 4820322                   /usr/lib/libEGL_nvidia.so.610.57.04
7febc91e5000-7febc91fa000 rw-p 0010f000 103:02 4820322                   /usr/lib/libEGL_nvidia.so.610.57.04
7febc91fa000-7febc9200000 rw-p 00000000 00:00 0 
7febc9200000-7febc943e000 rw-s 00000000 00:01 409775                     /memfd:wayland-cursor (deleted)
7febc9442000-7febc9443000 r--p 00000000 103:02 4751829                   /usr/lib/libxcb-present.so.0.0.0
7febc9443000-7febc9444000 r-xp 00001000 103:02 4751829                   /usr/lib/libxcb-present.so.0.0.0
7febc9444000-7febc9445000 r--p 00002000 103:02 4751829                   /usr/lib/libxcb-present.so.0.0.0
7febc9445000-7febc9446000 r--p 00002000 103:02 4751829                   /usr/lib/libxcb-present.so.0.0.0
7febc9446000-7febc9447000 rw-p 00003000 103:02 4751829                   /usr/lib/libxcb-present.so.0.0.0
7febc9478000-7febc947a000 r--p 00000000 103:02 4835234                   /usr/lib/libgbm.so.1.0.0
7febc947a000-7febc947b000 r-xp 00002000 103:02 4835234                   /usr/lib/libgbm.so.1.0.0
7febc947b000-7febc947c000 r--p 00003000 103:02 4835234                   /usr/lib/libgbm.so.1.0.0
7febc947c000-7febc947d000 r--p 00003000 103:02 4835234                   /usr/lib/libgbm.so.1.0.0
7febc947d000-7febc947e000 rw-p 00004000 103:02 4835234                   /usr/lib/libgbm.so.1.0.0
7febc947e000-7febc9483000 r--p 00000000 103:02 4771568                   /usr/lib/libdrm.so.2.134.0
7febc9483000-7febc948f000 r-xp 00005000 103:02 4771568                   /usr/lib/libdrm.so.2.134.0
7febc948f000-7febc9493000 r--p 00011000 103:02 4771568                   /usr/lib/libdrm.so.2.134.0
7febc9493000-7febc9494000 r--p 00015000 103:02 4771568                   /usr/lib/libdrm.so.2.134.0
7febc9494000-7febc9495000 rw-p 00016000 103:02 4771568                   /usr/lib/libdrm.so.2.134.0
7febc94aa000-7febc94ac000 r--p 00000000 103:02 4811999                   /usr/lib/libGLdispatch.so.0.0.0
7febc94ac000-7febc94eb000 r-xp 00002000 103:02 4811999                   /usr/lib/libGLdispatch.so.0.0.0
7febc94eb000-7febc94fe000 r--p 00041000 103:02 4811999                   /usr/lib/libGLdispatch.so.0.0.0
7febc94fe000-7febc951a000 r--p 00054000 103:02 4811999                   /usr/lib/libGLdispatch.so.0.0.0
7febc951a000-7febc951b000 rw-p 00070000 103:02 4811999                   /usr/lib/libGLdispatch.so.0.0.0
7febc951b000-7febc9523000 rw-p 00000000 00:00 0 
7febc9523000-7febc9525000 r--p 00000000 103:02 4750356                   /usr/lib/libEGL.so.1.1.0
7febc9525000-7febc952f000 r-xp 00002000 103:02 4750356                   /usr/lib/libEGL.so.1.1.0
7febc952f000-7febc9533000 r--p 0000c000 103:02 4750356                   /usr/lib/libEGL.so.1.1.0
7febc9533000-7febc9534000 r--p 0000f000 103:02 4750356                   /usr/lib/libEGL.so.1.1.0
7febc9534000-7febc9535000 rw-p 00010000 103:02 4750356                   /usr/lib/libEGL.so.1.1.0
7febc9535000-7febc95c5000 rw-s 00000000 00:01 409774                     /memfd:wayland-cursor (deleted)
7febc95c5000-7febc95c6000 r--p 00000000 103:02 4812149                   /usr/lib/libbrotlicommon.so.1.2.0
7febc95c6000-7febc95c7000 r-xp 00001000 103:02 4812149                   /usr/lib/libbrotlicommon.so.1.2.0
7febc95c7000-7febc95e6000 r--p 00002000 103:02 4812149                   /usr/lib/libbrotlicommon.so.1.2.0
7febc95e6000-7febc95e7000 r--p 00021000 103:02 4812149                   /usr/lib/libbrotlicommon.so.1.2.0
7febc95e7000-7febc95e8000 rw-p 00022000 103:02 4812149                   /usr/lib/libbrotlicommon.so.1.2.0
7febc95e8000-7febc95ed000 r--p 00000000 103:02 4722170                   /usr/lib/libblkid.so.1.1.0
7febc95ed000-7febc9616000 r-xp 00005000 103:02 4722170                   /usr/lib/libblkid.so.1.1.0
7febc9616000-7febc9621000 r--p 0002e000 103:02 4722170                   /usr/lib/libblkid.so.1.1.0
7febc9621000-7febc9627000 r--p 00038000 103:02 4722170                   /usr/lib/libblkid.so.1.1.0
7febc9627000-7febc9628000 rw-p 0003e000 103:02 4722170                   /usr/lib/libblkid.so.1.1.0
7febc9628000-7febc962a000 r--p 00000000 103:02 4815257                   /usr/lib/libXdmcp.so.6.0.0
7febc962a000-7febc962c000 r-xp 00002000 103:02 4815257                   /usr/lib/libXdmcp.so.6.0.0
7febc962c000-7febc962e000 r--p 00004000 103:02 4815257                   /usr/lib/libXdmcp.so.6.0.0
7febc962e000-7febc962f000 r--p 00005000 103:02 4815257                   /usr/lib/libXdmcp.so.6.0.0
7febc962f000-7febc9630000 rw-p 00006000 103:02 4815257                   /usr/lib/libXdmcp.so.6.0.0
7febc9630000-7febc9631000 r--p 00000000 103:02 4812485                   /usr/lib/libbrotlidec.so.1.2.0
7febc9631000-7febc963a000 r-xp 00001000 103:02 4812485                   /usr/lib/libbrotlidec.so.1.2.0
7febc963a000-7febc963d000 r--p 0000a000 103:02 4812485                   /usr/lib/libbrotlidec.so.1.2.0
7febc963d000-7febc963e000 r--p 0000c000 103:02 4812485                   /usr/lib/libbrotlidec.so.1.2.0
7febc963e000-7febc963f000 rw-p 0000d000 103:02 4812485                   /usr/lib/libbrotlidec.so.1.2.0
7febc963f000-7febc9641000 r--p 00000000 103:02 4794869                   /usr/lib/libbz2.so.1.0.8
7febc9641000-7febc964e000 r-xp 00002000 103:02 4794869                   /usr/lib/libbz2.so.1.0.8
7febc964e000-7febc9650000 r--p 0000f000 103:02 4794869                   /usr/lib/libbz2.so.1.0.8
7febc9650000-7febc9651000 r--p 00010000 103:02 4794869                   /usr/lib/libbz2.so.1.0.8
7febc9651000-7febc9652000 rw-p 00011000 103:02 4794869                   /usr/lib/libbz2.so.1.0.8
7febc9652000-7febc965c000 r--p 00000000 103:02 4735601                   /usr/lib/libmount.so.1.1.0
7febc965c000-7febc969a000 r-xp 0000a000 103:02 4735601                   /usr/lib/libmount.so.1.1.0
7febc969a000-7febc96ab000 r--p 00048000 103:02 4735601                   /usr/lib/libmount.so.1.1.0
7febc96ab000-7febc96ad000 r--p 00059000 103:02 4735601                   /usr/lib/libmount.so.1.1.0
7febc96ad000-7febc96ae000 rw-p 0005b000 103:02 4735601                   /usr/lib/libmount.so.1.1.0
7febc96ae000-7febc96b0000 r--p 00000000 103:02 4737414                   /usr/lib/libexpat.so.1.12.3
7febc96b0000-7febc96d0000 r-xp 00002000 103:02 4737414                   /usr/lib/libexpat.so.1.12.3
7febc96d0000-7febc96d9000 r--p 00022000 103:02 4737414                   /usr/lib/libexpat.so.1.12.3
7febc96d9000-7febc96db000 r--p 0002a000 103:02 4737414                   /usr/lib/libexpat.so.1.12.3
7febc96db000-7febc96dc000 rw-p 0002c000 103:02 4737414                   /usr/lib/libexpat.so.1.12.3
7febc96dc000-7febc96de000 r--p 00000000 103:02 4815230                   /usr/lib/libgraphite2.so.3.3.1
7febc96de000-7febc96f7000 r-xp 00002000 103:02 4815230                   /usr/lib/libgraphite2.so.3.3.1
7febc96f7000-7febc96fc000 r--p 0001b000 103:02 4815230                   /usr/lib/libgraphite2.so.3.3.1
7febc96fc000-7febc96fe000 r--p 0001f000 103:02 4815230                   /usr/lib/libgraphite2.so.3.3.1
7febc96fe000-7febc96ff000 rw-p 00021000 103:02 4815230                   /usr/lib/libgraphite2.so.3.3.1
7febc96ff000-7febc9702000 r--p 00000000 103:02 4732813                   /usr/lib/libpcre2-8.so.0.15.0
7febc9702000-7febc9780000 r-xp 00003000 103:02 4732813                   /usr/lib/libpcre2-8.so.0.15.0
7febc9780000-7febc97ab000 r--p 00081000 103:02 4732813                   /usr/lib/libpcre2-8.so.0.15.0
7febc97ab000-7febc97ac000 r--p 000ab000 103:02 4732813                   /usr/lib/libpcre2-8.so.0.15.0
7febc97ac000-7febc97ad000 rw-p 000ac000 103:02 4732813                   /usr/lib/libpcre2-8.so.0.15.0
7febc97ad000-7febc97c2000 r--p 00000000 103:02 4720960                   /usr/lib/libsystemd.so.0.44.0
7febc97c2000-7febc989b000 r-xp 00015000 103:02 4720960                   /usr/lib/libsystemd.so.0.44.0
7febc989b000-7febc98ea000 r--p 000ee000 103:02 4720960                   /usr/lib/libsystemd.so.0.44.0
7febc98ea000-7febc98f3000 r--p 0013c000 103:02 4720960                   /usr/lib/libsystemd.so.0.44.0
7febc98f3000-7febc98f4000 rw-p 00145000 103:02 4720960                   /usr/lib/libsystemd.so.0.44.0
7febc98f4000-7febc98f5000 rw-p 00000000 00:00 0 
7febc98f5000-7febc98fa000 r--p 00000000 103:02 4780633                   /usr/lib/libpixman-1.so.0.46.4
7febc98fa000-7febc998b000 r-xp 00005000 103:02 4780633                   /usr/lib/libpixman-1.so.0.46.4
7febc998b000-7febc999b000 r--p 00096000 103:02 4780633                   /usr/lib/libpixman-1.so.0.46.4
7febc999b000-7febc99a3000 r--p 000a6000 103:02 4780633                   /usr/lib/libpixman-1.so.0.46.4
7febc99a3000-7febc99a4000 rw-p 000ae000 103:02 4780633                   /usr/lib/libpixman-1.so.0.46.4
7febc99a4000-7febc99aa000 r--p 00000000 103:02 4751845                   /usr/lib/libxcb-render.so.0.0.0
7febc99aa000-7febc99af000 r-xp 00006000 103:02 4751845                   /usr/lib/libxcb-render.so.0.0.0
7febc99af000-7febc99b1000 r--p 0000b000 103:02 4751845                   /usr/lib/libxcb-render.so.0.0.0
7febc99b1000-7febc99b2000 r--p 0000d000 103:02 4751845                   /usr/lib/libxcb-render.so.0.0.0
7febc99b2000-7febc99b3000 rw-p 0000e000 103:02 4751845                   /usr/lib/libxcb-render.so.0.0.0
7febc99b3000-7febc99bf000 r--p 00000000 103:02 4751894                   /usr/lib/libxcb.so.1.1.0
7febc99bf000-7febc99d3000 r-xp 0000c000 103:02 4751894                   /usr/lib/libxcb.so.1.1.0
7febc99d3000-7febc99dc000 r--p 00020000 103:02 4751894                   /usr/lib/libxcb.so.1.1.0
7febc99dc000-7febc99dd000 r--p 00028000 103:02 4751894                   /usr/lib/libxcb.so.1.1.0
7febc99dd000-7febc99de000 rw-p 00029000 103:02 4751894                   /usr/lib/libxcb.so.1.1.0
7febc99de000-7febc99e0000 r--p 00000000 103:02 4843167                   /usr/lib/libXrender.so.1.3.0
7febc99e0000-7febc99e7000 r-xp 00002000 103:02 4843167                   /usr/lib/libXrender.so.1.3.0
7febc99e7000-7febc99e8000 r--p 00009000 103:02 4843167                   /usr/lib/libXrender.so.1.3.0
7febc99e8000-7febc99e9000 r--p 00009000 103:02 4843167                   /usr/lib/libXrender.so.1.3.0
7febc99e9000-7febc99ea000 rw-p 0000a000 103:02 4843167                   /usr/lib/libXrender.so.1.3.0
7febc99ea000-7febc9a01000 r--p 00000000 103:02 4740502                   /usr/lib/libX11.so.6.4.0
7febc9a01000-7febc9a96000 r-xp 00017000 103:02 4740502                   /usr/lib/libX11.so.6.4.0
7febc9a96000-7febc9b25000 r--p 000ac000 103:02 4740502                   /usr/lib/libX11.so.6.4.0
7febc9b25000-7febc9b28000 r--p 0013a000 103:02 4740502                   /usr/lib/libX11.so.6.4.0
7febc9b28000-7febc9b2c000 rw-p 0013d000 103:02 4740502                   /usr/lib/libX11.so.6.4.0
7febc9b2c000-7febc9b32000 r--p 00000000 103:02 4814646                   /usr/lib/libfreetype.so.6.20.6
7febc9b32000-7febc9bca000 r-xp 00006000 103:02 4814646                   /usr/lib/libfreetype.so.6.20.6
7febc9bca000-7febc9bf3000 r--p 0009e000 103:02 4814646                   /usr/lib/libfreetype.so.6.20.6
7febc9bf3000-7febc9bfb000 r--p 000c6000 103:02 4814646                   /usr/lib/libfreetype.so.6.20.6
7febc9bfb000-7febc9bfc000 rw-p 000ce000 103:02 4814646                   /usr/lib/libfreetype.so.6.20.6
7febc9bfc000-7febc9c02000 r--p 00000000 103:02 4812002                   /usr/lib/libpng16.so.16.58.0
7febc9c02000-7febc9c2d000 r-xp 00006000 103:02 4812002                   /usr/lib/libpng16.so.16.58.0
7febc9c2d000-7febc9c37000 r--p 00031000 103:02 4812002                   /usr/lib/libpng16.so.16.58.0
7febc9c37000-7febc9c38000 r--p 0003a000 103:02 4812002                   /usr/lib/libpng16.so.16.58.0
7febc9c38000-7febc9c39000 rw-p 0003b000 103:02 4812002                   /usr/lib/libpng16.so.16.58.0
7febc9c39000-7febc9c3b000 r--p 00000000 103:02 4761906                   /usr/lib/libfribidi.so.0.4.0
7febc9c3b000-7febc9c40000 r-xp 00002000 103:02 4761906                   /usr/lib/libfribidi.so.0.4.0
7febc9c40000-7febc9c57000 r--p 00007000 103:02 4761906                   /usr/lib/libfribidi.so.0.4.0
7febc9c57000-7febc9c58000 r--p 0001d000 103:02 4761906                   /usr/lib/libfribidi.so.0.4.0
7febc9c58000-7febc9c59000 rw-p 0001e000 103:02 4761906                   /usr/lib/libfribidi.so.0.4.0
7febc9c59000-7febc9c8b000 r--p 00000000 103:02 4745344                   /usr/lib/libgio-2.0.so.0.8800.3
7febc9c8b000-7febc9db2000 r-xp 00032000 103:02 4745344                   /usr/lib/libgio-2.0.so.0.8800.3
7febc9db2000-7febc9e2c000 r--p 00159000 103:02 4745344                   /usr/lib/libgio-2.0.so.0.8800.3
7febc9e2c000-7febc9e35000 r--p 001d2000 103:02 4745344                   /usr/lib/libgio-2.0.so.0.8800.3
7febc9e35000-7febc9e36000 rw-p 001db000 103:02 4745344                   /usr/lib/libgio-2.0.so.0.8800.3
7febc9e36000-7febc9e38000 rw-p 00000000 00:00 0 
7febc9e38000-7febc9e3e000 r--p 00000000 103:02 4759013                   /usr/lib/libfontconfig.so.1.17.0
7febc9e3e000-7febc9e73000 r-xp 00006000 103:02 4759013                   /usr/lib/libfontconfig.so.1.17.0
7febc9e73000-7febc9ea9000 r--p 0003b000 103:02 4759013                   /usr/lib/libfontconfig.so.1.17.0
7febc9ea9000-7febc9eb2000 r--p 00071000 103:02 4759013                   /usr/lib/libfontconfig.so.1.17.0
7febc9eb2000-7febc9eb3000 rw-p 0007a000 103:02 4759013                   /usr/lib/libfontconfig.so.1.17.0
7febc9eb3000-7febc9ec0000 r--p 00000000 103:02 4814594                   /usr/lib/libharfbuzz.so.0.61431.0
7febc9ec0000-7febc9fb2000 r-xp 0000d000 103:02 4814594                   /usr/lib/libharfbuzz.so.0.61431.0
7febc9fb2000-7febc9fe6000 r--p 000ff000 103:02 4814594                   /usr/lib/libharfbuzz.so.0.61431.0
7febc9fe6000-7febc9fe8000 r--p 00132000 103:02 4814594                   /usr/lib/libharfbuzz.so.0.61431.0
7febc9fe8000-7febc9fe9000 rw-p 00134000 103:02 4814594                   /usr/lib/libharfbuzz.so.0.61431.0
7febc9fe9000-7febca007000 r--p 00000000 103:02 4748073                   /usr/lib/libglib-2.0.so.0.8800.3
7febca007000-7febca0b5000 r-xp 0001e000 103:02 4748073                   /usr/lib/libglib-2.0.so.0.8800.3
7febca0b5000-7febca149000 r--p 000cc000 103:02 4748073                   /usr/lib/libglib-2.0.so.0.8800.3
7febca149000-7febca14a000 r--p 00160000 103:02 4748073                   /usr/lib/libglib-2.0.so.0.8800.3
7febca14a000-7febca14b000 rw-p 00161000 103:02 4748073                   /usr/lib/libglib-2.0.so.0.8800.3
7febca14b000-7febca14c000 rw-p 00000000 00:00 0 
7febca14c000-7febca158000 r--p 00000000 103:02 4750151                   /usr/lib/libgobject-2.0.so.0.8800.3
7febca158000-7febca191000 r-xp 0000c000 103:02 4750151                   /usr/lib/libgobject-2.0.so.0.8800.3
7febca191000-7febca1ab000 r--p 00045000 103:02 4750151                   /usr/lib/libgobject-2.0.so.0.8800.3
7febca1ab000-7febca1ae000 r--p 0005e000 103:02 4750151                   /usr/lib/libgobject-2.0.so.0.8800.3
7febca1ae000-7febca1af000 rw-p 00061000 103:02 4750151                   /usr/lib/libgobject-2.0.so.0.8800.3
7febca1af000-7febca1bd000 r--p 00000000 103:02 4757736                   /usr/lib/libcairo.so.2.11804.4
7febca1bd000-7febca2b0000 r-xp 0000e000 103:02 4757736                   /usr/lib/libcairo.so.2.11804.4
7febca2b0000-7febca2e5000 r--p 00101000 103:02 4757736                   /usr/lib/libcairo.so.2.11804.4
7febca2e5000-7febca2e9000 r--p 00136000 103:02 4757736                   /usr/lib/libcairo.so.2.11804.4
7febca2e9000-7febca2eb000 rw-p 0013a000 103:02 4757736                   /usr/lib/libcairo.so.2.11804.4
7febca2eb000-7febca2ec000 rw-p 00000000 00:00 0 
7febca2ec000-7febca2fa000 r--p 00000000 103:02 4794787                   /usr/lib/libpango-1.0.so.0.5800.2
7febca2fa000-7febca33a000 r-xp 0000e000 103:02 4794787                   /usr/lib/libpango-1.0.so.0.5800.2
7febca33a000-7febca356000 r--p 0004e000 103:02 4794787                   /usr/lib/libpango-1.0.so.0.5800.2
7febca356000-7febca35a000 r--p 00069000 103:02 4794787                   /usr/lib/libpango-1.0.so.0.5800.2
7febca35a000-7febca35b000 rw-p 0006d000 103:02 4794787                   /usr/lib/libpango-1.0.so.0.5800.2
7febca35b000-7febca36b000 r--p 00000000 00:2f 28158                      /tmp/lwjgl_annihilator/3.3.6+1/x64/libglfw.so
7febca36b000-7febca38c000 r-xp 00010000 00:2f 28158                      /tmp/lwjgl_annihilator/3.3.6+1/x64/libglfw.so
7febca38c000-7febca3c8000 r--p 00031000 00:2f 28158                      /tmp/lwjgl_annihilator/3.3.6+1/x64/libglfw.so
7febca3c8000-7febca3cc000 r--p 0006c000 00:2f 28158                      /tmp/lwjgl_annihilator/3.3.6+1/x64/libglfw.so
7febca3cc000-7febca3cf000 rw-p 00070000 00:2f 28158                      /tmp/lwjgl_annihilator/3.3.6+1/x64/libglfw.so
7febca3cf000-7febca3f2000 rw-p 00000000 00:00 0 
7febca3f2000-7febca3f3000 rw-p 00000000 00:00 0 
7febca3f3000-7febca3f7000 ---p 00000000 00:00 0 
7febca3f7000-7febca7f7000 rw-p 00000000 00:00 0 
7febca7f7000-7febca7fb000 ---p 00000000 00:00 0 
7febca7fb000-7febca8f8000 rw-p 00000000 00:00 0 
7febca8f8000-7febca8fc000 ---p 00000000 00:00 0 
7febca8fc000-7febca9f9000 rw-p 00000000 00:00 0 
7febca9f9000-7febca9fd000 ---p 00000000 00:00 0 
7febca9fd000-7febcaafa000 rw-p 00000000 00:00 0 
7febcaafa000-7febcaafe000 ---p 00000000 00:00 0 
7febcaafe000-7febcabfb000 rw-p 00000000 00:00 0 
7febcabfb000-7febcabff000 ---p 00000000 00:00 0 
7febcabff000-7febcacfc000 rw-p 00000000 00:00 0 
7febcacfc000-7febcad00000 ---p 00000000 00:00 0 
7febcad00000-7febcadfd000 rw-p 00000000 00:00 0 
7febcadfd000-7febcae01000 ---p 00000000 00:00 0 
7febcae01000-7febcaefe000 rw-p 00000000 00:00 0 
7febcaefe000-7febcaf02000 ---p 00000000 00:00 0 
7febcaf02000-7febcafff000 rw-p 00000000 00:00 0 
7febcafff000-7febcb003000 ---p 00000000 00:00 0 
7febcb003000-7febcb100000 rw-p 00000000 00:00 0 
7febcb100000-7febcb104000 ---p 00000000 00:00 0 
7febcb104000-7febcb200000 rw-p 00000000 00:00 0 
7febcb200000-7febcb4ee000 r--p 00000000 103:02 4837164                   /usr/lib/locale/locale-archive
7febcb4ee000-7febcb4f5000 r--s 00000000 103:02 4837165                   /usr/lib/gconv/gconv-modules.cache
7febcb4f5000-7febcb4f6000 rw-p 00000000 00:00 0 
7febcb4f6000-7febcb4fa000 ---p 00000000 00:00 0 
7febcb4fa000-7febcb5f7000 rw-p 00000000 00:00 0 
7febcb5f7000-7febcb5fb000 ---p 00000000 00:00 0 
7febcb5fb000-7febcbbfc000 rw-p 00000000 00:00 0 
7febcbbfc000-7febccdb8000 rw-p 00000000 00:00 0 
7febccdb8000-7febd0000000 ---p 00000000 00:00 0 
7febd0000000-7febd0147000 rw-p 00000000 00:00 0 
7febd0147000-7febd4000000 ---p 00000000 00:00 0 
7febd4000000-7febd4b0b000 rw-p 00000000 00:00 0 
7febd4b0b000-7febd8000000 ---p 00000000 00:00 0 
7febd8000000-7febd8001000 rw-p 00000000 00:00 0 
7febd8003000-7febd8004000 r--p 00000000 103:02 4757711                   /usr/lib/libXau.so.6.0.0
7febd8004000-7febd8005000 r-xp 00001000 103:02 4757711                   /usr/lib/libXau.so.6.0.0
7febd8005000-7febd8006000 r--p 00002000 103:02 4757711                   /usr/lib/libXau.so.6.0.0
7febd8006000-7febd8007000 r--p 00002000 103:02 4757711                   /usr/lib/libXau.so.6.0.0
7febd8007000-7febd8008000 rw-p 00003000 103:02 4757711                   /usr/lib/libXau.so.6.0.0
7febd8008000-7febd800c000 r--p 00000000 103:02 4760928                   /usr/lib/libXext.so.6.4.0
7febd800c000-7febd8017000 r-xp 00004000 103:02 4760928                   /usr/lib/libXext.so.6.4.0
7febd8017000-7febd801a000 r--p 0000f000 103:02 4760928                   /usr/lib/libXext.so.6.4.0
7febd801a000-7febd801b000 r--p 00011000 103:02 4760928                   /usr/lib/libXext.so.6.4.0
7febd801b000-7febd801c000 rw-p 00012000 103:02 4760928                   /usr/lib/libXext.so.6.4.0
7febd801c000-7febd8020000 r--p 00000000 103:02 4755680                   /usr/lib/libxkbcommon.so.0.13.2
7febd8020000-7febd804f000 r-xp 00004000 103:02 4755680                   /usr/lib/libxkbcommon.so.0.13.2
7febd804f000-7febd8078000 r--p 00033000 103:02 4755680                   /usr/lib/libxkbcommon.so.0.13.2
7febd8078000-7febd807a000 r--p 0005b000 103:02 4755680                   /usr/lib/libxkbcommon.so.0.13.2
7febd807a000-7febd807b000 rw-p 0005d000 103:02 4755680                   /usr/lib/libxkbcommon.so.0.13.2
7febd807b000-7febd80a7000 r--p 00000000 00:2f 28110                      /tmp/lwjgl_annihilator/3.3.6+1/x64/liblwjgl.so
7febd80a7000-7febd80db000 r-xp 0002c000 00:2f 28110                      /tmp/lwjgl_annihilator/3.3.6+1/x64/liblwjgl.so
7febd80db000-7febd80f5000 r--p 00060000 00:2f 28110                      /tmp/lwjgl_annihilator/3.3.6+1/x64/liblwjgl.so
7febd80f5000-7febd80f6000 r--p 00079000 00:2f 28110                      /tmp/lwjgl_annihilator/3.3.6+1/x64/liblwjgl.so
7febd80f6000-7febd80f7000 rw-p 0007a000 00:2f 28110                      /tmp/lwjgl_annihilator/3.3.6+1/x64/liblwjgl.so
7febd80f7000-7febdaa00000 rw-p 00000000 00:00 0 
7febdaa01000-7febdaa03000 r--p 00000000 103:02 4761940                   /usr/lib/libdatrie.so.1.4.1
7febdaa03000-7febdaa07000 r-xp 00002000 103:02 4761940                   /usr/lib/libdatrie.so.1.4.1
7febdaa07000-7febdaa08000 r--p 00006000 103:02 4761940                   /usr/lib/libdatrie.so.1.4.1
7febdaa08000-7febdaa09000 r--p 00006000 103:02 4761940                   /usr/lib/libdatrie.so.1.4.1
7febdaa09000-7febdaa0a000 rw-p 00007000 103:02 4761940                   /usr/lib/libdatrie.so.1.4.1
7febdaa0a000-7febdaa18000 r--p 00000000 103:02 4741723                   /usr/lib/libdbus-1.so.3.38.3
7febdaa18000-7febdaa49000 r-xp 0000e000 103:02 4741723                   /usr/lib/libdbus-1.so.3.38.3
7febdaa49000-7febdaa5a000 r--p 0003f000 103:02 4741723                   /usr/lib/libdbus-1.so.3.38.3
7febdaa5a000-7febdaa5c000 r--p 0004f000 103:02 4741723                   /usr/lib/libdbus-1.so.3.38.3
7febdaa5c000-7febdaa5d000 rw-p 00051000 103:02 4741723                   /usr/lib/libdbus-1.so.3.38.3
7febdaa5d000-7febdab5e000 rw-p 00000000 00:00 0 
7febdab5e000-7febdb206000 rw-p 00000000 00:00 0 
7febdb206000-7febde75e000 ---p 00000000 00:00 0 
7febde75e000-7febde84b000 rw-p 00000000 00:00 0 
7febde84b000-7febdeef6000 ---p 00000000 00:00 0 
7febdeef6000-7febdefce000 rw-p 00000000 00:00 0 
7febdefce000-7febdf679000 ---p 00000000 00:00 0 
7febdf679000-7febdf751000 rw-p 00000000 00:00 0 
7febdf751000-7febdfdfc000 ---p 00000000 00:00 0 
7febdfdfc000-7febdfdff000 rw-p 00000000 00:00 0 
7febdfdff000-7febe13ff000 rwxp 00000000 00:00 0 
7febe13ff000-7febe725f000 ---p 00000000 00:00 0 
7febe725f000-7febe78af000 rwxp 00000000 00:00 0 
7febe78af000-7febe79a0000 ---p 00000000 00:00 0 
7febe79a0000-7febe8070000 rwxp 00000000 00:00 0 
7febe8070000-7febeee00000 ---p 00000000 00:00 0 
7febeee00000-7febf7e1c000 r--s 00000000 103:02 7880807                   /usr/lib/jvm/java-26-openjdk/lib/modules
7febf7e1e000-7febf7e20000 r--p 00000000 00:1a 53161                      /dev/shm/716e306c-95b7-4d19-95b4-1c569de03be9 (deleted)
7febf7e20000-7febf7e21000 r--p 00000000 103:02 7880802                   /usr/lib/jvm/java-26-openjdk/lib/libsimdsort.so
7febf7e21000-7febf7e5b000 r-xp 00001000 103:02 7880802                   /usr/lib/jvm/java-26-openjdk/lib/libsimdsort.so
7febf7e5b000-7febf7e61000 r--p 0003b000 103:02 7880802                   /usr/lib/jvm/java-26-openjdk/lib/libsimdsort.so
7febf7e61000-7febf7e62000 r--p 00040000 103:02 7880802                   /usr/lib/jvm/java-26-openjdk/lib/libsimdsort.so
7febf7e62000-7febf7e63000 rw-p 00041000 103:02 7880802                   /usr/lib/jvm/java-26-openjdk/lib/libsimdsort.so
7febf7e63000-7febf7eff000 rw-p 00000000 00:00 0 
7febf7eff000-7febf8000000 rw-p 00000000 00:00 0 
7febf8000000-7febfbff4000 rw-p 00000000 00:00 0 
7febfbff4000-7febfc000000 ---p 00000000 00:00 0 
7febfc001000-7febfc003000 r--p 00000000 103:02 4748283                   /usr/lib/libgmodule-2.0.so.0.8800.3
7febfc003000-7febfc005000 r-xp 00002000 103:02 4748283                   /usr/lib/libgmodule-2.0.so.0.8800.3
7febfc005000-7febfc006000 r--p 00004000 103:02 4748283                   /usr/lib/libgmodule-2.0.so.0.8800.3
7febfc006000-7febfc007000 r--p 00004000 103:02 4748283                   /usr/lib/libgmodule-2.0.so.0.8800.3
7febfc007000-7febfc008000 rw-p 00005000 103:02 4748283                   /usr/lib/libgmodule-2.0.so.0.8800.3
7febfc008000-7febfc00a000 r--p 00000000 103:02 4815120                   /usr/lib/libthai.so.0.3.2
7febfc00a000-7febfc00e000 r-xp 00002000 103:02 4815120                   /usr/lib/libthai.so.0.3.2
7febfc00e000-7febfc011000 r--p 00006000 103:02 4815120                   /usr/lib/libthai.so.0.3.2
7febfc011000-7febfc012000 r--p 00008000 103:02 4815120                   /usr/lib/libthai.so.0.3.2
7febfc012000-7febfc013000 rw-p 00009000 103:02 4815120                   /usr/lib/libthai.so.0.3.2
7febfc013000-7febfc01b000 r--p 00000000 103:02 4815145                   /usr/lib/libpangoft2-1.0.so.0.5800.2
7febfc01b000-7febfc02b000 r-xp 00008000 103:02 4815145                   /usr/lib/libpangoft2-1.0.so.0.5800.2
7febfc02b000-7febfc030000 r--p 00018000 103:02 4815145                   /usr/lib/libpangoft2-1.0.so.0.5800.2
7febfc030000-7febfc031000 r--p 0001d000 103:02 4815145                   /usr/lib/libpangoft2-1.0.so.0.5800.2
7febfc031000-7febfc032000 rw-p 0001e000 103:02 4815145                   /usr/lib/libpangoft2-1.0.so.0.5800.2
7febfc032000-7febfc0b3000 rw-p 00000000 00:00 0 
7febfc0b3000-7febfc0b4000 r--p 00000000 103:02 4751862                   /usr/lib/libxcb-shm.so.0.0.0
7febfc0b4000-7febfc0b5000 r-xp 00001000 103:02 4751862                   /usr/lib/libxcb-shm.so.0.0.0
7febfc0b5000-7febfc0b6000 r--p 00002000 103:02 4751862                   /usr/lib/libxcb-shm.so.0.0.0
7febfc0b6000-7febfc0b7000 r--p 00002000 103:02 4751862                   /usr/lib/libxcb-shm.so.0.0.0
7febfc0b7000-7febfc0b8000 rw-p 00003000 103:02 4751862                   /usr/lib/libxcb-shm.so.0.0.0
7febfc0b8000-7febfc0bd000 r--p 00000000 103:02 4815137                   /usr/lib/libpangocairo-1.0.so.0.5800.2
7febfc0bd000-7febfc0c6000 r-xp 00005000 103:02 4815137                   /usr/lib/libpangocairo-1.0.so.0.5800.2
7febfc0c6000-7febfc0c8000 r--p 0000e000 103:02 4815137                   /usr/lib/libpangocairo-1.0.so.0.5800.2
7febfc0c8000-7febfc0c9000 r--p 00010000 103:02 4815137                   /usr/lib/libpangocairo-1.0.so.0.5800.2
7febfc0c9000-7febfc0ca000 rw-p 00011000 103:02 4815137                   /usr/lib/libpangocairo-1.0.so.0.5800.2
7febfc0ca000-7febfc0ce000 r--p 00000000 103:02 4726011                   /usr/lib/libdecor/plugins-1/libdecor-cairo.so
7febfc0ce000-7febfc0d4000 r-xp 00004000 103:02 4726011                   /usr/lib/libdecor/plugins-1/libdecor-cairo.so
7febfc0d4000-7febfc0d6000 r--p 0000a000 103:02 4726011                   /usr/lib/libdecor/plugins-1/libdecor-cairo.so
7febfc0d6000-7febfc0d9000 r--p 0000b000 103:02 4726011                   /usr/lib/libdecor/plugins-1/libdecor-cairo.so
7febfc0d9000-7febfc0da000 rw-p 0000e000 103:02 4726011                   /usr/lib/libdecor/plugins-1/libdecor-cairo.so
7febfc0da000-7febfc0dd000 r--p 00000000 103:02 4725997                   /usr/lib/libdecor-0.so.0.200.5
7febfc0dd000-7febfc0e0000 r-xp 00003000 103:02 4725997                   /usr/lib/libdecor-0.so.0.200.5
7febfc0e0000-7febfc0e2000 r--p 00006000 103:02 4725997                   /usr/lib/libdecor-0.so.0.200.5
7febfc0e2000-7febfc0e3000 r--p 00007000 103:02 4725997                   /usr/lib/libdecor-0.so.0.200.5
7febfc0e3000-7febfc0e4000 rw-p 00008000 103:02 4725997                   /usr/lib/libdecor-0.so.0.200.5
7febfc0e4000-7febfc0e5000 r--p 00000000 103:02 4818228                   /usr/lib/libwayland-egl.so.1.26.0
7febfc0e5000-7febfc0e6000 r-xp 00001000 103:02 4818228                   /usr/lib/libwayland-egl.so.1.26.0
7febfc0e6000-7febfc0e7000 r--p 00002000 103:02 4818228                   /usr/lib/libwayland-egl.so.1.26.0
7febfc0e7000-7febfc0e8000 r--p 00002000 103:02 4818228                   /usr/lib/libwayland-egl.so.1.26.0
7febfc0e8000-7febfc0e9000 rw-p 00003000 103:02 4818228                   /usr/lib/libwayland-egl.so.1.26.0
7febfc0e9000-7febfc1ea000 rw-p 00000000 00:00 0 
7febfc1ea000-7febfcf05000 rw-p 00000000 00:00 0 
7febfcf05000-7febfcfe0000 ---p 00000000 00:00 0 
7febfcfe0000-7febfd00c000 rw-p 00000000 00:00 0 
7febfd00c000-7febfd0c9000 ---p 00000000 00:00 0 
7febfd0c9000-7febfd0d9000 r--p 00000000 103:02 4722178                   /usr/lib/libm.so.6
7febfd0d9000-7febfd175000 r-xp 00010000 103:02 4722178                   /usr/lib/libm.so.6
7febfd175000-7febfd1fe000 r--p 000ac000 103:02 4722178                   /usr/lib/libm.so.6
7febfd1fe000-7febfd1ff000 r--p 00134000 103:02 4722178                   /usr/lib/libm.so.6
7febfd1ff000-7febfd200000 rw-p 00135000 103:02 4722178                   /usr/lib/libm.so.6
7febfd200000-7febfd29a000 r--p 00000000 103:02 4748526                   /usr/lib/libstdc++.so.6.0.36
7febfd29a000-7febfd41d000 r-xp 0009a000 103:02 4748526                   /usr/lib/libstdc++.so.6.0.36
7febfd41d000-7febfd4bd000 r--p 0021d000 103:02 4748526                   /usr/lib/libstdc++.so.6.0.36
7febfd4bd000-7febfd4ce000 r--p 002bc000 103:02 4748526                   /usr/lib/libstdc++.so.6.0.36
7febfd4ce000-7febfd4cf000 rw-p 002cd000 103:02 4748526                   /usr/lib/libstdc++.so.6.0.36
7febfd4cf000-7febfd4d3000 rw-p 00000000 00:00 0 
7febfd4d4000-7febfd4d5000 r--p 00000000 103:02 4817284                   /usr/lib/libwayland-cursor.so.0.26.0
7febfd4d5000-7febfd4d7000 r-xp 00001000 103:02 4817284                   /usr/lib/libwayland-cursor.so.0.26.0
7febfd4d7000-7febfd4d8000 r--p 00003000 103:02 4817284                   /usr/lib/libwayland-cursor.so.0.26.0
7febfd4d8000-7febfd4d9000 r--p 00003000 103:02 4817284                   /usr/lib/libwayland-cursor.so.0.26.0
7febfd4d9000-7febfd4dd000 rw-p 00004000 103:02 4817284                   /usr/lib/libwayland-cursor.so.0.26.0
7febfd4dd000-7febfd4df000 r--p 00000000 103:02 4780624                   /usr/lib/libffi.so.8.5.0
7febfd4df000-7febfd4e7000 r-xp 00002000 103:02 4780624                   /usr/lib/libffi.so.8.5.0
7febfd4e7000-7febfd4e9000 r--p 0000a000 103:02 4780624                   /usr/lib/libffi.so.8.5.0
7febfd4e9000-7febfd4ea000 r--p 0000b000 103:02 4780624                   /usr/lib/libffi.so.8.5.0
7febfd4ea000-7febfd4eb000 rw-p 0000c000 103:02 4780624                   /usr/lib/libffi.so.8.5.0
7febfd4eb000-7febfd4ee000 r--p 00000000 103:02 4815658                   /usr/lib/libwayland-client.so.0.26.0
7febfd4ee000-7febfd4f5000 r-xp 00003000 103:02 4815658                   /usr/lib/libwayland-client.so.0.26.0
7febfd4f5000-7febfd4f8000 r--p 0000a000 103:02 4815658                   /usr/lib/libwayland-client.so.0.26.0
7febfd4f8000-7febfd4fa000 r--p 0000c000 103:02 4815658                   /usr/lib/libwayland-client.so.0.26.0
7febfd4fa000-7febfd4fb000 rw-p 0000e000 103:02 4815658                   /usr/lib/libwayland-client.so.0.26.0
7febfd4fb000-7febfd4fc000 r--p 00000000 103:02 4722210                   /usr/lib/librt.so.1
7febfd4fc000-7febfd4fd000 r-xp 00001000 103:02 4722210                   /usr/lib/librt.so.1
7febfd4fd000-7febfd4fe000 r--p 00002000 103:02 4722210                   /usr/lib/librt.so.1
7febfd4fe000-7febfd4ff000 r--p 00002000 103:02 4722210                   /usr/lib/librt.so.1
7febfd4ff000-7febfd500000 rw-p 00003000 103:02 4722210                   /usr/lib/librt.so.1
7febfd500000-7febfd504000 ---p 00000000 00:00 0 
7febfd504000-7febfd600000 rw-p 00000000 00:00 0 
7febfd600000-7febfd60e000 r--p 00000000 103:02 7880818                   /usr/lib/jvm/java-26-openjdk/lib/server/libjvm.so
7febfd60e000-7febfe557000 r-xp 0000e000 103:02 7880818                   /usr/lib/jvm/java-26-openjdk/lib/server/libjvm.so
7febfe557000-7febfe79e000 r--p 00f57000 103:02 7880818                   /usr/lib/jvm/java-26-openjdk/lib/server/libjvm.so
7febfe79e000-7febfe890000 r--p 0119d000 103:02 7880818                   /usr/lib/jvm/java-26-openjdk/lib/server/libjvm.so
7febfe890000-7febfe8b1000 rw-p 0128f000 103:02 7880818                   /usr/lib/jvm/java-26-openjdk/lib/server/libjvm.so
7febfe8b1000-7febfe934000 rw-p 00000000 00:00 0 
7febfe934000-7febfe936000 r--p 00000000 00:1a 53161                      /dev/shm/716e306c-95b7-4d19-95b4-1c569de03be9 (deleted)
7febfe936000-7febfe937000 rw-p 00000000 00:00 0 
7febfe937000-7febfe938000 r-xp 0005e000 00:2f 28110                      /tmp/lwjgl_annihilator/3.3.6+1/x64/liblwjgl.so
7febfe938000-7febfe939000 rw-p 00000000 00:00 0 
7febfe939000-7febfe93a000 r--p 00000000 103:02 4722204                   /usr/lib/libpthread.so.0
7febfe93a000-7febfe93b000 r-xp 00001000 103:02 4722204                   /usr/lib/libpthread.so.0
7febfe93b000-7febfe93c000 r--p 00002000 103:02 4722204                   /usr/lib/libpthread.so.0
7febfe93c000-7febfe93d000 r--p 00002000 103:02 4722204                   /usr/lib/libpthread.so.0
7febfe93d000-7febfe93e000 rw-p 00003000 103:02 4722204                   /usr/lib/libpthread.so.0
7febfe93e000-7febfe93f000 r--p 00000000 103:02 4722163                   /usr/lib/libdl.so.2
7febfe93f000-7febfe940000 r-xp 00001000 103:02 4722163                   /usr/lib/libdl.so.2
7febfe940000-7febfe941000 r--p 00002000 103:02 4722163                   /usr/lib/libdl.so.2
7febfe941000-7febfe942000 r--p 00002000 103:02 4722163                   /usr/lib/libdl.so.2
7febfe942000-7febfe943000 rw-p 00003000 103:02 4722163                   /usr/lib/libdl.so.2
7febfe943000-7febfe945000 r--p 00000000 103:02 7880806                   /usr/lib/jvm/java-26-openjdk/lib/libzip.so
7febfe945000-7febfe949000 r-xp 00002000 103:02 7880806                   /usr/lib/jvm/java-26-openjdk/lib/libzip.so
7febfe949000-7febfe94b000 r--p 00006000 103:02 7880806                   /usr/lib/jvm/java-26-openjdk/lib/libzip.so
7febfe94b000-7febfe94c000 r--p 00007000 103:02 7880806                   /usr/lib/jvm/java-26-openjdk/lib/libzip.so
7febfe94c000-7febfe94d000 rw-p 00008000 103:02 7880806                   /usr/lib/jvm/java-26-openjdk/lib/libzip.so
7febfe94d000-7febfe954000 r--p 00000000 103:02 7880797                   /usr/lib/jvm/java-26-openjdk/lib/libnio.so
7febfe954000-7febfe95d000 r-xp 00007000 103:02 7880797                   /usr/lib/jvm/java-26-openjdk/lib/libnio.so
7febfe95d000-7febfe962000 r--p 00010000 103:02 7880797                   /usr/lib/jvm/java-26-openjdk/lib/libnio.so
7febfe962000-7febfe963000 r--p 00014000 103:02 7880797                   /usr/lib/jvm/java-26-openjdk/lib/libnio.so
7febfe963000-7febfe964000 rw-p 00015000 103:02 7880797                   /usr/lib/jvm/java-26-openjdk/lib/libnio.so
7febfe964000-7febfe9b1000 rw-p 00000000 00:00 0 
7febfe9b1000-7febfe9b3000 ---p 00000000 00:00 0 
7febfe9b3000-7febfe9bd000 r--p 00000000 103:02 7880782                   /usr/lib/jvm/java-26-openjdk/lib/libjava.so
7febfe9bd000-7febfe9cb000 r-xp 0000a000 103:02 7880782                   /usr/lib/jvm/java-26-openjdk/lib/libjava.so
7febfe9cb000-7febfe9d0000 r--p 00018000 103:02 7880782                   /usr/lib/jvm/java-26-openjdk/lib/libjava.so
7febfe9d0000-7febfe9d1000 r--p 0001d000 103:02 7880782                   /usr/lib/jvm/java-26-openjdk/lib/libjava.so
7febfe9d1000-7febfe9d2000 rw-p 0001e000 103:02 7880782                   /usr/lib/jvm/java-26-openjdk/lib/libjava.so
7febfe9d2000-7febfe9d3000 rw-p 00000000 00:00 0 
7febfe9d3000-7febfe9d7000 r--p 00000000 103:02 4836834                   /usr/lib/libgcc_s.so.1
7febfe9d7000-7febfe9fa000 r-xp 00004000 103:02 4836834                   /usr/lib/libgcc_s.so.1
7febfe9fa000-7febfe9fe000 r--p 00027000 103:02 4836834                   /usr/lib/libgcc_s.so.1
7febfe9fe000-7febfe9ff000 r--p 0002b000 103:02 4836834                   /usr/lib/libgcc_s.so.1
7febfe9ff000-7febfea00000 rw-p 0002c000 103:02 4836834                   /usr/lib/libgcc_s.so.1
7febfea00000-7febfea24000 r--p 00000000 103:02 4722147                   /usr/lib/libc.so.6
7febfea24000-7febfeb9f000 r-xp 00024000 103:02 4722147                   /usr/lib/libc.so.6
7febfeb9f000-7febfec15000 r--p 0019f000 103:02 4722147                   /usr/lib/libc.so.6
7febfec15000-7febfec19000 r--p 00214000 103:02 4722147                   /usr/lib/libc.so.6
7febfec19000-7febfec1b000 rw-p 00218000 103:02 4722147                   /usr/lib/libc.so.6
7febfec1b000-7febfec23000 rw-p 00000000 00:00 0 
7febfec23000-7febfec25000 r--p 00000000 103:02 7880796                   /usr/lib/jvm/java-26-openjdk/lib/libnet.so
7febfec25000-7febfec2c000 r-xp 00002000 103:02 7880796                   /usr/lib/jvm/java-26-openjdk/lib/libnet.so
7febfec2c000-7febfec2e000 r--p 00009000 103:02 7880796                   /usr/lib/jvm/java-26-openjdk/lib/libnet.so
7febfec2e000-7febfec2f000 r--p 0000a000 103:02 7880796                   /usr/lib/jvm/java-26-openjdk/lib/libnet.so
7febfec2f000-7febfec30000 rw-p 0000b000 103:02 7880796                   /usr/lib/jvm/java-26-openjdk/lib/libnet.so
7febfec30000-7febfec31000 r--p 00000000 103:02 4744044                   /usr/share/locale/en_GB/LC_MESSAGES/libc.mo
7febfec31000-7febfec39000 rw-s 00000000 00:2f 31874                      /tmp/hsperfdata_annihilator/1211178 (deleted)
7febfec39000-7febfec3a000 ---p 00000000 00:00 0 
7febfec3a000-7febfec3b000 r--p 00000000 00:00 0 
7febfec3b000-7febfec3c000 ---p 00000000 00:00 0 
7febfec3c000-7febfec3d000 r--p 00000000 103:02 7880786                   /usr/lib/jvm/java-26-openjdk/lib/libjimage.so
7febfec3d000-7febfec3f000 r-xp 00001000 103:02 7880786                   /usr/lib/jvm/java-26-openjdk/lib/libjimage.so
7febfec3f000-7febfec40000 r--p 00003000 103:02 7880786                   /usr/lib/jvm/java-26-openjdk/lib/libjimage.so
7febfec40000-7febfec41000 r--p 00003000 103:02 7880786                   /usr/lib/jvm/java-26-openjdk/lib/libjimage.so
7febfec41000-7febfec42000 rw-p 00004000 103:02 7880786                   /usr/lib/jvm/java-26-openjdk/lib/libjimage.so
7febfec42000-7febfec44000 rw-p 00000000 00:00 0 
7febfec44000-7febfec47000 r--p 00000000 103:02 4742373                   /usr/lib/libz.so.1.3.2
7febfec47000-7febfec57000 r-xp 00003000 103:02 4742373                   /usr/lib/libz.so.1.3.2
7febfec57000-7febfec5d000 r--p 00013000 103:02 4742373                   /usr/lib/libz.so.1.3.2
7febfec5d000-7febfec5e000 r--p 00018000 103:02 4742373                   /usr/lib/libz.so.1.3.2
7febfec5e000-7febfec5f000 rw-p 00019000 103:02 4742373                   /usr/lib/libz.so.1.3.2
7febfec5f000-7febfec61000 r--p 00000000 103:02 7880787                   /usr/lib/jvm/java-26-openjdk/lib/libjli.so
7febfec61000-7febfec6b000 r-xp 00002000 103:02 7880787                   /usr/lib/jvm/java-26-openjdk/lib/libjli.so
7febfec6b000-7febfec6e000 r--p 0000c000 103:02 7880787                   /usr/lib/jvm/java-26-openjdk/lib/libjli.so
7febfec6e000-7febfec6f000 r--p 0000e000 103:02 7880787                   /usr/lib/jvm/java-26-openjdk/lib/libjli.so
7febfec6f000-7febfec70000 rw-p 0000f000 103:02 7880787                   /usr/lib/jvm/java-26-openjdk/lib/libjli.so
7febfec70000-7febfec71000 r--p 00000000 00:2f 28193                      /tmp/libglxshim.so
7febfec71000-7febfec72000 r-xp 00001000 00:2f 28193                      /tmp/libglxshim.so
7febfec72000-7febfec73000 r--p 00002000 00:2f 28193                      /tmp/libglxshim.so
7febfec73000-7febfec74000 r--p 00002000 00:2f 28193                      /tmp/libglxshim.so
7febfec74000-7febfec75000 rw-p 00003000 00:2f 28193                      /tmp/libglxshim.so
7febfec75000-7febfec77000 rw-p 00000000 00:00 0 
7febfec77000-7febfecb0000 r--p 00000000 103:02 656923                    /etc/ld.so.cache
7febfecb0000-7febfecb4000 r--p 00000000 00:00 0                          [vvar]
7febfecb4000-7febfecb6000 r--p 00000000 00:00 0                          [vvar_vclock]
7febfecb6000-7febfecb8000 r-xp 00000000 00:00 0                          [vdso]
7febfecb8000-7febfecb9000 r--p 00000000 103:02 4722097                   /usr/lib/ld-linux-x86-64.so.2
7febfecb9000-7febfece6000 r-xp 00001000 103:02 4722097                   /usr/lib/ld-linux-x86-64.so.2
7febfece6000-7febfecf5000 r--p 0002e000 103:02 4722097                   /usr/lib/ld-linux-x86-64.so.2
7febfecf5000-7febfecf7000 r--p 0003d000 103:02 4722097                   /usr/lib/ld-linux-x86-64.so.2
7febfecf7000-7febfecf8000 rw-p 0003f000 103:02 4722097                   /usr/lib/ld-linux-x86-64.so.2
7febfecf8000-7febfecf9000 rw-p 00000000 00:00 0 
7ffcfaf70000-7ffcfaf98000 rw-p 00000000 00:00 0                          [stack]
ffffffffff600000-ffffffffff601000 --xp 00000000 00:00 0                  [vsyscall]
Total number of mappings: 1911

JVMTI agents: none


VM Arguments:
jvm_args: -Dnuvio.wayland.libmpv=/home/annihilator/dev/mpv/build/libmpv.so.2 -Dnuvio.wayland.realApp=true -Dnuvio.wayland.videoLog=true -Dorg.lwjgl.util.Debug=false --enable-native-access=ALL-UNNAMED -Dfile.encoding=UTF-8 -Duser.country=GB -Duser.language=en -Duser.variant 
java_command: com.nuvio.wayland.MainKt
java_class_path (initial): /home/annihilator/dev/NuvioDesktop/waylandHost/build/classes/java/main:/home/annihilator/dev/NuvioDesktop/waylandHost/build/classes/kotlin/main:/home/annihilator/dev/NuvioDesktop/waylandHost/build/resources/main:/home/annihilator/dev/NuvioDesktop/composeApp/build/libs/composeApp-desktop.jar:/home/annihilator/dev/NuvioDesktop/vendor/compose-media-player/mediaplayer/build/libs/composeMediaPlayer-jvm-0.11.4-nuvio.jar:/home/annihilator/.gradle/caches/modules-2/files-2.1/com.materialkolor.palette/core-jvm/4.0.0-beta02/e7ea3c09e6205047254ad2601a54c18c5be26906/kmpalette-core-jvm.jar:/home/annihilator/.gradle/caches/modules-2/files-2.1/org.jetbrains.compose.material3/material3-desktop/1.11.0-alpha07/422cb57765628e3959d1e27ac46660593643296b/material3-desktop-1.11.0-alpha07.jar:/home/annihilator/.gradle/caches/modules-2/files-2.1/dev.chrisbanes.haze/haze-jvm/1.7.2/a254162ea3c9ba2eea97a76058da89ac31e50233/haze-jvm.jar:/home/annihilator/.gradle/caches/modules-2/files-2.1/org.jetbrains.compose.components/components-resources-desktop/1.11.1/f4eb52d87f31584dacdb816a26376f39a1802e8a/library-desktop-1.11.1.jar:/home/annihilator/.gradle/caches/modules-2/files-2.1/sh.calvin.reorderable/reorderable-jvm/3.0.0/4032f6ad5422fe507c8acb2257a83ebc806f145e/reorderable-jvm-3.0.0.jar:/home/annihilator/.gradle/caches/modules-2/files-2.1/org.jetbrains.compose.desktop/desktop-jvm/1.11.1/1fee826ff9d1fafd500b57a22facfc0236bc14c7/desktop-jvm-1.11.1.jar:/home/annihilator/.gradle/caches/modules-2/files-2.1/org.jetbrains.androidx.navigation3/navigation3-ui-desktop/1.1.1/ff832586ef5d51d08b604d7a524fd7985b95af2b/navigation3-ui-desktop-1.1.1.jar:/home/annihilator/.gradle/caches/modules-2/files-2.1/org.jetbrains.compose.material/material-desktop/1.11.1/2891a6f3a62dc4c367636a521d1b680a7d6ff6d/material-desktop-1.11.1.jar:/home/annihilator/.gradle/caches/modules-2/files-2.1/org.jetbrains.compose.animation/animation-core-desktop/1.11.1/1bf633ecd1a38a1cf7a41630bc56cba0da9cc25b/animation-core-desktop-1.11.1.jar:/home/annihilator/.gradle/caches/modules-2/files-2.1/org.jetbrains.compose.material/material-ripple-desktop/1.11.1/ae97a5eeb23bc3f461bc3e16e2a9882175405d17/material-ripple-desktop-1.11.1.jar:/home/annihilator/.gradle/caches/modules-2/files-2.1/org.jetbrains.compose.animation/animation-desktop/1.11.1/f873fb28f1a08d45a4dd20a0130b3da8cadf383c/animation-desktop-1.11.1.jar:/home/annihilator/.gradle/caches/modules-2/files-2.1/org.jetbrains.compose.foundation/foundation-layout-desktop/1.11.1/853fc5d01388da6515ce40b719798914012f6469/foundation-layout-desktop-1.11.1.jar:/home/annihilator/.gradle/caches/modules-2/files-2.1/io.coil-kt.coil3/coil-compose-jvm/3.5.0-beta01/8499f43e80509e3fe55e4a90ad7ce6e816b190e4/coil-compose-jvm-3.5.0-beta01.jar:/home/annihilator/.gradle/caches/modules-2/files-2.1/io.coil-kt.coil3/coil-compose-core-jvm/3.5.0-beta01/12f6663116f0946fe3e87c15f573eb52ac6dc2bc/coil-compose-core-jvm-3.5.0-beta01.jar:/home/annihilator/.gradle/caches/modules-2/files-2.1/org.jetbrains.compose.foundation/foundation-desktop/1.11.1/6df316e7af2c0c97f200de289925f62ca8fce53d/foundation-desktop-1.11.1.jar:/home/annihilator/.gradle/caches/modules-2/files-2.1/org.jetbrains.compose.material/material-icons-extended-desktop/1.7.3/c7c5465dd754043076875b32bce0dd7f5a354fe8/material-icons-extended-desktop-1.7.3.jar:/home/annihilator/.gradle/caches/modules-2/files-2.1/org.jetbrains.compose.material/material-icons-core-desktop/1.7.3/414b3096050fe647b0638832eace80f22c06b85c/material-icons-core-desktop-1.7.3.jar:/home/annihilator/.gradle/caches/modules-2/files-2.1/org.jetbrains.compose.ui/ui-unit-desktop/1.11.1/f6c06f98da206d01dc40c1587c6bc4c40cbef623/ui-unit-desktop-1.11.1.jar:/home/annihilator/.gradle/caches/modules-2/files-2.1/org.jetbrains.compose.ui/ui-graphics-desktop/1.11.1/6ea106d02adf29694eedf12fdfb621947d3621bf/ui-graphics-desktop-1.11.1.jar:/home/annihilator/.gradle/caches/modules-2/files-2.1/org.jetbrains.compose.ui/ui-geometry-desktop/1.11.1/5e430152487375359973ac9874653d335dcc220/ui-geometry-desktop-1.11.1.jar:/home/annihilator/.gradle/caches/modules-2/files-2.1/org.jetbrains.compose.ui/ui-backhandler-desktop/1.11.1/bd3540bb1d6abd60c5e58f32663b2f3e89406cd1/ui-backhandler-desktop-1.11.1.jar:/home/annihilator/.gradle/caches/modules-2/files-2.1/org.jetbrains.compose.ui/ui-util-desktop/1.11.1/4302c582878b82ab24e1f34e6e90f967f7b416ed/ui-util-desktop-1.11.1.jar:/home/annihilator/.gradle/caches/modules-2/files-2.1/org.jetbrains.compose.ui/ui-text-desktop/1.11.1/6ded685e2601260d6231c859a849b96ee6c60368/ui-text-desktop-1.11.1.jar:/home/annihilator/.gradle/caches/modules-2/files-2.1/org.jetbrains.compose.ui/ui-tooling-preview-desktop/1.11.1/97ec578d33adc34adcaa63e9af7bb2328c6c29b7/ui-tooling-preview-desktop-1.11.1.jar:/home/annihilator/.gradle/caches/modules-2/files-2.1/com.materialkolor.palette/kmpalette-loader-jvm/4.0.0-beta02/346d1cbf659720dfc1952796e619da44789482f/kmpalette-loader-jvm.jar:/home/annihilator/.gradle/caches/modules-2/files-2.1/org.jetbrains.androidx.navigationevent/navigationevent-compose-desktop/1.0.1/ecaf02060a048a1f82584fe328e4e02fe6f982ad/navigationevent-compose-desktop-1.0.1.jar:/home/annihilator/.gradle/caches/modules-2/files-2.1/org.jetbrains.compose.ui/ui-desktop/1.11.1/24c40c0d60c77a6fb34f930f13bfa4a3ff62c0f/ui-desktop-1.11.1.jar:/home/annihilator/.gradle/caches/modules-2/files-2.1/androidx.navigation3/navigation3-runtime-desktop/1.1.1/f97607fbd9cd1c2a196dbdf2440b6ca78010c08a/navigation3-runtime-desktop-1.1.1.jar:/home/annihilator/.gradle/caches/modules-2/files-2.1/androidx.lifecycle/lifecycle-runtime-desktop/2.11.0-beta01/c2b5e2f7d739375538c2a74757531a30607f85ff/lifecycle-runtime-desktop-2.11.0-beta01.jar:/home/annihilator/.gradle/caches/modules-2/files-2.1/androidx.lifecycle/lifecycle-common-jvm/2.11.0-beta01/41ef287eee7e4befb1308c017df4de89a210490d/lifecycle-common-jvm-2.11.0-beta01.jar:/home/annihilator/.gradle/caches/modules-2/files-2.1/androidx.lifecycle/lifecycle-viewmodel-desktop/2.11.0-beta01/614711da4abf1ece2121521477a5920ed26a7f29/lifecycle-viewmodel-desktop-2.11.0-beta01.jar:/home/annihilator/.gradle/caches/modules-2/files-2.1/androidx.lifecycle/lifecycle-runtime-compose-desktop/2.11.0-beta01/392c6d5cb40bb6d59e3d7070607786b7328009d4/lifecycle-runtime-compose-desktop-2.11.0-beta01.jar:/home/annihilator/.gradle/caches/modules-2/files-2.1/androidx.lifecycle/lifecycle-viewmodel-compose-desktop/2.11.0-beta01/f04e89ec2d915b35cdcd4675591ae3997604173c/lifecycle-viewmodel-compose-desktop-2.11.0-beta01.jar:/home/annihilator/.gradle/caches/modules-2/files-2.1/androidx.lifecycle/lifecycle-viewmodel-savedstate-desktop/2.11.0-beta01/23c86e72183d96b3fff60102dca0de1da5fd4424/lifecycle-viewmodel-savedstate-desktop-2.11.0-beta01.jar:/home/annihilator/.gradle/caches/modules-2/files-2.1/org.jetbrains.androidx.savedstate/savedstate-compose-desktop/1.3.6/63692375ffe667f12cb3ea8aa1e605d659ed2add/savedstate-compose-desktop-1.3.6.jar:/home/annihilator/.gradle/caches/modules-2/files-2.1/androidx.savedstate/savedstate-desktop/1.4.0/3b049a0f81643d6b4b900de95bc23efc085c32d5/savedstate-desktop-1.4.0.jar:/home/annihilator/.gradle/caches/modules-2/files-2.1/androidx.savedstate/savedstate-compose-desktop/1.4.0/d3d6e0e2108528eb6080dc250da925a572be4202/savedstate-compose-desktop-1.4.0.jar:/home/annihilator/.gradle/caches/modules-2/files-2.1/androidx.navigationevent/navigationevent-desktop/1.0.2/ddb1e7fe97ed51c3d35bba493f97fcf12398719/navigationevent-desktop-1.0.2.jar:/home/annihilator/.gradle/caches/modules-2/files-2.1/androidx.compose.runtime/runtime-annotation-jvm/1.11.2/db4aa964627ac96331b72e231b9ad54318d112f4/runtime-annotation-jvm-1.11.2.jar:/home/annihilator/.gradle/caches/modules-2/files-2.1/androidx.compose.runtime/runtime-desktop/1.11.2/e93d95553cdd86c1cb8c02f50260cc1c8e341da8/runtime-desktop-1.11.2.jar:/home/annihilator/.gradle/caches/modules-2/files-2.1/androidx.compose.runtime/runtime-retain-desktop/1.11.2/3aa3ec26ef2a3d26bc556b51b33d09efc1a198e8/runtime-retain-desktop-1.11.2.jar:/home/annihilator/.gradle/caches/modules-2/files-2.1/androidx.compose.runtime/runtime-saveable-desktop/1.11.2/1618fae89791692a224fe7aa79edbd7a8f5b7522/runtime-saveable-desktop-1.11.2.jar:/home/annihilator/.gradle/caches/modules-2/files-2.1/org.jetbrains.compose.runtime/runtime-saveable-desktop/1.11.1/b7c8a8ed985a0f15b4d8d206de1fc6125b499388/runtime-saveable-desktop-1.11.1.jar:/home/annihilator/.gradle/caches/modules-2/files-2.1/org.jetbrains.androidx.lifecycle/lifecycle-runtime-compose-desktop/2.11.0-beta01/e93db8959692f5740745b457135c1ab209a67923/lifecycle-runtime-compose-desktop-2.11.0-beta01.jar:/home/annihilator/.gradle/caches/modules-2/files-2.1/org.jetbrains.androidx.lifecycle/lifecycle-viewmodel-compose-desktop/2.11.0-beta01/25df0b7b86731829cb34805ff8ebb167b198b916/lifecycle-viewmodel-compose-desktop-2.11.0-beta01.jar:/home/annihilator/.gradle/caches/modules-2/files-2.1/org.jetbrains.compose.runtime/runtime-desktop/1.11.1/1941336b045aac4b87cc3be81d9fdb9977c88c61/runtime-desktop-1.11.1.jar:/home/annihilator/.gradle/caches/modules-2/files-2.1/io.coil-kt.coil3/coil-network-ktor3-jvm/3.5.0-beta01/59ee23ce9f237edbad112c94a7cc65dc1939999b/coil-network-ktor3-jvm-3.5.0-beta01.jar:/home/annihilator/.gradle/caches/modules-2/files-2.1/io.coil-kt.coil3/coil-network-cache-control-jvm/3.5.0-beta01/92507c9b531bab9e0c7188af0057a8719c8fee05/coil-network-cache-control-jvm-3.5.0-beta01.jar:/home/annihilator/.gradle/caches/modules-2/files-2.1/io.coil-kt.coil3/coil-svg-jvm/3.5.0-beta01/7998e0f304b0c8c535dfda3ef86cf81faa88a813/coil-svg-jvm-3.5.0-beta01.jar:/home/annihilator/.gradle/caches/modules-2/files-2.1/org.jetbrains.kotlinx/atomicfu-jvm/0.32.1/766417c1430c117100e14af193c4fdbe6034b5e6/atomicfu-jvm-0.32.1.jar:/home/annihilator/.gradle/caches/modules-2/files-2.1/io.github.jan-tennert.supabase/postgrest-kt-jvm/3.4.1/5ce69132306e6aa1fcd959ebdeb502e821e3a47c/postgrest-kt-jvm-3.4.1.jar:/home/annihilator/.gradle/caches/modules-2/files-2.1/io.github.jan-tennert.supabase/functions-kt-jvm/3.4.1/2a6c5a1e77bb1d4895812d7292d8075e34b2fb55/functions-kt-jvm-3.4.1.jar:/home/annihilator/.gradle/caches/modules-2/files-2.1/io.github.jan-tennert.supabase/storage-kt-jvm/3.4.1/4f3eb000d3862395bdd976ab8679841be3029d43/storage-kt-jvm-3.4.1.jar:/home/annihilator/.gradle/caches/modules-2/files-2.1/io.github.jan-tennert.supabase/auth-kt-jvm/3.4.1/91413cc37352dda1f34a180c14f58601b6aa2ea0/auth-kt-jvm-3.4.1.jar:/home/annihilator/.gradle/caches/modules-2/files-2.1/io.ktor/ktor-client-cio-jvm/3.4.1/114327011eeecd416940e2d1be8c9bd5098907de/ktor-client-cio-jvm-3.4.1.jar:/home/annihilator/.gradle/caches/modules-2/files-2.1/io.github.dokar3/quickjs-kt-jvm/1.0.5/c76155aa176760f2ab1966aa61ebd1cc1334dee6/quickjs-jvm.jar:/home/annihilator/.gradle/caches/modules-2/files-2.1/com.fleeksoft.ksoup/ksoup-jvm/0.2.6/61a4f799ea43b8eb31856729500be73975e41a42/ksoup-jvm-0.2.6.jar:/home/annihilator/.gradle/caches/modules-2/files-2.1/org.jetbrains.skiko/skiko-awt-runtime-linux-x64/0.144.6/291f8626a2fecd06e9f585424360560189ab7303/skiko-awt-runtime-linux-x64-0.144.6.jar:/home/annihilator/.gradle/caches/modules-2/files-2.1/org.jetbrains.skiko/skiko-awt/0.144.6/c9bec39e3c517ed5591c71c7db0cbbe64b6be849/skiko-awt-0.144.6.jar:/home/annihilator/.gradle/caches/modules-2/files-2.1/io.github.vinceglb/filekit-core-jvm/0.14.2/2d6248437233553a08f656e1cfdfc3db3df14a13/filekit-core-jvm.jar:/home/annihilator/.gradle/caches/modules-2/files-2.1/io.ktor/ktor-server-cio-jvm/3.4.0/16a50d239963841ae64e8e207f93ae7a5fdd7062/ktor-server-cio-jvm-3.4.0.jar:/home/annihilator/.gradle/caches/modules-2/files-2.1/io.ktor/ktor-server-core-jvm/3.4.0/97aba0f5e3cd539679907382a3f5783b9a563165/ktor-server-core-jvm-3.4.0.jar:/home/annihilator/.gradle/caches/modules-2/files-2.1/org.jetbrains.kotlin/kotlin-reflect/2.3.10/98e0fa43a9204a252fa8806c9b2f3f3131590bcb/kotlin-reflect-2.3.10.jar:/home/annihilator/.gradle/caches/modules-2/files-2.1/com.squareup.okhttp3/okhttp/4.12.0/2f4525d4a200e97e1b87449c2cd9bd2e25b7e8cd/okhttp-4.12.0.jar:/home/annihilator/.gradle/caches/modules-2/files-2.1/org.jetbrains.kotlin/kotlin-stdlib-jdk8/1.9.0/e000bd084353d84c9e888f6fb341dc1f5b79d948/kotlin-stdlib-jdk8-1.9.0.jar:/home/annihilator/.gradle/caches/modules-2/files-2.1/io.github.jan-tennert.supabase/supabase-kt-jvm/3.4.1/4c8df2570087c4424f8c2f3c93d77b2ec4198fd5/supabase-kt-jvm-3.4.1.jar:/home/annihilator/.gradle/caches/modules-2/files-2.1/org.jetbrains.kotlinx/kotlinx-datetime-jvm/0.8.0/316346a7d44778581ff91154f72dfa576bce4ee2/kotlinx-datetime-jvm-0.8.0.jar:/home/annihilator/.gradle/caches/modules-2/files-2.1/androidx.graphics/graphics-shapes-desktop/1.1.0/a5d2198960bdc0915f74c6b2954d3323f35f40ea/graphics-shapes-desktop-1.1.0.jar:/home/annihilator/.gradle/caches/modules-2/files-2.1/androidx.collection/collection-jvm/1.5.0/7ba2c69414d46ebc2dd76598bdd0a75c54281a57/collection-jvm-1.5.0.jar:/home/annihilator/.gradle/caches/modules-2/files-2.1/io.coil-kt.coil3/coil-jvm/3.5.0-beta01/b0061205e37fc17ba27f52ba1ee42f2be1de31d3/coil-jvm-3.5.0-beta01.jar:/home/annihilator/.gradle/caches/modules-2/files-2.1/io.coil-kt.coil3/coil-network-core-jvm/3.5.0-beta01/27fa35b4c8e4fbcc99126099eba9600a1e8e5a56/coil-network-core-jvm-3.5.0-beta01.jar:/home/annihilator/.gradle/caches/modules-2/files-2.1/io.coil-kt.coil3/coil-core-jvm/3.5.0-beta01/a1cca49cdadfc07533b35de91d266adda8af9df8/coil-core-jvm-3.5.0-beta01.jar:/home/annihilator/.gradle/caches/modules-2/files-2.1/com.materialkolor.palette/androidx-palette-jvm/4.0.0-beta02/8635f5e4c28acd813bc78a044d6f1492de7c575/androidx-palette-jvm.jar:/home/annihilator/.gradle/caches/modules-2/files-2.1/dev.drewhamilton.poko/poko-annotations-jvm/0.21.3/1e98d2ec00742104bd01eaebbd59582dac99a62/poko-annotations-jvm-0.21.3.jar:/home/annihilator/.gradle/caches/modules-2/files-2.1/com.russhwolf/multiplatform-settings-no-arg-jvm/1.3.0/b9d2280a0d56597619afb286d7c5f697f2e83f03/multiplatform-settings-no-arg-jvm-1.3.0.jar:/home/annihilator/.gradle/caches/modules-2/files-2.1/com.russhwolf/multiplatform-settings-coroutines-jvm/1.3.0/c64a7df35357b1e8fa74b830d006d2ea23fcb395/multiplatform-settings-coroutines-jvm-1.3.0.jar:/home/annihilator/.gradle/caches/modules-2/files-2.1/dev.whyoleg.cryptography/cryptography-provider-jdk-jvm/0.5.0/3a2721ac930c182a0e424f2d558cfa9d52cc1b3/cryptography-provider-jdk-jvm-0.5.0.jar:/home/annihilator/.gradle/caches/modules-2/files-2.1/dev.whyoleg.cryptography/cryptography-provider-base-jvm/0.5.0/e03b79926494512ac452ca00cfa5e27135262d32/cryptography-provider-base-jvm-0.5.0.jar:/home/annihilator/.gradle/caches/modules-2/files-2.1/dev.whyoleg.cryptography/cryptography-serialization-asn1-modules-jvm/0.5.0/9308027088c76026a5b96f5b5b400859310ca1af/cryptography-serialization-asn1-modules-jvm-0.5.0.jar:/home/annihilator/.gradle/caches/modules-2/files-2.1/dev.whyoleg.cryptography/cryptography-serialization-asn1-jvm/0.5.0/242a38b98c1dd201f499485925f22c972858c153/cryptography-serialization-asn1-jvm-0.5.0.jar:/home/annihilator/.gradle/caches/modules-2/files-2.1/dev.whyoleg.cryptography/cryptography-bigint-jvm/0.5.0/97ac3202bf7f3792b3c8bc788a7bbb1b33ca2485/cryptography-bigint-jvm-0.5.0.jar:/home/annihilator/.gradle/caches/modules-2/files-2.1/dev.whyoleg.cryptography/cryptography-random-jvm/0.5.0/8e77668891b60f6058f1262e032d8b06d137bdde/cryptography-random-jvm-0.5.0.jar:/home/annihilator/.gradle/caches/modules-2/files-2.1/dev.whyoleg.cryptography/cryptography-serialization-pem-jvm/0.5.0/7b5cb41c77698e6fb3fab21e67bf7b9e988e11a2/cryptography-serialization-pem-jvm-0.5.0.jar:/home/annihilator/.gradle/caches/modules-2/files-2.1/dev.whyoleg.cryptography/cryptography-provider-optimal-jvm/0.5.0/f0ff9daaf78932f6348ee90d014ca4c78337971b/cryptography-provider-optimal-jvm-0.5.0.jar:/home/annihilator/.gradle/caches/modules-2/files-2.1/dev.whyoleg.cryptography/cryptography-core-jvm/0.5.0/d0fc25786ede38c33893236eacc3d6ab11d2ad10/cryptography-core-jvm-0.5.0.jar:/home/annihilator/.gradle/caches/modules-2/files-2.1/io.ktor/ktor-client-content-negotiation-jvm/3.4.0/266c1aef9d340c22cd859dd5c9174c2e1d86489f/ktor-client-content-negotiation-jvm-3.4.0.jar:/home/annihilator/.gradle/caches/modules-2/files-2.1/io.ktor/ktor-client-core-jvm/3.4.1/84dc032a29f56bdac73449f78a0a2e7f9cab042/ktor-client-core-jvm-3.4.1.jar:/home/annihilator/.gradle/caches/modules-2/files-2.1/io.ktor/ktor-http-cio-jvm/3.4.1/3bd25f53a79a1f68eaec86ae9da4878314cc80af/ktor-http-cio-jvm-3.4.1.jar:/home/annihilator/.gradle/caches/modules-2/files-2.1/io.ktor/ktor-websocket-serialization-jvm/3.4.1/3a687a268f242dab9b624b78d3daeb646aeed5cb/ktor-websocket-serialization-jvm-3.4.1.jar:/home/annihilator/.gradle/caches/modules-2/files-2.1/io.ktor/ktor-serialization-kotlinx-json-jvm/3.4.0/2a09f17d70b6e61623fd8aff9bdce6d7877892/ktor-serialization-kotlinx-json-jvm-3.4.0.jar:/home/annihilator/.gradle/caches/modules-2/files-2.1/io.ktor/ktor-serialization-kotlinx-jvm/3.4.0/d001db47b2ebe8ad8b2cb1bb2a687688840f5887/ktor-serialization-kotlinx-jvm-3.4.0.jar:/home/annihilator/.gradle/caches/modules-2/files-2.1/io.ktor/ktor-serialization-jvm/3.4.1/6fec7fdb4da27d09ff33a34e6e990b215f7c19c4/ktor-serialization-jvm-3.4.1.jar:/home/annihilator/.gradle/caches/modules-2/files-2.1/io.ktor/ktor-websockets-jvm/3.4.1/83226f3612bffab4d0af0d26f9e4d6b7d2e02a58/ktor-websockets-jvm-3.4.1.jar:/home/annihilator/.gradle/caches/modules-2/files-2.1/io.ktor/ktor-network-tls-jvm/3.4.1/8d17de5904253b073b44499a3e67ba99ca2ca8f6/ktor-network-tls-jvm-3.4.1.jar:/home/annihilator/.gradle/caches/modules-2/files-2.1/com.fleeksoft.charset/charset-jvm/0.0.8/b6fcd5cc804844347929a83c56f1fdd854c9ce66/charset-jvm-0.0.8.jar:/home/annihilator/.gradle/caches/modules-2/files-2.1/com.fleeksoft.io/io-core-jvm/0.0.8/78517ce1ff4c2ccbb8b91b9f1549c6e7a0ae1044/io-core-jvm-0.0.8.jar:/home/annihilator/.gradle/caches/modules-2/files-2.1/co.touchlab/stately-concurrency-jvm/2.1.0/6285428408c4d7e4a6d9a09511de877103effd81/stately-concurrency-jvm-2.1.0.jar:/home/annihilator/.gradle/caches/modules-2/files-2.1/org.jetbrains.kotlin/kotlin-stdlib-jdk7/1.9.0/f320478990d05e0cfaadd74f9619fd6027adbf37/kotlin-stdlib-jdk7-1.9.0.jar:/home/annihilator/.gradle/caches/modules-2/files-2.1/org.jetbrains.kotlinx/kotlinx-coroutines-slf4j/1.11.0/556153d93573d016dd4e5df37e3d03d07d8d303/kotlinx-coroutines-slf4j-1.11.0.jar:/home/annihilator/.gradle/caches/modules-2/files-2.1/org.jetbrains.kotlinx/kotlinx-coroutines-swing/1.11.0/3cf134b8aefd813622edc37e60d66b939b55cb36/kotlinx-coroutines-swing-1.11.0.jar:/home/annihilator/.gradle/caches/modules-2/files-2.1/io.ktor/ktor-http-jvm/3.4.1/6605b91c8f06bb6f67e2ec13b8ccea7926f4a526/ktor-http-jvm-3.4.1.jar:/home/annihilator/.gradle/caches/modules-2/files-2.1/io.ktor/ktor-events-jvm/3.4.1/c7aa6bd43fcaf3da2f57a5417b1df66814ec2577/ktor-events-jvm-3.4.1.jar:/home/annihilator/.gradle/caches/modules-2/files-2.1/io.ktor/ktor-sse-jvm/3.4.1/f95e6419c5bb24bed7c718dbff8b292a90db881e/ktor-sse-jvm-3.4.1.jar:/home/annihilator/.gradle/caches/modules-2/files-2.1/io.ktor/ktor-network-jvm/3.4.1/a3b710fabdc38031ff0fb96eaee2a6ddf5ada9c6/ktor-network-jvm-3.4.1.jar:/home/annihilator/.gradle/caches/modules-2/files-2.1/io.ktor/ktor-utils-jvm/3.4.1/f1ad623952ea49c631db750560228e3984790e48/ktor-utils-jvm-3.4.1.jar:/home/annihilator/.gradle/caches/modules-2/files-2.1/io.ktor/ktor-io-jvm/3.4.1/fccd4e08dde189d82ae9a3f5fdbbf152ccd3a9c8/ktor-io-jvm-3.4.1.jar:/home/annihilator/.gradle/caches/modules-2/files-2.1/org.jetbrains.kotlinx/kotlinx-coroutines-core-jvm/1.11.0/3d57dc678bd8d72a60e7adf0eca5c54e3f4f4b79/kotlinx-coroutines-core-jvm-1.11.0.jar:/home/annihilator/.gradle/caches/modules-2/files-2.1/org.jetbrains.kotlinx/kotlinx-serialization-json-io-jvm/1.11.0/645ed54ca9128fc217b30b3686a083141ebe635c/kotlinx-serialization-json-io-jvm-1.11.0.jar:/home/annihilator/.gradle/caches/modules-2/files-2.1/org.jetbrains.kotlinx/kotlinx-serialization-json-jvm/1.11.0/e7e045e99e56f07599bb9ccb708c2190e2af0606/kotlinx-serialization-json-jvm-1.11.0.jar:/home/annihilator/.gradle/caches/modules-2/files-2.1/org.jetbrains.kotlinx/kotlinx-serialization-core-jvm/1.11.0/c1905c9bf7452b045d5af9248835abe64ddad6bf/kotlinx-serialization-core-jvm-1.11.0.jar:/home/annihilator/.gradle/caches/modules-2/files-2.1/androidx.arch.core/core-common/2.2.0/5e1b8b81dfd5f52c56a8d53b18ca759c19a301f3/core-common-2.2.0.jar:/home/annihilator/.gradle/caches/modules-2/files-2.1/androidx.annotation/annotation-jvm/1.10.0/388cfaa79001d0f024d28f6a13d5a3dfc2f0e18f/annotation-jvm-1.10.0.jar:/home/annihilator/.gradle/caches/modules-2/files-2.1/org.jetbrains.kotlinx/kotlinx-io-core-jvm/0.9.0/7f7536f8f057ffc7f79375714e9730c4b8bdd7c9/kotlinx-io-core-jvm-0.9.0.jar:/home/annihilator/.gradle/caches/modules-2/files-2.1/com.squareup.okio/okio-jvm/3.17.0/a12d684ec0df9541b3869ae60a4a5257fd3613df/okio-jvm-3.17.0.jar:/home/annihilator/.gradle/caches/modules-2/files-2.1/co.touchlab/kermit-jvm/2.0.8/83ee3b1da12d91011c3e93558f97bc28665810de/kermit-jvm-2.0.8.jar:/home/annihilator/.gradle/caches/modules-2/files-2.1/org.jetbrains.kotlinx/kotlinx-collections-immutable-jvm/0.4.0/82499bf608b0fc3ae6737a5eac1a1f1325279bbf/kotlinx-collections-immutable-jvm-0.4.0.jar:/home/annihilator/.gradle/caches/modules-2/files-2.1/com.russhwolf/multiplatform-settings-jvm/1.3.0/76fe39b1cbb2b2b951ec230ab85e610ae179aab7/multiplatform-settings-jvm-1.3.0.jar:/home/annihilator/.gradle/caches/modules-2/files-2.1/co.touchlab/stately-strict-jvm/2.1.0/3ae8369209065455f4630793bf6aca0fb88c8b6b/stately-strict-jvm-2.1.0.jar:/home/annihilator/.gradle/caches/modules-2/files-2.1/org.jetbrains.kotlinx/kotlinx-io-bytestring-jvm/0.9.0/e73a7915234a8ea7954f32b715ef8e42b02f66a3/kotlinx-io-bytestring-jvm-0.9.0.jar:/home/annihilator/.gradle/caches/modules-2/files-2.1/co.touchlab/kermit-core-jvm/2.0.8/7d782124fef2b0c4dccf07208e1cf3aa13b57058/kermit-core-jvm-2.0.8.jar:/home/annihilator/.gradle/caches/modules-2/files-2.1/org.jetbrains.kotlin/kotlin-stdlib/2.4.0/4e9f4b531dce5c7dee58ed2de9a8b9a763c8dc6c/kotlin-stdlib-2.4.0.jar:/home/annihilator/.gradle/caches/modules-2/files-2.1/org.lwjgl/lwjgl-glfw/3.3.6/7119f7d0eeb1e5502ff0ca71d2b4d47317da015/lwjgl-glfw-3.3.6.jar:/home/annihilator/.gradle/caches/modules-2/files-2.1/org.lwjgl/lwjgl-glfw/3.3.6/797e0965709ad180d9b00c88a086dbda15002203/lwjgl-glfw-3.3.6-natives-linux.jar:/home/annihilator/.gradle/caches/modules-2/files-2.1/org.lwjgl/lwjgl-opengl/3.3.6/ac2532612a4df374e9a9282bcf8ce2573018ebbb/lwjgl-opengl-3.3.6.jar:/home/annihilator/.gradle/caches/modules-2/files-2.1/org.lwjgl/lwjgl-opengl/3.3.6/b8dc6467fe232d552793c53dc56f9fa8a385299c/lwjgl-opengl-3.3.6-natives-linux.jar:/home/annihilator/.gradle/caches/modules-2/files-2.1/org.lwjgl/lwjgl/3.3.6/ce7721d30cfaf47feaed10213e0c43eb55c49d68/lwjgl-3.3.6.jar:/home/annihilator/.gradle/caches/modules-2/files-2.1/org.lwjgl/lwjgl/3.3.6/dc7db8fc4f1e6563867f9155b9a42d9c73d8992f/lwjgl-3.3.6-natives-linux.jar:/home/annihilator/.gradle/caches/modules-2/files-2.1/org.jetbrains/annotations/23.0.0/8cc20c07506ec18e0834947b84a864bfc094484e/annotations-23.0.0.jar:/home/annihilator/.gradle/caches/modules-2/files-2.1/io.sentry/sentry/8.52.0/b26a1b9181c78835078956c352f20cecd459e7a6/sentry-8.52.0.jar:/home/annihilator/.gradle/caches/modules-2/files-2.1/org.jetbrains.runtime/jbr-api/1.9.0/2bc161f5472b5fd5610740e4d6ebe896c811cb0e/jbr-api-1.9.0.jar:/home/annihilator/.gradle/caches/modules-2/files-2.1/org.slf4j/slf4j-api/2.0.17/d9e58ac9c7779ba3bf8142aff6c830617a7fe60f/slf4j-api-2.0.17.jar:/home/annihilator/.gradle/caches/modules-2/files-2.1/net.java.dev.jna/jna-platform/5.19.1/d1e54d9231da5ca3fa730d52960deaa555475468/jna-platform-5.19.1.jar:/home/annihilator/.gradle/caches/modules-2/files-2.1/com.typesafe/config/1.4.5/cc25b497ded7068a861517a815546fb472f9e58/config-1.4.5.jar:/home/annihilator/.gradle/caches/modules-2/files-2.1/org.fusesource.jansi/jansi/2.4.2/ba7387c31622c6650b83edba1bbb115f1fe462ba/jansi-2.4.2.jar:/home/annihilator/.gradle/caches/modules-2/files-2.1/net.java.dev.jna/jna/5.19.1/ca303052cd617c1af2e2c8d344c98a706fb63143/jna-5.19.1.jar:/home/annihilator/.gradle/caches/modules-2/files-2.1/org.jspecify/jspecify/1.0.0/7425a601c1c7ec76645a78d22b8c6a627edee507/jspecify-1.0.0.jar
Launcher Type: SUN_STANDARD

[Global flags]
     bool AOTAdapterCaching                        = false                                  {diagnostic} {ergonomic}
     bool AOTInvokeDynamicLinking                  = false                                  {diagnostic} {ergonomic}
     bool AOTRecordTraining                        = false                                  {diagnostic} {ergonomic}
     bool AOTReplayTraining                        = false                                  {diagnostic} {ergonomic}
     bool AOTStubCaching                           = false                                  {diagnostic} {ergonomic}
     intx CICompilerCount                          = 12                                        {product} {ergonomic}
     uint ConcGCThreads                            = 3                                         {product} {ergonomic}
     uint G1ConcRefinementThreads                  = 13                                        {product} {ergonomic}
     uint G1EagerReclaimRemSetThreshold            = 16                                   {experimental} {ergonomic}
   size_t G1HeapRegionSize                         = 2097152                                   {product} {ergonomic}
     uint G1RemSetArrayOfCardsEntries              = 16                                   {experimental} {ergonomic}
     uint G1RemSetHowlMaxNumBuckets                = 8                                    {experimental} {ergonomic}
     uint G1RemSetHowlNumBuckets                   = 8                                    {experimental} {ergonomic}
   size_t InitialHeapSize                          = 8388608                                   {product} {ergonomic}
     bool IntelJccErratumMitigation                = false                             {ARCH diagnostic} {ergonomic}
   size_t MarkStackSize                            = 4194304                                   {product} {ergonomic}
   size_t MarkStackSizeMax                         = 536870912                                 {product} {ergonomic}
   size_t MaxHeapSize                              = 4032823296                                {product} {ergonomic}
   size_t MaxNewSize                               = 2418016256                                {product} {ergonomic}
 uint64_t MaxRAM                                   = 16128925696                               {product} {ergonomic}
   size_t MinHeapDeltaBytes                        = 2097152                                   {product} {ergonomic}
   size_t MinHeapSize                              = 8388608                                   {product} {ergonomic}
   size_t NonNMethodCodeHeapSize                   = 7606272                                {pd product} {ergonomic}
   size_t NonProfiledCodeHeapSize                  = 122028032                              {pd product} {ergonomic}
   size_t ProfiledCodeHeapSize                     = 122028032                              {pd product} {ergonomic}
   size_t ReservedCodeCacheSize                    = 251662336                              {pd product} {ergonomic}
     bool SegmentedCodeCache                       = true                                      {product} {ergonomic}
   size_t SoftMaxHeapSize                          = 4032823296                             {manageable} {ergonomic}
     bool UseCompressedOops                        = true                           {product lp64_product} {ergonomic}
     bool UseCondCardMark                          = true                                      {product} {ergonomic}
     bool UseFastUnorderedTimeStamps               = true                                 {experimental} {ergonomic}
     bool UseG1GC                                  = true                                      {product} {ergonomic}
      int X86ICacheSync                            = 3                                 {ARCH diagnostic} {ergonomic}

Logging:
Log output configuration:
 #0: 
[error occurred during error reporting (printing log configuration), id 0xb, SIGSEGV (0xb) at pc=0x00007febfdf9b718]
Release file:
IMPLEMENTOR="Arch Linux"
JAVA_RUNTIME_VERSION="26.0.2.1"
JAVA_VERSION="26.0.2.1"
JAVA_VERSION_DATE="2026-08-18"
LIBC="gnu"
MODULES="java.base java.compiler java.datatransfer java.xml java.prefs java.desktop java.instrument java.logging java.management java.security.sasl java.naming java.rmi java.management.rmi java.net.http java.scripting java.security.jgss java.transaction.xa java.sql java.sql.rowset java.xml.crypto java.se java.smartcardio jdk.accessibility jdk.internal.jvmstat jdk.attach jdk.charsets jdk.internal.opt jdk.zipfs jdk.compiler jdk.crypto.cryptoki jdk.crypto.ec jdk.dynalink jdk.internal.ed jdk.editpad jdk.internal.vm.ci jdk.graal.compiler jdk.graal.compiler.management jdk.hotspot.agent jdk.httpserver jdk.incubator.vector jdk.internal.le jdk.internal.md jdk.jartool jdk.javadoc jdk.jcmd jdk.management jdk.management.agent jdk.jconsole jdk.jdeps jdk.jdwp.agent jdk.jdi jdk.jfr jdk.jlink jdk.jpackage jdk.jshell jdk.jstatd jdk.localedata jdk.management.jfr jdk.naming.dns jdk.naming.rmi jdk.net jdk.nio.mapmode jdk.sctp jdk.security.auth jdk.security.jgss jdk.unsupported jdk.unsupported.desktop jdk.xml.dom"
OS_ARCH="x86_64"
OS_NAME="Linux"
SOURCE=""

Environment Variables:
PATH=/home/annihilator/.local/bin:/home/annihilator/bin:/home/annihilator/.cargo/bin:/home/annihilator/.npm-global/bin:/home/annihilator/.local/share/solana/install/active_release/bin:/usr/local/sbin:/usr/local/bin:/usr/bin:/opt/cuda/bin:/var/lib/flatpak/exports/bin:/usr/lib/jvm/default/bin:/usr/bin/site_perl:/usr/bin/vendor_perl:/usr/bin/core_perl:/opt/rocm/bin:/home/annihilator/.config/Claude/local-agent-mode-sessions/f30d0a67-fea7-4d47-acce-d7da1f075d93/3f6e0ddc-f963-4a28-bb3d-52c35a96b68e/rpm/plugin_0155zZVATbJU3jHUmPP9NvMC/bin:/home/annihilator/.config/Claude/local-agent-mode-sessions/skills-plugin/3f6e0ddc-f963-4a28-bb3d-52c35a96b68e/f30d0a67-fea7-4d47-acce-d7da1f075d93/bin
LD_PRELOAD=/tmp/libglxshim.so
SHELL=/bin/zsh
DISPLAY=:0
WAYLAND_DISPLAY=wayland-1
LANG=en_GB.UTF-8

Active Locale:
LC_ALL=LC_CTYPE=en_GB.UTF-8;LC_NUMERIC=C;LC_TIME=en_GB.UTF-8;LC_COLLATE=en_GB.UTF-8;LC_MONETARY=en_GB.UTF-8;LC_MESSAGES=en_GB.UTF-8;LC_PAPER=en_GB.UTF-8;LC_NAME=en_GB.UTF-8;LC_ADDRESS=en_GB.UTF-8;LC_TELEPHONE=en_GB.UTF-8;LC_MEASUREMENT=en_GB.UTF-8;LC_IDENTIFICATION=en_GB.UTF-8
LC_COLLATE=en_GB.UTF-8
LC_CTYPE=en_GB.UTF-8
LC_MESSAGES=en_GB.UTF-8
LC_MONETARY=en_GB.UTF-8
LC_NUMERIC=C
LC_TIME=en_GB.UTF-8

Signal Handlers:
   SIGSEGV: 0x00007febfe480b00 in libjvm.so+15207168, mask=11100100010111111101111111111110, flags=SA_RESTART|SA_SIGINFO, unblocked
    SIGBUS: 0x00007febfe480b00 in libjvm.so+15207168, mask=11100100010111111101111111111110, flags=SA_RESTART|SA_SIGINFO, unblocked
    SIGFPE: 0x00007febfe480b00 in libjvm.so+15207168, mask=11100100010111111101111111111110, flags=SA_RESTART|SA_SIGINFO, unblocked
   SIGPIPE: 0x00007febfe2de900 in libjvm.so+13494528, mask=11100100010111111101111111111110, flags=SA_RESTART|SA_SIGINFO, blocked
   SIGXFSZ: 0x00007febfe2de900 in libjvm.so+13494528, mask=11100100010111111101111111111110, flags=SA_RESTART|SA_SIGINFO, blocked
    SIGILL: 0x00007febfe480b00 in libjvm.so+15207168, mask=11100100010111111101111111111110, flags=SA_RESTART|SA_SIGINFO, unblocked
   SIGUSR2: 0x00007febfe2e15b0 in libjvm.so+13505968, mask=00000000000000000000000000000000, flags=SA_RESTART|SA_SIGINFO, blocked
  *** Handler was modified!
  *** Expected: 0x00007febf87fa240, mask=00010011000000000000000000011111, flags=SA_RESTART|SA_SIGINFO
    SIGHUP: 0x00007febfe2dc810 in libjvm.so+13486096, mask=11100100010111111101111111111110, flags=SA_RESTART|SA_SIGINFO, blocked
    SIGINT: 0x00007febfe2dc810 in libjvm.so+13486096, mask=11100100010111111101111111111110, flags=SA_RESTART|SA_SIGINFO, blocked
   SIGTERM: 0x00007febfe2dc810 in libjvm.so+13486096, mask=11100100010111111101111111111110, flags=SA_RESTART|SA_SIGINFO, blocked
   SIGQUIT: 0x00007febfe2dc810 in libjvm.so+13486096, mask=11100100010111111101111111111110, flags=SA_RESTART|SA_SIGINFO, blocked
   SIGTRAP: 0x00007febfe480b00 in libjvm.so+15207168, mask=11100100010111111101111111111110, flags=SA_RESTART|SA_SIGINFO, unblocked

Compilation memory statistics disabled.

Periodic native trim disabled

---------------  S Y S T E M  ---------------

OS:
DISTRIB_ID="Arch"
DISTRIB_RELEASE="rolling"
DISTRIB_DESCRIPTION="Arch Linux"
uname: Linux 7.1.9-arch1-2 #1 SMP PREEMPT_DYNAMIC Fri, 21 Aug 2026 22:18:59 +0000 x86_64
OS uptime: 0 days 14:11 hours
libc: glibc 2.44 NPTL 2.44 
rlimit (soft/hard): STACK 8192k/infinity , CORE infinity/infinity , NPROC 60477/60477 , NOFILE 524288/524288 , AS infinity/infinity , CPU infinity/infinity , DATA infinity/infinity , FSIZE infinity/infinity , MEMLOCK 8192k/8192k
load average: 2.69 2.75 2.48

/proc/meminfo:
MemTotal:       15750904 kB
MemFree:          414344 kB
MemAvailable:    1270488 kB
Buffers:           26832 kB
Cached:          1409344 kB
SwapCached:      1509308 kB
Active:          5944296 kB
Inactive:        5764360 kB
Active(anon):    5498920 kB
Inactive(anon):  5197608 kB
Active(file):     445376 kB
Inactive(file):   566752 kB
Unevictable:      516340 kB
Mlocked:            2652 kB
SwapTotal:      24652280 kB
SwapFree:       17078916 kB
Zswap:                 0 kB
Zswapped:              0 kB
Dirty:              1320 kB
Writeback:             0 kB
AnonPages:      10782356 kB
Mapped:           772276 kB
Shmem:             60164 kB
KReclaimable:     176524 kB
Slab:             462256 kB
SReclaimable:     176524 kB
SUnreclaim:       285732 kB
KernelStack:       32680 kB
PageTables:        99296 kB
SecPageTables:      2264 kB
NFS_Unstable:          0 kB
Bounce:                0 kB
WritebackTmp:          0 kB
CommitLimit:    32527732 kB
Committed_AS:   33815716 kB
VmallocTotal:   34359738367 kB
VmallocUsed:      199480 kB
VmallocChunk:          0 kB
Percpu:            11328 kB
HardwareCorrupted:     0 kB
AnonHugePages:   1169408 kB
ShmemHugePages:        0 kB
ShmemPmdMapped:        0 kB
FileHugePages:    118784 kB
FilePmdMapped:    112640 kB
CmaTotal:              0 kB
CmaFree:               0 kB
Unaccepted:            0 kB
Balloon:               0 kB
GPUActive:         77136 kB
GPUReclaim:        27536 kB
HugePages_Total:       0
HugePages_Free:        0
HugePages_Rsvd:        0
HugePages_Surp:        0
Hugepagesize:       2048 kB
Hugetlb:               0 kB
DirectMap4k:     9069272 kB
DirectMap2M:     7086080 kB
DirectMap1G:           0 kB

/sys/kernel/mm/transparent_hugepage/enabled: [always] madvise never
/sys/kernel/mm/transparent_hugepage/hpage_pmd_size: 2097152
/sys/kernel/mm/transparent_hugepage/shmem_enabled: always within_size [advise] never deny force
/sys/kernel/mm/transparent_hugepage/defrag (defrag/compaction efforts parameter): always defer defer+madvise [madvise] never

Process Memory:
Virtual Size: 13718792K (peak: 13910052K)
Resident Set Size: 1351780K (peak: 1394684K) (anon: 1065724K, file: 275300K, shmem: 10756K)
Swapped out: 0K
C-Heap outstanding allocations: 367339K, retained: 204592K
glibc malloc tunables: (default)

/proc/sys/kernel/threads-max (system-wide limit on the number of threads): 120955
/proc/sys/vm/max_map_count (maximum number of memory map areas a process may have): 1048576
/proc/sys/vm/swappiness (control to define how aggressively the kernel swaps out anonymous memory): 60
/proc/sys/kernel/pid_max (system-wide limit on number of process identifiers): 4194304

container information not found.
Steal ticks since vm start: 0
Steal ticks percentage since vm start:  0.000

CPU: total 16 (initial active 16) (8 cores per cpu, 2 threads per core) family 25 model 80 stepping 0 microcode 0xa500012, cx8, cmov, fxsr, ht, mmx, 3dnowpref, sse, sse2, sse3, ssse3, sse4a, sse4.1, sse4.2, popcnt, lzcnt, tsc, tscinvbit, avx, avx2, aes, erms, clmul, bmi1, bmi2, adx, sha, fma, vzeroupper, clflush, clflushopt, clwb, rdtscp, rdpid, fsrm, f16c, pku, ospke, cet_ss
CPU Model and flags from /proc/cpuinfo:
model name	: AMD Ryzen 7 5800HS with Radeon Graphics
flags		: fpu vme de pse tsc msr pae mce cx8 apic sep mtrr pge mca cmov pat pse36 clflush mmx fxsr sse sse2 ht syscall nx mmxext fxsr_opt pdpe1gb rdtscp lm constant_tsc rep_good nopl xtopology nonstop_tsc cpuid extd_apicid aperfmperf rapl pni pclmulqdq monitor ssse3 fma cx16 sse4_1 sse4_2 movbe popcnt aes xsave avx f16c rdrand lahf_lm cmp_legacy svm extapic cr8_legacy abm sse4a misalignsse 3dnowprefetch osvw ibs skinit wdt tce topoext perfctr_core perfctr_nb bpext perfctr_llc mwaitx cpb cat_l3 cdp_l3 hw_pstate ssbd mba ibrs ibpb stibp vmmcall fsgsbase bmi1 avx2 smep bmi2 erms invpcid cqm rdt_a rdseed adx smap clflushopt clwb sha_ni xsaveopt xsavec xgetbv1 xsaves cqm_llc cqm_occup_llc cqm_mbm_total cqm_mbm_local user_shstk clzero irperf xsaveerptr rdpru wbnoinvd cppc arat npt lbrv svm_lock nrip_save tsc_scale vmcb_clean flushbyasid decodeassists pausefilter pfthreshold avic v_vmsave_vmload vgif v_spec_ctrl umip pku ospke vaes vpclmulqdq rdpid overflow_recov succor smca fsrm debug_swap

Online cpus: 0-15
Offline cpus: 
BIOS frequency limitation: <Not Available>
Frequency switch latency (ns): 0
Available cpu frequencies: <Not Available>
Current governor: powersave
Core performance/turbo boost: 1

Memory: 4k page, physical 15750904k(1270488k free), swap 24652280k(17079448k free)
Page Sizes: 4k

vm_info: OpenJDK 64-Bit Server VM (26.0.2.1) for linux-amd64 JRE (26.0.2.1), built on 2026-08-19T07:23:47Z with gcc 16.2.1 20260810

END.
