#
# A fatal error has been detected by the Java Runtime Environment:
#
#  SIGSEGV (0xb) at pc=0x00007f917e4523d1, pid=2146275, tid=2146288
#
# JRE version: OpenJDK Runtime Environment (26.0.2.1) (build 26.0.2.1)
# Java VM: OpenJDK 64-Bit Server VM (26.0.2.1, mixed mode, sharing, tiered, compressed oops, compressed class ptrs, g1 gc, linux-amd64)
# Problematic frame:
# C  [libnvidia-eglcore.so.610.57.04+0xa523d1]
#
# Core dump will be written. Default location: Determined by the following: "/usr/lib/systemd/systemd-coredump %P %u %g %s %t %c %h %d %F %I" (alternatively, falling back to /home/annihilator/dev/NuvioDesktop/waylandHost/core.2146275)
#
# If you would like to submit a bug report, please visit:
#   https://bugreport.java.com/bugreport/crash.jsp
#

---------------  S U M M A R Y ------------

Command Line: -Dnuvio.wayland.libmpv=/home/annihilator/dev/mpv/build/libmpv.so.2 -Dnuvio.wayland.realApp=true -Dnuvio.wayland.smokePlayer=/tmp/nuvio-testclip5m.mp4 -Dnuvio.wayland.videoLog=true -Dnuvio.wayland.vk=true -Dnuvio.wayland.webChrome=true -Dorg.lwjgl.util.Debug=false --enable-native-access=ALL-UNNAMED -Dfile.encoding=UTF-8 -Duser.country=GB -Duser.language=en -Duser.variant com.nuvio.wayland.MainKt

Host: AMD Ryzen 7 5800HS with Radeon Graphics, 16 cores, 15G, Arch Linux
Time: Mon Aug 24 11:16:20 2026 BST elapsed time: 65.906397 seconds (0d 0h 1m 5s)

---------------  T H R E A D  ---------------

Current thread (0x00007f91e00ffa40):  VMThread "VM Thread"          [id=2146288, stack(0x00007f91b2cee000,0x00007f91b2dee000) (1024K)]

Stack: [0x00007f91b2cee000,0x00007f91b2dee000],  sp=0x00007f91b2dec440,  free space=1017k
Native frames: (J=compiled Java code, j=interpreted, Vv=VM code, C=native code)
C  [libnvidia-eglcore.so.610.57.04+0xa523d1]

siginfo: si_signo: 11 (SIGSEGV), si_code: 1 (SEGV_MAPERR), si_addr: 0x00000000000abdc8

Registers:
RAX=0x0000000000000003, RBX=0x00005602af0f6580, RCX=0x0000000000000005, RDX=0x0000000000000000
RSP=0x00007f91b2dec440, RBP=0x00007f917ff58140, RSI=0x00005602af0d2a50, RDI=0x00005602af0f61d0
R8 =0x00007f91e6219b08, R9 =0x0000000000000020, R10=0x0000000000000000, R11=0x0000000000000000
R12=0x000000005e000000, R13=0x00005602ae357e50, R14=0x00005602af11e800, R15=0x000000005e000000
RIP=0x00007f917e4523d1, EFLAGS=0x0000000000010206, CSGSFS=0x002b000000000033, ERR=0x0000000000000004
  TRAPNO=0x000000000000000e

XMM[0]=0x0000000000000000 0x0000000000000000
XMM[1]=0x0000000000000000 0x41ac69a6b0000000
XMM[2]=0x0000000000000000 0x43e0000000000000
XMM[3]=0x0000000000000000 0x0000000000000006
XMM[4]=0x0000000000000000 0x0000000000000000
XMM[5]=0x0000000000000000 0x0000000000000000
XMM[6]=0x0000000000000000 0x0000000000000000
XMM[7]=0x0000000000000051 0x0000000000000000
XMM[8]=0x0000000000000000 0xbfb999999999999a
XMM[9]=0x0000000000000000 0x0000000000200000
XMM[10]=0x0000000000000000 0x0000000000000000
XMM[11]=0x0000000000000000 0x0000000000000000
XMM[12]=0x0000000000000000 0x0000000000000000
XMM[13]=0x0000000000000000 0x0000000000000000
XMM[14]=0x0000000000000000 0x0000000000000000
XMM[15]=0x0000000000000000 0x0000000000000000
  MXCSR=0x00001fa2


Register to memory mapping:

RAX=0x0000000000000003 is an unknown value
RBX=0x00005602af0f6580 points into unknown readable memory: 0x0000000000000000 | 00 00 00 00 00 00 00 00
RCX=0x0000000000000005 is an unknown value
RDX=0x0 is null
RSP=0x00007f91b2dec440 points into unknown readable memory: 0x000000005e000000 | 00 00 00 5e 00 00 00 00
RBP=0x00007f917ff58140: <offset 0x0000000002558140> in /usr/lib/libnvidia-eglcore.so.610.57.04 at 0x00007f917da00000
RSI=0x00005602af0d2a50 points into unknown readable memory: 0x0000000100000001 | 01 00 00 00 01 00 00 00
RDI=0x00005602af0f61d0 points into unknown readable memory: 0x0000000000000000 | 00 00 00 00 00 00 00 00
R8 =0x00007f91e6219b08: <offset 0x0000000000219b08> in /usr/lib/libc.so.6 at 0x00007f91e6000000
R9 =0x0000000000000020 is an unknown value
R10=0x0 is null
R11=0x0 is null
R12=0x000000005e000000 points into unknown readable memory: 0x00007f91e0b76790 | 90 67 b7 e0 91 7f 00 00
R13=0x00005602ae357e50 points into unknown readable memory: 0x0000000000002000 | 00 20 00 00 00 00 00 00
R14=0x00005602af11e800 points into unknown readable memory: 0x0000000400000000 | 00 00 00 00 04 00 00 00
R15=0x000000005e000000 points into unknown readable memory: 0x00007f91e0b76790 | 90 67 b7 e0 91 7f 00 00

Top of Stack: (sp=0x00007f91b2dec440)
0x00007f91b2dec440:   000000005e000000 0000000000000003   ...^............
0x00007f91b2dec450:   00005602af0f6580 000000005e000000   .e...V.....^....
0x00007f91b2dec460:   00007f91e0ba0790 00007f917e44730d   .........sD~....
0x00007f91b2dec470:   000000005e000000 00005602af0f6580   ...^.....e...V..
0x00007f91b2dec480:   00005602af11ea80 0000000000000003   .....V..........
0x00007f91b2dec490:   00005602af1651d0 000000005e000000   .Q...V.....^....
0x00007f91b2dec4a0:   00005602af11ea80 00005602af11e800   .....V.......V..
0x00007f91b2dec4b0:   000000005e000000 00007f917e0fb708   ...^.......~....
0x00007f91b2dec4c0:   00005602af10b290 0000000000000003   .....V..........
0x00007f91b2dec4d0:   00005602af1651d0 0000000000000003   .Q...V..........
0x00007f91b2dec4e0:   00007f91e0a632a0 0000000000000000   .2..............
0x00007f91b2dec4f0:   000000005e000000 00007f917e1302f6   ...^.......~....
0x00007f91b2dec500:   00007f91b2dec530 000000065e000000   0..........^....
0x00007f91b2dec510:   00005602ae357e50 0000000000000003   P~5..V..........
0x00007f91b2dec520:   00007f91e0a632a0 00007f917ff554c0   .2.......T......
0x00007f91b2dec530:   000000005e000000 00007f917ff55480   ...^.....T......
0x00007f91b2dec540:   00007f91b2dec6f8 00007f917e13160f   ...........~....
0x00007f91b2dec550:   00007f91e0d98380 000000005e000000   ...........^....
0x00007f91b2dec560:   00007f91b2dec58f 00005602ae357e50   ........P~5..V..
0x00007f91b2dec570:   00007f917ff55460 00007f917e101998   `T.........~....
0x00007f91b2dec580:   000000005e000000 000000917dfa2ce8   ...^.....,.}....
0x00007f91b2dec590:   00005602ae357e50 000000005e000000   P~5..V.....^....
0x00007f91b2dec5a0:   00007f917ff554c0 00007f917e0eecb1   .T.........~....
0x00007f91b2dec5b0:   00007f917ff58140 00007f917ff58140   @.......@.......
0x00007f91b2dec5c0:   000000005e000000 00005602ae357e50   ...^....P~5..V..
0x00007f91b2dec5d0:   00007f917ff55460 00007f917e3b15d8   `T........;~....
0x00007f91b2dec5e0:   00007f917ff58140 00007f91e0a67ad0   @........z......
0x00007f91b2dec5f0:   000000005e000000 00007f917e38d80d   ...^......8~....
0x00007f91b2dec600:   0000000000000000 00007f91e08547d0   .........G......
0x00007f91b2dec610:   00005602ae2e0990 00007f91e0891750   .....V..P.......
0x00007f91b2dec620:   00007f919803d990 00007f91b0715e5d   ........]^q.....
0x00007f91b2dec630:   0000000000000000 00007f91e08547d0   .........G......

Instructions: (pc=0x00007f917e4523d1)
  0x00007f917e4522d1:   8b bf 50 01 00 00 8b 96 a0 03 00 00 48 8b 07 8b
  0x00007f917e4522e1:   77 08 ff a0 88 02 00 00 0f 1f 80 00 00 00 00 48
  0x00007f917e4522f1:   83 be 28 05 00 00 00 0f 84 22 02 00 00 41 55 41
  0x00007f917e452301:   54 49 89 fc 55 53 48 89 f3 48 83 ec 08 48 8d 2d
  0x00007f917e452311:   2b 5e b0 01 0f b6 85 d0 0f 00 00 84 c0 75 0f 8b
  0x00007f917e452321:   85 c4 0f 00 00 83 c0 01 89 85 c4 0f 00 00 8b 85
  0x00007f917e452331:   cc 0f 00 00 83 f8 01 0f 87 32 01 00 00 49 8b 04
  0x00007f917e452341:   24 4d 8b ac 24 08 ac 04 00 48 8b bb 20 05 00 00
  0x00007f917e452351:   48 8b 90 d0 8d 02 00 4c 89 ee e8 50 91 fe ff 48
  0x00007f917e452361:   8b bb 20 05 00 00 48 85 ff 74 06 48 8b 07 ff 50
  0x00007f917e452371:   10 48 8b 83 28 05 00 00 48 c7 83 20 05 00 00 00
  0x00007f917e452381:   00 00 00 83 a8 90 00 00 00 01 48 8b 83 28 05 00
  0x00007f917e452391:   00 83 a8 8c 00 00 00 01 48 8b bb 28 05 00 00 8b
  0x00007f917e4523a1:   87 8c 00 00 00 85 c0 0f 84 02 01 00 00 48 8b b3
  0x00007f917e4523b1:   30 05 00 00 48 c7 83 28 05 00 00 00 00 00 00 48
  0x00007f917e4523c1:   85 f6 74 65 4d 85 ed 74 58 49 8b 95 48 10 00 00
=>0x00007f917e4523d1:   8b 82 c8 bd 0a 00 83 c0 01 89 82 c8 bd 0a 00 48
  0x00007f917e4523e1:   8b 93 30 05 00 00 89 42 28 48 8b 93 30 05 00 00
  0x00007f917e4523f1:   48 8b 4a 08 48 85 c9 74 18 8b 42 18 3b 42 20 73
  0x00007f917e452401:   13 8b 93 d0 01 00 00 89 14 81 48 8b 93 30 05 00
  0x00007f917e452411:   00 8b 42 18 83 c0 01 89 42 18 48 8b b3 30 05 00
  0x00007f917e452421:   00 4c 89 e7 e8 46 b5 cd ff 48 c7 83 30 05 00 00
  0x00007f917e452431:   00 00 00 00 8b 45 00 48 c7 83 38 05 00 00 00 00
  0x00007f917e452441:   00 00 85 c0 75 79 0f b6 85 d0 0f 00 00 84 c0 75
  0x00007f917e452451:   0f 8b 85 c4 0f 00 00 83 e8 01 89 85 c4 0f 00 00
  0x00007f917e452461:   48 83 c4 08 5b 5d 41 5c 41 5d c3 0f 1f 40 00 48
  0x00007f917e452471:   8d 05 09 30 b0 01 8b 7d 48 48 8d 75 28 ff 50 10
  0x00007f917e452481:   8b 45 30 31 d2 83 f8 ff 0f 95 c2 01 d0 89 45 30
  0x00007f917e452491:   48 8d 05 c8 2f b0 01 ff 10 83 45 00 01 89 45 38
  0x00007f917e4524a1:   48 89 55 40 e9 94 fe ff ff 66 0f 1f 44 00 00 e8
  0x00007f917e4524b1:   bb d4 f9 ff e9 f4 fe ff ff 66 0f 1f 44 00 00 83
  0x00007f917e4524c1:   e8 01 89 45 00 48 8d 05 93 2f b0 01 48 8b 58 08


Stack slot to memory mapping:

stack at sp + 0 slots: 0x000000005e000000 points into unknown readable memory: 0x00007f91e0b76790 | 90 67 b7 e0 91 7f 00 00
stack at sp + 1 slots: 0x0000000000000003 is an unknown value
stack at sp + 2 slots: 0x00005602af0f6580 points into unknown readable memory: 0x0000000000000000 | 00 00 00 00 00 00 00 00
stack at sp + 3 slots: 0x000000005e000000 points into unknown readable memory: 0x00007f91e0b76790 | 90 67 b7 e0 91 7f 00 00
stack at sp + 4 slots: 0x00007f91e0ba0790 points into unknown readable memory: 0x00007f917fec7df8 | f8 7d ec 7f 91 7f 00 00
stack at sp + 5 slots: 0x00007f917e44730d: <offset 0x0000000000a4730d> in /usr/lib/libnvidia-eglcore.so.610.57.04 at 0x00007f917da00000
stack at sp + 6 slots: 0x000000005e000000 points into unknown readable memory: 0x00007f91e0b76790 | 90 67 b7 e0 91 7f 00 00
stack at sp + 7 slots: 0x00005602af0f6580 points into unknown readable memory: 0x0000000000000000 | 00 00 00 00 00 00 00 00

VM_Operation (0x00007f91b23fa670): Exit, mode: safepoint, requested by thread 0x00007f91884ba340


---------------  P R O C E S S  ---------------

Threads class SMR info:
_java_thread_list=0x00007f9185211dd0, length=25, elements={
0x00007f91e0020250, 0x00007f91e0108b50, 0x00007f91e0109b50, 0x00007f91e010c5b0,
0x00007f91e010de00, 0x00007f91e0110060, 0x00007f91e0111a30, 0x00007f91e014b360,
0x00007f91e014ddd0, 0x00007f91e066c2a0, 0x00007f91e14b3460, 0x00007f91e14b4360,
0x00007f91e14b5830, 0x00007f91e14b6f20, 0x00005602ae5cc210, 0x00005602ae72dce0,
0x00005602ae73bca0, 0x00007f91881021f0, 0x00007f9188109600, 0x00007f91e16bedc0,
0x00007f91e15c3870, 0x00007f91e1c4ed80, 0x00007f91e2181480, 0x00007f91bc00a460,
0x00007f91884ba340
}

Java Threads: ( => current thread )
  0x00007f91e0020250 JavaThread "main"                              [_thread_blocked, id=2146276, stack(0x00007f91e4b00000,0x00007f91e4c00000) (1024K)]
  0x00007f91e0108b50 JavaThread "Reference Handler"          daemon [_thread_blocked, id=2146289, stack(0x00007f91b2ef0000,0x00007f91b2ff0000) (1024K)]
  0x00007f91e0109b50 JavaThread "Finalizer"                  daemon [_thread_blocked, id=2146290, stack(0x00007f91b2def000,0x00007f91b2eef000) (1024K)]
  0x00007f91e010c5b0 JavaThread "Service Thread"             daemon [_thread_blocked, id=2146292, stack(0x00007f91b2700000,0x00007f91b2800000) (1024K)]
  0x00007f91e010de00 JavaThread "Monitor Deflation Thread"   daemon [_thread_blocked, id=2146293, stack(0x00007f91b25ff000,0x00007f91b26ff000) (1024K)]
  0x00007f91e0110060 JavaThread "C2 CompilerThread0"         daemon [_thread_blocked, id=2146294, stack(0x00007f91b24fe000,0x00007f91b25fe000) (1024K)]
  0x00007f91e0111a30 JavaThread "C1 CompilerThread0"         daemon [_thread_blocked, id=2146295, stack(0x00007f91b23fd000,0x00007f91b24fd000) (1024K)]
  0x00007f91e014b360 JavaThread "Notification Thread"        daemon [_thread_blocked, id=2146297, stack(0x00007f91b21fb000,0x00007f91b22fb000) (1024K)]
  0x00007f91e014ddd0 JavaThread "Common-Cleaner"             daemon [_thread_blocked, id=2146298, stack(0x00007f91b20fa000,0x00007f91b21fa000) (1024K)]
  0x00007f91e066c2a0 JavaThread "InnocuousThread-1"          daemon [_thread_blocked, id=2146305, stack(0x00007f91b19f3000,0x00007f91b1af3000) (1024K)]
  0x00007f91e14b3460 JavaThread "Java2D Disposer"            daemon [_thread_blocked, id=2146311, stack(0x00007f91b1df7000,0x00007f91b1ef7000) (1024K)]
  0x00007f91e14b4360 JavaThread "AWT-XAWT"                   daemon [_thread_blocked, id=2146312, stack(0x00007f91b1ef8000,0x00007f91b1ff8000) (1024K)]
  0x00007f91e14b5830 JavaThread "AWT-Shutdown"                      [_thread_blocked, id=2146313, stack(0x00007f91660ff000,0x00007f91661ff000) (1024K)]
  0x00007f91e14b6f20 JavaThread "AWT-EventQueue-0"                  [_thread_blocked, id=2146314, stack(0x00007f9165ffe000,0x00007f91660fe000) (1024K)]
  0x00005602ae5cc210 JavaThread "Reference Cleaner"          daemon [_thread_blocked, id=2146322, stack(0x00007f9165a64000,0x00007f9165b64000) (1024K)]
  0x00005602ae72dce0 JavaThread "DefaultDispatcher-worker-1" daemon [_thread_blocked, id=2146324, stack(0x00007f9161500000,0x00007f9161600000) (1024K)]
  0x00005602ae73bca0 JavaThread "DefaultDispatcher-worker-2" daemon [_thread_blocked, id=2146325, stack(0x00007f91613ff000,0x00007f91614ff000) (1024K)]
  0x00007f91881021f0 JavaThread "DefaultDispatcher-worker-3" daemon [_thread_blocked, id=2146326, stack(0x00007f91612fe000,0x00007f91613fe000) (1024K)]
  0x00007f9188109600 JavaThread "kotlinx.coroutines.DefaultExecutor" daemon [_thread_blocked, id=2146331, stack(0x00007f9160df9000,0x00007f9160ef9000) (1024K)]
  0x00007f91e16bedc0 JavaThread "mpv-events"                 daemon [_thread_blocked, id=2146344, stack(0x00007f91473c4000,0x00007f91474c4000) (1024K)]
  0x00007f91e15c3870 JavaThread "nuvio-video-vk"             daemon [_thread_blocked, id=2146345, stack(0x00007f91472c3000,0x00007f91473c3000) (1024K)]
  0x00007f91e1c4ed80 JavaThread "TimerQueue"                 daemon [_thread_blocked, id=2146374, stack(0x00007f9131cfd000,0x00007f9131dfd000) (1024K)]
  0x00007f91e2181480 JavaThread "wpe-glib"                   daemon [_thread_blocked, id=2146388, stack(0x00007f912c500000,0x00007f912c600000) (1024K)]
  0x00007f91bc00a460 JavaThread "Thread-5"                   daemon [_thread_blocked, id=2146383, stack(0x00007f91300f6000,0x00007f91308f6000) (8192K)]
  0x00007f91884ba340 JavaThread "SIGTERM handler"            daemon [_thread_blocked, id=2147029, stack(0x00007f91b22fc000,0x00007f91b23fc000) (1024K)]
Total: 25

Other Threads:
=>0x00007f91e00ffa40 VMThread "VM Thread"                           [id=2146288, stack(0x00007f91b2cee000,0x00007f91b2dee000) (1024K)]
  0x00007f91e006e700 WorkerThread "GC Thread#0"                     [id=2146277, stack(0x00007f91c2458000,0x00007f91c2558000) (1024K)]
  0x00007f9198055610 WorkerThread "GC Thread#1"                     [id=2146302, stack(0x00007f91b1cf6000,0x00007f91b1df6000) (1024K)]
  0x00007f919805d8b0 WorkerThread "GC Thread#2"                     [id=2146327, stack(0x00007f91611fd000,0x00007f91612fd000) (1024K)]
  0x00007f919805e360 WorkerThread "GC Thread#3"                     [id=2146328, stack(0x00007f91610fc000,0x00007f91611fc000) (1024K)]
  0x00007f919805efc0 WorkerThread "GC Thread#4"                     [id=2146329, stack(0x00007f9160ffb000,0x00007f91610fb000) (1024K)]
  0x00007f919805fd20 WorkerThread "GC Thread#5"                     [id=2146330, stack(0x00007f9160efa000,0x00007f9160ffa000) (1024K)]
  0x00007f9198062740 WorkerThread "GC Thread#6"                     [id=2146346, stack(0x00007f91471c2000,0x00007f91472c2000) (1024K)]
  0x00007f9198069b50 WorkerThread "GC Thread#7"                     [id=2146372, stack(0x00007f9131eff000,0x00007f9131fff000) (1024K)]
  0x00007f919806aa20 WorkerThread "GC Thread#8"                     [id=2146373, stack(0x00007f9131dfe000,0x00007f9131efe000) (1024K)]
  0x00007f9198061580 WorkerThread "GC Thread#9"                     [id=2146376, stack(0x00007f9131bfc000,0x00007f9131cfc000) (1024K)]
  0x00007f919806cd90 WorkerThread "GC Thread#10"                    [id=2146377, stack(0x00007f9131afb000,0x00007f9131bfb000) (1024K)]
  0x00007f919806dc60 WorkerThread "GC Thread#11"                    [id=2146378, stack(0x00007f91319fa000,0x00007f9131afa000) (1024K)]
  0x00007f919806eb30 WorkerThread "GC Thread#12"                    [id=2146379, stack(0x00007f91318f9000,0x00007f91319f9000) (1024K)]
  0x00007f91e00867f0 ConcurrentGCThread "G1 Main Marker"            terminated
  0x00007f91e0087980 WorkerThread "G1 Conc#0"                       [id=2146279, stack(0x00007f91c2256000,0x00007f91c2356000) (1024K)]
  0x00007f91b4000cc0 WorkerThread "G1 Conc#1"                       [id=2146303, stack(0x00007f91b1bf5000,0x00007f91b1cf5000) (1024K)]
  0x00007f91b40019d0 WorkerThread "G1 Conc#2"                       [id=2146304, stack(0x00007f91b1af4000,0x00007f91b1bf4000) (1024K)]
  0x00007f91e00de1a0 WorkerThread "G1 Refinement Workers#0"         [id=2146281, stack(0x00007f91b31f3000,0x00007f91b32f3000) (1024K)]
  0x00007f91e00dcf40 ConcurrentGCThread "G1 Refine Control"         terminated
  0x00007f91e00df2a0 ConcurrentGCThread "G1 Service"                terminated
Total: 21

Threads with active compile tasks:
Total: 0

VM state: at safepoint (shutting down)

VM Mutex/Monitor currently owned by a thread:  ([mutex/lock_event])
[0x00007f91e5ef61d8] Threads_lock - owner thread: 0x00007f91e00ffa40
[0x00007f91e5ef5f58] Heap_lock - owner thread: 0x00007f91884ba340

Heap address: 0x000000070fa00000, size: 3846 MB, Compressed Oops mode: Zero based, Oop shift amount: 3

CDS archive(s) mapped at: [0x000000001d000000-0x000000001dda7000-0x000000001dda7000), size 14315520, SharedBaseAddress: 0x000000001d000000, ArchiveRelocationMode: 1.
Compressed class space mapped at: 0x000000001e000000-0x000000005e000000, reserved size: 1073741824
UseCompressedClassPointers 1, UseCompactObjectHeaders 0
Narrow klass pointer bits 32, Max shift 3
Narrow klass base: 0x000000001d000000, Narrow klass shift: 0
Encoding Range: [0x000000001d000000 - 0x000000011d000000), (4294967296 bytes)
Klass Range:    [0x000000001d000000 - 0x000000005e000000), (1090519040 bytes)
Klass ID Range:  [8 - 1090519033) (1090519025)
Protection zone: [0x000000001d000000 - 0x000000001d001000), (4096 bytes)

GC Precious Log:
 CardTable entry size: 512
 Card Set container configuration: InlinePtr #cards 4 size 8 Array Of Cards #cards 16 size 48 Howl #buckets 8 coarsen threshold 3686 Howl Bitmap #cards 512 size 80 coarsen threshold 460 Card regions per heap region 1 cards per card region 4096
 CPUs: 16 total, 16 available
 Memory: 15381M
 Large Page Support: Disabled
 NUMA Support: Disabled
 Compressed Oops: Enabled (Zero based)
 Heap Region Size: 2M
 Heap Min Capacity: 8M
 Heap Initial Capacity: 8M
 Heap Max Capacity: 3846M
 Pre-touch: Disabled
 Parallel Workers: 13
 Concurrent Workers: 3
 Concurrent Refinement Workers: 13
 Periodic GC: Disabled

Heap:
 garbage-first heap   total reserved 3938304K, committed 147456K, used 91591K [0x000000070fa00000, 0x0000000800000000)
  region size 2M, 25 eden (50M), 1 survivor (2M), 5 old (10M), 15 humongous (30M), 26 free (52M)

Heap Regions: E=young(eden), S=young(survivor), O=old, HS=humongous(starts), HC=humongous(continues), CS=collection set, F=free, TAMS=top-at-mark-start, PB=parsable bottom
|    0|0x000000070fa00000, 0x000000070fc00000, 0x000000070fc00000|100%|HS|  |TAMS 0x000000070fa00000| PB 0x000000070fa00000| Complete  |  0
|    1|0x000000070fc00000, 0x000000070fe00000, 0x000000070fe00000|100%| O|  |TAMS 0x000000070fc00000| PB 0x000000070fc00000| Untracked |  0
|    2|0x000000070fe00000, 0x0000000710000000, 0x0000000710000000|100%| O|  |TAMS 0x000000070fe00000| PB 0x000000070fe00000| Untracked |  0
|    3|0x0000000710000000, 0x000000071018cdc0, 0x0000000710200000| 77%| O|  |TAMS 0x0000000710000000| PB 0x0000000710000000| Untracked |  0
|    4|0x0000000710200000, 0x0000000710400000, 0x0000000710400000|100%|HS|  |TAMS 0x0000000710200000| PB 0x0000000710200000| Complete  |  0
|    5|0x0000000710400000, 0x0000000710600000, 0x0000000710600000|100%|HC|  |TAMS 0x0000000710400000| PB 0x0000000710400000| Complete  |  0
|    6|0x0000000710600000, 0x0000000710800000, 0x0000000710800000|100%|HS|  |TAMS 0x0000000710600000| PB 0x0000000710600000| Complete  |  0
|    7|0x0000000710800000, 0x0000000710a00000, 0x0000000710a00000|100%|HC|  |TAMS 0x0000000710800000| PB 0x0000000710800000| Complete  |  0
|    8|0x0000000710a00000, 0x0000000710c00000, 0x0000000710c00000|100%|HS|  |TAMS 0x0000000710a00000| PB 0x0000000710a00000| Complete  |  0
|    9|0x0000000710c00000, 0x0000000710e00000, 0x0000000710e00000|100%|HC|  |TAMS 0x0000000710c00000| PB 0x0000000710c00000| Complete  |  0
|   10|0x0000000710e00000, 0x0000000711000000, 0x0000000711000000|100%|HS|  |TAMS 0x0000000710e00000| PB 0x0000000710e00000| Complete  |  0
|   11|0x0000000711000000, 0x0000000711200000, 0x0000000711200000|100%|HC|  |TAMS 0x0000000711000000| PB 0x0000000711000000| Complete  |  0
|   12|0x0000000711200000, 0x0000000711400000, 0x0000000711400000|100%|HS|  |TAMS 0x0000000711200000| PB 0x0000000711200000| Complete  |  0
|   13|0x0000000711400000, 0x0000000711600000, 0x0000000711600000|100%|HC|  |TAMS 0x0000000711400000| PB 0x0000000711400000| Complete  |  0
|   14|0x0000000711600000, 0x0000000711800000, 0x0000000711800000|100%|HS|  |TAMS 0x0000000711600000| PB 0x0000000711600000| Complete  |  0
|   15|0x0000000711800000, 0x0000000711a00000, 0x0000000711a00000|100%|HC|  |TAMS 0x0000000711800000| PB 0x0000000711800000| Complete  |  0
|   16|0x0000000711a00000, 0x0000000711c00000, 0x0000000711c00000|100%|HS|  |TAMS 0x0000000711a00000| PB 0x0000000711a00000| Complete  |  0
|   17|0x0000000711c00000, 0x0000000711e00000, 0x0000000711e00000|100%|HC|  |TAMS 0x0000000711c00000| PB 0x0000000711c00000| Complete  |  0
|   18|0x0000000711e00000, 0x0000000711e00000, 0x0000000712000000|  0%| F|  |TAMS 0x0000000711e00000| PB 0x0000000711e00000| Untracked |  0
|   19|0x0000000712000000, 0x0000000712000000, 0x0000000712200000|  0%| F|  |TAMS 0x0000000712000000| PB 0x0000000712000000| Untracked |  0
|   20|0x0000000712200000, 0x0000000712200000, 0x0000000712400000|  0%| F|  |TAMS 0x0000000712200000| PB 0x0000000712200000| Untracked |  0
|   21|0x0000000712400000, 0x0000000712400000, 0x0000000712600000|  0%| F|  |TAMS 0x0000000712400000| PB 0x0000000712400000| Untracked |  0
|   22|0x0000000712600000, 0x0000000712600000, 0x0000000712800000|  0%| F|  |TAMS 0x0000000712600000| PB 0x0000000712600000| Untracked |  0
|   23|0x0000000712800000, 0x0000000712800000, 0x0000000712a00000|  0%| F|  |TAMS 0x0000000712800000| PB 0x0000000712800000| Untracked |  0
|   24|0x0000000712a00000, 0x0000000712a00000, 0x0000000712c00000|  0%| F|  |TAMS 0x0000000712a00000| PB 0x0000000712a00000| Untracked |  0
|   25|0x0000000712c00000, 0x0000000712c00000, 0x0000000712e00000|  0%| F|  |TAMS 0x0000000712c00000| PB 0x0000000712c00000| Untracked |  0
|   26|0x0000000712e00000, 0x0000000712e00000, 0x0000000713000000|  0%| F|  |TAMS 0x0000000712e00000| PB 0x0000000712e00000| Untracked |  0
|   27|0x0000000713000000, 0x0000000713000000, 0x0000000713200000|  0%| F|  |TAMS 0x0000000713000000| PB 0x0000000713000000| Untracked |  0
|   28|0x0000000713200000, 0x0000000713200000, 0x0000000713400000|  0%| F|  |TAMS 0x0000000713200000| PB 0x0000000713200000| Untracked |  0
|   29|0x0000000713400000, 0x0000000713400000, 0x0000000713600000|  0%| F|  |TAMS 0x0000000713400000| PB 0x0000000713400000| Untracked |  0
|   30|0x0000000713600000, 0x0000000713600000, 0x0000000713800000|  0%| F|  |TAMS 0x0000000713600000| PB 0x0000000713600000| Untracked |  0
|   31|0x0000000713800000, 0x0000000713800000, 0x0000000713a00000|  0%| F|  |TAMS 0x0000000713800000| PB 0x0000000713800000| Untracked |  0
|   32|0x0000000713a00000, 0x0000000713a00000, 0x0000000713c00000|  0%| F|  |TAMS 0x0000000713a00000| PB 0x0000000713a00000| Untracked |  0
|   33|0x0000000713c00000, 0x0000000713c00000, 0x0000000713e00000|  0%| F|  |TAMS 0x0000000713c00000| PB 0x0000000713c00000| Untracked |  0
|   34|0x0000000713e00000, 0x0000000713e00000, 0x0000000714000000|  0%| F|  |TAMS 0x0000000713e00000| PB 0x0000000713e00000| Untracked |  0
|   35|0x0000000714000000, 0x0000000714000000, 0x0000000714200000|  0%| F|  |TAMS 0x0000000714000000| PB 0x0000000714000000| Untracked |  0
|   36|0x0000000714200000, 0x0000000714200000, 0x0000000714400000|  0%| F|  |TAMS 0x0000000714200000| PB 0x0000000714200000| Untracked |  0
|   37|0x0000000714400000, 0x0000000714400000, 0x0000000714600000|  0%| F|  |TAMS 0x0000000714400000| PB 0x0000000714400000| Untracked |  0
|   38|0x0000000714600000, 0x0000000714600000, 0x0000000714800000|  0%| F|  |TAMS 0x0000000714600000| PB 0x0000000714600000| Untracked |  0
|   39|0x0000000714800000, 0x0000000714800000, 0x0000000714a00000|  0%| F|  |TAMS 0x0000000714800000| PB 0x0000000714800000| Untracked |  0
|   40|0x0000000714a00000, 0x0000000714a00000, 0x0000000714c00000|  0%| F|  |TAMS 0x0000000714a00000| PB 0x0000000714a00000| Untracked |  0
|   41|0x0000000714c00000, 0x0000000714c00000, 0x0000000714e00000|  0%| F|  |TAMS 0x0000000714c00000| PB 0x0000000714c00000| Untracked |  0
|   42|0x0000000714e00000, 0x0000000714e00000, 0x0000000715000000|  0%| F|  |TAMS 0x0000000714e00000| PB 0x0000000714e00000| Untracked |  0
|   43|0x0000000715000000, 0x0000000715000000, 0x0000000715200000|  0%| F|  |TAMS 0x0000000715000000| PB 0x0000000715000000| Untracked |  0
|   44|0x0000000715200000, 0x00000007153429d8, 0x0000000715400000| 63%| E|CS|TAMS 0x0000000715200000| PB 0x0000000715200000| Complete  |  0
|   45|0x0000000715400000, 0x0000000715600000, 0x0000000715600000|100%| E|CS|TAMS 0x0000000715400000| PB 0x0000000715400000| Complete  |  0
|   46|0x0000000715600000, 0x0000000715800000, 0x0000000715800000|100%| E|CS|TAMS 0x0000000715600000| PB 0x0000000715600000| Complete  |  0
|   47|0x0000000715800000, 0x0000000715a00000, 0x0000000715a00000|100%| E|CS|TAMS 0x0000000715800000| PB 0x0000000715800000| Complete  |  0
|   48|0x0000000715a00000, 0x0000000715c00000, 0x0000000715c00000|100%| E|CS|TAMS 0x0000000715a00000| PB 0x0000000715a00000| Complete  |  0
|   49|0x0000000715c00000, 0x0000000715e00000, 0x0000000715e00000|100%| E|CS|TAMS 0x0000000715c00000| PB 0x0000000715c00000| Complete  |  0
|   50|0x0000000715e00000, 0x0000000716000000, 0x0000000716000000|100%| E|CS|TAMS 0x0000000715e00000| PB 0x0000000715e00000| Complete  |  0
|   51|0x0000000716000000, 0x0000000716200000, 0x0000000716200000|100%| E|CS|TAMS 0x0000000716000000| PB 0x0000000716000000| Complete  |  0
|   52|0x0000000716200000, 0x0000000716400000, 0x0000000716400000|100%| E|CS|TAMS 0x0000000716200000| PB 0x0000000716200000| Complete  |  0
|   53|0x0000000716400000, 0x0000000716600000, 0x0000000716600000|100%| E|CS|TAMS 0x0000000716400000| PB 0x0000000716400000| Complete  |  0
|   54|0x0000000716600000, 0x0000000716800000, 0x0000000716800000|100%| E|CS|TAMS 0x0000000716600000| PB 0x0000000716600000| Complete  |  0
|   55|0x0000000716800000, 0x0000000716a00000, 0x0000000716a00000|100%| E|CS|TAMS 0x0000000716800000| PB 0x0000000716800000| Complete  |  0
|   56|0x0000000716a00000, 0x0000000716c00000, 0x0000000716c00000|100%| E|CS|TAMS 0x0000000716a00000| PB 0x0000000716a00000| Complete  |  0
|   57|0x0000000716c00000, 0x0000000716e00000, 0x0000000716e00000|100%| E|CS|TAMS 0x0000000716c00000| PB 0x0000000716c00000| Complete  |  0
|   58|0x0000000716e00000, 0x0000000717000000, 0x0000000717000000|100%| E|CS|TAMS 0x0000000716e00000| PB 0x0000000716e00000| Complete  |  0
|   59|0x0000000717000000, 0x0000000717200000, 0x0000000717200000|100%| E|CS|TAMS 0x0000000717000000| PB 0x0000000717000000| Complete  |  0
|   60|0x0000000717200000, 0x0000000717400000, 0x0000000717400000|100%| E|CS|TAMS 0x0000000717200000| PB 0x0000000717200000| Complete  |  0
|   61|0x0000000717400000, 0x0000000717600000, 0x0000000717600000|100%| E|CS|TAMS 0x0000000717400000| PB 0x0000000717400000| Complete  |  0
|   62|0x0000000717600000, 0x0000000717800000, 0x0000000717800000|100%| E|CS|TAMS 0x0000000717600000| PB 0x0000000717600000| Complete  |  0
|   63|0x0000000717800000, 0x0000000717a00000, 0x0000000717a00000|100%| E|CS|TAMS 0x0000000717800000| PB 0x0000000717800000| Complete  |  0
|   64|0x0000000717a00000, 0x0000000717c00000, 0x0000000717c00000|100%| E|CS|TAMS 0x0000000717a00000| PB 0x0000000717a00000| Complete  |  0
|   65|0x0000000717c00000, 0x0000000717e00000, 0x0000000717e00000|100%| E|CS|TAMS 0x0000000717c00000| PB 0x0000000717c00000| Complete  |  0
|   66|0x0000000717e00000, 0x0000000717fe4ed8, 0x0000000718000000| 94%| S|CS|TAMS 0x0000000717e00000| PB 0x0000000717e00000| Complete  |  0
|   67|0x0000000718000000, 0x0000000718200000, 0x0000000718200000|100%| E|CS|TAMS 0x0000000718000000| PB 0x0000000718000000| Complete  |  0
|   68|0x0000000718200000, 0x0000000718400000, 0x0000000718400000|100%| E|CS|TAMS 0x0000000718200000| PB 0x0000000718200000| Complete  |  0
| 1920|0x00000007ffa00000, 0x00000007ffc00000, 0x00000007ffc00000|100%| O|  |TAMS 0x00000007ffa00000| PB 0x00000007ffa00000| Untracked |  0
| 1921|0x00000007ffc00000, 0x00000007ffe00000, 0x00000007ffe00000|100%| O|  |TAMS 0x00000007ffc00000| PB 0x00000007ffc00000| Untracked |  0
| 1922|0x00000007ffe00000, 0x0000000800000000, 0x0000000800000000|100%| E|CS|TAMS 0x00000007ffe00000| PB 0x00000007ffe00000| Complete  |  0

Card table byte_map: [0x00007f91c6170000,0x00007f91c68f3000] _byte_map_base: 0x00007f91c28f3000
Refinement table byte_map: [0x00007f91c68f3000,0x00007f91c7076000] _byte_map_base: 0x00007f91c3076000

Marking Bits: (CMBitMap*) 0x00007f91e006f410
 Bits: [0x00007f91c2558000, 0x00007f91c6170000)

Polling page: 0x00007f91e6236000

Metaspace:
Metaspace        used 29281K, committed 30016K, reserved 1114112K
 class space     used 2741K, committed 3072K, reserved 1048576K

Usage:
  Non-class:     25.92 MB used.
      Class:      2.68 MB used.
       Both:     28.60 MB used.

Virtual space:
  Non-class space:       64.00 MB reserved,      26.31 MB ( 41%) committed,  1 nodes.
      Class space:        1.00 GB reserved,       3.00 MB ( <1%) committed,  1 nodes.
             Both:        1.06 GB reserved,      29.31 MB (  3%) committed. 

Chunk freelists:
   Non-Class:  5.70 MB
       Class:  12.83 MB
        Both:  18.53 MB

MaxMetaspaceSize: unlimited
CompressedClassSpaceSize: 1.00 GB
Initial GC threshold: 21.00 MB
Current GC threshold: 35.25 MB
CDS: on
 - commit_granule_bytes: 65536.
 - commit_granule_words: 8192.
 - virtual_space_node_default_size: 8388608.
 - enlarge_chunks_in_place: 1.
UseCompressedClassPointers 1, UseCompactObjectHeaders 0
Narrow klass pointer bits 32, Max shift 3
Narrow klass base: 0x000000001d000000, Narrow klass shift: 0
Encoding Range: [0x000000001d000000 - 0x000000011d000000), (4294967296 bytes)
Klass Range:    [0x000000001d000000 - 0x000000005e000000), (1090519040 bytes)
Klass ID Range:  [8 - 1090519033) (1090519025)
Protection zone: [0x000000001d000000 - 0x000000001d001000), (4096 bytes)


Internal statistics:

num_allocs_failed_limit: 3.
num_arena_births: 1054.
num_arena_deaths: 0.
num_vsnodes_births: 2.
num_vsnodes_deaths: 0.
num_space_committed: 468.
num_space_uncommitted: 0.
num_chunks_returned_to_freelist: 3.
num_chunks_taken_from_freelist: 2082.
num_chunk_merges: 3.
num_chunk_splits: 1417.
num_chunks_enlarged: 945.
num_inconsistent_stats: 0.

CodeHeap 'non-profiled nmethods': size=119168Kb used=1570Kb max_used=1570Kb free=117597Kb
 bounds [0x00007f91cf9a0000, 0x00007f91cfc10000, 0x00007f91d6e00000]
CodeHeap 'profiled nmethods': size=119168Kb used=7126Kb max_used=7126Kb free=112041Kb
 bounds [0x00007f91c7dff000, 0x00007f91c84ff000, 0x00007f91cf25f000]
CodeHeap 'non-nmethods': size=7428Kb used=3111Kb max_used=5016Kb free=4316Kb
 bounds [0x00007f91cf25f000, 0x00007f91cf74f000, 0x00007f91cf9a0000]
CodeCache: size=245764Kb, used=11807Kb, max_used=13712Kb, free=233954Kb
 total_blobs=6195, nmethods=4302, adapters=1773, full_count=0
Compilation: enabled, stopped_count=0, restarted_count=0

Compilation events (20 events):
Event: 65.298 Thread 0x00007f91e0111a30 4319       3       java.lang.foreign.SegmentAllocator::allocateFrom (133 bytes)
Event: 65.304 Thread 0x00007f91e0111a30 nmethod 4319 0x00007f91c84ec588 code [0x00007f91c84ec680, 0x00007f91c84f2520]
Event: 65.305 Thread 0x00007f91e0111a30 4318       3       java.lang.foreign.SegmentAllocator::allocateFrom (16 bytes)
Event: 65.305 Thread 0x00007f91e0111a30 nmethod 4318 0x00007f91c84f2588 code [0x00007f91c84f2680, 0x00007f91c84f2998]
Event: 65.305 Thread 0x00007f91e0111a30 4320       3       jdk.internal.foreign.StringSupport::bytesCompatible (11 bytes)
Event: 65.305 Thread 0x00007f91e0111a30 nmethod 4320 0x00007f91c84f2a08 code [0x00007f91c84f2b00, 0x00007f91c84f2d08]
Event: 65.305 Thread 0x00007f91e0111a30 4321       3       java.lang.System$1::bytesCompatible (6 bytes)
Event: 65.305 Thread 0x00007f91e0111a30 nmethod 4321 0x00007f91c84f2d88 code [0x00007f91c84f2e80, 0x00007f91c84f3038]
Event: 65.305 Thread 0x00007f91e0111a30 4322       3       java.lang.String::bytesCompatible (54 bytes)
Event: 65.305 Thread 0x00007f91e0111a30 nmethod 4322 0x00007f91c84f3088 code [0x00007f91c84f3180, 0x00007f91c84f3610]
Event: 65.305 Thread 0x00007f91e0111a30 4323       3       java.lang.foreign.SegmentAllocator::allocateNoInit (34 bytes)
Event: 65.305 Thread 0x00007f91e0111a30 nmethod 4323 0x00007f91c84f3688 code [0x00007f91c84f3780, 0x00007f91c84f3be0]
Event: 65.305 Thread 0x00007f91e0111a30 4324       3       jdk.internal.foreign.StringSupport::copyToSegmentRaw (12 bytes)
Event: 65.306 Thread 0x00007f91e0111a30 nmethod 4324 0x00007f91c84f3c08 code [0x00007f91c84f3d00, 0x00007f91c84f3f00]
Event: 65.344 Thread 0x00007f91e0110060 4325       4       java.util.concurrent.atomic.AtomicLongFieldUpdater$CASUpdater::getAndAdd (18 bytes)
Event: 65.345 Thread 0x00007f91e0110060 nmethod 4325 0x00007f91cfb28808 code [0x00007f91cfb28900, 0x00007f91cfb28ad8]
Event: 65.662 Thread 0x00007f91e0111a30 4326  s    3       java.lang.Throwable::fillInStackTrace (29 bytes)
Event: 65.663 Thread 0x00007f91e0111a30 nmethod 4326 0x00007f91c84f3f08 code [0x00007f91c84f4000, 0x00007f91c84f4358]
Event: 65.663 Thread 0x00007f91e0111a30 4327       3       java.lang.Throwable::<init> (48 bytes)
Event: 65.663 Thread 0x00007f91e0111a30 nmethod 4327 0x00007f91c84f4388 code [0x00007f91c84f4480, 0x00007f91c84f4910]

GC Heap Usage History (20 events):
Event: 4.172 {heap Before GC invocations=11 (full 0):
 garbage-first heap   total reserved 3938304K, committed 49152K, used 31838K [0x000000070fa00000, 0x0000000800000000)
  region size 2M, 6 eden (12M), 2 survivor (4M), 5 old (10M), 5 humongous (10M), 6 free (12M)
}
Event: 4.176 {heap After GC invocations=12 (full 0):
 garbage-first heap   total reserved 3938304K, committed 49152K, used 13875K [0x000000070fa00000, 0x0000000800000000)
  region size 2M, 0 eden (0M), 1 survivor (2M), 5 old (10M), 1 humongous (2M), 17 free (34M)
}
Event: 4.281 {heap Before GC invocations=12 (full 0):
 garbage-first heap   total reserved 3938304K, committed 49152K, used 22067K [0x000000070fa00000, 0x0000000800000000)
  region size 2M, 1 eden (2M), 1 survivor (2M), 5 old (10M), 5 humongous (10M), 12 free (24M)
}
Event: 4.285 {heap After GC invocations=13 (full 0):
 garbage-first heap   total reserved 3938304K, committed 49152K, used 13836K [0x000000070fa00000, 0x0000000800000000)
  region size 2M, 0 eden (0M), 1 survivor (2M), 5 old (10M), 1 humongous (2M), 17 free (34M)
}
Event: 4.385 {heap Before GC invocations=13 (full 0):
 garbage-first heap   total reserved 3938304K, committed 49152K, used 22028K [0x000000070fa00000, 0x0000000800000000)
  region size 2M, 1 eden (2M), 1 survivor (2M), 5 old (10M), 5 humongous (10M), 12 free (24M)
}
Event: 4.389 {heap After GC invocations=14 (full 0):
 garbage-first heap   total reserved 3938304K, committed 49152K, used 13798K [0x000000070fa00000, 0x0000000800000000)
  region size 2M, 0 eden (0M), 1 survivor (2M), 5 old (10M), 1 humongous (2M), 17 free (34M)
}
Event: 4.494 {heap Before GC invocations=14 (full 0):
 garbage-first heap   total reserved 3938304K, committed 49152K, used 21990K [0x000000070fa00000, 0x0000000800000000)
  region size 2M, 1 eden (2M), 1 survivor (2M), 5 old (10M), 5 humongous (10M), 12 free (24M)
}
Event: 4.501 {heap After GC invocations=15 (full 0):
 garbage-first heap   total reserved 3938304K, committed 147456K, used 13795K [0x000000070fa00000, 0x0000000800000000)
  region size 2M, 0 eden (0M), 1 survivor (2M), 5 old (10M), 1 humongous (2M), 65 free (130M)
}
Event: 5.135 {heap Before GC invocations=15 (full 0):
 garbage-first heap   total reserved 3938304K, committed 147456K, used 67043K [0x000000070fa00000, 0x0000000800000000)
  region size 2M, 1 eden (2M), 1 survivor (2M), 5 old (10M), 27 humongous (54M), 38 free (76M)
}
Event: 5.142 {heap After GC invocations=16 (full 0):
 garbage-first heap   total reserved 3938304K, committed 147456K, used 13675K [0x000000070fa00000, 0x0000000800000000)
  region size 2M, 0 eden (0M), 1 survivor (2M), 5 old (10M), 1 humongous (2M), 65 free (130M)
}
Event: 5.742 {heap Before GC invocations=16 (full 0):
 garbage-first heap   total reserved 3938304K, committed 147456K, used 71019K [0x000000070fa00000, 0x0000000800000000)
  region size 2M, 3 eden (6M), 1 survivor (2M), 5 old (10M), 27 humongous (54M), 36 free (72M)
}
Event: 5.749 {heap After GC invocations=17 (full 0):
 garbage-first heap   total reserved 3938304K, committed 147456K, used 13730K [0x000000070fa00000, 0x0000000800000000)
  region size 2M, 0 eden (0M), 1 survivor (2M), 5 old (10M), 1 humongous (2M), 65 free (130M)
}
Event: 6.354 {heap Before GC invocations=17 (full 0):
 garbage-first heap   total reserved 3938304K, committed 147456K, used 69026K [0x000000070fa00000, 0x0000000800000000)
  region size 2M, 2 eden (4M), 1 survivor (2M), 5 old (10M), 27 humongous (54M), 37 free (74M)
}
Event: 6.358 {heap After GC invocations=18 (full 0):
 garbage-first heap   total reserved 3938304K, committed 147456K, used 13817K [0x000000070fa00000, 0x0000000800000000)
  region size 2M, 0 eden (0M), 1 survivor (2M), 5 old (10M), 1 humongous (2M), 65 free (130M)
}
Event: 6.951 {heap Before GC invocations=18 (full 0):
 garbage-first heap   total reserved 3938304K, committed 147456K, used 69113K [0x000000070fa00000, 0x0000000800000000)
  region size 2M, 2 eden (4M), 1 survivor (2M), 5 old (10M), 27 humongous (54M), 37 free (74M)
}
Event: 6.955 {heap After GC invocations=19 (full 0):
 garbage-first heap   total reserved 3938304K, committed 147456K, used 13812K [0x000000070fa00000, 0x0000000800000000)
  region size 2M, 0 eden (0M), 1 survivor (2M), 5 old (10M), 1 humongous (2M), 65 free (130M)
}
Event: 7.549 {heap Before GC invocations=19 (full 0):
 garbage-first heap   total reserved 3938304K, committed 147456K, used 69108K [0x000000070fa00000, 0x0000000800000000)
  region size 2M, 2 eden (4M), 1 survivor (2M), 5 old (10M), 27 humongous (54M), 37 free (74M)
}
Event: 7.554 {heap After GC invocations=20 (full 0):
 garbage-first heap   total reserved 3938304K, committed 147456K, used 13774K [0x000000070fa00000, 0x0000000800000000)
  region size 2M, 0 eden (0M), 1 survivor (2M), 5 old (10M), 1 humongous (2M), 65 free (130M)
}
Event: 8.202 {heap Before GC invocations=20 (full 0):
 garbage-first heap   total reserved 3938304K, committed 147456K, used 69070K [0x000000070fa00000, 0x0000000800000000)
  region size 2M, 2 eden (4M), 1 survivor (2M), 5 old (10M), 27 humongous (54M), 37 free (74M)
}
Event: 8.207 {heap After GC invocations=21 (full 0):
 garbage-first heap   total reserved 3938304K, committed 147456K, used 13767K [0x000000070fa00000, 0x0000000800000000)
  region size 2M, 0 eden (0M), 1 survivor (2M), 5 old (10M), 1 humongous (2M), 65 free (130M)
}

Metaspace Usage History (20 events):
Event: 4.172 {metaspace Before GC invocations=11 (full 0):
 Metaspace       used 28511K, committed 29312K, reserved 1114112K
  class space    used 2722K, committed 3072K, reserved 1048576K
}
Event: 4.176 {metaspace After GC invocations=12 (full 0):
 Metaspace       used 28511K, committed 29312K, reserved 1114112K
  class space    used 2722K, committed 3072K, reserved 1048576K
}
Event: 4.281 {metaspace Before GC invocations=12 (full 0):
 Metaspace       used 28518K, committed 29312K, reserved 1114112K
  class space    used 2722K, committed 3072K, reserved 1048576K
}
Event: 4.285 {metaspace After GC invocations=13 (full 0):
 Metaspace       used 28518K, committed 29312K, reserved 1114112K
  class space    used 2722K, committed 3072K, reserved 1048576K
}
Event: 4.385 {metaspace Before GC invocations=13 (full 0):
 Metaspace       used 28545K, committed 29312K, reserved 1114112K
  class space    used 2722K, committed 3072K, reserved 1048576K
}
Event: 4.389 {metaspace After GC invocations=14 (full 0):
 Metaspace       used 28545K, committed 29312K, reserved 1114112K
  class space    used 2722K, committed 3072K, reserved 1048576K
}
Event: 4.494 {metaspace Before GC invocations=14 (full 0):
 Metaspace       used 28549K, committed 29312K, reserved 1114112K
  class space    used 2722K, committed 3072K, reserved 1048576K
}
Event: 4.501 {metaspace After GC invocations=15 (full 0):
 Metaspace       used 28549K, committed 29312K, reserved 1114112K
  class space    used 2722K, committed 3072K, reserved 1048576K
}
Event: 5.135 {metaspace Before GC invocations=15 (full 0):
 Metaspace       used 28597K, committed 29376K, reserved 1114112K
  class space    used 2722K, committed 3072K, reserved 1048576K
}
Event: 5.142 {metaspace After GC invocations=16 (full 0):
 Metaspace       used 28597K, committed 29376K, reserved 1114112K
  class space    used 2722K, committed 3072K, reserved 1048576K
}
Event: 5.742 {metaspace Before GC invocations=16 (full 0):
 Metaspace       used 28667K, committed 29440K, reserved 1114112K
  class space    used 2724K, committed 3072K, reserved 1048576K
}
Event: 5.749 {metaspace After GC invocations=17 (full 0):
 Metaspace       used 28667K, committed 29440K, reserved 1114112K
  class space    used 2724K, committed 3072K, reserved 1048576K
}
Event: 6.354 {metaspace Before GC invocations=17 (full 0):
 Metaspace       used 28682K, committed 29440K, reserved 1114112K
  class space    used 2725K, committed 3072K, reserved 1048576K
}
Event: 6.358 {metaspace After GC invocations=18 (full 0):
 Metaspace       used 28682K, committed 29440K, reserved 1114112K
  class space    used 2725K, committed 3072K, reserved 1048576K
}
Event: 6.951 {metaspace Before GC invocations=18 (full 0):
 Metaspace       used 28701K, committed 29504K, reserved 1114112K
  class space    used 2725K, committed 3072K, reserved 1048576K
}
Event: 6.955 {metaspace After GC invocations=19 (full 0):
 Metaspace       used 28701K, committed 29504K, reserved 1114112K
  class space    used 2725K, committed 3072K, reserved 1048576K
}
Event: 7.549 {metaspace Before GC invocations=19 (full 0):
 Metaspace       used 28715K, committed 29504K, reserved 1114112K
  class space    used 2726K, committed 3072K, reserved 1048576K
}
Event: 7.554 {metaspace After GC invocations=20 (full 0):
 Metaspace       used 28715K, committed 29504K, reserved 1114112K
  class space    used 2726K, committed 3072K, reserved 1048576K
}
Event: 8.202 {metaspace Before GC invocations=20 (full 0):
 Metaspace       used 28737K, committed 29504K, reserved 1114112K
  class space    used 2726K, committed 3072K, reserved 1048576K
}
Event: 8.207 {metaspace After GC invocations=21 (full 0):
 Metaspace       used 28737K, committed 29504K, reserved 1114112K
  class space    used 2726K, committed 3072K, reserved 1048576K
}

Dll operation events (20 events):
Event: 0.793 Attempting to load shared library /tmp/lwjgl_annihilator/3.3.6+1/x64/liblwjgl_opengl.so
Event: 0.793 Loaded shared library /tmp/lwjgl_annihilator/3.3.6+1/x64/liblwjgl_opengl.so
Event: 0.869 Attempting to load shared library /home/annihilator/.skiko/skiko-linux-x64-434f7633c843870c0839a1137b128f6c3db3c5d58dcad3545e90827e3e341afb/libskiko-linux-x64.so
Event: 0.894 Loaded shared library /home/annihilator/.skiko/skiko-linux-x64-434f7633c843870c0839a1137b128f6c3db3c5d58dcad3545e90827e3e341afb/libskiko-linux-x64.so
Event: 0.999 Attempting to load shared library /home/annihilator/dev/mpv/build/libmpv.so.2.5.0
Event: 1.068 Loaded shared library /home/annihilator/dev/mpv/build/libmpv.so.2.5.0
Event: 1.071 Attempting to load shared library /usr/lib/jvm/java-26-openjdk/lib/libsyslookup.so
Event: 1.071 Loaded shared library /usr/lib/jvm/java-26-openjdk/lib/libsyslookup.so
Event: 2.543 Attempting to load shared library libglib-2.0.so.0
Event: 2.543 Loaded shared library libglib-2.0.so.0
Event: 2.562 Attempting to load shared library libwpe-1.0.so.1
Event: 2.564 Loaded shared library libwpe-1.0.so.1
Event: 2.564 Attempting to load shared library libWPEBackend-fdo-1.0.so.1
Event: 2.567 Loaded shared library libWPEBackend-fdo-1.0.so.1
Event: 2.599 Attempting to load shared library libWPEWebKit-2.0.so.1
Event: 2.638 Loaded shared library libWPEWebKit-2.0.so.1
Event: 2.639 Attempting to load shared library libgobject-2.0.so.0
Event: 2.639 Loaded shared library libgobject-2.0.so.0
Event: 3.654 Attempting to load shared library libwayland-server.so.0
Event: 3.654 Loaded shared library libwayland-server.so.0

Deoptimization events (20 events):
Event: 37.435 Thread 0x00007f91e15c3870 Uncommon trap: trap_request=0xffffff54 fr.pc=0x00007f91cfb1de68 relative=0x0000000000000068
Event: 37.435 Thread 0x00007f91e15c3870 Uncommon trap: reason=speculate_null_check action=make_not_entrant pc=0x00007f91cfb1de68 method=jdk.internal.misc.Unsafe.putIntUnaligned(Ljava/lang/Object;JIZ)V @ 10 c2
Event: 37.435 Thread 0x00007f91e15c3870 DEOPT PACKING pc=0x00007f91cfb1de68 sp=0x00007f91473c0ea0
Event: 37.435 Thread 0x00007f91e15c3870 DEOPT UNPACKING pc=0x00007f91cf382379 sp=0x00007f91473c0e10 mode 2
Event: 41.753 Thread 0x00007f91e15c3870 Uncommon trap: trap_request=0xffffff54 fr.pc=0x00007f91cfb21268 relative=0x0000000000000068
Event: 41.753 Thread 0x00007f91e15c3870 Uncommon trap: reason=speculate_null_check action=make_not_entrant pc=0x00007f91cfb21268 method=jdk.internal.misc.Unsafe.putLongUnaligned(Ljava/lang/Object;JJZ)V @ 10 c2
Event: 41.753 Thread 0x00007f91e15c3870 DEOPT PACKING pc=0x00007f91cfb21268 sp=0x00007f91473c0ea0
Event: 41.753 Thread 0x00007f91e15c3870 DEOPT UNPACKING pc=0x00007f91cf382379 sp=0x00007f91473c0e00 mode 2
Event: 65.660 Thread 0x00007f91e16bedc0 Uncommon trap: trap_request=0xffffff95 fr.pc=0x00007f91cfae0440 relative=0x0000000000001040
Event: 65.660 Thread 0x00007f91e16bedc0 Uncommon trap: reason=unreached action=reinterpret pc=0x00007f91cfae0440 method=java.lang.System$Out.write([BII)V @ 20 c2
Event: 65.660 Thread 0x00007f91e16bedc0 DEOPT PACKING pc=0x00007f91cfae0440 sp=0x00007f91474c26b0
Event: 65.660 Thread 0x00007f91e16bedc0 DEOPT UNPACKING pc=0x00007f91cf382379 sp=0x00007f91474c2508 mode 2
Event: 65.662 Thread 0x00007f91e16bedc0 Uncommon trap: trap_request=0xffffff95 fr.pc=0x00007f91cfaccccc relative=0x000000000000034c
Event: 65.662 Thread 0x00007f91e16bedc0 Uncommon trap: reason=unreached action=reinterpret pc=0x00007f91cfaccccc method=java.lang.System$Out.write([BII)V @ 20 c2
Event: 65.662 Thread 0x00007f91e16bedc0 DEOPT PACKING pc=0x00007f91cfaccccc sp=0x00007f91474c25c0
Event: 65.662 Thread 0x00007f91e16bedc0 DEOPT UNPACKING pc=0x00007f91cf382379 sp=0x00007f91474c24a0 mode 2
Event: 65.662 Thread 0x00007f91e16bedc0 Uncommon trap: trap_request=0xffffff95 fr.pc=0x00007f91cfae1f70 relative=0x0000000000001470
Event: 65.662 Thread 0x00007f91e16bedc0 Uncommon trap: reason=unreached action=reinterpret pc=0x00007f91cfae1f70 method=java.lang.System$Out.write([BII)V @ 20 c2
Event: 65.662 Thread 0x00007f91e16bedc0 DEOPT PACKING pc=0x00007f91cfae1f70 sp=0x00007f91474c2740
Event: 65.662 Thread 0x00007f91e16bedc0 DEOPT UNPACKING pc=0x00007f91cf382379 sp=0x00007f91474c2558 mode 2

Classes loaded (20 events):
Event: 3.657 Loading class jdk/internal/foreign/GlobalSession$HeapSession
Event: 3.658 Loading class jdk/internal/foreign/GlobalSession$HeapSession done
Event: 3.658 Loading class jdk/internal/foreign/SegmentBulkOperations
Event: 3.658 Loading class jdk/internal/foreign/SegmentBulkOperations done
Event: 3.691 Loading class sun/util/resources/LocaleData$LocaleDataResourceBundleProvider
Event: 3.691 Loading class java/util/spi/ResourceBundleProvider
Event: 3.691 Loading class java/util/spi/ResourceBundleProvider done
Event: 3.691 Loading class sun/util/resources/LocaleData$LocaleDataResourceBundleProvider done
Event: 3.692 Loading class java/util/ArrayList$SubList$1
Event: 3.692 Loading class java/util/ArrayList$SubList$1 done
Event: 3.927 Loading class java/util/regex/Pattern$SliceS
Event: 3.927 Loading class java/util/regex/Pattern$SliceS done
Event: 65.679 Loading class jdk/internal/misc/Signal$1
Event: 65.679 Loading class jdk/internal/misc/Signal$1 done
Event: 65.682 Loading class sun/awt/X11/XSystemTrayPeer
Event: 65.682 Loading class java/awt/peer/SystemTrayPeer
Event: 65.682 Loading class java/awt/peer/SystemTrayPeer done
Event: 65.682 Loading class sun/awt/X11/XMSelectionListener
Event: 65.682 Loading class sun/awt/X11/XMSelectionListener done
Event: 65.682 Loading class sun/awt/X11/XSystemTrayPeer done

Classes unloaded (0 events):
No events

Classes redefined (0 events):
No events

Internal exceptions (20 events):
Event: 65.669 Thread 0x00007f91e16bedc0 Exception <a 'java/io/IOException'{0x000000071550af90}> (0x000000071550af90) 
thrown [/usr/src/debug/java-openjdk/jdk26u-jdk-26.0.2.1-1/src/hotspot/share/prims/jni.cpp, line 514]
Event: 65.669 Thread 0x00007f91e16bedc0 Exception <a 'java/io/IOException'{0x000000071550b2a0}> (0x000000071550b2a0) 
thrown [/usr/src/debug/java-openjdk/jdk26u-jdk-26.0.2.1-1/src/hotspot/share/prims/jni.cpp, line 514]
Event: 65.670 Thread 0x00007f91e16bedc0 Exception <a 'java/io/IOException'{0x000000071550b8e8}> (0x000000071550b8e8) 
thrown [/usr/src/debug/java-openjdk/jdk26u-jdk-26.0.2.1-1/src/hotspot/share/prims/jni.cpp, line 514]
Event: 65.670 Thread 0x00007f91e16bedc0 Exception <a 'java/io/IOException'{0x000000071550bbf8}> (0x000000071550bbf8) 
thrown [/usr/src/debug/java-openjdk/jdk26u-jdk-26.0.2.1-1/src/hotspot/share/prims/jni.cpp, line 514]
Event: 65.672 Thread 0x00007f91e16bedc0 Exception <a 'java/io/IOException'{0x000000071550c210}> (0x000000071550c210) 
thrown [/usr/src/debug/java-openjdk/jdk26u-jdk-26.0.2.1-1/src/hotspot/share/prims/jni.cpp, line 514]
Event: 65.672 Thread 0x00007f91e16bedc0 Exception <a 'java/io/IOException'{0x000000071550c520}> (0x000000071550c520) 
thrown [/usr/src/debug/java-openjdk/jdk26u-jdk-26.0.2.1-1/src/hotspot/share/prims/jni.cpp, line 514]
Event: 65.673 Thread 0x00007f91e16bedc0 Exception <a 'java/io/IOException'{0x000000071550cb38}> (0x000000071550cb38) 
thrown [/usr/src/debug/java-openjdk/jdk26u-jdk-26.0.2.1-1/src/hotspot/share/prims/jni.cpp, line 514]
Event: 65.673 Thread 0x00007f91e16bedc0 Exception <a 'java/io/IOException'{0x000000071550ce48}> (0x000000071550ce48) 
thrown [/usr/src/debug/java-openjdk/jdk26u-jdk-26.0.2.1-1/src/hotspot/share/prims/jni.cpp, line 514]
Event: 65.674 Thread 0x00007f91e16bedc0 Exception <a 'java/io/IOException'{0x000000071550d488}> (0x000000071550d488) 
thrown [/usr/src/debug/java-openjdk/jdk26u-jdk-26.0.2.1-1/src/hotspot/share/prims/jni.cpp, line 514]
Event: 65.674 Thread 0x00007f91e16bedc0 Exception <a 'java/io/IOException'{0x000000071550d798}> (0x000000071550d798) 
thrown [/usr/src/debug/java-openjdk/jdk26u-jdk-26.0.2.1-1/src/hotspot/share/prims/jni.cpp, line 514]
Event: 65.675 Thread 0x00007f91e16bedc0 Exception <a 'java/io/IOException'{0x000000071550dde0}> (0x000000071550dde0) 
thrown [/usr/src/debug/java-openjdk/jdk26u-jdk-26.0.2.1-1/src/hotspot/share/prims/jni.cpp, line 514]
Event: 65.675 Thread 0x00007f91e16bedc0 Exception <a 'java/io/IOException'{0x000000071550e0f0}> (0x000000071550e0f0) 
thrown [/usr/src/debug/java-openjdk/jdk26u-jdk-26.0.2.1-1/src/hotspot/share/prims/jni.cpp, line 514]
Event: 65.676 Thread 0x00007f91e16bedc0 Exception <a 'java/io/IOException'{0x000000071550e780}> (0x000000071550e780) 
thrown [/usr/src/debug/java-openjdk/jdk26u-jdk-26.0.2.1-1/src/hotspot/share/prims/jni.cpp, line 514]
Event: 65.676 Thread 0x00007f91e16bedc0 Exception <a 'java/io/IOException'{0x000000071550ea90}> (0x000000071550ea90) 
thrown [/usr/src/debug/java-openjdk/jdk26u-jdk-26.0.2.1-1/src/hotspot/share/prims/jni.cpp, line 514]
Event: 65.678 Thread 0x00007f91e16bedc0 Exception <a 'java/io/IOException'{0x000000071550f128}> (0x000000071550f128) 
thrown [/usr/src/debug/java-openjdk/jdk26u-jdk-26.0.2.1-1/src/hotspot/share/prims/jni.cpp, line 514]
Event: 65.678 Thread 0x00007f91e16bedc0 Exception <a 'java/io/IOException'{0x000000071550f438}> (0x000000071550f438) 
thrown [/usr/src/debug/java-openjdk/jdk26u-jdk-26.0.2.1-1/src/hotspot/share/prims/jni.cpp, line 514]
Event: 65.679 Thread 0x00007f91e16bedc0 Exception <a 'java/io/IOException'{0x000000071550fa98}> (0x000000071550fa98) 
thrown [/usr/src/debug/java-openjdk/jdk26u-jdk-26.0.2.1-1/src/hotspot/share/prims/jni.cpp, line 514]
Event: 65.679 Thread 0x00007f91e16bedc0 Exception <a 'java/io/IOException'{0x000000071550fda8}> (0x000000071550fda8) 
thrown [/usr/src/debug/java-openjdk/jdk26u-jdk-26.0.2.1-1/src/hotspot/share/prims/jni.cpp, line 514]
Event: 65.681 Thread 0x00007f91e16bedc0 Exception <a 'java/io/IOException'{0x0000000715510448}> (0x0000000715510448) 
thrown [/usr/src/debug/java-openjdk/jdk26u-jdk-26.0.2.1-1/src/hotspot/share/prims/jni.cpp, line 514]
Event: 65.681 Thread 0x00007f91e16bedc0 Exception <a 'java/io/IOException'{0x0000000715510758}> (0x0000000715510758) 
thrown [/usr/src/debug/java-openjdk/jdk26u-jdk-26.0.2.1-1/src/hotspot/share/prims/jni.cpp, line 514]

VM Operations (20 events):
Event: 4.389 Executing safepoint VM operation: G1TryInitiateConcMark (G1 Humongous Allocation) done
Event: 4.494 Executing safepoint VM operation: G1TryInitiateConcMark (G1 Humongous Allocation)
Event: 4.501 Executing safepoint VM operation: G1TryInitiateConcMark (G1 Humongous Allocation) done
Event: 5.135 Executing safepoint VM operation: G1TryInitiateConcMark (G1 Humongous Allocation)
Event: 5.142 Executing safepoint VM operation: G1TryInitiateConcMark (G1 Humongous Allocation) done
Event: 5.742 Executing safepoint VM operation: G1TryInitiateConcMark (G1 Humongous Allocation)
Event: 5.749 Executing safepoint VM operation: G1TryInitiateConcMark (G1 Humongous Allocation) done
Event: 6.354 Executing safepoint VM operation: G1TryInitiateConcMark (G1 Humongous Allocation)
Event: 6.358 Executing safepoint VM operation: G1TryInitiateConcMark (G1 Humongous Allocation) done
Event: 6.951 Executing safepoint VM operation: G1TryInitiateConcMark (G1 Humongous Allocation)
Event: 6.955 Executing safepoint VM operation: G1TryInitiateConcMark (G1 Humongous Allocation) done
Event: 7.549 Executing safepoint VM operation: G1TryInitiateConcMark (G1 Humongous Allocation)
Event: 7.554 Executing safepoint VM operation: G1TryInitiateConcMark (G1 Humongous Allocation) done
Event: 8.202 Executing safepoint VM operation: G1TryInitiateConcMark (G1 Humongous Allocation)
Event: 8.207 Executing safepoint VM operation: G1TryInitiateConcMark (G1 Humongous Allocation) done
Event: 60.054 Executing non-safepoint VM operation: HandshakeAllThreads (DeflationHandshakeClosure)
Event: 60.054 Executing non-safepoint VM operation: HandshakeAllThreads (DeflationHandshakeClosure) done
Event: 60.054 Executing non-safepoint VM operation: RendezvousGCThreads
Event: 60.054 Executing non-safepoint VM operation: RendezvousGCThreads done
Event: 65.683 Executing safepoint VM operation: Exit

Memory protections (20 events):
Event: 0.941 Protecting memory [0x00007f9161500000,0x00007f9161504000] with protection modes 0
Event: 0.941 Protecting memory [0x00007f91613ff000,0x00007f9161403000] with protection modes 0
Event: 0.941 Protecting memory [0x00007f91612fe000,0x00007f9161302000] with protection modes 0
Event: 0.956 Protecting memory [0x00007f9160df9000,0x00007f9160dfd000] with protection modes 0
Event: 1.186 Protecting memory [0x00007f91473c4000,0x00007f91473c8000] with protection modes 0
Event: 1.192 Protecting memory [0x00007f91472c3000,0x00007f91472c7000] with protection modes 0
Event: 1.813 Protecting memory [0x00007f913c0ff000,0x00007f913c103000] with protection modes 0
Event: 1.813 Protecting memory [0x00007f9132abc000,0x00007f9132ac0000] with protection modes 0
Event: 1.963 Protecting memory [0x00007f9131cfd000,0x00007f9131d01000] with protection modes 0
Event: 2.555 Protecting memory [0x00007f912c500000,0x00007f912c504000] with protection modes 0
Event: 2.623 Protecting memory [0x00007f91300f6000,0x00007f91300fa000] with protection modes 0
Event: 2.686 Protecting memory [0x00007f9128b8d000,0x00007f9128b91000] with protection modes 0
Event: 3.305 Protecting memory [0x00007f912a98e000,0x00007f912a98f000] with protection modes 1
Event: 27.348 Protecting memory [0x00007f91b22fc000,0x00007f91b2300000] with protection modes 0
Event: 27.348 Protecting memory [0x00007f91b1ff9000,0x00007f91b1ffd000] with protection modes 0
Event: 27.758 Protecting memory [0x00007f91b22fc000,0x00007f91b2300000] with protection modes 0
Event: 27.758 Protecting memory [0x00007f91b1ff9000,0x00007f91b1ffd000] with protection modes 0
Event: 27.758 Protecting memory [0x00007f9165b65000,0x00007f9165b69000] with protection modes 0
Event: 65.680 Protecting memory [0x00007f91b22fc000,0x00007f91b2300000] with protection modes 0
Event: 65.681 Protecting memory [0x00007f91b1ff9000,0x00007f91b1ffd000] with protection modes 0

Nmethod flushes (20 events):
Event: 2.243 Thread 0x00007f91e00ffa40 flushing  nmethod 0x00007f91c7e13788
Event: 2.243 Thread 0x00007f91e00ffa40 flushing  nmethod 0x00007f91c7e14008
Event: 2.243 Thread 0x00007f91e00ffa40 flushing  nmethod 0x00007f91c7e15188
Event: 2.243 Thread 0x00007f91e00ffa40 flushing  nmethod 0x00007f91c7e15508
Event: 2.243 Thread 0x00007f91e00ffa40 flushing  nmethod 0x00007f91c7e16d08
Event: 2.243 Thread 0x00007f91e00ffa40 flushing  nmethod 0x00007f91c7e17608
Event: 2.243 Thread 0x00007f91e00ffa40 flushing  nmethod 0x00007f91c7dffb08
Event: 2.243 Thread 0x00007f91e00ffa40 flushing  nmethod 0x00007f91c7dffe08
Event: 2.243 Thread 0x00007f91e00ffa40 flushing  nmethod 0x00007f91c7e01208
Event: 2.243 Thread 0x00007f91e00ffa40 flushing  nmethod 0x00007f91c7e0f908
Event: 2.243 Thread 0x00007f91e00ffa40 flushing  nmethod 0x00007f91c7e11d08
Event: 2.243 Thread 0x00007f91e00ffa40 flushing  nmethod 0x00007f91c7e12088
Event: 2.243 Thread 0x00007f91e00ffa40 flushing  nmethod 0x00007f91c7e12808
Event: 2.243 Thread 0x00007f91e00ffa40 flushing  nmethod 0x00007f91c7e13108
Event: 2.243 Thread 0x00007f91e00ffa40 flushing  nmethod 0x00007f91c7dff508
Event: 2.243 Thread 0x00007f91e00ffa40 flushing  nmethod 0x00007f91c7dff808
Event: 2.243 Thread 0x00007f91e00ffa40 flushing  nmethod 0x00007f91c7e17f08
Event: 2.243 Thread 0x00007f91e00ffa40 flushing  nmethod 0x00007f91c7e18688
Event: 2.243 Thread 0x00007f91e00ffa40 flushing  nmethod 0x00007f91c7e18c08
Event: 2.243 Thread 0x00007f91e00ffa40 flushing  nmethod 0x00007f91c7e18f88

Events (20 events):
Event: 3.026 Thread 0x00007f9188172dc0 Thread exited: 0x00007f9188172dc0
Event: 11.973 Thread 0x00007f91880f14d0 Thread exited: 0x00007f91880f14d0
Event: 19.629 Thread 0x00007f91840d5870 Thread exited: 0x00007f91840d5870
Event: 20.307 Thread 0x00005602ae082b90 Thread exited: 0x00005602ae082b90
Event: 27.348 Thread 0x00007f91e0110060 Thread added: 0x00007f918414b0a0
Event: 27.348 Thread 0x00007f91e0110060 Thread added: 0x00007f918418ce90
Event: 27.494 Thread 0x00007f918418ce90 Thread exited: 0x00007f918418ce90
Event: 27.494 Thread 0x00007f918414b0a0 Thread exited: 0x00007f918414b0a0
Event: 27.758 Thread 0x00007f91e0111a30 Thread added: 0x00005602aeb09a40
Event: 27.758 Thread 0x00007f91e0111a30 Thread added: 0x00005602aeb0aa90
Event: 27.758 Thread 0x00007f91e0111a30 Thread added: 0x00005602aeac1a50
Event: 29.573 Thread 0x00005602aeac1a50 Thread exited: 0x00005602aeac1a50
Event: 30.365 Thread 0x00005602aeb0aa90 Thread exited: 0x00005602aeb0aa90
Event: 32.503 Thread 0x00005602aeb09a40 Thread exited: 0x00005602aeb09a40
Event: 65.680 Thread 0x00007f91e010aea0 Thread added: 0x00007f91884ba340
Event: 65.681 Thread 0x00007f91884ba340 Thread added: 0x00007f91884bb5a0
Event: 65.683 Thread 0x00007f91884bb5a0 Thread exited: 0x00007f91884bb5a0
Event: 65.683 Thread 0x00007f91884ba340 Before exit entered
Event: 65.683 Thread 0x00007f91884ba340 JVMTI - enter dead phase
Event: 65.683 Thread 0x00007f91e010aea0 Thread exited: 0x00007f91e010aea0


Dynamic libraries:
1d000000-1d001000 ---p 00000000 00:00 0 
1d001000-1dda7000 rw-p 00001000 103:02 7880813                           /usr/lib/jvm/java-26-openjdk/lib/server/classes.jsa
1dda7000-1e000000 ---p 00000000 00:00 0 
1e000000-1e040000 rw-p 00000000 00:00 0 
1e040000-1e0c0000 rw-p 00000000 00:00 0 
1e0c0000-1e100000 rw-p 00000000 00:00 0 
1e100000-1e2c0000 rw-p 00000000 00:00 0 
1e2c0000-1e2d0000 rw-p 00000000 00:00 0 
1e2d0000-1e300000 ---p 00000000 00:00 0 
1e300000-1e330000 rw-p 00000000 00:00 0 
1e330000-5e000000 ---p 00000000 00:00 0 
5e000000-5e0ac000 rw-p 00000000 00:00 0 
5e0ac000-5e0ae000 r-xs 00000000 00:01 715712                             /memfd:/.glXXXXXX (deleted)
60000000-80000000 ---p 00000000 00:00 0 
200000000-200200000 ---p 00000000 00:00 0 
200200000-200400000 rw-s 00000000 00:07 1112                             /dev/nvidia0
200400000-203400000 rw-s 00000000 00:07 1110                             /dev/nvidiactl
203400000-204000000 ---p 00000000 00:00 0 
204000000-204200000 rw-s 00000000 00:07 1110                             /dev/nvidiactl
204200000-204400000 rw-s 00000000 00:07 1110                             /dev/nvidiactl
204400000-204600000 rw-s 204400000 00:07 779                             /dev/nvidia-uvm
204600000-300200000 ---p 00000000 00:00 0 
70fa00000-718400000 rw-p 00000000 00:00 0 
718400000-7ffa00000 ---p 00000000 00:00 0 
7ffa00000-7ffe00000 rw-p 00000000 00:00 0 
7ffe00000-7fff25000 rw-p 00ddd000 103:02 7880813                         /usr/lib/jvm/java-26-openjdk/lib/server/classes.jsa
7fff25000-800000000 rw-p 00000000 00:00 0 
10000000000-10004400000 ---p 00000000 00:00 0 
10004400000-10004600000 rw-s 00000000 00:07 1110                         /dev/nvidiactl
10004600000-10004800000 rw-s 00000000 00:01 715718                       /dev/zero (deleted)
10004800000-10004a00000 rw-s 00000000 00:01 715719                       /dev/zero (deleted)
10004a00000-10005000000 ---p 00000000 00:00 0 
10005000000-10005200000 rw-s 00000000 00:07 1110                         /dev/nvidiactl
10005200000-10005400000 ---p 00000000 00:00 0 
10005400000-10005600000 rw-s 00000000 00:01 715721                       /dev/zero (deleted)
10005600000-10005b33000 rw-s 00000000 00:07 1110                         /dev/nvidiactl
10005b33000-10020000000 ---p 00000000 00:00 0 
5602a6dff000-5602a6e00000 r--p 00000000 103:02 7876111                   /usr/lib/jvm/java-26-openjdk/bin/java
5602a6e00000-5602a6e01000 r-xp 00001000 103:02 7876111                   /usr/lib/jvm/java-26-openjdk/bin/java
5602a6e01000-5602a6e02000 r--p 00002000 103:02 7876111                   /usr/lib/jvm/java-26-openjdk/bin/java
5602a6e02000-5602a6e03000 r--p 00002000 103:02 7876111                   /usr/lib/jvm/java-26-openjdk/bin/java
5602a6e03000-5602a6e04000 rw-p 00003000 103:02 7876111                   /usr/lib/jvm/java-26-openjdk/bin/java
5602adfdb000-5602b39bf000 rw-p 00000000 00:00 0                          [heap]
7f7e00000000-7f7f00000000 rw-p 00000000 00:00 0 
7f8000000000-7f8fd4116000 rw-p 00000000 00:00 0 
7f8fd4116000-7f9000000000 ---p 00000000 00:00 0 
7f90c2fff000-7f90c33ff000 rw-s 00000000 00:07 1110                       /dev/nvidiactl
7f90c33ff000-7f90c37ff000 rw-s 00000000 00:07 1110                       /dev/nvidiactl
7f90c37ff000-7f90c4000000 rw-p 00000000 00:00 0 
7f90c4000000-7f90c7c15000 rw-p 00000000 00:00 0 
7f90c7c15000-7f90c8000000 ---p 00000000 00:00 0 
7f90c8000000-7f90ca2bf000 rw-p 00000000 00:00 0 
7f90ca2bf000-7f90cc000000 ---p 00000000 00:00 0 
7f90cc000000-7f90cfffd000 rw-p 00000000 00:00 0 
7f90cfffd000-7f90d0000000 ---p 00000000 00:00 0 
7f90d0000000-7f90d0400000 rw-s 00000000 00:07 1110                       /dev/nvidiactl
7f90d075d000-7f90d079d000 rw-s 00000000 00:07 1110                       /dev/nvidiactl
7f90d079d000-7f90d07bd000 rw-s 00000000 00:07 1110                       /dev/nvidiactl
7f90d0837000-7f90d0a37000 rw-s 00000000 00:07 1110                       /dev/nvidiactl
7f90d0ab7000-7f90d0af7000 rw-s 00000000 00:07 1112                       /dev/nvidia0
7f90d0af7000-7f90d1af9000 rw-p 00000000 00:00 0 
7f90d1af9000-7f90d1bf9000 rw-s 00000000 00:07 1110                       /dev/nvidiactl
7f90d1bf9000-7f90d23fa000 rw-p 00000000 00:00 0 
7f90d23fa000-7f90d25fa000 rw-s 00000000 00:07 1112                       /dev/nvidia0
7f90d25fa000-7f90d27fa000 rw-s 00000000 00:07 1110                       /dev/nvidiactl
7f90d27fa000-7f90d47fe000 rw-p 00000000 00:00 0 
7f90d47fe000-7f90d47ff000 ---p 00000000 00:00 0 
7f90d47ff000-7f91147ff000 rwxp 00000000 00:00 0 
7f91147ff000-7f9114800000 ---p 00000000 00:00 0 
7f9114800000-7f9115000000 rw-p 00000000 00:00 0 
7f9115000000-7f9115020000 rw-p 00000000 00:00 0 
7f9115020000-7f9115022000 rw-p 00000000 00:00 0 
7f9115022000-7f9115040000 rw-p 00000000 00:00 0 
7f9115040000-7f9115042000 rw-p 00000000 00:00 0 
7f9115042000-7f91150a0000 rw-p 00000000 00:00 0 
7f91150a0000-7f91150a4000 rw-p 00000000 00:00 0 
7f91150a4000-7f91150a7000 rw-p 00000000 00:00 0 
7f91150a7000-7f91150bf000 rw-p 00000000 00:00 0 
7f91150bf000-7f91150e0000 rw-p 00000000 00:00 0 
7f91150e0000-7f91150e2000 rw-p 00000000 00:00 0 
7f91150e2000-7f9115100000 rw-p 00000000 00:00 0 
7f9115100000-7f9115426000 rw-p 00000000 00:00 0 
7f9115426000-7f9115428000 rw-p 00000000 00:00 0 
7f9115428000-7f9115433000 rw-p 00000000 00:00 0 
7f9115433000-7f9115434000 rw-p 00000000 00:00 0 
7f9115434000-7f911545d000 rw-p 00000000 00:00 0 
7f911545d000-7f9115460000 rw-p 00000000 00:00 0 
7f9115460000-7f91154a0000 rw-p 00000000 00:00 0 
7f91154a0000-7f9115800000 rw-p 00000000 00:00 0 
7f9115800000-7f911708c000 rw-p 00000000 00:00 0 
7f911708c000-7f9117090000 rw-p 00000000 00:00 0 
7f9117090000-7f91170a8000 rw-p 00000000 00:00 0 
7f91170a8000-7f91170ac000 rw-p 00000000 00:00 0 
7f91170ac000-7f91170b0000 rw-p 00000000 00:00 0 
7f91170b0000-7f91170b4000 rw-p 00000000 00:00 0 
7f91170b4000-7f91170b8000 rw-p 00000000 00:00 0 
7f91170b8000-7f91170bc000 rw-p 00000000 00:00 0 
7f91170bc000-7f91170c4000 rw-p 00000000 00:00 0 
7f91170c4000-7f91170c8000 rw-p 00000000 00:00 0 
7f91170c8000-7f91170d0000 rw-p 00000000 00:00 0 
7f91170d0000-7f91170d4000 rw-p 00000000 00:00 0 
7f91170d4000-7f91170e4000 rw-p 00000000 00:00 0 
7f91170e4000-7f91170ec000 rw-p 00000000 00:00 0 
7f91170ec000-7f91170f4000 rw-p 00000000 00:00 0 
7f91170f4000-7f91170f8000 rw-p 00000000 00:00 0 
7f91170f8000-7f91170fc000 rw-p 00000000 00:00 0 
7f91170fc000-7f9117108000 rw-p 00000000 00:00 0 
7f9117108000-7f911710c000 rw-p 00000000 00:00 0 
7f911710c000-7f9117114000 rw-p 00000000 00:00 0 
7f9117114000-7f9117118000 rw-p 00000000 00:00 0 
7f9117118000-7f9117120000 rw-p 00000000 00:00 0 
7f9117120000-7f9118828000 rw-p 00000000 00:00 0 
7f9118828000-7f911882c000 rw-p 00000000 00:00 0 
7f911882c000-7f9120800000 rw-p 00000000 00:00 0 
7f9120800000-7f9121baa000 r--p 00000000 103:02 4835997                   /usr/lib/libWPEWebKit-2.0.so.1.9.10
7f9121baa000-7f91283cf000 r-xp 013a9000 103:02 4835997                   /usr/lib/libWPEWebKit-2.0.so.1.9.10
7f91283cf000-7f9128704000 r--p 07bcd000 103:02 4835997                   /usr/lib/libWPEWebKit-2.0.so.1.9.10
7f9128704000-7f9128752000 rw-p 07f01000 103:02 4835997                   /usr/lib/libWPEWebKit-2.0.so.1.9.10
7f9128752000-7f912875a000 r--p 07f4f000 103:02 4835997                   /usr/lib/libWPEWebKit-2.0.so.1.9.10
7f912875a000-7f9128794000 rw-p 00000000 00:00 0 
7f9128795000-7f9128796000 rw-s 00000000 00:07 1110                       /dev/nvidiactl
7f9128797000-7f9128798000 rw-s 00000000 00:07 1110                       /dev/nvidiactl
7f9128798000-7f9128799000 rw-s 00000000 00:01 713966                     /memfd:WebKitSharedMemory (deleted)
7f9128799000-7f912879d000 rw-p 00000000 00:00 0 
7f912879d000-7f91287b0000 rw-s 00000000 00:07 1110                       /dev/nvidiactl
7f91287b0000-7f91287f0000 rw-s 00000000 00:07 1110                       /dev/nvidiactl
7f91287f0000-7f9128870000 rw-s 00000000 00:07 1110                       /dev/nvidiactl
7f9128870000-7f9128880000 r-xp 00000000 00:00 0 
7f9128880000-7f9128883000 r--p 00000000 103:02 4776442                   /usr/share/locale/en_GB/LC_MESSAGES/at-spi2-core.mo
7f9128883000-7f9128884000 rw-p 00000000 00:00 0 
7f9128884000-7f9128885000 rw-s 00000000 00:07 1110                       /dev/nvidiactl
7f9128885000-7f9128886000 rw-s 00000000 00:07 1110                       /dev/nvidiactl
7f9128886000-7f9128887000 r-xp 00000000 00:00 0 
7f9128887000-7f9128888000 r--p 00000000 00:00 0 
7f9128888000-7f9128889000 r-xp 00000000 00:00 0 
7f9128889000-7f912888a000 r--p 00000000 00:00 0 
7f912888a000-7f912888e000 rw-p 00000000 00:00 0 
7f912888e000-7f91288ae000 rw-s 00000000 00:07 1110                       /dev/nvidiactl
7f91288ae000-7f91288ee000 rw-s 00000000 00:07 1110                       /dev/nvidiactl
7f91288ee000-7f912890e000 rw-s 00000000 00:07 1110                       /dev/nvidiactl
7f912890e000-7f9128b0e000 rw-s 00000000 00:07 1110                       /dev/nvidiactl
7f9128b0e000-7f9128b1c000 r--p 00000000 103:02 5256581                   /usr/lib/gvfs/libgvfscommon.so
7f9128b1c000-7f9128b37000 r-xp 0000e000 103:02 5256581                   /usr/lib/gvfs/libgvfscommon.so
7f9128b37000-7f9128b43000 r--p 00029000 103:02 5256581                   /usr/lib/gvfs/libgvfscommon.so
7f9128b43000-7f9128b49000 r--p 00035000 103:02 5256581                   /usr/lib/gvfs/libgvfscommon.so
7f9128b49000-7f9128b4a000 rw-p 0003b000 103:02 5256581                   /usr/lib/gvfs/libgvfscommon.so
7f9128b4a000-7f9128b54000 r--p 00000000 103:02 4771278                   /usr/lib/gio/modules/libgvfsdbus.so
7f9128b54000-7f9128b70000 r-xp 0000a000 103:02 4771278                   /usr/lib/gio/modules/libgvfsdbus.so
7f9128b70000-7f9128b79000 r--p 00026000 103:02 4771278                   /usr/lib/gio/modules/libgvfsdbus.so
7f9128b79000-7f9128b7b000 r--p 0002f000 103:02 4771278                   /usr/lib/gio/modules/libgvfsdbus.so
7f9128b7b000-7f9128b7c000 rw-p 00031000 103:02 4771278                   /usr/lib/gio/modules/libgvfsdbus.so
7f9128b7c000-7f9128b8c000 r-xp 00000000 00:00 0 
7f9128b8c000-7f9128b8d000 rw-p 00000000 00:00 0 
7f9128b8d000-7f9128b91000 ---p 00000000 00:00 0 
7f9128b91000-7f9128c8d000 rw-p 00000000 00:00 0 
7f9128c8d000-7f9128cae000 r--p 00000000 103:02 4750220                   /usr/share/locale/en_GB/LC_MESSAGES/glib20.mo
7f9128cae000-7f9129cb0000 rw-p 00000000 00:00 0 
7f9129cb0000-7f9129cc9000 r--p 00000000 103:02 4834664                   /usr/lib/libyuv.so
7f9129cc9000-7f9129d3b000 r-xp 00019000 103:02 4834664                   /usr/lib/libyuv.so
7f9129d3b000-7f9129d53000 r--p 0008b000 103:02 4834664                   /usr/lib/libyuv.so
7f9129d53000-7f9129d56000 r--p 000a2000 103:02 4834664                   /usr/lib/libyuv.so
7f9129d56000-7f9129d57000 rw-p 000a5000 103:02 4834664                   /usr/lib/libyuv.so
7f9129d57000-7f9129d5b000 r--p 00000000 103:02 4767590                   /usr/lib/libgudev-1.0.so.0.3.0
7f9129d5b000-7f9129d5f000 r-xp 00004000 103:02 4767590                   /usr/lib/libgudev-1.0.so.0.3.0
7f9129d5f000-7f9129d61000 r--p 00008000 103:02 4767590                   /usr/lib/libgudev-1.0.so.0.3.0
7f9129d61000-7f9129d62000 r--p 0000a000 103:02 4767590                   /usr/lib/libgudev-1.0.so.0.3.0
7f9129d62000-7f9129d63000 rw-p 0000b000 103:02 4767590                   /usr/lib/libgudev-1.0.so.0.3.0
7f9129d63000-7f9129d72000 r--p 00000000 103:02 4759938                   /usr/lib/liborc-0.4.so.0.42.0
7f9129d72000-7f9129e1c000 r-xp 0000f000 103:02 4759938                   /usr/lib/liborc-0.4.so.0.42.0
7f9129e1c000-7f9129e52000 r--p 000b9000 103:02 4759938                   /usr/lib/liborc-0.4.so.0.42.0
7f9129e52000-7f9129e55000 r--p 000ef000 103:02 4759938                   /usr/lib/liborc-0.4.so.0.42.0
7f9129e55000-7f9129e5d000 rw-p 000f2000 103:02 4759938                   /usr/lib/liborc-0.4.so.0.42.0
7f9129e5d000-7f9129e5f000 rw-p 00000000 00:00 0 
7f9129e5f000-7f9129e64000 r--p 00000000 103:02 4722100                   /usr/lib/libgpg-error.so.0.42.1
7f9129e64000-7f9129e7f000 r-xp 00005000 103:02 4722100                   /usr/lib/libgpg-error.so.0.42.1
7f9129e7f000-7f9129e8a000 r--p 00020000 103:02 4722100                   /usr/lib/libgpg-error.so.0.42.1
7f9129e8a000-7f9129e8b000 r--p 0002a000 103:02 4722100                   /usr/lib/libgpg-error.so.0.42.1
7f9129e8b000-7f9129e8c000 rw-p 0002b000 103:02 4722100                   /usr/lib/libgpg-error.so.0.42.1
7f9129e8c000-7f9129e91000 r--p 00000000 103:02 4816817                   /usr/lib/liblua5.4.so.5.4.8
7f9129e91000-7f9129ec3000 r-xp 00005000 103:02 4816817                   /usr/lib/liblua5.4.so.5.4.8
7f9129ec3000-7f9129ece000 r--p 00037000 103:02 4816817                   /usr/lib/liblua5.4.so.5.4.8
7f9129ece000-7f9129ed0000 r--p 00042000 103:02 4816817                   /usr/lib/liblua5.4.so.5.4.8
7f9129ed0000-7f9129ed1000 rw-p 00044000 103:02 4816817                   /usr/lib/liblua5.4.so.5.4.8
7f9129ed1000-7f9129ed9000 r--p 00000000 103:02 4735309                   /usr/lib/libdw-0.196.so
7f9129ed9000-7f9129f39000 r-xp 00008000 103:02 4735309                   /usr/lib/libdw-0.196.so
7f9129f39000-7f9129f69000 r--p 00068000 103:02 4735309                   /usr/lib/libdw-0.196.so
7f9129f69000-7f9129f72000 r--p 00098000 103:02 4735309                   /usr/lib/libdw-0.196.so
7f9129f72000-7f9129f73000 rw-p 000a1000 103:02 4735309                   /usr/lib/libdw-0.196.so
7f9129f73000-7f9129f81000 r--p 00000000 103:02 4771657                   /usr/lib/libatspi.so.0.0.1
7f9129f81000-7f9129f9c000 r-xp 0000e000 103:02 4771657                   /usr/lib/libatspi.so.0.0.1
7f9129f9c000-7f9129faa000 r--p 00029000 103:02 4771657                   /usr/lib/libatspi.so.0.0.1
7f9129faa000-7f9129fae000 r--p 00037000 103:02 4771657                   /usr/lib/libatspi.so.0.0.1
7f9129fae000-7f9129faf000 rw-p 0003b000 103:02 4771657                   /usr/lib/libatspi.so.0.0.1
7f9129faf000-7f9129fb5000 r--p 00000000 103:02 4780108                   /usr/lib/libavif.so.16.4.2
7f9129fb5000-7f9129fe7000 r-xp 00006000 103:02 4780108                   /usr/lib/libavif.so.16.4.2
7f9129fe7000-7f9129ff3000 r--p 00038000 103:02 4780108                   /usr/lib/libavif.so.16.4.2
7f9129ff3000-7f9129ff6000 r--p 00043000 103:02 4780108                   /usr/lib/libavif.so.16.4.2
7f9129ff6000-7f9129ff7000 rw-p 00046000 103:02 4780108                   /usr/lib/libavif.so.16.4.2
7f9129ff7000-7f912a00a000 r--p 00000000 103:02 4758770                   /usr/lib/libgstgl-1.0.so.0.2806.0
7f912a00a000-7f912a05d000 r-xp 00013000 103:02 4758770                   /usr/lib/libgstgl-1.0.so.0.2806.0
7f912a05d000-7f912a086000 r--p 00066000 103:02 4758770                   /usr/lib/libgstgl-1.0.so.0.2806.0
7f912a086000-7f912a08c000 r--p 0008f000 103:02 4758770                   /usr/lib/libgstgl-1.0.so.0.2806.0
7f912a08c000-7f912a08d000 rw-p 00095000 103:02 4758770                   /usr/lib/libgstgl-1.0.so.0.2806.0
7f912a08d000-7f912a0a1000 r--p 00000000 103:02 4758798                   /usr/lib/libgstvideo-1.0.so.0.2806.0
7f912a0a1000-7f912a129000 r-xp 00014000 103:02 4758798                   /usr/lib/libgstvideo-1.0.so.0.2806.0
7f912a129000-7f912a156000 r--p 0009c000 103:02 4758798                   /usr/lib/libgstvideo-1.0.so.0.2806.0
7f912a156000-7f912a16a000 r--p 000c8000 103:02 4758798                   /usr/lib/libgstvideo-1.0.so.0.2806.0
7f912a16a000-7f912a16b000 rw-p 000dc000 103:02 4758798                   /usr/lib/libgstvideo-1.0.so.0.2806.0
7f912a16b000-7f912a16c000 rw-p 00000000 00:00 0 
7f912a16c000-7f912a173000 r--p 00000000 103:02 4758795                   /usr/lib/libgsttag-1.0.so.0.2806.0
7f912a173000-7f912a197000 r-xp 00007000 103:02 4758795                   /usr/lib/libgsttag-1.0.so.0.2806.0
7f912a197000-7f912a1a8000 r--p 0002b000 103:02 4758795                   /usr/lib/libgsttag-1.0.so.0.2806.0
7f912a1a8000-7f912a1aa000 r--p 0003c000 103:02 4758795                   /usr/lib/libgsttag-1.0.so.0.2806.0
7f912a1aa000-7f912a1ab000 rw-p 0003e000 103:02 4758795                   /usr/lib/libgsttag-1.0.so.0.2806.0
7f912a1ab000-7f912a1b9000 r--p 00000000 103:02 4758759                   /usr/lib/libgstaudio-1.0.so.0.2806.0
7f912a1b9000-7f912a213000 r-xp 0000e000 103:02 4758759                   /usr/lib/libgstaudio-1.0.so.0.2806.0
7f912a213000-7f912a230000 r--p 00068000 103:02 4758759                   /usr/lib/libgstaudio-1.0.so.0.2806.0
7f912a230000-7f912a234000 r--p 00084000 103:02 4758759                   /usr/lib/libgstaudio-1.0.so.0.2806.0
7f912a234000-7f912a235000 rw-p 00088000 103:02 4758759                   /usr/lib/libgstaudio-1.0.so.0.2806.0
7f912a235000-7f912a244000 r--p 00000000 103:02 4758659                   /usr/lib/libgstbase-1.0.so.0.2806.0
7f912a244000-7f912a29f000 r-xp 0000f000 103:02 4758659                   /usr/lib/libgstbase-1.0.so.0.2806.0
7f912a29f000-7f912a2ba000 r--p 0006a000 103:02 4758659                   /usr/lib/libgstbase-1.0.so.0.2806.0
7f912a2ba000-7f912a2bc000 r--p 00084000 103:02 4758659                   /usr/lib/libgstbase-1.0.so.0.2806.0
7f912a2bc000-7f912a2bd000 rw-p 00086000 103:02 4758659                   /usr/lib/libgstbase-1.0.so.0.2806.0
7f912a2bd000-7f912a2c2000 r--p 00000000 103:02 4754430                   /usr/lib/libgcrypt.so.20.7.2
7f912a2c2000-7f912a40f000 r-xp 00005000 103:02 4754430                   /usr/lib/libgcrypt.so.20.7.2
7f912a40f000-7f912a45c000 r--p 00152000 103:02 4754430                   /usr/lib/libgcrypt.so.20.7.2
7f912a45c000-7f912a461000 r--p 0019f000 103:02 4754430                   /usr/lib/libgcrypt.so.20.7.2
7f912a461000-7f912a467000 rw-p 001a4000 103:02 4754430                   /usr/lib/libgcrypt.so.20.7.2
7f912a467000-7f912a471000 r--p 00000000 103:02 4754452                   /usr/lib/libsqlite3.so.3.53.4
7f912a471000-7f912a5c0000 r-xp 0000a000 103:02 4754452                   /usr/lib/libsqlite3.so.3.53.4
7f912a5c0000-7f912a5f7000 r--p 00159000 103:02 4754452                   /usr/lib/libsqlite3.so.3.53.4
7f912a5f7000-7f912a5fb000 r--p 00190000 103:02 4754452                   /usr/lib/libsqlite3.so.3.53.4
7f912a5fb000-7f912a600000 rw-p 00194000 103:02 4754452                   /usr/lib/libsqlite3.so.3.53.4
7f912a600000-7f912a6dc000 r--p 00000000 103:02 4735954                   /usr/lib/libicui18n.so.78.3
7f912a6dc000-7f912a8e6000 r-xp 000dc000 103:02 4735954                   /usr/lib/libicui18n.so.78.3
7f912a8e6000-7f912a979000 r--p 002e6000 103:02 4735954                   /usr/lib/libicui18n.so.78.3
7f912a979000-7f912a98c000 r--p 00379000 103:02 4735954                   /usr/lib/libicui18n.so.78.3
7f912a98c000-7f912a98d000 rw-p 0038c000 103:02 4735954                   /usr/lib/libicui18n.so.78.3
7f912a98d000-7f912a98e000 rw-p 00000000 00:00 0 
7f912a98e000-7f912a98f000 r--p 00000000 00:00 0 
7f912a98f000-7f912a993000 rw-s 00000000 00:07 1110                       /dev/nvidiactl
7f912a993000-7f912a997000 r--p 00000000 103:02 4750384                   /usr/lib/libwacom.so.9.0.0
7f912a997000-7f912a9a0000 r-xp 00004000 103:02 4750384                   /usr/lib/libwacom.so.9.0.0
7f912a9a0000-7f912a9a4000 r--p 0000d000 103:02 4750384                   /usr/lib/libwacom.so.9.0.0
7f912a9a4000-7f912a9a5000 r--p 00010000 103:02 4750384                   /usr/lib/libwacom.so.9.0.0
7f912a9a5000-7f912a9a6000 rw-p 00011000 103:02 4750384                   /usr/lib/libwacom.so.9.0.0
7f912a9a6000-7f912a9a9000 r--p 00000000 103:02 4815758                   /usr/lib/libevdev.so.2.3.0
7f912a9a9000-7f912a9b0000 r-xp 00003000 103:02 4815758                   /usr/lib/libevdev.so.2.3.0
7f912a9b0000-7f912a9b5000 r--p 0000a000 103:02 4815758                   /usr/lib/libevdev.so.2.3.0
7f912a9b5000-7f912a9bb000 r--p 0000e000 103:02 4815758                   /usr/lib/libevdev.so.2.3.0
7f912a9bb000-7f912a9bc000 rw-p 00014000 103:02 4815758                   /usr/lib/libevdev.so.2.3.0
7f912a9bc000-7f912a9c9000 r--p 00000000 103:02 4758774                   /usr/lib/libgstpbutils-1.0.so.0.2806.0
7f912a9c9000-7f912a9ec000 r-xp 0000d000 103:02 4758774                   /usr/lib/libgstpbutils-1.0.so.0.2806.0
7f912a9ec000-7f912a9fc000 r--p 00030000 103:02 4758774                   /usr/lib/libgstpbutils-1.0.so.0.2806.0
7f912a9fc000-7f912aa00000 r--p 0003f000 103:02 4758774                   /usr/lib/libgstpbutils-1.0.so.0.2806.0
7f912aa00000-7f912aa01000 rw-p 00043000 103:02 4758774                   /usr/lib/libgstpbutils-1.0.so.0.2806.0
7f912aa01000-7f912aa0a000 r--p 00000000 103:02 4754420                   /usr/lib/libxslt.so.1.1.45
7f912aa0a000-7f912aa31000 r-xp 00009000 103:02 4754420                   /usr/lib/libxslt.so.1.1.45
7f912aa31000-7f912aa3c000 r--p 00030000 103:02 4754420                   /usr/lib/libxslt.so.1.1.45
7f912aa3c000-7f912aa3d000 r--p 0003b000 103:02 4754420                   /usr/lib/libxslt.so.1.1.45
7f912aa3d000-7f912aa3e000 rw-p 0003c000 103:02 4754420                   /usr/lib/libxslt.so.1.1.45
7f912aa3e000-7f912aa43000 r--p 00000000 103:02 4720964                   /usr/lib/libudev.so.1.7.14
7f912aa43000-7f912aa71000 r-xp 00005000 103:02 4720964                   /usr/lib/libudev.so.1.7.14
7f912aa71000-7f912aa88000 r--p 00033000 103:02 4720964                   /usr/lib/libudev.so.1.7.14
7f912aa88000-7f912aa8d000 r--p 0004a000 103:02 4720964                   /usr/lib/libudev.so.1.7.14
7f912aa8d000-7f912aa8e000 rw-p 0004f000 103:02 4720964                   /usr/lib/libudev.so.1.7.14
7f912aa8e000-7f912aab7000 r--p 00000000 103:02 4758695                   /usr/lib/libgstreamer-1.0.so.0.2806.0
7f912aab7000-7f912ab9b000 r-xp 00029000 103:02 4758695                   /usr/lib/libgstreamer-1.0.so.0.2806.0
7f912ab9b000-7f912abf7000 r--p 0010d000 103:02 4758695                   /usr/lib/libgstreamer-1.0.so.0.2806.0
7f912abf7000-7f912abfe000 r--p 00169000 103:02 4758695                   /usr/lib/libgstreamer-1.0.so.0.2806.0
7f912abfe000-7f912ac00000 rw-p 00170000 103:02 4758695                   /usr/lib/libgstreamer-1.0.so.0.2806.0
7f912ac00000-7f912ac01000 rw-p 00000000 00:00 0 
7f912ac01000-7f912affd000 rw-s 00000000 00:07 1110                       /dev/nvidiactl
7f912affd000-7f912b3f9000 rw-s 00000000 00:07 1110                       /dev/nvidiactl
7f912b3f9000-7f912b7f5000 rw-s 00000000 00:07 1110                       /dev/nvidiactl
7f912b7f5000-7f912bbf1000 rw-s 00000000 00:07 1110                       /dev/nvidiactl
7f912bbf1000-7f912c3f2000 rw-p 00000000 00:00 0 
7f912c3f2000-7f912c43c000 r--p 00000000 103:02 4792885                   /usr/lib/libepoxy.so.0.0.0
7f912c43c000-7f912c4a2000 r-xp 0004a000 103:02 4792885                   /usr/lib/libepoxy.so.0.0.0
7f912c4a2000-7f912c4f0000 r--p 000b0000 103:02 4792885                   /usr/lib/libepoxy.so.0.0.0
7f912c4f0000-7f912c4f8000 r--p 000fd000 103:02 4792885                   /usr/lib/libepoxy.so.0.0.0
7f912c4f8000-7f912c4ff000 rw-p 00105000 103:02 4792885                   /usr/lib/libepoxy.so.0.0.0
7f912c4ff000-7f912c500000 rw-p 00000000 00:00 0 
7f912c500000-7f912c504000 ---p 00000000 00:00 0 
7f912c504000-7f912c600000 rw-p 00000000 00:00 0 
7f912c600000-7f912c617000 r--p 00000000 103:02 4831165                   /usr/lib/libnvcuvid.so.610.57.04
7f912c617000-7f912c792000 r-xp 00017000 103:02 4831165                   /usr/lib/libnvcuvid.so.610.57.04
7f912c792000-7f912e039000 r--p 00192000 103:02 4831165                   /usr/lib/libnvcuvid.so.610.57.04
7f912e039000-7f912e03a000 ---p 01a39000 103:02 4831165                   /usr/lib/libnvcuvid.so.610.57.04
7f912e03a000-7f912e044000 r--p 01a39000 103:02 4831165                   /usr/lib/libnvcuvid.so.610.57.04
7f912e044000-7f912e045000 rw-p 01a43000 103:02 4831165                   /usr/lib/libnvcuvid.so.610.57.04
7f912e045000-7f912e046000 rw-p 00000000 00:00 0 
7f912e046000-7f912e048000 rw-s 00000000 00:07 1110                       /dev/nvidiactl
7f912e048000-7f912e049000 r-xp 00000000 00:00 0 
7f912e049000-7f912e04a000 r--p 00000000 00:00 0 
7f912e04a000-7f912e04e000 rw-p 00000000 00:00 0 
7f912e04e000-7f912e04f000 r--p 00000000 103:02 4758765                   /usr/lib/libgstfft-1.0.so.0.2806.0
7f912e04f000-7f912e056000 r-xp 00001000 103:02 4758765                   /usr/lib/libgstfft-1.0.so.0.2806.0
7f912e056000-7f912e057000 r--p 00008000 103:02 4758765                   /usr/lib/libgstfft-1.0.so.0.2806.0
7f912e057000-7f912e058000 r--p 00009000 103:02 4758765                   /usr/lib/libgstfft-1.0.so.0.2806.0
7f912e058000-7f912e059000 rw-p 0000a000 103:02 4758765                   /usr/lib/libgstfft-1.0.so.0.2806.0
7f912e059000-7f912e065000 r--p 00000000 103:02 4743749                   /usr/lib/libinput.so.10.13.0
7f912e065000-7f912e0ae000 r-xp 0000c000 103:02 4743749                   /usr/lib/libinput.so.10.13.0
7f912e0ae000-7f912e0c7000 r--p 00055000 103:02 4743749                   /usr/lib/libinput.so.10.13.0
7f912e0c7000-7f912e0c9000 r--p 0006e000 103:02 4743749                   /usr/lib/libinput.so.10.13.0
7f912e0c9000-7f912e0ca000 rw-p 00070000 103:02 4743749                   /usr/lib/libinput.so.10.13.0
7f912e0ca000-7f912e0d2000 r--p 00000000 103:02 4771647                   /usr/lib/libatk-1.0.so.0.26015.1
7f912e0d2000-7f912e0e2000 r-xp 00008000 103:02 4771647                   /usr/lib/libatk-1.0.so.0.26015.1
7f912e0e2000-7f912e0ed000 r--p 00018000 103:02 4771647                   /usr/lib/libatk-1.0.so.0.26015.1
7f912e0ed000-7f912e0f0000 r--p 00023000 103:02 4771647                   /usr/lib/libatk-1.0.so.0.26015.1
7f912e0f0000-7f912e0f1000 rw-p 00026000 103:02 4771647                   /usr/lib/libatk-1.0.so.0.26015.1
7f912e0f1000-7f91300f6000 rw-p 00000000 00:00 0 
7f91300f6000-7f91300fa000 ---p 00000000 00:00 0 
7f91300fa000-7f9131cfd000 rw-p 00000000 00:00 0 
7f9131cfd000-7f9131d01000 ---p 00000000 00:00 0 
7f9131d01000-7f9132800000 rw-p 00000000 00:00 0 
7f9132800000-7f9132a00000 rw-s 00000000 00:01 715720                     /dev/zero (deleted)
7f9132a01000-7f9132a06000 r--p 00000000 103:02 4758746                   /usr/lib/libgstapp-1.0.so.0.2806.0
7f9132a06000-7f9132a13000 r-xp 00005000 103:02 4758746                   /usr/lib/libgstapp-1.0.so.0.2806.0
7f9132a13000-7f9132a18000 r--p 00012000 103:02 4758746                   /usr/lib/libgstapp-1.0.so.0.2806.0
7f9132a18000-7f9132a19000 r--p 00017000 103:02 4758746                   /usr/lib/libgstapp-1.0.so.0.2806.0
7f9132a19000-7f9132a1a000 rw-p 00018000 103:02 4758746                   /usr/lib/libgstapp-1.0.so.0.2806.0
7f9132a1a000-7f9132a1c000 r--p 00000000 103:02 4758735                   /usr/lib/libgstallocators-1.0.so.0.2806.0
7f9132a1c000-7f9132a20000 r-xp 00002000 103:02 4758735                   /usr/lib/libgstallocators-1.0.so.0.2806.0
7f9132a20000-7f9132a22000 r--p 00006000 103:02 4758735                   /usr/lib/libgstallocators-1.0.so.0.2806.0
7f9132a22000-7f9132a23000 r--p 00007000 103:02 4758735                   /usr/lib/libgstallocators-1.0.so.0.2806.0
7f9132a23000-7f9132a24000 rw-p 00008000 103:02 4758735                   /usr/lib/libgstallocators-1.0.so.0.2806.0
7f9132a24000-7f9132a3b000 r--p 00000000 103:02 4763785                   /usr/lib/libsoup-3.0.so.0.7.4
7f9132a3b000-7f9132a93000 r-xp 00017000 103:02 4763785                   /usr/lib/libsoup-3.0.so.0.7.4
7f9132a93000-7f9132ab5000 r--p 0006f000 103:02 4763785                   /usr/lib/libsoup-3.0.so.0.7.4
7f9132ab5000-7f9132aba000 r--p 00090000 103:02 4763785                   /usr/lib/libsoup-3.0.so.0.7.4
7f9132aba000-7f9132abb000 rw-p 00095000 103:02 4763785                   /usr/lib/libsoup-3.0.so.0.7.4
7f9132abb000-7f9132abc000 rw-p 00000000 00:00 0 
7f9132abc000-7f9132ac0000 ---p 00000000 00:00 0 
7f9132ac0000-7f9132bbc000 rw-p 00000000 00:00 0 
7f9132bbc000-7f9132bbd000 rw-s 00000000 00:07 1110                       /dev/nvidiactl
7f9132bbd000-7f9132bbe000 rw-s 00000000 00:07 1110                       /dev/nvidiactl
7f9132bbe000-7f9132bbf000 rw-s 00000000 00:07 1110                       /dev/nvidiactl
7f9132bbf000-7f9132bc0000 rw-s 00000000 00:07 1110                       /dev/nvidiactl
7f9132bc0000-7f9132bc1000 rw-s 00000000 00:07 1110                       /dev/nvidiactl
7f9132bc1000-7f9132bc2000 rw-s 00000000 00:07 1110                       /dev/nvidiactl
7f9132bc2000-7f9132bc3000 rw-s 00000000 00:07 1110                       /dev/nvidiactl
7f9132bc3000-7f9132bc4000 rw-s 00000000 00:07 1110                       /dev/nvidiactl
7f9132bc4000-7f9132bc5000 rw-s 00000000 00:07 1110                       /dev/nvidiactl
7f9132bc5000-7f9132bc6000 rw-s 00000000 00:07 1110                       /dev/nvidiactl
7f9132bc6000-7f9132bc7000 rw-s 00000000 00:07 1110                       /dev/nvidiactl
7f9132bc7000-7f9132bc8000 rw-s 00000000 00:07 1110                       /dev/nvidiactl
7f9132bc8000-7f9132bc9000 rw-s 00000000 00:07 1110                       /dev/nvidiactl
7f9132bc9000-7f9132bca000 rw-s 00000000 00:07 1110                       /dev/nvidiactl
7f9132bca000-7f9132bcb000 rw-s 00000000 00:07 1110                       /dev/nvidiactl
7f9132bcb000-7f9132bcc000 rw-s 00000000 00:07 1110                       /dev/nvidiactl
7f9132bcc000-7f9133ddd000 ---p 00000000 00:00 0 
7f9133ddd000-7f9134ddf000 rw-p 00000000 00:00 0 
7f9134ddf000-7f913c000000 ---p 00000000 00:00 0 
7f913c000000-7f913c001000 rw-s 00000000 00:07 1110                       /dev/nvidiactl
7f913c001000-7f913c002000 r--p 00000000 103:02 4815715                   /usr/lib/libmtdev.so.1.0.0
7f913c002000-7f913c005000 r-xp 00001000 103:02 4815715                   /usr/lib/libmtdev.so.1.0.0
7f913c005000-7f913c006000 r--p 00004000 103:02 4815715                   /usr/lib/libmtdev.so.1.0.0
7f913c006000-7f913c007000 r--p 00004000 103:02 4815715                   /usr/lib/libmtdev.so.1.0.0
7f913c007000-7f913c008000 rw-p 00005000 103:02 4815715                   /usr/lib/libmtdev.so.1.0.0
7f913c008000-7f913c00a000 r--p 00000000 103:02 4722782                   /usr/lib/libatomic.so.1.2.0
7f913c00a000-7f913c00e000 r-xp 00002000 103:02 4722782                   /usr/lib/libatomic.so.1.2.0
7f913c00e000-7f913c010000 r--p 00006000 103:02 4722782                   /usr/lib/libatomic.so.1.2.0
7f913c010000-7f913c011000 r--p 00007000 103:02 4722782                   /usr/lib/libatomic.so.1.2.0
7f913c011000-7f913c012000 rw-p 00008000 103:02 4722782                   /usr/lib/libatomic.so.1.2.0
7f913c012000-7f913c013000 rw-p 00000000 00:00 0 
7f913c013000-7f913c01e000 r--p 00000000 103:02 4771653                   /usr/lib/libatk-bridge-2.0.so.0.0.0
7f913c01e000-7f913c037000 r-xp 0000b000 103:02 4771653                   /usr/lib/libatk-bridge-2.0.so.0.0.0
7f913c037000-7f913c04b000 r--p 00024000 103:02 4771653                   /usr/lib/libatk-bridge-2.0.so.0.0.0
7f913c04b000-7f913c04d000 r--p 00037000 103:02 4771653                   /usr/lib/libatk-bridge-2.0.so.0.0.0
7f913c04d000-7f913c04f000 rw-p 00039000 103:02 4771653                   /usr/lib/libatk-bridge-2.0.so.0.0.0
7f913c04f000-7f913c0af000 rw-s 00000000 00:07 1110                       /dev/nvidiactl
7f913c0af000-7f913c0d7000 rw-s 00000000 00:07 1110                       /dev/nvidiactl
7f913c0d7000-7f913c0e7000 rw-s 00000000 00:07 1112                       /dev/nvidia0
7f913c0e7000-7f913c0ec000 r--p 00000000 103:02 4745703                   /usr/lib/libWPEBackend-fdo-1.0.so.1.10.2
7f913c0ec000-7f913c0f6000 r-xp 00005000 103:02 4745703                   /usr/lib/libWPEBackend-fdo-1.0.so.1.10.2
7f913c0f6000-7f913c0fb000 r--p 0000f000 103:02 4745703                   /usr/lib/libWPEBackend-fdo-1.0.so.1.10.2
7f913c0fb000-7f913c0fd000 r--p 00013000 103:02 4745703                   /usr/lib/libWPEBackend-fdo-1.0.so.1.10.2
7f913c0fd000-7f913c0fe000 rw-p 00015000 103:02 4745703                   /usr/lib/libWPEBackend-fdo-1.0.so.1.10.2
7f913c0fe000-7f913c0ff000 rw-p 00000000 00:00 0 
7f913c0ff000-7f913c103000 ---p 00000000 00:00 0 
7f913c103000-7f913ca00000 rw-p 00000000 00:00 0 
7f913ca00000-7f913cba8000 r--p 00000000 103:02 4826311                   /usr/lib/libcuda.so.610.57.04
7f913cba8000-7f913de23000 r-xp 001a8000 103:02 4826311                   /usr/lib/libcuda.so.610.57.04
7f913de23000-7f91433ea000 r--p 01423000 103:02 4826311                   /usr/lib/libcuda.so.610.57.04
7f91433ea000-7f91433eb000 ---p 069ea000 103:02 4826311                   /usr/lib/libcuda.so.610.57.04
7f91433eb000-7f9143567000 r--p 069ea000 103:02 4826311                   /usr/lib/libcuda.so.610.57.04
7f9143567000-7f914356c000 rw-p 06b66000 103:02 4826311                   /usr/lib/libcuda.so.610.57.04
7f914356c000-7f91435d5000 rw-p 00000000 00:00 0 
7f91435d5000-7f91435d9000 rw-p 00000000 00:00 0 
7f91435d9000-7f91435dd000 r--p 00000000 103:02 4745687                   /usr/lib/libwpe-1.0.so.1.9.6
7f91435dd000-7f91435e0000 r-xp 00004000 103:02 4745687                   /usr/lib/libwpe-1.0.so.1.9.6
7f91435e0000-7f91435e3000 r--p 00007000 103:02 4745687                   /usr/lib/libwpe-1.0.so.1.9.6
7f91435e3000-7f91435e4000 r--p 0000a000 103:02 4745687                   /usr/lib/libwpe-1.0.so.1.9.6
7f91435e4000-7f91435e5000 rw-p 0000b000 103:02 4745687                   /usr/lib/libwpe-1.0.so.1.9.6
7f91435e5000-7f91435f5000 -w-s 00000000 00:07 1112                       /dev/nvidia0
7f91435f5000-7f9143df6000 rw-p 00000000 00:00 0 
7f9143df6000-7f9143e76000 rw-s 00000000 00:07 1110                       /dev/nvidiactl
7f9143e76000-7f9144076000 rw-s 00000000 00:07 1110                       /dev/nvidiactl
7f9144076000-7f9144176000 rw-s 00000000 00:07 1110                       /dev/nvidiactl
7f9144176000-7f9144189000 rw-s 00000000 00:07 1110                       /dev/nvidiactl
7f9144189000-7f91441c9000 rw-s 00000000 00:07 1110                       /dev/nvidiactl
7f91441e9000-7f9144229000 rw-s 00000000 00:07 1110                       /dev/nvidiactl
7f9144249000-7f914524b000 rw-p 00000000 00:00 0 
7f914524b000-7f914534b000 rw-s 00000000 00:07 1110                       /dev/nvidiactl
7f914534b000-7f914535e000 rw-s 00000000 00:07 1110                       /dev/nvidiactl
7f914535e000-7f914539e000 rw-s 00000000 00:07 1110                       /dev/nvidiactl
7f914539e000-7f91453be000 rw-s 00000000 00:07 1110                       /dev/nvidiactl
7f91453be000-7f914543e000 rw-s 00000000 00:07 1110                       /dev/nvidiactl
7f914543e000-7f9146440000 rw-p 00000000 00:00 0 
7f9146440000-7f9146540000 rw-s 00000000 00:07 1110                       /dev/nvidiactl
7f9146540000-7f91465c0000 rw-s 00000000 00:07 1110                       /dev/nvidiactl
7f91465c0000-7f9146600000 rw-s 00000000 00:07 1110                       /dev/nvidiactl
7f9146600000-7f9146633000 r--p 00000000 103:02 4833039                   /usr/lib/libnvidia-glvkspirv.so.610.57.04
7f9146633000-7f9146dfc000 r-xp 00033000 103:02 4833039                   /usr/lib/libnvidia-glvkspirv.so.610.57.04
7f9146dfc000-7f9146f4c000 r--p 007fc000 103:02 4833039                   /usr/lib/libnvidia-glvkspirv.so.610.57.04
7f9146f4c000-7f9146f4d000 ---p 0094c000 103:02 4833039                   /usr/lib/libnvidia-glvkspirv.so.610.57.04
7f9146f4d000-7f9146f5f000 r--p 0094c000 103:02 4833039                   /usr/lib/libnvidia-glvkspirv.so.610.57.04
7f9146f5f000-7f9146fed000 rw-p 0095e000 103:02 4833039                   /usr/lib/libnvidia-glvkspirv.so.610.57.04
7f9146fed000-7f9147002000 rw-p 00000000 00:00 0 
7f9147002000-7f9147006000 rw-p 00000000 00:00 0 
7f9147006000-7f9147019000 rw-s 00000000 00:07 1110                       /dev/nvidiactl
7f9147019000-7f9147039000 rw-s 00000000 00:07 1110                       /dev/nvidiactl
7f9147039000-7f9147079000 rw-s 00000000 00:07 1110                       /dev/nvidiactl
7f9147099000-7f9147119000 rw-s 00000000 00:07 1112                       /dev/nvidia0
7f9147119000-7f9147159000 rw-s 00000000 00:07 1110                       /dev/nvidiactl
7f9147159000-7f9147179000 rw-s 00000000 00:07 1110                       /dev/nvidiactl
7f9147179000-7f914717c000 r--p 00000000 103:02 4773820                   /usr/lib/libVkLayer_MESA_device_select.so
7f914717c000-7f914718b000 r-xp 00003000 103:02 4773820                   /usr/lib/libVkLayer_MESA_device_select.so
7f914718b000-7f9147190000 r--p 00012000 103:02 4773820                   /usr/lib/libVkLayer_MESA_device_select.so
7f9147190000-7f9147191000 r--p 00016000 103:02 4773820                   /usr/lib/libVkLayer_MESA_device_select.so
7f9147191000-7f9147192000 rw-p 00017000 103:02 4773820                   /usr/lib/libVkLayer_MESA_device_select.so
7f9147192000-7f9147194000 rw-p 00000000 00:00 0 
7f9147194000-7f91471a4000 rw-s 00000000 00:07 1112                       /dev/nvidia0
7f91471a4000-7f91471b0000 r--p 00000000 103:02 4751819                   /usr/lib/libxcb-glx.so.0.0.0
7f91471b0000-7f91471b9000 r-xp 0000c000 103:02 4751819                   /usr/lib/libxcb-glx.so.0.0.0
7f91471b9000-7f91471be000 r--p 00015000 103:02 4751819                   /usr/lib/libxcb-glx.so.0.0.0
7f91471be000-7f91471c0000 r--p 0001a000 103:02 4751819                   /usr/lib/libxcb-glx.so.0.0.0
7f91471c0000-7f91471c1000 rw-p 0001c000 103:02 4751819                   /usr/lib/libxcb-glx.so.0.0.0
7f91471c1000-7f91472c3000 rw-p 00000000 00:00 0 
7f91472c3000-7f91472c7000 ---p 00000000 00:00 0 
7f91472c7000-7f91473c4000 rw-p 00000000 00:00 0 
7f91473c4000-7f91473c8000 ---p 00000000 00:00 0 
7f91473c8000-7f91474c4000 rw-p 00000000 00:00 0 
7f91474c4000-7f91474d4000 r-xp 00000000 00:00 0 
7f91474d4000-7f9147574000 rw-p 00000000 00:00 0 
7f9147574000-7f9147d75000 rw-p 00000000 00:00 0 
7f9147d75000-7f9147d95000 rw-p 00000000 00:00 0 
7f9147d95000-7f9148596000 rw-p 00000000 00:00 0 
7f9148596000-7f91485f6000 rw-p 00000000 00:00 0 
7f91485f6000-7f914d600000 rw-p 00000000 00:00 0 
7f914d600000-7f914d6c3000 r--p 00000000 103:02 4812054                   /usr/lib/libglycin-2.so.0
7f914d6c3000-7f914d9e0000 r-xp 000c2000 103:02 4812054                   /usr/lib/libglycin-2.so.0
7f914d9e0000-7f914d9f9000 r--p 003de000 103:02 4812054                   /usr/lib/libglycin-2.so.0
7f914d9f9000-7f914d9fd000 rw-p 003f6000 103:02 4812054                   /usr/lib/libglycin-2.so.0
7f914d9fd000-7f914d9fe000 rw-p 00000000 00:00 0 
7f914d9fe000-7f914d9ff000 r--p 00000000 103:02 4835239                   /usr/lib/libhyphen.so.0.4.0
7f914d9ff000-7f914da03000 r-xp 00001000 103:02 4835239                   /usr/lib/libhyphen.so.0.4.0
7f914da03000-7f914da04000 r--p 00005000 103:02 4835239                   /usr/lib/libhyphen.so.0.4.0
7f914da04000-7f914da05000 r--p 00005000 103:02 4835239                   /usr/lib/libhyphen.so.0.4.0
7f914da05000-7f914da06000 rw-p 00006000 103:02 4835239                   /usr/lib/libhyphen.so.0.4.0
7f914da06000-7f914db66000 rw-p 00000000 00:00 0 
7f914db66000-7f914db68000 r--p 00000000 103:02 4734009                   /usr/lib/libseccomp.so.2.6.0
7f914db68000-7f914db78000 r-xp 00002000 103:02 4734009                   /usr/lib/libseccomp.so.2.6.0
7f914db78000-7f914db91000 r--p 00012000 103:02 4734009                   /usr/lib/libseccomp.so.2.6.0
7f914db91000-7f914db92000 r--p 0002b000 103:02 4734009                   /usr/lib/libseccomp.so.2.6.0
7f914db92000-7f914db93000 rw-p 0002c000 103:02 4734009                   /usr/lib/libseccomp.so.2.6.0
7f914db93000-7f914db9c000 r--p 00000000 103:02 4769004                   /usr/lib/libFLAC.so.14.0.0
7f914db9c000-7f914dbd2000 r-xp 00009000 103:02 4769004                   /usr/lib/libFLAC.so.14.0.0
7f914dbd2000-7f914dbda000 r--p 0003f000 103:02 4769004                   /usr/lib/libFLAC.so.14.0.0
7f914dbda000-7f914dbdb000 r--p 00047000 103:02 4769004                   /usr/lib/libFLAC.so.14.0.0
7f914dbdb000-7f914dbdc000 rw-p 00048000 103:02 4769004                   /usr/lib/libFLAC.so.14.0.0
7f914dbdc000-7f914dbea000 r--p 00000000 103:02 5905684                   /usr/lib/libOpenGL.so.0.0.0
7f914dbea000-7f914dbf5000 r-xp 0000e000 103:02 5905684                   /usr/lib/libOpenGL.so.0.0.0
7f914dbf5000-7f914dbfa000 r--p 00019000 103:02 5905684                   /usr/lib/libOpenGL.so.0.0.0
7f914dbfa000-7f914dbff000 r--p 0001e000 103:02 5905684                   /usr/lib/libOpenGL.so.0.0.0
7f914dbff000-7f914dc00000 rw-p 00023000 103:02 5905684                   /usr/lib/libOpenGL.so.0.0.0
7f914dc00000-7f914dc49000 r--p 00000000 103:02 4817127                   /usr/lib/libSPIRV-Tools-opt.so
7f914dc49000-7f914de12000 r-xp 00049000 103:02 4817127                   /usr/lib/libSPIRV-Tools-opt.so
7f914de12000-7f914de6b000 r--p 00212000 103:02 4817127                   /usr/lib/libSPIRV-Tools-opt.so
7f914de6b000-7f914de7b000 r--p 0026b000 103:02 4817127                   /usr/lib/libSPIRV-Tools-opt.so
7f914de7b000-7f914de7c000 rw-p 0027b000 103:02 4817127                   /usr/lib/libSPIRV-Tools-opt.so
7f914de7c000-7f914de81000 rw-p 00000000 00:00 0 
7f914de81000-7f914de91000 r-xp 00000000 00:00 0 
7f914de91000-7f914de94000 r--p 00000000 103:02 4777131                   /usr/lib/libmd.so.0.2.0
7f914de94000-7f914dea0000 r-xp 00003000 103:02 4777131                   /usr/lib/libmd.so.0.2.0
7f914dea0000-7f914dea2000 r--p 0000f000 103:02 4777131                   /usr/lib/libmd.so.0.2.0
7f914dea2000-7f914dea3000 r--p 00011000 103:02 4777131                   /usr/lib/libmd.so.0.2.0
7f914dea3000-7f914dea4000 rw-p 00012000 103:02 4777131                   /usr/lib/libmd.so.0.2.0
7f914dea4000-7f914dea9000 r--p 00000000 103:02 4755422                   /usr/lib/libsndfile.so.1.0.37
7f914dea9000-7f914df0f000 r-xp 00005000 103:02 4755422                   /usr/lib/libsndfile.so.1.0.37
7f914df0f000-7f914df28000 r--p 0006b000 103:02 4755422                   /usr/lib/libsndfile.so.1.0.37
7f914df28000-7f914df2b000 r--p 00084000 103:02 4755422                   /usr/lib/libsndfile.so.1.0.37
7f914df2b000-7f914df2c000 rw-p 00087000 103:02 4755422                   /usr/lib/libsndfile.so.1.0.37
7f914df2c000-7f914df2e000 rw-p 00000000 00:00 0 
7f914df2e000-7f914df30000 r--p 00000000 103:02 4769564                   /usr/lib/libv4lconvert.so.0.0.0
7f914df30000-7f914df4b000 r-xp 00002000 103:02 4769564                   /usr/lib/libv4lconvert.so.0.0.0
7f914df4b000-7f914df53000 r--p 0001d000 103:02 4769564                   /usr/lib/libv4lconvert.so.0.0.0
7f914df53000-7f914df55000 r--p 00025000 103:02 4769564                   /usr/lib/libv4lconvert.so.0.0.0
7f914df55000-7f914df56000 rw-p 00027000 103:02 4769564                   /usr/lib/libv4lconvert.so.0.0.0
7f914df56000-7f914dfa8000 rw-p 00000000 00:00 0 
7f914dfa8000-7f914dfb9000 r--p 00000000 103:02 4732432                   /usr/lib/libkrb5.so.3.3
7f914dfb9000-7f914e029000 r-xp 00011000 103:02 4732432                   /usr/lib/libkrb5.so.3.3
7f914e029000-7f914e067000 r--p 00081000 103:02 4732432                   /usr/lib/libkrb5.so.3.3
7f914e067000-7f914e075000 r--p 000bf000 103:02 4732432                   /usr/lib/libkrb5.so.3.3
7f914e075000-7f914e077000 rw-p 000cd000 103:02 4732432                   /usr/lib/libkrb5.so.3.3
7f914e077000-7f914e086000 r--p 00000000 103:02 4735687                   /usr/lib/libunistring.so.5.2.1
7f914e086000-7f914e0ca000 r-xp 0000f000 103:02 4735687                   /usr/lib/libunistring.so.5.2.1
7f914e0ca000-7f914e259000 r--p 00053000 103:02 4735687                   /usr/lib/libunistring.so.5.2.1
7f914e259000-7f914e25d000 r--p 001e2000 103:02 4735687                   /usr/lib/libunistring.so.5.2.1
7f914e25d000-7f914e25e000 rw-p 001e6000 103:02 4735687                   /usr/lib/libunistring.so.5.2.1
7f914e25e000-7f914e265000 r--p 00000000 103:02 4770278                   /usr/lib/libp11-kit.so.0.4.11
7f914e265000-7f914e34e000 r-xp 00007000 103:02 4770278                   /usr/lib/libp11-kit.so.0.4.11
7f914e34e000-7f914e3e0000 r--p 000f0000 103:02 4770278                   /usr/lib/libp11-kit.so.0.4.11
7f914e3e0000-7f914e3f1000 r--p 00181000 103:02 4770278                   /usr/lib/libp11-kit.so.0.4.11
7f914e3f1000-7f914e400000 rw-p 00192000 103:02 4770278                   /usr/lib/libp11-kit.so.0.4.11
7f914e400000-7f914e41a000 r--p 00000000 103:02 4760330                   /usr/lib/libleancrypto.so.1
7f914e41a000-7f914e538000 r-xp 0001a000 103:02 4760330                   /usr/lib/libleancrypto.so.1
7f914e538000-7f914e65b000 r--p 00138000 103:02 4760330                   /usr/lib/libleancrypto.so.1
7f914e65b000-7f914e661000 r--p 0025b000 103:02 4760330                   /usr/lib/libleancrypto.so.1
7f914e661000-7f914e663000 rw-p 00261000 103:02 4760330                   /usr/lib/libleancrypto.so.1
7f914e663000-7f914e664000 rw-s 00000000 00:07 1112                       /dev/nvidia0
7f914e664000-7f914e665000 rw-s 00000000 00:07 1110                       /dev/nvidiactl
7f914e665000-7f914e675000 r-xp 00000000 00:00 0 
7f914e675000-7f914e677000 r--p 00000000 103:02 4788180                   /usr/lib/libasyncns.so.0.3.1
7f914e677000-7f914e67a000 r-xp 00002000 103:02 4788180                   /usr/lib/libasyncns.so.0.3.1
7f914e67a000-7f914e67b000 r--p 00005000 103:02 4788180                   /usr/lib/libasyncns.so.0.3.1
7f914e67b000-7f914e67c000 r--p 00005000 103:02 4788180                   /usr/lib/libasyncns.so.0.3.1
7f914e67c000-7f914e67d000 rw-p 00006000 103:02 4788180                   /usr/lib/libasyncns.so.0.3.1
7f914e67d000-7f914e680000 r--p 00000000 103:02 4722208                   /usr/lib/libresolv.so.2
7f914e680000-7f914e689000 r-xp 00003000 103:02 4722208                   /usr/lib/libresolv.so.2
7f914e689000-7f914e68c000 r--p 0000c000 103:02 4722208                   /usr/lib/libresolv.so.2
7f914e68c000-7f914e68d000 r--p 0000f000 103:02 4722208                   /usr/lib/libresolv.so.2
7f914e68d000-7f914e68e000 rw-p 00010000 103:02 4722208                   /usr/lib/libresolv.so.2
7f914e68e000-7f914e690000 rw-p 00000000 00:00 0 
7f914e690000-7f914e693000 r--p 00000000 103:02 4732435                   /usr/lib/libkrb5support.so.0.1
7f914e693000-7f914e69a000 r-xp 00003000 103:02 4732435                   /usr/lib/libkrb5support.so.0.1
7f914e69a000-7f914e69d000 r--p 0000a000 103:02 4732435                   /usr/lib/libkrb5support.so.0.1
7f914e69d000-7f914e69e000 r--p 0000c000 103:02 4732435                   /usr/lib/libkrb5support.so.0.1
7f914e69e000-7f914e69f000 rw-p 0000d000 103:02 4732435                   /usr/lib/libkrb5support.so.0.1
7f914e69f000-7f914e6a2000 r--p 00000000 103:02 4732383                   /usr/lib/libk5crypto.so.3.1
7f914e6a2000-7f914e6be000 r-xp 00003000 103:02 4732383                   /usr/lib/libk5crypto.so.3.1
7f914e6be000-7f914e6ca000 r--p 0001f000 103:02 4732383                   /usr/lib/libk5crypto.so.3.1
7f914e6ca000-7f914e6cc000 r--p 0002a000 103:02 4732383                   /usr/lib/libk5crypto.so.3.1
7f914e6cc000-7f914e6cd000 rw-p 0002c000 103:02 4732383                   /usr/lib/libk5crypto.so.3.1
7f914e6cd000-7f914e6db000 r--p 00000000 103:02 4758220                   /usr/lib/libnettle.so.9.0
7f914e6db000-7f914e70d000 r-xp 0000e000 103:02 4758220                   /usr/lib/libnettle.so.9.0
7f914e70d000-7f914e725000 r--p 00040000 103:02 4758220                   /usr/lib/libnettle.so.9.0
7f914e725000-7f914e728000 r--p 00057000 103:02 4758220                   /usr/lib/libnettle.so.9.0
7f914e728000-7f914e729000 rw-p 0005a000 103:02 4758220                   /usr/lib/libnettle.so.9.0
7f914e729000-7f914e731000 r--p 00000000 103:02 4738622                   /usr/lib/libhogweed.so.7.0
7f914e731000-7f914e744000 r-xp 00008000 103:02 4738622                   /usr/lib/libhogweed.so.7.0
7f914e744000-7f914e76d000 r--p 0001b000 103:02 4738622                   /usr/lib/libhogweed.so.7.0
7f914e76d000-7f914e76f000 r--p 00043000 103:02 4738622                   /usr/lib/libhogweed.so.7.0
7f914e76f000-7f914e770000 rw-p 00045000 103:02 4738622                   /usr/lib/libhogweed.so.7.0
7f914e770000-7f914e77f000 r--p 00000000 103:02 4811985                   /usr/lib/libsodium.so.26.4.0
7f914e77f000-7f914e7d2000 r-xp 0000f000 103:02 4811985                   /usr/lib/libsodium.so.26.4.0
7f914e7d2000-7f914e7e4000 r--p 00062000 103:02 4811985                   /usr/lib/libsodium.so.26.4.0
7f914e7e4000-7f914e7e5000 r--p 00074000 103:02 4811985                   /usr/lib/libsodium.so.26.4.0
7f914e7e5000-7f914e7e6000 rw-p 00075000 103:02 4811985                   /usr/lib/libsodium.so.26.4.0
7f914e7e6000-7f914e7f1000 r--p 00000000 103:02 4815516                   /usr/lib/libgomp.so.1.0.0
7f914e7f1000-7f914e82f000 r-xp 0000b000 103:02 4815516                   /usr/lib/libgomp.so.1.0.0
7f914e82f000-7f914e83e000 r--p 00049000 103:02 4815516                   /usr/lib/libgomp.so.1.0.0
7f914e83e000-7f914e83f000 r--p 00057000 103:02 4815516                   /usr/lib/libgomp.so.1.0.0
7f914e83f000-7f914e840000 rw-p 00058000 103:02 4815516                   /usr/lib/libgomp.so.1.0.0
7f914e840000-7f914e845000 r--p 00000000 103:02 4722184                   /usr/lib/libmvec.so.1
7f914e845000-7f914e867000 r-xp 00005000 103:02 4722184                   /usr/lib/libmvec.so.1
7f914e867000-7f914e93e000 r--p 00027000 103:02 4722184                   /usr/lib/libmvec.so.1
7f914e93e000-7f914e93f000 r--p 000fe000 103:02 4722184                   /usr/lib/libmvec.so.1
7f914e93f000-7f914e940000 rw-p 000ff000 103:02 4722184                   /usr/lib/libmvec.so.1
7f914e940000-7f914e941000 r--p 00000000 103:02 4814598                   /usr/lib/libbrotlienc.so.1.2.0
7f914e941000-7f914e9ae000 r-xp 00001000 103:02 4814598                   /usr/lib/libbrotlienc.so.1.2.0
7f914e9ae000-7f914e9fe000 r--p 0006e000 103:02 4814598                   /usr/lib/libbrotlienc.so.1.2.0
7f914e9fe000-7f914e9ff000 r--p 000bd000 103:02 4814598                   /usr/lib/libbrotlienc.so.1.2.0
7f914e9ff000-7f914ea00000 rw-p 000be000 103:02 4814598                   /usr/lib/libbrotlienc.so.1.2.0
7f914ea00000-7f914ea11000 r--p 00000000 103:02 4756846                   /usr/lib/libslang.so.2.3.3
7f914ea11000-7f914eaf2000 r-xp 00011000 103:02 4756846                   /usr/lib/libslang.so.2.3.3
7f914eaf2000-7f914eb33000 r--p 000f2000 103:02 4756846                   /usr/lib/libslang.so.2.3.3
7f914eb33000-7f914eb4a000 r--p 00132000 103:02 4756846                   /usr/lib/libslang.so.2.3.3
7f914eb4a000-7f914eb54000 rw-p 00149000 103:02 4756846                   /usr/lib/libslang.so.2.3.3
7f914eb54000-7f914ecf0000 rw-p 00000000 00:00 0 
7f914ecf0000-7f914ecf1000 r--p 00000000 103:02 4762067                   /usr/lib/libwebpdemux.so.2.0.17
7f914ecf1000-7f914ecf4000 r-xp 00001000 103:02 4762067                   /usr/lib/libwebpdemux.so.2.0.17
7f914ecf4000-7f914ecf5000 r--p 00004000 103:02 4762067                   /usr/lib/libwebpdemux.so.2.0.17
7f914ecf5000-7f914ecf6000 r--p 00004000 103:02 4762067                   /usr/lib/libwebpdemux.so.2.0.17
7f914ecf6000-7f914ecf7000 rw-p 00005000 103:02 4762067                   /usr/lib/libwebpdemux.so.2.0.17
7f914ecf7000-7f914ecf9000 r--p 00000000 103:02 4737522                   /usr/lib/libtasn1.so.6.6.5
7f914ecf9000-7f914ed08000 r-xp 00002000 103:02 4737522                   /usr/lib/libtasn1.so.6.6.5
7f914ed08000-7f914ed0b000 r--p 00011000 103:02 4737522                   /usr/lib/libtasn1.so.6.6.5
7f914ed0b000-7f914ed0c000 r--p 00014000 103:02 4737522                   /usr/lib/libtasn1.so.6.6.5
7f914ed0c000-7f914ed0d000 rw-p 00015000 103:02 4737522                   /usr/lib/libtasn1.so.6.6.5
7f914ed0d000-7f914ed18000 r--p 00000000 103:02 4758350                   /usr/lib/libglut.so.3.13.0
7f914ed18000-7f914ed32000 r-xp 0000b000 103:02 4758350                   /usr/lib/libglut.so.3.13.0
7f914ed32000-7f914ed4c000 r--p 00025000 103:02 4758350                   /usr/lib/libglut.so.3.13.0
7f914ed4c000-7f914ed50000 r--p 0003f000 103:02 4758350                   /usr/lib/libglut.so.3.13.0
7f914ed50000-7f914ed57000 rw-p 00043000 103:02 4758350                   /usr/lib/libglut.so.3.13.0
7f914ed57000-7f914edbb000 rw-p 00000000 00:00 0 
7f914edbb000-7f914edcf000 r--p 00000000 103:02 5005676                   /usr/lib/pulseaudio/libpulsecommon-17.0.so
7f914edcf000-7f914ee19000 r-xp 00014000 103:02 5005676                   /usr/lib/pulseaudio/libpulsecommon-17.0.so
7f914ee19000-7f914ee38000 r--p 0005e000 103:02 5005676                   /usr/lib/pulseaudio/libpulsecommon-17.0.so
7f914ee38000-7f914ee3a000 r--p 0007d000 103:02 5005676                   /usr/lib/pulseaudio/libpulsecommon-17.0.so
7f914ee3a000-7f914ee3b000 rw-p 0007f000 103:02 5005676                   /usr/lib/pulseaudio/libpulsecommon-17.0.so
7f914ee3b000-7f914ee5f000 r--p 00000000 103:02 4754125                   /usr/lib/libdb-5.3.so
7f914ee5f000-7f914efbc000 r-xp 00024000 103:02 4754125                   /usr/lib/libdb-5.3.so
7f914efbc000-7f914eff5000 r--p 00181000 103:02 4754125                   /usr/lib/libdb-5.3.so
7f914eff5000-7f914efff000 r--p 001b9000 103:02 4754125                   /usr/lib/libdb-5.3.so
7f914efff000-7f914f000000 rw-p 001c3000 103:02 4754125                   /usr/lib/libdb-5.3.so
7f914f000000-7f914f019000 r--p 00000000 103:02 4773780                   /usr/lib/libfftw3.so.3.7.11
7f914f019000-7f914f1f5000 r-xp 00019000 103:02 4773780                   /usr/lib/libfftw3.so.3.7.11
7f914f1f5000-7f914f21c000 r--p 001f5000 103:02 4773780                   /usr/lib/libfftw3.so.3.7.11
7f914f21c000-7f914f22d000 r--p 0021c000 103:02 4773780                   /usr/lib/libfftw3.so.3.7.11
7f914f22d000-7f914f22e000 rw-p 0022d000 103:02 4773780                   /usr/lib/libfftw3.so.3.7.11
7f914f22e000-7f914f230000 r--p 00000000 00:1a 53161                      /dev/shm/716e306c-95b7-4d19-95b4-1c569de03be9 (deleted)
7f914f230000-7f914f231000 rw-p 00000000 00:00 0 
7f914f231000-7f914f233000 rw-p 00000000 00:00 0 
7f914f233000-7f914f237000 r--p 00000000 103:02 4771010                   /usr/lib/libmpg123.so.0.49.4
7f914f237000-7f914f275000 r-xp 00004000 103:02 4771010                   /usr/lib/libmpg123.so.0.49.4
7f914f275000-7f914f290000 r--p 00042000 103:02 4771010                   /usr/lib/libmpg123.so.0.49.4
7f914f290000-7f914f291000 r--p 0005d000 103:02 4771010                   /usr/lib/libmpg123.so.0.49.4
7f914f291000-7f914f292000 rw-p 0005e000 103:02 4771010                   /usr/lib/libmpg123.so.0.49.4
7f914f292000-7f914f293000 r--p 00000000 103:02 4768927                   /usr/lib/libsamplerate.so.0.2.2
7f914f293000-7f914f298000 r-xp 00001000 103:02 4768927                   /usr/lib/libsamplerate.so.0.2.2
7f914f298000-7f914f3fe000 r--p 00006000 103:02 4768927                   /usr/lib/libsamplerate.so.0.2.2
7f914f3fe000-7f914f3ff000 r--p 0016b000 103:02 4768927                   /usr/lib/libsamplerate.so.0.2.2
7f914f3ff000-7f914f400000 rw-p 0016c000 103:02 4768927                   /usr/lib/libsamplerate.so.0.2.2
7f914f400000-7f914f453000 r--p 00000000 103:02 4726308                   /usr/lib/libcrypto.so.3
7f914f453000-7f914f7ff000 r-xp 00053000 103:02 4726308                   /usr/lib/libcrypto.so.3
7f914f7ff000-7f914f925000 r--p 003ff000 103:02 4726308                   /usr/lib/libcrypto.so.3
7f914f925000-7f914f9a3000 r--p 00525000 103:02 4726308                   /usr/lib/libcrypto.so.3
7f914f9a3000-7f914f9a6000 rw-p 005a3000 103:02 4726308                   /usr/lib/libcrypto.so.3
7f914f9a6000-7f914f9a9000 rw-p 00000000 00:00 0 
7f914f9a9000-7f914f9aa000 rw-s 00000000 00:07 1110                       /dev/nvidiactl
7f914f9aa000-7f914f9ab000 rw-s 00000000 00:07 1110                       /dev/nvidiactl
7f914f9ab000-7f914f9ad000 r--p 00000000 103:02 4816273                   /usr/lib/libvorbisfile.so.3.3.8
7f914f9ad000-7f914f9b2000 r-xp 00002000 103:02 4816273                   /usr/lib/libvorbisfile.so.3.3.8
7f914f9b2000-7f914f9b3000 r--p 00007000 103:02 4816273                   /usr/lib/libvorbisfile.so.3.3.8
7f914f9b3000-7f914f9b4000 r--p 00007000 103:02 4816273                   /usr/lib/libvorbisfile.so.3.3.8
7f914f9b4000-7f914f9b5000 rw-p 00008000 103:02 4816273                   /usr/lib/libvorbisfile.so.3.3.8
7f914f9b5000-7f914f9b9000 r--p 00000000 103:02 4830241                   /usr/lib/libpgm-5.3.so.0.0.128
7f914f9b9000-7f914f9e1000 r-xp 00004000 103:02 4830241                   /usr/lib/libpgm-5.3.so.0.0.128
7f914f9e1000-7f914f9fa000 r--p 0002c000 103:02 4830241                   /usr/lib/libpgm-5.3.so.0.0.128
7f914f9fa000-7f914f9fb000 r--p 00045000 103:02 4830241                   /usr/lib/libpgm-5.3.so.0.0.128
7f914f9fb000-7f914f9fc000 rw-p 00046000 103:02 4830241                   /usr/lib/libpgm-5.3.so.0.0.128
7f914f9fc000-7f914fa00000 rw-p 00000000 00:00 0 
7f914fa00000-7f914fa09000 r--p 00000000 103:02 4835513                   /usr/lib/libglslang.so.16.4.0
7f914fa09000-7f914fce3000 r-xp 00009000 103:02 4835513                   /usr/lib/libglslang.so.16.4.0
7f914fce3000-7f914fd98000 r--p 002e3000 103:02 4835513                   /usr/lib/libglslang.so.16.4.0
7f914fd98000-7f914fda7000 r--p 00397000 103:02 4835513                   /usr/lib/libglslang.so.16.4.0
7f914fda7000-7f914fda9000 rw-p 003a6000 103:02 4835513                   /usr/lib/libglslang.so.16.4.0
7f914fda9000-7f91504bd000 rw-p 00000000 00:00 0 
7f91504bd000-7f91504be000 rw-s 00000000 00:07 1110                       /dev/nvidiactl
7f91504be000-7f91504bf000 r--p 00000000 103:02 4755356                   /usr/lib/libsharpyuv.so.0.1.2
7f91504bf000-7f91504c3000 r-xp 00001000 103:02 4755356                   /usr/lib/libsharpyuv.so.0.1.2
7f91504c3000-7f91504c4000 r--p 00005000 103:02 4755356                   /usr/lib/libsharpyuv.so.0.1.2
7f91504c4000-7f91504c5000 r--p 00005000 103:02 4755356                   /usr/lib/libsharpyuv.so.0.1.2
7f91504c5000-7f91504c6000 rw-p 00006000 103:02 4755356                   /usr/lib/libsharpyuv.so.0.1.2
7f91504c6000-7f91504c7000 rw-p 00000000 00:00 0 
7f91504c7000-7f91504c9000 r--p 00000000 103:02 4792845                   /usr/lib/libogg.so.0.8.6
7f91504c9000-7f91504cc000 r-xp 00002000 103:02 4792845                   /usr/lib/libogg.so.0.8.6
7f91504cc000-7f91504cf000 r--p 00005000 103:02 4792845                   /usr/lib/libogg.so.0.8.6
7f91504cf000-7f91504d0000 r--p 00008000 103:02 4792845                   /usr/lib/libogg.so.0.8.6
7f91504d0000-7f91504d1000 rw-p 00009000 103:02 4792845                   /usr/lib/libogg.so.0.8.6
7f91504d1000-7f91504d3000 r--p 00000000 103:02 4755205                   /usr/lib/libhwy.so.1.4.0
7f91504d3000-7f91504db000 r-xp 00002000 103:02 4755205                   /usr/lib/libhwy.so.1.4.0
7f91504db000-7f91504de000 r--p 0000a000 103:02 4755205                   /usr/lib/libhwy.so.1.4.0
7f91504de000-7f91504df000 r--p 0000c000 103:02 4755205                   /usr/lib/libhwy.so.1.4.0
7f91504df000-7f91504e0000 rw-p 0000d000 103:02 4755205                   /usr/lib/libhwy.so.1.4.0
7f91504e0000-7f91504e1000 r--p 00000000 103:02 4815185                   /usr/lib/libjxl_cms.so.0.12.0
7f91504e1000-7f9150502000 r-xp 00001000 103:02 4815185                   /usr/lib/libjxl_cms.so.0.12.0
7f9150502000-7f9150507000 r--p 00022000 103:02 4815185                   /usr/lib/libjxl_cms.so.0.12.0
7f9150507000-7f9150508000 r--p 00027000 103:02 4815185                   /usr/lib/libjxl_cms.so.0.12.0
7f9150508000-7f9150509000 rw-p 00028000 103:02 4815185                   /usr/lib/libjxl_cms.so.0.12.0
7f9150509000-7f915051d000 r--p 00000000 103:02 4726312                   /usr/lib/libssl.so.3
7f915051d000-7f91505ca000 r-xp 00014000 103:02 4726312                   /usr/lib/libssl.so.3
7f91505ca000-7f91505f2000 r--p 000c1000 103:02 4726312                   /usr/lib/libssl.so.3
7f91505f2000-7f91505fc000 r--p 000e9000 103:02 4726312                   /usr/lib/libssl.so.3
7f91505fc000-7f9150600000 rw-p 000f3000 103:02 4726312                   /usr/lib/libssl.so.3
7f9150600000-7f9150625000 r--p 00000000 103:02 4738682                   /usr/lib/libgnutls.so.30.42.0
7f9150625000-7f915077b000 r-xp 00025000 103:02 4738682                   /usr/lib/libgnutls.so.30.42.0
7f915077b000-7f91507f9000 r--p 0017b000 103:02 4738682                   /usr/lib/libgnutls.so.30.42.0
7f91507f9000-7f915080b000 r--p 001f8000 103:02 4738682                   /usr/lib/libgnutls.so.30.42.0
7f915080b000-7f915080e000 rw-p 0020a000 103:02 4738682                   /usr/lib/libgnutls.so.30.42.0
7f915080e000-7f9150811000 rw-p 00000000 00:00 0 
7f9150811000-7f9150812000 rw-p 00000000 00:00 0 
7f9150812000-7f9150813000 r--p 00000000 103:02 4745662                   /usr/lib/libharfbuzz-icu.so.0.61431.0
7f9150813000-7f9150814000 r-xp 00001000 103:02 4745662                   /usr/lib/libharfbuzz-icu.so.0.61431.0
7f9150814000-7f9150815000 r--p 00002000 103:02 4745662                   /usr/lib/libharfbuzz-icu.so.0.61431.0
7f9150815000-7f9150816000 r--p 00002000 103:02 4745662                   /usr/lib/libharfbuzz-icu.so.0.61431.0
7f9150816000-7f9150817000 rw-p 00003000 103:02 4745662                   /usr/lib/libharfbuzz-icu.so.0.61431.0
7f9150817000-7f915081a000 r--p 00000000 103:02 4777363                   /usr/lib/libGLU.so.1.3.1
7f915081a000-7f9150864000 r-xp 00003000 103:02 4777363                   /usr/lib/libGLU.so.1.3.1
7f9150864000-7f915086f000 r--p 0004d000 103:02 4777363                   /usr/lib/libGLU.so.1.3.1
7f915086f000-7f9150870000 r--p 00058000 103:02 4777363                   /usr/lib/libGLU.so.1.3.1
7f9150870000-7f9150871000 rw-p 00059000 103:02 4777363                   /usr/lib/libGLU.so.1.3.1
7f9150871000-7f915087a000 r--p 00000000 103:02 4732365                   /usr/lib/libgssapi_krb5.so.2.2
7f915087a000-7f91508ba000 r-xp 00009000 103:02 4732365                   /usr/lib/libgssapi_krb5.so.2.2
7f91508ba000-7f91508c6000 r--p 00049000 103:02 4732365                   /usr/lib/libgssapi_krb5.so.2.2
7f91508c6000-7f91508c8000 r--p 00055000 103:02 4732365                   /usr/lib/libgssapi_krb5.so.2.2
7f91508c8000-7f91508c9000 rw-p 00057000 103:02 4732365                   /usr/lib/libgssapi_krb5.so.2.2
7f91508c9000-7f91508cf000 r--p 00000000 103:02 4737856                   /usr/lib/libssh2.so.1.0.1
7f91508cf000-7f9150907000 r-xp 00006000 103:02 4737856                   /usr/lib/libssh2.so.1.0.1
7f9150907000-7f9150914000 r--p 0003e000 103:02 4737856                   /usr/lib/libssh2.so.1.0.1
7f9150914000-7f9150916000 r--p 0004b000 103:02 4737856                   /usr/lib/libssh2.so.1.0.1
7f9150916000-7f9150917000 rw-p 0004d000 103:02 4737856                   /usr/lib/libssh2.so.1.0.1
7f9150917000-7f9150932000 r--p 00000000 103:02 4768894                   /usr/lib/libsrt.so.1.5.6
7f9150932000-7f91509d6000 r-xp 0001b000 103:02 4768894                   /usr/lib/libsrt.so.1.5.6
7f91509d6000-7f91509f7000 r--p 000bf000 103:02 4768894                   /usr/lib/libsrt.so.1.5.6
7f91509f7000-7f91509fa000 r--p 000e0000 103:02 4768894                   /usr/lib/libsrt.so.1.5.6
7f91509fa000-7f91509fb000 rw-p 000e3000 103:02 4768894                   /usr/lib/libsrt.so.1.5.6
7f91509fb000-7f9150a00000 rw-p 00000000 00:00 0 
7f9150a00000-7f9150a0c000 r--p 00000000 103:02 4758335                   /usr/lib/libopenmpt.so.0.5.5
7f9150a0c000-7f9150b81000 r-xp 0000c000 103:02 4758335                   /usr/lib/libopenmpt.so.0.5.5
7f9150b81000-7f9150bd0000 r--p 00181000 103:02 4758335                   /usr/lib/libopenmpt.so.0.5.5
7f9150bd0000-7f9150bd5000 r--p 001d0000 103:02 4758335                   /usr/lib/libopenmpt.so.0.5.5
7f9150bd5000-7f9150bd6000 rw-p 001d5000 103:02 4758335                   /usr/lib/libopenmpt.so.0.5.5
7f9150bd6000-7f9150c30000 rw-p 00000000 00:00 0 
7f9150c30000-7f9150c31000 rw-p 00000000 00:00 0 
7f9150c31000-7f9150c32000 r--p 00000000 103:02 7880804                   /usr/lib/jvm/java-26-openjdk/lib/libsyslookup.so
7f9150c32000-7f9150c33000 r-xp 00001000 103:02 7880804                   /usr/lib/jvm/java-26-openjdk/lib/libsyslookup.so
7f9150c33000-7f9150c34000 r--p 00002000 103:02 7880804                   /usr/lib/jvm/java-26-openjdk/lib/libsyslookup.so
7f9150c34000-7f9150c35000 r--p 00002000 103:02 7880804                   /usr/lib/jvm/java-26-openjdk/lib/libsyslookup.so
7f9150c35000-7f9150c36000 rw-p 00003000 103:02 7880804                   /usr/lib/jvm/java-26-openjdk/lib/libsyslookup.so
7f9150c36000-7f9150c3d000 r--p 00000000 103:02 4761802                   /usr/lib/libgdk_pixbuf-2.0.so.0.4400.7
7f9150c3d000-7f9150c5f000 r-xp 00007000 103:02 4761802                   /usr/lib/libgdk_pixbuf-2.0.so.0.4400.7
7f9150c5f000-7f9150c6d000 r--p 00029000 103:02 4761802                   /usr/lib/libgdk_pixbuf-2.0.so.0.4400.7
7f9150c6d000-7f9150c6f000 r--p 00036000 103:02 4761802                   /usr/lib/libgdk_pixbuf-2.0.so.0.4400.7
7f9150c6f000-7f9150c70000 rw-p 00038000 103:02 4761802                   /usr/lib/libgdk_pixbuf-2.0.so.0.4400.7
7f9150c70000-7f9150c76000 r--p 00000000 103:02 4769212                   /usr/lib/libmodplug.so.1.0.0
7f9150c76000-7f9150cb4000 r-xp 00006000 103:02 4769212                   /usr/lib/libmodplug.so.1.0.0
7f9150cb4000-7f9150cc1000 r--p 00044000 103:02 4769212                   /usr/lib/libmodplug.so.1.0.0
7f9150cc1000-7f9150cc2000 r--p 00051000 103:02 4769212                   /usr/lib/libmodplug.so.1.0.0
7f9150cc2000-7f9150cc3000 rw-p 00052000 103:02 4769212                   /usr/lib/libmodplug.so.1.0.0
7f9150cc3000-7f9150e00000 rw-p 00000000 00:00 0 
7f9150e00000-7f9150e06000 r-xp 00000000 103:02 1313995                   /opt/cuda/targets/x86_64-linux/lib/libOpenCL.so.1.0.0
7f9150e06000-7f9151005000 ---p 00006000 103:02 1313995                   /opt/cuda/targets/x86_64-linux/lib/libOpenCL.so.1.0.0
7f9151005000-7f9151007000 r--p 00005000 103:02 1313995                   /opt/cuda/targets/x86_64-linux/lib/libOpenCL.so.1.0.0
7f9151007000-7f9151008000 rw-p 00007000 103:02 1313995                   /opt/cuda/targets/x86_64-linux/lib/libOpenCL.so.1.0.0
7f9151008000-7f9151009000 rw-s 00000000 00:07 1110                       /dev/nvidiactl
7f9151009000-7f915100a000 rw-s 00000000 00:07 1110                       /dev/nvidiactl
7f915100a000-7f915100b000 rw-s 00000000 00:07 1110                       /dev/nvidiactl
7f915100b000-7f915100c000 rw-s 00000000 00:07 1110                       /dev/nvidiactl
7f915100c000-7f9151010000 r--p 00000000 103:02 4758497                   /usr/lib/libbsd.so.0.12.2
7f9151010000-7f915101b000 r-xp 00004000 103:02 4758497                   /usr/lib/libbsd.so.0.12.2
7f915101b000-7f915101e000 r--p 0000f000 103:02 4758497                   /usr/lib/libbsd.so.0.12.2
7f915101e000-7f915101f000 r--p 00011000 103:02 4758497                   /usr/lib/libbsd.so.0.12.2
7f915101f000-7f9151020000 rw-p 00012000 103:02 4758497                   /usr/lib/libbsd.so.0.12.2
7f9151020000-7f9151021000 rw-p 00000000 00:00 0 
7f9151021000-7f9151023000 r--p 00000000 103:02 4769556                   /usr/lib/libv4l2.so.0.0.0
7f9151023000-7f9151029000 r-xp 00002000 103:02 4769556                   /usr/lib/libv4l2.so.0.0.0
7f9151029000-7f915102b000 r--p 00008000 103:02 4769556                   /usr/lib/libv4l2.so.0.0.0
7f915102b000-7f915102c000 r--p 00009000 103:02 4769556                   /usr/lib/libv4l2.so.0.0.0
7f915102c000-7f9151030000 rw-p 0000a000 103:02 4769556                   /usr/lib/libv4l2.so.0.0.0
7f9151030000-7f9151033000 r--p 00000000 103:02 4769084                   /usr/lib/libiec61883.so.0.1.1
7f9151033000-7f915103a000 r-xp 00003000 103:02 4769084                   /usr/lib/libiec61883.so.0.1.1
7f915103a000-7f915103d000 r--p 0000a000 103:02 4769084                   /usr/lib/libiec61883.so.0.1.1
7f915103d000-7f915103e000 r--p 0000d000 103:02 4769084                   /usr/lib/libiec61883.so.0.1.1
7f915103e000-7f915103f000 rw-p 0000e000 103:02 4769084                   /usr/lib/libiec61883.so.0.1.1
7f915103f000-7f9151044000 r--p 00000000 103:02 4768962                   /usr/lib/libraw1394.so.11.1.0
7f9151044000-7f915104c000 r-xp 00005000 103:02 4768962                   /usr/lib/libraw1394.so.11.1.0
7f915104c000-7f915104f000 r--p 0000d000 103:02 4768962                   /usr/lib/libraw1394.so.11.1.0
7f915104f000-7f9151050000 r--p 0000f000 103:02 4768962                   /usr/lib/libraw1394.so.11.1.0
7f9151050000-7f9151051000 rw-p 00010000 103:02 4768962                   /usr/lib/libraw1394.so.11.1.0
7f9151051000-7f9151055000 r--p 00000000 103:02 4750340                   /usr/lib/libngtcp2.so.16.11.0
7f9151055000-7f915109c000 r-xp 00004000 103:02 4750340                   /usr/lib/libngtcp2.so.16.11.0
7f915109c000-7f91510ab000 r--p 0004b000 103:02 4750340                   /usr/lib/libngtcp2.so.16.11.0
7f91510ab000-7f91510ac000 r--p 0005a000 103:02 4750340                   /usr/lib/libngtcp2.so.16.11.0
7f91510ac000-7f91510ad000 rw-p 0005b000 103:02 4750340                   /usr/lib/libngtcp2.so.16.11.0
7f91510ad000-7f91510b7000 r--p 00000000 103:02 4769595                   /usr/lib/libvmaf.so.3.2.0
7f91510b7000-7f9151113000 r-xp 0000a000 103:02 4769595                   /usr/lib/libvmaf.so.3.2.0
7f9151113000-7f9151126000 r--p 00066000 103:02 4769595                   /usr/lib/libvmaf.so.3.2.0
7f9151126000-7f9151129000 r--p 00079000 103:02 4769595                   /usr/lib/libvmaf.so.3.2.0
7f9151129000-7f91511c0000 rw-p 0007c000 103:02 4769595                   /usr/lib/libvmaf.so.3.2.0
7f91511c0000-7f9151200000 rw-p 00000000 00:00 0 
7f9151200000-7f915125f000 r--p 00000000 103:02 4835194                   /usr/lib/libx265.so.217
7f915125f000-7f9152677000 r-xp 0005f000 103:02 4835194                   /usr/lib/libx265.so.217
7f9152677000-7f91526fb000 r--p 01477000 103:02 4835194                   /usr/lib/libx265.so.217
7f91526fb000-7f9152710000 r--p 014fa000 103:02 4835194                   /usr/lib/libx265.so.217
7f9152710000-7f9152713000 rw-p 0150f000 103:02 4835194                   /usr/lib/libx265.so.217
7f9152713000-7f9152725000 rw-p 00000000 00:00 0 
7f9152725000-7f9152729000 rw-s 00000000 00:07 1110                       /dev/nvidiactl
7f9152729000-7f915272c000 r--p 00000000 103:02 4815220                   /usr/lib/liblz4.so.1.10.0
7f915272c000-7f915274a000 r-xp 00003000 103:02 4815220                   /usr/lib/liblz4.so.1.10.0
7f915274a000-7f915274c000 r--p 00021000 103:02 4815220                   /usr/lib/liblz4.so.1.10.0
7f915274c000-7f915274d000 r--p 00023000 103:02 4815220                   /usr/lib/liblz4.so.1.10.0
7f915274d000-7f915274e000 rw-p 00024000 103:02 4815220                   /usr/lib/liblz4.so.1.10.0
7f915274e000-7f9152750000 r--p 00000000 103:02 4725865                   /usr/lib/libacl.so.1.2.2400
7f9152750000-7f9152756000 r-xp 00002000 103:02 4725865                   /usr/lib/libacl.so.1.2.2400
7f9152756000-7f9152758000 r--p 00008000 103:02 4725865                   /usr/lib/libacl.so.1.2.2400
7f9152758000-7f9152759000 r--p 00009000 103:02 4725865                   /usr/lib/libacl.so.1.2.2400
7f9152759000-7f915275a000 rw-p 0000a000 103:02 4725865                   /usr/lib/libacl.so.1.2.2400
7f915275a000-7f9152778000 r--p 00000000 103:02 4770283                   /usr/lib/libdovi.so.3.4.0
7f9152778000-7f91527f7000 r-xp 0001d000 103:02 4770283                   /usr/lib/libdovi.so.3.4.0
7f91527f7000-7f91527ff000 r--p 0009b000 103:02 4770283                   /usr/lib/libdovi.so.3.4.0
7f91527ff000-7f9152800000 rw-p 000a2000 103:02 4770283                   /usr/lib/libdovi.so.3.4.0
7f9152800000-7f9152803000 r--p 00000000 103:02 4792842                   /usr/lib/libx264.so.165
7f9152803000-7f9152996000 r-xp 00003000 103:02 4792842                   /usr/lib/libx264.so.165
7f9152996000-7f91529cf000 r--p 00196000 103:02 4792842                   /usr/lib/libx264.so.165
7f91529cf000-7f91529d1000 r--p 001ce000 103:02 4792842                   /usr/lib/libx264.so.165
7f91529d1000-7f91529d2000 rw-p 001d0000 103:02 4792842                   /usr/lib/libx264.so.165
7f91529d2000-7f9152acb000 rw-p 00000000 00:00 0 
7f9152acb000-7f9152acc000 r--p 00000000 103:02 4763243                   /usr/lib/libXxf86vm.so.1.0.0
7f9152acc000-7f9152acf000 r-xp 00001000 103:02 4763243                   /usr/lib/libXxf86vm.so.1.0.0
7f9152acf000-7f9152ad0000 r--p 00004000 103:02 4763243                   /usr/lib/libXxf86vm.so.1.0.0
7f9152ad0000-7f9152ad1000 r--p 00004000 103:02 4763243                   /usr/lib/libXxf86vm.so.1.0.0
7f9152ad1000-7f9152ad2000 rw-p 00005000 103:02 4763243                   /usr/lib/libXxf86vm.so.1.0.0
7f9152ad2000-7f9152ad4000 r--p 00000000 103:02 4737748                   /usr/lib/libidn2.so.0.4.0
7f9152ad4000-7f9152ad8000 r-xp 00002000 103:02 4737748                   /usr/lib/libidn2.so.0.4.0
7f9152ad8000-7f9152af2000 r--p 00006000 103:02 4737748                   /usr/lib/libidn2.so.0.4.0
7f9152af2000-7f9152af3000 r--p 0001f000 103:02 4737748                   /usr/lib/libidn2.so.0.4.0
7f9152af3000-7f9152af4000 rw-p 00020000 103:02 4737748                   /usr/lib/libidn2.so.0.4.0
7f9152af4000-7f9152af8000 r--p 00000000 103:02 4750269                   /usr/lib/libnghttp2.so.14.29.5
7f9152af8000-7f9152b0e000 r-xp 00004000 103:02 4750269                   /usr/lib/libnghttp2.so.14.29.5
7f9152b0e000-7f9152b1a000 r--p 0001a000 103:02 4750269                   /usr/lib/libnghttp2.so.14.29.5
7f9152b1a000-7f9152b1d000 r--p 00025000 103:02 4750269                   /usr/lib/libnghttp2.so.14.29.5
7f9152b1d000-7f9152b1e000 rw-p 00028000 103:02 4750269                   /usr/lib/libnghttp2.so.14.29.5
7f9152b1e000-7f9152b60000 r--p 00000000 103:02 4757008                   /usr/lib/libzmq.so.5.2.5
7f9152b60000-7f9152bd4000 r-xp 00042000 103:02 4757008                   /usr/lib/libzmq.so.5.2.5
7f9152bd4000-7f9152bf5000 r--p 000b6000 103:02 4757008                   /usr/lib/libzmq.so.5.2.5
7f9152bf5000-7f9152bff000 r--p 000d6000 103:02 4757008                   /usr/lib/libzmq.so.5.2.5
7f9152bff000-7f9152c00000 rw-p 000e0000 103:02 4757008                   /usr/lib/libzmq.so.5.2.5
7f9152c00000-7f9152c04000 r--p 00000000 103:02 4817227                   /usr/lib/libSvtAv1Enc.so.4.2.0
7f9152c04000-7f9153066000 r-xp 00004000 103:02 4817227                   /usr/lib/libSvtAv1Enc.so.4.2.0
7f9153066000-7f915312a000 r--p 00466000 103:02 4817227                   /usr/lib/libSvtAv1Enc.so.4.2.0
7f915312a000-7f915312e000 r--p 00529000 103:02 4817227                   /usr/lib/libSvtAv1Enc.so.4.2.0
7f915312e000-7f9153130000 rw-p 0052d000 103:02 4817227                   /usr/lib/libSvtAv1Enc.so.4.2.0
7f9153130000-7f915b16e000 rw-p 00000000 00:00 0 
7f915b16e000-7f915b170000 r--p 00000000 103:02 4732141                   /usr/lib/libkeyutils.so.1.10
7f915b170000-7f915b172000 r-xp 00002000 103:02 4732141                   /usr/lib/libkeyutils.so.1.10
7f915b172000-7f915b173000 r--p 00004000 103:02 4732141                   /usr/lib/libkeyutils.so.1.10
7f915b173000-7f915b174000 r--p 00004000 103:02 4732141                   /usr/lib/libkeyutils.so.1.10
7f915b174000-7f915b175000 rw-p 00005000 103:02 4732141                   /usr/lib/libkeyutils.so.1.10
7f915b175000-7f915b178000 r--p 00000000 103:02 4750283                   /usr/lib/libnghttp3.so.9.9.0
7f915b178000-7f915b18d000 r-xp 00003000 103:02 4750283                   /usr/lib/libnghttp3.so.9.9.0
7f915b18d000-7f915b19a000 r--p 00018000 103:02 4750283                   /usr/lib/libnghttp3.so.9.9.0
7f915b19a000-7f915b19b000 r--p 00024000 103:02 4750283                   /usr/lib/libnghttp3.so.9.9.0
7f915b19b000-7f915b19d000 rw-p 00025000 103:02 4750283                   /usr/lib/libnghttp3.so.9.9.0
7f915b19d000-7f915b19f000 r--p 00000000 103:02 4788171                   /usr/lib/libsoxr.so.0.1.2
7f915b19f000-7f915b1c3000 r-xp 00002000 103:02 4788171                   /usr/lib/libsoxr.so.0.1.2
7f915b1c3000-7f915b1c8000 r--p 00026000 103:02 4788171                   /usr/lib/libsoxr.so.0.1.2
7f915b1c8000-7f915b1ca000 r--p 0002a000 103:02 4788171                   /usr/lib/libsoxr.so.0.1.2
7f915b1ca000-7f915b1cb000 rw-p 0002c000 103:02 4788171                   /usr/lib/libsoxr.so.0.1.2
7f915b1cb000-7f915b200000 rw-p 00000000 00:00 0 
7f915b200000-7f915b288000 r--p 00000000 103:02 4812078                   /usr/lib/librav1e.so.0.8.1
7f915b288000-7f915b4ff000 r-xp 00087000 103:02 4812078                   /usr/lib/librav1e.so.0.8.1
7f915b4ff000-7f915b522000 r--p 002fd000 103:02 4812078                   /usr/lib/librav1e.so.0.8.1
7f915b522000-7f915b523000 rw-p 0031f000 103:02 4812078                   /usr/lib/librav1e.so.0.8.1
7f915b523000-7f915b524000 rw-p 00000000 00:00 0 
7f915b524000-7f915b526000 r--p 00000000 103:02 4737828                   /usr/lib/libpsl.so.5.3.5
7f915b526000-7f915b528000 r-xp 00002000 103:02 4737828                   /usr/lib/libpsl.so.5.3.5
7f915b528000-7f915b536000 r--p 00004000 103:02 4737828                   /usr/lib/libpsl.so.5.3.5
7f915b536000-7f915b537000 r--p 00011000 103:02 4737828                   /usr/lib/libpsl.so.5.3.5
7f915b537000-7f915b538000 rw-p 00012000 103:02 4737828                   /usr/lib/libpsl.so.5.3.5
7f915b538000-7f915b53d000 r--p 00000000 103:02 4743300                   /usr/lib/libshaderc_shared.so.1
7f915b53d000-7f915b550000 r-xp 00005000 103:02 4743300                   /usr/lib/libshaderc_shared.so.1
7f915b550000-7f915b554000 r--p 00018000 103:02 4743300                   /usr/lib/libshaderc_shared.so.1
7f915b554000-7f915b555000 r--p 0001b000 103:02 4743300                   /usr/lib/libshaderc_shared.so.1
7f915b555000-7f915b556000 rw-p 0001c000 103:02 4743300                   /usr/lib/libshaderc_shared.so.1
7f915b556000-7f915b558000 r--p 00000000 103:02 4763199                   /usr/lib/libunwind.so.8.2.0
7f915b558000-7f915b563000 r-xp 00002000 103:02 4763199                   /usr/lib/libunwind.so.8.2.0
7f915b563000-7f915b565000 r--p 0000d000 103:02 4763199                   /usr/lib/libunwind.so.8.2.0
7f915b565000-7f915b566000 r--p 0000e000 103:02 4763199                   /usr/lib/libunwind.so.8.2.0
7f915b566000-7f915b567000 rw-p 0000f000 103:02 4763199                   /usr/lib/libunwind.so.8.2.0
7f915b567000-7f915b571000 rw-p 00000000 00:00 0 
7f915b571000-7f915b57f000 r--p 00000000 103:02 4826263                   /usr/lib/libssh.so.4.12.0
7f915b57f000-7f915b5dc000 r-xp 0000e000 103:02 4826263                   /usr/lib/libssh.so.4.12.0
7f915b5dc000-7f915b5fc000 r--p 0006b000 103:02 4826263                   /usr/lib/libssh.so.4.12.0
7f915b5fc000-7f915b5fe000 r--p 0008b000 103:02 4826263                   /usr/lib/libssh.so.4.12.0
7f915b5fe000-7f915b600000 rw-p 0008d000 103:02 4826263                   /usr/lib/libssh.so.4.12.0
7f915b600000-7f915b603000 r--p 00000000 103:02 4816266                   /usr/lib/libopus.so.0.11.1
7f915b603000-7f915b678000 r-xp 00003000 103:02 4816266                   /usr/lib/libopus.so.0.11.1
7f915b678000-7f915b9f4000 r--p 00078000 103:02 4816266                   /usr/lib/libopus.so.0.11.1
7f915b9f4000-7f915b9f8000 r--p 003f3000 103:02 4816266                   /usr/lib/libopus.so.0.11.1
7f915b9f8000-7f915b9f9000 rw-p 003f7000 103:02 4816266                   /usr/lib/libopus.so.0.11.1
7f915b9f9000-7f915b9fa000 rw-s 00000000 00:07 1110                       /dev/nvidiactl
7f915b9fa000-7f915b9fc000 r--p 00000000 103:02 4726081                   /usr/lib/libcom_err.so.2.1
7f915b9fc000-7f915b9fd000 r-xp 00002000 103:02 4726081                   /usr/lib/libcom_err.so.2.1
7f915b9fd000-7f915b9fe000 r--p 00003000 103:02 4726081                   /usr/lib/libcom_err.so.2.1
7f915b9fe000-7f915b9ff000 r--p 00003000 103:02 4726081                   /usr/lib/libcom_err.so.2.1
7f915b9ff000-7f915ba00000 rw-p 00004000 103:02 4726081                   /usr/lib/libcom_err.so.2.1
7f915ba00000-7f915ba04000 r--p 00000000 103:02 4755238                   /usr/lib/libjxl.so.0.12.0
7f915ba04000-7f915bd49000 r-xp 00004000 103:02 4755238                   /usr/lib/libjxl.so.0.12.0
7f915bd49000-7f915bdaf000 r--p 00349000 103:02 4755238                   /usr/lib/libjxl.so.0.12.0
7f915bdaf000-7f915bdb7000 r--p 003ae000 103:02 4755238                   /usr/lib/libjxl.so.0.12.0
7f915bdb7000-7f915bdb8000 rw-p 003b6000 103:02 4755238                   /usr/lib/libjxl.so.0.12.0
7f915bdb8000-7f915be36000 rw-p 00000000 00:00 0 
7f915be36000-7f915be3a000 rw-s 00000000 00:07 1110                       /dev/nvidiactl
7f915be3a000-7f915be3c000 r--p 00000000 103:02 4751858                   /usr/lib/libxcb-shape.so.0.0.0
7f915be3c000-7f915be3d000 r-xp 00002000 103:02 4751858                   /usr/lib/libxcb-shape.so.0.0.0
7f915be3d000-7f915be3e000 r--p 00003000 103:02 4751858                   /usr/lib/libxcb-shape.so.0.0.0
7f915be3e000-7f915be3f000 r--p 00003000 103:02 4751858                   /usr/lib/libxcb-shape.so.0.0.0
7f915be3f000-7f915be40000 rw-p 00004000 103:02 4751858                   /usr/lib/libxcb-shape.so.0.0.0
7f915be40000-7f915be43000 r--p 00000000 103:02 4757522                   /usr/lib/libngtcp2_crypto_ossl.so.0.3.1
7f915be43000-7f915be49000 r-xp 00003000 103:02 4757522                   /usr/lib/libngtcp2_crypto_ossl.so.0.3.1
7f915be49000-7f915be4b000 r--p 00009000 103:02 4757522                   /usr/lib/libngtcp2_crypto_ossl.so.0.3.1
7f915be4b000-7f915be4c000 r--p 0000a000 103:02 4757522                   /usr/lib/libngtcp2_crypto_ossl.so.0.3.1
7f915be4c000-7f915be4d000 rw-p 0000b000 103:02 4757522                   /usr/lib/libngtcp2_crypto_ossl.so.0.3.1
7f915be4d000-7f915be5e000 r--p 00000000 103:02 4725963                   /usr/lib/libgmp.so.10.5.0
7f915be5e000-7f915bedc000 r-xp 00011000 103:02 4725963                   /usr/lib/libgmp.so.10.5.0
7f915bedc000-7f915bef1000 r--p 0008f000 103:02 4725963                   /usr/lib/libgmp.so.10.5.0
7f915bef1000-7f915bef3000 r--p 000a3000 103:02 4725963                   /usr/lib/libgmp.so.10.5.0
7f915bef3000-7f915bef4000 rw-p 000a5000 103:02 4725963                   /usr/lib/libgmp.so.10.5.0
7f915bef4000-7f915bef5000 r--p 00000000 103:02 4836934                   /usr/lib/libxvidcore.so.4.3
7f915bef5000-7f915bf7d000 r-xp 00001000 103:02 4836934                   /usr/lib/libxvidcore.so.4.3
7f915bf7d000-7f915bf8c000 r--p 00089000 103:02 4836934                   /usr/lib/libxvidcore.so.4.3
7f915bf8c000-7f915bf8d000 r--p 00097000 103:02 4836934                   /usr/lib/libxvidcore.so.4.3
7f915bf8d000-7f915bf97000 rw-p 00098000 103:02 4836934                   /usr/lib/libxvidcore.so.4.3
7f915bf97000-7f915c000000 rw-p 00000000 00:00 0 
7f915c000000-7f915c003000 r--p 00000000 103:02 4744981                   /usr/lib/libaom.so.3.14.1
7f915c003000-7f915c7a2000 r-xp 00003000 103:02 4744981                   /usr/lib/libaom.so.3.14.1
7f915c7a2000-7f915c879000 r--p 007a2000 103:02 4744981                   /usr/lib/libaom.so.3.14.1
7f915c879000-7f915c88a000 r--p 00879000 103:02 4744981                   /usr/lib/libaom.so.3.14.1
7f915c88a000-7f915c88c000 rw-p 0088a000 103:02 4744981                   /usr/lib/libaom.so.3.14.1
7f915c88c000-7f915c8e3000 rw-p 00000000 00:00 0 
7f915c8e3000-7f915c8e4000 r--p 00000000 103:02 4768976                   /usr/lib/librom1394.so.0.3.0
7f915c8e4000-7f915c8e6000 r-xp 00001000 103:02 4768976                   /usr/lib/librom1394.so.0.3.0
7f915c8e6000-7f915c8e7000 r--p 00003000 103:02 4768976                   /usr/lib/librom1394.so.0.3.0
7f915c8e7000-7f915c8e8000 r--p 00003000 103:02 4768976                   /usr/lib/librom1394.so.0.3.0
7f915c8e8000-7f915c8e9000 rw-p 00004000 103:02 4768976                   /usr/lib/librom1394.so.0.3.0
7f915c8e9000-7f915c8ec000 r--p 00000000 103:02 4773735                   /usr/lib/libdvdread.so.8.2.0
7f915c8ec000-7f915c90a000 r-xp 00003000 103:02 4773735                   /usr/lib/libdvdread.so.8.2.0
7f915c90a000-7f915c913000 r--p 00021000 103:02 4773735                   /usr/lib/libdvdread.so.8.2.0
7f915c913000-7f915c914000 r--p 0002a000 103:02 4773735                   /usr/lib/libdvdread.so.8.2.0
7f915c914000-7f915c915000 rw-p 0002b000 103:02 4773735                   /usr/lib/libdvdread.so.8.2.0
7f915c915000-7f915c919000 r--p 00000000 103:02 4837269                   /usr/lib/libvpl.so.2.17
7f915c919000-7f915c963000 r-xp 00004000 103:02 4837269                   /usr/lib/libvpl.so.2.17
7f915c963000-7f915c976000 r--p 0004e000 103:02 4837269                   /usr/lib/libvpl.so.2.17
7f915c976000-7f915c978000 r--p 00060000 103:02 4837269                   /usr/lib/libvpl.so.2.17
7f915c978000-7f915c979000 rw-p 00062000 103:02 4837269                   /usr/lib/libvpl.so.2.17
7f915c979000-7f915c97c000 r--p 00000000 103:02 4755359                   /usr/lib/libwebp.so.7.2.0
7f915c97c000-7f915c9ed000 r-xp 00003000 103:02 4755359                   /usr/lib/libwebp.so.7.2.0
7f915c9ed000-7f915c9fd000 r--p 00074000 103:02 4755359                   /usr/lib/libwebp.so.7.2.0
7f915c9fd000-7f915c9fe000 r--p 00083000 103:02 4755359                   /usr/lib/libwebp.so.7.2.0
7f915c9fe000-7f915c9ff000 rw-p 00084000 103:02 4755359                   /usr/lib/libwebp.so.7.2.0
7f915c9ff000-7f915ca00000 rw-p 00000000 00:00 0 
7f915ca00000-7f915ca09000 r--p 00000000 103:02 4814627                   /usr/lib/librsvg-2.so.2.62.3
7f915ca09000-7f915cd0e000 r-xp 00009000 103:02 4814627                   /usr/lib/librsvg-2.so.2.62.3
7f915cd0e000-7f915ce1e000 r--p 0030e000 103:02 4814627                   /usr/lib/librsvg-2.so.2.62.3
7f915ce1e000-7f915ce8e000 r--p 0041d000 103:02 4814627                   /usr/lib/librsvg-2.so.2.62.3
7f915ce8e000-7f915ce8f000 rw-p 0048d000 103:02 4814627                   /usr/lib/librsvg-2.so.2.62.3
7f915ce8f000-7f915ce90000 rw-s 00000000 00:07 1112                       /dev/nvidia0
7f915ce90000-7f915ce91000 rw-s 00000000 00:07 1110                       /dev/nvidiactl
7f915ce91000-7f915ce93000 r--p 00000000 103:02 4835240                   /usr/lib/libglslang-default-resource-limits.so.16.4.0
7f915ce93000-7f915ce97000 r-xp 00002000 103:02 4835240                   /usr/lib/libglslang-default-resource-limits.so.16.4.0
7f915ce97000-7f915ce99000 r--p 00006000 103:02 4835240                   /usr/lib/libglslang-default-resource-limits.so.16.4.0
7f915ce99000-7f915ce9a000 r--p 00008000 103:02 4835240                   /usr/lib/libglslang-default-resource-limits.so.16.4.0
7f915ce9a000-7f915ce9b000 rw-p 00009000 103:02 4835240                   /usr/lib/libglslang-default-resource-limits.so.16.4.0
7f915ce9b000-7f915cea0000 r--p 00000000 103:02 4769333                   /usr/lib/libvidstab.so.1.2
7f915cea0000-7f915ceac000 r-xp 00005000 103:02 4769333                   /usr/lib/libvidstab.so.1.2
7f915ceac000-7f915ceb0000 r--p 00011000 103:02 4769333                   /usr/lib/libvidstab.so.1.2
7f915ceb0000-7f915ceb1000 r--p 00014000 103:02 4769333                   /usr/lib/libvidstab.so.1.2
7f915ceb1000-7f915ceb2000 rw-p 00015000 103:02 4769333                   /usr/lib/libvidstab.so.1.2
7f915ceb2000-7f915ceb3000 r--p 00000000 103:02 4769018                   /usr/lib/libvorbisenc.so.2.0.12
7f915ceb3000-7f915ceb6000 r-xp 00001000 103:02 4769018                   /usr/lib/libvorbisenc.so.2.0.12
7f915ceb6000-7f915cf2d000 r--p 00004000 103:02 4769018                   /usr/lib/libvorbisenc.so.2.0.12
7f915cf2d000-7f915cf49000 r--p 0007a000 103:02 4769018                   /usr/lib/libvorbisenc.so.2.0.12
7f915cf49000-7f915cf4a000 rw-p 00096000 103:02 4769018                   /usr/lib/libvorbisenc.so.2.0.12
7f915cf4a000-7f915cf4d000 r--p 00000000 103:02 4769013                   /usr/lib/libvorbis.so.0.4.9
7f915cf4d000-7f915cf65000 r-xp 00003000 103:02 4769013                   /usr/lib/libvorbis.so.0.4.9
7f915cf65000-7f915cf76000 r--p 0001b000 103:02 4769013                   /usr/lib/libvorbis.so.0.4.9
7f915cf76000-7f915cf77000 r--p 0002b000 103:02 4769013                   /usr/lib/libvorbis.so.0.4.9
7f915cf77000-7f915cf78000 rw-p 0002c000 103:02 4769013                   /usr/lib/libvorbis.so.0.4.9
7f915cf78000-7f915cf79000 r--p 00000000 103:02 4816286                   /usr/lib/libtheoraenc.so.2.2.1
7f915cf79000-7f915cf9d000 r-xp 00001000 103:02 4816286                   /usr/lib/libtheoraenc.so.2.2.1
7f915cf9d000-7f915cfa9000 r--p 00025000 103:02 4816286                   /usr/lib/libtheoraenc.so.2.2.1
7f915cfa9000-7f915cfaa000 r--p 00030000 103:02 4816286                   /usr/lib/libtheoraenc.so.2.2.1
7f915cfaa000-7f915cfab000 rw-p 00031000 103:02 4816286                   /usr/lib/libtheoraenc.so.2.2.1
7f915cfab000-7f915cfb2000 r--p 00000000 103:02 4755382                   /usr/lib/libopenjp2.so.2.5.4
7f915cfb2000-7f915d00a000 r-xp 00007000 103:02 4755382                   /usr/lib/libopenjp2.so.2.5.4
7f915d00a000-7f915d01c000 r--p 0005f000 103:02 4755382                   /usr/lib/libopenjp2.so.2.5.4
7f915d01c000-7f915d01e000 r--p 00071000 103:02 4755382                   /usr/lib/libopenjp2.so.2.5.4
7f915d01e000-7f915d01f000 rw-p 00073000 103:02 4755382                   /usr/lib/libopenjp2.so.2.5.4
7f915d01f000-7f915d021000 r--p 00000000 103:02 4817089                   /usr/lib/libdav1d.so.7.0.0
7f915d021000-7f915d19f000 r-xp 00002000 103:02 4817089                   /usr/lib/libdav1d.so.7.0.0
7f915d19f000-7f915d1d7000 r--p 00180000 103:02 4817089                   /usr/lib/libdav1d.so.7.0.0
7f915d1d7000-7f915d1db000 r--p 001b7000 103:02 4817089                   /usr/lib/libdav1d.so.7.0.0
7f915d1db000-7f915d1dc000 rw-p 001bb000 103:02 4817089                   /usr/lib/libdav1d.so.7.0.0
7f915d1dc000-7f915d200000 rw-p 00000000 00:00 0 
7f915d200000-7f915d202000 r--p 00000000 103:02 4817225                   /usr/lib/libvpx.so.12.0.0
7f915d202000-7f915d4f0000 r-xp 00002000 103:02 4817225                   /usr/lib/libvpx.so.12.0.0
7f915d4f0000-7f915d525000 r--p 002f0000 103:02 4817225                   /usr/lib/libvpx.so.12.0.0
7f915d525000-7f915d528000 r--p 00325000 103:02 4817225                   /usr/lib/libvpx.so.12.0.0
7f915d528000-7f915d529000 rw-p 00328000 103:02 4817225                   /usr/lib/libvpx.so.12.0.0
7f915d529000-7f915d530000 rw-p 00000000 00:00 0 
7f915d530000-7f915d531000 r--s 00000000 00:07 1110                       /dev/nvidiactl
7f915d531000-7f915d533000 r--p 00000000 103:02 4768973                   /usr/lib/libavc1394.so.0.3.0
7f915d533000-7f915d535000 r-xp 00002000 103:02 4768973                   /usr/lib/libavc1394.so.0.3.0
7f915d535000-7f915d536000 r--p 00004000 103:02 4768973                   /usr/lib/libavc1394.so.0.3.0
7f915d536000-7f915d537000 r--p 00004000 103:02 4768973                   /usr/lib/libavc1394.so.0.3.0
7f915d537000-7f915d538000 rw-p 00005000 103:02 4768973                   /usr/lib/libavc1394.so.0.3.0
7f915d538000-7f915d53a000 r--p 00000000 103:02 4769073                   /usr/lib/libbs2b.so.0.0.0
7f915d53a000-7f915d53d000 r-xp 00002000 103:02 4769073                   /usr/lib/libbs2b.so.0.0.0
7f915d53d000-7f915d53e000 r--p 00005000 103:02 4769073                   /usr/lib/libbs2b.so.0.0.0
7f915d53e000-7f915d53f000 r--p 00005000 103:02 4769073                   /usr/lib/libbs2b.so.0.0.0
7f915d53f000-7f915d540000 rw-p 00006000 103:02 4769073                   /usr/lib/libbs2b.so.0.0.0
7f915d540000-7f915d542000 r--p 00000000 103:02 4769303                   /usr/lib/libtheoradec.so.2.1.1
7f915d542000-7f915d554000 r-xp 00002000 103:02 4769303                   /usr/lib/libtheoradec.so.2.1.1
7f915d554000-7f915d556000 r--p 00014000 103:02 4769303                   /usr/lib/libtheoradec.so.2.1.1
7f915d556000-7f915d557000 r--p 00015000 103:02 4769303                   /usr/lib/libtheoradec.so.2.1.1
7f915d557000-7f915d558000 rw-p 00016000 103:02 4769303                   /usr/lib/libtheoradec.so.2.1.1
7f915d558000-7f915d55a000 r--p 00000000 103:02 4769495                   /usr/lib/libspeex.so.1.5.2
7f915d55a000-7f915d56d000 r-xp 00002000 103:02 4769495                   /usr/lib/libspeex.so.1.5.2
7f915d56d000-7f915d572000 r--p 00015000 103:02 4769495                   /usr/lib/libspeex.so.1.5.2
7f915d572000-7f915d573000 r--p 0001a000 103:02 4769495                   /usr/lib/libspeex.so.1.5.2
7f915d573000-7f915d574000 rw-p 0001b000 103:02 4769495                   /usr/lib/libspeex.so.1.5.2
7f915d574000-7f915d575000 r--p 00000000 103:02 4769453                   /usr/lib/libopencore-amrnb.so.0.0.5
7f915d575000-7f915d592000 r-xp 00001000 103:02 4769453                   /usr/lib/libopencore-amrnb.so.0.0.5
7f915d592000-7f915d59c000 r--p 0001e000 103:02 4769453                   /usr/lib/libopencore-amrnb.so.0.0.5
7f915d59c000-7f915d59d000 r--p 00027000 103:02 4769453                   /usr/lib/libopencore-amrnb.so.0.0.5
7f915d59d000-7f915d59e000 rw-p 00028000 103:02 4769453                   /usr/lib/libopencore-amrnb.so.0.0.5
7f915d59e000-7f915d5a3000 r--p 00000000 103:02 4818072                   /usr/lib/libmp3lame.so.0.0.0
7f915d5a3000-7f915d5cc000 r-xp 00005000 103:02 4818072                   /usr/lib/libmp3lame.so.0.0.0
7f915d5cc000-7f915d5d9000 r--p 0002e000 103:02 4818072                   /usr/lib/libmp3lame.so.0.0.0
7f915d5d9000-7f915d5da000 r--p 0003b000 103:02 4818072                   /usr/lib/libmp3lame.so.0.0.0
7f915d5da000-7f915d5db000 rw-p 0003c000 103:02 4818072                   /usr/lib/libmp3lame.so.0.0.0
7f915d5db000-7f915d5ec000 rw-p 00000000 00:00 0 
7f915d5ec000-7f915d5f0000 r--p 00000000 103:02 4733684                   /usr/lib/liblzma.so.5.8.3
7f915d5f0000-7f915d614000 r-xp 00004000 103:02 4733684                   /usr/lib/liblzma.so.5.8.3
7f915d614000-7f915d61f000 r--p 00028000 103:02 4733684                   /usr/lib/liblzma.so.5.8.3
7f915d61f000-7f915d620000 r--p 00033000 103:02 4733684                   /usr/lib/liblzma.so.5.8.3
7f915d620000-7f915d621000 rw-p 00034000 103:02 4733684                   /usr/lib/liblzma.so.5.8.3
7f915d621000-7f915d622000 r--p 00000000 103:02 4763771                   /usr/lib/libunibreak.so.7.0.0
7f915d622000-7f915d625000 r-xp 00001000 103:02 4763771                   /usr/lib/libunibreak.so.7.0.0
7f915d625000-7f915d642000 r--p 00004000 103:02 4763771                   /usr/lib/libunibreak.so.7.0.0
7f915d642000-7f915d643000 r--p 00020000 103:02 4763771                   /usr/lib/libunibreak.so.7.0.0
7f915d643000-7f915d644000 rw-p 00021000 103:02 4763771                   /usr/lib/libunibreak.so.7.0.0
7f915d644000-7f915d647000 r--p 00000000 103:02 4837263                   /usr/lib/libva.so.2.2400.0
7f915d647000-7f915d669000 r-xp 00003000 103:02 4837263                   /usr/lib/libva.so.2.2400.0
7f915d669000-7f915d67c000 r--p 00025000 103:02 4837263                   /usr/lib/libva.so.2.2400.0
7f915d67c000-7f915d67d000 r--p 00038000 103:02 4837263                   /usr/lib/libva.so.2.2400.0
7f915d67d000-7f915d67e000 rw-p 00039000 103:02 4837263                   /usr/lib/libva.so.2.2400.0
7f915d67e000-7f915d685000 r--p 00000000 103:02 4771963                   /usr/lib/libvulkan.so.1.4.357
7f915d685000-7f915d6e4000 r-xp 00007000 103:02 4771963                   /usr/lib/libvulkan.so.1.4.357
7f915d6e4000-7f915d719000 r--p 00066000 103:02 4771963                   /usr/lib/libvulkan.so.1.4.357
7f915d719000-7f915d71b000 r--p 0009a000 103:02 4771963                   /usr/lib/libvulkan.so.1.4.357
7f915d71b000-7f915d71c000 rw-p 0009c000 103:02 4771963                   /usr/lib/libvulkan.so.1.4.357
7f915d71c000-7f915d722000 r--p 00000000 103:02 4774588                   /usr/lib/libsixel.so.1.0.0
7f915d722000-7f915d747000 r-xp 00006000 103:02 4774588                   /usr/lib/libsixel.so.1.0.0
7f915d747000-7f915d750000 r--p 0002b000 103:02 4774588                   /usr/lib/libsixel.so.1.0.0
7f915d750000-7f915d767000 r--p 00033000 103:02 4774588                   /usr/lib/libsixel.so.1.0.0
7f915d767000-7f915d768000 rw-p 0004a000 103:02 4774588                   /usr/lib/libsixel.so.1.0.0
7f915d768000-7f915d76d000 r--p 00000000 103:02 4748352                   /usr/lib/libjpeg.so.8.3.2
7f915d76d000-7f915d7e7000 r-xp 00005000 103:02 4748352                   /usr/lib/libjpeg.so.8.3.2
7f915d7e7000-7f915d80e000 r--p 0007f000 103:02 4748352                   /usr/lib/libjpeg.so.8.3.2
7f915d80e000-7f915d80f000 r--p 000a6000 103:02 4748352                   /usr/lib/libjpeg.so.8.3.2
7f915d80f000-7f915d810000 rw-p 000a7000 103:02 4748352                   /usr/lib/libjpeg.so.8.3.2
7f915d810000-7f915d818000 r--p 00000000 103:02 4777398                   /usr/lib/libcaca.so.0.99.20
7f915d818000-7f915d832000 r-xp 00008000 103:02 4777398                   /usr/lib/libcaca.so.0.99.20
7f915d832000-7f915d8dd000 r--p 00022000 103:02 4777398                   /usr/lib/libcaca.so.0.99.20
7f915d8dd000-7f915d8df000 r--p 000cc000 103:02 4777398                   /usr/lib/libcaca.so.0.99.20
7f915d8df000-7f915d8e0000 rw-p 000ce000 103:02 4777398                   /usr/lib/libcaca.so.0.99.20
7f915d8e0000-7f915d8ec000 r--p 00000000 103:02 4769245                   /usr/lib/libpulse.so.0.24.3
7f915d8ec000-7f915d91c000 r-xp 0000c000 103:02 4769245                   /usr/lib/libpulse.so.0.24.3
7f915d91c000-7f915d92d000 r--p 0003c000 103:02 4769245                   /usr/lib/libpulse.so.0.24.3
7f915d92d000-7f915d92f000 r--p 0004c000 103:02 4769245                   /usr/lib/libpulse.so.0.24.3
7f915d92f000-7f915d930000 rw-p 0004e000 103:02 4769245                   /usr/lib/libpulse.so.0.24.3
7f915d930000-7f915d93d000 r--p 00000000 103:02 4751534                   /usr/lib/libpipewire-0.3.so.0.1608.0
7f915d93d000-7f915d9c4000 r-xp 0000d000 103:02 4751534                   /usr/lib/libpipewire-0.3.so.0.1608.0
7f915d9c4000-7f915d9e2000 r--p 00094000 103:02 4751534                   /usr/lib/libpipewire-0.3.so.0.1608.0
7f915d9e2000-7f915d9fe000 r--p 000b2000 103:02 4751534                   /usr/lib/libpipewire-0.3.so.0.1608.0
7f915d9fe000-7f915d9ff000 rw-p 000ce000 103:02 4751534                   /usr/lib/libpipewire-0.3.so.0.1608.0
7f915d9ff000-7f915da00000 rw-p 00000000 00:00 0 
7f915da00000-7f915da03000 r--p 00000000 103:02 4771718                   /usr/lib/libswscale.so.10.1.101
7f915da03000-7f915dbdc000 r-xp 00003000 103:02 4771718                   /usr/lib/libswscale.so.10.1.101
7f915dbdc000-7f915dbfa000 r--p 001dc000 103:02 4771718                   /usr/lib/libswscale.so.10.1.101
7f915dbfa000-7f915dc0e000 r--p 001f9000 103:02 4771718                   /usr/lib/libswscale.so.10.1.101
7f915dc0e000-7f915dc0f000 rw-p 0020d000 103:02 4771718                   /usr/lib/libswscale.so.10.1.101
7f915dc0f000-7f915dc53000 rw-p 00000000 00:00 0 
7f915dc53000-7f915dc54000 rw-s 00000000 00:07 1110                       /dev/nvidiactl
7f915dc54000-7f915dc55000 rw-s 00000000 00:07 1112                       /dev/nvidia0
7f915dc55000-7f915dc57000 r--p 00000000 103:02 4767530                   /usr/lib/libgsm.so.1.0.22
7f915dc57000-7f915dc61000 r-xp 00002000 103:02 4767530                   /usr/lib/libgsm.so.1.0.22
7f915dc61000-7f915dc62000 r--p 0000c000 103:02 4767530                   /usr/lib/libgsm.so.1.0.22
7f915dc62000-7f915dc63000 r--p 0000d000 103:02 4767530                   /usr/lib/libgsm.so.1.0.22
7f915dc63000-7f915dc64000 rw-p 0000e000 103:02 4767530                   /usr/lib/libgsm.so.1.0.22
7f915dc64000-7f915dc67000 r--p 00000000 103:02 4846487                   /usr/lib/libsnappy.so.1.2.2
7f915dc67000-7f915dc6e000 r-xp 00003000 103:02 4846487                   /usr/lib/libsnappy.so.1.2.2
7f915dc6e000-7f915dc71000 r--p 0000a000 103:02 4846487                   /usr/lib/libsnappy.so.1.2.2
7f915dc71000-7f915dc72000 r--p 0000c000 103:02 4846487                   /usr/lib/libsnappy.so.1.2.2
7f915dc72000-7f915dc73000 rw-p 0000d000 103:02 4846487                   /usr/lib/libsnappy.so.1.2.2
7f915dc73000-7f915dc95000 r--p 00000000 103:02 4743150                   /usr/lib/libasound.so.2.0.0
7f915dc95000-7f915dd35000 r-xp 00022000 103:02 4743150                   /usr/lib/libasound.so.2.0.0
7f915dd35000-7f915dd63000 r--p 000c2000 103:02 4743150                   /usr/lib/libasound.so.2.0.0
7f915dd63000-7f915dd6b000 r--p 000f0000 103:02 4743150                   /usr/lib/libasound.so.2.0.0
7f915dd6b000-7f915dd6c000 rw-p 000f8000 103:02 4743150                   /usr/lib/libasound.so.2.0.0
7f915dd6c000-7f915dd6f000 r--p 00000000 103:02 4769435                   /usr/lib/libzimg.so.2.0.0
7f915dd6f000-7f915dde9000 r-xp 00003000 103:02 4769435                   /usr/lib/libzimg.so.2.0.0
7f915dde9000-7f915ddfb000 r--p 0007d000 103:02 4769435                   /usr/lib/libzimg.so.2.0.0
7f915ddfb000-7f915ddff000 r--p 0008e000 103:02 4769435                   /usr/lib/libzimg.so.2.0.0
7f915ddff000-7f915de00000 rw-p 00092000 103:02 4769435                   /usr/lib/libzimg.so.2.0.0
7f915de00000-7f915de0d000 r--p 00000000 103:02 4755479                   /usr/lib/libavutil.so.61.1.101
7f915de0d000-7f915def7000 r-xp 0000d000 103:02 4755479                   /usr/lib/libavutil.so.61.1.101
7f915def7000-7f915df21000 r--p 000f7000 103:02 4755479                   /usr/lib/libavutil.so.61.1.101
7f915df21000-7f915df37000 r--p 00120000 103:02 4755479                   /usr/lib/libavutil.so.61.1.101
7f915df37000-7f915df38000 rw-p 00136000 103:02 4755479                   /usr/lib/libavutil.so.61.1.101
7f915df38000-7f915e047000 rw-p 00000000 00:00 0 
7f915e047000-7f915e049000 rw-s 00000000 00:07 1110                       /dev/nvidiactl
7f915e049000-7f915e04a000 r--p 00000000 103:02 4788175                   /usr/lib/libopencore-amrwb.so.0.0.5
7f915e04a000-7f915e056000 r-xp 00001000 103:02 4788175                   /usr/lib/libopencore-amrwb.so.0.0.5
7f915e056000-7f915e05d000 r--p 0000d000 103:02 4788175                   /usr/lib/libopencore-amrwb.so.0.0.5
7f915e05d000-7f915e05e000 r--p 00013000 103:02 4788175                   /usr/lib/libopencore-amrwb.so.0.0.5
7f915e05e000-7f915e05f000 rw-p 00014000 103:02 4788175                   /usr/lib/libopencore-amrwb.so.0.0.5
7f915e05f000-7f915e066000 r--p 00000000 103:02 4768939                   /usr/lib/libjack.so.0.1.0
7f915e066000-7f915e094000 r-xp 00007000 103:02 4768939                   /usr/lib/libjack.so.0.1.0
7f915e094000-7f915e0aa000 r--p 00035000 103:02 4768939                   /usr/lib/libjack.so.0.1.0
7f915e0aa000-7f915e0ad000 r--p 0004a000 103:02 4768939                   /usr/lib/libjack.so.0.1.0
7f915e0ad000-7f915e0ae000 rw-p 0004d000 103:02 4768939                   /usr/lib/libjack.so.0.1.0
7f915e0ae000-7f915e0be000 r--p 00000000 103:02 4745057                   /usr/lib/librubberband.so.3.0.0
7f915e0be000-7f915e104000 r-xp 00010000 103:02 4745057                   /usr/lib/librubberband.so.3.0.0
7f915e104000-7f915e115000 r--p 00056000 103:02 4745057                   /usr/lib/librubberband.so.3.0.0
7f915e115000-7f915e117000 r--p 00066000 103:02 4745057                   /usr/lib/librubberband.so.3.0.0
7f915e117000-7f915e118000 rw-p 00068000 103:02 4745057                   /usr/lib/librubberband.so.3.0.0
7f915e118000-7f915e127000 r--p 00000000 103:02 4737468                   /usr/lib/libarchive.so.13.8.9
7f915e127000-7f915e1d1000 r-xp 0000f000 103:02 4737468                   /usr/lib/libarchive.so.13.8.9
7f915e1d1000-7f915e1fb000 r--p 000b9000 103:02 4737468                   /usr/lib/libarchive.so.13.8.9
7f915e1fb000-7f915e1ff000 r--p 000e3000 103:02 4737468                   /usr/lib/libarchive.so.13.8.9
7f915e1ff000-7f915e200000 rw-p 000e7000 103:02 4737468                   /usr/lib/libarchive.so.13.8.9
7f915e200000-7f915e212000 r--p 00000000 103:02 4754446                   /usr/lib/libavformat.so.63.1.101
7f915e212000-7f915e45e000 r-xp 00012000 103:02 4754446                   /usr/lib/libavformat.so.63.1.101
7f915e45e000-7f915e4eb000 r--p 0025e000 103:02 4754446                   /usr/lib/libavformat.so.63.1.101
7f915e4eb000-7f915e525000 r--p 002ea000 103:02 4754446                   /usr/lib/libavformat.so.63.1.101
7f915e525000-7f915e526000 rw-p 00324000 103:02 4754446                   /usr/lib/libavformat.so.63.1.101
7f915e526000-7f915e52a000 rw-s 00000000 00:07 1110                       /dev/nvidiactl
7f915e52a000-7f915e52b000 r--p 00000000 103:02 4837255                   /usr/lib/libjxl_threads.so.0.12.0
7f915e52b000-7f915e52d000 r-xp 00001000 103:02 4837255                   /usr/lib/libjxl_threads.so.0.12.0
7f915e52d000-7f915e52e000 r--p 00003000 103:02 4837255                   /usr/lib/libjxl_threads.so.0.12.0
7f915e52e000-7f915e52f000 r--p 00003000 103:02 4837255                   /usr/lib/libjxl_threads.so.0.12.0
7f915e52f000-7f915e530000 rw-p 00004000 103:02 4837255                   /usr/lib/libjxl_threads.so.0.12.0
7f915e530000-7f915e533000 r--p 00000000 103:02 4767560                   /usr/lib/libdisplay-info.so.0.3.0
7f915e533000-7f915e54b000 r-xp 00003000 103:02 4767560                   /usr/lib/libdisplay-info.so.0.3.0
7f915e54b000-7f915e567000 r--p 0001b000 103:02 4767560                   /usr/lib/libdisplay-info.so.0.3.0
7f915e567000-7f915e568000 r--p 00036000 103:02 4767560                   /usr/lib/libdisplay-info.so.0.3.0
7f915e568000-7f915e569000 rw-p 00037000 103:02 4767560                   /usr/lib/libdisplay-info.so.0.3.0
7f915e569000-7f915e56e000 r--p 00000000 103:02 4774103                   /usr/lib/libluajit-5.1.so.2.1.1787165859
7f915e56e000-7f915e5e5000 r-xp 00005000 103:02 4774103                   /usr/lib/libluajit-5.1.so.2.1.1787165859
7f915e5e5000-7f915e5fc000 r--p 0007c000 103:02 4774103                   /usr/lib/libluajit-5.1.so.2.1.1787165859
7f915e5fc000-7f915e5ff000 r--p 00093000 103:02 4774103                   /usr/lib/libluajit-5.1.so.2.1.1787165859
7f915e5ff000-7f915e600000 rw-p 00096000 103:02 4774103                   /usr/lib/libluajit-5.1.so.2.1.1787165859
7f915e600000-7f915e614000 r--p 00000000 103:02 4750361                   /usr/lib/libavfilter.so.12.1.101
7f915e614000-7f915eb0f000 r-xp 00014000 103:02 4750361                   /usr/lib/libavfilter.so.12.1.101
7f915eb0f000-7f915ebff000 r--p 0050f000 103:02 4750361                   /usr/lib/libavfilter.so.12.1.101
7f915ebff000-7f915ec9a000 r--p 005ff000 103:02 4750361                   /usr/lib/libavfilter.so.12.1.101
7f915ec9a000-7f915ec9b000 rw-p 0069a000 103:02 4750361                   /usr/lib/libavfilter.so.12.1.101
7f915ec9b000-7f915ec9f000 rw-p 00000000 00:00 0 
7f915ec9f000-7f915eca1000 r--p 00000000 103:02 4763355                   /usr/lib/libwebpmux.so.3.1.2
7f915eca1000-7f915eca8000 r-xp 00002000 103:02 4763355                   /usr/lib/libwebpmux.so.3.1.2
7f915eca8000-7f915eca9000 r--p 00009000 103:02 4763355                   /usr/lib/libwebpmux.so.3.1.2
7f915eca9000-7f915ecaa000 r--p 0000a000 103:02 4763355                   /usr/lib/libwebpmux.so.3.1.2
7f915ecaa000-7f915ecab000 rw-p 0000b000 103:02 4763355                   /usr/lib/libwebpmux.so.3.1.2
7f915ecab000-7f915ecad000 r--p 00000000 103:02 4816290                   /usr/lib/libva-x11.so.2.2400.0
7f915ecad000-7f915ecb0000 r-xp 00002000 103:02 4816290                   /usr/lib/libva-x11.so.2.2400.0
7f915ecb0000-7f915ecb1000 r--p 00005000 103:02 4816290                   /usr/lib/libva-x11.so.2.2400.0
7f915ecb1000-7f915ecb2000 r--p 00005000 103:02 4816290                   /usr/lib/libva-x11.so.2.2400.0
7f915ecb2000-7f915ecb3000 rw-p 00006000 103:02 4816290                   /usr/lib/libva-x11.so.2.2400.0
7f915ecb3000-7f915ecb5000 r--p 00000000 103:02 4799670                   /usr/lib/libva-wayland.so.2.2400.0
7f915ecb5000-7f915ecb7000 r-xp 00002000 103:02 4799670                   /usr/lib/libva-wayland.so.2.2400.0
7f915ecb7000-7f915ecb8000 r--p 00004000 103:02 4799670                   /usr/lib/libva-wayland.so.2.2400.0
7f915ecb8000-7f915ecb9000 r--p 00005000 103:02 4799670                   /usr/lib/libva-wayland.so.2.2400.0
7f915ecb9000-7f915ecba000 rw-p 00006000 103:02 4799670                   /usr/lib/libva-wayland.so.2.2400.0
7f915ecba000-7f915ecbc000 r--p 00000000 103:02 4769399                   /usr/lib/libXv.so.1.0.0
7f915ecbc000-7f915ecbf000 r-xp 00002000 103:02 4769399                   /usr/lib/libXv.so.1.0.0
7f915ecbf000-7f915ecc0000 r--p 00005000 103:02 4769399                   /usr/lib/libXv.so.1.0.0
7f915ecc0000-7f915ecc1000 r--p 00005000 103:02 4769399                   /usr/lib/libXv.so.1.0.0
7f915ecc1000-7f915ecc2000 rw-p 00006000 103:02 4769399                   /usr/lib/libXv.so.1.0.0
7f915ecc2000-7f915ecc4000 r--p 00000000 103:02 4757852                   /usr/lib/libXrandr.so.2.2.0
7f915ecc4000-7f915eccb000 r-xp 00002000 103:02 4757852                   /usr/lib/libXrandr.so.2.2.0
7f915eccb000-7f915eccd000 r--p 00009000 103:02 4757852                   /usr/lib/libXrandr.so.2.2.0
7f915eccd000-7f915ecce000 r--p 0000a000 103:02 4757852                   /usr/lib/libXrandr.so.2.2.0
7f915ecce000-7f915eccf000 rw-p 0000b000 103:02 4757852                   /usr/lib/libXrandr.so.2.2.0
7f915eccf000-7f915ecd0000 r--p 00000000 103:02 4768705                   /usr/lib/libuchardet.so.0.0.8
7f915ecd0000-7f915ecd6000 r-xp 00001000 103:02 4768705                   /usr/lib/libuchardet.so.0.0.8
7f915ecd6000-7f915ecf9000 r--p 00007000 103:02 4768705                   /usr/lib/libuchardet.so.0.0.8
7f915ecf9000-7f915ecfc000 r--p 00029000 103:02 4768705                   /usr/lib/libuchardet.so.0.0.8
7f915ecfc000-7f915ecfd000 rw-p 0002c000 103:02 4768705                   /usr/lib/libuchardet.so.0.0.8
7f915ecfd000-7f915ed0a000 r--p 00000000 103:02 4738083                   /usr/lib/libcurl.so.4.8.0
7f915ed0a000-7f915edcb000 r-xp 0000d000 103:02 4738083                   /usr/lib/libcurl.so.4.8.0
7f915edcb000-7f915edf7000 r--p 000ce000 103:02 4738083                   /usr/lib/libcurl.so.4.8.0
7f915edf7000-7f915edfe000 r--p 000f9000 103:02 4738083                   /usr/lib/libcurl.so.4.8.0
7f915edfe000-7f915edff000 rw-p 00100000 103:02 4738083                   /usr/lib/libcurl.so.4.8.0
7f915edff000-7f915ee00000 rw-p 00000000 00:00 0 
7f915ee00000-7f915ee15000 r--p 00000000 103:02 4750331                   /usr/lib/libavcodec.so.63.1.101
7f915ee15000-7f915fdae000 r-xp 00015000 103:02 4750331                   /usr/lib/libavcodec.so.63.1.101
7f915fdae000-7f9160167000 r--p 00fae000 103:02 4750331                   /usr/lib/libavcodec.so.63.1.101
7f9160167000-7f91601ed000 r--p 01367000 103:02 4750331                   /usr/lib/libavcodec.so.63.1.101
7f91601ed000-7f91601ef000 rw-p 013ed000 103:02 4750331                   /usr/lib/libavcodec.so.63.1.101
7f91601ef000-7f9160893000 rw-p 00000000 00:00 0 
7f9160893000-7f9160894000 rw-s 00000000 00:07 1110                       /dev/nvidiactl
7f9160894000-7f9160895000 r--p 00000000 103:02 4843256                   /usr/lib/libvdpau.so.1.0.0
7f9160895000-7f9160896000 r-xp 00001000 103:02 4843256                   /usr/lib/libvdpau.so.1.0.0
7f9160896000-7f9160897000 r--p 00002000 103:02 4843256                   /usr/lib/libvdpau.so.1.0.0
7f9160897000-7f9160898000 r--p 00002000 103:02 4843256                   /usr/lib/libvdpau.so.1.0.0
7f9160898000-7f9160899000 rw-p 00003000 103:02 4843256                   /usr/lib/libvdpau.so.1.0.0
7f9160899000-7f916089c000 r--p 00000000 103:02 4812074                   /usr/lib/libbluray.so.3.1.0
7f916089c000-7f91608cf000 r-xp 00003000 103:02 4812074                   /usr/lib/libbluray.so.3.1.0
7f91608cf000-7f91608df000 r--p 00036000 103:02 4812074                   /usr/lib/libbluray.so.3.1.0
7f91608df000-7f91608e1000 r--p 00045000 103:02 4812074                   /usr/lib/libbluray.so.3.1.0
7f91608e1000-7f91608e2000 rw-p 00047000 103:02 4812074                   /usr/lib/libbluray.so.3.1.0
7f91608e2000-7f91608f1000 r--p 00000000 103:02 4781957                   /usr/lib/libplacebo.so.360
7f91608f1000-7f91609a1000 r-xp 0000f000 103:02 4781957                   /usr/lib/libplacebo.so.360
7f91609a1000-7f91609e5000 r--p 000bf000 103:02 4781957                   /usr/lib/libplacebo.so.360
7f91609e5000-7f91609fa000 r--p 00103000 103:02 4781957                   /usr/lib/libplacebo.so.360
7f91609fa000-7f9160a00000 rw-p 00118000 103:02 4781957                   /usr/lib/libplacebo.so.360
7f9160a00000-7f9160a53000 r--p 00000000 103:02 6835745                   /home/annihilator/dev/mpv/build/libmpv.so.2.5.0
7f9160a53000-7f9160c76000 r-xp 00053000 103:02 6835745                   /home/annihilator/dev/mpv/build/libmpv.so.2.5.0
7f9160c76000-7f9160d9f000 r--p 00276000 103:02 6835745                   /home/annihilator/dev/mpv/build/libmpv.so.2.5.0
7f9160d9f000-7f9160deb000 r--p 0039f000 103:02 6835745                   /home/annihilator/dev/mpv/build/libmpv.so.2.5.0
7f9160deb000-7f9160df0000 rw-p 003eb000 103:02 6835745                   /home/annihilator/dev/mpv/build/libmpv.so.2.5.0
7f9160df0000-7f9160df1000 rw-p 00000000 00:00 0 
7f9160df1000-7f9160df3000 rw-s 00000000 00:07 1110                       /dev/nvidiactl
7f9160df3000-7f9160df4000 r--p 00000000 103:02 4754963                   /usr/lib/libva-drm.so.2.2400.0
7f9160df4000-7f9160df5000 r-xp 00001000 103:02 4754963                   /usr/lib/libva-drm.so.2.2400.0
7f9160df5000-7f9160df6000 r--p 00002000 103:02 4754963                   /usr/lib/libva-drm.so.2.2400.0
7f9160df6000-7f9160df7000 r--p 00002000 103:02 4754963                   /usr/lib/libva-drm.so.2.2400.0
7f9160df7000-7f9160df8000 rw-p 00003000 103:02 4754963                   /usr/lib/libva-drm.so.2.2400.0
7f9160df8000-7f9160df9000 rw-p 00000000 00:00 0 
7f9160df9000-7f9160dfd000 ---p 00000000 00:00 0 
7f9160dfd000-7f91612fe000 rw-p 00000000 00:00 0 
7f91612fe000-7f9161302000 ---p 00000000 00:00 0 
7f9161302000-7f91613ff000 rw-p 00000000 00:00 0 
7f91613ff000-7f9161403000 ---p 00000000 00:00 0 
7f9161403000-7f9161500000 rw-p 00000000 00:00 0 
7f9161500000-7f9161504000 ---p 00000000 00:00 0 
7f9161504000-7f9161600000 rw-p 00000000 00:00 0 
7f9161600000-7f9161850000 r-xp 00000000 103:02 4831579                   /usr/lib/libnvidia-glcore.so.610.57.04
7f9161850000-7f9161871000 rwxp 00250000 103:02 4831579                   /usr/lib/libnvidia-glcore.so.610.57.04
7f9161871000-7f9161a00000 r-xp 00271000 103:02 4831579                   /usr/lib/libnvidia-glcore.so.610.57.04
7f9161a00000-7f9162600000 r-xp 00400000 103:02 4831579                   /usr/lib/libnvidia-glcore.so.610.57.04
7f9162600000-7f9163bf9000 r-xp 01000000 103:02 4831579                   /usr/lib/libnvidia-glcore.so.610.57.04
7f9163bf9000-7f9163bfa000 ---p 025f9000 103:02 4831579                   /usr/lib/libnvidia-glcore.so.610.57.04
7f9163bfa000-7f9163d72000 r--p 025f9000 103:02 4831579                   /usr/lib/libnvidia-glcore.so.610.57.04
7f9163d72000-7f9163dd5000 rw-p 02771000 103:02 4831579                   /usr/lib/libnvidia-glcore.so.610.57.04
7f9163dd5000-7f9163df5000 rw-p 00000000 00:00 0 
7f9163df5000-7f9163df6000 rw-s 00000000 00:07 1112                       /dev/nvidia0
7f9163df6000-7f9163df7000 rw-s 00000000 00:07 1110                       /dev/nvidiactl
7f9163df7000-7f9163df9000 rw-s 00000000 00:07 1110                       /dev/nvidiactl
7f9163df9000-7f9163dfa000 r--p 00000000 103:02 4775248                   /usr/lib/libXpresent.so.1.0.0
7f9163dfa000-7f9163dfb000 r-xp 00001000 103:02 4775248                   /usr/lib/libXpresent.so.1.0.0
7f9163dfb000-7f9163dfc000 r--p 00002000 103:02 4775248                   /usr/lib/libXpresent.so.1.0.0
7f9163dfc000-7f9163dfd000 r--p 00002000 103:02 4775248                   /usr/lib/libXpresent.so.1.0.0
7f9163dfd000-7f9163dfe000 rw-p 00003000 103:02 4775248                   /usr/lib/libXpresent.so.1.0.0
7f9163dfe000-7f9163e01000 r--p 00000000 103:02 4777462                   /usr/lib/libsndio.so.7.3
7f9163e01000-7f9163e0a000 r-xp 00003000 103:02 4777462                   /usr/lib/libsndio.so.7.3
7f9163e0a000-7f9163e0d000 r--p 0000c000 103:02 4777462                   /usr/lib/libsndio.so.7.3
7f9163e0d000-7f9163e0e000 r--p 0000f000 103:02 4777462                   /usr/lib/libsndio.so.7.3
7f9163e0e000-7f9163e0f000 rw-p 00010000 103:02 4777462                   /usr/lib/libsndio.so.7.3
7f9163e0f000-7f9163e11000 rw-p 00000000 00:00 0 
7f9163e11000-7f9163e1a000 r--p 00000000 103:02 4771955                   /usr/lib/liblcms2.so.2.0.19
7f9163e1a000-7f9163e61000 r-xp 00009000 103:02 4771955                   /usr/lib/liblcms2.so.2.0.19
7f9163e61000-7f9163e76000 r--p 00050000 103:02 4771955                   /usr/lib/liblcms2.so.2.0.19
7f9163e76000-7f9163e79000 r--p 00064000 103:02 4771955                   /usr/lib/liblcms2.so.2.0.19
7f9163e79000-7f9163e7c000 rw-p 00067000 103:02 4771955                   /usr/lib/liblcms2.so.2.0.19
7f9163e7c000-7f9163e7d000 rw-p 00000000 00:00 0 
7f9163e7d000-7f9163e83000 r--p 00000000 103:02 4774597                   /usr/lib/libmujs.so
7f9163e83000-7f9163ec1000 r-xp 00006000 103:02 4774597                   /usr/lib/libmujs.so
7f9163ec1000-7f9163ed2000 r--p 00044000 103:02 4774597                   /usr/lib/libmujs.so
7f9163ed2000-7f9163ed4000 r--p 00055000 103:02 4774597                   /usr/lib/libmujs.so
7f9163ed4000-7f9163ed5000 rw-p 00057000 103:02 4774597                   /usr/lib/libmujs.so
7f9163ed5000-7f9163f26000 r--p 00000000 103:02 4826231                   /usr/lib/libGLX_nvidia.so.610.57.04
7f9163f26000-7f9163f83000 r-xp 00051000 103:02 4826231                   /usr/lib/libGLX_nvidia.so.610.57.04
7f9163f83000-7f9163fb8000 rwxp 000ae000 103:02 4826231                   /usr/lib/libGLX_nvidia.so.610.57.04
7f9163fb8000-7f9163fb9000 r-xp 000e3000 103:02 4826231                   /usr/lib/libGLX_nvidia.so.610.57.04
7f9163fb9000-7f9163fd9000 r--p 000e4000 103:02 4826231                   /usr/lib/libGLX_nvidia.so.610.57.04
7f9163fd9000-7f9163ff9000 r--p 00103000 103:02 4826231                   /usr/lib/libGLX_nvidia.so.610.57.04
7f9163ff9000-7f9163ffe000 rw-p 00123000 103:02 4826231                   /usr/lib/libGLX_nvidia.so.610.57.04
7f9163ffe000-7f9164000000 rw-p 00000000 00:00 0 
7f9164000000-7f916591a000 r-xp 00000000 103:02 6306886                   /home/annihilator/.skiko/skiko-linux-x64-434f7633c843870c0839a1137b128f6c3db3c5d58dcad3545e90827e3e341afb/libskiko-linux-x64.so
7f916591a000-7f9165952000 r--p 01919000 103:02 6306886                   /home/annihilator/.skiko/skiko-linux-x64-434f7633c843870c0839a1137b128f6c3db3c5d58dcad3545e90827e3e341afb/libskiko-linux-x64.so
7f9165952000-7f9165955000 rw-p 01951000 103:02 6306886                   /home/annihilator/.skiko/skiko-linux-x64-434f7633c843870c0839a1137b128f6c3db3c5d58dcad3545e90827e3e341afb/libskiko-linux-x64.so
7f9165955000-7f916595e000 rw-p 00000000 00:00 0 
7f916595e000-7f916595f000 rw-s 00000000 00:07 1112                       /dev/nvidia0
7f916595f000-7f9165967000 r--p 00000000 103:02 4750339                   /usr/lib/libavdevice.so.63.1.101
7f9165967000-7f9165977000 r-xp 00008000 103:02 4750339                   /usr/lib/libavdevice.so.63.1.101
7f9165977000-7f916597d000 r--p 00018000 103:02 4750339                   /usr/lib/libavdevice.so.63.1.101
7f916597d000-7f9165981000 r--p 0001e000 103:02 4750339                   /usr/lib/libavdevice.so.63.1.101
7f9165981000-7f9165982000 rw-p 00022000 103:02 4750339                   /usr/lib/libavdevice.so.63.1.101
7f9165982000-7f9165985000 r--p 00000000 103:02 4775212                   /usr/lib/libdvdnav.so.4.4.0
7f9165985000-7f9165994000 r-xp 00003000 103:02 4775212                   /usr/lib/libdvdnav.so.4.4.0
7f9165994000-7f9165998000 r--p 00012000 103:02 4775212                   /usr/lib/libdvdnav.so.4.4.0
7f9165998000-7f9165999000 r--p 00015000 103:02 4775212                   /usr/lib/libdvdnav.so.4.4.0
7f9165999000-7f916599a000 rw-p 00016000 103:02 4775212                   /usr/lib/libdvdnav.so.4.4.0
7f916599a000-7f91659a0000 r--p 00000000 103:02 4773161                   /usr/lib/libcdio.so.19.1.0
7f91659a0000-7f91659b4000 r-xp 00006000 103:02 4773161                   /usr/lib/libcdio.so.19.1.0
7f91659b4000-7f91659bd000 r--p 0001a000 103:02 4773161                   /usr/lib/libcdio.so.19.1.0
7f91659bd000-7f91659bf000 r--p 00022000 103:02 4773161                   /usr/lib/libcdio.so.19.1.0
7f91659bf000-7f91659c0000 rw-p 00024000 103:02 4773161                   /usr/lib/libcdio.so.19.1.0
7f91659c0000-7f91659c3000 rw-p 00000000 00:00 0 
7f91659c3000-7f91659c5000 r--p 00000000 103:02 4769654                   /usr/lib/libswresample.so.7.1.101
7f91659c5000-7f91659e8000 r-xp 00002000 103:02 4769654                   /usr/lib/libswresample.so.7.1.101
7f91659e8000-7f91659ed000 r--p 00025000 103:02 4769654                   /usr/lib/libswresample.so.7.1.101
7f91659ed000-7f91659ef000 r--p 0002a000 103:02 4769654                   /usr/lib/libswresample.so.7.1.101
7f91659ef000-7f91659f0000 rw-p 0002c000 103:02 4769654                   /usr/lib/libswresample.so.7.1.101
7f91659f0000-7f91659f4000 r--p 00000000 103:02 4816269                   /usr/lib/libass.so.9.4.2
7f91659f4000-7f9165a28000 r-xp 00004000 103:02 4816269                   /usr/lib/libass.so.9.4.2
7f9165a28000-7f9165a30000 r--p 00038000 103:02 4816269                   /usr/lib/libass.so.9.4.2
7f9165a30000-7f9165a31000 r--p 0003f000 103:02 4816269                   /usr/lib/libass.so.9.4.2
7f9165a31000-7f9165a32000 rw-p 00040000 103:02 4816269                   /usr/lib/libass.so.9.4.2
7f9165a32000-7f9165a34000 r--p 00000000 103:02 4750371                   /usr/lib/libGLX.so.0.0.0
7f9165a34000-7f9165a4e000 r-xp 00002000 103:02 4750371                   /usr/lib/libGLX.so.0.0.0
7f9165a4e000-7f9165a51000 r--p 0001c000 103:02 4750371                   /usr/lib/libGLX.so.0.0.0
7f9165a51000-7f9165a52000 r--p 0001f000 103:02 4750371                   /usr/lib/libGLX.so.0.0.0
7f9165a52000-7f9165a53000 rw-p 00020000 103:02 4750371                   /usr/lib/libGLX.so.0.0.0
7f9165a53000-7f9165a63000 rw-p 00000000 00:00 0 
7f9165a63000-7f9165a64000 rw-p 00000000 00:00 0 
7f9165a64000-7f9165a68000 ---p 00000000 00:00 0 
7f9165a68000-7f9165b65000 rw-p 00000000 00:00 0 
7f9165b65000-7f9165b69000 ---p 00000000 00:00 0 
7f9165b69000-7f9165c65000 rw-p 00000000 00:00 0 
7f9165d65000-7f9165e00000 r--p 00000000 103:02 5641617                   /usr/share/fonts/noto/NotoSans-Bold.ttf
7f9165e00000-7f9165e01000 rw-s 00000000 00:07 1110                       /dev/nvidiactl
7f9165e01000-7f9165e02000 r--p 00000000 103:02 4754785                   /usr/lib/libXss.so.1.0.0
7f9165e02000-7f9165e03000 r-xp 00001000 103:02 4754785                   /usr/lib/libXss.so.1.0.0
7f9165e03000-7f9165e04000 r--p 00002000 103:02 4754785                   /usr/lib/libXss.so.1.0.0
7f9165e04000-7f9165e05000 r--p 00002000 103:02 4754785                   /usr/lib/libXss.so.1.0.0
7f9165e05000-7f9165e06000 rw-p 00003000 103:02 4754785                   /usr/lib/libXss.so.1.0.0
7f9165e06000-7f9165e08000 r--p 00000000 103:02 4773185                   /usr/lib/libcdio_cdda.so.2.0.0
7f9165e08000-7f9165e0c000 r-xp 00002000 103:02 4773185                   /usr/lib/libcdio_cdda.so.2.0.0
7f9165e0c000-7f9165e0e000 r--p 00006000 103:02 4773185                   /usr/lib/libcdio_cdda.so.2.0.0
7f9165e0e000-7f9165e0f000 r--p 00007000 103:02 4773185                   /usr/lib/libcdio_cdda.so.2.0.0
7f9165e0f000-7f9165e10000 rw-p 00008000 103:02 4773185                   /usr/lib/libcdio_cdda.so.2.0.0
7f9165e10000-7f9165e11000 r--p 00000000 103:02 4773188                   /usr/lib/libcdio_paranoia.so.2.0.0
7f9165e11000-7f9165e16000 r-xp 00001000 103:02 4773188                   /usr/lib/libcdio_paranoia.so.2.0.0
7f9165e16000-7f9165e17000 r--p 00006000 103:02 4773188                   /usr/lib/libcdio_paranoia.so.2.0.0
7f9165e17000-7f9165e18000 r--p 00006000 103:02 4773188                   /usr/lib/libcdio_paranoia.so.2.0.0
7f9165e18000-7f9165e19000 rw-p 00007000 103:02 4773188                   /usr/lib/libcdio_paranoia.so.2.0.0
7f9165e19000-7f9165e1a000 r--p 00000000 103:02 4834742                   /usr/lib/libnvidia-tls.so.610.57.04
7f9165e1a000-7f9165e1c000 r-xp 00001000 103:02 4834742                   /usr/lib/libnvidia-tls.so.610.57.04
7f9165e1c000-7f9165e1d000 r--p 00003000 103:02 4834742                   /usr/lib/libnvidia-tls.so.610.57.04
7f9165e1d000-7f9165e1e000 r--p 00003000 103:02 4834742                   /usr/lib/libnvidia-tls.so.610.57.04
7f9165e1e000-7f9165e1f000 rw-p 00004000 103:02 4834742                   /usr/lib/libnvidia-tls.so.610.57.04
7f9165e1f000-7f9165e4e000 r--p 00000000 103:02 4750360                   /usr/lib/libGL.so.1.7.0
7f9165e4e000-7f9165e6d000 r-xp 0002f000 103:02 4750360                   /usr/lib/libGL.so.1.7.0
7f9165e6d000-7f9165e81000 r--p 0004e000 103:02 4750360                   /usr/lib/libGL.so.1.7.0
7f9165e81000-7f9165e8f000 r--p 00062000 103:02 4750360                   /usr/lib/libGL.so.1.7.0
7f9165e8f000-7f9165e90000 rw-p 00070000 103:02 4750360                   /usr/lib/libGL.so.1.7.0
7f9165e90000-7f9165e91000 rw-p 00000000 00:00 0 
7f9165e91000-7f9165ec4000 r--p 00000000 00:2f 28159                      /tmp/lwjgl_annihilator/3.3.6+1/x64/liblwjgl_opengl.so
7f9165ec4000-7f9165ed8000 r-xp 00033000 00:2f 28159                      /tmp/lwjgl_annihilator/3.3.6+1/x64/liblwjgl_opengl.so
7f9165ed8000-7f9165ee8000 r--p 00047000 00:2f 28159                      /tmp/lwjgl_annihilator/3.3.6+1/x64/liblwjgl_opengl.so
7f9165ee8000-7f9165ee9000 r--p 00056000 00:2f 28159                      /tmp/lwjgl_annihilator/3.3.6+1/x64/liblwjgl_opengl.so
7f9165ee9000-7f9165eea000 rw-p 00057000 00:2f 28159                      /tmp/lwjgl_annihilator/3.3.6+1/x64/liblwjgl_opengl.so
7f9165eea000-7f9165efd000 rw-s 00000000 00:07 1110                       /dev/nvidiactl
7f9165efd000-7f9165f3d000 rw-s 00000000 00:07 1110                       /dev/nvidiactl
7f9165f3d000-7f9165f5d000 rw-s 00000000 00:07 1110                       /dev/nvidiactl
7f9165f5d000-7f9165f9d000 rw-s 00000000 00:07 1110                       /dev/nvidiactl
7f9165f9d000-7f9165fbd000 rw-s 00000000 00:07 1110                       /dev/nvidiactl
7f9165fbd000-7f9165ffd000 rw-s 00000000 00:07 1110                       /dev/nvidiactl
7f9165ffd000-7f9165ffe000 rw-p 00000000 00:00 0 
7f9165ffe000-7f9166002000 ---p 00000000 00:00 0 
7f9166002000-7f91660ff000 rw-p 00000000 00:00 0 
7f91660ff000-7f9166103000 ---p 00000000 00:00 0 
7f9166103000-7f91661ff000 rw-p 00000000 00:00 0 
7f91661ff000-7f9166203000 r--p 00000000 103:02 7880771                   /usr/lib/jvm/java-26-openjdk/lib/libawt.so
7f9166203000-7f91662a7000 r-xp 00004000 103:02 7880771                   /usr/lib/jvm/java-26-openjdk/lib/libawt.so
7f91662a7000-7f91662b4000 r--p 000a8000 103:02 7880771                   /usr/lib/jvm/java-26-openjdk/lib/libawt.so
7f91662b4000-7f91662b5000 r--p 000b4000 103:02 7880771                   /usr/lib/jvm/java-26-openjdk/lib/libawt.so
7f91662b5000-7f91662c0000 rw-p 000b5000 103:02 7880771                   /usr/lib/jvm/java-26-openjdk/lib/libawt.so
7f91662c0000-7f91662e5000 rw-p 00000000 00:00 0 
7f91662e5000-7f91663ff000 r--s 00000000 103:02 3835361                   /var/cache/fontconfig/923e285e415b1073c8df160bee08820f-le64.cache-12
7f91663ff000-7f9166c00000 rw-p 00000000 00:00 0 
7f9166c00000-7f9168b94000 r--p 00000000 103:02 4735921                   /usr/lib/libicudata.so.78.3
7f9168b94000-7f9168b95000 r--p 01f93000 103:02 4735921                   /usr/lib/libicudata.so.78.3
7f9168b95000-7f9168b96000 rw-s 00000000 00:07 1110                       /dev/nvidiactl
7f9168b96000-7f9168ba4000 r--p 00000000 103:02 7880773                   /usr/lib/jvm/java-26-openjdk/lib/libawt_xawt.so
7f9168ba4000-7f9168be8000 r-xp 0000e000 103:02 7880773                   /usr/lib/jvm/java-26-openjdk/lib/libawt_xawt.so
7f9168be8000-7f9168bfc000 r--p 00052000 103:02 7880773                   /usr/lib/jvm/java-26-openjdk/lib/libawt_xawt.so
7f9168bfc000-7f9168bfe000 r--p 00066000 103:02 7880773                   /usr/lib/jvm/java-26-openjdk/lib/libawt_xawt.so
7f9168bfe000-7f9168bff000 rw-p 00068000 103:02 7880773                   /usr/lib/jvm/java-26-openjdk/lib/libawt_xawt.so
7f9168bff000-7f9168c00000 rw-p 00000000 00:00 0 
7f9168c00000-7f9168c48000 r--p 00000000 103:02 4745608                   /usr/lib/libicuuc.so.78.3
7f9168c48000-7f9168d65000 r-xp 00048000 103:02 4745608                   /usr/lib/libicuuc.so.78.3
7f9168d65000-7f9168df8000 r--p 00165000 103:02 4745608                   /usr/lib/libicuuc.so.78.3
7f9168df8000-7f9168e0b000 r--p 001f8000 103:02 4745608                   /usr/lib/libicuuc.so.78.3
7f9168e0b000-7f9168e0c000 rw-p 0020b000 103:02 4745608                   /usr/lib/libicuuc.so.78.3
7f9168e0c000-7f9168e0e000 rw-p 00000000 00:00 0 
7f9168e0e000-7f9168e0f000 r--s 00000000 00:07 1110                       /dev/nvidiactl
7f9168e0f000-7f9168e10000 rw-s 00000000 00:07 1110                       /dev/nvidiactl
7f9168e30000-7f9168e32000 r--p 00000000 103:02 4815623                   /usr/lib/libXfixes.so.3.1.0
7f9168e32000-7f9168e35000 r-xp 00002000 103:02 4815623                   /usr/lib/libXfixes.so.3.1.0
7f9168e35000-7f9168e36000 r--p 00005000 103:02 4815623                   /usr/lib/libXfixes.so.3.1.0
7f9168e36000-7f9168e37000 r--p 00005000 103:02 4815623                   /usr/lib/libXfixes.so.3.1.0
7f9168e37000-7f9168e38000 rw-p 00006000 103:02 4815623                   /usr/lib/libXfixes.so.3.1.0
7f9168e38000-7f9168e3b000 r--p 00000000 103:02 4763482                   /usr/lib/libXcursor.so.1.0.2
7f9168e3b000-7f9168e41000 r-xp 00003000 103:02 4763482                   /usr/lib/libXcursor.so.1.0.2
7f9168e41000-7f9168e43000 r--p 00009000 103:02 4763482                   /usr/lib/libXcursor.so.1.0.2
7f9168e43000-7f9168e44000 r--p 0000a000 103:02 4763482                   /usr/lib/libXcursor.so.1.0.2
7f9168e44000-7f9168e45000 rw-p 0000b000 103:02 4763482                   /usr/lib/libXcursor.so.1.0.2
7f9168e45000-7f9168e49000 r--p 00000000 103:02 7880776                   /usr/lib/jvm/java-26-openjdk/lib/libfontmanager.so
7f9168e49000-7f9168e52000 r-xp 00004000 103:02 7880776                   /usr/lib/jvm/java-26-openjdk/lib/libfontmanager.so
7f9168e52000-7f9168e54000 r--p 0000d000 103:02 7880776                   /usr/lib/jvm/java-26-openjdk/lib/libfontmanager.so
7f9168e54000-7f9168e55000 r--p 0000e000 103:02 7880776                   /usr/lib/jvm/java-26-openjdk/lib/libfontmanager.so
7f9168e55000-7f9168e56000 rw-p 0000f000 103:02 7880776                   /usr/lib/jvm/java-26-openjdk/lib/libfontmanager.so
7f9168e56000-7f9168e58000 r--p 00000000 103:02 4761076                   /usr/lib/libXtst.so.6.1.0
7f9168e58000-7f9168e5b000 r-xp 00002000 103:02 4761076                   /usr/lib/libXtst.so.6.1.0
7f9168e5b000-7f9168e5c000 r--p 00005000 103:02 4761076                   /usr/lib/libXtst.so.6.1.0
7f9168e5c000-7f9168e5d000 r--p 00005000 103:02 4761076                   /usr/lib/libXtst.so.6.1.0
7f9168e5d000-7f9168e5e000 rw-p 00006000 103:02 4761076                   /usr/lib/libXtst.so.6.1.0
7f9168e5e000-7f9168ef9000 r--p 00000000 103:02 5641617                   /usr/share/fonts/noto/NotoSans-Bold.ttf
7f9168ef9000-7f9168f0f000 r--s 00000000 103:02 3835467                   /var/cache/fontconfig/17ce8022be83857151cced15433ac5ab-le64.cache-12
7f9168f0f000-7f9169000000 r--s 00000000 103:02 3835673                   /var/cache/fontconfig/f6b893a7224233d96cb72fd88691c0b4-le64.cache-12
7f9169000000-7f916955b000 r--p 00000000 103:02 4817093                   /usr/lib/libLLVM.so.22.1
7f916955b000-7f916f208000 r-xp 0055b000 103:02 4817093                   /usr/lib/libLLVM.so.22.1
7f916f208000-7f9173156000 r--p 06208000 103:02 4817093                   /usr/lib/libLLVM.so.22.1
7f9173156000-7f9173372000 r--p 0a156000 103:02 4817093                   /usr/lib/libLLVM.so.22.1
7f9173372000-7f917337c000 rw-p 0a372000 103:02 4817093                   /usr/lib/libLLVM.so.22.1
7f917337c000-7f917344c000 rw-p 00000000 00:00 0 
7f917344c000-7f9173450000 rw-s 00000000 00:07 1110                       /dev/nvidiactl
7f9173450000-7f9173452000 rw-s 00000000 00:07 1110                       /dev/nvidiactl
7f9173452000-7f9173455000 r--s 00000000 103:02 3802392                   /var/cache/fontconfig/73edfbc81426f3b2593aba7ca9378882-le64.cache-12
7f9173455000-7f917345e000 r--s 00000000 103:02 3835464                   /var/cache/fontconfig/2fbfc6d3726617df5d72e45ca91ca896-le64.cache-12
7f917345e000-7f917346a000 r--s 00000000 103:02 3835403                   /var/cache/fontconfig/7d660be5d4eca970fa91d6ca176f5ce2-le64.cache-12
7f917346a000-7f917347b000 r--s 00000000 103:02 3835390                   /var/cache/fontconfig/035f0ebf2f86af269427f030f354ef4b-le64.cache-12
7f917347b000-7f917348b000 r--s 00000000 103:02 3835379                   /var/cache/fontconfig/f2e61d441ca43dbfffafb9d0f2c6d8fc-le64.cache-12
7f917348b000-7f91734b5000 r--s 00000000 103:02 3835365                   /var/cache/fontconfig/f2e43df3287529323e79e7929dc44cc9-le64.cache-12
7f91734b5000-7f91734c5000 r--s 00000000 103:02 3804352                   /var/cache/fontconfig/491f45a0a771fef1c10b9b647a97fb82-le64.cache-12
7f91734c5000-7f91734d9000 r--s 00000000 103:02 3804343                   /var/cache/fontconfig/614d1caaa4d7914789410f6367de37ca-le64.cache-12
7f91734d9000-7f91734e8000 r--s 00000000 103:02 3804155                   /var/cache/fontconfig/1dce2cb908b447e938fc03acd9b47fcf-le64.cache-12
7f91734e8000-7f9173600000 r--s 00000000 103:02 4334062                   /home/annihilator/.cache/fontconfig/360f0685862970c3eedca8185ab72cfb-le64.cache-12
7f9173600000-7f917361b000 r--p 00000000 103:02 4834667                   /usr/lib/libgallium-26.2.1-arch1.1.so
7f917361b000-7f917569b000 r-xp 0001b000 103:02 4834667                   /usr/lib/libgallium-26.2.1-arch1.1.so
7f917569b000-7f91768ed000 r--p 0209b000 103:02 4834667                   /usr/lib/libgallium-26.2.1-arch1.1.so
7f91768ed000-7f9176a6b000 r--p 032ec000 103:02 4834667                   /usr/lib/libgallium-26.2.1-arch1.1.so
7f9176a6b000-7f9176aa9000 rw-p 0346a000 103:02 4834667                   /usr/lib/libgallium-26.2.1-arch1.1.so
7f9176aa9000-7f9176c77000 rw-p 00000000 00:00 0 
7f9176c77000-7f9176c78000 rw-s 00000000 00:07 1112                       /dev/nvidia0
7f9176c78000-7f9176c79000 r--s 00000000 103:02 3803672                   /var/cache/fontconfig/1b6853af091219762dc5c68646ca68b7-le64.cache-12
7f9176c79000-7f9176c7a000 r--s 00000000 103:02 3835441                   /var/cache/fontconfig/787b69f04c7448ed6c581b040220c91f-le64.cache-12
7f9176c7a000-7f9176c80000 r--s 00000000 103:02 3817989                   /var/cache/fontconfig/b67b32625a2bb51b023d3814a918f351-le64.cache-12
7f9176c80000-7f9176d00000 rw-s 00000000 00:07 1110                       /dev/nvidiactl
7f9176d00000-7f9176e00000 rw-s 00000000 00:07 1110                       /dev/nvidiactl
7f9176e00000-7f917715b000 r--p 00000000 103:02 4833041                   /usr/lib/libnvidia-gpucomp.so.610.57.04
7f917715b000-7f917b6f8000 r-xp 0035b000 103:02 4833041                   /usr/lib/libnvidia-gpucomp.so.610.57.04
7f917b6f8000-7f917d3e8000 r--p 048f8000 103:02 4833041                   /usr/lib/libnvidia-gpucomp.so.610.57.04
7f917d3e8000-7f917d63a000 r--p 065e7000 103:02 4833041                   /usr/lib/libnvidia-gpucomp.so.610.57.04
7f917d63a000-7f917d7c5000 rw-p 06839000 103:02 4833041                   /usr/lib/libnvidia-gpucomp.so.610.57.04
7f917d7c5000-7f917d880000 rw-p 00000000 00:00 0 
7f917d880000-7f917d883000 r--s 00000000 103:02 3835420                   /var/cache/fontconfig/e552019f4ed2e530c25d313cf4ffa813-le64.cache-12
7f917d883000-7f917d884000 r--s 00000000 103:02 3835395                   /var/cache/fontconfig/a8773ec71f9da9b44a891b13321e5faa-le64.cache-12
7f917d884000-7f917d885000 r--s 00000000 103:02 3823352                   /var/cache/fontconfig/8d4af663993b81a124ee82e610bb31f9-le64.cache-12
7f917d885000-7f917d88b000 r--s 00000000 103:02 3803766                   /var/cache/fontconfig/d62e99ef547d1d24cdb1bd22ec1a2976-le64.cache-12
7f917d88b000-7f917d8af000 r--s 00000000 103:02 3801846                   /var/cache/fontconfig/f349e9996a5320f6dd491cedd2b1f964-le64.cache-12
7f917d8af000-7f917d8bb000 r--s 00000000 103:02 3801653                   /var/cache/fontconfig/4b31aef11cb0687b6d280d34cbe23592-le64.cache-12
7f917d8bb000-7f917d8d5000 r--s 00000000 103:02 4334283                   /home/annihilator/.cache/fontconfig/bc42231c8840afdbc8a160eb8f6a66fd-le64.cache-12
7f917d8d5000-7f917d8d6000 r--s 00000000 103:02 4334244                   /home/annihilator/.cache/fontconfig/8f6bef61d9f77da15272a6237cc42cae-le64.cache-12
7f917d8d6000-7f917d8d8000 r--s 00000000 103:02 3801209                   /var/cache/fontconfig/3830d5c3ddfd5cd38a049b759396e72e-le64.cache-12
7f917d8d8000-7f917d8d9000 rw-p 00000000 00:00 0 
7f917d8d9000-7f917d8da000 rw-s 00000000 00:07 1110                       /dev/nvidiactl
7f917d8da000-7f917d8db000 r--p 00000000 103:02 4763546                   /usr/lib/libXinerama.so.1.0.0
7f917d8db000-7f917d8dc000 r-xp 00001000 103:02 4763546                   /usr/lib/libXinerama.so.1.0.0
7f917d8dc000-7f917d8dd000 r--p 00002000 103:02 4763546                   /usr/lib/libXinerama.so.1.0.0
7f917d8dd000-7f917d8de000 r--p 00002000 103:02 4763546                   /usr/lib/libXinerama.so.1.0.0
7f917d8de000-7f917d8df000 rw-p 00003000 103:02 4763546                   /usr/lib/libXinerama.so.1.0.0
7f917d8df000-7f917d8e2000 r--p 00000000 103:02 4760999                   /usr/lib/libXi.so.6.1.0
7f917d8e2000-7f917d8ef000 r-xp 00003000 103:02 4760999                   /usr/lib/libXi.so.6.1.0
7f917d8ef000-7f917d8f2000 r--p 00010000 103:02 4760999                   /usr/lib/libXi.so.6.1.0
7f917d8f2000-7f917d8f3000 r--p 00012000 103:02 4760999                   /usr/lib/libXi.so.6.1.0
7f917d8f3000-7f917d8f4000 rw-p 00013000 103:02 4760999                   /usr/lib/libXi.so.6.1.0
7f917d8f7000-7f917d8fa000 rw-s 00000000 00:07 1110                       /dev/nvidiactl
7f917d8fa000-7f917d8fc000 rw-s 00000000 00:01 715712                     /memfd:/.glXXXXXX (deleted)
7f917d8fc000-7f917d900000 rw-s 00000000 00:07 1110                       /dev/nvidiactl
7f917d900000-7f917d980000 rw-s 00000000 00:07 1110                       /dev/nvidiactl
7f917d980000-7f917d9c0000 rw-s 00000000 00:07 1110                       /dev/nvidiactl
7f917d9c0000-7f917da00000 rw-s 00000000 00:07 1110                       /dev/nvidiactl
7f917da00000-7f917dc19000 r--p 00000000 103:02 4831215                   /usr/lib/libnvidia-eglcore.so.610.57.04
7f917dc19000-7f917e85f000 r-xp 00219000 103:02 4831215                   /usr/lib/libnvidia-eglcore.so.610.57.04
7f917e85f000-7f917fd8a000 r--p 00e5f000 103:02 4831215                   /usr/lib/libnvidia-eglcore.so.610.57.04
7f917fd8a000-7f917fd8b000 ---p 0238a000 103:02 4831215                   /usr/lib/libnvidia-eglcore.so.610.57.04
7f917fd8b000-7f917ff00000 r--p 0238a000 103:02 4831215                   /usr/lib/libnvidia-eglcore.so.610.57.04
7f917ff00000-7f917ff49000 rw-p 024ff000 103:02 4831215                   /usr/lib/libnvidia-eglcore.so.610.57.04
7f917ff49000-7f917ff60000 rw-p 00000000 00:00 0 
7f917ff60000-7f917ff80000 rw-s 00000000 00:07 1110                       /dev/nvidiactl
7f917ff80000-7f9180000000 rw-s 00000000 00:07 1112                       /dev/nvidia0
7f9180000000-7f918126e000 rw-p 00000000 00:00 0 
7f918126e000-7f9184000000 ---p 00000000 00:00 0 
7f9184000000-7f91876dd000 rw-p 00000000 00:00 0 
7f91876dd000-7f9188000000 ---p 00000000 00:00 0 
7f9188000000-7f9188988000 rw-p 00000000 00:00 0 
7f9188988000-7f918c000000 ---p 00000000 00:00 0 
7f918c000000-7f918cc3c000 rw-p 00000000 00:00 0 
7f918cc3c000-7f9190000000 ---p 00000000 00:00 0 
7f9190000000-7f9190400000 rw-p 00000000 00:00 0 
7f9190400000-7f9190700000 rw-p 00000000 00:00 0 
7f9190700000-7f9190800000 rw-p 00000000 00:00 0 
7f9190800000-7f9190900000 rw-p 00000000 00:00 0 
7f9190900000-7f9190a00000 rw-p 00000000 00:00 0 
7f9190a00000-7f9191200000 rw-p 00000000 00:00 0 
7f9191200000-7f9191980000 rw-p 00000000 00:00 0 
7f9191980000-7f9191a00000 rw-p 00000000 00:00 0 
7f9191a00000-7f9191a50000 rw-p 00000000 00:00 0 
7f9191a50000-7f9194000000 ---p 00000000 00:00 0 
7f9194000000-7f91943b8000 rw-p 00000000 00:00 0 
7f91943b8000-7f9198000000 ---p 00000000 00:00 0 
7f9198000000-7f9198231000 rw-p 00000000 00:00 0 
7f9198231000-7f919c000000 ---p 00000000 00:00 0 
7f919c000000-7f919ffff000 rw-p 00000000 00:00 0 
7f919ffff000-7f91a0000000 ---p 00000000 00:00 0 
7f91a0000000-7f91a0035000 rw-p 00000000 00:00 0 
7f91a0035000-7f91a4000000 ---p 00000000 00:00 0 
7f91a4000000-7f91a4021000 rw-p 00000000 00:00 0 
7f91a4021000-7f91a8000000 ---p 00000000 00:00 0 
7f91a8000000-7f91a82a6000 rw-p 00000000 00:00 0 
7f91a82a6000-7f91ac000000 ---p 00000000 00:00 0 
7f91ac000000-7f91acc5c000 rw-p 00000000 00:00 0 
7f91acc5c000-7f91b0000000 ---p 00000000 00:00 0 
7f91b0000000-7f91b0013000 rw-s 00000000 00:07 1110                       /dev/nvidiactl
7f91b0013000-7f91b0033000 rw-s 00000000 00:07 1110                       /dev/nvidiactl
7f91b0033000-7f91b0073000 rw-s 00000000 00:07 1110                       /dev/nvidiactl
7f91b008e000-7f91b0093000 rw-p 00000000 00:00 0 
7f91b0093000-7f91b00a3000 rw-s 00000000 00:07 1112                       /dev/nvidia0
7f91b00a3000-7f91b00a6000 r--p 00000000 103:02 4831197                   /usr/lib/libnvidia-allocator.so.610.57.04
7f91b00a6000-7f91b00ba000 r-xp 00003000 103:02 4831197                   /usr/lib/libnvidia-allocator.so.610.57.04
7f91b00ba000-7f91b00c4000 r--p 00017000 103:02 4831197                   /usr/lib/libnvidia-allocator.so.610.57.04
7f91b00c4000-7f91b00c5000 r--p 00020000 103:02 4831197                   /usr/lib/libnvidia-allocator.so.610.57.04
7f91b00c5000-7f91b00c6000 rw-p 00021000 103:02 4831197                   /usr/lib/libnvidia-allocator.so.610.57.04
7f91b00c6000-7f91b00c8000 rw-p 00000000 00:00 0 
7f91b00c8000-7f91b00d5000 r--p 00000000 103:02 4722861                   /usr/lib/libncursesw.so.6.6
7f91b00d5000-7f91b011d000 r-xp 0000d000 103:02 4722861                   /usr/lib/libncursesw.so.6.6
7f91b011d000-7f91b0133000 r--p 00055000 103:02 4722861                   /usr/lib/libncursesw.so.6.6
7f91b0133000-7f91b0138000 r--p 0006a000 103:02 4722861                   /usr/lib/libncursesw.so.6.6
7f91b0138000-7f91b0139000 rw-p 0006f000 103:02 4722861                   /usr/lib/libncursesw.so.6.6
7f91b0139000-7f91b013b000 r--p 00000000 103:02 4761468                   /usr/lib/libpciaccess.so.0.11.1
7f91b013b000-7f91b0140000 r-xp 00002000 103:02 4761468                   /usr/lib/libpciaccess.so.0.11.1
7f91b0140000-7f91b0142000 r--p 00007000 103:02 4761468                   /usr/lib/libpciaccess.so.0.11.1
7f91b0142000-7f91b0143000 r--p 00008000 103:02 4761468                   /usr/lib/libpciaccess.so.0.11.1
7f91b0143000-7f91b0144000 rw-p 00009000 103:02 4761468                   /usr/lib/libpciaccess.so.0.11.1
7f91b0144000-7f91b015e000 r--p 00000000 103:02 4744067                   /usr/lib/libxml2.so.16.1.3
7f91b015e000-7f91b0232000 r-xp 0001a000 103:02 4744067                   /usr/lib/libxml2.so.16.1.3
7f91b0232000-7f91b026f000 r--p 000ee000 103:02 4744067                   /usr/lib/libxml2.so.16.1.3
7f91b026f000-7f91b0278000 r--p 0012b000 103:02 4744067                   /usr/lib/libxml2.so.16.1.3
7f91b0278000-7f91b0279000 rw-p 00134000 103:02 4744067                   /usr/lib/libxml2.so.16.1.3
7f91b0279000-7f91b027a000 rw-p 00000000 00:00 0 
7f91b027a000-7f91b0280000 r--p 00000000 103:02 4754841                   /usr/lib/libedit.so.0.0.78
7f91b0280000-7f91b02a2000 r-xp 00006000 103:02 4754841                   /usr/lib/libedit.so.0.0.78
7f91b02a2000-7f91b02af000 r--p 00028000 103:02 4754841                   /usr/lib/libedit.so.0.0.78
7f91b02af000-7f91b02b2000 r--p 00034000 103:02 4754841                   /usr/lib/libedit.so.0.0.78
7f91b02b2000-7f91b02b3000 rw-p 00037000 103:02 4754841                   /usr/lib/libedit.so.0.0.78
7f91b02b3000-7f91b02b6000 rw-p 00000000 00:00 0 
7f91b02b6000-7f91b02b9000 r--p 00000000 103:02 4780642                   /usr/lib/libdrm_intel.so.1.134.0
7f91b02b9000-7f91b02d0000 r-xp 00003000 103:02 4780642                   /usr/lib/libdrm_intel.so.1.134.0
7f91b02d0000-7f91b02da000 r--p 0001a000 103:02 4780642                   /usr/lib/libdrm_intel.so.1.134.0
7f91b02da000-7f91b02db000 r--p 00023000 103:02 4780642                   /usr/lib/libdrm_intel.so.1.134.0
7f91b02db000-7f91b02dc000 rw-p 00024000 103:02 4780642                   /usr/lib/libdrm_intel.so.1.134.0
7f91b02dc000-7f91b02df000 r--p 00000000 103:02 4780638                   /usr/lib/libdrm_amdgpu.so.1.134.0
7f91b02df000-7f91b02e5000 r-xp 00003000 103:02 4780638                   /usr/lib/libdrm_amdgpu.so.1.134.0
7f91b02e5000-7f91b02e7000 r--p 00009000 103:02 4780638                   /usr/lib/libdrm_amdgpu.so.1.134.0
7f91b02e7000-7f91b02e8000 r--p 0000a000 103:02 4780638                   /usr/lib/libdrm_amdgpu.so.1.134.0
7f91b02e8000-7f91b02e9000 rw-p 0000b000 103:02 4780638                   /usr/lib/libdrm_amdgpu.so.1.134.0
7f91b02e9000-7f91b02ec000 r--p 00000000 103:02 4735313                   /usr/lib/libelf-0.196.so
7f91b02ec000-7f91b0300000 r-xp 00003000 103:02 4735313                   /usr/lib/libelf-0.196.so
7f91b0300000-7f91b0305000 r--p 00017000 103:02 4735313                   /usr/lib/libelf-0.196.so
7f91b0305000-7f91b0306000 r--p 0001b000 103:02 4735313                   /usr/lib/libelf-0.196.so
7f91b0306000-7f91b0307000 rw-p 0001c000 103:02 4735313                   /usr/lib/libelf-0.196.so
7f91b0307000-7f91b0308000 r--p 00000000 103:02 4843174                   /usr/lib/libxshmfence.so.1.0.0
7f91b0308000-7f91b0309000 r-xp 00001000 103:02 4843174                   /usr/lib/libxshmfence.so.1.0.0
7f91b0309000-7f91b030a000 r--p 00002000 103:02 4843174                   /usr/lib/libxshmfence.so.1.0.0
7f91b030a000-7f91b030b000 r--p 00002000 103:02 4843174                   /usr/lib/libxshmfence.so.1.0.0
7f91b030b000-7f91b030c000 rw-p 00003000 103:02 4843174                   /usr/lib/libxshmfence.so.1.0.0
7f91b030c000-7f91b030f000 r--p 00000000 103:02 4751865                   /usr/lib/libxcb-sync.so.1.0.0
7f91b030f000-7f91b0312000 r-xp 00003000 103:02 4751865                   /usr/lib/libxcb-sync.so.1.0.0
7f91b0312000-7f91b0313000 r--p 00006000 103:02 4751865                   /usr/lib/libxcb-sync.so.1.0.0
7f91b0313000-7f91b0314000 r--p 00007000 103:02 4751865                   /usr/lib/libxcb-sync.so.1.0.0
7f91b0314000-7f91b0315000 rw-p 00008000 103:02 4751865                   /usr/lib/libxcb-sync.so.1.0.0
7f91b0315000-7f91b0317000 r--p 00000000 103:02 4763334                   /usr/lib/libsensors.so.5.0.0
7f91b0317000-7f91b031f000 r-xp 00002000 103:02 4763334                   /usr/lib/libsensors.so.5.0.0
7f91b031f000-7f91b0323000 r--p 0000a000 103:02 4763334                   /usr/lib/libsensors.so.5.0.0
7f91b0323000-7f91b0324000 r--p 0000e000 103:02 4763334                   /usr/lib/libsensors.so.5.0.0
7f91b0324000-7f91b0325000 rw-p 0000f000 103:02 4763334                   /usr/lib/libsensors.so.5.0.0
7f91b0325000-7f91b033e000 r--p 00000000 103:02 4817130                   /usr/lib/libSPIRV-Tools.so
7f91b033e000-7f91b0477000 r-xp 00019000 103:02 4817130                   /usr/lib/libSPIRV-Tools.so
7f91b0477000-7f91b04fd000 r--p 00152000 103:02 4817130                   /usr/lib/libSPIRV-Tools.so
7f91b04fd000-7f91b0500000 r--p 001d8000 103:02 4817130                   /usr/lib/libSPIRV-Tools.so
7f91b0500000-7f91b0501000 rw-p 001db000 103:02 4817130                   /usr/lib/libSPIRV-Tools.so
7f91b0501000-7f91b050d000 r--p 00000000 103:02 4740223                   /usr/lib/libzstd.so.1.5.7
7f91b050d000-7f91b05d4000 r-xp 0000c000 103:02 4740223                   /usr/lib/libzstd.so.1.5.7
7f91b05d4000-7f91b05e5000 r--p 000d3000 103:02 4740223                   /usr/lib/libzstd.so.1.5.7
7f91b05e5000-7f91b05e6000 r--p 000e4000 103:02 4740223                   /usr/lib/libzstd.so.1.5.7
7f91b05e6000-7f91b05e7000 rw-p 000e5000 103:02 4740223                   /usr/lib/libzstd.so.1.5.7
7f91b05e7000-7f91b05ea000 r--p 00000000 103:02 4751872                   /usr/lib/libxcb-xfixes.so.0.0.0
7f91b05ea000-7f91b05ed000 r-xp 00003000 103:02 4751872                   /usr/lib/libxcb-xfixes.so.0.0.0
7f91b05ed000-7f91b05ee000 r--p 00006000 103:02 4751872                   /usr/lib/libxcb-xfixes.so.0.0.0
7f91b05ee000-7f91b05ef000 r--p 00007000 103:02 4751872                   /usr/lib/libxcb-xfixes.so.0.0.0
7f91b05ef000-7f91b05f0000 rw-p 00008000 103:02 4751872                   /usr/lib/libxcb-xfixes.so.0.0.0
7f91b05f0000-7f91b05f7000 r--p 00000000 103:02 4751834                   /usr/lib/libxcb-randr.so.0.1.0
7f91b05f7000-7f91b05fd000 r-xp 00007000 103:02 4751834                   /usr/lib/libxcb-randr.so.0.1.0
7f91b05fd000-7f91b0600000 r--p 0000d000 103:02 4751834                   /usr/lib/libxcb-randr.so.0.1.0
7f91b0600000-7f91b0601000 r--p 00010000 103:02 4751834                   /usr/lib/libxcb-randr.so.0.1.0
7f91b0601000-7f91b0602000 rw-p 00011000 103:02 4751834                   /usr/lib/libxcb-randr.so.0.1.0
7f91b0602000-7f91b0608000 r--p 00000000 103:02 4817102                   /usr/lib/libEGL_mesa.so.0.0.0
7f91b0608000-7f91b0643000 r-xp 00006000 103:02 4817102                   /usr/lib/libEGL_mesa.so.0.0.0
7f91b0643000-7f91b0656000 r--p 00041000 103:02 4817102                   /usr/lib/libEGL_mesa.so.0.0.0
7f91b0656000-7f91b0663000 r--p 00053000 103:02 4817102                   /usr/lib/libEGL_mesa.so.0.0.0
7f91b0663000-7f91b0664000 rw-p 00060000 103:02 4817102                   /usr/lib/libEGL_mesa.so.0.0.0
7f91b0664000-7f91b0665000 rw-p 00000000 00:00 0 
7f91b0665000-7f91b0666000 r--p 00000000 103:02 4740497                   /usr/lib/libX11-xcb.so.1.0.0
7f91b0666000-7f91b0667000 r-xp 00001000 103:02 4740497                   /usr/lib/libX11-xcb.so.1.0.0
7f91b0667000-7f91b0668000 r--p 00002000 103:02 4740497                   /usr/lib/libX11-xcb.so.1.0.0
7f91b0668000-7f91b0669000 r--p 00002000 103:02 4740497                   /usr/lib/libX11-xcb.so.1.0.0
7f91b0669000-7f91b066a000 rw-p 00003000 103:02 4740497                   /usr/lib/libX11-xcb.so.1.0.0
7f91b067e000-7f91b0680000 r--p 00000000 103:02 4751813                   /usr/lib/libxcb-dri3.so.0.1.0
7f91b0680000-7f91b0682000 r-xp 00002000 103:02 4751813                   /usr/lib/libxcb-dri3.so.0.1.0
7f91b0682000-7f91b0683000 r--p 00004000 103:02 4751813                   /usr/lib/libxcb-dri3.so.0.1.0
7f91b0683000-7f91b0684000 r--p 00004000 103:02 4751813                   /usr/lib/libxcb-dri3.so.0.1.0
7f91b0684000-7f91b0685000 rw-p 00005000 103:02 4751813                   /usr/lib/libxcb-dri3.so.0.1.0
7f91b0685000-7f91b0686000 r--p 00000000 103:02 4751829                   /usr/lib/libxcb-present.so.0.0.0
7f91b0686000-7f91b0687000 r-xp 00001000 103:02 4751829                   /usr/lib/libxcb-present.so.0.0.0
7f91b0687000-7f91b0688000 r--p 00002000 103:02 4751829                   /usr/lib/libxcb-present.so.0.0.0
7f91b0688000-7f91b0689000 r--p 00002000 103:02 4751829                   /usr/lib/libxcb-present.so.0.0.0
7f91b0689000-7f91b068a000 rw-p 00003000 103:02 4751829                   /usr/lib/libxcb-present.so.0.0.0
7f91b06a6000-7f91b06ab000 r--p 00000000 103:02 4826261                   /usr/lib/libwayland-server.so.0.26.0
7f91b06ab000-7f91b06b4000 r-xp 00005000 103:02 4826261                   /usr/lib/libwayland-server.so.0.26.0
7f91b06b4000-7f91b06b8000 r--p 0000e000 103:02 4826261                   /usr/lib/libwayland-server.so.0.26.0
7f91b06b8000-7f91b06ba000 r--p 00012000 103:02 4826261                   /usr/lib/libwayland-server.so.0.26.0
7f91b06ba000-7f91b06bb000 rw-p 00014000 103:02 4826261                   /usr/lib/libwayland-server.so.0.26.0
7f91b06cf000-7f91b06d1000 r--p 00000000 103:02 4835234                   /usr/lib/libgbm.so.1.0.0
7f91b06d1000-7f91b06d2000 r-xp 00002000 103:02 4835234                   /usr/lib/libgbm.so.1.0.0
7f91b06d2000-7f91b06d3000 r--p 00003000 103:02 4835234                   /usr/lib/libgbm.so.1.0.0
7f91b06d3000-7f91b06d4000 r--p 00003000 103:02 4835234                   /usr/lib/libgbm.so.1.0.0
7f91b06d4000-7f91b06d5000 rw-p 00004000 103:02 4835234                   /usr/lib/libgbm.so.1.0.0
7f91b06d5000-7f91b0706000 r--p 00000000 103:02 4820322                   /usr/lib/libEGL_nvidia.so.610.57.04
7f91b0706000-7f91b078e000 r-xp 00031000 103:02 4820322                   /usr/lib/libEGL_nvidia.so.610.57.04
7f91b078e000-7f91b07dd000 r--p 000b9000 103:02 4820322                   /usr/lib/libEGL_nvidia.so.610.57.04
7f91b07dd000-7f91b07de000 ---p 00108000 103:02 4820322                   /usr/lib/libEGL_nvidia.so.610.57.04
7f91b07de000-7f91b07e5000 r--p 00108000 103:02 4820322                   /usr/lib/libEGL_nvidia.so.610.57.04
7f91b07e5000-7f91b07fa000 rw-p 0010f000 103:02 4820322                   /usr/lib/libEGL_nvidia.so.610.57.04
7f91b07fa000-7f91b0800000 rw-p 00000000 00:00 0 
7f91b0800000-7f91b0a3e000 rw-s 00000000 00:01 715711                     /memfd:wayland-cursor (deleted)
7f91b0a3e000-7f91b0a42000 rw-s 00000000 00:07 1110                       /dev/nvidiactl
7f91b0a42000-7f91b0a47000 r--p 00000000 103:02 4771568                   /usr/lib/libdrm.so.2.134.0
7f91b0a47000-7f91b0a53000 r-xp 00005000 103:02 4771568                   /usr/lib/libdrm.so.2.134.0
7f91b0a53000-7f91b0a57000 r--p 00011000 103:02 4771568                   /usr/lib/libdrm.so.2.134.0
7f91b0a57000-7f91b0a58000 r--p 00015000 103:02 4771568                   /usr/lib/libdrm.so.2.134.0
7f91b0a58000-7f91b0a59000 rw-p 00016000 103:02 4771568                   /usr/lib/libdrm.so.2.134.0
7f91b0a6e000-7f91b0a7e000 r--p 00000000 103:02 4831581                   /usr/lib/libnvidia-glsi.so.610.57.04
7f91b0a7e000-7f91b0ade000 r-xp 00010000 103:02 4831581                   /usr/lib/libnvidia-glsi.so.610.57.04
7f91b0ade000-7f91b0afb000 r--p 00070000 103:02 4831581                   /usr/lib/libnvidia-glsi.so.610.57.04
7f91b0afb000-7f91b0b01000 r--p 0008c000 103:02 4831581                   /usr/lib/libnvidia-glsi.so.610.57.04
7f91b0b01000-7f91b0b02000 rw-p 00092000 103:02 4831581                   /usr/lib/libnvidia-glsi.so.610.57.04
7f91b0b02000-7f91b0b0a000 rw-p 00000000 00:00 0 
7f91b0b0a000-7f91b0b11000 r--s 00000000 103:02 4837165                   /usr/lib/gconv/gconv-modules.cache
7f91b0b11000-7f91b0b13000 r--p 00000000 103:02 4811999                   /usr/lib/libGLdispatch.so.0.0.0
7f91b0b13000-7f91b0b52000 r-xp 00002000 103:02 4811999                   /usr/lib/libGLdispatch.so.0.0.0
7f91b0b52000-7f91b0b65000 r--p 00041000 103:02 4811999                   /usr/lib/libGLdispatch.so.0.0.0
7f91b0b65000-7f91b0b81000 r--p 00054000 103:02 4811999                   /usr/lib/libGLdispatch.so.0.0.0
7f91b0b81000-7f91b0b82000 rw-p 00070000 103:02 4811999                   /usr/lib/libGLdispatch.so.0.0.0
7f91b0b82000-7f91b0b8a000 rw-p 00000000 00:00 0 
7f91b0b8a000-7f91b0b8c000 r--p 00000000 103:02 4750356                   /usr/lib/libEGL.so.1.1.0
7f91b0b8c000-7f91b0b96000 r-xp 00002000 103:02 4750356                   /usr/lib/libEGL.so.1.1.0
7f91b0b96000-7f91b0b9a000 r--p 0000c000 103:02 4750356                   /usr/lib/libEGL.so.1.1.0
7f91b0b9a000-7f91b0b9b000 r--p 0000f000 103:02 4750356                   /usr/lib/libEGL.so.1.1.0
7f91b0b9b000-7f91b0b9c000 rw-p 00010000 103:02 4750356                   /usr/lib/libEGL.so.1.1.0
7f91b0b9c000-7f91b0c2c000 rw-s 00000000 00:01 715710                     /memfd:wayland-cursor (deleted)
7f91b0c2c000-7f91b0c2d000 r--p 00000000 103:02 4812149                   /usr/lib/libbrotlicommon.so.1.2.0
7f91b0c2d000-7f91b0c2e000 r-xp 00001000 103:02 4812149                   /usr/lib/libbrotlicommon.so.1.2.0
7f91b0c2e000-7f91b0c4d000 r--p 00002000 103:02 4812149                   /usr/lib/libbrotlicommon.so.1.2.0
7f91b0c4d000-7f91b0c4e000 r--p 00021000 103:02 4812149                   /usr/lib/libbrotlicommon.so.1.2.0
7f91b0c4e000-7f91b0c4f000 rw-p 00022000 103:02 4812149                   /usr/lib/libbrotlicommon.so.1.2.0
7f91b0c4f000-7f91b0c54000 r--p 00000000 103:02 4722170                   /usr/lib/libblkid.so.1.1.0
7f91b0c54000-7f91b0c7d000 r-xp 00005000 103:02 4722170                   /usr/lib/libblkid.so.1.1.0
7f91b0c7d000-7f91b0c88000 r--p 0002e000 103:02 4722170                   /usr/lib/libblkid.so.1.1.0
7f91b0c88000-7f91b0c8e000 r--p 00038000 103:02 4722170                   /usr/lib/libblkid.so.1.1.0
7f91b0c8e000-7f91b0c8f000 rw-p 0003e000 103:02 4722170                   /usr/lib/libblkid.so.1.1.0
7f91b0c8f000-7f91b0c91000 r--p 00000000 103:02 4815257                   /usr/lib/libXdmcp.so.6.0.0
7f91b0c91000-7f91b0c93000 r-xp 00002000 103:02 4815257                   /usr/lib/libXdmcp.so.6.0.0
7f91b0c93000-7f91b0c95000 r--p 00004000 103:02 4815257                   /usr/lib/libXdmcp.so.6.0.0
7f91b0c95000-7f91b0c96000 r--p 00005000 103:02 4815257                   /usr/lib/libXdmcp.so.6.0.0
7f91b0c96000-7f91b0c97000 rw-p 00006000 103:02 4815257                   /usr/lib/libXdmcp.so.6.0.0
7f91b0c97000-7f91b0c98000 r--p 00000000 103:02 4812485                   /usr/lib/libbrotlidec.so.1.2.0
7f91b0c98000-7f91b0ca1000 r-xp 00001000 103:02 4812485                   /usr/lib/libbrotlidec.so.1.2.0
7f91b0ca1000-7f91b0ca4000 r--p 0000a000 103:02 4812485                   /usr/lib/libbrotlidec.so.1.2.0
7f91b0ca4000-7f91b0ca5000 r--p 0000c000 103:02 4812485                   /usr/lib/libbrotlidec.so.1.2.0
7f91b0ca5000-7f91b0ca6000 rw-p 0000d000 103:02 4812485                   /usr/lib/libbrotlidec.so.1.2.0
7f91b0ca6000-7f91b0ca8000 r--p 00000000 103:02 4794869                   /usr/lib/libbz2.so.1.0.8
7f91b0ca8000-7f91b0cb5000 r-xp 00002000 103:02 4794869                   /usr/lib/libbz2.so.1.0.8
7f91b0cb5000-7f91b0cb7000 r--p 0000f000 103:02 4794869                   /usr/lib/libbz2.so.1.0.8
7f91b0cb7000-7f91b0cb8000 r--p 00010000 103:02 4794869                   /usr/lib/libbz2.so.1.0.8
7f91b0cb8000-7f91b0cb9000 rw-p 00011000 103:02 4794869                   /usr/lib/libbz2.so.1.0.8
7f91b0cb9000-7f91b0cbb000 r--p 00000000 103:02 4761940                   /usr/lib/libdatrie.so.1.4.1
7f91b0cbb000-7f91b0cbf000 r-xp 00002000 103:02 4761940                   /usr/lib/libdatrie.so.1.4.1
7f91b0cbf000-7f91b0cc0000 r--p 00006000 103:02 4761940                   /usr/lib/libdatrie.so.1.4.1
7f91b0cc0000-7f91b0cc1000 r--p 00006000 103:02 4761940                   /usr/lib/libdatrie.so.1.4.1
7f91b0cc1000-7f91b0cc2000 rw-p 00007000 103:02 4761940                   /usr/lib/libdatrie.so.1.4.1
7f91b0cc2000-7f91b0ccc000 r--p 00000000 103:02 4735601                   /usr/lib/libmount.so.1.1.0
7f91b0ccc000-7f91b0d0a000 r-xp 0000a000 103:02 4735601                   /usr/lib/libmount.so.1.1.0
7f91b0d0a000-7f91b0d1b000 r--p 00048000 103:02 4735601                   /usr/lib/libmount.so.1.1.0
7f91b0d1b000-7f91b0d1d000 r--p 00059000 103:02 4735601                   /usr/lib/libmount.so.1.1.0
7f91b0d1d000-7f91b0d1e000 rw-p 0005b000 103:02 4735601                   /usr/lib/libmount.so.1.1.0
7f91b0d1e000-7f91b0d20000 r--p 00000000 103:02 4737414                   /usr/lib/libexpat.so.1.12.3
7f91b0d20000-7f91b0d40000 r-xp 00002000 103:02 4737414                   /usr/lib/libexpat.so.1.12.3
7f91b0d40000-7f91b0d49000 r--p 00022000 103:02 4737414                   /usr/lib/libexpat.so.1.12.3
7f91b0d49000-7f91b0d4b000 r--p 0002a000 103:02 4737414                   /usr/lib/libexpat.so.1.12.3
7f91b0d4b000-7f91b0d4c000 rw-p 0002c000 103:02 4737414                   /usr/lib/libexpat.so.1.12.3
7f91b0d4c000-7f91b0d4e000 r--p 00000000 103:02 4815230                   /usr/lib/libgraphite2.so.3.3.1
7f91b0d4e000-7f91b0d67000 r-xp 00002000 103:02 4815230                   /usr/lib/libgraphite2.so.3.3.1
7f91b0d67000-7f91b0d6c000 r--p 0001b000 103:02 4815230                   /usr/lib/libgraphite2.so.3.3.1
7f91b0d6c000-7f91b0d6e000 r--p 0001f000 103:02 4815230                   /usr/lib/libgraphite2.so.3.3.1
7f91b0d6e000-7f91b0d6f000 rw-p 00021000 103:02 4815230                   /usr/lib/libgraphite2.so.3.3.1
7f91b0d6f000-7f91b0d72000 r--p 00000000 103:02 4732813                   /usr/lib/libpcre2-8.so.0.15.0
7f91b0d72000-7f91b0df0000 r-xp 00003000 103:02 4732813                   /usr/lib/libpcre2-8.so.0.15.0
7f91b0df0000-7f91b0e1b000 r--p 00081000 103:02 4732813                   /usr/lib/libpcre2-8.so.0.15.0
7f91b0e1b000-7f91b0e1c000 r--p 000ab000 103:02 4732813                   /usr/lib/libpcre2-8.so.0.15.0
7f91b0e1c000-7f91b0e1d000 rw-p 000ac000 103:02 4732813                   /usr/lib/libpcre2-8.so.0.15.0
7f91b0e1d000-7f91b0e32000 r--p 00000000 103:02 4720960                   /usr/lib/libsystemd.so.0.44.0
7f91b0e32000-7f91b0f0b000 r-xp 00015000 103:02 4720960                   /usr/lib/libsystemd.so.0.44.0
7f91b0f0b000-7f91b0f5a000 r--p 000ee000 103:02 4720960                   /usr/lib/libsystemd.so.0.44.0
7f91b0f5a000-7f91b0f63000 r--p 0013c000 103:02 4720960                   /usr/lib/libsystemd.so.0.44.0
7f91b0f63000-7f91b0f64000 rw-p 00145000 103:02 4720960                   /usr/lib/libsystemd.so.0.44.0
7f91b0f64000-7f91b0f65000 rw-p 00000000 00:00 0 
7f91b0f65000-7f91b0f6a000 r--p 00000000 103:02 4780633                   /usr/lib/libpixman-1.so.0.46.4
7f91b0f6a000-7f91b0ffb000 r-xp 00005000 103:02 4780633                   /usr/lib/libpixman-1.so.0.46.4
7f91b0ffb000-7f91b100b000 r--p 00096000 103:02 4780633                   /usr/lib/libpixman-1.so.0.46.4
7f91b100b000-7f91b1013000 r--p 000a6000 103:02 4780633                   /usr/lib/libpixman-1.so.0.46.4
7f91b1013000-7f91b1014000 rw-p 000ae000 103:02 4780633                   /usr/lib/libpixman-1.so.0.46.4
7f91b1014000-7f91b101a000 r--p 00000000 103:02 4751845                   /usr/lib/libxcb-render.so.0.0.0
7f91b101a000-7f91b101f000 r-xp 00006000 103:02 4751845                   /usr/lib/libxcb-render.so.0.0.0
7f91b101f000-7f91b1021000 r--p 0000b000 103:02 4751845                   /usr/lib/libxcb-render.so.0.0.0
7f91b1021000-7f91b1022000 r--p 0000d000 103:02 4751845                   /usr/lib/libxcb-render.so.0.0.0
7f91b1022000-7f91b1023000 rw-p 0000e000 103:02 4751845                   /usr/lib/libxcb-render.so.0.0.0
7f91b1023000-7f91b102f000 r--p 00000000 103:02 4751894                   /usr/lib/libxcb.so.1.1.0
7f91b102f000-7f91b1043000 r-xp 0000c000 103:02 4751894                   /usr/lib/libxcb.so.1.1.0
7f91b1043000-7f91b104c000 r--p 00020000 103:02 4751894                   /usr/lib/libxcb.so.1.1.0
7f91b104c000-7f91b104d000 r--p 00028000 103:02 4751894                   /usr/lib/libxcb.so.1.1.0
7f91b104d000-7f91b104e000 rw-p 00029000 103:02 4751894                   /usr/lib/libxcb.so.1.1.0
7f91b104e000-7f91b1065000 r--p 00000000 103:02 4740502                   /usr/lib/libX11.so.6.4.0
7f91b1065000-7f91b10fa000 r-xp 00017000 103:02 4740502                   /usr/lib/libX11.so.6.4.0
7f91b10fa000-7f91b1189000 r--p 000ac000 103:02 4740502                   /usr/lib/libX11.so.6.4.0
7f91b1189000-7f91b118c000 r--p 0013a000 103:02 4740502                   /usr/lib/libX11.so.6.4.0
7f91b118c000-7f91b1190000 rw-p 0013d000 103:02 4740502                   /usr/lib/libX11.so.6.4.0
7f91b1190000-7f91b1196000 r--p 00000000 103:02 4814646                   /usr/lib/libfreetype.so.6.20.6
7f91b1196000-7f91b122e000 r-xp 00006000 103:02 4814646                   /usr/lib/libfreetype.so.6.20.6
7f91b122e000-7f91b1257000 r--p 0009e000 103:02 4814646                   /usr/lib/libfreetype.so.6.20.6
7f91b1257000-7f91b125f000 r--p 000c6000 103:02 4814646                   /usr/lib/libfreetype.so.6.20.6
7f91b125f000-7f91b1260000 rw-p 000ce000 103:02 4814646                   /usr/lib/libfreetype.so.6.20.6
7f91b1260000-7f91b1266000 r--p 00000000 103:02 4812002                   /usr/lib/libpng16.so.16.58.0
7f91b1266000-7f91b1291000 r-xp 00006000 103:02 4812002                   /usr/lib/libpng16.so.16.58.0
7f91b1291000-7f91b129b000 r--p 00031000 103:02 4812002                   /usr/lib/libpng16.so.16.58.0
7f91b129b000-7f91b129c000 r--p 0003a000 103:02 4812002                   /usr/lib/libpng16.so.16.58.0
7f91b129c000-7f91b129d000 rw-p 0003b000 103:02 4812002                   /usr/lib/libpng16.so.16.58.0
7f91b129d000-7f91b12cf000 r--p 00000000 103:02 4745344                   /usr/lib/libgio-2.0.so.0.8800.3
7f91b12cf000-7f91b13f6000 r-xp 00032000 103:02 4745344                   /usr/lib/libgio-2.0.so.0.8800.3
7f91b13f6000-7f91b1470000 r--p 00159000 103:02 4745344                   /usr/lib/libgio-2.0.so.0.8800.3
7f91b1470000-7f91b1479000 r--p 001d2000 103:02 4745344                   /usr/lib/libgio-2.0.so.0.8800.3
7f91b1479000-7f91b147a000 rw-p 001db000 103:02 4745344                   /usr/lib/libgio-2.0.so.0.8800.3
7f91b147a000-7f91b147c000 rw-p 00000000 00:00 0 
7f91b147c000-7f91b1482000 r--p 00000000 103:02 4759013                   /usr/lib/libfontconfig.so.1.17.0
7f91b1482000-7f91b14b7000 r-xp 00006000 103:02 4759013                   /usr/lib/libfontconfig.so.1.17.0
7f91b14b7000-7f91b14ed000 r--p 0003b000 103:02 4759013                   /usr/lib/libfontconfig.so.1.17.0
7f91b14ed000-7f91b14f6000 r--p 00071000 103:02 4759013                   /usr/lib/libfontconfig.so.1.17.0
7f91b14f6000-7f91b14f7000 rw-p 0007a000 103:02 4759013                   /usr/lib/libfontconfig.so.1.17.0
7f91b14f7000-7f91b1504000 r--p 00000000 103:02 4814594                   /usr/lib/libharfbuzz.so.0.61431.0
7f91b1504000-7f91b15f6000 r-xp 0000d000 103:02 4814594                   /usr/lib/libharfbuzz.so.0.61431.0
7f91b15f6000-7f91b162a000 r--p 000ff000 103:02 4814594                   /usr/lib/libharfbuzz.so.0.61431.0
7f91b162a000-7f91b162c000 r--p 00132000 103:02 4814594                   /usr/lib/libharfbuzz.so.0.61431.0
7f91b162c000-7f91b162d000 rw-p 00134000 103:02 4814594                   /usr/lib/libharfbuzz.so.0.61431.0
7f91b162d000-7f91b164b000 r--p 00000000 103:02 4748073                   /usr/lib/libglib-2.0.so.0.8800.3
7f91b164b000-7f91b16f9000 r-xp 0001e000 103:02 4748073                   /usr/lib/libglib-2.0.so.0.8800.3
7f91b16f9000-7f91b178d000 r--p 000cc000 103:02 4748073                   /usr/lib/libglib-2.0.so.0.8800.3
7f91b178d000-7f91b178e000 r--p 00160000 103:02 4748073                   /usr/lib/libglib-2.0.so.0.8800.3
7f91b178e000-7f91b178f000 rw-p 00161000 103:02 4748073                   /usr/lib/libglib-2.0.so.0.8800.3
7f91b178f000-7f91b1790000 rw-p 00000000 00:00 0 
7f91b1790000-7f91b179e000 r--p 00000000 103:02 4741723                   /usr/lib/libdbus-1.so.3.38.3
7f91b179e000-7f91b17cf000 r-xp 0000e000 103:02 4741723                   /usr/lib/libdbus-1.so.3.38.3
7f91b17cf000-7f91b17e0000 r--p 0003f000 103:02 4741723                   /usr/lib/libdbus-1.so.3.38.3
7f91b17e0000-7f91b17e2000 r--p 0004f000 103:02 4741723                   /usr/lib/libdbus-1.so.3.38.3
7f91b17e2000-7f91b17e3000 rw-p 00051000 103:02 4741723                   /usr/lib/libdbus-1.so.3.38.3
7f91b17e3000-7f91b17ef000 r--p 00000000 103:02 4750151                   /usr/lib/libgobject-2.0.so.0.8800.3
7f91b17ef000-7f91b1828000 r-xp 0000c000 103:02 4750151                   /usr/lib/libgobject-2.0.so.0.8800.3
7f91b1828000-7f91b1842000 r--p 00045000 103:02 4750151                   /usr/lib/libgobject-2.0.so.0.8800.3
7f91b1842000-7f91b1845000 r--p 0005e000 103:02 4750151                   /usr/lib/libgobject-2.0.so.0.8800.3
7f91b1845000-7f91b1846000 rw-p 00061000 103:02 4750151                   /usr/lib/libgobject-2.0.so.0.8800.3
7f91b1846000-7f91b1854000 r--p 00000000 103:02 4757736                   /usr/lib/libcairo.so.2.11804.4
7f91b1854000-7f91b1947000 r-xp 0000e000 103:02 4757736                   /usr/lib/libcairo.so.2.11804.4
7f91b1947000-7f91b197c000 r--p 00101000 103:02 4757736                   /usr/lib/libcairo.so.2.11804.4
7f91b197c000-7f91b1980000 r--p 00136000 103:02 4757736                   /usr/lib/libcairo.so.2.11804.4
7f91b1980000-7f91b1982000 rw-p 0013a000 103:02 4757736                   /usr/lib/libcairo.so.2.11804.4
7f91b1982000-7f91b1983000 rw-p 00000000 00:00 0 
7f91b1983000-7f91b1991000 r--p 00000000 103:02 4794787                   /usr/lib/libpango-1.0.so.0.5800.2
7f91b1991000-7f91b19d1000 r-xp 0000e000 103:02 4794787                   /usr/lib/libpango-1.0.so.0.5800.2
7f91b19d1000-7f91b19ed000 r--p 0004e000 103:02 4794787                   /usr/lib/libpango-1.0.so.0.5800.2
7f91b19ed000-7f91b19f1000 r--p 00069000 103:02 4794787                   /usr/lib/libpango-1.0.so.0.5800.2
7f91b19f1000-7f91b19f2000 rw-p 0006d000 103:02 4794787                   /usr/lib/libpango-1.0.so.0.5800.2
7f91b19f2000-7f91b19f3000 rw-p 00000000 00:00 0 
7f91b19f3000-7f91b19f7000 ---p 00000000 00:00 0 
7f91b19f7000-7f91b1df7000 rw-p 00000000 00:00 0 
7f91b1df7000-7f91b1dfb000 ---p 00000000 00:00 0 
7f91b1dfb000-7f91b1ef8000 rw-p 00000000 00:00 0 
7f91b1ef8000-7f91b1efc000 ---p 00000000 00:00 0 
7f91b1efc000-7f91b1ff9000 rw-p 00000000 00:00 0 
7f91b1ff9000-7f91b1ffd000 ---p 00000000 00:00 0 
7f91b1ffd000-7f91b20fa000 rw-p 00000000 00:00 0 
7f91b20fa000-7f91b20fe000 ---p 00000000 00:00 0 
7f91b20fe000-7f91b21fb000 rw-p 00000000 00:00 0 
7f91b21fb000-7f91b21ff000 ---p 00000000 00:00 0 
7f91b21ff000-7f91b22fc000 rw-p 00000000 00:00 0 
7f91b22fc000-7f91b2300000 ---p 00000000 00:00 0 
7f91b2300000-7f91b23fd000 rw-p 00000000 00:00 0 
7f91b23fd000-7f91b2401000 ---p 00000000 00:00 0 
7f91b2401000-7f91b24fe000 rw-p 00000000 00:00 0 
7f91b24fe000-7f91b2502000 ---p 00000000 00:00 0 
7f91b2502000-7f91b25ff000 rw-p 00000000 00:00 0 
7f91b25ff000-7f91b2603000 ---p 00000000 00:00 0 
7f91b2603000-7f91b2700000 rw-p 00000000 00:00 0 
7f91b2700000-7f91b2704000 ---p 00000000 00:00 0 
7f91b2704000-7f91b2800000 rw-p 00000000 00:00 0 
7f91b2800000-7f91b2aee000 r--p 00000000 103:02 4837164                   /usr/lib/locale/locale-archive
7f91b2aee000-7f91b2aef000 rw-p 00000000 00:00 0 
7f91b2aef000-7f91b2af1000 rw-s 00000000 00:07 1110                       /dev/nvidiactl
7f91b2af1000-7f91b2af2000 r--p 00000000 103:02 4757711                   /usr/lib/libXau.so.6.0.0
7f91b2af2000-7f91b2af3000 r-xp 00001000 103:02 4757711                   /usr/lib/libXau.so.6.0.0
7f91b2af3000-7f91b2af4000 r--p 00002000 103:02 4757711                   /usr/lib/libXau.so.6.0.0
7f91b2af4000-7f91b2af5000 r--p 00002000 103:02 4757711                   /usr/lib/libXau.so.6.0.0
7f91b2af5000-7f91b2af6000 rw-p 00003000 103:02 4757711                   /usr/lib/libXau.so.6.0.0
7f91b2af6000-7f91b2afa000 r--p 00000000 103:02 4755680                   /usr/lib/libxkbcommon.so.0.13.2
7f91b2afa000-7f91b2b29000 r-xp 00004000 103:02 4755680                   /usr/lib/libxkbcommon.so.0.13.2
7f91b2b29000-7f91b2b52000 r--p 00033000 103:02 4755680                   /usr/lib/libxkbcommon.so.0.13.2
7f91b2b52000-7f91b2b54000 r--p 0005b000 103:02 4755680                   /usr/lib/libxkbcommon.so.0.13.2
7f91b2b54000-7f91b2b55000 rw-p 0005d000 103:02 4755680                   /usr/lib/libxkbcommon.so.0.13.2
7f91b2b55000-7f91b2b65000 r--p 00000000 00:2f 28158                      /tmp/lwjgl_annihilator/3.3.6+1/x64/libglfw.so
7f91b2b65000-7f91b2b86000 r-xp 00010000 00:2f 28158                      /tmp/lwjgl_annihilator/3.3.6+1/x64/libglfw.so
7f91b2b86000-7f91b2bc2000 r--p 00031000 00:2f 28158                      /tmp/lwjgl_annihilator/3.3.6+1/x64/libglfw.so
7f91b2bc2000-7f91b2bc6000 r--p 0006c000 00:2f 28158                      /tmp/lwjgl_annihilator/3.3.6+1/x64/libglfw.so
7f91b2bc6000-7f91b2bc9000 rw-p 00070000 00:2f 28158                      /tmp/lwjgl_annihilator/3.3.6+1/x64/libglfw.so
7f91b2bc9000-7f91b2bec000 rw-p 00000000 00:00 0 
7f91b2bec000-7f91b2bed000 rw-p 00000000 00:00 0 
7f91b2bed000-7f91b2bf1000 ---p 00000000 00:00 0 
7f91b2bf1000-7f91b2def000 rw-p 00000000 00:00 0 
7f91b2def000-7f91b2df3000 ---p 00000000 00:00 0 
7f91b2df3000-7f91b2ef0000 rw-p 00000000 00:00 0 
7f91b2ef0000-7f91b2ef4000 ---p 00000000 00:00 0 
7f91b2ef4000-7f91b33f4000 rw-p 00000000 00:00 0 
7f91b33f4000-7f91b4021000 rw-p 00000000 00:00 0 
7f91b4021000-7f91b8000000 ---p 00000000 00:00 0 
7f91b8000000-7f91bc000000 rw-p 00000000 00:00 0 
7f91bc000000-7f91bc021000 rw-p 00000000 00:00 0 
7f91bc021000-7f91c0000000 ---p 00000000 00:00 0 
7f91c0000000-7f91c0001000 rw-s 00000000 00:07 1110                       /dev/nvidiactl
7f91c0001000-7f91c0003000 r--p 00000000 103:02 4748283                   /usr/lib/libgmodule-2.0.so.0.8800.3
7f91c0003000-7f91c0005000 r-xp 00002000 103:02 4748283                   /usr/lib/libgmodule-2.0.so.0.8800.3
7f91c0005000-7f91c0006000 r--p 00004000 103:02 4748283                   /usr/lib/libgmodule-2.0.so.0.8800.3
7f91c0006000-7f91c0007000 r--p 00004000 103:02 4748283                   /usr/lib/libgmodule-2.0.so.0.8800.3
7f91c0007000-7f91c0008000 rw-p 00005000 103:02 4748283                   /usr/lib/libgmodule-2.0.so.0.8800.3
7f91c0008000-7f91c000a000 r--p 00000000 103:02 4843167                   /usr/lib/libXrender.so.1.3.0
7f91c000a000-7f91c0011000 r-xp 00002000 103:02 4843167                   /usr/lib/libXrender.so.1.3.0
7f91c0011000-7f91c0012000 r--p 00009000 103:02 4843167                   /usr/lib/libXrender.so.1.3.0
7f91c0012000-7f91c0013000 r--p 00009000 103:02 4843167                   /usr/lib/libXrender.so.1.3.0
7f91c0013000-7f91c0014000 rw-p 0000a000 103:02 4843167                   /usr/lib/libXrender.so.1.3.0
7f91c0014000-7f91c0018000 r--p 00000000 103:02 4760928                   /usr/lib/libXext.so.6.4.0
7f91c0018000-7f91c0023000 r-xp 00004000 103:02 4760928                   /usr/lib/libXext.so.6.4.0
7f91c0023000-7f91c0026000 r--p 0000f000 103:02 4760928                   /usr/lib/libXext.so.6.4.0
7f91c0026000-7f91c0027000 r--p 00011000 103:02 4760928                   /usr/lib/libXext.so.6.4.0
7f91c0027000-7f91c0028000 rw-p 00012000 103:02 4760928                   /usr/lib/libXext.so.6.4.0
7f91c0028000-7f91c0054000 r--p 00000000 00:2f 28110                      /tmp/lwjgl_annihilator/3.3.6+1/x64/liblwjgl.so
7f91c0054000-7f91c0088000 r-xp 0002c000 00:2f 28110                      /tmp/lwjgl_annihilator/3.3.6+1/x64/liblwjgl.so
7f91c0088000-7f91c00a2000 r--p 00060000 00:2f 28110                      /tmp/lwjgl_annihilator/3.3.6+1/x64/liblwjgl.so
7f91c00a2000-7f91c00a3000 r--p 00079000 00:2f 28110                      /tmp/lwjgl_annihilator/3.3.6+1/x64/liblwjgl.so
7f91c00a3000-7f91c00a4000 rw-p 0007a000 00:2f 28110                      /tmp/lwjgl_annihilator/3.3.6+1/x64/liblwjgl.so
7f91c00a4000-7f91c2200000 rw-p 00000000 00:00 0 
7f91c2200000-7f91c2201000 rw-s 00000000 00:07 1112                       /dev/nvidia0
7f91c2201000-7f91c2202000 rw-s 00000000 00:07 1110                       /dev/nvidiactl
7f91c2202000-7f91c2204000 r--p 00000000 00:1a 53161                      /dev/shm/716e306c-95b7-4d19-95b4-1c569de03be9 (deleted)
7f91c2204000-7f91c2206000 r--p 00000000 103:02 4761906                   /usr/lib/libfribidi.so.0.4.0
7f91c2206000-7f91c220b000 r-xp 00002000 103:02 4761906                   /usr/lib/libfribidi.so.0.4.0
7f91c220b000-7f91c2222000 r--p 00007000 103:02 4761906                   /usr/lib/libfribidi.so.0.4.0
7f91c2222000-7f91c2223000 r--p 0001d000 103:02 4761906                   /usr/lib/libfribidi.so.0.4.0
7f91c2223000-7f91c2224000 rw-p 0001e000 103:02 4761906                   /usr/lib/libfribidi.so.0.4.0
7f91c2224000-7f91c222c000 r--p 00000000 103:02 4815145                   /usr/lib/libpangoft2-1.0.so.0.5800.2
7f91c222c000-7f91c223c000 r-xp 00008000 103:02 4815145                   /usr/lib/libpangoft2-1.0.so.0.5800.2
7f91c223c000-7f91c2241000 r--p 00018000 103:02 4815145                   /usr/lib/libpangoft2-1.0.so.0.5800.2
7f91c2241000-7f91c2242000 r--p 0001d000 103:02 4815145                   /usr/lib/libpangoft2-1.0.so.0.5800.2
7f91c2242000-7f91c2243000 rw-p 0001e000 103:02 4815145                   /usr/lib/libpangoft2-1.0.so.0.5800.2
7f91c2243000-7f91c2248000 r--p 00000000 103:02 4815137                   /usr/lib/libpangocairo-1.0.so.0.5800.2
7f91c2248000-7f91c2251000 r-xp 00005000 103:02 4815137                   /usr/lib/libpangocairo-1.0.so.0.5800.2
7f91c2251000-7f91c2253000 r--p 0000e000 103:02 4815137                   /usr/lib/libpangocairo-1.0.so.0.5800.2
7f91c2253000-7f91c2254000 r--p 00010000 103:02 4815137                   /usr/lib/libpangocairo-1.0.so.0.5800.2
7f91c2254000-7f91c2255000 rw-p 00011000 103:02 4815137                   /usr/lib/libpangocairo-1.0.so.0.5800.2
7f91c2255000-7f91c2558000 rw-p 00000000 00:00 0 
7f91c2558000-7f91c2780000 rw-p 00000000 00:00 0 
7f91c2780000-7f91c6158000 ---p 00000000 00:00 0 
7f91c6158000-7f91c61b5000 rw-p 00000000 00:00 0 
7f91c61b5000-7f91c68f0000 ---p 00000000 00:00 0 
7f91c68f0000-7f91c6938000 rw-p 00000000 00:00 0 
7f91c6938000-7f91c7073000 ---p 00000000 00:00 0 
7f91c7073000-7f91c70bb000 rw-p 00000000 00:00 0 
7f91c70bb000-7f91c77f6000 ---p 00000000 00:00 0 
7f91c77f6000-7f91c7dff000 rw-p 00000000 00:00 0 
7f91c7dff000-7f91c84ff000 rwxp 00000000 00:00 0 
7f91c84ff000-7f91cf25f000 ---p 00000000 00:00 0 
7f91cf25f000-7f91cf74f000 rwxp 00000000 00:00 0 
7f91cf74f000-7f91cf9a0000 ---p 00000000 00:00 0 
7f91cf9a0000-7f91cfc10000 rwxp 00000000 00:00 0 
7f91cfc10000-7f91d6e00000 ---p 00000000 00:00 0 
7f91d6e00000-7f91dfe1c000 r--s 00000000 103:02 7880807                   /usr/lib/jvm/java-26-openjdk/lib/modules
7f91dfe1c000-7f91dfe1d000 rw-s 00000000 00:07 1110                       /dev/nvidiactl
7f91dfe1d000-7f91dfe1e000 r--p 00000000 103:02 4751862                   /usr/lib/libxcb-shm.so.0.0.0
7f91dfe1e000-7f91dfe1f000 r-xp 00001000 103:02 4751862                   /usr/lib/libxcb-shm.so.0.0.0
7f91dfe1f000-7f91dfe20000 r--p 00002000 103:02 4751862                   /usr/lib/libxcb-shm.so.0.0.0
7f91dfe20000-7f91dfe21000 r--p 00002000 103:02 4751862                   /usr/lib/libxcb-shm.so.0.0.0
7f91dfe21000-7f91dfe22000 rw-p 00003000 103:02 4751862                   /usr/lib/libxcb-shm.so.0.0.0
7f91dfe22000-7f91dfe24000 r--p 00000000 103:02 4815120                   /usr/lib/libthai.so.0.3.2
7f91dfe24000-7f91dfe28000 r-xp 00002000 103:02 4815120                   /usr/lib/libthai.so.0.3.2
7f91dfe28000-7f91dfe2b000 r--p 00006000 103:02 4815120                   /usr/lib/libthai.so.0.3.2
7f91dfe2b000-7f91dfe2c000 r--p 00008000 103:02 4815120                   /usr/lib/libthai.so.0.3.2
7f91dfe2c000-7f91dfe2d000 rw-p 00009000 103:02 4815120                   /usr/lib/libthai.so.0.3.2
7f91dfe2d000-7f91dfe31000 r--p 00000000 103:02 4726011                   /usr/lib/libdecor/plugins-1/libdecor-cairo.so
7f91dfe31000-7f91dfe37000 r-xp 00004000 103:02 4726011                   /usr/lib/libdecor/plugins-1/libdecor-cairo.so
7f91dfe37000-7f91dfe39000 r--p 0000a000 103:02 4726011                   /usr/lib/libdecor/plugins-1/libdecor-cairo.so
7f91dfe39000-7f91dfe3c000 r--p 0000b000 103:02 4726011                   /usr/lib/libdecor/plugins-1/libdecor-cairo.so
7f91dfe3c000-7f91dfe3d000 rw-p 0000e000 103:02 4726011                   /usr/lib/libdecor/plugins-1/libdecor-cairo.so
7f91dfe3d000-7f91e2ee4000 rw-p 00000000 00:00 0 
7f91e2ee4000-7f91e4000000 ---p 00000000 00:00 0 
7f91e4000000-7f91e4002000 r--p 00000000 00:1a 53161                      /dev/shm/716e306c-95b7-4d19-95b4-1c569de03be9 (deleted)
7f91e4002000-7f91e4005000 r--p 00000000 103:02 4725997                   /usr/lib/libdecor-0.so.0.200.5
7f91e4005000-7f91e4008000 r-xp 00003000 103:02 4725997                   /usr/lib/libdecor-0.so.0.200.5
7f91e4008000-7f91e400a000 r--p 00006000 103:02 4725997                   /usr/lib/libdecor-0.so.0.200.5
7f91e400a000-7f91e400b000 r--p 00007000 103:02 4725997                   /usr/lib/libdecor-0.so.0.200.5
7f91e400b000-7f91e400c000 rw-p 00008000 103:02 4725997                   /usr/lib/libdecor-0.so.0.200.5
7f91e400c000-7f91e400d000 r--p 00000000 103:02 4818228                   /usr/lib/libwayland-egl.so.1.26.0
7f91e400d000-7f91e400e000 r-xp 00001000 103:02 4818228                   /usr/lib/libwayland-egl.so.1.26.0
7f91e400e000-7f91e400f000 r--p 00002000 103:02 4818228                   /usr/lib/libwayland-egl.so.1.26.0
7f91e400f000-7f91e4010000 r--p 00002000 103:02 4818228                   /usr/lib/libwayland-egl.so.1.26.0
7f91e4010000-7f91e4011000 rw-p 00003000 103:02 4818228                   /usr/lib/libwayland-egl.so.1.26.0
7f91e4011000-7f91e4012000 r--p 00000000 103:02 4817284                   /usr/lib/libwayland-cursor.so.0.26.0
7f91e4012000-7f91e4014000 r-xp 00001000 103:02 4817284                   /usr/lib/libwayland-cursor.so.0.26.0
7f91e4014000-7f91e4015000 r--p 00003000 103:02 4817284                   /usr/lib/libwayland-cursor.so.0.26.0
7f91e4015000-7f91e4016000 r--p 00003000 103:02 4817284                   /usr/lib/libwayland-cursor.so.0.26.0
7f91e4016000-7f91e401a000 rw-p 00004000 103:02 4817284                   /usr/lib/libwayland-cursor.so.0.26.0
7f91e401a000-7f91e401c000 r--p 00000000 103:02 4780624                   /usr/lib/libffi.so.8.5.0
7f91e401c000-7f91e4024000 r-xp 00002000 103:02 4780624                   /usr/lib/libffi.so.8.5.0
7f91e4024000-7f91e4026000 r--p 0000a000 103:02 4780624                   /usr/lib/libffi.so.8.5.0
7f91e4026000-7f91e4027000 r--p 0000b000 103:02 4780624                   /usr/lib/libffi.so.8.5.0
7f91e4027000-7f91e4028000 rw-p 0000c000 103:02 4780624                   /usr/lib/libffi.so.8.5.0
7f91e4028000-7f91e4633000 rw-p 00000000 00:00 0 
7f91e4633000-7f91e4717000 ---p 00000000 00:00 0 
7f91e4717000-7f91e4725000 rw-p 00000000 00:00 0 
7f91e4725000-7f91e4800000 ---p 00000000 00:00 0 
7f91e4800000-7f91e489a000 r--p 00000000 103:02 4748526                   /usr/lib/libstdc++.so.6.0.36
7f91e489a000-7f91e4a1d000 r-xp 0009a000 103:02 4748526                   /usr/lib/libstdc++.so.6.0.36
7f91e4a1d000-7f91e4abd000 r--p 0021d000 103:02 4748526                   /usr/lib/libstdc++.so.6.0.36
7f91e4abd000-7f91e4ace000 r--p 002bc000 103:02 4748526                   /usr/lib/libstdc++.so.6.0.36
7f91e4ace000-7f91e4acf000 rw-p 002cd000 103:02 4748526                   /usr/lib/libstdc++.so.6.0.36
7f91e4acf000-7f91e4ad3000 rw-p 00000000 00:00 0 
7f91e4ad3000-7f91e4ad4000 r--s 00000000 00:07 1110                       /dev/nvidiactl
7f91e4ad4000-7f91e4ad7000 r--p 00000000 103:02 4815658                   /usr/lib/libwayland-client.so.0.26.0
7f91e4ad7000-7f91e4ade000 r-xp 00003000 103:02 4815658                   /usr/lib/libwayland-client.so.0.26.0
7f91e4ade000-7f91e4ae1000 r--p 0000a000 103:02 4815658                   /usr/lib/libwayland-client.so.0.26.0
7f91e4ae1000-7f91e4ae3000 r--p 0000c000 103:02 4815658                   /usr/lib/libwayland-client.so.0.26.0
7f91e4ae3000-7f91e4ae4000 rw-p 0000e000 103:02 4815658                   /usr/lib/libwayland-client.so.0.26.0
7f91e4ae4000-7f91e4ae5000 r--p 00000000 103:02 4722210                   /usr/lib/librt.so.1
7f91e4ae5000-7f91e4ae6000 r-xp 00001000 103:02 4722210                   /usr/lib/librt.so.1
7f91e4ae6000-7f91e4ae7000 r--p 00002000 103:02 4722210                   /usr/lib/librt.so.1
7f91e4ae7000-7f91e4ae8000 r--p 00002000 103:02 4722210                   /usr/lib/librt.so.1
7f91e4ae8000-7f91e4ae9000 rw-p 00003000 103:02 4722210                   /usr/lib/librt.so.1
7f91e4ae9000-7f91e4aea000 r--p 00000000 103:02 4722204                   /usr/lib/libpthread.so.0
7f91e4aea000-7f91e4aeb000 r-xp 00001000 103:02 4722204                   /usr/lib/libpthread.so.0
7f91e4aeb000-7f91e4aec000 r--p 00002000 103:02 4722204                   /usr/lib/libpthread.so.0
7f91e4aec000-7f91e4aed000 r--p 00002000 103:02 4722204                   /usr/lib/libpthread.so.0
7f91e4aed000-7f91e4aee000 rw-p 00003000 103:02 4722204                   /usr/lib/libpthread.so.0
7f91e4aee000-7f91e4aef000 r--p 00000000 103:02 4722163                   /usr/lib/libdl.so.2
7f91e4aef000-7f91e4af0000 r-xp 00001000 103:02 4722163                   /usr/lib/libdl.so.2
7f91e4af0000-7f91e4af1000 r--p 00002000 103:02 4722163                   /usr/lib/libdl.so.2
7f91e4af1000-7f91e4af2000 r--p 00002000 103:02 4722163                   /usr/lib/libdl.so.2
7f91e4af2000-7f91e4af3000 rw-p 00003000 103:02 4722163                   /usr/lib/libdl.so.2
7f91e4af3000-7f91e4af5000 r--p 00000000 103:02 7880796                   /usr/lib/jvm/java-26-openjdk/lib/libnet.so
7f91e4af5000-7f91e4afc000 r-xp 00002000 103:02 7880796                   /usr/lib/jvm/java-26-openjdk/lib/libnet.so
7f91e4afc000-7f91e4afe000 r--p 00009000 103:02 7880796                   /usr/lib/jvm/java-26-openjdk/lib/libnet.so
7f91e4afe000-7f91e4aff000 r--p 0000a000 103:02 7880796                   /usr/lib/jvm/java-26-openjdk/lib/libnet.so
7f91e4aff000-7f91e4b00000 rw-p 0000b000 103:02 7880796                   /usr/lib/jvm/java-26-openjdk/lib/libnet.so
7f91e4b00000-7f91e4b04000 ---p 00000000 00:00 0 
7f91e4b04000-7f91e4c00000 rw-p 00000000 00:00 0 
7f91e4c00000-7f91e4c0e000 r--p 00000000 103:02 7880818                   /usr/lib/jvm/java-26-openjdk/lib/server/libjvm.so
7f91e4c0e000-7f91e5b57000 r-xp 0000e000 103:02 7880818                   /usr/lib/jvm/java-26-openjdk/lib/server/libjvm.so
7f91e5b57000-7f91e5d9e000 r--p 00f57000 103:02 7880818                   /usr/lib/jvm/java-26-openjdk/lib/server/libjvm.so
7f91e5d9e000-7f91e5e90000 r--p 0119d000 103:02 7880818                   /usr/lib/jvm/java-26-openjdk/lib/server/libjvm.so
7f91e5e90000-7f91e5eb1000 rw-p 0128f000 103:02 7880818                   /usr/lib/jvm/java-26-openjdk/lib/server/libjvm.so
7f91e5eb1000-7f91e5f35000 rw-p 00000000 00:00 0 
7f91e5f35000-7f91e5f36000 r-xp 0005e000 00:2f 28110                      /tmp/lwjgl_annihilator/3.3.6+1/x64/liblwjgl.so
7f91e5f36000-7f91e5f37000 rw-p 00000000 00:00 0 
7f91e5f37000-7f91e5f3e000 r--p 00000000 103:02 7880797                   /usr/lib/jvm/java-26-openjdk/lib/libnio.so
7f91e5f3e000-7f91e5f47000 r-xp 00007000 103:02 7880797                   /usr/lib/jvm/java-26-openjdk/lib/libnio.so
7f91e5f47000-7f91e5f4c000 r--p 00010000 103:02 7880797                   /usr/lib/jvm/java-26-openjdk/lib/libnio.so
7f91e5f4c000-7f91e5f4d000 r--p 00014000 103:02 7880797                   /usr/lib/jvm/java-26-openjdk/lib/libnio.so
7f91e5f4d000-7f91e5f4e000 rw-p 00015000 103:02 7880797                   /usr/lib/jvm/java-26-openjdk/lib/libnio.so
7f91e5f4e000-7f91e5f4f000 r--p 00000000 103:02 7880802                   /usr/lib/jvm/java-26-openjdk/lib/libsimdsort.so
7f91e5f4f000-7f91e5f89000 r-xp 00001000 103:02 7880802                   /usr/lib/jvm/java-26-openjdk/lib/libsimdsort.so
7f91e5f89000-7f91e5f8f000 r--p 0003b000 103:02 7880802                   /usr/lib/jvm/java-26-openjdk/lib/libsimdsort.so
7f91e5f8f000-7f91e5f90000 r--p 00040000 103:02 7880802                   /usr/lib/jvm/java-26-openjdk/lib/libsimdsort.so
7f91e5f90000-7f91e5f91000 rw-p 00041000 103:02 7880802                   /usr/lib/jvm/java-26-openjdk/lib/libsimdsort.so
7f91e5f91000-7f91e5fdb000 rw-p 00000000 00:00 0 
7f91e5fdb000-7f91e5fe0000 ---p 00000000 00:00 0 
7f91e5fe0000-7f91e5fea000 r--p 00000000 103:02 7880782                   /usr/lib/jvm/java-26-openjdk/lib/libjava.so
7f91e5fea000-7f91e5ff8000 r-xp 0000a000 103:02 7880782                   /usr/lib/jvm/java-26-openjdk/lib/libjava.so
7f91e5ff8000-7f91e5ffd000 r--p 00018000 103:02 7880782                   /usr/lib/jvm/java-26-openjdk/lib/libjava.so
7f91e5ffd000-7f91e5ffe000 r--p 0001d000 103:02 7880782                   /usr/lib/jvm/java-26-openjdk/lib/libjava.so
7f91e5ffe000-7f91e5fff000 rw-p 0001e000 103:02 7880782                   /usr/lib/jvm/java-26-openjdk/lib/libjava.so
7f91e5fff000-7f91e6000000 rw-p 00000000 00:00 0 
7f91e6000000-7f91e6024000 r--p 00000000 103:02 4722147                   /usr/lib/libc.so.6
7f91e6024000-7f91e619f000 r-xp 00024000 103:02 4722147                   /usr/lib/libc.so.6
7f91e619f000-7f91e6215000 r--p 0019f000 103:02 4722147                   /usr/lib/libc.so.6
7f91e6215000-7f91e6219000 r--p 00214000 103:02 4722147                   /usr/lib/libc.so.6
7f91e6219000-7f91e621b000 rw-p 00218000 103:02 4722147                   /usr/lib/libc.so.6
7f91e621b000-7f91e6223000 rw-p 00000000 00:00 0 
7f91e6223000-7f91e6225000 r--p 00000000 103:02 7880806                   /usr/lib/jvm/java-26-openjdk/lib/libzip.so
7f91e6225000-7f91e6229000 r-xp 00002000 103:02 7880806                   /usr/lib/jvm/java-26-openjdk/lib/libzip.so
7f91e6229000-7f91e622b000 r--p 00006000 103:02 7880806                   /usr/lib/jvm/java-26-openjdk/lib/libzip.so
7f91e622b000-7f91e622c000 r--p 00007000 103:02 7880806                   /usr/lib/jvm/java-26-openjdk/lib/libzip.so
7f91e622c000-7f91e622d000 rw-p 00008000 103:02 7880806                   /usr/lib/jvm/java-26-openjdk/lib/libzip.so
7f91e622d000-7f91e622e000 r--p 00000000 103:02 4744044                   /usr/share/locale/en_GB/LC_MESSAGES/libc.mo
7f91e622e000-7f91e6236000 rw-s 00000000 00:2f 47931                      /tmp/hsperfdata_annihilator/2146275 (deleted)
7f91e6236000-7f91e6237000 ---p 00000000 00:00 0 
7f91e6237000-7f91e6238000 r--p 00000000 00:00 0 
7f91e6238000-7f91e6239000 ---p 00000000 00:00 0 
7f91e6239000-7f91e623a000 r--p 00000000 103:02 7880786                   /usr/lib/jvm/java-26-openjdk/lib/libjimage.so
7f91e623a000-7f91e623c000 r-xp 00001000 103:02 7880786                   /usr/lib/jvm/java-26-openjdk/lib/libjimage.so
7f91e623c000-7f91e623d000 r--p 00003000 103:02 7880786                   /usr/lib/jvm/java-26-openjdk/lib/libjimage.so
7f91e623d000-7f91e623e000 r--p 00003000 103:02 7880786                   /usr/lib/jvm/java-26-openjdk/lib/libjimage.so
7f91e623e000-7f91e623f000 rw-p 00004000 103:02 7880786                   /usr/lib/jvm/java-26-openjdk/lib/libjimage.so
7f91e623f000-7f91e6243000 r--p 00000000 103:02 4836834                   /usr/lib/libgcc_s.so.1
7f91e6243000-7f91e6266000 r-xp 00004000 103:02 4836834                   /usr/lib/libgcc_s.so.1
7f91e6266000-7f91e626a000 r--p 00027000 103:02 4836834                   /usr/lib/libgcc_s.so.1
7f91e626a000-7f91e626b000 r--p 0002b000 103:02 4836834                   /usr/lib/libgcc_s.so.1
7f91e626b000-7f91e626c000 rw-p 0002c000 103:02 4836834                   /usr/lib/libgcc_s.so.1
7f91e626c000-7f91e627c000 r--p 00000000 103:02 4722178                   /usr/lib/libm.so.6
7f91e627c000-7f91e6318000 r-xp 00010000 103:02 4722178                   /usr/lib/libm.so.6
7f91e6318000-7f91e63a1000 r--p 000ac000 103:02 4722178                   /usr/lib/libm.so.6
7f91e63a1000-7f91e63a2000 r--p 00134000 103:02 4722178                   /usr/lib/libm.so.6
7f91e63a2000-7f91e63a3000 rw-p 00135000 103:02 4722178                   /usr/lib/libm.so.6
7f91e63a3000-7f91e63a5000 rw-p 00000000 00:00 0 
7f91e63a5000-7f91e63a8000 r--p 00000000 103:02 4742373                   /usr/lib/libz.so.1.3.2
7f91e63a8000-7f91e63b8000 r-xp 00003000 103:02 4742373                   /usr/lib/libz.so.1.3.2
7f91e63b8000-7f91e63be000 r--p 00013000 103:02 4742373                   /usr/lib/libz.so.1.3.2
7f91e63be000-7f91e63bf000 r--p 00018000 103:02 4742373                   /usr/lib/libz.so.1.3.2
7f91e63bf000-7f91e63c0000 rw-p 00019000 103:02 4742373                   /usr/lib/libz.so.1.3.2
7f91e63c0000-7f91e63c2000 r--p 00000000 103:02 7880787                   /usr/lib/jvm/java-26-openjdk/lib/libjli.so
7f91e63c2000-7f91e63cc000 r-xp 00002000 103:02 7880787                   /usr/lib/jvm/java-26-openjdk/lib/libjli.so
7f91e63cc000-7f91e63cf000 r--p 0000c000 103:02 7880787                   /usr/lib/jvm/java-26-openjdk/lib/libjli.so
7f91e63cf000-7f91e63d0000 r--p 0000e000 103:02 7880787                   /usr/lib/jvm/java-26-openjdk/lib/libjli.so
7f91e63d0000-7f91e63d1000 rw-p 0000f000 103:02 7880787                   /usr/lib/jvm/java-26-openjdk/lib/libjli.so
7f91e63d1000-7f91e63d2000 r--p 00000000 00:2f 28193                      /tmp/libglxshim.so
7f91e63d2000-7f91e63d3000 r-xp 00001000 00:2f 28193                      /tmp/libglxshim.so
7f91e63d3000-7f91e63d4000 r--p 00002000 00:2f 28193                      /tmp/libglxshim.so
7f91e63d4000-7f91e63d5000 r--p 00002000 00:2f 28193                      /tmp/libglxshim.so
7f91e63d5000-7f91e63d6000 rw-p 00003000 00:2f 28193                      /tmp/libglxshim.so
7f91e63d6000-7f91e63d8000 rw-p 00000000 00:00 0 
7f91e63d8000-7f91e6411000 r--p 00000000 103:02 656923                    /etc/ld.so.cache
7f91e6411000-7f91e6415000 r--p 00000000 00:00 0                          [vvar]
7f91e6415000-7f91e6417000 r--p 00000000 00:00 0                          [vvar_vclock]
7f91e6417000-7f91e6419000 r-xp 00000000 00:00 0                          [vdso]
7f91e6419000-7f91e641a000 r--p 00000000 103:02 4722097                   /usr/lib/ld-linux-x86-64.so.2
7f91e641a000-7f91e6447000 r-xp 00001000 103:02 4722097                   /usr/lib/ld-linux-x86-64.so.2
7f91e6447000-7f91e6456000 r--p 0002e000 103:02 4722097                   /usr/lib/ld-linux-x86-64.so.2
7f91e6456000-7f91e6458000 r--p 0003d000 103:02 4722097                   /usr/lib/ld-linux-x86-64.so.2
7f91e6458000-7f91e6459000 rw-p 0003f000 103:02 4722097                   /usr/lib/ld-linux-x86-64.so.2
7f91e6459000-7f91e645a000 rw-p 00000000 00:00 0 
7ffd28140000-7ffd28168000 rw-p 00000000 00:00 0                          [stack]
ffffffffff600000-ffffffffff601000 --xp 00000000 00:00 0                  [vsyscall]
Total number of mappings: 2053

JVMTI agents: none


VM Arguments:
jvm_args: -Dnuvio.wayland.libmpv=/home/annihilator/dev/mpv/build/libmpv.so.2 -Dnuvio.wayland.realApp=true -Dnuvio.wayland.smokePlayer=/tmp/nuvio-testclip5m.mp4 -Dnuvio.wayland.videoLog=true -Dnuvio.wayland.vk=true -Dnuvio.wayland.webChrome=true -Dorg.lwjgl.util.Debug=false --enable-native-access=ALL-UNNAMED -Dfile.encoding=UTF-8 -Duser.country=GB -Duser.language=en -Duser.variant 
java_command: com.nuvio.wayland.MainKt
java_class_path (initial): /home/annihilator/dev/NuvioDesktop/waylandHost/build/classes/java/main:/home/annihilator/dev/NuvioDesktop/waylandHost/build/classes/kotlin/main:/home/annihilator/dev/NuvioDesktop/waylandHost/build/resources/main:/home/annihilator/dev/NuvioDesktop/composeApp/build/libs/composeApp-desktop.jar:/home/annihilator/dev/NuvioDesktop/vendor/compose-media-player/mediaplayer/build/libs/composeMediaPlayer-jvm-0.11.4-nuvio.jar:/home/annihilator/.gradle/caches/modules-2/files-2.1/com.materialkolor.palette/core-jvm/4.0.0-beta02/e7ea3c09e6205047254ad2601a54c18c5be26906/kmpalette-core-jvm.jar:/home/annihilator/.gradle/caches/modules-2/files-2.1/org.jetbrains.compose.material3/material3-desktop/1.11.0-alpha07/422cb57765628e3959d1e27ac46660593643296b/material3-desktop-1.11.0-alpha07.jar:/home/annihilator/.gradle/caches/modules-2/files-2.1/dev.chrisbanes.haze/haze-jvm/1.7.2/a254162ea3c9ba2eea97a76058da89ac31e50233/haze-jvm.jar:/home/annihilator/.gradle/caches/modules-2/files-2.1/org.jetbrains.compose.components/components-resources-desktop/1.11.1/f4eb52d87f31584dacdb816a26376f39a1802e8a/library-desktop-1.11.1.jar:/home/annihilator/.gradle/caches/modules-2/files-2.1/sh.calvin.reorderable/reorderable-jvm/3.0.0/4032f6ad5422fe507c8acb2257a83ebc806f145e/reorderable-jvm-3.0.0.jar:/home/annihilator/.gradle/caches/modules-2/files-2.1/org.jetbrains.compose.desktop/desktop-jvm/1.11.1/1fee826ff9d1fafd500b57a22facfc0236bc14c7/desktop-jvm-1.11.1.jar:/home/annihilator/.gradle/caches/modules-2/files-2.1/org.jetbrains.androidx.navigation3/navigation3-ui-desktop/1.1.1/ff832586ef5d51d08b604d7a524fd7985b95af2b/navigation3-ui-desktop-1.1.1.jar:/home/annihilator/.gradle/caches/modules-2/files-2.1/org.jetbrains.compose.material/material-desktop/1.11.1/2891a6f3a62dc4c367636a521d1b680a7d6ff6d/material-desktop-1.11.1.jar:/home/annihilator/.gradle/caches/modules-2/files-2.1/org.jetbrains.compose.animation/animation-core-desktop/1.11.1/1bf633ecd1a38a1cf7a41630bc56cba0da9cc25b/animation-core-desktop-1.11.1.jar:/home/annihilator/.gradle/caches/modules-2/files-2.1/org.jetbrains.compose.material/material-ripple-desktop/1.11.1/ae97a5eeb23bc3f461bc3e16e2a9882175405d17/material-ripple-desktop-1.11.1.jar:/home/annihilator/.gradle/caches/modules-2/files-2.1/org.jetbrains.compose.animation/animation-desktop/1.11.1/f873fb28f1a08d45a4dd20a0130b3da8cadf383c/animation-desktop-1.11.1.jar:/home/annihilator/.gradle/caches/modules-2/files-2.1/org.jetbrains.compose.foundation/foundation-layout-desktop/1.11.1/853fc5d01388da6515ce40b719798914012f6469/foundation-layout-desktop-1.11.1.jar:/home/annihilator/.gradle/caches/modules-2/files-2.1/io.coil-kt.coil3/coil-compose-jvm/3.5.0-beta01/8499f43e80509e3fe55e4a90ad7ce6e816b190e4/coil-compose-jvm-3.5.0-beta01.jar:/home/annihilator/.gradle/caches/modules-2/files-2.1/io.coil-kt.coil3/coil-compose-core-jvm/3.5.0-beta01/12f6663116f0946fe3e87c15f573eb52ac6dc2bc/coil-compose-core-jvm-3.5.0-beta01.jar:/home/annihilator/.gradle/caches/modules-2/files-2.1/org.jetbrains.compose.foundation/foundation-desktop/1.11.1/6df316e7af2c0c97f200de289925f62ca8fce53d/foundation-desktop-1.11.1.jar:/home/annihilator/.gradle/caches/modules-2/files-2.1/org.jetbrains.compose.material/material-icons-extended-desktop/1.7.3/c7c5465dd754043076875b32bce0dd7f5a354fe8/material-icons-extended-desktop-1.7.3.jar:/home/annihilator/.gradle/caches/modules-2/files-2.1/org.jetbrains.compose.material/material-icons-core-desktop/1.7.3/414b3096050fe647b0638832eace80f22c06b85c/material-icons-core-desktop-1.7.3.jar:/home/annihilator/.gradle/caches/modules-2/files-2.1/org.jetbrains.compose.ui/ui-unit-desktop/1.11.1/f6c06f98da206d01dc40c1587c6bc4c40cbef623/ui-unit-desktop-1.11.1.jar:/home/annihilator/.gradle/caches/modules-2/files-2.1/org.jetbrains.compose.ui/ui-graphics-desktop/1.11.1/6ea106d02adf29694eedf12fdfb621947d3621bf/ui-graphics-desktop-1.11.1.jar:/home/annihilator/.gradle/caches/modules-2/files-2.1/org.jetbrains.compose.ui/ui-geometry-desktop/1.11.1/5e430152487375359973ac9874653d335dcc220/ui-geometry-desktop-1.11.1.jar:/home/annihilator/.gradle/caches/modules-2/files-2.1/org.jetbrains.compose.ui/ui-backhandler-desktop/1.11.1/bd3540bb1d6abd60c5e58f32663b2f3e89406cd1/ui-backhandler-desktop-1.11.1.jar:/home/annihilator/.gradle/caches/modules-2/files-2.1/org.jetbrains.compose.ui/ui-util-desktop/1.11.1/4302c582878b82ab24e1f34e6e90f967f7b416ed/ui-util-desktop-1.11.1.jar:/home/annihilator/.gradle/caches/modules-2/files-2.1/org.jetbrains.compose.ui/ui-text-desktop/1.11.1/6ded685e2601260d6231c859a849b96ee6c60368/ui-text-desktop-1.11.1.jar:/home/annihilator/.gradle/caches/modules-2/files-2.1/org.jetbrains.compose.ui/ui-tooling-preview-desktop/1.11.1/97ec578d33adc34adcaa63e9af7bb2328c6c29b7/ui-tooling-preview-desktop-1.11.1.jar:/home/annihilator/.gradle/caches/modules-2/files-2.1/com.materialkolor.palette/kmpalette-loader-jvm/4.0.0-beta02/346d1cbf659720dfc1952796e619da44789482f/kmpalette-loader-jvm.jar:/home/annihilator/.gradle/caches/modules-2/files-2.1/org.jetbrains.androidx.navigationevent/navigationevent-compose-desktop/1.0.1/ecaf02060a048a1f82584fe328e4e02fe6f982ad/navigationevent-compose-desktop-1.0.1.jar:/home/annihilator/.gradle/caches/modules-2/files-2.1/org.jetbrains.compose.ui/ui-desktop/1.11.1/24c40c0d60c77a6fb34f930f13bfa4a3ff62c0f/ui-desktop-1.11.1.jar:/home/annihilator/.gradle/caches/modules-2/files-2.1/androidx.navigation3/navigation3-runtime-desktop/1.1.1/f97607fbd9cd1c2a196dbdf2440b6ca78010c08a/navigation3-runtime-desktop-1.1.1.jar:/home/annihilator/.gradle/caches/modules-2/files-2.1/androidx.lifecycle/lifecycle-runtime-desktop/2.11.0-beta01/c2b5e2f7d739375538c2a74757531a30607f85ff/lifecycle-runtime-desktop-2.11.0-beta01.jar:/home/annihilator/.gradle/caches/modules-2/files-2.1/androidx.lifecycle/lifecycle-common-jvm/2.11.0-beta01/41ef287eee7e4befb1308c017df4de89a210490d/lifecycle-common-jvm-2.11.0-beta01.jar:/home/annihilator/.gradle/caches/modules-2/files-2.1/androidx.lifecycle/lifecycle-viewmodel-desktop/2.11.0-beta01/614711da4abf1ece2121521477a5920ed26a7f29/lifecycle-viewmodel-desktop-2.11.0-beta01.jar:/home/annihilator/.gradle/caches/modules-2/files-2.1/androidx.lifecycle/lifecycle-runtime-compose-desktop/2.11.0-beta01/392c6d5cb40bb6d59e3d7070607786b7328009d4/lifecycle-runtime-compose-desktop-2.11.0-beta01.jar:/home/annihilator/.gradle/caches/modules-2/files-2.1/androidx.lifecycle/lifecycle-viewmodel-compose-desktop/2.11.0-beta01/f04e89ec2d915b35cdcd4675591ae3997604173c/lifecycle-viewmodel-compose-desktop-2.11.0-beta01.jar:/home/annihilator/.gradle/caches/modules-2/files-2.1/androidx.lifecycle/lifecycle-viewmodel-savedstate-desktop/2.11.0-beta01/23c86e72183d96b3fff60102dca0de1da5fd4424/lifecycle-viewmodel-savedstate-desktop-2.11.0-beta01.jar:/home/annihilator/.gradle/caches/modules-2/files-2.1/org.jetbrains.androidx.savedstate/savedstate-compose-desktop/1.3.6/63692375ffe667f12cb3ea8aa1e605d659ed2add/savedstate-compose-desktop-1.3.6.jar:/home/annihilator/.gradle/caches/modules-2/files-2.1/androidx.savedstate/savedstate-desktop/1.4.0/3b049a0f81643d6b4b900de95bc23efc085c32d5/savedstate-desktop-1.4.0.jar:/home/annihilator/.gradle/caches/modules-2/files-2.1/androidx.savedstate/savedstate-compose-desktop/1.4.0/d3d6e0e2108528eb6080dc250da925a572be4202/savedstate-compose-desktop-1.4.0.jar:/home/annihilator/.gradle/caches/modules-2/files-2.1/androidx.navigationevent/navigationevent-desktop/1.0.2/ddb1e7fe97ed51c3d35bba493f97fcf12398719/navigationevent-desktop-1.0.2.jar:/home/annihilator/.gradle/caches/modules-2/files-2.1/androidx.compose.runtime/runtime-annotation-jvm/1.11.2/db4aa964627ac96331b72e231b9ad54318d112f4/runtime-annotation-jvm-1.11.2.jar:/home/annihilator/.gradle/caches/modules-2/files-2.1/androidx.compose.runtime/runtime-desktop/1.11.2/e93d95553cdd86c1cb8c02f50260cc1c8e341da8/runtime-desktop-1.11.2.jar:/home/annihilator/.gradle/caches/modules-2/files-2.1/androidx.compose.runtime/runtime-retain-desktop/1.11.2/3aa3ec26ef2a3d26bc556b51b33d09efc1a198e8/runtime-retain-desktop-1.11.2.jar:/home/annihilator/.gradle/caches/modules-2/files-2.1/androidx.compose.runtime/runtime-saveable-desktop/1.11.2/1618fae89791692a224fe7aa79edbd7a8f5b7522/runtime-saveable-desktop-1.11.2.jar:/home/annihilator/.gradle/caches/modules-2/files-2.1/org.jetbrains.compose.runtime/runtime-saveable-desktop/1.11.1/b7c8a8ed985a0f15b4d8d206de1fc6125b499388/runtime-saveable-desktop-1.11.1.jar:/home/annihilator/.gradle/caches/modules-2/files-2.1/org.jetbrains.androidx.lifecycle/lifecycle-runtime-compose-desktop/2.11.0-beta01/e93db8959692f5740745b457135c1ab209a67923/lifecycle-runtime-compose-desktop-2.11.0-beta01.jar:/home/annihilator/.gradle/caches/modules-2/files-2.1/org.jetbrains.androidx.lifecycle/lifecycle-viewmodel-compose-desktop/2.11.0-beta01/25df0b7b86731829cb34805ff8ebb167b198b916/lifecycle-viewmodel-compose-desktop-2.11.0-beta01.jar:/home/annihilator/.gradle/caches/modules-2/files-2.1/org.jetbrains.compose.runtime/runtime-desktop/1.11.1/1941336b045aac4b87cc3be81d9fdb9977c88c61/runtime-desktop-1.11.1.jar:/home/annihilator/.gradle/caches/modules-2/files-2.1/io.coil-kt.coil3/coil-network-ktor3-jvm/3.5.0-beta01/59ee23ce9f237edbad112c94a7cc65dc1939999b/coil-network-ktor3-jvm-3.5.0-beta01.jar:/home/annihilator/.gradle/caches/modules-2/files-2.1/io.coil-kt.coil3/coil-network-cache-control-jvm/3.5.0-beta01/92507c9b531bab9e0c7188af0057a8719c8fee05/coil-network-cache-control-jvm-3.5.0-beta01.jar:/home/annihilator/.gradle/caches/modules-2/files-2.1/io.coil-kt.coil3/coil-svg-jvm/3.5.0-beta01/7998e0f304b0c8c535dfda3ef86cf81faa88a813/coil-svg-jvm-3.5.0-beta01.jar:/home/annihilator/.gradle/caches/modules-2/files-2.1/org.jetbrains.kotlinx/atomicfu-jvm/0.32.1/766417c1430c117100e14af193c4fdbe6034b5e6/atomicfu-jvm-0.32.1.jar:/home/annihilator/.gradle/caches/modules-2/files-2.1/io.github.jan-tennert.supabase/postgrest-kt-jvm/3.4.1/5ce69132306e6aa1fcd959ebdeb502e821e3a47c/postgrest-kt-jvm-3.4.1.jar:/home/annihilator/.gradle/caches/modules-2/files-2.1/io.github.jan-tennert.supabase/functions-kt-jvm/3.4.1/2a6c5a1e77bb1d4895812d7292d8075e34b2fb55/functions-kt-jvm-3.4.1.jar:/home/annihilator/.gradle/caches/modules-2/files-2.1/io.github.jan-tennert.supabase/storage-kt-jvm/3.4.1/4f3eb000d3862395bdd976ab8679841be3029d43/storage-kt-jvm-3.4.1.jar:/home/annihilator/.gradle/caches/modules-2/files-2.1/io.github.jan-tennert.supabase/auth-kt-jvm/3.4.1/91413cc37352dda1f34a180c14f58601b6aa2ea0/auth-kt-jvm-3.4.1.jar:/home/annihilator/.gradle/caches/modules-2/files-2.1/io.ktor/ktor-client-cio-jvm/3.4.1/114327011eeecd416940e2d1be8c9bd5098907de/ktor-client-cio-jvm-3.4.1.jar:/home/annihilator/.gradle/caches/modules-2/files-2.1/io.github.dokar3/quickjs-kt-jvm/1.0.5/c76155aa176760f2ab1966aa61ebd1cc1334dee6/quickjs-jvm.jar:/home/annihilator/.gradle/caches/modules-2/files-2.1/com.fleeksoft.ksoup/ksoup-jvm/0.2.6/61a4f799ea43b8eb31856729500be73975e41a42/ksoup-jvm-0.2.6.jar:/home/annihilator/.gradle/caches/modules-2/files-2.1/org.jetbrains.skiko/skiko-awt-runtime-linux-x64/0.144.6/291f8626a2fecd06e9f585424360560189ab7303/skiko-awt-runtime-linux-x64-0.144.6.jar:/home/annihilator/.gradle/caches/modules-2/files-2.1/org.jetbrains.skiko/skiko-awt/0.144.6/c9bec39e3c517ed5591c71c7db0cbbe64b6be849/skiko-awt-0.144.6.jar:/home/annihilator/.gradle/caches/modules-2/files-2.1/io.github.vinceglb/filekit-core-jvm/0.14.2/2d6248437233553a08f656e1cfdfc3db3df14a13/filekit-core-jvm.jar:/home/annihilator/.gradle/caches/modules-2/files-2.1/io.ktor/ktor-server-cio-jvm/3.4.0/16a50d239963841ae64e8e207f93ae7a5fdd7062/ktor-server-cio-jvm-3.4.0.jar:/home/annihilator/.gradle/caches/modules-2/files-2.1/io.ktor/ktor-server-core-jvm/3.4.0/97aba0f5e3cd539679907382a3f5783b9a563165/ktor-server-core-jvm-3.4.0.jar:/home/annihilator/.gradle/caches/modules-2/files-2.1/org.jetbrains.kotlin/kotlin-reflect/2.3.10/98e0fa43a9204a252fa8806c9b2f3f3131590bcb/kotlin-reflect-2.3.10.jar:/home/annihilator/.gradle/caches/modules-2/files-2.1/com.squareup.okhttp3/okhttp/4.12.0/2f4525d4a200e97e1b87449c2cd9bd2e25b7e8cd/okhttp-4.12.0.jar:/home/annihilator/.gradle/caches/modules-2/files-2.1/org.jetbrains.kotlin/kotlin-stdlib-jdk8/1.9.0/e000bd084353d84c9e888f6fb341dc1f5b79d948/kotlin-stdlib-jdk8-1.9.0.jar:/home/annihilator/.gradle/caches/modules-2/files-2.1/io.github.jan-tennert.supabase/supabase-kt-jvm/3.4.1/4c8df2570087c4424f8c2f3c93d77b2ec4198fd5/supabase-kt-jvm-3.4.1.jar:/home/annihilator/.gradle/caches/modules-2/files-2.1/org.jetbrains.kotlinx/kotlinx-datetime-jvm/0.8.0/316346a7d44778581ff91154f72dfa576bce4ee2/kotlinx-datetime-jvm-0.8.0.jar:/home/annihilator/.gradle/caches/modules-2/files-2.1/androidx.graphics/graphics-shapes-desktop/1.1.0/a5d2198960bdc0915f74c6b2954d3323f35f40ea/graphics-shapes-desktop-1.1.0.jar:/home/annihilator/.gradle/caches/modules-2/files-2.1/androidx.collection/collection-jvm/1.5.0/7ba2c69414d46ebc2dd76598bdd0a75c54281a57/collection-jvm-1.5.0.jar:/home/annihilator/.gradle/caches/modules-2/files-2.1/io.coil-kt.coil3/coil-jvm/3.5.0-beta01/b0061205e37fc17ba27f52ba1ee42f2be1de31d3/coil-jvm-3.5.0-beta01.jar:/home/annihilator/.gradle/caches/modules-2/files-2.1/io.coil-kt.coil3/coil-network-core-jvm/3.5.0-beta01/27fa35b4c8e4fbcc99126099eba9600a1e8e5a56/coil-network-core-jvm-3.5.0-beta01.jar:/home/annihilator/.gradle/caches/modules-2/files-2.1/io.coil-kt.coil3/coil-core-jvm/3.5.0-beta01/a1cca49cdadfc07533b35de91d266adda8af9df8/coil-core-jvm-3.5.0-beta01.jar:/home/annihilator/.gradle/caches/modules-2/files-2.1/com.materialkolor.palette/androidx-palette-jvm/4.0.0-beta02/8635f5e4c28acd813bc78a044d6f1492de7c575/androidx-palette-jvm.jar:/home/annihilator/.gradle/caches/modules-2/files-2.1/dev.drewhamilton.poko/poko-annotations-jvm/0.21.3/1e98d2ec00742104bd01eaebbd59582dac99a62/poko-annotations-jvm-0.21.3.jar:/home/annihilator/.gradle/caches/modules-2/files-2.1/com.russhwolf/multiplatform-settings-no-arg-jvm/1.3.0/b9d2280a0d56597619afb286d7c5f697f2e83f03/multiplatform-settings-no-arg-jvm-1.3.0.jar:/home/annihilator/.gradle/caches/modules-2/files-2.1/com.russhwolf/multiplatform-settings-coroutines-jvm/1.3.0/c64a7df35357b1e8fa74b830d006d2ea23fcb395/multiplatform-settings-coroutines-jvm-1.3.0.jar:/home/annihilator/.gradle/caches/modules-2/files-2.1/dev.whyoleg.cryptography/cryptography-provider-jdk-jvm/0.5.0/3a2721ac930c182a0e424f2d558cfa9d52cc1b3/cryptography-provider-jdk-jvm-0.5.0.jar:/home/annihilator/.gradle/caches/modules-2/files-2.1/dev.whyoleg.cryptography/cryptography-provider-base-jvm/0.5.0/e03b79926494512ac452ca00cfa5e27135262d32/cryptography-provider-base-jvm-0.5.0.jar:/home/annihilator/.gradle/caches/modules-2/files-2.1/dev.whyoleg.cryptography/cryptography-serialization-asn1-modules-jvm/0.5.0/9308027088c76026a5b96f5b5b400859310ca1af/cryptography-serialization-asn1-modules-jvm-0.5.0.jar:/home/annihilator/.gradle/caches/modules-2/files-2.1/dev.whyoleg.cryptography/cryptography-serialization-asn1-jvm/0.5.0/242a38b98c1dd201f499485925f22c972858c153/cryptography-serialization-asn1-jvm-0.5.0.jar:/home/annihilator/.gradle/caches/modules-2/files-2.1/dev.whyoleg.cryptography/cryptography-bigint-jvm/0.5.0/97ac3202bf7f3792b3c8bc788a7bbb1b33ca2485/cryptography-bigint-jvm-0.5.0.jar:/home/annihilator/.gradle/caches/modules-2/files-2.1/dev.whyoleg.cryptography/cryptography-random-jvm/0.5.0/8e77668891b60f6058f1262e032d8b06d137bdde/cryptography-random-jvm-0.5.0.jar:/home/annihilator/.gradle/caches/modules-2/files-2.1/dev.whyoleg.cryptography/cryptography-serialization-pem-jvm/0.5.0/7b5cb41c77698e6fb3fab21e67bf7b9e988e11a2/cryptography-serialization-pem-jvm-0.5.0.jar:/home/annihilator/.gradle/caches/modules-2/files-2.1/dev.whyoleg.cryptography/cryptography-provider-optimal-jvm/0.5.0/f0ff9daaf78932f6348ee90d014ca4c78337971b/cryptography-provider-optimal-jvm-0.5.0.jar:/home/annihilator/.gradle/caches/modules-2/files-2.1/dev.whyoleg.cryptography/cryptography-core-jvm/0.5.0/d0fc25786ede38c33893236eacc3d6ab11d2ad10/cryptography-core-jvm-0.5.0.jar:/home/annihilator/.gradle/caches/modules-2/files-2.1/io.ktor/ktor-client-content-negotiation-jvm/3.4.0/266c1aef9d340c22cd859dd5c9174c2e1d86489f/ktor-client-content-negotiation-jvm-3.4.0.jar:/home/annihilator/.gradle/caches/modules-2/files-2.1/io.ktor/ktor-client-core-jvm/3.4.1/84dc032a29f56bdac73449f78a0a2e7f9cab042/ktor-client-core-jvm-3.4.1.jar:/home/annihilator/.gradle/caches/modules-2/files-2.1/io.ktor/ktor-http-cio-jvm/3.4.1/3bd25f53a79a1f68eaec86ae9da4878314cc80af/ktor-http-cio-jvm-3.4.1.jar:/home/annihilator/.gradle/caches/modules-2/files-2.1/io.ktor/ktor-websocket-serialization-jvm/3.4.1/3a687a268f242dab9b624b78d3daeb646aeed5cb/ktor-websocket-serialization-jvm-3.4.1.jar:/home/annihilator/.gradle/caches/modules-2/files-2.1/io.ktor/ktor-serialization-kotlinx-json-jvm/3.4.0/2a09f17d70b6e61623fd8aff9bdce6d7877892/ktor-serialization-kotlinx-json-jvm-3.4.0.jar:/home/annihilator/.gradle/caches/modules-2/files-2.1/io.ktor/ktor-serialization-kotlinx-jvm/3.4.0/d001db47b2ebe8ad8b2cb1bb2a687688840f5887/ktor-serialization-kotlinx-jvm-3.4.0.jar:/home/annihilator/.gradle/caches/modules-2/files-2.1/io.ktor/ktor-serialization-jvm/3.4.1/6fec7fdb4da27d09ff33a34e6e990b215f7c19c4/ktor-serialization-jvm-3.4.1.jar:/home/annihilator/.gradle/caches/modules-2/files-2.1/io.ktor/ktor-websockets-jvm/3.4.1/83226f3612bffab4d0af0d26f9e4d6b7d2e02a58/ktor-websockets-jvm-3.4.1.jar:/home/annihilator/.gradle/caches/modules-2/files-2.1/io.ktor/ktor-network-tls-jvm/3.4.1/8d17de5904253b073b44499a3e67ba99ca2ca8f6/ktor-network-tls-jvm-3.4.1.jar:/home/annihilator/.gradle/caches/modules-2/files-2.1/com.fleeksoft.charset/charset-jvm/0.0.8/b6fcd5cc804844347929a83c56f1fdd854c9ce66/charset-jvm-0.0.8.jar:/home/annihilator/.gradle/caches/modules-2/files-2.1/com.fleeksoft.io/io-core-jvm/0.0.8/78517ce1ff4c2ccbb8b91b9f1549c6e7a0ae1044/io-core-jvm-0.0.8.jar:/home/annihilator/.gradle/caches/modules-2/files-2.1/co.touchlab/stately-concurrency-jvm/2.1.0/6285428408c4d7e4a6d9a09511de877103effd81/stately-concurrency-jvm-2.1.0.jar:/home/annihilator/.gradle/caches/modules-2/files-2.1/org.jetbrains.kotlin/kotlin-stdlib-jdk7/1.9.0/f320478990d05e0cfaadd74f9619fd6027adbf37/kotlin-stdlib-jdk7-1.9.0.jar:/home/annihilator/.gradle/caches/modules-2/files-2.1/org.jetbrains.kotlinx/kotlinx-coroutines-slf4j/1.11.0/556153d93573d016dd4e5df37e3d03d07d8d303/kotlinx-coroutines-slf4j-1.11.0.jar:/home/annihilator/.gradle/caches/modules-2/files-2.1/org.jetbrains.kotlinx/kotlinx-coroutines-swing/1.11.0/3cf134b8aefd813622edc37e60d66b939b55cb36/kotlinx-coroutines-swing-1.11.0.jar:/home/annihilator/.gradle/caches/modules-2/files-2.1/io.ktor/ktor-http-jvm/3.4.1/6605b91c8f06bb6f67e2ec13b8ccea7926f4a526/ktor-http-jvm-3.4.1.jar:/home/annihilator/.gradle/caches/modules-2/files-2.1/io.ktor/ktor-events-jvm/3.4.1/c7aa6bd43fcaf3da2f57a5417b1df66814ec2577/ktor-events-jvm-3.4.1.jar:/home/annihilator/.gradle/caches/modules-2/files-2.1/io.ktor/ktor-sse-jvm/3.4.1/f95e6419c5bb24bed7c718dbff8b292a90db881e/ktor-sse-jvm-3.4.1.jar:/home/annihilator/.gradle/caches/modules-2/files-2.1/io.ktor/ktor-network-jvm/3.4.1/a3b710fabdc38031ff0fb96eaee2a6ddf5ada9c6/ktor-network-jvm-3.4.1.jar:/home/annihilator/.gradle/caches/modules-2/files-2.1/io.ktor/ktor-utils-jvm/3.4.1/f1ad623952ea49c631db750560228e3984790e48/ktor-utils-jvm-3.4.1.jar:/home/annihilator/.gradle/caches/modules-2/files-2.1/io.ktor/ktor-io-jvm/3.4.1/fccd4e08dde189d82ae9a3f5fdbbf152ccd3a9c8/ktor-io-jvm-3.4.1.jar:/home/annihilator/.gradle/caches/modules-2/files-2.1/org.jetbrains.kotlinx/kotlinx-coroutines-core-jvm/1.11.0/3d57dc678bd8d72a60e7adf0eca5c54e3f4f4b79/kotlinx-coroutines-core-jvm-1.11.0.jar:/home/annihilator/.gradle/caches/modules-2/files-2.1/org.jetbrains.kotlinx/kotlinx-serialization-json-io-jvm/1.11.0/645ed54ca9128fc217b30b3686a083141ebe635c/kotlinx-serialization-json-io-jvm-1.11.0.jar:/home/annihilator/.gradle/caches/modules-2/files-2.1/org.jetbrains.kotlinx/kotlinx-serialization-json-jvm/1.11.0/e7e045e99e56f07599bb9ccb708c2190e2af0606/kotlinx-serialization-json-jvm-1.11.0.jar:/home/annihilator/.gradle/caches/modules-2/files-2.1/org.jetbrains.kotlinx/kotlinx-serialization-core-jvm/1.11.0/c1905c9bf7452b045d5af9248835abe64ddad6bf/kotlinx-serialization-core-jvm-1.11.0.jar:/home/annihilator/.gradle/caches/modules-2/files-2.1/androidx.arch.core/core-common/2.2.0/5e1b8b81dfd5f52c56a8d53b18ca759c19a301f3/core-common-2.2.0.jar:/home/annihilator/.gradle/caches/modules-2/files-2.1/androidx.annotation/annotation-jvm/1.10.0/388cfaa79001d0f024d28f6a13d5a3dfc2f0e18f/annotation-jvm-1.10.0.jar:/home/annihilator/.gradle/caches/modules-2/files-2.1/org.jetbrains.kotlinx/kotlinx-io-core-jvm/0.9.0/7f7536f8f057ffc7f79375714e9730c4b8bdd7c9/kotlinx-io-core-jvm-0.9.0.jar:/home/annihilator/.gradle/caches/modules-2/files-2.1/com.squareup.okio/okio-jvm/3.17.0/a12d684ec0df9541b3869ae60a4a5257fd3613df/okio-jvm-3.17.0.jar:/home/annihilator/.gradle/caches/modules-2/files-2.1/co.touchlab/kermit-jvm/2.0.8/83ee3b1da12d91011c3e93558f97bc28665810de/kermit-jvm-2.0.8.jar:/home/annihilator/.gradle/caches/modules-2/files-2.1/org.jetbrains.kotlinx/kotlinx-collections-immutable-jvm/0.4.0/82499bf608b0fc3ae6737a5eac1a1f1325279bbf/kotlinx-collections-immutable-jvm-0.4.0.jar:/home/annihilator/.gradle/caches/modules-2/files-2.1/com.russhwolf/multiplatform-settings-jvm/1.3.0/76fe39b1cbb2b2b951ec230ab85e610ae179aab7/multiplatform-settings-jvm-1.3.0.jar:/home/annihilator/.gradle/caches/modules-2/files-2.1/co.touchlab/stately-strict-jvm/2.1.0/3ae8369209065455f4630793bf6aca0fb88c8b6b/stately-strict-jvm-2.1.0.jar:/home/annihilator/.gradle/caches/modules-2/files-2.1/org.jetbrains.kotlinx/kotlinx-io-bytestring-jvm/0.9.0/e73a7915234a8ea7954f32b715ef8e42b02f66a3/kotlinx-io-bytestring-jvm-0.9.0.jar:/home/annihilator/.gradle/caches/modules-2/files-2.1/co.touchlab/kermit-core-jvm/2.0.8/7d782124fef2b0c4dccf07208e1cf3aa13b57058/kermit-core-jvm-2.0.8.jar:/home/annihilator/.gradle/caches/modules-2/files-2.1/org.jetbrains.kotlin/kotlin-stdlib/2.4.0/4e9f4b531dce5c7dee58ed2de9a8b9a763c8dc6c/kotlin-stdlib-2.4.0.jar:/home/annihilator/.gradle/caches/modules-2/files-2.1/org.lwjgl/lwjgl-glfw/3.3.6/7119f7d0eeb1e5502ff0ca71d2b4d47317da015/lwjgl-glfw-3.3.6.jar:/home/annihilator/.gradle/caches/modules-2/files-2.1/org.lwjgl/lwjgl-glfw/3.3.6/797e0965709ad180d9b00c88a086dbda15002203/lwjgl-glfw-3.3.6-natives-linux.jar:/home/annihilator/.gradle/caches/modules-2/files-2.1/org.lwjgl/lwjgl-opengl/3.3.6/ac2532612a4df374e9a9282bcf8ce2573018ebbb/lwjgl-opengl-3.3.6.jar:/home/annihilator/.gradle/caches/modules-2/files-2.1/org.lwjgl/lwjgl-opengl/3.3.6/b8dc6467fe232d552793c53dc56f9fa8a385299c/lwjgl-opengl-3.3.6-natives-linux.jar:/home/annihilator/.gradle/caches/modules-2/files-2.1/org.lwjgl/lwjgl-vulkan/3.3.6/a403e0931b03b138854bb2ba9c48dab646cba6d8/lwjgl-vulkan-3.3.6.jar:/home/annihilator/.gradle/caches/modules-2/files-2.1/org.lwjgl/lwjgl/3.3.6/ce7721d30cfaf47feaed10213e0c43eb55c49d68/lwjgl-3.3.6.jar:/home/annihilator/.gradle/caches/modules-2/files-2.1/org.lwjgl/lwjgl/3.3.6/dc7db8fc4f1e6563867f9155b9a42d9c73d8992f/lwjgl-3.3.6-natives-linux.jar:/home/annihilator/.gradle/caches/modules-2/files-2.1/org.jetbrains/annotations/23.0.0/8cc20c07506ec18e0834947b84a864bfc094484e/annotations-23.0.0.jar:/home/annihilator/.gradle/caches/modules-2/files-2.1/io.sentry/sentry/8.52.0/b26a1b9181c78835078956c352f20cecd459e7a6/sentry-8.52.0.jar:/home/annihilator/.gradle/caches/modules-2/files-2.1/org.jetbrains.runtime/jbr-api/1.9.0/2bc161f5472b5fd5610740e4d6ebe896c811cb0e/jbr-api-1.9.0.jar:/home/annihilator/.gradle/caches/modules-2/files-2.1/org.slf4j/slf4j-api/2.0.17/d9e58ac9c7779ba3bf8142aff6c830617a7fe60f/slf4j-api-2.0.17.jar:/home/annihilator/.gradle/caches/modules-2/files-2.1/net.java.dev.jna/jna-platform/5.19.1/d1e54d9231da5ca3fa730d52960deaa555475468/jna-platform-5.19.1.jar:/home/annihilator/.gradle/caches/modules-2/files-2.1/com.typesafe/config/1.4.5/cc25b497ded7068a861517a815546fb472f9e58/config-1.4.5.jar:/home/annihilator/.gradle/caches/modules-2/files-2.1/org.fusesource.jansi/jansi/2.4.2/ba7387c31622c6650b83edba1bbb115f1fe462ba/jansi-2.4.2.jar:/home/annihilator/.gradle/caches/modules-2/files-2.1/net.java.dev.jna/jna/5.19.1/ca303052cd617c1af2e2c8d344c98a706fb63143/jna-5.19.1.jar:/home/annihilator/.gradle/caches/modules-2/files-2.1/org.jspecify/jspecify/1.0.0/7425a601c1c7ec76645a78d22b8c6a627edee507/jspecify-1.0.0.jar
Launcher Type: SUN_STANDARD

[Global flags]
     bool AOTAdapterCaching                        = false                                  {diagnostic} {ergonomic}
     bool AOTInvokeDynamicLinking                  = false                                  {diagnostic} {ergonomic}
     bool AOTRecordTraining                        = false                                  {diagnostic} {ergonomic}
     bool AOTReplayTraining                        = false                                  {diagnostic} {ergonomic}
     bool AOTStubCaching                           = false                                  {diagnostic} {ergonomic}
     intx CICompilerCount                          = 12                                        {product} {ergonomic}
     uint ConcGCThreads                            = 3                                         {product} {ergonomic}
     uint G1ConcRefinementThreads                  = 13                                        {product} {ergonomic}
     uint G1EagerReclaimRemSetThreshold            = 16                                   {experimental} {ergonomic}
   size_t G1HeapRegionSize                         = 2097152                                   {product} {ergonomic}
     uint G1RemSetArrayOfCardsEntries              = 16                                   {experimental} {ergonomic}
     uint G1RemSetHowlMaxNumBuckets                = 8                                    {experimental} {ergonomic}
     uint G1RemSetHowlNumBuckets                   = 8                                    {experimental} {ergonomic}
   size_t InitialHeapSize                          = 8388608                                   {product} {ergonomic}
     bool IntelJccErratumMitigation                = false                             {ARCH diagnostic} {ergonomic}
   size_t MarkStackSize                            = 4194304                                   {product} {ergonomic}
   size_t MarkStackSizeMax                         = 536870912                                 {product} {ergonomic}
   size_t MaxHeapSize                              = 4032823296                                {product} {ergonomic}
   size_t MaxNewSize                               = 2418016256                                {product} {ergonomic}
 uint64_t MaxRAM                                   = 16128925696                               {product} {ergonomic}
   size_t MinHeapDeltaBytes                        = 2097152                                   {product} {ergonomic}
   size_t MinHeapSize                              = 8388608                                   {product} {ergonomic}
   size_t NonNMethodCodeHeapSize                   = 7606272                                {pd product} {ergonomic}
   size_t NonProfiledCodeHeapSize                  = 122028032                              {pd product} {ergonomic}
   size_t ProfiledCodeHeapSize                     = 122028032                              {pd product} {ergonomic}
   size_t ReservedCodeCacheSize                    = 251662336                              {pd product} {ergonomic}
     bool SegmentedCodeCache                       = true                                      {product} {ergonomic}
   size_t SoftMaxHeapSize                          = 4032823296                             {manageable} {ergonomic}
     bool UseCompressedOops                        = true                           {product lp64_product} {ergonomic}
     bool UseCondCardMark                          = true                                      {product} {ergonomic}
     bool UseFastUnorderedTimeStamps               = true                                 {experimental} {ergonomic}
     bool UseG1GC                                  = true                                      {product} {ergonomic}
      int X86ICacheSync                            = 3                                 {ARCH diagnostic} {ergonomic}

Logging:
Log output configuration:
 #0: 
[error occurred during error reporting (printing log configuration), id 0xb, SIGSEGV (0xb) at pc=0x00007f91e559b718]
Release file:
IMPLEMENTOR="Arch Linux"
JAVA_RUNTIME_VERSION="26.0.2.1"
JAVA_VERSION="26.0.2.1"
JAVA_VERSION_DATE="2026-08-18"
LIBC="gnu"
MODULES="java.base java.compiler java.datatransfer java.xml java.prefs java.desktop java.instrument java.logging java.management java.security.sasl java.naming java.rmi java.management.rmi java.net.http java.scripting java.security.jgss java.transaction.xa java.sql java.sql.rowset java.xml.crypto java.se java.smartcardio jdk.accessibility jdk.internal.jvmstat jdk.attach jdk.charsets jdk.internal.opt jdk.zipfs jdk.compiler jdk.crypto.cryptoki jdk.crypto.ec jdk.dynalink jdk.internal.ed jdk.editpad jdk.internal.vm.ci jdk.graal.compiler jdk.graal.compiler.management jdk.hotspot.agent jdk.httpserver jdk.incubator.vector jdk.internal.le jdk.internal.md jdk.jartool jdk.javadoc jdk.jcmd jdk.management jdk.management.agent jdk.jconsole jdk.jdeps jdk.jdwp.agent jdk.jdi jdk.jfr jdk.jlink jdk.jpackage jdk.jshell jdk.jstatd jdk.localedata jdk.management.jfr jdk.naming.dns jdk.naming.rmi jdk.net jdk.nio.mapmode jdk.sctp jdk.security.auth jdk.security.jgss jdk.unsupported jdk.unsupported.desktop jdk.xml.dom"
OS_ARCH="x86_64"
OS_NAME="Linux"
SOURCE=""

Environment Variables:
PATH=/home/annihilator/.local/bin:/home/annihilator/bin:/home/annihilator/.cargo/bin:/home/annihilator/.npm-global/bin:/home/annihilator/.local/share/solana/install/active_release/bin:/usr/local/sbin:/usr/local/bin:/usr/bin:/opt/cuda/bin:/var/lib/flatpak/exports/bin:/usr/lib/jvm/default/bin:/usr/bin/site_perl:/usr/bin/vendor_perl:/usr/bin/core_perl:/opt/rocm/bin:/home/annihilator/.config/Claude/local-agent-mode-sessions/f30d0a67-fea7-4d47-acce-d7da1f075d93/3f6e0ddc-f963-4a28-bb3d-52c35a96b68e/rpm/plugin_0155zZVATbJU3jHUmPP9NvMC/bin:/home/annihilator/.config/Claude/local-agent-mode-sessions/skills-plugin/3f6e0ddc-f963-4a28-bb3d-52c35a96b68e/f30d0a67-fea7-4d47-acce-d7da1f075d93/bin
LD_PRELOAD=/tmp/libglxshim.so
SHELL=/bin/zsh
DISPLAY=:0
WAYLAND_DISPLAY=wayland-1
LANG=en_GB.UTF-8

Active Locale:
LC_ALL=LC_CTYPE=en_GB.UTF-8;LC_NUMERIC=C;LC_TIME=en_GB.UTF-8;LC_COLLATE=en_GB.UTF-8;LC_MONETARY=en_GB.UTF-8;LC_MESSAGES=en_GB.UTF-8;LC_PAPER=en_GB.UTF-8;LC_NAME=en_GB.UTF-8;LC_ADDRESS=en_GB.UTF-8;LC_TELEPHONE=en_GB.UTF-8;LC_MEASUREMENT=en_GB.UTF-8;LC_IDENTIFICATION=en_GB.UTF-8
LC_COLLATE=en_GB.UTF-8
LC_CTYPE=en_GB.UTF-8
LC_MESSAGES=en_GB.UTF-8
LC_MONETARY=en_GB.UTF-8
LC_NUMERIC=C
LC_TIME=en_GB.UTF-8

Signal Handlers:
   SIGSEGV: 0x00007f91e5a80b00 in libjvm.so+15207168, mask=11100100010111111101111111111110, flags=SA_RESTART|SA_SIGINFO, unblocked
    SIGBUS: 0x00007f91e5a80b00 in libjvm.so+15207168, mask=11100100010111111101111111111110, flags=SA_RESTART|SA_SIGINFO, unblocked
    SIGFPE: 0x00007f91e5a80b00 in libjvm.so+15207168, mask=11100100010111111101111111111110, flags=SA_RESTART|SA_SIGINFO, unblocked
   SIGPIPE: SIG_IGN, mask=00000000000010000000000000000000, flags=SA_RESTART, blocked
  *** Handler was modified!
  *** Expected: 0x00007f91e58de900 in libjvm.so+13494528, mask=11100100110111111111111111111110, flags=SA_RESTART|SA_SIGINFO
   SIGXFSZ: 0x00007f91e58de900 in libjvm.so+13494528, mask=11100100010111111101111111111110, flags=SA_RESTART|SA_SIGINFO, blocked
    SIGILL: 0x00007f91e5a80b00 in libjvm.so+15207168, mask=11100100010111111101111111111110, flags=SA_RESTART|SA_SIGINFO, unblocked
   SIGUSR2: 0x00007f91e58e15b0 in libjvm.so+13505968, mask=00000000000000000000000000000000, flags=SA_RESTART|SA_SIGINFO, blocked
    SIGHUP: 0x00007f91e58dc810 in libjvm.so+13486096, mask=11100100010111111101111111111110, flags=SA_RESTART|SA_SIGINFO, blocked
    SIGINT: 0x00007f91e58dc810 in libjvm.so+13486096, mask=11100100010111111101111111111110, flags=SA_RESTART|SA_SIGINFO, blocked
   SIGTERM: 0x00007f91e58dc810 in libjvm.so+13486096, mask=11100100010111111101111111111110, flags=SA_RESTART|SA_SIGINFO, blocked
   SIGQUIT: 0x00007f91e58dc810 in libjvm.so+13486096, mask=11100100010111111101111111111110, flags=SA_RESTART|SA_SIGINFO, blocked
   SIGTRAP: 0x00007f91e5a80b00 in libjvm.so+15207168, mask=11100100010111111101111111111110, flags=SA_RESTART|SA_SIGINFO, unblocked


Compilation memory statistics disabled.

Periodic native trim disabled

---------------  S Y S T E M  ---------------

OS:
DISTRIB_ID="Arch"
DISTRIB_RELEASE="rolling"
DISTRIB_DESCRIPTION="Arch Linux"
uname: Linux 7.1.9-arch1-2 #1 SMP PREEMPT_DYNAMIC Fri, 21 Aug 2026 22:18:59 +0000 x86_64
OS uptime: 1 days 12:35 hours
libc: glibc 2.44 NPTL 2.44 
rlimit (soft/hard): STACK 8192k/infinity , CORE infinity/infinity , NPROC 60477/60477 , NOFILE 524288/524288 , AS infinity/infinity , CPU infinity/infinity , DATA infinity/infinity , FSIZE infinity/infinity , MEMLOCK 8192k/8192k
load average: 3.29 1.87 1.39

/proc/meminfo:
MemTotal:       15750904 kB
MemFree:         3457512 kB
MemAvailable:    6464448 kB
Buffers:           70308 kB
Cached:          3314676 kB
SwapCached:       237484 kB
Active:          5559244 kB
Inactive:        3227876 kB
Active(anon):    4417124 kB
Inactive(anon):  1197228 kB
Active(file):    1142120 kB
Inactive(file):  2030648 kB
Unevictable:      516220 kB
Mlocked:            2532 kB
SwapTotal:      24652280 kB
SwapFree:       19436892 kB
Zswap:                 0 kB
Zswapped:              0 kB
Dirty:               684 kB
Writeback:             0 kB
AnonPages:       5869956 kB
Mapped:           995924 kB
Shmem:            286112 kB
KReclaimable:     164156 kB
Slab:             438912 kB
SReclaimable:     164156 kB
SUnreclaim:       274756 kB
KernelStack:       33108 kB
PageTables:        88256 kB
SecPageTables:      2264 kB
NFS_Unstable:          0 kB
Bounce:                0 kB
WritebackTmp:          0 kB
CommitLimit:    32527732 kB
Committed_AS:   28448160 kB
VmallocTotal:   34359738367 kB
VmallocUsed:      201324 kB
VmallocChunk:          0 kB
Percpu:            11712 kB
HardwareCorrupted:     0 kB
AnonHugePages:   1521664 kB
ShmemHugePages:        0 kB
ShmemPmdMapped:        0 kB
FileHugePages:    579584 kB
FilePmdMapped:    337920 kB
CmaTotal:              0 kB
CmaFree:               0 kB
Unaccepted:            0 kB
Balloon:               0 kB
GPUActive:         73232 kB
GPUReclaim:        48072 kB
HugePages_Total:       0
HugePages_Free:        0
HugePages_Rsvd:        0
HugePages_Surp:        0
Hugepagesize:       2048 kB
Hugetlb:               0 kB
DirectMap4k:    14314200 kB
DirectMap2M:     1841152 kB
DirectMap1G:           0 kB

/sys/kernel/mm/transparent_hugepage/enabled: [always] madvise never
/sys/kernel/mm/transparent_hugepage/hpage_pmd_size: 2097152
/sys/kernel/mm/transparent_hugepage/shmem_enabled: always within_size [advise] never deny force
/sys/kernel/mm/transparent_hugepage/defrag (defrag/compaction efforts parameter): always defer defer+madvise [madvise] never

Process Memory:
Virtual Size: 86410020K (peak: 147874696K)
Resident Set Size: 1252728K (peak: 1252728K) (anon: 728420K, file: 513652K, shmem: 10656K)
Swapped out: 0K
C-Heap outstanding allocations: 399532K, retained: 181464K
glibc malloc tunables: (default)

/proc/sys/kernel/threads-max (system-wide limit on the number of threads): 120955
/proc/sys/vm/max_map_count (maximum number of memory map areas a process may have): 1048576
/proc/sys/vm/swappiness (control to define how aggressively the kernel swaps out anonymous memory): 60
/proc/sys/kernel/pid_max (system-wide limit on number of process identifiers): 4194304

container information not found.
Steal ticks since vm start: 0
Steal ticks percentage since vm start:  0.000

CPU: total 16 (initial active 16) (8 cores per cpu, 2 threads per core) family 25 model 80 stepping 0 microcode 0xa500012, cx8, cmov, fxsr, ht, mmx, 3dnowpref, sse, sse2, sse3, ssse3, sse4a, sse4.1, sse4.2, popcnt, lzcnt, tsc, tscinvbit, avx, avx2, aes, erms, clmul, bmi1, bmi2, adx, sha, fma, vzeroupper, clflush, clflushopt, clwb, rdtscp, rdpid, fsrm, f16c, pku, ospke, cet_ss
CPU Model and flags from /proc/cpuinfo:
model name	: AMD Ryzen 7 5800HS with Radeon Graphics
flags		: fpu vme de pse tsc msr pae mce cx8 apic sep mtrr pge mca cmov pat pse36 clflush mmx fxsr sse sse2 ht syscall nx mmxext fxsr_opt pdpe1gb rdtscp lm constant_tsc rep_good nopl xtopology nonstop_tsc cpuid extd_apicid aperfmperf rapl pni pclmulqdq monitor ssse3 fma cx16 sse4_1 sse4_2 movbe popcnt aes xsave avx f16c rdrand lahf_lm cmp_legacy svm extapic cr8_legacy abm sse4a misalignsse 3dnowprefetch osvw ibs skinit wdt tce topoext perfctr_core perfctr_nb bpext perfctr_llc mwaitx cpb cat_l3 cdp_l3 hw_pstate ssbd mba ibrs ibpb stibp vmmcall fsgsbase bmi1 avx2 smep bmi2 erms invpcid cqm rdt_a rdseed adx smap clflushopt clwb sha_ni xsaveopt xsavec xgetbv1 xsaves cqm_llc cqm_occup_llc cqm_mbm_total cqm_mbm_local user_shstk clzero irperf xsaveerptr rdpru wbnoinvd cppc arat npt lbrv svm_lock nrip_save tsc_scale vmcb_clean flushbyasid decodeassists pausefilter pfthreshold avic v_vmsave_vmload vgif v_spec_ctrl umip pku ospke vaes vpclmulqdq rdpid overflow_recov succor smca fsrm debug_swap

Online cpus: 0-15
Offline cpus: 
BIOS frequency limitation: <Not Available>
Frequency switch latency (ns): 0
Available cpu frequencies: <Not Available>
Current governor: powersave
Core performance/turbo boost: 1

Memory: 4k page, physical 15750904k(6465096k free), swap 24652280k(19436892k free)
Page Sizes: 4k

vm_info: OpenJDK 64-Bit Server VM (26.0.2.1) for linux-amd64 JRE (26.0.2.1), built on 2026-08-19T07:23:47Z with gcc 16.2.1 20260810

END.
