#
# A fatal error has been detected by the Java Runtime Environment:
#
#  SIGSEGV (0xb) at pc=0x00007f02b12523d1, pid=2097311, tid=2097324
#
# JRE version: OpenJDK Runtime Environment (26.0.2.1) (build 26.0.2.1)
# Java VM: OpenJDK 64-Bit Server VM (26.0.2.1, mixed mode, sharing, tiered, compressed oops, compressed class ptrs, g1 gc, linux-amd64)
# Problematic frame:
# C  [libnvidia-eglcore.so.610.57.04+0xa523d1]
#
# Core dump will be written. Default location: Determined by the following: "/usr/lib/systemd/systemd-coredump %P %u %g %s %t %c %h %d %F %I" (alternatively, falling back to /home/annihilator/dev/NuvioDesktop/waylandHost/core.2097311)
#
# If you would like to submit a bug report, please visit:
#   https://bugreport.java.com/bugreport/crash.jsp
#

---------------  S U M M A R Y ------------

Command Line: -Dnuvio.wayland.libmpv=/home/annihilator/dev/mpv/build/libmpv.so.2 -Dnuvio.wayland.realApp=true -Dnuvio.wayland.videoLog=true -Dnuvio.wayland.vk=true -Dorg.lwjgl.util.Debug=false --enable-native-access=ALL-UNNAMED -Dfile.encoding=UTF-8 -Duser.country=GB -Duser.language=en -Duser.variant com.nuvio.wayland.MainKt

Host: AMD Ryzen 7 5800HS with Radeon Graphics, 16 cores, 15G, Arch Linux
Time: Mon Aug 24 10:30:40 2026 BST elapsed time: 36.436309 seconds (0d 0h 0m 36s)

---------------  T H R E A D  ---------------

Current thread (0x00007f02f40ff8b0):  VMThread "VM Thread"          [id=2097324, stack(0x00007f02cd4f6000,0x00007f02cd5f6000) (1024K)]

Stack: [0x00007f02cd4f6000,0x00007f02cd5f6000],  sp=0x00007f02cd5f4480,  free space=1017k
Native frames: (J=compiled Java code, j=interpreted, Vv=VM code, C=native code)
C  [libnvidia-eglcore.so.610.57.04+0xa523d1]

siginfo: si_signo: 11 (SIGSEGV), si_code: 1 (SEGV_MAPERR), si_addr: 0x00000000000abdc8

Registers:
RAX=0x0000000000000003, RBX=0x00007f02d5be9fc0, RCX=0x0000000000000005, RDX=0x0000000000000000
RSP=0x00007f02cd5f4480, RBP=0x00007f02b2d58140, RSI=0x00007f02d52673e0, RDI=0x00007f02d56ec130
R8 =0x00007f02d4000078, R9 =0x0000000000000020, R10=0x0000000000000000, R11=0x0000000000000246
R12=0x0000000047000000, R13=0x00007f02d4003c90, R14=0x0000000000000000, R15=0x0000000047000000
RIP=0x00007f02b12523d1, EFLAGS=0x0000000000010206, CSGSFS=0x002b000000000033, ERR=0x0000000000000004
  TRAPNO=0x000000000000000e

XMM[0]=0x0000000000000000 0x0000000000000000
XMM[1]=0x0000000000000000 0x41caed1100000000
XMM[2]=0x0000000000000000 0x43e0000000000000
XMM[3]=0x0000000000000000 0x0000000000000006
XMM[4]=0x0000000000000000 0x0000000000000000
XMM[5]=0x0000000000000000 0x0000000000000000
XMM[6]=0x0000000000000000 0x0000000000000000
XMM[7]=0x0000000000000051 0x0000000000000000
XMM[8]=0x0000000000000000 0xbfb999999999999a
XMM[9]=0x0000000000000000 0x0000000003c00000
XMM[10]=0x0000000000000000 0x0000000003c00000
XMM[11]=0x0000000000000000 0x0000000000000000
XMM[12]=0x0000000000000000 0x0000000000000000
XMM[13]=0x0000000000000000 0x0000000000000000
XMM[14]=0x0000000000000000 0x0000000000000000
XMM[15]=0x0000000000000000 0x0000000000000000
  MXCSR=0x00001fa2


Register to memory mapping:

RAX=0x0000000000000003 is an unknown value
RBX=0x00007f02d5be9fc0 points into unknown readable memory: 0x0000000000000000 | 00 00 00 00 00 00 00 00
RCX=0x0000000000000005 is an unknown value
RDX=0x0 is null
RSP=0x00007f02cd5f4480 points into unknown readable memory: 0x0000000047000000 | 00 00 00 47 00 00 00 00
RBP=0x00007f02b2d58140: <offset 0x0000000002558140> in /usr/lib/libnvidia-eglcore.so.610.57.04 at 0x00007f02b0800000
RSI=0x00007f02d52673e0 points into unknown readable memory: 0x0000000100000001 | 01 00 00 00 01 00 00 00
RDI=0x00007f02d56ec130 points into unknown readable memory: 0x0000000000000000 | 00 00 00 00 00 00 00 00
R8 =0x00007f02d4000078 points into unknown readable memory: 0x00007f02d5278e50 | 50 8e 27 d5 02 7f 00 00
R9 =0x0000000000000020 is an unknown value
R10=0x0 is null
R11=0x0000000000000246 is an unknown value
R12=0x0000000047000000 points into unknown readable memory: 0x00007f02f4bcc450 | 50 c4 bc f4 02 7f 00 00
R13=0x00007f02d4003c90 points into unknown readable memory: 0x0000000000002000 | 00 20 00 00 00 00 00 00
R14=0x0 is null
R15=0x0000000047000000 points into unknown readable memory: 0x00007f02f4bcc450 | 50 c4 bc f4 02 7f 00 00

Top of Stack: (sp=0x00007f02cd5f4480)
0x00007f02cd5f4480:   0000000047000000 000000000000002f   ...G..../.......
0x00007f02cd5f4490:   00007f02d5be9fc0 0000000047000000   ...........G....
0x00007f02cd5f44a0:   00007f02f4bf6450 00007f02b124730d   Pd.......s$.....
0x00007f02cd5f44b0:   0000000047000000 00007f02d5be9fc0   ...G............
0x00007f02cd5f44c0:   00007f02f48554d0 000000000000002f   .T....../.......
0x00007f02cd5f44d0:   00007f02d477b530 000000000000002f   0.w...../.......
0x00007f02cd5f44e0:   00007f02f48554d0 0000000000000000   .T..............
0x00007f02cd5f44f0:   0000000047000000 00007f02b0f302f6   ...G............
0x00007f02cd5f4500:   0000000047008ab0 0000004000000017   ...G........@...
0x00007f02cd5f4510:   0000000000000016 0000000000000003   ................
0x00007f02cd5f4520:   00007f02f48554d0 00007f02b2d554c0   .T.......T......
0x00007f02cd5f4530:   0000000047000000 00007f02b2d58140   ...G....@.......
0x00007f02cd5f4540:   00007f02cd5f46f8 00007f02b0f3160f   .F_.............
0x00007f02cd5f4550:   0000000047000000 0000000000000000   ...G............
0x00007f02cd5f4560:   0000000047000000 0000000047008ab0   ...G.......G....
0x00007f02cd5f4570:   00007f02f49ec5b0 00007f02b0f9b5fa   ................
0x00007f02cd5f4580:   0000000047000000 00007f02b2d554c0   ...G.....T......
0x00007f02cd5f4590:   00007f02d4003c90 00007f02b2d55460   .<......`T......
0x00007f02cd5f45a0:   00007f02b2d55480 00007f02b0eeeccb   .T..............
0x00007f02cd5f45b0:   00007f02b2d58140 00007f02b2d58140   @.......@.......
0x00007f02cd5f45c0:   0000000047000000 00007f02d4003c90   ...G.....<......
0x00007f02cd5f45d0:   00007f02b2d55460 00007f02b11b15d8   `T..............
0x00007f02cd5f45e0:   00007f02b2d58140 00007f02f4abd790   @...............
0x00007f02cd5f45f0:   0000000047000000 00007f02b118d80d   ...G............
0x00007f02cd5f4600:   0000000000000000 00007f02f48aa690   ................
0x00007f02cd5f4610:   00007f02d40035d0 00007f02f48e7410   .5.......t......
0x00007f02cd5f4620:   0000000000000000 00007f02b2f15e5d   ........]^......
0x00007f02cd5f4630:   0000000000000000 00007f02f48aa690   ................
0x00007f02cd5f4640:   00007f02d40035d0 00007f02b2f15ed9   .5.......^......
0x00007f02cd5f4650:   00007f02d4003618 00007f02b2f0e8ce   .6..............
0x00007f02cd5f4660:   0000000000000210 0000000000000000   ................
0x00007f02cd5f4670:   00007f02d4003618 00007f02b2f0e945   .6......E.......

Instructions: (pc=0x00007f02b12523d1)
  0x00007f02b12522d1:   8b bf 50 01 00 00 8b 96 a0 03 00 00 48 8b 07 8b
  0x00007f02b12522e1:   77 08 ff a0 88 02 00 00 0f 1f 80 00 00 00 00 48
  0x00007f02b12522f1:   83 be 28 05 00 00 00 0f 84 22 02 00 00 41 55 41
  0x00007f02b1252301:   54 49 89 fc 55 53 48 89 f3 48 83 ec 08 48 8d 2d
  0x00007f02b1252311:   2b 5e b0 01 0f b6 85 d0 0f 00 00 84 c0 75 0f 8b
  0x00007f02b1252321:   85 c4 0f 00 00 83 c0 01 89 85 c4 0f 00 00 8b 85
  0x00007f02b1252331:   cc 0f 00 00 83 f8 01 0f 87 32 01 00 00 49 8b 04
  0x00007f02b1252341:   24 4d 8b ac 24 08 ac 04 00 48 8b bb 20 05 00 00
  0x00007f02b1252351:   48 8b 90 d0 8d 02 00 4c 89 ee e8 50 91 fe ff 48
  0x00007f02b1252361:   8b bb 20 05 00 00 48 85 ff 74 06 48 8b 07 ff 50
  0x00007f02b1252371:   10 48 8b 83 28 05 00 00 48 c7 83 20 05 00 00 00
  0x00007f02b1252381:   00 00 00 83 a8 90 00 00 00 01 48 8b 83 28 05 00
  0x00007f02b1252391:   00 83 a8 8c 00 00 00 01 48 8b bb 28 05 00 00 8b
  0x00007f02b12523a1:   87 8c 00 00 00 85 c0 0f 84 02 01 00 00 48 8b b3
  0x00007f02b12523b1:   30 05 00 00 48 c7 83 28 05 00 00 00 00 00 00 48
  0x00007f02b12523c1:   85 f6 74 65 4d 85 ed 74 58 49 8b 95 48 10 00 00
=>0x00007f02b12523d1:   8b 82 c8 bd 0a 00 83 c0 01 89 82 c8 bd 0a 00 48
  0x00007f02b12523e1:   8b 93 30 05 00 00 89 42 28 48 8b 93 30 05 00 00
  0x00007f02b12523f1:   48 8b 4a 08 48 85 c9 74 18 8b 42 18 3b 42 20 73
  0x00007f02b1252401:   13 8b 93 d0 01 00 00 89 14 81 48 8b 93 30 05 00
  0x00007f02b1252411:   00 8b 42 18 83 c0 01 89 42 18 48 8b b3 30 05 00
  0x00007f02b1252421:   00 4c 89 e7 e8 46 b5 cd ff 48 c7 83 30 05 00 00
  0x00007f02b1252431:   00 00 00 00 8b 45 00 48 c7 83 38 05 00 00 00 00
  0x00007f02b1252441:   00 00 85 c0 75 79 0f b6 85 d0 0f 00 00 84 c0 75
  0x00007f02b1252451:   0f 8b 85 c4 0f 00 00 83 e8 01 89 85 c4 0f 00 00
  0x00007f02b1252461:   48 83 c4 08 5b 5d 41 5c 41 5d c3 0f 1f 40 00 48
  0x00007f02b1252471:   8d 05 09 30 b0 01 8b 7d 48 48 8d 75 28 ff 50 10
  0x00007f02b1252481:   8b 45 30 31 d2 83 f8 ff 0f 95 c2 01 d0 89 45 30
  0x00007f02b1252491:   48 8d 05 c8 2f b0 01 ff 10 83 45 00 01 89 45 38
  0x00007f02b12524a1:   48 89 55 40 e9 94 fe ff ff 66 0f 1f 44 00 00 e8
  0x00007f02b12524b1:   bb d4 f9 ff e9 f4 fe ff ff 66 0f 1f 44 00 00 83
  0x00007f02b12524c1:   e8 01 89 45 00 48 8d 05 93 2f b0 01 48 8b 58 08


Stack slot to memory mapping:

stack at sp + 0 slots: 0x0000000047000000 points into unknown readable memory: 0x00007f02f4bcc450 | 50 c4 bc f4 02 7f 00 00
stack at sp + 1 slots: 0x000000000000002f is an unknown value
stack at sp + 2 slots: 0x00007f02d5be9fc0 points into unknown readable memory: 0x0000000000000000 | 00 00 00 00 00 00 00 00
stack at sp + 3 slots: 0x0000000047000000 points into unknown readable memory: 0x00007f02f4bcc450 | 50 c4 bc f4 02 7f 00 00
stack at sp + 4 slots: 0x00007f02f4bf6450 points into unknown readable memory: 0x00007f02b2cc7df8 | f8 7d cc b2 02 7f 00 00
stack at sp + 5 slots: 0x00007f02b124730d: <offset 0x0000000000a4730d> in /usr/lib/libnvidia-eglcore.so.610.57.04 at 0x00007f02b0800000
stack at sp + 6 slots: 0x0000000047000000 points into unknown readable memory: 0x00007f02f4bcc450 | 50 c4 bc f4 02 7f 00 00
stack at sp + 7 slots: 0x00007f02d5be9fc0 points into unknown readable memory: 0x0000000000000000 | 00 00 00 00 00 00 00 00

VM_Operation (0x00007f02fb1fe440): Exit, mode: safepoint, requested by thread 0x00007f02f401ffc0


---------------  P R O C E S S  ---------------

Threads class SMR info:
_java_thread_list=0x00007f02c02b37b0, length=69, elements={
0x00007f02f401ffc0, 0x00007f02f41089c0, 0x00007f02f41099c0, 0x00007f02f410ad10,
0x00007f02f410c420, 0x00007f02f410dc70, 0x00007f02f410fed0, 0x00007f02f41118a0,
0x00007f02f4152800, 0x00007f02f4155280, 0x00007f02f467a330, 0x000055b8e6dbf4f0,
0x00007f02f54f8af0, 0x00007f02f54f9bf0, 0x00007f02f54fb3d0, 0x00007f02f54fc530,
0x00007f02b8029b30, 0x00007f02d42c3b90, 0x00007f02d4413ec0, 0x00007f02d4421160,
0x00007f029c001c10, 0x00007f029c00e9b0, 0x00007f02f5d10610, 0x00007f029800c280,
0x00007f029c09a770, 0x00007f02980119e0, 0x00007f02f5e7e750, 0x00007f02c01e0ea0,
0x00007f02c800f170, 0x00007f029c0f2510, 0x00007f029c0f3cf0, 0x00007f02a8183630,
0x00007f02a4018400, 0x00007f029c0fb660, 0x00007f029c102660, 0x00007f02906df7b0,
0x00007f02f5ecb450, 0x00007f02a827c170, 0x00007f0290d5f3f0, 0x00007f02bc1ef0d0,
0x00007f02bc1f0a50, 0x00007f02c8012f50, 0x000055b8e7709820, 0x00007f02c0343ba0,
0x00007f02c0345ff0, 0x00007f02c03470e0, 0x00007f02bc1f3350, 0x000055b8e76a1850,
0x000055b8e77b9270, 0x00007f02adc9d570, 0x00007f02a82f59a0, 0x00007f029c118f20,
0x00007f02b4031f80, 0x00007f029c119a60, 0x00007f02d4cbe880, 0x00007f02d4cc14f0,
0x00007f02f472faf0, 0x00007f02f47355b0, 0x00007f02913d5050, 0x00007f029c133ff0,
0x00007f02907fd3d0, 0x00007f02d0313480, 0x00007f02f402cb90, 0x00007f02a8266ab0,
0x00007f02c02f9470, 0x00007f02d0606450, 0x00007f02d59d0110, 0x00007f02adcd6020,
0x00007f02a83bfdb0
}

Java Threads: ( => current thread )
  0x00007f02f401ffc0 JavaThread "main"                              [_thread_blocked, id=2097312, stack(0x00007f02fb100000,0x00007f02fb200000) (1024K)]
  0x00007f02f41089c0 JavaThread "Reference Handler"          daemon [_thread_blocked, id=2097325, stack(0x00007f02cd1f3000,0x00007f02cd2f3000) (1024K)]
  0x00007f02f41099c0 JavaThread "Finalizer"                  daemon [_thread_blocked, id=2097326, stack(0x00007f02cd2f4000,0x00007f02cd3f4000) (1024K)]
  0x00007f02f410ad10 JavaThread "Signal Dispatcher"          daemon [_thread_blocked, id=2097327, stack(0x00007f02cd0f2000,0x00007f02cd1f2000) (1024K)]
  0x00007f02f410c420 JavaThread "Service Thread"             daemon [_thread_blocked, id=2097328, stack(0x00007f02ccd00000,0x00007f02cce00000) (1024K)]
  0x00007f02f410dc70 JavaThread "Monitor Deflation Thread"   daemon [_thread_blocked, id=2097329, stack(0x00007f02ccbff000,0x00007f02cccff000) (1024K)]
  0x00007f02f410fed0 JavaThread "C2 CompilerThread0"         daemon [_thread_blocked, id=2097330, stack(0x00007f02ccafe000,0x00007f02ccbfe000) (1024K)]
  0x00007f02f41118a0 JavaThread "C1 CompilerThread0"         daemon [_thread_blocked, id=2097331, stack(0x00007f02cc9fd000,0x00007f02ccafd000) (1024K)]
  0x00007f02f4152800 JavaThread "Notification Thread"        daemon [_thread_blocked, id=2097332, stack(0x00007f02cc8fc000,0x00007f02cc9fc000) (1024K)]
  0x00007f02f4155280 JavaThread "Common-Cleaner"             daemon [_thread_blocked, id=2097333, stack(0x00007f02cc7fb000,0x00007f02cc8fb000) (1024K)]
  0x00007f02f467a330 JavaThread "InnocuousThread-1"          daemon [_thread_blocked, id=2097337, stack(0x00007f02cc3f7000,0x00007f02cc4f7000) (1024K)]
  0x000055b8e6dbf4f0 JavaThread "C1 CompilerThread1"         daemon [_thread_blocked, id=2097338, stack(0x00007f02cc2f6000,0x00007f02cc3f6000) (1024K)]
  0x00007f02f54f8af0 JavaThread "Java2D Disposer"            daemon [_thread_blocked, id=2097358, stack(0x00007f0289300000,0x00007f0289400000) (1024K)]
  0x00007f02f54f9bf0 JavaThread "AWT-XAWT"                   daemon [_thread_blocked, id=2097359, stack(0x00007f027c4ff000,0x00007f027c5ff000) (1024K)]
  0x00007f02f54fb3d0 JavaThread "AWT-Shutdown"                      [_thread_blocked, id=2097360, stack(0x00007f027c3fe000,0x00007f027c4fe000) (1024K)]
  0x00007f02f54fc530 JavaThread "AWT-EventQueue-0"                  [_thread_blocked, id=2097361, stack(0x00007f027c2fd000,0x00007f027c3fd000) (1024K)]
  0x00007f02b8029b30 JavaThread "C1 CompilerThread2"         daemon [_thread_blocked, id=2097364, stack(0x00007f027c0fc000,0x00007f027c1fc000) (1024K)]
  0x00007f02d42c3b90 JavaThread "Reference Cleaner"          daemon [_thread_blocked, id=2097382, stack(0x00007f027befa000,0x00007f027bffa000) (1024K)]
  0x00007f02d4413ec0 JavaThread "DefaultDispatcher-worker-1" daemon [_thread_blocked, id=2097387, stack(0x00007f027bd87000,0x00007f027be87000) (1024K)]
  0x00007f02d4421160 JavaThread "DefaultDispatcher-worker-2" daemon [_thread_blocked, id=2097388, stack(0x00007f0277900000,0x00007f0277a00000) (1024K)]
  0x00007f029c001c10 JavaThread "DefaultDispatcher-worker-3" daemon [_thread_blocked, id=2097389, stack(0x00007f02777ff000,0x00007f02778ff000) (1024K)]
  0x00007f029c00e9b0 JavaThread "kotlinx.coroutines.DefaultExecutor" daemon [_thread_blocked, id=2097394, stack(0x00007f02772fa000,0x00007f02773fa000) (1024K)]
  0x00007f02f5d10610 JavaThread "TimerQueue"                 daemon [_thread_blocked, id=2097671, stack(0x00007f0248ade000,0x00007f0248bde000) (1024K)]
  0x00007f029800c280 JavaThread "DefaultDispatcher-worker-4" daemon [_thread_blocked, id=2097703, stack(0x00007f0247afb000,0x00007f0247bfb000) (1024K)]
  0x00007f029c09a770 JavaThread "DefaultDispatcher-worker-5" daemon [_thread_blocked, id=2097708, stack(0x00007f02467f8000,0x00007f02468f8000) (1024K)]
  0x00007f02980119e0 JavaThread "DefaultDispatcher-worker-6" daemon [_thread_blocked, id=2097711, stack(0x00007f02460f5000,0x00007f02461f5000) (1024K)]
  0x00007f02f5e7e750 JavaThread "DefaultDispatcher-worker-7" daemon [_thread_blocked, id=2097712, stack(0x00007f0245ff4000,0x00007f02460f4000) (1024K)]
  0x00007f02c01e0ea0 JavaThread "DefaultDispatcher-worker-8" daemon [_thread_blocked, id=2097714, stack(0x00007f0245ef3000,0x00007f0245ff3000) (1024K)]
  0x00007f02c800f170 JavaThread "DefaultDispatcher-worker-9" daemon [_thread_blocked, id=2097715, stack(0x00007f0245df2000,0x00007f0245ef2000) (1024K)]
  0x00007f029c0f2510 JavaThread "OkHttp arm.haglund.dev"     daemon [_thread_in_native, id=2097721, stack(0x00007f0245cf1000,0x00007f0245df1000) (1024K)]
  0x00007f029c0f3cf0 JavaThread "OkHttp watchly.elfhosted.com" daemon [_thread_in_native, id=2097722, stack(0x00007f0245bf0000,0x00007f0245cf0000) (1024K)]
  0x00007f02a8183630 JavaThread "OkHttp aiostreams.int.itsjustfun.xyz" daemon [_thread_in_native, id=2097723, stack(0x00007f0245aef000,0x00007f0245bef000) (1024K)]
  0x00007f02a4018400 JavaThread "OkHttp TaskRunner"          daemon [_thread_blocked, id=2097724, stack(0x00007f02459ee000,0x00007f0245aee000) (1024K)]
  0x00007f029c0fb660 JavaThread "Okio Watchdog"              daemon [_thread_blocked, id=2097725, stack(0x00007f02458ed000,0x00007f02459ed000) (1024K)]
  0x00007f029c102660 JavaThread "DefaultDispatcher-worker-10" daemon [_thread_blocked, id=2097726, stack(0x00007f02457ec000,0x00007f02458ec000) (1024K)]
  0x00007f02906df7b0 JavaThread "DefaultDispatcher-worker-11" daemon [_thread_blocked, id=2097727, stack(0x00007f02456eb000,0x00007f02457eb000) (1024K)]
  0x00007f02f5ecb450 JavaThread "DefaultDispatcher-worker-12" daemon [_thread_blocked, id=2097728, stack(0x00007f02455ea000,0x00007f02456ea000) (1024K)]
  0x00007f02a827c170 JavaThread "OkHttp aiometadata.viren070.me" daemon [_thread_in_native, id=2097741, stack(0x00007f02453e8000,0x00007f02454e8000) (1024K)]
  0x00007f0290d5f3f0 JavaThread "DefaultDispatcher-worker-13" daemon [_thread_blocked, id=2097745, stack(0x00007f02452e7000,0x00007f02453e7000) (1024K)]
  0x00007f02bc1ef0d0 JavaThread "DefaultDispatcher-worker-14" daemon [_thread_blocked, id=2097746, stack(0x00007f02451e6000,0x00007f02452e6000) (1024K)]
  0x00007f02bc1f0a50 JavaThread "DefaultDispatcher-worker-17" daemon [_thread_blocked, id=2097747, stack(0x00007f02450e5000,0x00007f02451e5000) (1024K)]
  0x00007f02c8012f50 JavaThread "OkHttp TaskRunner"          daemon [_thread_blocked, id=2097748, stack(0x00007f0244fe4000,0x00007f02450e4000) (1024K)]
  0x000055b8e7709820 JavaThread "DefaultDispatcher-worker-15" daemon [_thread_blocked, id=2097749, stack(0x00007f0244ee3000,0x00007f0244fe3000) (1024K)]
  0x00007f02c0343ba0 JavaThread "DefaultDispatcher-worker-16" daemon [_thread_blocked, id=2097750, stack(0x00007f0244de2000,0x00007f0244ee2000) (1024K)]
  0x00007f02c0345ff0 JavaThread "DefaultDispatcher-worker-18" daemon [_thread_blocked, id=2097751, stack(0x00007f0244ce1000,0x00007f0244de1000) (1024K)]
  0x00007f02c03470e0 JavaThread "DefaultDispatcher-worker-20" daemon [_thread_blocked, id=2097752, stack(0x00007f0244be0000,0x00007f0244ce0000) (1024K)]
  0x00007f02bc1f3350 JavaThread "DefaultDispatcher-worker-19" daemon [_thread_blocked, id=2097753, stack(0x00007f0244adf000,0x00007f0244bdf000) (1024K)]
  0x000055b8e76a1850 JavaThread "OkHttp TaskRunner"          daemon [_thread_blocked, id=2097754, stack(0x00007f02449de000,0x00007f0244ade000) (1024K)]
  0x000055b8e77b9270 JavaThread "OkHttp TaskRunner"          daemon [_thread_blocked, id=2097755, stack(0x00007f02448dd000,0x00007f02449dd000) (1024K)]
  0x00007f02adc9d570 JavaThread "OkHttp api.tiffara.com"     daemon [_thread_in_native, id=2097756, stack(0x00007f02447dc000,0x00007f02448dc000) (1024K)]
  0x00007f02a82f59a0 JavaThread "DefaultDispatcher-worker-21" daemon [_thread_blocked, id=2097779, stack(0x00007f02465f6000,0x00007f02466f6000) (1024K)]
  0x00007f029c118f20 JavaThread "DefaultDispatcher-worker-22" daemon [_thread_blocked, id=2097780, stack(0x00007f02454e9000,0x00007f02455e9000) (1024K)]
  0x00007f02b4031f80 JavaThread "DefaultDispatcher-worker-23" daemon [_thread_blocked, id=2097781, stack(0x00007f024247d000,0x00007f024257d000) (1024K)]
  0x00007f029c119a60 JavaThread "DefaultDispatcher-worker-24" daemon [_thread_blocked, id=2097782, stack(0x00007f024237c000,0x00007f024247c000) (1024K)]
  0x00007f02d4cbe880 JavaThread "VirtualThread-unblocker"    daemon [_thread_blocked, id=2097796, stack(0x00007f024227b000,0x00007f024237b000) (1024K)]
  0x00007f02d4cc14f0 JavaThread "ForkJoinPool-1-worker-1"    daemon [_thread_blocked, id=2097797, stack(0x00007f024217a000,0x00007f024227a000) (1024K)]
  0x00007f02f472faf0 JavaThread "MasterPoller"               daemon [_thread_in_native, id=2097798, stack(0x00007f0242079000,0x00007f0242179000) (1024K)]
  0x00007f02f47355b0 JavaThread "ForkJoinPool-1-worker-2"    daemon [_thread_blocked, id=2097799, stack(0x00007f023df00000,0x00007f023e000000) (1024K)]
  0x00007f02913d5050 JavaThread "ForkJoinPool-1-worker-3"    daemon [_thread_blocked, id=2097800, stack(0x00007f023ddff000,0x00007f023deff000) (1024K)]
  0x00007f029c133ff0 JavaThread "ForkJoinPool-1-worker-4"    daemon [_thread_blocked, id=2097801, stack(0x00007f023dcfe000,0x00007f023ddfe000) (1024K)]
  0x00007f02907fd3d0 JavaThread "ForkJoinPool-1-worker-5"    daemon [_thread_blocked, id=2097802, stack(0x00007f023dbfd000,0x00007f023dcfd000) (1024K)]
  0x00007f02d0313480 JavaThread "ForkJoinPool-1-worker-6"    daemon [_thread_blocked, id=2097803, stack(0x00007f023dafc000,0x00007f023dbfc000) (1024K)]
  0x00007f02f402cb90 JavaThread "ForkJoinPool-1-delayScheduler" daemon [_thread_blocked, id=2097804, stack(0x00007f023d9fb000,0x00007f023dafb000) (1024K)]
  0x00007f02a8266ab0 JavaThread "DefaultDispatcher-worker-25" daemon [_thread_blocked, id=2097819, stack(0x00007f023d4fa000,0x00007f023d5fa000) (1024K)]
  0x00007f02c02f9470 JavaThread "DefaultDispatcher-worker-26" daemon [_thread_in_native, id=2097820, stack(0x00007f023d3f9000,0x00007f023d4f9000) (1024K)]
  0x00007f02d0606450 JavaThread "DefaultDispatcher-worker-27" daemon [_thread_blocked, id=2097821, stack(0x00007f023d2f8000,0x00007f023d3f8000) (1024K)]
  0x00007f02d59d0110 JavaThread "DefaultDispatcher-worker-28" daemon [_thread_blocked, id=2097822, stack(0x00007f023d1f7000,0x00007f023d2f7000) (1024K)]
  0x00007f02adcd6020 JavaThread "OkHttp TaskRunner"          daemon [_thread_blocked, id=2098018, stack(0x00007f0250add000,0x00007f0250bdd000) (1024K)]
  0x00007f02a83bfdb0 JavaThread "HttpClient-2-Worker-0"      daemon [_thread_blocked, id=2098696, stack(0x00007f0243700000,0x00007f0243800000) (1024K)]
Total: 69

Other Threads:
=>0x00007f02f40ff8b0 VMThread "VM Thread"                           [id=2097324, stack(0x00007f02cd4f6000,0x00007f02cd5f6000) (1024K)]
  0x00007f02f406e470 WorkerThread "GC Thread#0"                     [id=2097313, stack(0x00007f02f8661000,0x00007f02f8761000) (1024K)]
  0x00007f02b4009fd0 WorkerThread "GC Thread#1"                     [id=2097334, stack(0x00007f02cc6fa000,0x00007f02cc7fa000) (1024K)]
  0x00007f02b400ef50 WorkerThread "GC Thread#2"                     [id=2097390, stack(0x00007f02776fe000,0x00007f02777fe000) (1024K)]
  0x00007f02b400fa70 WorkerThread "GC Thread#3"                     [id=2097391, stack(0x00007f02775fd000,0x00007f02776fd000) (1024K)]
  0x00007f02b40106d0 WorkerThread "GC Thread#4"                     [id=2097392, stack(0x00007f02774fc000,0x00007f02775fc000) (1024K)]
  0x00007f02b4011430 WorkerThread "GC Thread#5"                     [id=2097393, stack(0x00007f02773fb000,0x00007f02774fb000) (1024K)]
  0x00007f02b4014170 WorkerThread "GC Thread#6"                     [id=2097410, stack(0x00007f025d629000,0x00007f025d729000) (1024K)]
  0x00007f02b401ca60 WorkerThread "GC Thread#7"                     [id=2097669, stack(0x00007f02508db000,0x00007f02509db000) (1024K)]
  0x00007f02b401da70 WorkerThread "GC Thread#8"                     [id=2097670, stack(0x00007f02506e0000,0x00007f02507e0000) (1024K)]
  0x00007f02b401f910 WorkerThread "GC Thread#9"                     [id=2097674, stack(0x00007f0247eff000,0x00007f0247fff000) (1024K)]
  0x00007f02b4020b20 WorkerThread "GC Thread#10"                    [id=2097675, stack(0x00007f0247dfe000,0x00007f0247efe000) (1024K)]
  0x00007f02b4021df0 WorkerThread "GC Thread#11"                    [id=2097676, stack(0x00007f0247cfd000,0x00007f0247dfd000) (1024K)]
  0x00007f02b40230c0 WorkerThread "GC Thread#12"                    [id=2097677, stack(0x00007f0247bfc000,0x00007f0247cfc000) (1024K)]
  0x00007f02f4086560 ConcurrentGCThread "G1 Main Marker"            terminated
  0x00007f02f40876f0 WorkerThread "G1 Conc#0"                       [id=2097315, stack(0x00007f02f845f000,0x00007f02f855f000) (1024K)]
  0x00007f02d4000cc0 WorkerThread "G1 Conc#1"                       [id=2097335, stack(0x00007f02cc5f9000,0x00007f02cc6f9000) (1024K)]
  0x00007f02d40019d0 WorkerThread "G1 Conc#2"                       [id=2097336, stack(0x00007f02cc4f8000,0x00007f02cc5f8000) (1024K)]
  0x00007f02f40ddf10 WorkerThread "G1 Refinement Workers#0"         [id=2097317, stack(0x00007f02cd6f8000,0x00007f02cd7f8000) (1024K)]
  0x00007f02f40dccb0 ConcurrentGCThread "G1 Refine Control"         terminated
  0x00007f02f40df010 ConcurrentGCThread "G1 Service"                terminated
Total: 21

Threads with active compile tasks:
Total: 0

VM state: at safepoint (shutting down)

VM Mutex/Monitor currently owned by a thread:  ([mutex/lock_event])
[0x00007f02fc4f61d8] Threads_lock - owner thread: 0x00007f02f40ff8b0
[0x00007f02fc4f5f58] Heap_lock - owner thread: 0x00007f02f401ffc0

Heap address: 0x000000070fa00000, size: 3846 MB, Compressed Oops mode: Zero based, Oop shift amount: 3

CDS archive(s) mapped at: [0x0000000006000000-0x0000000006da7000-0x0000000006da7000), size 14315520, SharedBaseAddress: 0x0000000006000000, ArchiveRelocationMode: 1.
Compressed class space mapped at: 0x0000000007000000-0x0000000047000000, reserved size: 1073741824
UseCompressedClassPointers 1, UseCompactObjectHeaders 0
Narrow klass pointer bits 32, Max shift 3
Narrow klass base: 0x0000000006000000, Narrow klass shift: 0
Encoding Range: [0x0000000006000000 - 0x0000000106000000), (4294967296 bytes)
Klass Range:    [0x0000000006000000 - 0x0000000047000000), (1090519040 bytes)
Klass ID Range:  [8 - 1090519033) (1090519025)
Protection zone: [0x0000000006000000 - 0x0000000006001000), (4096 bytes)

GC Precious Log:
 CardTable entry size: 512
 Card Set container configuration: InlinePtr #cards 4 size 8 Array Of Cards #cards 16 size 48 Howl #buckets 8 coarsen threshold 3686 Howl Bitmap #cards 512 size 80 coarsen threshold 460 Card regions per heap region 1 cards per card region 4096
 CPUs: 16 total, 16 available
 Memory: 15381M
 Large Page Support: Disabled
 NUMA Support: Disabled
 Compressed Oops: Enabled (Zero based)
 Heap Region Size: 2M
 Heap Min Capacity: 8M
 Heap Initial Capacity: 8M
 Heap Max Capacity: 3846M
 Pre-touch: Disabled
 Parallel Workers: 13
 Concurrent Workers: 3
 Concurrent Refinement Workers: 13
 Periodic GC: Disabled

Heap:
 garbage-first heap   total reserved 3938304K, committed 434176K, used 184641K [0x000000070fa00000, 0x0000000800000000)
  region size 2M, 69 eden (138M), 8 survivor (16M), 14 old (28M), 1 humongous (2M), 120 free (240M)

Heap Regions: E=young(eden), S=young(survivor), O=old, HS=humongous(starts), HC=humongous(continues), CS=collection set, F=free, TAMS=top-at-mark-start, PB=parsable bottom
|    0|0x000000070fa00000, 0x000000070fc00000, 0x000000070fc00000|100%|HS|  |TAMS 0x000000070fa00000| PB 0x000000070fa00000| Complete  |  0
|    1|0x000000070fc00000, 0x000000070fe00000, 0x000000070fe00000|100%| O|  |TAMS 0x000000070fc00000| PB 0x000000070fc00000| Untracked |  0
|    2|0x000000070fe00000, 0x0000000710000000, 0x0000000710000000|100%| O|  |TAMS 0x000000070fe00000| PB 0x000000070fe00000| Untracked |  0
|    3|0x0000000710000000, 0x0000000710200000, 0x0000000710200000|100%| O|  |TAMS 0x0000000710000000| PB 0x0000000710000000| Untracked |  0
|    4|0x0000000710200000, 0x0000000710400000, 0x0000000710400000|100%| O|  |TAMS 0x0000000710200000| PB 0x0000000710200000| Untracked |  0
|    5|0x0000000710400000, 0x0000000710600000, 0x0000000710600000|100%| O|  |TAMS 0x0000000710400000| PB 0x0000000710400000| Untracked |  0
|    6|0x0000000710600000, 0x0000000710800000, 0x0000000710800000|100%| O|  |TAMS 0x0000000710600000| PB 0x0000000710600000| Untracked |  0
|    7|0x0000000710800000, 0x0000000710a00000, 0x0000000710a00000|100%| O|  |TAMS 0x0000000710800000| PB 0x0000000710800000| Untracked |  0
|    8|0x0000000710a00000, 0x0000000710c00000, 0x0000000710c00000|100%| O|  |TAMS 0x0000000710a00000| PB 0x0000000710a00000| Untracked |  0
|    9|0x0000000710c00000, 0x0000000710e00000, 0x0000000710e00000|100%| O|  |TAMS 0x0000000710c00000| PB 0x0000000710c00000| Untracked |  0
|   10|0x0000000710e00000, 0x0000000711000000, 0x0000000711000000|100%| O|  |TAMS 0x0000000710e00000| PB 0x0000000710e00000| Untracked |  0
|   11|0x0000000711000000, 0x0000000711200000, 0x0000000711200000|100%| O|  |TAMS 0x0000000711000000| PB 0x0000000711000000| Untracked |  0
|   12|0x0000000711200000, 0x0000000711400000, 0x0000000711400000|100%| O|  |TAMS 0x0000000711200000| PB 0x0000000711200000| Untracked |  0
|   13|0x0000000711400000, 0x00000007115e6490, 0x0000000711600000| 94%| O|  |TAMS 0x0000000711400000| PB 0x0000000711400000| Untracked |  0
|   14|0x0000000711600000, 0x0000000711600000, 0x0000000711800000|  0%| F|  |TAMS 0x0000000711600000| PB 0x0000000711600000| Untracked |  0
|   15|0x0000000711800000, 0x0000000711800000, 0x0000000711a00000|  0%| F|  |TAMS 0x0000000711800000| PB 0x0000000711800000| Untracked |  0
|   16|0x0000000711a00000, 0x0000000711a00000, 0x0000000711c00000|  0%| F|  |TAMS 0x0000000711a00000| PB 0x0000000711a00000| Untracked |  0
|   17|0x0000000711c00000, 0x0000000711c00000, 0x0000000711e00000|  0%| F|  |TAMS 0x0000000711c00000| PB 0x0000000711c00000| Untracked |  0
|   18|0x0000000711e00000, 0x0000000711e00000, 0x0000000712000000|  0%| F|  |TAMS 0x0000000711e00000| PB 0x0000000711e00000| Untracked |  0
|   19|0x0000000712000000, 0x0000000712000000, 0x0000000712200000|  0%| F|  |TAMS 0x0000000712000000| PB 0x0000000712000000| Untracked |  0
|   20|0x0000000712200000, 0x0000000712200000, 0x0000000712400000|  0%| F|  |TAMS 0x0000000712200000| PB 0x0000000712200000| Untracked |  0
|   21|0x0000000712400000, 0x0000000712400000, 0x0000000712600000|  0%| F|  |TAMS 0x0000000712400000| PB 0x0000000712400000| Untracked |  0
|   22|0x0000000712600000, 0x0000000712600000, 0x0000000712800000|  0%| F|  |TAMS 0x0000000712600000| PB 0x0000000712600000| Untracked |  0
|   23|0x0000000712800000, 0x0000000712800000, 0x0000000712a00000|  0%| F|  |TAMS 0x0000000712800000| PB 0x0000000712800000| Untracked |  0
|   24|0x0000000712a00000, 0x0000000712a00000, 0x0000000712c00000|  0%| F|  |TAMS 0x0000000712a00000| PB 0x0000000712a00000| Untracked |  0
|   25|0x0000000712c00000, 0x0000000712c00000, 0x0000000712e00000|  0%| F|  |TAMS 0x0000000712c00000| PB 0x0000000712c00000| Untracked |  0
|   26|0x0000000712e00000, 0x0000000712e00000, 0x0000000713000000|  0%| F|  |TAMS 0x0000000712e00000| PB 0x0000000712e00000| Untracked |  0
|   27|0x0000000713000000, 0x0000000713000000, 0x0000000713200000|  0%| F|  |TAMS 0x0000000713000000| PB 0x0000000713000000| Untracked |  0
|   28|0x0000000713200000, 0x0000000713200000, 0x0000000713400000|  0%| F|  |TAMS 0x0000000713200000| PB 0x0000000713200000| Untracked |  0
|   29|0x0000000713400000, 0x0000000713400000, 0x0000000713600000|  0%| F|  |TAMS 0x0000000713400000| PB 0x0000000713400000| Untracked |  0
|   30|0x0000000713600000, 0x0000000713600000, 0x0000000713800000|  0%| F|  |TAMS 0x0000000713600000| PB 0x0000000713600000| Untracked |  0
|   31|0x0000000713800000, 0x0000000713800000, 0x0000000713a00000|  0%| F|  |TAMS 0x0000000713800000| PB 0x0000000713800000| Untracked |  0
|   32|0x0000000713a00000, 0x0000000713a00000, 0x0000000713c00000|  0%| F|  |TAMS 0x0000000713a00000| PB 0x0000000713a00000| Untracked |  0
|   33|0x0000000713c00000, 0x0000000713c00000, 0x0000000713e00000|  0%| F|  |TAMS 0x0000000713c00000| PB 0x0000000713c00000| Untracked |  0
|   34|0x0000000713e00000, 0x0000000713e00000, 0x0000000714000000|  0%| F|  |TAMS 0x0000000713e00000| PB 0x0000000713e00000| Untracked |  0
|   35|0x0000000714000000, 0x0000000714000000, 0x0000000714200000|  0%| F|  |TAMS 0x0000000714000000| PB 0x0000000714000000| Untracked |  0
|   36|0x0000000714200000, 0x0000000714200000, 0x0000000714400000|  0%| F|  |TAMS 0x0000000714200000| PB 0x0000000714200000| Untracked |  0
|   37|0x0000000714400000, 0x0000000714400000, 0x0000000714600000|  0%| F|  |TAMS 0x0000000714400000| PB 0x0000000714400000| Untracked |  0
|   38|0x0000000714600000, 0x0000000714600000, 0x0000000714800000|  0%| F|  |TAMS 0x0000000714600000| PB 0x0000000714600000| Untracked |  0
|   39|0x0000000714800000, 0x0000000714800000, 0x0000000714a00000|  0%| F|  |TAMS 0x0000000714800000| PB 0x0000000714800000| Untracked |  0
|   40|0x0000000714a00000, 0x0000000714a00000, 0x0000000714c00000|  0%| F|  |TAMS 0x0000000714a00000| PB 0x0000000714a00000| Untracked |  0
|   41|0x0000000714c00000, 0x0000000714c00000, 0x0000000714e00000|  0%| F|  |TAMS 0x0000000714c00000| PB 0x0000000714c00000| Untracked |  0
|   42|0x0000000714e00000, 0x0000000714e00000, 0x0000000715000000|  0%| F|  |TAMS 0x0000000714e00000| PB 0x0000000714e00000| Untracked |  0
|   43|0x0000000715000000, 0x0000000715000000, 0x0000000715200000|  0%| F|  |TAMS 0x0000000715000000| PB 0x0000000715000000| Untracked |  0
|   44|0x0000000715200000, 0x0000000715200000, 0x0000000715400000|  0%| F|  |TAMS 0x0000000715200000| PB 0x0000000715200000| Untracked |  0
|   45|0x0000000715400000, 0x0000000715400000, 0x0000000715600000|  0%| F|  |TAMS 0x0000000715400000| PB 0x0000000715400000| Untracked |  0
|   46|0x0000000715600000, 0x0000000715600000, 0x0000000715800000|  0%| F|  |TAMS 0x0000000715600000| PB 0x0000000715600000| Untracked |  0
|   47|0x0000000715800000, 0x0000000715800000, 0x0000000715a00000|  0%| F|  |TAMS 0x0000000715800000| PB 0x0000000715800000| Untracked |  0
|   48|0x0000000715a00000, 0x0000000715a00000, 0x0000000715c00000|  0%| F|  |TAMS 0x0000000715a00000| PB 0x0000000715a00000| Untracked |  0
|   49|0x0000000715c00000, 0x0000000715c00000, 0x0000000715e00000|  0%| F|  |TAMS 0x0000000715c00000| PB 0x0000000715c00000| Untracked |  0
|   50|0x0000000715e00000, 0x0000000715e00000, 0x0000000716000000|  0%| F|  |TAMS 0x0000000715e00000| PB 0x0000000715e00000| Untracked |  0
|   51|0x0000000716000000, 0x0000000716000000, 0x0000000716200000|  0%| F|  |TAMS 0x0000000716000000| PB 0x0000000716000000| Untracked |  0
|   52|0x0000000716200000, 0x0000000716200000, 0x0000000716400000|  0%| F|  |TAMS 0x0000000716200000| PB 0x0000000716200000| Untracked |  0
|   53|0x0000000716400000, 0x0000000716400000, 0x0000000716600000|  0%| F|  |TAMS 0x0000000716400000| PB 0x0000000716400000| Untracked |  0
|   54|0x0000000716600000, 0x0000000716600000, 0x0000000716800000|  0%| F|  |TAMS 0x0000000716600000| PB 0x0000000716600000| Untracked |  0
|   55|0x0000000716800000, 0x0000000716800000, 0x0000000716a00000|  0%| F|  |TAMS 0x0000000716800000| PB 0x0000000716800000| Untracked |  0
|   56|0x0000000716a00000, 0x0000000716a00000, 0x0000000716c00000|  0%| F|  |TAMS 0x0000000716a00000| PB 0x0000000716a00000| Untracked |  0
|   57|0x0000000716c00000, 0x0000000716c00000, 0x0000000716e00000|  0%| F|  |TAMS 0x0000000716c00000| PB 0x0000000716c00000| Untracked |  0
|   58|0x0000000716e00000, 0x0000000716e00000, 0x0000000717000000|  0%| F|  |TAMS 0x0000000716e00000| PB 0x0000000716e00000| Untracked |  0
|   59|0x0000000717000000, 0x0000000717000000, 0x0000000717200000|  0%| F|  |TAMS 0x0000000717000000| PB 0x0000000717000000| Untracked |  0
|   60|0x0000000717200000, 0x0000000717200000, 0x0000000717400000|  0%| F|  |TAMS 0x0000000717200000| PB 0x0000000717200000| Untracked |  0
|   61|0x0000000717400000, 0x0000000717400000, 0x0000000717600000|  0%| F|  |TAMS 0x0000000717400000| PB 0x0000000717400000| Untracked |  0
|   62|0x0000000717600000, 0x0000000717600000, 0x0000000717800000|  0%| F|  |TAMS 0x0000000717600000| PB 0x0000000717600000| Untracked |  0
|   63|0x0000000717800000, 0x0000000717800000, 0x0000000717a00000|  0%| F|  |TAMS 0x0000000717800000| PB 0x0000000717800000| Untracked |  0
|   64|0x0000000717a00000, 0x0000000717a00000, 0x0000000717c00000|  0%| F|  |TAMS 0x0000000717a00000| PB 0x0000000717a00000| Untracked |  0
|   65|0x0000000717c00000, 0x0000000717c00000, 0x0000000717e00000|  0%| F|  |TAMS 0x0000000717c00000| PB 0x0000000717c00000| Untracked |  0
|   66|0x0000000717e00000, 0x0000000717e00000, 0x0000000718000000|  0%| F|  |TAMS 0x0000000717e00000| PB 0x0000000717e00000| Untracked |  0
|   67|0x0000000718000000, 0x0000000718000000, 0x0000000718200000|  0%| F|  |TAMS 0x0000000718000000| PB 0x0000000718000000| Untracked |  0
|   68|0x0000000718200000, 0x0000000718200000, 0x0000000718400000|  0%| F|  |TAMS 0x0000000718200000| PB 0x0000000718200000| Untracked |  0
|   69|0x0000000718400000, 0x0000000718400000, 0x0000000718600000|  0%| F|  |TAMS 0x0000000718400000| PB 0x0000000718400000| Untracked |  0
|   70|0x0000000718600000, 0x0000000718600000, 0x0000000718800000|  0%| F|  |TAMS 0x0000000718600000| PB 0x0000000718600000| Untracked |  0
|   71|0x0000000718800000, 0x0000000718800000, 0x0000000718a00000|  0%| F|  |TAMS 0x0000000718800000| PB 0x0000000718800000| Untracked |  0
|   72|0x0000000718a00000, 0x0000000718a00000, 0x0000000718c00000|  0%| F|  |TAMS 0x0000000718a00000| PB 0x0000000718a00000| Untracked |  0
|   73|0x0000000718c00000, 0x0000000718c00000, 0x0000000718e00000|  0%| F|  |TAMS 0x0000000718c00000| PB 0x0000000718c00000| Untracked |  0
|   74|0x0000000718e00000, 0x0000000718e00000, 0x0000000719000000|  0%| F|  |TAMS 0x0000000718e00000| PB 0x0000000718e00000| Untracked |  0
|   75|0x0000000719000000, 0x0000000719000000, 0x0000000719200000|  0%| F|  |TAMS 0x0000000719000000| PB 0x0000000719000000| Untracked |  0
|   76|0x0000000719200000, 0x000000071926a230, 0x0000000719400000| 20%| S|CS|TAMS 0x0000000719200000| PB 0x0000000719200000| Complete  |  0
|   77|0x0000000719400000, 0x0000000719600000, 0x0000000719600000|100%| S|CS|TAMS 0x0000000719400000| PB 0x0000000719400000| Complete  |  0
|   78|0x0000000719600000, 0x0000000719800000, 0x0000000719800000|100%| S|CS|TAMS 0x0000000719600000| PB 0x0000000719600000| Complete  |  0
|   79|0x0000000719800000, 0x0000000719800000, 0x0000000719a00000|  0%| F|  |TAMS 0x0000000719800000| PB 0x0000000719800000| Untracked |  0
|   80|0x0000000719a00000, 0x0000000719a00000, 0x0000000719c00000|  0%| F|  |TAMS 0x0000000719a00000| PB 0x0000000719a00000| Untracked |  0
|   81|0x0000000719c00000, 0x0000000719c00000, 0x0000000719e00000|  0%| F|  |TAMS 0x0000000719c00000| PB 0x0000000719c00000| Untracked |  0
|   82|0x0000000719e00000, 0x0000000719e00000, 0x000000071a000000|  0%| F|  |TAMS 0x0000000719e00000| PB 0x0000000719e00000| Untracked |  0
|   83|0x000000071a000000, 0x000000071a000000, 0x000000071a200000|  0%| F|  |TAMS 0x000000071a000000| PB 0x000000071a000000| Untracked |  0
|   84|0x000000071a200000, 0x000000071a200000, 0x000000071a400000|  0%| F|  |TAMS 0x000000071a200000| PB 0x000000071a200000| Untracked |  0
|   85|0x000000071a400000, 0x000000071a600000, 0x000000071a600000|100%| S|CS|TAMS 0x000000071a400000| PB 0x000000071a400000| Complete  |  0
|   86|0x000000071a600000, 0x000000071a800000, 0x000000071a800000|100%| S|CS|TAMS 0x000000071a600000| PB 0x000000071a600000| Complete  |  0
|   87|0x000000071a800000, 0x000000071aa00000, 0x000000071aa00000|100%| S|CS|TAMS 0x000000071a800000| PB 0x000000071a800000| Complete  |  0
|   88|0x000000071aa00000, 0x000000071ac00000, 0x000000071ac00000|100%| S|CS|TAMS 0x000000071aa00000| PB 0x000000071aa00000| Complete  |  0
|   89|0x000000071ac00000, 0x000000071ae00000, 0x000000071ae00000|100%| S|CS|TAMS 0x000000071ac00000| PB 0x000000071ac00000| Complete  |  0
|   90|0x000000071ae00000, 0x000000071ae00000, 0x000000071b000000|  0%| F|  |TAMS 0x000000071ae00000| PB 0x000000071ae00000| Untracked |  0
|   91|0x000000071b000000, 0x000000071b000000, 0x000000071b200000|  0%| F|  |TAMS 0x000000071b000000| PB 0x000000071b000000| Untracked |  0
|   92|0x000000071b200000, 0x000000071b200000, 0x000000071b400000|  0%| F|  |TAMS 0x000000071b200000| PB 0x000000071b200000| Untracked |  0
|   93|0x000000071b400000, 0x000000071b400000, 0x000000071b600000|  0%| F|  |TAMS 0x000000071b400000| PB 0x000000071b400000| Untracked |  0
|   94|0x000000071b600000, 0x000000071b600000, 0x000000071b800000|  0%| F|  |TAMS 0x000000071b600000| PB 0x000000071b600000| Untracked |  0
|   95|0x000000071b800000, 0x000000071b800000, 0x000000071ba00000|  0%| F|  |TAMS 0x000000071b800000| PB 0x000000071b800000| Untracked |  0
|   96|0x000000071ba00000, 0x000000071ba00000, 0x000000071bc00000|  0%| F|  |TAMS 0x000000071ba00000| PB 0x000000071ba00000| Untracked |  0
|   97|0x000000071bc00000, 0x000000071bc00000, 0x000000071be00000|  0%| F|  |TAMS 0x000000071bc00000| PB 0x000000071bc00000| Untracked |  0
|   98|0x000000071be00000, 0x000000071be00000, 0x000000071c000000|  0%| F|  |TAMS 0x000000071be00000| PB 0x000000071be00000| Untracked |  0
|   99|0x000000071c000000, 0x000000071c000000, 0x000000071c200000|  0%| F|  |TAMS 0x000000071c000000| PB 0x000000071c000000| Untracked |  0
|  100|0x000000071c200000, 0x000000071c200000, 0x000000071c400000|  0%| F|  |TAMS 0x000000071c200000| PB 0x000000071c200000| Untracked |  0
|  101|0x000000071c400000, 0x000000071c400000, 0x000000071c600000|  0%| F|  |TAMS 0x000000071c400000| PB 0x000000071c400000| Untracked |  0
|  102|0x000000071c600000, 0x000000071c600000, 0x000000071c800000|  0%| F|  |TAMS 0x000000071c600000| PB 0x000000071c600000| Untracked |  0
|  103|0x000000071c800000, 0x000000071c800000, 0x000000071ca00000|  0%| F|  |TAMS 0x000000071c800000| PB 0x000000071c800000| Untracked |  0
|  104|0x000000071ca00000, 0x000000071ca00000, 0x000000071cc00000|  0%| F|  |TAMS 0x000000071ca00000| PB 0x000000071ca00000| Untracked |  0
|  105|0x000000071cc00000, 0x000000071cc00000, 0x000000071ce00000|  0%| F|  |TAMS 0x000000071cc00000| PB 0x000000071cc00000| Untracked |  0
|  106|0x000000071ce00000, 0x000000071ce00000, 0x000000071d000000|  0%| F|  |TAMS 0x000000071ce00000| PB 0x000000071ce00000| Untracked |  0
|  107|0x000000071d000000, 0x000000071d000000, 0x000000071d200000|  0%| F|  |TAMS 0x000000071d000000| PB 0x000000071d000000| Untracked |  0
|  108|0x000000071d200000, 0x000000071d200000, 0x000000071d400000|  0%| F|  |TAMS 0x000000071d200000| PB 0x000000071d200000| Untracked |  0
|  109|0x000000071d400000, 0x000000071d400000, 0x000000071d600000|  0%| F|  |TAMS 0x000000071d400000| PB 0x000000071d400000| Untracked |  0
|  110|0x000000071d600000, 0x000000071d600000, 0x000000071d800000|  0%| F|  |TAMS 0x000000071d600000| PB 0x000000071d600000| Untracked |  0
|  111|0x000000071d800000, 0x000000071d800000, 0x000000071da00000|  0%| F|  |TAMS 0x000000071d800000| PB 0x000000071d800000| Untracked |  0
|  112|0x000000071da00000, 0x000000071da00000, 0x000000071dc00000|  0%| F|  |TAMS 0x000000071da00000| PB 0x000000071da00000| Untracked |  0
|  113|0x000000071dc00000, 0x000000071dc00000, 0x000000071de00000|  0%| F|  |TAMS 0x000000071dc00000| PB 0x000000071dc00000| Untracked |  0
|  114|0x000000071de00000, 0x000000071de00000, 0x000000071e000000|  0%| F|  |TAMS 0x000000071de00000| PB 0x000000071de00000| Untracked |  0
|  115|0x000000071e000000, 0x000000071e000000, 0x000000071e200000|  0%| F|  |TAMS 0x000000071e000000| PB 0x000000071e000000| Untracked |  0
|  116|0x000000071e200000, 0x000000071e200000, 0x000000071e400000|  0%| F|  |TAMS 0x000000071e200000| PB 0x000000071e200000| Untracked |  0
|  117|0x000000071e400000, 0x000000071e400000, 0x000000071e600000|  0%| F|  |TAMS 0x000000071e400000| PB 0x000000071e400000| Untracked |  0
|  118|0x000000071e600000, 0x000000071e600000, 0x000000071e800000|  0%| F|  |TAMS 0x000000071e600000| PB 0x000000071e600000| Untracked |  0
|  119|0x000000071e800000, 0x000000071e800000, 0x000000071ea00000|  0%| F|  |TAMS 0x000000071e800000| PB 0x000000071e800000| Untracked |  0
|  120|0x000000071ea00000, 0x000000071ea00000, 0x000000071ec00000|  0%| F|  |TAMS 0x000000071ea00000| PB 0x000000071ea00000| Untracked |  0
|  121|0x000000071ec00000, 0x000000071ec00000, 0x000000071ee00000|  0%| F|  |TAMS 0x000000071ec00000| PB 0x000000071ec00000| Untracked |  0
|  122|0x000000071ee00000, 0x000000071ee00000, 0x000000071f000000|  0%| F|  |TAMS 0x000000071ee00000| PB 0x000000071ee00000| Untracked |  0
|  123|0x000000071f000000, 0x000000071f000000, 0x000000071f200000|  0%| F|  |TAMS 0x000000071f000000| PB 0x000000071f000000| Untracked |  0
|  124|0x000000071f200000, 0x000000071f200000, 0x000000071f400000|  0%| F|  |TAMS 0x000000071f200000| PB 0x000000071f200000| Untracked |  0
|  125|0x000000071f400000, 0x000000071f400000, 0x000000071f600000|  0%| F|  |TAMS 0x000000071f400000| PB 0x000000071f400000| Untracked |  0
|  126|0x000000071f600000, 0x000000071f600000, 0x000000071f800000|  0%| F|  |TAMS 0x000000071f600000| PB 0x000000071f600000| Untracked |  0
|  127|0x000000071f800000, 0x000000071f800000, 0x000000071fa00000|  0%| F|  |TAMS 0x000000071f800000| PB 0x000000071f800000| Untracked |  0
|  128|0x000000071fa00000, 0x000000071fa00000, 0x000000071fc00000|  0%| F|  |TAMS 0x000000071fa00000| PB 0x000000071fa00000| Untracked |  0
|  129|0x000000071fc00000, 0x000000071fc00000, 0x000000071fe00000|  0%| F|  |TAMS 0x000000071fc00000| PB 0x000000071fc00000| Untracked |  0
|  130|0x000000071fe00000, 0x000000071fe00000, 0x0000000720000000|  0%| F|  |TAMS 0x000000071fe00000| PB 0x000000071fe00000| Untracked |  0
|  131|0x0000000720000000, 0x0000000720000000, 0x0000000720200000|  0%| F|  |TAMS 0x0000000720000000| PB 0x0000000720000000| Untracked |  0
|  132|0x0000000720200000, 0x0000000720200000, 0x0000000720400000|  0%| F|  |TAMS 0x0000000720200000| PB 0x0000000720200000| Untracked |  0
|  133|0x0000000720400000, 0x0000000720400000, 0x0000000720600000|  0%| F|  |TAMS 0x0000000720400000| PB 0x0000000720400000| Untracked |  0
|  134|0x0000000720600000, 0x0000000720600000, 0x0000000720800000|  0%| F|  |TAMS 0x0000000720600000| PB 0x0000000720600000| Untracked |  0
|  135|0x0000000720800000, 0x0000000720800000, 0x0000000720a00000|  0%| F|  |TAMS 0x0000000720800000| PB 0x0000000720800000| Untracked |  0
|  136|0x0000000720a00000, 0x0000000720a00000, 0x0000000720c00000|  0%| F|  |TAMS 0x0000000720a00000| PB 0x0000000720a00000| Untracked |  0
|  137|0x0000000720c00000, 0x0000000720c00000, 0x0000000720e00000|  0%| F|  |TAMS 0x0000000720c00000| PB 0x0000000720c00000| Untracked |  0
|  138|0x0000000720e00000, 0x0000000720e00000, 0x0000000721000000|  0%| F|  |TAMS 0x0000000720e00000| PB 0x0000000720e00000| Untracked |  0
|  139|0x0000000721000000, 0x0000000721000000, 0x0000000721200000|  0%| F|  |TAMS 0x0000000721000000| PB 0x0000000721000000| Untracked |  0
|  140|0x0000000721200000, 0x0000000721200000, 0x0000000721400000|  0%| F|  |TAMS 0x0000000721200000| PB 0x0000000721200000| Untracked |  0
|  141|0x0000000721400000, 0x0000000721400000, 0x0000000721600000|  0%| F|  |TAMS 0x0000000721400000| PB 0x0000000721400000| Untracked |  0
|  142|0x0000000721600000, 0x0000000721733548, 0x0000000721800000| 60%| E|CS|TAMS 0x0000000721600000| PB 0x0000000721600000| Complete  |  0
|  143|0x0000000721800000, 0x0000000721a00000, 0x0000000721a00000|100%| E|CS|TAMS 0x0000000721800000| PB 0x0000000721800000| Complete  |  0
|  144|0x0000000721a00000, 0x0000000721c00000, 0x0000000721c00000|100%| E|CS|TAMS 0x0000000721a00000| PB 0x0000000721a00000| Complete  |  0
|  145|0x0000000721c00000, 0x0000000721e00000, 0x0000000721e00000|100%| E|CS|TAMS 0x0000000721c00000| PB 0x0000000721c00000| Complete  |  0
|  146|0x0000000721e00000, 0x0000000722000000, 0x0000000722000000|100%| E|CS|TAMS 0x0000000721e00000| PB 0x0000000721e00000| Complete  |  0
|  147|0x0000000722000000, 0x0000000722200000, 0x0000000722200000|100%| E|CS|TAMS 0x0000000722000000| PB 0x0000000722000000| Complete  |  0
|  148|0x0000000722200000, 0x0000000722400000, 0x0000000722400000|100%| E|CS|TAMS 0x0000000722200000| PB 0x0000000722200000| Complete  |  0
|  149|0x0000000722400000, 0x0000000722600000, 0x0000000722600000|100%| E|CS|TAMS 0x0000000722400000| PB 0x0000000722400000| Complete  |  0
|  150|0x0000000722600000, 0x0000000722800000, 0x0000000722800000|100%| E|CS|TAMS 0x0000000722600000| PB 0x0000000722600000| Complete  |  0
|  151|0x0000000722800000, 0x0000000722a00000, 0x0000000722a00000|100%| E|CS|TAMS 0x0000000722800000| PB 0x0000000722800000| Complete  |  0
|  152|0x0000000722a00000, 0x0000000722c00000, 0x0000000722c00000|100%| E|CS|TAMS 0x0000000722a00000| PB 0x0000000722a00000| Complete  |  0
|  153|0x0000000722c00000, 0x0000000722e00000, 0x0000000722e00000|100%| E|CS|TAMS 0x0000000722c00000| PB 0x0000000722c00000| Complete  |  0
|  154|0x0000000722e00000, 0x0000000723000000, 0x0000000723000000|100%| E|CS|TAMS 0x0000000722e00000| PB 0x0000000722e00000| Complete  |  0
|  155|0x0000000723000000, 0x0000000723200000, 0x0000000723200000|100%| E|CS|TAMS 0x0000000723000000| PB 0x0000000723000000| Complete  |  0
|  156|0x0000000723200000, 0x0000000723400000, 0x0000000723400000|100%| E|CS|TAMS 0x0000000723200000| PB 0x0000000723200000| Complete  |  0
|  157|0x0000000723400000, 0x0000000723600000, 0x0000000723600000|100%| E|CS|TAMS 0x0000000723400000| PB 0x0000000723400000| Complete  |  0
|  158|0x0000000723600000, 0x0000000723800000, 0x0000000723800000|100%| E|CS|TAMS 0x0000000723600000| PB 0x0000000723600000| Complete  |  0
|  159|0x0000000723800000, 0x0000000723a00000, 0x0000000723a00000|100%| E|CS|TAMS 0x0000000723800000| PB 0x0000000723800000| Complete  |  0
|  160|0x0000000723a00000, 0x0000000723c00000, 0x0000000723c00000|100%| E|CS|TAMS 0x0000000723a00000| PB 0x0000000723a00000| Complete  |  0
|  161|0x0000000723c00000, 0x0000000723e00000, 0x0000000723e00000|100%| E|CS|TAMS 0x0000000723c00000| PB 0x0000000723c00000| Complete  |  0
|  162|0x0000000723e00000, 0x0000000724000000, 0x0000000724000000|100%| E|CS|TAMS 0x0000000723e00000| PB 0x0000000723e00000| Complete  |  0
|  163|0x0000000724000000, 0x0000000724200000, 0x0000000724200000|100%| E|CS|TAMS 0x0000000724000000| PB 0x0000000724000000| Complete  |  0
|  164|0x0000000724200000, 0x0000000724400000, 0x0000000724400000|100%| E|CS|TAMS 0x0000000724200000| PB 0x0000000724200000| Complete  |  0
|  165|0x0000000724400000, 0x0000000724600000, 0x0000000724600000|100%| E|CS|TAMS 0x0000000724400000| PB 0x0000000724400000| Complete  |  0
|  166|0x0000000724600000, 0x0000000724800000, 0x0000000724800000|100%| E|CS|TAMS 0x0000000724600000| PB 0x0000000724600000| Complete  |  0
|  167|0x0000000724800000, 0x0000000724a00000, 0x0000000724a00000|100%| E|CS|TAMS 0x0000000724800000| PB 0x0000000724800000| Complete  |  0
|  168|0x0000000724a00000, 0x0000000724c00000, 0x0000000724c00000|100%| E|CS|TAMS 0x0000000724a00000| PB 0x0000000724a00000| Complete  |  0
|  169|0x0000000724c00000, 0x0000000724e00000, 0x0000000724e00000|100%| E|CS|TAMS 0x0000000724c00000| PB 0x0000000724c00000| Complete  |  0
|  170|0x0000000724e00000, 0x0000000725000000, 0x0000000725000000|100%| E|CS|TAMS 0x0000000724e00000| PB 0x0000000724e00000| Complete  |  0
|  171|0x0000000725000000, 0x0000000725200000, 0x0000000725200000|100%| E|CS|TAMS 0x0000000725000000| PB 0x0000000725000000| Complete  |  0
|  172|0x0000000725200000, 0x0000000725400000, 0x0000000725400000|100%| E|CS|TAMS 0x0000000725200000| PB 0x0000000725200000| Complete  |  0
|  173|0x0000000725400000, 0x0000000725600000, 0x0000000725600000|100%| E|CS|TAMS 0x0000000725400000| PB 0x0000000725400000| Complete  |  0
|  174|0x0000000725600000, 0x0000000725800000, 0x0000000725800000|100%| E|CS|TAMS 0x0000000725600000| PB 0x0000000725600000| Complete  |  0
|  175|0x0000000725800000, 0x0000000725a00000, 0x0000000725a00000|100%| E|CS|TAMS 0x0000000725800000| PB 0x0000000725800000| Complete  |  0
|  176|0x0000000725a00000, 0x0000000725c00000, 0x0000000725c00000|100%| E|CS|TAMS 0x0000000725a00000| PB 0x0000000725a00000| Complete  |  0
|  177|0x0000000725c00000, 0x0000000725e00000, 0x0000000725e00000|100%| E|CS|TAMS 0x0000000725c00000| PB 0x0000000725c00000| Complete  |  0
|  178|0x0000000725e00000, 0x0000000726000000, 0x0000000726000000|100%| E|CS|TAMS 0x0000000725e00000| PB 0x0000000725e00000| Complete  |  0
|  179|0x0000000726000000, 0x0000000726200000, 0x0000000726200000|100%| E|CS|TAMS 0x0000000726000000| PB 0x0000000726000000| Complete  |  0
|  180|0x0000000726200000, 0x0000000726400000, 0x0000000726400000|100%| E|CS|TAMS 0x0000000726200000| PB 0x0000000726200000| Complete  |  0
|  181|0x0000000726400000, 0x0000000726600000, 0x0000000726600000|100%| E|CS|TAMS 0x0000000726400000| PB 0x0000000726400000| Complete  |  0
|  182|0x0000000726600000, 0x0000000726800000, 0x0000000726800000|100%| E|CS|TAMS 0x0000000726600000| PB 0x0000000726600000| Complete  |  0
|  183|0x0000000726800000, 0x0000000726a00000, 0x0000000726a00000|100%| E|CS|TAMS 0x0000000726800000| PB 0x0000000726800000| Complete  |  0
|  184|0x0000000726a00000, 0x0000000726c00000, 0x0000000726c00000|100%| E|CS|TAMS 0x0000000726a00000| PB 0x0000000726a00000| Complete  |  0
|  185|0x0000000726c00000, 0x0000000726e00000, 0x0000000726e00000|100%| E|CS|TAMS 0x0000000726c00000| PB 0x0000000726c00000| Complete  |  0
|  186|0x0000000726e00000, 0x0000000727000000, 0x0000000727000000|100%| E|CS|TAMS 0x0000000726e00000| PB 0x0000000726e00000| Complete  |  0
|  187|0x0000000727000000, 0x0000000727200000, 0x0000000727200000|100%| E|CS|TAMS 0x0000000727000000| PB 0x0000000727000000| Complete  |  0
|  188|0x0000000727200000, 0x0000000727400000, 0x0000000727400000|100%| E|CS|TAMS 0x0000000727200000| PB 0x0000000727200000| Complete  |  0
|  189|0x0000000727400000, 0x0000000727600000, 0x0000000727600000|100%| E|CS|TAMS 0x0000000727400000| PB 0x0000000727400000| Complete  |  0
|  190|0x0000000727600000, 0x0000000727800000, 0x0000000727800000|100%| E|CS|TAMS 0x0000000727600000| PB 0x0000000727600000| Complete  |  0
|  191|0x0000000727800000, 0x0000000727a00000, 0x0000000727a00000|100%| E|CS|TAMS 0x0000000727800000| PB 0x0000000727800000| Complete  |  0
|  192|0x0000000727a00000, 0x0000000727c00000, 0x0000000727c00000|100%| E|CS|TAMS 0x0000000727a00000| PB 0x0000000727a00000| Complete  |  0
|  193|0x0000000727c00000, 0x0000000727e00000, 0x0000000727e00000|100%| E|CS|TAMS 0x0000000727c00000| PB 0x0000000727c00000| Complete  |  0
|  194|0x0000000727e00000, 0x0000000728000000, 0x0000000728000000|100%| E|CS|TAMS 0x0000000727e00000| PB 0x0000000727e00000| Complete  |  0
|  195|0x0000000728000000, 0x0000000728200000, 0x0000000728200000|100%| E|CS|TAMS 0x0000000728000000| PB 0x0000000728000000| Complete  |  0
|  196|0x0000000728200000, 0x0000000728400000, 0x0000000728400000|100%| E|CS|TAMS 0x0000000728200000| PB 0x0000000728200000| Complete  |  0
|  197|0x0000000728400000, 0x0000000728600000, 0x0000000728600000|100%| E|CS|TAMS 0x0000000728400000| PB 0x0000000728400000| Complete  |  0
|  198|0x0000000728600000, 0x0000000728800000, 0x0000000728800000|100%| E|CS|TAMS 0x0000000728600000| PB 0x0000000728600000| Complete  |  0
|  199|0x0000000728800000, 0x0000000728a00000, 0x0000000728a00000|100%| E|CS|TAMS 0x0000000728800000| PB 0x0000000728800000| Complete  |  0
|  200|0x0000000728a00000, 0x0000000728c00000, 0x0000000728c00000|100%| E|CS|TAMS 0x0000000728a00000| PB 0x0000000728a00000| Complete  |  0
|  201|0x0000000728c00000, 0x0000000728e00000, 0x0000000728e00000|100%| E|CS|TAMS 0x0000000728c00000| PB 0x0000000728c00000| Complete  |  0
|  202|0x0000000728e00000, 0x0000000729000000, 0x0000000729000000|100%| E|CS|TAMS 0x0000000728e00000| PB 0x0000000728e00000| Complete  |  0
|  203|0x0000000729000000, 0x0000000729200000, 0x0000000729200000|100%| E|CS|TAMS 0x0000000729000000| PB 0x0000000729000000| Complete  |  0
|  204|0x0000000729200000, 0x0000000729400000, 0x0000000729400000|100%| E|CS|TAMS 0x0000000729200000| PB 0x0000000729200000| Complete  |  0
|  205|0x0000000729400000, 0x0000000729600000, 0x0000000729600000|100%| E|CS|TAMS 0x0000000729400000| PB 0x0000000729400000| Complete  |  0
|  206|0x0000000729600000, 0x0000000729800000, 0x0000000729800000|100%| E|CS|TAMS 0x0000000729600000| PB 0x0000000729600000| Complete  |  0
|  207|0x0000000729800000, 0x0000000729a00000, 0x0000000729a00000|100%| E|CS|TAMS 0x0000000729800000| PB 0x0000000729800000| Complete  |  0
|  208|0x0000000729a00000, 0x0000000729c00000, 0x0000000729c00000|100%| E|CS|TAMS 0x0000000729a00000| PB 0x0000000729a00000| Complete  |  0
|  209|0x0000000729c00000, 0x0000000729e00000, 0x0000000729e00000|100%| E|CS|TAMS 0x0000000729c00000| PB 0x0000000729c00000| Complete  |  0
|  210|0x0000000729e00000, 0x000000072a000000, 0x000000072a000000|100%| E|CS|TAMS 0x0000000729e00000| PB 0x0000000729e00000| Complete  |  0
| 1921|0x00000007ffc00000, 0x00000007ffe00000, 0x00000007ffe00000|100%| O|  |TAMS 0x00000007ffc00000| PB 0x00000007ffc00000| Untracked |  0

Card table byte_map: [0x00007f02f8761000,0x00007f02f8ee4000] _byte_map_base: 0x00007f02f4ee4000
Refinement table byte_map: [0x00007f02f8ee4000,0x00007f02f9667000] _byte_map_base: 0x00007f02f5667000

Marking Bits: (CMBitMap*) 0x00007f02f406f180
 Bits: [0x00007f02d81e7000, 0x00007f02dbdff000)

Polling page: 0x00007f02fc5b0000

Metaspace:
Metaspace        used 87904K, committed 89472K, reserved 1179648K
 class space     used 9509K, committed 10176K, reserved 1048576K

Usage:
  Non-class:     76.56 MB used.
      Class:      9.29 MB used.
       Both:     85.84 MB used.

Virtual space:
  Non-class space:      128.00 MB reserved,      77.44 MB ( 60%) committed,  2 nodes.
      Class space:        1.00 GB reserved,       9.94 MB ( <1%) committed,  1 nodes.
             Both:        1.12 GB reserved,      87.38 MB (  8%) committed. 

Chunk freelists:
   Non-Class:  2.16 MB
       Class:  5.98 MB
        Both:  8.14 MB

MaxMetaspaceSize: unlimited
CompressedClassSpaceSize: 1.00 GB
Initial GC threshold: 21.00 MB
Current GC threshold: 98.56 MB
CDS: on
 - commit_granule_bytes: 65536.
 - commit_granule_words: 8192.
 - virtual_space_node_default_size: 8388608.
 - enlarge_chunks_in_place: 1.
UseCompressedClassPointers 1, UseCompactObjectHeaders 0
Narrow klass pointer bits 32, Max shift 3
Narrow klass base: 0x0000000006000000, Narrow klass shift: 0
Encoding Range: [0x0000000006000000 - 0x0000000106000000), (4294967296 bytes)
Klass Range:    [0x0000000006000000 - 0x0000000047000000), (1090519040 bytes)
Klass ID Range:  [8 - 1090519033) (1090519025)
Protection zone: [0x0000000006000000 - 0x0000000006001000), (4096 bytes)


Internal statistics:

num_allocs_failed_limit: 9.
num_arena_births: 2230.
num_arena_deaths: 0.
num_vsnodes_births: 3.
num_vsnodes_deaths: 0.
num_space_committed: 1396.
num_space_uncommitted: 0.
num_chunks_returned_to_freelist: 9.
num_chunks_taken_from_freelist: 5479.
num_chunk_merges: 9.
num_chunk_splits: 3721.
num_chunks_enlarged: 2661.
num_inconsistent_stats: 0.

CodeHeap 'non-profiled nmethods': size=119168Kb used=6606Kb max_used=6606Kb free=112561Kb
 bounds [0x00007f02e39a0000, 0x00007f02e4020000, 0x00007f02eae00000]
CodeHeap 'profiled nmethods': size=119168Kb used=21256Kb max_used=21256Kb free=97911Kb
 bounds [0x00007f02dbdff000, 0x00007f02dd2cf000, 0x00007f02e325f000]
CodeHeap 'non-nmethods': size=7428Kb used=6341Kb max_used=6988Kb free=1086Kb
 bounds [0x00007f02e325f000, 0x00007f02e394f000, 0x00007f02e39a0000]
CodeCache: size=245764Kb, used=34203Kb, max_used=34850Kb, free=211558Kb
 total_blobs=17246, nmethods=13742, adapters=3396, full_count=0
Compilation: enabled, stopped_count=0, restarted_count=0

Compilation events (20 events):
Event: 35.627 Thread 0x00007f02f410fed0 nmethod 14071 0x00007f02e400f108 code [0x00007f02e400f200, 0x00007f02e400f458]
Event: 35.628 Thread 0x00007f02d0713000 nmethod 14045 0x00007f02e400f488 code [0x00007f02e400f580, 0x00007f02e40119b0]
Event: 35.631 Thread 0x00007f02d0713000 14072       4       jdk.internal.jimage.ImageStringsReader::stringFromByteBufferMatches (138 bytes)
Event: 35.639 Thread 0x000055b8e6dbf4f0 14074       3       java.util.concurrent.atomic.AtomicLong::incrementAndGet (14 bytes)
Event: 35.639 Thread 0x000055b8e6dbf4f0 nmethod 14074 0x00007f02dd2c0608 code [0x00007f02dd2c0700, 0x00007f02dd2c0808]
Event: 35.641 Thread 0x000055b8e6dbf4f0 14075       1       jdk.internal.net.http.common.DebugLogger::on (5 bytes)
Event: 35.642 Thread 0x000055b8e6dbf4f0 nmethod 14075 0x00007f02e4011d08 code [0x00007f02e4011e00, 0x00007f02e4011eb0]
Event: 35.648 Thread 0x00007f02d0713000 nmethod 14072 0x00007f02e4012008 code [0x00007f02e4012100, 0x00007f02e4012788]
Event: 35.779 Thread 0x00007f02b8029b30 14076       1       java.lang.Thread::setContinuation (6 bytes)
Event: 35.779 Thread 0x00007f02f41118a0 14079       1       java.lang.VirtualThread::setCarrierThread (6 bytes)
Event: 35.779 Thread 0x00007f02f41118a0 nmethod 14079 0x00007f02e4012e08 code [0x00007f02e4012f00, 0x00007f02e4013008]
Event: 35.779 Thread 0x00007f02b8029b30 nmethod 14076 0x00007f02e4013108 code [0x00007f02e4013200, 0x00007f02e4013300]
Event: 35.868 Thread 0x00007f02f41118a0 14080       3       java.util.concurrent.CountDownLatch$Sync::tryAcquireShared (13 bytes)
Event: 35.868 Thread 0x00007f02f41118a0 nmethod 14080 0x00007f02dd2c0908 code [0x00007f02dd2c0a00, 0x00007f02dd2c0bf0]
Event: 36.117 Thread 0x00007f02b8029b30 14081       3       java.lang.invoke.MethodHandleNatives::getCharType (8 bytes)
Event: 36.117 Thread 0x00007f02b8029b30 nmethod 14081 0x00007f02dd2c0c08 code [0x00007f02dd2c0d00, 0x00007f02dd2c0ea8]
Event: 36.121 Thread 0x00007f02b8029b30 14083       1       java.util.concurrent.CopyOnWriteArrayList::setArray (6 bytes)
Event: 36.122 Thread 0x00007f02b8029b30 nmethod 14083 0x00007f02e4013708 code [0x00007f02e4013800, 0x00007f02e4013908]
Event: 36.123 Thread 0x00007f02b8029b30 14084       3       java.util.HashMap::clear (50 bytes)
Event: 36.124 Thread 0x00007f02b8029b30 nmethod 14084 0x00007f02dd2c0f08 code [0x00007f02dd2c1000, 0x00007f02dd2c1368]

GC Heap Usage History (20 events):
Event: 23.443 {heap Before GC invocations=23 (full 0):
 garbage-first heap   total reserved 3938304K, committed 442368K, used 293419K [0x000000070fa00000, 0x0000000800000000)
  region size 2M, 121 eden (242M), 8 survivor (16M), 14 old (28M), 1 humongous (2M), 72 free (144M)
}
Event: 23.452 {heap After GC invocations=24 (full 0):
 garbage-first heap   total reserved 3938304K, committed 442368K, used 44796K [0x000000070fa00000, 0x0000000800000000)
  region size 2M, 0 eden (0M), 7 survivor (14M), 14 old (28M), 1 humongous (2M), 194 free (388M)
}
Event: 24.918 {heap Before GC invocations=24 (full 0):
 garbage-first heap   total reserved 3938304K, committed 442368K, used 294652K [0x000000070fa00000, 0x0000000800000000)
  region size 2M, 122 eden (244M), 7 survivor (14M), 14 old (28M), 1 humongous (2M), 72 free (144M)
}
Event: 24.930 {heap After GC invocations=25 (full 0):
 garbage-first heap   total reserved 3938304K, committed 442368K, used 45383K [0x000000070fa00000, 0x0000000800000000)
  region size 2M, 0 eden (0M), 8 survivor (16M), 14 old (28M), 1 humongous (2M), 193 free (386M)
}
Event: 26.224 {heap Before GC invocations=25 (full 0):
 garbage-first heap   total reserved 3938304K, committed 442368K, used 293191K [0x000000070fa00000, 0x0000000800000000)
  region size 2M, 121 eden (242M), 8 survivor (16M), 14 old (28M), 1 humongous (2M), 72 free (144M)
}
Event: 26.229 {heap After GC invocations=26 (full 0):
 garbage-first heap   total reserved 3938304K, committed 442368K, used 45167K [0x000000070fa00000, 0x0000000800000000)
  region size 2M, 0 eden (0M), 8 survivor (16M), 14 old (28M), 1 humongous (2M), 193 free (386M)
}
Event: 27.547 {heap Before GC invocations=26 (full 0):
 garbage-first heap   total reserved 3938304K, committed 442368K, used 292975K [0x000000070fa00000, 0x0000000800000000)
  region size 2M, 121 eden (242M), 8 survivor (16M), 14 old (28M), 1 humongous (2M), 72 free (144M)
}
Event: 27.552 {heap After GC invocations=27 (full 0):
 garbage-first heap   total reserved 3938304K, committed 442368K, used 44953K [0x000000070fa00000, 0x0000000800000000)
  region size 2M, 0 eden (0M), 7 survivor (14M), 14 old (28M), 1 humongous (2M), 194 free (388M)
}
Event: 28.540 {heap Before GC invocations=27 (full 0):
 garbage-first heap   total reserved 3938304K, committed 442368K, used 294809K [0x000000070fa00000, 0x0000000800000000)
  region size 2M, 122 eden (244M), 7 survivor (14M), 14 old (28M), 1 humongous (2M), 72 free (144M)
}
Event: 28.545 {heap After GC invocations=28 (full 0):
 garbage-first heap   total reserved 3938304K, committed 434176K, used 44953K [0x000000070fa00000, 0x0000000800000000)
  region size 2M, 0 eden (0M), 7 survivor (14M), 14 old (28M), 1 humongous (2M), 190 free (380M)
}
Event: 29.989 {heap Before GC invocations=28 (full 0):
 garbage-first heap   total reserved 3938304K, committed 434176K, used 290713K [0x000000070fa00000, 0x0000000800000000)
  region size 2M, 120 eden (240M), 7 survivor (14M), 14 old (28M), 1 humongous (2M), 70 free (140M)
}
Event: 29.994 {heap After GC invocations=29 (full 0):
 garbage-first heap   total reserved 3938304K, committed 434176K, used 44708K [0x000000070fa00000, 0x0000000800000000)
  region size 2M, 0 eden (0M), 7 survivor (14M), 14 old (28M), 1 humongous (2M), 190 free (380M)
}
Event: 31.041 {heap Before GC invocations=29 (full 0):
 garbage-first heap   total reserved 3938304K, committed 434176K, used 290468K [0x000000070fa00000, 0x0000000800000000)
  region size 2M, 120 eden (240M), 7 survivor (14M), 14 old (28M), 1 humongous (2M), 70 free (140M)
}
Event: 31.045 {heap After GC invocations=30 (full 0):
 garbage-first heap   total reserved 3938304K, committed 434176K, used 44906K [0x000000070fa00000, 0x0000000800000000)
  region size 2M, 0 eden (0M), 7 survivor (14M), 14 old (28M), 1 humongous (2M), 190 free (380M)
}
Event: 32.310 {heap Before GC invocations=30 (full 0):
 garbage-first heap   total reserved 3938304K, committed 434176K, used 290666K [0x000000070fa00000, 0x0000000800000000)
  region size 2M, 120 eden (240M), 7 survivor (14M), 14 old (28M), 1 humongous (2M), 70 free (140M)
}
Event: 32.315 {heap After GC invocations=31 (full 0):
 garbage-first heap   total reserved 3938304K, committed 434176K, used 45853K [0x000000070fa00000, 0x0000000800000000)
  region size 2M, 0 eden (0M), 8 survivor (16M), 14 old (28M), 1 humongous (2M), 189 free (378M)
}
Event: 33.794 {heap Before GC invocations=31 (full 0):
 garbage-first heap   total reserved 3938304K, committed 434176K, used 289565K [0x000000070fa00000, 0x0000000800000000)
  region size 2M, 119 eden (238M), 8 survivor (16M), 14 old (28M), 1 humongous (2M), 70 free (140M)
}
Event: 33.799 {heap After GC invocations=32 (full 0):
 garbage-first heap   total reserved 3938304K, committed 434176K, used 45384K [0x000000070fa00000, 0x0000000800000000)
  region size 2M, 0 eden (0M), 8 survivor (16M), 14 old (28M), 1 humongous (2M), 189 free (378M)
}
Event: 34.994 {heap Before GC invocations=32 (full 0):
 garbage-first heap   total reserved 3938304K, committed 434176K, used 289096K [0x000000070fa00000, 0x0000000800000000)
  region size 2M, 119 eden (238M), 8 survivor (16M), 14 old (28M), 1 humongous (2M), 70 free (140M)
}
Event: 34.999 {heap After GC invocations=33 (full 0):
 garbage-first heap   total reserved 3938304K, committed 434176K, used 45377K [0x000000070fa00000, 0x0000000800000000)
  region size 2M, 0 eden (0M), 8 survivor (16M), 14 old (28M), 1 humongous (2M), 189 free (378M)
}

Metaspace Usage History (20 events):
Event: 23.443 {metaspace Before GC invocations=23 (full 0):
 Metaspace       used 85586K, committed 87104K, reserved 1179648K
  class space    used 9277K, committed 9856K, reserved 1048576K
}
Event: 23.452 {metaspace After GC invocations=24 (full 0):
 Metaspace       used 85586K, committed 87104K, reserved 1179648K
  class space    used 9277K, committed 9856K, reserved 1048576K
}
Event: 24.918 {metaspace Before GC invocations=24 (full 0):
 Metaspace       used 85606K, committed 87104K, reserved 1179648K
  class space    used 9277K, committed 9856K, reserved 1048576K
}
Event: 24.930 {metaspace After GC invocations=25 (full 0):
 Metaspace       used 85606K, committed 87104K, reserved 1179648K
  class space    used 9277K, committed 9856K, reserved 1048576K
}
Event: 26.224 {metaspace Before GC invocations=25 (full 0):
 Metaspace       used 85679K, committed 87168K, reserved 1179648K
  class space    used 9281K, committed 9856K, reserved 1048576K
}
Event: 26.229 {metaspace After GC invocations=26 (full 0):
 Metaspace       used 85679K, committed 87168K, reserved 1179648K
  class space    used 9281K, committed 9856K, reserved 1048576K
}
Event: 27.547 {metaspace Before GC invocations=26 (full 0):
 Metaspace       used 85741K, committed 87168K, reserved 1179648K
  class space    used 9283K, committed 9856K, reserved 1048576K
}
Event: 27.552 {metaspace After GC invocations=27 (full 0):
 Metaspace       used 85741K, committed 87168K, reserved 1179648K
  class space    used 9283K, committed 9856K, reserved 1048576K
}
Event: 28.540 {metaspace Before GC invocations=27 (full 0):
 Metaspace       used 85795K, committed 87232K, reserved 1179648K
  class space    used 9286K, committed 9856K, reserved 1048576K
}
Event: 28.545 {metaspace After GC invocations=28 (full 0):
 Metaspace       used 85795K, committed 87232K, reserved 1179648K
  class space    used 9286K, committed 9856K, reserved 1048576K
}
Event: 29.989 {metaspace Before GC invocations=28 (full 0):
 Metaspace       used 85851K, committed 87296K, reserved 1179648K
  class space    used 9290K, committed 9856K, reserved 1048576K
}
Event: 29.994 {metaspace After GC invocations=29 (full 0):
 Metaspace       used 85851K, committed 87296K, reserved 1179648K
  class space    used 9290K, committed 9856K, reserved 1048576K
}
Event: 31.041 {metaspace Before GC invocations=29 (full 0):
 Metaspace       used 85904K, committed 87360K, reserved 1179648K
  class space    used 9290K, committed 9856K, reserved 1048576K
}
Event: 31.045 {metaspace After GC invocations=30 (full 0):
 Metaspace       used 85904K, committed 87360K, reserved 1179648K
  class space    used 9290K, committed 9856K, reserved 1048576K
}
Event: 32.310 {metaspace Before GC invocations=30 (full 0):
 Metaspace       used 85936K, committed 87424K, reserved 1179648K
  class space    used 9290K, committed 9856K, reserved 1048576K
}
Event: 32.315 {metaspace After GC invocations=31 (full 0):
 Metaspace       used 85936K, committed 87424K, reserved 1179648K
  class space    used 9290K, committed 9856K, reserved 1048576K
}
Event: 33.794 {metaspace Before GC invocations=31 (full 0):
 Metaspace       used 85960K, committed 87424K, reserved 1179648K
  class space    used 9290K, committed 9856K, reserved 1048576K
}
Event: 33.799 {metaspace After GC invocations=32 (full 0):
 Metaspace       used 85960K, committed 87424K, reserved 1179648K
  class space    used 9290K, committed 9856K, reserved 1048576K
}
Event: 34.994 {metaspace Before GC invocations=32 (full 0):
 Metaspace       used 86710K, committed 88192K, reserved 1179648K
  class space    used 9377K, committed 9984K, reserved 1048576K
}
Event: 34.999 {metaspace After GC invocations=33 (full 0):
 Metaspace       used 86710K, committed 88192K, reserved 1179648K
  class space    used 9377K, committed 9984K, reserved 1048576K
}

Dll operation events (20 events):
Event: 0.278 Attempting to load shared library /tmp/lwjgl_annihilator/3.3.6+1/x64/liblwjgl.so
Event: 0.279 Loaded shared library /tmp/lwjgl_annihilator/3.3.6+1/x64/liblwjgl.so
Event: 0.809 Attempting to load shared library /usr/lib/jvm/java-26-openjdk/lib/libawt.so
Event: 0.810 Loaded shared library /usr/lib/jvm/java-26-openjdk/lib/libawt.so
Event: 0.811 Attempting to load shared library /usr/lib/jvm/java-26-openjdk/lib/libawt_xawt.so
Event: 0.812 Loaded shared library /usr/lib/jvm/java-26-openjdk/lib/libawt_xawt.so
Event: 0.840 Attempting to load shared library /usr/lib/jvm/java-26-openjdk/lib/libfontmanager.so
Event: 0.841 Loaded shared library /usr/lib/jvm/java-26-openjdk/lib/libfontmanager.so
Event: 0.966 Attempting to load shared library /tmp/lwjgl_annihilator/3.3.6+1/x64/liblwjgl_opengl.so
Event: 0.967 Loaded shared library /tmp/lwjgl_annihilator/3.3.6+1/x64/liblwjgl_opengl.so
Event: 1.062 Attempting to load shared library /home/annihilator/.skiko/skiko-linux-x64-434f7633c843870c0839a1137b128f6c3db3c5d58dcad3545e90827e3e341afb/libskiko-linux-x64.so
Event: 1.097 Loaded shared library /home/annihilator/.skiko/skiko-linux-x64-434f7633c843870c0839a1137b128f6c3db3c5d58dcad3545e90827e3e341afb/libskiko-linux-x64.so
Event: 1.212 Attempting to load shared library /home/annihilator/dev/mpv/build/libmpv.so.2.5.0
Event: 1.310 Loaded shared library /home/annihilator/dev/mpv/build/libmpv.so.2.5.0
Event: 1.313 Attempting to load shared library /usr/lib/jvm/java-26-openjdk/lib/libsyslookup.so
Event: 1.314 Loaded shared library /usr/lib/jvm/java-26-openjdk/lib/libsyslookup.so
Event: 3.658 Attempting to load shared library /usr/lib/jvm/java-26-openjdk/lib/libextnet.so
Event: 3.659 Loaded shared library /usr/lib/jvm/java-26-openjdk/lib/libextnet.so
Event: 4.222 Attempting to load shared library /usr/lib/jvm/java-26-openjdk/lib/libprefs.so
Event: 4.223 Loaded shared library /usr/lib/jvm/java-26-openjdk/lib/libprefs.so

Deoptimization events (20 events):
Event: 36.084 Thread 0x00007f02f5f18400 Uncommon trap: trap_request=0xffffff45 fr.pc=0x00007f02e3f585f4 relative=0x0000000000000074
Event: 36.084 Thread 0x00007f02f5f18400 Uncommon trap: reason=unstable_if action=reinterpret pc=0x00007f02e3f585f4 method=jdk.internal.foreign.AbstractMemorySegmentImpl.equals(Ljava/lang/Object;)Z @ 32 c2
Event: 36.084 Thread 0x00007f02f5f18400 DEOPT PACKING pc=0x00007f02e3f585f4 sp=0x00007f027c0f9750
Event: 36.084 Thread 0x00007f02f5f18400 DEOPT UNPACKING pc=0x00007f02e3382c79 sp=0x00007f027c0f9708 mode 2
Event: 36.117 Thread 0x00007f02f54fc530 Uncommon trap: trap_request=0xffffffde fr.pc=0x00007f02e3f3d4b8 relative=0x0000000000000638
Event: 36.117 Thread 0x00007f02f54fc530 Uncommon trap: reason=class_check action=maybe_recompile pc=0x00007f02e3f3d4b8 method=java.awt.event.InvocationEvent.dispatch()V @ 11 c2
Event: 36.117 Thread 0x00007f02f54fc530 DEOPT PACKING pc=0x00007f02e3f3d4b8 sp=0x00007f027c3fb650
Event: 36.117 Thread 0x00007f02f54fc530 DEOPT UNPACKING pc=0x00007f02e3382c79 sp=0x00007f027c3fb598 mode 2
Event: 36.118 Thread 0x00007f02f54fc530 Uncommon trap: trap_request=0xffffff45 fr.pc=0x00007f02e3f3f69c relative=0x000000000000081c
Event: 36.118 Thread 0x00007f02f54fc530 Uncommon trap: reason=unstable_if action=reinterpret pc=0x00007f02e3f3f69c method=org.jetbrains.skia.impl.CleanableImpl.remove()Z @ 23 c2
Event: 36.118 Thread 0x00007f02f54fc530 DEOPT PACKING pc=0x00007f02e3f3f69c sp=0x00007f027c3fb3a0
Event: 36.118 Thread 0x00007f02f54fc530 DEOPT UNPACKING pc=0x00007f02e3382c79 sp=0x00007f027c3fb2d8 mode 2
Event: 36.123 Thread 0x00007f02f5727920 Uncommon trap: trap_request=0xffffffde fr.pc=0x00007f02e4007784 relative=0x0000000000001384
Event: 36.123 Thread 0x00007f02f5727920 Uncommon trap: reason=class_check action=maybe_recompile pc=0x00007f02e4007784 method=java.util.TreeMap.put(Ljava/lang/Object;Ljava/lang/Object;Z)Ljava/lang/Object; @ 118 c2
Event: 36.123 Thread 0x00007f02f5727920 DEOPT PACKING pc=0x00007f02e4007784 sp=0x00007f02633b3390
Event: 36.123 Thread 0x00007f02f5727920 DEOPT UNPACKING pc=0x00007f02e3382c79 sp=0x00007f02633b3350 mode 2
Event: 36.123 Thread 0x00007f02a83bfdb0 Uncommon trap: trap_request=0xffffffde fr.pc=0x00007f02e4007784 relative=0x0000000000001384
Event: 36.123 Thread 0x00007f02a83bfdb0 Uncommon trap: reason=class_check action=maybe_recompile pc=0x00007f02e4007784 method=java.util.TreeMap.put(Ljava/lang/Object;Ljava/lang/Object;Z)Ljava/lang/Object; @ 118 c2
Event: 36.123 Thread 0x00007f02a83bfdb0 DEOPT PACKING pc=0x00007f02e4007784 sp=0x00007f02437fdc10
Event: 36.123 Thread 0x00007f02a83bfdb0 DEOPT UNPACKING pc=0x00007f02e3382c79 sp=0x00007f02437fdbd0 mode 2

Classes loaded (20 events):
Event: 35.604 Loading class java/util/concurrent/CompletableFuture$UniComposeExceptionally
Event: 35.604 Loading class java/util/concurrent/CompletableFuture$UniComposeExceptionally done
Event: 35.604 Loading class java/util/concurrent/CompletableFuture$AsyncSupply
Event: 35.604 Loading class java/util/concurrent/CompletableFuture$AsyncSupply done
Event: 35.634 Loading class java/util/function/LongBinaryOperator
Event: 35.634 Loading class java/util/function/LongBinaryOperator done
Event: 35.635 Loading class java/util/concurrent/CompletableFuture$UniHandle
Event: 35.635 Loading class java/util/concurrent/CompletableFuture$UniHandle done
Event: 35.636 Loading class java/util/concurrent/CompletableFuture$UniRelay
Event: 35.636 Loading class java/util/concurrent/CompletableFuture$UniRelay done
Event: 35.637 Loading class java/util/concurrent/CompletableFuture$UniWhenComplete
Event: 35.637 Loading class java/util/concurrent/CompletableFuture$UniWhenComplete done
Event: 35.638 Loading class java/util/concurrent/CompletableFuture$Signaller
Event: 35.638 Loading class java/util/concurrent/CompletableFuture$Signaller done
Event: 36.121 Loading class sun/awt/X11/XSystemTrayPeer
Event: 36.121 Loading class java/awt/peer/SystemTrayPeer
Event: 36.122 Loading class java/awt/peer/SystemTrayPeer done
Event: 36.122 Loading class sun/awt/X11/XMSelectionListener
Event: 36.122 Loading class sun/awt/X11/XMSelectionListener done
Event: 36.122 Loading class sun/awt/X11/XSystemTrayPeer done

Classes unloaded (0 events):
No events

Classes redefined (0 events):
No events

Internal exceptions (20 events):
Event: 29.055 Thread 0x00007f02f54fc530 Exception <a 'java/io/IOException'{0x000000072528b958}> (0x000000072528b958) 
thrown [/usr/src/debug/java-openjdk/jdk26u-jdk-26.0.2.1-1/src/hotspot/share/prims/jni.cpp, line 514]
Event: 30.057 Thread 0x00007f02f54fc530 Exception <a 'java/io/IOException'{0x0000000728dc5a40}> (0x0000000728dc5a40) 
thrown [/usr/src/debug/java-openjdk/jdk26u-jdk-26.0.2.1-1/src/hotspot/share/prims/jni.cpp, line 514]
Event: 30.320 Thread 0x00007f02f54fc530 Implicit null exception at 0x00007f02e3e1a38c to 0x00007f02e3e1a9e4
Event: 31.058 Thread 0x00007f02f54fc530 Exception <a 'java/io/IOException'{0x0000000729e14b88}> (0x0000000729e14b88) 
thrown [/usr/src/debug/java-openjdk/jdk26u-jdk-26.0.2.1-1/src/hotspot/share/prims/jni.cpp, line 514]
Event: 32.079 Thread 0x00007f02f54fc530 Exception <a 'java/io/IOException'{0x000000071e609898}> (0x000000071e609898) 
thrown [/usr/src/debug/java-openjdk/jdk26u-jdk-26.0.2.1-1/src/hotspot/share/prims/jni.cpp, line 514]
Event: 33.081 Thread 0x00007f02f54fc530 Exception <a 'java/io/IOException'{0x000000072212c098}> (0x000000072212c098) 
thrown [/usr/src/debug/java-openjdk/jdk26u-jdk-26.0.2.1-1/src/hotspot/share/prims/jni.cpp, line 514]
Event: 34.103 Thread 0x00007f02f54fc530 Exception <a 'java/io/IOException'{0x0000000725720568}> (0x0000000725720568) 
thrown [/usr/src/debug/java-openjdk/jdk26u-jdk-26.0.2.1-1/src/hotspot/share/prims/jni.cpp, line 514]
Event: 34.240 Thread 0x00007f02a82a4fd0 Exception <a 'java/lang/ClassNotFoundException'{0x000000072302b948}: com/sun/org/apache/xml/internal/serializer/spi/XMLEntitiesProvider> (0x000000072302b948) 
thrown [/usr/src/debug/java-openjdk/jdk26u-jdk-26.0.2.1-1/src/hotspot/share/classfile/systemDictionary.cpp, line 330]
Event: 35.128 Thread 0x00007f02f54fc530 Exception <a 'java/io/IOException'{0x0000000726613d68}> (0x0000000726613d68) 
thrown [/usr/src/debug/java-openjdk/jdk26u-jdk-26.0.2.1-1/src/hotspot/share/prims/jni.cpp, line 514]
Event: 35.420 Thread 0x00007f02f401ffc0 Exception <a 'java/lang/NoSuchMethodError'{0x0000000724320da8}: 'java.lang.Object java.lang.invoke.DirectMethodHandle$Holder.invokeStatic(java.lang.Object, java.lang.Object, int, int, int)'> (0x0000000724320da8) 
thrown [/usr/src/debug/java-openjdk/jdk26u-jdk-26.0.2.1-1/src/hotspot/share/interpreter/linkResolver.cpp, line 803]
Event: 35.421 Thread 0x00007f02f401ffc0 Exception <a 'java/lang/NoSuchMethodError'{0x00000007243319d0}: 'java.lang.Object java.lang.invoke.DirectMethodHandle$Holder.newInvokeSpecial(java.lang.Object, java.lang.Object, int, int, int)'> (0x00000007243319d0) 
thrown [/usr/src/debug/java-openjdk/jdk26u-jdk-26.0.2.1-1/src/hotspot/share/interpreter/linkResolver.cpp, line 803]
Event: 35.421 Thread 0x00007f02f401ffc0 Exception <a 'java/lang/NoSuchMethodError'{0x000000072433a4a8}: 'java.lang.Object java.lang.invoke.Invokers$Holder.linkToTargetMethod(java.lang.Object, int, int, int, java.lang.Object)'> (0x000000072433a4a8) 
thrown [/usr/src/debug/java-openjdk/jdk26u-jdk-26.0.2.1-1/src/hotspot/share/interpreter/linkResolver.cpp, line 803]
Event: 35.594 Thread 0x00007f02f54fc530 Exception <a 'sun/nio/fs/UnixException'{0x0000000721fed198}> (0x0000000721fed198) 
thrown [/usr/src/debug/java-openjdk/jdk26u-jdk-26.0.2.1-1/src/hotspot/share/prims/jni.cpp, line 514]
Event: 35.619 Thread 0x00007f02a8266ab0 Exception <a 'java/lang/IncompatibleClassChangeError'{0x0000000721b540d8}: Found class java.lang.Object, but interface was expected> (0x0000000721b540d8) 
thrown [/usr/src/debug/java-openjdk/jdk26u-jdk-26.0.2.1-1/src/hotspot/share/interpreter/linkResolver.cpp, line 871]
Event: 35.637 Thread 0x00007f02907fd3d0 Exception <a 'java/lang/NoSuchMethodError'{0x000000072188a4e8}: 'void java.lang.invoke.DirectMethodHandle$Holder.invokeStatic(java.lang.Object, java.lang.Object, int)'> (0x000000072188a4e8) 
thrown [/usr/src/debug/java-openjdk/jdk26u-jdk-26.0.2.1-1/src/hotspot/share/interpreter/linkResolver.cpp, line 803]
Event: 35.638 Thread 0x00007f02907fd3d0 Exception <a 'java/net/ConnectException'{0x00000007218a2a88}> (0x00000007218a2a88) 
thrown [/usr/src/debug/java-openjdk/jdk26u-jdk-26.0.2.1-1/src/hotspot/share/prims/jni.cpp, line 514]
Event: 35.642 Thread 0x00007f02907fd3d0 Exception <a 'java/net/ConnectException'{0x00000007219559a0}> (0x00000007219559a0) 
thrown [/usr/src/debug/java-openjdk/jdk26u-jdk-26.0.2.1-1/src/hotspot/share/prims/jni.cpp, line 514]
Event: 36.118 Thread 0x00007f02f54fc530 Implicit null exception at 0x00007f02e3f3ef56 to 0x00007f02e3f3f678
Event: 36.123 Thread 0x00007f02907fd3d0 Exception <a 'java/net/ConnectException'{0x0000000721731098}> (0x0000000721731098) 
thrown [/usr/src/debug/java-openjdk/jdk26u-jdk-26.0.2.1-1/src/hotspot/share/prims/jni.cpp, line 514]
Event: 36.124 Thread 0x00007f02907fd3d0 Exception <a 'java/net/ConnectException'{0x0000000721732218}> (0x0000000721732218) 
thrown [/usr/src/debug/java-openjdk/jdk26u-jdk-26.0.2.1-1/src/hotspot/share/prims/jni.cpp, line 514]

VM Operations (20 events):
Event: 27.552 Executing safepoint VM operation: G1CollectForAllocation (G1 Evacuation Pause) done
Event: 28.540 Executing safepoint VM operation: G1CollectForAllocation (G1 Evacuation Pause)
Event: 28.545 Executing safepoint VM operation: G1CollectForAllocation (G1 Evacuation Pause) done
Event: 29.989 Executing safepoint VM operation: G1CollectForAllocation (G1 Evacuation Pause)
Event: 29.994 Executing safepoint VM operation: G1CollectForAllocation (G1 Evacuation Pause) done
Event: 31.040 Executing safepoint VM operation: G1CollectForAllocation (G1 Evacuation Pause)
Event: 31.045 Executing safepoint VM operation: G1CollectForAllocation (G1 Evacuation Pause) done
Event: 32.310 Executing safepoint VM operation: G1CollectForAllocation (G1 Evacuation Pause)
Event: 32.315 Executing safepoint VM operation: G1CollectForAllocation (G1 Evacuation Pause) done
Event: 33.794 Executing safepoint VM operation: G1CollectForAllocation (G1 Evacuation Pause)
Event: 33.799 Executing safepoint VM operation: G1CollectForAllocation (G1 Evacuation Pause) done
Event: 34.994 Executing safepoint VM operation: G1CollectForAllocation (G1 Evacuation Pause)
Event: 34.999 Executing safepoint VM operation: G1CollectForAllocation (G1 Evacuation Pause) done
Event: 35.591 Executing non-safepoint VM operation: HandshakeAllThreads (Deoptimize)
Event: 35.591 Executing non-safepoint VM operation: HandshakeAllThreads (Deoptimize) done
Event: 35.604 Executing non-safepoint VM operation: HandshakeAllThreads (Deoptimize)
Event: 35.604 Executing non-safepoint VM operation: HandshakeAllThreads (Deoptimize) done
Event: 36.117 Executing non-safepoint VM operation: HandshakeAllThreads (CloseScopedMemory)
Event: 36.117 Executing non-safepoint VM operation: HandshakeAllThreads (CloseScopedMemory) done
Event: 36.124 Executing safepoint VM operation: Exit

Memory protections (20 events):
Event: 15.392 Protecting memory [0x00007f0294005000,0x00007f0294006000] with protection modes 1
Event: 15.736 Protecting memory [0x00007f02509dc000,0x00007f02509e0000] with protection modes 0
Event: 15.746 Protecting memory [0x00007f02468f9000,0x00007f02468fd000] with protection modes 0
Event: 15.746 Protecting memory [0x00007f02466f7000,0x00007f02466fb000] with protection modes 0
Event: 15.746 Protecting memory [0x00007f0243700000,0x00007f0243704000] with protection modes 0
Event: 16.671 Protecting memory [0x00007f023a7f2000,0x00007f023a7f6000] with protection modes 0
Event: 16.823 Protecting memory [0x00007f02509dc000,0x00007f02509e0000] with protection modes 0
Event: 17.298 Protecting memory [0x00007f02436c0000,0x00007f02436c4000] with protection modes 0
Event: 18.966 Protecting memory [0x00007f02509dc000,0x00007f02509e0000] with protection modes 0
Event: 18.966 Protecting memory [0x00007f02436c0000,0x00007f02436c4000] with protection modes 0
Event: 22.999 Protecting memory [0x00007f02509dc000,0x00007f02509e0000] with protection modes 0
Event: 30.391 Protecting memory [0x00007f027bffb000,0x00007f027bfff000] with protection modes 0
Event: 34.252 Protecting memory [0x00007f027bffb000,0x00007f027bfff000] with protection modes 0
Event: 35.583 Protecting memory [0x00007f027bffb000,0x00007f027bfff000] with protection modes 0
Event: 35.597 Protecting memory [0x00007f02509dc000,0x00007f02509e0000] with protection modes 0
Event: 35.639 Protecting memory [0x00007f0243700000,0x00007f0243704000] with protection modes 0
Event: 36.121 Protecting memory [0x00007f027bffb000,0x00007f027bfff000] with protection modes 0
Event: 36.121 Protecting memory [0x00007f02b313e000,0x00007f02b3142000] with protection modes 0
Event: 36.121 Protecting memory [0x00007f02b303d000,0x00007f02b3041000] with protection modes 0
Event: 36.121 Protecting memory [0x00007f02632b6000,0x00007f02632ba000] with protection modes 0

Nmethod flushes (20 events):
Event: 4.623 Thread 0x00007f02f40ff8b0 flushing  nmethod 0x00007f02dbe8fe88
Event: 4.623 Thread 0x00007f02f40ff8b0 flushing  nmethod 0x00007f02dbe90888
Event: 4.623 Thread 0x00007f02f40ff8b0 flushing  nmethod 0x00007f02dbeacc88
Event: 4.623 Thread 0x00007f02f40ff8b0 flushing  nmethod 0x00007f02dbeacf88
Event: 4.623 Thread 0x00007f02f40ff8b0 flushing  nmethod 0x00007f02dbeadb08
Event: 4.623 Thread 0x00007f02f40ff8b0 flushing  nmethod 0x00007f02dbeaec08
Event: 4.623 Thread 0x00007f02f40ff8b0 flushing  nmethod 0x00007f02dbeaf308
Event: 4.623 Thread 0x00007f02f40ff8b0 flushing  nmethod 0x00007f02dbecd988
Event: 4.623 Thread 0x00007f02f40ff8b0 flushing  nmethod 0x00007f02dbee4b88
Event: 4.623 Thread 0x00007f02f40ff8b0 flushing  nmethod 0x00007f02dbf06d08
Event: 4.623 Thread 0x00007f02f40ff8b0 flushing  nmethod 0x00007f02dbf30088
Event: 4.623 Thread 0x00007f02f40ff8b0 flushing  nmethod 0x00007f02dbfdfa08
Event: 4.623 Thread 0x00007f02f40ff8b0 flushing  nmethod 0x00007f02dc02d888
Event: 4.623 Thread 0x00007f02f40ff8b0 flushing  nmethod 0x00007f02dc02f388
Event: 4.623 Thread 0x00007f02f40ff8b0 flushing  nmethod 0x00007f02dc0c6488
Event: 4.623 Thread 0x00007f02f40ff8b0 flushing  nmethod 0x00007f02dc103b88
Event: 4.623 Thread 0x00007f02f40ff8b0 flushing  nmethod 0x00007f02dc198288
Event: 4.623 Thread 0x00007f02f40ff8b0 flushing  nmethod 0x00007f02dc1cdb08
Event: 4.623 Thread 0x00007f02f40ff8b0 flushing  nmethod 0x00007f02dc1cf808
Event: 4.623 Thread 0x00007f02f40ff8b0 flushing  nmethod 0x00007f02dc1d2388

Events (20 events):
Event: 34.395 Thread 0x00007f02d070e380 Thread exited: 0x00007f02d070e380
Event: 35.583 Thread 0x00007f02f401ffc0 Thread added: 0x00007f02f5f18400
Event: 35.597 Thread 0x00007f02b8029b30 Thread added: 0x00007f02d0713000
Event: 35.639 Thread 0x00007f02907fd3d0 Thread added: 0x00007f02a83bfdb0
Event: 35.738 Thread 0x00007f02f5727920 Thread exited: 0x00007f02f5727920
Event: 35.779 Thread 0x00007f02d0713000 Thread exited: 0x00007f02d0713000
Event: 35.806 Thread 0x00007f02a8403fe0 Thread exited: 0x00007f02a8403fe0
Event: 36.084 Thread 0x00007f02f562c200 Thread exited: 0x00007f02f562c200
Event: 36.118 Thread 0x00007f02f5f18400 Thread exited: 0x00007f02f5f18400
Event: 36.121 Thread 0x00007f02f401ffc0 Thread added: 0x00007f02f4ac7ce0
Event: 36.121 Thread 0x00007f02f401ffc0 Thread added: 0x00007f02f56a7d30
Event: 36.121 Thread 0x00007f02f401ffc0 Thread added: 0x00007f02f48b3830
Event: 36.121 Thread 0x00007f02f401ffc0 Thread added: 0x00007f02f5727920
Event: 36.121 Thread 0x00007f02a82a4fd0 Thread exited: 0x00007f02a82a4fd0
Event: 36.121 Thread 0x00007f02f56a7d30 Thread exited: 0x00007f02f56a7d30
Event: 36.122 Thread 0x00007f02f48b3830 Thread exited: 0x00007f02f48b3830
Event: 36.122 Thread 0x00007f02f4ac7ce0 Thread exited: 0x00007f02f4ac7ce0
Event: 36.124 Thread 0x00007f02f5727920 Thread exited: 0x00007f02f5727920
Event: 36.124 Thread 0x00007f02f401ffc0 Before exit entered
Event: 36.124 Thread 0x00007f02f401ffc0 JVMTI - enter dead phase


Dynamic libraries:
06000000-06001000 ---p 00000000 00:00 0 
06001000-06da7000 rw-p 00001000 103:02 7880813                           /usr/lib/jvm/java-26-openjdk/lib/server/classes.jsa
06da7000-07000000 ---p 00000000 00:00 0 
07000000-07040000 rw-p 00000000 00:00 0 
07040000-070c0000 rw-p 00000000 00:00 0 
070c0000-07100000 rw-p 00000000 00:00 0 
07100000-07340000 rw-p 00000000 00:00 0 
07340000-07380000 rw-p 00000000 00:00 0 
07380000-07400000 rw-p 00000000 00:00 0 
07400000-07480000 rw-p 00000000 00:00 0 
07480000-074e0000 rw-p 00000000 00:00 0 
074e0000-075c0000 rw-p 00000000 00:00 0 
075c0000-07600000 rw-p 00000000 00:00 0 
07600000-079c0000 rw-p 00000000 00:00 0 
079c0000-079e0000 rw-p 00000000 00:00 0 
079e0000-07a00000 ---p 00000000 00:00 0 
07a00000-07a10000 rw-p 00000000 00:00 0 
07a10000-47000000 ---p 00000000 00:00 0 
47000000-470ac000 rw-p 00000000 00:00 0 
470ac000-470ae000 r-xs 00000000 00:01 716010                             /memfd:/.glXXXXXX (deleted)
200000000-300200000 ---p 00000000 00:00 0 
70fa00000-72a000000 rw-p 00000000 00:00 0 
72a000000-7ffc00000 ---p 00000000 00:00 0 
7ffc00000-7ffe00000 rw-p 00000000 00:00 0 
7ffe00000-800000000 ---p 00000000 00:00 0 
55b8b5e59000-55b8b5e5a000 r--p 00000000 103:02 7876111                   /usr/lib/jvm/java-26-openjdk/bin/java
55b8b5e5a000-55b8b5e5b000 r-xp 00001000 103:02 7876111                   /usr/lib/jvm/java-26-openjdk/bin/java
55b8b5e5b000-55b8b5e5c000 r--p 00002000 103:02 7876111                   /usr/lib/jvm/java-26-openjdk/bin/java
55b8b5e5c000-55b8b5e5d000 r--p 00002000 103:02 7876111                   /usr/lib/jvm/java-26-openjdk/bin/java
55b8b5e5d000-55b8b5e5e000 rw-p 00003000 103:02 7876111                   /usr/lib/jvm/java-26-openjdk/bin/java
55b8e6ae1000-55b8e91bc000 rw-p 00000000 00:00 0                          [heap]
7f01ac000000-7f01ad6ba000 rw-p 00000000 00:00 0 
7f01ad6ba000-7f01b0000000 ---p 00000000 00:00 0 
7f01b4000000-7f01b7fe3000 rw-p 00000000 00:00 0 
7f01b7fe3000-7f01b8000000 ---p 00000000 00:00 0 
7f01b8000000-7f01bbfb0000 rw-p 00000000 00:00 0 
7f01bbfb0000-7f01bc000000 ---p 00000000 00:00 0 
7f01bc000000-7f01bffd5000 rw-p 00000000 00:00 0 
7f01bffd5000-7f01c0000000 ---p 00000000 00:00 0 
7f01c4000000-7f01c7ff7000 rw-p 00000000 00:00 0 
7f01c7ff7000-7f01c8000000 ---p 00000000 00:00 0 
7f01c8000000-7f01cbff9000 rw-p 00000000 00:00 0 
7f01cbff9000-7f01cc000000 ---p 00000000 00:00 0 
7f01cc000000-7f01cffc6000 rw-p 00000000 00:00 0 
7f01cffc6000-7f01d0000000 ---p 00000000 00:00 0 
7f01d4000000-7f01d4fec000 rw-p 00000000 00:00 0 
7f01d4fec000-7f01d8000000 ---p 00000000 00:00 0 
7f01d8000000-7f01dbff0000 rw-p 00000000 00:00 0 
7f01dbff0000-7f01dc000000 ---p 00000000 00:00 0 
7f01dc000000-7f01dffe9000 rw-p 00000000 00:00 0 
7f01dffe9000-7f01e0000000 ---p 00000000 00:00 0 
7f01e4000000-7f01e7ffa000 rw-p 00000000 00:00 0 
7f01e7ffa000-7f01e8000000 ---p 00000000 00:00 0 
7f01e8000000-7f01ebff0000 rw-p 00000000 00:00 0 
7f01ebff0000-7f01ec000000 ---p 00000000 00:00 0 
7f01ec000000-7f01effc3000 rw-p 00000000 00:00 0 
7f01effc3000-7f01f0000000 ---p 00000000 00:00 0 
7f01f4000000-7f01f7fe9000 rw-p 00000000 00:00 0 
7f01f7fe9000-7f01f8000000 ---p 00000000 00:00 0 
7f0228000000-7f022a2df000 rw-p 00000000 00:00 0 
7f022a2df000-7f022c000000 ---p 00000000 00:00 0 
7f023aff2000-7f023bff4000 rw-p 00000000 00:00 0 
7f023cff6000-7f023d1f6000 rw-s 00000000 00:07 1110                       /dev/nvidiactl
7f023d1f6000-7f023d1f7000 rw-p 00000000 00:00 0 
7f023d1f7000-7f023d1fb000 ---p 00000000 00:00 0 
7f023d1fb000-7f023d2f8000 rw-p 00000000 00:00 0 
7f023d2f8000-7f023d2fc000 ---p 00000000 00:00 0 
7f023d2fc000-7f023d3f9000 rw-p 00000000 00:00 0 
7f023d3f9000-7f023d3fd000 ---p 00000000 00:00 0 
7f023d3fd000-7f023d4fa000 rw-p 00000000 00:00 0 
7f023d4fa000-7f023d4fe000 ---p 00000000 00:00 0 
7f023d4fe000-7f023d5fa000 rw-p 00000000 00:00 0 
7f023d5fa000-7f023d9fa000 rw-s 00000000 00:07 1110                       /dev/nvidiactl
7f023d9fa000-7f023d9fb000 rw-p 00000000 00:00 0 
7f023d9fb000-7f023d9ff000 ---p 00000000 00:00 0 
7f023d9ff000-7f023dafc000 rw-p 00000000 00:00 0 
7f023dafc000-7f023db00000 ---p 00000000 00:00 0 
7f023db00000-7f023dbfd000 rw-p 00000000 00:00 0 
7f023dbfd000-7f023dc01000 ---p 00000000 00:00 0 
7f023dc01000-7f023dcfe000 rw-p 00000000 00:00 0 
7f023dcfe000-7f023dd02000 ---p 00000000 00:00 0 
7f023dd02000-7f023ddff000 rw-p 00000000 00:00 0 
7f023ddff000-7f023de03000 ---p 00000000 00:00 0 
7f023de03000-7f023df00000 rw-p 00000000 00:00 0 
7f023df00000-7f023df04000 ---p 00000000 00:00 0 
7f023df04000-7f023e000000 rw-p 00000000 00:00 0 
7f023e000000-7f023e200000 rw-p 00000000 00:00 0 
7f023e200000-7f023e300000 rw-p 00000000 00:00 0 
7f023e300000-7f023e400000 rw-p 00000000 00:00 0 
7f023e400000-7f023ed60000 rw-p 00000000 00:00 0 
7f023ed60000-7f023ed80000 ---p 00000000 00:00 0 
7f023ed80000-7f023ed90000 rw-p 00000000 00:00 0 
7f023ed90000-7f0242000000 ---p 00000000 00:00 0 
7f0242078000-7f0242079000 rw-p 00000000 00:00 0 
7f0242079000-7f024207d000 ---p 00000000 00:00 0 
7f024207d000-7f024217a000 rw-p 00000000 00:00 0 
7f024217a000-7f024217e000 ---p 00000000 00:00 0 
7f024217e000-7f024227b000 rw-p 00000000 00:00 0 
7f024227b000-7f024227f000 ---p 00000000 00:00 0 
7f024227f000-7f024237c000 rw-p 00000000 00:00 0 
7f024237c000-7f0242380000 ---p 00000000 00:00 0 
7f0242380000-7f024247d000 rw-p 00000000 00:00 0 
7f024247d000-7f0242481000 ---p 00000000 00:00 0 
7f0242481000-7f024257d000 rw-p 00000000 00:00 0 
7f0242c00000-7f024362e000 r--p 00000000 103:02 5649983                   /usr/share/fonts/noto/NotoColorEmoji.ttf
7f02436ff000-7f0243700000 rw-p 00000000 00:00 0 
7f0243700000-7f0243704000 ---p 00000000 00:00 0 
7f0243704000-7f0243800000 rw-p 00000000 00:00 0 
7f0243800000-7f024422e000 r--p 00000000 103:02 5649983                   /usr/share/fonts/noto/NotoColorEmoji.ttf
7f02442cb000-7f024434b000 rw-s 00000000 00:07 1110                       /dev/nvidiactl
7f024434b000-7f02443ef000 r--p 00000000 103:02 5652750                   /usr/share/fonts/noto/NotoSansSymbols2-Regular.ttf
7f02443ef000-7f024448a000 r--p 00000000 103:02 5641617                   /usr/share/fonts/noto/NotoSans-Bold.ttf
7f024448a000-7f0244522000 r--p 00000000 103:02 5641624                   /usr/share/fonts/noto/NotoSans-Regular.ttf
7f0244522000-7f02445dc000 r--p 00000000 103:02 5131297                   /usr/share/fonts/TTF/DejaVuSans.ttf
7f02445dc000-7f0244674000 r--p 00000000 103:02 5641622                   /usr/share/fonts/noto/NotoSans-Medium.ttf
7f0244674000-7f02446da000 r--p 00000000 103:02 5013908                   /usr/share/fonts/liberation/LiberationSans-Bold.ttf
7f02446da000-7f02446db000 rw-p 00000000 00:00 0 
7f02446db000-7f02446df000 ---p 00000000 00:00 0 
7f02446df000-7f02447dc000 rw-p 00000000 00:00 0 
7f02447dc000-7f02447e0000 ---p 00000000 00:00 0 
7f02447e0000-7f02448dd000 rw-p 00000000 00:00 0 
7f02448dd000-7f02448e1000 ---p 00000000 00:00 0 
7f02448e1000-7f02449de000 rw-p 00000000 00:00 0 
7f02449de000-7f02449e2000 ---p 00000000 00:00 0 
7f02449e2000-7f0244adf000 rw-p 00000000 00:00 0 
7f0244adf000-7f0244ae3000 ---p 00000000 00:00 0 
7f0244ae3000-7f0244be0000 rw-p 00000000 00:00 0 
7f0244be0000-7f0244be4000 ---p 00000000 00:00 0 
7f0244be4000-7f0244ce1000 rw-p 00000000 00:00 0 
7f0244ce1000-7f0244ce5000 ---p 00000000 00:00 0 
7f0244ce5000-7f0244de2000 rw-p 00000000 00:00 0 
7f0244de2000-7f0244de6000 ---p 00000000 00:00 0 
7f0244de6000-7f0244ee3000 rw-p 00000000 00:00 0 
7f0244ee3000-7f0244ee7000 ---p 00000000 00:00 0 
7f0244ee7000-7f0244fe4000 rw-p 00000000 00:00 0 
7f0244fe4000-7f0244fe8000 ---p 00000000 00:00 0 
7f0244fe8000-7f02450e5000 rw-p 00000000 00:00 0 
7f02450e5000-7f02450e9000 ---p 00000000 00:00 0 
7f02450e9000-7f02451e6000 rw-p 00000000 00:00 0 
7f02451e6000-7f02451ea000 ---p 00000000 00:00 0 
7f02451ea000-7f02452e7000 rw-p 00000000 00:00 0 
7f02452e7000-7f02452eb000 ---p 00000000 00:00 0 
7f02452eb000-7f02453e8000 rw-p 00000000 00:00 0 
7f02453e8000-7f02453ec000 ---p 00000000 00:00 0 
7f02453ec000-7f02454e9000 rw-p 00000000 00:00 0 
7f02454e9000-7f02454ed000 ---p 00000000 00:00 0 
7f02454ed000-7f02455ea000 rw-p 00000000 00:00 0 
7f02455ea000-7f02455ee000 ---p 00000000 00:00 0 
7f02455ee000-7f02456eb000 rw-p 00000000 00:00 0 
7f02456eb000-7f02456ef000 ---p 00000000 00:00 0 
7f02456ef000-7f02457ec000 rw-p 00000000 00:00 0 
7f02457ec000-7f02457f0000 ---p 00000000 00:00 0 
7f02457f0000-7f02458ed000 rw-p 00000000 00:00 0 
7f02458ed000-7f02458f1000 ---p 00000000 00:00 0 
7f02458f1000-7f02459ee000 rw-p 00000000 00:00 0 
7f02459ee000-7f02459f2000 ---p 00000000 00:00 0 
7f02459f2000-7f0245aef000 rw-p 00000000 00:00 0 
7f0245aef000-7f0245af3000 ---p 00000000 00:00 0 
7f0245af3000-7f0245bf0000 rw-p 00000000 00:00 0 
7f0245bf0000-7f0245bf4000 ---p 00000000 00:00 0 
7f0245bf4000-7f0245cf1000 rw-p 00000000 00:00 0 
7f0245cf1000-7f0245cf5000 ---p 00000000 00:00 0 
7f0245cf5000-7f0245df2000 rw-p 00000000 00:00 0 
7f0245df2000-7f0245df6000 ---p 00000000 00:00 0 
7f0245df6000-7f0245ef3000 rw-p 00000000 00:00 0 
7f0245ef3000-7f0245ef7000 ---p 00000000 00:00 0 
7f0245ef7000-7f0245ff4000 rw-p 00000000 00:00 0 
7f0245ff4000-7f0245ff8000 ---p 00000000 00:00 0 
7f0245ff8000-7f02460f5000 rw-p 00000000 00:00 0 
7f02460f5000-7f02460f9000 ---p 00000000 00:00 0 
7f02460f9000-7f02461f5000 rw-p 00000000 00:00 0 
7f02461f5000-7f02465f5000 rw-s 00000000 00:07 1110                       /dev/nvidiactl
7f02465f5000-7f02465f6000 rw-p 00000000 00:00 0 
7f02465f6000-7f02465fa000 ---p 00000000 00:00 0 
7f02465fa000-7f02466f6000 rw-p 00000000 00:00 0 
7f02467f7000-7f02467f8000 rw-p 00000000 00:00 0 
7f02467f8000-7f02467fc000 ---p 00000000 00:00 0 
7f02467fc000-7f02468f8000 rw-p 00000000 00:00 0 
7f02469f9000-7f0246af9000 rw-s 00000000 00:07 1110                       /dev/nvidiactl
7f0246af9000-7f02472fa000 rw-p 00000000 00:00 0 
7f02472fa000-7f02474fa000 rw-s 00000000 00:07 1112                       /dev/nvidia0
7f02474fa000-7f02476fa000 rw-s 00000000 00:07 1110                       /dev/nvidiactl
7f02476fa000-7f02478fa000 rw-s 00000000 00:07 1110                       /dev/nvidiactl
7f02478fa000-7f0247afa000 rw-s 00000000 00:07 1110                       /dev/nvidiactl
7f0247afa000-7f0247afb000 rw-p 00000000 00:00 0 
7f0247afb000-7f0247aff000 ---p 00000000 00:00 0 
7f0247aff000-7f0247fff000 rw-p 00000000 00:00 0 
7f0248a2f000-7f0248add000 r--p 00000000 103:02 5131293                   /usr/share/fonts/TTF/DejaVuSans-Bold.ttf
7f0248add000-7f0248ade000 rw-p 00000000 00:00 0 
7f0248ade000-7f0248ae2000 ---p 00000000 00:00 0 
7f0248ae2000-7f0248bde000 rw-p 00000000 00:00 0 
7f024a600000-7f0250600000 ---p 00000000 00:00 0 
7f0250616000-7f0250619000 r--p 00000000 103:02 4720955                   /usr/lib/libnss_resolve.so.2
7f0250619000-7f025064c000 r-xp 00003000 103:02 4720955                   /usr/lib/libnss_resolve.so.2
7f025064c000-7f0250664000 r--p 00036000 103:02 4720955                   /usr/lib/libnss_resolve.so.2
7f0250664000-7f025066b000 r--p 0004e000 103:02 4720955                   /usr/lib/libnss_resolve.so.2
7f025066b000-7f025066c000 rw-p 00055000 103:02 4720955                   /usr/lib/libnss_resolve.so.2
7f025066c000-7f0250670000 r--p 00000000 103:02 4720953                   /usr/lib/libnss_mymachines.so.2
7f0250670000-7f02506c1000 r-xp 00004000 103:02 4720953                   /usr/lib/libnss_mymachines.so.2
7f02506c1000-7f02506db000 r--p 00055000 103:02 4720953                   /usr/lib/libnss_mymachines.so.2
7f02506db000-7f02506de000 r--p 0006f000 103:02 4720953                   /usr/lib/libnss_mymachines.so.2
7f02506de000-7f02506df000 rw-p 00072000 103:02 4720953                   /usr/lib/libnss_mymachines.so.2
7f02506df000-7f02507e0000 rw-p 00000000 00:00 0 
7f0250827000-7f025083a000 rw-s 00000000 00:07 1110                       /dev/nvidiactl
7f025083a000-7f025087a000 rw-s 00000000 00:07 1110                       /dev/nvidiactl
7f025087a000-7f025089a000 rw-s 00000000 00:07 1110                       /dev/nvidiactl
7f025089a000-7f02508da000 rw-s 00000000 00:07 1110                       /dev/nvidiactl
7f02508da000-7f02509db000 rw-p 00000000 00:00 0 
7f0250adc000-7f0250add000 rw-p 00000000 00:00 0 
7f0250add000-7f0250ae1000 ---p 00000000 00:00 0 
7f0250ae1000-7f0250bdd000 rw-p 00000000 00:00 0 
7f02513de000-7f02525ff000 ---p 00000000 00:00 0 
7f02525ff000-7f0252e00000 rw-p 00000000 00:00 0 
7f0252e00000-7f0252fa8000 r--p 00000000 103:02 4826311                   /usr/lib/libcuda.so.610.57.04
7f0252fa8000-7f0254223000 r-xp 001a8000 103:02 4826311                   /usr/lib/libcuda.so.610.57.04
7f0254223000-7f02597ea000 r--p 01423000 103:02 4826311                   /usr/lib/libcuda.so.610.57.04
7f02597ea000-7f02597eb000 ---p 069ea000 103:02 4826311                   /usr/lib/libcuda.so.610.57.04
7f02597eb000-7f0259967000 r--p 069ea000 103:02 4826311                   /usr/lib/libcuda.so.610.57.04
7f0259967000-7f025996c000 rw-p 06b66000 103:02 4826311                   /usr/lib/libcuda.so.610.57.04
7f025996c000-7f02599d4000 rw-p 00000000 00:00 0 
7f02599e5000-7f0259a05000 rw-s 00000000 00:07 1110                       /dev/nvidiactl
7f0259a05000-7f0259a45000 rw-s 00000000 00:07 1110                       /dev/nvidiactl
7f0259a45000-7f0259a55000 -w-s 00000000 00:07 1112                       /dev/nvidia0
7f025a256000-7f025a2d6000 rw-s 00000000 00:07 1110                       /dev/nvidiactl
7f025a2d6000-7f025a4d6000 rw-s 00000000 00:07 1110                       /dev/nvidiactl
7f025b7fe000-7f025b87e000 rw-s 00000000 00:07 1110                       /dev/nvidiactl
7f025c980000-7f025ca00000 rw-s 00000000 00:07 1110                       /dev/nvidiactl
7f025ca00000-7f025ca33000 r--p 00000000 103:02 4833039                   /usr/lib/libnvidia-glvkspirv.so.610.57.04
7f025ca33000-7f025d1fc000 r-xp 00033000 103:02 4833039                   /usr/lib/libnvidia-glvkspirv.so.610.57.04
7f025d1fc000-7f025d34c000 r--p 007fc000 103:02 4833039                   /usr/lib/libnvidia-glvkspirv.so.610.57.04
7f025d34c000-7f025d34d000 ---p 0094c000 103:02 4833039                   /usr/lib/libnvidia-glvkspirv.so.610.57.04
7f025d34d000-7f025d35f000 r--p 0094c000 103:02 4833039                   /usr/lib/libnvidia-glvkspirv.so.610.57.04
7f025d35f000-7f025d3ed000 rw-p 0095e000 103:02 4833039                   /usr/lib/libnvidia-glvkspirv.so.610.57.04
7f025d3ed000-7f025d402000 rw-p 00000000 00:00 0 
7f025d405000-7f025d406000 rw-s 00000000 00:07 1110                       /dev/nvidiactl
7f025d500000-7f025d580000 rw-s 00000000 00:07 1112                       /dev/nvidia0
7f025d5fb000-7f025d60b000 rw-s 00000000 00:07 1112                       /dev/nvidia0
7f025d60b000-7f025d617000 r--p 00000000 103:02 4751819                   /usr/lib/libxcb-glx.so.0.0.0
7f025d617000-7f025d620000 r-xp 0000c000 103:02 4751819                   /usr/lib/libxcb-glx.so.0.0.0
7f025d620000-7f025d625000 r--p 00015000 103:02 4751819                   /usr/lib/libxcb-glx.so.0.0.0
7f025d625000-7f025d627000 r--p 0001a000 103:02 4751819                   /usr/lib/libxcb-glx.so.0.0.0
7f025d627000-7f025d628000 rw-p 0001c000 103:02 4751819                   /usr/lib/libxcb-glx.so.0.0.0
7f025d628000-7f025d729000 rw-p 00000000 00:00 0 
7f02632b5000-7f02632b6000 rw-p 00000000 00:00 0 
7f02632b6000-7f02632ba000 ---p 00000000 00:00 0 
7f02632ba000-7f0263bb7000 rw-p 00000000 00:00 0 
7f0263bb7000-7f0263bc0000 r--p 00000000 103:02 4769004                   /usr/lib/libFLAC.so.14.0.0
7f0263bc0000-7f0263bf6000 r-xp 00009000 103:02 4769004                   /usr/lib/libFLAC.so.14.0.0
7f0263bf6000-7f0263bfe000 r--p 0003f000 103:02 4769004                   /usr/lib/libFLAC.so.14.0.0
7f0263bfe000-7f0263bff000 r--p 00047000 103:02 4769004                   /usr/lib/libFLAC.so.14.0.0
7f0263bff000-7f0263c00000 rw-p 00048000 103:02 4769004                   /usr/lib/libFLAC.so.14.0.0
7f0263c00000-7f0263cc3000 r--p 00000000 103:02 4812054                   /usr/lib/libglycin-2.so.0
7f0263cc3000-7f0263fe0000 r-xp 000c2000 103:02 4812054                   /usr/lib/libglycin-2.so.0
7f0263fe0000-7f0263ff9000 r--p 003de000 103:02 4812054                   /usr/lib/libglycin-2.so.0
7f0263ff9000-7f0263ffd000 rw-p 003f6000 103:02 4812054                   /usr/lib/libglycin-2.so.0
7f0263ffd000-7f0263ffe000 rw-s 00000000 00:07 1110                       /dev/nvidiactl
7f0264000000-7f0264049000 r--p 00000000 103:02 4817127                   /usr/lib/libSPIRV-Tools-opt.so
7f0264049000-7f0264212000 r-xp 00049000 103:02 4817127                   /usr/lib/libSPIRV-Tools-opt.so
7f0264212000-7f026426b000 r--p 00212000 103:02 4817127                   /usr/lib/libSPIRV-Tools-opt.so
7f026426b000-7f026427b000 r--p 0026b000 103:02 4817127                   /usr/lib/libSPIRV-Tools-opt.so
7f026427b000-7f026427c000 rw-p 0027b000 103:02 4817127                   /usr/lib/libSPIRV-Tools-opt.so
7f026427c000-7f026427d000 r-xp 00000000 00:00 0 
7f026427d000-7f026427e000 r--p 00000000 00:00 0 
7f02642a4000-7f02642a9000 r--p 00000000 103:02 4755422                   /usr/lib/libsndfile.so.1.0.37
7f02642a9000-7f026430f000 r-xp 00005000 103:02 4755422                   /usr/lib/libsndfile.so.1.0.37
7f026430f000-7f0264328000 r--p 0006b000 103:02 4755422                   /usr/lib/libsndfile.so.1.0.37
7f0264328000-7f026432b000 r--p 00084000 103:02 4755422                   /usr/lib/libsndfile.so.1.0.37
7f026432b000-7f026432c000 rw-p 00087000 103:02 4755422                   /usr/lib/libsndfile.so.1.0.37
7f026432c000-7f026432e000 rw-p 00000000 00:00 0 
7f026432e000-7f0264330000 r--p 00000000 103:02 4769564                   /usr/lib/libv4lconvert.so.0.0.0
7f0264330000-7f026434b000 r-xp 00002000 103:02 4769564                   /usr/lib/libv4lconvert.so.0.0.0
7f026434b000-7f0264353000 r--p 0001d000 103:02 4769564                   /usr/lib/libv4lconvert.so.0.0.0
7f0264353000-7f0264355000 r--p 00025000 103:02 4769564                   /usr/lib/libv4lconvert.so.0.0.0
7f0264355000-7f0264356000 rw-p 00027000 103:02 4769564                   /usr/lib/libv4lconvert.so.0.0.0
7f0264356000-7f02643a8000 rw-p 00000000 00:00 0 
7f02643a8000-7f02643b9000 r--p 00000000 103:02 4732432                   /usr/lib/libkrb5.so.3.3
7f02643b9000-7f0264429000 r-xp 00011000 103:02 4732432                   /usr/lib/libkrb5.so.3.3
7f0264429000-7f0264467000 r--p 00081000 103:02 4732432                   /usr/lib/libkrb5.so.3.3
7f0264467000-7f0264475000 r--p 000bf000 103:02 4732432                   /usr/lib/libkrb5.so.3.3
7f0264475000-7f0264477000 rw-p 000cd000 103:02 4732432                   /usr/lib/libkrb5.so.3.3
7f0264477000-7f0264486000 r--p 00000000 103:02 4735687                   /usr/lib/libunistring.so.5.2.1
7f0264486000-7f02644ca000 r-xp 0000f000 103:02 4735687                   /usr/lib/libunistring.so.5.2.1
7f02644ca000-7f0264659000 r--p 00053000 103:02 4735687                   /usr/lib/libunistring.so.5.2.1
7f0264659000-7f026465d000 r--p 001e2000 103:02 4735687                   /usr/lib/libunistring.so.5.2.1
7f026465d000-7f026465e000 rw-p 001e6000 103:02 4735687                   /usr/lib/libunistring.so.5.2.1
7f026465e000-7f0264665000 r--p 00000000 103:02 4770278                   /usr/lib/libp11-kit.so.0.4.11
7f0264665000-7f026474e000 r-xp 00007000 103:02 4770278                   /usr/lib/libp11-kit.so.0.4.11
7f026474e000-7f02647e0000 r--p 000f0000 103:02 4770278                   /usr/lib/libp11-kit.so.0.4.11
7f02647e0000-7f02647f1000 r--p 00181000 103:02 4770278                   /usr/lib/libp11-kit.so.0.4.11
7f02647f1000-7f0264800000 rw-p 00192000 103:02 4770278                   /usr/lib/libp11-kit.so.0.4.11
7f0264800000-7f026481a000 r--p 00000000 103:02 4760330                   /usr/lib/libleancrypto.so.1
7f026481a000-7f0264938000 r-xp 0001a000 103:02 4760330                   /usr/lib/libleancrypto.so.1
7f0264938000-7f0264a5b000 r--p 00138000 103:02 4760330                   /usr/lib/libleancrypto.so.1
7f0264a5b000-7f0264a61000 r--p 0025b000 103:02 4760330                   /usr/lib/libleancrypto.so.1
7f0264a61000-7f0264a63000 rw-p 00261000 103:02 4760330                   /usr/lib/libleancrypto.so.1
7f0264a64000-7f0264a65000 r-xp 00000000 00:00 0 
7f0264a65000-7f0264a66000 r--p 00000000 00:00 0 
7f0264a66000-7f0264a67000 r-xp 00000000 00:00 0 
7f0264a67000-7f0264a68000 r--p 00000000 00:00 0 
7f0264a78000-7f0264a7a000 r--p 00000000 103:02 4734009                   /usr/lib/libseccomp.so.2.6.0
7f0264a7a000-7f0264a8a000 r-xp 00002000 103:02 4734009                   /usr/lib/libseccomp.so.2.6.0
7f0264a8a000-7f0264aa3000 r--p 00012000 103:02 4734009                   /usr/lib/libseccomp.so.2.6.0
7f0264aa3000-7f0264aa4000 r--p 0002b000 103:02 4734009                   /usr/lib/libseccomp.so.2.6.0
7f0264aa4000-7f0264aa5000 rw-p 0002c000 103:02 4734009                   /usr/lib/libseccomp.so.2.6.0
7f0264aa5000-7f0264ab3000 r--p 00000000 103:02 5905684                   /usr/lib/libOpenGL.so.0.0.0
7f0264ab3000-7f0264abe000 r-xp 0000e000 103:02 5905684                   /usr/lib/libOpenGL.so.0.0.0
7f0264abe000-7f0264ac3000 r--p 00019000 103:02 5905684                   /usr/lib/libOpenGL.so.0.0.0
7f0264ac3000-7f0264ac8000 r--p 0001e000 103:02 5905684                   /usr/lib/libOpenGL.so.0.0.0
7f0264ac8000-7f0264ac9000 rw-p 00023000 103:02 5905684                   /usr/lib/libOpenGL.so.0.0.0
7f0264ac9000-7f0264acc000 r--p 00000000 103:02 4777131                   /usr/lib/libmd.so.0.2.0
7f0264acc000-7f0264ad8000 r-xp 00003000 103:02 4777131                   /usr/lib/libmd.so.0.2.0
7f0264ad8000-7f0264ada000 r--p 0000f000 103:02 4777131                   /usr/lib/libmd.so.0.2.0
7f0264ada000-7f0264adb000 r--p 00011000 103:02 4777131                   /usr/lib/libmd.so.0.2.0
7f0264adb000-7f0264adc000 rw-p 00012000 103:02 4777131                   /usr/lib/libmd.so.0.2.0
7f0264adc000-7f0264aea000 r--p 00000000 103:02 4758220                   /usr/lib/libnettle.so.9.0
7f0264aea000-7f0264b1c000 r-xp 0000e000 103:02 4758220                   /usr/lib/libnettle.so.9.0
7f0264b1c000-7f0264b34000 r--p 00040000 103:02 4758220                   /usr/lib/libnettle.so.9.0
7f0264b34000-7f0264b37000 r--p 00057000 103:02 4758220                   /usr/lib/libnettle.so.9.0
7f0264b37000-7f0264b38000 rw-p 0005a000 103:02 4758220                   /usr/lib/libnettle.so.9.0
7f0264b38000-7f0264b40000 r--p 00000000 103:02 4738622                   /usr/lib/libhogweed.so.7.0
7f0264b40000-7f0264b53000 r-xp 00008000 103:02 4738622                   /usr/lib/libhogweed.so.7.0
7f0264b53000-7f0264b7c000 r--p 0001b000 103:02 4738622                   /usr/lib/libhogweed.so.7.0
7f0264b7c000-7f0264b7e000 r--p 00043000 103:02 4738622                   /usr/lib/libhogweed.so.7.0
7f0264b7e000-7f0264b7f000 rw-p 00045000 103:02 4738622                   /usr/lib/libhogweed.so.7.0
7f0264b7f000-7f0264b83000 r--p 00000000 103:02 4830241                   /usr/lib/libpgm-5.3.so.0.0.128
7f0264b83000-7f0264bab000 r-xp 00004000 103:02 4830241                   /usr/lib/libpgm-5.3.so.0.0.128
7f0264bab000-7f0264bc4000 r--p 0002c000 103:02 4830241                   /usr/lib/libpgm-5.3.so.0.0.128
7f0264bc4000-7f0264bc5000 r--p 00045000 103:02 4830241                   /usr/lib/libpgm-5.3.so.0.0.128
7f0264bc5000-7f0264bc6000 rw-p 00046000 103:02 4830241                   /usr/lib/libpgm-5.3.so.0.0.128
7f0264bc6000-7f0264bca000 rw-p 00000000 00:00 0 
7f0264bca000-7f0264bd9000 r--p 00000000 103:02 4811985                   /usr/lib/libsodium.so.26.4.0
7f0264bd9000-7f0264c2c000 r-xp 0000f000 103:02 4811985                   /usr/lib/libsodium.so.26.4.0
7f0264c2c000-7f0264c3e000 r--p 00062000 103:02 4811985                   /usr/lib/libsodium.so.26.4.0
7f0264c3e000-7f0264c3f000 r--p 00074000 103:02 4811985                   /usr/lib/libsodium.so.26.4.0
7f0264c3f000-7f0264c40000 rw-p 00075000 103:02 4811985                   /usr/lib/libsodium.so.26.4.0
7f0264c40000-7f0264c45000 r--p 00000000 103:02 4722184                   /usr/lib/libmvec.so.1
7f0264c45000-7f0264c67000 r-xp 00005000 103:02 4722184                   /usr/lib/libmvec.so.1
7f0264c67000-7f0264d3e000 r--p 00027000 103:02 4722184                   /usr/lib/libmvec.so.1
7f0264d3e000-7f0264d3f000 r--p 000fe000 103:02 4722184                   /usr/lib/libmvec.so.1
7f0264d3f000-7f0264d40000 rw-p 000ff000 103:02 4722184                   /usr/lib/libmvec.so.1
7f0264d40000-7f0264d41000 r--p 00000000 103:02 4814598                   /usr/lib/libbrotlienc.so.1.2.0
7f0264d41000-7f0264dae000 r-xp 00001000 103:02 4814598                   /usr/lib/libbrotlienc.so.1.2.0
7f0264dae000-7f0264dfe000 r--p 0006e000 103:02 4814598                   /usr/lib/libbrotlienc.so.1.2.0
7f0264dfe000-7f0264dff000 r--p 000bd000 103:02 4814598                   /usr/lib/libbrotlienc.so.1.2.0
7f0264dff000-7f0264e00000 rw-p 000be000 103:02 4814598                   /usr/lib/libbrotlienc.so.1.2.0
7f0264e00000-7f0264e11000 r--p 00000000 103:02 4756846                   /usr/lib/libslang.so.2.3.3
7f0264e11000-7f0264ef2000 r-xp 00011000 103:02 4756846                   /usr/lib/libslang.so.2.3.3
7f0264ef2000-7f0264f33000 r--p 000f2000 103:02 4756846                   /usr/lib/libslang.so.2.3.3
7f0264f33000-7f0264f4a000 r--p 00132000 103:02 4756846                   /usr/lib/libslang.so.2.3.3
7f0264f4a000-7f0264f54000 rw-p 00149000 103:02 4756846                   /usr/lib/libslang.so.2.3.3
7f0264f54000-7f02650f0000 rw-p 00000000 00:00 0 
7f02650f2000-7f02650f5000 r--p 00000000 103:02 4722208                   /usr/lib/libresolv.so.2
7f02650f5000-7f02650fe000 r-xp 00003000 103:02 4722208                   /usr/lib/libresolv.so.2
7f02650fe000-7f0265101000 r--p 0000c000 103:02 4722208                   /usr/lib/libresolv.so.2
7f0265101000-7f0265102000 r--p 0000f000 103:02 4722208                   /usr/lib/libresolv.so.2
7f0265102000-7f0265103000 rw-p 00010000 103:02 4722208                   /usr/lib/libresolv.so.2
7f0265103000-7f0265105000 rw-p 00000000 00:00 0 
7f0265105000-7f0265108000 r--p 00000000 103:02 4732383                   /usr/lib/libk5crypto.so.3.1
7f0265108000-7f0265124000 r-xp 00003000 103:02 4732383                   /usr/lib/libk5crypto.so.3.1
7f0265124000-7f0265130000 r--p 0001f000 103:02 4732383                   /usr/lib/libk5crypto.so.3.1
7f0265130000-7f0265132000 r--p 0002a000 103:02 4732383                   /usr/lib/libk5crypto.so.3.1
7f0265132000-7f0265133000 rw-p 0002c000 103:02 4732383                   /usr/lib/libk5crypto.so.3.1
7f0265133000-7f026513e000 r--p 00000000 103:02 4815516                   /usr/lib/libgomp.so.1.0.0
7f026513e000-7f026517c000 r-xp 0000b000 103:02 4815516                   /usr/lib/libgomp.so.1.0.0
7f026517c000-7f026518b000 r--p 00049000 103:02 4815516                   /usr/lib/libgomp.so.1.0.0
7f026518b000-7f026518c000 r--p 00057000 103:02 4815516                   /usr/lib/libgomp.so.1.0.0
7f026518c000-7f026518d000 rw-p 00058000 103:02 4815516                   /usr/lib/libgomp.so.1.0.0
7f026518d000-7f0265198000 r--p 00000000 103:02 4758350                   /usr/lib/libglut.so.3.13.0
7f0265198000-7f02651b2000 r-xp 0000b000 103:02 4758350                   /usr/lib/libglut.so.3.13.0
7f02651b2000-7f02651cc000 r--p 00025000 103:02 4758350                   /usr/lib/libglut.so.3.13.0
7f02651cc000-7f02651d0000 r--p 0003f000 103:02 4758350                   /usr/lib/libglut.so.3.13.0
7f02651d0000-7f02651d7000 rw-p 00043000 103:02 4758350                   /usr/lib/libglut.so.3.13.0
7f02651d7000-7f026523b000 rw-p 00000000 00:00 0 
7f026523b000-7f026525f000 r--p 00000000 103:02 4754125                   /usr/lib/libdb-5.3.so
7f026525f000-7f02653bc000 r-xp 00024000 103:02 4754125                   /usr/lib/libdb-5.3.so
7f02653bc000-7f02653f5000 r--p 00181000 103:02 4754125                   /usr/lib/libdb-5.3.so
7f02653f5000-7f02653ff000 r--p 001b9000 103:02 4754125                   /usr/lib/libdb-5.3.so
7f02653ff000-7f0265400000 rw-p 001c3000 103:02 4754125                   /usr/lib/libdb-5.3.so
7f0265400000-7f0265419000 r--p 00000000 103:02 4773780                   /usr/lib/libfftw3.so.3.7.11
7f0265419000-7f02655f5000 r-xp 00019000 103:02 4773780                   /usr/lib/libfftw3.so.3.7.11
7f02655f5000-7f026561c000 r--p 001f5000 103:02 4773780                   /usr/lib/libfftw3.so.3.7.11
7f026561c000-7f026562d000 r--p 0021c000 103:02 4773780                   /usr/lib/libfftw3.so.3.7.11
7f026562d000-7f026562e000 rw-p 0022d000 103:02 4773780                   /usr/lib/libfftw3.so.3.7.11
7f0265633000-7f0265637000 r--p 00000000 103:02 4771010                   /usr/lib/libmpg123.so.0.49.4
7f0265637000-7f0265675000 r-xp 00004000 103:02 4771010                   /usr/lib/libmpg123.so.0.49.4
7f0265675000-7f0265690000 r--p 00042000 103:02 4771010                   /usr/lib/libmpg123.so.0.49.4
7f0265690000-7f0265691000 r--p 0005d000 103:02 4771010                   /usr/lib/libmpg123.so.0.49.4
7f0265691000-7f0265692000 rw-p 0005e000 103:02 4771010                   /usr/lib/libmpg123.so.0.49.4
7f0265692000-7f0265693000 r--p 00000000 103:02 4768927                   /usr/lib/libsamplerate.so.0.2.2
7f0265693000-7f0265698000 r-xp 00001000 103:02 4768927                   /usr/lib/libsamplerate.so.0.2.2
7f0265698000-7f02657fe000 r--p 00006000 103:02 4768927                   /usr/lib/libsamplerate.so.0.2.2
7f02657fe000-7f02657ff000 r--p 0016b000 103:02 4768927                   /usr/lib/libsamplerate.so.0.2.2
7f02657ff000-7f0265800000 rw-p 0016c000 103:02 4768927                   /usr/lib/libsamplerate.so.0.2.2
7f0265800000-7f0265853000 r--p 00000000 103:02 4726308                   /usr/lib/libcrypto.so.3
7f0265853000-7f0265bff000 r-xp 00053000 103:02 4726308                   /usr/lib/libcrypto.so.3
7f0265bff000-7f0265d25000 r--p 003ff000 103:02 4726308                   /usr/lib/libcrypto.so.3
7f0265d25000-7f0265da3000 r--p 00525000 103:02 4726308                   /usr/lib/libcrypto.so.3
7f0265da3000-7f0265da6000 rw-p 005a3000 103:02 4726308                   /usr/lib/libcrypto.so.3
7f0265da6000-7f0265da9000 rw-p 00000000 00:00 0 
7f0265dab000-7f0265dac000 r--p 00000000 103:02 4763243                   /usr/lib/libXxf86vm.so.1.0.0
7f0265dac000-7f0265daf000 r-xp 00001000 103:02 4763243                   /usr/lib/libXxf86vm.so.1.0.0
7f0265daf000-7f0265db0000 r--p 00004000 103:02 4763243                   /usr/lib/libXxf86vm.so.1.0.0
7f0265db0000-7f0265db1000 r--p 00004000 103:02 4763243                   /usr/lib/libXxf86vm.so.1.0.0
7f0265db1000-7f0265db2000 rw-p 00005000 103:02 4763243                   /usr/lib/libXxf86vm.so.1.0.0
7f0265db2000-7f0265db4000 r--p 00000000 103:02 4788180                   /usr/lib/libasyncns.so.0.3.1
7f0265db4000-7f0265db7000 r-xp 00002000 103:02 4788180                   /usr/lib/libasyncns.so.0.3.1
7f0265db7000-7f0265db8000 r--p 00005000 103:02 4788180                   /usr/lib/libasyncns.so.0.3.1
7f0265db8000-7f0265db9000 r--p 00005000 103:02 4788180                   /usr/lib/libasyncns.so.0.3.1
7f0265db9000-7f0265dba000 rw-p 00006000 103:02 4788180                   /usr/lib/libasyncns.so.0.3.1
7f0265dba000-7f0265dbc000 r--p 00000000 103:02 4732141                   /usr/lib/libkeyutils.so.1.10
7f0265dbc000-7f0265dbe000 r-xp 00002000 103:02 4732141                   /usr/lib/libkeyutils.so.1.10
7f0265dbe000-7f0265dbf000 r--p 00004000 103:02 4732141                   /usr/lib/libkeyutils.so.1.10
7f0265dbf000-7f0265dc0000 r--p 00004000 103:02 4732141                   /usr/lib/libkeyutils.so.1.10
7f0265dc0000-7f0265dc1000 rw-p 00005000 103:02 4732141                   /usr/lib/libkeyutils.so.1.10
7f0265dc1000-7f0265dc3000 r--p 00000000 103:02 4737522                   /usr/lib/libtasn1.so.6.6.5
7f0265dc3000-7f0265dd2000 r-xp 00002000 103:02 4737522                   /usr/lib/libtasn1.so.6.6.5
7f0265dd2000-7f0265dd5000 r--p 00011000 103:02 4737522                   /usr/lib/libtasn1.so.6.6.5
7f0265dd5000-7f0265dd6000 r--p 00014000 103:02 4737522                   /usr/lib/libtasn1.so.6.6.5
7f0265dd6000-7f0265dd7000 rw-p 00015000 103:02 4737522                   /usr/lib/libtasn1.so.6.6.5
7f0265dd7000-7f0265dd8000 r--p 00000000 103:02 4815185                   /usr/lib/libjxl_cms.so.0.12.0
7f0265dd8000-7f0265df9000 r-xp 00001000 103:02 4815185                   /usr/lib/libjxl_cms.so.0.12.0
7f0265df9000-7f0265dfe000 r--p 00022000 103:02 4815185                   /usr/lib/libjxl_cms.so.0.12.0
7f0265dfe000-7f0265dff000 r--p 00027000 103:02 4815185                   /usr/lib/libjxl_cms.so.0.12.0
7f0265dff000-7f0265e00000 rw-p 00028000 103:02 4815185                   /usr/lib/libjxl_cms.so.0.12.0
7f0265e00000-7f0265e09000 r--p 00000000 103:02 4835513                   /usr/lib/libglslang.so.16.4.0
7f0265e09000-7f02660e3000 r-xp 00009000 103:02 4835513                   /usr/lib/libglslang.so.16.4.0
7f02660e3000-7f0266198000 r--p 002e3000 103:02 4835513                   /usr/lib/libglslang.so.16.4.0
7f0266198000-7f02661a7000 r--p 00397000 103:02 4835513                   /usr/lib/libglslang.so.16.4.0
7f02661a7000-7f02661a9000 rw-p 003a6000 103:02 4835513                   /usr/lib/libglslang.so.16.4.0
7f02661a9000-7f02668bd000 rw-p 00000000 00:00 0 
7f02668bf000-7f02668c2000 r--p 00000000 103:02 4732435                   /usr/lib/libkrb5support.so.0.1
7f02668c2000-7f02668c9000 r-xp 00003000 103:02 4732435                   /usr/lib/libkrb5support.so.0.1
7f02668c9000-7f02668cc000 r--p 0000a000 103:02 4732435                   /usr/lib/libkrb5support.so.0.1
7f02668cc000-7f02668cd000 r--p 0000c000 103:02 4732435                   /usr/lib/libkrb5support.so.0.1
7f02668cd000-7f02668ce000 rw-p 0000d000 103:02 4732435                   /usr/lib/libkrb5support.so.0.1
7f02668ce000-7f02668d1000 r--p 00000000 103:02 4777363                   /usr/lib/libGLU.so.1.3.1
7f02668d1000-7f026691b000 r-xp 00003000 103:02 4777363                   /usr/lib/libGLU.so.1.3.1
7f026691b000-7f0266926000 r--p 0004d000 103:02 4777363                   /usr/lib/libGLU.so.1.3.1
7f0266926000-7f0266927000 r--p 00058000 103:02 4777363                   /usr/lib/libGLU.so.1.3.1
7f0266927000-7f0266928000 rw-p 00059000 103:02 4777363                   /usr/lib/libGLU.so.1.3.1
7f0266928000-7f026693c000 r--p 00000000 103:02 5005676                   /usr/lib/pulseaudio/libpulsecommon-17.0.so
7f026693c000-7f0266986000 r-xp 00014000 103:02 5005676                   /usr/lib/pulseaudio/libpulsecommon-17.0.so
7f0266986000-7f02669a5000 r--p 0005e000 103:02 5005676                   /usr/lib/pulseaudio/libpulsecommon-17.0.so
7f02669a5000-7f02669a7000 r--p 0007d000 103:02 5005676                   /usr/lib/pulseaudio/libpulsecommon-17.0.so
7f02669a7000-7f02669a8000 rw-p 0007f000 103:02 5005676                   /usr/lib/pulseaudio/libpulsecommon-17.0.so
7f02669a8000-7f02669b1000 r--p 00000000 103:02 4732365                   /usr/lib/libgssapi_krb5.so.2.2
7f02669b1000-7f02669f1000 r-xp 00009000 103:02 4732365                   /usr/lib/libgssapi_krb5.so.2.2
7f02669f1000-7f02669fd000 r--p 00049000 103:02 4732365                   /usr/lib/libgssapi_krb5.so.2.2
7f02669fd000-7f02669ff000 r--p 00055000 103:02 4732365                   /usr/lib/libgssapi_krb5.so.2.2
7f02669ff000-7f0266a00000 rw-p 00057000 103:02 4732365                   /usr/lib/libgssapi_krb5.so.2.2
7f0266a00000-7f0266a25000 r--p 00000000 103:02 4738682                   /usr/lib/libgnutls.so.30.42.0
7f0266a25000-7f0266b7b000 r-xp 00025000 103:02 4738682                   /usr/lib/libgnutls.so.30.42.0
7f0266b7b000-7f0266bf9000 r--p 0017b000 103:02 4738682                   /usr/lib/libgnutls.so.30.42.0
7f0266bf9000-7f0266c0b000 r--p 001f8000 103:02 4738682                   /usr/lib/libgnutls.so.30.42.0
7f0266c0b000-7f0266c0e000 rw-p 0020a000 103:02 4738682                   /usr/lib/libgnutls.so.30.42.0
7f0266c0e000-7f0266c11000 rw-p 00000000 00:00 0 
7f0266c16000-7f0266c18000 r--p 00000000 103:02 4816273                   /usr/lib/libvorbisfile.so.3.3.8
7f0266c18000-7f0266c1d000 r-xp 00002000 103:02 4816273                   /usr/lib/libvorbisfile.so.3.3.8
7f0266c1d000-7f0266c1e000 r--p 00007000 103:02 4816273                   /usr/lib/libvorbisfile.so.3.3.8
7f0266c1e000-7f0266c1f000 r--p 00007000 103:02 4816273                   /usr/lib/libvorbisfile.so.3.3.8
7f0266c1f000-7f0266c20000 rw-p 00008000 103:02 4816273                   /usr/lib/libvorbisfile.so.3.3.8
7f0266c20000-7f0266c34000 r--p 00000000 103:02 4726312                   /usr/lib/libssl.so.3
7f0266c34000-7f0266ce1000 r-xp 00014000 103:02 4726312                   /usr/lib/libssl.so.3
7f0266ce1000-7f0266d09000 r--p 000c1000 103:02 4726312                   /usr/lib/libssl.so.3
7f0266d09000-7f0266d13000 r--p 000e9000 103:02 4726312                   /usr/lib/libssl.so.3
7f0266d13000-7f0266d17000 rw-p 000f3000 103:02 4726312                   /usr/lib/libssl.so.3
7f0266d17000-7f0266d32000 r--p 00000000 103:02 4768894                   /usr/lib/libsrt.so.1.5.6
7f0266d32000-7f0266dd6000 r-xp 0001b000 103:02 4768894                   /usr/lib/libsrt.so.1.5.6
7f0266dd6000-7f0266df7000 r--p 000bf000 103:02 4768894                   /usr/lib/libsrt.so.1.5.6
7f0266df7000-7f0266dfa000 r--p 000e0000 103:02 4768894                   /usr/lib/libsrt.so.1.5.6
7f0266dfa000-7f0266dfb000 rw-p 000e3000 103:02 4768894                   /usr/lib/libsrt.so.1.5.6
7f0266dfb000-7f0266e00000 rw-p 00000000 00:00 0 
7f0266e00000-7f0266e0c000 r--p 00000000 103:02 4758335                   /usr/lib/libopenmpt.so.0.5.5
7f0266e0c000-7f0266f81000 r-xp 0000c000 103:02 4758335                   /usr/lib/libopenmpt.so.0.5.5
7f0266f81000-7f0266fd0000 r--p 00181000 103:02 4758335                   /usr/lib/libopenmpt.so.0.5.5
7f0266fd0000-7f0266fd5000 r--p 001d0000 103:02 4758335                   /usr/lib/libopenmpt.so.0.5.5
7f0266fd5000-7f0266fd6000 rw-p 001d5000 103:02 4758335                   /usr/lib/libopenmpt.so.0.5.5
7f0266fd6000-7f0267030000 rw-p 00000000 00:00 0 
7f0267030000-7f0267034000 rw-s 00000000 00:07 1110                       /dev/nvidiactl
7f0267034000-7f0267036000 rw-s 00000000 00:07 1110                       /dev/nvidiactl
7f0267036000-7f026703d000 r--p 00000000 103:02 4761802                   /usr/lib/libgdk_pixbuf-2.0.so.0.4400.7
7f026703d000-7f026705f000 r-xp 00007000 103:02 4761802                   /usr/lib/libgdk_pixbuf-2.0.so.0.4400.7
7f026705f000-7f026706d000 r--p 00029000 103:02 4761802                   /usr/lib/libgdk_pixbuf-2.0.so.0.4400.7
7f026706d000-7f026706f000 r--p 00036000 103:02 4761802                   /usr/lib/libgdk_pixbuf-2.0.so.0.4400.7
7f026706f000-7f0267070000 rw-p 00038000 103:02 4761802                   /usr/lib/libgdk_pixbuf-2.0.so.0.4400.7
7f0267070000-7f0267076000 r--p 00000000 103:02 4769212                   /usr/lib/libmodplug.so.1.0.0
7f0267076000-7f02670b4000 r-xp 00006000 103:02 4769212                   /usr/lib/libmodplug.so.1.0.0
7f02670b4000-7f02670c1000 r--p 00044000 103:02 4769212                   /usr/lib/libmodplug.so.1.0.0
7f02670c1000-7f02670c2000 r--p 00051000 103:02 4769212                   /usr/lib/libmodplug.so.1.0.0
7f02670c2000-7f02670c3000 rw-p 00052000 103:02 4769212                   /usr/lib/libmodplug.so.1.0.0
7f02670c3000-7f0267200000 rw-p 00000000 00:00 0 
7f0267200000-7f0267206000 r-xp 00000000 103:02 1313995                   /opt/cuda/targets/x86_64-linux/lib/libOpenCL.so.1.0.0
7f0267206000-7f0267405000 ---p 00006000 103:02 1313995                   /opt/cuda/targets/x86_64-linux/lib/libOpenCL.so.1.0.0
7f0267405000-7f0267407000 r--p 00005000 103:02 1313995                   /opt/cuda/targets/x86_64-linux/lib/libOpenCL.so.1.0.0
7f0267407000-7f0267408000 rw-p 00007000 103:02 1313995                   /opt/cuda/targets/x86_64-linux/lib/libOpenCL.so.1.0.0
7f0267408000-7f0267409000 r--p 00000000 103:02 4755356                   /usr/lib/libsharpyuv.so.0.1.2
7f0267409000-7f026740d000 r-xp 00001000 103:02 4755356                   /usr/lib/libsharpyuv.so.0.1.2
7f026740d000-7f026740e000 r--p 00005000 103:02 4755356                   /usr/lib/libsharpyuv.so.0.1.2
7f026740e000-7f026740f000 r--p 00005000 103:02 4755356                   /usr/lib/libsharpyuv.so.0.1.2
7f026740f000-7f0267410000 rw-p 00006000 103:02 4755356                   /usr/lib/libsharpyuv.so.0.1.2
7f0267410000-7f0267411000 rw-p 00000000 00:00 0 
7f0267411000-7f0267413000 r--p 00000000 103:02 4792845                   /usr/lib/libogg.so.0.8.6
7f0267413000-7f0267416000 r-xp 00002000 103:02 4792845                   /usr/lib/libogg.so.0.8.6
7f0267416000-7f0267419000 r--p 00005000 103:02 4792845                   /usr/lib/libogg.so.0.8.6
7f0267419000-7f026741a000 r--p 00008000 103:02 4792845                   /usr/lib/libogg.so.0.8.6
7f026741a000-7f026741b000 rw-p 00009000 103:02 4792845                   /usr/lib/libogg.so.0.8.6
7f026741b000-7f026741d000 r--p 00000000 103:02 4755205                   /usr/lib/libhwy.so.1.4.0
7f026741d000-7f0267425000 r-xp 00002000 103:02 4755205                   /usr/lib/libhwy.so.1.4.0
7f0267425000-7f0267428000 r--p 0000a000 103:02 4755205                   /usr/lib/libhwy.so.1.4.0
7f0267428000-7f0267429000 r--p 0000c000 103:02 4755205                   /usr/lib/libhwy.so.1.4.0
7f0267429000-7f026742a000 rw-p 0000d000 103:02 4755205                   /usr/lib/libhwy.so.1.4.0
7f026742a000-7f026742e000 r--p 00000000 103:02 4758497                   /usr/lib/libbsd.so.0.12.2
7f026742e000-7f0267439000 r-xp 00004000 103:02 4758497                   /usr/lib/libbsd.so.0.12.2
7f0267439000-7f026743c000 r--p 0000f000 103:02 4758497                   /usr/lib/libbsd.so.0.12.2
7f026743c000-7f026743d000 r--p 00011000 103:02 4758497                   /usr/lib/libbsd.so.0.12.2
7f026743d000-7f026743e000 rw-p 00012000 103:02 4758497                   /usr/lib/libbsd.so.0.12.2
7f026743e000-7f026743f000 rw-p 00000000 00:00 0 
7f026743f000-7f0267444000 r--p 00000000 103:02 4768962                   /usr/lib/libraw1394.so.11.1.0
7f0267444000-7f026744c000 r-xp 00005000 103:02 4768962                   /usr/lib/libraw1394.so.11.1.0
7f026744c000-7f026744f000 r--p 0000d000 103:02 4768962                   /usr/lib/libraw1394.so.11.1.0
7f026744f000-7f0267450000 r--p 0000f000 103:02 4768962                   /usr/lib/libraw1394.so.11.1.0
7f0267450000-7f0267451000 rw-p 00010000 103:02 4768962                   /usr/lib/libraw1394.so.11.1.0
7f0267451000-7f0267455000 r--p 00000000 103:02 4750340                   /usr/lib/libngtcp2.so.16.11.0
7f0267455000-7f026749c000 r-xp 00004000 103:02 4750340                   /usr/lib/libngtcp2.so.16.11.0
7f026749c000-7f02674ab000 r--p 0004b000 103:02 4750340                   /usr/lib/libngtcp2.so.16.11.0
7f02674ab000-7f02674ac000 r--p 0005a000 103:02 4750340                   /usr/lib/libngtcp2.so.16.11.0
7f02674ac000-7f02674ad000 rw-p 0005b000 103:02 4750340                   /usr/lib/libngtcp2.so.16.11.0
7f02674ad000-7f02674b7000 r--p 00000000 103:02 4769595                   /usr/lib/libvmaf.so.3.2.0
7f02674b7000-7f0267513000 r-xp 0000a000 103:02 4769595                   /usr/lib/libvmaf.so.3.2.0
7f0267513000-7f0267526000 r--p 00066000 103:02 4769595                   /usr/lib/libvmaf.so.3.2.0
7f0267526000-7f0267529000 r--p 00079000 103:02 4769595                   /usr/lib/libvmaf.so.3.2.0
7f0267529000-7f02675c0000 rw-p 0007c000 103:02 4769595                   /usr/lib/libvmaf.so.3.2.0
7f02675c0000-7f0267600000 rw-p 00000000 00:00 0 
7f0267600000-7f026765f000 r--p 00000000 103:02 4835194                   /usr/lib/libx265.so.217
7f026765f000-7f0268a77000 r-xp 0005f000 103:02 4835194                   /usr/lib/libx265.so.217
7f0268a77000-7f0268afb000 r--p 01477000 103:02 4835194                   /usr/lib/libx265.so.217
7f0268afb000-7f0268b10000 r--p 014fa000 103:02 4835194                   /usr/lib/libx265.so.217
7f0268b10000-7f0268b13000 rw-p 0150f000 103:02 4835194                   /usr/lib/libx265.so.217
7f0268b13000-7f0268b25000 rw-p 00000000 00:00 0 
7f0268b26000-7f0268b28000 r--p 00000000 103:02 4769556                   /usr/lib/libv4l2.so.0.0.0
7f0268b28000-7f0268b2e000 r-xp 00002000 103:02 4769556                   /usr/lib/libv4l2.so.0.0.0
7f0268b2e000-7f0268b30000 r--p 00008000 103:02 4769556                   /usr/lib/libv4l2.so.0.0.0
7f0268b30000-7f0268b31000 r--p 00009000 103:02 4769556                   /usr/lib/libv4l2.so.0.0.0
7f0268b31000-7f0268b35000 rw-p 0000a000 103:02 4769556                   /usr/lib/libv4l2.so.0.0.0
7f0268b35000-7f0268b38000 r--p 00000000 103:02 4815220                   /usr/lib/liblz4.so.1.10.0
7f0268b38000-7f0268b56000 r-xp 00003000 103:02 4815220                   /usr/lib/liblz4.so.1.10.0
7f0268b56000-7f0268b58000 r--p 00021000 103:02 4815220                   /usr/lib/liblz4.so.1.10.0
7f0268b58000-7f0268b59000 r--p 00023000 103:02 4815220                   /usr/lib/liblz4.so.1.10.0
7f0268b59000-7f0268b5a000 rw-p 00024000 103:02 4815220                   /usr/lib/liblz4.so.1.10.0
7f0268b5a000-7f0268b78000 r--p 00000000 103:02 4770283                   /usr/lib/libdovi.so.3.4.0
7f0268b78000-7f0268bf7000 r-xp 0001d000 103:02 4770283                   /usr/lib/libdovi.so.3.4.0
7f0268bf7000-7f0268bff000 r--p 0009b000 103:02 4770283                   /usr/lib/libdovi.so.3.4.0
7f0268bff000-7f0268c00000 rw-p 000a2000 103:02 4770283                   /usr/lib/libdovi.so.3.4.0
7f0268c00000-7f0268c03000 r--p 00000000 103:02 4792842                   /usr/lib/libx264.so.165
7f0268c03000-7f0268d96000 r-xp 00003000 103:02 4792842                   /usr/lib/libx264.so.165
7f0268d96000-7f0268dcf000 r--p 00196000 103:02 4792842                   /usr/lib/libx264.so.165
7f0268dcf000-7f0268dd1000 r--p 001ce000 103:02 4792842                   /usr/lib/libx264.so.165
7f0268dd1000-7f0268dd2000 rw-p 001d0000 103:02 4792842                   /usr/lib/libx264.so.165
7f0268dd2000-7f0268ecb000 rw-p 00000000 00:00 0 
7f0268ed0000-7f0268ed6000 r--p 00000000 103:02 4737856                   /usr/lib/libssh2.so.1.0.1
7f0268ed6000-7f0268f0e000 r-xp 00006000 103:02 4737856                   /usr/lib/libssh2.so.1.0.1
7f0268f0e000-7f0268f1b000 r--p 0003e000 103:02 4737856                   /usr/lib/libssh2.so.1.0.1
7f0268f1b000-7f0268f1d000 r--p 0004b000 103:02 4737856                   /usr/lib/libssh2.so.1.0.1
7f0268f1d000-7f0268f1e000 rw-p 0004d000 103:02 4737856                   /usr/lib/libssh2.so.1.0.1
7f0268f1e000-7f0268f60000 r--p 00000000 103:02 4757008                   /usr/lib/libzmq.so.5.2.5
7f0268f60000-7f0268fd4000 r-xp 00042000 103:02 4757008                   /usr/lib/libzmq.so.5.2.5
7f0268fd4000-7f0268ff5000 r--p 000b6000 103:02 4757008                   /usr/lib/libzmq.so.5.2.5
7f0268ff5000-7f0268fff000 r--p 000d6000 103:02 4757008                   /usr/lib/libzmq.so.5.2.5
7f0268fff000-7f0269000000 rw-p 000e0000 103:02 4757008                   /usr/lib/libzmq.so.5.2.5
7f0269000000-7f0269004000 r--p 00000000 103:02 4817227                   /usr/lib/libSvtAv1Enc.so.4.2.0
7f0269004000-7f0269466000 r-xp 00004000 103:02 4817227                   /usr/lib/libSvtAv1Enc.so.4.2.0
7f0269466000-7f026952a000 r--p 00466000 103:02 4817227                   /usr/lib/libSvtAv1Enc.so.4.2.0
7f026952a000-7f026952e000 r--p 00529000 103:02 4817227                   /usr/lib/libSvtAv1Enc.so.4.2.0
7f026952e000-7f0269530000 rw-p 0052d000 103:02 4817227                   /usr/lib/libSvtAv1Enc.so.4.2.0
7f0269530000-7f027156e000 rw-p 00000000 00:00 0 
7f027156e000-7f0271571000 r--p 00000000 103:02 4769084                   /usr/lib/libiec61883.so.0.1.1
7f0271571000-7f0271578000 r-xp 00003000 103:02 4769084                   /usr/lib/libiec61883.so.0.1.1
7f0271578000-7f027157b000 r--p 0000a000 103:02 4769084                   /usr/lib/libiec61883.so.0.1.1
7f027157b000-7f027157c000 r--p 0000d000 103:02 4769084                   /usr/lib/libiec61883.so.0.1.1
7f027157c000-7f027157d000 rw-p 0000e000 103:02 4769084                   /usr/lib/libiec61883.so.0.1.1
7f027157d000-7f027157f000 r--p 00000000 103:02 4725865                   /usr/lib/libacl.so.1.2.2400
7f027157f000-7f0271585000 r-xp 00002000 103:02 4725865                   /usr/lib/libacl.so.1.2.2400
7f0271585000-7f0271587000 r--p 00008000 103:02 4725865                   /usr/lib/libacl.so.1.2.2400
7f0271587000-7f0271588000 r--p 00009000 103:02 4725865                   /usr/lib/libacl.so.1.2.2400
7f0271588000-7f0271589000 rw-p 0000a000 103:02 4725865                   /usr/lib/libacl.so.1.2.2400
7f0271589000-7f027158b000 r--p 00000000 103:02 4737828                   /usr/lib/libpsl.so.5.3.5
7f027158b000-7f027158d000 r-xp 00002000 103:02 4737828                   /usr/lib/libpsl.so.5.3.5
7f027158d000-7f027159b000 r--p 00004000 103:02 4737828                   /usr/lib/libpsl.so.5.3.5
7f027159b000-7f027159c000 r--p 00011000 103:02 4737828                   /usr/lib/libpsl.so.5.3.5
7f027159c000-7f027159d000 rw-p 00012000 103:02 4737828                   /usr/lib/libpsl.so.5.3.5
7f027159d000-7f027159f000 r--p 00000000 103:02 4788171                   /usr/lib/libsoxr.so.0.1.2
7f027159f000-7f02715c3000 r-xp 00002000 103:02 4788171                   /usr/lib/libsoxr.so.0.1.2
7f02715c3000-7f02715c8000 r--p 00026000 103:02 4788171                   /usr/lib/libsoxr.so.0.1.2
7f02715c8000-7f02715ca000 r--p 0002a000 103:02 4788171                   /usr/lib/libsoxr.so.0.1.2
7f02715ca000-7f02715cb000 rw-p 0002c000 103:02 4788171                   /usr/lib/libsoxr.so.0.1.2
7f02715cb000-7f0271600000 rw-p 00000000 00:00 0 
7f0271600000-7f0271688000 r--p 00000000 103:02 4812078                   /usr/lib/librav1e.so.0.8.1
7f0271688000-7f02718ff000 r-xp 00087000 103:02 4812078                   /usr/lib/librav1e.so.0.8.1
7f02718ff000-7f0271922000 r--p 002fd000 103:02 4812078                   /usr/lib/librav1e.so.0.8.1
7f0271922000-7f0271923000 rw-p 0031f000 103:02 4812078                   /usr/lib/librav1e.so.0.8.1
7f0271923000-7f0271924000 rw-p 00000000 00:00 0 
7f0271925000-7f0271927000 r--p 00000000 103:02 4737748                   /usr/lib/libidn2.so.0.4.0
7f0271927000-7f027192b000 r-xp 00002000 103:02 4737748                   /usr/lib/libidn2.so.0.4.0
7f027192b000-7f0271945000 r--p 00006000 103:02 4737748                   /usr/lib/libidn2.so.0.4.0
7f0271945000-7f0271946000 r--p 0001f000 103:02 4737748                   /usr/lib/libidn2.so.0.4.0
7f0271946000-7f0271947000 rw-p 00020000 103:02 4737748                   /usr/lib/libidn2.so.0.4.0
7f0271947000-7f027194b000 r--p 00000000 103:02 4750269                   /usr/lib/libnghttp2.so.14.29.5
7f027194b000-7f0271961000 r-xp 00004000 103:02 4750269                   /usr/lib/libnghttp2.so.14.29.5
7f0271961000-7f027196d000 r--p 0001a000 103:02 4750269                   /usr/lib/libnghttp2.so.14.29.5
7f027196d000-7f0271970000 r--p 00025000 103:02 4750269                   /usr/lib/libnghttp2.so.14.29.5
7f0271970000-7f0271971000 rw-p 00028000 103:02 4750269                   /usr/lib/libnghttp2.so.14.29.5
7f0271971000-7f027197f000 r--p 00000000 103:02 4826263                   /usr/lib/libssh.so.4.12.0
7f027197f000-7f02719dc000 r-xp 0000e000 103:02 4826263                   /usr/lib/libssh.so.4.12.0
7f02719dc000-7f02719fc000 r--p 0006b000 103:02 4826263                   /usr/lib/libssh.so.4.12.0
7f02719fc000-7f02719fe000 r--p 0008b000 103:02 4826263                   /usr/lib/libssh.so.4.12.0
7f02719fe000-7f0271a00000 rw-p 0008d000 103:02 4826263                   /usr/lib/libssh.so.4.12.0
7f0271a00000-7f0271a03000 r--p 00000000 103:02 4816266                   /usr/lib/libopus.so.0.11.1
7f0271a03000-7f0271a78000 r-xp 00003000 103:02 4816266                   /usr/lib/libopus.so.0.11.1
7f0271a78000-7f0271df4000 r--p 00078000 103:02 4816266                   /usr/lib/libopus.so.0.11.1
7f0271df4000-7f0271df8000 r--p 003f3000 103:02 4816266                   /usr/lib/libopus.so.0.11.1
7f0271df8000-7f0271df9000 rw-p 003f7000 103:02 4816266                   /usr/lib/libopus.so.0.11.1
7f0271dfa000-7f0271dfc000 r--p 00000000 103:02 4726081                   /usr/lib/libcom_err.so.2.1
7f0271dfc000-7f0271dfd000 r-xp 00002000 103:02 4726081                   /usr/lib/libcom_err.so.2.1
7f0271dfd000-7f0271dfe000 r--p 00003000 103:02 4726081                   /usr/lib/libcom_err.so.2.1
7f0271dfe000-7f0271dff000 r--p 00003000 103:02 4726081                   /usr/lib/libcom_err.so.2.1
7f0271dff000-7f0271e00000 rw-p 00004000 103:02 4726081                   /usr/lib/libcom_err.so.2.1
7f0271e00000-7f0271e04000 r--p 00000000 103:02 4755238                   /usr/lib/libjxl.so.0.12.0
7f0271e04000-7f0272149000 r-xp 00004000 103:02 4755238                   /usr/lib/libjxl.so.0.12.0
7f0272149000-7f02721af000 r--p 00349000 103:02 4755238                   /usr/lib/libjxl.so.0.12.0
7f02721af000-7f02721b7000 r--p 003ae000 103:02 4755238                   /usr/lib/libjxl.so.0.12.0
7f02721b7000-7f02721b8000 rw-p 003b6000 103:02 4755238                   /usr/lib/libjxl.so.0.12.0
7f02721b8000-7f0272236000 rw-p 00000000 00:00 0 
7f027223a000-7f027223c000 r--p 00000000 103:02 4751858                   /usr/lib/libxcb-shape.so.0.0.0
7f027223c000-7f027223d000 r-xp 00002000 103:02 4751858                   /usr/lib/libxcb-shape.so.0.0.0
7f027223d000-7f027223e000 r--p 00003000 103:02 4751858                   /usr/lib/libxcb-shape.so.0.0.0
7f027223e000-7f027223f000 r--p 00003000 103:02 4751858                   /usr/lib/libxcb-shape.so.0.0.0
7f027223f000-7f0272240000 rw-p 00004000 103:02 4751858                   /usr/lib/libxcb-shape.so.0.0.0
7f0272240000-7f0272243000 r--p 00000000 103:02 4757522                   /usr/lib/libngtcp2_crypto_ossl.so.0.3.1
7f0272243000-7f0272249000 r-xp 00003000 103:02 4757522                   /usr/lib/libngtcp2_crypto_ossl.so.0.3.1
7f0272249000-7f027224b000 r--p 00009000 103:02 4757522                   /usr/lib/libngtcp2_crypto_ossl.so.0.3.1
7f027224b000-7f027224c000 r--p 0000a000 103:02 4757522                   /usr/lib/libngtcp2_crypto_ossl.so.0.3.1
7f027224c000-7f027224d000 rw-p 0000b000 103:02 4757522                   /usr/lib/libngtcp2_crypto_ossl.so.0.3.1
7f027224d000-7f027225e000 r--p 00000000 103:02 4725963                   /usr/lib/libgmp.so.10.5.0
7f027225e000-7f02722dc000 r-xp 00011000 103:02 4725963                   /usr/lib/libgmp.so.10.5.0
7f02722dc000-7f02722f1000 r--p 0008f000 103:02 4725963                   /usr/lib/libgmp.so.10.5.0
7f02722f1000-7f02722f3000 r--p 000a3000 103:02 4725963                   /usr/lib/libgmp.so.10.5.0
7f02722f3000-7f02722f4000 rw-p 000a5000 103:02 4725963                   /usr/lib/libgmp.so.10.5.0
7f02722f4000-7f02722f5000 r--p 00000000 103:02 4836934                   /usr/lib/libxvidcore.so.4.3
7f02722f5000-7f027237d000 r-xp 00001000 103:02 4836934                   /usr/lib/libxvidcore.so.4.3
7f027237d000-7f027238c000 r--p 00089000 103:02 4836934                   /usr/lib/libxvidcore.so.4.3
7f027238c000-7f027238d000 r--p 00097000 103:02 4836934                   /usr/lib/libxvidcore.so.4.3
7f027238d000-7f0272397000 rw-p 00098000 103:02 4836934                   /usr/lib/libxvidcore.so.4.3
7f0272397000-7f0272400000 rw-p 00000000 00:00 0 
7f0272400000-7f0272403000 r--p 00000000 103:02 4744981                   /usr/lib/libaom.so.3.14.1
7f0272403000-7f0272ba2000 r-xp 00003000 103:02 4744981                   /usr/lib/libaom.so.3.14.1
7f0272ba2000-7f0272c79000 r--p 007a2000 103:02 4744981                   /usr/lib/libaom.so.3.14.1
7f0272c79000-7f0272c8a000 r--p 00879000 103:02 4744981                   /usr/lib/libaom.so.3.14.1
7f0272c8a000-7f0272c8c000 rw-p 0088a000 103:02 4744981                   /usr/lib/libaom.so.3.14.1
7f0272c8c000-7f0272ce3000 rw-p 00000000 00:00 0 
7f0272ce3000-7f0272ce4000 rw-s 00000000 00:07 1112                       /dev/nvidia0
7f0272ce4000-7f0272ce5000 rw-s 00000000 00:07 1110                       /dev/nvidiactl
7f0272ce5000-7f0272ce7000 r--p 00000000 103:02 4768973                   /usr/lib/libavc1394.so.0.3.0
7f0272ce7000-7f0272ce9000 r-xp 00002000 103:02 4768973                   /usr/lib/libavc1394.so.0.3.0
7f0272ce9000-7f0272cea000 r--p 00004000 103:02 4768973                   /usr/lib/libavc1394.so.0.3.0
7f0272cea000-7f0272ceb000 r--p 00004000 103:02 4768973                   /usr/lib/libavc1394.so.0.3.0
7f0272ceb000-7f0272cec000 rw-p 00005000 103:02 4768973                   /usr/lib/libavc1394.so.0.3.0
7f0272cec000-7f0272cef000 r--p 00000000 103:02 4750283                   /usr/lib/libnghttp3.so.9.9.0
7f0272cef000-7f0272d04000 r-xp 00003000 103:02 4750283                   /usr/lib/libnghttp3.so.9.9.0
7f0272d04000-7f0272d11000 r--p 00018000 103:02 4750283                   /usr/lib/libnghttp3.so.9.9.0
7f0272d11000-7f0272d12000 r--p 00024000 103:02 4750283                   /usr/lib/libnghttp3.so.9.9.0
7f0272d12000-7f0272d14000 rw-p 00025000 103:02 4750283                   /usr/lib/libnghttp3.so.9.9.0
7f0272d14000-7f0272d19000 r--p 00000000 103:02 4743300                   /usr/lib/libshaderc_shared.so.1
7f0272d19000-7f0272d2c000 r-xp 00005000 103:02 4743300                   /usr/lib/libshaderc_shared.so.1
7f0272d2c000-7f0272d30000 r--p 00018000 103:02 4743300                   /usr/lib/libshaderc_shared.so.1
7f0272d30000-7f0272d31000 r--p 0001b000 103:02 4743300                   /usr/lib/libshaderc_shared.so.1
7f0272d31000-7f0272d32000 rw-p 0001c000 103:02 4743300                   /usr/lib/libshaderc_shared.so.1
7f0272d32000-7f0272d34000 r--p 00000000 103:02 4763199                   /usr/lib/libunwind.so.8.2.0
7f0272d34000-7f0272d3f000 r-xp 00002000 103:02 4763199                   /usr/lib/libunwind.so.8.2.0
7f0272d3f000-7f0272d41000 r--p 0000d000 103:02 4763199                   /usr/lib/libunwind.so.8.2.0
7f0272d41000-7f0272d42000 r--p 0000e000 103:02 4763199                   /usr/lib/libunwind.so.8.2.0
7f0272d42000-7f0272d43000 rw-p 0000f000 103:02 4763199                   /usr/lib/libunwind.so.8.2.0
7f0272d43000-7f0272d4d000 rw-p 00000000 00:00 0 
7f0272d4d000-7f0272d50000 r--p 00000000 103:02 4773735                   /usr/lib/libdvdread.so.8.2.0
7f0272d50000-7f0272d6e000 r-xp 00003000 103:02 4773735                   /usr/lib/libdvdread.so.8.2.0
7f0272d6e000-7f0272d77000 r--p 00021000 103:02 4773735                   /usr/lib/libdvdread.so.8.2.0
7f0272d77000-7f0272d78000 r--p 0002a000 103:02 4773735                   /usr/lib/libdvdread.so.8.2.0
7f0272d78000-7f0272d79000 rw-p 0002b000 103:02 4773735                   /usr/lib/libdvdread.so.8.2.0
7f0272d79000-7f0272d7c000 r--p 00000000 103:02 4755359                   /usr/lib/libwebp.so.7.2.0
7f0272d7c000-7f0272ded000 r-xp 00003000 103:02 4755359                   /usr/lib/libwebp.so.7.2.0
7f0272ded000-7f0272dfd000 r--p 00074000 103:02 4755359                   /usr/lib/libwebp.so.7.2.0
7f0272dfd000-7f0272dfe000 r--p 00083000 103:02 4755359                   /usr/lib/libwebp.so.7.2.0
7f0272dfe000-7f0272dff000 rw-p 00084000 103:02 4755359                   /usr/lib/libwebp.so.7.2.0
7f0272dff000-7f0272e00000 rw-p 00000000 00:00 0 
7f0272e00000-7f0272e09000 r--p 00000000 103:02 4814627                   /usr/lib/librsvg-2.so.2.62.3
7f0272e09000-7f027310e000 r-xp 00009000 103:02 4814627                   /usr/lib/librsvg-2.so.2.62.3
7f027310e000-7f027321e000 r--p 0030e000 103:02 4814627                   /usr/lib/librsvg-2.so.2.62.3
7f027321e000-7f027328e000 r--p 0041d000 103:02 4814627                   /usr/lib/librsvg-2.so.2.62.3
7f027328e000-7f027328f000 rw-p 0048d000 103:02 4814627                   /usr/lib/librsvg-2.so.2.62.3
7f0273293000-7f0273298000 r--p 00000000 103:02 4769333                   /usr/lib/libvidstab.so.1.2
7f0273298000-7f02732a4000 r-xp 00005000 103:02 4769333                   /usr/lib/libvidstab.so.1.2
7f02732a4000-7f02732a8000 r--p 00011000 103:02 4769333                   /usr/lib/libvidstab.so.1.2
7f02732a8000-7f02732a9000 r--p 00014000 103:02 4769333                   /usr/lib/libvidstab.so.1.2
7f02732a9000-7f02732aa000 rw-p 00015000 103:02 4769333                   /usr/lib/libvidstab.so.1.2
7f02732aa000-7f02732ae000 r--p 00000000 103:02 4837269                   /usr/lib/libvpl.so.2.17
7f02732ae000-7f02732f8000 r-xp 00004000 103:02 4837269                   /usr/lib/libvpl.so.2.17
7f02732f8000-7f027330b000 r--p 0004e000 103:02 4837269                   /usr/lib/libvpl.so.2.17
7f027330b000-7f027330d000 r--p 00060000 103:02 4837269                   /usr/lib/libvpl.so.2.17
7f027330d000-7f027330e000 rw-p 00062000 103:02 4837269                   /usr/lib/libvpl.so.2.17
7f027330e000-7f027330f000 r--p 00000000 103:02 4769018                   /usr/lib/libvorbisenc.so.2.0.12
7f027330f000-7f0273312000 r-xp 00001000 103:02 4769018                   /usr/lib/libvorbisenc.so.2.0.12
7f0273312000-7f0273389000 r--p 00004000 103:02 4769018                   /usr/lib/libvorbisenc.so.2.0.12
7f0273389000-7f02733a5000 r--p 0007a000 103:02 4769018                   /usr/lib/libvorbisenc.so.2.0.12
7f02733a5000-7f02733a6000 rw-p 00096000 103:02 4769018                   /usr/lib/libvorbisenc.so.2.0.12
7f02733a6000-7f02733a9000 r--p 00000000 103:02 4769013                   /usr/lib/libvorbis.so.0.4.9
7f02733a9000-7f02733c1000 r-xp 00003000 103:02 4769013                   /usr/lib/libvorbis.so.0.4.9
7f02733c1000-7f02733d2000 r--p 0001b000 103:02 4769013                   /usr/lib/libvorbis.so.0.4.9
7f02733d2000-7f02733d3000 r--p 0002b000 103:02 4769013                   /usr/lib/libvorbis.so.0.4.9
7f02733d3000-7f02733d4000 rw-p 0002c000 103:02 4769013                   /usr/lib/libvorbis.so.0.4.9
7f02733d4000-7f02733d6000 r--p 00000000 103:02 4769303                   /usr/lib/libtheoradec.so.2.1.1
7f02733d6000-7f02733e8000 r-xp 00002000 103:02 4769303                   /usr/lib/libtheoradec.so.2.1.1
7f02733e8000-7f02733ea000 r--p 00014000 103:02 4769303                   /usr/lib/libtheoradec.so.2.1.1
7f02733ea000-7f02733eb000 r--p 00015000 103:02 4769303                   /usr/lib/libtheoradec.so.2.1.1
7f02733eb000-7f02733ec000 rw-p 00016000 103:02 4769303                   /usr/lib/libtheoradec.so.2.1.1
7f02733ec000-7f02733ed000 r--p 00000000 103:02 4816286                   /usr/lib/libtheoraenc.so.2.2.1
7f02733ed000-7f0273411000 r-xp 00001000 103:02 4816286                   /usr/lib/libtheoraenc.so.2.2.1
7f0273411000-7f027341d000 r--p 00025000 103:02 4816286                   /usr/lib/libtheoraenc.so.2.2.1
7f027341d000-7f027341e000 r--p 00030000 103:02 4816286                   /usr/lib/libtheoraenc.so.2.2.1
7f027341e000-7f027341f000 rw-p 00031000 103:02 4816286                   /usr/lib/libtheoraenc.so.2.2.1
7f027341f000-7f0273421000 r--p 00000000 103:02 4817089                   /usr/lib/libdav1d.so.7.0.0
7f0273421000-7f027359f000 r-xp 00002000 103:02 4817089                   /usr/lib/libdav1d.so.7.0.0
7f027359f000-7f02735d7000 r--p 00180000 103:02 4817089                   /usr/lib/libdav1d.so.7.0.0
7f02735d7000-7f02735db000 r--p 001b7000 103:02 4817089                   /usr/lib/libdav1d.so.7.0.0
7f02735db000-7f02735dc000 rw-p 001bb000 103:02 4817089                   /usr/lib/libdav1d.so.7.0.0
7f02735dc000-7f0273600000 rw-p 00000000 00:00 0 
7f0273600000-7f0273602000 r--p 00000000 103:02 4817225                   /usr/lib/libvpx.so.12.0.0
7f0273602000-7f02738f0000 r-xp 00002000 103:02 4817225                   /usr/lib/libvpx.so.12.0.0
7f02738f0000-7f0273925000 r--p 002f0000 103:02 4817225                   /usr/lib/libvpx.so.12.0.0
7f0273925000-7f0273928000 r--p 00325000 103:02 4817225                   /usr/lib/libvpx.so.12.0.0
7f0273928000-7f0273929000 rw-p 00328000 103:02 4817225                   /usr/lib/libvpx.so.12.0.0
7f0273929000-7f0273930000 rw-p 00000000 00:00 0 
7f0273930000-7f0273932000 r--p 00000000 103:02 4835240                   /usr/lib/libglslang-default-resource-limits.so.16.4.0
7f0273932000-7f0273936000 r-xp 00002000 103:02 4835240                   /usr/lib/libglslang-default-resource-limits.so.16.4.0
7f0273936000-7f0273938000 r--p 00006000 103:02 4835240                   /usr/lib/libglslang-default-resource-limits.so.16.4.0
7f0273938000-7f0273939000 r--p 00008000 103:02 4835240                   /usr/lib/libglslang-default-resource-limits.so.16.4.0
7f0273939000-7f027393a000 rw-p 00009000 103:02 4835240                   /usr/lib/libglslang-default-resource-limits.so.16.4.0
7f027393a000-7f027393c000 r--p 00000000 103:02 4769495                   /usr/lib/libspeex.so.1.5.2
7f027393c000-7f027394f000 r-xp 00002000 103:02 4769495                   /usr/lib/libspeex.so.1.5.2
7f027394f000-7f0273954000 r--p 00015000 103:02 4769495                   /usr/lib/libspeex.so.1.5.2
7f0273954000-7f0273955000 r--p 0001a000 103:02 4769495                   /usr/lib/libspeex.so.1.5.2
7f0273955000-7f0273956000 rw-p 0001b000 103:02 4769495                   /usr/lib/libspeex.so.1.5.2
7f0273956000-7f027395d000 r--p 00000000 103:02 4755382                   /usr/lib/libopenjp2.so.2.5.4
7f027395d000-7f02739b5000 r-xp 00007000 103:02 4755382                   /usr/lib/libopenjp2.so.2.5.4
7f02739b5000-7f02739c7000 r--p 0005f000 103:02 4755382                   /usr/lib/libopenjp2.so.2.5.4
7f02739c7000-7f02739c9000 r--p 00071000 103:02 4755382                   /usr/lib/libopenjp2.so.2.5.4
7f02739c9000-7f02739ca000 rw-p 00073000 103:02 4755382                   /usr/lib/libopenjp2.so.2.5.4
7f02739ca000-7f02739cb000 r--p 00000000 103:02 4769453                   /usr/lib/libopencore-amrnb.so.0.0.5
7f02739cb000-7f02739e8000 r-xp 00001000 103:02 4769453                   /usr/lib/libopencore-amrnb.so.0.0.5
7f02739e8000-7f02739f2000 r--p 0001e000 103:02 4769453                   /usr/lib/libopencore-amrnb.so.0.0.5
7f02739f2000-7f02739f3000 r--p 00027000 103:02 4769453                   /usr/lib/libopencore-amrnb.so.0.0.5
7f02739f3000-7f02739f4000 rw-p 00028000 103:02 4769453                   /usr/lib/libopencore-amrnb.so.0.0.5
7f02739f4000-7f02739f9000 r--p 00000000 103:02 4818072                   /usr/lib/libmp3lame.so.0.0.0
7f02739f9000-7f0273a22000 r-xp 00005000 103:02 4818072                   /usr/lib/libmp3lame.so.0.0.0
7f0273a22000-7f0273a2f000 r--p 0002e000 103:02 4818072                   /usr/lib/libmp3lame.so.0.0.0
7f0273a2f000-7f0273a30000 r--p 0003b000 103:02 4818072                   /usr/lib/libmp3lame.so.0.0.0
7f0273a30000-7f0273a31000 rw-p 0003c000 103:02 4818072                   /usr/lib/libmp3lame.so.0.0.0
7f0273a31000-7f0273a42000 rw-p 00000000 00:00 0 
7f0273a42000-7f0273a44000 r--p 00000000 103:02 4767530                   /usr/lib/libgsm.so.1.0.22
7f0273a44000-7f0273a4e000 r-xp 00002000 103:02 4767530                   /usr/lib/libgsm.so.1.0.22
7f0273a4e000-7f0273a4f000 r--p 0000c000 103:02 4767530                   /usr/lib/libgsm.so.1.0.22
7f0273a4f000-7f0273a50000 r--p 0000d000 103:02 4767530                   /usr/lib/libgsm.so.1.0.22
7f0273a50000-7f0273a51000 rw-p 0000e000 103:02 4767530                   /usr/lib/libgsm.so.1.0.22
7f0273a51000-7f0273a54000 r--p 00000000 103:02 4846487                   /usr/lib/libsnappy.so.1.2.2
7f0273a54000-7f0273a5b000 r-xp 00003000 103:02 4846487                   /usr/lib/libsnappy.so.1.2.2
7f0273a5b000-7f0273a5e000 r--p 0000a000 103:02 4846487                   /usr/lib/libsnappy.so.1.2.2
7f0273a5e000-7f0273a5f000 r--p 0000c000 103:02 4846487                   /usr/lib/libsnappy.so.1.2.2
7f0273a5f000-7f0273a60000 rw-p 0000d000 103:02 4846487                   /usr/lib/libsnappy.so.1.2.2
7f0273a60000-7f0273a61000 r--p 00000000 103:02 4788175                   /usr/lib/libopencore-amrwb.so.0.0.5
7f0273a61000-7f0273a6d000 r-xp 00001000 103:02 4788175                   /usr/lib/libopencore-amrwb.so.0.0.5
7f0273a6d000-7f0273a74000 r--p 0000d000 103:02 4788175                   /usr/lib/libopencore-amrwb.so.0.0.5
7f0273a74000-7f0273a75000 r--p 00013000 103:02 4788175                   /usr/lib/libopencore-amrwb.so.0.0.5
7f0273a75000-7f0273a76000 rw-p 00014000 103:02 4788175                   /usr/lib/libopencore-amrwb.so.0.0.5
7f0273a76000-7f0273a7a000 r--p 00000000 103:02 4733684                   /usr/lib/liblzma.so.5.8.3
7f0273a7a000-7f0273a9e000 r-xp 00004000 103:02 4733684                   /usr/lib/liblzma.so.5.8.3
7f0273a9e000-7f0273aa9000 r--p 00028000 103:02 4733684                   /usr/lib/liblzma.so.5.8.3
7f0273aa9000-7f0273aaa000 r--p 00033000 103:02 4733684                   /usr/lib/liblzma.so.5.8.3
7f0273aaa000-7f0273aab000 rw-p 00034000 103:02 4733684                   /usr/lib/liblzma.so.5.8.3
7f0273aab000-7f0273aac000 r--p 00000000 103:02 4763771                   /usr/lib/libunibreak.so.7.0.0
7f0273aac000-7f0273aaf000 r-xp 00001000 103:02 4763771                   /usr/lib/libunibreak.so.7.0.0
7f0273aaf000-7f0273acc000 r--p 00004000 103:02 4763771                   /usr/lib/libunibreak.so.7.0.0
7f0273acc000-7f0273acd000 r--p 00020000 103:02 4763771                   /usr/lib/libunibreak.so.7.0.0
7f0273acd000-7f0273ace000 rw-p 00021000 103:02 4763771                   /usr/lib/libunibreak.so.7.0.0
7f0273ace000-7f0273ad5000 r--p 00000000 103:02 4771963                   /usr/lib/libvulkan.so.1.4.357
7f0273ad5000-7f0273b34000 r-xp 00007000 103:02 4771963                   /usr/lib/libvulkan.so.1.4.357
7f0273b34000-7f0273b69000 r--p 00066000 103:02 4771963                   /usr/lib/libvulkan.so.1.4.357
7f0273b69000-7f0273b6b000 r--p 0009a000 103:02 4771963                   /usr/lib/libvulkan.so.1.4.357
7f0273b6b000-7f0273b6c000 rw-p 0009c000 103:02 4771963                   /usr/lib/libvulkan.so.1.4.357
7f0273b6c000-7f0273b72000 r--p 00000000 103:02 4774588                   /usr/lib/libsixel.so.1.0.0
7f0273b72000-7f0273b97000 r-xp 00006000 103:02 4774588                   /usr/lib/libsixel.so.1.0.0
7f0273b97000-7f0273ba0000 r--p 0002b000 103:02 4774588                   /usr/lib/libsixel.so.1.0.0
7f0273ba0000-7f0273bb7000 r--p 00033000 103:02 4774588                   /usr/lib/libsixel.so.1.0.0
7f0273bb7000-7f0273bb8000 rw-p 0004a000 103:02 4774588                   /usr/lib/libsixel.so.1.0.0
7f0273bb8000-7f0273bbd000 r--p 00000000 103:02 4748352                   /usr/lib/libjpeg.so.8.3.2
7f0273bbd000-7f0273c37000 r-xp 00005000 103:02 4748352                   /usr/lib/libjpeg.so.8.3.2
7f0273c37000-7f0273c5e000 r--p 0007f000 103:02 4748352                   /usr/lib/libjpeg.so.8.3.2
7f0273c5e000-7f0273c5f000 r--p 000a6000 103:02 4748352                   /usr/lib/libjpeg.so.8.3.2
7f0273c5f000-7f0273c60000 rw-p 000a7000 103:02 4748352                   /usr/lib/libjpeg.so.8.3.2
7f0273c60000-7f0273c68000 r--p 00000000 103:02 4777398                   /usr/lib/libcaca.so.0.99.20
7f0273c68000-7f0273c82000 r-xp 00008000 103:02 4777398                   /usr/lib/libcaca.so.0.99.20
7f0273c82000-7f0273d2d000 r--p 00022000 103:02 4777398                   /usr/lib/libcaca.so.0.99.20
7f0273d2d000-7f0273d2f000 r--p 000cc000 103:02 4777398                   /usr/lib/libcaca.so.0.99.20
7f0273d2f000-7f0273d30000 rw-p 000ce000 103:02 4777398                   /usr/lib/libcaca.so.0.99.20
7f0273d30000-7f0273d3d000 r--p 00000000 103:02 4751534                   /usr/lib/libpipewire-0.3.so.0.1608.0
7f0273d3d000-7f0273dc4000 r-xp 0000d000 103:02 4751534                   /usr/lib/libpipewire-0.3.so.0.1608.0
7f0273dc4000-7f0273de2000 r--p 00094000 103:02 4751534                   /usr/lib/libpipewire-0.3.so.0.1608.0
7f0273de2000-7f0273dfe000 r--p 000b2000 103:02 4751534                   /usr/lib/libpipewire-0.3.so.0.1608.0
7f0273dfe000-7f0273dff000 rw-p 000ce000 103:02 4751534                   /usr/lib/libpipewire-0.3.so.0.1608.0
7f0273dff000-7f0273e00000 rw-p 00000000 00:00 0 
7f0273e00000-7f0273e03000 r--p 00000000 103:02 4771718                   /usr/lib/libswscale.so.10.1.101
7f0273e03000-7f0273fdc000 r-xp 00003000 103:02 4771718                   /usr/lib/libswscale.so.10.1.101
7f0273fdc000-7f0273ffa000 r--p 001dc000 103:02 4771718                   /usr/lib/libswscale.so.10.1.101
7f0273ffa000-7f027400e000 r--p 001f9000 103:02 4771718                   /usr/lib/libswscale.so.10.1.101
7f027400e000-7f027400f000 rw-p 0020d000 103:02 4771718                   /usr/lib/libswscale.so.10.1.101
7f027400f000-7f0274053000 rw-p 00000000 00:00 0 
7f0274053000-7f0274054000 r--s 00000000 00:07 1110                       /dev/nvidiactl
7f0274054000-7f0274056000 r--p 00000000 103:02 4769073                   /usr/lib/libbs2b.so.0.0.0
7f0274056000-7f0274059000 r-xp 00002000 103:02 4769073                   /usr/lib/libbs2b.so.0.0.0
7f0274059000-7f027405a000 r--p 00005000 103:02 4769073                   /usr/lib/libbs2b.so.0.0.0
7f027405a000-7f027405b000 r--p 00005000 103:02 4769073                   /usr/lib/libbs2b.so.0.0.0
7f027405b000-7f027405c000 rw-p 00006000 103:02 4769073                   /usr/lib/libbs2b.so.0.0.0
7f027405c000-7f027405e000 r--p 00000000 103:02 4763355                   /usr/lib/libwebpmux.so.3.1.2
7f027405e000-7f0274065000 r-xp 00002000 103:02 4763355                   /usr/lib/libwebpmux.so.3.1.2
7f0274065000-7f0274066000 r--p 00009000 103:02 4763355                   /usr/lib/libwebpmux.so.3.1.2
7f0274066000-7f0274067000 r--p 0000a000 103:02 4763355                   /usr/lib/libwebpmux.so.3.1.2
7f0274067000-7f0274068000 rw-p 0000b000 103:02 4763355                   /usr/lib/libwebpmux.so.3.1.2
7f0274068000-7f0274074000 r--p 00000000 103:02 4769245                   /usr/lib/libpulse.so.0.24.3
7f0274074000-7f02740a4000 r-xp 0000c000 103:02 4769245                   /usr/lib/libpulse.so.0.24.3
7f02740a4000-7f02740b5000 r--p 0003c000 103:02 4769245                   /usr/lib/libpulse.so.0.24.3
7f02740b5000-7f02740b7000 r--p 0004c000 103:02 4769245                   /usr/lib/libpulse.so.0.24.3
7f02740b7000-7f02740b8000 rw-p 0004e000 103:02 4769245                   /usr/lib/libpulse.so.0.24.3
7f02740b8000-7f02740bf000 r--p 00000000 103:02 4768939                   /usr/lib/libjack.so.0.1.0
7f02740bf000-7f02740ed000 r-xp 00007000 103:02 4768939                   /usr/lib/libjack.so.0.1.0
7f02740ed000-7f0274103000 r--p 00035000 103:02 4768939                   /usr/lib/libjack.so.0.1.0
7f0274103000-7f0274106000 r--p 0004a000 103:02 4768939                   /usr/lib/libjack.so.0.1.0
7f0274106000-7f0274107000 rw-p 0004d000 103:02 4768939                   /usr/lib/libjack.so.0.1.0
7f0274107000-7f0274129000 r--p 00000000 103:02 4743150                   /usr/lib/libasound.so.2.0.0
7f0274129000-7f02741c9000 r-xp 00022000 103:02 4743150                   /usr/lib/libasound.so.2.0.0
7f02741c9000-7f02741f7000 r--p 000c2000 103:02 4743150                   /usr/lib/libasound.so.2.0.0
7f02741f7000-7f02741ff000 r--p 000f0000 103:02 4743150                   /usr/lib/libasound.so.2.0.0
7f02741ff000-7f0274200000 rw-p 000f8000 103:02 4743150                   /usr/lib/libasound.so.2.0.0
7f0274200000-7f027420d000 r--p 00000000 103:02 4755479                   /usr/lib/libavutil.so.61.1.101
7f027420d000-7f02742f7000 r-xp 0000d000 103:02 4755479                   /usr/lib/libavutil.so.61.1.101
7f02742f7000-7f0274321000 r--p 000f7000 103:02 4755479                   /usr/lib/libavutil.so.61.1.101
7f0274321000-7f0274337000 r--p 00120000 103:02 4755479                   /usr/lib/libavutil.so.61.1.101
7f0274337000-7f0274338000 rw-p 00136000 103:02 4755479                   /usr/lib/libavutil.so.61.1.101
7f0274338000-7f0274447000 rw-p 00000000 00:00 0 
7f027444a000-7f027444d000 r--p 00000000 103:02 4837263                   /usr/lib/libva.so.2.2400.0
7f027444d000-7f027446f000 r-xp 00003000 103:02 4837263                   /usr/lib/libva.so.2.2400.0
7f027446f000-7f0274482000 r--p 00025000 103:02 4837263                   /usr/lib/libva.so.2.2400.0
7f0274482000-7f0274483000 r--p 00038000 103:02 4837263                   /usr/lib/libva.so.2.2400.0
7f0274483000-7f0274484000 rw-p 00039000 103:02 4837263                   /usr/lib/libva.so.2.2400.0
7f0274484000-7f0274487000 r--p 00000000 103:02 4769435                   /usr/lib/libzimg.so.2.0.0
7f0274487000-7f0274501000 r-xp 00003000 103:02 4769435                   /usr/lib/libzimg.so.2.0.0
7f0274501000-7f0274513000 r--p 0007d000 103:02 4769435                   /usr/lib/libzimg.so.2.0.0
7f0274513000-7f0274517000 r--p 0008e000 103:02 4769435                   /usr/lib/libzimg.so.2.0.0
7f0274517000-7f0274518000 rw-p 00092000 103:02 4769435                   /usr/lib/libzimg.so.2.0.0
7f0274518000-7f0274527000 r--p 00000000 103:02 4737468                   /usr/lib/libarchive.so.13.8.9
7f0274527000-7f02745d1000 r-xp 0000f000 103:02 4737468                   /usr/lib/libarchive.so.13.8.9
7f02745d1000-7f02745fb000 r--p 000b9000 103:02 4737468                   /usr/lib/libarchive.so.13.8.9
7f02745fb000-7f02745ff000 r--p 000e3000 103:02 4737468                   /usr/lib/libarchive.so.13.8.9
7f02745ff000-7f0274600000 rw-p 000e7000 103:02 4737468                   /usr/lib/libarchive.so.13.8.9
7f0274600000-7f0274612000 r--p 00000000 103:02 4754446                   /usr/lib/libavformat.so.63.1.101
7f0274612000-7f027485e000 r-xp 00012000 103:02 4754446                   /usr/lib/libavformat.so.63.1.101
7f027485e000-7f02748eb000 r--p 0025e000 103:02 4754446                   /usr/lib/libavformat.so.63.1.101
7f02748eb000-7f0274925000 r--p 002ea000 103:02 4754446                   /usr/lib/libavformat.so.63.1.101
7f0274925000-7f0274926000 rw-p 00324000 103:02 4754446                   /usr/lib/libavformat.so.63.1.101
7f0274927000-7f0274929000 r--p 00000000 103:02 4816290                   /usr/lib/libva-x11.so.2.2400.0
7f0274929000-7f027492c000 r-xp 00002000 103:02 4816290                   /usr/lib/libva-x11.so.2.2400.0
7f027492c000-7f027492d000 r--p 00005000 103:02 4816290                   /usr/lib/libva-x11.so.2.2400.0
7f027492d000-7f027492e000 r--p 00005000 103:02 4816290                   /usr/lib/libva-x11.so.2.2400.0
7f027492e000-7f027492f000 rw-p 00006000 103:02 4816290                   /usr/lib/libva-x11.so.2.2400.0
7f027492f000-7f0274932000 r--p 00000000 103:02 4767560                   /usr/lib/libdisplay-info.so.0.3.0
7f0274932000-7f027494a000 r-xp 00003000 103:02 4767560                   /usr/lib/libdisplay-info.so.0.3.0
7f027494a000-7f0274966000 r--p 0001b000 103:02 4767560                   /usr/lib/libdisplay-info.so.0.3.0
7f0274966000-7f0274967000 r--p 00036000 103:02 4767560                   /usr/lib/libdisplay-info.so.0.3.0
7f0274967000-7f0274968000 rw-p 00037000 103:02 4767560                   /usr/lib/libdisplay-info.so.0.3.0
7f0274968000-7f0274969000 r--p 00000000 103:02 4768705                   /usr/lib/libuchardet.so.0.0.8
7f0274969000-7f027496f000 r-xp 00001000 103:02 4768705                   /usr/lib/libuchardet.so.0.0.8
7f027496f000-7f0274992000 r--p 00007000 103:02 4768705                   /usr/lib/libuchardet.so.0.0.8
7f0274992000-7f0274995000 r--p 00029000 103:02 4768705                   /usr/lib/libuchardet.so.0.0.8
7f0274995000-7f0274996000 rw-p 0002c000 103:02 4768705                   /usr/lib/libuchardet.so.0.0.8
7f0274996000-7f02749a6000 r--p 00000000 103:02 4745057                   /usr/lib/librubberband.so.3.0.0
7f02749a6000-7f02749ec000 r-xp 00010000 103:02 4745057                   /usr/lib/librubberband.so.3.0.0
7f02749ec000-7f02749fd000 r--p 00056000 103:02 4745057                   /usr/lib/librubberband.so.3.0.0
7f02749fd000-7f02749ff000 r--p 00066000 103:02 4745057                   /usr/lib/librubberband.so.3.0.0
7f02749ff000-7f0274a00000 rw-p 00068000 103:02 4745057                   /usr/lib/librubberband.so.3.0.0
7f0274a00000-7f0274a14000 r--p 00000000 103:02 4750361                   /usr/lib/libavfilter.so.12.1.101
7f0274a14000-7f0274f0f000 r-xp 00014000 103:02 4750361                   /usr/lib/libavfilter.so.12.1.101
7f0274f0f000-7f0274fff000 r--p 0050f000 103:02 4750361                   /usr/lib/libavfilter.so.12.1.101
7f0274fff000-7f027509a000 r--p 005ff000 103:02 4750361                   /usr/lib/libavfilter.so.12.1.101
7f027509a000-7f027509b000 rw-p 0069a000 103:02 4750361                   /usr/lib/libavfilter.so.12.1.101
7f027509b000-7f027509f000 rw-p 00000000 00:00 0 
7f027509f000-7f02750a0000 r--p 00000000 103:02 4768976                   /usr/lib/librom1394.so.0.3.0
7f02750a0000-7f02750a2000 r-xp 00001000 103:02 4768976                   /usr/lib/librom1394.so.0.3.0
7f02750a2000-7f02750a3000 r--p 00003000 103:02 4768976                   /usr/lib/librom1394.so.0.3.0
7f02750a3000-7f02750a4000 r--p 00003000 103:02 4768976                   /usr/lib/librom1394.so.0.3.0
7f02750a4000-7f02750a5000 rw-p 00004000 103:02 4768976                   /usr/lib/librom1394.so.0.3.0
7f02750a5000-7f02750aa000 r--p 00000000 103:02 4774103                   /usr/lib/libluajit-5.1.so.2.1.1787165859
7f02750aa000-7f0275121000 r-xp 00005000 103:02 4774103                   /usr/lib/libluajit-5.1.so.2.1.1787165859
7f0275121000-7f0275138000 r--p 0007c000 103:02 4774103                   /usr/lib/libluajit-5.1.so.2.1.1787165859
7f0275138000-7f027513b000 r--p 00093000 103:02 4774103                   /usr/lib/libluajit-5.1.so.2.1.1787165859
7f027513b000-7f027513c000 rw-p 00096000 103:02 4774103                   /usr/lib/libluajit-5.1.so.2.1.1787165859
7f027513c000-7f0275145000 r--p 00000000 103:02 4771955                   /usr/lib/liblcms2.so.2.0.19
7f0275145000-7f027518c000 r-xp 00009000 103:02 4771955                   /usr/lib/liblcms2.so.2.0.19
7f027518c000-7f02751a1000 r--p 00050000 103:02 4771955                   /usr/lib/liblcms2.so.2.0.19
7f02751a1000-7f02751a4000 r--p 00064000 103:02 4771955                   /usr/lib/liblcms2.so.2.0.19
7f02751a4000-7f02751a7000 rw-p 00067000 103:02 4771955                   /usr/lib/liblcms2.so.2.0.19
7f02751a7000-7f02751a8000 rw-p 00000000 00:00 0 
7f02751a8000-7f02751ae000 r--p 00000000 103:02 4774597                   /usr/lib/libmujs.so
7f02751ae000-7f02751ec000 r-xp 00006000 103:02 4774597                   /usr/lib/libmujs.so
7f02751ec000-7f02751fd000 r--p 00044000 103:02 4774597                   /usr/lib/libmujs.so
7f02751fd000-7f02751ff000 r--p 00055000 103:02 4774597                   /usr/lib/libmujs.so
7f02751ff000-7f0275200000 rw-p 00057000 103:02 4774597                   /usr/lib/libmujs.so
7f0275200000-7f0275215000 r--p 00000000 103:02 4750331                   /usr/lib/libavcodec.so.63.1.101
7f0275215000-7f02761ae000 r-xp 00015000 103:02 4750331                   /usr/lib/libavcodec.so.63.1.101
7f02761ae000-7f0276567000 r--p 00fae000 103:02 4750331                   /usr/lib/libavcodec.so.63.1.101
7f0276567000-7f02765ed000 r--p 01367000 103:02 4750331                   /usr/lib/libavcodec.so.63.1.101
7f02765ed000-7f02765ef000 rw-p 013ed000 103:02 4750331                   /usr/lib/libavcodec.so.63.1.101
7f02765ef000-7f0276c93000 rw-p 00000000 00:00 0 
7f0276c93000-7f0276c94000 r--p 00000000 103:02 4837255                   /usr/lib/libjxl_threads.so.0.12.0
7f0276c94000-7f0276c96000 r-xp 00001000 103:02 4837255                   /usr/lib/libjxl_threads.so.0.12.0
7f0276c96000-7f0276c97000 r--p 00003000 103:02 4837255                   /usr/lib/libjxl_threads.so.0.12.0
7f0276c97000-7f0276c98000 r--p 00003000 103:02 4837255                   /usr/lib/libjxl_threads.so.0.12.0
7f0276c98000-7f0276c99000 rw-p 00004000 103:02 4837255                   /usr/lib/libjxl_threads.so.0.12.0
7f0276c99000-7f0276c9c000 r--p 00000000 103:02 4812074                   /usr/lib/libbluray.so.3.1.0
7f0276c9c000-7f0276ccf000 r-xp 00003000 103:02 4812074                   /usr/lib/libbluray.so.3.1.0
7f0276ccf000-7f0276cdf000 r--p 00036000 103:02 4812074                   /usr/lib/libbluray.so.3.1.0
7f0276cdf000-7f0276ce1000 r--p 00045000 103:02 4812074                   /usr/lib/libbluray.so.3.1.0
7f0276ce1000-7f0276ce2000 rw-p 00047000 103:02 4812074                   /usr/lib/libbluray.so.3.1.0
7f0276ce2000-7f0276cf1000 r--p 00000000 103:02 4781957                   /usr/lib/libplacebo.so.360
7f0276cf1000-7f0276da1000 r-xp 0000f000 103:02 4781957                   /usr/lib/libplacebo.so.360
7f0276da1000-7f0276de5000 r--p 000bf000 103:02 4781957                   /usr/lib/libplacebo.so.360
7f0276de5000-7f0276dfa000 r--p 00103000 103:02 4781957                   /usr/lib/libplacebo.so.360
7f0276dfa000-7f0276e00000 rw-p 00118000 103:02 4781957                   /usr/lib/libplacebo.so.360
7f0276e00000-7f0276e53000 r--p 00000000 103:02 6835745                   /home/annihilator/dev/mpv/build/libmpv.so.2.5.0
7f0276e53000-7f0277076000 r-xp 00053000 103:02 6835745                   /home/annihilator/dev/mpv/build/libmpv.so.2.5.0
7f0277076000-7f027719f000 r--p 00276000 103:02 6835745                   /home/annihilator/dev/mpv/build/libmpv.so.2.5.0
7f027719f000-7f02771eb000 r--p 0039f000 103:02 6835745                   /home/annihilator/dev/mpv/build/libmpv.so.2.5.0
7f02771eb000-7f02771f0000 rw-p 003eb000 103:02 6835745                   /home/annihilator/dev/mpv/build/libmpv.so.2.5.0
7f02771f0000-7f02771f1000 rw-p 00000000 00:00 0 
7f02771f1000-7f02771f2000 r--p 00000000 103:02 7880804                   /usr/lib/jvm/java-26-openjdk/lib/libsyslookup.so
7f02771f2000-7f02771f3000 r-xp 00001000 103:02 7880804                   /usr/lib/jvm/java-26-openjdk/lib/libsyslookup.so
7f02771f3000-7f02771f4000 r--p 00002000 103:02 7880804                   /usr/lib/jvm/java-26-openjdk/lib/libsyslookup.so
7f02771f4000-7f02771f5000 r--p 00002000 103:02 7880804                   /usr/lib/jvm/java-26-openjdk/lib/libsyslookup.so
7f02771f5000-7f02771f6000 rw-p 00003000 103:02 7880804                   /usr/lib/jvm/java-26-openjdk/lib/libsyslookup.so
7f02771f6000-7f0277203000 r--p 00000000 103:02 4738083                   /usr/lib/libcurl.so.4.8.0
7f0277203000-7f02772c4000 r-xp 0000d000 103:02 4738083                   /usr/lib/libcurl.so.4.8.0
7f02772c4000-7f02772f0000 r--p 000ce000 103:02 4738083                   /usr/lib/libcurl.so.4.8.0
7f02772f0000-7f02772f7000 r--p 000f9000 103:02 4738083                   /usr/lib/libcurl.so.4.8.0
7f02772f7000-7f02772f8000 rw-p 00100000 103:02 4738083                   /usr/lib/libcurl.so.4.8.0
7f02772f8000-7f02772f9000 rw-p 00000000 00:00 0 
7f02772f9000-7f02772fa000 rw-p 00000000 00:00 0 
7f02772fa000-7f02772fe000 ---p 00000000 00:00 0 
7f02772fe000-7f02777ff000 rw-p 00000000 00:00 0 
7f02777ff000-7f0277803000 ---p 00000000 00:00 0 
7f0277803000-7f0277900000 rw-p 00000000 00:00 0 
7f0277900000-7f0277904000 ---p 00000000 00:00 0 
7f0277904000-7f0277a00000 rw-p 00000000 00:00 0 
7f0277a00000-7f0277c50000 r-xp 00000000 103:02 4831579                   /usr/lib/libnvidia-glcore.so.610.57.04
7f0277c50000-7f0277c71000 rwxp 00250000 103:02 4831579                   /usr/lib/libnvidia-glcore.so.610.57.04
7f0277c71000-7f0277e00000 r-xp 00271000 103:02 4831579                   /usr/lib/libnvidia-glcore.so.610.57.04
7f0277e00000-7f0278a00000 r-xp 00400000 103:02 4831579                   /usr/lib/libnvidia-glcore.so.610.57.04
7f0278a00000-7f0279ff9000 r-xp 01000000 103:02 4831579                   /usr/lib/libnvidia-glcore.so.610.57.04
7f0279ff9000-7f0279ffa000 ---p 025f9000 103:02 4831579                   /usr/lib/libnvidia-glcore.so.610.57.04
7f0279ffa000-7f027a172000 r--p 025f9000 103:02 4831579                   /usr/lib/libnvidia-glcore.so.610.57.04
7f027a172000-7f027a1d5000 rw-p 02771000 103:02 4831579                   /usr/lib/libnvidia-glcore.so.610.57.04
7f027a1d5000-7f027a1f5000 rw-p 00000000 00:00 0 
7f027a1f6000-7f027a1f7000 r--p 00000000 103:02 4843256                   /usr/lib/libvdpau.so.1.0.0
7f027a1f7000-7f027a1f8000 r-xp 00001000 103:02 4843256                   /usr/lib/libvdpau.so.1.0.0
7f027a1f8000-7f027a1f9000 r--p 00002000 103:02 4843256                   /usr/lib/libvdpau.so.1.0.0
7f027a1f9000-7f027a1fa000 r--p 00002000 103:02 4843256                   /usr/lib/libvdpau.so.1.0.0
7f027a1fa000-7f027a1fb000 rw-p 00003000 103:02 4843256                   /usr/lib/libvdpau.so.1.0.0
7f027a1fb000-7f027a1fd000 r--p 00000000 103:02 4799670                   /usr/lib/libva-wayland.so.2.2400.0
7f027a1fd000-7f027a1ff000 r-xp 00002000 103:02 4799670                   /usr/lib/libva-wayland.so.2.2400.0
7f027a1ff000-7f027a200000 r--p 00004000 103:02 4799670                   /usr/lib/libva-wayland.so.2.2400.0
7f027a200000-7f027a201000 r--p 00005000 103:02 4799670                   /usr/lib/libva-wayland.so.2.2400.0
7f027a201000-7f027a202000 rw-p 00006000 103:02 4799670                   /usr/lib/libva-wayland.so.2.2400.0
7f027a202000-7f027a203000 r--p 00000000 103:02 4754963                   /usr/lib/libva-drm.so.2.2400.0
7f027a203000-7f027a204000 r-xp 00001000 103:02 4754963                   /usr/lib/libva-drm.so.2.2400.0
7f027a204000-7f027a205000 r--p 00002000 103:02 4754963                   /usr/lib/libva-drm.so.2.2400.0
7f027a205000-7f027a206000 r--p 00002000 103:02 4754963                   /usr/lib/libva-drm.so.2.2400.0
7f027a206000-7f027a207000 rw-p 00003000 103:02 4754963                   /usr/lib/libva-drm.so.2.2400.0
7f027a207000-7f027a20a000 r--p 00000000 103:02 4777462                   /usr/lib/libsndio.so.7.3
7f027a20a000-7f027a213000 r-xp 00003000 103:02 4777462                   /usr/lib/libsndio.so.7.3
7f027a213000-7f027a216000 r--p 0000c000 103:02 4777462                   /usr/lib/libsndio.so.7.3
7f027a216000-7f027a217000 r--p 0000f000 103:02 4777462                   /usr/lib/libsndio.so.7.3
7f027a217000-7f027a218000 rw-p 00010000 103:02 4777462                   /usr/lib/libsndio.so.7.3
7f027a218000-7f027a21a000 rw-p 00000000 00:00 0 
7f027a21a000-7f027a222000 r--p 00000000 103:02 4750339                   /usr/lib/libavdevice.so.63.1.101
7f027a222000-7f027a232000 r-xp 00008000 103:02 4750339                   /usr/lib/libavdevice.so.63.1.101
7f027a232000-7f027a238000 r--p 00018000 103:02 4750339                   /usr/lib/libavdevice.so.63.1.101
7f027a238000-7f027a23c000 r--p 0001e000 103:02 4750339                   /usr/lib/libavdevice.so.63.1.101
7f027a23c000-7f027a23d000 rw-p 00022000 103:02 4750339                   /usr/lib/libavdevice.so.63.1.101
7f027a23d000-7f027a243000 r--p 00000000 103:02 4773161                   /usr/lib/libcdio.so.19.1.0
7f027a243000-7f027a257000 r-xp 00006000 103:02 4773161                   /usr/lib/libcdio.so.19.1.0
7f027a257000-7f027a260000 r--p 0001a000 103:02 4773161                   /usr/lib/libcdio.so.19.1.0
7f027a260000-7f027a262000 r--p 00022000 103:02 4773161                   /usr/lib/libcdio.so.19.1.0
7f027a262000-7f027a263000 rw-p 00024000 103:02 4773161                   /usr/lib/libcdio.so.19.1.0
7f027a263000-7f027a266000 rw-p 00000000 00:00 0 
7f027a266000-7f027a268000 r--p 00000000 103:02 4769654                   /usr/lib/libswresample.so.7.1.101
7f027a268000-7f027a28b000 r-xp 00002000 103:02 4769654                   /usr/lib/libswresample.so.7.1.101
7f027a28b000-7f027a290000 r--p 00025000 103:02 4769654                   /usr/lib/libswresample.so.7.1.101
7f027a290000-7f027a292000 r--p 0002a000 103:02 4769654                   /usr/lib/libswresample.so.7.1.101
7f027a292000-7f027a293000 rw-p 0002c000 103:02 4769654                   /usr/lib/libswresample.so.7.1.101
7f027a293000-7f027a297000 r--p 00000000 103:02 4816269                   /usr/lib/libass.so.9.4.2
7f027a297000-7f027a2cb000 r-xp 00004000 103:02 4816269                   /usr/lib/libass.so.9.4.2
7f027a2cb000-7f027a2d3000 r--p 00038000 103:02 4816269                   /usr/lib/libass.so.9.4.2
7f027a2d3000-7f027a2d4000 r--p 0003f000 103:02 4816269                   /usr/lib/libass.so.9.4.2
7f027a2d4000-7f027a2d5000 rw-p 00040000 103:02 4816269                   /usr/lib/libass.so.9.4.2
7f027a2d5000-7f027a326000 r--p 00000000 103:02 4826231                   /usr/lib/libGLX_nvidia.so.610.57.04
7f027a326000-7f027a383000 r-xp 00051000 103:02 4826231                   /usr/lib/libGLX_nvidia.so.610.57.04
7f027a383000-7f027a3b8000 rwxp 000ae000 103:02 4826231                   /usr/lib/libGLX_nvidia.so.610.57.04
7f027a3b8000-7f027a3b9000 r-xp 000e3000 103:02 4826231                   /usr/lib/libGLX_nvidia.so.610.57.04
7f027a3b9000-7f027a3d9000 r--p 000e4000 103:02 4826231                   /usr/lib/libGLX_nvidia.so.610.57.04
7f027a3d9000-7f027a3f9000 r--p 00103000 103:02 4826231                   /usr/lib/libGLX_nvidia.so.610.57.04
7f027a3f9000-7f027a3fe000 rw-p 00123000 103:02 4826231                   /usr/lib/libGLX_nvidia.so.610.57.04
7f027a3fe000-7f027a400000 rw-p 00000000 00:00 0 
7f027a400000-7f027bd1a000 r-xp 00000000 103:02 6306886                   /home/annihilator/.skiko/skiko-linux-x64-434f7633c843870c0839a1137b128f6c3db3c5d58dcad3545e90827e3e341afb/libskiko-linux-x64.so
7f027bd1a000-7f027bd52000 r--p 01919000 103:02 6306886                   /home/annihilator/.skiko/skiko-linux-x64-434f7633c843870c0839a1137b128f6c3db3c5d58dcad3545e90827e3e341afb/libskiko-linux-x64.so
7f027bd52000-7f027bd55000 rw-p 01951000 103:02 6306886                   /home/annihilator/.skiko/skiko-linux-x64-434f7633c843870c0839a1137b128f6c3db3c5d58dcad3545e90827e3e341afb/libskiko-linux-x64.so
7f027bd55000-7f027bd5e000 rw-p 00000000 00:00 0 
7f027bd61000-7f027bd63000 r--p 00000000 103:02 4757852                   /usr/lib/libXrandr.so.2.2.0
7f027bd63000-7f027bd6a000 r-xp 00002000 103:02 4757852                   /usr/lib/libXrandr.so.2.2.0
7f027bd6a000-7f027bd6c000 r--p 00009000 103:02 4757852                   /usr/lib/libXrandr.so.2.2.0
7f027bd6c000-7f027bd6d000 r--p 0000a000 103:02 4757852                   /usr/lib/libXrandr.so.2.2.0
7f027bd6d000-7f027bd6e000 rw-p 0000b000 103:02 4757852                   /usr/lib/libXrandr.so.2.2.0
7f027bd6e000-7f027bd71000 r--p 00000000 103:02 4775212                   /usr/lib/libdvdnav.so.4.4.0
7f027bd71000-7f027bd80000 r-xp 00003000 103:02 4775212                   /usr/lib/libdvdnav.so.4.4.0
7f027bd80000-7f027bd84000 r--p 00012000 103:02 4775212                   /usr/lib/libdvdnav.so.4.4.0
7f027bd84000-7f027bd85000 r--p 00015000 103:02 4775212                   /usr/lib/libdvdnav.so.4.4.0
7f027bd85000-7f027bd86000 rw-p 00016000 103:02 4775212                   /usr/lib/libdvdnav.so.4.4.0
7f027bd86000-7f027bd87000 rw-p 00000000 00:00 0 
7f027bd87000-7f027bd8b000 ---p 00000000 00:00 0 
7f027bd8b000-7f027be87000 rw-p 00000000 00:00 0 
7f027be87000-7f027beb6000 r--p 00000000 103:02 4750360                   /usr/lib/libGL.so.1.7.0
7f027beb6000-7f027bed5000 r-xp 0002f000 103:02 4750360                   /usr/lib/libGL.so.1.7.0
7f027bed5000-7f027bee9000 r--p 0004e000 103:02 4750360                   /usr/lib/libGL.so.1.7.0
7f027bee9000-7f027bef7000 r--p 00062000 103:02 4750360                   /usr/lib/libGL.so.1.7.0
7f027bef7000-7f027bef8000 rw-p 00070000 103:02 4750360                   /usr/lib/libGL.so.1.7.0
7f027bef8000-7f027bef9000 rw-p 00000000 00:00 0 
7f027bef9000-7f027befa000 rw-p 00000000 00:00 0 
7f027befa000-7f027befe000 ---p 00000000 00:00 0 
7f027befe000-7f027bffb000 rw-p 00000000 00:00 0 
7f027bffb000-7f027bfff000 ---p 00000000 00:00 0 
7f027bfff000-7f027c0fc000 rw-p 00000000 00:00 0 
7f027c0fc000-7f027c100000 ---p 00000000 00:00 0 
7f027c100000-7f027c1fc000 rw-p 00000000 00:00 0 
7f027c1fc000-7f027c261000 r--p 00000000 103:02 5014472                   /usr/share/fonts/liberation/LiberationSans-Regular.ttf
7f027c261000-7f027c2fc000 r--p 00000000 103:02 5641617                   /usr/share/fonts/noto/NotoSans-Bold.ttf
7f027c2fc000-7f027c2fd000 rw-p 00000000 00:00 0 
7f027c2fd000-7f027c301000 ---p 00000000 00:00 0 
7f027c301000-7f027c3fe000 rw-p 00000000 00:00 0 
7f027c3fe000-7f027c402000 ---p 00000000 00:00 0 
7f027c402000-7f027c4ff000 rw-p 00000000 00:00 0 
7f027c4ff000-7f027c503000 ---p 00000000 00:00 0 
7f027c503000-7f027ce00000 rw-p 00000000 00:00 0 
7f027ce00000-7f027ed94000 r--p 00000000 103:02 4735921                   /usr/lib/libicudata.so.78.3
7f027ed94000-7f027ed95000 r--p 01f93000 103:02 4735921                   /usr/lib/libicudata.so.78.3
7f027ed95000-7f027ed97000 r--p 00000000 103:02 4769399                   /usr/lib/libXv.so.1.0.0
7f027ed97000-7f027ed9a000 r-xp 00002000 103:02 4769399                   /usr/lib/libXv.so.1.0.0
7f027ed9a000-7f027ed9b000 r--p 00005000 103:02 4769399                   /usr/lib/libXv.so.1.0.0
7f027ed9b000-7f027ed9c000 r--p 00005000 103:02 4769399                   /usr/lib/libXv.so.1.0.0
7f027ed9c000-7f027ed9d000 rw-p 00006000 103:02 4769399                   /usr/lib/libXv.so.1.0.0
7f027ed9d000-7f027ed9e000 r--p 00000000 103:02 4775248                   /usr/lib/libXpresent.so.1.0.0
7f027ed9e000-7f027ed9f000 r-xp 00001000 103:02 4775248                   /usr/lib/libXpresent.so.1.0.0
7f027ed9f000-7f027eda0000 r--p 00002000 103:02 4775248                   /usr/lib/libXpresent.so.1.0.0
7f027eda0000-7f027eda1000 r--p 00002000 103:02 4775248                   /usr/lib/libXpresent.so.1.0.0
7f027eda1000-7f027eda2000 rw-p 00003000 103:02 4775248                   /usr/lib/libXpresent.so.1.0.0
7f027eda2000-7f027eda3000 r--p 00000000 103:02 4754785                   /usr/lib/libXss.so.1.0.0
7f027eda3000-7f027eda4000 r-xp 00001000 103:02 4754785                   /usr/lib/libXss.so.1.0.0
7f027eda4000-7f027eda5000 r--p 00002000 103:02 4754785                   /usr/lib/libXss.so.1.0.0
7f027eda5000-7f027eda6000 r--p 00002000 103:02 4754785                   /usr/lib/libXss.so.1.0.0
7f027eda6000-7f027eda7000 rw-p 00003000 103:02 4754785                   /usr/lib/libXss.so.1.0.0
7f027eda7000-7f027edda000 r--p 00000000 00:2f 28159                      /tmp/lwjgl_annihilator/3.3.6+1/x64/liblwjgl_opengl.so
7f027edda000-7f027edee000 r-xp 00033000 00:2f 28159                      /tmp/lwjgl_annihilator/3.3.6+1/x64/liblwjgl_opengl.so
7f027edee000-7f027edfe000 r--p 00047000 00:2f 28159                      /tmp/lwjgl_annihilator/3.3.6+1/x64/liblwjgl_opengl.so
7f027edfe000-7f027edff000 r--p 00056000 00:2f 28159                      /tmp/lwjgl_annihilator/3.3.6+1/x64/liblwjgl_opengl.so
7f027edff000-7f027ee00000 rw-p 00057000 00:2f 28159                      /tmp/lwjgl_annihilator/3.3.6+1/x64/liblwjgl_opengl.so
7f027ee00000-7f027f35b000 r--p 00000000 103:02 4817093                   /usr/lib/libLLVM.so.22.1
7f027f35b000-7f0285008000 r-xp 0055b000 103:02 4817093                   /usr/lib/libLLVM.so.22.1
7f0285008000-7f0288f56000 r--p 06208000 103:02 4817093                   /usr/lib/libLLVM.so.22.1
7f0288f56000-7f0289172000 r--p 0a156000 103:02 4817093                   /usr/lib/libLLVM.so.22.1
7f0289172000-7f028917c000 rw-p 0a372000 103:02 4817093                   /usr/lib/libLLVM.so.22.1
7f028917c000-7f028924c000 rw-p 00000000 00:00 0 
7f028924e000-7f0289250000 r--p 00000000 103:02 4750371                   /usr/lib/libGLX.so.0.0.0
7f0289250000-7f028926a000 r-xp 00002000 103:02 4750371                   /usr/lib/libGLX.so.0.0.0
7f028926a000-7f028926d000 r--p 0001c000 103:02 4750371                   /usr/lib/libGLX.so.0.0.0
7f028926d000-7f028926e000 r--p 0001f000 103:02 4750371                   /usr/lib/libGLX.so.0.0.0
7f028926e000-7f028926f000 rw-p 00020000 103:02 4750371                   /usr/lib/libGLX.so.0.0.0
7f028926f000-7f028927f000 rw-p 00000000 00:00 0 
7f028927f000-7f02892bf000 rw-s 00000000 00:07 1110                       /dev/nvidiactl
7f02892bf000-7f02892ff000 rw-s 00000000 00:07 1110                       /dev/nvidiactl
7f02892ff000-7f0289300000 rw-p 00000000 00:00 0 
7f0289300000-7f0289304000 ---p 00000000 00:00 0 
7f0289304000-7f0289400000 rw-p 00000000 00:00 0 
7f0289400000-7f028975b000 r--p 00000000 103:02 4833041                   /usr/lib/libnvidia-gpucomp.so.610.57.04
7f028975b000-7f028dcf8000 r-xp 0035b000 103:02 4833041                   /usr/lib/libnvidia-gpucomp.so.610.57.04
7f028dcf8000-7f028f9e8000 r--p 048f8000 103:02 4833041                   /usr/lib/libnvidia-gpucomp.so.610.57.04
7f028f9e8000-7f028fc3a000 r--p 065e7000 103:02 4833041                   /usr/lib/libnvidia-gpucomp.so.610.57.04
7f028fc3a000-7f028fdc5000 rw-p 06839000 103:02 4833041                   /usr/lib/libnvidia-gpucomp.so.610.57.04
7f028fdc5000-7f028fe80000 rw-p 00000000 00:00 0 
7f028fe81000-7f028fe83000 r--p 00000000 103:02 4773185                   /usr/lib/libcdio_cdda.so.2.0.0
7f028fe83000-7f028fe87000 r-xp 00002000 103:02 4773185                   /usr/lib/libcdio_cdda.so.2.0.0
7f028fe87000-7f028fe89000 r--p 00006000 103:02 4773185                   /usr/lib/libcdio_cdda.so.2.0.0
7f028fe89000-7f028fe8a000 r--p 00007000 103:02 4773185                   /usr/lib/libcdio_cdda.so.2.0.0
7f028fe8a000-7f028fe8b000 rw-p 00008000 103:02 4773185                   /usr/lib/libcdio_cdda.so.2.0.0
7f028fe8b000-7f028fe8c000 r--p 00000000 103:02 4773188                   /usr/lib/libcdio_paranoia.so.2.0.0
7f028fe8c000-7f028fe91000 r-xp 00001000 103:02 4773188                   /usr/lib/libcdio_paranoia.so.2.0.0
7f028fe91000-7f028fe92000 r--p 00006000 103:02 4773188                   /usr/lib/libcdio_paranoia.so.2.0.0
7f028fe92000-7f028fe93000 r--p 00006000 103:02 4773188                   /usr/lib/libcdio_paranoia.so.2.0.0
7f028fe93000-7f028fe94000 rw-p 00007000 103:02 4773188                   /usr/lib/libcdio_paranoia.so.2.0.0
7f028fe94000-7f028fe95000 r--p 00000000 103:02 4834742                   /usr/lib/libnvidia-tls.so.610.57.04
7f028fe95000-7f028fe97000 r-xp 00001000 103:02 4834742                   /usr/lib/libnvidia-tls.so.610.57.04
7f028fe97000-7f028fe98000 r--p 00003000 103:02 4834742                   /usr/lib/libnvidia-tls.so.610.57.04
7f028fe98000-7f028fe99000 r--p 00003000 103:02 4834742                   /usr/lib/libnvidia-tls.so.610.57.04
7f028fe99000-7f028fe9a000 rw-p 00004000 103:02 4834742                   /usr/lib/libnvidia-tls.so.610.57.04
7f028fe9a000-7f028feba000 rw-s 00000000 00:07 1110                       /dev/nvidiactl
7f028feba000-7f028feda000 rw-s 00000000 00:07 1110                       /dev/nvidiactl
7f028feda000-7f028ff1a000 rw-s 00000000 00:07 1110                       /dev/nvidiactl
7f028ff1a000-7f028ff1e000 r--p 00000000 103:02 7880771                   /usr/lib/jvm/java-26-openjdk/lib/libawt.so
7f028ff1e000-7f028ffc2000 r-xp 00004000 103:02 7880771                   /usr/lib/jvm/java-26-openjdk/lib/libawt.so
7f028ffc2000-7f028ffcf000 r--p 000a8000 103:02 7880771                   /usr/lib/jvm/java-26-openjdk/lib/libawt.so
7f028ffcf000-7f028ffd0000 r--p 000b4000 103:02 7880771                   /usr/lib/jvm/java-26-openjdk/lib/libawt.so
7f028ffd0000-7f028ffdb000 rw-p 000b5000 103:02 7880771                   /usr/lib/jvm/java-26-openjdk/lib/libawt.so
7f028ffdb000-7f029374e000 rw-p 00000000 00:00 0 
7f029374e000-7f0294000000 ---p 00000000 00:00 0 
7f0294001000-7f0294002000 rw-s 00000000 00:07 1110                       /dev/nvidiactl
7f0294003000-7f0294004000 r--s 00000000 00:07 1110                       /dev/nvidiactl
7f0294004000-7f0294005000 rw-s 00000000 00:07 1110                       /dev/nvidiactl
7f0294005000-7f0294006000 r--p 00000000 00:00 0 
7f0294006000-7f0294007000 rw-s 00000000 00:07 1110                       /dev/nvidiactl
7f0294007000-7f0294009000 rw-p 00000000 00:00 0 
7f0294009000-7f029401c000 rw-s 00000000 00:07 1110                       /dev/nvidiactl
7f029401d000-7f0294032000 r--p 00000000 103:02 5509699                   /usr/share/fonts/gsfonts/NimbusSans-Bold.otf
7f0294032000-7f0294033000 r--p 00000000 103:02 7880798                   /usr/lib/jvm/java-26-openjdk/lib/libprefs.so
7f0294033000-7f0294034000 r-xp 00001000 103:02 7880798                   /usr/lib/jvm/java-26-openjdk/lib/libprefs.so
7f0294034000-7f0294035000 r--p 00002000 103:02 7880798                   /usr/lib/jvm/java-26-openjdk/lib/libprefs.so
7f0294035000-7f0294036000 r--p 00002000 103:02 7880798                   /usr/lib/jvm/java-26-openjdk/lib/libprefs.so
7f0294036000-7f0294037000 rw-p 00003000 103:02 7880798                   /usr/lib/jvm/java-26-openjdk/lib/libprefs.so
7f0294037000-7f0294038000 r--p 00000000 103:02 7880775                   /usr/lib/jvm/java-26-openjdk/lib/libextnet.so
7f0294038000-7f0294039000 r-xp 00001000 103:02 7880775                   /usr/lib/jvm/java-26-openjdk/lib/libextnet.so
7f0294039000-7f029403a000 r--p 00002000 103:02 7880775                   /usr/lib/jvm/java-26-openjdk/lib/libextnet.so
7f029403a000-7f029403b000 r--p 00002000 103:02 7880775                   /usr/lib/jvm/java-26-openjdk/lib/libextnet.so
7f029403b000-7f029403c000 rw-p 00003000 103:02 7880775                   /usr/lib/jvm/java-26-openjdk/lib/libextnet.so
7f029403c000-7f029403e000 r--p 00000000 103:02 4815623                   /usr/lib/libXfixes.so.3.1.0
7f029403e000-7f0294041000 r-xp 00002000 103:02 4815623                   /usr/lib/libXfixes.so.3.1.0
7f0294041000-7f0294042000 r--p 00005000 103:02 4815623                   /usr/lib/libXfixes.so.3.1.0
7f0294042000-7f0294043000 r--p 00005000 103:02 4815623                   /usr/lib/libXfixes.so.3.1.0
7f0294043000-7f0294044000 rw-p 00006000 103:02 4815623                   /usr/lib/libXfixes.so.3.1.0
7f0294044000-7f0294048000 r--p 00000000 103:02 7880776                   /usr/lib/jvm/java-26-openjdk/lib/libfontmanager.so
7f0294048000-7f0294051000 r-xp 00004000 103:02 7880776                   /usr/lib/jvm/java-26-openjdk/lib/libfontmanager.so
7f0294051000-7f0294053000 r--p 0000d000 103:02 7880776                   /usr/lib/jvm/java-26-openjdk/lib/libfontmanager.so
7f0294053000-7f0294054000 r--p 0000e000 103:02 7880776                   /usr/lib/jvm/java-26-openjdk/lib/libfontmanager.so
7f0294054000-7f0294055000 rw-p 0000f000 103:02 7880776                   /usr/lib/jvm/java-26-openjdk/lib/libfontmanager.so
7f0294055000-7f0294063000 r--p 00000000 103:02 7880773                   /usr/lib/jvm/java-26-openjdk/lib/libawt_xawt.so
7f0294063000-7f02940a7000 r-xp 0000e000 103:02 7880773                   /usr/lib/jvm/java-26-openjdk/lib/libawt_xawt.so
7f02940a7000-7f02940bb000 r--p 00052000 103:02 7880773                   /usr/lib/jvm/java-26-openjdk/lib/libawt_xawt.so
7f02940bb000-7f02940bd000 r--p 00066000 103:02 7880773                   /usr/lib/jvm/java-26-openjdk/lib/libawt_xawt.so
7f02940bd000-7f02940be000 rw-p 00068000 103:02 7880773                   /usr/lib/jvm/java-26-openjdk/lib/libawt_xawt.so
7f02940be000-7f02940bf000 rw-p 00000000 00:00 0 
7f02940bf000-7f029415a000 r--p 00000000 103:02 5641617                   /usr/share/fonts/noto/NotoSans-Bold.ttf
7f029415a000-7f02941f5000 r--p 00000000 103:02 5641617                   /usr/share/fonts/noto/NotoSans-Bold.ttf
7f02941f5000-7f029430f000 r--s 00000000 103:02 3835361                   /var/cache/fontconfig/923e285e415b1073c8df160bee08820f-le64.cache-12
7f029430f000-7f0294400000 r--s 00000000 103:02 3835673                   /var/cache/fontconfig/f6b893a7224233d96cb72fd88691c0b4-le64.cache-12
7f0294400000-7f0294448000 r--p 00000000 103:02 4745608                   /usr/lib/libicuuc.so.78.3
7f0294448000-7f0294565000 r-xp 00048000 103:02 4745608                   /usr/lib/libicuuc.so.78.3
7f0294565000-7f02945f8000 r--p 00165000 103:02 4745608                   /usr/lib/libicuuc.so.78.3
7f02945f8000-7f029460b000 r--p 001f8000 103:02 4745608                   /usr/lib/libicuuc.so.78.3
7f029460b000-7f029460c000 rw-p 0020b000 103:02 4745608                   /usr/lib/libicuuc.so.78.3
7f029460c000-7f029460e000 rw-p 00000000 00:00 0 
7f029460e000-7f029460f000 rw-s 00000000 00:07 1112                       /dev/nvidia0
7f029460f000-7f0294611000 rw-s 00000000 00:07 1110                       /dev/nvidiactl
7f0294611000-7f0294614000 r--p 00000000 103:02 4763482                   /usr/lib/libXcursor.so.1.0.2
7f0294614000-7f029461a000 r-xp 00003000 103:02 4763482                   /usr/lib/libXcursor.so.1.0.2
7f029461a000-7f029461c000 r--p 00009000 103:02 4763482                   /usr/lib/libXcursor.so.1.0.2
7f029461c000-7f029461d000 r--p 0000a000 103:02 4763482                   /usr/lib/libXcursor.so.1.0.2
7f029461d000-7f029461e000 rw-p 0000b000 103:02 4763482                   /usr/lib/libXcursor.so.1.0.2
7f029461e000-7f0294620000 r--p 00000000 103:02 4761076                   /usr/lib/libXtst.so.6.1.0
7f0294620000-7f0294623000 r-xp 00002000 103:02 4761076                   /usr/lib/libXtst.so.6.1.0
7f0294623000-7f0294624000 r--p 00005000 103:02 4761076                   /usr/lib/libXtst.so.6.1.0
7f0294624000-7f0294625000 r--p 00005000 103:02 4761076                   /usr/lib/libXtst.so.6.1.0
7f0294625000-7f0294626000 rw-p 00006000 103:02 4761076                   /usr/lib/libXtst.so.6.1.0
7f0294626000-7f029463c000 r--s 00000000 103:02 3835467                   /var/cache/fontconfig/17ce8022be83857151cced15433ac5ab-le64.cache-12
7f029463c000-7f029463d000 r--s 00000000 103:02 3803672                   /var/cache/fontconfig/1b6853af091219762dc5c68646ca68b7-le64.cache-12
7f029463d000-7f0294640000 r--s 00000000 103:02 3802392                   /var/cache/fontconfig/73edfbc81426f3b2593aba7ca9378882-le64.cache-12
7f0294640000-7f0294649000 r--s 00000000 103:02 3835464                   /var/cache/fontconfig/2fbfc6d3726617df5d72e45ca91ca896-le64.cache-12
7f0294649000-7f0294655000 r--s 00000000 103:02 3835403                   /var/cache/fontconfig/7d660be5d4eca970fa91d6ca176f5ce2-le64.cache-12
7f0294655000-7f0294666000 r--s 00000000 103:02 3835390                   /var/cache/fontconfig/035f0ebf2f86af269427f030f354ef4b-le64.cache-12
7f0294666000-7f0294676000 r--s 00000000 103:02 3835379                   /var/cache/fontconfig/f2e61d441ca43dbfffafb9d0f2c6d8fc-le64.cache-12
7f0294676000-7f02946a0000 r--s 00000000 103:02 3835365                   /var/cache/fontconfig/f2e43df3287529323e79e7929dc44cc9-le64.cache-12
7f02946a0000-7f02946b0000 r--s 00000000 103:02 3804352                   /var/cache/fontconfig/491f45a0a771fef1c10b9b647a97fb82-le64.cache-12
7f02946b0000-7f02946c4000 r--s 00000000 103:02 3804343                   /var/cache/fontconfig/614d1caaa4d7914789410f6367de37ca-le64.cache-12
7f02946c4000-7f02946e8000 r--s 00000000 103:02 3801846                   /var/cache/fontconfig/f349e9996a5320f6dd491cedd2b1f964-le64.cache-12
7f02946e8000-7f0294800000 r--s 00000000 103:02 4334062                   /home/annihilator/.cache/fontconfig/360f0685862970c3eedca8185ab72cfb-le64.cache-12
7f0294800000-7f029481b000 r--p 00000000 103:02 4834667                   /usr/lib/libgallium-26.2.1-arch1.1.so
7f029481b000-7f029689b000 r-xp 0001b000 103:02 4834667                   /usr/lib/libgallium-26.2.1-arch1.1.so
7f029689b000-7f0297aed000 r--p 0209b000 103:02 4834667                   /usr/lib/libgallium-26.2.1-arch1.1.so
7f0297aed000-7f0297c6b000 r--p 032ec000 103:02 4834667                   /usr/lib/libgallium-26.2.1-arch1.1.so
7f0297c6b000-7f0297ca9000 rw-p 0346a000 103:02 4834667                   /usr/lib/libgallium-26.2.1-arch1.1.so
7f0297ca9000-7f0297e77000 rw-p 00000000 00:00 0 
7f0297e77000-7f0297e7a000 r--s 00000000 103:02 3835420                   /var/cache/fontconfig/e552019f4ed2e530c25d313cf4ffa813-le64.cache-12
7f0297e7a000-7f0297e80000 r--s 00000000 103:02 3817989                   /var/cache/fontconfig/b67b32625a2bb51b023d3814a918f351-le64.cache-12
7f0297e80000-7f0297f00000 rw-s 00000000 00:07 1110                       /dev/nvidiactl
7f0297f00000-7f0298000000 rw-s 00000000 00:07 1110                       /dev/nvidiactl
7f0298000000-7f0298e9f000 rw-p 00000000 00:00 0 
7f0298e9f000-7f029c000000 ---p 00000000 00:00 0 
7f029c000000-7f029ff7e000 rw-p 00000000 00:00 0 
7f029ff7e000-7f02a0000000 ---p 00000000 00:00 0 
7f02a0000000-7f02a0400000 rw-p 00000000 00:00 0 
7f02a0400000-7f02a0700000 rw-p 00000000 00:00 0 
7f02a0700000-7f02a0800000 rw-p 00000000 00:00 0 
7f02a0800000-7f02a0900000 rw-p 00000000 00:00 0 
7f02a0900000-7f02a0a00000 rw-p 00000000 00:00 0 
7f02a0a00000-7f02a11c0000 rw-p 00000000 00:00 0 
7f02a11c0000-7f02a1200000 rw-p 00000000 00:00 0 
7f02a1200000-7f02a14c0000 rw-p 00000000 00:00 0 
7f02a14c0000-7f02a1800000 rw-p 00000000 00:00 0 
7f02a1800000-7f02a1e00000 rw-p 00000000 00:00 0 
7f02a1e00000-7f02a1f00000 rw-p 00000000 00:00 0 
7f02a1f00000-7f02a2000000 rw-p 00000000 00:00 0 
7f02a2000000-7f02a2200000 rw-p 00000000 00:00 0 
7f02a2200000-7f02a2300000 rw-p 00000000 00:00 0 
7f02a2300000-7f02a2400000 rw-p 00000000 00:00 0 
7f02a2400000-7f02a2500000 rw-p 00000000 00:00 0 
7f02a2500000-7f02a2600000 rw-p 00000000 00:00 0 
7f02a2600000-7f02a2900000 rw-p 00000000 00:00 0 
7f02a2900000-7f02a2a00000 rw-p 00000000 00:00 0 
7f02a2a00000-7f02a2e00000 rw-p 00000000 00:00 0 
7f02a2e00000-7f02a2f00000 rw-p 00000000 00:00 0 
7f02a2f00000-7f02a3000000 rw-p 00000000 00:00 0 
7f02a3000000-7f02a3500000 rw-p 00000000 00:00 0 
7f02a3500000-7f02a3600000 rw-p 00000000 00:00 0 
7f02a3600000-7f02a4000000 rw-p 00000000 00:00 0 
7f02a4000000-7f02a4ebd000 rw-p 00000000 00:00 0 
7f02a4ebd000-7f02a8000000 ---p 00000000 00:00 0 
7f02a8000000-7f02aa367000 rw-p 00000000 00:00 0 
7f02aa367000-7f02ac000000 ---p 00000000 00:00 0 
7f02ac000000-7f02b0000000 rw-p 00000000 00:00 0 
7f02b0000000-7f02b0001000 r--s 00000000 103:02 3835441                   /var/cache/fontconfig/787b69f04c7448ed6c581b040220c91f-le64.cache-12
7f02b0001000-7f02b0002000 r--s 00000000 103:02 3835395                   /var/cache/fontconfig/a8773ec71f9da9b44a891b13321e5faa-le64.cache-12
7f02b0002000-7f02b0011000 r--s 00000000 103:02 3804155                   /var/cache/fontconfig/1dce2cb908b447e938fc03acd9b47fcf-le64.cache-12
7f02b0011000-7f02b0017000 r--s 00000000 103:02 3803766                   /var/cache/fontconfig/d62e99ef547d1d24cdb1bd22ec1a2976-le64.cache-12
7f02b0017000-7f02b0023000 r--s 00000000 103:02 3801653                   /var/cache/fontconfig/4b31aef11cb0687b6d280d34cbe23592-le64.cache-12
7f02b0023000-7f02b003d000 r--s 00000000 103:02 4334283                   /home/annihilator/.cache/fontconfig/bc42231c8840afdbc8a160eb8f6a66fd-le64.cache-12
7f02b003d000-7f02b003e000 rw-s 00000000 00:07 1110                       /dev/nvidiactl
7f02b003e000-7f02b003f000 r--p 00000000 103:02 4763546                   /usr/lib/libXinerama.so.1.0.0
7f02b003f000-7f02b0040000 r-xp 00001000 103:02 4763546                   /usr/lib/libXinerama.so.1.0.0
7f02b0040000-7f02b0041000 r--p 00002000 103:02 4763546                   /usr/lib/libXinerama.so.1.0.0
7f02b0041000-7f02b0042000 r--p 00002000 103:02 4763546                   /usr/lib/libXinerama.so.1.0.0
7f02b0042000-7f02b0043000 rw-p 00003000 103:02 4763546                   /usr/lib/libXinerama.so.1.0.0
7f02b0043000-7f02b0046000 r--p 00000000 103:02 4760999                   /usr/lib/libXi.so.6.1.0
7f02b0046000-7f02b0053000 r-xp 00003000 103:02 4760999                   /usr/lib/libXi.so.6.1.0
7f02b0053000-7f02b0056000 r--p 00010000 103:02 4760999                   /usr/lib/libXi.so.6.1.0
7f02b0056000-7f02b0057000 r--p 00012000 103:02 4760999                   /usr/lib/libXi.so.6.1.0
7f02b0057000-7f02b0058000 rw-p 00013000 103:02 4760999                   /usr/lib/libXi.so.6.1.0
7f02b005b000-7f02b005f000 rw-s 00000000 00:07 1110                       /dev/nvidiactl
7f02b005f000-7f02b00df000 rw-s 00000000 00:07 1110                       /dev/nvidiactl
7f02b00df000-7f02b00f2000 rw-s 00000000 00:07 1110                       /dev/nvidiactl
7f02b00f2000-7f02b00f6000 rw-s 00000000 00:07 1110                       /dev/nvidiactl
7f02b00f6000-7f02b0136000 rw-s 00000000 00:07 1110                       /dev/nvidiactl
7f02b0136000-7f02b0156000 rw-s 00000000 00:07 1110                       /dev/nvidiactl
7f02b0156000-7f02b0196000 rw-s 00000000 00:07 1110                       /dev/nvidiactl
7f02b0196000-7f02b01b6000 rw-s 00000000 00:07 1110                       /dev/nvidiactl
7f02b01b6000-7f02b0236000 rw-s 00000000 00:07 1112                       /dev/nvidia0
7f02b0236000-7f02b0276000 rw-s 00000000 00:07 1110                       /dev/nvidiactl
7f02b0276000-7f02b0296000 rw-s 00000000 00:07 1110                       /dev/nvidiactl
7f02b0296000-7f02b02a6000 rw-s 00000000 00:07 1112                       /dev/nvidia0
7f02b02a6000-7f02b02a9000 r--p 00000000 103:02 4831197                   /usr/lib/libnvidia-allocator.so.610.57.04
7f02b02a9000-7f02b02bd000 r-xp 00003000 103:02 4831197                   /usr/lib/libnvidia-allocator.so.610.57.04
7f02b02bd000-7f02b02c7000 r--p 00017000 103:02 4831197                   /usr/lib/libnvidia-allocator.so.610.57.04
7f02b02c7000-7f02b02c8000 r--p 00020000 103:02 4831197                   /usr/lib/libnvidia-allocator.so.610.57.04
7f02b02c8000-7f02b02c9000 rw-p 00021000 103:02 4831197                   /usr/lib/libnvidia-allocator.so.610.57.04
7f02b02c9000-7f02b02cb000 rw-p 00000000 00:00 0 
7f02b02cb000-7f02b02d8000 r--p 00000000 103:02 4722861                   /usr/lib/libncursesw.so.6.6
7f02b02d8000-7f02b0320000 r-xp 0000d000 103:02 4722861                   /usr/lib/libncursesw.so.6.6
7f02b0320000-7f02b0336000 r--p 00055000 103:02 4722861                   /usr/lib/libncursesw.so.6.6
7f02b0336000-7f02b033b000 r--p 0006a000 103:02 4722861                   /usr/lib/libncursesw.so.6.6
7f02b033b000-7f02b033c000 rw-p 0006f000 103:02 4722861                   /usr/lib/libncursesw.so.6.6
7f02b033c000-7f02b033e000 r--p 00000000 103:02 4761468                   /usr/lib/libpciaccess.so.0.11.1
7f02b033e000-7f02b0343000 r-xp 00002000 103:02 4761468                   /usr/lib/libpciaccess.so.0.11.1
7f02b0343000-7f02b0345000 r--p 00007000 103:02 4761468                   /usr/lib/libpciaccess.so.0.11.1
7f02b0345000-7f02b0346000 r--p 00008000 103:02 4761468                   /usr/lib/libpciaccess.so.0.11.1
7f02b0346000-7f02b0347000 rw-p 00009000 103:02 4761468                   /usr/lib/libpciaccess.so.0.11.1
7f02b0347000-7f02b0361000 r--p 00000000 103:02 4744067                   /usr/lib/libxml2.so.16.1.3
7f02b0361000-7f02b0435000 r-xp 0001a000 103:02 4744067                   /usr/lib/libxml2.so.16.1.3
7f02b0435000-7f02b0472000 r--p 000ee000 103:02 4744067                   /usr/lib/libxml2.so.16.1.3
7f02b0472000-7f02b047b000 r--p 0012b000 103:02 4744067                   /usr/lib/libxml2.so.16.1.3
7f02b047b000-7f02b047c000 rw-p 00134000 103:02 4744067                   /usr/lib/libxml2.so.16.1.3
7f02b047c000-7f02b047d000 rw-p 00000000 00:00 0 
7f02b047d000-7f02b0483000 r--p 00000000 103:02 4754841                   /usr/lib/libedit.so.0.0.78
7f02b0483000-7f02b04a5000 r-xp 00006000 103:02 4754841                   /usr/lib/libedit.so.0.0.78
7f02b04a5000-7f02b04b2000 r--p 00028000 103:02 4754841                   /usr/lib/libedit.so.0.0.78
7f02b04b2000-7f02b04b5000 r--p 00034000 103:02 4754841                   /usr/lib/libedit.so.0.0.78
7f02b04b5000-7f02b04b6000 rw-p 00037000 103:02 4754841                   /usr/lib/libedit.so.0.0.78
7f02b04b6000-7f02b04b9000 rw-p 00000000 00:00 0 
7f02b04b9000-7f02b04bc000 r--p 00000000 103:02 4780642                   /usr/lib/libdrm_intel.so.1.134.0
7f02b04bc000-7f02b04d3000 r-xp 00003000 103:02 4780642                   /usr/lib/libdrm_intel.so.1.134.0
7f02b04d3000-7f02b04dd000 r--p 0001a000 103:02 4780642                   /usr/lib/libdrm_intel.so.1.134.0
7f02b04dd000-7f02b04de000 r--p 00023000 103:02 4780642                   /usr/lib/libdrm_intel.so.1.134.0
7f02b04de000-7f02b04df000 rw-p 00024000 103:02 4780642                   /usr/lib/libdrm_intel.so.1.134.0
7f02b04df000-7f02b04e2000 r--p 00000000 103:02 4780638                   /usr/lib/libdrm_amdgpu.so.1.134.0
7f02b04e2000-7f02b04e8000 r-xp 00003000 103:02 4780638                   /usr/lib/libdrm_amdgpu.so.1.134.0
7f02b04e8000-7f02b04ea000 r--p 00009000 103:02 4780638                   /usr/lib/libdrm_amdgpu.so.1.134.0
7f02b04ea000-7f02b04eb000 r--p 0000a000 103:02 4780638                   /usr/lib/libdrm_amdgpu.so.1.134.0
7f02b04eb000-7f02b04ec000 rw-p 0000b000 103:02 4780638                   /usr/lib/libdrm_amdgpu.so.1.134.0
7f02b04ec000-7f02b04ef000 r--p 00000000 103:02 4735313                   /usr/lib/libelf-0.196.so
7f02b04ef000-7f02b0503000 r-xp 00003000 103:02 4735313                   /usr/lib/libelf-0.196.so
7f02b0503000-7f02b0508000 r--p 00017000 103:02 4735313                   /usr/lib/libelf-0.196.so
7f02b0508000-7f02b0509000 r--p 0001b000 103:02 4735313                   /usr/lib/libelf-0.196.so
7f02b0509000-7f02b050a000 rw-p 0001c000 103:02 4735313                   /usr/lib/libelf-0.196.so
7f02b050a000-7f02b050d000 r--p 00000000 103:02 4751865                   /usr/lib/libxcb-sync.so.1.0.0
7f02b050d000-7f02b0510000 r-xp 00003000 103:02 4751865                   /usr/lib/libxcb-sync.so.1.0.0
7f02b0510000-7f02b0511000 r--p 00006000 103:02 4751865                   /usr/lib/libxcb-sync.so.1.0.0
7f02b0511000-7f02b0512000 r--p 00007000 103:02 4751865                   /usr/lib/libxcb-sync.so.1.0.0
7f02b0512000-7f02b0513000 rw-p 00008000 103:02 4751865                   /usr/lib/libxcb-sync.so.1.0.0
7f02b0513000-7f02b0515000 r--p 00000000 103:02 4763334                   /usr/lib/libsensors.so.5.0.0
7f02b0515000-7f02b051d000 r-xp 00002000 103:02 4763334                   /usr/lib/libsensors.so.5.0.0
7f02b051d000-7f02b0521000 r--p 0000a000 103:02 4763334                   /usr/lib/libsensors.so.5.0.0
7f02b0521000-7f02b0522000 r--p 0000e000 103:02 4763334                   /usr/lib/libsensors.so.5.0.0
7f02b0522000-7f02b0523000 rw-p 0000f000 103:02 4763334                   /usr/lib/libsensors.so.5.0.0
7f02b0523000-7f02b053c000 r--p 00000000 103:02 4817130                   /usr/lib/libSPIRV-Tools.so
7f02b053c000-7f02b0675000 r-xp 00019000 103:02 4817130                   /usr/lib/libSPIRV-Tools.so
7f02b0675000-7f02b06fb000 r--p 00152000 103:02 4817130                   /usr/lib/libSPIRV-Tools.so
7f02b06fb000-7f02b06fe000 r--p 001d8000 103:02 4817130                   /usr/lib/libSPIRV-Tools.so
7f02b06fe000-7f02b06ff000 rw-p 001db000 103:02 4817130                   /usr/lib/libSPIRV-Tools.so
7f02b06ff000-7f02b070b000 r--p 00000000 103:02 4740223                   /usr/lib/libzstd.so.1.5.7
7f02b070b000-7f02b07d2000 r-xp 0000c000 103:02 4740223                   /usr/lib/libzstd.so.1.5.7
7f02b07d2000-7f02b07e3000 r--p 000d3000 103:02 4740223                   /usr/lib/libzstd.so.1.5.7
7f02b07e3000-7f02b07e4000 r--p 000e4000 103:02 4740223                   /usr/lib/libzstd.so.1.5.7
7f02b07e4000-7f02b07e5000 rw-p 000e5000 103:02 4740223                   /usr/lib/libzstd.so.1.5.7
7f02b07e5000-7f02b07e8000 r--p 00000000 103:02 4751872                   /usr/lib/libxcb-xfixes.so.0.0.0
7f02b07e8000-7f02b07eb000 r-xp 00003000 103:02 4751872                   /usr/lib/libxcb-xfixes.so.0.0.0
7f02b07eb000-7f02b07ec000 r--p 00006000 103:02 4751872                   /usr/lib/libxcb-xfixes.so.0.0.0
7f02b07ec000-7f02b07ed000 r--p 00007000 103:02 4751872                   /usr/lib/libxcb-xfixes.so.0.0.0
7f02b07ed000-7f02b07ee000 rw-p 00008000 103:02 4751872                   /usr/lib/libxcb-xfixes.so.0.0.0
7f02b07ee000-7f02b07f5000 r--p 00000000 103:02 4751834                   /usr/lib/libxcb-randr.so.0.1.0
7f02b07f5000-7f02b07fb000 r-xp 00007000 103:02 4751834                   /usr/lib/libxcb-randr.so.0.1.0
7f02b07fb000-7f02b07fe000 r--p 0000d000 103:02 4751834                   /usr/lib/libxcb-randr.so.0.1.0
7f02b07fe000-7f02b07ff000 r--p 00010000 103:02 4751834                   /usr/lib/libxcb-randr.so.0.1.0
7f02b07ff000-7f02b0800000 rw-p 00011000 103:02 4751834                   /usr/lib/libxcb-randr.so.0.1.0
7f02b0800000-7f02b0a19000 r--p 00000000 103:02 4831215                   /usr/lib/libnvidia-eglcore.so.610.57.04
7f02b0a19000-7f02b165f000 r-xp 00219000 103:02 4831215                   /usr/lib/libnvidia-eglcore.so.610.57.04
7f02b165f000-7f02b2b8a000 r--p 00e5f000 103:02 4831215                   /usr/lib/libnvidia-eglcore.so.610.57.04
7f02b2b8a000-7f02b2b8b000 ---p 0238a000 103:02 4831215                   /usr/lib/libnvidia-eglcore.so.610.57.04
7f02b2b8b000-7f02b2d00000 r--p 0238a000 103:02 4831215                   /usr/lib/libnvidia-eglcore.so.610.57.04
7f02b2d00000-7f02b2d49000 rw-p 024ff000 103:02 4831215                   /usr/lib/libnvidia-eglcore.so.610.57.04
7f02b2d49000-7f02b2d60000 rw-p 00000000 00:00 0 
7f02b2d60000-7f02b2d61000 r--s 00000000 103:02 3823352                   /var/cache/fontconfig/8d4af663993b81a124ee82e610bb31f9-le64.cache-12
7f02b2d61000-7f02b2d62000 r--p 00000000 103:02 4843174                   /usr/lib/libxshmfence.so.1.0.0
7f02b2d62000-7f02b2d63000 r-xp 00001000 103:02 4843174                   /usr/lib/libxshmfence.so.1.0.0
7f02b2d63000-7f02b2d64000 r--p 00002000 103:02 4843174                   /usr/lib/libxshmfence.so.1.0.0
7f02b2d64000-7f02b2d65000 r--p 00002000 103:02 4843174                   /usr/lib/libxshmfence.so.1.0.0
7f02b2d65000-7f02b2d66000 rw-p 00003000 103:02 4843174                   /usr/lib/libxshmfence.so.1.0.0
7f02b2d66000-7f02b2d6c000 r--p 00000000 103:02 4817102                   /usr/lib/libEGL_mesa.so.0.0.0
7f02b2d6c000-7f02b2da7000 r-xp 00006000 103:02 4817102                   /usr/lib/libEGL_mesa.so.0.0.0
7f02b2da7000-7f02b2dba000 r--p 00041000 103:02 4817102                   /usr/lib/libEGL_mesa.so.0.0.0
7f02b2dba000-7f02b2dc7000 r--p 00053000 103:02 4817102                   /usr/lib/libEGL_mesa.so.0.0.0
7f02b2dc7000-7f02b2dc8000 rw-p 00060000 103:02 4817102                   /usr/lib/libEGL_mesa.so.0.0.0
7f02b2dc8000-7f02b2dc9000 rw-p 00000000 00:00 0 
7f02b2dc9000-7f02b2dca000 r--p 00000000 103:02 4740497                   /usr/lib/libX11-xcb.so.1.0.0
7f02b2dca000-7f02b2dcb000 r-xp 00001000 103:02 4740497                   /usr/lib/libX11-xcb.so.1.0.0
7f02b2dcb000-7f02b2dcc000 r--p 00002000 103:02 4740497                   /usr/lib/libX11-xcb.so.1.0.0
7f02b2dcc000-7f02b2dcd000 r--p 00002000 103:02 4740497                   /usr/lib/libX11-xcb.so.1.0.0
7f02b2dcd000-7f02b2dce000 rw-p 00003000 103:02 4740497                   /usr/lib/libX11-xcb.so.1.0.0
7f02b2de2000-7f02b2de4000 r--p 00000000 103:02 4751813                   /usr/lib/libxcb-dri3.so.0.1.0
7f02b2de4000-7f02b2de6000 r-xp 00002000 103:02 4751813                   /usr/lib/libxcb-dri3.so.0.1.0
7f02b2de6000-7f02b2de7000 r--p 00004000 103:02 4751813                   /usr/lib/libxcb-dri3.so.0.1.0
7f02b2de7000-7f02b2de8000 r--p 00004000 103:02 4751813                   /usr/lib/libxcb-dri3.so.0.1.0
7f02b2de8000-7f02b2de9000 rw-p 00005000 103:02 4751813                   /usr/lib/libxcb-dri3.so.0.1.0
7f02b2de9000-7f02b2dea000 r--p 00000000 103:02 4751829                   /usr/lib/libxcb-present.so.0.0.0
7f02b2dea000-7f02b2deb000 r-xp 00001000 103:02 4751829                   /usr/lib/libxcb-present.so.0.0.0
7f02b2deb000-7f02b2dec000 r--p 00002000 103:02 4751829                   /usr/lib/libxcb-present.so.0.0.0
7f02b2dec000-7f02b2ded000 r--p 00002000 103:02 4751829                   /usr/lib/libxcb-present.so.0.0.0
7f02b2ded000-7f02b2dee000 rw-p 00003000 103:02 4751829                   /usr/lib/libxcb-present.so.0.0.0
7f02b2e33000-7f02b2e35000 r--p 00000000 103:02 4835234                   /usr/lib/libgbm.so.1.0.0
7f02b2e35000-7f02b2e36000 r-xp 00002000 103:02 4835234                   /usr/lib/libgbm.so.1.0.0
7f02b2e36000-7f02b2e37000 r--p 00003000 103:02 4835234                   /usr/lib/libgbm.so.1.0.0
7f02b2e37000-7f02b2e38000 r--p 00003000 103:02 4835234                   /usr/lib/libgbm.so.1.0.0
7f02b2e38000-7f02b2e39000 rw-p 00004000 103:02 4835234                   /usr/lib/libgbm.so.1.0.0
7f02b2e39000-7f02b2e49000 r--p 00000000 103:02 4831581                   /usr/lib/libnvidia-glsi.so.610.57.04
7f02b2e49000-7f02b2ea9000 r-xp 00010000 103:02 4831581                   /usr/lib/libnvidia-glsi.so.610.57.04
7f02b2ea9000-7f02b2ec6000 r--p 00070000 103:02 4831581                   /usr/lib/libnvidia-glsi.so.610.57.04
7f02b2ec6000-7f02b2ecc000 r--p 0008c000 103:02 4831581                   /usr/lib/libnvidia-glsi.so.610.57.04
7f02b2ecc000-7f02b2ecd000 rw-p 00092000 103:02 4831581                   /usr/lib/libnvidia-glsi.so.610.57.04
7f02b2ecd000-7f02b2ed5000 rw-p 00000000 00:00 0 
7f02b2ed5000-7f02b2f06000 r--p 00000000 103:02 4820322                   /usr/lib/libEGL_nvidia.so.610.57.04
7f02b2f06000-7f02b2f8e000 r-xp 00031000 103:02 4820322                   /usr/lib/libEGL_nvidia.so.610.57.04
7f02b2f8e000-7f02b2fdd000 r--p 000b9000 103:02 4820322                   /usr/lib/libEGL_nvidia.so.610.57.04
7f02b2fdd000-7f02b2fde000 ---p 00108000 103:02 4820322                   /usr/lib/libEGL_nvidia.so.610.57.04
7f02b2fde000-7f02b2fe5000 r--p 00108000 103:02 4820322                   /usr/lib/libEGL_nvidia.so.610.57.04
7f02b2fe5000-7f02b2ffa000 rw-p 0010f000 103:02 4820322                   /usr/lib/libEGL_nvidia.so.610.57.04
7f02b2ffa000-7f02b3000000 rw-p 00000000 00:00 0 
7f02b303c000-7f02b303d000 rw-p 00000000 00:00 0 
7f02b303d000-7f02b3041000 ---p 00000000 00:00 0 
7f02b3041000-7f02b313e000 rw-p 00000000 00:00 0 
7f02b313e000-7f02b3142000 ---p 00000000 00:00 0 
7f02b3142000-7f02b323e000 rw-p 00000000 00:00 0 
7f02b323e000-7f02b323f000 r--s 00000000 103:02 4334244                   /home/annihilator/.cache/fontconfig/8f6bef61d9f77da15272a6237cc42cae-le64.cache-12
7f02b323f000-7f02b3241000 r--s 00000000 103:02 3801209                   /var/cache/fontconfig/3830d5c3ddfd5cd38a049b759396e72e-le64.cache-12
7f02b3241000-7f02b3246000 r--p 00000000 103:02 4771568                   /usr/lib/libdrm.so.2.134.0
7f02b3246000-7f02b3252000 r-xp 00005000 103:02 4771568                   /usr/lib/libdrm.so.2.134.0
7f02b3252000-7f02b3256000 r--p 00011000 103:02 4771568                   /usr/lib/libdrm.so.2.134.0
7f02b3256000-7f02b3257000 r--p 00015000 103:02 4771568                   /usr/lib/libdrm.so.2.134.0
7f02b3257000-7f02b3258000 rw-p 00016000 103:02 4771568                   /usr/lib/libdrm.so.2.134.0
7f02b326d000-7f02b3274000 r--s 00000000 103:02 4837165                   /usr/lib/gconv/gconv-modules.cache
7f02b3274000-7f02b3276000 r--p 00000000 103:02 4811999                   /usr/lib/libGLdispatch.so.0.0.0
7f02b3276000-7f02b32b5000 r-xp 00002000 103:02 4811999                   /usr/lib/libGLdispatch.so.0.0.0
7f02b32b5000-7f02b32c8000 r--p 00041000 103:02 4811999                   /usr/lib/libGLdispatch.so.0.0.0
7f02b32c8000-7f02b32e4000 r--p 00054000 103:02 4811999                   /usr/lib/libGLdispatch.so.0.0.0
7f02b32e4000-7f02b32e5000 rw-p 00070000 103:02 4811999                   /usr/lib/libGLdispatch.so.0.0.0
7f02b32e5000-7f02b32ed000 rw-p 00000000 00:00 0 
7f02b32ed000-7f02b32ef000 r--p 00000000 103:02 4750356                   /usr/lib/libEGL.so.1.1.0
7f02b32ef000-7f02b32f9000 r-xp 00002000 103:02 4750356                   /usr/lib/libEGL.so.1.1.0
7f02b32f9000-7f02b32fd000 r--p 0000c000 103:02 4750356                   /usr/lib/libEGL.so.1.1.0
7f02b32fd000-7f02b32fe000 r--p 0000f000 103:02 4750356                   /usr/lib/libEGL.so.1.1.0
7f02b32fe000-7f02b32ff000 rw-p 00010000 103:02 4750356                   /usr/lib/libEGL.so.1.1.0
7f02b338f000-7f02b3390000 r--p 00000000 103:02 4812149                   /usr/lib/libbrotlicommon.so.1.2.0
7f02b3390000-7f02b3391000 r-xp 00001000 103:02 4812149                   /usr/lib/libbrotlicommon.so.1.2.0
7f02b3391000-7f02b33b0000 r--p 00002000 103:02 4812149                   /usr/lib/libbrotlicommon.so.1.2.0
7f02b33b0000-7f02b33b1000 r--p 00021000 103:02 4812149                   /usr/lib/libbrotlicommon.so.1.2.0
7f02b33b1000-7f02b33b2000 rw-p 00022000 103:02 4812149                   /usr/lib/libbrotlicommon.so.1.2.0
7f02b33b2000-7f02b33b7000 r--p 00000000 103:02 4722170                   /usr/lib/libblkid.so.1.1.0
7f02b33b7000-7f02b33e0000 r-xp 00005000 103:02 4722170                   /usr/lib/libblkid.so.1.1.0
7f02b33e0000-7f02b33eb000 r--p 0002e000 103:02 4722170                   /usr/lib/libblkid.so.1.1.0
7f02b33eb000-7f02b33f1000 r--p 00038000 103:02 4722170                   /usr/lib/libblkid.so.1.1.0
7f02b33f1000-7f02b33f2000 rw-p 0003e000 103:02 4722170                   /usr/lib/libblkid.so.1.1.0
7f02b33f2000-7f02b33f4000 r--p 00000000 103:02 4815257                   /usr/lib/libXdmcp.so.6.0.0
7f02b33f4000-7f02b33f6000 r-xp 00002000 103:02 4815257                   /usr/lib/libXdmcp.so.6.0.0
7f02b33f6000-7f02b33f8000 r--p 00004000 103:02 4815257                   /usr/lib/libXdmcp.so.6.0.0
7f02b33f8000-7f02b33f9000 r--p 00005000 103:02 4815257                   /usr/lib/libXdmcp.so.6.0.0
7f02b33f9000-7f02b33fa000 rw-p 00006000 103:02 4815257                   /usr/lib/libXdmcp.so.6.0.0
7f02b33fa000-7f02b33fb000 r--p 00000000 103:02 4757711                   /usr/lib/libXau.so.6.0.0
7f02b33fb000-7f02b33fc000 r-xp 00001000 103:02 4757711                   /usr/lib/libXau.so.6.0.0
7f02b33fc000-7f02b33fd000 r--p 00002000 103:02 4757711                   /usr/lib/libXau.so.6.0.0
7f02b33fd000-7f02b33fe000 r--p 00002000 103:02 4757711                   /usr/lib/libXau.so.6.0.0
7f02b33fe000-7f02b33ff000 rw-p 00003000 103:02 4757711                   /usr/lib/libXau.so.6.0.0
7f02b33ff000-7f02b3400000 r--p 00000000 103:02 4812485                   /usr/lib/libbrotlidec.so.1.2.0
7f02b3400000-7f02b3409000 r-xp 00001000 103:02 4812485                   /usr/lib/libbrotlidec.so.1.2.0
7f02b3409000-7f02b340c000 r--p 0000a000 103:02 4812485                   /usr/lib/libbrotlidec.so.1.2.0
7f02b340c000-7f02b340d000 r--p 0000c000 103:02 4812485                   /usr/lib/libbrotlidec.so.1.2.0
7f02b340d000-7f02b340e000 rw-p 0000d000 103:02 4812485                   /usr/lib/libbrotlidec.so.1.2.0
7f02b340e000-7f02b3410000 r--p 00000000 103:02 4794869                   /usr/lib/libbz2.so.1.0.8
7f02b3410000-7f02b341d000 r-xp 00002000 103:02 4794869                   /usr/lib/libbz2.so.1.0.8
7f02b341d000-7f02b341f000 r--p 0000f000 103:02 4794869                   /usr/lib/libbz2.so.1.0.8
7f02b341f000-7f02b3420000 r--p 00010000 103:02 4794869                   /usr/lib/libbz2.so.1.0.8
7f02b3420000-7f02b3421000 rw-p 00011000 103:02 4794869                   /usr/lib/libbz2.so.1.0.8
7f02b3421000-7f02b3423000 r--p 00000000 103:02 4761940                   /usr/lib/libdatrie.so.1.4.1
7f02b3423000-7f02b3427000 r-xp 00002000 103:02 4761940                   /usr/lib/libdatrie.so.1.4.1
7f02b3427000-7f02b3428000 r--p 00006000 103:02 4761940                   /usr/lib/libdatrie.so.1.4.1
7f02b3428000-7f02b3429000 r--p 00006000 103:02 4761940                   /usr/lib/libdatrie.so.1.4.1
7f02b3429000-7f02b342a000 rw-p 00007000 103:02 4761940                   /usr/lib/libdatrie.so.1.4.1
7f02b342a000-7f02b3434000 r--p 00000000 103:02 4735601                   /usr/lib/libmount.so.1.1.0
7f02b3434000-7f02b3472000 r-xp 0000a000 103:02 4735601                   /usr/lib/libmount.so.1.1.0
7f02b3472000-7f02b3483000 r--p 00048000 103:02 4735601                   /usr/lib/libmount.so.1.1.0
7f02b3483000-7f02b3485000 r--p 00059000 103:02 4735601                   /usr/lib/libmount.so.1.1.0
7f02b3485000-7f02b3486000 rw-p 0005b000 103:02 4735601                   /usr/lib/libmount.so.1.1.0
7f02b3486000-7f02b3488000 r--p 00000000 103:02 4748283                   /usr/lib/libgmodule-2.0.so.0.8800.3
7f02b3488000-7f02b348a000 r-xp 00002000 103:02 4748283                   /usr/lib/libgmodule-2.0.so.0.8800.3
7f02b348a000-7f02b348b000 r--p 00004000 103:02 4748283                   /usr/lib/libgmodule-2.0.so.0.8800.3
7f02b348b000-7f02b348c000 r--p 00004000 103:02 4748283                   /usr/lib/libgmodule-2.0.so.0.8800.3
7f02b348c000-7f02b348d000 rw-p 00005000 103:02 4748283                   /usr/lib/libgmodule-2.0.so.0.8800.3
7f02b348d000-7f02b348f000 r--p 00000000 103:02 4737414                   /usr/lib/libexpat.so.1.12.3
7f02b348f000-7f02b34af000 r-xp 00002000 103:02 4737414                   /usr/lib/libexpat.so.1.12.3
7f02b34af000-7f02b34b8000 r--p 00022000 103:02 4737414                   /usr/lib/libexpat.so.1.12.3
7f02b34b8000-7f02b34ba000 r--p 0002a000 103:02 4737414                   /usr/lib/libexpat.so.1.12.3
7f02b34ba000-7f02b34bb000 rw-p 0002c000 103:02 4737414                   /usr/lib/libexpat.so.1.12.3
7f02b34bb000-7f02b34bd000 r--p 00000000 103:02 4815230                   /usr/lib/libgraphite2.so.3.3.1
7f02b34bd000-7f02b34d6000 r-xp 00002000 103:02 4815230                   /usr/lib/libgraphite2.so.3.3.1
7f02b34d6000-7f02b34db000 r--p 0001b000 103:02 4815230                   /usr/lib/libgraphite2.so.3.3.1
7f02b34db000-7f02b34dd000 r--p 0001f000 103:02 4815230                   /usr/lib/libgraphite2.so.3.3.1
7f02b34dd000-7f02b34de000 rw-p 00021000 103:02 4815230                   /usr/lib/libgraphite2.so.3.3.1
7f02b34de000-7f02b34e1000 r--p 00000000 103:02 4732813                   /usr/lib/libpcre2-8.so.0.15.0
7f02b34e1000-7f02b355f000 r-xp 00003000 103:02 4732813                   /usr/lib/libpcre2-8.so.0.15.0
7f02b355f000-7f02b358a000 r--p 00081000 103:02 4732813                   /usr/lib/libpcre2-8.so.0.15.0
7f02b358a000-7f02b358b000 r--p 000ab000 103:02 4732813                   /usr/lib/libpcre2-8.so.0.15.0
7f02b358b000-7f02b358c000 rw-p 000ac000 103:02 4732813                   /usr/lib/libpcre2-8.so.0.15.0
7f02b358c000-7f02b35a1000 r--p 00000000 103:02 4720960                   /usr/lib/libsystemd.so.0.44.0
7f02b35a1000-7f02b367a000 r-xp 00015000 103:02 4720960                   /usr/lib/libsystemd.so.0.44.0
7f02b367a000-7f02b36c9000 r--p 000ee000 103:02 4720960                   /usr/lib/libsystemd.so.0.44.0
7f02b36c9000-7f02b36d2000 r--p 0013c000 103:02 4720960                   /usr/lib/libsystemd.so.0.44.0
7f02b36d2000-7f02b36d3000 rw-p 00145000 103:02 4720960                   /usr/lib/libsystemd.so.0.44.0
7f02b36d3000-7f02b36d4000 rw-p 00000000 00:00 0 
7f02b36d4000-7f02b36d9000 r--p 00000000 103:02 4780633                   /usr/lib/libpixman-1.so.0.46.4
7f02b36d9000-7f02b376a000 r-xp 00005000 103:02 4780633                   /usr/lib/libpixman-1.so.0.46.4
7f02b376a000-7f02b377a000 r--p 00096000 103:02 4780633                   /usr/lib/libpixman-1.so.0.46.4
7f02b377a000-7f02b3782000 r--p 000a6000 103:02 4780633                   /usr/lib/libpixman-1.so.0.46.4
7f02b3782000-7f02b3783000 rw-p 000ae000 103:02 4780633                   /usr/lib/libpixman-1.so.0.46.4
7f02b3783000-7f02b3789000 r--p 00000000 103:02 4751845                   /usr/lib/libxcb-render.so.0.0.0
7f02b3789000-7f02b378e000 r-xp 00006000 103:02 4751845                   /usr/lib/libxcb-render.so.0.0.0
7f02b378e000-7f02b3790000 r--p 0000b000 103:02 4751845                   /usr/lib/libxcb-render.so.0.0.0
7f02b3790000-7f02b3791000 r--p 0000d000 103:02 4751845                   /usr/lib/libxcb-render.so.0.0.0
7f02b3791000-7f02b3792000 rw-p 0000e000 103:02 4751845                   /usr/lib/libxcb-render.so.0.0.0
7f02b3792000-7f02b379e000 r--p 00000000 103:02 4751894                   /usr/lib/libxcb.so.1.1.0
7f02b379e000-7f02b37b2000 r-xp 0000c000 103:02 4751894                   /usr/lib/libxcb.so.1.1.0
7f02b37b2000-7f02b37bb000 r--p 00020000 103:02 4751894                   /usr/lib/libxcb.so.1.1.0
7f02b37bb000-7f02b37bc000 r--p 00028000 103:02 4751894                   /usr/lib/libxcb.so.1.1.0
7f02b37bc000-7f02b37bd000 rw-p 00029000 103:02 4751894                   /usr/lib/libxcb.so.1.1.0
7f02b37bd000-7f02b37bf000 r--p 00000000 103:02 4843167                   /usr/lib/libXrender.so.1.3.0
7f02b37bf000-7f02b37c6000 r-xp 00002000 103:02 4843167                   /usr/lib/libXrender.so.1.3.0
7f02b37c6000-7f02b37c7000 r--p 00009000 103:02 4843167                   /usr/lib/libXrender.so.1.3.0
7f02b37c7000-7f02b37c8000 r--p 00009000 103:02 4843167                   /usr/lib/libXrender.so.1.3.0
7f02b37c8000-7f02b37c9000 rw-p 0000a000 103:02 4843167                   /usr/lib/libXrender.so.1.3.0
7f02b37c9000-7f02b37cd000 r--p 00000000 103:02 4760928                   /usr/lib/libXext.so.6.4.0
7f02b37cd000-7f02b37d8000 r-xp 00004000 103:02 4760928                   /usr/lib/libXext.so.6.4.0
7f02b37d8000-7f02b37db000 r--p 0000f000 103:02 4760928                   /usr/lib/libXext.so.6.4.0
7f02b37db000-7f02b37dc000 r--p 00011000 103:02 4760928                   /usr/lib/libXext.so.6.4.0
7f02b37dc000-7f02b37dd000 rw-p 00012000 103:02 4760928                   /usr/lib/libXext.so.6.4.0
7f02b37dd000-7f02b37f4000 r--p 00000000 103:02 4740502                   /usr/lib/libX11.so.6.4.0
7f02b37f4000-7f02b3889000 r-xp 00017000 103:02 4740502                   /usr/lib/libX11.so.6.4.0
7f02b3889000-7f02b3918000 r--p 000ac000 103:02 4740502                   /usr/lib/libX11.so.6.4.0
7f02b3918000-7f02b391b000 r--p 0013a000 103:02 4740502                   /usr/lib/libX11.so.6.4.0
7f02b391b000-7f02b391f000 rw-p 0013d000 103:02 4740502                   /usr/lib/libX11.so.6.4.0
7f02b391f000-7f02b3925000 r--p 00000000 103:02 4814646                   /usr/lib/libfreetype.so.6.20.6
7f02b3925000-7f02b39bd000 r-xp 00006000 103:02 4814646                   /usr/lib/libfreetype.so.6.20.6
7f02b39bd000-7f02b39e6000 r--p 0009e000 103:02 4814646                   /usr/lib/libfreetype.so.6.20.6
7f02b39e6000-7f02b39ee000 r--p 000c6000 103:02 4814646                   /usr/lib/libfreetype.so.6.20.6
7f02b39ee000-7f02b39ef000 rw-p 000ce000 103:02 4814646                   /usr/lib/libfreetype.so.6.20.6
7f02b39ef000-7f02b39f5000 r--p 00000000 103:02 4812002                   /usr/lib/libpng16.so.16.58.0
7f02b39f5000-7f02b3a20000 r-xp 00006000 103:02 4812002                   /usr/lib/libpng16.so.16.58.0
7f02b3a20000-7f02b3a2a000 r--p 00031000 103:02 4812002                   /usr/lib/libpng16.so.16.58.0
7f02b3a2a000-7f02b3a2b000 r--p 0003a000 103:02 4812002                   /usr/lib/libpng16.so.16.58.0
7f02b3a2b000-7f02b3a2c000 rw-p 0003b000 103:02 4812002                   /usr/lib/libpng16.so.16.58.0
7f02b3a2c000-7f02b3a2e000 r--p 00000000 103:02 4815120                   /usr/lib/libthai.so.0.3.2
7f02b3a2e000-7f02b3a32000 r-xp 00002000 103:02 4815120                   /usr/lib/libthai.so.0.3.2
7f02b3a32000-7f02b3a35000 r--p 00006000 103:02 4815120                   /usr/lib/libthai.so.0.3.2
7f02b3a35000-7f02b3a36000 r--p 00008000 103:02 4815120                   /usr/lib/libthai.so.0.3.2
7f02b3a36000-7f02b3a37000 rw-p 00009000 103:02 4815120                   /usr/lib/libthai.so.0.3.2
7f02b3a37000-7f02b3a39000 r--p 00000000 103:02 4761906                   /usr/lib/libfribidi.so.0.4.0
7f02b3a39000-7f02b3a3e000 r-xp 00002000 103:02 4761906                   /usr/lib/libfribidi.so.0.4.0
7f02b3a3e000-7f02b3a55000 r--p 00007000 103:02 4761906                   /usr/lib/libfribidi.so.0.4.0
7f02b3a55000-7f02b3a56000 r--p 0001d000 103:02 4761906                   /usr/lib/libfribidi.so.0.4.0
7f02b3a56000-7f02b3a57000 rw-p 0001e000 103:02 4761906                   /usr/lib/libfribidi.so.0.4.0
7f02b3a57000-7f02b3a89000 r--p 00000000 103:02 4745344                   /usr/lib/libgio-2.0.so.0.8800.3
7f02b3a89000-7f02b3bb0000 r-xp 00032000 103:02 4745344                   /usr/lib/libgio-2.0.so.0.8800.3
7f02b3bb0000-7f02b3c2a000 r--p 00159000 103:02 4745344                   /usr/lib/libgio-2.0.so.0.8800.3
7f02b3c2a000-7f02b3c33000 r--p 001d2000 103:02 4745344                   /usr/lib/libgio-2.0.so.0.8800.3
7f02b3c33000-7f02b3c34000 rw-p 001db000 103:02 4745344                   /usr/lib/libgio-2.0.so.0.8800.3
7f02b3c34000-7f02b3c36000 rw-p 00000000 00:00 0 
7f02b3c36000-7f02b3c3c000 r--p 00000000 103:02 4759013                   /usr/lib/libfontconfig.so.1.17.0
7f02b3c3c000-7f02b3c71000 r-xp 00006000 103:02 4759013                   /usr/lib/libfontconfig.so.1.17.0
7f02b3c71000-7f02b3ca7000 r--p 0003b000 103:02 4759013                   /usr/lib/libfontconfig.so.1.17.0
7f02b3ca7000-7f02b3cb0000 r--p 00071000 103:02 4759013                   /usr/lib/libfontconfig.so.1.17.0
7f02b3cb0000-7f02b3cb1000 rw-p 0007a000 103:02 4759013                   /usr/lib/libfontconfig.so.1.17.0
7f02b3cb1000-7f02b3cbe000 r--p 00000000 103:02 4814594                   /usr/lib/libharfbuzz.so.0.61431.0
7f02b3cbe000-7f02b3db0000 r-xp 0000d000 103:02 4814594                   /usr/lib/libharfbuzz.so.0.61431.0
7f02b3db0000-7f02b3de4000 r--p 000ff000 103:02 4814594                   /usr/lib/libharfbuzz.so.0.61431.0
7f02b3de4000-7f02b3de6000 r--p 00132000 103:02 4814594                   /usr/lib/libharfbuzz.so.0.61431.0
7f02b3de6000-7f02b3de7000 rw-p 00134000 103:02 4814594                   /usr/lib/libharfbuzz.so.0.61431.0
7f02b3de7000-7f02b3e05000 r--p 00000000 103:02 4748073                   /usr/lib/libglib-2.0.so.0.8800.3
7f02b3e05000-7f02b3eb3000 r-xp 0001e000 103:02 4748073                   /usr/lib/libglib-2.0.so.0.8800.3
7f02b3eb3000-7f02b3f47000 r--p 000cc000 103:02 4748073                   /usr/lib/libglib-2.0.so.0.8800.3
7f02b3f47000-7f02b3f48000 r--p 00160000 103:02 4748073                   /usr/lib/libglib-2.0.so.0.8800.3
7f02b3f48000-7f02b3f49000 rw-p 00161000 103:02 4748073                   /usr/lib/libglib-2.0.so.0.8800.3
7f02b3f49000-7f02b3f4a000 rw-p 00000000 00:00 0 
7f02b3f4a000-7f02b3f58000 r--p 00000000 103:02 4741723                   /usr/lib/libdbus-1.so.3.38.3
7f02b3f58000-7f02b3f89000 r-xp 0000e000 103:02 4741723                   /usr/lib/libdbus-1.so.3.38.3
7f02b3f89000-7f02b3f9a000 r--p 0003f000 103:02 4741723                   /usr/lib/libdbus-1.so.3.38.3
7f02b3f9a000-7f02b3f9c000 r--p 0004f000 103:02 4741723                   /usr/lib/libdbus-1.so.3.38.3
7f02b3f9c000-7f02b3f9d000 rw-p 00051000 103:02 4741723                   /usr/lib/libdbus-1.so.3.38.3
7f02b3f9d000-7f02b3fa9000 r--p 00000000 103:02 4750151                   /usr/lib/libgobject-2.0.so.0.8800.3
7f02b3fa9000-7f02b3fe2000 r-xp 0000c000 103:02 4750151                   /usr/lib/libgobject-2.0.so.0.8800.3
7f02b3fe2000-7f02b3ffc000 r--p 00045000 103:02 4750151                   /usr/lib/libgobject-2.0.so.0.8800.3
7f02b3ffc000-7f02b3fff000 r--p 0005e000 103:02 4750151                   /usr/lib/libgobject-2.0.so.0.8800.3
7f02b3fff000-7f02b4000000 rw-p 00061000 103:02 4750151                   /usr/lib/libgobject-2.0.so.0.8800.3
7f02b4000000-7f02b4cf4000 rw-p 00000000 00:00 0 
7f02b4cf4000-7f02b8000000 ---p 00000000 00:00 0 
7f02b8000000-7f02b8e59000 rw-p 00000000 00:00 0 
7f02b8e59000-7f02bc000000 ---p 00000000 00:00 0 
7f02bc000000-7f02bf0bf000 rw-p 00000000 00:00 0 
7f02bf0bf000-7f02c0000000 ---p 00000000 00:00 0 
7f02c0000000-7f02c0f23000 rw-p 00000000 00:00 0 
7f02c0f23000-7f02c4000000 ---p 00000000 00:00 0 
7f02c4000000-7f02c5658000 rw-p 00000000 00:00 0 
7f02c5658000-7f02c8000000 ---p 00000000 00:00 0 
7f02c8000000-7f02c9dd1000 rw-p 00000000 00:00 0 
7f02c9dd1000-7f02cc000000 ---p 00000000 00:00 0 
7f02cc000000-7f02cc003000 rw-s 00000000 00:07 1110                       /dev/nvidiactl
7f02cc003000-7f02cc004000 r--p 00000000 103:02 4751862                   /usr/lib/libxcb-shm.so.0.0.0
7f02cc004000-7f02cc005000 r-xp 00001000 103:02 4751862                   /usr/lib/libxcb-shm.so.0.0.0
7f02cc005000-7f02cc006000 r--p 00002000 103:02 4751862                   /usr/lib/libxcb-shm.so.0.0.0
7f02cc006000-7f02cc007000 r--p 00002000 103:02 4751862                   /usr/lib/libxcb-shm.so.0.0.0
7f02cc007000-7f02cc008000 rw-p 00003000 103:02 4751862                   /usr/lib/libxcb-shm.so.0.0.0
7f02cc008000-7f02cc010000 r--p 00000000 103:02 4815145                   /usr/lib/libpangoft2-1.0.so.0.5800.2
7f02cc010000-7f02cc020000 r-xp 00008000 103:02 4815145                   /usr/lib/libpangoft2-1.0.so.0.5800.2
7f02cc020000-7f02cc025000 r--p 00018000 103:02 4815145                   /usr/lib/libpangoft2-1.0.so.0.5800.2
7f02cc025000-7f02cc026000 r--p 0001d000 103:02 4815145                   /usr/lib/libpangoft2-1.0.so.0.5800.2
7f02cc026000-7f02cc027000 rw-p 0001e000 103:02 4815145                   /usr/lib/libpangoft2-1.0.so.0.5800.2
7f02cc027000-7f02cc035000 r--p 00000000 103:02 4757736                   /usr/lib/libcairo.so.2.11804.4
7f02cc035000-7f02cc128000 r-xp 0000e000 103:02 4757736                   /usr/lib/libcairo.so.2.11804.4
7f02cc128000-7f02cc15d000 r--p 00101000 103:02 4757736                   /usr/lib/libcairo.so.2.11804.4
7f02cc15d000-7f02cc161000 r--p 00136000 103:02 4757736                   /usr/lib/libcairo.so.2.11804.4
7f02cc161000-7f02cc163000 rw-p 0013a000 103:02 4757736                   /usr/lib/libcairo.so.2.11804.4
7f02cc163000-7f02cc164000 rw-p 00000000 00:00 0 
7f02cc164000-7f02cc172000 r--p 00000000 103:02 4794787                   /usr/lib/libpango-1.0.so.0.5800.2
7f02cc172000-7f02cc1b2000 r-xp 0000e000 103:02 4794787                   /usr/lib/libpango-1.0.so.0.5800.2
7f02cc1b2000-7f02cc1ce000 r--p 0004e000 103:02 4794787                   /usr/lib/libpango-1.0.so.0.5800.2
7f02cc1ce000-7f02cc1d2000 r--p 00069000 103:02 4794787                   /usr/lib/libpango-1.0.so.0.5800.2
7f02cc1d2000-7f02cc1d3000 rw-p 0006d000 103:02 4794787                   /usr/lib/libpango-1.0.so.0.5800.2
7f02cc1d3000-7f02cc1d8000 r--p 00000000 103:02 4815137                   /usr/lib/libpangocairo-1.0.so.0.5800.2
7f02cc1d8000-7f02cc1e1000 r-xp 00005000 103:02 4815137                   /usr/lib/libpangocairo-1.0.so.0.5800.2
7f02cc1e1000-7f02cc1e3000 r--p 0000e000 103:02 4815137                   /usr/lib/libpangocairo-1.0.so.0.5800.2
7f02cc1e3000-7f02cc1e4000 r--p 00010000 103:02 4815137                   /usr/lib/libpangocairo-1.0.so.0.5800.2
7f02cc1e4000-7f02cc1e5000 rw-p 00011000 103:02 4815137                   /usr/lib/libpangocairo-1.0.so.0.5800.2
7f02cc1e5000-7f02cc1e9000 r--p 00000000 103:02 4726011                   /usr/lib/libdecor/plugins-1/libdecor-cairo.so
7f02cc1e9000-7f02cc1ef000 r-xp 00004000 103:02 4726011                   /usr/lib/libdecor/plugins-1/libdecor-cairo.so
7f02cc1ef000-7f02cc1f1000 r--p 0000a000 103:02 4726011                   /usr/lib/libdecor/plugins-1/libdecor-cairo.so
7f02cc1f1000-7f02cc1f4000 r--p 0000b000 103:02 4726011                   /usr/lib/libdecor/plugins-1/libdecor-cairo.so
7f02cc1f4000-7f02cc1f5000 rw-p 0000e000 103:02 4726011                   /usr/lib/libdecor/plugins-1/libdecor-cairo.so
7f02cc1f5000-7f02cc1f8000 r--p 00000000 103:02 4725997                   /usr/lib/libdecor-0.so.0.200.5
7f02cc1f8000-7f02cc1fb000 r-xp 00003000 103:02 4725997                   /usr/lib/libdecor-0.so.0.200.5
7f02cc1fb000-7f02cc1fd000 r--p 00006000 103:02 4725997                   /usr/lib/libdecor-0.so.0.200.5
7f02cc1fd000-7f02cc1fe000 r--p 00007000 103:02 4725997                   /usr/lib/libdecor-0.so.0.200.5
7f02cc1fe000-7f02cc1ff000 rw-p 00008000 103:02 4725997                   /usr/lib/libdecor-0.so.0.200.5
7f02cc1ff000-7f02cc203000 r--p 00000000 103:02 4755680                   /usr/lib/libxkbcommon.so.0.13.2
7f02cc203000-7f02cc232000 r-xp 00004000 103:02 4755680                   /usr/lib/libxkbcommon.so.0.13.2
7f02cc232000-7f02cc25b000 r--p 00033000 103:02 4755680                   /usr/lib/libxkbcommon.so.0.13.2
7f02cc25b000-7f02cc25d000 r--p 0005b000 103:02 4755680                   /usr/lib/libxkbcommon.so.0.13.2
7f02cc25d000-7f02cc25e000 rw-p 0005d000 103:02 4755680                   /usr/lib/libxkbcommon.so.0.13.2
7f02cc25e000-7f02cc26e000 r--p 00000000 00:2f 28158                      /tmp/lwjgl_annihilator/3.3.6+1/x64/libglfw.so
7f02cc26e000-7f02cc28f000 r-xp 00010000 00:2f 28158                      /tmp/lwjgl_annihilator/3.3.6+1/x64/libglfw.so
7f02cc28f000-7f02cc2cb000 r--p 00031000 00:2f 28158                      /tmp/lwjgl_annihilator/3.3.6+1/x64/libglfw.so
7f02cc2cb000-7f02cc2cf000 r--p 0006c000 00:2f 28158                      /tmp/lwjgl_annihilator/3.3.6+1/x64/libglfw.so
7f02cc2cf000-7f02cc2d2000 rw-p 00070000 00:2f 28158                      /tmp/lwjgl_annihilator/3.3.6+1/x64/libglfw.so
7f02cc2d2000-7f02cc2f5000 rw-p 00000000 00:00 0 
7f02cc2f5000-7f02cc2f6000 rw-p 00000000 00:00 0 
7f02cc2f6000-7f02cc2fa000 ---p 00000000 00:00 0 
7f02cc2fa000-7f02cc3f7000 rw-p 00000000 00:00 0 
7f02cc3f7000-7f02cc3fb000 ---p 00000000 00:00 0 
7f02cc3fb000-7f02cc7fb000 rw-p 00000000 00:00 0 
7f02cc7fb000-7f02cc7ff000 ---p 00000000 00:00 0 
7f02cc7ff000-7f02cc8fc000 rw-p 00000000 00:00 0 
7f02cc8fc000-7f02cc900000 ---p 00000000 00:00 0 
7f02cc900000-7f02cc9fd000 rw-p 00000000 00:00 0 
7f02cc9fd000-7f02cca01000 ---p 00000000 00:00 0 
7f02cca01000-7f02ccafe000 rw-p 00000000 00:00 0 
7f02ccafe000-7f02ccb02000 ---p 00000000 00:00 0 
7f02ccb02000-7f02ccbff000 rw-p 00000000 00:00 0 
7f02ccbff000-7f02ccc03000 ---p 00000000 00:00 0 
7f02ccc03000-7f02ccd00000 rw-p 00000000 00:00 0 
7f02ccd00000-7f02ccd04000 ---p 00000000 00:00 0 
7f02ccd04000-7f02cce00000 rw-p 00000000 00:00 0 
7f02cce00000-7f02cd0ee000 r--p 00000000 103:02 4837164                   /usr/lib/locale/locale-archive
7f02cd0ee000-7f02cd0ef000 rw-p 00000000 00:00 0 
7f02cd0ef000-7f02cd0f1000 rw-s 00000000 00:01 716010                     /memfd:/.glXXXXXX (deleted)
7f02cd0f1000-7f02cd0f2000 rw-p 00000000 00:00 0 
7f02cd0f2000-7f02cd0f6000 ---p 00000000 00:00 0 
7f02cd0f6000-7f02cd1f3000 rw-p 00000000 00:00 0 
7f02cd1f3000-7f02cd1f7000 ---p 00000000 00:00 0 
7f02cd1f7000-7f02cd2f4000 rw-p 00000000 00:00 0 
7f02cd2f4000-7f02cd2f8000 ---p 00000000 00:00 0 
7f02cd2f8000-7f02cd8f9000 rw-p 00000000 00:00 0 
7f02cd8f9000-7f02d2b2f000 rw-p 00000000 00:00 0 
7f02d2b2f000-7f02d4000000 ---p 00000000 00:00 0 
7f02d4000000-7f02d73a7000 rw-p 00000000 00:00 0 
7f02d73a7000-7f02d8000000 ---p 00000000 00:00 0 
7f02d8000000-7f02d8001000 rw-p 00000000 00:00 0 
7f02d8001000-7f02d8002000 r--p 00000000 103:02 4818228                   /usr/lib/libwayland-egl.so.1.26.0
7f02d8002000-7f02d8003000 r-xp 00001000 103:02 4818228                   /usr/lib/libwayland-egl.so.1.26.0
7f02d8003000-7f02d8004000 r--p 00002000 103:02 4818228                   /usr/lib/libwayland-egl.so.1.26.0
7f02d8004000-7f02d8005000 r--p 00002000 103:02 4818228                   /usr/lib/libwayland-egl.so.1.26.0
7f02d8005000-7f02d8006000 rw-p 00003000 103:02 4818228                   /usr/lib/libwayland-egl.so.1.26.0
7f02d8006000-7f02d8007000 r--p 00000000 103:02 4817284                   /usr/lib/libwayland-cursor.so.0.26.0
7f02d8007000-7f02d8009000 r-xp 00001000 103:02 4817284                   /usr/lib/libwayland-cursor.so.0.26.0
7f02d8009000-7f02d800a000 r--p 00003000 103:02 4817284                   /usr/lib/libwayland-cursor.so.0.26.0
7f02d800a000-7f02d800b000 r--p 00003000 103:02 4817284                   /usr/lib/libwayland-cursor.so.0.26.0
7f02d800b000-7f02d800f000 rw-p 00004000 103:02 4817284                   /usr/lib/libwayland-cursor.so.0.26.0
7f02d800f000-7f02d803b000 r--p 00000000 00:2f 28110                      /tmp/lwjgl_annihilator/3.3.6+1/x64/liblwjgl.so
7f02d803b000-7f02d806f000 r-xp 0002c000 00:2f 28110                      /tmp/lwjgl_annihilator/3.3.6+1/x64/liblwjgl.so
7f02d806f000-7f02d8089000 r--p 00060000 00:2f 28110                      /tmp/lwjgl_annihilator/3.3.6+1/x64/liblwjgl.so
7f02d8089000-7f02d808a000 r--p 00079000 00:2f 28110                      /tmp/lwjgl_annihilator/3.3.6+1/x64/liblwjgl.so
7f02d808a000-7f02d808b000 rw-p 0007a000 00:2f 28110                      /tmp/lwjgl_annihilator/3.3.6+1/x64/liblwjgl.so
7f02d808b000-7f02d887f000 rw-p 00000000 00:00 0 
7f02d887f000-7f02dbdef000 ---p 00000000 00:00 0 
7f02dbdef000-7f02dbdf7000 rw-p 00000000 00:00 0 
7f02dbdf7000-7f02dbdff000 ---p 00000000 00:00 0 
7f02dbdff000-7f02dd2cf000 rwxp 00000000 00:00 0 
7f02dd2cf000-7f02e325f000 ---p 00000000 00:00 0 
7f02e325f000-7f02e394f000 rwxp 00000000 00:00 0 
7f02e394f000-7f02e39a0000 ---p 00000000 00:00 0 
7f02e39a0000-7f02e4020000 rwxp 00000000 00:00 0 
7f02e4020000-7f02eae00000 ---p 00000000 00:00 0 
7f02eae00000-7f02f3e1c000 r--s 00000000 103:02 7880807                   /usr/lib/jvm/java-26-openjdk/lib/modules
7f02f3e1c000-7f02f3e1d000 rw-s 00000000 00:07 1110                       /dev/nvidiactl
7f02f3e1d000-7f02f3e1f000 rw-s 00000000 00:07 1110                       /dev/nvidiactl
7f02f3e1f000-7f02f3e21000 r--p 00000000 103:02 4780624                   /usr/lib/libffi.so.8.5.0
7f02f3e21000-7f02f3e29000 r-xp 00002000 103:02 4780624                   /usr/lib/libffi.so.8.5.0
7f02f3e29000-7f02f3e2b000 r--p 0000a000 103:02 4780624                   /usr/lib/libffi.so.8.5.0
7f02f3e2b000-7f02f3e2c000 r--p 0000b000 103:02 4780624                   /usr/lib/libffi.so.8.5.0
7f02f3e2c000-7f02f3e2d000 rw-p 0000c000 103:02 4780624                   /usr/lib/libffi.so.8.5.0
7f02f3e2d000-7f02f3e30000 r--p 00000000 103:02 4815658                   /usr/lib/libwayland-client.so.0.26.0
7f02f3e30000-7f02f3e37000 r-xp 00003000 103:02 4815658                   /usr/lib/libwayland-client.so.0.26.0
7f02f3e37000-7f02f3e3a000 r--p 0000a000 103:02 4815658                   /usr/lib/libwayland-client.so.0.26.0
7f02f3e3a000-7f02f3e3c000 r--p 0000c000 103:02 4815658                   /usr/lib/libwayland-client.so.0.26.0
7f02f3e3c000-7f02f3e3d000 rw-p 0000e000 103:02 4815658                   /usr/lib/libwayland-client.so.0.26.0
7f02f3e3d000-7f02f7ffd000 rw-p 00000000 00:00 0 
7f02f7ffd000-7f02f8000000 ---p 00000000 00:00 0 
7f02f8000000-7f02f8001000 rw-s 00000000 00:07 1112                       /dev/nvidia0
7f02f8001000-7f02f8002000 rw-s 00000000 00:07 1110                       /dev/nvidiactl
7f02f8002000-7f02f8003000 rw-s 00000000 00:07 1110                       /dev/nvidiactl
7f02f8003000-7f02f8004000 r--p 00000000 103:02 4722210                   /usr/lib/librt.so.1
7f02f8004000-7f02f8005000 r-xp 00001000 103:02 4722210                   /usr/lib/librt.so.1
7f02f8005000-7f02f8006000 r--p 00002000 103:02 4722210                   /usr/lib/librt.so.1
7f02f8006000-7f02f8007000 r--p 00002000 103:02 4722210                   /usr/lib/librt.so.1
7f02f8007000-7f02f8008000 rw-p 00003000 103:02 4722210                   /usr/lib/librt.so.1
7f02f8008000-7f02f8009000 r--p 00000000 103:02 4722204                   /usr/lib/libpthread.so.0
7f02f8009000-7f02f800a000 r-xp 00001000 103:02 4722204                   /usr/lib/libpthread.so.0
7f02f800a000-7f02f800b000 r--p 00002000 103:02 4722204                   /usr/lib/libpthread.so.0
7f02f800b000-7f02f800c000 r--p 00002000 103:02 4722204                   /usr/lib/libpthread.so.0
7f02f800c000-7f02f800d000 rw-p 00003000 103:02 4722204                   /usr/lib/libpthread.so.0
7f02f800d000-7f02f800f000 r--p 00000000 103:02 7880806                   /usr/lib/jvm/java-26-openjdk/lib/libzip.so
7f02f800f000-7f02f8013000 r-xp 00002000 103:02 7880806                   /usr/lib/jvm/java-26-openjdk/lib/libzip.so
7f02f8013000-7f02f8015000 r--p 00006000 103:02 7880806                   /usr/lib/jvm/java-26-openjdk/lib/libzip.so
7f02f8015000-7f02f8016000 r--p 00007000 103:02 7880806                   /usr/lib/jvm/java-26-openjdk/lib/libzip.so
7f02f8016000-7f02f8017000 rw-p 00008000 103:02 7880806                   /usr/lib/jvm/java-26-openjdk/lib/libzip.so
7f02f8017000-7f02f8018000 r--p 00000000 103:02 7880802                   /usr/lib/jvm/java-26-openjdk/lib/libsimdsort.so
7f02f8018000-7f02f8052000 r-xp 00001000 103:02 7880802                   /usr/lib/jvm/java-26-openjdk/lib/libsimdsort.so
7f02f8052000-7f02f8058000 r--p 0003b000 103:02 7880802                   /usr/lib/jvm/java-26-openjdk/lib/libsimdsort.so
7f02f8058000-7f02f8059000 r--p 00040000 103:02 7880802                   /usr/lib/jvm/java-26-openjdk/lib/libsimdsort.so
7f02f8059000-7f02f805a000 rw-p 00041000 103:02 7880802                   /usr/lib/jvm/java-26-openjdk/lib/libsimdsort.so
7f02f805a000-7f02f845e000 rw-p 00000000 00:00 0 
7f02f845e000-7f02f8761000 rw-p 00000000 00:00 0 
7f02f8761000-7f02f8834000 rw-p 00000000 00:00 0 
7f02f8834000-7f02f8ee2000 ---p 00000000 00:00 0 
7f02f8ee2000-7f02f8ee3000 rw-p 00000000 00:00 0 
7f02f8ee3000-7f02f8ee4000 ---p 00000000 00:00 0 
7f02f8ee4000-7f02f8fb7000 rw-p 00000000 00:00 0 
7f02f8fb7000-7f02f9665000 ---p 00000000 00:00 0 
7f02f9665000-7f02f9666000 rw-p 00000000 00:00 0 
7f02f9666000-7f02f9667000 ---p 00000000 00:00 0 
7f02f9667000-7f02f973a000 rw-p 00000000 00:00 0 
7f02f973a000-7f02f9de8000 ---p 00000000 00:00 0 
7f02f9de8000-7f02f9de9000 rw-p 00000000 00:00 0 
7f02f9de9000-7f02f9dea000 ---p 00000000 00:00 0 
7f02f9dea000-7f02fab04000 rw-p 00000000 00:00 0 
7f02fab04000-7f02fabe0000 ---p 00000000 00:00 0 
7f02fabe0000-7f02fac0a000 rw-p 00000000 00:00 0 
7f02fac0a000-7f02facc9000 ---p 00000000 00:00 0 
7f02facc9000-7f02facd9000 r--p 00000000 103:02 4722178                   /usr/lib/libm.so.6
7f02facd9000-7f02fad75000 r-xp 00010000 103:02 4722178                   /usr/lib/libm.so.6
7f02fad75000-7f02fadfe000 r--p 000ac000 103:02 4722178                   /usr/lib/libm.so.6
7f02fadfe000-7f02fadff000 r--p 00134000 103:02 4722178                   /usr/lib/libm.so.6
7f02fadff000-7f02fae00000 rw-p 00135000 103:02 4722178                   /usr/lib/libm.so.6
7f02fae00000-7f02fae9a000 r--p 00000000 103:02 4748526                   /usr/lib/libstdc++.so.6.0.36
7f02fae9a000-7f02fb01d000 r-xp 0009a000 103:02 4748526                   /usr/lib/libstdc++.so.6.0.36
7f02fb01d000-7f02fb0bd000 r--p 0021d000 103:02 4748526                   /usr/lib/libstdc++.so.6.0.36
7f02fb0bd000-7f02fb0ce000 r--p 002bc000 103:02 4748526                   /usr/lib/libstdc++.so.6.0.36
7f02fb0ce000-7f02fb0cf000 rw-p 002cd000 103:02 4748526                   /usr/lib/libstdc++.so.6.0.36
7f02fb0cf000-7f02fb0d3000 rw-p 00000000 00:00 0 
7f02fb0d3000-7f02fb0d5000 r--p 00000000 00:1a 53161                      /dev/shm/716e306c-95b7-4d19-95b4-1c569de03be9 (deleted)
7f02fb0d5000-7f02fb0d7000 r--p 00000000 00:1a 53161                      /dev/shm/716e306c-95b7-4d19-95b4-1c569de03be9 (deleted)
7f02fb0d7000-7f02fb0d8000 r--p 00000000 103:02 4722163                   /usr/lib/libdl.so.2
7f02fb0d8000-7f02fb0d9000 r-xp 00001000 103:02 4722163                   /usr/lib/libdl.so.2
7f02fb0d9000-7f02fb0da000 r--p 00002000 103:02 4722163                   /usr/lib/libdl.so.2
7f02fb0da000-7f02fb0db000 r--p 00002000 103:02 4722163                   /usr/lib/libdl.so.2
7f02fb0db000-7f02fb0dc000 rw-p 00003000 103:02 4722163                   /usr/lib/libdl.so.2
7f02fb0dc000-7f02fb0de000 r--p 00000000 103:02 7880796                   /usr/lib/jvm/java-26-openjdk/lib/libnet.so
7f02fb0de000-7f02fb0e5000 r-xp 00002000 103:02 7880796                   /usr/lib/jvm/java-26-openjdk/lib/libnet.so
7f02fb0e5000-7f02fb0e7000 r--p 00009000 103:02 7880796                   /usr/lib/jvm/java-26-openjdk/lib/libnet.so
7f02fb0e7000-7f02fb0e8000 r--p 0000a000 103:02 7880796                   /usr/lib/jvm/java-26-openjdk/lib/libnet.so
7f02fb0e8000-7f02fb0e9000 rw-p 0000b000 103:02 7880796                   /usr/lib/jvm/java-26-openjdk/lib/libnet.so
7f02fb0e9000-7f02fb0f0000 r--p 00000000 103:02 7880797                   /usr/lib/jvm/java-26-openjdk/lib/libnio.so
7f02fb0f0000-7f02fb0f9000 r-xp 00007000 103:02 7880797                   /usr/lib/jvm/java-26-openjdk/lib/libnio.so
7f02fb0f9000-7f02fb0fe000 r--p 00010000 103:02 7880797                   /usr/lib/jvm/java-26-openjdk/lib/libnio.so
7f02fb0fe000-7f02fb0ff000 r--p 00014000 103:02 7880797                   /usr/lib/jvm/java-26-openjdk/lib/libnio.so
7f02fb0ff000-7f02fb100000 rw-p 00015000 103:02 7880797                   /usr/lib/jvm/java-26-openjdk/lib/libnio.so
7f02fb100000-7f02fb104000 ---p 00000000 00:00 0 
7f02fb104000-7f02fb200000 rw-p 00000000 00:00 0 
7f02fb200000-7f02fb20e000 r--p 00000000 103:02 7880818                   /usr/lib/jvm/java-26-openjdk/lib/server/libjvm.so
7f02fb20e000-7f02fc157000 r-xp 0000e000 103:02 7880818                   /usr/lib/jvm/java-26-openjdk/lib/server/libjvm.so
7f02fc157000-7f02fc39e000 r--p 00f57000 103:02 7880818                   /usr/lib/jvm/java-26-openjdk/lib/server/libjvm.so
7f02fc39e000-7f02fc490000 r--p 0119d000 103:02 7880818                   /usr/lib/jvm/java-26-openjdk/lib/server/libjvm.so
7f02fc490000-7f02fc4b1000 rw-p 0128f000 103:02 7880818                   /usr/lib/jvm/java-26-openjdk/lib/server/libjvm.so
7f02fc4b1000-7f02fc534000 rw-p 00000000 00:00 0 
7f02fc534000-7f02fc535000 r--s 00000000 00:07 1110                       /dev/nvidiactl
7f02fc535000-7f02fc536000 rw-p 00000000 00:00 0 
7f02fc536000-7f02fc537000 r-xp 0005e000 00:2f 28110                      /tmp/lwjgl_annihilator/3.3.6+1/x64/liblwjgl.so
7f02fc537000-7f02fc538000 rw-p 00000000 00:00 0 
7f02fc538000-7f02fc539000 r--p 00000000 103:02 4744044                   /usr/share/locale/en_GB/LC_MESSAGES/libc.mo
7f02fc539000-7f02fc587000 rw-p 00000000 00:00 0 
7f02fc587000-7f02fc588000 ---p 00000000 00:00 0 
7f02fc588000-7f02fc592000 r--p 00000000 103:02 7880782                   /usr/lib/jvm/java-26-openjdk/lib/libjava.so
7f02fc592000-7f02fc5a0000 r-xp 0000a000 103:02 7880782                   /usr/lib/jvm/java-26-openjdk/lib/libjava.so
7f02fc5a0000-7f02fc5a5000 r--p 00018000 103:02 7880782                   /usr/lib/jvm/java-26-openjdk/lib/libjava.so
7f02fc5a5000-7f02fc5a6000 r--p 0001d000 103:02 7880782                   /usr/lib/jvm/java-26-openjdk/lib/libjava.so
7f02fc5a6000-7f02fc5a7000 rw-p 0001e000 103:02 7880782                   /usr/lib/jvm/java-26-openjdk/lib/libjava.so
7f02fc5a7000-7f02fc5a8000 rw-p 00000000 00:00 0 
7f02fc5a8000-7f02fc5b0000 rw-s 00000000 00:2f 47553                      /tmp/hsperfdata_annihilator/2097311 (deleted)
7f02fc5b0000-7f02fc5b1000 ---p 00000000 00:00 0 
7f02fc5b1000-7f02fc5b2000 r--p 00000000 00:00 0 
7f02fc5b2000-7f02fc5b3000 r--p 00000000 103:02 7880786                   /usr/lib/jvm/java-26-openjdk/lib/libjimage.so
7f02fc5b3000-7f02fc5b5000 r-xp 00001000 103:02 7880786                   /usr/lib/jvm/java-26-openjdk/lib/libjimage.so
7f02fc5b5000-7f02fc5b6000 r--p 00003000 103:02 7880786                   /usr/lib/jvm/java-26-openjdk/lib/libjimage.so
7f02fc5b6000-7f02fc5b7000 r--p 00003000 103:02 7880786                   /usr/lib/jvm/java-26-openjdk/lib/libjimage.so
7f02fc5b7000-7f02fc5b8000 rw-p 00004000 103:02 7880786                   /usr/lib/jvm/java-26-openjdk/lib/libjimage.so
7f02fc5b8000-7f02fc5bc000 r--p 00000000 103:02 4836834                   /usr/lib/libgcc_s.so.1
7f02fc5bc000-7f02fc5df000 r-xp 00004000 103:02 4836834                   /usr/lib/libgcc_s.so.1
7f02fc5df000-7f02fc5e3000 r--p 00027000 103:02 4836834                   /usr/lib/libgcc_s.so.1
7f02fc5e3000-7f02fc5e4000 r--p 0002b000 103:02 4836834                   /usr/lib/libgcc_s.so.1
7f02fc5e4000-7f02fc5e5000 rw-p 0002c000 103:02 4836834                   /usr/lib/libgcc_s.so.1
7f02fc5e5000-7f02fc5e8000 r--p 00000000 103:02 4742373                   /usr/lib/libz.so.1.3.2
7f02fc5e8000-7f02fc5f8000 r-xp 00003000 103:02 4742373                   /usr/lib/libz.so.1.3.2
7f02fc5f8000-7f02fc5fe000 r--p 00013000 103:02 4742373                   /usr/lib/libz.so.1.3.2
7f02fc5fe000-7f02fc5ff000 r--p 00018000 103:02 4742373                   /usr/lib/libz.so.1.3.2
7f02fc5ff000-7f02fc600000 rw-p 00019000 103:02 4742373                   /usr/lib/libz.so.1.3.2
7f02fc600000-7f02fc624000 r--p 00000000 103:02 4722147                   /usr/lib/libc.so.6
7f02fc624000-7f02fc79f000 r-xp 00024000 103:02 4722147                   /usr/lib/libc.so.6
7f02fc79f000-7f02fc815000 r--p 0019f000 103:02 4722147                   /usr/lib/libc.so.6
7f02fc815000-7f02fc819000 r--p 00214000 103:02 4722147                   /usr/lib/libc.so.6
7f02fc819000-7f02fc81b000 rw-p 00218000 103:02 4722147                   /usr/lib/libc.so.6
7f02fc81b000-7f02fc823000 rw-p 00000000 00:00 0 
7f02fc823000-7f02fc824000 ---p 00000000 00:00 0 
7f02fc824000-7f02fc826000 rw-p 00000000 00:00 0 
7f02fc826000-7f02fc828000 r--p 00000000 103:02 7880787                   /usr/lib/jvm/java-26-openjdk/lib/libjli.so
7f02fc828000-7f02fc832000 r-xp 00002000 103:02 7880787                   /usr/lib/jvm/java-26-openjdk/lib/libjli.so
7f02fc832000-7f02fc835000 r--p 0000c000 103:02 7880787                   /usr/lib/jvm/java-26-openjdk/lib/libjli.so
7f02fc835000-7f02fc836000 r--p 0000e000 103:02 7880787                   /usr/lib/jvm/java-26-openjdk/lib/libjli.so
7f02fc836000-7f02fc837000 rw-p 0000f000 103:02 7880787                   /usr/lib/jvm/java-26-openjdk/lib/libjli.so
7f02fc837000-7f02fc838000 r--p 00000000 00:2f 28193                      /tmp/libglxshim.so
7f02fc838000-7f02fc839000 r-xp 00001000 00:2f 28193                      /tmp/libglxshim.so
7f02fc839000-7f02fc83a000 r--p 00002000 00:2f 28193                      /tmp/libglxshim.so
7f02fc83a000-7f02fc83b000 r--p 00002000 00:2f 28193                      /tmp/libglxshim.so
7f02fc83b000-7f02fc83c000 rw-p 00003000 00:2f 28193                      /tmp/libglxshim.so
7f02fc83c000-7f02fc83e000 rw-p 00000000 00:00 0 
7f02fc83e000-7f02fc877000 r--p 00000000 103:02 656923                    /etc/ld.so.cache
7f02fc877000-7f02fc87b000 r--p 00000000 00:00 0                          [vvar]
7f02fc87b000-7f02fc87d000 r--p 00000000 00:00 0                          [vvar_vclock]
7f02fc87d000-7f02fc87f000 r-xp 00000000 00:00 0                          [vdso]
7f02fc87f000-7f02fc880000 r--p 00000000 103:02 4722097                   /usr/lib/ld-linux-x86-64.so.2
7f02fc880000-7f02fc8ad000 r-xp 00001000 103:02 4722097                   /usr/lib/ld-linux-x86-64.so.2
7f02fc8ad000-7f02fc8bc000 r--p 0002e000 103:02 4722097                   /usr/lib/ld-linux-x86-64.so.2
7f02fc8bc000-7f02fc8be000 r--p 0003d000 103:02 4722097                   /usr/lib/ld-linux-x86-64.so.2
7f02fc8be000-7f02fc8bf000 rw-p 0003f000 103:02 4722097                   /usr/lib/ld-linux-x86-64.so.2
7f02fc8bf000-7f02fc8c0000 rw-p 00000000 00:00 0 
7ffe832ad000-7ffe832d5000 rw-p 00000000 00:00 0                          [stack]
ffffffffff600000-ffffffffff601000 --xp 00000000 00:00 0                  [vsyscall]
Total number of mappings: 1844

JVMTI agents: none


VM Arguments:
jvm_args: -Dnuvio.wayland.libmpv=/home/annihilator/dev/mpv/build/libmpv.so.2 -Dnuvio.wayland.realApp=true -Dnuvio.wayland.videoLog=true -Dnuvio.wayland.vk=true -Dorg.lwjgl.util.Debug=false --enable-native-access=ALL-UNNAMED -Dfile.encoding=UTF-8 -Duser.country=GB -Duser.language=en -Duser.variant 
java_command: com.nuvio.wayland.MainKt
java_class_path (initial): /home/annihilator/dev/NuvioDesktop/waylandHost/build/classes/java/main:/home/annihilator/dev/NuvioDesktop/waylandHost/build/classes/kotlin/main:/home/annihilator/dev/NuvioDesktop/waylandHost/build/resources/main:/home/annihilator/dev/NuvioDesktop/composeApp/build/libs/composeApp-desktop.jar:/home/annihilator/dev/NuvioDesktop/vendor/compose-media-player/mediaplayer/build/libs/composeMediaPlayer-jvm-0.11.4-nuvio.jar:/home/annihilator/.gradle/caches/modules-2/files-2.1/com.materialkolor.palette/core-jvm/4.0.0-beta02/e7ea3c09e6205047254ad2601a54c18c5be26906/kmpalette-core-jvm.jar:/home/annihilator/.gradle/caches/modules-2/files-2.1/org.jetbrains.compose.material3/material3-desktop/1.11.0-alpha07/422cb57765628e3959d1e27ac46660593643296b/material3-desktop-1.11.0-alpha07.jar:/home/annihilator/.gradle/caches/modules-2/files-2.1/dev.chrisbanes.haze/haze-jvm/1.7.2/a254162ea3c9ba2eea97a76058da89ac31e50233/haze-jvm.jar:/home/annihilator/.gradle/caches/modules-2/files-2.1/org.jetbrains.compose.components/components-resources-desktop/1.11.1/f4eb52d87f31584dacdb816a26376f39a1802e8a/library-desktop-1.11.1.jar:/home/annihilator/.gradle/caches/modules-2/files-2.1/sh.calvin.reorderable/reorderable-jvm/3.0.0/4032f6ad5422fe507c8acb2257a83ebc806f145e/reorderable-jvm-3.0.0.jar:/home/annihilator/.gradle/caches/modules-2/files-2.1/org.jetbrains.compose.desktop/desktop-jvm/1.11.1/1fee826ff9d1fafd500b57a22facfc0236bc14c7/desktop-jvm-1.11.1.jar:/home/annihilator/.gradle/caches/modules-2/files-2.1/org.jetbrains.androidx.navigation3/navigation3-ui-desktop/1.1.1/ff832586ef5d51d08b604d7a524fd7985b95af2b/navigation3-ui-desktop-1.1.1.jar:/home/annihilator/.gradle/caches/modules-2/files-2.1/org.jetbrains.compose.material/material-desktop/1.11.1/2891a6f3a62dc4c367636a521d1b680a7d6ff6d/material-desktop-1.11.1.jar:/home/annihilator/.gradle/caches/modules-2/files-2.1/org.jetbrains.compose.animation/animation-core-desktop/1.11.1/1bf633ecd1a38a1cf7a41630bc56cba0da9cc25b/animation-core-desktop-1.11.1.jar:/home/annihilator/.gradle/caches/modules-2/files-2.1/org.jetbrains.compose.material/material-ripple-desktop/1.11.1/ae97a5eeb23bc3f461bc3e16e2a9882175405d17/material-ripple-desktop-1.11.1.jar:/home/annihilator/.gradle/caches/modules-2/files-2.1/org.jetbrains.compose.animation/animation-desktop/1.11.1/f873fb28f1a08d45a4dd20a0130b3da8cadf383c/animation-desktop-1.11.1.jar:/home/annihilator/.gradle/caches/modules-2/files-2.1/org.jetbrains.compose.foundation/foundation-layout-desktop/1.11.1/853fc5d01388da6515ce40b719798914012f6469/foundation-layout-desktop-1.11.1.jar:/home/annihilator/.gradle/caches/modules-2/files-2.1/io.coil-kt.coil3/coil-compose-jvm/3.5.0-beta01/8499f43e80509e3fe55e4a90ad7ce6e816b190e4/coil-compose-jvm-3.5.0-beta01.jar:/home/annihilator/.gradle/caches/modules-2/files-2.1/io.coil-kt.coil3/coil-compose-core-jvm/3.5.0-beta01/12f6663116f0946fe3e87c15f573eb52ac6dc2bc/coil-compose-core-jvm-3.5.0-beta01.jar:/home/annihilator/.gradle/caches/modules-2/files-2.1/org.jetbrains.compose.foundation/foundation-desktop/1.11.1/6df316e7af2c0c97f200de289925f62ca8fce53d/foundation-desktop-1.11.1.jar:/home/annihilator/.gradle/caches/modules-2/files-2.1/org.jetbrains.compose.material/material-icons-extended-desktop/1.7.3/c7c5465dd754043076875b32bce0dd7f5a354fe8/material-icons-extended-desktop-1.7.3.jar:/home/annihilator/.gradle/caches/modules-2/files-2.1/org.jetbrains.compose.material/material-icons-core-desktop/1.7.3/414b3096050fe647b0638832eace80f22c06b85c/material-icons-core-desktop-1.7.3.jar:/home/annihilator/.gradle/caches/modules-2/files-2.1/org.jetbrains.compose.ui/ui-unit-desktop/1.11.1/f6c06f98da206d01dc40c1587c6bc4c40cbef623/ui-unit-desktop-1.11.1.jar:/home/annihilator/.gradle/caches/modules-2/files-2.1/org.jetbrains.compose.ui/ui-graphics-desktop/1.11.1/6ea106d02adf29694eedf12fdfb621947d3621bf/ui-graphics-desktop-1.11.1.jar:/home/annihilator/.gradle/caches/modules-2/files-2.1/org.jetbrains.compose.ui/ui-geometry-desktop/1.11.1/5e430152487375359973ac9874653d335dcc220/ui-geometry-desktop-1.11.1.jar:/home/annihilator/.gradle/caches/modules-2/files-2.1/org.jetbrains.compose.ui/ui-backhandler-desktop/1.11.1/bd3540bb1d6abd60c5e58f32663b2f3e89406cd1/ui-backhandler-desktop-1.11.1.jar:/home/annihilator/.gradle/caches/modules-2/files-2.1/org.jetbrains.compose.ui/ui-util-desktop/1.11.1/4302c582878b82ab24e1f34e6e90f967f7b416ed/ui-util-desktop-1.11.1.jar:/home/annihilator/.gradle/caches/modules-2/files-2.1/org.jetbrains.compose.ui/ui-text-desktop/1.11.1/6ded685e2601260d6231c859a849b96ee6c60368/ui-text-desktop-1.11.1.jar:/home/annihilator/.gradle/caches/modules-2/files-2.1/org.jetbrains.compose.ui/ui-tooling-preview-desktop/1.11.1/97ec578d33adc34adcaa63e9af7bb2328c6c29b7/ui-tooling-preview-desktop-1.11.1.jar:/home/annihilator/.gradle/caches/modules-2/files-2.1/com.materialkolor.palette/kmpalette-loader-jvm/4.0.0-beta02/346d1cbf659720dfc1952796e619da44789482f/kmpalette-loader-jvm.jar:/home/annihilator/.gradle/caches/modules-2/files-2.1/org.jetbrains.androidx.navigationevent/navigationevent-compose-desktop/1.0.1/ecaf02060a048a1f82584fe328e4e02fe6f982ad/navigationevent-compose-desktop-1.0.1.jar:/home/annihilator/.gradle/caches/modules-2/files-2.1/org.jetbrains.compose.ui/ui-desktop/1.11.1/24c40c0d60c77a6fb34f930f13bfa4a3ff62c0f/ui-desktop-1.11.1.jar:/home/annihilator/.gradle/caches/modules-2/files-2.1/androidx.navigation3/navigation3-runtime-desktop/1.1.1/f97607fbd9cd1c2a196dbdf2440b6ca78010c08a/navigation3-runtime-desktop-1.1.1.jar:/home/annihilator/.gradle/caches/modules-2/files-2.1/androidx.lifecycle/lifecycle-runtime-desktop/2.11.0-beta01/c2b5e2f7d739375538c2a74757531a30607f85ff/lifecycle-runtime-desktop-2.11.0-beta01.jar:/home/annihilator/.gradle/caches/modules-2/files-2.1/androidx.lifecycle/lifecycle-common-jvm/2.11.0-beta01/41ef287eee7e4befb1308c017df4de89a210490d/lifecycle-common-jvm-2.11.0-beta01.jar:/home/annihilator/.gradle/caches/modules-2/files-2.1/androidx.lifecycle/lifecycle-viewmodel-desktop/2.11.0-beta01/614711da4abf1ece2121521477a5920ed26a7f29/lifecycle-viewmodel-desktop-2.11.0-beta01.jar:/home/annihilator/.gradle/caches/modules-2/files-2.1/androidx.lifecycle/lifecycle-runtime-compose-desktop/2.11.0-beta01/392c6d5cb40bb6d59e3d7070607786b7328009d4/lifecycle-runtime-compose-desktop-2.11.0-beta01.jar:/home/annihilator/.gradle/caches/modules-2/files-2.1/androidx.lifecycle/lifecycle-viewmodel-compose-desktop/2.11.0-beta01/f04e89ec2d915b35cdcd4675591ae3997604173c/lifecycle-viewmodel-compose-desktop-2.11.0-beta01.jar:/home/annihilator/.gradle/caches/modules-2/files-2.1/androidx.lifecycle/lifecycle-viewmodel-savedstate-desktop/2.11.0-beta01/23c86e72183d96b3fff60102dca0de1da5fd4424/lifecycle-viewmodel-savedstate-desktop-2.11.0-beta01.jar:/home/annihilator/.gradle/caches/modules-2/files-2.1/org.jetbrains.androidx.savedstate/savedstate-compose-desktop/1.3.6/63692375ffe667f12cb3ea8aa1e605d659ed2add/savedstate-compose-desktop-1.3.6.jar:/home/annihilator/.gradle/caches/modules-2/files-2.1/androidx.savedstate/savedstate-desktop/1.4.0/3b049a0f81643d6b4b900de95bc23efc085c32d5/savedstate-desktop-1.4.0.jar:/home/annihilator/.gradle/caches/modules-2/files-2.1/androidx.savedstate/savedstate-compose-desktop/1.4.0/d3d6e0e2108528eb6080dc250da925a572be4202/savedstate-compose-desktop-1.4.0.jar:/home/annihilator/.gradle/caches/modules-2/files-2.1/androidx.navigationevent/navigationevent-desktop/1.0.2/ddb1e7fe97ed51c3d35bba493f97fcf12398719/navigationevent-desktop-1.0.2.jar:/home/annihilator/.gradle/caches/modules-2/files-2.1/androidx.compose.runtime/runtime-annotation-jvm/1.11.2/db4aa964627ac96331b72e231b9ad54318d112f4/runtime-annotation-jvm-1.11.2.jar:/home/annihilator/.gradle/caches/modules-2/files-2.1/androidx.compose.runtime/runtime-desktop/1.11.2/e93d95553cdd86c1cb8c02f50260cc1c8e341da8/runtime-desktop-1.11.2.jar:/home/annihilator/.gradle/caches/modules-2/files-2.1/androidx.compose.runtime/runtime-retain-desktop/1.11.2/3aa3ec26ef2a3d26bc556b51b33d09efc1a198e8/runtime-retain-desktop-1.11.2.jar:/home/annihilator/.gradle/caches/modules-2/files-2.1/androidx.compose.runtime/runtime-saveable-desktop/1.11.2/1618fae89791692a224fe7aa79edbd7a8f5b7522/runtime-saveable-desktop-1.11.2.jar:/home/annihilator/.gradle/caches/modules-2/files-2.1/org.jetbrains.compose.runtime/runtime-saveable-desktop/1.11.1/b7c8a8ed985a0f15b4d8d206de1fc6125b499388/runtime-saveable-desktop-1.11.1.jar:/home/annihilator/.gradle/caches/modules-2/files-2.1/org.jetbrains.androidx.lifecycle/lifecycle-runtime-compose-desktop/2.11.0-beta01/e93db8959692f5740745b457135c1ab209a67923/lifecycle-runtime-compose-desktop-2.11.0-beta01.jar:/home/annihilator/.gradle/caches/modules-2/files-2.1/org.jetbrains.androidx.lifecycle/lifecycle-viewmodel-compose-desktop/2.11.0-beta01/25df0b7b86731829cb34805ff8ebb167b198b916/lifecycle-viewmodel-compose-desktop-2.11.0-beta01.jar:/home/annihilator/.gradle/caches/modules-2/files-2.1/org.jetbrains.compose.runtime/runtime-desktop/1.11.1/1941336b045aac4b87cc3be81d9fdb9977c88c61/runtime-desktop-1.11.1.jar:/home/annihilator/.gradle/caches/modules-2/files-2.1/io.coil-kt.coil3/coil-network-ktor3-jvm/3.5.0-beta01/59ee23ce9f237edbad112c94a7cc65dc1939999b/coil-network-ktor3-jvm-3.5.0-beta01.jar:/home/annihilator/.gradle/caches/modules-2/files-2.1/io.coil-kt.coil3/coil-network-cache-control-jvm/3.5.0-beta01/92507c9b531bab9e0c7188af0057a8719c8fee05/coil-network-cache-control-jvm-3.5.0-beta01.jar:/home/annihilator/.gradle/caches/modules-2/files-2.1/io.coil-kt.coil3/coil-svg-jvm/3.5.0-beta01/7998e0f304b0c8c535dfda3ef86cf81faa88a813/coil-svg-jvm-3.5.0-beta01.jar:/home/annihilator/.gradle/caches/modules-2/files-2.1/org.jetbrains.kotlinx/atomicfu-jvm/0.32.1/766417c1430c117100e14af193c4fdbe6034b5e6/atomicfu-jvm-0.32.1.jar:/home/annihilator/.gradle/caches/modules-2/files-2.1/io.github.jan-tennert.supabase/postgrest-kt-jvm/3.4.1/5ce69132306e6aa1fcd959ebdeb502e821e3a47c/postgrest-kt-jvm-3.4.1.jar:/home/annihilator/.gradle/caches/modules-2/files-2.1/io.github.jan-tennert.supabase/functions-kt-jvm/3.4.1/2a6c5a1e77bb1d4895812d7292d8075e34b2fb55/functions-kt-jvm-3.4.1.jar:/home/annihilator/.gradle/caches/modules-2/files-2.1/io.github.jan-tennert.supabase/storage-kt-jvm/3.4.1/4f3eb000d3862395bdd976ab8679841be3029d43/storage-kt-jvm-3.4.1.jar:/home/annihilator/.gradle/caches/modules-2/files-2.1/io.github.jan-tennert.supabase/auth-kt-jvm/3.4.1/91413cc37352dda1f34a180c14f58601b6aa2ea0/auth-kt-jvm-3.4.1.jar:/home/annihilator/.gradle/caches/modules-2/files-2.1/io.ktor/ktor-client-cio-jvm/3.4.1/114327011eeecd416940e2d1be8c9bd5098907de/ktor-client-cio-jvm-3.4.1.jar:/home/annihilator/.gradle/caches/modules-2/files-2.1/io.github.dokar3/quickjs-kt-jvm/1.0.5/c76155aa176760f2ab1966aa61ebd1cc1334dee6/quickjs-jvm.jar:/home/annihilator/.gradle/caches/modules-2/files-2.1/com.fleeksoft.ksoup/ksoup-jvm/0.2.6/61a4f799ea43b8eb31856729500be73975e41a42/ksoup-jvm-0.2.6.jar:/home/annihilator/.gradle/caches/modules-2/files-2.1/org.jetbrains.skiko/skiko-awt-runtime-linux-x64/0.144.6/291f8626a2fecd06e9f585424360560189ab7303/skiko-awt-runtime-linux-x64-0.144.6.jar:/home/annihilator/.gradle/caches/modules-2/files-2.1/org.jetbrains.skiko/skiko-awt/0.144.6/c9bec39e3c517ed5591c71c7db0cbbe64b6be849/skiko-awt-0.144.6.jar:/home/annihilator/.gradle/caches/modules-2/files-2.1/io.github.vinceglb/filekit-core-jvm/0.14.2/2d6248437233553a08f656e1cfdfc3db3df14a13/filekit-core-jvm.jar:/home/annihilator/.gradle/caches/modules-2/files-2.1/io.ktor/ktor-server-cio-jvm/3.4.0/16a50d239963841ae64e8e207f93ae7a5fdd7062/ktor-server-cio-jvm-3.4.0.jar:/home/annihilator/.gradle/caches/modules-2/files-2.1/io.ktor/ktor-server-core-jvm/3.4.0/97aba0f5e3cd539679907382a3f5783b9a563165/ktor-server-core-jvm-3.4.0.jar:/home/annihilator/.gradle/caches/modules-2/files-2.1/org.jetbrains.kotlin/kotlin-reflect/2.3.10/98e0fa43a9204a252fa8806c9b2f3f3131590bcb/kotlin-reflect-2.3.10.jar:/home/annihilator/.gradle/caches/modules-2/files-2.1/com.squareup.okhttp3/okhttp/4.12.0/2f4525d4a200e97e1b87449c2cd9bd2e25b7e8cd/okhttp-4.12.0.jar:/home/annihilator/.gradle/caches/modules-2/files-2.1/org.jetbrains.kotlin/kotlin-stdlib-jdk8/1.9.0/e000bd084353d84c9e888f6fb341dc1f5b79d948/kotlin-stdlib-jdk8-1.9.0.jar:/home/annihilator/.gradle/caches/modules-2/files-2.1/io.github.jan-tennert.supabase/supabase-kt-jvm/3.4.1/4c8df2570087c4424f8c2f3c93d77b2ec4198fd5/supabase-kt-jvm-3.4.1.jar:/home/annihilator/.gradle/caches/modules-2/files-2.1/org.jetbrains.kotlinx/kotlinx-datetime-jvm/0.8.0/316346a7d44778581ff91154f72dfa576bce4ee2/kotlinx-datetime-jvm-0.8.0.jar:/home/annihilator/.gradle/caches/modules-2/files-2.1/androidx.graphics/graphics-shapes-desktop/1.1.0/a5d2198960bdc0915f74c6b2954d3323f35f40ea/graphics-shapes-desktop-1.1.0.jar:/home/annihilator/.gradle/caches/modules-2/files-2.1/androidx.collection/collection-jvm/1.5.0/7ba2c69414d46ebc2dd76598bdd0a75c54281a57/collection-jvm-1.5.0.jar:/home/annihilator/.gradle/caches/modules-2/files-2.1/io.coil-kt.coil3/coil-jvm/3.5.0-beta01/b0061205e37fc17ba27f52ba1ee42f2be1de31d3/coil-jvm-3.5.0-beta01.jar:/home/annihilator/.gradle/caches/modules-2/files-2.1/io.coil-kt.coil3/coil-network-core-jvm/3.5.0-beta01/27fa35b4c8e4fbcc99126099eba9600a1e8e5a56/coil-network-core-jvm-3.5.0-beta01.jar:/home/annihilator/.gradle/caches/modules-2/files-2.1/io.coil-kt.coil3/coil-core-jvm/3.5.0-beta01/a1cca49cdadfc07533b35de91d266adda8af9df8/coil-core-jvm-3.5.0-beta01.jar:/home/annihilator/.gradle/caches/modules-2/files-2.1/com.materialkolor.palette/androidx-palette-jvm/4.0.0-beta02/8635f5e4c28acd813bc78a044d6f1492de7c575/androidx-palette-jvm.jar:/home/annihilator/.gradle/caches/modules-2/files-2.1/dev.drewhamilton.poko/poko-annotations-jvm/0.21.3/1e98d2ec00742104bd01eaebbd59582dac99a62/poko-annotations-jvm-0.21.3.jar:/home/annihilator/.gradle/caches/modules-2/files-2.1/com.russhwolf/multiplatform-settings-no-arg-jvm/1.3.0/b9d2280a0d56597619afb286d7c5f697f2e83f03/multiplatform-settings-no-arg-jvm-1.3.0.jar:/home/annihilator/.gradle/caches/modules-2/files-2.1/com.russhwolf/multiplatform-settings-coroutines-jvm/1.3.0/c64a7df35357b1e8fa74b830d006d2ea23fcb395/multiplatform-settings-coroutines-jvm-1.3.0.jar:/home/annihilator/.gradle/caches/modules-2/files-2.1/dev.whyoleg.cryptography/cryptography-provider-jdk-jvm/0.5.0/3a2721ac930c182a0e424f2d558cfa9d52cc1b3/cryptography-provider-jdk-jvm-0.5.0.jar:/home/annihilator/.gradle/caches/modules-2/files-2.1/dev.whyoleg.cryptography/cryptography-provider-base-jvm/0.5.0/e03b79926494512ac452ca00cfa5e27135262d32/cryptography-provider-base-jvm-0.5.0.jar:/home/annihilator/.gradle/caches/modules-2/files-2.1/dev.whyoleg.cryptography/cryptography-serialization-asn1-modules-jvm/0.5.0/9308027088c76026a5b96f5b5b400859310ca1af/cryptography-serialization-asn1-modules-jvm-0.5.0.jar:/home/annihilator/.gradle/caches/modules-2/files-2.1/dev.whyoleg.cryptography/cryptography-serialization-asn1-jvm/0.5.0/242a38b98c1dd201f499485925f22c972858c153/cryptography-serialization-asn1-jvm-0.5.0.jar:/home/annihilator/.gradle/caches/modules-2/files-2.1/dev.whyoleg.cryptography/cryptography-bigint-jvm/0.5.0/97ac3202bf7f3792b3c8bc788a7bbb1b33ca2485/cryptography-bigint-jvm-0.5.0.jar:/home/annihilator/.gradle/caches/modules-2/files-2.1/dev.whyoleg.cryptography/cryptography-random-jvm/0.5.0/8e77668891b60f6058f1262e032d8b06d137bdde/cryptography-random-jvm-0.5.0.jar:/home/annihilator/.gradle/caches/modules-2/files-2.1/dev.whyoleg.cryptography/cryptography-serialization-pem-jvm/0.5.0/7b5cb41c77698e6fb3fab21e67bf7b9e988e11a2/cryptography-serialization-pem-jvm-0.5.0.jar:/home/annihilator/.gradle/caches/modules-2/files-2.1/dev.whyoleg.cryptography/cryptography-provider-optimal-jvm/0.5.0/f0ff9daaf78932f6348ee90d014ca4c78337971b/cryptography-provider-optimal-jvm-0.5.0.jar:/home/annihilator/.gradle/caches/modules-2/files-2.1/dev.whyoleg.cryptography/cryptography-core-jvm/0.5.0/d0fc25786ede38c33893236eacc3d6ab11d2ad10/cryptography-core-jvm-0.5.0.jar:/home/annihilator/.gradle/caches/modules-2/files-2.1/io.ktor/ktor-client-content-negotiation-jvm/3.4.0/266c1aef9d340c22cd859dd5c9174c2e1d86489f/ktor-client-content-negotiation-jvm-3.4.0.jar:/home/annihilator/.gradle/caches/modules-2/files-2.1/io.ktor/ktor-client-core-jvm/3.4.1/84dc032a29f56bdac73449f78a0a2e7f9cab042/ktor-client-core-jvm-3.4.1.jar:/home/annihilator/.gradle/caches/modules-2/files-2.1/io.ktor/ktor-http-cio-jvm/3.4.1/3bd25f53a79a1f68eaec86ae9da4878314cc80af/ktor-http-cio-jvm-3.4.1.jar:/home/annihilator/.gradle/caches/modules-2/files-2.1/io.ktor/ktor-websocket-serialization-jvm/3.4.1/3a687a268f242dab9b624b78d3daeb646aeed5cb/ktor-websocket-serialization-jvm-3.4.1.jar:/home/annihilator/.gradle/caches/modules-2/files-2.1/io.ktor/ktor-serialization-kotlinx-json-jvm/3.4.0/2a09f17d70b6e61623fd8aff9bdce6d7877892/ktor-serialization-kotlinx-json-jvm-3.4.0.jar:/home/annihilator/.gradle/caches/modules-2/files-2.1/io.ktor/ktor-serialization-kotlinx-jvm/3.4.0/d001db47b2ebe8ad8b2cb1bb2a687688840f5887/ktor-serialization-kotlinx-jvm-3.4.0.jar:/home/annihilator/.gradle/caches/modules-2/files-2.1/io.ktor/ktor-serialization-jvm/3.4.1/6fec7fdb4da27d09ff33a34e6e990b215f7c19c4/ktor-serialization-jvm-3.4.1.jar:/home/annihilator/.gradle/caches/modules-2/files-2.1/io.ktor/ktor-websockets-jvm/3.4.1/83226f3612bffab4d0af0d26f9e4d6b7d2e02a58/ktor-websockets-jvm-3.4.1.jar:/home/annihilator/.gradle/caches/modules-2/files-2.1/io.ktor/ktor-network-tls-jvm/3.4.1/8d17de5904253b073b44499a3e67ba99ca2ca8f6/ktor-network-tls-jvm-3.4.1.jar:/home/annihilator/.gradle/caches/modules-2/files-2.1/com.fleeksoft.charset/charset-jvm/0.0.8/b6fcd5cc804844347929a83c56f1fdd854c9ce66/charset-jvm-0.0.8.jar:/home/annihilator/.gradle/caches/modules-2/files-2.1/com.fleeksoft.io/io-core-jvm/0.0.8/78517ce1ff4c2ccbb8b91b9f1549c6e7a0ae1044/io-core-jvm-0.0.8.jar:/home/annihilator/.gradle/caches/modules-2/files-2.1/co.touchlab/stately-concurrency-jvm/2.1.0/6285428408c4d7e4a6d9a09511de877103effd81/stately-concurrency-jvm-2.1.0.jar:/home/annihilator/.gradle/caches/modules-2/files-2.1/org.jetbrains.kotlin/kotlin-stdlib-jdk7/1.9.0/f320478990d05e0cfaadd74f9619fd6027adbf37/kotlin-stdlib-jdk7-1.9.0.jar:/home/annihilator/.gradle/caches/modules-2/files-2.1/org.jetbrains.kotlinx/kotlinx-coroutines-slf4j/1.11.0/556153d93573d016dd4e5df37e3d03d07d8d303/kotlinx-coroutines-slf4j-1.11.0.jar:/home/annihilator/.gradle/caches/modules-2/files-2.1/org.jetbrains.kotlinx/kotlinx-coroutines-swing/1.11.0/3cf134b8aefd813622edc37e60d66b939b55cb36/kotlinx-coroutines-swing-1.11.0.jar:/home/annihilator/.gradle/caches/modules-2/files-2.1/io.ktor/ktor-http-jvm/3.4.1/6605b91c8f06bb6f67e2ec13b8ccea7926f4a526/ktor-http-jvm-3.4.1.jar:/home/annihilator/.gradle/caches/modules-2/files-2.1/io.ktor/ktor-events-jvm/3.4.1/c7aa6bd43fcaf3da2f57a5417b1df66814ec2577/ktor-events-jvm-3.4.1.jar:/home/annihilator/.gradle/caches/modules-2/files-2.1/io.ktor/ktor-sse-jvm/3.4.1/f95e6419c5bb24bed7c718dbff8b292a90db881e/ktor-sse-jvm-3.4.1.jar:/home/annihilator/.gradle/caches/modules-2/files-2.1/io.ktor/ktor-network-jvm/3.4.1/a3b710fabdc38031ff0fb96eaee2a6ddf5ada9c6/ktor-network-jvm-3.4.1.jar:/home/annihilator/.gradle/caches/modules-2/files-2.1/io.ktor/ktor-utils-jvm/3.4.1/f1ad623952ea49c631db750560228e3984790e48/ktor-utils-jvm-3.4.1.jar:/home/annihilator/.gradle/caches/modules-2/files-2.1/io.ktor/ktor-io-jvm/3.4.1/fccd4e08dde189d82ae9a3f5fdbbf152ccd3a9c8/ktor-io-jvm-3.4.1.jar:/home/annihilator/.gradle/caches/modules-2/files-2.1/org.jetbrains.kotlinx/kotlinx-coroutines-core-jvm/1.11.0/3d57dc678bd8d72a60e7adf0eca5c54e3f4f4b79/kotlinx-coroutines-core-jvm-1.11.0.jar:/home/annihilator/.gradle/caches/modules-2/files-2.1/org.jetbrains.kotlinx/kotlinx-serialization-json-io-jvm/1.11.0/645ed54ca9128fc217b30b3686a083141ebe635c/kotlinx-serialization-json-io-jvm-1.11.0.jar:/home/annihilator/.gradle/caches/modules-2/files-2.1/org.jetbrains.kotlinx/kotlinx-serialization-json-jvm/1.11.0/e7e045e99e56f07599bb9ccb708c2190e2af0606/kotlinx-serialization-json-jvm-1.11.0.jar:/home/annihilator/.gradle/caches/modules-2/files-2.1/org.jetbrains.kotlinx/kotlinx-serialization-core-jvm/1.11.0/c1905c9bf7452b045d5af9248835abe64ddad6bf/kotlinx-serialization-core-jvm-1.11.0.jar:/home/annihilator/.gradle/caches/modules-2/files-2.1/androidx.arch.core/core-common/2.2.0/5e1b8b81dfd5f52c56a8d53b18ca759c19a301f3/core-common-2.2.0.jar:/home/annihilator/.gradle/caches/modules-2/files-2.1/androidx.annotation/annotation-jvm/1.10.0/388cfaa79001d0f024d28f6a13d5a3dfc2f0e18f/annotation-jvm-1.10.0.jar:/home/annihilator/.gradle/caches/modules-2/files-2.1/org.jetbrains.kotlinx/kotlinx-io-core-jvm/0.9.0/7f7536f8f057ffc7f79375714e9730c4b8bdd7c9/kotlinx-io-core-jvm-0.9.0.jar:/home/annihilator/.gradle/caches/modules-2/files-2.1/com.squareup.okio/okio-jvm/3.17.0/a12d684ec0df9541b3869ae60a4a5257fd3613df/okio-jvm-3.17.0.jar:/home/annihilator/.gradle/caches/modules-2/files-2.1/co.touchlab/kermit-jvm/2.0.8/83ee3b1da12d91011c3e93558f97bc28665810de/kermit-jvm-2.0.8.jar:/home/annihilator/.gradle/caches/modules-2/files-2.1/org.jetbrains.kotlinx/kotlinx-collections-immutable-jvm/0.4.0/82499bf608b0fc3ae6737a5eac1a1f1325279bbf/kotlinx-collections-immutable-jvm-0.4.0.jar:/home/annihilator/.gradle/caches/modules-2/files-2.1/com.russhwolf/multiplatform-settings-jvm/1.3.0/76fe39b1cbb2b2b951ec230ab85e610ae179aab7/multiplatform-settings-jvm-1.3.0.jar:/home/annihilator/.gradle/caches/modules-2/files-2.1/co.touchlab/stately-strict-jvm/2.1.0/3ae8369209065455f4630793bf6aca0fb88c8b6b/stately-strict-jvm-2.1.0.jar:/home/annihilator/.gradle/caches/modules-2/files-2.1/org.jetbrains.kotlinx/kotlinx-io-bytestring-jvm/0.9.0/e73a7915234a8ea7954f32b715ef8e42b02f66a3/kotlinx-io-bytestring-jvm-0.9.0.jar:/home/annihilator/.gradle/caches/modules-2/files-2.1/co.touchlab/kermit-core-jvm/2.0.8/7d782124fef2b0c4dccf07208e1cf3aa13b57058/kermit-core-jvm-2.0.8.jar:/home/annihilator/.gradle/caches/modules-2/files-2.1/org.jetbrains.kotlin/kotlin-stdlib/2.4.0/4e9f4b531dce5c7dee58ed2de9a8b9a763c8dc6c/kotlin-stdlib-2.4.0.jar:/home/annihilator/.gradle/caches/modules-2/files-2.1/org.lwjgl/lwjgl-glfw/3.3.6/7119f7d0eeb1e5502ff0ca71d2b4d47317da015/lwjgl-glfw-3.3.6.jar:/home/annihilator/.gradle/caches/modules-2/files-2.1/org.lwjgl/lwjgl-glfw/3.3.6/797e0965709ad180d9b00c88a086dbda15002203/lwjgl-glfw-3.3.6-natives-linux.jar:/home/annihilator/.gradle/caches/modules-2/files-2.1/org.lwjgl/lwjgl-opengl/3.3.6/ac2532612a4df374e9a9282bcf8ce2573018ebbb/lwjgl-opengl-3.3.6.jar:/home/annihilator/.gradle/caches/modules-2/files-2.1/org.lwjgl/lwjgl-opengl/3.3.6/b8dc6467fe232d552793c53dc56f9fa8a385299c/lwjgl-opengl-3.3.6-natives-linux.jar:/home/annihilator/.gradle/caches/modules-2/files-2.1/org.lwjgl/lwjgl-vulkan/3.3.6/a403e0931b03b138854bb2ba9c48dab646cba6d8/lwjgl-vulkan-3.3.6.jar:/home/annihilator/.gradle/caches/modules-2/files-2.1/org.lwjgl/lwjgl/3.3.6/ce7721d30cfaf47feaed10213e0c43eb55c49d68/lwjgl-3.3.6.jar:/home/annihilator/.gradle/caches/modules-2/files-2.1/org.lwjgl/lwjgl/3.3.6/dc7db8fc4f1e6563867f9155b9a42d9c73d8992f/lwjgl-3.3.6-natives-linux.jar:/home/annihilator/.gradle/caches/modules-2/files-2.1/org.jetbrains/annotations/23.0.0/8cc20c07506ec18e0834947b84a864bfc094484e/annotations-23.0.0.jar:/home/annihilator/.gradle/caches/modules-2/files-2.1/io.sentry/sentry/8.52.0/b26a1b9181c78835078956c352f20cecd459e7a6/sentry-8.52.0.jar:/home/annihilator/.gradle/caches/modules-2/files-2.1/org.jetbrains.runtime/jbr-api/1.9.0/2bc161f5472b5fd5610740e4d6ebe896c811cb0e/jbr-api-1.9.0.jar:/home/annihilator/.gradle/caches/modules-2/files-2.1/org.slf4j/slf4j-api/2.0.17/d9e58ac9c7779ba3bf8142aff6c830617a7fe60f/slf4j-api-2.0.17.jar:/home/annihilator/.gradle/caches/modules-2/files-2.1/net.java.dev.jna/jna-platform/5.19.1/d1e54d9231da5ca3fa730d52960deaa555475468/jna-platform-5.19.1.jar:/home/annihilator/.gradle/caches/modules-2/files-2.1/com.typesafe/config/1.4.5/cc25b497ded7068a861517a815546fb472f9e58/config-1.4.5.jar:/home/annihilator/.gradle/caches/modules-2/files-2.1/org.fusesource.jansi/jansi/2.4.2/ba7387c31622c6650b83edba1bbb115f1fe462ba/jansi-2.4.2.jar:/home/annihilator/.gradle/caches/modules-2/files-2.1/net.java.dev.jna/jna/5.19.1/ca303052cd617c1af2e2c8d344c98a706fb63143/jna-5.19.1.jar:/home/annihilator/.gradle/caches/modules-2/files-2.1/org.jspecify/jspecify/1.0.0/7425a601c1c7ec76645a78d22b8c6a627edee507/jspecify-1.0.0.jar
Launcher Type: SUN_STANDARD

[Global flags]
     bool AOTAdapterCaching                        = false                                  {diagnostic} {ergonomic}
     bool AOTInvokeDynamicLinking                  = false                                  {diagnostic} {ergonomic}
     bool AOTRecordTraining                        = false                                  {diagnostic} {ergonomic}
     bool AOTReplayTraining                        = false                                  {diagnostic} {ergonomic}
     bool AOTStubCaching                           = false                                  {diagnostic} {ergonomic}
     intx CICompilerCount                          = 12                                        {product} {ergonomic}
     uint ConcGCThreads                            = 3                                         {product} {ergonomic}
     uint G1ConcRefinementThreads                  = 13                                        {product} {ergonomic}
     uint G1EagerReclaimRemSetThreshold            = 16                                   {experimental} {ergonomic}
   size_t G1HeapRegionSize                         = 2097152                                   {product} {ergonomic}
     uint G1RemSetArrayOfCardsEntries              = 16                                   {experimental} {ergonomic}
     uint G1RemSetHowlMaxNumBuckets                = 8                                    {experimental} {ergonomic}
     uint G1RemSetHowlNumBuckets                   = 8                                    {experimental} {ergonomic}
   size_t InitialHeapSize                          = 8388608                                   {product} {ergonomic}
     bool IntelJccErratumMitigation                = false                             {ARCH diagnostic} {ergonomic}
   size_t MarkStackSize                            = 4194304                                   {product} {ergonomic}
   size_t MarkStackSizeMax                         = 536870912                                 {product} {ergonomic}
   size_t MaxHeapSize                              = 4032823296                                {product} {ergonomic}
   size_t MaxNewSize                               = 2418016256                                {product} {ergonomic}
 uint64_t MaxRAM                                   = 16128925696                               {product} {ergonomic}
   size_t MinHeapDeltaBytes                        = 2097152                                   {product} {ergonomic}
   size_t MinHeapSize                              = 8388608                                   {product} {ergonomic}
   size_t NonNMethodCodeHeapSize                   = 7606272                                {pd product} {ergonomic}
   size_t NonProfiledCodeHeapSize                  = 122028032                              {pd product} {ergonomic}
   size_t ProfiledCodeHeapSize                     = 122028032                              {pd product} {ergonomic}
   size_t ReservedCodeCacheSize                    = 251662336                              {pd product} {ergonomic}
     bool SegmentedCodeCache                       = true                                      {product} {ergonomic}
   size_t SoftMaxHeapSize                          = 4032823296                             {manageable} {ergonomic}
     bool UseCompressedOops                        = true                           {product lp64_product} {ergonomic}
     bool UseCondCardMark                          = true                                      {product} {ergonomic}
     bool UseFastUnorderedTimeStamps               = true                                 {experimental} {ergonomic}
     bool UseG1GC                                  = true                                      {product} {ergonomic}
      int X86ICacheSync                            = 3                                 {ARCH diagnostic} {ergonomic}

Logging:
Log output configuration:
 #0: 
[error occurred during error reporting (printing log configuration), id 0xb, SIGSEGV (0xb) at pc=0x00007f02fbb9b718]
Release file:
IMPLEMENTOR="Arch Linux"
JAVA_RUNTIME_VERSION="26.0.2.1"
JAVA_VERSION="26.0.2.1"
JAVA_VERSION_DATE="2026-08-18"
LIBC="gnu"
MODULES="java.base java.compiler java.datatransfer java.xml java.prefs java.desktop java.instrument java.logging java.management java.security.sasl java.naming java.rmi java.management.rmi java.net.http java.scripting java.security.jgss java.transaction.xa java.sql java.sql.rowset java.xml.crypto java.se java.smartcardio jdk.accessibility jdk.internal.jvmstat jdk.attach jdk.charsets jdk.internal.opt jdk.zipfs jdk.compiler jdk.crypto.cryptoki jdk.crypto.ec jdk.dynalink jdk.internal.ed jdk.editpad jdk.internal.vm.ci jdk.graal.compiler jdk.graal.compiler.management jdk.hotspot.agent jdk.httpserver jdk.incubator.vector jdk.internal.le jdk.internal.md jdk.jartool jdk.javadoc jdk.jcmd jdk.management jdk.management.agent jdk.jconsole jdk.jdeps jdk.jdwp.agent jdk.jdi jdk.jfr jdk.jlink jdk.jpackage jdk.jshell jdk.jstatd jdk.localedata jdk.management.jfr jdk.naming.dns jdk.naming.rmi jdk.net jdk.nio.mapmode jdk.sctp jdk.security.auth jdk.security.jgss jdk.unsupported jdk.unsupported.desktop jdk.xml.dom"
OS_ARCH="x86_64"
OS_NAME="Linux"
SOURCE=""

Environment Variables:
PATH=/home/annihilator/.local/bin:/home/annihilator/bin:/home/annihilator/.cargo/bin:/home/annihilator/.npm-global/bin:/home/annihilator/.local/share/solana/install/active_release/bin:/usr/local/sbin:/usr/local/bin:/usr/bin:/opt/cuda/bin:/var/lib/flatpak/exports/bin:/usr/lib/jvm/default/bin:/usr/bin/site_perl:/usr/bin/vendor_perl:/usr/bin/core_perl:/opt/rocm/bin:/home/annihilator/.config/Claude/local-agent-mode-sessions/f30d0a67-fea7-4d47-acce-d7da1f075d93/3f6e0ddc-f963-4a28-bb3d-52c35a96b68e/rpm/plugin_0155zZVATbJU3jHUmPP9NvMC/bin:/home/annihilator/.config/Claude/local-agent-mode-sessions/skills-plugin/3f6e0ddc-f963-4a28-bb3d-52c35a96b68e/f30d0a67-fea7-4d47-acce-d7da1f075d93/bin
LD_PRELOAD=/tmp/libglxshim.so
SHELL=/bin/zsh
DISPLAY=:0
WAYLAND_DISPLAY=wayland-1
LANG=en_GB.UTF-8

Active Locale:
LC_ALL=LC_CTYPE=en_GB.UTF-8;LC_NUMERIC=C;LC_TIME=en_GB.UTF-8;LC_COLLATE=en_GB.UTF-8;LC_MONETARY=en_GB.UTF-8;LC_MESSAGES=en_GB.UTF-8;LC_PAPER=en_GB.UTF-8;LC_NAME=en_GB.UTF-8;LC_ADDRESS=en_GB.UTF-8;LC_TELEPHONE=en_GB.UTF-8;LC_MEASUREMENT=en_GB.UTF-8;LC_IDENTIFICATION=en_GB.UTF-8
LC_COLLATE=en_GB.UTF-8
LC_CTYPE=en_GB.UTF-8
LC_MESSAGES=en_GB.UTF-8
LC_MONETARY=en_GB.UTF-8
LC_NUMERIC=C
LC_TIME=en_GB.UTF-8

Signal Handlers:
   SIGSEGV: 0x00007f02fc080b00 in libjvm.so+15207168, mask=11100100010111111101111111111110, flags=SA_RESTART|SA_SIGINFO, unblocked
    SIGBUS: 0x00007f02fc080b00 in libjvm.so+15207168, mask=11100100010111111101111111111110, flags=SA_RESTART|SA_SIGINFO, unblocked
    SIGFPE: 0x00007f02fc080b00 in libjvm.so+15207168, mask=11100100010111111101111111111110, flags=SA_RESTART|SA_SIGINFO, unblocked
   SIGPIPE: SIG_IGN, mask=11111111011111111101111111111110, flags=SA_RESTART, blocked
  *** Handler was modified!
  *** Expected: 0x00007f02fbede900 in libjvm.so+13494528, mask=11100100110111111111111111111110, flags=SA_RESTART|SA_SIGINFO
   SIGXFSZ: 0x00007f02fbede900 in libjvm.so+13494528, mask=11100100010111111101111111111110, flags=SA_RESTART|SA_SIGINFO, blocked
    SIGILL: 0x00007f02fc080b00 in libjvm.so+15207168, mask=11100100010111111101111111111110, flags=SA_RESTART|SA_SIGINFO, unblocked
   SIGUSR2: 0x00007f02fbee15b0 in libjvm.so+13505968, mask=00000000000000000000000000000000, flags=SA_RESTART|SA_SIGINFO, blocked
    SIGHUP: SIG_IGN, mask=00000000000000000000000000000000, flags=none, blocked
    SIGINT: SIG_DFL, mask=00000000000000000000000000000000, flags=SA_RESTART, blocked
   SIGTERM: SIG_DFL, mask=00000000000000000000000000000000, flags=SA_RESTART, blocked
   SIGQUIT: SIG_DFL, mask=00000000000000000000000000000000, flags=SA_RESTART, blocked
   SIGTRAP: 0x00007f02fc080b00 in libjvm.so+15207168, mask=11100100010111111101111111111110, flags=SA_RESTART|SA_SIGINFO, unblocked


Compilation memory statistics disabled.

Periodic native trim disabled

---------------  S Y S T E M  ---------------

OS:
DISTRIB_ID="Arch"
DISTRIB_RELEASE="rolling"
DISTRIB_DESCRIPTION="Arch Linux"
uname: Linux 7.1.9-arch1-2 #1 SMP PREEMPT_DYNAMIC Fri, 21 Aug 2026 22:18:59 +0000 x86_64
OS uptime: 1 days 11:49 hours
libc: glibc 2.44 NPTL 2.44 
rlimit (soft/hard): STACK 8192k/infinity , CORE infinity/infinity , NPROC 60477/60477 , NOFILE 524288/524288 , AS infinity/infinity , CPU infinity/infinity , DATA infinity/infinity , FSIZE infinity/infinity , MEMLOCK 8192k/8192k
load average: 4.08 3.43 2.99

/proc/meminfo:
MemTotal:       15750904 kB
MemFree:         2870564 kB
MemAvailable:    5301148 kB
Buffers:           40736 kB
Cached:          2826264 kB
SwapCached:       179840 kB
Active:          6162136 kB
Inactive:        2717112 kB
Active(anon):    5406812 kB
Inactive(anon):   872096 kB
Active(file):     755324 kB
Inactive(file):  1845016 kB
Unevictable:      516204 kB
Mlocked:            2516 kB
SwapTotal:      24652280 kB
SwapFree:       18360812 kB
Zswap:                 0 kB
Zswapped:              0 kB
Dirty:              3880 kB
Writeback:             0 kB
AnonPages:       6502028 kB
Mapped:           776536 kB
Shmem:             57900 kB
KReclaimable:     156312 kB
Slab:             431044 kB
SReclaimable:     156312 kB
SUnreclaim:       274732 kB
KernelStack:       35184 kB
PageTables:        93200 kB
SecPageTables:      2264 kB
NFS_Unstable:          0 kB
Bounce:                0 kB
WritebackTmp:          0 kB
CommitLimit:    32527732 kB
Committed_AS:   30212024 kB
VmallocTotal:   34359738367 kB
VmallocUsed:      203040 kB
VmallocChunk:          0 kB
Percpu:            11712 kB
HardwareCorrupted:     0 kB
AnonHugePages:   1355776 kB
ShmemHugePages:        0 kB
ShmemPmdMapped:        0 kB
FileHugePages:    251904 kB
FilePmdMapped:    223232 kB
CmaTotal:              0 kB
CmaFree:               0 kB
Unaccepted:            0 kB
Balloon:               0 kB
GPUActive:         85520 kB
GPUReclaim:        14024 kB
HugePages_Total:       0
HugePages_Free:        0
HugePages_Rsvd:        0
HugePages_Surp:        0
Hugepagesize:       2048 kB
Hugetlb:               0 kB
DirectMap4k:    14310104 kB
DirectMap2M:     1845248 kB
DirectMap1G:           0 kB

/sys/kernel/mm/transparent_hugepage/enabled: [always] madvise never
/sys/kernel/mm/transparent_hugepage/hpage_pmd_size: 2097152
/sys/kernel/mm/transparent_hugepage/shmem_enabled: always within_size [advise] never deny force
/sys/kernel/mm/transparent_hugepage/defrag (defrag/compaction efforts parameter): always defer defer+madvise [madvise] never

Process Memory:
Virtual Size: 13178376K (peak: 16344076K)
Resident Set Size: 2060360K (peak: 2474220K) (anon: 1729964K, file: 329192K, shmem: 1204K)
Swapped out: 0K
C-Heap outstanding allocations: 143661K, retained: 1347148K
glibc malloc tunables: (default)

/proc/sys/kernel/threads-max (system-wide limit on the number of threads): 120955
/proc/sys/vm/max_map_count (maximum number of memory map areas a process may have): 1048576
/proc/sys/vm/swappiness (control to define how aggressively the kernel swaps out anonymous memory): 60
/proc/sys/kernel/pid_max (system-wide limit on number of process identifiers): 4194304

container information not found.
Steal ticks since vm start: 0
Steal ticks percentage since vm start:  0.000

CPU: total 16 (initial active 16) (8 cores per cpu, 2 threads per core) family 25 model 80 stepping 0 microcode 0xa500012, cx8, cmov, fxsr, ht, mmx, 3dnowpref, sse, sse2, sse3, ssse3, sse4a, sse4.1, sse4.2, popcnt, lzcnt, tsc, tscinvbit, avx, avx2, aes, erms, clmul, bmi1, bmi2, adx, sha, fma, vzeroupper, clflush, clflushopt, clwb, rdtscp, rdpid, fsrm, f16c, pku, ospke, cet_ss
CPU Model and flags from /proc/cpuinfo:
model name	: AMD Ryzen 7 5800HS with Radeon Graphics
flags		: fpu vme de pse tsc msr pae mce cx8 apic sep mtrr pge mca cmov pat pse36 clflush mmx fxsr sse sse2 ht syscall nx mmxext fxsr_opt pdpe1gb rdtscp lm constant_tsc rep_good nopl xtopology nonstop_tsc cpuid extd_apicid aperfmperf rapl pni pclmulqdq monitor ssse3 fma cx16 sse4_1 sse4_2 movbe popcnt aes xsave avx f16c rdrand lahf_lm cmp_legacy svm extapic cr8_legacy abm sse4a misalignsse 3dnowprefetch osvw ibs skinit wdt tce topoext perfctr_core perfctr_nb bpext perfctr_llc mwaitx cpb cat_l3 cdp_l3 hw_pstate ssbd mba ibrs ibpb stibp vmmcall fsgsbase bmi1 avx2 smep bmi2 erms invpcid cqm rdt_a rdseed adx smap clflushopt clwb sha_ni xsaveopt xsavec xgetbv1 xsaves cqm_llc cqm_occup_llc cqm_mbm_total cqm_mbm_local user_shstk clzero irperf xsaveerptr rdpru wbnoinvd cppc arat npt lbrv svm_lock nrip_save tsc_scale vmcb_clean flushbyasid decodeassists pausefilter pfthreshold avic v_vmsave_vmload vgif v_spec_ctrl umip pku ospke vaes vpclmulqdq rdpid overflow_recov succor smca fsrm debug_swap

Online cpus: 0-15
Offline cpus: 
BIOS frequency limitation: <Not Available>
Frequency switch latency (ns): 0
Available cpu frequencies: <Not Available>
Current governor: powersave
Core performance/turbo boost: 1

Memory: 4k page, physical 15750904k(5300500k free), swap 24652280k(18360960k free)
Page Sizes: 4k

vm_info: OpenJDK 64-Bit Server VM (26.0.2.1) for linux-amd64 JRE (26.0.2.1), built on 2026-08-19T07:23:47Z with gcc 16.2.1 20260810

END.
