#
# A fatal error has been detected by the Java Runtime Environment:
#
#  SIGSEGV (0xb) at pc=0x00007f92324523d1, pid=2084326, tid=2084339
#
# JRE version: OpenJDK Runtime Environment (26.0.2.1) (build 26.0.2.1)
# Java VM: OpenJDK 64-Bit Server VM (26.0.2.1, mixed mode, sharing, tiered, compressed oops, compressed class ptrs, g1 gc, linux-amd64)
# Problematic frame:
# C  [libnvidia-eglcore.so.610.57.04+0xa523d1]
#
# Core dump will be written. Default location: Determined by the following: "/usr/lib/systemd/systemd-coredump %P %u %g %s %t %c %h %d %F %I" (alternatively, falling back to /home/annihilator/dev/NuvioDesktop/waylandHost/core.2084326)
#
# If you would like to submit a bug report, please visit:
#   https://bugreport.java.com/bugreport/crash.jsp
#

---------------  S U M M A R Y ------------

Command Line: -Dnuvio.wayland.libmpv=/home/annihilator/dev/mpv/build/libmpv.so.2 -Dnuvio.wayland.realApp=true -Dnuvio.wayland.videoLog=true -Dnuvio.wayland.vk=true -Dnuvio.wayland.webChrome=true -Dorg.lwjgl.util.Debug=false --enable-native-access=ALL-UNNAMED -Dfile.encoding=UTF-8 -Duser.country=GB -Duser.language=en -Duser.variant com.nuvio.wayland.MainKt

Host: AMD Ryzen 7 5800HS with Radeon Graphics, 16 cores, 15G, Arch Linux
Time: Mon Aug 24 10:29:18 2026 BST elapsed time: 414.840088 seconds (0d 0h 6m 54s)

---------------  T H R E A D  ---------------

Current thread (0x00007f92940ff990):  VMThread "VM Thread"          [id=2084339, stack(0x00007f9266ff1000,0x00007f92670f1000) (1024K)]

Stack: [0x00007f9266ff1000,0x00007f92670f1000],  sp=0x00007f92670ef440,  free space=1017k
Native frames: (J=compiled Java code, j=interpreted, Vv=VM code, C=native code)
C  [libnvidia-eglcore.so.610.57.04+0xa523d1]

siginfo: si_signo: 11 (SIGSEGV), si_code: 1 (SEGV_MAPERR), si_addr: 0x00000000000abdc8

Registers:
RAX=0x0000000000000003, RBX=0x0000561c544988f0, RCX=0x0000000000000009, RDX=0x0000000000000000
RSP=0x00007f92670ef440, RBP=0x00007f9233f58140, RSI=0x0000561c54ae5680, RDI=0x0000561c5461df30
R8 =0x00007f929a219b48, R9 =0x0000000000000200, R10=0x0000000000000000, R11=0x0000000000000000
R12=0x0000000066000000, R13=0x0000561c52029190, R14=0x0000561c59dfa4d0, R15=0x0000000066000000
RIP=0x00007f92324523d1, EFLAGS=0x0000000000010206, CSGSFS=0x002b000000000033, ERR=0x0000000000000004
  TRAPNO=0x000000000000000e

XMM[0]=0x0000000000000000 0x0000000000000000
XMM[1]=0x0000000000000000 0x41cf2df0f4000000
XMM[2]=0x0000000000000000 0x43e0000000000000
XMM[3]=0x0000000000000000 0x0000000000020000
XMM[4]=0x00007f918c82f000 0x00007f9294b979d8
XMM[5]=0x4000000000020000 0x0000000005938000
XMM[6]=0x0000000000000000 0x0000000000000000
XMM[7]=0x0000000000000000 0x0000000000000000
XMM[8]=0x0000000000000000 0xbfb999999999999a
XMM[9]=0x0000000000000000 0x0000000001400000
XMM[10]=0x0000000000000000 0x0000000000600000
XMM[11]=0x0000000000000000 0x0000000000000000
XMM[12]=0x0000000000000000 0x0000000000000000
XMM[13]=0x0000000000000000 0x0000000000000000
XMM[14]=0x0000000000000000 0x0000000000000000
XMM[15]=0x0000000000000000 0x0000000000000000
  MXCSR=0x00001fa2


Register to memory mapping:

RAX=0x0000000000000003 is an unknown value
RBX=0x0000561c544988f0 points into unknown readable memory: 0x0000000000000000 | 00 00 00 00 00 00 00 00
RCX=0x0000000000000009 is an unknown value
RDX=0x0 is null
RSP=0x00007f92670ef440 points into unknown readable memory: 0x0000000066000000 | 00 00 00 66 00 00 00 00
RBP=0x00007f9233f58140: <offset 0x0000000002558140> in /usr/lib/libnvidia-eglcore.so.610.57.04 at 0x00007f9231a00000
RSI=0x0000561c54ae5680 points into unknown readable memory: 0x0000000200000001 | 01 00 00 00 02 00 00 00
RDI=0x0000561c5461df30 points into unknown readable memory: 0x0000000000000000 | 00 00 00 00 00 00 00 00
R8 =0x00007f929a219b48: <offset 0x0000000000219b48> in /usr/lib/libc.so.6 at 0x00007f929a000000
R9 =0x0000000000000200 is an unknown value
R10=0x0 is null
R11=0x0 is null
R12=0x0000000066000000 points into unknown readable memory: 0x00007f9294b2e5e0 | e0 e5 b2 94 92 7f 00 00
R13=0x0000561c52029190 points into unknown readable memory: 0x0000000000002000 | 00 20 00 00 00 00 00 00
R14=0x0000561c59dfa4d0 points into unknown readable memory: 0x0000001700000000 | 00 00 00 00 17 00 00 00
R15=0x0000000066000000 points into unknown readable memory: 0x00007f9294b2e5e0 | e0 e5 b2 94 92 7f 00 00

Top of Stack: (sp=0x00007f92670ef440)
0x00007f92670ef440:   0000000066000000 0000000000000003   ...f............
0x00007f92670ef450:   0000561c544988f0 0000000066000000   ..IT.V.....f....
0x00007f92670ef460:   00007f9294b585e0 00007f923244730d   .........sD2....
0x00007f92670ef470:   0000000066000000 0000561c544988f0   ...f......IT.V..
0x00007f92670ef480:   0000561c59dfa750 0000000000000003   P..Y.V..........
0x00007f92670ef490:   0000561c547bb300 0000000066000000   ..{T.V.....f....
0x00007f92670ef4a0:   0000561c59dfa750 0000561c59dfa4d0   P..Y.V.....Y.V..
0x00007f92670ef4b0:   0000000066000000 00007f92320fb708   ...f.......2....
0x00007f92670ef4c0:   0000561c54ae1d30 0000000000000016   0..T.V..........
0x00007f92670ef4d0:   0000561c547bb300 0000000000000016   ..{T.V..........
0x00007f92670ef4e0:   00007f9294a1b0f0 0000000000000000   ................
0x00007f92670ef4f0:   0000000066000000 00007f92321302f6   ...f.......2....
0x00007f92670ef500:   00000000000000f0 0000001e66000000   ...........f....
0x00007f92670ef510:   0000561c52029190 0000000000000003   ...R.V..........
0x00007f92670ef520:   00007f9294a1b0f0 00007f9233f554c0   .........T.3....
0x00007f92670ef530:   0000000066000000 00007f9233f55480   ...f.....T.3....
0x00007f92670ef540:   00007f92670ef6f8 00007f923213160f   ...g.......2....
0x00007f92670ef550:   00007f9294d501d0 0000000066000000   ...........f....
0x00007f92670ef560:   00007f92670ef58f 0000561c52029190   ...g.......R.V..
0x00007f92670ef570:   00007f9233f55460 00007f9232101998   `T.3.......2....
0x00007f92670ef580:   0000000066000000 0000009231fa2ce8   ...f.....,.1....
0x00007f92670ef590:   0000561c52029190 0000000066000000   ...R.V.....f....
0x00007f92670ef5a0:   00007f9233f554c0 00007f92320eecb1   .T.3.......2....
0x00007f92670ef5b0:   00007f9233f58140 00007f9233f58140   @..3....@..3....
0x00007f92670ef5c0:   0000000066000000 0000561c52029190   ...f.......R.V..
0x00007f92670ef5d0:   00007f9233f55460 00007f92323b15d8   `T.3......;2....
0x00007f92670ef5e0:   00007f9233f58140 00007f9294a1f920   @..3.... .......
0x00007f92670ef5f0:   0000000066000000 00007f923238d80d   ...f......82....
0x00007f92670ef600:   0000000000000000 00007f929480c6c0   ................
0x00007f92670ef610:   0000561c52028ad0 00007f92948495a0   ...R.V..........
0x00007f92670ef620:   0000000000000000 00007f9264715e5d   ........]^qd....
0x00007f92670ef630:   0000000000000000 00007f929480c6c0   ................

Instructions: (pc=0x00007f92324523d1)
  0x00007f92324522d1:   8b bf 50 01 00 00 8b 96 a0 03 00 00 48 8b 07 8b
  0x00007f92324522e1:   77 08 ff a0 88 02 00 00 0f 1f 80 00 00 00 00 48
  0x00007f92324522f1:   83 be 28 05 00 00 00 0f 84 22 02 00 00 41 55 41
  0x00007f9232452301:   54 49 89 fc 55 53 48 89 f3 48 83 ec 08 48 8d 2d
  0x00007f9232452311:   2b 5e b0 01 0f b6 85 d0 0f 00 00 84 c0 75 0f 8b
  0x00007f9232452321:   85 c4 0f 00 00 83 c0 01 89 85 c4 0f 00 00 8b 85
  0x00007f9232452331:   cc 0f 00 00 83 f8 01 0f 87 32 01 00 00 49 8b 04
  0x00007f9232452341:   24 4d 8b ac 24 08 ac 04 00 48 8b bb 20 05 00 00
  0x00007f9232452351:   48 8b 90 d0 8d 02 00 4c 89 ee e8 50 91 fe ff 48
  0x00007f9232452361:   8b bb 20 05 00 00 48 85 ff 74 06 48 8b 07 ff 50
  0x00007f9232452371:   10 48 8b 83 28 05 00 00 48 c7 83 20 05 00 00 00
  0x00007f9232452381:   00 00 00 83 a8 90 00 00 00 01 48 8b 83 28 05 00
  0x00007f9232452391:   00 83 a8 8c 00 00 00 01 48 8b bb 28 05 00 00 8b
  0x00007f92324523a1:   87 8c 00 00 00 85 c0 0f 84 02 01 00 00 48 8b b3
  0x00007f92324523b1:   30 05 00 00 48 c7 83 28 05 00 00 00 00 00 00 48
  0x00007f92324523c1:   85 f6 74 65 4d 85 ed 74 58 49 8b 95 48 10 00 00
=>0x00007f92324523d1:   8b 82 c8 bd 0a 00 83 c0 01 89 82 c8 bd 0a 00 48
  0x00007f92324523e1:   8b 93 30 05 00 00 89 42 28 48 8b 93 30 05 00 00
  0x00007f92324523f1:   48 8b 4a 08 48 85 c9 74 18 8b 42 18 3b 42 20 73
  0x00007f9232452401:   13 8b 93 d0 01 00 00 89 14 81 48 8b 93 30 05 00
  0x00007f9232452411:   00 8b 42 18 83 c0 01 89 42 18 48 8b b3 30 05 00
  0x00007f9232452421:   00 4c 89 e7 e8 46 b5 cd ff 48 c7 83 30 05 00 00
  0x00007f9232452431:   00 00 00 00 8b 45 00 48 c7 83 38 05 00 00 00 00
  0x00007f9232452441:   00 00 85 c0 75 79 0f b6 85 d0 0f 00 00 84 c0 75
  0x00007f9232452451:   0f 8b 85 c4 0f 00 00 83 e8 01 89 85 c4 0f 00 00
  0x00007f9232452461:   48 83 c4 08 5b 5d 41 5c 41 5d c3 0f 1f 40 00 48
  0x00007f9232452471:   8d 05 09 30 b0 01 8b 7d 48 48 8d 75 28 ff 50 10
  0x00007f9232452481:   8b 45 30 31 d2 83 f8 ff 0f 95 c2 01 d0 89 45 30
  0x00007f9232452491:   48 8d 05 c8 2f b0 01 ff 10 83 45 00 01 89 45 38
  0x00007f92324524a1:   48 89 55 40 e9 94 fe ff ff 66 0f 1f 44 00 00 e8
  0x00007f92324524b1:   bb d4 f9 ff e9 f4 fe ff ff 66 0f 1f 44 00 00 83
  0x00007f92324524c1:   e8 01 89 45 00 48 8d 05 93 2f b0 01 48 8b 58 08


Stack slot to memory mapping:

stack at sp + 0 slots: 0x0000000066000000 points into unknown readable memory: 0x00007f9294b2e5e0 | e0 e5 b2 94 92 7f 00 00
stack at sp + 1 slots: 0x0000000000000003 is an unknown value
stack at sp + 2 slots: 0x0000561c544988f0 points into unknown readable memory: 0x0000000000000000 | 00 00 00 00 00 00 00 00
stack at sp + 3 slots: 0x0000000066000000 points into unknown readable memory: 0x00007f9294b2e5e0 | e0 e5 b2 94 92 7f 00 00
stack at sp + 4 slots: 0x00007f9294b585e0 points into unknown readable memory: 0x00007f9233ec7df8 | f8 7d ec 33 92 7f 00 00
stack at sp + 5 slots: 0x00007f923244730d: <offset 0x0000000000a4730d> in /usr/lib/libnvidia-eglcore.so.610.57.04 at 0x00007f9231a00000
stack at sp + 6 slots: 0x0000000066000000 points into unknown readable memory: 0x00007f9294b2e5e0 | e0 e5 b2 94 92 7f 00 00
stack at sp + 7 slots: 0x0000561c544988f0 points into unknown readable memory: 0x0000000000000000 | 00 00 00 00 00 00 00 00

VM_Operation (0x00007f9298bfda50): Exit, mode: safepoint, requested by thread 0x00007f92940200e0


---------------  P R O C E S S  ---------------

Threads class SMR info:
_java_thread_list=0x00007f925c26cec0, length=49, elements={
0x00007f92940200e0, 0x00007f9294108aa0, 0x00007f9294109aa0, 0x00007f929410adf0,
0x00007f929410c500, 0x00007f929410dd50, 0x00007f929410ffb0, 0x00007f9294111980,
0x00007f929414b360, 0x00007f929414ddd0, 0x00007f929466da40, 0x00007f929546ad00,
0x00007f929546bc00, 0x00007f929546d0d0, 0x00007f929546e7c0, 0x0000561c522f0710,
0x00007f923c07a9e0, 0x00007f9295b6d1d0, 0x00007f9295d0fc30, 0x00007f9251ccbfa0,
0x00007f9251ccd280, 0x0000561c5375ba90, 0x00007f925c0178c0, 0x00007f926c1b0da0,
0x00007f9258008ef0, 0x00007f92541d4950, 0x00007f926c1b4250, 0x00007f925c01eba0,
0x0000561c5329fbe0, 0x0000561c532a2be0, 0x00007f9251d6ddf0, 0x00007f9251d6ffb0,
0x00007f9258036eb0, 0x00007f9260078fb0, 0x00007f925431af40, 0x00007f926007a780,
0x00007f926c1c12e0, 0x00007f9268023660, 0x00007f9251d72760, 0x00007f923c5e2c80,
0x00007f9254319b10, 0x00007f92600f05f0, 0x00007f924051ad90, 0x00007f92600fff70,
0x00007f926c2c4e40, 0x00007f924051b630, 0x00007f9260100810, 0x00007f9270198cf0,
0x00007f9253d757a0
}

Java Threads: ( => current thread )
  0x00007f92940200e0 JavaThread "main"                              [_thread_blocked, id=2084327, stack(0x00007f9298b00000,0x00007f9298c00000) (1024K)]
  0x00007f9294108aa0 JavaThread "Reference Handler"          daemon [_thread_blocked, id=2084340, stack(0x00007f9266ef0000,0x00007f9266ff0000) (1024K)]
  0x00007f9294109aa0 JavaThread "Finalizer"                  daemon [_thread_blocked, id=2084341, stack(0x00007f9266cee000,0x00007f9266dee000) (1024K)]
  0x00007f929410adf0 JavaThread "Signal Dispatcher"          daemon [_thread_blocked, id=2084342, stack(0x00007f9266bed000,0x00007f9266ced000) (1024K)]
  0x00007f929410c500 JavaThread "Service Thread"             daemon [_thread_blocked, id=2084343, stack(0x00007f9266700000,0x00007f9266800000) (1024K)]
  0x00007f929410dd50 JavaThread "Monitor Deflation Thread"   daemon [_thread_blocked, id=2084344, stack(0x00007f92665ff000,0x00007f92666ff000) (1024K)]
  0x00007f929410ffb0 JavaThread "C2 CompilerThread0"         daemon [_thread_blocked, id=2084345, stack(0x00007f92664fe000,0x00007f92665fe000) (1024K)]
  0x00007f9294111980 JavaThread "C1 CompilerThread0"         daemon [_thread_blocked, id=2084346, stack(0x00007f92663fd000,0x00007f92664fd000) (1024K)]
  0x00007f929414b360 JavaThread "Notification Thread"        daemon [_thread_blocked, id=2084348, stack(0x00007f92661fb000,0x00007f92662fb000) (1024K)]
  0x00007f929414ddd0 JavaThread "Common-Cleaner"             daemon [_thread_blocked, id=2084349, stack(0x00007f92660fa000,0x00007f92661fa000) (1024K)]
  0x00007f929466da40 JavaThread "InnocuousThread-1"          daemon [_thread_blocked, id=2084356, stack(0x00007f92659f3000,0x00007f9265af3000) (1024K)]
  0x00007f929546ad00 JavaThread "Java2D Disposer"            daemon [_thread_blocked, id=2084366, stack(0x00007f9265df7000,0x00007f9265ef7000) (1024K)]
  0x00007f929546bc00 JavaThread "AWT-XAWT"                   daemon [_thread_in_native, id=2084367, stack(0x00007f9265ef8000,0x00007f9265ff8000) (1024K)]
  0x00007f929546d0d0 JavaThread "AWT-Shutdown"                      [_thread_blocked, id=2084368, stack(0x00007f921a0ff000,0x00007f921a1ff000) (1024K)]
  0x00007f929546e7c0 JavaThread "AWT-EventQueue-0"                  [_thread_blocked, id=2084369, stack(0x00007f9219ffe000,0x00007f921a0fe000) (1024K)]
  0x0000561c522f0710 JavaThread "Reference Cleaner"          daemon [_thread_blocked, id=2084372, stack(0x00007f9219b0b000,0x00007f9219c0b000) (1024K)]
  0x00007f923c07a9e0 JavaThread "kotlinx.coroutines.DefaultExecutor" daemon [_thread_blocked, id=2084382, stack(0x00007f9214efa000,0x00007f9214ffa000) (1024K)]
  0x00007f9295b6d1d0 JavaThread "TimerQueue"                 daemon [_thread_blocked, id=2084447, stack(0x00007f91e5cfd000,0x00007f91e5dfd000) (1024K)]
  0x00007f9295d0fc30 JavaThread "wpe-glib"                   daemon [_thread_blocked, id=2084512, stack(0x00007f91e57f8000,0x00007f91e58f8000) (1024K)]
  0x00007f9251ccbfa0 JavaThread "DefaultDispatcher-worker-9" daemon [_thread_blocked, id=2084628, stack(0x00007f918a1ff000,0x00007f918a2ff000) (1024K)]
  0x00007f9251ccd280 JavaThread "DefaultDispatcher-worker-10" daemon [_thread_blocked, id=2084629, stack(0x00007f918a0fe000,0x00007f918a1fe000) (1024K)]
  0x0000561c5375ba90 JavaThread "OkHttp TaskRunner"          daemon [_thread_blocked, id=2084639, stack(0x00007f91895fa000,0x00007f91896fa000) (1024K)]
  0x00007f925c0178c0 JavaThread "DefaultDispatcher-worker-12" daemon [_thread_blocked, id=2084645, stack(0x00007f9188ff4000,0x00007f91890f4000) (1024K)]
  0x00007f926c1b0da0 JavaThread "DefaultDispatcher-worker-15" daemon [_thread_blocked, id=2084654, stack(0x00007f9188bf0000,0x00007f9188cf0000) (1024K)]
  0x00007f9258008ef0 JavaThread "DefaultDispatcher-worker-16" daemon [_thread_blocked, id=2084655, stack(0x00007f9188aef000,0x00007f9188bef000) (1024K)]
  0x00007f92541d4950 JavaThread "DefaultDispatcher-worker-5" daemon [_thread_blocked, id=2084656, stack(0x00007f91889ee000,0x00007f9188aee000) (1024K)]
  0x00007f926c1b4250 JavaThread "DefaultDispatcher-worker-11" daemon [_thread_blocked, id=2084658, stack(0x00007f91887ec000,0x00007f91888ec000) (1024K)]
  0x00007f925c01eba0 JavaThread "OkHttp aiostreams.int.itsjustfun.xyz" daemon [_thread_in_native, id=2084660, stack(0x00007f91885ea000,0x00007f91886ea000) (1024K)]
  0x0000561c5329fbe0 JavaThread "VirtualThread-unblocker"    daemon [_thread_blocked, id=2084692, stack(0x00007f918a4e4000,0x00007f918a5e4000) (1024K)]
  0x0000561c532a2be0 JavaThread "ForkJoinPool-1-worker-1"    daemon [_thread_blocked, id=2084693, stack(0x00007f91883e8000,0x00007f91884e8000) (1024K)]
  0x00007f9251d6ddf0 JavaThread "MasterPoller"               daemon [_thread_in_native, id=2084694, stack(0x00007f9183f00000,0x00007f9184000000) (1024K)]
  0x00007f9251d6ffb0 JavaThread "ForkJoinPool-1-worker-2"    daemon [_thread_blocked, id=2084695, stack(0x00007f9183dff000,0x00007f9183eff000) (1024K)]
  0x00007f9258036eb0 JavaThread "ForkJoinPool-1-worker-3"    daemon [_thread_blocked, id=2084696, stack(0x00007f9183cfe000,0x00007f9183dfe000) (1024K)]
  0x00007f9260078fb0 JavaThread "ForkJoinPool-1-worker-4"    daemon [_thread_blocked, id=2084697, stack(0x00007f9183bfd000,0x00007f9183cfd000) (1024K)]
  0x00007f925431af40 JavaThread "ForkJoinPool-1-worker-5"    daemon [_thread_blocked, id=2084698, stack(0x00007f9183afc000,0x00007f9183bfc000) (1024K)]
  0x00007f926007a780 JavaThread "ForkJoinPool-1-worker-6"    daemon [_thread_blocked, id=2084699, stack(0x00007f91839fb000,0x00007f9183afb000) (1024K)]
  0x00007f926c1c12e0 JavaThread "ForkJoinPool-1-worker-7"    daemon [_thread_blocked, id=2084700, stack(0x00007f91838fa000,0x00007f91839fa000) (1024K)]
  0x00007f9268023660 JavaThread "ForkJoinPool-1-worker-8"    daemon [_thread_blocked, id=2084701, stack(0x00007f91837f9000,0x00007f91838f9000) (1024K)]
  0x00007f9251d72760 JavaThread "ForkJoinPool-1-delayScheduler" daemon [_thread_blocked, id=2084702, stack(0x00007f91836f8000,0x00007f91837f8000) (1024K)]
  0x00007f923c5e2c80 JavaThread "DefaultDispatcher-worker-14" daemon [_thread_blocked, id=2084703, stack(0x00007f91835f7000,0x00007f91836f7000) (1024K)]
  0x00007f9254319b10 JavaThread "DefaultDispatcher-worker-2" daemon [_thread_blocked, id=2084704, stack(0x00007f91834f6000,0x00007f91835f6000) (1024K)]
  0x00007f92600f05f0 JavaThread "DefaultDispatcher-worker-4" daemon [_thread_blocked, id=2084706, stack(0x00007f91832f4000,0x00007f91833f4000) (1024K)]
  0x00007f924051ad90 JavaThread "DefaultDispatcher-worker-3" daemon [_thread_blocked, id=2093548, stack(0x00007f91888ed000,0x00007f91889ed000) (1024K)]
  0x00007f92600fff70 JavaThread "DefaultDispatcher-worker-7" daemon [_thread_blocked, id=2093549, stack(0x00007f9265ff9000,0x00007f92660f9000) (1024K)]
  0x00007f926c2c4e40 JavaThread "DefaultDispatcher-worker-1" daemon [_thread_blocked, id=2093550, stack(0x00007f91886eb000,0x00007f91887eb000) (1024K)]
  0x00007f924051b630 JavaThread "DefaultDispatcher-worker-13" daemon [_thread_blocked, id=2093551, stack(0x00007f918b879000,0x00007f918b979000) (1024K)]
  0x00007f9260100810 JavaThread "DefaultDispatcher-worker-6" daemon [_thread_blocked, id=2093552, stack(0x00007f918b778000,0x00007f918b878000) (1024K)]
  0x00007f9270198cf0 JavaThread "DefaultDispatcher-worker-8" daemon [_thread_blocked, id=2093553, stack(0x00007f918b97a000,0x00007f918ba7a000) (1024K)]
  0x00007f9253d757a0 JavaThread "HttpClient-2-Worker-0"      daemon [_thread_blocked, id=2094586, stack(0x00007f918a8e6000,0x00007f918a9e6000) (1024K)]
Total: 49

Other Threads:
=>0x00007f92940ff990 VMThread "VM Thread"                           [id=2084339, stack(0x00007f9266ff1000,0x00007f92670f1000) (1024K)]
  0x00007f929406e590 WorkerThread "GC Thread#0"                     [id=2084328, stack(0x00007f9276458000,0x00007f9276558000) (1024K)]
  0x00007f9250009fd0 WorkerThread "GC Thread#1"                     [id=2084353, stack(0x00007f9265cf6000,0x00007f9265df6000) (1024K)]
  0x00007f925000f360 WorkerThread "GC Thread#2"                     [id=2084377, stack(0x00007f92152fe000,0x00007f92153fe000) (1024K)]
  0x00007f925000fe80 WorkerThread "GC Thread#3"                     [id=2084378, stack(0x00007f92151fd000,0x00007f92152fd000) (1024K)]
  0x00007f9250010f20 WorkerThread "GC Thread#4"                     [id=2084379, stack(0x00007f92150fc000,0x00007f92151fc000) (1024K)]
  0x00007f9250011c80 WorkerThread "GC Thread#5"                     [id=2084380, stack(0x00007f9214ffb000,0x00007f92150fb000) (1024K)]
  0x00007f92500a0600 WorkerThread "GC Thread#6"                     [id=2084401, stack(0x00007f91fb1ec000,0x00007f91fb2ec000) (1024K)]
  0x00007f9251caa4d0 WorkerThread "GC Thread#7"                     [id=2084445, stack(0x00007f91e5eff000,0x00007f91e5fff000) (1024K)]
  0x00007f9251cab6f0 WorkerThread "GC Thread#8"                     [id=2084446, stack(0x00007f91e5dfe000,0x00007f91e5efe000) (1024K)]
  0x00007f9251ca3ef0 WorkerThread "GC Thread#9"                     [id=2084483, stack(0x00007f91e5bfc000,0x00007f91e5cfc000) (1024K)]
  0x00007f9251ca4d30 WorkerThread "GC Thread#10"                    [id=2084485, stack(0x00007f91e5afb000,0x00007f91e5bfb000) (1024K)]
  0x00007f9251caf4a0 WorkerThread "GC Thread#11"                    [id=2084486, stack(0x00007f91e59fa000,0x00007f91e5afa000) (1024K)]
  0x00007f9251cb0370 WorkerThread "GC Thread#12"                    [id=2084488, stack(0x00007f91e58f9000,0x00007f91e59f9000) (1024K)]
  0x00007f9294086680 ConcurrentGCThread "G1 Main Marker"            terminated
  0x00007f9294087810 WorkerThread "G1 Conc#0"                       [id=2084330, stack(0x00007f9276256000,0x00007f9276356000) (1024K)]
  0x00007f9268000cc0 WorkerThread "G1 Conc#1"                       [id=2084354, stack(0x00007f9265bf5000,0x00007f9265cf5000) (1024K)]
  0x00007f92680019d0 WorkerThread "G1 Conc#2"                       [id=2084355, stack(0x00007f9265af4000,0x00007f9265bf4000) (1024K)]
  0x00007f92940de030 WorkerThread "G1 Refinement Workers#0"         [id=2084332, stack(0x00007f92671f3000,0x00007f92672f3000) (1024K)]
  0x00007f92940dcdd0 ConcurrentGCThread "G1 Refine Control"         terminated
  0x00007f92940df130 ConcurrentGCThread "G1 Service"                terminated
Total: 21

Threads with active compile tasks:
C2 CompilerThread0  414846 16105       4       java.util.Properties::getProperty (50 bytes)
Total: 1

VM state: at safepoint (shutting down)

VM Mutex/Monitor currently owned by a thread:  ([mutex/lock_event])
[0x00007f9299ef61d8] Threads_lock - owner thread: 0x00007f92940ff990
[0x00007f9299ef5f58] Heap_lock - owner thread: 0x00007f92940200e0

Heap address: 0x000000070fa00000, size: 3846 MB, Compressed Oops mode: Zero based, Oop shift amount: 3

CDS archive(s) mapped at: [0x0000000025000000-0x0000000025da7000-0x0000000025da7000), size 14315520, SharedBaseAddress: 0x0000000025000000, ArchiveRelocationMode: 1.
Compressed class space mapped at: 0x0000000026000000-0x0000000066000000, reserved size: 1073741824
UseCompressedClassPointers 1, UseCompactObjectHeaders 0
Narrow klass pointer bits 32, Max shift 3
Narrow klass base: 0x0000000025000000, Narrow klass shift: 0
Encoding Range: [0x0000000025000000 - 0x0000000125000000), (4294967296 bytes)
Klass Range:    [0x0000000025000000 - 0x0000000066000000), (1090519040 bytes)
Klass ID Range:  [8 - 1090519033) (1090519025)
Protection zone: [0x0000000025000000 - 0x0000000025001000), (4096 bytes)

GC Precious Log:
 CardTable entry size: 512
 Card Set container configuration: InlinePtr #cards 4 size 8 Array Of Cards #cards 16 size 48 Howl #buckets 8 coarsen threshold 3686 Howl Bitmap #cards 512 size 80 coarsen threshold 460 Card regions per heap region 1 cards per card region 4096
 CPUs: 16 total, 16 available
 Memory: 15381M
 Large Page Support: Disabled
 NUMA Support: Disabled
 Compressed Oops: Enabled (Zero based)
 Heap Region Size: 2M
 Heap Min Capacity: 8M
 Heap Initial Capacity: 8M
 Heap Max Capacity: 3846M
 Pre-touch: Disabled
 Parallel Workers: 13
 Concurrent Workers: 3
 Concurrent Refinement Workers: 13
 Periodic GC: Disabled

Heap:
 garbage-first heap   total reserved 3938304K, committed 327680K, used 154966K [0x000000070fa00000, 0x0000000800000000)
  region size 2M, 28 eden (56M), 1 survivor (2M), 40 old (80M), 25 humongous (50M), 66 free (132M)

Heap Regions: E=young(eden), S=young(survivor), O=old, HS=humongous(starts), HC=humongous(continues), CS=collection set, F=free, TAMS=top-at-mark-start, PB=parsable bottom
|    0|0x000000070fa00000, 0x000000070fc00000, 0x000000070fc00000|100%|HS|  |TAMS 0x000000070fa00000| PB 0x000000070fa00000| Complete  |  0
|    1|0x000000070fc00000, 0x000000070fe00000, 0x000000070fe00000|100%| O|  |TAMS 0x000000070fc00000| PB 0x000000070fc00000| Untracked |  0
|    2|0x000000070fe00000, 0x0000000710000000, 0x0000000710000000|100%| O|  |TAMS 0x000000070fe00000| PB 0x000000070fe00000| Untracked |  0
|    3|0x0000000710000000, 0x0000000710200000, 0x0000000710200000|100%| O|  |TAMS 0x0000000710000000| PB 0x0000000710000000| Untracked |  0
|    4|0x0000000710200000, 0x0000000710400000, 0x0000000710400000|100%| O|  |TAMS 0x0000000710200000| PB 0x0000000710200000| Untracked |  0
|    5|0x0000000710400000, 0x0000000710600000, 0x0000000710600000|100%| O|  |TAMS 0x0000000710400000| PB 0x0000000710400000| Untracked |  0
|    6|0x0000000710600000, 0x0000000710800000, 0x0000000710800000|100%| O|  |TAMS 0x0000000710600000| PB 0x0000000710600000| Untracked |  0
|    7|0x0000000710800000, 0x0000000710a00000, 0x0000000710a00000|100%| O|  |TAMS 0x0000000710800000| PB 0x0000000710800000| Untracked |  0
|    8|0x0000000710a00000, 0x0000000710c00000, 0x0000000710c00000|100%| O|  |TAMS 0x0000000710a00000| PB 0x0000000710a00000| Untracked |  0
|    9|0x0000000710c00000, 0x0000000710e00000, 0x0000000710e00000|100%| O|  |TAMS 0x0000000710c00000| PB 0x0000000710c00000| Untracked |  0
|   10|0x0000000710e00000, 0x0000000711000000, 0x0000000711000000|100%| O|  |TAMS 0x0000000710e00000| PB 0x0000000710e00000| Untracked |  0
|   11|0x0000000711000000, 0x0000000711200000, 0x0000000711200000|100%| O|  |TAMS 0x0000000711000000| PB 0x0000000711000000| Untracked |  0
|   12|0x0000000711200000, 0x0000000711400000, 0x0000000711400000|100%| O|  |TAMS 0x0000000711200000| PB 0x0000000711200000| Untracked |  0
|   13|0x0000000711400000, 0x0000000711600000, 0x0000000711600000|100%| O|  |TAMS 0x0000000711400000| PB 0x0000000711400000| Untracked |  0
|   14|0x0000000711600000, 0x0000000711681c88, 0x0000000711800000| 25%| O|  |TAMS 0x0000000711600000| PB 0x0000000711600000| Untracked |  0
|   15|0x0000000711800000, 0x00000007118070e0, 0x0000000711a00000|  1%| O|  |TAMS 0x0000000711800000| PB 0x0000000711800000| Untracked |  0
|   16|0x0000000711a00000, 0x0000000711a59908, 0x0000000711c00000| 17%| O|  |TAMS 0x0000000711a00000| PB 0x0000000711a00000| Untracked |  0
|   17|0x0000000711c00000, 0x0000000711c08100, 0x0000000711e00000|  1%| O|  |TAMS 0x0000000711c00000| PB 0x0000000711c00000| Untracked |  0
|   18|0x0000000711e00000, 0x0000000712000000, 0x0000000712000000|100%| O|  |TAMS 0x0000000711e00000| PB 0x0000000711e00000| Untracked |  0
|   19|0x0000000712000000, 0x0000000712200000, 0x0000000712200000|100%| O|  |TAMS 0x0000000712000000| PB 0x0000000712000000| Untracked |  0
|   20|0x0000000712200000, 0x0000000712387fe8, 0x0000000712400000| 76%| O|  |TAMS 0x0000000712200000| PB 0x0000000712200000| Untracked |  0
|   21|0x0000000712400000, 0x00000007124078f0, 0x0000000712600000|  1%| O|  |TAMS 0x0000000712400000| PB 0x0000000712400000| Untracked |  0
|   22|0x0000000712600000, 0x0000000712659be0, 0x0000000712800000| 17%| O|  |TAMS 0x0000000712600000| PB 0x0000000712600000| Untracked |  0
|   23|0x0000000712800000, 0x0000000712822050, 0x0000000712a00000|  6%| O|  |TAMS 0x0000000712800000| PB 0x0000000712800000| Untracked |  0
|   24|0x0000000712a00000, 0x0000000712a1f308, 0x0000000712c00000|  6%| O|  |TAMS 0x0000000712a00000| PB 0x0000000712a00000| Untracked |  0
|   25|0x0000000712c00000, 0x0000000712e00000, 0x0000000712e00000|100%| O|  |TAMS 0x0000000712c00000| PB 0x0000000712c00000| Untracked |  0
|   26|0x0000000712e00000, 0x0000000713000000, 0x0000000713000000|100%| O|  |TAMS 0x0000000712e00000| PB 0x0000000712e00000| Untracked |  0
|   27|0x0000000713000000, 0x0000000713200000, 0x0000000713200000|100%| O|  |TAMS 0x0000000713000000| PB 0x0000000713000000| Untracked |  0
|   28|0x0000000713200000, 0x0000000713219320, 0x0000000713400000|  4%| O|  |TAMS 0x0000000713200000| PB 0x0000000713200000| Untracked |  0
|   29|0x0000000713400000, 0x0000000713416ad0, 0x0000000713600000|  4%| O|  |TAMS 0x0000000713400000| PB 0x0000000713400000| Untracked |  0
|   30|0x0000000713600000, 0x000000071361f308, 0x0000000713800000|  6%| O|  |TAMS 0x0000000713600000| PB 0x0000000713600000| Untracked |  0
|   31|0x0000000713800000, 0x0000000713818300, 0x0000000713a00000|  4%| O|  |TAMS 0x0000000713800000| PB 0x0000000713800000| Untracked |  0
|   32|0x0000000713a00000, 0x0000000713a2d0d8, 0x0000000713c00000|  8%| O|  |TAMS 0x0000000713a00000| PB 0x0000000713a00000| Untracked |  0
|   33|0x0000000713c00000, 0x0000000713c11220, 0x0000000713e00000|  3%| O|  |TAMS 0x0000000713c00000| PB 0x0000000713c00000| Untracked |  0
|   34|0x0000000713e00000, 0x0000000713e4fdc8, 0x0000000714000000| 15%| O|  |TAMS 0x0000000713e00000| PB 0x0000000713e00000| Untracked |  0
|   35|0x0000000714000000, 0x000000071401aa78, 0x0000000714200000|  5%| O|  |TAMS 0x0000000714000000| PB 0x0000000714000000| Untracked |  0
|   36|0x0000000714200000, 0x0000000714400000, 0x0000000714400000|100%|HS|  |TAMS 0x0000000714200000| PB 0x0000000714200000| Complete  |  0
|   37|0x0000000714400000, 0x0000000714600000, 0x0000000714600000|100%|HC|  |TAMS 0x0000000714400000| PB 0x0000000714400000| Complete  |  0
|   38|0x0000000714600000, 0x0000000714800000, 0x0000000714800000|100%|HC|  |TAMS 0x0000000714600000| PB 0x0000000714600000| Complete  |  0
|   39|0x0000000714800000, 0x0000000714a00000, 0x0000000714a00000|100%|HC|  |TAMS 0x0000000714800000| PB 0x0000000714800000| Complete  |  0
|   40|0x0000000714a00000, 0x0000000714c00000, 0x0000000714c00000|100%|HC|  |TAMS 0x0000000714a00000| PB 0x0000000714a00000| Complete  |  0
|   41|0x0000000714c00000, 0x0000000714e00000, 0x0000000714e00000|100%|HC|  |TAMS 0x0000000714c00000| PB 0x0000000714c00000| Complete  |  0
|   42|0x0000000714e00000, 0x0000000715000000, 0x0000000715000000|100%|HC|  |TAMS 0x0000000714e00000| PB 0x0000000714e00000| Complete  |  0
|   43|0x0000000715000000, 0x0000000715200000, 0x0000000715200000|100%|HC|  |TAMS 0x0000000715000000| PB 0x0000000715000000| Complete  |  0
|   44|0x0000000715200000, 0x0000000715400000, 0x0000000715400000|100%|HS|  |TAMS 0x0000000715200000| PB 0x0000000715200000| Complete  |  0
|   45|0x0000000715400000, 0x0000000715600000, 0x0000000715600000|100%|HC|  |TAMS 0x0000000715400000| PB 0x0000000715400000| Complete  |  0
|   46|0x0000000715600000, 0x0000000715800000, 0x0000000715800000|100%|HC|  |TAMS 0x0000000715600000| PB 0x0000000715600000| Complete  |  0
|   47|0x0000000715800000, 0x0000000715a00000, 0x0000000715a00000|100%|HC|  |TAMS 0x0000000715800000| PB 0x0000000715800000| Complete  |  0
|   48|0x0000000715a00000, 0x0000000715c00000, 0x0000000715c00000|100%|HC|  |TAMS 0x0000000715a00000| PB 0x0000000715a00000| Complete  |  0
|   49|0x0000000715c00000, 0x0000000715e00000, 0x0000000715e00000|100%|HC|  |TAMS 0x0000000715c00000| PB 0x0000000715c00000| Complete  |  0
|   50|0x0000000715e00000, 0x0000000716000000, 0x0000000716000000|100%|HC|  |TAMS 0x0000000715e00000| PB 0x0000000715e00000| Complete  |  0
|   51|0x0000000716000000, 0x0000000716200000, 0x0000000716200000|100%|HC|  |TAMS 0x0000000716000000| PB 0x0000000716000000| Complete  |  0
|   52|0x0000000716200000, 0x0000000716400000, 0x0000000716400000|100%|HS|  |TAMS 0x0000000716200000| PB 0x0000000716200000| Complete  |  0
|   53|0x0000000716400000, 0x0000000716600000, 0x0000000716600000|100%|HC|  |TAMS 0x0000000716400000| PB 0x0000000716400000| Complete  |  0
|   54|0x0000000716600000, 0x0000000716800000, 0x0000000716800000|100%|HC|  |TAMS 0x0000000716600000| PB 0x0000000716600000| Complete  |  0
|   55|0x0000000716800000, 0x0000000716a00000, 0x0000000716a00000|100%|HC|  |TAMS 0x0000000716800000| PB 0x0000000716800000| Complete  |  0
|   56|0x0000000716a00000, 0x0000000716c00000, 0x0000000716c00000|100%|HC|  |TAMS 0x0000000716a00000| PB 0x0000000716a00000| Complete  |  0
|   57|0x0000000716c00000, 0x0000000716e00000, 0x0000000716e00000|100%|HC|  |TAMS 0x0000000716c00000| PB 0x0000000716c00000| Complete  |  0
|   58|0x0000000716e00000, 0x0000000717000000, 0x0000000717000000|100%|HC|  |TAMS 0x0000000716e00000| PB 0x0000000716e00000| Complete  |  0
|   59|0x0000000717000000, 0x0000000717200000, 0x0000000717200000|100%|HC|  |TAMS 0x0000000717000000| PB 0x0000000717000000| Complete  |  0
|   60|0x0000000717200000, 0x0000000717200000, 0x0000000717400000|  0%| F|  |TAMS 0x0000000717200000| PB 0x0000000717200000| Untracked |  0
|   61|0x0000000717400000, 0x0000000717400000, 0x0000000717600000|  0%| F|  |TAMS 0x0000000717400000| PB 0x0000000717400000| Untracked |  0
|   62|0x0000000717600000, 0x0000000717600000, 0x0000000717800000|  0%| F|  |TAMS 0x0000000717600000| PB 0x0000000717600000| Untracked |  0
|   63|0x0000000717800000, 0x0000000717800000, 0x0000000717a00000|  0%| F|  |TAMS 0x0000000717800000| PB 0x0000000717800000| Untracked |  0
|   64|0x0000000717a00000, 0x0000000717a00000, 0x0000000717c00000|  0%| F|  |TAMS 0x0000000717a00000| PB 0x0000000717a00000| Untracked |  0
|   65|0x0000000717c00000, 0x0000000717c00000, 0x0000000717e00000|  0%| F|  |TAMS 0x0000000717c00000| PB 0x0000000717c00000| Untracked |  0
|   66|0x0000000717e00000, 0x0000000717e00000, 0x0000000718000000|  0%| F|  |TAMS 0x0000000717e00000| PB 0x0000000717e00000| Untracked |  0
|   67|0x0000000718000000, 0x0000000718000000, 0x0000000718200000|  0%| F|  |TAMS 0x0000000718000000| PB 0x0000000718000000| Untracked |  0
|   68|0x0000000718200000, 0x000000071822f790, 0x0000000718400000|  9%| O|  |TAMS 0x0000000718200000| PB 0x0000000718200000| Untracked |  0
|   69|0x0000000718400000, 0x0000000718400000, 0x0000000718600000|  0%| F|  |TAMS 0x0000000718400000| PB 0x0000000718400000| Untracked |  0
|   70|0x0000000718600000, 0x0000000718600000, 0x0000000718800000|  0%| F|  |TAMS 0x0000000718600000| PB 0x0000000718600000| Untracked |  0
|   71|0x0000000718800000, 0x0000000718800000, 0x0000000718a00000|  0%| F|  |TAMS 0x0000000718800000| PB 0x0000000718800000| Untracked |  0
|   72|0x0000000718a00000, 0x0000000718a00000, 0x0000000718c00000|  0%| F|  |TAMS 0x0000000718a00000| PB 0x0000000718a00000| Untracked |  0
|   73|0x0000000718c00000, 0x0000000718c00000, 0x0000000718e00000|  0%| F|  |TAMS 0x0000000718c00000| PB 0x0000000718c00000| Untracked |  0
|   74|0x0000000718e00000, 0x0000000718e00000, 0x0000000719000000|  0%| F|  |TAMS 0x0000000718e00000| PB 0x0000000718e00000| Untracked |  0
|   75|0x0000000719000000, 0x0000000719000000, 0x0000000719200000|  0%| F|  |TAMS 0x0000000719000000| PB 0x0000000719000000| Untracked |  0
|   76|0x0000000719200000, 0x0000000719200000, 0x0000000719400000|  0%| F|  |TAMS 0x0000000719200000| PB 0x0000000719200000| Untracked |  0
|   77|0x0000000719400000, 0x0000000719400000, 0x0000000719600000|  0%| F|  |TAMS 0x0000000719400000| PB 0x0000000719400000| Untracked |  0
|   78|0x0000000719600000, 0x0000000719600000, 0x0000000719800000|  0%| F|  |TAMS 0x0000000719600000| PB 0x0000000719600000| Untracked |  0
|   79|0x0000000719800000, 0x0000000719800000, 0x0000000719a00000|  0%| F|  |TAMS 0x0000000719800000| PB 0x0000000719800000| Untracked |  0
|   80|0x0000000719a00000, 0x0000000719a00000, 0x0000000719c00000|  0%| F|  |TAMS 0x0000000719a00000| PB 0x0000000719a00000| Untracked |  0
|   81|0x0000000719c00000, 0x0000000719c00000, 0x0000000719e00000|  0%| F|  |TAMS 0x0000000719c00000| PB 0x0000000719c00000| Untracked |  0
|   82|0x0000000719e00000, 0x0000000719e00000, 0x000000071a000000|  0%| F|  |TAMS 0x0000000719e00000| PB 0x0000000719e00000| Untracked |  0
|   83|0x000000071a000000, 0x000000071a000000, 0x000000071a200000|  0%| F|  |TAMS 0x000000071a000000| PB 0x000000071a000000| Untracked |  0
|   84|0x000000071a200000, 0x000000071a200000, 0x000000071a400000|  0%| F|  |TAMS 0x000000071a200000| PB 0x000000071a200000| Untracked |  0
|   85|0x000000071a400000, 0x000000071a400000, 0x000000071a600000|  0%| F|  |TAMS 0x000000071a400000| PB 0x000000071a400000| Untracked |  0
|   86|0x000000071a600000, 0x000000071a600000, 0x000000071a800000|  0%| F|  |TAMS 0x000000071a600000| PB 0x000000071a600000| Untracked |  0
|   87|0x000000071a800000, 0x000000071a800000, 0x000000071aa00000|  0%| F|  |TAMS 0x000000071a800000| PB 0x000000071a800000| Untracked |  0
|   88|0x000000071aa00000, 0x000000071aa00000, 0x000000071ac00000|  0%| F|  |TAMS 0x000000071aa00000| PB 0x000000071aa00000| Untracked |  0
|   89|0x000000071ac00000, 0x000000071ac00000, 0x000000071ae00000|  0%| F|  |TAMS 0x000000071ac00000| PB 0x000000071ac00000| Untracked |  0
|   90|0x000000071ae00000, 0x000000071ae00000, 0x000000071b000000|  0%| F|  |TAMS 0x000000071ae00000| PB 0x000000071ae00000| Untracked |  0
|   91|0x000000071b000000, 0x000000071b000000, 0x000000071b200000|  0%| F|  |TAMS 0x000000071b000000| PB 0x000000071b000000| Untracked |  0
|   92|0x000000071b200000, 0x000000071b200000, 0x000000071b400000|  0%| F|  |TAMS 0x000000071b200000| PB 0x000000071b200000| Untracked |  0
|   93|0x000000071b400000, 0x000000071b400000, 0x000000071b600000|  0%| F|  |TAMS 0x000000071b400000| PB 0x000000071b400000| Untracked |  0
|   94|0x000000071b600000, 0x000000071b600000, 0x000000071b800000|  0%| F|  |TAMS 0x000000071b600000| PB 0x000000071b600000| Untracked |  0
|   95|0x000000071b800000, 0x000000071b800000, 0x000000071ba00000|  0%| F|  |TAMS 0x000000071b800000| PB 0x000000071b800000| Untracked |  0
|   96|0x000000071ba00000, 0x000000071badecc0, 0x000000071bc00000| 43%| S|CS|TAMS 0x000000071ba00000| PB 0x000000071ba00000| Complete  |  0
|   97|0x000000071bc00000, 0x000000071bc00000, 0x000000071be00000|  0%| F|  |TAMS 0x000000071bc00000| PB 0x000000071bc00000| Untracked |  0
|   98|0x000000071be00000, 0x000000071be00000, 0x000000071c000000|  0%| F|  |TAMS 0x000000071be00000| PB 0x000000071be00000| Untracked |  0
|   99|0x000000071c000000, 0x000000071c000000, 0x000000071c200000|  0%| F|  |TAMS 0x000000071c000000| PB 0x000000071c000000| Untracked |  0
|  100|0x000000071c200000, 0x000000071c200000, 0x000000071c400000|  0%| F|  |TAMS 0x000000071c200000| PB 0x000000071c200000| Untracked |  0
|  101|0x000000071c400000, 0x000000071c400000, 0x000000071c600000|  0%| F|  |TAMS 0x000000071c400000| PB 0x000000071c400000| Untracked |  0
|  102|0x000000071c600000, 0x000000071c600000, 0x000000071c800000|  0%| F|  |TAMS 0x000000071c600000| PB 0x000000071c600000| Untracked |  0
|  103|0x000000071c800000, 0x000000071c800000, 0x000000071ca00000|  0%| F|  |TAMS 0x000000071c800000| PB 0x000000071c800000| Untracked |  0
|  104|0x000000071ca00000, 0x000000071ca00000, 0x000000071cc00000|  0%| F|  |TAMS 0x000000071ca00000| PB 0x000000071ca00000| Untracked |  0
|  105|0x000000071cc00000, 0x000000071cc00000, 0x000000071ce00000|  0%| F|  |TAMS 0x000000071cc00000| PB 0x000000071cc00000| Untracked |  0
|  106|0x000000071ce00000, 0x000000071ce00000, 0x000000071d000000|  0%| F|  |TAMS 0x000000071ce00000| PB 0x000000071ce00000| Untracked |  0
|  107|0x000000071d000000, 0x000000071d000000, 0x000000071d200000|  0%| F|  |TAMS 0x000000071d000000| PB 0x000000071d000000| Untracked |  0
|  108|0x000000071d200000, 0x000000071d200000, 0x000000071d400000|  0%| F|  |TAMS 0x000000071d200000| PB 0x000000071d200000| Untracked |  0
|  109|0x000000071d400000, 0x000000071d400000, 0x000000071d600000|  0%| F|  |TAMS 0x000000071d400000| PB 0x000000071d400000| Untracked |  0
|  110|0x000000071d600000, 0x000000071d600000, 0x000000071d800000|  0%| F|  |TAMS 0x000000071d600000| PB 0x000000071d600000| Untracked |  0
|  111|0x000000071d800000, 0x000000071d800000, 0x000000071da00000|  0%| F|  |TAMS 0x000000071d800000| PB 0x000000071d800000| Untracked |  0
|  112|0x000000071da00000, 0x000000071da00000, 0x000000071dc00000|  0%| F|  |TAMS 0x000000071da00000| PB 0x000000071da00000| Untracked |  0
|  113|0x000000071dc00000, 0x000000071dc00000, 0x000000071de00000|  0%| F|  |TAMS 0x000000071dc00000| PB 0x000000071dc00000| Untracked |  0
|  114|0x000000071de00000, 0x000000071de00000, 0x000000071e000000|  0%| F|  |TAMS 0x000000071de00000| PB 0x000000071de00000| Untracked |  0
|  115|0x000000071e000000, 0x000000071e000000, 0x000000071e200000|  0%| F|  |TAMS 0x000000071e000000| PB 0x000000071e000000| Untracked |  0
|  116|0x000000071e200000, 0x000000071e200000, 0x000000071e400000|  0%| F|  |TAMS 0x000000071e200000| PB 0x000000071e200000| Untracked |  0
|  117|0x000000071e400000, 0x000000071e400000, 0x000000071e600000|  0%| F|  |TAMS 0x000000071e400000| PB 0x000000071e400000| Untracked |  0
|  118|0x000000071e600000, 0x000000071e600000, 0x000000071e800000|  0%| F|  |TAMS 0x000000071e600000| PB 0x000000071e600000| Untracked |  0
|  119|0x000000071e800000, 0x000000071e800000, 0x000000071ea00000|  0%| F|  |TAMS 0x000000071e800000| PB 0x000000071e800000| Untracked |  0
|  120|0x000000071ea00000, 0x000000071ea00000, 0x000000071ec00000|  0%| F|  |TAMS 0x000000071ea00000| PB 0x000000071ea00000| Untracked |  0
|  121|0x000000071ec00000, 0x000000071ec00000, 0x000000071ee00000|  0%| F|  |TAMS 0x000000071ec00000| PB 0x000000071ec00000| Untracked |  0
|  122|0x000000071ee00000, 0x000000071ee00000, 0x000000071f000000|  0%| F|  |TAMS 0x000000071ee00000| PB 0x000000071ee00000| Untracked |  0
|  123|0x000000071f000000, 0x000000071f000000, 0x000000071f200000|  0%| F|  |TAMS 0x000000071f000000| PB 0x000000071f000000| Untracked |  0
|  124|0x000000071f200000, 0x000000071f200000, 0x000000071f400000|  0%| F|  |TAMS 0x000000071f200000| PB 0x000000071f200000| Untracked |  0
|  125|0x000000071f400000, 0x000000071f400000, 0x000000071f600000|  0%| F|  |TAMS 0x000000071f400000| PB 0x000000071f400000| Untracked |  0
|  126|0x000000071f600000, 0x000000071f600000, 0x000000071f800000|  0%| F|  |TAMS 0x000000071f600000| PB 0x000000071f600000| Untracked |  0
|  127|0x000000071f800000, 0x000000071f800000, 0x000000071fa00000|  0%| F|  |TAMS 0x000000071f800000| PB 0x000000071f800000| Untracked |  0
|  128|0x000000071fa00000, 0x000000071fb034f0, 0x000000071fc00000| 50%| E|CS|TAMS 0x000000071fa00000| PB 0x000000071fa00000| Complete  |  0
|  129|0x000000071fc00000, 0x000000071fe00000, 0x000000071fe00000|100%| E|CS|TAMS 0x000000071fc00000| PB 0x000000071fc00000| Complete  |  0
|  130|0x000000071fe00000, 0x0000000720000000, 0x0000000720000000|100%| E|CS|TAMS 0x000000071fe00000| PB 0x000000071fe00000| Complete  |  0
|  131|0x0000000720000000, 0x0000000720200000, 0x0000000720200000|100%| E|CS|TAMS 0x0000000720000000| PB 0x0000000720000000| Complete  |  0
|  132|0x0000000720200000, 0x0000000720400000, 0x0000000720400000|100%| E|CS|TAMS 0x0000000720200000| PB 0x0000000720200000| Complete  |  0
|  133|0x0000000720400000, 0x0000000720600000, 0x0000000720600000|100%| E|CS|TAMS 0x0000000720400000| PB 0x0000000720400000| Complete  |  0
|  134|0x0000000720600000, 0x0000000720800000, 0x0000000720800000|100%| E|CS|TAMS 0x0000000720600000| PB 0x0000000720600000| Complete  |  0
|  135|0x0000000720800000, 0x0000000720a00000, 0x0000000720a00000|100%| E|CS|TAMS 0x0000000720800000| PB 0x0000000720800000| Complete  |  0
|  136|0x0000000720a00000, 0x0000000720c00000, 0x0000000720c00000|100%| E|CS|TAMS 0x0000000720a00000| PB 0x0000000720a00000| Complete  |  0
|  137|0x0000000720c00000, 0x0000000720e00000, 0x0000000720e00000|100%| E|CS|TAMS 0x0000000720c00000| PB 0x0000000720c00000| Complete  |  0
|  138|0x0000000720e00000, 0x0000000721000000, 0x0000000721000000|100%| E|CS|TAMS 0x0000000720e00000| PB 0x0000000720e00000| Complete  |  0
|  139|0x0000000721000000, 0x0000000721200000, 0x0000000721200000|100%| E|CS|TAMS 0x0000000721000000| PB 0x0000000721000000| Complete  |  0
|  140|0x0000000721200000, 0x0000000721400000, 0x0000000721400000|100%| E|CS|TAMS 0x0000000721200000| PB 0x0000000721200000| Complete  |  0
|  141|0x0000000721400000, 0x0000000721600000, 0x0000000721600000|100%| E|CS|TAMS 0x0000000721400000| PB 0x0000000721400000| Complete  |  0
|  142|0x0000000721600000, 0x0000000721800000, 0x0000000721800000|100%| E|CS|TAMS 0x0000000721600000| PB 0x0000000721600000| Complete  |  0
|  143|0x0000000721800000, 0x0000000721a00000, 0x0000000721a00000|100%| E|CS|TAMS 0x0000000721800000| PB 0x0000000721800000| Complete  |  0
|  144|0x0000000721a00000, 0x0000000721c00000, 0x0000000721c00000|100%| E|CS|TAMS 0x0000000721a00000| PB 0x0000000721a00000| Complete  |  0
|  145|0x0000000721c00000, 0x0000000721e00000, 0x0000000721e00000|100%| E|CS|TAMS 0x0000000721c00000| PB 0x0000000721c00000| Complete  |  0
|  146|0x0000000721e00000, 0x0000000722000000, 0x0000000722000000|100%| E|CS|TAMS 0x0000000721e00000| PB 0x0000000721e00000| Complete  |  0
|  147|0x0000000722000000, 0x0000000722200000, 0x0000000722200000|100%| E|CS|TAMS 0x0000000722000000| PB 0x0000000722000000| Complete  |  0
|  148|0x0000000722200000, 0x0000000722400000, 0x0000000722400000|100%| E|CS|TAMS 0x0000000722200000| PB 0x0000000722200000| Complete  |  0
|  149|0x0000000722400000, 0x0000000722600000, 0x0000000722600000|100%| E|CS|TAMS 0x0000000722400000| PB 0x0000000722400000| Complete  |  0
|  150|0x0000000722600000, 0x0000000722800000, 0x0000000722800000|100%| E|CS|TAMS 0x0000000722600000| PB 0x0000000722600000| Complete  |  0
|  151|0x0000000722800000, 0x0000000722a00000, 0x0000000722a00000|100%| E|CS|TAMS 0x0000000722800000| PB 0x0000000722800000| Complete  |  0
|  152|0x0000000722a00000, 0x0000000722c00000, 0x0000000722c00000|100%| E|CS|TAMS 0x0000000722a00000| PB 0x0000000722a00000| Complete  |  0
|  153|0x0000000722c00000, 0x0000000722e00000, 0x0000000722e00000|100%| E|CS|TAMS 0x0000000722c00000| PB 0x0000000722c00000| Complete  |  0
|  154|0x0000000722e00000, 0x0000000723000000, 0x0000000723000000|100%| E|CS|TAMS 0x0000000722e00000| PB 0x0000000722e00000| Complete  |  0
|  155|0x0000000723000000, 0x0000000723200000, 0x0000000723200000|100%| E|CS|TAMS 0x0000000723000000| PB 0x0000000723000000| Complete  |  0
| 1919|0x00000007ff800000, 0x00000007ff9ff418, 0x00000007ffa00000| 99%| O|  |TAMS 0x00000007ff800000| PB 0x00000007ff800000| Untracked |  0
| 1920|0x00000007ffa00000, 0x00000007ffc00000, 0x00000007ffc00000|100%| O|  |TAMS 0x00000007ffa00000| PB 0x00000007ffa00000| Untracked |  0
| 1921|0x00000007ffc00000, 0x00000007ffe00000, 0x00000007ffe00000|100%| O|  |TAMS 0x00000007ffc00000| PB 0x00000007ffc00000| Untracked |  0
| 1922|0x00000007ffe00000, 0x00000007ffe23460, 0x0000000800000000|  6%| O|  |TAMS 0x00000007ffe00000| PB 0x00000007ffe00000| Untracked |  0

Card table byte_map: [0x00007f927a170000,0x00007f927a8f3000] _byte_map_base: 0x00007f92768f3000
Refinement table byte_map: [0x00007f927a8f3000,0x00007f927b076000] _byte_map_base: 0x00007f9277076000

Marking Bits: (CMBitMap*) 0x00007f929406f2a0
 Bits: [0x00007f9276558000, 0x00007f927a170000)

Polling page: 0x00007f929a272000

Metaspace:
Metaspace        used 89584K, committed 91264K, reserved 1179648K
 class space     used 9603K, committed 10304K, reserved 1048576K

Usage:
  Non-class:     78.11 MB used.
      Class:      9.38 MB used.
       Both:     87.48 MB used.

Virtual space:
  Non-class space:      128.00 MB reserved,      79.06 MB ( 62%) committed,  2 nodes.
      Class space:        1.00 GB reserved,      10.06 MB ( <1%) committed,  1 nodes.
             Both:        1.12 GB reserved,      89.12 MB (  8%) committed. 

Chunk freelists:
   Non-Class:  816.00 KB
       Class:  5.82 MB
        Both:  6.62 MB

MaxMetaspaceSize: unlimited
CompressedClassSpaceSize: 1.00 GB
Initial GC threshold: 21.00 MB
Current GC threshold: 99.06 MB
CDS: on
 - commit_granule_bytes: 65536.
 - commit_granule_words: 8192.
 - virtual_space_node_default_size: 8388608.
 - enlarge_chunks_in_place: 1.
UseCompressedClassPointers 1, UseCompactObjectHeaders 0
Narrow klass pointer bits 32, Max shift 3
Narrow klass base: 0x0000000025000000, Narrow klass shift: 0
Encoding Range: [0x0000000025000000 - 0x0000000125000000), (4294967296 bytes)
Klass Range:    [0x0000000025000000 - 0x0000000066000000), (1090519040 bytes)
Klass ID Range:  [8 - 1090519033) (1090519025)
Protection zone: [0x0000000025000000 - 0x0000000025001000), (4096 bytes)


Internal statistics:

num_allocs_failed_limit: 9.
num_arena_births: 2638.
num_arena_deaths: 0.
num_vsnodes_births: 3.
num_vsnodes_deaths: 0.
num_space_committed: 1424.
num_space_uncommitted: 0.
num_chunks_returned_to_freelist: 9.
num_chunks_taken_from_freelist: 6109.
num_chunk_merges: 6.
num_chunk_splits: 4062.
num_chunks_enlarged: 2779.
num_inconsistent_stats: 0.

CodeHeap 'non-profiled nmethods': size=119168Kb used=8596Kb max_used=8596Kb free=110571Kb
 bounds [0x00007f92839a0000, 0x00007f9284210000, 0x00007f928ae00000]
CodeHeap 'profiled nmethods': size=119168Kb used=27186Kb max_used=27186Kb free=91981Kb
 bounds [0x00007f927bdff000, 0x00007f927d88f000, 0x00007f928325f000]
CodeHeap 'non-nmethods': size=7428Kb used=5242Kb max_used=7065Kb free=2185Kb
 bounds [0x00007f928325f000, 0x00007f928397f000, 0x00007f92839a0000]
CodeCache: size=245764Kb, used=41024Kb, max_used=42847Kb, free=204737Kb
 total_blobs=19277, nmethods=15740, adapters=3418, full_count=0
Compilation: enabled, stopped_count=0, restarted_count=0

Compilation events (20 events):
Event: 414.184 Thread 0x00007f9294111980 nmethod 16100 0x00007f927d887f88 code [0x00007f927d888080, 0x00007f927d8885e8]
Event: 414.466 Thread 0x00007f9294111980 16101       3       java.util.concurrent.CountDownLatch$Sync::tryAcquireShared (13 bytes)
Event: 414.466 Thread 0x00007f9294111980 nmethod 16101 0x00007f927d888608 code [0x00007f927d888700, 0x00007f927d8888f0]
Event: 414.526 Thread 0x00007f9294111980 16103   !   3       java.util.logging.LogManager::ensureLogManagerInitialized (237 bytes)
Event: 414.527 Thread 0x00007f9294111980 nmethod 16103 0x00007f927d888908 code [0x00007f927d888a00, 0x00007f927d88a520]
Event: 414.527 Thread 0x00007f9294111980 16104       1       java.util.concurrent.CopyOnWriteArrayList::setArray (6 bytes)
Event: 414.527 Thread 0x00007f929410ffb0 16105       4       java.util.Properties::getProperty (50 bytes)
Event: 414.527 Thread 0x00007f9294111980 nmethod 16104 0x00007f9284204a88 code [0x00007f9284204b80, 0x00007f9284204c88]
Event: 414.528 Thread 0x00007f9294111980 16106       3       sun.net.util.IPAddressUtil::digit (18 bytes)
Event: 414.528 Thread 0x00007f9294111980 nmethod 16106 0x00007f927d88a588 code [0x00007f927d88a680, 0x00007f927d88a790]
Event: 414.528 Thread 0x00007f9294111980 16107       3       jdk.internal.misc.Unsafe::putShortUnaligned (37 bytes)
Event: 414.528 Thread 0x00007f9294111980 nmethod 16107 0x00007f927d88a888 code [0x00007f927d88a980, 0x00007f927d88aba0]
Event: 414.528 Thread 0x00007f9294111980 16108       1       java.net.InetSocketAddress$InetSocketAddressHolder::getPort (5 bytes)
Event: 414.528 Thread 0x00007f9294111980 nmethod 16108 0x00007f9284204d88 code [0x00007f9284204e80, 0x00007f9284204f30]
Event: 414.529 Thread 0x00007f9294111980 16110       3       java.util.concurrent.ForkJoinTask::trySetCancelled (26 bytes)
Event: 414.529 Thread 0x00007f9294111980 nmethod 16110 0x00007f927d88ac08 code [0x00007f927d88ad00, 0x00007f927d88aee0]
Event: 414.529 Thread 0x00007f9294111980 16109       3       java.util.concurrent.DelayScheduler$ScheduledForkJoinTask::cancel (88 bytes)
Event: 414.529 Thread 0x00007f9294111980 nmethod 16109 0x00007f927d88af08 code [0x00007f927d88b000, 0x00007f927d88b808]
Event: 414.529 Thread 0x00007f9294111980 16111       1       java.net.StandardSocketOptions$StdSocketOption::type (5 bytes)
Event: 414.529 Thread 0x00007f9294111980 nmethod 16111 0x00007f9284205088 code [0x00007f9284205180, 0x00007f9284205230]

GC Heap Usage History (20 events):
Event: 370.353 {heap Before GC invocations=437 (full 0):
 garbage-first heap   total reserved 3938304K, committed 327680K, used 115198K [0x000000070fa00000, 0x0000000800000000)
  region size 2M, 1 eden (2M), 1 survivor (2M), 39 old (78M), 33 humongous (66M), 86 free (172M)
}
Event: 370.355 {heap After GC invocations=438 (full 0):
 garbage-first heap   total reserved 3938304K, committed 327680K, used 49666K [0x000000070fa00000, 0x0000000800000000)
  region size 2M, 0 eden (0M), 1 survivor (2M), 40 old (80M), 1 humongous (2M), 118 free (236M)
}
Event: 370.522 {heap Before GC invocations=438 (full 0):
 garbage-first heap   total reserved 3938304K, committed 327680K, used 98818K [0x000000070fa00000, 0x0000000800000000)
  region size 2M, 1 eden (2M), 1 survivor (2M), 40 old (80M), 25 humongous (50M), 93 free (186M)
}
Event: 370.524 {heap After GC invocations=439 (full 0):
 garbage-first heap   total reserved 3938304K, committed 327680K, used 49668K [0x000000070fa00000, 0x0000000800000000)
  region size 2M, 0 eden (0M), 1 survivor (2M), 40 old (80M), 1 humongous (2M), 118 free (236M)
}
Event: 370.687 {heap Before GC invocations=439 (full 0):
 garbage-first heap   total reserved 3938304K, committed 327680K, used 98820K [0x000000070fa00000, 0x0000000800000000)
  region size 2M, 1 eden (2M), 1 survivor (2M), 40 old (80M), 25 humongous (50M), 93 free (186M)
}
Event: 370.689 {heap After GC invocations=440 (full 0):
 garbage-first heap   total reserved 3938304K, committed 327680K, used 49664K [0x000000070fa00000, 0x0000000800000000)
  region size 2M, 0 eden (0M), 1 survivor (2M), 40 old (80M), 1 humongous (2M), 118 free (236M)
}
Event: 370.853 {heap Before GC invocations=440 (full 0):
 garbage-first heap   total reserved 3938304K, committed 327680K, used 98816K [0x000000070fa00000, 0x0000000800000000)
  region size 2M, 1 eden (2M), 1 survivor (2M), 40 old (80M), 25 humongous (50M), 93 free (186M)
}
Event: 370.855 {heap After GC invocations=441 (full 0):
 garbage-first heap   total reserved 3938304K, committed 327680K, used 49663K [0x000000070fa00000, 0x0000000800000000)
  region size 2M, 0 eden (0M), 1 survivor (2M), 40 old (80M), 1 humongous (2M), 118 free (236M)
}
Event: 371.146 {heap Before GC invocations=441 (full 0):
 garbage-first heap   total reserved 3938304K, committed 327680K, used 174591K [0x000000070fa00000, 0x0000000800000000)
  region size 2M, 38 eden (76M), 1 survivor (2M), 40 old (80M), 25 humongous (50M), 56 free (112M)
}
Event: 371.148 {heap After GC invocations=442 (full 0):
 garbage-first heap   total reserved 3938304K, committed 327680K, used 49668K [0x000000070fa00000, 0x0000000800000000)
  region size 2M, 0 eden (0M), 1 survivor (2M), 40 old (80M), 1 humongous (2M), 118 free (236M)
}
Event: 371.357 {heap Before GC invocations=442 (full 0):
 garbage-first heap   total reserved 3938304K, committed 327680K, used 135684K [0x000000070fa00000, 0x0000000800000000)
  region size 2M, 19 eden (38M), 1 survivor (2M), 40 old (80M), 25 humongous (50M), 75 free (150M)
}
Event: 371.358 {heap After GC invocations=443 (full 0):
 garbage-first heap   total reserved 3938304K, committed 327680K, used 49675K [0x000000070fa00000, 0x0000000800000000)
  region size 2M, 0 eden (0M), 1 survivor (2M), 40 old (80M), 1 humongous (2M), 118 free (236M)
}
Event: 371.610 {heap Before GC invocations=443 (full 0):
 garbage-first heap   total reserved 3938304K, committed 327680K, used 135691K [0x000000070fa00000, 0x0000000800000000)
  region size 2M, 19 eden (38M), 1 survivor (2M), 40 old (80M), 25 humongous (50M), 75 free (150M)
}
Event: 371.612 {heap After GC invocations=444 (full 0):
 garbage-first heap   total reserved 3938304K, committed 327680K, used 49677K [0x000000070fa00000, 0x0000000800000000)
  region size 2M, 0 eden (0M), 1 survivor (2M), 40 old (80M), 1 humongous (2M), 118 free (236M)
}
Event: 371.827 {heap Before GC invocations=444 (full 0):
 garbage-first heap   total reserved 3938304K, committed 327680K, used 135693K [0x000000070fa00000, 0x0000000800000000)
  region size 2M, 19 eden (38M), 1 survivor (2M), 40 old (80M), 25 humongous (50M), 75 free (150M)
}
Event: 371.829 {heap After GC invocations=445 (full 0):
 garbage-first heap   total reserved 3938304K, committed 327680K, used 49688K [0x000000070fa00000, 0x0000000800000000)
  region size 2M, 0 eden (0M), 1 survivor (2M), 40 old (80M), 1 humongous (2M), 118 free (236M)
}
Event: 372.003 {heap Before GC invocations=445 (full 0):
 garbage-first heap   total reserved 3938304K, committed 327680K, used 98840K [0x000000070fa00000, 0x0000000800000000)
  region size 2M, 1 eden (2M), 1 survivor (2M), 40 old (80M), 25 humongous (50M), 93 free (186M)
}
Event: 372.006 {heap After GC invocations=446 (full 0):
 garbage-first heap   total reserved 3938304K, committed 327680K, used 49688K [0x000000070fa00000, 0x0000000800000000)
  region size 2M, 0 eden (0M), 1 survivor (2M), 40 old (80M), 1 humongous (2M), 118 free (236M)
}
Event: 372.460 {heap Before GC invocations=446 (full 0):
 garbage-first heap   total reserved 3938304K, committed 327680K, used 215576K [0x000000070fa00000, 0x0000000800000000)
  region size 2M, 58 eden (116M), 1 survivor (2M), 40 old (80M), 25 humongous (50M), 36 free (72M)
}
Event: 372.462 {heap After GC invocations=447 (full 0):
 garbage-first heap   total reserved 3938304K, committed 327680K, used 50518K [0x000000070fa00000, 0x0000000800000000)
  region size 2M, 0 eden (0M), 1 survivor (2M), 40 old (80M), 1 humongous (2M), 118 free (236M)
}

Metaspace Usage History (20 events):
Event: 370.353 {metaspace Before GC invocations=437 (full 0):
 Metaspace       used 88520K, committed 90240K, reserved 1179648K
  class space    used 9483K, committed 10240K, reserved 1048576K
}
Event: 370.355 {metaspace After GC invocations=438 (full 0):
 Metaspace       used 88520K, committed 90240K, reserved 1179648K
  class space    used 9483K, committed 10240K, reserved 1048576K
}
Event: 370.522 {metaspace Before GC invocations=438 (full 0):
 Metaspace       used 88520K, committed 90240K, reserved 1179648K
  class space    used 9483K, committed 10240K, reserved 1048576K
}
Event: 370.524 {metaspace After GC invocations=439 (full 0):
 Metaspace       used 88520K, committed 90240K, reserved 1179648K
  class space    used 9483K, committed 10240K, reserved 1048576K
}
Event: 370.687 {metaspace Before GC invocations=439 (full 0):
 Metaspace       used 88520K, committed 90240K, reserved 1179648K
  class space    used 9483K, committed 10240K, reserved 1048576K
}
Event: 370.689 {metaspace After GC invocations=440 (full 0):
 Metaspace       used 88520K, committed 90240K, reserved 1179648K
  class space    used 9483K, committed 10240K, reserved 1048576K
}
Event: 370.853 {metaspace Before GC invocations=440 (full 0):
 Metaspace       used 88520K, committed 90240K, reserved 1179648K
  class space    used 9483K, committed 10240K, reserved 1048576K
}
Event: 370.855 {metaspace After GC invocations=441 (full 0):
 Metaspace       used 88520K, committed 90240K, reserved 1179648K
  class space    used 9483K, committed 10240K, reserved 1048576K
}
Event: 371.146 {metaspace Before GC invocations=441 (full 0):
 Metaspace       used 88520K, committed 90240K, reserved 1179648K
  class space    used 9483K, committed 10240K, reserved 1048576K
}
Event: 371.148 {metaspace After GC invocations=442 (full 0):
 Metaspace       used 88520K, committed 90240K, reserved 1179648K
  class space    used 9483K, committed 10240K, reserved 1048576K
}
Event: 371.357 {metaspace Before GC invocations=442 (full 0):
 Metaspace       used 88520K, committed 90240K, reserved 1179648K
  class space    used 9483K, committed 10240K, reserved 1048576K
}
Event: 371.358 {metaspace After GC invocations=443 (full 0):
 Metaspace       used 88520K, committed 90240K, reserved 1179648K
  class space    used 9483K, committed 10240K, reserved 1048576K
}
Event: 371.610 {metaspace Before GC invocations=443 (full 0):
 Metaspace       used 88520K, committed 90240K, reserved 1179648K
  class space    used 9483K, committed 10240K, reserved 1048576K
}
Event: 371.612 {metaspace After GC invocations=444 (full 0):
 Metaspace       used 88520K, committed 90240K, reserved 1179648K
  class space    used 9483K, committed 10240K, reserved 1048576K
}
Event: 371.827 {metaspace Before GC invocations=444 (full 0):
 Metaspace       used 88520K, committed 90240K, reserved 1179648K
  class space    used 9483K, committed 10240K, reserved 1048576K
}
Event: 371.829 {metaspace After GC invocations=445 (full 0):
 Metaspace       used 88520K, committed 90240K, reserved 1179648K
  class space    used 9483K, committed 10240K, reserved 1048576K
}
Event: 372.003 {metaspace Before GC invocations=445 (full 0):
 Metaspace       used 88598K, committed 90304K, reserved 1179648K
  class space    used 9483K, committed 10240K, reserved 1048576K
}
Event: 372.006 {metaspace After GC invocations=446 (full 0):
 Metaspace       used 88598K, committed 90304K, reserved 1179648K
  class space    used 9483K, committed 10240K, reserved 1048576K
}
Event: 372.460 {metaspace Before GC invocations=446 (full 0):
 Metaspace       used 88639K, committed 90368K, reserved 1179648K
  class space    used 9488K, committed 10240K, reserved 1048576K
}
Event: 372.462 {metaspace After GC invocations=447 (full 0):
 Metaspace       used 88639K, committed 90368K, reserved 1179648K
  class space    used 9488K, committed 10240K, reserved 1048576K
}

Dll operation events (20 events):
Event: 1.009 Attempting to load shared library /home/annihilator/dev/mpv/build/libmpv.so.2.5.0
Event: 1.080 Loaded shared library /home/annihilator/dev/mpv/build/libmpv.so.2.5.0
Event: 1.084 Attempting to load shared library /usr/lib/jvm/java-26-openjdk/lib/libsyslookup.so
Event: 1.084 Loaded shared library /usr/lib/jvm/java-26-openjdk/lib/libsyslookup.so
Event: 2.499 Attempting to load shared library libglib-2.0.so.0
Event: 2.499 Loaded shared library libglib-2.0.so.0
Event: 2.512 Attempting to load shared library libwpe-1.0.so.1
Event: 2.513 Loaded shared library libwpe-1.0.so.1
Event: 2.513 Attempting to load shared library libWPEBackend-fdo-1.0.so.1
Event: 2.515 Loaded shared library libWPEBackend-fdo-1.0.so.1
Event: 2.542 Attempting to load shared library libWPEWebKit-2.0.so.1
Event: 2.587 Loaded shared library libWPEWebKit-2.0.so.1
Event: 2.587 Attempting to load shared library libgobject-2.0.so.0
Event: 2.587 Loaded shared library libgobject-2.0.so.0
Event: 3.380 Attempting to load shared library /usr/lib/jvm/java-26-openjdk/lib/libextnet.so
Event: 3.381 Loaded shared library /usr/lib/jvm/java-26-openjdk/lib/libextnet.so
Event: 3.947 Attempting to load shared library /usr/lib/jvm/java-26-openjdk/lib/libprefs.so
Event: 3.947 Loaded shared library /usr/lib/jvm/java-26-openjdk/lib/libprefs.so
Event: 20.977 Attempting to load shared library libwayland-server.so.0
Event: 20.977 Loaded shared library libwayland-server.so.0

Deoptimization events (20 events):
Event: 414.528 Thread 0x00007f9294f91320 Uncommon trap: trap_request=0xffffffc6 fr.pc=0x00007f928408ce6c relative=0x000000000000096c
Event: 414.528 Thread 0x00007f9294f91320 Uncommon trap: reason=bimorphic_or_optimized_type_check action=maybe_recompile pc=0x00007f928408ce6c method=java.util.stream.ReferencePipeline.forEachWithCancel(Ljava/util/Spliterator;Ljava/util/stream/Sink;)Z @ 1 c2
Event: 414.528 Thread 0x00007f9294f91320 DEOPT PACKING pc=0x00007f928408ce6c sp=0x00007f9219a64d30
Event: 414.528 Thread 0x00007f9294f91320 DEOPT UNPACKING pc=0x00007f92833830f9 sp=0x00007f9219a64ae0 mode 2
Event: 414.528 Thread 0x00007f9294f91320 Uncommon trap: trap_request=0xffffffde fr.pc=0x00007f92841e374c relative=0x00000000000013cc
Event: 414.528 Thread 0x00007f9294f91320 Uncommon trap: reason=class_check action=maybe_recompile pc=0x00007f92841e374c method=java.util.TreeMap.put(Ljava/lang/Object;Ljava/lang/Object;Z)Ljava/lang/Object; @ 118 c2
Event: 414.528 Thread 0x00007f9294f91320 DEOPT PACKING pc=0x00007f92841e374c sp=0x00007f9219a64380
Event: 414.528 Thread 0x00007f9294f91320 DEOPT UNPACKING pc=0x00007f92833830f9 sp=0x00007f9219a64340 mode 2
Event: 414.528 Thread 0x00007f9294f91320 Uncommon trap: trap_request=0xffffffde fr.pc=0x00007f9284091e80 relative=0x0000000000000200
Event: 414.528 Thread 0x00007f9294f91320 Uncommon trap: reason=class_check action=maybe_recompile pc=0x00007f9284091e80 method=java.util.concurrent.ForkJoinPool.unmanagedBlock(Ljava/util/concurrent/ForkJoinPool$ManagedBlocker;)V @ 6 c2
Event: 414.528 Thread 0x00007f9294f91320 DEOPT PACKING pc=0x00007f9284091e80 sp=0x00007f9219a64ec0
Event: 414.528 Thread 0x00007f9294f91320 DEOPT UNPACKING pc=0x00007f92833830f9 sp=0x00007f9219a64e10 mode 2
Event: 414.529 Thread 0x0000561c532a2be0 Uncommon trap: trap_request=0xffffff45 fr.pc=0x00007f928410714c relative=0x000000000000044c
Event: 414.529 Thread 0x0000561c532a2be0 Uncommon trap: reason=unstable_if action=reinterpret pc=0x00007f928410714c method=java.util.concurrent.ForkJoinPool.deactivate(Ljava/util/concurrent/ForkJoinPool$WorkQueue;I)I @ 175 c2
Event: 414.529 Thread 0x0000561c532a2be0 DEOPT PACKING pc=0x00007f928410714c sp=0x00007f91884e67b0
Event: 414.529 Thread 0x0000561c532a2be0 DEOPT UNPACKING pc=0x00007f92833830f9 sp=0x00007f91884e66f0 mode 2
Event: 414.529 Thread 0x00007f9253d757a0 Uncommon trap: trap_request=0xffffffde fr.pc=0x00007f92841e374c relative=0x00000000000013cc
Event: 414.529 Thread 0x00007f9253d757a0 Uncommon trap: reason=class_check action=maybe_recompile pc=0x00007f92841e374c method=java.util.TreeMap.put(Ljava/lang/Object;Ljava/lang/Object;Z)Ljava/lang/Object; @ 118 c2
Event: 414.529 Thread 0x00007f9253d757a0 DEOPT PACKING pc=0x00007f92841e374c sp=0x00007f918a9e3c10
Event: 414.529 Thread 0x00007f9253d757a0 DEOPT UNPACKING pc=0x00007f92833830f9 sp=0x00007f918a9e3bd0 mode 2

Classes loaded (20 events):
Event: 372.672 Loading class java/util/function/LongBinaryOperator
Event: 372.672 Loading class java/util/function/LongBinaryOperator done
Event: 372.673 Loading class java/util/concurrent/CompletableFuture$UniHandle
Event: 372.673 Loading class java/util/concurrent/CompletableFuture$UniHandle done
Event: 372.673 Loading class java/util/concurrent/CompletableFuture$UniRelay
Event: 372.674 Loading class java/util/concurrent/CompletableFuture$UniRelay done
Event: 372.674 Loading class java/util/concurrent/CompletableFuture$UniWhenComplete
Event: 372.674 Loading class java/util/concurrent/CompletableFuture$UniWhenComplete done
Event: 372.674 Loading class java/util/concurrent/CompletableFuture$Signaller
Event: 372.675 Loading class java/util/concurrent/CompletableFuture$Signaller done
Event: 414.184 Loading class java/lang/Throwable$WrappedPrintStream
Event: 414.184 Loading class java/lang/Throwable$PrintStreamOrWriter
Event: 414.184 Loading class java/lang/Throwable$PrintStreamOrWriter done
Event: 414.184 Loading class java/lang/Throwable$WrappedPrintStream done
Event: 414.526 Loading class sun/awt/X11/XSystemTrayPeer
Event: 414.527 Loading class java/awt/peer/SystemTrayPeer
Event: 414.527 Loading class java/awt/peer/SystemTrayPeer done
Event: 414.527 Loading class sun/awt/X11/XMSelectionListener
Event: 414.527 Loading class sun/awt/X11/XMSelectionListener done
Event: 414.527 Loading class sun/awt/X11/XSystemTrayPeer done

Classes unloaded (0 events):
No events

Classes redefined (0 events):
No events

Internal exceptions (20 events):
Event: 398.071 Thread 0x00007f929546e7c0 Exception <a 'java/io/IOException'{0x000000072004ece8}> (0x000000072004ece8) 
thrown [/usr/src/debug/java-openjdk/jdk26u-jdk-26.0.2.1-1/src/hotspot/share/prims/jni.cpp, line 514]
Event: 399.071 Thread 0x00007f929546e7c0 Exception <a 'java/io/IOException'{0x000000072005ec20}> (0x000000072005ec20) 
thrown [/usr/src/debug/java-openjdk/jdk26u-jdk-26.0.2.1-1/src/hotspot/share/prims/jni.cpp, line 514]
Event: 400.074 Thread 0x00007f929546e7c0 Exception <a 'java/io/IOException'{0x000000072006ec68}> (0x000000072006ec68) 
thrown [/usr/src/debug/java-openjdk/jdk26u-jdk-26.0.2.1-1/src/hotspot/share/prims/jni.cpp, line 514]
Event: 401.077 Thread 0x00007f929546e7c0 Exception <a 'java/io/IOException'{0x000000072007eba0}> (0x000000072007eba0) 
thrown [/usr/src/debug/java-openjdk/jdk26u-jdk-26.0.2.1-1/src/hotspot/share/prims/jni.cpp, line 514]
Event: 402.080 Thread 0x00007f929546e7c0 Exception <a 'java/io/IOException'{0x000000072008ead8}> (0x000000072008ead8) 
thrown [/usr/src/debug/java-openjdk/jdk26u-jdk-26.0.2.1-1/src/hotspot/share/prims/jni.cpp, line 514]
Event: 403.082 Thread 0x00007f929546e7c0 Exception <a 'java/io/IOException'{0x000000072009ea98}> (0x000000072009ea98) 
thrown [/usr/src/debug/java-openjdk/jdk26u-jdk-26.0.2.1-1/src/hotspot/share/prims/jni.cpp, line 514]
Event: 404.083 Thread 0x00007f929546e7c0 Exception <a 'java/io/IOException'{0x00000007200aebf0}> (0x00000007200aebf0) 
thrown [/usr/src/debug/java-openjdk/jdk26u-jdk-26.0.2.1-1/src/hotspot/share/prims/jni.cpp, line 514]
Event: 405.083 Thread 0x00007f929546e7c0 Exception <a 'java/io/IOException'{0x00000007200bec38}> (0x00000007200bec38) 
thrown [/usr/src/debug/java-openjdk/jdk26u-jdk-26.0.2.1-1/src/hotspot/share/prims/jni.cpp, line 514]
Event: 406.086 Thread 0x00007f929546e7c0 Exception <a 'java/io/IOException'{0x00000007200ced08}> (0x00000007200ced08) 
thrown [/usr/src/debug/java-openjdk/jdk26u-jdk-26.0.2.1-1/src/hotspot/share/prims/jni.cpp, line 514]
Event: 407.087 Thread 0x00007f929546e7c0 Exception <a 'java/io/IOException'{0x00000007200debb8}> (0x00000007200debb8) 
thrown [/usr/src/debug/java-openjdk/jdk26u-jdk-26.0.2.1-1/src/hotspot/share/prims/jni.cpp, line 514]
Event: 408.090 Thread 0x00007f929546e7c0 Exception <a 'java/io/IOException'{0x00000007200eec88}> (0x00000007200eec88) 
thrown [/usr/src/debug/java-openjdk/jdk26u-jdk-26.0.2.1-1/src/hotspot/share/prims/jni.cpp, line 514]
Event: 409.093 Thread 0x00007f929546e7c0 Exception <a 'java/io/IOException'{0x00000007200feb38}> (0x00000007200feb38) 
thrown [/usr/src/debug/java-openjdk/jdk26u-jdk-26.0.2.1-1/src/hotspot/share/prims/jni.cpp, line 514]
Event: 410.096 Thread 0x00007f929546e7c0 Exception <a 'java/io/IOException'{0x000000072010e9e8}> (0x000000072010e9e8) 
thrown [/usr/src/debug/java-openjdk/jdk26u-jdk-26.0.2.1-1/src/hotspot/share/prims/jni.cpp, line 514]
Event: 411.098 Thread 0x00007f929546e7c0 Exception <a 'java/io/IOException'{0x000000072011e920}> (0x000000072011e920) 
thrown [/usr/src/debug/java-openjdk/jdk26u-jdk-26.0.2.1-1/src/hotspot/share/prims/jni.cpp, line 514]
Event: 412.100 Thread 0x00007f929546e7c0 Exception <a 'java/io/IOException'{0x000000072012e7d0}> (0x000000072012e7d0) 
thrown [/usr/src/debug/java-openjdk/jdk26u-jdk-26.0.2.1-1/src/hotspot/share/prims/jni.cpp, line 514]
Event: 413.101 Thread 0x00007f929546e7c0 Exception <a 'java/io/IOException'{0x000000071ff2bd68}> (0x000000071ff2bd68) 
thrown [/usr/src/debug/java-openjdk/jdk26u-jdk-26.0.2.1-1/src/hotspot/share/prims/jni.cpp, line 514]
Event: 414.101 Thread 0x00007f929546e7c0 Exception <a 'java/io/IOException'{0x000000071ff4fdb8}> (0x000000071ff4fdb8) 
thrown [/usr/src/debug/java-openjdk/jdk26u-jdk-26.0.2.1-1/src/hotspot/share/prims/jni.cpp, line 514]
Event: 414.519 Thread 0x00007f929546e7c0 Implicit null exception at 0x00007f9283e94356 to 0x00007f9283e94a78
Event: 414.528 Thread 0x0000561c532a2be0 Exception <a 'java/net/ConnectException'{0x000000071fb00780}> (0x000000071fb00780) 
thrown [/usr/src/debug/java-openjdk/jdk26u-jdk-26.0.2.1-1/src/hotspot/share/prims/jni.cpp, line 514]
Event: 414.529 Thread 0x0000561c532a2be0 Exception <a 'java/net/ConnectException'{0x000000071fb01c40}> (0x000000071fb01c40) 
thrown [/usr/src/debug/java-openjdk/jdk26u-jdk-26.0.2.1-1/src/hotspot/share/prims/jni.cpp, line 514]

VM Operations (20 events):
Event: 370.524 Executing safepoint VM operation: G1TryInitiateConcMark (G1 Humongous Allocation) done
Event: 370.687 Executing safepoint VM operation: G1TryInitiateConcMark (G1 Humongous Allocation)
Event: 370.689 Executing safepoint VM operation: G1TryInitiateConcMark (G1 Humongous Allocation) done
Event: 370.853 Executing safepoint VM operation: G1TryInitiateConcMark (G1 Humongous Allocation)
Event: 370.855 Executing safepoint VM operation: G1TryInitiateConcMark (G1 Humongous Allocation) done
Event: 371.146 Executing safepoint VM operation: G1TryInitiateConcMark (G1 Humongous Allocation)
Event: 371.148 Executing safepoint VM operation: G1TryInitiateConcMark (G1 Humongous Allocation) done
Event: 371.357 Executing safepoint VM operation: G1TryInitiateConcMark (G1 Humongous Allocation)
Event: 371.358 Executing safepoint VM operation: G1TryInitiateConcMark (G1 Humongous Allocation) done
Event: 371.610 Executing safepoint VM operation: G1TryInitiateConcMark (G1 Humongous Allocation)
Event: 371.612 Executing safepoint VM operation: G1TryInitiateConcMark (G1 Humongous Allocation) done
Event: 371.827 Executing safepoint VM operation: G1TryInitiateConcMark (G1 Humongous Allocation)
Event: 371.829 Executing safepoint VM operation: G1TryInitiateConcMark (G1 Humongous Allocation) done
Event: 372.003 Executing safepoint VM operation: G1TryInitiateConcMark (G1 Humongous Allocation)
Event: 372.006 Executing safepoint VM operation: G1TryInitiateConcMark (G1 Humongous Allocation) done
Event: 372.460 Executing safepoint VM operation: G1TryInitiateConcMark (G1 Humongous Allocation)
Event: 372.462 Executing safepoint VM operation: G1TryInitiateConcMark (G1 Humongous Allocation) done
Event: 414.518 Executing non-safepoint VM operation: HandshakeAllThreads (CloseScopedMemory)
Event: 414.518 Executing non-safepoint VM operation: HandshakeAllThreads (CloseScopedMemory) done
Event: 414.530 Executing safepoint VM operation: Exit

Memory protections (20 events):
Event: 286.025 Protecting memory [0x00007f918b97a000,0x00007f918b97e000] with protection modes 0
Event: 286.025 Protecting memory [0x00007f918b879000,0x00007f918b87d000] with protection modes 0
Event: 286.025 Protecting memory [0x00007f918b778000,0x00007f918b77c000] with protection modes 0
Event: 300.377 Protecting memory [0x00007f918b879000,0x00007f918b87d000] with protection modes 0
Event: 300.893 Protecting memory [0x00007f918b778000,0x00007f918b77c000] with protection modes 0
Event: 333.357 Protecting memory [0x00007f91888ed000,0x00007f91888f1000] with protection modes 0
Event: 333.357 Protecting memory [0x00007f9265ff9000,0x00007f9265ffd000] with protection modes 0
Event: 333.357 Protecting memory [0x00007f91886eb000,0x00007f91886ef000] with protection modes 0
Event: 333.357 Protecting memory [0x00007f918b879000,0x00007f918b87d000] with protection modes 0
Event: 333.358 Protecting memory [0x00007f918b778000,0x00007f918b77c000] with protection modes 0
Event: 333.358 Protecting memory [0x00007f918b97a000,0x00007f918b97e000] with protection modes 0
Event: 338.977 Protecting memory [0x00007f9219c0c000,0x00007f9219c10000] with protection modes 0
Event: 340.398 Protecting memory [0x00007f9219c0c000,0x00007f9219c10000] with protection modes 0
Event: 372.675 Protecting memory [0x00007f918a8e6000,0x00007f918a8ea000] with protection modes 0
Event: 374.344 Protecting memory [0x00007f918a5e5000,0x00007f918a5e9000] with protection modes 0
Event: 414.159 Protecting memory [0x00007f9219c0c000,0x00007f9219c10000] with protection modes 0
Event: 414.526 Protecting memory [0x00007f9219c0c000,0x00007f9219c10000] with protection modes 0
Event: 414.526 Protecting memory [0x00007f926493e000,0x00007f9264942000] with protection modes 0
Event: 414.526 Protecting memory [0x00007f926483d000,0x00007f9264841000] with protection modes 0
Event: 414.527 Protecting memory [0x00007f9219967000,0x00007f921996b000] with protection modes 0

Nmethod flushes (20 events):
Event: 4.448 Thread 0x00007f92940ff990 flushing  nmethod 0x00007f927bea6508
Event: 4.448 Thread 0x00007f92940ff990 flushing  nmethod 0x00007f927bea7388
Event: 4.448 Thread 0x00007f92940ff990 flushing  nmethod 0x00007f927bea8208
Event: 4.448 Thread 0x00007f92940ff990 flushing  nmethod 0x00007f927bed8788
Event: 4.448 Thread 0x00007f92940ff990 flushing  nmethod 0x00007f927bed8e88
Event: 4.448 Thread 0x00007f92940ff990 flushing  nmethod 0x00007f927bedd288
Event: 4.448 Thread 0x00007f92940ff990 flushing  nmethod 0x00007f927bedd588
Event: 4.448 Thread 0x00007f92940ff990 flushing  nmethod 0x00007f927bf16508
Event: 4.448 Thread 0x00007f92940ff990 flushing  nmethod 0x00007f927bf16988
Event: 4.448 Thread 0x00007f92940ff990 flushing  nmethod 0x00007f927bfb2a88
Event: 4.448 Thread 0x00007f92940ff990 flushing  nmethod 0x00007f927bfb3888
Event: 4.448 Thread 0x00007f92940ff990 flushing  nmethod 0x00007f927c033208
Event: 4.448 Thread 0x00007f92940ff990 flushing  nmethod 0x00007f927c078708
Event: 4.448 Thread 0x00007f92940ff990 flushing osr nmethod 0x00007f927c186708
Event: 4.448 Thread 0x00007f92940ff990 flushing  nmethod 0x00007f927c1f9f08
Event: 4.448 Thread 0x00007f92940ff990 flushing  nmethod 0x00007f927c1fa508
Event: 4.448 Thread 0x00007f92940ff990 flushing  nmethod 0x00007f927c1fa808
Event: 4.448 Thread 0x00007f92940ff990 flushing  nmethod 0x00007f927c1fab08
Event: 4.448 Thread 0x00007f92940ff990 flushing  nmethod 0x00007f927c1fae88
Event: 4.448 Thread 0x00007f92940ff990 flushing  nmethod 0x00007f927c1fcb88

Events (20 events):
Event: 393.358 Thread 0x00007f92601027d0 Thread exited: 0x00007f92601027d0
Event: 393.458 Thread 0x00007f923c06e600 Thread exited: 0x00007f923c06e600
Event: 400.521 Thread 0x00007f92343ee1e0 Thread exited: 0x00007f92343ee1e0
Event: 400.521 Thread 0x00007f924c30b4e0 Thread exited: 0x00007f924c30b4e0
Event: 404.225 Thread 0x00007f92958b6930 Thread exited: 0x00007f92958b6930
Event: 414.159 Thread 0x00007f92940200e0 Thread added: 0x00007f9295d7f560
Event: 414.164 Thread 0x00007f92956763c0 Thread exited: 0x00007f92956763c0
Event: 414.510 Thread 0x00007f9295578d40 Thread exited: 0x00007f9295578d40
Event: 414.519 Thread 0x00007f9295d7f560 Thread exited: 0x00007f9295d7f560
Event: 414.526 Thread 0x00007f92940200e0 Thread added: 0x00007f92956763c0
Event: 414.526 Thread 0x00007f92940200e0 Thread added: 0x00007f929480bbf0
Event: 414.526 Thread 0x00007f92940200e0 Thread added: 0x00007f9294a29e70
Event: 414.527 Thread 0x00007f92940200e0 Thread added: 0x00007f9294f91320
Event: 414.527 Thread 0x00007f923c608350 Thread exited: 0x00007f923c608350
Event: 414.527 Thread 0x00007f9294a29e70 Thread exited: 0x00007f9294a29e70
Event: 414.527 Thread 0x00007f929480bbf0 Thread exited: 0x00007f929480bbf0
Event: 414.528 Thread 0x00007f92956763c0 Thread exited: 0x00007f92956763c0
Event: 414.529 Thread 0x00007f9294f91320 Thread exited: 0x00007f9294f91320
Event: 414.529 Thread 0x00007f92940200e0 Before exit entered
Event: 414.529 Thread 0x00007f92940200e0 JVMTI - enter dead phase


Dynamic libraries:
25000000-25001000 ---p 00000000 00:00 0 
25001000-25da7000 rw-p 00001000 103:02 7880813                           /usr/lib/jvm/java-26-openjdk/lib/server/classes.jsa
25da7000-26000000 ---p 00000000 00:00 0 
26000000-26040000 rw-p 00000000 00:00 0 
26040000-260c0000 rw-p 00000000 00:00 0 
260c0000-26100000 rw-p 00000000 00:00 0 
26100000-26380000 rw-p 00000000 00:00 0 
26380000-26400000 rw-p 00000000 00:00 0 
26400000-26460000 rw-p 00000000 00:00 0 
26460000-264c0000 rw-p 00000000 00:00 0 
264c0000-26500000 rw-p 00000000 00:00 0 
26500000-265c0000 rw-p 00000000 00:00 0 
265c0000-26600000 rw-p 00000000 00:00 0 
26600000-269e0000 rw-p 00000000 00:00 0 
269e0000-26a00000 ---p 00000000 00:00 0 
26a00000-26a30000 rw-p 00000000 00:00 0 
26a30000-66000000 ---p 00000000 00:00 0 
66000000-660ac000 rw-p 00000000 00:00 0 
660ac000-660ae000 r-xs 00000000 00:01 711894                             /memfd:/.glXXXXXX (deleted)
200000000-300200000 ---p 00000000 00:00 0 
70fa00000-723200000 rw-p 00000000 00:00 0 
723200000-7ff800000 ---p 00000000 00:00 0 
7ff800000-800000000 rw-p 00000000 00:00 0 
561c39df7000-561c39df8000 r--p 00000000 103:02 7876111                   /usr/lib/jvm/java-26-openjdk/bin/java
561c39df8000-561c39df9000 r-xp 00001000 103:02 7876111                   /usr/lib/jvm/java-26-openjdk/bin/java
561c39df9000-561c39dfa000 r--p 00002000 103:02 7876111                   /usr/lib/jvm/java-26-openjdk/bin/java
561c39dfa000-561c39dfb000 r--p 00002000 103:02 7876111                   /usr/lib/jvm/java-26-openjdk/bin/java
561c39dfb000-561c39dfc000 rw-p 00003000 103:02 7876111                   /usr/lib/jvm/java-26-openjdk/bin/java
561c51e9d000-561c5ac31000 rw-p 00000000 00:00 0                          [heap]
7f7e00000000-7f7e01000000 rw-p 00000000 00:00 0 
7f7e01000000-7f7e01400000 rw-p 00000000 00:00 0 
7f7e01400000-7f7f00000000 rw-p 00000000 00:00 0 
7f8000000000-7f8fd01e1000 rw-p 00000000 00:00 0 
7f8fd01e1000-7f9000000000 ---p 00000000 00:00 0 
7f904c000000-7f904e3bd000 rw-p 00000000 00:00 0 
7f904e3bd000-7f9050000000 ---p 00000000 00:00 0 
7f9058000000-7f905859c000 rw-p 00000000 00:00 0 
7f905859c000-7f905c000000 ---p 00000000 00:00 0 
7f906c000000-7f906ffed000 rw-p 00000000 00:00 0 
7f906ffed000-7f9070000000 ---p 00000000 00:00 0 
7f9070000000-7f9074000000 rw-p 00000000 00:00 0 
7f9074000000-7f9077ffa000 rw-p 00000000 00:00 0 
7f9077ffa000-7f9078000000 ---p 00000000 00:00 0 
7f907c000000-7f907ffe0000 rw-p 00000000 00:00 0 
7f907ffe0000-7f9080000000 ---p 00000000 00:00 0 
7f9084000000-7f9088000000 rw-p 00000000 00:00 0 
7f908c000000-7f908fff7000 rw-p 00000000 00:00 0 
7f908fff7000-7f9090000000 ---p 00000000 00:00 0 
7f9094000000-7f9097feb000 rw-p 00000000 00:00 0 
7f9097feb000-7f9098000000 ---p 00000000 00:00 0 
7f9098000000-7f909bffc000 rw-p 00000000 00:00 0 
7f909bffc000-7f909c000000 ---p 00000000 00:00 0 
7f909c000000-7f909ffea000 rw-p 00000000 00:00 0 
7f909ffea000-7f90a0000000 ---p 00000000 00:00 0 
7f90a0000000-7f90a3ff8000 rw-p 00000000 00:00 0 
7f90a3ff8000-7f90a4000000 ---p 00000000 00:00 0 
7f90a4000000-7f90a7fb9000 rw-p 00000000 00:00 0 
7f90a7fb9000-7f90a8000000 ---p 00000000 00:00 0 
7f90ac000000-7f90affe8000 rw-p 00000000 00:00 0 
7f90affe8000-7f90b0000000 ---p 00000000 00:00 0 
7f90b0000000-7f90b4000000 rw-p 00000000 00:00 0 
7f90b4000000-7f90b8000000 rw-p 00000000 00:00 0 
7f90bc000000-7f90bffe8000 rw-p 00000000 00:00 0 
7f90bffe8000-7f90c0000000 ---p 00000000 00:00 0 
7f90c0000000-7f90c3fe8000 rw-p 00000000 00:00 0 
7f90c3fe8000-7f90c4000000 ---p 00000000 00:00 0 
7f90c4000000-7f90c7fea000 rw-p 00000000 00:00 0 
7f90c7fea000-7f90c8000000 ---p 00000000 00:00 0 
7f90c8000000-7f90cbfaf000 rw-p 00000000 00:00 0 
7f90cbfaf000-7f90cc000000 ---p 00000000 00:00 0 
7f90cc000000-7f90cffca000 rw-p 00000000 00:00 0 
7f90cffca000-7f90d0000000 ---p 00000000 00:00 0 
7f90d4000000-7f90d7fe7000 rw-p 00000000 00:00 0 
7f90d7fe7000-7f90d8000000 ---p 00000000 00:00 0 
7f90d8000000-7f90dc000000 rw-p 00000000 00:00 0 
7f90dc000000-7f90dffe8000 rw-p 00000000 00:00 0 
7f90dffe8000-7f90e0000000 ---p 00000000 00:00 0 
7f90e0000000-7f90e3fd6000 rw-p 00000000 00:00 0 
7f90e3fd6000-7f90e4000000 ---p 00000000 00:00 0 
7f90e4000000-7f90e7ff0000 rw-p 00000000 00:00 0 
7f90e7ff0000-7f90e8000000 ---p 00000000 00:00 0 
7f90ec000000-7f90f0000000 rw-p 00000000 00:00 0 
7f90f4000000-7f90f7fb3000 rw-p 00000000 00:00 0 
7f90f7fb3000-7f90f8000000 ---p 00000000 00:00 0 
7f90fc000000-7f90fffe6000 rw-p 00000000 00:00 0 
7f90fffe6000-7f9100000000 ---p 00000000 00:00 0 
7f9104000000-7f9107ff9000 rw-p 00000000 00:00 0 
7f9107ff9000-7f9108000000 ---p 00000000 00:00 0 
7f910c000000-7f910fff4000 rw-p 00000000 00:00 0 
7f910fff4000-7f9110000000 ---p 00000000 00:00 0 
7f9110000000-7f9114000000 rw-p 00000000 00:00 0 
7f9114000000-7f9117fdb000 rw-p 00000000 00:00 0 
7f9117fdb000-7f9118000000 ---p 00000000 00:00 0 
7f911c000000-7f911ffcf000 rw-p 00000000 00:00 0 
7f911ffcf000-7f9120000000 ---p 00000000 00:00 0 
7f9124000000-7f9127ffc000 rw-p 00000000 00:00 0 
7f9127ffc000-7f9128000000 ---p 00000000 00:00 0 
7f9128000000-7f912c000000 rw-p 00000000 00:00 0 
7f912c000000-7f9130000000 rw-p 00000000 00:00 0 
7f9134000000-7f9137fce000 rw-p 00000000 00:00 0 
7f9137fce000-7f9138000000 ---p 00000000 00:00 0 
7f9164000000-7f9167fe1000 rw-p 00000000 00:00 0 
7f9167fe1000-7f9168000000 ---p 00000000 00:00 0 
7f9168000000-7f9168400000 rw-s 00000000 00:07 1110                       /dev/nvidiactl
7f9169400000-7f916944f000 r--p 00000000 103:02 4834735                   /usr/lib/libnvidia-rtcore.so.610.57.04
7f916944f000-7f916a1ba000 r-xp 0004f000 103:02 4834735                   /usr/lib/libnvidia-rtcore.so.610.57.04
7f916a1ba000-7f916bdb6000 r--p 00dba000 103:02 4834735                   /usr/lib/libnvidia-rtcore.so.610.57.04
7f916bdb6000-7f916bdd7000 r--p 029b5000 103:02 4834735                   /usr/lib/libnvidia-rtcore.so.610.57.04
7f916bdd7000-7f916becd000 rw-p 029d6000 103:02 4834735                   /usr/lib/libnvidia-rtcore.so.610.57.04
7f916becd000-7f916bf14000 rw-p 00000000 00:00 0 
7f916c000000-7f916f6c0000 rw-p 00000000 00:00 0 
7f916f6c0000-7f9170000000 ---p 00000000 00:00 0 
7f9170060000-7f9170460000 rw-s 00000000 00:07 1110                       /dev/nvidiactl
7f9170460000-7f9170860000 rw-s 00000000 00:07 1110                       /dev/nvidiactl
7f917effc000-7f917f7fd000 rw-p 00000000 00:00 0 
7f917f7fd000-7f917fbfd000 rw-s 00000000 00:07 1110                       /dev/nvidiactl
7f917fbfd000-7f91803fe000 rw-p 00000000 00:00 0 
7f9181000000-7f9181356000 rw-s 00000000 00:01 713777                     /memfd:mesa-shared (deleted)
7f9181400000-7f9181e2e000 r--p 00000000 103:02 5649983                   /usr/share/fonts/noto/NotoColorEmoji.ttf
7f9181f5c000-7f9182000000 r--p 00000000 103:02 5652750                   /usr/share/fonts/noto/NotoSansSymbols2-Regular.ttf
7f9182000000-7f9182a2e000 r--p 00000000 103:02 5649983                   /usr/share/fonts/noto/NotoColorEmoji.ttf
7f9182a56000-7f9182af1000 r--p 00000000 103:02 5641617                   /usr/share/fonts/noto/NotoSans-Bold.ttf
7f9182af1000-7f9182ef1000 rw-s 00000000 00:07 1110                       /dev/nvidiactl
7f9182ef1000-7f91830f1000 rw-s 00000000 00:07 1110                       /dev/nvidiactl
7f91832f3000-7f91832f4000 rw-p 00000000 00:00 0 
7f91832f4000-7f91832f8000 ---p 00000000 00:00 0 
7f91832f8000-7f91833f4000 rw-p 00000000 00:00 0 
7f91834f5000-7f91834f6000 rw-p 00000000 00:00 0 
7f91834f6000-7f91834fa000 ---p 00000000 00:00 0 
7f91834fa000-7f91835f7000 rw-p 00000000 00:00 0 
7f91835f7000-7f91835fb000 ---p 00000000 00:00 0 
7f91835fb000-7f91836f8000 rw-p 00000000 00:00 0 
7f91836f8000-7f91836fc000 ---p 00000000 00:00 0 
7f91836fc000-7f91837f9000 rw-p 00000000 00:00 0 
7f91837f9000-7f91837fd000 ---p 00000000 00:00 0 
7f91837fd000-7f91838fa000 rw-p 00000000 00:00 0 
7f91838fa000-7f91838fe000 ---p 00000000 00:00 0 
7f91838fe000-7f91839fb000 rw-p 00000000 00:00 0 
7f91839fb000-7f91839ff000 ---p 00000000 00:00 0 
7f91839ff000-7f9183afc000 rw-p 00000000 00:00 0 
7f9183afc000-7f9183b00000 ---p 00000000 00:00 0 
7f9183b00000-7f9183bfd000 rw-p 00000000 00:00 0 
7f9183bfd000-7f9183c01000 ---p 00000000 00:00 0 
7f9183c01000-7f9183cfe000 rw-p 00000000 00:00 0 
7f9183cfe000-7f9183d02000 ---p 00000000 00:00 0 
7f9183d02000-7f9183dff000 rw-p 00000000 00:00 0 
7f9183dff000-7f9183e03000 ---p 00000000 00:00 0 
7f9183e03000-7f9183f00000 rw-p 00000000 00:00 0 
7f9183f00000-7f9183f04000 ---p 00000000 00:00 0 
7f9183f04000-7f9184000000 rw-p 00000000 00:00 0 
7f9184000000-7f9184600000 rw-p 00000000 00:00 0 
7f9184600000-7f9184d80000 rw-p 00000000 00:00 0 
7f9184d80000-7f9184dd0000 rw-p 00000000 00:00 0 
7f9184dd0000-7f9184e00000 ---p 00000000 00:00 0 
7f9184e00000-7f9184f40000 rw-p 00000000 00:00 0 
7f9184f40000-7f9188000000 ---p 00000000 00:00 0 
7f91882e2000-7f91882e7000 rw-p 00000000 00:00 0 
7f9188367000-7f91883e7000 rw-s 00000000 00:07 1110                       /dev/nvidiactl
7f91883e7000-7f91883e8000 rw-p 00000000 00:00 0 
7f91883e8000-7f91883ec000 ---p 00000000 00:00 0 
7f91883ec000-7f91884e8000 rw-p 00000000 00:00 0 
7f91885e9000-7f91885ea000 rw-p 00000000 00:00 0 
7f91885ea000-7f91885ee000 ---p 00000000 00:00 0 
7f91885ee000-7f91886eb000 rw-p 00000000 00:00 0 
7f91886eb000-7f91886ef000 ---p 00000000 00:00 0 
7f91886ef000-7f91887ec000 rw-p 00000000 00:00 0 
7f91887ec000-7f91887f0000 ---p 00000000 00:00 0 
7f91887f0000-7f91888ed000 rw-p 00000000 00:00 0 
7f91888ed000-7f91888f1000 ---p 00000000 00:00 0 
7f91888f1000-7f91889ee000 rw-p 00000000 00:00 0 
7f91889ee000-7f91889f2000 ---p 00000000 00:00 0 
7f91889f2000-7f9188aef000 rw-p 00000000 00:00 0 
7f9188aef000-7f9188af3000 ---p 00000000 00:00 0 
7f9188af3000-7f9188bf0000 rw-p 00000000 00:00 0 
7f9188bf0000-7f9188bf4000 ---p 00000000 00:00 0 
7f9188bf4000-7f9188cf0000 rw-p 00000000 00:00 0 
7f9188ef2000-7f9188ef3000 rw-p 00000000 00:00 0 
7f9188ef3000-7f9188ef7000 ---p 00000000 00:00 0 
7f9188ef7000-7f9188ff4000 rw-p 00000000 00:00 0 
7f9188ff4000-7f9188ff8000 ---p 00000000 00:00 0 
7f9188ff8000-7f91890f4000 rw-p 00000000 00:00 0 
7f91895f9000-7f91895fa000 rw-p 00000000 00:00 0 
7f91895fa000-7f91895fe000 ---p 00000000 00:00 0 
7f91895fe000-7f91896fa000 rw-p 00000000 00:00 0 
7f91898fc000-7f918a0fe000 rw-p 00000000 00:00 0 
7f918a0fe000-7f918a102000 ---p 00000000 00:00 0 
7f918a102000-7f918a1ff000 rw-p 00000000 00:00 0 
7f918a1ff000-7f918a203000 ---p 00000000 00:00 0 
7f918a203000-7f918a2ff000 rw-p 00000000 00:00 0 
7f918a400000-7f918a401000 rw-p 00000000 00:00 0 
7f918a401000-7f918a40f000 rw-p 00000000 00:00 0 
7f918a44b000-7f918a4e3000 r--p 00000000 103:02 5641624                   /usr/share/fonts/noto/NotoSans-Regular.ttf
7f918a4e3000-7f918a4e4000 rw-p 00000000 00:00 0 
7f918a4e4000-7f918a4e8000 ---p 00000000 00:00 0 
7f918a4e8000-7f918a5e4000 rw-p 00000000 00:00 0 
7f918a6e5000-7f918a79f000 r--p 00000000 103:02 5131297                   /usr/share/fonts/TTF/DejaVuSans.ttf
7f918a79f000-7f918a837000 r--p 00000000 103:02 5641622                   /usr/share/fonts/noto/NotoSans-Medium.ttf
7f918a837000-7f918a8e5000 r--p 00000000 103:02 5131293                   /usr/share/fonts/TTF/DejaVuSans-Bold.ttf
7f918a8e5000-7f918a8e6000 rw-p 00000000 00:00 0 
7f918a8e6000-7f918a8ea000 ---p 00000000 00:00 0 
7f918a8ea000-7f918a9e6000 rw-p 00000000 00:00 0 
7f918aae7000-7f918aee7000 rw-s 00000000 00:07 1110                       /dev/nvidiactl
7f918aee7000-7f918b6e8000 rw-p 00000000 00:00 0 
7f918b6fc000-7f918b711000 r--p 00000000 103:02 5509699                   /usr/share/fonts/gsfonts/NimbusSans-Bold.otf
7f918b711000-7f918b777000 r--p 00000000 103:02 5013908                   /usr/share/fonts/liberation/LiberationSans-Bold.ttf
7f918b777000-7f918b778000 rw-p 00000000 00:00 0 
7f918b778000-7f918b77c000 ---p 00000000 00:00 0 
7f918b77c000-7f918b879000 rw-p 00000000 00:00 0 
7f918b879000-7f918b87d000 ---p 00000000 00:00 0 
7f918b87d000-7f918b97a000 rw-p 00000000 00:00 0 
7f918b97a000-7f918b97e000 ---p 00000000 00:00 0 
7f918b97e000-7f918ba7a000 rw-p 00000000 00:00 0 
7f918ba7a000-7f918ba7d000 r--p 00000000 103:02 4720955                   /usr/lib/libnss_resolve.so.2
7f918ba7d000-7f918bab0000 r-xp 00003000 103:02 4720955                   /usr/lib/libnss_resolve.so.2
7f918bab0000-7f918bac8000 r--p 00036000 103:02 4720955                   /usr/lib/libnss_resolve.so.2
7f918bac8000-7f918bacf000 r--p 0004e000 103:02 4720955                   /usr/lib/libnss_resolve.so.2
7f918bacf000-7f918bad0000 rw-p 00055000 103:02 4720955                   /usr/lib/libnss_resolve.so.2
7f918bad0000-7f918bad4000 r--p 00000000 103:02 4720953                   /usr/lib/libnss_mymachines.so.2
7f918bad4000-7f918bb25000 r-xp 00004000 103:02 4720953                   /usr/lib/libnss_mymachines.so.2
7f918bb25000-7f918bb3f000 r--p 00055000 103:02 4720953                   /usr/lib/libnss_mymachines.so.2
7f918bb3f000-7f918bb42000 r--p 0006f000 103:02 4720953                   /usr/lib/libnss_mymachines.so.2
7f918bb42000-7f918bb43000 rw-p 00072000 103:02 4720953                   /usr/lib/libnss_mymachines.so.2
7f918bb43000-7f918bc43000 rw-s 00000000 00:07 1110                       /dev/nvidiactl
7f918bc43000-7f918bc56000 rw-s 00000000 00:07 1110                       /dev/nvidiactl
7f918bc56000-7f918bc96000 rw-s 00000000 00:07 1110                       /dev/nvidiactl
7f918bc96000-7f918bcb6000 rw-s 00000000 00:07 1110                       /dev/nvidiactl
7f918bcb6000-7f918bcf6000 rw-s 00000000 00:07 1110                       /dev/nvidiactl
7f918bcf6000-7f918c4f7000 rw-p 00000000 00:00 0 
7f918c4f7000-7f918c6f7000 rw-s 00000000 00:07 1112                       /dev/nvidia0
7f918c6f7000-7f918c8f7000 rw-s 00000000 00:07 1110                       /dev/nvidiactl
7f918c8f7000-7f918caf7000 rw-s 00000000 00:07 1110                       /dev/nvidiactl
7f918cdf8000-7f918fdfe000 rw-p 00000000 00:00 0 
7f918fdfe000-7f918fdff000 ---p 00000000 00:00 0 
7f918fdff000-7f918fe08000 rwxp 00000000 00:00 0 
7f918fe08000-7f918fe28000 rwxp 00000000 00:00 0 
7f918fe28000-7f91cfdff000 rwxp 00000000 00:00 0 
7f91cfdff000-7f91cfe00000 ---p 00000000 00:00 0 
7f91cfe00000-7f91d0023000 rw-p 00000000 00:00 0 
7f91d0023000-7f91d0040000 rw-p 00000000 00:00 0 
7f91d0040000-7f91d0042000 rw-p 00000000 00:00 0 
7f91d0042000-7f91d0060000 rw-p 00000000 00:00 0 
7f91d0060000-7f91d0080000 rw-p 00000000 00:00 0 
7f91d0080000-7f91d00a0000 rw-p 00000000 00:00 0 
7f91d00a0000-7f91d00c0000 rw-p 00000000 00:00 0 
7f91d00c0000-7f91d0140000 rw-p 00000000 00:00 0 
7f91d0140000-7f91d0406000 rw-p 00000000 00:00 0 
7f91d0406000-7f91d0800000 rw-p 00000000 00:00 0 
7f91d0800000-7f91d2050000 rw-p 00000000 00:00 0 
7f91d2050000-7f91d2054000 rw-p 00000000 00:00 0 
7f91d2054000-7f91d2080000 rw-p 00000000 00:00 0 
7f91d2080000-7f91d2084000 rw-p 00000000 00:00 0 
7f91d2084000-7f91d208c000 rw-p 00000000 00:00 0 
7f91d208c000-7f91d2090000 rw-p 00000000 00:00 0 
7f91d2090000-7f91d20a0000 rw-p 00000000 00:00 0 
7f91d20a0000-7f91d20a4000 rw-p 00000000 00:00 0 
7f91d20a4000-7f91d20b0000 rw-p 00000000 00:00 0 
7f91d20b0000-7f91d20b4000 rw-p 00000000 00:00 0 
7f91d20b4000-7f91d20c0000 rw-p 00000000 00:00 0 
7f91d20c0000-7f91d20d0000 rw-p 00000000 00:00 0 
7f91d20d0000-7f91d20e0000 rw-p 00000000 00:00 0 
7f91d20e0000-7f91d20fc000 rw-p 00000000 00:00 0 
7f91d20fc000-7f91d2100000 rw-p 00000000 00:00 0 
7f91d2100000-7f91d2104000 rw-p 00000000 00:00 0 
7f91d2104000-7f91d2108000 rw-p 00000000 00:00 0 
7f91d2108000-7f91d2128000 rw-p 00000000 00:00 0 
7f91d2128000-7f91d212c000 rw-p 00000000 00:00 0 
7f91d212c000-7f91d2134000 rw-p 00000000 00:00 0 
7f91d2134000-7f91d2138000 rw-p 00000000 00:00 0 
7f91d2138000-7f91d2144000 rw-p 00000000 00:00 0 
7f91d2144000-7f91d2148000 rw-p 00000000 00:00 0 
7f91d2148000-7f91d214c000 rw-p 00000000 00:00 0 
7f91d214c000-7f91d2158000 rw-p 00000000 00:00 0 
7f91d2158000-7f91d2174000 rw-p 00000000 00:00 0 
7f91d2174000-7f91d3e00000 rw-p 00000000 00:00 0 
7f91d3e01000-7f91d3e02000 r-xp 00000000 00:00 0 
7f91d3e02000-7f91d3e03000 r--p 00000000 00:00 0 
7f91d3e03000-7f91d3e04000 r-xp 00000000 00:00 0 
7f91d3e04000-7f91d3e05000 r--p 00000000 00:00 0 
7f91d3e0f000-7f91d3e2f000 rw-s 00000000 00:07 1110                       /dev/nvidiactl
7f91d3e2f000-7f91d3e6f000 rw-s 00000000 00:07 1110                       /dev/nvidiactl
7f91d3e6f000-7f91d3e7d000 r--p 00000000 103:02 5256581                   /usr/lib/gvfs/libgvfscommon.so
7f91d3e7d000-7f91d3e98000 r-xp 0000e000 103:02 5256581                   /usr/lib/gvfs/libgvfscommon.so
7f91d3e98000-7f91d3ea4000 r--p 00029000 103:02 5256581                   /usr/lib/gvfs/libgvfscommon.so
7f91d3ea4000-7f91d3eaa000 r--p 00035000 103:02 5256581                   /usr/lib/gvfs/libgvfscommon.so
7f91d3eaa000-7f91d3eab000 rw-p 0003b000 103:02 5256581                   /usr/lib/gvfs/libgvfscommon.so
7f91d3eab000-7f91d3eb5000 r--p 00000000 103:02 4771278                   /usr/lib/gio/modules/libgvfsdbus.so
7f91d3eb5000-7f91d3ed1000 r-xp 0000a000 103:02 4771278                   /usr/lib/gio/modules/libgvfsdbus.so
7f91d3ed1000-7f91d3eda000 r--p 00026000 103:02 4771278                   /usr/lib/gio/modules/libgvfsdbus.so
7f91d3eda000-7f91d3edc000 r--p 0002f000 103:02 4771278                   /usr/lib/gio/modules/libgvfsdbus.so
7f91d3edc000-7f91d3edd000 rw-p 00031000 103:02 4771278                   /usr/lib/gio/modules/libgvfsdbus.so
7f91d3fde000-7f91d3fff000 r--p 00000000 103:02 4750220                   /usr/share/locale/en_GB/LC_MESSAGES/glib20.mo
7f91d3fff000-7f91d4800000 rw-p 00000000 00:00 0 
7f91d4800000-7f91d4828000 rw-p 00000000 00:00 0 
7f91d4828000-7f91d482c000 rw-p 00000000 00:00 0 
7f91d482c000-7f91dc800000 rw-p 00000000 00:00 0 
7f91dc800000-7f91dc801000 r-xp 00000000 00:00 0 
7f91dc801000-7f91dc802000 r--p 00000000 00:00 0 
7f91dc80d000-7f91dc826000 r--p 00000000 103:02 4834664                   /usr/lib/libyuv.so
7f91dc826000-7f91dc898000 r-xp 00019000 103:02 4834664                   /usr/lib/libyuv.so
7f91dc898000-7f91dc8b0000 r--p 0008b000 103:02 4834664                   /usr/lib/libyuv.so
7f91dc8b0000-7f91dc8b3000 r--p 000a2000 103:02 4834664                   /usr/lib/libyuv.so
7f91dc8b3000-7f91dc8b4000 rw-p 000a5000 103:02 4834664                   /usr/lib/libyuv.so
7f91dc8b4000-7f91dc8c3000 r--p 00000000 103:02 4759938                   /usr/lib/liborc-0.4.so.0.42.0
7f91dc8c3000-7f91dc96d000 r-xp 0000f000 103:02 4759938                   /usr/lib/liborc-0.4.so.0.42.0
7f91dc96d000-7f91dc9a3000 r--p 000b9000 103:02 4759938                   /usr/lib/liborc-0.4.so.0.42.0
7f91dc9a3000-7f91dc9a6000 r--p 000ef000 103:02 4759938                   /usr/lib/liborc-0.4.so.0.42.0
7f91dc9a6000-7f91dc9ae000 rw-p 000f2000 103:02 4759938                   /usr/lib/liborc-0.4.so.0.42.0
7f91dc9ae000-7f91dc9b0000 rw-p 00000000 00:00 0 
7f91dc9b0000-7f91dc9b5000 r--p 00000000 103:02 4722100                   /usr/lib/libgpg-error.so.0.42.1
7f91dc9b5000-7f91dc9d0000 r-xp 00005000 103:02 4722100                   /usr/lib/libgpg-error.so.0.42.1
7f91dc9d0000-7f91dc9db000 r--p 00020000 103:02 4722100                   /usr/lib/libgpg-error.so.0.42.1
7f91dc9db000-7f91dc9dc000 r--p 0002a000 103:02 4722100                   /usr/lib/libgpg-error.so.0.42.1
7f91dc9dc000-7f91dc9dd000 rw-p 0002b000 103:02 4722100                   /usr/lib/libgpg-error.so.0.42.1
7f91dc9dd000-7f91dc9e2000 r--p 00000000 103:02 4816817                   /usr/lib/liblua5.4.so.5.4.8
7f91dc9e2000-7f91dca14000 r-xp 00005000 103:02 4816817                   /usr/lib/liblua5.4.so.5.4.8
7f91dca14000-7f91dca1f000 r--p 00037000 103:02 4816817                   /usr/lib/liblua5.4.so.5.4.8
7f91dca1f000-7f91dca21000 r--p 00042000 103:02 4816817                   /usr/lib/liblua5.4.so.5.4.8
7f91dca21000-7f91dca22000 rw-p 00044000 103:02 4816817                   /usr/lib/liblua5.4.so.5.4.8
7f91dca22000-7f91dca2a000 r--p 00000000 103:02 4735309                   /usr/lib/libdw-0.196.so
7f91dca2a000-7f91dca8a000 r-xp 00008000 103:02 4735309                   /usr/lib/libdw-0.196.so
7f91dca8a000-7f91dcaba000 r--p 00068000 103:02 4735309                   /usr/lib/libdw-0.196.so
7f91dcaba000-7f91dcac3000 r--p 00098000 103:02 4735309                   /usr/lib/libdw-0.196.so
7f91dcac3000-7f91dcac4000 rw-p 000a1000 103:02 4735309                   /usr/lib/libdw-0.196.so
7f91dcac4000-7f91dcad2000 r--p 00000000 103:02 4771657                   /usr/lib/libatspi.so.0.0.1
7f91dcad2000-7f91dcaed000 r-xp 0000e000 103:02 4771657                   /usr/lib/libatspi.so.0.0.1
7f91dcaed000-7f91dcafb000 r--p 00029000 103:02 4771657                   /usr/lib/libatspi.so.0.0.1
7f91dcafb000-7f91dcaff000 r--p 00037000 103:02 4771657                   /usr/lib/libatspi.so.0.0.1
7f91dcaff000-7f91dcb00000 rw-p 0003b000 103:02 4771657                   /usr/lib/libatspi.so.0.0.1
7f91dcb00000-7f91dcb06000 r--p 00000000 103:02 4780108                   /usr/lib/libavif.so.16.4.2
7f91dcb06000-7f91dcb38000 r-xp 00006000 103:02 4780108                   /usr/lib/libavif.so.16.4.2
7f91dcb38000-7f91dcb44000 r--p 00038000 103:02 4780108                   /usr/lib/libavif.so.16.4.2
7f91dcb44000-7f91dcb47000 r--p 00043000 103:02 4780108                   /usr/lib/libavif.so.16.4.2
7f91dcb47000-7f91dcb48000 rw-p 00046000 103:02 4780108                   /usr/lib/libavif.so.16.4.2
7f91dcb48000-7f91dcb5b000 r--p 00000000 103:02 4758770                   /usr/lib/libgstgl-1.0.so.0.2806.0
7f91dcb5b000-7f91dcbae000 r-xp 00013000 103:02 4758770                   /usr/lib/libgstgl-1.0.so.0.2806.0
7f91dcbae000-7f91dcbd7000 r--p 00066000 103:02 4758770                   /usr/lib/libgstgl-1.0.so.0.2806.0
7f91dcbd7000-7f91dcbdd000 r--p 0008f000 103:02 4758770                   /usr/lib/libgstgl-1.0.so.0.2806.0
7f91dcbdd000-7f91dcbde000 rw-p 00095000 103:02 4758770                   /usr/lib/libgstgl-1.0.so.0.2806.0
7f91dcbde000-7f91dcbf2000 r--p 00000000 103:02 4758798                   /usr/lib/libgstvideo-1.0.so.0.2806.0
7f91dcbf2000-7f91dcc7a000 r-xp 00014000 103:02 4758798                   /usr/lib/libgstvideo-1.0.so.0.2806.0
7f91dcc7a000-7f91dcca7000 r--p 0009c000 103:02 4758798                   /usr/lib/libgstvideo-1.0.so.0.2806.0
7f91dcca7000-7f91dccbb000 r--p 000c8000 103:02 4758798                   /usr/lib/libgstvideo-1.0.so.0.2806.0
7f91dccbb000-7f91dccbc000 rw-p 000dc000 103:02 4758798                   /usr/lib/libgstvideo-1.0.so.0.2806.0
7f91dccbc000-7f91dccbd000 rw-p 00000000 00:00 0 
7f91dccbd000-7f91dccc2000 r--p 00000000 103:02 4754430                   /usr/lib/libgcrypt.so.20.7.2
7f91dccc2000-7f91dce0f000 r-xp 00005000 103:02 4754430                   /usr/lib/libgcrypt.so.20.7.2
7f91dce0f000-7f91dce5c000 r--p 00152000 103:02 4754430                   /usr/lib/libgcrypt.so.20.7.2
7f91dce5c000-7f91dce61000 r--p 0019f000 103:02 4754430                   /usr/lib/libgcrypt.so.20.7.2
7f91dce61000-7f91dce67000 rw-p 001a4000 103:02 4754430                   /usr/lib/libgcrypt.so.20.7.2
7f91dce67000-7f91dce71000 r--p 00000000 103:02 4754452                   /usr/lib/libsqlite3.so.3.53.4
7f91dce71000-7f91dcfc0000 r-xp 0000a000 103:02 4754452                   /usr/lib/libsqlite3.so.3.53.4
7f91dcfc0000-7f91dcff7000 r--p 00159000 103:02 4754452                   /usr/lib/libsqlite3.so.3.53.4
7f91dcff7000-7f91dcffb000 r--p 00190000 103:02 4754452                   /usr/lib/libsqlite3.so.3.53.4
7f91dcffb000-7f91dd000000 rw-p 00194000 103:02 4754452                   /usr/lib/libsqlite3.so.3.53.4
7f91dd000000-7f91dd0dc000 r--p 00000000 103:02 4735954                   /usr/lib/libicui18n.so.78.3
7f91dd0dc000-7f91dd2e6000 r-xp 000dc000 103:02 4735954                   /usr/lib/libicui18n.so.78.3
7f91dd2e6000-7f91dd379000 r--p 002e6000 103:02 4735954                   /usr/lib/libicui18n.so.78.3
7f91dd379000-7f91dd38c000 r--p 00379000 103:02 4735954                   /usr/lib/libicui18n.so.78.3
7f91dd38c000-7f91dd38d000 rw-p 0038c000 103:02 4735954                   /usr/lib/libicui18n.so.78.3
7f91dd38d000-7f91dd38e000 rw-p 00000000 00:00 0 
7f91dd39b000-7f91dd39f000 r--p 00000000 103:02 4750384                   /usr/lib/libwacom.so.9.0.0
7f91dd39f000-7f91dd3a8000 r-xp 00004000 103:02 4750384                   /usr/lib/libwacom.so.9.0.0
7f91dd3a8000-7f91dd3ac000 r--p 0000d000 103:02 4750384                   /usr/lib/libwacom.so.9.0.0
7f91dd3ac000-7f91dd3ad000 r--p 00010000 103:02 4750384                   /usr/lib/libwacom.so.9.0.0
7f91dd3ad000-7f91dd3ae000 rw-p 00011000 103:02 4750384                   /usr/lib/libwacom.so.9.0.0
7f91dd3ae000-7f91dd3b1000 r--p 00000000 103:02 4815758                   /usr/lib/libevdev.so.2.3.0
7f91dd3b1000-7f91dd3b8000 r-xp 00003000 103:02 4815758                   /usr/lib/libevdev.so.2.3.0
7f91dd3b8000-7f91dd3bd000 r--p 0000a000 103:02 4815758                   /usr/lib/libevdev.so.2.3.0
7f91dd3bd000-7f91dd3c3000 r--p 0000e000 103:02 4815758                   /usr/lib/libevdev.so.2.3.0
7f91dd3c3000-7f91dd3c4000 rw-p 00014000 103:02 4815758                   /usr/lib/libevdev.so.2.3.0
7f91dd3c4000-7f91dd3cb000 r--p 00000000 103:02 4758795                   /usr/lib/libgsttag-1.0.so.0.2806.0
7f91dd3cb000-7f91dd3ef000 r-xp 00007000 103:02 4758795                   /usr/lib/libgsttag-1.0.so.0.2806.0
7f91dd3ef000-7f91dd400000 r--p 0002b000 103:02 4758795                   /usr/lib/libgsttag-1.0.so.0.2806.0
7f91dd400000-7f91dd402000 r--p 0003c000 103:02 4758795                   /usr/lib/libgsttag-1.0.so.0.2806.0
7f91dd402000-7f91dd403000 rw-p 0003e000 103:02 4758795                   /usr/lib/libgsttag-1.0.so.0.2806.0
7f91dd403000-7f91dd411000 r--p 00000000 103:02 4758759                   /usr/lib/libgstaudio-1.0.so.0.2806.0
7f91dd411000-7f91dd46b000 r-xp 0000e000 103:02 4758759                   /usr/lib/libgstaudio-1.0.so.0.2806.0
7f91dd46b000-7f91dd488000 r--p 00068000 103:02 4758759                   /usr/lib/libgstaudio-1.0.so.0.2806.0
7f91dd488000-7f91dd48c000 r--p 00084000 103:02 4758759                   /usr/lib/libgstaudio-1.0.so.0.2806.0
7f91dd48c000-7f91dd48d000 rw-p 00088000 103:02 4758759                   /usr/lib/libgstaudio-1.0.so.0.2806.0
7f91dd48d000-7f91dd4b6000 r--p 00000000 103:02 4758695                   /usr/lib/libgstreamer-1.0.so.0.2806.0
7f91dd4b6000-7f91dd59a000 r-xp 00029000 103:02 4758695                   /usr/lib/libgstreamer-1.0.so.0.2806.0
7f91dd59a000-7f91dd5f6000 r--p 0010d000 103:02 4758695                   /usr/lib/libgstreamer-1.0.so.0.2806.0
7f91dd5f6000-7f91dd5fd000 r--p 00169000 103:02 4758695                   /usr/lib/libgstreamer-1.0.so.0.2806.0
7f91dd5fd000-7f91dd5ff000 rw-p 00170000 103:02 4758695                   /usr/lib/libgstreamer-1.0.so.0.2806.0
7f91dd5ff000-7f91dd600000 rw-p 00000000 00:00 0 
7f91dd600000-7f91de9aa000 r--p 00000000 103:02 4835997                   /usr/lib/libWPEWebKit-2.0.so.1.9.10
7f91de9aa000-7f91e51cf000 r-xp 013a9000 103:02 4835997                   /usr/lib/libWPEWebKit-2.0.so.1.9.10
7f91e51cf000-7f91e5504000 r--p 07bcd000 103:02 4835997                   /usr/lib/libWPEWebKit-2.0.so.1.9.10
7f91e5504000-7f91e5552000 rw-p 07f01000 103:02 4835997                   /usr/lib/libWPEWebKit-2.0.so.1.9.10
7f91e5552000-7f91e555a000 r--p 07f4f000 103:02 4835997                   /usr/lib/libWPEWebKit-2.0.so.1.9.10
7f91e555a000-7f91e5594000 rw-p 00000000 00:00 0 
7f91e5594000-7f91e5595000 r--p 00000000 103:02 7880775                   /usr/lib/jvm/java-26-openjdk/lib/libextnet.so
7f91e5595000-7f91e5596000 r-xp 00001000 103:02 7880775                   /usr/lib/jvm/java-26-openjdk/lib/libextnet.so
7f91e5596000-7f91e5597000 r--p 00002000 103:02 7880775                   /usr/lib/jvm/java-26-openjdk/lib/libextnet.so
7f91e5597000-7f91e5598000 r--p 00002000 103:02 7880775                   /usr/lib/jvm/java-26-openjdk/lib/libextnet.so
7f91e5598000-7f91e5599000 rw-p 00003000 103:02 7880775                   /usr/lib/jvm/java-26-openjdk/lib/libextnet.so
7f91e5599000-7f91e559d000 r--p 00000000 103:02 4767590                   /usr/lib/libgudev-1.0.so.0.3.0
7f91e559d000-7f91e55a1000 r-xp 00004000 103:02 4767590                   /usr/lib/libgudev-1.0.so.0.3.0
7f91e55a1000-7f91e55a3000 r--p 00008000 103:02 4767590                   /usr/lib/libgudev-1.0.so.0.3.0
7f91e55a3000-7f91e55a4000 r--p 0000a000 103:02 4767590                   /usr/lib/libgudev-1.0.so.0.3.0
7f91e55a4000-7f91e55a5000 rw-p 0000b000 103:02 4767590                   /usr/lib/libgudev-1.0.so.0.3.0
7f91e55a5000-7f91e55a6000 r--p 00000000 103:02 4815715                   /usr/lib/libmtdev.so.1.0.0
7f91e55a6000-7f91e55a9000 r-xp 00001000 103:02 4815715                   /usr/lib/libmtdev.so.1.0.0
7f91e55a9000-7f91e55aa000 r--p 00004000 103:02 4815715                   /usr/lib/libmtdev.so.1.0.0
7f91e55aa000-7f91e55ab000 r--p 00004000 103:02 4815715                   /usr/lib/libmtdev.so.1.0.0
7f91e55ab000-7f91e55ac000 rw-p 00005000 103:02 4815715                   /usr/lib/libmtdev.so.1.0.0
7f91e55ac000-7f91e55ad000 r--p 00000000 103:02 4835239                   /usr/lib/libhyphen.so.0.4.0
7f91e55ad000-7f91e55b1000 r-xp 00001000 103:02 4835239                   /usr/lib/libhyphen.so.0.4.0
7f91e55b1000-7f91e55b2000 r--p 00005000 103:02 4835239                   /usr/lib/libhyphen.so.0.4.0
7f91e55b2000-7f91e55b3000 r--p 00005000 103:02 4835239                   /usr/lib/libhyphen.so.0.4.0
7f91e55b3000-7f91e55b4000 rw-p 00006000 103:02 4835239                   /usr/lib/libhyphen.so.0.4.0
7f91e55b4000-7f91e55c1000 r--p 00000000 103:02 4758774                   /usr/lib/libgstpbutils-1.0.so.0.2806.0
7f91e55c1000-7f91e55e4000 r-xp 0000d000 103:02 4758774                   /usr/lib/libgstpbutils-1.0.so.0.2806.0
7f91e55e4000-7f91e55f4000 r--p 00030000 103:02 4758774                   /usr/lib/libgstpbutils-1.0.so.0.2806.0
7f91e55f4000-7f91e55f8000 r--p 0003f000 103:02 4758774                   /usr/lib/libgstpbutils-1.0.so.0.2806.0
7f91e55f8000-7f91e55f9000 rw-p 00043000 103:02 4758774                   /usr/lib/libgstpbutils-1.0.so.0.2806.0
7f91e55f9000-7f91e5608000 r--p 00000000 103:02 4758659                   /usr/lib/libgstbase-1.0.so.0.2806.0
7f91e5608000-7f91e5663000 r-xp 0000f000 103:02 4758659                   /usr/lib/libgstbase-1.0.so.0.2806.0
7f91e5663000-7f91e567e000 r--p 0006a000 103:02 4758659                   /usr/lib/libgstbase-1.0.so.0.2806.0
7f91e567e000-7f91e5680000 r--p 00084000 103:02 4758659                   /usr/lib/libgstbase-1.0.so.0.2806.0
7f91e5680000-7f91e5681000 rw-p 00086000 103:02 4758659                   /usr/lib/libgstbase-1.0.so.0.2806.0
7f91e5681000-7f91e5686000 r--p 00000000 103:02 4758746                   /usr/lib/libgstapp-1.0.so.0.2806.0
7f91e5686000-7f91e5693000 r-xp 00005000 103:02 4758746                   /usr/lib/libgstapp-1.0.so.0.2806.0
7f91e5693000-7f91e5698000 r--p 00012000 103:02 4758746                   /usr/lib/libgstapp-1.0.so.0.2806.0
7f91e5698000-7f91e5699000 r--p 00017000 103:02 4758746                   /usr/lib/libgstapp-1.0.so.0.2806.0
7f91e5699000-7f91e569a000 rw-p 00018000 103:02 4758746                   /usr/lib/libgstapp-1.0.so.0.2806.0
7f91e569a000-7f91e569f000 r--p 00000000 103:02 4720964                   /usr/lib/libudev.so.1.7.14
7f91e569f000-7f91e56cd000 r-xp 00005000 103:02 4720964                   /usr/lib/libudev.so.1.7.14
7f91e56cd000-7f91e56e4000 r--p 00033000 103:02 4720964                   /usr/lib/libudev.so.1.7.14
7f91e56e4000-7f91e56e9000 r--p 0004a000 103:02 4720964                   /usr/lib/libudev.so.1.7.14
7f91e56e9000-7f91e56ea000 rw-p 0004f000 103:02 4720964                   /usr/lib/libudev.so.1.7.14
7f91e56ea000-7f91e5734000 r--p 00000000 103:02 4792885                   /usr/lib/libepoxy.so.0.0.0
7f91e5734000-7f91e579a000 r-xp 0004a000 103:02 4792885                   /usr/lib/libepoxy.so.0.0.0
7f91e579a000-7f91e57e8000 r--p 000b0000 103:02 4792885                   /usr/lib/libepoxy.so.0.0.0
7f91e57e8000-7f91e57f0000 r--p 000fd000 103:02 4792885                   /usr/lib/libepoxy.so.0.0.0
7f91e57f0000-7f91e57f7000 rw-p 00105000 103:02 4792885                   /usr/lib/libepoxy.so.0.0.0
7f91e57f7000-7f91e57f8000 rw-p 00000000 00:00 0 
7f91e57f8000-7f91e57fc000 ---p 00000000 00:00 0 
7f91e57fc000-7f91e5cfd000 rw-p 00000000 00:00 0 
7f91e5cfd000-7f91e5d01000 ---p 00000000 00:00 0 
7f91e5d01000-7f91e5fff000 rw-p 00000000 00:00 0 
7f91e6a02000-7f91e6a03000 r--p 00000000 103:02 4758765                   /usr/lib/libgstfft-1.0.so.0.2806.0
7f91e6a03000-7f91e6a0a000 r-xp 00001000 103:02 4758765                   /usr/lib/libgstfft-1.0.so.0.2806.0
7f91e6a0a000-7f91e6a0b000 r--p 00008000 103:02 4758765                   /usr/lib/libgstfft-1.0.so.0.2806.0
7f91e6a0b000-7f91e6a0c000 r--p 00009000 103:02 4758765                   /usr/lib/libgstfft-1.0.so.0.2806.0
7f91e6a0c000-7f91e6a0d000 rw-p 0000a000 103:02 4758765                   /usr/lib/libgstfft-1.0.so.0.2806.0
7f91e6a0d000-7f91e6a16000 r--p 00000000 103:02 4754420                   /usr/lib/libxslt.so.1.1.45
7f91e6a16000-7f91e6a3d000 r-xp 00009000 103:02 4754420                   /usr/lib/libxslt.so.1.1.45
7f91e6a3d000-7f91e6a48000 r--p 00030000 103:02 4754420                   /usr/lib/libxslt.so.1.1.45
7f91e6a48000-7f91e6a49000 r--p 0003b000 103:02 4754420                   /usr/lib/libxslt.so.1.1.45
7f91e6a49000-7f91e6a4a000 rw-p 0003c000 103:02 4754420                   /usr/lib/libxslt.so.1.1.45
7f91e6a4a000-7f91e6a56000 r--p 00000000 103:02 4743749                   /usr/lib/libinput.so.10.13.0
7f91e6a56000-7f91e6a9f000 r-xp 0000c000 103:02 4743749                   /usr/lib/libinput.so.10.13.0
7f91e6a9f000-7f91e6ab8000 r--p 00055000 103:02 4743749                   /usr/lib/libinput.so.10.13.0
7f91e6ab8000-7f91e6aba000 r--p 0006e000 103:02 4743749                   /usr/lib/libinput.so.10.13.0
7f91e6aba000-7f91e6abb000 rw-p 00070000 103:02 4743749                   /usr/lib/libinput.so.10.13.0
7f91e6abd000-7f91e6ac2000 rw-p 00000000 00:00 0 
7f91e8ddf000-7f91f0000000 ---p 00000000 00:00 0 
7f91f0000000-7f91f0004000 rw-s 00000000 00:07 1110                       /dev/nvidiactl
7f91f0004000-7f91f000c000 r--p 00000000 103:02 4771647                   /usr/lib/libatk-1.0.so.0.26015.1
7f91f000c000-7f91f001c000 r-xp 00008000 103:02 4771647                   /usr/lib/libatk-1.0.so.0.26015.1
7f91f001c000-7f91f0027000 r--p 00018000 103:02 4771647                   /usr/lib/libatk-1.0.so.0.26015.1
7f91f0027000-7f91f002a000 r--p 00023000 103:02 4771647                   /usr/lib/libatk-1.0.so.0.26015.1
7f91f002a000-7f91f002b000 rw-p 00026000 103:02 4771647                   /usr/lib/libatk-1.0.so.0.26015.1
7f91f002b000-7f91f0036000 r--p 00000000 103:02 4771653                   /usr/lib/libatk-bridge-2.0.so.0.0.0
7f91f0036000-7f91f004f000 r-xp 0000b000 103:02 4771653                   /usr/lib/libatk-bridge-2.0.so.0.0.0
7f91f004f000-7f91f0063000 r--p 00024000 103:02 4771653                   /usr/lib/libatk-bridge-2.0.so.0.0.0
7f91f0063000-7f91f0065000 r--p 00037000 103:02 4771653                   /usr/lib/libatk-bridge-2.0.so.0.0.0
7f91f0065000-7f91f0067000 rw-p 00039000 103:02 4771653                   /usr/lib/libatk-bridge-2.0.so.0.0.0
7f91f0067000-7f91f007e000 r--p 00000000 103:02 4763785                   /usr/lib/libsoup-3.0.so.0.7.4
7f91f007e000-7f91f00d6000 r-xp 00017000 103:02 4763785                   /usr/lib/libsoup-3.0.so.0.7.4
7f91f00d6000-7f91f00f8000 r--p 0006f000 103:02 4763785                   /usr/lib/libsoup-3.0.so.0.7.4
7f91f00f8000-7f91f00fd000 r--p 00090000 103:02 4763785                   /usr/lib/libsoup-3.0.so.0.7.4
7f91f00fd000-7f91f00fe000 rw-p 00095000 103:02 4763785                   /usr/lib/libsoup-3.0.so.0.7.4
7f91f00ff000-7f91f0104000 rw-p 00000000 00:00 0 
7f91f01ff000-7f91f0a00000 rw-p 00000000 00:00 0 
7f91f0a00000-7f91f0ba8000 r--p 00000000 103:02 4826311                   /usr/lib/libcuda.so.610.57.04
7f91f0ba8000-7f91f1e23000 r-xp 001a8000 103:02 4826311                   /usr/lib/libcuda.so.610.57.04
7f91f1e23000-7f91f73ea000 r--p 01423000 103:02 4826311                   /usr/lib/libcuda.so.610.57.04
7f91f73ea000-7f91f73eb000 ---p 069ea000 103:02 4826311                   /usr/lib/libcuda.so.610.57.04
7f91f73eb000-7f91f7567000 r--p 069ea000 103:02 4826311                   /usr/lib/libcuda.so.610.57.04
7f91f7567000-7f91f756c000 rw-p 06b66000 103:02 4826311                   /usr/lib/libcuda.so.610.57.04
7f91f756c000-7f91f75d4000 rw-p 00000000 00:00 0 
7f91f75d6000-7f91f75da000 rw-p 00000000 00:00 0 
7f91f75da000-7f91f75dc000 r--p 00000000 103:02 4758735                   /usr/lib/libgstallocators-1.0.so.0.2806.0
7f91f75dc000-7f91f75e0000 r-xp 00002000 103:02 4758735                   /usr/lib/libgstallocators-1.0.so.0.2806.0
7f91f75e0000-7f91f75e2000 r--p 00006000 103:02 4758735                   /usr/lib/libgstallocators-1.0.so.0.2806.0
7f91f75e2000-7f91f75e3000 r--p 00007000 103:02 4758735                   /usr/lib/libgstallocators-1.0.so.0.2806.0
7f91f75e3000-7f91f75e4000 rw-p 00008000 103:02 4758735                   /usr/lib/libgstallocators-1.0.so.0.2806.0
7f91f75e4000-7f91f75e6000 r--p 00000000 103:02 4722782                   /usr/lib/libatomic.so.1.2.0
7f91f75e6000-7f91f75ea000 r-xp 00002000 103:02 4722782                   /usr/lib/libatomic.so.1.2.0
7f91f75ea000-7f91f75ec000 r--p 00006000 103:02 4722782                   /usr/lib/libatomic.so.1.2.0
7f91f75ec000-7f91f75ed000 r--p 00007000 103:02 4722782                   /usr/lib/libatomic.so.1.2.0
7f91f75ed000-7f91f75ee000 rw-p 00008000 103:02 4722782                   /usr/lib/libatomic.so.1.2.0
7f91f75ee000-7f91f75ef000 rw-p 00000000 00:00 0 
7f91f75ef000-7f91f75f4000 r--p 00000000 103:02 4745703                   /usr/lib/libWPEBackend-fdo-1.0.so.1.10.2
7f91f75f4000-7f91f75fe000 r-xp 00005000 103:02 4745703                   /usr/lib/libWPEBackend-fdo-1.0.so.1.10.2
7f91f75fe000-7f91f7603000 r--p 0000f000 103:02 4745703                   /usr/lib/libWPEBackend-fdo-1.0.so.1.10.2
7f91f7603000-7f91f7605000 r--p 00013000 103:02 4745703                   /usr/lib/libWPEBackend-fdo-1.0.so.1.10.2
7f91f7605000-7f91f7606000 rw-p 00015000 103:02 4745703                   /usr/lib/libWPEBackend-fdo-1.0.so.1.10.2
7f91f7606000-7f91f760a000 r--p 00000000 103:02 4745687                   /usr/lib/libwpe-1.0.so.1.9.6
7f91f760a000-7f91f760d000 r-xp 00004000 103:02 4745687                   /usr/lib/libwpe-1.0.so.1.9.6
7f91f760d000-7f91f7610000 r--p 00007000 103:02 4745687                   /usr/lib/libwpe-1.0.so.1.9.6
7f91f7610000-7f91f7611000 r--p 0000a000 103:02 4745687                   /usr/lib/libwpe-1.0.so.1.9.6
7f91f7611000-7f91f7612000 rw-p 0000b000 103:02 4745687                   /usr/lib/libwpe-1.0.so.1.9.6
7f91f7612000-7f91f7622000 -w-s 00000000 00:07 1112                       /dev/nvidia0
7f91f7e23000-7f91f7ea3000 rw-s 00000000 00:07 1110                       /dev/nvidiactl
7f91f7ea3000-7f91f80a3000 rw-s 00000000 00:07 1110                       /dev/nvidiactl
7f91f93eb000-7f91f946b000 rw-s 00000000 00:07 1110                       /dev/nvidiactl
7f91fa56d000-7f91fa5ed000 rw-s 00000000 00:07 1110                       /dev/nvidiactl
7f91fa600000-7f91fa633000 r--p 00000000 103:02 4833039                   /usr/lib/libnvidia-glvkspirv.so.610.57.04
7f91fa633000-7f91fadfc000 r-xp 00033000 103:02 4833039                   /usr/lib/libnvidia-glvkspirv.so.610.57.04
7f91fadfc000-7f91faf4c000 r--p 007fc000 103:02 4833039                   /usr/lib/libnvidia-glvkspirv.so.610.57.04
7f91faf4c000-7f91faf4d000 ---p 0094c000 103:02 4833039                   /usr/lib/libnvidia-glvkspirv.so.610.57.04
7f91faf4d000-7f91faf5f000 r--p 0094c000 103:02 4833039                   /usr/lib/libnvidia-glvkspirv.so.610.57.04
7f91faf5f000-7f91fafed000 rw-p 0095e000 103:02 4833039                   /usr/lib/libnvidia-glvkspirv.so.610.57.04
7f91fafed000-7f91fb002000 rw-p 00000000 00:00 0 
7f91fb0c3000-7f91fb143000 rw-s 00000000 00:07 1112                       /dev/nvidia0
7f91fb1be000-7f91fb1ce000 rw-s 00000000 00:07 1112                       /dev/nvidia0
7f91fb1ce000-7f91fb1da000 r--p 00000000 103:02 4751819                   /usr/lib/libxcb-glx.so.0.0.0
7f91fb1da000-7f91fb1e3000 r-xp 0000c000 103:02 4751819                   /usr/lib/libxcb-glx.so.0.0.0
7f91fb1e3000-7f91fb1e8000 r--p 00015000 103:02 4751819                   /usr/lib/libxcb-glx.so.0.0.0
7f91fb1e8000-7f91fb1ea000 r--p 0001a000 103:02 4751819                   /usr/lib/libxcb-glx.so.0.0.0
7f91fb1ea000-7f91fb1eb000 rw-p 0001c000 103:02 4751819                   /usr/lib/libxcb-glx.so.0.0.0
7f91fb1eb000-7f91fb2ec000 rw-p 00000000 00:00 0 
7f91fb510000-7f91fb515000 rw-p 00000000 00:00 0 
7f91fb515000-7f91fb516000 r-xp 00000000 00:00 0 
7f91fb516000-7f91fb517000 r--p 00000000 00:00 0 
7f91fb517000-7f91fb518000 r-xp 00000000 00:00 0 
7f91fb518000-7f91fb519000 r--p 00000000 00:00 0 
7f9200f89000-7f920178a000 rw-p 00000000 00:00 0 
7f920178a000-7f920178c000 r--p 00000000 103:02 4734009                   /usr/lib/libseccomp.so.2.6.0
7f920178c000-7f920179c000 r-xp 00002000 103:02 4734009                   /usr/lib/libseccomp.so.2.6.0
7f920179c000-7f92017b5000 r--p 00012000 103:02 4734009                   /usr/lib/libseccomp.so.2.6.0
7f92017b5000-7f92017b6000 r--p 0002b000 103:02 4734009                   /usr/lib/libseccomp.so.2.6.0
7f92017b6000-7f92017b7000 rw-p 0002c000 103:02 4734009                   /usr/lib/libseccomp.so.2.6.0
7f92017b7000-7f92017c0000 r--p 00000000 103:02 4769004                   /usr/lib/libFLAC.so.14.0.0
7f92017c0000-7f92017f6000 r-xp 00009000 103:02 4769004                   /usr/lib/libFLAC.so.14.0.0
7f92017f6000-7f92017fe000 r--p 0003f000 103:02 4769004                   /usr/lib/libFLAC.so.14.0.0
7f92017fe000-7f92017ff000 r--p 00047000 103:02 4769004                   /usr/lib/libFLAC.so.14.0.0
7f92017ff000-7f9201800000 rw-p 00048000 103:02 4769004                   /usr/lib/libFLAC.so.14.0.0
7f9201800000-7f92018c3000 r--p 00000000 103:02 4812054                   /usr/lib/libglycin-2.so.0
7f92018c3000-7f9201be0000 r-xp 000c2000 103:02 4812054                   /usr/lib/libglycin-2.so.0
7f9201be0000-7f9201bf9000 r--p 003de000 103:02 4812054                   /usr/lib/libglycin-2.so.0
7f9201bf9000-7f9201bfd000 rw-p 003f6000 103:02 4812054                   /usr/lib/libglycin-2.so.0
7f9201c00000-7f9201c49000 r--p 00000000 103:02 4817127                   /usr/lib/libSPIRV-Tools-opt.so
7f9201c49000-7f9201e12000 r-xp 00049000 103:02 4817127                   /usr/lib/libSPIRV-Tools-opt.so
7f9201e12000-7f9201e6b000 r--p 00212000 103:02 4817127                   /usr/lib/libSPIRV-Tools-opt.so
7f9201e6b000-7f9201e7b000 r--p 0026b000 103:02 4817127                   /usr/lib/libSPIRV-Tools-opt.so
7f9201e7b000-7f9201e7c000 rw-p 0027b000 103:02 4817127                   /usr/lib/libSPIRV-Tools-opt.so
7f9201e7d000-7f9201e7e000 r--p 00000000 103:02 4762067                   /usr/lib/libwebpdemux.so.2.0.17
7f9201e7e000-7f9201e81000 r-xp 00001000 103:02 4762067                   /usr/lib/libwebpdemux.so.2.0.17
7f9201e81000-7f9201e82000 r--p 00004000 103:02 4762067                   /usr/lib/libwebpdemux.so.2.0.17
7f9201e82000-7f9201e83000 r--p 00004000 103:02 4762067                   /usr/lib/libwebpdemux.so.2.0.17
7f9201e83000-7f9201e84000 rw-p 00005000 103:02 4762067                   /usr/lib/libwebpdemux.so.2.0.17
7f9201ea4000-7f9201ea9000 r--p 00000000 103:02 4755422                   /usr/lib/libsndfile.so.1.0.37
7f9201ea9000-7f9201f0f000 r-xp 00005000 103:02 4755422                   /usr/lib/libsndfile.so.1.0.37
7f9201f0f000-7f9201f28000 r--p 0006b000 103:02 4755422                   /usr/lib/libsndfile.so.1.0.37
7f9201f28000-7f9201f2b000 r--p 00084000 103:02 4755422                   /usr/lib/libsndfile.so.1.0.37
7f9201f2b000-7f9201f2c000 rw-p 00087000 103:02 4755422                   /usr/lib/libsndfile.so.1.0.37
7f9201f2c000-7f9201f2e000 rw-p 00000000 00:00 0 
7f9201f2e000-7f9201f30000 r--p 00000000 103:02 4769564                   /usr/lib/libv4lconvert.so.0.0.0
7f9201f30000-7f9201f4b000 r-xp 00002000 103:02 4769564                   /usr/lib/libv4lconvert.so.0.0.0
7f9201f4b000-7f9201f53000 r--p 0001d000 103:02 4769564                   /usr/lib/libv4lconvert.so.0.0.0
7f9201f53000-7f9201f55000 r--p 00025000 103:02 4769564                   /usr/lib/libv4lconvert.so.0.0.0
7f9201f55000-7f9201f56000 rw-p 00027000 103:02 4769564                   /usr/lib/libv4lconvert.so.0.0.0
7f9201f56000-7f9201fa8000 rw-p 00000000 00:00 0 
7f9201fa8000-7f9201fb9000 r--p 00000000 103:02 4732432                   /usr/lib/libkrb5.so.3.3
7f9201fb9000-7f9202029000 r-xp 00011000 103:02 4732432                   /usr/lib/libkrb5.so.3.3
7f9202029000-7f9202067000 r--p 00081000 103:02 4732432                   /usr/lib/libkrb5.so.3.3
7f9202067000-7f9202075000 r--p 000bf000 103:02 4732432                   /usr/lib/libkrb5.so.3.3
7f9202075000-7f9202077000 rw-p 000cd000 103:02 4732432                   /usr/lib/libkrb5.so.3.3
7f9202077000-7f9202086000 r--p 00000000 103:02 4735687                   /usr/lib/libunistring.so.5.2.1
7f9202086000-7f92020ca000 r-xp 0000f000 103:02 4735687                   /usr/lib/libunistring.so.5.2.1
7f92020ca000-7f9202259000 r--p 00053000 103:02 4735687                   /usr/lib/libunistring.so.5.2.1
7f9202259000-7f920225d000 r--p 001e2000 103:02 4735687                   /usr/lib/libunistring.so.5.2.1
7f920225d000-7f920225e000 rw-p 001e6000 103:02 4735687                   /usr/lib/libunistring.so.5.2.1
7f920225e000-7f9202265000 r--p 00000000 103:02 4770278                   /usr/lib/libp11-kit.so.0.4.11
7f9202265000-7f920234e000 r-xp 00007000 103:02 4770278                   /usr/lib/libp11-kit.so.0.4.11
7f920234e000-7f92023e0000 r--p 000f0000 103:02 4770278                   /usr/lib/libp11-kit.so.0.4.11
7f92023e0000-7f92023f1000 r--p 00181000 103:02 4770278                   /usr/lib/libp11-kit.so.0.4.11
7f92023f1000-7f9202400000 rw-p 00192000 103:02 4770278                   /usr/lib/libp11-kit.so.0.4.11
7f9202400000-7f920241a000 r--p 00000000 103:02 4760330                   /usr/lib/libleancrypto.so.1
7f920241a000-7f9202538000 r-xp 0001a000 103:02 4760330                   /usr/lib/libleancrypto.so.1
7f9202538000-7f920265b000 r--p 00138000 103:02 4760330                   /usr/lib/libleancrypto.so.1
7f920265b000-7f9202661000 r--p 0025b000 103:02 4760330                   /usr/lib/libleancrypto.so.1
7f9202661000-7f9202663000 rw-p 00261000 103:02 4760330                   /usr/lib/libleancrypto.so.1
7f9202663000-7f9202667000 rw-p 00000000 00:00 0 
7f9202677000-7f9202685000 r--p 00000000 103:02 5905684                   /usr/lib/libOpenGL.so.0.0.0
7f9202685000-7f9202690000 r-xp 0000e000 103:02 5905684                   /usr/lib/libOpenGL.so.0.0.0
7f9202690000-7f9202695000 r--p 00019000 103:02 5905684                   /usr/lib/libOpenGL.so.0.0.0
7f9202695000-7f920269a000 r--p 0001e000 103:02 5905684                   /usr/lib/libOpenGL.so.0.0.0
7f920269a000-7f920269b000 rw-p 00023000 103:02 5905684                   /usr/lib/libOpenGL.so.0.0.0
7f920269b000-7f920269e000 r--p 00000000 103:02 4777131                   /usr/lib/libmd.so.0.2.0
7f920269e000-7f92026aa000 r-xp 00003000 103:02 4777131                   /usr/lib/libmd.so.0.2.0
7f92026aa000-7f92026ac000 r--p 0000f000 103:02 4777131                   /usr/lib/libmd.so.0.2.0
7f92026ac000-7f92026ad000 r--p 00011000 103:02 4777131                   /usr/lib/libmd.so.0.2.0
7f92026ad000-7f92026ae000 rw-p 00012000 103:02 4777131                   /usr/lib/libmd.so.0.2.0
7f92026ae000-7f92026b1000 r--p 00000000 103:02 4732383                   /usr/lib/libk5crypto.so.3.1
7f92026b1000-7f92026cd000 r-xp 00003000 103:02 4732383                   /usr/lib/libk5crypto.so.3.1
7f92026cd000-7f92026d9000 r--p 0001f000 103:02 4732383                   /usr/lib/libk5crypto.so.3.1
7f92026d9000-7f92026db000 r--p 0002a000 103:02 4732383                   /usr/lib/libk5crypto.so.3.1
7f92026db000-7f92026dc000 rw-p 0002c000 103:02 4732383                   /usr/lib/libk5crypto.so.3.1
7f92026dc000-7f92026ea000 r--p 00000000 103:02 4758220                   /usr/lib/libnettle.so.9.0
7f92026ea000-7f920271c000 r-xp 0000e000 103:02 4758220                   /usr/lib/libnettle.so.9.0
7f920271c000-7f9202734000 r--p 00040000 103:02 4758220                   /usr/lib/libnettle.so.9.0
7f9202734000-7f9202737000 r--p 00057000 103:02 4758220                   /usr/lib/libnettle.so.9.0
7f9202737000-7f9202738000 rw-p 0005a000 103:02 4758220                   /usr/lib/libnettle.so.9.0
7f9202738000-7f9202740000 r--p 00000000 103:02 4738622                   /usr/lib/libhogweed.so.7.0
7f9202740000-7f9202753000 r-xp 00008000 103:02 4738622                   /usr/lib/libhogweed.so.7.0
7f9202753000-7f920277c000 r--p 0001b000 103:02 4738622                   /usr/lib/libhogweed.so.7.0
7f920277c000-7f920277e000 r--p 00043000 103:02 4738622                   /usr/lib/libhogweed.so.7.0
7f920277e000-7f920277f000 rw-p 00045000 103:02 4738622                   /usr/lib/libhogweed.so.7.0
7f920277f000-7f9202783000 r--p 00000000 103:02 4830241                   /usr/lib/libpgm-5.3.so.0.0.128
7f9202783000-7f92027ab000 r-xp 00004000 103:02 4830241                   /usr/lib/libpgm-5.3.so.0.0.128
7f92027ab000-7f92027c4000 r--p 0002c000 103:02 4830241                   /usr/lib/libpgm-5.3.so.0.0.128
7f92027c4000-7f92027c5000 r--p 00045000 103:02 4830241                   /usr/lib/libpgm-5.3.so.0.0.128
7f92027c5000-7f92027c6000 rw-p 00046000 103:02 4830241                   /usr/lib/libpgm-5.3.so.0.0.128
7f92027c6000-7f92027ca000 rw-p 00000000 00:00 0 
7f92027ca000-7f92027d9000 r--p 00000000 103:02 4811985                   /usr/lib/libsodium.so.26.4.0
7f92027d9000-7f920282c000 r-xp 0000f000 103:02 4811985                   /usr/lib/libsodium.so.26.4.0
7f920282c000-7f920283e000 r--p 00062000 103:02 4811985                   /usr/lib/libsodium.so.26.4.0
7f920283e000-7f920283f000 r--p 00074000 103:02 4811985                   /usr/lib/libsodium.so.26.4.0
7f920283f000-7f9202840000 rw-p 00075000 103:02 4811985                   /usr/lib/libsodium.so.26.4.0
7f9202840000-7f9202845000 r--p 00000000 103:02 4722184                   /usr/lib/libmvec.so.1
7f9202845000-7f9202867000 r-xp 00005000 103:02 4722184                   /usr/lib/libmvec.so.1
7f9202867000-7f920293e000 r--p 00027000 103:02 4722184                   /usr/lib/libmvec.so.1
7f920293e000-7f920293f000 r--p 000fe000 103:02 4722184                   /usr/lib/libmvec.so.1
7f920293f000-7f9202940000 rw-p 000ff000 103:02 4722184                   /usr/lib/libmvec.so.1
7f9202940000-7f9202941000 r--p 00000000 103:02 4814598                   /usr/lib/libbrotlienc.so.1.2.0
7f9202941000-7f92029ae000 r-xp 00001000 103:02 4814598                   /usr/lib/libbrotlienc.so.1.2.0
7f92029ae000-7f92029fe000 r--p 0006e000 103:02 4814598                   /usr/lib/libbrotlienc.so.1.2.0
7f92029fe000-7f92029ff000 r--p 000bd000 103:02 4814598                   /usr/lib/libbrotlienc.so.1.2.0
7f92029ff000-7f9202a00000 rw-p 000be000 103:02 4814598                   /usr/lib/libbrotlienc.so.1.2.0
7f9202a00000-7f9202a11000 r--p 00000000 103:02 4756846                   /usr/lib/libslang.so.2.3.3
7f9202a11000-7f9202af2000 r-xp 00011000 103:02 4756846                   /usr/lib/libslang.so.2.3.3
7f9202af2000-7f9202b33000 r--p 000f2000 103:02 4756846                   /usr/lib/libslang.so.2.3.3
7f9202b33000-7f9202b4a000 r--p 00132000 103:02 4756846                   /usr/lib/libslang.so.2.3.3
7f9202b4a000-7f9202b54000 rw-p 00149000 103:02 4756846                   /usr/lib/libslang.so.2.3.3
7f9202b54000-7f9202cf0000 rw-p 00000000 00:00 0 
7f9202cf0000-7f9202cf4000 rw-p 00000000 00:00 0 
7f9202cf4000-7f9202cf5000 r--p 00000000 103:02 4763243                   /usr/lib/libXxf86vm.so.1.0.0
7f9202cf5000-7f9202cf8000 r-xp 00001000 103:02 4763243                   /usr/lib/libXxf86vm.so.1.0.0
7f9202cf8000-7f9202cf9000 r--p 00004000 103:02 4763243                   /usr/lib/libXxf86vm.so.1.0.0
7f9202cf9000-7f9202cfa000 r--p 00004000 103:02 4763243                   /usr/lib/libXxf86vm.so.1.0.0
7f9202cfa000-7f9202cfb000 rw-p 00005000 103:02 4763243                   /usr/lib/libXxf86vm.so.1.0.0
7f9202cfb000-7f9202cfe000 r--p 00000000 103:02 4722208                   /usr/lib/libresolv.so.2
7f9202cfe000-7f9202d07000 r-xp 00003000 103:02 4722208                   /usr/lib/libresolv.so.2
7f9202d07000-7f9202d0a000 r--p 0000c000 103:02 4722208                   /usr/lib/libresolv.so.2
7f9202d0a000-7f9202d0b000 r--p 0000f000 103:02 4722208                   /usr/lib/libresolv.so.2
7f9202d0b000-7f9202d0c000 rw-p 00010000 103:02 4722208                   /usr/lib/libresolv.so.2
7f9202d0c000-7f9202d0e000 rw-p 00000000 00:00 0 
7f9202d0e000-7f9202d11000 r--p 00000000 103:02 4732435                   /usr/lib/libkrb5support.so.0.1
7f9202d11000-7f9202d18000 r-xp 00003000 103:02 4732435                   /usr/lib/libkrb5support.so.0.1
7f9202d18000-7f9202d1b000 r--p 0000a000 103:02 4732435                   /usr/lib/libkrb5support.so.0.1
7f9202d1b000-7f9202d1c000 r--p 0000c000 103:02 4732435                   /usr/lib/libkrb5support.so.0.1
7f9202d1c000-7f9202d1d000 rw-p 0000d000 103:02 4732435                   /usr/lib/libkrb5support.so.0.1
7f9202d1d000-7f9202d1f000 r--p 00000000 103:02 4737522                   /usr/lib/libtasn1.so.6.6.5
7f9202d1f000-7f9202d2e000 r-xp 00002000 103:02 4737522                   /usr/lib/libtasn1.so.6.6.5
7f9202d2e000-7f9202d31000 r--p 00011000 103:02 4737522                   /usr/lib/libtasn1.so.6.6.5
7f9202d31000-7f9202d32000 r--p 00014000 103:02 4737522                   /usr/lib/libtasn1.so.6.6.5
7f9202d32000-7f9202d33000 rw-p 00015000 103:02 4737522                   /usr/lib/libtasn1.so.6.6.5
7f9202d33000-7f9202d3e000 r--p 00000000 103:02 4815516                   /usr/lib/libgomp.so.1.0.0
7f9202d3e000-7f9202d7c000 r-xp 0000b000 103:02 4815516                   /usr/lib/libgomp.so.1.0.0
7f9202d7c000-7f9202d8b000 r--p 00049000 103:02 4815516                   /usr/lib/libgomp.so.1.0.0
7f9202d8b000-7f9202d8c000 r--p 00057000 103:02 4815516                   /usr/lib/libgomp.so.1.0.0
7f9202d8c000-7f9202d8d000 rw-p 00058000 103:02 4815516                   /usr/lib/libgomp.so.1.0.0
7f9202d8d000-7f9202d98000 r--p 00000000 103:02 4758350                   /usr/lib/libglut.so.3.13.0
7f9202d98000-7f9202db2000 r-xp 0000b000 103:02 4758350                   /usr/lib/libglut.so.3.13.0
7f9202db2000-7f9202dcc000 r--p 00025000 103:02 4758350                   /usr/lib/libglut.so.3.13.0
7f9202dcc000-7f9202dd0000 r--p 0003f000 103:02 4758350                   /usr/lib/libglut.so.3.13.0
7f9202dd0000-7f9202dd7000 rw-p 00043000 103:02 4758350                   /usr/lib/libglut.so.3.13.0
7f9202dd7000-7f9202e3b000 rw-p 00000000 00:00 0 
7f9202e3b000-7f9202e5f000 r--p 00000000 103:02 4754125                   /usr/lib/libdb-5.3.so
7f9202e5f000-7f9202fbc000 r-xp 00024000 103:02 4754125                   /usr/lib/libdb-5.3.so
7f9202fbc000-7f9202ff5000 r--p 00181000 103:02 4754125                   /usr/lib/libdb-5.3.so
7f9202ff5000-7f9202fff000 r--p 001b9000 103:02 4754125                   /usr/lib/libdb-5.3.so
7f9202fff000-7f9203000000 rw-p 001c3000 103:02 4754125                   /usr/lib/libdb-5.3.so
7f9203000000-7f9203019000 r--p 00000000 103:02 4773780                   /usr/lib/libfftw3.so.3.7.11
7f9203019000-7f92031f5000 r-xp 00019000 103:02 4773780                   /usr/lib/libfftw3.so.3.7.11
7f92031f5000-7f920321c000 r--p 001f5000 103:02 4773780                   /usr/lib/libfftw3.so.3.7.11
7f920321c000-7f920322d000 r--p 0021c000 103:02 4773780                   /usr/lib/libfftw3.so.3.7.11
7f920322d000-7f920322e000 rw-p 0022d000 103:02 4773780                   /usr/lib/libfftw3.so.3.7.11
7f920322f000-7f9203233000 rw-p 00000000 00:00 0 
7f9203233000-7f9203237000 r--p 00000000 103:02 4771010                   /usr/lib/libmpg123.so.0.49.4
7f9203237000-7f9203275000 r-xp 00004000 103:02 4771010                   /usr/lib/libmpg123.so.0.49.4
7f9203275000-7f9203290000 r--p 00042000 103:02 4771010                   /usr/lib/libmpg123.so.0.49.4
7f9203290000-7f9203291000 r--p 0005d000 103:02 4771010                   /usr/lib/libmpg123.so.0.49.4
7f9203291000-7f9203292000 rw-p 0005e000 103:02 4771010                   /usr/lib/libmpg123.so.0.49.4
7f9203292000-7f9203293000 r--p 00000000 103:02 4768927                   /usr/lib/libsamplerate.so.0.2.2
7f9203293000-7f9203298000 r-xp 00001000 103:02 4768927                   /usr/lib/libsamplerate.so.0.2.2
7f9203298000-7f92033fe000 r--p 00006000 103:02 4768927                   /usr/lib/libsamplerate.so.0.2.2
7f92033fe000-7f92033ff000 r--p 0016b000 103:02 4768927                   /usr/lib/libsamplerate.so.0.2.2
7f92033ff000-7f9203400000 rw-p 0016c000 103:02 4768927                   /usr/lib/libsamplerate.so.0.2.2
7f9203400000-7f9203453000 r--p 00000000 103:02 4726308                   /usr/lib/libcrypto.so.3
7f9203453000-7f92037ff000 r-xp 00053000 103:02 4726308                   /usr/lib/libcrypto.so.3
7f92037ff000-7f9203925000 r--p 003ff000 103:02 4726308                   /usr/lib/libcrypto.so.3
7f9203925000-7f92039a3000 r--p 00525000 103:02 4726308                   /usr/lib/libcrypto.so.3
7f92039a3000-7f92039a6000 rw-p 005a3000 103:02 4726308                   /usr/lib/libcrypto.so.3
7f92039a6000-7f92039a9000 rw-p 00000000 00:00 0 
7f92039ab000-7f92039ad000 r--p 00000000 103:02 4788180                   /usr/lib/libasyncns.so.0.3.1
7f92039ad000-7f92039b0000 r-xp 00002000 103:02 4788180                   /usr/lib/libasyncns.so.0.3.1
7f92039b0000-7f92039b1000 r--p 00005000 103:02 4788180                   /usr/lib/libasyncns.so.0.3.1
7f92039b1000-7f92039b2000 r--p 00005000 103:02 4788180                   /usr/lib/libasyncns.so.0.3.1
7f92039b2000-7f92039b3000 rw-p 00006000 103:02 4788180                   /usr/lib/libasyncns.so.0.3.1
7f92039b3000-7f92039b5000 r--p 00000000 103:02 4816273                   /usr/lib/libvorbisfile.so.3.3.8
7f92039b5000-7f92039ba000 r-xp 00002000 103:02 4816273                   /usr/lib/libvorbisfile.so.3.3.8
7f92039ba000-7f92039bb000 r--p 00007000 103:02 4816273                   /usr/lib/libvorbisfile.so.3.3.8
7f92039bb000-7f92039bc000 r--p 00007000 103:02 4816273                   /usr/lib/libvorbisfile.so.3.3.8
7f92039bc000-7f92039bd000 rw-p 00008000 103:02 4816273                   /usr/lib/libvorbisfile.so.3.3.8
7f92039bd000-7f92039be000 r--p 00000000 103:02 4755356                   /usr/lib/libsharpyuv.so.0.1.2
7f92039be000-7f92039c2000 r-xp 00001000 103:02 4755356                   /usr/lib/libsharpyuv.so.0.1.2
7f92039c2000-7f92039c3000 r--p 00005000 103:02 4755356                   /usr/lib/libsharpyuv.so.0.1.2
7f92039c3000-7f92039c4000 r--p 00005000 103:02 4755356                   /usr/lib/libsharpyuv.so.0.1.2
7f92039c4000-7f92039c5000 rw-p 00006000 103:02 4755356                   /usr/lib/libsharpyuv.so.0.1.2
7f92039c5000-7f92039c6000 rw-p 00000000 00:00 0 
7f92039c6000-7f92039cd000 r--p 00000000 103:02 4761802                   /usr/lib/libgdk_pixbuf-2.0.so.0.4400.7
7f92039cd000-7f92039ef000 r-xp 00007000 103:02 4761802                   /usr/lib/libgdk_pixbuf-2.0.so.0.4400.7
7f92039ef000-7f92039fd000 r--p 00029000 103:02 4761802                   /usr/lib/libgdk_pixbuf-2.0.so.0.4400.7
7f92039fd000-7f92039ff000 r--p 00036000 103:02 4761802                   /usr/lib/libgdk_pixbuf-2.0.so.0.4400.7
7f92039ff000-7f9203a00000 rw-p 00038000 103:02 4761802                   /usr/lib/libgdk_pixbuf-2.0.so.0.4400.7
7f9203a00000-7f9203a09000 r--p 00000000 103:02 4835513                   /usr/lib/libglslang.so.16.4.0
7f9203a09000-7f9203ce3000 r-xp 00009000 103:02 4835513                   /usr/lib/libglslang.so.16.4.0
7f9203ce3000-7f9203d98000 r--p 002e3000 103:02 4835513                   /usr/lib/libglslang.so.16.4.0
7f9203d98000-7f9203da7000 r--p 00397000 103:02 4835513                   /usr/lib/libglslang.so.16.4.0
7f9203da7000-7f9203da9000 rw-p 003a6000 103:02 4835513                   /usr/lib/libglslang.so.16.4.0
7f9203da9000-7f92044bd000 rw-p 00000000 00:00 0 
7f92044bd000-7f92044bf000 r--p 00000000 103:02 4732141                   /usr/lib/libkeyutils.so.1.10
7f92044bf000-7f92044c1000 r-xp 00002000 103:02 4732141                   /usr/lib/libkeyutils.so.1.10
7f92044c1000-7f92044c2000 r--p 00004000 103:02 4732141                   /usr/lib/libkeyutils.so.1.10
7f92044c2000-7f92044c3000 r--p 00004000 103:02 4732141                   /usr/lib/libkeyutils.so.1.10
7f92044c3000-7f92044c4000 rw-p 00005000 103:02 4732141                   /usr/lib/libkeyutils.so.1.10
7f92044c4000-7f92044c6000 r--p 00000000 103:02 4792845                   /usr/lib/libogg.so.0.8.6
7f92044c6000-7f92044c9000 r-xp 00002000 103:02 4792845                   /usr/lib/libogg.so.0.8.6
7f92044c9000-7f92044cc000 r--p 00005000 103:02 4792845                   /usr/lib/libogg.so.0.8.6
7f92044cc000-7f92044cd000 r--p 00008000 103:02 4792845                   /usr/lib/libogg.so.0.8.6
7f92044cd000-7f92044ce000 rw-p 00009000 103:02 4792845                   /usr/lib/libogg.so.0.8.6
7f92044ce000-7f92044d1000 r--p 00000000 103:02 4777363                   /usr/lib/libGLU.so.1.3.1
7f92044d1000-7f920451b000 r-xp 00003000 103:02 4777363                   /usr/lib/libGLU.so.1.3.1
7f920451b000-7f9204526000 r--p 0004d000 103:02 4777363                   /usr/lib/libGLU.so.1.3.1
7f9204526000-7f9204527000 r--p 00058000 103:02 4777363                   /usr/lib/libGLU.so.1.3.1
7f9204527000-7f9204528000 rw-p 00059000 103:02 4777363                   /usr/lib/libGLU.so.1.3.1
7f9204528000-7f920453c000 r--p 00000000 103:02 5005676                   /usr/lib/pulseaudio/libpulsecommon-17.0.so
7f920453c000-7f9204586000 r-xp 00014000 103:02 5005676                   /usr/lib/pulseaudio/libpulsecommon-17.0.so
7f9204586000-7f92045a5000 r--p 0005e000 103:02 5005676                   /usr/lib/pulseaudio/libpulsecommon-17.0.so
7f92045a5000-7f92045a7000 r--p 0007d000 103:02 5005676                   /usr/lib/pulseaudio/libpulsecommon-17.0.so
7f92045a7000-7f92045a8000 rw-p 0007f000 103:02 5005676                   /usr/lib/pulseaudio/libpulsecommon-17.0.so
7f92045a8000-7f92045b1000 r--p 00000000 103:02 4732365                   /usr/lib/libgssapi_krb5.so.2.2
7f92045b1000-7f92045f1000 r-xp 00009000 103:02 4732365                   /usr/lib/libgssapi_krb5.so.2.2
7f92045f1000-7f92045fd000 r--p 00049000 103:02 4732365                   /usr/lib/libgssapi_krb5.so.2.2
7f92045fd000-7f92045ff000 r--p 00055000 103:02 4732365                   /usr/lib/libgssapi_krb5.so.2.2
7f92045ff000-7f9204600000 rw-p 00057000 103:02 4732365                   /usr/lib/libgssapi_krb5.so.2.2
7f9204600000-7f9204625000 r--p 00000000 103:02 4738682                   /usr/lib/libgnutls.so.30.42.0
7f9204625000-7f920477b000 r-xp 00025000 103:02 4738682                   /usr/lib/libgnutls.so.30.42.0
7f920477b000-7f92047f9000 r--p 0017b000 103:02 4738682                   /usr/lib/libgnutls.so.30.42.0
7f92047f9000-7f920480b000 r--p 001f8000 103:02 4738682                   /usr/lib/libgnutls.so.30.42.0
7f920480b000-7f920480e000 rw-p 0020a000 103:02 4738682                   /usr/lib/libgnutls.so.30.42.0
7f920480e000-7f9204811000 rw-p 00000000 00:00 0 
7f9204811000-7f9204813000 r--p 00000000 103:02 4755205                   /usr/lib/libhwy.so.1.4.0
7f9204813000-7f920481b000 r-xp 00002000 103:02 4755205                   /usr/lib/libhwy.so.1.4.0
7f920481b000-7f920481e000 r--p 0000a000 103:02 4755205                   /usr/lib/libhwy.so.1.4.0
7f920481e000-7f920481f000 r--p 0000c000 103:02 4755205                   /usr/lib/libhwy.so.1.4.0
7f920481f000-7f9204820000 rw-p 0000d000 103:02 4755205                   /usr/lib/libhwy.so.1.4.0
7f9204820000-7f9204834000 r--p 00000000 103:02 4726312                   /usr/lib/libssl.so.3
7f9204834000-7f92048e1000 r-xp 00014000 103:02 4726312                   /usr/lib/libssl.so.3
7f92048e1000-7f9204909000 r--p 000c1000 103:02 4726312                   /usr/lib/libssl.so.3
7f9204909000-7f9204913000 r--p 000e9000 103:02 4726312                   /usr/lib/libssl.so.3
7f9204913000-7f9204917000 rw-p 000f3000 103:02 4726312                   /usr/lib/libssl.so.3
7f9204917000-7f9204932000 r--p 00000000 103:02 4768894                   /usr/lib/libsrt.so.1.5.6
7f9204932000-7f92049d6000 r-xp 0001b000 103:02 4768894                   /usr/lib/libsrt.so.1.5.6
7f92049d6000-7f92049f7000 r--p 000bf000 103:02 4768894                   /usr/lib/libsrt.so.1.5.6
7f92049f7000-7f92049fa000 r--p 000e0000 103:02 4768894                   /usr/lib/libsrt.so.1.5.6
7f92049fa000-7f92049fb000 rw-p 000e3000 103:02 4768894                   /usr/lib/libsrt.so.1.5.6
7f92049fb000-7f9204a00000 rw-p 00000000 00:00 0 
7f9204a00000-7f9204a0c000 r--p 00000000 103:02 4758335                   /usr/lib/libopenmpt.so.0.5.5
7f9204a0c000-7f9204b81000 r-xp 0000c000 103:02 4758335                   /usr/lib/libopenmpt.so.0.5.5
7f9204b81000-7f9204bd0000 r--p 00181000 103:02 4758335                   /usr/lib/libopenmpt.so.0.5.5
7f9204bd0000-7f9204bd5000 r--p 001d0000 103:02 4758335                   /usr/lib/libopenmpt.so.0.5.5
7f9204bd5000-7f9204bd6000 rw-p 001d5000 103:02 4758335                   /usr/lib/libopenmpt.so.0.5.5
7f9204bd6000-7f9204c30000 rw-p 00000000 00:00 0 
7f9204c30000-7f9204c32000 rw-s 00000000 00:07 1110                       /dev/nvidiactl
7f9204c32000-7f9204c33000 r--p 00000000 103:02 4815185                   /usr/lib/libjxl_cms.so.0.12.0
7f9204c33000-7f9204c54000 r-xp 00001000 103:02 4815185                   /usr/lib/libjxl_cms.so.0.12.0
7f9204c54000-7f9204c59000 r--p 00022000 103:02 4815185                   /usr/lib/libjxl_cms.so.0.12.0
7f9204c59000-7f9204c5a000 r--p 00027000 103:02 4815185                   /usr/lib/libjxl_cms.so.0.12.0
7f9204c5a000-7f9204c5b000 rw-p 00028000 103:02 4815185                   /usr/lib/libjxl_cms.so.0.12.0
7f9204c5b000-7f9204c5f000 r--p 00000000 103:02 4758497                   /usr/lib/libbsd.so.0.12.2
7f9204c5f000-7f9204c6a000 r-xp 00004000 103:02 4758497                   /usr/lib/libbsd.so.0.12.2
7f9204c6a000-7f9204c6d000 r--p 0000f000 103:02 4758497                   /usr/lib/libbsd.so.0.12.2
7f9204c6d000-7f9204c6e000 r--p 00011000 103:02 4758497                   /usr/lib/libbsd.so.0.12.2
7f9204c6e000-7f9204c6f000 rw-p 00012000 103:02 4758497                   /usr/lib/libbsd.so.0.12.2
7f9204c6f000-7f9204c70000 rw-p 00000000 00:00 0 
7f9204c70000-7f9204c76000 r--p 00000000 103:02 4769212                   /usr/lib/libmodplug.so.1.0.0
7f9204c76000-7f9204cb4000 r-xp 00006000 103:02 4769212                   /usr/lib/libmodplug.so.1.0.0
7f9204cb4000-7f9204cc1000 r--p 00044000 103:02 4769212                   /usr/lib/libmodplug.so.1.0.0
7f9204cc1000-7f9204cc2000 r--p 00051000 103:02 4769212                   /usr/lib/libmodplug.so.1.0.0
7f9204cc2000-7f9204cc3000 rw-p 00052000 103:02 4769212                   /usr/lib/libmodplug.so.1.0.0
7f9204cc3000-7f9204e00000 rw-p 00000000 00:00 0 
7f9204e00000-7f9204e06000 r-xp 00000000 103:02 1313995                   /opt/cuda/targets/x86_64-linux/lib/libOpenCL.so.1.0.0
7f9204e06000-7f9205005000 ---p 00006000 103:02 1313995                   /opt/cuda/targets/x86_64-linux/lib/libOpenCL.so.1.0.0
7f9205005000-7f9205007000 r--p 00005000 103:02 1313995                   /opt/cuda/targets/x86_64-linux/lib/libOpenCL.so.1.0.0
7f9205007000-7f9205008000 rw-p 00007000 103:02 1313995                   /opt/cuda/targets/x86_64-linux/lib/libOpenCL.so.1.0.0
7f9205008000-7f9205009000 rw-s 00000000 00:07 1112                       /dev/nvidia0
7f9205009000-7f920500e000 rw-p 00000000 00:00 0 
7f920500e000-7f9205010000 r--p 00000000 103:02 4769556                   /usr/lib/libv4l2.so.0.0.0
7f9205010000-7f9205016000 r-xp 00002000 103:02 4769556                   /usr/lib/libv4l2.so.0.0.0
7f9205016000-7f9205018000 r--p 00008000 103:02 4769556                   /usr/lib/libv4l2.so.0.0.0
7f9205018000-7f9205019000 r--p 00009000 103:02 4769556                   /usr/lib/libv4l2.so.0.0.0
7f9205019000-7f920501d000 rw-p 0000a000 103:02 4769556                   /usr/lib/libv4l2.so.0.0.0
7f920501d000-7f9205020000 r--p 00000000 103:02 4769084                   /usr/lib/libiec61883.so.0.1.1
7f9205020000-7f9205027000 r-xp 00003000 103:02 4769084                   /usr/lib/libiec61883.so.0.1.1
7f9205027000-7f920502a000 r--p 0000a000 103:02 4769084                   /usr/lib/libiec61883.so.0.1.1
7f920502a000-7f920502b000 r--p 0000d000 103:02 4769084                   /usr/lib/libiec61883.so.0.1.1
7f920502b000-7f920502c000 rw-p 0000e000 103:02 4769084                   /usr/lib/libiec61883.so.0.1.1
7f920502c000-7f920502f000 r--p 00000000 103:02 4815220                   /usr/lib/liblz4.so.1.10.0
7f920502f000-7f920504d000 r-xp 00003000 103:02 4815220                   /usr/lib/liblz4.so.1.10.0
7f920504d000-7f920504f000 r--p 00021000 103:02 4815220                   /usr/lib/liblz4.so.1.10.0
7f920504f000-7f9205050000 r--p 00023000 103:02 4815220                   /usr/lib/liblz4.so.1.10.0
7f9205050000-7f9205051000 rw-p 00024000 103:02 4815220                   /usr/lib/liblz4.so.1.10.0
7f9205051000-7f9205055000 r--p 00000000 103:02 4750340                   /usr/lib/libngtcp2.so.16.11.0
7f9205055000-7f920509c000 r-xp 00004000 103:02 4750340                   /usr/lib/libngtcp2.so.16.11.0
7f920509c000-7f92050ab000 r--p 0004b000 103:02 4750340                   /usr/lib/libngtcp2.so.16.11.0
7f92050ab000-7f92050ac000 r--p 0005a000 103:02 4750340                   /usr/lib/libngtcp2.so.16.11.0
7f92050ac000-7f92050ad000 rw-p 0005b000 103:02 4750340                   /usr/lib/libngtcp2.so.16.11.0
7f92050ad000-7f92050b7000 r--p 00000000 103:02 4769595                   /usr/lib/libvmaf.so.3.2.0
7f92050b7000-7f9205113000 r-xp 0000a000 103:02 4769595                   /usr/lib/libvmaf.so.3.2.0
7f9205113000-7f9205126000 r--p 00066000 103:02 4769595                   /usr/lib/libvmaf.so.3.2.0
7f9205126000-7f9205129000 r--p 00079000 103:02 4769595                   /usr/lib/libvmaf.so.3.2.0
7f9205129000-7f92051c0000 rw-p 0007c000 103:02 4769595                   /usr/lib/libvmaf.so.3.2.0
7f92051c0000-7f9205200000 rw-p 00000000 00:00 0 
7f9205200000-7f920525f000 r--p 00000000 103:02 4835194                   /usr/lib/libx265.so.217
7f920525f000-7f9206677000 r-xp 0005f000 103:02 4835194                   /usr/lib/libx265.so.217
7f9206677000-7f92066fb000 r--p 01477000 103:02 4835194                   /usr/lib/libx265.so.217
7f92066fb000-7f9206710000 r--p 014fa000 103:02 4835194                   /usr/lib/libx265.so.217
7f9206710000-7f9206713000 rw-p 0150f000 103:02 4835194                   /usr/lib/libx265.so.217
7f9206713000-7f9206725000 rw-p 00000000 00:00 0 
7f9206725000-7f9206726000 rw-p 00000000 00:00 0 
7f9206726000-7f9206728000 rw-p 00000000 00:00 0 
7f9206728000-7f920672d000 r--p 00000000 103:02 4768962                   /usr/lib/libraw1394.so.11.1.0
7f920672d000-7f9206735000 r-xp 00005000 103:02 4768962                   /usr/lib/libraw1394.so.11.1.0
7f9206735000-7f9206738000 r--p 0000d000 103:02 4768962                   /usr/lib/libraw1394.so.11.1.0
7f9206738000-7f9206739000 r--p 0000f000 103:02 4768962                   /usr/lib/libraw1394.so.11.1.0
7f9206739000-7f920673a000 rw-p 00010000 103:02 4768962                   /usr/lib/libraw1394.so.11.1.0
7f920673a000-7f920673c000 r--p 00000000 103:02 4725865                   /usr/lib/libacl.so.1.2.2400
7f920673c000-7f9206742000 r-xp 00002000 103:02 4725865                   /usr/lib/libacl.so.1.2.2400
7f9206742000-7f9206744000 r--p 00008000 103:02 4725865                   /usr/lib/libacl.so.1.2.2400
7f9206744000-7f9206745000 r--p 00009000 103:02 4725865                   /usr/lib/libacl.so.1.2.2400
7f9206745000-7f9206746000 rw-p 0000a000 103:02 4725865                   /usr/lib/libacl.so.1.2.2400
7f9206746000-7f9206748000 r--p 00000000 103:02 4737828                   /usr/lib/libpsl.so.5.3.5
7f9206748000-7f920674a000 r-xp 00002000 103:02 4737828                   /usr/lib/libpsl.so.5.3.5
7f920674a000-7f9206758000 r--p 00004000 103:02 4737828                   /usr/lib/libpsl.so.5.3.5
7f9206758000-7f9206759000 r--p 00011000 103:02 4737828                   /usr/lib/libpsl.so.5.3.5
7f9206759000-7f920675a000 rw-p 00012000 103:02 4737828                   /usr/lib/libpsl.so.5.3.5
7f920675a000-7f9206778000 r--p 00000000 103:02 4770283                   /usr/lib/libdovi.so.3.4.0
7f9206778000-7f92067f7000 r-xp 0001d000 103:02 4770283                   /usr/lib/libdovi.so.3.4.0
7f92067f7000-7f92067ff000 r--p 0009b000 103:02 4770283                   /usr/lib/libdovi.so.3.4.0
7f92067ff000-7f9206800000 rw-p 000a2000 103:02 4770283                   /usr/lib/libdovi.so.3.4.0
7f9206800000-7f9206803000 r--p 00000000 103:02 4792842                   /usr/lib/libx264.so.165
7f9206803000-7f9206996000 r-xp 00003000 103:02 4792842                   /usr/lib/libx264.so.165
7f9206996000-7f92069cf000 r--p 00196000 103:02 4792842                   /usr/lib/libx264.so.165
7f92069cf000-7f92069d1000 r--p 001ce000 103:02 4792842                   /usr/lib/libx264.so.165
7f92069d1000-7f92069d2000 rw-p 001d0000 103:02 4792842                   /usr/lib/libx264.so.165
7f92069d2000-7f9206acb000 rw-p 00000000 00:00 0 
7f9206acb000-7f9206acc000 r--p 00000000 103:02 4745662                   /usr/lib/libharfbuzz-icu.so.0.61431.0
7f9206acc000-7f9206acd000 r-xp 00001000 103:02 4745662                   /usr/lib/libharfbuzz-icu.so.0.61431.0
7f9206acd000-7f9206ace000 r--p 00002000 103:02 4745662                   /usr/lib/libharfbuzz-icu.so.0.61431.0
7f9206ace000-7f9206acf000 r--p 00002000 103:02 4745662                   /usr/lib/libharfbuzz-icu.so.0.61431.0
7f9206acf000-7f9206ad0000 rw-p 00003000 103:02 4745662                   /usr/lib/libharfbuzz-icu.so.0.61431.0
7f9206ad0000-7f9206ad6000 r--p 00000000 103:02 4737856                   /usr/lib/libssh2.so.1.0.1
7f9206ad6000-7f9206b0e000 r-xp 00006000 103:02 4737856                   /usr/lib/libssh2.so.1.0.1
7f9206b0e000-7f9206b1b000 r--p 0003e000 103:02 4737856                   /usr/lib/libssh2.so.1.0.1
7f9206b1b000-7f9206b1d000 r--p 0004b000 103:02 4737856                   /usr/lib/libssh2.so.1.0.1
7f9206b1d000-7f9206b1e000 rw-p 0004d000 103:02 4737856                   /usr/lib/libssh2.so.1.0.1
7f9206b1e000-7f9206b60000 r--p 00000000 103:02 4757008                   /usr/lib/libzmq.so.5.2.5
7f9206b60000-7f9206bd4000 r-xp 00042000 103:02 4757008                   /usr/lib/libzmq.so.5.2.5
7f9206bd4000-7f9206bf5000 r--p 000b6000 103:02 4757008                   /usr/lib/libzmq.so.5.2.5
7f9206bf5000-7f9206bff000 r--p 000d6000 103:02 4757008                   /usr/lib/libzmq.so.5.2.5
7f9206bff000-7f9206c00000 rw-p 000e0000 103:02 4757008                   /usr/lib/libzmq.so.5.2.5
7f9206c00000-7f9206c04000 r--p 00000000 103:02 4817227                   /usr/lib/libSvtAv1Enc.so.4.2.0
7f9206c04000-7f9207066000 r-xp 00004000 103:02 4817227                   /usr/lib/libSvtAv1Enc.so.4.2.0
7f9207066000-7f920712a000 r--p 00466000 103:02 4817227                   /usr/lib/libSvtAv1Enc.so.4.2.0
7f920712a000-7f920712e000 r--p 00529000 103:02 4817227                   /usr/lib/libSvtAv1Enc.so.4.2.0
7f920712e000-7f9207130000 rw-p 0052d000 103:02 4817227                   /usr/lib/libSvtAv1Enc.so.4.2.0
7f9207130000-7f920f16e000 rw-p 00000000 00:00 0 
7f920f16e000-7f920f16f000 rw-s 00000000 00:07 1110                       /dev/nvidiactl
7f920f173000-7f920f177000 r--p 00000000 103:02 4750269                   /usr/lib/libnghttp2.so.14.29.5
7f920f177000-7f920f18d000 r-xp 00004000 103:02 4750269                   /usr/lib/libnghttp2.so.14.29.5
7f920f18d000-7f920f199000 r--p 0001a000 103:02 4750269                   /usr/lib/libnghttp2.so.14.29.5
7f920f199000-7f920f19c000 r--p 00025000 103:02 4750269                   /usr/lib/libnghttp2.so.14.29.5
7f920f19c000-7f920f19d000 rw-p 00028000 103:02 4750269                   /usr/lib/libnghttp2.so.14.29.5
7f920f19d000-7f920f19f000 r--p 00000000 103:02 4788171                   /usr/lib/libsoxr.so.0.1.2
7f920f19f000-7f920f1c3000 r-xp 00002000 103:02 4788171                   /usr/lib/libsoxr.so.0.1.2
7f920f1c3000-7f920f1c8000 r--p 00026000 103:02 4788171                   /usr/lib/libsoxr.so.0.1.2
7f920f1c8000-7f920f1ca000 r--p 0002a000 103:02 4788171                   /usr/lib/libsoxr.so.0.1.2
7f920f1ca000-7f920f1cb000 rw-p 0002c000 103:02 4788171                   /usr/lib/libsoxr.so.0.1.2
7f920f1cb000-7f920f200000 rw-p 00000000 00:00 0 
7f920f200000-7f920f288000 r--p 00000000 103:02 4812078                   /usr/lib/librav1e.so.0.8.1
7f920f288000-7f920f4ff000 r-xp 00087000 103:02 4812078                   /usr/lib/librav1e.so.0.8.1
7f920f4ff000-7f920f522000 r--p 002fd000 103:02 4812078                   /usr/lib/librav1e.so.0.8.1
7f920f522000-7f920f523000 rw-p 0031f000 103:02 4812078                   /usr/lib/librav1e.so.0.8.1
7f920f523000-7f920f524000 rw-p 00000000 00:00 0 
7f920f524000-7f920f526000 r--p 00000000 00:1a 53161                      /dev/shm/716e306c-95b7-4d19-95b4-1c569de03be9 (deleted)
7f920f526000-7f920f527000 rw-p 00000000 00:00 0 
7f920f527000-7f920f529000 r--p 00000000 103:02 4737748                   /usr/lib/libidn2.so.0.4.0
7f920f529000-7f920f52d000 r-xp 00002000 103:02 4737748                   /usr/lib/libidn2.so.0.4.0
7f920f52d000-7f920f547000 r--p 00006000 103:02 4737748                   /usr/lib/libidn2.so.0.4.0
7f920f547000-7f920f548000 r--p 0001f000 103:02 4737748                   /usr/lib/libidn2.so.0.4.0
7f920f548000-7f920f549000 rw-p 00020000 103:02 4737748                   /usr/lib/libidn2.so.0.4.0
7f920f549000-7f920f54c000 r--p 00000000 103:02 4750283                   /usr/lib/libnghttp3.so.9.9.0
7f920f54c000-7f920f561000 r-xp 00003000 103:02 4750283                   /usr/lib/libnghttp3.so.9.9.0
7f920f561000-7f920f56e000 r--p 00018000 103:02 4750283                   /usr/lib/libnghttp3.so.9.9.0
7f920f56e000-7f920f56f000 r--p 00024000 103:02 4750283                   /usr/lib/libnghttp3.so.9.9.0
7f920f56f000-7f920f571000 rw-p 00025000 103:02 4750283                   /usr/lib/libnghttp3.so.9.9.0
7f920f571000-7f920f57f000 r--p 00000000 103:02 4826263                   /usr/lib/libssh.so.4.12.0
7f920f57f000-7f920f5dc000 r-xp 0000e000 103:02 4826263                   /usr/lib/libssh.so.4.12.0
7f920f5dc000-7f920f5fc000 r--p 0006b000 103:02 4826263                   /usr/lib/libssh.so.4.12.0
7f920f5fc000-7f920f5fe000 r--p 0008b000 103:02 4826263                   /usr/lib/libssh.so.4.12.0
7f920f5fe000-7f920f600000 rw-p 0008d000 103:02 4826263                   /usr/lib/libssh.so.4.12.0
7f920f600000-7f920f603000 r--p 00000000 103:02 4816266                   /usr/lib/libopus.so.0.11.1
7f920f603000-7f920f678000 r-xp 00003000 103:02 4816266                   /usr/lib/libopus.so.0.11.1
7f920f678000-7f920f9f4000 r--p 00078000 103:02 4816266                   /usr/lib/libopus.so.0.11.1
7f920f9f4000-7f920f9f8000 r--p 003f3000 103:02 4816266                   /usr/lib/libopus.so.0.11.1
7f920f9f8000-7f920f9f9000 rw-p 003f7000 103:02 4816266                   /usr/lib/libopus.so.0.11.1
7f920f9f9000-7f920f9fa000 rw-p 00000000 00:00 0 
7f920f9fa000-7f920f9fc000 r--p 00000000 103:02 4726081                   /usr/lib/libcom_err.so.2.1
7f920f9fc000-7f920f9fd000 r-xp 00002000 103:02 4726081                   /usr/lib/libcom_err.so.2.1
7f920f9fd000-7f920f9fe000 r--p 00003000 103:02 4726081                   /usr/lib/libcom_err.so.2.1
7f920f9fe000-7f920f9ff000 r--p 00003000 103:02 4726081                   /usr/lib/libcom_err.so.2.1
7f920f9ff000-7f920fa00000 rw-p 00004000 103:02 4726081                   /usr/lib/libcom_err.so.2.1
7f920fa00000-7f920fa04000 r--p 00000000 103:02 4755238                   /usr/lib/libjxl.so.0.12.0
7f920fa04000-7f920fd49000 r-xp 00004000 103:02 4755238                   /usr/lib/libjxl.so.0.12.0
7f920fd49000-7f920fdaf000 r--p 00349000 103:02 4755238                   /usr/lib/libjxl.so.0.12.0
7f920fdaf000-7f920fdb7000 r--p 003ae000 103:02 4755238                   /usr/lib/libjxl.so.0.12.0
7f920fdb7000-7f920fdb8000 rw-p 003b6000 103:02 4755238                   /usr/lib/libjxl.so.0.12.0
7f920fdb8000-7f920fe36000 rw-p 00000000 00:00 0 
7f920fe3a000-7f920fe3c000 r--p 00000000 103:02 4751858                   /usr/lib/libxcb-shape.so.0.0.0
7f920fe3c000-7f920fe3d000 r-xp 00002000 103:02 4751858                   /usr/lib/libxcb-shape.so.0.0.0
7f920fe3d000-7f920fe3e000 r--p 00003000 103:02 4751858                   /usr/lib/libxcb-shape.so.0.0.0
7f920fe3e000-7f920fe3f000 r--p 00003000 103:02 4751858                   /usr/lib/libxcb-shape.so.0.0.0
7f920fe3f000-7f920fe40000 rw-p 00004000 103:02 4751858                   /usr/lib/libxcb-shape.so.0.0.0
7f920fe40000-7f920fe43000 r--p 00000000 103:02 4757522                   /usr/lib/libngtcp2_crypto_ossl.so.0.3.1
7f920fe43000-7f920fe49000 r-xp 00003000 103:02 4757522                   /usr/lib/libngtcp2_crypto_ossl.so.0.3.1
7f920fe49000-7f920fe4b000 r--p 00009000 103:02 4757522                   /usr/lib/libngtcp2_crypto_ossl.so.0.3.1
7f920fe4b000-7f920fe4c000 r--p 0000a000 103:02 4757522                   /usr/lib/libngtcp2_crypto_ossl.so.0.3.1
7f920fe4c000-7f920fe4d000 rw-p 0000b000 103:02 4757522                   /usr/lib/libngtcp2_crypto_ossl.so.0.3.1
7f920fe4d000-7f920fe5e000 r--p 00000000 103:02 4725963                   /usr/lib/libgmp.so.10.5.0
7f920fe5e000-7f920fedc000 r-xp 00011000 103:02 4725963                   /usr/lib/libgmp.so.10.5.0
7f920fedc000-7f920fef1000 r--p 0008f000 103:02 4725963                   /usr/lib/libgmp.so.10.5.0
7f920fef1000-7f920fef3000 r--p 000a3000 103:02 4725963                   /usr/lib/libgmp.so.10.5.0
7f920fef3000-7f920fef4000 rw-p 000a5000 103:02 4725963                   /usr/lib/libgmp.so.10.5.0
7f920fef4000-7f920fef5000 r--p 00000000 103:02 4836934                   /usr/lib/libxvidcore.so.4.3
7f920fef5000-7f920ff7d000 r-xp 00001000 103:02 4836934                   /usr/lib/libxvidcore.so.4.3
7f920ff7d000-7f920ff8c000 r--p 00089000 103:02 4836934                   /usr/lib/libxvidcore.so.4.3
7f920ff8c000-7f920ff8d000 r--p 00097000 103:02 4836934                   /usr/lib/libxvidcore.so.4.3
7f920ff8d000-7f920ff97000 rw-p 00098000 103:02 4836934                   /usr/lib/libxvidcore.so.4.3
7f920ff97000-7f9210000000 rw-p 00000000 00:00 0 
7f9210000000-7f9210003000 r--p 00000000 103:02 4744981                   /usr/lib/libaom.so.3.14.1
7f9210003000-7f92107a2000 r-xp 00003000 103:02 4744981                   /usr/lib/libaom.so.3.14.1
7f92107a2000-7f9210879000 r--p 007a2000 103:02 4744981                   /usr/lib/libaom.so.3.14.1
7f9210879000-7f921088a000 r--p 00879000 103:02 4744981                   /usr/lib/libaom.so.3.14.1
7f921088a000-7f921088c000 rw-p 0088a000 103:02 4744981                   /usr/lib/libaom.so.3.14.1
7f921088c000-7f92108e3000 rw-p 00000000 00:00 0 
7f92108e3000-7f92108e4000 r--s 00000000 00:07 1110                       /dev/nvidiactl
7f92108e6000-7f92108e8000 r--p 00000000 103:02 4768973                   /usr/lib/libavc1394.so.0.3.0
7f92108e8000-7f92108ea000 r-xp 00002000 103:02 4768973                   /usr/lib/libavc1394.so.0.3.0
7f92108ea000-7f92108eb000 r--p 00004000 103:02 4768973                   /usr/lib/libavc1394.so.0.3.0
7f92108eb000-7f92108ec000 r--p 00004000 103:02 4768973                   /usr/lib/libavc1394.so.0.3.0
7f92108ec000-7f92108ed000 rw-p 00005000 103:02 4768973                   /usr/lib/libavc1394.so.0.3.0
7f92108ed000-7f92108ef000 r--p 00000000 103:02 4835240                   /usr/lib/libglslang-default-resource-limits.so.16.4.0
7f92108ef000-7f92108f3000 r-xp 00002000 103:02 4835240                   /usr/lib/libglslang-default-resource-limits.so.16.4.0
7f92108f3000-7f92108f5000 r--p 00006000 103:02 4835240                   /usr/lib/libglslang-default-resource-limits.so.16.4.0
7f92108f5000-7f92108f6000 r--p 00008000 103:02 4835240                   /usr/lib/libglslang-default-resource-limits.so.16.4.0
7f92108f6000-7f92108f7000 rw-p 00009000 103:02 4835240                   /usr/lib/libglslang-default-resource-limits.so.16.4.0
7f92108f7000-7f92108fc000 r--p 00000000 103:02 4743300                   /usr/lib/libshaderc_shared.so.1
7f92108fc000-7f921090f000 r-xp 00005000 103:02 4743300                   /usr/lib/libshaderc_shared.so.1
7f921090f000-7f9210913000 r--p 00018000 103:02 4743300                   /usr/lib/libshaderc_shared.so.1
7f9210913000-7f9210914000 r--p 0001b000 103:02 4743300                   /usr/lib/libshaderc_shared.so.1
7f9210914000-7f9210915000 rw-p 0001c000 103:02 4743300                   /usr/lib/libshaderc_shared.so.1
7f9210915000-7f9210919000 r--p 00000000 103:02 4837269                   /usr/lib/libvpl.so.2.17
7f9210919000-7f9210963000 r-xp 00004000 103:02 4837269                   /usr/lib/libvpl.so.2.17
7f9210963000-7f9210976000 r--p 0004e000 103:02 4837269                   /usr/lib/libvpl.so.2.17
7f9210976000-7f9210978000 r--p 00060000 103:02 4837269                   /usr/lib/libvpl.so.2.17
7f9210978000-7f9210979000 rw-p 00062000 103:02 4837269                   /usr/lib/libvpl.so.2.17
7f9210979000-7f921097c000 r--p 00000000 103:02 4755359                   /usr/lib/libwebp.so.7.2.0
7f921097c000-7f92109ed000 r-xp 00003000 103:02 4755359                   /usr/lib/libwebp.so.7.2.0
7f92109ed000-7f92109fd000 r--p 00074000 103:02 4755359                   /usr/lib/libwebp.so.7.2.0
7f92109fd000-7f92109fe000 r--p 00083000 103:02 4755359                   /usr/lib/libwebp.so.7.2.0
7f92109fe000-7f92109ff000 rw-p 00084000 103:02 4755359                   /usr/lib/libwebp.so.7.2.0
7f92109ff000-7f9210a00000 rw-p 00000000 00:00 0 
7f9210a00000-7f9210a09000 r--p 00000000 103:02 4814627                   /usr/lib/librsvg-2.so.2.62.3
7f9210a09000-7f9210d0e000 r-xp 00009000 103:02 4814627                   /usr/lib/librsvg-2.so.2.62.3
7f9210d0e000-7f9210e1e000 r--p 0030e000 103:02 4814627                   /usr/lib/librsvg-2.so.2.62.3
7f9210e1e000-7f9210e8e000 r--p 0041d000 103:02 4814627                   /usr/lib/librsvg-2.so.2.62.3
7f9210e8e000-7f9210e8f000 rw-p 0048d000 103:02 4814627                   /usr/lib/librsvg-2.so.2.62.3
7f9210e94000-7f9210e96000 r--p 00000000 103:02 4763199                   /usr/lib/libunwind.so.8.2.0
7f9210e96000-7f9210ea1000 r-xp 00002000 103:02 4763199                   /usr/lib/libunwind.so.8.2.0
7f9210ea1000-7f9210ea3000 r--p 0000d000 103:02 4763199                   /usr/lib/libunwind.so.8.2.0
7f9210ea3000-7f9210ea4000 r--p 0000e000 103:02 4763199                   /usr/lib/libunwind.so.8.2.0
7f9210ea4000-7f9210ea5000 rw-p 0000f000 103:02 4763199                   /usr/lib/libunwind.so.8.2.0
7f9210ea5000-7f9210eaf000 rw-p 00000000 00:00 0 
7f9210eaf000-7f9210eb2000 r--p 00000000 103:02 4773735                   /usr/lib/libdvdread.so.8.2.0
7f9210eb2000-7f9210ed0000 r-xp 00003000 103:02 4773735                   /usr/lib/libdvdread.so.8.2.0
7f9210ed0000-7f9210ed9000 r--p 00021000 103:02 4773735                   /usr/lib/libdvdread.so.8.2.0
7f9210ed9000-7f9210eda000 r--p 0002a000 103:02 4773735                   /usr/lib/libdvdread.so.8.2.0
7f9210eda000-7f9210edb000 rw-p 0002b000 103:02 4773735                   /usr/lib/libdvdread.so.8.2.0
7f9210edb000-7f9210ee0000 r--p 00000000 103:02 4769333                   /usr/lib/libvidstab.so.1.2
7f9210ee0000-7f9210eec000 r-xp 00005000 103:02 4769333                   /usr/lib/libvidstab.so.1.2
7f9210eec000-7f9210ef0000 r--p 00011000 103:02 4769333                   /usr/lib/libvidstab.so.1.2
7f9210ef0000-7f9210ef1000 r--p 00014000 103:02 4769333                   /usr/lib/libvidstab.so.1.2
7f9210ef1000-7f9210ef2000 rw-p 00015000 103:02 4769333                   /usr/lib/libvidstab.so.1.2
7f9210ef2000-7f9210ef3000 r--p 00000000 103:02 4769018                   /usr/lib/libvorbisenc.so.2.0.12
7f9210ef3000-7f9210ef6000 r-xp 00001000 103:02 4769018                   /usr/lib/libvorbisenc.so.2.0.12
7f9210ef6000-7f9210f6d000 r--p 00004000 103:02 4769018                   /usr/lib/libvorbisenc.so.2.0.12
7f9210f6d000-7f9210f89000 r--p 0007a000 103:02 4769018                   /usr/lib/libvorbisenc.so.2.0.12
7f9210f89000-7f9210f8a000 rw-p 00096000 103:02 4769018                   /usr/lib/libvorbisenc.so.2.0.12
7f9210f8a000-7f9210f8d000 r--p 00000000 103:02 4769013                   /usr/lib/libvorbis.so.0.4.9
7f9210f8d000-7f9210fa5000 r-xp 00003000 103:02 4769013                   /usr/lib/libvorbis.so.0.4.9
7f9210fa5000-7f9210fb6000 r--p 0001b000 103:02 4769013                   /usr/lib/libvorbis.so.0.4.9
7f9210fb6000-7f9210fb7000 r--p 0002b000 103:02 4769013                   /usr/lib/libvorbis.so.0.4.9
7f9210fb7000-7f9210fb8000 rw-p 0002c000 103:02 4769013                   /usr/lib/libvorbis.so.0.4.9
7f9210fb8000-7f9210fba000 r--p 00000000 103:02 4769303                   /usr/lib/libtheoradec.so.2.1.1
7f9210fba000-7f9210fcc000 r-xp 00002000 103:02 4769303                   /usr/lib/libtheoradec.so.2.1.1
7f9210fcc000-7f9210fce000 r--p 00014000 103:02 4769303                   /usr/lib/libtheoradec.so.2.1.1
7f9210fce000-7f9210fcf000 r--p 00015000 103:02 4769303                   /usr/lib/libtheoradec.so.2.1.1
7f9210fcf000-7f9210fd0000 rw-p 00016000 103:02 4769303                   /usr/lib/libtheoradec.so.2.1.1
7f9210fd0000-7f9210fd1000 r--p 00000000 103:02 4816286                   /usr/lib/libtheoraenc.so.2.2.1
7f9210fd1000-7f9210ff5000 r-xp 00001000 103:02 4816286                   /usr/lib/libtheoraenc.so.2.2.1
7f9210ff5000-7f9211001000 r--p 00025000 103:02 4816286                   /usr/lib/libtheoraenc.so.2.2.1
7f9211001000-7f9211002000 r--p 00030000 103:02 4816286                   /usr/lib/libtheoraenc.so.2.2.1
7f9211002000-7f9211003000 rw-p 00031000 103:02 4816286                   /usr/lib/libtheoraenc.so.2.2.1
7f9211003000-7f9211005000 r--p 00000000 103:02 4769495                   /usr/lib/libspeex.so.1.5.2
7f9211005000-7f9211018000 r-xp 00002000 103:02 4769495                   /usr/lib/libspeex.so.1.5.2
7f9211018000-7f921101d000 r--p 00015000 103:02 4769495                   /usr/lib/libspeex.so.1.5.2
7f921101d000-7f921101e000 r--p 0001a000 103:02 4769495                   /usr/lib/libspeex.so.1.5.2
7f921101e000-7f921101f000 rw-p 0001b000 103:02 4769495                   /usr/lib/libspeex.so.1.5.2
7f921101f000-7f9211021000 r--p 00000000 103:02 4817089                   /usr/lib/libdav1d.so.7.0.0
7f9211021000-7f921119f000 r-xp 00002000 103:02 4817089                   /usr/lib/libdav1d.so.7.0.0
7f921119f000-7f92111d7000 r--p 00180000 103:02 4817089                   /usr/lib/libdav1d.so.7.0.0
7f92111d7000-7f92111db000 r--p 001b7000 103:02 4817089                   /usr/lib/libdav1d.so.7.0.0
7f92111db000-7f92111dc000 rw-p 001bb000 103:02 4817089                   /usr/lib/libdav1d.so.7.0.0
7f92111dc000-7f9211200000 rw-p 00000000 00:00 0 
7f9211200000-7f9211202000 r--p 00000000 103:02 4817225                   /usr/lib/libvpx.so.12.0.0
7f9211202000-7f92114f0000 r-xp 00002000 103:02 4817225                   /usr/lib/libvpx.so.12.0.0
7f92114f0000-7f9211525000 r--p 002f0000 103:02 4817225                   /usr/lib/libvpx.so.12.0.0
7f9211525000-7f9211528000 r--p 00325000 103:02 4817225                   /usr/lib/libvpx.so.12.0.0
7f9211528000-7f9211529000 rw-p 00328000 103:02 4817225                   /usr/lib/libvpx.so.12.0.0
7f9211529000-7f9211530000 rw-p 00000000 00:00 0 
7f9211532000-7f9211534000 r--p 00000000 103:02 4769073                   /usr/lib/libbs2b.so.0.0.0
7f9211534000-7f9211537000 r-xp 00002000 103:02 4769073                   /usr/lib/libbs2b.so.0.0.0
7f9211537000-7f9211538000 r--p 00005000 103:02 4769073                   /usr/lib/libbs2b.so.0.0.0
7f9211538000-7f9211539000 r--p 00005000 103:02 4769073                   /usr/lib/libbs2b.so.0.0.0
7f9211539000-7f921153a000 rw-p 00006000 103:02 4769073                   /usr/lib/libbs2b.so.0.0.0
7f921153a000-7f9211541000 r--p 00000000 103:02 4755382                   /usr/lib/libopenjp2.so.2.5.4
7f9211541000-7f9211599000 r-xp 00007000 103:02 4755382                   /usr/lib/libopenjp2.so.2.5.4
7f9211599000-7f92115ab000 r--p 0005f000 103:02 4755382                   /usr/lib/libopenjp2.so.2.5.4
7f92115ab000-7f92115ad000 r--p 00071000 103:02 4755382                   /usr/lib/libopenjp2.so.2.5.4
7f92115ad000-7f92115ae000 rw-p 00073000 103:02 4755382                   /usr/lib/libopenjp2.so.2.5.4
7f92115ae000-7f92115af000 r--p 00000000 103:02 4769453                   /usr/lib/libopencore-amrnb.so.0.0.5
7f92115af000-7f92115cc000 r-xp 00001000 103:02 4769453                   /usr/lib/libopencore-amrnb.so.0.0.5
7f92115cc000-7f92115d6000 r--p 0001e000 103:02 4769453                   /usr/lib/libopencore-amrnb.so.0.0.5
7f92115d6000-7f92115d7000 r--p 00027000 103:02 4769453                   /usr/lib/libopencore-amrnb.so.0.0.5
7f92115d7000-7f92115d8000 rw-p 00028000 103:02 4769453                   /usr/lib/libopencore-amrnb.so.0.0.5
7f92115d8000-7f92115dd000 r--p 00000000 103:02 4818072                   /usr/lib/libmp3lame.so.0.0.0
7f92115dd000-7f9211606000 r-xp 00005000 103:02 4818072                   /usr/lib/libmp3lame.so.0.0.0
7f9211606000-7f9211613000 r--p 0002e000 103:02 4818072                   /usr/lib/libmp3lame.so.0.0.0
7f9211613000-7f9211614000 r--p 0003b000 103:02 4818072                   /usr/lib/libmp3lame.so.0.0.0
7f9211614000-7f9211615000 rw-p 0003c000 103:02 4818072                   /usr/lib/libmp3lame.so.0.0.0
7f9211615000-7f9211626000 rw-p 00000000 00:00 0 
7f9211626000-7f9211627000 r--p 00000000 103:02 4788175                   /usr/lib/libopencore-amrwb.so.0.0.5
7f9211627000-7f9211633000 r-xp 00001000 103:02 4788175                   /usr/lib/libopencore-amrwb.so.0.0.5
7f9211633000-7f921163a000 r--p 0000d000 103:02 4788175                   /usr/lib/libopencore-amrwb.so.0.0.5
7f921163a000-7f921163b000 r--p 00013000 103:02 4788175                   /usr/lib/libopencore-amrwb.so.0.0.5
7f921163b000-7f921163c000 rw-p 00014000 103:02 4788175                   /usr/lib/libopencore-amrwb.so.0.0.5
7f921163c000-7f9211640000 r--p 00000000 103:02 4733684                   /usr/lib/liblzma.so.5.8.3
7f9211640000-7f9211664000 r-xp 00004000 103:02 4733684                   /usr/lib/liblzma.so.5.8.3
7f9211664000-7f921166f000 r--p 00028000 103:02 4733684                   /usr/lib/liblzma.so.5.8.3
7f921166f000-7f9211670000 r--p 00033000 103:02 4733684                   /usr/lib/liblzma.so.5.8.3
7f9211670000-7f9211671000 rw-p 00034000 103:02 4733684                   /usr/lib/liblzma.so.5.8.3
7f9211671000-7f9211672000 r--p 00000000 103:02 4763771                   /usr/lib/libunibreak.so.7.0.0
7f9211672000-7f9211675000 r-xp 00001000 103:02 4763771                   /usr/lib/libunibreak.so.7.0.0
7f9211675000-7f9211692000 r--p 00004000 103:02 4763771                   /usr/lib/libunibreak.so.7.0.0
7f9211692000-7f9211693000 r--p 00020000 103:02 4763771                   /usr/lib/libunibreak.so.7.0.0
7f9211693000-7f9211694000 rw-p 00021000 103:02 4763771                   /usr/lib/libunibreak.so.7.0.0
7f9211694000-7f9211697000 r--p 00000000 103:02 4837263                   /usr/lib/libva.so.2.2400.0
7f9211697000-7f92116b9000 r-xp 00003000 103:02 4837263                   /usr/lib/libva.so.2.2400.0
7f92116b9000-7f92116cc000 r--p 00025000 103:02 4837263                   /usr/lib/libva.so.2.2400.0
7f92116cc000-7f92116cd000 r--p 00038000 103:02 4837263                   /usr/lib/libva.so.2.2400.0
7f92116cd000-7f92116ce000 rw-p 00039000 103:02 4837263                   /usr/lib/libva.so.2.2400.0
7f92116ce000-7f92116d5000 r--p 00000000 103:02 4771963                   /usr/lib/libvulkan.so.1.4.357
7f92116d5000-7f9211734000 r-xp 00007000 103:02 4771963                   /usr/lib/libvulkan.so.1.4.357
7f9211734000-7f9211769000 r--p 00066000 103:02 4771963                   /usr/lib/libvulkan.so.1.4.357
7f9211769000-7f921176b000 r--p 0009a000 103:02 4771963                   /usr/lib/libvulkan.so.1.4.357
7f921176b000-7f921176c000 rw-p 0009c000 103:02 4771963                   /usr/lib/libvulkan.so.1.4.357
7f921176c000-7f9211772000 r--p 00000000 103:02 4774588                   /usr/lib/libsixel.so.1.0.0
7f9211772000-7f9211797000 r-xp 00006000 103:02 4774588                   /usr/lib/libsixel.so.1.0.0
7f9211797000-7f92117a0000 r--p 0002b000 103:02 4774588                   /usr/lib/libsixel.so.1.0.0
7f92117a0000-7f92117b7000 r--p 00033000 103:02 4774588                   /usr/lib/libsixel.so.1.0.0
7f92117b7000-7f92117b8000 rw-p 0004a000 103:02 4774588                   /usr/lib/libsixel.so.1.0.0
7f92117b8000-7f92117bd000 r--p 00000000 103:02 4748352                   /usr/lib/libjpeg.so.8.3.2
7f92117bd000-7f9211837000 r-xp 00005000 103:02 4748352                   /usr/lib/libjpeg.so.8.3.2
7f9211837000-7f921185e000 r--p 0007f000 103:02 4748352                   /usr/lib/libjpeg.so.8.3.2
7f921185e000-7f921185f000 r--p 000a6000 103:02 4748352                   /usr/lib/libjpeg.so.8.3.2
7f921185f000-7f9211860000 rw-p 000a7000 103:02 4748352                   /usr/lib/libjpeg.so.8.3.2
7f9211860000-7f9211868000 r--p 00000000 103:02 4777398                   /usr/lib/libcaca.so.0.99.20
7f9211868000-7f9211882000 r-xp 00008000 103:02 4777398                   /usr/lib/libcaca.so.0.99.20
7f9211882000-7f921192d000 r--p 00022000 103:02 4777398                   /usr/lib/libcaca.so.0.99.20
7f921192d000-7f921192f000 r--p 000cc000 103:02 4777398                   /usr/lib/libcaca.so.0.99.20
7f921192f000-7f9211930000 rw-p 000ce000 103:02 4777398                   /usr/lib/libcaca.so.0.99.20
7f9211930000-7f921193d000 r--p 00000000 103:02 4751534                   /usr/lib/libpipewire-0.3.so.0.1608.0
7f921193d000-7f92119c4000 r-xp 0000d000 103:02 4751534                   /usr/lib/libpipewire-0.3.so.0.1608.0
7f92119c4000-7f92119e2000 r--p 00094000 103:02 4751534                   /usr/lib/libpipewire-0.3.so.0.1608.0
7f92119e2000-7f92119fe000 r--p 000b2000 103:02 4751534                   /usr/lib/libpipewire-0.3.so.0.1608.0
7f92119fe000-7f92119ff000 rw-p 000ce000 103:02 4751534                   /usr/lib/libpipewire-0.3.so.0.1608.0
7f92119ff000-7f9211a00000 rw-p 00000000 00:00 0 
7f9211a00000-7f9211a03000 r--p 00000000 103:02 4771718                   /usr/lib/libswscale.so.10.1.101
7f9211a03000-7f9211bdc000 r-xp 00003000 103:02 4771718                   /usr/lib/libswscale.so.10.1.101
7f9211bdc000-7f9211bfa000 r--p 001dc000 103:02 4771718                   /usr/lib/libswscale.so.10.1.101
7f9211bfa000-7f9211c0e000 r--p 001f9000 103:02 4771718                   /usr/lib/libswscale.so.10.1.101
7f9211c0e000-7f9211c0f000 rw-p 0020d000 103:02 4771718                   /usr/lib/libswscale.so.10.1.101
7f9211c0f000-7f9211c53000 rw-p 00000000 00:00 0 
7f9211c53000-7f9211c54000 r--p 00000000 103:02 4768976                   /usr/lib/librom1394.so.0.3.0
7f9211c54000-7f9211c56000 r-xp 00001000 103:02 4768976                   /usr/lib/librom1394.so.0.3.0
7f9211c56000-7f9211c57000 r--p 00003000 103:02 4768976                   /usr/lib/librom1394.so.0.3.0
7f9211c57000-7f9211c58000 r--p 00003000 103:02 4768976                   /usr/lib/librom1394.so.0.3.0
7f9211c58000-7f9211c59000 rw-p 00004000 103:02 4768976                   /usr/lib/librom1394.so.0.3.0
7f9211c59000-7f9211c5b000 r--p 00000000 103:02 4767530                   /usr/lib/libgsm.so.1.0.22
7f9211c5b000-7f9211c65000 r-xp 00002000 103:02 4767530                   /usr/lib/libgsm.so.1.0.22
7f9211c65000-7f9211c66000 r--p 0000c000 103:02 4767530                   /usr/lib/libgsm.so.1.0.22
7f9211c66000-7f9211c67000 r--p 0000d000 103:02 4767530                   /usr/lib/libgsm.so.1.0.22
7f9211c67000-7f9211c68000 rw-p 0000e000 103:02 4767530                   /usr/lib/libgsm.so.1.0.22
7f9211c68000-7f9211c74000 r--p 00000000 103:02 4769245                   /usr/lib/libpulse.so.0.24.3
7f9211c74000-7f9211ca4000 r-xp 0000c000 103:02 4769245                   /usr/lib/libpulse.so.0.24.3
7f9211ca4000-7f9211cb5000 r--p 0003c000 103:02 4769245                   /usr/lib/libpulse.so.0.24.3
7f9211cb5000-7f9211cb7000 r--p 0004c000 103:02 4769245                   /usr/lib/libpulse.so.0.24.3
7f9211cb7000-7f9211cb8000 rw-p 0004e000 103:02 4769245                   /usr/lib/libpulse.so.0.24.3
7f9211cb8000-7f9211cbf000 r--p 00000000 103:02 4768939                   /usr/lib/libjack.so.0.1.0
7f9211cbf000-7f9211ced000 r-xp 00007000 103:02 4768939                   /usr/lib/libjack.so.0.1.0
7f9211ced000-7f9211d03000 r--p 00035000 103:02 4768939                   /usr/lib/libjack.so.0.1.0
7f9211d03000-7f9211d06000 r--p 0004a000 103:02 4768939                   /usr/lib/libjack.so.0.1.0
7f9211d06000-7f9211d07000 rw-p 0004d000 103:02 4768939                   /usr/lib/libjack.so.0.1.0
7f9211d07000-7f9211d29000 r--p 00000000 103:02 4743150                   /usr/lib/libasound.so.2.0.0
7f9211d29000-7f9211dc9000 r-xp 00022000 103:02 4743150                   /usr/lib/libasound.so.2.0.0
7f9211dc9000-7f9211df7000 r--p 000c2000 103:02 4743150                   /usr/lib/libasound.so.2.0.0
7f9211df7000-7f9211dff000 r--p 000f0000 103:02 4743150                   /usr/lib/libasound.so.2.0.0
7f9211dff000-7f9211e00000 rw-p 000f8000 103:02 4743150                   /usr/lib/libasound.so.2.0.0
7f9211e00000-7f9211e0d000 r--p 00000000 103:02 4755479                   /usr/lib/libavutil.so.61.1.101
7f9211e0d000-7f9211ef7000 r-xp 0000d000 103:02 4755479                   /usr/lib/libavutil.so.61.1.101
7f9211ef7000-7f9211f21000 r--p 000f7000 103:02 4755479                   /usr/lib/libavutil.so.61.1.101
7f9211f21000-7f9211f37000 r--p 00120000 103:02 4755479                   /usr/lib/libavutil.so.61.1.101
7f9211f37000-7f9211f38000 rw-p 00136000 103:02 4755479                   /usr/lib/libavutil.so.61.1.101
7f9211f38000-7f9212047000 rw-p 00000000 00:00 0 
7f921204b000-7f921204e000 r--p 00000000 103:02 4767560                   /usr/lib/libdisplay-info.so.0.3.0
7f921204e000-7f9212066000 r-xp 00003000 103:02 4767560                   /usr/lib/libdisplay-info.so.0.3.0
7f9212066000-7f9212082000 r--p 0001b000 103:02 4767560                   /usr/lib/libdisplay-info.so.0.3.0
7f9212082000-7f9212083000 r--p 00036000 103:02 4767560                   /usr/lib/libdisplay-info.so.0.3.0
7f9212083000-7f9212084000 rw-p 00037000 103:02 4767560                   /usr/lib/libdisplay-info.so.0.3.0
7f9212084000-7f9212087000 r--p 00000000 103:02 4769435                   /usr/lib/libzimg.so.2.0.0
7f9212087000-7f9212101000 r-xp 00003000 103:02 4769435                   /usr/lib/libzimg.so.2.0.0
7f9212101000-7f9212113000 r--p 0007d000 103:02 4769435                   /usr/lib/libzimg.so.2.0.0
7f9212113000-7f9212117000 r--p 0008e000 103:02 4769435                   /usr/lib/libzimg.so.2.0.0
7f9212117000-7f9212118000 rw-p 00092000 103:02 4769435                   /usr/lib/libzimg.so.2.0.0
7f9212118000-7f9212127000 r--p 00000000 103:02 4737468                   /usr/lib/libarchive.so.13.8.9
7f9212127000-7f92121d1000 r-xp 0000f000 103:02 4737468                   /usr/lib/libarchive.so.13.8.9
7f92121d1000-7f92121fb000 r--p 000b9000 103:02 4737468                   /usr/lib/libarchive.so.13.8.9
7f92121fb000-7f92121ff000 r--p 000e3000 103:02 4737468                   /usr/lib/libarchive.so.13.8.9
7f92121ff000-7f9212200000 rw-p 000e7000 103:02 4737468                   /usr/lib/libarchive.so.13.8.9
7f9212200000-7f9212212000 r--p 00000000 103:02 4754446                   /usr/lib/libavformat.so.63.1.101
7f9212212000-7f921245e000 r-xp 00012000 103:02 4754446                   /usr/lib/libavformat.so.63.1.101
7f921245e000-7f92124eb000 r--p 0025e000 103:02 4754446                   /usr/lib/libavformat.so.63.1.101
7f92124eb000-7f9212525000 r--p 002ea000 103:02 4754446                   /usr/lib/libavformat.so.63.1.101
7f9212525000-7f9212526000 rw-p 00324000 103:02 4754446                   /usr/lib/libavformat.so.63.1.101
7f9212526000-7f9212527000 r--p 00000000 103:02 7880804                   /usr/lib/jvm/java-26-openjdk/lib/libsyslookup.so
7f9212527000-7f9212528000 r-xp 00001000 103:02 7880804                   /usr/lib/jvm/java-26-openjdk/lib/libsyslookup.so
7f9212528000-7f9212529000 r--p 00002000 103:02 7880804                   /usr/lib/jvm/java-26-openjdk/lib/libsyslookup.so
7f9212529000-7f921252a000 r--p 00002000 103:02 7880804                   /usr/lib/jvm/java-26-openjdk/lib/libsyslookup.so
7f921252a000-7f921252b000 rw-p 00003000 103:02 7880804                   /usr/lib/jvm/java-26-openjdk/lib/libsyslookup.so
7f921252b000-7f921252e000 r--p 00000000 103:02 4846487                   /usr/lib/libsnappy.so.1.2.2
7f921252e000-7f9212535000 r-xp 00003000 103:02 4846487                   /usr/lib/libsnappy.so.1.2.2
7f9212535000-7f9212538000 r--p 0000a000 103:02 4846487                   /usr/lib/libsnappy.so.1.2.2
7f9212538000-7f9212539000 r--p 0000c000 103:02 4846487                   /usr/lib/libsnappy.so.1.2.2
7f9212539000-7f921253a000 rw-p 0000d000 103:02 4846487                   /usr/lib/libsnappy.so.1.2.2
7f921253a000-7f921253c000 r--p 00000000 103:02 4763355                   /usr/lib/libwebpmux.so.3.1.2
7f921253c000-7f9212543000 r-xp 00002000 103:02 4763355                   /usr/lib/libwebpmux.so.3.1.2
7f9212543000-7f9212544000 r--p 00009000 103:02 4763355                   /usr/lib/libwebpmux.so.3.1.2
7f9212544000-7f9212545000 r--p 0000a000 103:02 4763355                   /usr/lib/libwebpmux.so.3.1.2
7f9212545000-7f9212546000 rw-p 0000b000 103:02 4763355                   /usr/lib/libwebpmux.so.3.1.2
7f9212546000-7f9212548000 r--p 00000000 103:02 4816290                   /usr/lib/libva-x11.so.2.2400.0
7f9212548000-7f921254b000 r-xp 00002000 103:02 4816290                   /usr/lib/libva-x11.so.2.2400.0
7f921254b000-7f921254c000 r--p 00005000 103:02 4816290                   /usr/lib/libva-x11.so.2.2400.0
7f921254c000-7f921254d000 r--p 00005000 103:02 4816290                   /usr/lib/libva-x11.so.2.2400.0
7f921254d000-7f921254e000 rw-p 00006000 103:02 4816290                   /usr/lib/libva-x11.so.2.2400.0
7f921254e000-7f9212550000 r--p 00000000 103:02 4799670                   /usr/lib/libva-wayland.so.2.2400.0
7f9212550000-7f9212552000 r-xp 00002000 103:02 4799670                   /usr/lib/libva-wayland.so.2.2400.0
7f9212552000-7f9212553000 r--p 00004000 103:02 4799670                   /usr/lib/libva-wayland.so.2.2400.0
7f9212553000-7f9212554000 r--p 00005000 103:02 4799670                   /usr/lib/libva-wayland.so.2.2400.0
7f9212554000-7f9212555000 rw-p 00006000 103:02 4799670                   /usr/lib/libva-wayland.so.2.2400.0
7f9212555000-7f9212558000 r--p 00000000 103:02 4777462                   /usr/lib/libsndio.so.7.3
7f9212558000-7f9212561000 r-xp 00003000 103:02 4777462                   /usr/lib/libsndio.so.7.3
7f9212561000-7f9212564000 r--p 0000c000 103:02 4777462                   /usr/lib/libsndio.so.7.3
7f9212564000-7f9212565000 r--p 0000f000 103:02 4777462                   /usr/lib/libsndio.so.7.3
7f9212565000-7f9212566000 rw-p 00010000 103:02 4777462                   /usr/lib/libsndio.so.7.3
7f9212566000-7f9212568000 rw-p 00000000 00:00 0 
7f9212568000-7f9212569000 r--p 00000000 103:02 4768705                   /usr/lib/libuchardet.so.0.0.8
7f9212569000-7f921256f000 r-xp 00001000 103:02 4768705                   /usr/lib/libuchardet.so.0.0.8
7f921256f000-7f9212592000 r--p 00007000 103:02 4768705                   /usr/lib/libuchardet.so.0.0.8
7f9212592000-7f9212595000 r--p 00029000 103:02 4768705                   /usr/lib/libuchardet.so.0.0.8
7f9212595000-7f9212596000 rw-p 0002c000 103:02 4768705                   /usr/lib/libuchardet.so.0.0.8
7f9212596000-7f92125a6000 r--p 00000000 103:02 4745057                   /usr/lib/librubberband.so.3.0.0
7f92125a6000-7f92125ec000 r-xp 00010000 103:02 4745057                   /usr/lib/librubberband.so.3.0.0
7f92125ec000-7f92125fd000 r--p 00056000 103:02 4745057                   /usr/lib/librubberband.so.3.0.0
7f92125fd000-7f92125ff000 r--p 00066000 103:02 4745057                   /usr/lib/librubberband.so.3.0.0
7f92125ff000-7f9212600000 rw-p 00068000 103:02 4745057                   /usr/lib/librubberband.so.3.0.0
7f9212600000-7f9212614000 r--p 00000000 103:02 4750361                   /usr/lib/libavfilter.so.12.1.101
7f9212614000-7f9212b0f000 r-xp 00014000 103:02 4750361                   /usr/lib/libavfilter.so.12.1.101
7f9212b0f000-7f9212bff000 r--p 0050f000 103:02 4750361                   /usr/lib/libavfilter.so.12.1.101
7f9212bff000-7f9212c9a000 r--p 005ff000 103:02 4750361                   /usr/lib/libavfilter.so.12.1.101
7f9212c9a000-7f9212c9b000 rw-p 0069a000 103:02 4750361                   /usr/lib/libavfilter.so.12.1.101
7f9212c9b000-7f9212c9f000 rw-p 00000000 00:00 0 
7f9212c9f000-7f9212ca0000 r--p 00000000 103:02 4837255                   /usr/lib/libjxl_threads.so.0.12.0
7f9212ca0000-7f9212ca2000 r-xp 00001000 103:02 4837255                   /usr/lib/libjxl_threads.so.0.12.0
7f9212ca2000-7f9212ca3000 r--p 00003000 103:02 4837255                   /usr/lib/libjxl_threads.so.0.12.0
7f9212ca3000-7f9212ca4000 r--p 00003000 103:02 4837255                   /usr/lib/libjxl_threads.so.0.12.0
7f9212ca4000-7f9212ca5000 rw-p 00004000 103:02 4837255                   /usr/lib/libjxl_threads.so.0.12.0
7f9212ca5000-7f9212caa000 r--p 00000000 103:02 4774103                   /usr/lib/libluajit-5.1.so.2.1.1787165859
7f9212caa000-7f9212d21000 r-xp 00005000 103:02 4774103                   /usr/lib/libluajit-5.1.so.2.1.1787165859
7f9212d21000-7f9212d38000 r--p 0007c000 103:02 4774103                   /usr/lib/libluajit-5.1.so.2.1.1787165859
7f9212d38000-7f9212d3b000 r--p 00093000 103:02 4774103                   /usr/lib/libluajit-5.1.so.2.1.1787165859
7f9212d3b000-7f9212d3c000 rw-p 00096000 103:02 4774103                   /usr/lib/libluajit-5.1.so.2.1.1787165859
7f9212d3c000-7f9212d45000 r--p 00000000 103:02 4771955                   /usr/lib/liblcms2.so.2.0.19
7f9212d45000-7f9212d8c000 r-xp 00009000 103:02 4771955                   /usr/lib/liblcms2.so.2.0.19
7f9212d8c000-7f9212da1000 r--p 00050000 103:02 4771955                   /usr/lib/liblcms2.so.2.0.19
7f9212da1000-7f9212da4000 r--p 00064000 103:02 4771955                   /usr/lib/liblcms2.so.2.0.19
7f9212da4000-7f9212da7000 rw-p 00067000 103:02 4771955                   /usr/lib/liblcms2.so.2.0.19
7f9212da7000-7f9212da8000 rw-p 00000000 00:00 0 
7f9212da8000-7f9212dae000 r--p 00000000 103:02 4774597                   /usr/lib/libmujs.so
7f9212dae000-7f9212dec000 r-xp 00006000 103:02 4774597                   /usr/lib/libmujs.so
7f9212dec000-7f9212dfd000 r--p 00044000 103:02 4774597                   /usr/lib/libmujs.so
7f9212dfd000-7f9212dff000 r--p 00055000 103:02 4774597                   /usr/lib/libmujs.so
7f9212dff000-7f9212e00000 rw-p 00057000 103:02 4774597                   /usr/lib/libmujs.so
7f9212e00000-7f9212e15000 r--p 00000000 103:02 4750331                   /usr/lib/libavcodec.so.63.1.101
7f9212e15000-7f9213dae000 r-xp 00015000 103:02 4750331                   /usr/lib/libavcodec.so.63.1.101
7f9213dae000-7f9214167000 r--p 00fae000 103:02 4750331                   /usr/lib/libavcodec.so.63.1.101
7f9214167000-7f92141ed000 r--p 01367000 103:02 4750331                   /usr/lib/libavcodec.so.63.1.101
7f92141ed000-7f92141ef000 rw-p 013ed000 103:02 4750331                   /usr/lib/libavcodec.so.63.1.101
7f92141ef000-7f9214893000 rw-p 00000000 00:00 0 
7f9214894000-7f9214895000 r--p 00000000 103:02 4843256                   /usr/lib/libvdpau.so.1.0.0
7f9214895000-7f9214896000 r-xp 00001000 103:02 4843256                   /usr/lib/libvdpau.so.1.0.0
7f9214896000-7f9214897000 r--p 00002000 103:02 4843256                   /usr/lib/libvdpau.so.1.0.0
7f9214897000-7f9214898000 r--p 00002000 103:02 4843256                   /usr/lib/libvdpau.so.1.0.0
7f9214898000-7f9214899000 rw-p 00003000 103:02 4843256                   /usr/lib/libvdpau.so.1.0.0
7f9214899000-7f921489c000 r--p 00000000 103:02 4812074                   /usr/lib/libbluray.so.3.1.0
7f921489c000-7f92148cf000 r-xp 00003000 103:02 4812074                   /usr/lib/libbluray.so.3.1.0
7f92148cf000-7f92148df000 r--p 00036000 103:02 4812074                   /usr/lib/libbluray.so.3.1.0
7f92148df000-7f92148e1000 r--p 00045000 103:02 4812074                   /usr/lib/libbluray.so.3.1.0
7f92148e1000-7f92148e2000 rw-p 00047000 103:02 4812074                   /usr/lib/libbluray.so.3.1.0
7f92148e2000-7f92148f1000 r--p 00000000 103:02 4781957                   /usr/lib/libplacebo.so.360
7f92148f1000-7f92149a1000 r-xp 0000f000 103:02 4781957                   /usr/lib/libplacebo.so.360
7f92149a1000-7f92149e5000 r--p 000bf000 103:02 4781957                   /usr/lib/libplacebo.so.360
7f92149e5000-7f92149fa000 r--p 00103000 103:02 4781957                   /usr/lib/libplacebo.so.360
7f92149fa000-7f9214a00000 rw-p 00118000 103:02 4781957                   /usr/lib/libplacebo.so.360
7f9214a00000-7f9214a53000 r--p 00000000 103:02 6835745                   /home/annihilator/dev/mpv/build/libmpv.so.2.5.0
7f9214a53000-7f9214c76000 r-xp 00053000 103:02 6835745                   /home/annihilator/dev/mpv/build/libmpv.so.2.5.0
7f9214c76000-7f9214d9f000 r--p 00276000 103:02 6835745                   /home/annihilator/dev/mpv/build/libmpv.so.2.5.0
7f9214d9f000-7f9214deb000 r--p 0039f000 103:02 6835745                   /home/annihilator/dev/mpv/build/libmpv.so.2.5.0
7f9214deb000-7f9214df0000 rw-p 003eb000 103:02 6835745                   /home/annihilator/dev/mpv/build/libmpv.so.2.5.0
7f9214df0000-7f9214df1000 rw-p 00000000 00:00 0 
7f9214df1000-7f9214df2000 r--p 00000000 103:02 4754963                   /usr/lib/libva-drm.so.2.2400.0
7f9214df2000-7f9214df3000 r-xp 00001000 103:02 4754963                   /usr/lib/libva-drm.so.2.2400.0
7f9214df3000-7f9214df4000 r--p 00002000 103:02 4754963                   /usr/lib/libva-drm.so.2.2400.0
7f9214df4000-7f9214df5000 r--p 00002000 103:02 4754963                   /usr/lib/libva-drm.so.2.2400.0
7f9214df5000-7f9214df6000 rw-p 00003000 103:02 4754963                   /usr/lib/libva-drm.so.2.2400.0
7f9214df6000-7f9214e03000 r--p 00000000 103:02 4738083                   /usr/lib/libcurl.so.4.8.0
7f9214e03000-7f9214ec4000 r-xp 0000d000 103:02 4738083                   /usr/lib/libcurl.so.4.8.0
7f9214ec4000-7f9214ef0000 r--p 000ce000 103:02 4738083                   /usr/lib/libcurl.so.4.8.0
7f9214ef0000-7f9214ef7000 r--p 000f9000 103:02 4738083                   /usr/lib/libcurl.so.4.8.0
7f9214ef7000-7f9214ef8000 rw-p 00100000 103:02 4738083                   /usr/lib/libcurl.so.4.8.0
7f9214ef8000-7f9214ef9000 rw-p 00000000 00:00 0 
7f9214ef9000-7f9214efa000 rw-p 00000000 00:00 0 
7f9214efa000-7f9214efe000 ---p 00000000 00:00 0 
7f9214efe000-7f92153fe000 rw-p 00000000 00:00 0 
7f9215600000-7f9215850000 r-xp 00000000 103:02 4831579                   /usr/lib/libnvidia-glcore.so.610.57.04
7f9215850000-7f9215871000 rwxp 00250000 103:02 4831579                   /usr/lib/libnvidia-glcore.so.610.57.04
7f9215871000-7f9215a00000 r-xp 00271000 103:02 4831579                   /usr/lib/libnvidia-glcore.so.610.57.04
7f9215a00000-7f9216600000 r-xp 00400000 103:02 4831579                   /usr/lib/libnvidia-glcore.so.610.57.04
7f9216600000-7f9217bf9000 r-xp 01000000 103:02 4831579                   /usr/lib/libnvidia-glcore.so.610.57.04
7f9217bf9000-7f9217bfa000 ---p 025f9000 103:02 4831579                   /usr/lib/libnvidia-glcore.so.610.57.04
7f9217bfa000-7f9217d72000 r--p 025f9000 103:02 4831579                   /usr/lib/libnvidia-glcore.so.610.57.04
7f9217d72000-7f9217dd5000 rw-p 02771000 103:02 4831579                   /usr/lib/libnvidia-glcore.so.610.57.04
7f9217dd5000-7f9217df5000 rw-p 00000000 00:00 0 
7f9217df5000-7f9217df7000 r--p 00000000 103:02 4757852                   /usr/lib/libXrandr.so.2.2.0
7f9217df7000-7f9217dfe000 r-xp 00002000 103:02 4757852                   /usr/lib/libXrandr.so.2.2.0
7f9217dfe000-7f9217e00000 r--p 00009000 103:02 4757852                   /usr/lib/libXrandr.so.2.2.0
7f9217e00000-7f9217e01000 r--p 0000a000 103:02 4757852                   /usr/lib/libXrandr.so.2.2.0
7f9217e01000-7f9217e02000 rw-p 0000b000 103:02 4757852                   /usr/lib/libXrandr.so.2.2.0
7f9217e02000-7f9217e0a000 r--p 00000000 103:02 4750339                   /usr/lib/libavdevice.so.63.1.101
7f9217e0a000-7f9217e1a000 r-xp 00008000 103:02 4750339                   /usr/lib/libavdevice.so.63.1.101
7f9217e1a000-7f9217e20000 r--p 00018000 103:02 4750339                   /usr/lib/libavdevice.so.63.1.101
7f9217e20000-7f9217e24000 r--p 0001e000 103:02 4750339                   /usr/lib/libavdevice.so.63.1.101
7f9217e24000-7f9217e25000 rw-p 00022000 103:02 4750339                   /usr/lib/libavdevice.so.63.1.101
7f9217e25000-7f9217e28000 r--p 00000000 103:02 4775212                   /usr/lib/libdvdnav.so.4.4.0
7f9217e28000-7f9217e37000 r-xp 00003000 103:02 4775212                   /usr/lib/libdvdnav.so.4.4.0
7f9217e37000-7f9217e3b000 r--p 00012000 103:02 4775212                   /usr/lib/libdvdnav.so.4.4.0
7f9217e3b000-7f9217e3c000 r--p 00015000 103:02 4775212                   /usr/lib/libdvdnav.so.4.4.0
7f9217e3c000-7f9217e3d000 rw-p 00016000 103:02 4775212                   /usr/lib/libdvdnav.so.4.4.0
7f9217e3d000-7f9217e43000 r--p 00000000 103:02 4773161                   /usr/lib/libcdio.so.19.1.0
7f9217e43000-7f9217e57000 r-xp 00006000 103:02 4773161                   /usr/lib/libcdio.so.19.1.0
7f9217e57000-7f9217e60000 r--p 0001a000 103:02 4773161                   /usr/lib/libcdio.so.19.1.0
7f9217e60000-7f9217e62000 r--p 00022000 103:02 4773161                   /usr/lib/libcdio.so.19.1.0
7f9217e62000-7f9217e63000 rw-p 00024000 103:02 4773161                   /usr/lib/libcdio.so.19.1.0
7f9217e63000-7f9217e66000 rw-p 00000000 00:00 0 
7f9217e66000-7f9217e68000 r--p 00000000 103:02 4769654                   /usr/lib/libswresample.so.7.1.101
7f9217e68000-7f9217e8b000 r-xp 00002000 103:02 4769654                   /usr/lib/libswresample.so.7.1.101
7f9217e8b000-7f9217e90000 r--p 00025000 103:02 4769654                   /usr/lib/libswresample.so.7.1.101
7f9217e90000-7f9217e92000 r--p 0002a000 103:02 4769654                   /usr/lib/libswresample.so.7.1.101
7f9217e92000-7f9217e93000 rw-p 0002c000 103:02 4769654                   /usr/lib/libswresample.so.7.1.101
7f9217e93000-7f9217e97000 r--p 00000000 103:02 4816269                   /usr/lib/libass.so.9.4.2
7f9217e97000-7f9217ecb000 r-xp 00004000 103:02 4816269                   /usr/lib/libass.so.9.4.2
7f9217ecb000-7f9217ed3000 r--p 00038000 103:02 4816269                   /usr/lib/libass.so.9.4.2
7f9217ed3000-7f9217ed4000 r--p 0003f000 103:02 4816269                   /usr/lib/libass.so.9.4.2
7f9217ed4000-7f9217ed5000 rw-p 00040000 103:02 4816269                   /usr/lib/libass.so.9.4.2
7f9217ed5000-7f9217f26000 r--p 00000000 103:02 4826231                   /usr/lib/libGLX_nvidia.so.610.57.04
7f9217f26000-7f9217f83000 r-xp 00051000 103:02 4826231                   /usr/lib/libGLX_nvidia.so.610.57.04
7f9217f83000-7f9217fb8000 rwxp 000ae000 103:02 4826231                   /usr/lib/libGLX_nvidia.so.610.57.04
7f9217fb8000-7f9217fb9000 r-xp 000e3000 103:02 4826231                   /usr/lib/libGLX_nvidia.so.610.57.04
7f9217fb9000-7f9217fd9000 r--p 000e4000 103:02 4826231                   /usr/lib/libGLX_nvidia.so.610.57.04
7f9217fd9000-7f9217ff9000 r--p 00103000 103:02 4826231                   /usr/lib/libGLX_nvidia.so.610.57.04
7f9217ff9000-7f9217ffe000 rw-p 00123000 103:02 4826231                   /usr/lib/libGLX_nvidia.so.610.57.04
7f9217ffe000-7f9218000000 rw-p 00000000 00:00 0 
7f9218000000-7f921991a000 r-xp 00000000 103:02 6306886                   /home/annihilator/.skiko/skiko-linux-x64-434f7633c843870c0839a1137b128f6c3db3c5d58dcad3545e90827e3e341afb/libskiko-linux-x64.so
7f921991a000-7f9219952000 r--p 01919000 103:02 6306886                   /home/annihilator/.skiko/skiko-linux-x64-434f7633c843870c0839a1137b128f6c3db3c5d58dcad3545e90827e3e341afb/libskiko-linux-x64.so
7f9219952000-7f9219955000 rw-p 01951000 103:02 6306886                   /home/annihilator/.skiko/skiko-linux-x64-434f7633c843870c0839a1137b128f6c3db3c5d58dcad3545e90827e3e341afb/libskiko-linux-x64.so
7f9219955000-7f921995e000 rw-p 00000000 00:00 0 
7f921995e000-7f9219960000 r--p 00000000 103:02 4769399                   /usr/lib/libXv.so.1.0.0
7f9219960000-7f9219963000 r-xp 00002000 103:02 4769399                   /usr/lib/libXv.so.1.0.0
7f9219963000-7f9219964000 r--p 00005000 103:02 4769399                   /usr/lib/libXv.so.1.0.0
7f9219964000-7f9219965000 r--p 00005000 103:02 4769399                   /usr/lib/libXv.so.1.0.0
7f9219965000-7f9219966000 rw-p 00006000 103:02 4769399                   /usr/lib/libXv.so.1.0.0
7f9219966000-7f9219967000 rw-p 00000000 00:00 0 
7f9219967000-7f921996b000 ---p 00000000 00:00 0 
7f921996b000-7f9219a67000 rw-p 00000000 00:00 0 
7f9219a67000-7f9219a69000 r--p 00000000 103:02 4750371                   /usr/lib/libGLX.so.0.0.0
7f9219a69000-7f9219a83000 r-xp 00002000 103:02 4750371                   /usr/lib/libGLX.so.0.0.0
7f9219a83000-7f9219a86000 r--p 0001c000 103:02 4750371                   /usr/lib/libGLX.so.0.0.0
7f9219a86000-7f9219a87000 r--p 0001f000 103:02 4750371                   /usr/lib/libGLX.so.0.0.0
7f9219a87000-7f9219a88000 rw-p 00020000 103:02 4750371                   /usr/lib/libGLX.so.0.0.0
7f9219a88000-7f9219a98000 rw-p 00000000 00:00 0 
7f9219a98000-7f9219ac7000 r--p 00000000 103:02 4750360                   /usr/lib/libGL.so.1.7.0
7f9219ac7000-7f9219ae6000 r-xp 0002f000 103:02 4750360                   /usr/lib/libGL.so.1.7.0
7f9219ae6000-7f9219afa000 r--p 0004e000 103:02 4750360                   /usr/lib/libGL.so.1.7.0
7f9219afa000-7f9219b08000 r--p 00062000 103:02 4750360                   /usr/lib/libGL.so.1.7.0
7f9219b08000-7f9219b09000 rw-p 00070000 103:02 4750360                   /usr/lib/libGL.so.1.7.0
7f9219b09000-7f9219b0a000 rw-p 00000000 00:00 0 
7f9219b0a000-7f9219b0b000 rw-p 00000000 00:00 0 
7f9219b0b000-7f9219b0f000 ---p 00000000 00:00 0 
7f9219b0f000-7f9219c0c000 rw-p 00000000 00:00 0 
7f9219c0c000-7f9219c10000 ---p 00000000 00:00 0 
7f9219c10000-7f9219d0c000 rw-p 00000000 00:00 0 
7f9219d0c000-7f9219d3f000 r--p 00000000 00:2f 28159                      /tmp/lwjgl_annihilator/3.3.6+1/x64/liblwjgl_opengl.so
7f9219d3f000-7f9219d53000 r-xp 00033000 00:2f 28159                      /tmp/lwjgl_annihilator/3.3.6+1/x64/liblwjgl_opengl.so
7f9219d53000-7f9219d63000 r--p 00047000 00:2f 28159                      /tmp/lwjgl_annihilator/3.3.6+1/x64/liblwjgl_opengl.so
7f9219d63000-7f9219d64000 r--p 00056000 00:2f 28159                      /tmp/lwjgl_annihilator/3.3.6+1/x64/liblwjgl_opengl.so
7f9219d64000-7f9219d65000 rw-p 00057000 00:2f 28159                      /tmp/lwjgl_annihilator/3.3.6+1/x64/liblwjgl_opengl.so
7f9219d65000-7f9219e00000 r--p 00000000 103:02 5641617                   /usr/share/fonts/noto/NotoSans-Bold.ttf
7f9219e00000-7f9219e01000 r--p 00000000 103:02 4775248                   /usr/lib/libXpresent.so.1.0.0
7f9219e01000-7f9219e02000 r-xp 00001000 103:02 4775248                   /usr/lib/libXpresent.so.1.0.0
7f9219e02000-7f9219e03000 r--p 00002000 103:02 4775248                   /usr/lib/libXpresent.so.1.0.0
7f9219e03000-7f9219e04000 r--p 00002000 103:02 4775248                   /usr/lib/libXpresent.so.1.0.0
7f9219e04000-7f9219e05000 rw-p 00003000 103:02 4775248                   /usr/lib/libXpresent.so.1.0.0
7f9219e05000-7f9219e06000 r--p 00000000 103:02 4754785                   /usr/lib/libXss.so.1.0.0
7f9219e06000-7f9219e07000 r-xp 00001000 103:02 4754785                   /usr/lib/libXss.so.1.0.0
7f9219e07000-7f9219e08000 r--p 00002000 103:02 4754785                   /usr/lib/libXss.so.1.0.0
7f9219e08000-7f9219e09000 r--p 00002000 103:02 4754785                   /usr/lib/libXss.so.1.0.0
7f9219e09000-7f9219e0a000 rw-p 00003000 103:02 4754785                   /usr/lib/libXss.so.1.0.0
7f9219e0a000-7f9219e0c000 r--p 00000000 103:02 4773185                   /usr/lib/libcdio_cdda.so.2.0.0
7f9219e0c000-7f9219e10000 r-xp 00002000 103:02 4773185                   /usr/lib/libcdio_cdda.so.2.0.0
7f9219e10000-7f9219e12000 r--p 00006000 103:02 4773185                   /usr/lib/libcdio_cdda.so.2.0.0
7f9219e12000-7f9219e13000 r--p 00007000 103:02 4773185                   /usr/lib/libcdio_cdda.so.2.0.0
7f9219e13000-7f9219e14000 rw-p 00008000 103:02 4773185                   /usr/lib/libcdio_cdda.so.2.0.0
7f9219e14000-7f9219e15000 r--p 00000000 103:02 4773188                   /usr/lib/libcdio_paranoia.so.2.0.0
7f9219e15000-7f9219e1a000 r-xp 00001000 103:02 4773188                   /usr/lib/libcdio_paranoia.so.2.0.0
7f9219e1a000-7f9219e1b000 r--p 00006000 103:02 4773188                   /usr/lib/libcdio_paranoia.so.2.0.0
7f9219e1b000-7f9219e1c000 r--p 00006000 103:02 4773188                   /usr/lib/libcdio_paranoia.so.2.0.0
7f9219e1c000-7f9219e1d000 rw-p 00007000 103:02 4773188                   /usr/lib/libcdio_paranoia.so.2.0.0
7f9219e1d000-7f9219e82000 r--p 00000000 103:02 5014472                   /usr/share/fonts/liberation/LiberationSans-Regular.ttf
7f9219e82000-7f9219f1d000 r--p 00000000 103:02 5641617                   /usr/share/fonts/noto/NotoSans-Bold.ttf
7f9219f1d000-7f9219f5d000 rw-s 00000000 00:07 1110                       /dev/nvidiactl
7f9219f5d000-7f9219f7d000 rw-s 00000000 00:07 1110                       /dev/nvidiactl
7f9219f7d000-7f9219fbd000 rw-s 00000000 00:07 1110                       /dev/nvidiactl
7f9219fbd000-7f9219ffd000 rw-s 00000000 00:07 1110                       /dev/nvidiactl
7f9219ffd000-7f9219ffe000 rw-p 00000000 00:00 0 
7f9219ffe000-7f921a002000 ---p 00000000 00:00 0 
7f921a002000-7f921a0ff000 rw-p 00000000 00:00 0 
7f921a0ff000-7f921a103000 ---p 00000000 00:00 0 
7f921a103000-7f921a1ff000 rw-p 00000000 00:00 0 
7f921a1ff000-7f921a203000 r--p 00000000 103:02 7880771                   /usr/lib/jvm/java-26-openjdk/lib/libawt.so
7f921a203000-7f921a2a7000 r-xp 00004000 103:02 7880771                   /usr/lib/jvm/java-26-openjdk/lib/libawt.so
7f921a2a7000-7f921a2b4000 r--p 000a8000 103:02 7880771                   /usr/lib/jvm/java-26-openjdk/lib/libawt.so
7f921a2b4000-7f921a2b5000 r--p 000b4000 103:02 7880771                   /usr/lib/jvm/java-26-openjdk/lib/libawt.so
7f921a2b5000-7f921a2c0000 rw-p 000b5000 103:02 7880771                   /usr/lib/jvm/java-26-openjdk/lib/libawt.so
7f921a2c0000-7f921a2e5000 rw-p 00000000 00:00 0 
7f921a2e5000-7f921a3ff000 r--s 00000000 103:02 3835361                   /var/cache/fontconfig/923e285e415b1073c8df160bee08820f-le64.cache-12
7f921a3ff000-7f921ac00000 rw-p 00000000 00:00 0 
7f921ac00000-7f921cb94000 r--p 00000000 103:02 4735921                   /usr/lib/libicudata.so.78.3
7f921cb94000-7f921cb95000 r--p 01f93000 103:02 4735921                   /usr/lib/libicudata.so.78.3
7f921cb96000-7f921cba4000 r--p 00000000 103:02 7880773                   /usr/lib/jvm/java-26-openjdk/lib/libawt_xawt.so
7f921cba4000-7f921cbe8000 r-xp 0000e000 103:02 7880773                   /usr/lib/jvm/java-26-openjdk/lib/libawt_xawt.so
7f921cbe8000-7f921cbfc000 r--p 00052000 103:02 7880773                   /usr/lib/jvm/java-26-openjdk/lib/libawt_xawt.so
7f921cbfc000-7f921cbfe000 r--p 00066000 103:02 7880773                   /usr/lib/jvm/java-26-openjdk/lib/libawt_xawt.so
7f921cbfe000-7f921cbff000 rw-p 00068000 103:02 7880773                   /usr/lib/jvm/java-26-openjdk/lib/libawt_xawt.so
7f921cbff000-7f921cc00000 rw-p 00000000 00:00 0 
7f921cc00000-7f921cc48000 r--p 00000000 103:02 4745608                   /usr/lib/libicuuc.so.78.3
7f921cc48000-7f921cd65000 r-xp 00048000 103:02 4745608                   /usr/lib/libicuuc.so.78.3
7f921cd65000-7f921cdf8000 r--p 00165000 103:02 4745608                   /usr/lib/libicuuc.so.78.3
7f921cdf8000-7f921ce0b000 r--p 001f8000 103:02 4745608                   /usr/lib/libicuuc.so.78.3
7f921ce0b000-7f921ce0c000 rw-p 0020b000 103:02 4745608                   /usr/lib/libicuuc.so.78.3
7f921ce0c000-7f921ce0e000 rw-p 00000000 00:00 0 
7f921ce0f000-7f921ce10000 rw-s 00000000 00:07 1110                       /dev/nvidiactl
7f921ce11000-7f921ce12000 r--s 00000000 00:07 1110                       /dev/nvidiactl
7f921ce12000-7f921ce13000 r--p 00000000 103:02 4834742                   /usr/lib/libnvidia-tls.so.610.57.04
7f921ce13000-7f921ce15000 r-xp 00001000 103:02 4834742                   /usr/lib/libnvidia-tls.so.610.57.04
7f921ce15000-7f921ce16000 r--p 00003000 103:02 4834742                   /usr/lib/libnvidia-tls.so.610.57.04
7f921ce16000-7f921ce17000 r--p 00003000 103:02 4834742                   /usr/lib/libnvidia-tls.so.610.57.04
7f921ce17000-7f921ce18000 rw-p 00004000 103:02 4834742                   /usr/lib/libnvidia-tls.so.610.57.04
7f921ce18000-7f921ce19000 rw-s 00000000 00:07 1110                       /dev/nvidiactl
7f921ce19000-7f921ce2c000 rw-s 00000000 00:07 1110                       /dev/nvidiactl
7f921ce2c000-7f921ce4c000 rw-s 00000000 00:07 1110                       /dev/nvidiactl
7f921ce53000-7f921ce54000 r--p 00000000 00:00 0 
7f921ce54000-7f921ce5f000 rw-p 00000000 00:00 0 
7f921ce5f000-7f921ce60000 r--p 00000000 103:02 7880798                   /usr/lib/jvm/java-26-openjdk/lib/libprefs.so
7f921ce60000-7f921ce61000 r-xp 00001000 103:02 7880798                   /usr/lib/jvm/java-26-openjdk/lib/libprefs.so
7f921ce61000-7f921ce62000 r--p 00002000 103:02 7880798                   /usr/lib/jvm/java-26-openjdk/lib/libprefs.so
7f921ce62000-7f921ce63000 r--p 00002000 103:02 7880798                   /usr/lib/jvm/java-26-openjdk/lib/libprefs.so
7f921ce63000-7f921ce64000 rw-p 00003000 103:02 7880798                   /usr/lib/jvm/java-26-openjdk/lib/libprefs.so
7f921ce64000-7f921ce65000 rw-s 00000000 00:01 631693                     /memfd:WebKitSharedMemory (deleted)
7f921ce65000-7f921ce68000 r--p 00000000 103:02 4776442                   /usr/share/locale/en_GB/LC_MESSAGES/at-spi2-core.mo
7f921ce68000-7f921ce6c000 rw-p 00000000 00:00 0 
7f921ce6c000-7f921ce6e000 r--p 00000000 103:02 4815623                   /usr/lib/libXfixes.so.3.1.0
7f921ce6e000-7f921ce71000 r-xp 00002000 103:02 4815623                   /usr/lib/libXfixes.so.3.1.0
7f921ce71000-7f921ce72000 r--p 00005000 103:02 4815623                   /usr/lib/libXfixes.so.3.1.0
7f921ce72000-7f921ce73000 r--p 00005000 103:02 4815623                   /usr/lib/libXfixes.so.3.1.0
7f921ce73000-7f921ce74000 rw-p 00006000 103:02 4815623                   /usr/lib/libXfixes.so.3.1.0
7f921ce74000-7f921cf0f000 r--p 00000000 103:02 5641617                   /usr/share/fonts/noto/NotoSans-Bold.ttf
7f921cf0f000-7f921d000000 r--s 00000000 103:02 3835673                   /var/cache/fontconfig/f6b893a7224233d96cb72fd88691c0b4-le64.cache-12
7f921d000000-7f921d55b000 r--p 00000000 103:02 4817093                   /usr/lib/libLLVM.so.22.1
7f921d55b000-7f9223208000 r-xp 0055b000 103:02 4817093                   /usr/lib/libLLVM.so.22.1
7f9223208000-7f9227156000 r--p 06208000 103:02 4817093                   /usr/lib/libLLVM.so.22.1
7f9227156000-7f9227372000 r--p 0a156000 103:02 4817093                   /usr/lib/libLLVM.so.22.1
7f9227372000-7f922737c000 rw-p 0a372000 103:02 4817093                   /usr/lib/libLLVM.so.22.1
7f922737c000-7f922744c000 rw-p 00000000 00:00 0 
7f922744d000-7f922744f000 rw-p 00000000 00:00 0 
7f9227450000-7f9227451000 rw-s 00000000 00:07 1112                       /dev/nvidia0
7f9227451000-7f9227453000 rw-s 00000000 00:07 1110                       /dev/nvidiactl
7f9227453000-7f9227456000 r--p 00000000 103:02 4763482                   /usr/lib/libXcursor.so.1.0.2
7f9227456000-7f922745c000 r-xp 00003000 103:02 4763482                   /usr/lib/libXcursor.so.1.0.2
7f922745c000-7f922745e000 r--p 00009000 103:02 4763482                   /usr/lib/libXcursor.so.1.0.2
7f922745e000-7f922745f000 r--p 0000a000 103:02 4763482                   /usr/lib/libXcursor.so.1.0.2
7f922745f000-7f9227460000 rw-p 0000b000 103:02 4763482                   /usr/lib/libXcursor.so.1.0.2
7f9227460000-7f9227464000 r--p 00000000 103:02 7880776                   /usr/lib/jvm/java-26-openjdk/lib/libfontmanager.so
7f9227464000-7f922746d000 r-xp 00004000 103:02 7880776                   /usr/lib/jvm/java-26-openjdk/lib/libfontmanager.so
7f922746d000-7f922746f000 r--p 0000d000 103:02 7880776                   /usr/lib/jvm/java-26-openjdk/lib/libfontmanager.so
7f922746f000-7f9227470000 r--p 0000e000 103:02 7880776                   /usr/lib/jvm/java-26-openjdk/lib/libfontmanager.so
7f9227470000-7f9227471000 rw-p 0000f000 103:02 7880776                   /usr/lib/jvm/java-26-openjdk/lib/libfontmanager.so
7f9227471000-7f9227473000 r--p 00000000 103:02 4761076                   /usr/lib/libXtst.so.6.1.0
7f9227473000-7f9227476000 r-xp 00002000 103:02 4761076                   /usr/lib/libXtst.so.6.1.0
7f9227476000-7f9227477000 r--p 00005000 103:02 4761076                   /usr/lib/libXtst.so.6.1.0
7f9227477000-7f9227478000 r--p 00005000 103:02 4761076                   /usr/lib/libXtst.so.6.1.0
7f9227478000-7f9227479000 rw-p 00006000 103:02 4761076                   /usr/lib/libXtst.so.6.1.0
7f9227479000-7f922748f000 r--s 00000000 103:02 3835467                   /var/cache/fontconfig/17ce8022be83857151cced15433ac5ab-le64.cache-12
7f922748f000-7f9227490000 r--s 00000000 103:02 3803672                   /var/cache/fontconfig/1b6853af091219762dc5c68646ca68b7-le64.cache-12
7f9227490000-7f9227493000 r--s 00000000 103:02 3802392                   /var/cache/fontconfig/73edfbc81426f3b2593aba7ca9378882-le64.cache-12
7f9227493000-7f922749c000 r--s 00000000 103:02 3835464                   /var/cache/fontconfig/2fbfc6d3726617df5d72e45ca91ca896-le64.cache-12
7f922749c000-7f922749d000 r--s 00000000 103:02 3835441                   /var/cache/fontconfig/787b69f04c7448ed6c581b040220c91f-le64.cache-12
7f922749d000-7f92274ae000 r--s 00000000 103:02 3835390                   /var/cache/fontconfig/035f0ebf2f86af269427f030f354ef4b-le64.cache-12
7f92274ae000-7f92274be000 r--s 00000000 103:02 3835379                   /var/cache/fontconfig/f2e61d441ca43dbfffafb9d0f2c6d8fc-le64.cache-12
7f92274be000-7f92274e8000 r--s 00000000 103:02 3835365                   /var/cache/fontconfig/f2e43df3287529323e79e7929dc44cc9-le64.cache-12
7f92274e8000-7f9227600000 r--s 00000000 103:02 4334062                   /home/annihilator/.cache/fontconfig/360f0685862970c3eedca8185ab72cfb-le64.cache-12
7f9227600000-7f922761b000 r--p 00000000 103:02 4834667                   /usr/lib/libgallium-26.2.1-arch1.1.so
7f922761b000-7f922969b000 r-xp 0001b000 103:02 4834667                   /usr/lib/libgallium-26.2.1-arch1.1.so
7f922969b000-7f922a8ed000 r--p 0209b000 103:02 4834667                   /usr/lib/libgallium-26.2.1-arch1.1.so
7f922a8ed000-7f922aa6b000 r--p 032ec000 103:02 4834667                   /usr/lib/libgallium-26.2.1-arch1.1.so
7f922aa6b000-7f922aaa9000 rw-p 0346a000 103:02 4834667                   /usr/lib/libgallium-26.2.1-arch1.1.so
7f922aaa9000-7f922ac77000 rw-p 00000000 00:00 0 
7f922ac77000-7f922ac83000 r--s 00000000 103:02 3835403                   /var/cache/fontconfig/7d660be5d4eca970fa91d6ca176f5ce2-le64.cache-12
7f922ac83000-7f922ac89000 r--s 00000000 103:02 3817989                   /var/cache/fontconfig/b67b32625a2bb51b023d3814a918f351-le64.cache-12
7f922ac89000-7f922ac99000 r--s 00000000 103:02 3804352                   /var/cache/fontconfig/491f45a0a771fef1c10b9b647a97fb82-le64.cache-12
7f922ac99000-7f922acad000 r--s 00000000 103:02 3804343                   /var/cache/fontconfig/614d1caaa4d7914789410f6367de37ca-le64.cache-12
7f922acad000-7f922acbc000 r--s 00000000 103:02 3804155                   /var/cache/fontconfig/1dce2cb908b447e938fc03acd9b47fcf-le64.cache-12
7f922acbc000-7f922acc2000 r--s 00000000 103:02 3803766                   /var/cache/fontconfig/d62e99ef547d1d24cdb1bd22ec1a2976-le64.cache-12
7f922acc2000-7f922ace6000 r--s 00000000 103:02 3801846                   /var/cache/fontconfig/f349e9996a5320f6dd491cedd2b1f964-le64.cache-12
7f922ace6000-7f922ad00000 r--s 00000000 103:02 4334283                   /home/annihilator/.cache/fontconfig/bc42231c8840afdbc8a160eb8f6a66fd-le64.cache-12
7f922ad00000-7f922ae00000 rw-s 00000000 00:07 1110                       /dev/nvidiactl
7f922ae00000-7f922b15b000 r--p 00000000 103:02 4833041                   /usr/lib/libnvidia-gpucomp.so.610.57.04
7f922b15b000-7f922f6f8000 r-xp 0035b000 103:02 4833041                   /usr/lib/libnvidia-gpucomp.so.610.57.04
7f922f6f8000-7f92313e8000 r--p 048f8000 103:02 4833041                   /usr/lib/libnvidia-gpucomp.so.610.57.04
7f92313e8000-7f923163a000 r--p 065e7000 103:02 4833041                   /usr/lib/libnvidia-gpucomp.so.610.57.04
7f923163a000-7f92317c5000 rw-p 06839000 103:02 4833041                   /usr/lib/libnvidia-gpucomp.so.610.57.04
7f92317c5000-7f9231880000 rw-p 00000000 00:00 0 
7f9231880000-7f9231883000 r--s 00000000 103:02 3835420                   /var/cache/fontconfig/e552019f4ed2e530c25d313cf4ffa813-le64.cache-12
7f9231883000-7f923188f000 r--s 00000000 103:02 3801653                   /var/cache/fontconfig/4b31aef11cb0687b6d280d34cbe23592-le64.cache-12
7f923188f000-7f9231890000 rw-s 00000000 00:07 1110                       /dev/nvidiactl
7f9231890000-7f9231891000 r--p 00000000 103:02 4763546                   /usr/lib/libXinerama.so.1.0.0
7f9231891000-7f9231892000 r-xp 00001000 103:02 4763546                   /usr/lib/libXinerama.so.1.0.0
7f9231892000-7f9231893000 r--p 00002000 103:02 4763546                   /usr/lib/libXinerama.so.1.0.0
7f9231893000-7f9231894000 r--p 00002000 103:02 4763546                   /usr/lib/libXinerama.so.1.0.0
7f9231894000-7f9231895000 rw-p 00003000 103:02 4763546                   /usr/lib/libXinerama.so.1.0.0
7f9231895000-7f9231898000 r--p 00000000 103:02 4760999                   /usr/lib/libXi.so.6.1.0
7f9231898000-7f92318a5000 r-xp 00003000 103:02 4760999                   /usr/lib/libXi.so.6.1.0
7f92318a5000-7f92318a8000 r--p 00010000 103:02 4760999                   /usr/lib/libXi.so.6.1.0
7f92318a8000-7f92318a9000 r--p 00012000 103:02 4760999                   /usr/lib/libXi.so.6.1.0
7f92318a9000-7f92318aa000 rw-p 00013000 103:02 4760999                   /usr/lib/libXi.so.6.1.0
7f92318ad000-7f923192d000 rw-s 00000000 00:07 1110                       /dev/nvidiactl
7f923192d000-7f92319ad000 rw-s 00000000 00:07 1110                       /dev/nvidiactl
7f92319ad000-7f92319c0000 rw-s 00000000 00:07 1110                       /dev/nvidiactl
7f92319c0000-7f9231a00000 rw-s 00000000 00:07 1110                       /dev/nvidiactl
7f9231a00000-7f9231c19000 r--p 00000000 103:02 4831215                   /usr/lib/libnvidia-eglcore.so.610.57.04
7f9231c19000-7f923285f000 r-xp 00219000 103:02 4831215                   /usr/lib/libnvidia-eglcore.so.610.57.04
7f923285f000-7f9233d8a000 r--p 00e5f000 103:02 4831215                   /usr/lib/libnvidia-eglcore.so.610.57.04
7f9233d8a000-7f9233d8b000 ---p 0238a000 103:02 4831215                   /usr/lib/libnvidia-eglcore.so.610.57.04
7f9233d8b000-7f9233f00000 r--p 0238a000 103:02 4831215                   /usr/lib/libnvidia-eglcore.so.610.57.04
7f9233f00000-7f9233f49000 rw-p 024ff000 103:02 4831215                   /usr/lib/libnvidia-eglcore.so.610.57.04
7f9233f49000-7f9233f60000 rw-p 00000000 00:00 0 
7f9233f60000-7f9233f80000 rw-s 00000000 00:07 1110                       /dev/nvidiactl
7f9233f80000-7f9234000000 rw-s 00000000 00:07 1112                       /dev/nvidia0
7f9234000000-7f9235f18000 rw-p 00000000 00:00 0 
7f9235f18000-7f9238000000 ---p 00000000 00:00 0 
7f9238000000-7f923bfff000 rw-p 00000000 00:00 0 
7f923bfff000-7f923c000000 ---p 00000000 00:00 0 
7f923c000000-7f923cef4000 rw-p 00000000 00:00 0 
7f923cef4000-7f9240000000 ---p 00000000 00:00 0 
7f9240000000-7f9242ab7000 rw-p 00000000 00:00 0 
7f9242ab7000-7f9244000000 ---p 00000000 00:00 0 
7f9244000000-7f9244400000 rw-p 00000000 00:00 0 
7f9244400000-7f9244700000 rw-p 00000000 00:00 0 
7f9244700000-7f9244800000 rw-p 00000000 00:00 0 
7f9244800000-7f9244900000 rw-p 00000000 00:00 0 
7f9244900000-7f9244a00000 rw-p 00000000 00:00 0 
7f9244a00000-7f9245200000 rw-p 00000000 00:00 0 
7f9245200000-7f9245500000 rw-p 00000000 00:00 0 
7f9245500000-7f9245d00000 rw-p 00000000 00:00 0 
7f9245d00000-7f9245e00000 rw-p 00000000 00:00 0 
7f9245e00000-7f9245f00000 rw-p 00000000 00:00 0 
7f9245f00000-7f9246000000 rw-p 00000000 00:00 0 
7f9246000000-7f9246100000 rw-p 00000000 00:00 0 
7f9246100000-7f9246200000 rw-p 00000000 00:00 0 
7f9246200000-7f9246380000 rw-p 00000000 00:00 0 
7f9246380000-7f9246500000 rw-p 00000000 00:00 0 
7f9246500000-7f9246700000 rw-p 00000000 00:00 0 
7f9246700000-7f9246800000 rw-p 00000000 00:00 0 
7f9246800000-7f9246b80000 rw-p 00000000 00:00 0 
7f9246b80000-7f9246c00000 rw-p 00000000 00:00 0 
7f9246c00000-7f9246d80000 rw-p 00000000 00:00 0 
7f9246d80000-7f9246f00000 rw-p 00000000 00:00 0 
7f9246f00000-7f9247f00000 rw-p 00000000 00:00 0 
7f9247f00000-7f9248000000 rw-p 00000000 00:00 0 
7f9248000000-7f924bfb5000 rw-p 00000000 00:00 0 
7f924bfb5000-7f924c000000 ---p 00000000 00:00 0 
7f924c000000-7f924ffe3000 rw-p 00000000 00:00 0 
7f924ffe3000-7f9250000000 ---p 00000000 00:00 0 
7f9250000000-7f9254000000 rw-p 00000000 00:00 0 
7f9254000000-7f9255c65000 rw-p 00000000 00:00 0 
7f9255c65000-7f9258000000 ---p 00000000 00:00 0 
7f9258000000-7f925a108000 rw-p 00000000 00:00 0 
7f925a108000-7f925c000000 ---p 00000000 00:00 0 
7f925c000000-7f925d420000 rw-p 00000000 00:00 0 
7f925d420000-7f9260000000 ---p 00000000 00:00 0 
7f9260000000-7f9263f9c000 rw-p 00000000 00:00 0 
7f9263f9c000-7f9264000000 ---p 00000000 00:00 0 
7f9264000000-7f9264001000 r--s 00000000 103:02 3835395                   /var/cache/fontconfig/a8773ec71f9da9b44a891b13321e5faa-le64.cache-12
7f9264001000-7f9264002000 r--s 00000000 103:02 3823352                   /var/cache/fontconfig/8d4af663993b81a124ee82e610bb31f9-le64.cache-12
7f9264002000-7f9264003000 r--s 00000000 103:02 4334244                   /home/annihilator/.cache/fontconfig/8f6bef61d9f77da15272a6237cc42cae-le64.cache-12
7f9264003000-7f9264005000 r--s 00000000 103:02 3801209                   /var/cache/fontconfig/3830d5c3ddfd5cd38a049b759396e72e-le64.cache-12
7f9264005000-7f9264006000 rw-p 00000000 00:00 0 
7f9264006000-7f9264009000 rw-s 00000000 00:07 1110                       /dev/nvidiactl
7f9264009000-7f926400b000 rw-s 00000000 00:01 711894                     /memfd:/.glXXXXXX (deleted)
7f926400b000-7f926400f000 rw-s 00000000 00:07 1110                       /dev/nvidiactl
7f926400f000-7f926404f000 rw-s 00000000 00:07 1110                       /dev/nvidiactl
7f926404f000-7f926406f000 rw-s 00000000 00:07 1110                       /dev/nvidiactl
7f926406f000-7f92640af000 rw-s 00000000 00:07 1110                       /dev/nvidiactl
7f92640af000-7f92640cf000 rw-s 00000000 00:07 1110                       /dev/nvidiactl
7f92640cf000-7f92640df000 rw-s 00000000 00:07 1112                       /dev/nvidia0
7f92640df000-7f92640e2000 r--p 00000000 103:02 4831197                   /usr/lib/libnvidia-allocator.so.610.57.04
7f92640e2000-7f92640f6000 r-xp 00003000 103:02 4831197                   /usr/lib/libnvidia-allocator.so.610.57.04
7f92640f6000-7f9264100000 r--p 00017000 103:02 4831197                   /usr/lib/libnvidia-allocator.so.610.57.04
7f9264100000-7f9264101000 r--p 00020000 103:02 4831197                   /usr/lib/libnvidia-allocator.so.610.57.04
7f9264101000-7f9264102000 rw-p 00021000 103:02 4831197                   /usr/lib/libnvidia-allocator.so.610.57.04
7f9264102000-7f9264104000 rw-p 00000000 00:00 0 
7f9264104000-7f9264111000 r--p 00000000 103:02 4722861                   /usr/lib/libncursesw.so.6.6
7f9264111000-7f9264159000 r-xp 0000d000 103:02 4722861                   /usr/lib/libncursesw.so.6.6
7f9264159000-7f926416f000 r--p 00055000 103:02 4722861                   /usr/lib/libncursesw.so.6.6
7f926416f000-7f9264174000 r--p 0006a000 103:02 4722861                   /usr/lib/libncursesw.so.6.6
7f9264174000-7f9264175000 rw-p 0006f000 103:02 4722861                   /usr/lib/libncursesw.so.6.6
7f9264175000-7f9264177000 r--p 00000000 103:02 4761468                   /usr/lib/libpciaccess.so.0.11.1
7f9264177000-7f926417c000 r-xp 00002000 103:02 4761468                   /usr/lib/libpciaccess.so.0.11.1
7f926417c000-7f926417e000 r--p 00007000 103:02 4761468                   /usr/lib/libpciaccess.so.0.11.1
7f926417e000-7f926417f000 r--p 00008000 103:02 4761468                   /usr/lib/libpciaccess.so.0.11.1
7f926417f000-7f9264180000 rw-p 00009000 103:02 4761468                   /usr/lib/libpciaccess.so.0.11.1
7f9264180000-7f926419a000 r--p 00000000 103:02 4744067                   /usr/lib/libxml2.so.16.1.3
7f926419a000-7f926426e000 r-xp 0001a000 103:02 4744067                   /usr/lib/libxml2.so.16.1.3
7f926426e000-7f92642ab000 r--p 000ee000 103:02 4744067                   /usr/lib/libxml2.so.16.1.3
7f92642ab000-7f92642b4000 r--p 0012b000 103:02 4744067                   /usr/lib/libxml2.so.16.1.3
7f92642b4000-7f92642b5000 rw-p 00134000 103:02 4744067                   /usr/lib/libxml2.so.16.1.3
7f92642b5000-7f92642b6000 rw-p 00000000 00:00 0 
7f92642b6000-7f92642bc000 r--p 00000000 103:02 4754841                   /usr/lib/libedit.so.0.0.78
7f92642bc000-7f92642de000 r-xp 00006000 103:02 4754841                   /usr/lib/libedit.so.0.0.78
7f92642de000-7f92642eb000 r--p 00028000 103:02 4754841                   /usr/lib/libedit.so.0.0.78
7f92642eb000-7f92642ee000 r--p 00034000 103:02 4754841                   /usr/lib/libedit.so.0.0.78
7f92642ee000-7f92642ef000 rw-p 00037000 103:02 4754841                   /usr/lib/libedit.so.0.0.78
7f92642ef000-7f92642f2000 rw-p 00000000 00:00 0 
7f92642f2000-7f92642f5000 r--p 00000000 103:02 4780642                   /usr/lib/libdrm_intel.so.1.134.0
7f92642f5000-7f926430c000 r-xp 00003000 103:02 4780642                   /usr/lib/libdrm_intel.so.1.134.0
7f926430c000-7f9264316000 r--p 0001a000 103:02 4780642                   /usr/lib/libdrm_intel.so.1.134.0
7f9264316000-7f9264317000 r--p 00023000 103:02 4780642                   /usr/lib/libdrm_intel.so.1.134.0
7f9264317000-7f9264318000 rw-p 00024000 103:02 4780642                   /usr/lib/libdrm_intel.so.1.134.0
7f9264318000-7f926431b000 r--p 00000000 103:02 4780638                   /usr/lib/libdrm_amdgpu.so.1.134.0
7f926431b000-7f9264321000 r-xp 00003000 103:02 4780638                   /usr/lib/libdrm_amdgpu.so.1.134.0
7f9264321000-7f9264323000 r--p 00009000 103:02 4780638                   /usr/lib/libdrm_amdgpu.so.1.134.0
7f9264323000-7f9264324000 r--p 0000a000 103:02 4780638                   /usr/lib/libdrm_amdgpu.so.1.134.0
7f9264324000-7f9264325000 rw-p 0000b000 103:02 4780638                   /usr/lib/libdrm_amdgpu.so.1.134.0
7f9264325000-7f9264328000 r--p 00000000 103:02 4735313                   /usr/lib/libelf-0.196.so
7f9264328000-7f926433c000 r-xp 00003000 103:02 4735313                   /usr/lib/libelf-0.196.so
7f926433c000-7f9264341000 r--p 00017000 103:02 4735313                   /usr/lib/libelf-0.196.so
7f9264341000-7f9264342000 r--p 0001b000 103:02 4735313                   /usr/lib/libelf-0.196.so
7f9264342000-7f9264343000 rw-p 0001c000 103:02 4735313                   /usr/lib/libelf-0.196.so
7f9264343000-7f9264344000 r--p 00000000 103:02 4843174                   /usr/lib/libxshmfence.so.1.0.0
7f9264344000-7f9264345000 r-xp 00001000 103:02 4843174                   /usr/lib/libxshmfence.so.1.0.0
7f9264345000-7f9264346000 r--p 00002000 103:02 4843174                   /usr/lib/libxshmfence.so.1.0.0
7f9264346000-7f9264347000 r--p 00002000 103:02 4843174                   /usr/lib/libxshmfence.so.1.0.0
7f9264347000-7f9264348000 rw-p 00003000 103:02 4843174                   /usr/lib/libxshmfence.so.1.0.0
7f9264348000-7f926434b000 r--p 00000000 103:02 4751865                   /usr/lib/libxcb-sync.so.1.0.0
7f926434b000-7f926434e000 r-xp 00003000 103:02 4751865                   /usr/lib/libxcb-sync.so.1.0.0
7f926434e000-7f926434f000 r--p 00006000 103:02 4751865                   /usr/lib/libxcb-sync.so.1.0.0
7f926434f000-7f9264350000 r--p 00007000 103:02 4751865                   /usr/lib/libxcb-sync.so.1.0.0
7f9264350000-7f9264351000 rw-p 00008000 103:02 4751865                   /usr/lib/libxcb-sync.so.1.0.0
7f9264351000-7f9264353000 r--p 00000000 103:02 4763334                   /usr/lib/libsensors.so.5.0.0
7f9264353000-7f926435b000 r-xp 00002000 103:02 4763334                   /usr/lib/libsensors.so.5.0.0
7f926435b000-7f926435f000 r--p 0000a000 103:02 4763334                   /usr/lib/libsensors.so.5.0.0
7f926435f000-7f9264360000 r--p 0000e000 103:02 4763334                   /usr/lib/libsensors.so.5.0.0
7f9264360000-7f9264361000 rw-p 0000f000 103:02 4763334                   /usr/lib/libsensors.so.5.0.0
7f9264361000-7f926437a000 r--p 00000000 103:02 4817130                   /usr/lib/libSPIRV-Tools.so
7f926437a000-7f92644b3000 r-xp 00019000 103:02 4817130                   /usr/lib/libSPIRV-Tools.so
7f92644b3000-7f9264539000 r--p 00152000 103:02 4817130                   /usr/lib/libSPIRV-Tools.so
7f9264539000-7f926453c000 r--p 001d8000 103:02 4817130                   /usr/lib/libSPIRV-Tools.so
7f926453c000-7f926453d000 rw-p 001db000 103:02 4817130                   /usr/lib/libSPIRV-Tools.so
7f926453d000-7f9264549000 r--p 00000000 103:02 4740223                   /usr/lib/libzstd.so.1.5.7
7f9264549000-7f9264610000 r-xp 0000c000 103:02 4740223                   /usr/lib/libzstd.so.1.5.7
7f9264610000-7f9264621000 r--p 000d3000 103:02 4740223                   /usr/lib/libzstd.so.1.5.7
7f9264621000-7f9264622000 r--p 000e4000 103:02 4740223                   /usr/lib/libzstd.so.1.5.7
7f9264622000-7f9264623000 rw-p 000e5000 103:02 4740223                   /usr/lib/libzstd.so.1.5.7
7f9264623000-7f9264626000 r--p 00000000 103:02 4751872                   /usr/lib/libxcb-xfixes.so.0.0.0
7f9264626000-7f9264629000 r-xp 00003000 103:02 4751872                   /usr/lib/libxcb-xfixes.so.0.0.0
7f9264629000-7f926462a000 r--p 00006000 103:02 4751872                   /usr/lib/libxcb-xfixes.so.0.0.0
7f926462a000-7f926462b000 r--p 00007000 103:02 4751872                   /usr/lib/libxcb-xfixes.so.0.0.0
7f926462b000-7f926462c000 rw-p 00008000 103:02 4751872                   /usr/lib/libxcb-xfixes.so.0.0.0
7f926462c000-7f9264633000 r--p 00000000 103:02 4751834                   /usr/lib/libxcb-randr.so.0.1.0
7f9264633000-7f9264639000 r-xp 00007000 103:02 4751834                   /usr/lib/libxcb-randr.so.0.1.0
7f9264639000-7f926463c000 r--p 0000d000 103:02 4751834                   /usr/lib/libxcb-randr.so.0.1.0
7f926463c000-7f926463d000 r--p 00010000 103:02 4751834                   /usr/lib/libxcb-randr.so.0.1.0
7f926463d000-7f926463e000 rw-p 00011000 103:02 4751834                   /usr/lib/libxcb-randr.so.0.1.0
7f926463e000-7f9264644000 r--p 00000000 103:02 4817102                   /usr/lib/libEGL_mesa.so.0.0.0
7f9264644000-7f926467f000 r-xp 00006000 103:02 4817102                   /usr/lib/libEGL_mesa.so.0.0.0
7f926467f000-7f9264692000 r--p 00041000 103:02 4817102                   /usr/lib/libEGL_mesa.so.0.0.0
7f9264692000-7f926469f000 r--p 00053000 103:02 4817102                   /usr/lib/libEGL_mesa.so.0.0.0
7f926469f000-7f92646a0000 rw-p 00060000 103:02 4817102                   /usr/lib/libEGL_mesa.so.0.0.0
7f92646a0000-7f92646a1000 rw-p 00000000 00:00 0 
7f92646a1000-7f92646a2000 r--p 00000000 103:02 4740497                   /usr/lib/libX11-xcb.so.1.0.0
7f92646a2000-7f92646a3000 r-xp 00001000 103:02 4740497                   /usr/lib/libX11-xcb.so.1.0.0
7f92646a3000-7f92646a4000 r--p 00002000 103:02 4740497                   /usr/lib/libX11-xcb.so.1.0.0
7f92646a4000-7f92646a5000 r--p 00002000 103:02 4740497                   /usr/lib/libX11-xcb.so.1.0.0
7f92646a5000-7f92646a6000 rw-p 00003000 103:02 4740497                   /usr/lib/libX11-xcb.so.1.0.0
7f92646ba000-7f92646bc000 r--p 00000000 103:02 4751813                   /usr/lib/libxcb-dri3.so.0.1.0
7f92646bc000-7f92646be000 r-xp 00002000 103:02 4751813                   /usr/lib/libxcb-dri3.so.0.1.0
7f92646be000-7f92646bf000 r--p 00004000 103:02 4751813                   /usr/lib/libxcb-dri3.so.0.1.0
7f92646bf000-7f92646c0000 r--p 00004000 103:02 4751813                   /usr/lib/libxcb-dri3.so.0.1.0
7f92646c0000-7f92646c1000 rw-p 00005000 103:02 4751813                   /usr/lib/libxcb-dri3.so.0.1.0
7f92646d5000-7f9264706000 r--p 00000000 103:02 4820322                   /usr/lib/libEGL_nvidia.so.610.57.04
7f9264706000-7f926478e000 r-xp 00031000 103:02 4820322                   /usr/lib/libEGL_nvidia.so.610.57.04
7f926478e000-7f92647dd000 r--p 000b9000 103:02 4820322                   /usr/lib/libEGL_nvidia.so.610.57.04
7f92647dd000-7f92647de000 ---p 00108000 103:02 4820322                   /usr/lib/libEGL_nvidia.so.610.57.04
7f92647de000-7f92647e5000 r--p 00108000 103:02 4820322                   /usr/lib/libEGL_nvidia.so.610.57.04
7f92647e5000-7f92647fa000 rw-p 0010f000 103:02 4820322                   /usr/lib/libEGL_nvidia.so.610.57.04
7f92647fa000-7f9264800000 rw-p 00000000 00:00 0 
7f926483c000-7f926483d000 rw-p 00000000 00:00 0 
7f926483d000-7f9264841000 ---p 00000000 00:00 0 
7f9264841000-7f926493e000 rw-p 00000000 00:00 0 
7f926493e000-7f9264942000 ---p 00000000 00:00 0 
7f9264942000-7f9264a3e000 rw-p 00000000 00:00 0 
7f9264a3e000-7f9264a3f000 rw-p 00000000 00:00 0 
7f9264a3f000-7f9264a40000 rw-s 00000000 00:07 1110                       /dev/nvidiactl
7f9264a48000-7f9264a4d000 r--p 00000000 103:02 4826261                   /usr/lib/libwayland-server.so.0.26.0
7f9264a4d000-7f9264a56000 r-xp 00005000 103:02 4826261                   /usr/lib/libwayland-server.so.0.26.0
7f9264a56000-7f9264a5a000 r--p 0000e000 103:02 4826261                   /usr/lib/libwayland-server.so.0.26.0
7f9264a5a000-7f9264a5c000 r--p 00012000 103:02 4826261                   /usr/lib/libwayland-server.so.0.26.0
7f9264a5c000-7f9264a5d000 rw-p 00014000 103:02 4826261                   /usr/lib/libwayland-server.so.0.26.0
7f9264a71000-7f9264a76000 r--p 00000000 103:02 4771568                   /usr/lib/libdrm.so.2.134.0
7f9264a76000-7f9264a82000 r-xp 00005000 103:02 4771568                   /usr/lib/libdrm.so.2.134.0
7f9264a82000-7f9264a86000 r--p 00011000 103:02 4771568                   /usr/lib/libdrm.so.2.134.0
7f9264a86000-7f9264a87000 r--p 00015000 103:02 4771568                   /usr/lib/libdrm.so.2.134.0
7f9264a87000-7f9264a88000 rw-p 00016000 103:02 4771568                   /usr/lib/libdrm.so.2.134.0
7f9264a9d000-7f9264aad000 r--p 00000000 103:02 4831581                   /usr/lib/libnvidia-glsi.so.610.57.04
7f9264aad000-7f9264b0d000 r-xp 00010000 103:02 4831581                   /usr/lib/libnvidia-glsi.so.610.57.04
7f9264b0d000-7f9264b2a000 r--p 00070000 103:02 4831581                   /usr/lib/libnvidia-glsi.so.610.57.04
7f9264b2a000-7f9264b30000 r--p 0008c000 103:02 4831581                   /usr/lib/libnvidia-glsi.so.610.57.04
7f9264b30000-7f9264b31000 rw-p 00092000 103:02 4831581                   /usr/lib/libnvidia-glsi.so.610.57.04
7f9264b31000-7f9264b39000 rw-p 00000000 00:00 0 
7f9264b39000-7f9264b40000 r--s 00000000 103:02 4837165                   /usr/lib/gconv/gconv-modules.cache
7f9264b40000-7f9264b42000 r--p 00000000 103:02 4811999                   /usr/lib/libGLdispatch.so.0.0.0
7f9264b42000-7f9264b81000 r-xp 00002000 103:02 4811999                   /usr/lib/libGLdispatch.so.0.0.0
7f9264b81000-7f9264b94000 r--p 00041000 103:02 4811999                   /usr/lib/libGLdispatch.so.0.0.0
7f9264b94000-7f9264bb0000 r--p 00054000 103:02 4811999                   /usr/lib/libGLdispatch.so.0.0.0
7f9264bb0000-7f9264bb1000 rw-p 00070000 103:02 4811999                   /usr/lib/libGLdispatch.so.0.0.0
7f9264bb1000-7f9264bb9000 rw-p 00000000 00:00 0 
7f9264bb9000-7f9264bbb000 r--p 00000000 103:02 4750356                   /usr/lib/libEGL.so.1.1.0
7f9264bbb000-7f9264bc5000 r-xp 00002000 103:02 4750356                   /usr/lib/libEGL.so.1.1.0
7f9264bc5000-7f9264bc9000 r--p 0000c000 103:02 4750356                   /usr/lib/libEGL.so.1.1.0
7f9264bc9000-7f9264bca000 r--p 0000f000 103:02 4750356                   /usr/lib/libEGL.so.1.1.0
7f9264bca000-7f9264bcb000 rw-p 00010000 103:02 4750356                   /usr/lib/libEGL.so.1.1.0
7f9264c5b000-7f9264c5c000 r--p 00000000 103:02 4812149                   /usr/lib/libbrotlicommon.so.1.2.0
7f9264c5c000-7f9264c5d000 r-xp 00001000 103:02 4812149                   /usr/lib/libbrotlicommon.so.1.2.0
7f9264c5d000-7f9264c7c000 r--p 00002000 103:02 4812149                   /usr/lib/libbrotlicommon.so.1.2.0
7f9264c7c000-7f9264c7d000 r--p 00021000 103:02 4812149                   /usr/lib/libbrotlicommon.so.1.2.0
7f9264c7d000-7f9264c7e000 rw-p 00022000 103:02 4812149                   /usr/lib/libbrotlicommon.so.1.2.0
7f9264c7e000-7f9264c83000 r--p 00000000 103:02 4722170                   /usr/lib/libblkid.so.1.1.0
7f9264c83000-7f9264cac000 r-xp 00005000 103:02 4722170                   /usr/lib/libblkid.so.1.1.0
7f9264cac000-7f9264cb7000 r--p 0002e000 103:02 4722170                   /usr/lib/libblkid.so.1.1.0
7f9264cb7000-7f9264cbd000 r--p 00038000 103:02 4722170                   /usr/lib/libblkid.so.1.1.0
7f9264cbd000-7f9264cbe000 rw-p 0003e000 103:02 4722170                   /usr/lib/libblkid.so.1.1.0
7f9264cbe000-7f9264cc0000 r--p 00000000 103:02 4815257                   /usr/lib/libXdmcp.so.6.0.0
7f9264cc0000-7f9264cc2000 r-xp 00002000 103:02 4815257                   /usr/lib/libXdmcp.so.6.0.0
7f9264cc2000-7f9264cc4000 r--p 00004000 103:02 4815257                   /usr/lib/libXdmcp.so.6.0.0
7f9264cc4000-7f9264cc5000 r--p 00005000 103:02 4815257                   /usr/lib/libXdmcp.so.6.0.0
7f9264cc5000-7f9264cc6000 rw-p 00006000 103:02 4815257                   /usr/lib/libXdmcp.so.6.0.0
7f9264cc6000-7f9264cc7000 r--p 00000000 103:02 4812485                   /usr/lib/libbrotlidec.so.1.2.0
7f9264cc7000-7f9264cd0000 r-xp 00001000 103:02 4812485                   /usr/lib/libbrotlidec.so.1.2.0
7f9264cd0000-7f9264cd3000 r--p 0000a000 103:02 4812485                   /usr/lib/libbrotlidec.so.1.2.0
7f9264cd3000-7f9264cd4000 r--p 0000c000 103:02 4812485                   /usr/lib/libbrotlidec.so.1.2.0
7f9264cd4000-7f9264cd5000 rw-p 0000d000 103:02 4812485                   /usr/lib/libbrotlidec.so.1.2.0
7f9264cd5000-7f9264cd7000 r--p 00000000 103:02 4794869                   /usr/lib/libbz2.so.1.0.8
7f9264cd7000-7f9264ce4000 r-xp 00002000 103:02 4794869                   /usr/lib/libbz2.so.1.0.8
7f9264ce4000-7f9264ce6000 r--p 0000f000 103:02 4794869                   /usr/lib/libbz2.so.1.0.8
7f9264ce6000-7f9264ce7000 r--p 00010000 103:02 4794869                   /usr/lib/libbz2.so.1.0.8
7f9264ce7000-7f9264ce8000 rw-p 00011000 103:02 4794869                   /usr/lib/libbz2.so.1.0.8
7f9264ce8000-7f9264cea000 r--p 00000000 103:02 4761940                   /usr/lib/libdatrie.so.1.4.1
7f9264cea000-7f9264cee000 r-xp 00002000 103:02 4761940                   /usr/lib/libdatrie.so.1.4.1
7f9264cee000-7f9264cef000 r--p 00006000 103:02 4761940                   /usr/lib/libdatrie.so.1.4.1
7f9264cef000-7f9264cf0000 r--p 00006000 103:02 4761940                   /usr/lib/libdatrie.so.1.4.1
7f9264cf0000-7f9264cf1000 rw-p 00007000 103:02 4761940                   /usr/lib/libdatrie.so.1.4.1
7f9264cf1000-7f9264cfb000 r--p 00000000 103:02 4735601                   /usr/lib/libmount.so.1.1.0
7f9264cfb000-7f9264d39000 r-xp 0000a000 103:02 4735601                   /usr/lib/libmount.so.1.1.0
7f9264d39000-7f9264d4a000 r--p 00048000 103:02 4735601                   /usr/lib/libmount.so.1.1.0
7f9264d4a000-7f9264d4c000 r--p 00059000 103:02 4735601                   /usr/lib/libmount.so.1.1.0
7f9264d4c000-7f9264d4d000 rw-p 0005b000 103:02 4735601                   /usr/lib/libmount.so.1.1.0
7f9264d4d000-7f9264d4f000 r--p 00000000 103:02 4737414                   /usr/lib/libexpat.so.1.12.3
7f9264d4f000-7f9264d6f000 r-xp 00002000 103:02 4737414                   /usr/lib/libexpat.so.1.12.3
7f9264d6f000-7f9264d78000 r--p 00022000 103:02 4737414                   /usr/lib/libexpat.so.1.12.3
7f9264d78000-7f9264d7a000 r--p 0002a000 103:02 4737414                   /usr/lib/libexpat.so.1.12.3
7f9264d7a000-7f9264d7b000 rw-p 0002c000 103:02 4737414                   /usr/lib/libexpat.so.1.12.3
7f9264d7b000-7f9264d7d000 r--p 00000000 103:02 4815230                   /usr/lib/libgraphite2.so.3.3.1
7f9264d7d000-7f9264d96000 r-xp 00002000 103:02 4815230                   /usr/lib/libgraphite2.so.3.3.1
7f9264d96000-7f9264d9b000 r--p 0001b000 103:02 4815230                   /usr/lib/libgraphite2.so.3.3.1
7f9264d9b000-7f9264d9d000 r--p 0001f000 103:02 4815230                   /usr/lib/libgraphite2.so.3.3.1
7f9264d9d000-7f9264d9e000 rw-p 00021000 103:02 4815230                   /usr/lib/libgraphite2.so.3.3.1
7f9264d9e000-7f9264da1000 r--p 00000000 103:02 4732813                   /usr/lib/libpcre2-8.so.0.15.0
7f9264da1000-7f9264e1f000 r-xp 00003000 103:02 4732813                   /usr/lib/libpcre2-8.so.0.15.0
7f9264e1f000-7f9264e4a000 r--p 00081000 103:02 4732813                   /usr/lib/libpcre2-8.so.0.15.0
7f9264e4a000-7f9264e4b000 r--p 000ab000 103:02 4732813                   /usr/lib/libpcre2-8.so.0.15.0
7f9264e4b000-7f9264e4c000 rw-p 000ac000 103:02 4732813                   /usr/lib/libpcre2-8.so.0.15.0
7f9264e4c000-7f9264e61000 r--p 00000000 103:02 4720960                   /usr/lib/libsystemd.so.0.44.0
7f9264e61000-7f9264f3a000 r-xp 00015000 103:02 4720960                   /usr/lib/libsystemd.so.0.44.0
7f9264f3a000-7f9264f89000 r--p 000ee000 103:02 4720960                   /usr/lib/libsystemd.so.0.44.0
7f9264f89000-7f9264f92000 r--p 0013c000 103:02 4720960                   /usr/lib/libsystemd.so.0.44.0
7f9264f92000-7f9264f93000 rw-p 00145000 103:02 4720960                   /usr/lib/libsystemd.so.0.44.0
7f9264f93000-7f9264f94000 rw-p 00000000 00:00 0 
7f9264f94000-7f9264f99000 r--p 00000000 103:02 4780633                   /usr/lib/libpixman-1.so.0.46.4
7f9264f99000-7f926502a000 r-xp 00005000 103:02 4780633                   /usr/lib/libpixman-1.so.0.46.4
7f926502a000-7f926503a000 r--p 00096000 103:02 4780633                   /usr/lib/libpixman-1.so.0.46.4
7f926503a000-7f9265042000 r--p 000a6000 103:02 4780633                   /usr/lib/libpixman-1.so.0.46.4
7f9265042000-7f9265043000 rw-p 000ae000 103:02 4780633                   /usr/lib/libpixman-1.so.0.46.4
7f9265043000-7f9265049000 r--p 00000000 103:02 4751845                   /usr/lib/libxcb-render.so.0.0.0
7f9265049000-7f926504e000 r-xp 00006000 103:02 4751845                   /usr/lib/libxcb-render.so.0.0.0
7f926504e000-7f9265050000 r--p 0000b000 103:02 4751845                   /usr/lib/libxcb-render.so.0.0.0
7f9265050000-7f9265051000 r--p 0000d000 103:02 4751845                   /usr/lib/libxcb-render.so.0.0.0
7f9265051000-7f9265052000 rw-p 0000e000 103:02 4751845                   /usr/lib/libxcb-render.so.0.0.0
7f9265052000-7f926505e000 r--p 00000000 103:02 4751894                   /usr/lib/libxcb.so.1.1.0
7f926505e000-7f9265072000 r-xp 0000c000 103:02 4751894                   /usr/lib/libxcb.so.1.1.0
7f9265072000-7f926507b000 r--p 00020000 103:02 4751894                   /usr/lib/libxcb.so.1.1.0
7f926507b000-7f926507c000 r--p 00028000 103:02 4751894                   /usr/lib/libxcb.so.1.1.0
7f926507c000-7f926507d000 rw-p 00029000 103:02 4751894                   /usr/lib/libxcb.so.1.1.0
7f926507d000-7f9265081000 r--p 00000000 103:02 4760928                   /usr/lib/libXext.so.6.4.0
7f9265081000-7f926508c000 r-xp 00004000 103:02 4760928                   /usr/lib/libXext.so.6.4.0
7f926508c000-7f926508f000 r--p 0000f000 103:02 4760928                   /usr/lib/libXext.so.6.4.0
7f926508f000-7f9265090000 r--p 00011000 103:02 4760928                   /usr/lib/libXext.so.6.4.0
7f9265090000-7f9265091000 rw-p 00012000 103:02 4760928                   /usr/lib/libXext.so.6.4.0
7f9265091000-7f92650a8000 r--p 00000000 103:02 4740502                   /usr/lib/libX11.so.6.4.0
7f92650a8000-7f926513d000 r-xp 00017000 103:02 4740502                   /usr/lib/libX11.so.6.4.0
7f926513d000-7f92651cc000 r--p 000ac000 103:02 4740502                   /usr/lib/libX11.so.6.4.0
7f92651cc000-7f92651cf000 r--p 0013a000 103:02 4740502                   /usr/lib/libX11.so.6.4.0
7f92651cf000-7f92651d3000 rw-p 0013d000 103:02 4740502                   /usr/lib/libX11.so.6.4.0
7f92651d3000-7f92651d9000 r--p 00000000 103:02 4814646                   /usr/lib/libfreetype.so.6.20.6
7f92651d9000-7f9265271000 r-xp 00006000 103:02 4814646                   /usr/lib/libfreetype.so.6.20.6
7f9265271000-7f926529a000 r--p 0009e000 103:02 4814646                   /usr/lib/libfreetype.so.6.20.6
7f926529a000-7f92652a2000 r--p 000c6000 103:02 4814646                   /usr/lib/libfreetype.so.6.20.6
7f92652a2000-7f92652a3000 rw-p 000ce000 103:02 4814646                   /usr/lib/libfreetype.so.6.20.6
7f92652a3000-7f92652a9000 r--p 00000000 103:02 4812002                   /usr/lib/libpng16.so.16.58.0
7f92652a9000-7f92652d4000 r-xp 00006000 103:02 4812002                   /usr/lib/libpng16.so.16.58.0
7f92652d4000-7f92652de000 r--p 00031000 103:02 4812002                   /usr/lib/libpng16.so.16.58.0
7f92652de000-7f92652df000 r--p 0003a000 103:02 4812002                   /usr/lib/libpng16.so.16.58.0
7f92652df000-7f92652e0000 rw-p 0003b000 103:02 4812002                   /usr/lib/libpng16.so.16.58.0
7f92652e0000-7f92652e2000 r--p 00000000 103:02 4761906                   /usr/lib/libfribidi.so.0.4.0
7f92652e2000-7f92652e7000 r-xp 00002000 103:02 4761906                   /usr/lib/libfribidi.so.0.4.0
7f92652e7000-7f92652fe000 r--p 00007000 103:02 4761906                   /usr/lib/libfribidi.so.0.4.0
7f92652fe000-7f92652ff000 r--p 0001d000 103:02 4761906                   /usr/lib/libfribidi.so.0.4.0
7f92652ff000-7f9265300000 rw-p 0001e000 103:02 4761906                   /usr/lib/libfribidi.so.0.4.0
7f9265300000-7f9265332000 r--p 00000000 103:02 4745344                   /usr/lib/libgio-2.0.so.0.8800.3
7f9265332000-7f9265459000 r-xp 00032000 103:02 4745344                   /usr/lib/libgio-2.0.so.0.8800.3
7f9265459000-7f92654d3000 r--p 00159000 103:02 4745344                   /usr/lib/libgio-2.0.so.0.8800.3
7f92654d3000-7f92654dc000 r--p 001d2000 103:02 4745344                   /usr/lib/libgio-2.0.so.0.8800.3
7f92654dc000-7f92654dd000 rw-p 001db000 103:02 4745344                   /usr/lib/libgio-2.0.so.0.8800.3
7f92654dd000-7f92654df000 rw-p 00000000 00:00 0 
7f92654df000-7f92654e5000 r--p 00000000 103:02 4759013                   /usr/lib/libfontconfig.so.1.17.0
7f92654e5000-7f926551a000 r-xp 00006000 103:02 4759013                   /usr/lib/libfontconfig.so.1.17.0
7f926551a000-7f9265550000 r--p 0003b000 103:02 4759013                   /usr/lib/libfontconfig.so.1.17.0
7f9265550000-7f9265559000 r--p 00071000 103:02 4759013                   /usr/lib/libfontconfig.so.1.17.0
7f9265559000-7f926555a000 rw-p 0007a000 103:02 4759013                   /usr/lib/libfontconfig.so.1.17.0
7f926555a000-7f9265567000 r--p 00000000 103:02 4814594                   /usr/lib/libharfbuzz.so.0.61431.0
7f9265567000-7f9265659000 r-xp 0000d000 103:02 4814594                   /usr/lib/libharfbuzz.so.0.61431.0
7f9265659000-7f926568d000 r--p 000ff000 103:02 4814594                   /usr/lib/libharfbuzz.so.0.61431.0
7f926568d000-7f926568f000 r--p 00132000 103:02 4814594                   /usr/lib/libharfbuzz.so.0.61431.0
7f926568f000-7f9265690000 rw-p 00134000 103:02 4814594                   /usr/lib/libharfbuzz.so.0.61431.0
7f9265690000-7f92656ae000 r--p 00000000 103:02 4748073                   /usr/lib/libglib-2.0.so.0.8800.3
7f92656ae000-7f926575c000 r-xp 0001e000 103:02 4748073                   /usr/lib/libglib-2.0.so.0.8800.3
7f926575c000-7f92657f0000 r--p 000cc000 103:02 4748073                   /usr/lib/libglib-2.0.so.0.8800.3
7f92657f0000-7f92657f1000 r--p 00160000 103:02 4748073                   /usr/lib/libglib-2.0.so.0.8800.3
7f92657f1000-7f92657f2000 rw-p 00161000 103:02 4748073                   /usr/lib/libglib-2.0.so.0.8800.3
7f92657f2000-7f92657f3000 rw-p 00000000 00:00 0 
7f92657f3000-7f9265801000 r--p 00000000 103:02 4741723                   /usr/lib/libdbus-1.so.3.38.3
7f9265801000-7f9265832000 r-xp 0000e000 103:02 4741723                   /usr/lib/libdbus-1.so.3.38.3
7f9265832000-7f9265843000 r--p 0003f000 103:02 4741723                   /usr/lib/libdbus-1.so.3.38.3
7f9265843000-7f9265845000 r--p 0004f000 103:02 4741723                   /usr/lib/libdbus-1.so.3.38.3
7f9265845000-7f9265846000 rw-p 00051000 103:02 4741723                   /usr/lib/libdbus-1.so.3.38.3
7f9265846000-7f9265854000 r--p 00000000 103:02 4757736                   /usr/lib/libcairo.so.2.11804.4
7f9265854000-7f9265947000 r-xp 0000e000 103:02 4757736                   /usr/lib/libcairo.so.2.11804.4
7f9265947000-7f926597c000 r--p 00101000 103:02 4757736                   /usr/lib/libcairo.so.2.11804.4
7f926597c000-7f9265980000 r--p 00136000 103:02 4757736                   /usr/lib/libcairo.so.2.11804.4
7f9265980000-7f9265982000 rw-p 0013a000 103:02 4757736                   /usr/lib/libcairo.so.2.11804.4
7f9265982000-7f9265983000 rw-p 00000000 00:00 0 
7f9265983000-7f9265991000 r--p 00000000 103:02 4794787                   /usr/lib/libpango-1.0.so.0.5800.2
7f9265991000-7f92659d1000 r-xp 0000e000 103:02 4794787                   /usr/lib/libpango-1.0.so.0.5800.2
7f92659d1000-7f92659ed000 r--p 0004e000 103:02 4794787                   /usr/lib/libpango-1.0.so.0.5800.2
7f92659ed000-7f92659f1000 r--p 00069000 103:02 4794787                   /usr/lib/libpango-1.0.so.0.5800.2
7f92659f1000-7f92659f2000 rw-p 0006d000 103:02 4794787                   /usr/lib/libpango-1.0.so.0.5800.2
7f92659f2000-7f92659f3000 rw-p 00000000 00:00 0 
7f92659f3000-7f92659f7000 ---p 00000000 00:00 0 
7f92659f7000-7f9265df7000 rw-p 00000000 00:00 0 
7f9265df7000-7f9265dfb000 ---p 00000000 00:00 0 
7f9265dfb000-7f9265ef8000 rw-p 00000000 00:00 0 
7f9265ef8000-7f9265efc000 ---p 00000000 00:00 0 
7f9265efc000-7f9265ff9000 rw-p 00000000 00:00 0 
7f9265ff9000-7f9265ffd000 ---p 00000000 00:00 0 
7f9265ffd000-7f92660fa000 rw-p 00000000 00:00 0 
7f92660fa000-7f92660fe000 ---p 00000000 00:00 0 
7f92660fe000-7f92661fb000 rw-p 00000000 00:00 0 
7f92661fb000-7f92661ff000 ---p 00000000 00:00 0 
7f92661ff000-7f92662fb000 rw-p 00000000 00:00 0 
7f92663d2000-7f92663d3000 rw-p 00000000 00:00 0 
7f92663d3000-7f92663d4000 rw-s 00000000 00:07 1110                       /dev/nvidiactl
7f92663d4000-7f92663d5000 rw-s 00000000 00:07 1110                       /dev/nvidiactl
7f92663e5000-7f92663e6000 rw-s 00000000 00:07 1110                       /dev/nvidiactl
7f92663fc000-7f92663fd000 rw-p 00000000 00:00 0 
7f92663fd000-7f9266401000 ---p 00000000 00:00 0 
7f9266401000-7f92664fe000 rw-p 00000000 00:00 0 
7f92664fe000-7f9266502000 ---p 00000000 00:00 0 
7f9266502000-7f92665ff000 rw-p 00000000 00:00 0 
7f92665ff000-7f9266603000 ---p 00000000 00:00 0 
7f9266603000-7f9266700000 rw-p 00000000 00:00 0 
7f9266700000-7f9266704000 ---p 00000000 00:00 0 
7f9266704000-7f9266800000 rw-p 00000000 00:00 0 
7f9266800000-7f9266aee000 r--p 00000000 103:02 4837164                   /usr/lib/locale/locale-archive
7f9266aee000-7f9266af2000 rw-s 00000000 00:07 1110                       /dev/nvidiactl
7f9266af2000-7f9266afe000 r--p 00000000 103:02 4750151                   /usr/lib/libgobject-2.0.so.0.8800.3
7f9266afe000-7f9266b37000 r-xp 0000c000 103:02 4750151                   /usr/lib/libgobject-2.0.so.0.8800.3
7f9266b37000-7f9266b51000 r--p 00045000 103:02 4750151                   /usr/lib/libgobject-2.0.so.0.8800.3
7f9266b51000-7f9266b54000 r--p 0005e000 103:02 4750151                   /usr/lib/libgobject-2.0.so.0.8800.3
7f9266b54000-7f9266b55000 rw-p 00061000 103:02 4750151                   /usr/lib/libgobject-2.0.so.0.8800.3
7f9266b55000-7f9266b65000 r--p 00000000 00:2f 28158                      /tmp/lwjgl_annihilator/3.3.6+1/x64/libglfw.so
7f9266b65000-7f9266b86000 r-xp 00010000 00:2f 28158                      /tmp/lwjgl_annihilator/3.3.6+1/x64/libglfw.so
7f9266b86000-7f9266bc2000 r--p 00031000 00:2f 28158                      /tmp/lwjgl_annihilator/3.3.6+1/x64/libglfw.so
7f9266bc2000-7f9266bc6000 r--p 0006c000 00:2f 28158                      /tmp/lwjgl_annihilator/3.3.6+1/x64/libglfw.so
7f9266bc6000-7f9266bc9000 rw-p 00070000 00:2f 28158                      /tmp/lwjgl_annihilator/3.3.6+1/x64/libglfw.so
7f9266bc9000-7f9266bec000 rw-p 00000000 00:00 0 
7f9266bec000-7f9266bed000 rw-p 00000000 00:00 0 
7f9266bed000-7f9266bf1000 ---p 00000000 00:00 0 
7f9266bf1000-7f9266cee000 rw-p 00000000 00:00 0 
7f9266cee000-7f9266cf2000 ---p 00000000 00:00 0 
7f9266cf2000-7f9266ef0000 rw-p 00000000 00:00 0 
7f9266ef0000-7f9266ef4000 ---p 00000000 00:00 0 
7f9266ef4000-7f92673f4000 rw-p 00000000 00:00 0 
7f92673f4000-7f926af17000 rw-p 00000000 00:00 0 
7f926af17000-7f926c000000 ---p 00000000 00:00 0 
7f926c000000-7f926d35b000 rw-p 00000000 00:00 0 
7f926d35b000-7f9270000000 ---p 00000000 00:00 0 
7f9270000000-7f9272c8b000 rw-p 00000000 00:00 0 
7f9272c8b000-7f9274000000 ---p 00000000 00:00 0 
7f9274000000-7f9274001000 r--p 00000000 103:02 4751829                   /usr/lib/libxcb-present.so.0.0.0
7f9274001000-7f9274002000 r-xp 00001000 103:02 4751829                   /usr/lib/libxcb-present.so.0.0.0
7f9274002000-7f9274003000 r--p 00002000 103:02 4751829                   /usr/lib/libxcb-present.so.0.0.0
7f9274003000-7f9274004000 r--p 00002000 103:02 4751829                   /usr/lib/libxcb-present.so.0.0.0
7f9274004000-7f9274005000 rw-p 00003000 103:02 4751829                   /usr/lib/libxcb-present.so.0.0.0
7f9274005000-7f927400d000 r--p 00000000 103:02 4815145                   /usr/lib/libpangoft2-1.0.so.0.5800.2
7f927400d000-7f927401d000 r-xp 00008000 103:02 4815145                   /usr/lib/libpangoft2-1.0.so.0.5800.2
7f927401d000-7f9274022000 r--p 00018000 103:02 4815145                   /usr/lib/libpangoft2-1.0.so.0.5800.2
7f9274022000-7f9274023000 r--p 0001d000 103:02 4815145                   /usr/lib/libpangoft2-1.0.so.0.5800.2
7f9274023000-7f9274024000 rw-p 0001e000 103:02 4815145                   /usr/lib/libpangoft2-1.0.so.0.5800.2
7f9274024000-7f9274028000 r--p 00000000 103:02 4755680                   /usr/lib/libxkbcommon.so.0.13.2
7f9274028000-7f9274057000 r-xp 00004000 103:02 4755680                   /usr/lib/libxkbcommon.so.0.13.2
7f9274057000-7f9274080000 r--p 00033000 103:02 4755680                   /usr/lib/libxkbcommon.so.0.13.2
7f9274080000-7f9274082000 r--p 0005b000 103:02 4755680                   /usr/lib/libxkbcommon.so.0.13.2
7f9274082000-7f9274083000 rw-p 0005d000 103:02 4755680                   /usr/lib/libxkbcommon.so.0.13.2
7f9274083000-7f92740af000 r--p 00000000 00:2f 28110                      /tmp/lwjgl_annihilator/3.3.6+1/x64/liblwjgl.so
7f92740af000-7f92740e3000 r-xp 0002c000 00:2f 28110                      /tmp/lwjgl_annihilator/3.3.6+1/x64/liblwjgl.so
7f92740e3000-7f92740fd000 r--p 00060000 00:2f 28110                      /tmp/lwjgl_annihilator/3.3.6+1/x64/liblwjgl.so
7f92740fd000-7f92740fe000 r--p 00079000 00:2f 28110                      /tmp/lwjgl_annihilator/3.3.6+1/x64/liblwjgl.so
7f92740fe000-7f92740ff000 rw-p 0007a000 00:2f 28110                      /tmp/lwjgl_annihilator/3.3.6+1/x64/liblwjgl.so
7f92740ff000-7f9276200000 rw-p 00000000 00:00 0 
7f9276200000-7f9276202000 r--p 00000000 103:02 4835234                   /usr/lib/libgbm.so.1.0.0
7f9276202000-7f9276203000 r-xp 00002000 103:02 4835234                   /usr/lib/libgbm.so.1.0.0
7f9276203000-7f9276204000 r--p 00003000 103:02 4835234                   /usr/lib/libgbm.so.1.0.0
7f9276204000-7f9276205000 r--p 00003000 103:02 4835234                   /usr/lib/libgbm.so.1.0.0
7f9276205000-7f9276206000 rw-p 00004000 103:02 4835234                   /usr/lib/libgbm.so.1.0.0
7f9276206000-7f9276208000 r--p 00000000 103:02 4843167                   /usr/lib/libXrender.so.1.3.0
7f9276208000-7f927620f000 r-xp 00002000 103:02 4843167                   /usr/lib/libXrender.so.1.3.0
7f927620f000-7f9276210000 r--p 00009000 103:02 4843167                   /usr/lib/libXrender.so.1.3.0
7f9276210000-7f9276211000 r--p 00009000 103:02 4843167                   /usr/lib/libXrender.so.1.3.0
7f9276211000-7f9276212000 rw-p 0000a000 103:02 4843167                   /usr/lib/libXrender.so.1.3.0
7f9276212000-7f9276213000 r--p 00000000 103:02 7880802                   /usr/lib/jvm/java-26-openjdk/lib/libsimdsort.so
7f9276213000-7f927624d000 r-xp 00001000 103:02 7880802                   /usr/lib/jvm/java-26-openjdk/lib/libsimdsort.so
7f927624d000-7f9276253000 r--p 0003b000 103:02 7880802                   /usr/lib/jvm/java-26-openjdk/lib/libsimdsort.so
7f9276253000-7f9276254000 r--p 00040000 103:02 7880802                   /usr/lib/jvm/java-26-openjdk/lib/libsimdsort.so
7f9276254000-7f9276255000 rw-p 00041000 103:02 7880802                   /usr/lib/jvm/java-26-openjdk/lib/libsimdsort.so
7f9276255000-7f9276558000 rw-p 00000000 00:00 0 
7f9276558000-7f9276a38000 rw-p 00000000 00:00 0 
7f9276a38000-7f927a150000 ---p 00000000 00:00 0 
7f927a150000-7f927a20c000 rw-p 00000000 00:00 0 
7f927a20c000-7f927a8ef000 ---p 00000000 00:00 0 
7f927a8ef000-7f927a98f000 rw-p 00000000 00:00 0 
7f927a98f000-7f927b072000 ---p 00000000 00:00 0 
7f927b072000-7f927b112000 rw-p 00000000 00:00 0 
7f927b112000-7f927b7f5000 ---p 00000000 00:00 0 
7f927b7f5000-7f927bdff000 rw-p 00000000 00:00 0 
7f927bdff000-7f927d88f000 rwxp 00000000 00:00 0 
7f927d88f000-7f928325f000 ---p 00000000 00:00 0 
7f928325f000-7f928397f000 rwxp 00000000 00:00 0 
7f928397f000-7f92839a0000 ---p 00000000 00:00 0 
7f92839a0000-7f9284210000 rwxp 00000000 00:00 0 
7f9284210000-7f928ae00000 ---p 00000000 00:00 0 
7f928ae00000-7f9293e1c000 r--s 00000000 103:02 7880807                   /usr/lib/jvm/java-26-openjdk/lib/modules
7f9293e1c000-7f9293e1e000 rw-s 00000000 00:07 1110                       /dev/nvidiactl
7f9293e1e000-7f9293e1f000 r--p 00000000 103:02 4757711                   /usr/lib/libXau.so.6.0.0
7f9293e1f000-7f9293e20000 r-xp 00001000 103:02 4757711                   /usr/lib/libXau.so.6.0.0
7f9293e20000-7f9293e21000 r--p 00002000 103:02 4757711                   /usr/lib/libXau.so.6.0.0
7f9293e21000-7f9293e22000 r--p 00002000 103:02 4757711                   /usr/lib/libXau.so.6.0.0
7f9293e22000-7f9293e23000 rw-p 00003000 103:02 4757711                   /usr/lib/libXau.so.6.0.0
7f9293e23000-7f9297fb4000 rw-p 00000000 00:00 0 
7f9297fb4000-7f9298000000 ---p 00000000 00:00 0 
7f9298000000-7f9298001000 rw-s 00000000 00:07 1112                       /dev/nvidia0
7f9298001000-7f9298002000 rw-s 00000000 00:07 1110                       /dev/nvidiactl
7f9298002000-7f9298003000 rw-s 00000000 00:07 1110                       /dev/nvidiactl
7f9298003000-7f9298004000 r--s 00000000 00:07 1110                       /dev/nvidiactl
7f9298004000-7f9298006000 r--p 00000000 103:02 4748283                   /usr/lib/libgmodule-2.0.so.0.8800.3
7f9298006000-7f9298008000 r-xp 00002000 103:02 4748283                   /usr/lib/libgmodule-2.0.so.0.8800.3
7f9298008000-7f9298009000 r--p 00004000 103:02 4748283                   /usr/lib/libgmodule-2.0.so.0.8800.3
7f9298009000-7f929800a000 r--p 00004000 103:02 4748283                   /usr/lib/libgmodule-2.0.so.0.8800.3
7f929800a000-7f929800b000 rw-p 00005000 103:02 4748283                   /usr/lib/libgmodule-2.0.so.0.8800.3
7f929800b000-7f929800d000 r--p 00000000 103:02 4815120                   /usr/lib/libthai.so.0.3.2
7f929800d000-7f9298011000 r-xp 00002000 103:02 4815120                   /usr/lib/libthai.so.0.3.2
7f9298011000-7f9298014000 r--p 00006000 103:02 4815120                   /usr/lib/libthai.so.0.3.2
7f9298014000-7f9298015000 r--p 00008000 103:02 4815120                   /usr/lib/libthai.so.0.3.2
7f9298015000-7f9298016000 rw-p 00009000 103:02 4815120                   /usr/lib/libthai.so.0.3.2
7f9298016000-7f929801b000 r--p 00000000 103:02 4815137                   /usr/lib/libpangocairo-1.0.so.0.5800.2
7f929801b000-7f9298024000 r-xp 00005000 103:02 4815137                   /usr/lib/libpangocairo-1.0.so.0.5800.2
7f9298024000-7f9298026000 r--p 0000e000 103:02 4815137                   /usr/lib/libpangocairo-1.0.so.0.5800.2
7f9298026000-7f9298027000 r--p 00010000 103:02 4815137                   /usr/lib/libpangocairo-1.0.so.0.5800.2
7f9298027000-7f9298028000 rw-p 00011000 103:02 4815137                   /usr/lib/libpangocairo-1.0.so.0.5800.2
7f9298028000-7f929863f000 rw-p 00000000 00:00 0 
7f929863f000-7f9298717000 ---p 00000000 00:00 0 
7f9298717000-7f929874d000 rw-p 00000000 00:00 0 
7f929874d000-7f9298800000 ---p 00000000 00:00 0 
7f9298800000-7f929889a000 r--p 00000000 103:02 4748526                   /usr/lib/libstdc++.so.6.0.36
7f929889a000-7f9298a1d000 r-xp 0009a000 103:02 4748526                   /usr/lib/libstdc++.so.6.0.36
7f9298a1d000-7f9298abd000 r--p 0021d000 103:02 4748526                   /usr/lib/libstdc++.so.6.0.36
7f9298abd000-7f9298ace000 r--p 002bc000 103:02 4748526                   /usr/lib/libstdc++.so.6.0.36
7f9298ace000-7f9298acf000 rw-p 002cd000 103:02 4748526                   /usr/lib/libstdc++.so.6.0.36
7f9298acf000-7f9298ad3000 rw-p 00000000 00:00 0 
7f9298ad3000-7f9298ad4000 r--p 00000000 103:02 4751862                   /usr/lib/libxcb-shm.so.0.0.0
7f9298ad4000-7f9298ad5000 r-xp 00001000 103:02 4751862                   /usr/lib/libxcb-shm.so.0.0.0
7f9298ad5000-7f9298ad6000 r--p 00002000 103:02 4751862                   /usr/lib/libxcb-shm.so.0.0.0
7f9298ad6000-7f9298ad7000 r--p 00002000 103:02 4751862                   /usr/lib/libxcb-shm.so.0.0.0
7f9298ad7000-7f9298ad8000 rw-p 00003000 103:02 4751862                   /usr/lib/libxcb-shm.so.0.0.0
7f9298ad8000-7f9298adc000 r--p 00000000 103:02 4726011                   /usr/lib/libdecor/plugins-1/libdecor-cairo.so
7f9298adc000-7f9298ae2000 r-xp 00004000 103:02 4726011                   /usr/lib/libdecor/plugins-1/libdecor-cairo.so
7f9298ae2000-7f9298ae4000 r--p 0000a000 103:02 4726011                   /usr/lib/libdecor/plugins-1/libdecor-cairo.so
7f9298ae4000-7f9298ae7000 r--p 0000b000 103:02 4726011                   /usr/lib/libdecor/plugins-1/libdecor-cairo.so
7f9298ae7000-7f9298ae8000 rw-p 0000e000 103:02 4726011                   /usr/lib/libdecor/plugins-1/libdecor-cairo.so
7f9298ae8000-7f9298aeb000 r--p 00000000 103:02 4725997                   /usr/lib/libdecor-0.so.0.200.5
7f9298aeb000-7f9298aee000 r-xp 00003000 103:02 4725997                   /usr/lib/libdecor-0.so.0.200.5
7f9298aee000-7f9298af0000 r--p 00006000 103:02 4725997                   /usr/lib/libdecor-0.so.0.200.5
7f9298af0000-7f9298af1000 r--p 00007000 103:02 4725997                   /usr/lib/libdecor-0.so.0.200.5
7f9298af1000-7f9298af2000 rw-p 00008000 103:02 4725997                   /usr/lib/libdecor-0.so.0.200.5
7f9298af2000-7f9298af4000 r--p 00000000 103:02 4780624                   /usr/lib/libffi.so.8.5.0
7f9298af4000-7f9298afc000 r-xp 00002000 103:02 4780624                   /usr/lib/libffi.so.8.5.0
7f9298afc000-7f9298afe000 r--p 0000a000 103:02 4780624                   /usr/lib/libffi.so.8.5.0
7f9298afe000-7f9298aff000 r--p 0000b000 103:02 4780624                   /usr/lib/libffi.so.8.5.0
7f9298aff000-7f9298b00000 rw-p 0000c000 103:02 4780624                   /usr/lib/libffi.so.8.5.0
7f9298b00000-7f9298b04000 ---p 00000000 00:00 0 
7f9298b04000-7f9298c00000 rw-p 00000000 00:00 0 
7f9298c00000-7f9298c0e000 r--p 00000000 103:02 7880818                   /usr/lib/jvm/java-26-openjdk/lib/server/libjvm.so
7f9298c0e000-7f9299b57000 r-xp 0000e000 103:02 7880818                   /usr/lib/jvm/java-26-openjdk/lib/server/libjvm.so
7f9299b57000-7f9299d9e000 r--p 00f57000 103:02 7880818                   /usr/lib/jvm/java-26-openjdk/lib/server/libjvm.so
7f9299d9e000-7f9299e90000 r--p 0119d000 103:02 7880818                   /usr/lib/jvm/java-26-openjdk/lib/server/libjvm.so
7f9299e90000-7f9299eb1000 rw-p 0128f000 103:02 7880818                   /usr/lib/jvm/java-26-openjdk/lib/server/libjvm.so
7f9299eb1000-7f9299f34000 rw-p 00000000 00:00 0 
7f9299f34000-7f9299f35000 r--p 00000000 103:02 4818228                   /usr/lib/libwayland-egl.so.1.26.0
7f9299f35000-7f9299f36000 r-xp 00001000 103:02 4818228                   /usr/lib/libwayland-egl.so.1.26.0
7f9299f36000-7f9299f37000 r--p 00002000 103:02 4818228                   /usr/lib/libwayland-egl.so.1.26.0
7f9299f37000-7f9299f38000 r--p 00002000 103:02 4818228                   /usr/lib/libwayland-egl.so.1.26.0
7f9299f38000-7f9299f39000 rw-p 00003000 103:02 4818228                   /usr/lib/libwayland-egl.so.1.26.0
7f9299f39000-7f9299f3c000 r--p 00000000 103:02 4815658                   /usr/lib/libwayland-client.so.0.26.0
7f9299f3c000-7f9299f43000 r-xp 00003000 103:02 4815658                   /usr/lib/libwayland-client.so.0.26.0
7f9299f43000-7f9299f46000 r--p 0000a000 103:02 4815658                   /usr/lib/libwayland-client.so.0.26.0
7f9299f46000-7f9299f48000 r--p 0000c000 103:02 4815658                   /usr/lib/libwayland-client.so.0.26.0
7f9299f48000-7f9299f49000 rw-p 0000e000 103:02 4815658                   /usr/lib/libwayland-client.so.0.26.0
7f9299f49000-7f9299f8a000 rw-p 00000000 00:00 0 
7f9299f8a000-7f9299f8c000 r--p 00000000 00:1a 53161                      /dev/shm/716e306c-95b7-4d19-95b4-1c569de03be9 (deleted)
7f9299f8c000-7f9299f8e000 r--p 00000000 00:1a 53161                      /dev/shm/716e306c-95b7-4d19-95b4-1c569de03be9 (deleted)
7f9299f8e000-7f9299f8f000 r--p 00000000 103:02 4817284                   /usr/lib/libwayland-cursor.so.0.26.0
7f9299f8f000-7f9299f91000 r-xp 00001000 103:02 4817284                   /usr/lib/libwayland-cursor.so.0.26.0
7f9299f91000-7f9299f92000 r--p 00003000 103:02 4817284                   /usr/lib/libwayland-cursor.so.0.26.0
7f9299f92000-7f9299f93000 r--p 00003000 103:02 4817284                   /usr/lib/libwayland-cursor.so.0.26.0
7f9299f93000-7f9299f97000 rw-p 00004000 103:02 4817284                   /usr/lib/libwayland-cursor.so.0.26.0
7f9299f97000-7f9299f98000 r--p 00000000 103:02 4722210                   /usr/lib/librt.so.1
7f9299f98000-7f9299f99000 r-xp 00001000 103:02 4722210                   /usr/lib/librt.so.1
7f9299f99000-7f9299f9a000 r--p 00002000 103:02 4722210                   /usr/lib/librt.so.1
7f9299f9a000-7f9299f9b000 r--p 00002000 103:02 4722210                   /usr/lib/librt.so.1
7f9299f9b000-7f9299f9c000 rw-p 00003000 103:02 4722210                   /usr/lib/librt.so.1
7f9299f9c000-7f9299f9d000 rw-p 00000000 00:00 0 
7f9299f9d000-7f9299f9e000 r-xp 0005e000 00:2f 28110                      /tmp/lwjgl_annihilator/3.3.6+1/x64/liblwjgl.so
7f9299f9e000-7f9299f9f000 rw-p 00000000 00:00 0 
7f9299f9f000-7f9299fa0000 r--p 00000000 103:02 4722204                   /usr/lib/libpthread.so.0
7f9299fa0000-7f9299fa1000 r-xp 00001000 103:02 4722204                   /usr/lib/libpthread.so.0
7f9299fa1000-7f9299fa2000 r--p 00002000 103:02 4722204                   /usr/lib/libpthread.so.0
7f9299fa2000-7f9299fa3000 r--p 00002000 103:02 4722204                   /usr/lib/libpthread.so.0
7f9299fa3000-7f9299fa4000 rw-p 00003000 103:02 4722204                   /usr/lib/libpthread.so.0
7f9299fa4000-7f9299fa5000 r--p 00000000 103:02 4722163                   /usr/lib/libdl.so.2
7f9299fa5000-7f9299fa6000 r-xp 00001000 103:02 4722163                   /usr/lib/libdl.so.2
7f9299fa6000-7f9299fa7000 r--p 00002000 103:02 4722163                   /usr/lib/libdl.so.2
7f9299fa7000-7f9299fa8000 r--p 00002000 103:02 4722163                   /usr/lib/libdl.so.2
7f9299fa8000-7f9299fa9000 rw-p 00003000 103:02 4722163                   /usr/lib/libdl.so.2
7f9299fa9000-7f9299fab000 r--p 00000000 103:02 7880806                   /usr/lib/jvm/java-26-openjdk/lib/libzip.so
7f9299fab000-7f9299faf000 r-xp 00002000 103:02 7880806                   /usr/lib/jvm/java-26-openjdk/lib/libzip.so
7f9299faf000-7f9299fb1000 r--p 00006000 103:02 7880806                   /usr/lib/jvm/java-26-openjdk/lib/libzip.so
7f9299fb1000-7f9299fb2000 r--p 00007000 103:02 7880806                   /usr/lib/jvm/java-26-openjdk/lib/libzip.so
7f9299fb2000-7f9299fb3000 rw-p 00008000 103:02 7880806                   /usr/lib/jvm/java-26-openjdk/lib/libzip.so
7f9299fb3000-7f9299fb5000 r--p 00000000 103:02 7880796                   /usr/lib/jvm/java-26-openjdk/lib/libnet.so
7f9299fb5000-7f9299fbc000 r-xp 00002000 103:02 7880796                   /usr/lib/jvm/java-26-openjdk/lib/libnet.so
7f9299fbc000-7f9299fbe000 r--p 00009000 103:02 7880796                   /usr/lib/jvm/java-26-openjdk/lib/libnet.so
7f9299fbe000-7f9299fbf000 r--p 0000a000 103:02 7880796                   /usr/lib/jvm/java-26-openjdk/lib/libnet.so
7f9299fbf000-7f9299fc0000 rw-p 0000b000 103:02 7880796                   /usr/lib/jvm/java-26-openjdk/lib/libnet.so
7f9299fc0000-7f929a000000 rw-p 00000000 00:00 0 
7f929a000000-7f929a024000 r--p 00000000 103:02 4722147                   /usr/lib/libc.so.6
7f929a024000-7f929a19f000 r-xp 00024000 103:02 4722147                   /usr/lib/libc.so.6
7f929a19f000-7f929a215000 r--p 0019f000 103:02 4722147                   /usr/lib/libc.so.6
7f929a215000-7f929a219000 r--p 00214000 103:02 4722147                   /usr/lib/libc.so.6
7f929a219000-7f929a21b000 rw-p 00218000 103:02 4722147                   /usr/lib/libc.so.6
7f929a21b000-7f929a223000 rw-p 00000000 00:00 0 
7f929a223000-7f929a22a000 r--p 00000000 103:02 7880797                   /usr/lib/jvm/java-26-openjdk/lib/libnio.so
7f929a22a000-7f929a233000 r-xp 00007000 103:02 7880797                   /usr/lib/jvm/java-26-openjdk/lib/libnio.so
7f929a233000-7f929a238000 r--p 00010000 103:02 7880797                   /usr/lib/jvm/java-26-openjdk/lib/libnio.so
7f929a238000-7f929a239000 r--p 00014000 103:02 7880797                   /usr/lib/jvm/java-26-openjdk/lib/libnio.so
7f929a239000-7f929a23a000 rw-p 00015000 103:02 7880797                   /usr/lib/jvm/java-26-openjdk/lib/libnio.so
7f929a23a000-7f929a23b000 r--p 00000000 103:02 4744044                   /usr/share/locale/en_GB/LC_MESSAGES/libc.mo
7f929a23b000-7f929a24a000 rw-p 00000000 00:00 0 
7f929a24a000-7f929a254000 r--p 00000000 103:02 7880782                   /usr/lib/jvm/java-26-openjdk/lib/libjava.so
7f929a254000-7f929a262000 r-xp 0000a000 103:02 7880782                   /usr/lib/jvm/java-26-openjdk/lib/libjava.so
7f929a262000-7f929a267000 r--p 00018000 103:02 7880782                   /usr/lib/jvm/java-26-openjdk/lib/libjava.so
7f929a267000-7f929a268000 r--p 0001d000 103:02 7880782                   /usr/lib/jvm/java-26-openjdk/lib/libjava.so
7f929a268000-7f929a269000 rw-p 0001e000 103:02 7880782                   /usr/lib/jvm/java-26-openjdk/lib/libjava.so
7f929a269000-7f929a26a000 rw-p 00000000 00:00 0 
7f929a26a000-7f929a272000 rw-s 00000000 00:2f 47499                      /tmp/hsperfdata_annihilator/2084326 (deleted)
7f929a272000-7f929a273000 ---p 00000000 00:00 0 
7f929a273000-7f929a274000 r--p 00000000 00:00 0 
7f929a274000-7f929a275000 ---p 00000000 00:00 0 
7f929a275000-7f929a276000 r--p 00000000 103:02 7880786                   /usr/lib/jvm/java-26-openjdk/lib/libjimage.so
7f929a276000-7f929a278000 r-xp 00001000 103:02 7880786                   /usr/lib/jvm/java-26-openjdk/lib/libjimage.so
7f929a278000-7f929a279000 r--p 00003000 103:02 7880786                   /usr/lib/jvm/java-26-openjdk/lib/libjimage.so
7f929a279000-7f929a27a000 r--p 00003000 103:02 7880786                   /usr/lib/jvm/java-26-openjdk/lib/libjimage.so
7f929a27a000-7f929a27b000 rw-p 00004000 103:02 7880786                   /usr/lib/jvm/java-26-openjdk/lib/libjimage.so
7f929a27b000-7f929a27f000 r--p 00000000 103:02 4836834                   /usr/lib/libgcc_s.so.1
7f929a27f000-7f929a2a2000 r-xp 00004000 103:02 4836834                   /usr/lib/libgcc_s.so.1
7f929a2a2000-7f929a2a6000 r--p 00027000 103:02 4836834                   /usr/lib/libgcc_s.so.1
7f929a2a6000-7f929a2a7000 r--p 0002b000 103:02 4836834                   /usr/lib/libgcc_s.so.1
7f929a2a7000-7f929a2a8000 rw-p 0002c000 103:02 4836834                   /usr/lib/libgcc_s.so.1
7f929a2a8000-7f929a2b8000 r--p 00000000 103:02 4722178                   /usr/lib/libm.so.6
7f929a2b8000-7f929a354000 r-xp 00010000 103:02 4722178                   /usr/lib/libm.so.6
7f929a354000-7f929a3dd000 r--p 000ac000 103:02 4722178                   /usr/lib/libm.so.6
7f929a3dd000-7f929a3de000 r--p 00134000 103:02 4722178                   /usr/lib/libm.so.6
7f929a3de000-7f929a3df000 rw-p 00135000 103:02 4722178                   /usr/lib/libm.so.6
7f929a3df000-7f929a3e1000 rw-p 00000000 00:00 0 
7f929a3e1000-7f929a3e4000 r--p 00000000 103:02 4742373                   /usr/lib/libz.so.1.3.2
7f929a3e4000-7f929a3f4000 r-xp 00003000 103:02 4742373                   /usr/lib/libz.so.1.3.2
7f929a3f4000-7f929a3fa000 r--p 00013000 103:02 4742373                   /usr/lib/libz.so.1.3.2
7f929a3fa000-7f929a3fb000 r--p 00018000 103:02 4742373                   /usr/lib/libz.so.1.3.2
7f929a3fb000-7f929a3fc000 rw-p 00019000 103:02 4742373                   /usr/lib/libz.so.1.3.2
7f929a3fc000-7f929a3fe000 r--p 00000000 103:02 7880787                   /usr/lib/jvm/java-26-openjdk/lib/libjli.so
7f929a3fe000-7f929a408000 r-xp 00002000 103:02 7880787                   /usr/lib/jvm/java-26-openjdk/lib/libjli.so
7f929a408000-7f929a40b000 r--p 0000c000 103:02 7880787                   /usr/lib/jvm/java-26-openjdk/lib/libjli.so
7f929a40b000-7f929a40c000 r--p 0000e000 103:02 7880787                   /usr/lib/jvm/java-26-openjdk/lib/libjli.so
7f929a40c000-7f929a40d000 rw-p 0000f000 103:02 7880787                   /usr/lib/jvm/java-26-openjdk/lib/libjli.so
7f929a40d000-7f929a40e000 r--p 00000000 00:2f 28193                      /tmp/libglxshim.so
7f929a40e000-7f929a40f000 r-xp 00001000 00:2f 28193                      /tmp/libglxshim.so
7f929a40f000-7f929a410000 r--p 00002000 00:2f 28193                      /tmp/libglxshim.so
7f929a410000-7f929a411000 r--p 00002000 00:2f 28193                      /tmp/libglxshim.so
7f929a411000-7f929a412000 rw-p 00003000 00:2f 28193                      /tmp/libglxshim.so
7f929a412000-7f929a414000 rw-p 00000000 00:00 0 
7f929a414000-7f929a44d000 r--p 00000000 103:02 656923                    /etc/ld.so.cache
7f929a44d000-7f929a451000 r--p 00000000 00:00 0                          [vvar]
7f929a451000-7f929a453000 r--p 00000000 00:00 0                          [vvar_vclock]
7f929a453000-7f929a455000 r-xp 00000000 00:00 0                          [vdso]
7f929a455000-7f929a456000 r--p 00000000 103:02 4722097                   /usr/lib/ld-linux-x86-64.so.2
7f929a456000-7f929a483000 r-xp 00001000 103:02 4722097                   /usr/lib/ld-linux-x86-64.so.2
7f929a483000-7f929a492000 r--p 0002e000 103:02 4722097                   /usr/lib/ld-linux-x86-64.so.2
7f929a492000-7f929a494000 r--p 0003d000 103:02 4722097                   /usr/lib/ld-linux-x86-64.so.2
7f929a494000-7f929a495000 rw-p 0003f000 103:02 4722097                   /usr/lib/ld-linux-x86-64.so.2
7f929a495000-7f929a496000 rw-p 00000000 00:00 0 
7ffea707c000-7ffea70a4000 rw-p 00000000 00:00 0                          [stack]
ffffffffff600000-ffffffffff601000 --xp 00000000 00:00 0                  [vsyscall]
Total number of mappings: 2135

JVMTI agents: none


VM Arguments:
jvm_args: -Dnuvio.wayland.libmpv=/home/annihilator/dev/mpv/build/libmpv.so.2 -Dnuvio.wayland.realApp=true -Dnuvio.wayland.videoLog=true -Dnuvio.wayland.vk=true -Dnuvio.wayland.webChrome=true -Dorg.lwjgl.util.Debug=false --enable-native-access=ALL-UNNAMED -Dfile.encoding=UTF-8 -Duser.country=GB -Duser.language=en -Duser.variant 
java_command: com.nuvio.wayland.MainKt
java_class_path (initial): /home/annihilator/dev/NuvioDesktop/waylandHost/build/classes/java/main:/home/annihilator/dev/NuvioDesktop/waylandHost/build/classes/kotlin/main:/home/annihilator/dev/NuvioDesktop/waylandHost/build/resources/main:/home/annihilator/dev/NuvioDesktop/composeApp/build/libs/composeApp-desktop.jar:/home/annihilator/dev/NuvioDesktop/vendor/compose-media-player/mediaplayer/build/libs/composeMediaPlayer-jvm-0.11.4-nuvio.jar:/home/annihilator/.gradle/caches/modules-2/files-2.1/com.materialkolor.palette/core-jvm/4.0.0-beta02/e7ea3c09e6205047254ad2601a54c18c5be26906/kmpalette-core-jvm.jar:/home/annihilator/.gradle/caches/modules-2/files-2.1/org.jetbrains.compose.material3/material3-desktop/1.11.0-alpha07/422cb57765628e3959d1e27ac46660593643296b/material3-desktop-1.11.0-alpha07.jar:/home/annihilator/.gradle/caches/modules-2/files-2.1/dev.chrisbanes.haze/haze-jvm/1.7.2/a254162ea3c9ba2eea97a76058da89ac31e50233/haze-jvm.jar:/home/annihilator/.gradle/caches/modules-2/files-2.1/org.jetbrains.compose.components/components-resources-desktop/1.11.1/f4eb52d87f31584dacdb816a26376f39a1802e8a/library-desktop-1.11.1.jar:/home/annihilator/.gradle/caches/modules-2/files-2.1/sh.calvin.reorderable/reorderable-jvm/3.0.0/4032f6ad5422fe507c8acb2257a83ebc806f145e/reorderable-jvm-3.0.0.jar:/home/annihilator/.gradle/caches/modules-2/files-2.1/org.jetbrains.compose.desktop/desktop-jvm/1.11.1/1fee826ff9d1fafd500b57a22facfc0236bc14c7/desktop-jvm-1.11.1.jar:/home/annihilator/.gradle/caches/modules-2/files-2.1/org.jetbrains.androidx.navigation3/navigation3-ui-desktop/1.1.1/ff832586ef5d51d08b604d7a524fd7985b95af2b/navigation3-ui-desktop-1.1.1.jar:/home/annihilator/.gradle/caches/modules-2/files-2.1/org.jetbrains.compose.material/material-desktop/1.11.1/2891a6f3a62dc4c367636a521d1b680a7d6ff6d/material-desktop-1.11.1.jar:/home/annihilator/.gradle/caches/modules-2/files-2.1/org.jetbrains.compose.animation/animation-core-desktop/1.11.1/1bf633ecd1a38a1cf7a41630bc56cba0da9cc25b/animation-core-desktop-1.11.1.jar:/home/annihilator/.gradle/caches/modules-2/files-2.1/org.jetbrains.compose.material/material-ripple-desktop/1.11.1/ae97a5eeb23bc3f461bc3e16e2a9882175405d17/material-ripple-desktop-1.11.1.jar:/home/annihilator/.gradle/caches/modules-2/files-2.1/org.jetbrains.compose.animation/animation-desktop/1.11.1/f873fb28f1a08d45a4dd20a0130b3da8cadf383c/animation-desktop-1.11.1.jar:/home/annihilator/.gradle/caches/modules-2/files-2.1/org.jetbrains.compose.foundation/foundation-layout-desktop/1.11.1/853fc5d01388da6515ce40b719798914012f6469/foundation-layout-desktop-1.11.1.jar:/home/annihilator/.gradle/caches/modules-2/files-2.1/io.coil-kt.coil3/coil-compose-jvm/3.5.0-beta01/8499f43e80509e3fe55e4a90ad7ce6e816b190e4/coil-compose-jvm-3.5.0-beta01.jar:/home/annihilator/.gradle/caches/modules-2/files-2.1/io.coil-kt.coil3/coil-compose-core-jvm/3.5.0-beta01/12f6663116f0946fe3e87c15f573eb52ac6dc2bc/coil-compose-core-jvm-3.5.0-beta01.jar:/home/annihilator/.gradle/caches/modules-2/files-2.1/org.jetbrains.compose.foundation/foundation-desktop/1.11.1/6df316e7af2c0c97f200de289925f62ca8fce53d/foundation-desktop-1.11.1.jar:/home/annihilator/.gradle/caches/modules-2/files-2.1/org.jetbrains.compose.material/material-icons-extended-desktop/1.7.3/c7c5465dd754043076875b32bce0dd7f5a354fe8/material-icons-extended-desktop-1.7.3.jar:/home/annihilator/.gradle/caches/modules-2/files-2.1/org.jetbrains.compose.material/material-icons-core-desktop/1.7.3/414b3096050fe647b0638832eace80f22c06b85c/material-icons-core-desktop-1.7.3.jar:/home/annihilator/.gradle/caches/modules-2/files-2.1/org.jetbrains.compose.ui/ui-unit-desktop/1.11.1/f6c06f98da206d01dc40c1587c6bc4c40cbef623/ui-unit-desktop-1.11.1.jar:/home/annihilator/.gradle/caches/modules-2/files-2.1/org.jetbrains.compose.ui/ui-graphics-desktop/1.11.1/6ea106d02adf29694eedf12fdfb621947d3621bf/ui-graphics-desktop-1.11.1.jar:/home/annihilator/.gradle/caches/modules-2/files-2.1/org.jetbrains.compose.ui/ui-geometry-desktop/1.11.1/5e430152487375359973ac9874653d335dcc220/ui-geometry-desktop-1.11.1.jar:/home/annihilator/.gradle/caches/modules-2/files-2.1/org.jetbrains.compose.ui/ui-backhandler-desktop/1.11.1/bd3540bb1d6abd60c5e58f32663b2f3e89406cd1/ui-backhandler-desktop-1.11.1.jar:/home/annihilator/.gradle/caches/modules-2/files-2.1/org.jetbrains.compose.ui/ui-util-desktop/1.11.1/4302c582878b82ab24e1f34e6e90f967f7b416ed/ui-util-desktop-1.11.1.jar:/home/annihilator/.gradle/caches/modules-2/files-2.1/org.jetbrains.compose.ui/ui-text-desktop/1.11.1/6ded685e2601260d6231c859a849b96ee6c60368/ui-text-desktop-1.11.1.jar:/home/annihilator/.gradle/caches/modules-2/files-2.1/org.jetbrains.compose.ui/ui-tooling-preview-desktop/1.11.1/97ec578d33adc34adcaa63e9af7bb2328c6c29b7/ui-tooling-preview-desktop-1.11.1.jar:/home/annihilator/.gradle/caches/modules-2/files-2.1/com.materialkolor.palette/kmpalette-loader-jvm/4.0.0-beta02/346d1cbf659720dfc1952796e619da44789482f/kmpalette-loader-jvm.jar:/home/annihilator/.gradle/caches/modules-2/files-2.1/org.jetbrains.androidx.navigationevent/navigationevent-compose-desktop/1.0.1/ecaf02060a048a1f82584fe328e4e02fe6f982ad/navigationevent-compose-desktop-1.0.1.jar:/home/annihilator/.gradle/caches/modules-2/files-2.1/org.jetbrains.compose.ui/ui-desktop/1.11.1/24c40c0d60c77a6fb34f930f13bfa4a3ff62c0f/ui-desktop-1.11.1.jar:/home/annihilator/.gradle/caches/modules-2/files-2.1/androidx.navigation3/navigation3-runtime-desktop/1.1.1/f97607fbd9cd1c2a196dbdf2440b6ca78010c08a/navigation3-runtime-desktop-1.1.1.jar:/home/annihilator/.gradle/caches/modules-2/files-2.1/androidx.lifecycle/lifecycle-runtime-desktop/2.11.0-beta01/c2b5e2f7d739375538c2a74757531a30607f85ff/lifecycle-runtime-desktop-2.11.0-beta01.jar:/home/annihilator/.gradle/caches/modules-2/files-2.1/androidx.lifecycle/lifecycle-common-jvm/2.11.0-beta01/41ef287eee7e4befb1308c017df4de89a210490d/lifecycle-common-jvm-2.11.0-beta01.jar:/home/annihilator/.gradle/caches/modules-2/files-2.1/androidx.lifecycle/lifecycle-viewmodel-desktop/2.11.0-beta01/614711da4abf1ece2121521477a5920ed26a7f29/lifecycle-viewmodel-desktop-2.11.0-beta01.jar:/home/annihilator/.gradle/caches/modules-2/files-2.1/androidx.lifecycle/lifecycle-runtime-compose-desktop/2.11.0-beta01/392c6d5cb40bb6d59e3d7070607786b7328009d4/lifecycle-runtime-compose-desktop-2.11.0-beta01.jar:/home/annihilator/.gradle/caches/modules-2/files-2.1/androidx.lifecycle/lifecycle-viewmodel-compose-desktop/2.11.0-beta01/f04e89ec2d915b35cdcd4675591ae3997604173c/lifecycle-viewmodel-compose-desktop-2.11.0-beta01.jar:/home/annihilator/.gradle/caches/modules-2/files-2.1/androidx.lifecycle/lifecycle-viewmodel-savedstate-desktop/2.11.0-beta01/23c86e72183d96b3fff60102dca0de1da5fd4424/lifecycle-viewmodel-savedstate-desktop-2.11.0-beta01.jar:/home/annihilator/.gradle/caches/modules-2/files-2.1/org.jetbrains.androidx.savedstate/savedstate-compose-desktop/1.3.6/63692375ffe667f12cb3ea8aa1e605d659ed2add/savedstate-compose-desktop-1.3.6.jar:/home/annihilator/.gradle/caches/modules-2/files-2.1/androidx.savedstate/savedstate-desktop/1.4.0/3b049a0f81643d6b4b900de95bc23efc085c32d5/savedstate-desktop-1.4.0.jar:/home/annihilator/.gradle/caches/modules-2/files-2.1/androidx.savedstate/savedstate-compose-desktop/1.4.0/d3d6e0e2108528eb6080dc250da925a572be4202/savedstate-compose-desktop-1.4.0.jar:/home/annihilator/.gradle/caches/modules-2/files-2.1/androidx.navigationevent/navigationevent-desktop/1.0.2/ddb1e7fe97ed51c3d35bba493f97fcf12398719/navigationevent-desktop-1.0.2.jar:/home/annihilator/.gradle/caches/modules-2/files-2.1/androidx.compose.runtime/runtime-annotation-jvm/1.11.2/db4aa964627ac96331b72e231b9ad54318d112f4/runtime-annotation-jvm-1.11.2.jar:/home/annihilator/.gradle/caches/modules-2/files-2.1/androidx.compose.runtime/runtime-desktop/1.11.2/e93d95553cdd86c1cb8c02f50260cc1c8e341da8/runtime-desktop-1.11.2.jar:/home/annihilator/.gradle/caches/modules-2/files-2.1/androidx.compose.runtime/runtime-retain-desktop/1.11.2/3aa3ec26ef2a3d26bc556b51b33d09efc1a198e8/runtime-retain-desktop-1.11.2.jar:/home/annihilator/.gradle/caches/modules-2/files-2.1/androidx.compose.runtime/runtime-saveable-desktop/1.11.2/1618fae89791692a224fe7aa79edbd7a8f5b7522/runtime-saveable-desktop-1.11.2.jar:/home/annihilator/.gradle/caches/modules-2/files-2.1/org.jetbrains.compose.runtime/runtime-saveable-desktop/1.11.1/b7c8a8ed985a0f15b4d8d206de1fc6125b499388/runtime-saveable-desktop-1.11.1.jar:/home/annihilator/.gradle/caches/modules-2/files-2.1/org.jetbrains.androidx.lifecycle/lifecycle-runtime-compose-desktop/2.11.0-beta01/e93db8959692f5740745b457135c1ab209a67923/lifecycle-runtime-compose-desktop-2.11.0-beta01.jar:/home/annihilator/.gradle/caches/modules-2/files-2.1/org.jetbrains.androidx.lifecycle/lifecycle-viewmodel-compose-desktop/2.11.0-beta01/25df0b7b86731829cb34805ff8ebb167b198b916/lifecycle-viewmodel-compose-desktop-2.11.0-beta01.jar:/home/annihilator/.gradle/caches/modules-2/files-2.1/org.jetbrains.compose.runtime/runtime-desktop/1.11.1/1941336b045aac4b87cc3be81d9fdb9977c88c61/runtime-desktop-1.11.1.jar:/home/annihilator/.gradle/caches/modules-2/files-2.1/io.coil-kt.coil3/coil-network-ktor3-jvm/3.5.0-beta01/59ee23ce9f237edbad112c94a7cc65dc1939999b/coil-network-ktor3-jvm-3.5.0-beta01.jar:/home/annihilator/.gradle/caches/modules-2/files-2.1/io.coil-kt.coil3/coil-network-cache-control-jvm/3.5.0-beta01/92507c9b531bab9e0c7188af0057a8719c8fee05/coil-network-cache-control-jvm-3.5.0-beta01.jar:/home/annihilator/.gradle/caches/modules-2/files-2.1/io.coil-kt.coil3/coil-svg-jvm/3.5.0-beta01/7998e0f304b0c8c535dfda3ef86cf81faa88a813/coil-svg-jvm-3.5.0-beta01.jar:/home/annihilator/.gradle/caches/modules-2/files-2.1/org.jetbrains.kotlinx/atomicfu-jvm/0.32.1/766417c1430c117100e14af193c4fdbe6034b5e6/atomicfu-jvm-0.32.1.jar:/home/annihilator/.gradle/caches/modules-2/files-2.1/io.github.jan-tennert.supabase/postgrest-kt-jvm/3.4.1/5ce69132306e6aa1fcd959ebdeb502e821e3a47c/postgrest-kt-jvm-3.4.1.jar:/home/annihilator/.gradle/caches/modules-2/files-2.1/io.github.jan-tennert.supabase/functions-kt-jvm/3.4.1/2a6c5a1e77bb1d4895812d7292d8075e34b2fb55/functions-kt-jvm-3.4.1.jar:/home/annihilator/.gradle/caches/modules-2/files-2.1/io.github.jan-tennert.supabase/storage-kt-jvm/3.4.1/4f3eb000d3862395bdd976ab8679841be3029d43/storage-kt-jvm-3.4.1.jar:/home/annihilator/.gradle/caches/modules-2/files-2.1/io.github.jan-tennert.supabase/auth-kt-jvm/3.4.1/91413cc37352dda1f34a180c14f58601b6aa2ea0/auth-kt-jvm-3.4.1.jar:/home/annihilator/.gradle/caches/modules-2/files-2.1/io.ktor/ktor-client-cio-jvm/3.4.1/114327011eeecd416940e2d1be8c9bd5098907de/ktor-client-cio-jvm-3.4.1.jar:/home/annihilator/.gradle/caches/modules-2/files-2.1/io.github.dokar3/quickjs-kt-jvm/1.0.5/c76155aa176760f2ab1966aa61ebd1cc1334dee6/quickjs-jvm.jar:/home/annihilator/.gradle/caches/modules-2/files-2.1/com.fleeksoft.ksoup/ksoup-jvm/0.2.6/61a4f799ea43b8eb31856729500be73975e41a42/ksoup-jvm-0.2.6.jar:/home/annihilator/.gradle/caches/modules-2/files-2.1/org.jetbrains.skiko/skiko-awt-runtime-linux-x64/0.144.6/291f8626a2fecd06e9f585424360560189ab7303/skiko-awt-runtime-linux-x64-0.144.6.jar:/home/annihilator/.gradle/caches/modules-2/files-2.1/org.jetbrains.skiko/skiko-awt/0.144.6/c9bec39e3c517ed5591c71c7db0cbbe64b6be849/skiko-awt-0.144.6.jar:/home/annihilator/.gradle/caches/modules-2/files-2.1/io.github.vinceglb/filekit-core-jvm/0.14.2/2d6248437233553a08f656e1cfdfc3db3df14a13/filekit-core-jvm.jar:/home/annihilator/.gradle/caches/modules-2/files-2.1/io.ktor/ktor-server-cio-jvm/3.4.0/16a50d239963841ae64e8e207f93ae7a5fdd7062/ktor-server-cio-jvm-3.4.0.jar:/home/annihilator/.gradle/caches/modules-2/files-2.1/io.ktor/ktor-server-core-jvm/3.4.0/97aba0f5e3cd539679907382a3f5783b9a563165/ktor-server-core-jvm-3.4.0.jar:/home/annihilator/.gradle/caches/modules-2/files-2.1/org.jetbrains.kotlin/kotlin-reflect/2.3.10/98e0fa43a9204a252fa8806c9b2f3f3131590bcb/kotlin-reflect-2.3.10.jar:/home/annihilator/.gradle/caches/modules-2/files-2.1/com.squareup.okhttp3/okhttp/4.12.0/2f4525d4a200e97e1b87449c2cd9bd2e25b7e8cd/okhttp-4.12.0.jar:/home/annihilator/.gradle/caches/modules-2/files-2.1/org.jetbrains.kotlin/kotlin-stdlib-jdk8/1.9.0/e000bd084353d84c9e888f6fb341dc1f5b79d948/kotlin-stdlib-jdk8-1.9.0.jar:/home/annihilator/.gradle/caches/modules-2/files-2.1/io.github.jan-tennert.supabase/supabase-kt-jvm/3.4.1/4c8df2570087c4424f8c2f3c93d77b2ec4198fd5/supabase-kt-jvm-3.4.1.jar:/home/annihilator/.gradle/caches/modules-2/files-2.1/org.jetbrains.kotlinx/kotlinx-datetime-jvm/0.8.0/316346a7d44778581ff91154f72dfa576bce4ee2/kotlinx-datetime-jvm-0.8.0.jar:/home/annihilator/.gradle/caches/modules-2/files-2.1/androidx.graphics/graphics-shapes-desktop/1.1.0/a5d2198960bdc0915f74c6b2954d3323f35f40ea/graphics-shapes-desktop-1.1.0.jar:/home/annihilator/.gradle/caches/modules-2/files-2.1/androidx.collection/collection-jvm/1.5.0/7ba2c69414d46ebc2dd76598bdd0a75c54281a57/collection-jvm-1.5.0.jar:/home/annihilator/.gradle/caches/modules-2/files-2.1/io.coil-kt.coil3/coil-jvm/3.5.0-beta01/b0061205e37fc17ba27f52ba1ee42f2be1de31d3/coil-jvm-3.5.0-beta01.jar:/home/annihilator/.gradle/caches/modules-2/files-2.1/io.coil-kt.coil3/coil-network-core-jvm/3.5.0-beta01/27fa35b4c8e4fbcc99126099eba9600a1e8e5a56/coil-network-core-jvm-3.5.0-beta01.jar:/home/annihilator/.gradle/caches/modules-2/files-2.1/io.coil-kt.coil3/coil-core-jvm/3.5.0-beta01/a1cca49cdadfc07533b35de91d266adda8af9df8/coil-core-jvm-3.5.0-beta01.jar:/home/annihilator/.gradle/caches/modules-2/files-2.1/com.materialkolor.palette/androidx-palette-jvm/4.0.0-beta02/8635f5e4c28acd813bc78a044d6f1492de7c575/androidx-palette-jvm.jar:/home/annihilator/.gradle/caches/modules-2/files-2.1/dev.drewhamilton.poko/poko-annotations-jvm/0.21.3/1e98d2ec00742104bd01eaebbd59582dac99a62/poko-annotations-jvm-0.21.3.jar:/home/annihilator/.gradle/caches/modules-2/files-2.1/com.russhwolf/multiplatform-settings-no-arg-jvm/1.3.0/b9d2280a0d56597619afb286d7c5f697f2e83f03/multiplatform-settings-no-arg-jvm-1.3.0.jar:/home/annihilator/.gradle/caches/modules-2/files-2.1/com.russhwolf/multiplatform-settings-coroutines-jvm/1.3.0/c64a7df35357b1e8fa74b830d006d2ea23fcb395/multiplatform-settings-coroutines-jvm-1.3.0.jar:/home/annihilator/.gradle/caches/modules-2/files-2.1/dev.whyoleg.cryptography/cryptography-provider-jdk-jvm/0.5.0/3a2721ac930c182a0e424f2d558cfa9d52cc1b3/cryptography-provider-jdk-jvm-0.5.0.jar:/home/annihilator/.gradle/caches/modules-2/files-2.1/dev.whyoleg.cryptography/cryptography-provider-base-jvm/0.5.0/e03b79926494512ac452ca00cfa5e27135262d32/cryptography-provider-base-jvm-0.5.0.jar:/home/annihilator/.gradle/caches/modules-2/files-2.1/dev.whyoleg.cryptography/cryptography-serialization-asn1-modules-jvm/0.5.0/9308027088c76026a5b96f5b5b400859310ca1af/cryptography-serialization-asn1-modules-jvm-0.5.0.jar:/home/annihilator/.gradle/caches/modules-2/files-2.1/dev.whyoleg.cryptography/cryptography-serialization-asn1-jvm/0.5.0/242a38b98c1dd201f499485925f22c972858c153/cryptography-serialization-asn1-jvm-0.5.0.jar:/home/annihilator/.gradle/caches/modules-2/files-2.1/dev.whyoleg.cryptography/cryptography-bigint-jvm/0.5.0/97ac3202bf7f3792b3c8bc788a7bbb1b33ca2485/cryptography-bigint-jvm-0.5.0.jar:/home/annihilator/.gradle/caches/modules-2/files-2.1/dev.whyoleg.cryptography/cryptography-random-jvm/0.5.0/8e77668891b60f6058f1262e032d8b06d137bdde/cryptography-random-jvm-0.5.0.jar:/home/annihilator/.gradle/caches/modules-2/files-2.1/dev.whyoleg.cryptography/cryptography-serialization-pem-jvm/0.5.0/7b5cb41c77698e6fb3fab21e67bf7b9e988e11a2/cryptography-serialization-pem-jvm-0.5.0.jar:/home/annihilator/.gradle/caches/modules-2/files-2.1/dev.whyoleg.cryptography/cryptography-provider-optimal-jvm/0.5.0/f0ff9daaf78932f6348ee90d014ca4c78337971b/cryptography-provider-optimal-jvm-0.5.0.jar:/home/annihilator/.gradle/caches/modules-2/files-2.1/dev.whyoleg.cryptography/cryptography-core-jvm/0.5.0/d0fc25786ede38c33893236eacc3d6ab11d2ad10/cryptography-core-jvm-0.5.0.jar:/home/annihilator/.gradle/caches/modules-2/files-2.1/io.ktor/ktor-client-content-negotiation-jvm/3.4.0/266c1aef9d340c22cd859dd5c9174c2e1d86489f/ktor-client-content-negotiation-jvm-3.4.0.jar:/home/annihilator/.gradle/caches/modules-2/files-2.1/io.ktor/ktor-client-core-jvm/3.4.1/84dc032a29f56bdac73449f78a0a2e7f9cab042/ktor-client-core-jvm-3.4.1.jar:/home/annihilator/.gradle/caches/modules-2/files-2.1/io.ktor/ktor-http-cio-jvm/3.4.1/3bd25f53a79a1f68eaec86ae9da4878314cc80af/ktor-http-cio-jvm-3.4.1.jar:/home/annihilator/.gradle/caches/modules-2/files-2.1/io.ktor/ktor-websocket-serialization-jvm/3.4.1/3a687a268f242dab9b624b78d3daeb646aeed5cb/ktor-websocket-serialization-jvm-3.4.1.jar:/home/annihilator/.gradle/caches/modules-2/files-2.1/io.ktor/ktor-serialization-kotlinx-json-jvm/3.4.0/2a09f17d70b6e61623fd8aff9bdce6d7877892/ktor-serialization-kotlinx-json-jvm-3.4.0.jar:/home/annihilator/.gradle/caches/modules-2/files-2.1/io.ktor/ktor-serialization-kotlinx-jvm/3.4.0/d001db47b2ebe8ad8b2cb1bb2a687688840f5887/ktor-serialization-kotlinx-jvm-3.4.0.jar:/home/annihilator/.gradle/caches/modules-2/files-2.1/io.ktor/ktor-serialization-jvm/3.4.1/6fec7fdb4da27d09ff33a34e6e990b215f7c19c4/ktor-serialization-jvm-3.4.1.jar:/home/annihilator/.gradle/caches/modules-2/files-2.1/io.ktor/ktor-websockets-jvm/3.4.1/83226f3612bffab4d0af0d26f9e4d6b7d2e02a58/ktor-websockets-jvm-3.4.1.jar:/home/annihilator/.gradle/caches/modules-2/files-2.1/io.ktor/ktor-network-tls-jvm/3.4.1/8d17de5904253b073b44499a3e67ba99ca2ca8f6/ktor-network-tls-jvm-3.4.1.jar:/home/annihilator/.gradle/caches/modules-2/files-2.1/com.fleeksoft.charset/charset-jvm/0.0.8/b6fcd5cc804844347929a83c56f1fdd854c9ce66/charset-jvm-0.0.8.jar:/home/annihilator/.gradle/caches/modules-2/files-2.1/com.fleeksoft.io/io-core-jvm/0.0.8/78517ce1ff4c2ccbb8b91b9f1549c6e7a0ae1044/io-core-jvm-0.0.8.jar:/home/annihilator/.gradle/caches/modules-2/files-2.1/co.touchlab/stately-concurrency-jvm/2.1.0/6285428408c4d7e4a6d9a09511de877103effd81/stately-concurrency-jvm-2.1.0.jar:/home/annihilator/.gradle/caches/modules-2/files-2.1/org.jetbrains.kotlin/kotlin-stdlib-jdk7/1.9.0/f320478990d05e0cfaadd74f9619fd6027adbf37/kotlin-stdlib-jdk7-1.9.0.jar:/home/annihilator/.gradle/caches/modules-2/files-2.1/org.jetbrains.kotlinx/kotlinx-coroutines-slf4j/1.11.0/556153d93573d016dd4e5df37e3d03d07d8d303/kotlinx-coroutines-slf4j-1.11.0.jar:/home/annihilator/.gradle/caches/modules-2/files-2.1/org.jetbrains.kotlinx/kotlinx-coroutines-swing/1.11.0/3cf134b8aefd813622edc37e60d66b939b55cb36/kotlinx-coroutines-swing-1.11.0.jar:/home/annihilator/.gradle/caches/modules-2/files-2.1/io.ktor/ktor-http-jvm/3.4.1/6605b91c8f06bb6f67e2ec13b8ccea7926f4a526/ktor-http-jvm-3.4.1.jar:/home/annihilator/.gradle/caches/modules-2/files-2.1/io.ktor/ktor-events-jvm/3.4.1/c7aa6bd43fcaf3da2f57a5417b1df66814ec2577/ktor-events-jvm-3.4.1.jar:/home/annihilator/.gradle/caches/modules-2/files-2.1/io.ktor/ktor-sse-jvm/3.4.1/f95e6419c5bb24bed7c718dbff8b292a90db881e/ktor-sse-jvm-3.4.1.jar:/home/annihilator/.gradle/caches/modules-2/files-2.1/io.ktor/ktor-network-jvm/3.4.1/a3b710fabdc38031ff0fb96eaee2a6ddf5ada9c6/ktor-network-jvm-3.4.1.jar:/home/annihilator/.gradle/caches/modules-2/files-2.1/io.ktor/ktor-utils-jvm/3.4.1/f1ad623952ea49c631db750560228e3984790e48/ktor-utils-jvm-3.4.1.jar:/home/annihilator/.gradle/caches/modules-2/files-2.1/io.ktor/ktor-io-jvm/3.4.1/fccd4e08dde189d82ae9a3f5fdbbf152ccd3a9c8/ktor-io-jvm-3.4.1.jar:/home/annihilator/.gradle/caches/modules-2/files-2.1/org.jetbrains.kotlinx/kotlinx-coroutines-core-jvm/1.11.0/3d57dc678bd8d72a60e7adf0eca5c54e3f4f4b79/kotlinx-coroutines-core-jvm-1.11.0.jar:/home/annihilator/.gradle/caches/modules-2/files-2.1/org.jetbrains.kotlinx/kotlinx-serialization-json-io-jvm/1.11.0/645ed54ca9128fc217b30b3686a083141ebe635c/kotlinx-serialization-json-io-jvm-1.11.0.jar:/home/annihilator/.gradle/caches/modules-2/files-2.1/org.jetbrains.kotlinx/kotlinx-serialization-json-jvm/1.11.0/e7e045e99e56f07599bb9ccb708c2190e2af0606/kotlinx-serialization-json-jvm-1.11.0.jar:/home/annihilator/.gradle/caches/modules-2/files-2.1/org.jetbrains.kotlinx/kotlinx-serialization-core-jvm/1.11.0/c1905c9bf7452b045d5af9248835abe64ddad6bf/kotlinx-serialization-core-jvm-1.11.0.jar:/home/annihilator/.gradle/caches/modules-2/files-2.1/androidx.arch.core/core-common/2.2.0/5e1b8b81dfd5f52c56a8d53b18ca759c19a301f3/core-common-2.2.0.jar:/home/annihilator/.gradle/caches/modules-2/files-2.1/androidx.annotation/annotation-jvm/1.10.0/388cfaa79001d0f024d28f6a13d5a3dfc2f0e18f/annotation-jvm-1.10.0.jar:/home/annihilator/.gradle/caches/modules-2/files-2.1/org.jetbrains.kotlinx/kotlinx-io-core-jvm/0.9.0/7f7536f8f057ffc7f79375714e9730c4b8bdd7c9/kotlinx-io-core-jvm-0.9.0.jar:/home/annihilator/.gradle/caches/modules-2/files-2.1/com.squareup.okio/okio-jvm/3.17.0/a12d684ec0df9541b3869ae60a4a5257fd3613df/okio-jvm-3.17.0.jar:/home/annihilator/.gradle/caches/modules-2/files-2.1/co.touchlab/kermit-jvm/2.0.8/83ee3b1da12d91011c3e93558f97bc28665810de/kermit-jvm-2.0.8.jar:/home/annihilator/.gradle/caches/modules-2/files-2.1/org.jetbrains.kotlinx/kotlinx-collections-immutable-jvm/0.4.0/82499bf608b0fc3ae6737a5eac1a1f1325279bbf/kotlinx-collections-immutable-jvm-0.4.0.jar:/home/annihilator/.gradle/caches/modules-2/files-2.1/com.russhwolf/multiplatform-settings-jvm/1.3.0/76fe39b1cbb2b2b951ec230ab85e610ae179aab7/multiplatform-settings-jvm-1.3.0.jar:/home/annihilator/.gradle/caches/modules-2/files-2.1/co.touchlab/stately-strict-jvm/2.1.0/3ae8369209065455f4630793bf6aca0fb88c8b6b/stately-strict-jvm-2.1.0.jar:/home/annihilator/.gradle/caches/modules-2/files-2.1/org.jetbrains.kotlinx/kotlinx-io-bytestring-jvm/0.9.0/e73a7915234a8ea7954f32b715ef8e42b02f66a3/kotlinx-io-bytestring-jvm-0.9.0.jar:/home/annihilator/.gradle/caches/modules-2/files-2.1/co.touchlab/kermit-core-jvm/2.0.8/7d782124fef2b0c4dccf07208e1cf3aa13b57058/kermit-core-jvm-2.0.8.jar:/home/annihilator/.gradle/caches/modules-2/files-2.1/org.jetbrains.kotlin/kotlin-stdlib/2.4.0/4e9f4b531dce5c7dee58ed2de9a8b9a763c8dc6c/kotlin-stdlib-2.4.0.jar:/home/annihilator/.gradle/caches/modules-2/files-2.1/org.lwjgl/lwjgl-glfw/3.3.6/7119f7d0eeb1e5502ff0ca71d2b4d47317da015/lwjgl-glfw-3.3.6.jar:/home/annihilator/.gradle/caches/modules-2/files-2.1/org.lwjgl/lwjgl-glfw/3.3.6/797e0965709ad180d9b00c88a086dbda15002203/lwjgl-glfw-3.3.6-natives-linux.jar:/home/annihilator/.gradle/caches/modules-2/files-2.1/org.lwjgl/lwjgl-opengl/3.3.6/ac2532612a4df374e9a9282bcf8ce2573018ebbb/lwjgl-opengl-3.3.6.jar:/home/annihilator/.gradle/caches/modules-2/files-2.1/org.lwjgl/lwjgl-opengl/3.3.6/b8dc6467fe232d552793c53dc56f9fa8a385299c/lwjgl-opengl-3.3.6-natives-linux.jar:/home/annihilator/.gradle/caches/modules-2/files-2.1/org.lwjgl/lwjgl-vulkan/3.3.6/a403e0931b03b138854bb2ba9c48dab646cba6d8/lwjgl-vulkan-3.3.6.jar:/home/annihilator/.gradle/caches/modules-2/files-2.1/org.lwjgl/lwjgl/3.3.6/ce7721d30cfaf47feaed10213e0c43eb55c49d68/lwjgl-3.3.6.jar:/home/annihilator/.gradle/caches/modules-2/files-2.1/org.lwjgl/lwjgl/3.3.6/dc7db8fc4f1e6563867f9155b9a42d9c73d8992f/lwjgl-3.3.6-natives-linux.jar:/home/annihilator/.gradle/caches/modules-2/files-2.1/org.jetbrains/annotations/23.0.0/8cc20c07506ec18e0834947b84a864bfc094484e/annotations-23.0.0.jar:/home/annihilator/.gradle/caches/modules-2/files-2.1/io.sentry/sentry/8.52.0/b26a1b9181c78835078956c352f20cecd459e7a6/sentry-8.52.0.jar:/home/annihilator/.gradle/caches/modules-2/files-2.1/org.jetbrains.runtime/jbr-api/1.9.0/2bc161f5472b5fd5610740e4d6ebe896c811cb0e/jbr-api-1.9.0.jar:/home/annihilator/.gradle/caches/modules-2/files-2.1/org.slf4j/slf4j-api/2.0.17/d9e58ac9c7779ba3bf8142aff6c830617a7fe60f/slf4j-api-2.0.17.jar:/home/annihilator/.gradle/caches/modules-2/files-2.1/net.java.dev.jna/jna-platform/5.19.1/d1e54d9231da5ca3fa730d52960deaa555475468/jna-platform-5.19.1.jar:/home/annihilator/.gradle/caches/modules-2/files-2.1/com.typesafe/config/1.4.5/cc25b497ded7068a861517a815546fb472f9e58/config-1.4.5.jar:/home/annihilator/.gradle/caches/modules-2/files-2.1/org.fusesource.jansi/jansi/2.4.2/ba7387c31622c6650b83edba1bbb115f1fe462ba/jansi-2.4.2.jar:/home/annihilator/.gradle/caches/modules-2/files-2.1/net.java.dev.jna/jna/5.19.1/ca303052cd617c1af2e2c8d344c98a706fb63143/jna-5.19.1.jar:/home/annihilator/.gradle/caches/modules-2/files-2.1/org.jspecify/jspecify/1.0.0/7425a601c1c7ec76645a78d22b8c6a627edee507/jspecify-1.0.0.jar
Launcher Type: SUN_STANDARD

[Global flags]
     bool AOTAdapterCaching                        = false                                  {diagnostic} {ergonomic}
     bool AOTInvokeDynamicLinking                  = false                                  {diagnostic} {ergonomic}
     bool AOTRecordTraining                        = false                                  {diagnostic} {ergonomic}
     bool AOTReplayTraining                        = false                                  {diagnostic} {ergonomic}
     bool AOTStubCaching                           = false                                  {diagnostic} {ergonomic}
     intx CICompilerCount                          = 12                                        {product} {ergonomic}
     uint ConcGCThreads                            = 3                                         {product} {ergonomic}
     uint G1ConcRefinementThreads                  = 13                                        {product} {ergonomic}
     uint G1EagerReclaimRemSetThreshold            = 16                                   {experimental} {ergonomic}
   size_t G1HeapRegionSize                         = 2097152                                   {product} {ergonomic}
     uint G1RemSetArrayOfCardsEntries              = 16                                   {experimental} {ergonomic}
     uint G1RemSetHowlMaxNumBuckets                = 8                                    {experimental} {ergonomic}
     uint G1RemSetHowlNumBuckets                   = 8                                    {experimental} {ergonomic}
   size_t InitialHeapSize                          = 8388608                                   {product} {ergonomic}
     bool IntelJccErratumMitigation                = false                             {ARCH diagnostic} {ergonomic}
   size_t MarkStackSize                            = 4194304                                   {product} {ergonomic}
   size_t MarkStackSizeMax                         = 536870912                                 {product} {ergonomic}
   size_t MaxHeapSize                              = 4032823296                                {product} {ergonomic}
   size_t MaxNewSize                               = 2418016256                                {product} {ergonomic}
 uint64_t MaxRAM                                   = 16128925696                               {product} {ergonomic}
   size_t MinHeapDeltaBytes                        = 2097152                                   {product} {ergonomic}
   size_t MinHeapSize                              = 8388608                                   {product} {ergonomic}
   size_t NonNMethodCodeHeapSize                   = 7606272                                {pd product} {ergonomic}
   size_t NonProfiledCodeHeapSize                  = 122028032                              {pd product} {ergonomic}
   size_t ProfiledCodeHeapSize                     = 122028032                              {pd product} {ergonomic}
   size_t ReservedCodeCacheSize                    = 251662336                              {pd product} {ergonomic}
     bool SegmentedCodeCache                       = true                                      {product} {ergonomic}
   size_t SoftMaxHeapSize                          = 4032823296                             {manageable} {ergonomic}
     bool UseCompressedOops                        = true                           {product lp64_product} {ergonomic}
     bool UseCondCardMark                          = true                                      {product} {ergonomic}
     bool UseFastUnorderedTimeStamps               = true                                 {experimental} {ergonomic}
     bool UseG1GC                                  = true                                      {product} {ergonomic}
      int X86ICacheSync                            = 3                                 {ARCH diagnostic} {ergonomic}

Logging:
Log output configuration:
 #0: 
[error occurred during error reporting (printing log configuration), id 0xb, SIGSEGV (0xb) at pc=0x00007f929409b750]
Release file:
IMPLEMENTOR="Arch Linux"
JAVA_RUNTIME_VERSION="26.0.2.1"
JAVA_VERSION="26.0.2.1"
JAVA_VERSION_DATE="2026-08-18"
LIBC="gnu"
MODULES="java.base java.compiler java.datatransfer java.xml java.prefs java.desktop java.instrument java.logging java.management java.security.sasl java.naming java.rmi java.management.rmi java.net.http java.scripting java.security.jgss java.transaction.xa java.sql java.sql.rowset java.xml.crypto java.se java.smartcardio jdk.accessibility jdk.internal.jvmstat jdk.attach jdk.charsets jdk.internal.opt jdk.zipfs jdk.compiler jdk.crypto.cryptoki jdk.crypto.ec jdk.dynalink jdk.internal.ed jdk.editpad jdk.internal.vm.ci jdk.graal.compiler jdk.graal.compiler.management jdk.hotspot.agent jdk.httpserver jdk.incubator.vector jdk.internal.le jdk.internal.md jdk.jartool jdk.javadoc jdk.jcmd jdk.management jdk.management.agent jdk.jconsole jdk.jdeps jdk.jdwp.agent jdk.jdi jdk.jfr jdk.jlink jdk.jpackage jdk.jshell jdk.jstatd jdk.localedata jdk.management.jfr jdk.naming.dns jdk.naming.rmi jdk.net jdk.nio.mapmode jdk.sctp jdk.security.auth jdk.security.jgss jdk.unsupported jdk.unsupported.desktop jdk.xml.dom"
OS_ARCH="x86_64"
OS_NAME="Linux"
SOURCE=""

Environment Variables:
PATH=/home/annihilator/.local/bin:/home/annihilator/bin:/home/annihilator/.cargo/bin:/home/annihilator/.npm-global/bin:/home/annihilator/.local/share/solana/install/active_release/bin:/usr/local/sbin:/usr/local/bin:/usr/bin:/opt/cuda/bin:/var/lib/flatpak/exports/bin:/usr/lib/jvm/default/bin:/usr/bin/site_perl:/usr/bin/vendor_perl:/usr/bin/core_perl:/opt/rocm/bin:/home/annihilator/.config/Claude/local-agent-mode-sessions/f30d0a67-fea7-4d47-acce-d7da1f075d93/3f6e0ddc-f963-4a28-bb3d-52c35a96b68e/rpm/plugin_0155zZVATbJU3jHUmPP9NvMC/bin:/home/annihilator/.config/Claude/local-agent-mode-sessions/skills-plugin/3f6e0ddc-f963-4a28-bb3d-52c35a96b68e/f30d0a67-fea7-4d47-acce-d7da1f075d93/bin
LD_PRELOAD=/tmp/libglxshim.so
SHELL=/bin/zsh
DISPLAY=:0
WAYLAND_DISPLAY=wayland-1
LANG=en_GB.UTF-8

Active Locale:
LC_ALL=LC_CTYPE=en_GB.UTF-8;LC_NUMERIC=C;LC_TIME=en_GB.UTF-8;LC_COLLATE=en_GB.UTF-8;LC_MONETARY=en_GB.UTF-8;LC_MESSAGES=en_GB.UTF-8;LC_PAPER=en_GB.UTF-8;LC_NAME=en_GB.UTF-8;LC_ADDRESS=en_GB.UTF-8;LC_TELEPHONE=en_GB.UTF-8;LC_MEASUREMENT=en_GB.UTF-8;LC_IDENTIFICATION=en_GB.UTF-8
LC_COLLATE=en_GB.UTF-8
LC_CTYPE=en_GB.UTF-8
LC_MESSAGES=en_GB.UTF-8
LC_MONETARY=en_GB.UTF-8
LC_NUMERIC=C
LC_TIME=en_GB.UTF-8

Signal Handlers:
   SIGSEGV: 0x00007f9299a80b00 in libjvm.so+15207168, mask=11100100010111111101111111111110, flags=SA_RESTART|SA_SIGINFO, unblocked
    SIGBUS: 0x00007f9299a80b00 in libjvm.so+15207168, mask=11100100010111111101111111111110, flags=SA_RESTART|SA_SIGINFO, unblocked
    SIGFPE: 0x00007f9299a80b00 in libjvm.so+15207168, mask=11100100010111111101111111111110, flags=SA_RESTART|SA_SIGINFO, unblocked
   SIGPIPE: SIG_IGN, mask=11111111011111111101111111111110, flags=SA_RESTART, blocked
  *** Handler was modified!
  *** Expected: 0x00007f92998de900 in libjvm.so+13494528, mask=11100100110111111111111111111110, flags=SA_RESTART|SA_SIGINFO
   SIGXFSZ: 0x00007f92998de900 in libjvm.so+13494528, mask=11100100010111111101111111111110, flags=SA_RESTART|SA_SIGINFO, blocked
    SIGILL: 0x00007f9299a80b00 in libjvm.so+15207168, mask=11100100010111111101111111111110, flags=SA_RESTART|SA_SIGINFO, unblocked
   SIGUSR2: 0x00007f92998e15b0 in libjvm.so+13505968, mask=00000000000000000000000000000000, flags=SA_RESTART|SA_SIGINFO, blocked
    SIGHUP: SIG_IGN, mask=00000000000000000000000000000000, flags=none, blocked
    SIGINT: SIG_DFL, mask=00000000000000000000000000000000, flags=SA_RESTART, blocked
   SIGTERM: SIG_DFL, mask=00000000000000000000000000000000, flags=SA_RESTART, blocked
   SIGQUIT: SIG_DFL, mask=00000000000000000000000000000000, flags=SA_RESTART, blocked
   SIGTRAP: 0x00007f9299a80b00 in libjvm.so+15207168, mask=11100100010111111101111111111110, flags=SA_RESTART|SA_SIGINFO, unblocked


Compilation memory statistics disabled.

Periodic native trim disabled

---------------  S Y S T E M  ---------------

OS:
DISTRIB_ID="Arch"
DISTRIB_RELEASE="rolling"
DISTRIB_DESCRIPTION="Arch Linux"
uname: Linux 7.1.9-arch1-2 #1 SMP PREEMPT_DYNAMIC Fri, 21 Aug 2026 22:18:59 +0000 x86_64
OS uptime: 1 days 11:47 hours
libc: glibc 2.44 NPTL 2.44 
rlimit (soft/hard): STACK 8192k/infinity , CORE infinity/infinity , NPROC 60477/60477 , NOFILE 524288/524288 , AS infinity/infinity , CPU infinity/infinity , DATA infinity/infinity , FSIZE infinity/infinity , MEMLOCK 8192k/8192k
load average: 2.64 3.04 2.84

/proc/meminfo:
MemTotal:       15750904 kB
MemFree:         1693028 kB
MemAvailable:    4275100 kB
Buffers:           55792 kB
Cached:          2950776 kB
SwapCached:       180976 kB
Active:          6721420 kB
Inactive:        3445168 kB
Active(anon):    5840048 kB
Inactive(anon):  1573208 kB
Active(file):     881372 kB
Inactive(file):  1871960 kB
Unevictable:      516236 kB
Mlocked:            2548 kB
SwapTotal:      24652280 kB
SwapFree:       18379408 kB
Zswap:                 0 kB
Zswapped:              0 kB
Dirty:              1388 kB
Writeback:             0 kB
AnonPages:       7659912 kB
Mapped:           946156 kB
Shmem:             63420 kB
KReclaimable:     153304 kB
Slab:             429864 kB
SReclaimable:     153304 kB
SUnreclaim:       276560 kB
KernelStack:       34928 kB
PageTables:        98248 kB
SecPageTables:      2264 kB
NFS_Unstable:          0 kB
Bounce:                0 kB
WritebackTmp:          0 kB
CommitLimit:    32527732 kB
Committed_AS:   33007028 kB
VmallocTotal:   34359738367 kB
VmallocUsed:      203468 kB
VmallocChunk:          0 kB
Percpu:            11712 kB
HardwareCorrupted:     0 kB
AnonHugePages:   1355776 kB
ShmemHugePages:        0 kB
ShmemPmdMapped:        0 kB
FileHugePages:    333824 kB
FilePmdMapped:    241664 kB
CmaTotal:              0 kB
CmaFree:               0 kB
Unaccepted:            0 kB
Balloon:               0 kB
GPUActive:         85520 kB
GPUReclaim:         2048 kB
HugePages_Total:       0
HugePages_Free:        0
HugePages_Rsvd:        0
HugePages_Surp:        0
Hugepagesize:       2048 kB
Hugetlb:               0 kB
DirectMap4k:    14310104 kB
DirectMap2M:     1845248 kB
DirectMap1G:           0 kB

/sys/kernel/mm/transparent_hugepage/enabled: [always] madvise never
/sys/kernel/mm/transparent_hugepage/hpage_pmd_size: 2097152
/sys/kernel/mm/transparent_hugepage/shmem_enabled: always within_size [advise] never deny force
/sys/kernel/mm/transparent_hugepage/defrag (defrag/compaction efforts parameter): always defer defer+madvise [madvise] never

Process Memory:
Virtual Size: 87735704K (peak: 147236344K)
Resident Set Size: 3170536K (peak: 4521080K) (anon: 2770748K, file: 398556K, shmem: 1232K)
Swapped out: 21568K
C-Heap outstanding allocations: 217985K, retained: 3154957K
glibc malloc tunables: (default)

/proc/sys/kernel/threads-max (system-wide limit on the number of threads): 120955
/proc/sys/vm/max_map_count (maximum number of memory map areas a process may have): 1048576
/proc/sys/vm/swappiness (control to define how aggressively the kernel swaps out anonymous memory): 60
/proc/sys/kernel/pid_max (system-wide limit on number of process identifiers): 4194304

container information not found.
Steal ticks since vm start: 0
Steal ticks percentage since vm start:  0.000

CPU: total 16 (initial active 16) (8 cores per cpu, 2 threads per core) family 25 model 80 stepping 0 microcode 0xa500012, cx8, cmov, fxsr, ht, mmx, 3dnowpref, sse, sse2, sse3, ssse3, sse4a, sse4.1, sse4.2, popcnt, lzcnt, tsc, tscinvbit, avx, avx2, aes, erms, clmul, bmi1, bmi2, adx, sha, fma, vzeroupper, clflush, clflushopt, clwb, rdtscp, rdpid, fsrm, f16c, pku, ospke, cet_ss
CPU Model and flags from /proc/cpuinfo:
model name	: AMD Ryzen 7 5800HS with Radeon Graphics
flags		: fpu vme de pse tsc msr pae mce cx8 apic sep mtrr pge mca cmov pat pse36 clflush mmx fxsr sse sse2 ht syscall nx mmxext fxsr_opt pdpe1gb rdtscp lm constant_tsc rep_good nopl xtopology nonstop_tsc cpuid extd_apicid aperfmperf rapl pni pclmulqdq monitor ssse3 fma cx16 sse4_1 sse4_2 movbe popcnt aes xsave avx f16c rdrand lahf_lm cmp_legacy svm extapic cr8_legacy abm sse4a misalignsse 3dnowprefetch osvw ibs skinit wdt tce topoext perfctr_core perfctr_nb bpext perfctr_llc mwaitx cpb cat_l3 cdp_l3 hw_pstate ssbd mba ibrs ibpb stibp vmmcall fsgsbase bmi1 avx2 smep bmi2 erms invpcid cqm rdt_a rdseed adx smap clflushopt clwb sha_ni xsaveopt xsavec xgetbv1 xsaves cqm_llc cqm_occup_llc cqm_mbm_total cqm_mbm_local user_shstk clzero irperf xsaveerptr rdpru wbnoinvd cppc arat npt lbrv svm_lock nrip_save tsc_scale vmcb_clean flushbyasid decodeassists pausefilter pfthreshold avic v_vmsave_vmload vgif v_spec_ctrl umip pku ospke vaes vpclmulqdq rdpid overflow_recov succor smca fsrm debug_swap

Online cpus: 0-15
Offline cpus: 
BIOS frequency limitation: <Not Available>
Frequency switch latency (ns): 0
Available cpu frequencies: <Not Available>
Current governor: powersave
Core performance/turbo boost: 1

Memory: 4k page, physical 15750904k(4275100k free), swap 24652280k(18379944k free)
Page Sizes: 4k

vm_info: OpenJDK 64-Bit Server VM (26.0.2.1) for linux-amd64 JRE (26.0.2.1), built on 2026-08-19T07:23:47Z with gcc 16.2.1 20260810

END.
