#
# A fatal error has been detected by the Java Runtime Environment:
#
#  SIGSEGV (0xb) at pc=0x00007f4d360523d1, pid=2210600, tid=2210613
#
# JRE version: OpenJDK Runtime Environment (26.0.2.1) (build 26.0.2.1)
# Java VM: OpenJDK 64-Bit Server VM (26.0.2.1, mixed mode, sharing, tiered, compressed oops, compressed class ptrs, g1 gc, linux-amd64)
# Problematic frame:
# C  [libnvidia-eglcore.so.610.57.04+0xa523d1]
#
# Core dump will be written. Default location: Determined by the following: "/usr/lib/systemd/systemd-coredump %P %u %g %s %t %c %h %d %F %I" (alternatively, falling back to /home/annihilator/dev/NuvioDesktop/waylandHost/core.2210600)
#
# If you would like to submit a bug report, please visit:
#   https://bugreport.java.com/bugreport/crash.jsp
#

---------------  S U M M A R Y ------------

Command Line: -Dnuvio.wayland.libmpv=/home/annihilator/dev/mpv/build/libmpv.so.2 -Dnuvio.wayland.realApp=true -Dnuvio.wayland.videoLog=true -Dnuvio.wayland.webChrome=true -Dorg.lwjgl.util.Debug=false --enable-native-access=ALL-UNNAMED -Dfile.encoding=UTF-8 -Duser.country=GB -Duser.language=en -Duser.variant com.nuvio.wayland.MainKt

Host: AMD Ryzen 7 5800HS with Radeon Graphics, 16 cores, 15G, Arch Linux
Time: Mon Aug 24 11:51:53 2026 BST elapsed time: 156.336019 seconds (0d 0h 2m 36s)

---------------  T H R E A D  ---------------

Current thread (0x00007f4d780ff8b0):  VMThread "VM Thread"          [id=2210613, stack(0x00007f4d7c34e000,0x00007f4d7c44e000) (1024K)]

Stack: [0x00007f4d7c34e000,0x00007f4d7c44e000],  sp=0x00007f4d7c44c3f0,  free space=1016k
Native frames: (J=compiled Java code, j=interpreted, Vv=VM code, C=native code)
C  [libnvidia-eglcore.so.610.57.04+0xa523d1]

siginfo: si_signo: 11 (SIGSEGV), si_code: 1 (SEGV_MAPERR), si_addr: 0x00000000000abdc8

Registers:
RAX=0x0000000000000003, RBX=0x00007f4a48932a90, RCX=0x000000000000000c, RDX=0x0000000000000000
RSP=0x00007f4d7c44c3f0, RBP=0x00007f4d37b58140, RSI=0x00007f4d58f01950, RDI=0x00007f4ae262be50
R8 =0x00007f4d580000e8, R9 =0x0000000000001000, R10=0x0000000000000000, R11=0x0000000000000000
R12=0x0000000040c70000, R13=0x00007f4d58003db0, R14=0x00007f4a48bfd4e0, R15=0x0000000040c70000
RIP=0x00007f4d360523d1, EFLAGS=0x0000000000010202, CSGSFS=0x002b000000000033, ERR=0x0000000000000004
  TRAPNO=0x000000000000000e

XMM[0]=0x0000000000000000 0x0000000000000000
XMM[1]=0x0000000000000000 0x00007f4c0aa258f0
XMM[2]=0x0000000000000000 0x43e0000000000000
XMM[3]=0x0000000000000000 0x0000000000000006
XMM[4]=0x0000000000000000 0x0000000000000000
XMM[5]=0x0000000000000000 0x0000000000000000
XMM[6]=0x0000000000000000 0x0000000000000000
XMM[7]=0x0000000000000051 0x0000000000000000
XMM[8]=0x0000000000000000 0xbfb999999999999a
XMM[9]=0x0000000000000000 0x0000000003400000
XMM[10]=0x0000000000000000 0x0000000003200000
XMM[11]=0x0000000000000000 0x0000000000000000
XMM[12]=0x0000000000000000 0x0000000000000000
XMM[13]=0x0000000000000000 0x0000000000000000
XMM[14]=0x0000000000000000 0x0000000000000000
XMM[15]=0x0000000000000000 0x0000000000000000
  MXCSR=0x00001fa2


Register to memory mapping:

RAX=0x0000000000000003 is an unknown value
RBX=0x00007f4a48932a90 points into unknown readable memory: 0x0000000000000000 | 00 00 00 00 00 00 00 00
RCX=0x000000000000000c is an unknown value
RDX=0x0 is null
RSP=0x00007f4d7c44c3f0 points into unknown readable memory: 0x0000000040c70000 | 00 00 c7 40 00 00 00 00
RBP=0x00007f4d37b58140: <offset 0x0000000002558140> in /usr/lib/libnvidia-eglcore.so.610.57.04 at 0x00007f4d35600000
RSI=0x00007f4d58f01950 points into unknown readable memory: 0x0000000400000001 | 01 00 00 00 04 00 00 00
RDI=0x00007f4ae262be50 points into unknown readable memory: 0x0000000000000000 | 00 00 00 00 00 00 00 00
R8 =0x00007f4d580000e8 points into unknown readable memory: 0x00007f4d58959bb0 | b0 9b 95 58 4d 7f 00 00
R9 =0x0000000000001000 is an unknown value
R10=0x0 is null
R11=0x0 is null
R12=0x0000000040c70000 points into unknown readable memory: 0x00007f4d78b87430 | 30 74 b8 78 4d 7f 00 00
R13=0x00007f4d58003db0 points into unknown readable memory: 0x0000000000002000 | 00 20 00 00 00 00 00 00
R14=0x00007f4a48bfd4e0 points into unknown readable memory: 0x0000001700000000 | 00 00 00 00 17 00 00 00
R15=0x0000000040c70000 points into unknown readable memory: 0x00007f4d78b87430 | 30 74 b8 78 4d 7f 00 00

Top of Stack: (sp=0x00007f4d7c44c3f0)
0x00007f4d7c44c3f0:   0000000040c70000 0000000000000003   ...@............
0x00007f4d7c44c400:   00007f4a48932a90 0000000040c70000   .*.HJ......@....
0x00007f4d7c44c410:   00007f4d78bb17c0 00007f4d3604730d   ...xM....s.6M...
0x00007f4d7c44c420:   0000000040c70000 00007f4a48932a90   ...@.....*.HJ...
0x00007f4d7c44c430:   00007f4a48bfd760 0000000000000003   `..HJ...........
0x00007f4d7c44c440:   00007f4c4aff8a50 0000000040c70000   P..JL......@....
0x00007f4d7c44c450:   00007f4a48bfd760 00007f4a48bfd4e0   `..HJ......HJ...
0x00007f4d7c44c460:   0000000040c70000 00007f4d35cfb708   ...@.......5M...
0x00007f4d7c44c470:   00007f4aecc0ea20 0000000000000016    ...J...........
0x00007f4d7c44c480:   00007f4c4aff8a50 0000000000000016   P..JL...........
0x00007f4d7c44c490:   00007f4d7886a920 0000000000000000    ..xM...........
0x00007f4d7c44c4a0:   0000000040c70000 00007f4d35d302f6   ...@.......5M...
0x00007f4d7c44c4b0:   00007f4d7c44c4f0 00000016816a623e   ..D|M...>bj.....
0x00007f4d7c44c4c0:   0000000000000030 0000000000000003   0...............
0x00007f4d7c44c4d0:   00007f4c4b905790 0000000000000001   .W.KL...........
0x00007f4d7c44c4e0:   00007f4d7886a920 00007f4d37b55480    ..xM....T.7M...
0x00007f4d7c44c4f0:   0000000040c70000 00007f4d35d3038c   ...@.......5M...
0x00007f4d7c44c500:   00000000000000f0 0000000040c70000   ...........@....
0x00007f4d7c44c510:   00007f4d58003db0 0000000000000003   .=.XM...........
0x00007f4d7c44c520:   00007f4d7886a920 00007f4d37b554c0    ..xM....T.7M...
0x00007f4d7c44c530:   0000000040c70000 00007f4d37b55480   ...@.....T.7M...
0x00007f4d7c44c540:   00007f4d7c44c6f8 00007f4d35d3160f   ..D|M......5M...
0x00007f4d7c44c550:   00007f4d78da93c0 0000000040c70000   ...xM......@....
0x00007f4d7c44c560:   00007f4d7c44c58f 00007f4d58003db0   ..D|M....=.XM...
0x00007f4d7c44c570:   00007f4d37b55460 00007f4d35d01998   `T.7M......5M...
0x00007f4d7c44c580:   0000000040c70000 0000004d35ba2ce8   ...@.....,.5M...
0x00007f4d7c44c590:   00007f4d58003db0 0000000040c70000   .=.XM......@....
0x00007f4d7c44c5a0:   00007f4d37b554c0 00007f4d35ceecb1   .T.7M......5M...
0x00007f4d7c44c5b0:   00007f4d37b58140 00007f4d37b58140   @..7M...@..7M...
0x00007f4d7c44c5c0:   0000000040c70000 00007f4d58003db0   ...@.....=.XM...
0x00007f4d7c44c5d0:   00007f4d37b55460 00007f4d35fb15d8   `T.7M......5M...
0x00007f4d7c44c5e0:   00007f4d37b58140 00007f4d78a78820   @..7M... ..xM...

Instructions: (pc=0x00007f4d360523d1)
  0x00007f4d360522d1:   8b bf 50 01 00 00 8b 96 a0 03 00 00 48 8b 07 8b
  0x00007f4d360522e1:   77 08 ff a0 88 02 00 00 0f 1f 80 00 00 00 00 48
  0x00007f4d360522f1:   83 be 28 05 00 00 00 0f 84 22 02 00 00 41 55 41
  0x00007f4d36052301:   54 49 89 fc 55 53 48 89 f3 48 83 ec 08 48 8d 2d
  0x00007f4d36052311:   2b 5e b0 01 0f b6 85 d0 0f 00 00 84 c0 75 0f 8b
  0x00007f4d36052321:   85 c4 0f 00 00 83 c0 01 89 85 c4 0f 00 00 8b 85
  0x00007f4d36052331:   cc 0f 00 00 83 f8 01 0f 87 32 01 00 00 49 8b 04
  0x00007f4d36052341:   24 4d 8b ac 24 08 ac 04 00 48 8b bb 20 05 00 00
  0x00007f4d36052351:   48 8b 90 d0 8d 02 00 4c 89 ee e8 50 91 fe ff 48
  0x00007f4d36052361:   8b bb 20 05 00 00 48 85 ff 74 06 48 8b 07 ff 50
  0x00007f4d36052371:   10 48 8b 83 28 05 00 00 48 c7 83 20 05 00 00 00
  0x00007f4d36052381:   00 00 00 83 a8 90 00 00 00 01 48 8b 83 28 05 00
  0x00007f4d36052391:   00 83 a8 8c 00 00 00 01 48 8b bb 28 05 00 00 8b
  0x00007f4d360523a1:   87 8c 00 00 00 85 c0 0f 84 02 01 00 00 48 8b b3
  0x00007f4d360523b1:   30 05 00 00 48 c7 83 28 05 00 00 00 00 00 00 48
  0x00007f4d360523c1:   85 f6 74 65 4d 85 ed 74 58 49 8b 95 48 10 00 00
=>0x00007f4d360523d1:   8b 82 c8 bd 0a 00 83 c0 01 89 82 c8 bd 0a 00 48
  0x00007f4d360523e1:   8b 93 30 05 00 00 89 42 28 48 8b 93 30 05 00 00
  0x00007f4d360523f1:   48 8b 4a 08 48 85 c9 74 18 8b 42 18 3b 42 20 73
  0x00007f4d36052401:   13 8b 93 d0 01 00 00 89 14 81 48 8b 93 30 05 00
  0x00007f4d36052411:   00 8b 42 18 83 c0 01 89 42 18 48 8b b3 30 05 00
  0x00007f4d36052421:   00 4c 89 e7 e8 46 b5 cd ff 48 c7 83 30 05 00 00
  0x00007f4d36052431:   00 00 00 00 8b 45 00 48 c7 83 38 05 00 00 00 00
  0x00007f4d36052441:   00 00 85 c0 75 79 0f b6 85 d0 0f 00 00 84 c0 75
  0x00007f4d36052451:   0f 8b 85 c4 0f 00 00 83 e8 01 89 85 c4 0f 00 00
  0x00007f4d36052461:   48 83 c4 08 5b 5d 41 5c 41 5d c3 0f 1f 40 00 48
  0x00007f4d36052471:   8d 05 09 30 b0 01 8b 7d 48 48 8d 75 28 ff 50 10
  0x00007f4d36052481:   8b 45 30 31 d2 83 f8 ff 0f 95 c2 01 d0 89 45 30
  0x00007f4d36052491:   48 8d 05 c8 2f b0 01 ff 10 83 45 00 01 89 45 38
  0x00007f4d360524a1:   48 89 55 40 e9 94 fe ff ff 66 0f 1f 44 00 00 e8
  0x00007f4d360524b1:   bb d4 f9 ff e9 f4 fe ff ff 66 0f 1f 44 00 00 83
  0x00007f4d360524c1:   e8 01 89 45 00 48 8d 05 93 2f b0 01 48 8b 58 08


Stack slot to memory mapping:

stack at sp + 0 slots: 0x0000000040c70000 points into unknown readable memory: 0x00007f4d78b87430 | 30 74 b8 78 4d 7f 00 00
stack at sp + 1 slots: 0x0000000000000003 is an unknown value
stack at sp + 2 slots: 0x00007f4a48932a90 points into unknown readable memory: 0x0000000000000000 | 00 00 00 00 00 00 00 00
stack at sp + 3 slots: 0x0000000040c70000 points into unknown readable memory: 0x00007f4d78b87430 | 30 74 b8 78 4d 7f 00 00
stack at sp + 4 slots: 0x00007f4d78bb17c0 points into unknown readable memory: 0x00007f4d37ac7df8 | f8 7d ac 37 4d 7f 00 00
stack at sp + 5 slots: 0x00007f4d3604730d: <offset 0x0000000000a4730d> in /usr/lib/libnvidia-eglcore.so.610.57.04 at 0x00007f4d35600000
stack at sp + 6 slots: 0x0000000040c70000 points into unknown readable memory: 0x00007f4d78b87430 | 30 74 b8 78 4d 7f 00 00
stack at sp + 7 slots: 0x00007f4a48932a90 points into unknown readable memory: 0x0000000000000000 | 00 00 00 00 00 00 00 00

VM_Operation (0x00007f4d801fe440): Exit, mode: safepoint, requested by thread 0x00007f4d78020000


---------------  P R O C E S S  ---------------

Threads class SMR info:
_java_thread_list=0x00007f4d4c02c4f0, length=50, elements={
0x00007f4d78020000, 0x00007f4d781089c0, 0x00007f4d781099c0, 0x00007f4d7810ad10,
0x00007f4d7810c420, 0x00007f4d7810dc70, 0x00007f4d7810fed0, 0x00007f4d781118a0,
0x00007f4d7814b270, 0x00007f4d7814dce0, 0x00007f4d7866e580, 0x00007f4d794b33d0,
0x00007f4d794b44d0, 0x00007f4d794b5cb0, 0x00007f4d794b6e10, 0x00007f4d582bb840,
0x00007f4d58415500, 0x0000564ca942ea70, 0x00007f4d7992aaa0, 0x00007f4d79cf3a80,
0x00007f4d2007f1a0, 0x00007f4d14a6f1d0, 0x00007f4d2090c800, 0x00007f4d2c011d30,
0x00007f4d443c9350, 0x00007f4d14b1fda0, 0x0000564ca97fff70, 0x00007f4d14c40950,
0x00007f4d7a05afc0, 0x00007f4d3c01c1a0, 0x00007f4d40067990, 0x00007f4d1c195a10,
0x00007f4d48017740, 0x00007f4d300289b0, 0x00007f4d147e2700, 0x00007f4d14d2efa0,
0x0000564ca9246510, 0x00007f4d14d39b50, 0x00007f4d79da7af0, 0x00007f4d20a634a0,
0x00007f4d58cd7580, 0x00007f4d58cda4d0, 0x00007f4d4c0247c0, 0x00007f4d4c026920,
0x00007f4d54032b90, 0x00007f4d7a1e8440, 0x00007f4d480969f0, 0x00007f4d4c028bd0,
0x00007f4d384c52a0, 0x00007f4d4c0c8520
}

Java Threads: ( => current thread )
  0x00007f4d78020000 JavaThread "main"                              [_thread_blocked, id=2210601, stack(0x00007f4d80100000,0x00007f4d80200000) (1024K)]
  0x00007f4d781089c0 JavaThread "Reference Handler"          daemon [_thread_blocked, id=2210614, stack(0x00007f4d7c14c000,0x00007f4d7c24c000) (1024K)]
  0x00007f4d781099c0 JavaThread "Finalizer"                  daemon [_thread_blocked, id=2210615, stack(0x00007f4d7c24d000,0x00007f4d7c34d000) (1024K)]
  0x00007f4d7810ad10 JavaThread "Signal Dispatcher"          daemon [_thread_blocked, id=2210616, stack(0x00007f4d77ea5000,0x00007f4d77fa5000) (1024K)]
  0x00007f4d7810c420 JavaThread "Service Thread"             daemon [_thread_blocked, id=2210617, stack(0x00007f4d5c0e7000,0x00007f4d5c1e7000) (1024K)]
  0x00007f4d7810dc70 JavaThread "Monitor Deflation Thread"   daemon [_thread_blocked, id=2210618, stack(0x00007f4d51f00000,0x00007f4d52000000) (1024K)]
  0x00007f4d7810fed0 JavaThread "C2 CompilerThread0"         daemon [_thread_blocked, id=2210619, stack(0x00007f4d51b00000,0x00007f4d51c00000) (1024K)]
  0x00007f4d781118a0 JavaThread "C1 CompilerThread0"         daemon [_thread_blocked, id=2210620, stack(0x00007f4d519ff000,0x00007f4d51aff000) (1024K)]
  0x00007f4d7814b270 JavaThread "Notification Thread"        daemon [_thread_blocked, id=2210622, stack(0x00007f4d517fd000,0x00007f4d518fd000) (1024K)]
  0x00007f4d7814dce0 JavaThread "Common-Cleaner"             daemon [_thread_blocked, id=2210623, stack(0x00007f4d516fc000,0x00007f4d517fc000) (1024K)]
  0x00007f4d7866e580 JavaThread "InnocuousThread-1"          daemon [_thread_blocked, id=2210627, stack(0x00007f4d512f8000,0x00007f4d513f8000) (1024K)]
  0x00007f4d794b33d0 JavaThread "Java2D Disposer"            daemon [_thread_blocked, id=2210648, stack(0x00007f4d18700000,0x00007f4d18800000) (1024K)]
  0x00007f4d794b44d0 JavaThread "AWT-XAWT"                   daemon [_thread_blocked, id=2210649, stack(0x00007f4d185ff000,0x00007f4d186ff000) (1024K)]
  0x00007f4d794b5cb0 JavaThread "AWT-Shutdown"                      [_thread_blocked, id=2210650, stack(0x00007f4d184fe000,0x00007f4d185fe000) (1024K)]
  0x00007f4d794b6e10 JavaThread "AWT-EventQueue-0"                  [_thread_blocked, id=2210651, stack(0x00007f4d183fd000,0x00007f4d184fd000) (1024K)]
  0x00007f4d582bb840 JavaThread "Reference Cleaner"          daemon [_thread_blocked, id=2210653, stack(0x00007f4d180df000,0x00007f4d181df000) (1024K)]
  0x00007f4d58415500 JavaThread "DefaultDispatcher-worker-1" daemon [_thread_blocked, id=2210661, stack(0x00007f4d0d300000,0x00007f4d0d400000) (1024K)]
  0x0000564ca942ea70 JavaThread "kotlinx.coroutines.DefaultExecutor" daemon [_thread_blocked, id=2210668, stack(0x00007f4cfc4fa000,0x00007f4cfc5fa000) (1024K)]
  0x00007f4d7992aaa0 JavaThread "TimerQueue"                 daemon [_thread_blocked, id=2210752, stack(0x00007f4cd4dff000,0x00007f4cd4eff000) (1024K)]
  0x00007f4d79cf3a80 JavaThread "wpe-glib"                   daemon [_thread_blocked, id=2210772, stack(0x00007f4ccccde000,0x00007f4cccdde000) (1024K)]
  0x00007f4d2007f1a0 JavaThread "DefaultDispatcher-worker-4" daemon [_thread_blocked, id=2210822, stack(0x00007f4c738f7000,0x00007f4c739f7000) (1024K)]
  0x00007f4d14a6f1d0 JavaThread "DefaultDispatcher-worker-5" daemon [_thread_blocked, id=2210851, stack(0x00007f4c728f5000,0x00007f4c729f5000) (1024K)]
  0x00007f4d2090c800 JavaThread "DefaultDispatcher-worker-6" daemon [_thread_blocked, id=2210892, stack(0x00007f4c7239c000,0x00007f4c7249c000) (1024K)]
  0x00007f4d2c011d30 JavaThread "DefaultDispatcher-worker-8" daemon [_thread_blocked, id=2210896, stack(0x00007f4c714ff000,0x00007f4c715ff000) (1024K)]
  0x00007f4d443c9350 JavaThread "DefaultDispatcher-worker-9" daemon [_thread_blocked, id=2210897, stack(0x00007f4c713fe000,0x00007f4c714fe000) (1024K)]
  0x00007f4d14b1fda0 JavaThread "OkHttp TaskRunner"          daemon [_thread_blocked, id=2210909, stack(0x00007f4c710fb000,0x00007f4c711fb000) (1024K)]
  0x0000564ca97fff70 JavaThread "OkHttp api.tiffara.com"     daemon [_thread_in_native, id=2210912, stack(0x00007f4c70df8000,0x00007f4c70ef8000) (1024K)]
  0x00007f4d14c40950 JavaThread "OkHttp watchly.elfhosted.com" daemon [_thread_in_native, id=2210915, stack(0x00007f4c70af5000,0x00007f4c70bf5000) (1024K)]
  0x00007f4d7a05afc0 JavaThread "OkHttp aiometadata.viren070.me" daemon [_thread_in_native, id=2210916, stack(0x00007f4c709f4000,0x00007f4c70af4000) (1024K)]
  0x00007f4d3c01c1a0 JavaThread "DefaultDispatcher-worker-13" daemon [_thread_blocked, id=2210918, stack(0x00007f4c707f2000,0x00007f4c708f2000) (1024K)]
  0x00007f4d40067990 JavaThread "DefaultDispatcher-worker-14" daemon [_thread_blocked, id=2210919, stack(0x00007f4c706f1000,0x00007f4c707f1000) (1024K)]
  0x00007f4d1c195a10 JavaThread "DefaultDispatcher-worker-3" daemon [_thread_blocked, id=2210922, stack(0x00007f4c703ee000,0x00007f4c704ee000) (1024K)]
  0x00007f4d48017740 JavaThread "DefaultDispatcher-worker-15" daemon [_thread_blocked, id=2210923, stack(0x00007f4c702ed000,0x00007f4c703ed000) (1024K)]
  0x00007f4d300289b0 JavaThread "OkHttp aiostreams.int.itsjustfun.xyz" daemon [_thread_in_native, id=2210925, stack(0x00007f4c700eb000,0x00007f4c701eb000) (1024K)]
  0x00007f4d147e2700 JavaThread "DefaultDispatcher-worker-12" daemon [_thread_blocked, id=2211001, stack(0x00007f4c71e33000,0x00007f4c71f33000) (1024K)]
  0x00007f4d14d2efa0 JavaThread "OkHttp arm.haglund.dev"     daemon [_thread_in_native, id=2211009, stack(0x00007f4c6d759000,0x00007f4c6d859000) (1024K)]
  0x0000564ca9246510 JavaThread "DefaultDispatcher-worker-10" daemon [_thread_blocked, id=2211010, stack(0x00007f4c6d658000,0x00007f4c6d758000) (1024K)]
  0x00007f4d14d39b50 JavaThread "DefaultDispatcher-worker-11" daemon [_thread_blocked, id=2211011, stack(0x00007f4c6d557000,0x00007f4c6d657000) (1024K)]
  0x00007f4d79da7af0 JavaThread "DefaultDispatcher-worker-2" daemon [_thread_blocked, id=2211012, stack(0x00007f4c6d456000,0x00007f4c6d556000) (1024K)]
  0x00007f4d20a634a0 JavaThread "DefaultDispatcher-worker-7" daemon [_thread_blocked, id=2211013, stack(0x00007f4c6d355000,0x00007f4c6d455000) (1024K)]
  0x00007f4d58cd7580 JavaThread "VirtualThread-unblocker"    daemon [_thread_blocked, id=2211028, stack(0x00007f4c6d254000,0x00007f4c6d354000) (1024K)]
  0x00007f4d58cda4d0 JavaThread "ForkJoinPool-1-worker-1"    daemon [_thread_blocked, id=2211029, stack(0x00007f4c6d153000,0x00007f4c6d253000) (1024K)]
  0x00007f4d4c0247c0 JavaThread "MasterPoller"               daemon [_thread_in_native, id=2211030, stack(0x00007f4c6d052000,0x00007f4c6d152000) (1024K)]
  0x00007f4d4c026920 JavaThread "ForkJoinPool-1-worker-2"    daemon [_thread_blocked, id=2211031, stack(0x00007f4c68f00000,0x00007f4c69000000) (1024K)]
  0x00007f4d54032b90 JavaThread "ForkJoinPool-1-worker-3"    daemon [_thread_blocked, id=2211032, stack(0x00007f4c68dff000,0x00007f4c68eff000) (1024K)]
  0x00007f4d7a1e8440 JavaThread "ForkJoinPool-1-worker-4"    daemon [_thread_blocked, id=2211033, stack(0x00007f4c68cfe000,0x00007f4c68dfe000) (1024K)]
  0x00007f4d480969f0 JavaThread "ForkJoinPool-1-worker-5"    daemon [_thread_blocked, id=2211034, stack(0x00007f4c68bfd000,0x00007f4c68cfd000) (1024K)]
  0x00007f4d4c028bd0 JavaThread "ForkJoinPool-1-delayScheduler" daemon [_thread_blocked, id=2211035, stack(0x00007f4c68afc000,0x00007f4c68bfc000) (1024K)]
  0x00007f4d384c52a0 JavaThread "DefaultDispatcher-worker-16" daemon [_thread_blocked, id=2211041, stack(0x00007f4c6f468000,0x00007f4c6f568000) (1024K)]
  0x00007f4d4c0c8520 JavaThread "HttpClient-2-Worker-0"      daemon [_thread_blocked, id=2214921, stack(0x00007f4cfcb00000,0x00007f4cfcc00000) (1024K)]
Total: 50

Other Threads:
=>0x00007f4d780ff8b0 VMThread "VM Thread"                           [id=2210613, stack(0x00007f4d7c34e000,0x00007f4d7c44e000) (1024K)]
  0x00007f4d7806e4b0 WorkerThread "GC Thread#0"                     [id=2210602, stack(0x00007f4d7d661000,0x00007f4d7d761000) (1024K)]
  0x00007f4d38009fd0 WorkerThread "GC Thread#1"                     [id=2210624, stack(0x00007f4d515fb000,0x00007f4d516fb000) (1024K)]
  0x00007f4d3800ef50 WorkerThread "GC Thread#2"                     [id=2210664, stack(0x00007f4cfc8fe000,0x00007f4cfc9fe000) (1024K)]
  0x00007f4d3800fa70 WorkerThread "GC Thread#3"                     [id=2210665, stack(0x00007f4cfc7fd000,0x00007f4cfc8fd000) (1024K)]
  0x00007f4d380106d0 WorkerThread "GC Thread#4"                     [id=2210666, stack(0x00007f4cfc6fc000,0x00007f4cfc7fc000) (1024K)]
  0x00007f4d38011430 WorkerThread "GC Thread#5"                     [id=2210667, stack(0x00007f4cfc5fb000,0x00007f4cfc6fb000) (1024K)]
  0x00007f4d380282f0 WorkerThread "GC Thread#6"                     [id=2210687, stack(0x00007f4ce2751000,0x00007f4ce2851000) (1024K)]
  0x00007f4d38034820 WorkerThread "GC Thread#7"                     [id=2210745, stack(0x00007f4cdea58000,0x00007f4cdeb58000) (1024K)]
  0x00007f4d38035a40 WorkerThread "GC Thread#8"                     [id=2210746, stack(0x00007f4cd52dc000,0x00007f4cd53dc000) (1024K)]
  0x00007f4d380c00d0 WorkerThread "GC Thread#9"                     [id=2210767, stack(0x00007f4cd4cfe000,0x00007f4cd4dfe000) (1024K)]
  0x00007f4d380c0f10 WorkerThread "GC Thread#10"                    [id=2210768, stack(0x00007f4cd4bfd000,0x00007f4cd4cfd000) (1024K)]
  0x00007f4d380c1de0 WorkerThread "GC Thread#11"                    [id=2210769, stack(0x00007f4cd4afc000,0x00007f4cd4bfc000) (1024K)]
  0x00007f4d380c2cb0 WorkerThread "GC Thread#12"                    [id=2210770, stack(0x00007f4cd49fb000,0x00007f4cd4afb000) (1024K)]
  0x00007f4d780865a0 ConcurrentGCThread "G1 Main Marker"            terminated
  0x00007f4d78087730 WorkerThread "G1 Conc#0"                       [id=2210604, stack(0x00007f4d7d45f000,0x00007f4d7d55f000) (1024K)]
  0x00007f4d58000cc0 WorkerThread "G1 Conc#1"                       [id=2210625, stack(0x00007f4d514fa000,0x00007f4d515fa000) (1024K)]
  0x00007f4d580019d0 WorkerThread "G1 Conc#2"                       [id=2210626, stack(0x00007f4d513f9000,0x00007f4d514f9000) (1024K)]
  0x00007f4d780ddf50 WorkerThread "G1 Refinement Workers#0"         [id=2210606, stack(0x00007f4d7c550000,0x00007f4d7c650000) (1024K)]
  0x00007f4d780dccf0 ConcurrentGCThread "G1 Refine Control"         terminated
  0x00007f4d780df050 ConcurrentGCThread "G1 Service"                terminated
Total: 21

Threads with active compile tasks:
C2 CompilerThread0  156342 14458       4       java.util.TreeMap::put (221 bytes)
Total: 1

VM state: at safepoint (shutting down)

VM Mutex/Monitor currently owned by a thread:  ([mutex/lock_event])
[0x00007f4d814f61d8] Threads_lock - owner thread: 0x00007f4d780ff8b0
[0x00007f4d814f5f58] Heap_lock - owner thread: 0x00007f4d78020000

Heap address: 0x000000070fa00000, size: 3846 MB, Compressed Oops mode: Zero based, Oop shift amount: 3

CDS archive(s) mapped at: [0x000000004a000000-0x000000004ada7000-0x000000004ada7000), size 14315520, SharedBaseAddress: 0x000000004a000000, ArchiveRelocationMode: 1.
Compressed class space mapped at: 0x000000004b000000-0x000000008b000000, reserved size: 1073741824
UseCompressedClassPointers 1, UseCompactObjectHeaders 0
Narrow klass pointer bits 32, Max shift 3
Narrow klass base: 0x000000004a000000, Narrow klass shift: 0
Encoding Range: [0x000000004a000000 - 0x000000014a000000), (4294967296 bytes)
Klass Range:    [0x000000004a000000 - 0x000000008b000000), (1090519040 bytes)
Klass ID Range:  [8 - 1090519033) (1090519025)
Protection zone: [0x000000004a000000 - 0x000000004a001000), (4096 bytes)

GC Precious Log:
 CardTable entry size: 512
 Card Set container configuration: InlinePtr #cards 4 size 8 Array Of Cards #cards 16 size 48 Howl #buckets 8 coarsen threshold 3686 Howl Bitmap #cards 512 size 80 coarsen threshold 460 Card regions per heap region 1 cards per card region 4096
 CPUs: 16 total, 16 available
 Memory: 15381M
 Large Page Support: Disabled
 NUMA Support: Disabled
 Compressed Oops: Enabled (Zero based)
 Heap Region Size: 2M
 Heap Min Capacity: 8M
 Heap Initial Capacity: 8M
 Heap Max Capacity: 3846M
 Pre-touch: Disabled
 Parallel Workers: 13
 Concurrent Workers: 3
 Concurrent Refinement Workers: 13
 Periodic GC: Disabled

Heap:
 garbage-first heap   total reserved 3938304K, committed 434176K, used 280110K [0x000000070fa00000, 0x0000000800000000)
  region size 2M, 116 eden (232M), 1 survivor (2M), 29 old (58M), 1 humongous (2M), 65 free (130M)

Heap Regions: E=young(eden), S=young(survivor), O=old, HS=humongous(starts), HC=humongous(continues), CS=collection set, F=free, TAMS=top-at-mark-start, PB=parsable bottom
|    0|0x000000070fa00000, 0x000000070fc00000, 0x000000070fc00000|100%|HS|  |TAMS 0x000000070fa00000| PB 0x000000070fa00000| Complete  |  0
|    1|0x000000070fc00000, 0x000000070fe00000, 0x000000070fe00000|100%| O|  |TAMS 0x000000070fc00000| PB 0x000000070fc00000| Untracked |  0
|    2|0x000000070fe00000, 0x0000000710000000, 0x0000000710000000|100%| O|  |TAMS 0x000000070fe00000| PB 0x000000070fe00000| Untracked |  0
|    3|0x0000000710000000, 0x0000000710200000, 0x0000000710200000|100%| O|  |TAMS 0x0000000710000000| PB 0x0000000710000000| Untracked |  0
|    4|0x0000000710200000, 0x0000000710400000, 0x0000000710400000|100%| O|  |TAMS 0x0000000710200000| PB 0x0000000710200000| Untracked |  0
|    5|0x0000000710400000, 0x0000000710600000, 0x0000000710600000|100%| O|  |TAMS 0x0000000710400000| PB 0x0000000710400000| Untracked |  0
|    6|0x0000000710600000, 0x0000000710800000, 0x0000000710800000|100%| O|  |TAMS 0x0000000710600000| PB 0x0000000710600000| Untracked |  0
|    7|0x0000000710800000, 0x0000000710a00000, 0x0000000710a00000|100%| O|  |TAMS 0x0000000710800000| PB 0x0000000710800000| Untracked |  0
|    8|0x0000000710a00000, 0x0000000710c00000, 0x0000000710c00000|100%| O|  |TAMS 0x0000000710a00000| PB 0x0000000710a00000| Untracked |  0
|    9|0x0000000710c00000, 0x0000000710e00000, 0x0000000710e00000|100%| O|  |TAMS 0x0000000710c00000| PB 0x0000000710c00000| Untracked |  0
|   10|0x0000000710e00000, 0x0000000711000000, 0x0000000711000000|100%| O|  |TAMS 0x0000000710e00000| PB 0x0000000710e00000| Untracked |  0
|   11|0x0000000711000000, 0x0000000711200000, 0x0000000711200000|100%| O|  |TAMS 0x0000000711000000| PB 0x0000000711000000| Untracked |  0
|   12|0x0000000711200000, 0x00000007112ec800, 0x0000000711400000| 46%| O|  |TAMS 0x0000000711200000| PB 0x0000000711200000| Untracked |  0
|   13|0x0000000711400000, 0x0000000711600000, 0x0000000711600000|100%| O|  |TAMS 0x0000000711400000| PB 0x0000000711400000| Untracked |  0
|   14|0x0000000711600000, 0x0000000711800000, 0x0000000711800000|100%| O|  |TAMS 0x0000000711600000| PB 0x0000000711600000| Untracked |  0
|   15|0x0000000711800000, 0x0000000711818b10, 0x0000000711a00000|  4%| O|  |TAMS 0x0000000711800000| PB 0x0000000711800000| Untracked |  0
|   16|0x0000000711a00000, 0x0000000711a18200, 0x0000000711c00000|  4%| O|  |TAMS 0x0000000711a00000| PB 0x0000000711a00000| Untracked |  0
|   17|0x0000000711c00000, 0x0000000711c20818, 0x0000000711e00000|  6%| O|  |TAMS 0x0000000711c00000| PB 0x0000000711c00000| Untracked |  0
|   18|0x0000000711e00000, 0x0000000711e00000, 0x0000000712000000|  0%| F|  |TAMS 0x0000000711e00000| PB 0x0000000711e00000| Untracked |  0
|   19|0x0000000712000000, 0x0000000712000000, 0x0000000712200000|  0%| F|  |TAMS 0x0000000712000000| PB 0x0000000712000000| Untracked |  0
|   20|0x0000000712200000, 0x0000000712200000, 0x0000000712400000|  0%| F|  |TAMS 0x0000000712200000| PB 0x0000000712200000| Untracked |  0
|   21|0x0000000712400000, 0x0000000712400000, 0x0000000712600000|  0%| F|  |TAMS 0x0000000712400000| PB 0x0000000712400000| Untracked |  0
|   22|0x0000000712600000, 0x0000000712600000, 0x0000000712800000|  0%| F|  |TAMS 0x0000000712600000| PB 0x0000000712600000| Untracked |  0
|   23|0x0000000712800000, 0x0000000712800000, 0x0000000712a00000|  0%| F|  |TAMS 0x0000000712800000| PB 0x0000000712800000| Untracked |  0
|   24|0x0000000712a00000, 0x0000000712a00000, 0x0000000712c00000|  0%| F|  |TAMS 0x0000000712a00000| PB 0x0000000712a00000| Untracked |  0
|   25|0x0000000712c00000, 0x0000000712c00000, 0x0000000712e00000|  0%| F|  |TAMS 0x0000000712c00000| PB 0x0000000712c00000| Untracked |  0
|   26|0x0000000712e00000, 0x0000000712e00000, 0x0000000713000000|  0%| F|  |TAMS 0x0000000712e00000| PB 0x0000000712e00000| Untracked |  0
|   27|0x0000000713000000, 0x0000000713000000, 0x0000000713200000|  0%| F|  |TAMS 0x0000000713000000| PB 0x0000000713000000| Untracked |  0
|   28|0x0000000713200000, 0x0000000713200000, 0x0000000713400000|  0%| F|  |TAMS 0x0000000713200000| PB 0x0000000713200000| Untracked |  0
|   29|0x0000000713400000, 0x0000000713400000, 0x0000000713600000|  0%| F|  |TAMS 0x0000000713400000| PB 0x0000000713400000| Untracked |  0
|   30|0x0000000713600000, 0x0000000713600000, 0x0000000713800000|  0%| F|  |TAMS 0x0000000713600000| PB 0x0000000713600000| Untracked |  0
|   31|0x0000000713800000, 0x0000000713800000, 0x0000000713a00000|  0%| F|  |TAMS 0x0000000713800000| PB 0x0000000713800000| Untracked |  0
|   32|0x0000000713a00000, 0x0000000713a04890, 0x0000000713c00000|  0%| O|  |TAMS 0x0000000713a00000| PB 0x0000000713a00000| Untracked |  0
|   33|0x0000000713c00000, 0x0000000713c00000, 0x0000000713e00000|  0%| F|  |TAMS 0x0000000713c00000| PB 0x0000000713c00000| Untracked |  0
|   34|0x0000000713e00000, 0x0000000713e00000, 0x0000000714000000|  0%| F|  |TAMS 0x0000000713e00000| PB 0x0000000713e00000| Untracked |  0
|   35|0x0000000714000000, 0x0000000714000000, 0x0000000714200000|  0%| F|  |TAMS 0x0000000714000000| PB 0x0000000714000000| Untracked |  0
|   36|0x0000000714200000, 0x0000000714200000, 0x0000000714400000|  0%| F|  |TAMS 0x0000000714200000| PB 0x0000000714200000| Untracked |  0
|   37|0x0000000714400000, 0x0000000714400000, 0x0000000714600000|  0%| F|  |TAMS 0x0000000714400000| PB 0x0000000714400000| Untracked |  0
|   38|0x0000000714600000, 0x0000000714600000, 0x0000000714800000|  0%| F|  |TAMS 0x0000000714600000| PB 0x0000000714600000| Untracked |  0
|   39|0x0000000714800000, 0x0000000714a00000, 0x0000000714a00000|100%| O|  |TAMS 0x0000000714800000| PB 0x0000000714800000| Untracked |  0
|   40|0x0000000714a00000, 0x0000000714c00000, 0x0000000714c00000|100%| O|  |TAMS 0x0000000714a00000| PB 0x0000000714a00000| Untracked |  0
|   41|0x0000000714c00000, 0x0000000714e00000, 0x0000000714e00000|100%| O|  |TAMS 0x0000000714c00000| PB 0x0000000714c00000| Untracked |  0
|   42|0x0000000714e00000, 0x0000000714f6b7f0, 0x0000000715000000| 70%| O|  |TAMS 0x0000000714e00000| PB 0x0000000714e00000| Untracked |  0
|   43|0x0000000715000000, 0x0000000715000000, 0x0000000715200000|  0%| F|  |TAMS 0x0000000715000000| PB 0x0000000715000000| Untracked |  0
|   44|0x0000000715200000, 0x0000000715200000, 0x0000000715400000|  0%| F|  |TAMS 0x0000000715200000| PB 0x0000000715200000| Untracked |  0
|   45|0x0000000715400000, 0x0000000715400000, 0x0000000715600000|  0%| F|  |TAMS 0x0000000715400000| PB 0x0000000715400000| Untracked |  0
|   46|0x0000000715600000, 0x0000000715600000, 0x0000000715800000|  0%| F|  |TAMS 0x0000000715600000| PB 0x0000000715600000| Untracked |  0
|   47|0x0000000715800000, 0x0000000715800000, 0x0000000715a00000|  0%| F|  |TAMS 0x0000000715800000| PB 0x0000000715800000| Untracked |  0
|   48|0x0000000715a00000, 0x0000000715a00000, 0x0000000715c00000|  0%| F|  |TAMS 0x0000000715a00000| PB 0x0000000715a00000| Untracked |  0
|   49|0x0000000715c00000, 0x0000000715c00000, 0x0000000715e00000|  0%| F|  |TAMS 0x0000000715c00000| PB 0x0000000715c00000| Untracked |  0
|   50|0x0000000715e00000, 0x0000000715e00000, 0x0000000716000000|  0%| F|  |TAMS 0x0000000715e00000| PB 0x0000000715e00000| Untracked |  0
|   51|0x0000000716000000, 0x0000000716000000, 0x0000000716200000|  0%| F|  |TAMS 0x0000000716000000| PB 0x0000000716000000| Untracked |  0
|   52|0x0000000716200000, 0x0000000716200000, 0x0000000716400000|  0%| F|  |TAMS 0x0000000716200000| PB 0x0000000716200000| Untracked |  0
|   53|0x0000000716400000, 0x0000000716400000, 0x0000000716600000|  0%| F|  |TAMS 0x0000000716400000| PB 0x0000000716400000| Untracked |  0
|   54|0x0000000716600000, 0x0000000716600000, 0x0000000716800000|  0%| F|  |TAMS 0x0000000716600000| PB 0x0000000716600000| Untracked |  0
|   55|0x0000000716800000, 0x0000000716800000, 0x0000000716a00000|  0%| F|  |TAMS 0x0000000716800000| PB 0x0000000716800000| Untracked |  0
|   56|0x0000000716a00000, 0x0000000716a00000, 0x0000000716c00000|  0%| F|  |TAMS 0x0000000716a00000| PB 0x0000000716a00000| Untracked |  0
|   57|0x0000000716c00000, 0x0000000716c00000, 0x0000000716e00000|  0%| F|  |TAMS 0x0000000716c00000| PB 0x0000000716c00000| Untracked |  0
|   58|0x0000000716e00000, 0x0000000716e00000, 0x0000000717000000|  0%| F|  |TAMS 0x0000000716e00000| PB 0x0000000716e00000| Untracked |  0
|   59|0x0000000717000000, 0x0000000717000000, 0x0000000717200000|  0%| F|  |TAMS 0x0000000717000000| PB 0x0000000717000000| Untracked |  0
|   60|0x0000000717200000, 0x0000000717200000, 0x0000000717400000|  0%| F|  |TAMS 0x0000000717200000| PB 0x0000000717200000| Untracked |  0
|   61|0x0000000717400000, 0x0000000717400000, 0x0000000717600000|  0%| F|  |TAMS 0x0000000717400000| PB 0x0000000717400000| Untracked |  0
|   62|0x0000000717600000, 0x0000000717600000, 0x0000000717800000|  0%| F|  |TAMS 0x0000000717600000| PB 0x0000000717600000| Untracked |  0
|   63|0x0000000717800000, 0x0000000717800000, 0x0000000717a00000|  0%| F|  |TAMS 0x0000000717800000| PB 0x0000000717800000| Untracked |  0
|   64|0x0000000717a00000, 0x0000000717a00000, 0x0000000717c00000|  0%| F|  |TAMS 0x0000000717a00000| PB 0x0000000717a00000| Untracked |  0
|   65|0x0000000717c00000, 0x0000000717c00000, 0x0000000717e00000|  0%| F|  |TAMS 0x0000000717c00000| PB 0x0000000717c00000| Untracked |  0
|   66|0x0000000717e00000, 0x0000000717e00000, 0x0000000718000000|  0%| F|  |TAMS 0x0000000717e00000| PB 0x0000000717e00000| Untracked |  0
|   67|0x0000000718000000, 0x0000000718000000, 0x0000000718200000|  0%| F|  |TAMS 0x0000000718000000| PB 0x0000000718000000| Untracked |  0
|   68|0x0000000718200000, 0x0000000718200000, 0x0000000718400000|  0%| F|  |TAMS 0x0000000718200000| PB 0x0000000718200000| Untracked |  0
|   69|0x0000000718400000, 0x0000000718400000, 0x0000000718600000|  0%| F|  |TAMS 0x0000000718400000| PB 0x0000000718400000| Untracked |  0
|   70|0x0000000718600000, 0x0000000718600000, 0x0000000718800000|  0%| F|  |TAMS 0x0000000718600000| PB 0x0000000718600000| Untracked |  0
|   71|0x0000000718800000, 0x0000000718800000, 0x0000000718a00000|  0%| F|  |TAMS 0x0000000718800000| PB 0x0000000718800000| Untracked |  0
|   72|0x0000000718a00000, 0x0000000718a00000, 0x0000000718c00000|  0%| F|  |TAMS 0x0000000718a00000| PB 0x0000000718a00000| Untracked |  0
|   73|0x0000000718c00000, 0x0000000718c00000, 0x0000000718e00000|  0%| F|  |TAMS 0x0000000718c00000| PB 0x0000000718c00000| Untracked |  0
|   74|0x0000000718e00000, 0x0000000718e00000, 0x0000000719000000|  0%| F|  |TAMS 0x0000000718e00000| PB 0x0000000718e00000| Untracked |  0
|   75|0x0000000719000000, 0x0000000719000000, 0x0000000719200000|  0%| F|  |TAMS 0x0000000719000000| PB 0x0000000719000000| Untracked |  0
|   76|0x0000000719200000, 0x0000000719200000, 0x0000000719400000|  0%| F|  |TAMS 0x0000000719200000| PB 0x0000000719200000| Untracked |  0
|   77|0x0000000719400000, 0x0000000719400000, 0x0000000719600000|  0%| F|  |TAMS 0x0000000719400000| PB 0x0000000719400000| Untracked |  0
|   78|0x0000000719600000, 0x000000071961fe38, 0x0000000719800000|  6%| S|CS|TAMS 0x0000000719600000| PB 0x0000000719600000| Complete  |  0
|   79|0x0000000719800000, 0x0000000719800000, 0x0000000719a00000|  0%| F|  |TAMS 0x0000000719800000| PB 0x0000000719800000| Untracked |  0
|   80|0x0000000719a00000, 0x0000000719a00000, 0x0000000719c00000|  0%| F|  |TAMS 0x0000000719a00000| PB 0x0000000719a00000| Untracked |  0
|   81|0x0000000719c00000, 0x0000000719c00000, 0x0000000719e00000|  0%| F|  |TAMS 0x0000000719c00000| PB 0x0000000719c00000| Untracked |  0
|   82|0x0000000719e00000, 0x0000000719e00000, 0x000000071a000000|  0%| F|  |TAMS 0x0000000719e00000| PB 0x0000000719e00000| Untracked |  0
|   83|0x000000071a000000, 0x000000071a000000, 0x000000071a200000|  0%| F|  |TAMS 0x000000071a000000| PB 0x000000071a000000| Untracked |  0
|   84|0x000000071a200000, 0x000000071a200000, 0x000000071a400000|  0%| F|  |TAMS 0x000000071a200000| PB 0x000000071a200000| Untracked |  0
|   85|0x000000071a400000, 0x000000071a400000, 0x000000071a600000|  0%| F|  |TAMS 0x000000071a400000| PB 0x000000071a400000| Untracked |  0
|   86|0x000000071a600000, 0x000000071a600000, 0x000000071a800000|  0%| F|  |TAMS 0x000000071a600000| PB 0x000000071a600000| Untracked |  0
|   87|0x000000071a800000, 0x000000071a800000, 0x000000071aa00000|  0%| F|  |TAMS 0x000000071a800000| PB 0x000000071a800000| Untracked |  0
|   88|0x000000071aa00000, 0x000000071aa00000, 0x000000071ac00000|  0%| F|  |TAMS 0x000000071aa00000| PB 0x000000071aa00000| Untracked |  0
|   89|0x000000071ac00000, 0x000000071ac02a00, 0x000000071ae00000|  0%| E|CS|TAMS 0x000000071ac00000| PB 0x000000071ac00000| Complete  |  0
|   90|0x000000071ae00000, 0x000000071b000000, 0x000000071b000000|100%| E|CS|TAMS 0x000000071ae00000| PB 0x000000071ae00000| Complete  |  0
|   91|0x000000071b000000, 0x000000071b0a4930, 0x000000071b200000| 32%| O|  |TAMS 0x000000071b000000| PB 0x000000071b000000| Untracked |  0
|   92|0x000000071b200000, 0x000000071b208910, 0x000000071b400000|  1%| O|  |TAMS 0x000000071b200000| PB 0x000000071b200000| Untracked |  0
|   93|0x000000071b400000, 0x000000071b600000, 0x000000071b600000|100%| E|CS|TAMS 0x000000071b400000| PB 0x000000071b400000| Complete  |  0
|   94|0x000000071b600000, 0x000000071b800000, 0x000000071b800000|100%| E|CS|TAMS 0x000000071b600000| PB 0x000000071b600000| Complete  |  0
|   95|0x000000071b800000, 0x000000071ba00000, 0x000000071ba00000|100%| E|CS|TAMS 0x000000071b800000| PB 0x000000071b800000| Complete  |  0
|   96|0x000000071ba00000, 0x000000071bc00000, 0x000000071bc00000|100%| E|CS|TAMS 0x000000071ba00000| PB 0x000000071ba00000| Complete  |  0
|   97|0x000000071bc00000, 0x000000071be00000, 0x000000071be00000|100%| E|CS|TAMS 0x000000071bc00000| PB 0x000000071bc00000| Complete  |  0
|   98|0x000000071be00000, 0x000000071c000000, 0x000000071c000000|100%| E|CS|TAMS 0x000000071be00000| PB 0x000000071be00000| Complete  |  0
|   99|0x000000071c000000, 0x000000071c200000, 0x000000071c200000|100%| E|CS|TAMS 0x000000071c000000| PB 0x000000071c000000| Complete  |  0
|  100|0x000000071c200000, 0x000000071c400000, 0x000000071c400000|100%| E|CS|TAMS 0x000000071c200000| PB 0x000000071c200000| Complete  |  0
|  101|0x000000071c400000, 0x000000071c600000, 0x000000071c600000|100%| E|CS|TAMS 0x000000071c400000| PB 0x000000071c400000| Complete  |  0
|  102|0x000000071c600000, 0x000000071c800000, 0x000000071c800000|100%| E|CS|TAMS 0x000000071c600000| PB 0x000000071c600000| Complete  |  0
|  103|0x000000071c800000, 0x000000071ca00000, 0x000000071ca00000|100%| E|CS|TAMS 0x000000071c800000| PB 0x000000071c800000| Complete  |  0
|  104|0x000000071ca00000, 0x000000071cc00000, 0x000000071cc00000|100%| E|CS|TAMS 0x000000071ca00000| PB 0x000000071ca00000| Complete  |  0
|  105|0x000000071cc00000, 0x000000071ce00000, 0x000000071ce00000|100%| E|CS|TAMS 0x000000071cc00000| PB 0x000000071cc00000| Complete  |  0
|  106|0x000000071ce00000, 0x000000071d000000, 0x000000071d000000|100%| E|CS|TAMS 0x000000071ce00000| PB 0x000000071ce00000| Complete  |  0
|  107|0x000000071d000000, 0x000000071d200000, 0x000000071d200000|100%| E|CS|TAMS 0x000000071d000000| PB 0x000000071d000000| Complete  |  0
|  108|0x000000071d200000, 0x000000071d400000, 0x000000071d400000|100%| E|CS|TAMS 0x000000071d200000| PB 0x000000071d200000| Complete  |  0
|  109|0x000000071d400000, 0x000000071d600000, 0x000000071d600000|100%| E|CS|TAMS 0x000000071d400000| PB 0x000000071d400000| Complete  |  0
|  110|0x000000071d600000, 0x000000071d800000, 0x000000071d800000|100%| E|CS|TAMS 0x000000071d600000| PB 0x000000071d600000| Complete  |  0
|  111|0x000000071d800000, 0x000000071da00000, 0x000000071da00000|100%| E|CS|TAMS 0x000000071d800000| PB 0x000000071d800000| Complete  |  0
|  112|0x000000071da00000, 0x000000071dc00000, 0x000000071dc00000|100%| E|CS|TAMS 0x000000071da00000| PB 0x000000071da00000| Complete  |  0
|  113|0x000000071dc00000, 0x000000071de00000, 0x000000071de00000|100%| E|CS|TAMS 0x000000071dc00000| PB 0x000000071dc00000| Complete  |  0
|  114|0x000000071de00000, 0x000000071e000000, 0x000000071e000000|100%| E|CS|TAMS 0x000000071de00000| PB 0x000000071de00000| Complete  |  0
|  115|0x000000071e000000, 0x000000071e200000, 0x000000071e200000|100%| E|CS|TAMS 0x000000071e000000| PB 0x000000071e000000| Complete  |  0
|  116|0x000000071e200000, 0x000000071e400000, 0x000000071e400000|100%| E|CS|TAMS 0x000000071e200000| PB 0x000000071e200000| Complete  |  0
|  117|0x000000071e400000, 0x000000071e600000, 0x000000071e600000|100%| E|CS|TAMS 0x000000071e400000| PB 0x000000071e400000| Complete  |  0
|  118|0x000000071e600000, 0x000000071e800000, 0x000000071e800000|100%| E|CS|TAMS 0x000000071e600000| PB 0x000000071e600000| Complete  |  0
|  119|0x000000071e800000, 0x000000071ea00000, 0x000000071ea00000|100%| E|CS|TAMS 0x000000071e800000| PB 0x000000071e800000| Complete  |  0
|  120|0x000000071ea00000, 0x000000071ec00000, 0x000000071ec00000|100%| E|CS|TAMS 0x000000071ea00000| PB 0x000000071ea00000| Complete  |  0
|  121|0x000000071ec00000, 0x000000071ee00000, 0x000000071ee00000|100%| E|CS|TAMS 0x000000071ec00000| PB 0x000000071ec00000| Complete  |  0
|  122|0x000000071ee00000, 0x000000071f000000, 0x000000071f000000|100%| E|CS|TAMS 0x000000071ee00000| PB 0x000000071ee00000| Complete  |  0
|  123|0x000000071f000000, 0x000000071f200000, 0x000000071f200000|100%| E|CS|TAMS 0x000000071f000000| PB 0x000000071f000000| Complete  |  0
|  124|0x000000071f200000, 0x000000071f400000, 0x000000071f400000|100%| E|CS|TAMS 0x000000071f200000| PB 0x000000071f200000| Complete  |  0
|  125|0x000000071f400000, 0x000000071f600000, 0x000000071f600000|100%| E|CS|TAMS 0x000000071f400000| PB 0x000000071f400000| Complete  |  0
|  126|0x000000071f600000, 0x000000071f800000, 0x000000071f800000|100%| E|CS|TAMS 0x000000071f600000| PB 0x000000071f600000| Complete  |  0
|  127|0x000000071f800000, 0x000000071fa00000, 0x000000071fa00000|100%| E|CS|TAMS 0x000000071f800000| PB 0x000000071f800000| Complete  |  0
|  128|0x000000071fa00000, 0x000000071fc00000, 0x000000071fc00000|100%| E|CS|TAMS 0x000000071fa00000| PB 0x000000071fa00000| Complete  |  0
|  129|0x000000071fc00000, 0x000000071fe00000, 0x000000071fe00000|100%| E|CS|TAMS 0x000000071fc00000| PB 0x000000071fc00000| Complete  |  0
|  130|0x000000071fe00000, 0x0000000720000000, 0x0000000720000000|100%| E|CS|TAMS 0x000000071fe00000| PB 0x000000071fe00000| Complete  |  0
|  131|0x0000000720000000, 0x0000000720200000, 0x0000000720200000|100%| E|CS|TAMS 0x0000000720000000| PB 0x0000000720000000| Complete  |  0
|  132|0x0000000720200000, 0x0000000720400000, 0x0000000720400000|100%| E|CS|TAMS 0x0000000720200000| PB 0x0000000720200000| Complete  |  0
|  133|0x0000000720400000, 0x0000000720600000, 0x0000000720600000|100%| E|CS|TAMS 0x0000000720400000| PB 0x0000000720400000| Complete  |  0
|  134|0x0000000720600000, 0x0000000720800000, 0x0000000720800000|100%| E|CS|TAMS 0x0000000720600000| PB 0x0000000720600000| Complete  |  0
|  135|0x0000000720800000, 0x0000000720a00000, 0x0000000720a00000|100%| E|CS|TAMS 0x0000000720800000| PB 0x0000000720800000| Complete  |  0
|  136|0x0000000720a00000, 0x0000000720c00000, 0x0000000720c00000|100%| E|CS|TAMS 0x0000000720a00000| PB 0x0000000720a00000| Complete  |  0
|  137|0x0000000720c00000, 0x0000000720e00000, 0x0000000720e00000|100%| E|CS|TAMS 0x0000000720c00000| PB 0x0000000720c00000| Complete  |  0
|  138|0x0000000720e00000, 0x0000000721000000, 0x0000000721000000|100%| E|CS|TAMS 0x0000000720e00000| PB 0x0000000720e00000| Complete  |  0
|  139|0x0000000721000000, 0x0000000721200000, 0x0000000721200000|100%| E|CS|TAMS 0x0000000721000000| PB 0x0000000721000000| Complete  |  0
|  140|0x0000000721200000, 0x0000000721400000, 0x0000000721400000|100%| E|CS|TAMS 0x0000000721200000| PB 0x0000000721200000| Complete  |  0
|  141|0x0000000721400000, 0x0000000721600000, 0x0000000721600000|100%| E|CS|TAMS 0x0000000721400000| PB 0x0000000721400000| Complete  |  0
|  142|0x0000000721600000, 0x0000000721800000, 0x0000000721800000|100%| E|CS|TAMS 0x0000000721600000| PB 0x0000000721600000| Complete  |  0
|  143|0x0000000721800000, 0x0000000721a00000, 0x0000000721a00000|100%| E|CS|TAMS 0x0000000721800000| PB 0x0000000721800000| Complete  |  0
|  144|0x0000000721a00000, 0x0000000721c00000, 0x0000000721c00000|100%| E|CS|TAMS 0x0000000721a00000| PB 0x0000000721a00000| Complete  |  0
|  145|0x0000000721c00000, 0x0000000721e00000, 0x0000000721e00000|100%| E|CS|TAMS 0x0000000721c00000| PB 0x0000000721c00000| Complete  |  0
|  146|0x0000000721e00000, 0x0000000722000000, 0x0000000722000000|100%| E|CS|TAMS 0x0000000721e00000| PB 0x0000000721e00000| Complete  |  0
|  147|0x0000000722000000, 0x0000000722200000, 0x0000000722200000|100%| E|CS|TAMS 0x0000000722000000| PB 0x0000000722000000| Complete  |  0
|  148|0x0000000722200000, 0x0000000722400000, 0x0000000722400000|100%| E|CS|TAMS 0x0000000722200000| PB 0x0000000722200000| Complete  |  0
|  149|0x0000000722400000, 0x0000000722600000, 0x0000000722600000|100%| E|CS|TAMS 0x0000000722400000| PB 0x0000000722400000| Complete  |  0
|  150|0x0000000722600000, 0x0000000722800000, 0x0000000722800000|100%| E|CS|TAMS 0x0000000722600000| PB 0x0000000722600000| Complete  |  0
|  151|0x0000000722800000, 0x0000000722a00000, 0x0000000722a00000|100%| E|CS|TAMS 0x0000000722800000| PB 0x0000000722800000| Complete  |  0
|  152|0x0000000722a00000, 0x0000000722c00000, 0x0000000722c00000|100%| E|CS|TAMS 0x0000000722a00000| PB 0x0000000722a00000| Complete  |  0
|  153|0x0000000722c00000, 0x0000000722e00000, 0x0000000722e00000|100%| E|CS|TAMS 0x0000000722c00000| PB 0x0000000722c00000| Complete  |  0
|  154|0x0000000722e00000, 0x0000000723000000, 0x0000000723000000|100%| E|CS|TAMS 0x0000000722e00000| PB 0x0000000722e00000| Complete  |  0
|  155|0x0000000723000000, 0x0000000723200000, 0x0000000723200000|100%| E|CS|TAMS 0x0000000723000000| PB 0x0000000723000000| Complete  |  0
|  156|0x0000000723200000, 0x0000000723400000, 0x0000000723400000|100%| E|CS|TAMS 0x0000000723200000| PB 0x0000000723200000| Complete  |  0
|  157|0x0000000723400000, 0x0000000723600000, 0x0000000723600000|100%| E|CS|TAMS 0x0000000723400000| PB 0x0000000723400000| Complete  |  0
|  158|0x0000000723600000, 0x0000000723800000, 0x0000000723800000|100%| E|CS|TAMS 0x0000000723600000| PB 0x0000000723600000| Complete  |  0
|  159|0x0000000723800000, 0x0000000723a00000, 0x0000000723a00000|100%| E|CS|TAMS 0x0000000723800000| PB 0x0000000723800000| Complete  |  0
|  160|0x0000000723a00000, 0x0000000723c00000, 0x0000000723c00000|100%| E|CS|TAMS 0x0000000723a00000| PB 0x0000000723a00000| Complete  |  0
|  161|0x0000000723c00000, 0x0000000723e00000, 0x0000000723e00000|100%| E|CS|TAMS 0x0000000723c00000| PB 0x0000000723c00000| Complete  |  0
|  162|0x0000000723e00000, 0x0000000724000000, 0x0000000724000000|100%| E|CS|TAMS 0x0000000723e00000| PB 0x0000000723e00000| Complete  |  0
|  163|0x0000000724000000, 0x0000000724200000, 0x0000000724200000|100%| E|CS|TAMS 0x0000000724000000| PB 0x0000000724000000| Complete  |  0
|  164|0x0000000724200000, 0x0000000724400000, 0x0000000724400000|100%| E|CS|TAMS 0x0000000724200000| PB 0x0000000724200000| Complete  |  0
|  165|0x0000000724400000, 0x0000000724600000, 0x0000000724600000|100%| E|CS|TAMS 0x0000000724400000| PB 0x0000000724400000| Complete  |  0
|  166|0x0000000724600000, 0x0000000724800000, 0x0000000724800000|100%| E|CS|TAMS 0x0000000724600000| PB 0x0000000724600000| Complete  |  0
|  167|0x0000000724800000, 0x0000000724a00000, 0x0000000724a00000|100%| E|CS|TAMS 0x0000000724800000| PB 0x0000000724800000| Complete  |  0
|  168|0x0000000724a00000, 0x0000000724c00000, 0x0000000724c00000|100%| E|CS|TAMS 0x0000000724a00000| PB 0x0000000724a00000| Complete  |  0
|  169|0x0000000724c00000, 0x0000000724e00000, 0x0000000724e00000|100%| E|CS|TAMS 0x0000000724c00000| PB 0x0000000724c00000| Complete  |  0
|  170|0x0000000724e00000, 0x0000000725000000, 0x0000000725000000|100%| E|CS|TAMS 0x0000000724e00000| PB 0x0000000724e00000| Complete  |  0
|  171|0x0000000725000000, 0x0000000725200000, 0x0000000725200000|100%| E|CS|TAMS 0x0000000725000000| PB 0x0000000725000000| Complete  |  0
|  172|0x0000000725200000, 0x0000000725400000, 0x0000000725400000|100%| E|CS|TAMS 0x0000000725200000| PB 0x0000000725200000| Complete  |  0
|  173|0x0000000725400000, 0x0000000725600000, 0x0000000725600000|100%| E|CS|TAMS 0x0000000725400000| PB 0x0000000725400000| Complete  |  0
|  174|0x0000000725600000, 0x0000000725800000, 0x0000000725800000|100%| E|CS|TAMS 0x0000000725600000| PB 0x0000000725600000| Complete  |  0
|  175|0x0000000725800000, 0x0000000725a00000, 0x0000000725a00000|100%| E|CS|TAMS 0x0000000725800000| PB 0x0000000725800000| Complete  |  0
|  176|0x0000000725a00000, 0x0000000725c00000, 0x0000000725c00000|100%| E|CS|TAMS 0x0000000725a00000| PB 0x0000000725a00000| Complete  |  0
|  177|0x0000000725c00000, 0x0000000725e00000, 0x0000000725e00000|100%| E|CS|TAMS 0x0000000725c00000| PB 0x0000000725c00000| Complete  |  0
|  178|0x0000000725e00000, 0x0000000726000000, 0x0000000726000000|100%| E|CS|TAMS 0x0000000725e00000| PB 0x0000000725e00000| Complete  |  0
|  179|0x0000000726000000, 0x0000000726200000, 0x0000000726200000|100%| E|CS|TAMS 0x0000000726000000| PB 0x0000000726000000| Complete  |  0
|  180|0x0000000726200000, 0x0000000726400000, 0x0000000726400000|100%| E|CS|TAMS 0x0000000726200000| PB 0x0000000726200000| Complete  |  0
|  181|0x0000000726400000, 0x0000000726600000, 0x0000000726600000|100%| E|CS|TAMS 0x0000000726400000| PB 0x0000000726400000| Complete  |  0
|  182|0x0000000726600000, 0x0000000726800000, 0x0000000726800000|100%| E|CS|TAMS 0x0000000726600000| PB 0x0000000726600000| Complete  |  0
|  183|0x0000000726800000, 0x0000000726a00000, 0x0000000726a00000|100%| E|CS|TAMS 0x0000000726800000| PB 0x0000000726800000| Complete  |  0
|  184|0x0000000726a00000, 0x0000000726c00000, 0x0000000726c00000|100%| E|CS|TAMS 0x0000000726a00000| PB 0x0000000726a00000| Complete  |  0
|  185|0x0000000726c00000, 0x0000000726e00000, 0x0000000726e00000|100%| E|CS|TAMS 0x0000000726c00000| PB 0x0000000726c00000| Complete  |  0
|  186|0x0000000726e00000, 0x0000000727000000, 0x0000000727000000|100%| E|CS|TAMS 0x0000000726e00000| PB 0x0000000726e00000| Complete  |  0
|  187|0x0000000727000000, 0x0000000727200000, 0x0000000727200000|100%| E|CS|TAMS 0x0000000727000000| PB 0x0000000727000000| Complete  |  0
|  188|0x0000000727200000, 0x0000000727400000, 0x0000000727400000|100%| E|CS|TAMS 0x0000000727200000| PB 0x0000000727200000| Complete  |  0
|  189|0x0000000727400000, 0x0000000727600000, 0x0000000727600000|100%| E|CS|TAMS 0x0000000727400000| PB 0x0000000727400000| Complete  |  0
|  190|0x0000000727600000, 0x0000000727800000, 0x0000000727800000|100%| E|CS|TAMS 0x0000000727600000| PB 0x0000000727600000| Complete  |  0
|  191|0x0000000727800000, 0x0000000727a00000, 0x0000000727a00000|100%| E|CS|TAMS 0x0000000727800000| PB 0x0000000727800000| Complete  |  0
|  192|0x0000000727a00000, 0x0000000727c00000, 0x0000000727c00000|100%| E|CS|TAMS 0x0000000727a00000| PB 0x0000000727a00000| Complete  |  0
|  193|0x0000000727c00000, 0x0000000727e00000, 0x0000000727e00000|100%| E|CS|TAMS 0x0000000727c00000| PB 0x0000000727c00000| Complete  |  0
|  194|0x0000000727e00000, 0x0000000728000000, 0x0000000728000000|100%| E|CS|TAMS 0x0000000727e00000| PB 0x0000000727e00000| Complete  |  0
|  195|0x0000000728000000, 0x0000000728200000, 0x0000000728200000|100%| E|CS|TAMS 0x0000000728000000| PB 0x0000000728000000| Complete  |  0
|  196|0x0000000728200000, 0x0000000728400000, 0x0000000728400000|100%| E|CS|TAMS 0x0000000728200000| PB 0x0000000728200000| Complete  |  0
|  197|0x0000000728400000, 0x0000000728600000, 0x0000000728600000|100%| E|CS|TAMS 0x0000000728400000| PB 0x0000000728400000| Complete  |  0
|  198|0x0000000728600000, 0x0000000728800000, 0x0000000728800000|100%| E|CS|TAMS 0x0000000728600000| PB 0x0000000728600000| Complete  |  0
|  199|0x0000000728800000, 0x0000000728a00000, 0x0000000728a00000|100%| E|CS|TAMS 0x0000000728800000| PB 0x0000000728800000| Complete  |  0
|  200|0x0000000728a00000, 0x0000000728c00000, 0x0000000728c00000|100%| E|CS|TAMS 0x0000000728a00000| PB 0x0000000728a00000| Complete  |  0
|  201|0x0000000728c00000, 0x0000000728e00000, 0x0000000728e00000|100%| E|CS|TAMS 0x0000000728c00000| PB 0x0000000728c00000| Complete  |  0
|  202|0x0000000728e00000, 0x0000000729000000, 0x0000000729000000|100%| E|CS|TAMS 0x0000000728e00000| PB 0x0000000728e00000| Complete  |  0
|  203|0x0000000729000000, 0x0000000729200000, 0x0000000729200000|100%| E|CS|TAMS 0x0000000729000000| PB 0x0000000729000000| Complete  |  0
|  204|0x0000000729200000, 0x0000000729400000, 0x0000000729400000|100%| E|CS|TAMS 0x0000000729200000| PB 0x0000000729200000| Complete  |  0
|  205|0x0000000729400000, 0x0000000729600000, 0x0000000729600000|100%| E|CS|TAMS 0x0000000729400000| PB 0x0000000729400000| Complete  |  0
|  206|0x0000000729600000, 0x0000000729800000, 0x0000000729800000|100%| E|CS|TAMS 0x0000000729600000| PB 0x0000000729600000| Complete  |  0
| 1918|0x00000007ff600000, 0x00000007ff6078f0, 0x00000007ff800000|  1%| O|  |TAMS 0x00000007ff600000| PB 0x00000007ff600000| Untracked |  0
| 1919|0x00000007ff800000, 0x00000007ffa00000, 0x00000007ffa00000|100%| O|  |TAMS 0x00000007ff800000| PB 0x00000007ff800000| Untracked |  0
| 1920|0x00000007ffa00000, 0x00000007ffc00000, 0x00000007ffc00000|100%| O|  |TAMS 0x00000007ffa00000| PB 0x00000007ffa00000| Untracked |  0
| 1921|0x00000007ffc00000, 0x00000007ffe00000, 0x00000007ffe00000|100%| O|  |TAMS 0x00000007ffc00000| PB 0x00000007ffc00000| Untracked |  0
| 1922|0x00000007ffe00000, 0x00000007ffe09120, 0x0000000800000000|  1%| O|  |TAMS 0x00000007ffe00000| PB 0x00000007ffe00000| Untracked |  0

Card table byte_map: [0x00007f4d7d761000,0x00007f4d7dee4000] _byte_map_base: 0x00007f4d79ee4000
Refinement table byte_map: [0x00007f4d7dee4000,0x00007f4d7e667000] _byte_map_base: 0x00007f4d7a667000

Marking Bits: (CMBitMap*) 0x00007f4d7806f1c0
 Bits: [0x00007f4d5c1e7000, 0x00007f4d5fdff000)

Polling page: 0x00007f4d818f4000

Metaspace:
Metaspace        used 88000K, committed 89600K, reserved 1179648K
 class space     used 9484K, committed 10176K, reserved 1048576K

Usage:
  Non-class:     76.68 MB used.
      Class:      9.26 MB used.
       Both:     85.94 MB used.

Virtual space:
  Non-class space:      128.00 MB reserved,      77.56 MB ( 61%) committed,  2 nodes.
      Class space:        1.00 GB reserved,       9.94 MB ( <1%) committed,  1 nodes.
             Both:        1.12 GB reserved,      87.50 MB (  8%) committed. 

Chunk freelists:
   Non-Class:  1.62 MB
       Class:  5.98 MB
        Both:  7.60 MB

MaxMetaspaceSize: unlimited
CompressedClassSpaceSize: 1.00 GB
Initial GC threshold: 21.00 MB
Current GC threshold: 98.75 MB
CDS: on
 - commit_granule_bytes: 65536.
 - commit_granule_words: 8192.
 - virtual_space_node_default_size: 8388608.
 - enlarge_chunks_in_place: 1.
UseCompressedClassPointers 1, UseCompactObjectHeaders 0
Narrow klass pointer bits 32, Max shift 3
Narrow klass base: 0x000000004a000000, Narrow klass shift: 0
Encoding Range: [0x000000004a000000 - 0x000000014a000000), (4294967296 bytes)
Klass Range:    [0x000000004a000000 - 0x000000008b000000), (1090519040 bytes)
Klass ID Range:  [8 - 1090519033) (1090519025)
Protection zone: [0x000000004a000000 - 0x000000004a001000), (4096 bytes)


Internal statistics:

num_allocs_failed_limit: 9.
num_arena_births: 2496.
num_arena_deaths: 0.
num_vsnodes_births: 3.
num_vsnodes_deaths: 0.
num_space_committed: 1398.
num_space_uncommitted: 0.
num_chunks_returned_to_freelist: 9.
num_chunks_taken_from_freelist: 5825.
num_chunk_merges: 9.
num_chunk_splits: 3905.
num_chunks_enlarged: 2735.
num_inconsistent_stats: 0.

CodeHeap 'non-profiled nmethods': size=119168Kb used=7129Kb max_used=7536Kb free=112038Kb
 bounds [0x00007f4d679a0000, 0x00007f4d68100000, 0x00007f4d6ee00000]
CodeHeap 'profiled nmethods': size=119168Kb used=23483Kb max_used=23483Kb free=95684Kb
 bounds [0x00007f4d5fdff000, 0x00007f4d614ef000, 0x00007f4d6725f000]
CodeHeap 'non-nmethods': size=7428Kb used=5156Kb max_used=6856Kb free=2271Kb
 bounds [0x00007f4d6725f000, 0x00007f4d679a0000, 0x00007f4d679a0000]
CodeCache: size=245764Kb, used=35768Kb, max_used=37875Kb, free=209993Kb
 total_blobs=17555, nmethods=14085, adapters=3351, full_count=0
Compilation: enabled, stopped_count=0, restarted_count=0

Compilation events (20 events):
Event: 155.555 Thread 0x00007f4d781118a0 nmethod 14447 0x00007f4d614e8308 code [0x00007f4d614e8400, 0x00007f4d614e91b0]
Event: 155.595 Thread 0x00007f4d781118a0 14448       3       java.util.concurrent.CountDownLatch$Sync::tryAcquireShared (13 bytes)
Event: 155.595 Thread 0x00007f4d781118a0 nmethod 14448 0x00007f4d614e9208 code [0x00007f4d614e9300, 0x00007f4d614e94f0]
Event: 155.613 Thread 0x00007f4d781118a0 14449       3       sun.nio.ch.IOUtil::read (12 bytes)
Event: 155.614 Thread 0x00007f4d781118a0 nmethod 14449 0x00007f4d614e9508 code [0x00007f4d614e9600, 0x00007f4d614e9720]
Event: 155.616 Thread 0x00007f4d781118a0 14450       3       io.ktor.util.StringValuesImpl::get (27 bytes)
Event: 155.616 Thread 0x00007f4d781118a0 nmethod 14450 0x00007f4d614e9808 code [0x00007f4d614e9900, 0x00007f4d614ea910]
Event: 155.616 Thread 0x00007f4d781118a0 14452   !   3       sun.nio.fs.UnixPath::initOffsets (189 bytes)
Event: 155.617 Thread 0x00007f4d781118a0 nmethod 14452 0x00007f4d614ea988 code [0x00007f4d614eaa80, 0x00007f4d614eb360]
Event: 155.617 Thread 0x00007f4d781118a0 14451       3       io.ktor.util.pipeline.DebugPipelineContext::setSubject (12 bytes)
Event: 155.617 Thread 0x00007f4d781118a0 nmethod 14451 0x00007f4d614eb388 code [0x00007f4d614eb480, 0x00007f4d614ebab8]
Event: 156.018 Thread 0x00007f4d781118a0 14453       3       java.lang.invoke.MethodHandleNatives::getCharType (8 bytes)
Event: 156.018 Thread 0x00007f4d781118a0 nmethod 14453 0x00007f4d614ebb08 code [0x00007f4d614ebc00, 0x00007f4d614ebda8]
Event: 156.025 Thread 0x00007f4d781118a0 14455   !   3       java.util.logging.LogManager::ensureLogManagerInitialized (237 bytes)
Event: 156.026 Thread 0x00007f4d781118a0 nmethod 14455 0x00007f4d614ebe08 code [0x00007f4d614ebf00, 0x00007f4d614eda20]
Event: 156.026 Thread 0x00007f4d781118a0 14456       1       java.util.concurrent.CopyOnWriteArrayList::setArray (6 bytes)
Event: 156.026 Thread 0x00007f4d781118a0 nmethod 14456 0x00007f4d680d3808 code [0x00007f4d680d3900, 0x00007f4d680d3a08]
Event: 156.027 Thread 0x00007f4d781118a0 14457       3       sun.net.util.IPAddressUtil::digit (18 bytes)
Event: 156.027 Thread 0x00007f4d781118a0 nmethod 14457 0x00007f4d614eda88 code [0x00007f4d614edb80, 0x00007f4d614edc90]
Event: 156.027 Thread 0x00007f4d7810fed0 14458       4       java.util.TreeMap::put (221 bytes)

GC Heap Usage History (20 events):
Event: 137.097 {heap Before GC invocations=91 (full 0):
 garbage-first heap   total reserved 3938304K, committed 462848K, used 318965K [0x000000070fa00000, 0x0000000800000000)
  region size 2M, 134 eden (268M), 1 survivor (2M), 28 old (56M), 1 humongous (2M), 62 free (124M)
}
Event: 137.098 {heap After GC invocations=92 (full 0):
 garbage-first heap   total reserved 3938304K, committed 462848K, used 44545K [0x000000070fa00000, 0x0000000800000000)
  region size 2M, 0 eden (0M), 1 survivor (2M), 28 old (56M), 1 humongous (2M), 196 free (392M)
}
Event: 138.927 {heap Before GC invocations=92 (full 0):
 garbage-first heap   total reserved 3938304K, committed 462848K, used 318977K [0x000000070fa00000, 0x0000000800000000)
  region size 2M, 134 eden (268M), 1 survivor (2M), 28 old (56M), 1 humongous (2M), 62 free (124M)
}
Event: 138.929 {heap After GC invocations=93 (full 0):
 garbage-first heap   total reserved 3938304K, committed 462848K, used 44543K [0x000000070fa00000, 0x0000000800000000)
  region size 2M, 0 eden (0M), 1 survivor (2M), 28 old (56M), 1 humongous (2M), 196 free (392M)
}
Event: 141.266 {heap Before GC invocations=93 (full 0):
 garbage-first heap   total reserved 3938304K, committed 462848K, used 318975K [0x000000070fa00000, 0x0000000800000000)
  region size 2M, 134 eden (268M), 1 survivor (2M), 28 old (56M), 1 humongous (2M), 62 free (124M)
}
Event: 141.267 {heap After GC invocations=94 (full 0):
 garbage-first heap   total reserved 3938304K, committed 462848K, used 44535K [0x000000070fa00000, 0x0000000800000000)
  region size 2M, 0 eden (0M), 1 survivor (2M), 28 old (56M), 1 humongous (2M), 196 free (392M)
}
Event: 143.121 {heap Before GC invocations=94 (full 0):
 garbage-first heap   total reserved 3938304K, committed 462848K, used 318967K [0x000000070fa00000, 0x0000000800000000)
  region size 2M, 134 eden (268M), 1 survivor (2M), 28 old (56M), 1 humongous (2M), 62 free (124M)
}
Event: 143.122 {heap After GC invocations=95 (full 0):
 garbage-first heap   total reserved 3938304K, committed 434176K, used 44546K [0x000000070fa00000, 0x0000000800000000)
  region size 2M, 0 eden (0M), 1 survivor (2M), 28 old (56M), 1 humongous (2M), 182 free (364M)
}
Event: 144.900 {heap Before GC invocations=95 (full 0):
 garbage-first heap   total reserved 3938304K, committed 434176K, used 302594K [0x000000070fa00000, 0x0000000800000000)
  region size 2M, 126 eden (252M), 1 survivor (2M), 28 old (56M), 1 humongous (2M), 56 free (112M)
}
Event: 144.901 {heap After GC invocations=96 (full 0):
 garbage-first heap   total reserved 3938304K, committed 434176K, used 44572K [0x000000070fa00000, 0x0000000800000000)
  region size 2M, 0 eden (0M), 1 survivor (2M), 28 old (56M), 1 humongous (2M), 182 free (364M)
}
Event: 146.740 {heap Before GC invocations=96 (full 0):
 garbage-first heap   total reserved 3938304K, committed 434176K, used 302620K [0x000000070fa00000, 0x0000000800000000)
  region size 2M, 126 eden (252M), 1 survivor (2M), 28 old (56M), 1 humongous (2M), 56 free (112M)
}
Event: 146.741 {heap After GC invocations=97 (full 0):
 garbage-first heap   total reserved 3938304K, committed 434176K, used 44574K [0x000000070fa00000, 0x0000000800000000)
  region size 2M, 0 eden (0M), 1 survivor (2M), 28 old (56M), 1 humongous (2M), 182 free (364M)
}
Event: 148.530 {heap Before GC invocations=97 (full 0):
 garbage-first heap   total reserved 3938304K, committed 434176K, used 302622K [0x000000070fa00000, 0x0000000800000000)
  region size 2M, 126 eden (252M), 1 survivor (2M), 28 old (56M), 1 humongous (2M), 56 free (112M)
}
Event: 148.531 {heap After GC invocations=98 (full 0):
 garbage-first heap   total reserved 3938304K, committed 434176K, used 44581K [0x000000070fa00000, 0x0000000800000000)
  region size 2M, 0 eden (0M), 1 survivor (2M), 29 old (58M), 1 humongous (2M), 181 free (362M)
}
Event: 150.367 {heap Before GC invocations=98 (full 0):
 garbage-first heap   total reserved 3938304K, committed 434176K, used 302629K [0x000000070fa00000, 0x0000000800000000)
  region size 2M, 126 eden (252M), 1 survivor (2M), 29 old (58M), 1 humongous (2M), 55 free (110M)
}
Event: 150.368 {heap After GC invocations=99 (full 0):
 garbage-first heap   total reserved 3938304K, committed 434176K, used 44577K [0x000000070fa00000, 0x0000000800000000)
  region size 2M, 0 eden (0M), 1 survivor (2M), 29 old (58M), 1 humongous (2M), 181 free (362M)
}
Event: 152.133 {heap Before GC invocations=99 (full 0):
 garbage-first heap   total reserved 3938304K, committed 434176K, used 302625K [0x000000070fa00000, 0x0000000800000000)
  region size 2M, 126 eden (252M), 1 survivor (2M), 29 old (58M), 1 humongous (2M), 55 free (110M)
}
Event: 152.134 {heap After GC invocations=100 (full 0):
 garbage-first heap   total reserved 3938304K, committed 434176K, used 44579K [0x000000070fa00000, 0x0000000800000000)
  region size 2M, 0 eden (0M), 1 survivor (2M), 29 old (58M), 1 humongous (2M), 181 free (362M)
}
Event: 153.689 {heap Before GC invocations=100 (full 0):
 garbage-first heap   total reserved 3938304K, committed 434176K, used 302627K [0x000000070fa00000, 0x0000000800000000)
  region size 2M, 126 eden (252M), 1 survivor (2M), 29 old (58M), 1 humongous (2M), 55 free (110M)
}
Event: 153.690 {heap After GC invocations=101 (full 0):
 garbage-first heap   total reserved 3938304K, committed 434176K, used 44590K [0x000000070fa00000, 0x0000000800000000)
  region size 2M, 0 eden (0M), 1 survivor (2M), 29 old (58M), 1 humongous (2M), 181 free (362M)
}

Metaspace Usage History (20 events):
Event: 137.097 {metaspace Before GC invocations=91 (full 0):
 Metaspace       used 87025K, committed 88640K, reserved 1179648K
  class space    used 9369K, committed 10048K, reserved 1048576K
}
Event: 137.098 {metaspace After GC invocations=92 (full 0):
 Metaspace       used 87025K, committed 88640K, reserved 1179648K
  class space    used 9369K, committed 10048K, reserved 1048576K
}
Event: 138.927 {metaspace Before GC invocations=92 (full 0):
 Metaspace       used 87065K, committed 88704K, reserved 1179648K
  class space    used 9369K, committed 10048K, reserved 1048576K
}
Event: 138.929 {metaspace After GC invocations=93 (full 0):
 Metaspace       used 87065K, committed 88704K, reserved 1179648K
  class space    used 9369K, committed 10048K, reserved 1048576K
}
Event: 141.266 {metaspace Before GC invocations=93 (full 0):
 Metaspace       used 87065K, committed 88704K, reserved 1179648K
  class space    used 9369K, committed 10048K, reserved 1048576K
}
Event: 141.267 {metaspace After GC invocations=94 (full 0):
 Metaspace       used 87065K, committed 88704K, reserved 1179648K
  class space    used 9369K, committed 10048K, reserved 1048576K
}
Event: 143.121 {metaspace Before GC invocations=94 (full 0):
 Metaspace       used 87067K, committed 88704K, reserved 1179648K
  class space    used 9369K, committed 10048K, reserved 1048576K
}
Event: 143.122 {metaspace After GC invocations=95 (full 0):
 Metaspace       used 87067K, committed 88704K, reserved 1179648K
  class space    used 9369K, committed 10048K, reserved 1048576K
}
Event: 144.900 {metaspace Before GC invocations=95 (full 0):
 Metaspace       used 87068K, committed 88704K, reserved 1179648K
  class space    used 9369K, committed 10048K, reserved 1048576K
}
Event: 144.901 {metaspace After GC invocations=96 (full 0):
 Metaspace       used 87068K, committed 88704K, reserved 1179648K
  class space    used 9369K, committed 10048K, reserved 1048576K
}
Event: 146.740 {metaspace Before GC invocations=96 (full 0):
 Metaspace       used 87069K, committed 88704K, reserved 1179648K
  class space    used 9369K, committed 10048K, reserved 1048576K
}
Event: 146.741 {metaspace After GC invocations=97 (full 0):
 Metaspace       used 87069K, committed 88704K, reserved 1179648K
  class space    used 9369K, committed 10048K, reserved 1048576K
}
Event: 148.530 {metaspace Before GC invocations=97 (full 0):
 Metaspace       used 87069K, committed 88704K, reserved 1179648K
  class space    used 9369K, committed 10048K, reserved 1048576K
}
Event: 148.531 {metaspace After GC invocations=98 (full 0):
 Metaspace       used 87069K, committed 88704K, reserved 1179648K
  class space    used 9369K, committed 10048K, reserved 1048576K
}
Event: 150.367 {metaspace Before GC invocations=98 (full 0):
 Metaspace       used 87071K, committed 88704K, reserved 1179648K
  class space    used 9369K, committed 10048K, reserved 1048576K
}
Event: 150.368 {metaspace After GC invocations=99 (full 0):
 Metaspace       used 87071K, committed 88704K, reserved 1179648K
  class space    used 9369K, committed 10048K, reserved 1048576K
}
Event: 152.133 {metaspace Before GC invocations=99 (full 0):
 Metaspace       used 87089K, committed 88704K, reserved 1179648K
  class space    used 9369K, committed 10048K, reserved 1048576K
}
Event: 152.134 {metaspace After GC invocations=100 (full 0):
 Metaspace       used 87089K, committed 88704K, reserved 1179648K
  class space    used 9369K, committed 10048K, reserved 1048576K
}
Event: 153.689 {metaspace Before GC invocations=100 (full 0):
 Metaspace       used 87089K, committed 88704K, reserved 1179648K
  class space    used 9369K, committed 10048K, reserved 1048576K
}
Event: 153.690 {metaspace After GC invocations=101 (full 0):
 Metaspace       used 87089K, committed 88704K, reserved 1179648K
  class space    used 9369K, committed 10048K, reserved 1048576K
}

Dll operation events (20 events):
Event: 1.049 Attempting to load shared library /home/annihilator/dev/mpv/build/libmpv.so.2.5.0
Event: 1.122 Loaded shared library /home/annihilator/dev/mpv/build/libmpv.so.2.5.0
Event: 1.125 Attempting to load shared library /usr/lib/jvm/java-26-openjdk/lib/libsyslookup.so
Event: 1.125 Loaded shared library /usr/lib/jvm/java-26-openjdk/lib/libsyslookup.so
Event: 2.790 Attempting to load shared library libglib-2.0.so.0
Event: 2.790 Loaded shared library libglib-2.0.so.0
Event: 2.800 Attempting to load shared library libwpe-1.0.so.1
Event: 2.801 Loaded shared library libwpe-1.0.so.1
Event: 2.801 Attempting to load shared library libWPEBackend-fdo-1.0.so.1
Event: 2.803 Loaded shared library libWPEBackend-fdo-1.0.so.1
Event: 2.827 Attempting to load shared library libWPEWebKit-2.0.so.1
Event: 2.853 Loaded shared library libWPEWebKit-2.0.so.1
Event: 2.853 Attempting to load shared library libgobject-2.0.so.0
Event: 2.853 Loaded shared library libgobject-2.0.so.0
Event: 3.662 Attempting to load shared library /usr/lib/jvm/java-26-openjdk/lib/libextnet.so
Event: 3.662 Loaded shared library /usr/lib/jvm/java-26-openjdk/lib/libextnet.so
Event: 4.276 Attempting to load shared library /usr/lib/jvm/java-26-openjdk/lib/libprefs.so
Event: 4.277 Loaded shared library /usr/lib/jvm/java-26-openjdk/lib/libprefs.so
Event: 23.336 Attempting to load shared library libwayland-server.so.0
Event: 23.336 Loaded shared library libwayland-server.so.0

Deoptimization events (20 events):
Event: 155.346 Thread 0x00007f4d4c0c8520 Uncommon trap: trap_request=0xffffff6e fr.pc=0x00007f4d67d51a00 relative=0x0000000000000080
Event: 155.346 Thread 0x00007f4d4c0c8520 Uncommon trap: reason=predicate action=maybe_recompile pc=0x00007f4d67d51a00 method=java.util.TimSort.binarySort([Ljava/lang/Object;IIILjava/util/Comparator;)V @ 34 c2
Event: 155.346 Thread 0x00007f4d4c0c8520 DEOPT PACKING pc=0x00007f4d67d51a00 sp=0x00007f4cfcbfcf30
Event: 155.346 Thread 0x00007f4d4c0c8520 DEOPT UNPACKING pc=0x00007f4d67382c79 sp=0x00007f4cfcbfced0 mode 2
Event: 155.616 Thread 0x00007f4d20a634a0 Uncommon trap: trap_request=0xffffffc6 fr.pc=0x00007f4d67f26704 relative=0x0000000000000184
Event: 155.616 Thread 0x00007f4d20a634a0 Uncommon trap: reason=bimorphic_or_optimized_type_check action=maybe_recompile pc=0x00007f4d67f26704 method=kotlin.collections.CollectionsKt___CollectionsKt$asSequence$$inlined$Sequence$1.iterator()Ljava/util/Iterator; @ 6 c2
Event: 155.616 Thread 0x00007f4d20a634a0 DEOPT PACKING pc=0x00007f4d67f26704 sp=0x00007f4c6d4533c0
Event: 155.616 Thread 0x00007f4d20a634a0 DEOPT UNPACKING pc=0x00007f4d67382c79 sp=0x00007f4c6d453378 mode 2
Event: 155.775 Thread 0x00007f4d798a55a0 Uncommon trap: trap_request=0xffffff45 fr.pc=0x00007f4d67f59c74 relative=0x0000000000000074
Event: 155.775 Thread 0x00007f4d798a55a0 Uncommon trap: reason=unstable_if action=reinterpret pc=0x00007f4d67f59c74 method=jdk.internal.foreign.AbstractMemorySegmentImpl.equals(Ljava/lang/Object;)Z @ 32 c2
Event: 155.775 Thread 0x00007f4d798a55a0 DEOPT PACKING pc=0x00007f4d67f59c74 sp=0x00007f4c70df5750
Event: 155.775 Thread 0x00007f4d798a55a0 DEOPT UNPACKING pc=0x00007f4d67382c79 sp=0x00007f4c70df5708 mode 2
Event: 156.026 Thread 0x00007f4d79658470 Uncommon trap: trap_request=0xffffffde fr.pc=0x00007f4d67fe7040 relative=0x00000000000006c0
Event: 156.026 Thread 0x00007f4d79658470 Uncommon trap: reason=class_check action=maybe_recompile pc=0x00007f4d67fe7040 method=java.util.stream.FindOps$FindOp.evaluateSequential(Ljava/util/stream/PipelineHelper;Ljava/util/Spliterator;)Ljava/lang/Object; @ 14 c2
Event: 156.026 Thread 0x00007f4d79658470 DEOPT PACKING pc=0x00007f4d67fe7040 sp=0x00007f4d37e3bcc0
Event: 156.026 Thread 0x00007f4d79658470 DEOPT UNPACKING pc=0x00007f4d67382c79 sp=0x00007f4d37e3bc90 mode 2
Event: 156.026 Thread 0x00007f4d79658470 Uncommon trap: trap_request=0xffffffc6 fr.pc=0x00007f4d67fdc494 relative=0x0000000000000694
Event: 156.026 Thread 0x00007f4d79658470 Uncommon trap: reason=bimorphic_or_optimized_type_check action=maybe_recompile pc=0x00007f4d67fdc494 method=java.util.stream.ReferencePipeline.forEachWithCancel(Ljava/util/Spliterator;Ljava/util/stream/Sink;)Z @ 1 c2
Event: 156.026 Thread 0x00007f4d79658470 DEOPT PACKING pc=0x00007f4d67fdc494 sp=0x00007f4d37e3bc40
Event: 156.026 Thread 0x00007f4d79658470 DEOPT UNPACKING pc=0x00007f4d67382c79 sp=0x00007f4d37e3bac8 mode 2

Classes loaded (20 events):
Event: 155.312 Loading class java/lang/Throwable$WrappedPrintStream
Event: 155.312 Loading class java/lang/Throwable$PrintStreamOrWriter
Event: 155.312 Loading class java/lang/Throwable$PrintStreamOrWriter done
Event: 155.312 Loading class java/lang/Throwable$WrappedPrintStream done
Event: 155.340 Loading class java/util/function/LongBinaryOperator
Event: 155.340 Loading class java/util/function/LongBinaryOperator done
Event: 155.341 Loading class java/util/concurrent/CompletableFuture$UniHandle
Event: 155.341 Loading class java/util/concurrent/CompletableFuture$UniHandle done
Event: 155.342 Loading class java/util/concurrent/CompletableFuture$UniRelay
Event: 155.342 Loading class java/util/concurrent/CompletableFuture$UniRelay done
Event: 155.342 Loading class java/util/concurrent/CompletableFuture$UniWhenComplete
Event: 155.343 Loading class java/util/concurrent/CompletableFuture$UniWhenComplete done
Event: 155.343 Loading class java/util/concurrent/CompletableFuture$Signaller
Event: 155.343 Loading class java/util/concurrent/CompletableFuture$Signaller done
Event: 156.025 Loading class sun/awt/X11/XSystemTrayPeer
Event: 156.026 Loading class java/awt/peer/SystemTrayPeer
Event: 156.026 Loading class java/awt/peer/SystemTrayPeer done
Event: 156.026 Loading class sun/awt/X11/XMSelectionListener
Event: 156.026 Loading class sun/awt/X11/XMSelectionListener done
Event: 156.026 Loading class sun/awt/X11/XSystemTrayPeer done

Classes unloaded (0 events):
No events

Classes redefined (0 events):
No events

Internal exceptions (20 events):
Event: 144.151 Thread 0x00007f4d794b6e10 Exception <a 'sun/nio/fs/UnixException'{0x000000071f72d108}> (0x000000071f72d108) 
thrown [/usr/src/debug/java-openjdk/jdk26u-jdk-26.0.2.1-1/src/hotspot/share/prims/jni.cpp, line 514]
Event: 144.665 Thread 0x00007f4d794b6e10 Exception <a 'java/io/IOException'{0x000000071a864578}> (0x000000071a864578) 
thrown [/usr/src/debug/java-openjdk/jdk26u-jdk-26.0.2.1-1/src/hotspot/share/prims/jni.cpp, line 514]
Event: 145.677 Thread 0x00007f4d794b6e10 Exception <a 'java/io/IOException'{0x0000000721682868}> (0x0000000721682868) 
thrown [/usr/src/debug/java-openjdk/jdk26u-jdk-26.0.2.1-1/src/hotspot/share/prims/jni.cpp, line 514]
Event: 146.678 Thread 0x00007f4d794b6e10 Exception <a 'java/io/IOException'{0x000000071a43c4c8}> (0x000000071a43c4c8) 
thrown [/usr/src/debug/java-openjdk/jdk26u-jdk-26.0.2.1-1/src/hotspot/share/prims/jni.cpp, line 514]
Event: 147.682 Thread 0x00007f4d794b6e10 Exception <a 'java/io/IOException'{0x0000000721258790}> (0x0000000721258790) 
thrown [/usr/src/debug/java-openjdk/jdk26u-jdk-26.0.2.1-1/src/hotspot/share/prims/jni.cpp, line 514]
Event: 148.686 Thread 0x00007f4d794b6e10 Exception <a 'java/io/IOException'{0x0000000727c78450}> (0x0000000727c78450) 
thrown [/usr/src/debug/java-openjdk/jdk26u-jdk-26.0.2.1-1/src/hotspot/share/prims/jni.cpp, line 514]
Event: 149.692 Thread 0x00007f4d794b6e10 Exception <a 'java/io/IOException'{0x000000071eaacd60}> (0x000000071eaacd60) 
thrown [/usr/src/debug/java-openjdk/jdk26u-jdk-26.0.2.1-1/src/hotspot/share/prims/jni.cpp, line 514]
Event: 150.693 Thread 0x00007f4d794b6e10 Exception <a 'java/io/IOException'{0x00000007254cb0c8}> (0x00000007254cb0c8) 
thrown [/usr/src/debug/java-openjdk/jdk26u-jdk-26.0.2.1-1/src/hotspot/share/prims/jni.cpp, line 514]
Event: 151.699 Thread 0x00007f4d794b6e10 Exception <a 'java/io/IOException'{0x000000071c2f5f30}> (0x000000071c2f5f30) 
thrown [/usr/src/debug/java-openjdk/jdk26u-jdk-26.0.2.1-1/src/hotspot/share/prims/jni.cpp, line 514]
Event: 152.706 Thread 0x00007f4d794b6e10 Exception <a 'java/io/IOException'{0x0000000722d2b230}> (0x0000000722d2b230) 
thrown [/usr/src/debug/java-openjdk/jdk26u-jdk-26.0.2.1-1/src/hotspot/share/prims/jni.cpp, line 514]
Event: 153.715 Thread 0x00007f4d794b6e10 Exception <a 'java/io/IOException'{0x0000000729745f48}> (0x0000000729745f48) 
thrown [/usr/src/debug/java-openjdk/jdk26u-jdk-26.0.2.1-1/src/hotspot/share/prims/jni.cpp, line 514]
Event: 154.726 Thread 0x00007f4d794b6e10 Exception <a 'java/io/IOException'{0x0000000720579738}> (0x0000000720579738) 
thrown [/usr/src/debug/java-openjdk/jdk26u-jdk-26.0.2.1-1/src/hotspot/share/prims/jni.cpp, line 514]
Event: 155.298 Thread 0x00007f4d794b6e10 Exception <a 'sun/nio/fs/UnixException'{0x000000071babdf38}> (0x000000071babdf38) 
thrown [/usr/src/debug/java-openjdk/jdk26u-jdk-26.0.2.1-1/src/hotspot/share/prims/jni.cpp, line 514]
Event: 155.324 Thread 0x00007f4d1c195a10 Exception <a 'java/lang/IncompatibleClassChangeError'{0x000000071b609d70}: Found class java.lang.Object, but interface was expected> (0x000000071b609d70) 
thrown [/usr/src/debug/java-openjdk/jdk26u-jdk-26.0.2.1-1/src/hotspot/share/interpreter/linkResolver.cpp, line 871]
Event: 155.342 Thread 0x00007f4d58cda4d0 Exception <a 'java/lang/NoSuchMethodError'{0x000000071b734718}: 'void java.lang.invoke.DirectMethodHandle$Holder.invokeStatic(java.lang.Object, java.lang.Object, int)'> (0x000000071b734718) 
thrown [/usr/src/debug/java-openjdk/jdk26u-jdk-26.0.2.1-1/src/hotspot/share/interpreter/linkResolver.cpp, line 803]
Event: 155.343 Thread 0x00007f4d58cda4d0 Exception <a 'java/net/ConnectException'{0x000000071b75ec98}> (0x000000071b75ec98) 
thrown [/usr/src/debug/java-openjdk/jdk26u-jdk-26.0.2.1-1/src/hotspot/share/prims/jni.cpp, line 514]
Event: 155.348 Thread 0x00007f4d58cda4d0 Exception <a 'java/net/ConnectException'{0x000000071b409798}> (0x000000071b409798) 
thrown [/usr/src/debug/java-openjdk/jdk26u-jdk-26.0.2.1-1/src/hotspot/share/prims/jni.cpp, line 514]
Event: 155.616 Thread 0x00007f4d20a634a0 Exception <a 'sun/nio/fs/UnixException'{0x000000071b495a20}> (0x000000071b495a20) 
thrown [/usr/src/debug/java-openjdk/jdk26u-jdk-26.0.2.1-1/src/hotspot/share/prims/jni.cpp, line 514]
Event: 156.027 Thread 0x00007f4d58cda4d0 Exception <a 'java/net/ConnectException'{0x000000071ac00510}> (0x000000071ac00510) 
thrown [/usr/src/debug/java-openjdk/jdk26u-jdk-26.0.2.1-1/src/hotspot/share/prims/jni.cpp, line 514]
Event: 156.028 Thread 0x00007f4d58cda4d0 Exception <a 'java/net/ConnectException'{0x000000071ac01930}> (0x000000071ac01930) 
thrown [/usr/src/debug/java-openjdk/jdk26u-jdk-26.0.2.1-1/src/hotspot/share/prims/jni.cpp, line 514]

VM Operations (20 events):
Event: 141.267 Executing safepoint VM operation: G1CollectForAllocation (G1 Evacuation Pause) done
Event: 143.120 Executing safepoint VM operation: G1CollectForAllocation (G1 Evacuation Pause)
Event: 143.122 Executing safepoint VM operation: G1CollectForAllocation (G1 Evacuation Pause) done
Event: 144.900 Executing safepoint VM operation: G1CollectForAllocation (G1 Evacuation Pause)
Event: 144.901 Executing safepoint VM operation: G1CollectForAllocation (G1 Evacuation Pause) done
Event: 146.740 Executing safepoint VM operation: G1CollectForAllocation (G1 Evacuation Pause)
Event: 146.741 Executing safepoint VM operation: G1CollectForAllocation (G1 Evacuation Pause) done
Event: 148.530 Executing safepoint VM operation: G1CollectForAllocation (G1 Evacuation Pause)
Event: 148.531 Executing safepoint VM operation: G1CollectForAllocation (G1 Evacuation Pause) done
Event: 150.367 Executing safepoint VM operation: G1CollectForAllocation (G1 Evacuation Pause)
Event: 150.368 Executing safepoint VM operation: G1CollectForAllocation (G1 Evacuation Pause) done
Event: 152.133 Executing safepoint VM operation: G1CollectForAllocation (G1 Evacuation Pause)
Event: 152.134 Executing safepoint VM operation: G1CollectForAllocation (G1 Evacuation Pause) done
Event: 153.689 Executing safepoint VM operation: G1CollectForAllocation (G1 Evacuation Pause)
Event: 153.690 Executing safepoint VM operation: G1CollectForAllocation (G1 Evacuation Pause) done
Event: 155.297 Executing non-safepoint VM operation: HandshakeAllThreads (Deoptimize)
Event: 155.297 Executing non-safepoint VM operation: HandshakeAllThreads (Deoptimize) done
Event: 156.018 Executing non-safepoint VM operation: HandshakeAllThreads (CloseScopedMemory)
Event: 156.018 Executing non-safepoint VM operation: HandshakeAllThreads (CloseScopedMemory) done
Event: 156.028 Executing safepoint VM operation: Exit

Memory protections (20 events):
Event: 34.315 Protecting memory [0x00007f4cd4f00000,0x00007f4cd4f04000] with protection modes 0
Event: 41.549 Protecting memory [0x00007f4d518fe000,0x00007f4d51902000] with protection modes 0
Event: 58.147 Protecting memory [0x00007f4d518fe000,0x00007f4d51902000] with protection modes 0
Event: 58.147 Protecting memory [0x00007f4ce9200000,0x00007f4ce9204000] with protection modes 0
Event: 58.147 Protecting memory [0x00007f4cd4f00000,0x00007f4cd4f04000] with protection modes 0
Event: 64.787 Protecting memory [0x00007f4ce9200000,0x00007f4ce9204000] with protection modes 0
Event: 64.838 Protecting memory [0x00007f4cd4f00000,0x00007f4cd4f04000] with protection modes 0
Event: 71.720 Protecting memory [0x00007f4c6d95b000,0x00007f4c6d95f000] with protection modes 0
Event: 74.520 Protecting memory [0x00007f4c6d95b000,0x00007f4c6d95f000] with protection modes 0
Event: 76.601 Protecting memory [0x00007f4c6d95b000,0x00007f4c6d95f000] with protection modes 0
Event: 84.135 Protecting memory [0x00007f4c70ef9000,0x00007f4c70efd000] with protection modes 0
Event: 136.335 Protecting memory [0x00007f4c70cf7000,0x00007f4c70cfb000] with protection modes 0
Event: 136.335 Protecting memory [0x00007f4c6fee9000,0x00007f4c6feed000] with protection modes 0
Event: 136.335 Protecting memory [0x00007f4c70ef9000,0x00007f4c70efd000] with protection modes 0
Event: 155.290 Protecting memory [0x00007f4c70cf7000,0x00007f4c70cfb000] with protection modes 0
Event: 155.344 Protecting memory [0x00007f4cfcb00000,0x00007f4cfcb04000] with protection modes 0
Event: 156.025 Protecting memory [0x00007f4c70cf7000,0x00007f4c70cfb000] with protection modes 0
Event: 156.025 Protecting memory [0x00007f4d37d3e000,0x00007f4d37d42000] with protection modes 0
Event: 156.025 Protecting memory [0x00007f4d37c3d000,0x00007f4d37c41000] with protection modes 0
Event: 156.025 Protecting memory [0x00007f4cfc9ff000,0x00007f4cfca03000] with protection modes 0

Nmethod flushes (20 events):
Event: 4.699 Thread 0x00007f4d780ff8b0 flushing  nmethod 0x00007f4d5feb4d88
Event: 4.699 Thread 0x00007f4d780ff8b0 flushing  nmethod 0x00007f4d5feb5088
Event: 4.699 Thread 0x00007f4d780ff8b0 flushing  nmethod 0x00007f4d5feb5788
Event: 4.699 Thread 0x00007f4d780ff8b0 flushing  nmethod 0x00007f4d5fed9708
Event: 4.699 Thread 0x00007f4d780ff8b0 flushing  nmethod 0x00007f4d5fed9a08
Event: 4.699 Thread 0x00007f4d780ff8b0 flushing  nmethod 0x00007f4d5feda708
Event: 4.699 Thread 0x00007f4d780ff8b0 flushing  nmethod 0x00007f4d5fedc988
Event: 4.699 Thread 0x00007f4d780ff8b0 flushing  nmethod 0x00007f4d5fedce08
Event: 4.699 Thread 0x00007f4d780ff8b0 flushing  nmethod 0x00007f4d5fedd288
Event: 4.699 Thread 0x00007f4d780ff8b0 flushing  nmethod 0x00007f4d5fedd608
Event: 4.699 Thread 0x00007f4d780ff8b0 flushing  nmethod 0x00007f4d5fedec08
Event: 4.699 Thread 0x00007f4d780ff8b0 flushing  nmethod 0x00007f4d5ff05588
Event: 4.699 Thread 0x00007f4d780ff8b0 flushing  nmethod 0x00007f4d5ff0b688
Event: 4.699 Thread 0x00007f4d780ff8b0 flushing  nmethod 0x00007f4d5ff0c008
Event: 4.699 Thread 0x00007f4d780ff8b0 flushing  nmethod 0x00007f4d5ff0c808
Event: 4.699 Thread 0x00007f4d780ff8b0 flushing  nmethod 0x00007f4d5ff3de88
Event: 4.699 Thread 0x00007f4d780ff8b0 flushing  nmethod 0x00007f4d5ff3ea08
Event: 4.699 Thread 0x00007f4d780ff8b0 flushing  nmethod 0x00007f4d5ff4df88
Event: 4.699 Thread 0x00007f4d780ff8b0 flushing  nmethod 0x00007f4d600e2908
Event: 4.699 Thread 0x00007f4d780ff8b0 flushing  nmethod 0x00007f4d601c3a08

Events (20 events):
Event: 139.954 Thread 0x0000564caa5252c0 Thread exited: 0x0000564caa5252c0
Event: 140.560 Thread 0x0000564ca9f7b420 Thread exited: 0x0000564ca9f7b420
Event: 140.724 Thread 0x0000564ca9f7a5d0 Thread exited: 0x0000564ca9f7a5d0
Event: 155.290 Thread 0x00007f4d78020000 Thread added: 0x00007f4d798a55a0
Event: 155.312 Thread 0x00007f4d796d7970 Thread exited: 0x00007f4d796d7970
Event: 155.344 Thread 0x00007f4d58cda4d0 Thread added: 0x00007f4d4c0c8520
Event: 155.512 Thread 0x00007f4d7a259c40 Thread exited: 0x00007f4d7a259c40
Event: 155.775 Thread 0x00007f4d795daf90 Thread exited: 0x00007f4d795daf90
Event: 156.019 Thread 0x00007f4d798a55a0 Thread exited: 0x00007f4d798a55a0
Event: 156.025 Thread 0x00007f4d78020000 Thread added: 0x00007f4d78864470
Event: 156.025 Thread 0x00007f4d78020000 Thread added: 0x00007f4d79658470
Event: 156.025 Thread 0x00007f4d78020000 Thread added: 0x00007f4d7886aa30
Event: 156.025 Thread 0x00007f4d78020000 Thread added: 0x00007f4d79249a70
Event: 156.026 Thread 0x00007f4d7886aa30 Thread exited: 0x00007f4d7886aa30
Event: 156.027 Thread 0x0000564ca988c790 Thread exited: 0x0000564ca988c790
Event: 156.027 Thread 0x00007f4d79249a70 Thread exited: 0x00007f4d79249a70
Event: 156.027 Thread 0x00007f4d78864470 Thread exited: 0x00007f4d78864470
Event: 156.028 Thread 0x00007f4d79658470 Thread exited: 0x00007f4d79658470
Event: 156.028 Thread 0x00007f4d78020000 Before exit entered
Event: 156.028 Thread 0x00007f4d78020000 JVMTI - enter dead phase


Dynamic libraries:
40c70000-40d1c000 rw-p 00000000 00:00 0 
41308000-4130a000 r-xs 00000000 00:01 727421                             /memfd:/.glXXXXXX (deleted)
4a000000-4a001000 ---p 00000000 00:00 0 
4a001000-4ada7000 rw-p 00001000 103:02 7880813                           /usr/lib/jvm/java-26-openjdk/lib/server/classes.jsa
4ada7000-4b000000 ---p 00000000 00:00 0 
4b000000-4b040000 rw-p 00000000 00:00 0 
4b040000-4b0c0000 rw-p 00000000 00:00 0 
4b0c0000-4b100000 rw-p 00000000 00:00 0 
4b100000-4b380000 rw-p 00000000 00:00 0 
4b380000-4b400000 rw-p 00000000 00:00 0 
4b400000-4b460000 rw-p 00000000 00:00 0 
4b460000-4b480000 rw-p 00000000 00:00 0 
4b480000-4b4c0000 rw-p 00000000 00:00 0 
4b4c0000-4b500000 rw-p 00000000 00:00 0 
4b500000-4b5c0000 rw-p 00000000 00:00 0 
4b5c0000-4b600000 rw-p 00000000 00:00 0 
4b600000-4b8c0000 rw-p 00000000 00:00 0 
4b8c0000-4b8e0000 rw-p 00000000 00:00 0 
4b8e0000-4b900000 ---p 00000000 00:00 0 
4b900000-4ba10000 rw-p 00000000 00:00 0 
4ba10000-8b000000 ---p 00000000 00:00 0 
200000000-300200000 ---p 00000000 00:00 0 
70fa00000-729800000 rw-p 00000000 00:00 0 
729800000-7ff600000 ---p 00000000 00:00 0 
7ff600000-800000000 rw-p 00000000 00:00 0 
564c72290000-564c72291000 r--p 00000000 103:02 7876111                   /usr/lib/jvm/java-26-openjdk/bin/java
564c72291000-564c72292000 r-xp 00001000 103:02 7876111                   /usr/lib/jvm/java-26-openjdk/bin/java
564c72292000-564c72293000 r--p 00002000 103:02 7876111                   /usr/lib/jvm/java-26-openjdk/bin/java
564c72293000-564c72294000 r--p 00002000 103:02 7876111                   /usr/lib/jvm/java-26-openjdk/bin/java
564c72294000-564c72295000 rw-p 00003000 103:02 7876111                   /usr/lib/jvm/java-26-openjdk/bin/java
564ca9195000-564cac4e3000 rw-p 00000000 00:00 0                          [heap]
7f3000000000-7f3fa322b000 rw-p 00000000 00:00 0 
7f3fa322b000-7f4000000000 ---p 00000000 00:00 0 
7f4a00000000-7f4a03fe0000 rw-p 00000000 00:00 0 
7f4a03fe0000-7f4a04000000 ---p 00000000 00:00 0 
7f4a08000000-7f4a0bff4000 rw-p 00000000 00:00 0 
7f4a0bff4000-7f4a0c000000 ---p 00000000 00:00 0 
7f4a0c000000-7f4a0ffa1000 rw-p 00000000 00:00 0 
7f4a0ffa1000-7f4a10000000 ---p 00000000 00:00 0 
7f4a10000000-7f4a13fe9000 rw-p 00000000 00:00 0 
7f4a13fe9000-7f4a14000000 ---p 00000000 00:00 0 
7f4a18000000-7f4a1bff9000 rw-p 00000000 00:00 0 
7f4a1bff9000-7f4a1c000000 ---p 00000000 00:00 0 
7f4a20000000-7f4a23ff8000 rw-p 00000000 00:00 0 
7f4a23ff8000-7f4a24000000 ---p 00000000 00:00 0 
7f4a24000000-7f4a27869000 rw-p 00000000 00:00 0 
7f4a27869000-7f4a28000000 ---p 00000000 00:00 0 
7f4a2c000000-7f4a2f545000 rw-p 00000000 00:00 0 
7f4a2f545000-7f4a30000000 ---p 00000000 00:00 0 
7f4a34000000-7f4a37f6f000 rw-p 00000000 00:00 0 
7f4a37f6f000-7f4a38000000 ---p 00000000 00:00 0 
7f4a38000000-7f4a3bff8000 rw-p 00000000 00:00 0 
7f4a3bff8000-7f4a3c000000 ---p 00000000 00:00 0 
7f4a3c000000-7f4a3ffea000 rw-p 00000000 00:00 0 
7f4a3ffea000-7f4a40000000 ---p 00000000 00:00 0 
7f4a48000000-7f4a4c000000 rw-p 00000000 00:00 0 
7f4a50000000-7f4a53482000 rw-p 00000000 00:00 0 
7f4a53482000-7f4a54000000 ---p 00000000 00:00 0 
7f4a58000000-7f4a5b743000 rw-p 00000000 00:00 0 
7f4a5b743000-7f4a5c000000 ---p 00000000 00:00 0 
7f4a60000000-7f4a6397c000 rw-p 00000000 00:00 0 
7f4a6397c000-7f4a64000000 ---p 00000000 00:00 0 
7f4a68000000-7f4a6bdc4000 rw-p 00000000 00:00 0 
7f4a6bdc4000-7f4a6c000000 ---p 00000000 00:00 0 
7f4a70000000-7f4a73ffe000 rw-p 00000000 00:00 0 
7f4a73ffe000-7f4a74000000 ---p 00000000 00:00 0 
7f4a78000000-7f4a7b5e8000 rw-p 00000000 00:00 0 
7f4a7b5e8000-7f4a7c000000 ---p 00000000 00:00 0 
7f4a80000000-7f4a83b0f000 rw-p 00000000 00:00 0 
7f4a83b0f000-7f4a84000000 ---p 00000000 00:00 0 
7f4a88000000-7f4a8bfdf000 rw-p 00000000 00:00 0 
7f4a8bfdf000-7f4a8c000000 ---p 00000000 00:00 0 
7f4a90000000-7f4a93fff000 rw-p 00000000 00:00 0 
7f4a93fff000-7f4a94000000 ---p 00000000 00:00 0 
7f4a98000000-7f4a9bff5000 rw-p 00000000 00:00 0 
7f4a9bff5000-7f4a9c000000 ---p 00000000 00:00 0 
7f4aa0000000-7f4aa34c2000 rw-p 00000000 00:00 0 
7f4aa34c2000-7f4aa4000000 ---p 00000000 00:00 0 
7f4aa8000000-7f4aabff0000 rw-p 00000000 00:00 0 
7f4aabff0000-7f4aac000000 ---p 00000000 00:00 0 
7f4aac000000-7f4aaf5bb000 rw-p 00000000 00:00 0 
7f4aaf5bb000-7f4ab0000000 ---p 00000000 00:00 0 
7f4ab0000000-7f4ab3fc7000 rw-p 00000000 00:00 0 
7f4ab3fc7000-7f4ab4000000 ---p 00000000 00:00 0 
7f4ab8000000-7f4abc000000 rw-p 00000000 00:00 0 
7f4ac0000000-7f4ac3fe4000 rw-p 00000000 00:00 0 
7f4ac3fe4000-7f4ac4000000 ---p 00000000 00:00 0 
7f4ac4000000-7f4ac7ff9000 rw-p 00000000 00:00 0 
7f4ac7ff9000-7f4ac8000000 ---p 00000000 00:00 0 
7f4ac8000000-7f4acc000000 rw-p 00000000 00:00 0 
7f4ad0000000-7f4ad4000000 rw-p 00000000 00:00 0 
7f4ad8000000-7f4adbfb3000 rw-p 00000000 00:00 0 
7f4adbfb3000-7f4adc000000 ---p 00000000 00:00 0 
7f4ae0000000-7f4ae4000000 rw-p 00000000 00:00 0 
7f4ae8000000-7f4aebfff000 rw-p 00000000 00:00 0 
7f4aebfff000-7f4aec000000 ---p 00000000 00:00 0 
7f4aec000000-7f4aeffe3000 rw-p 00000000 00:00 0 
7f4aeffe3000-7f4af0000000 ---p 00000000 00:00 0 
7f4af4000000-7f4af7fd9000 rw-p 00000000 00:00 0 
7f4af7fd9000-7f4af8000000 ---p 00000000 00:00 0 
7f4af8000000-7f4afbf2c000 rw-p 00000000 00:00 0 
7f4afbf2c000-7f4afc000000 ---p 00000000 00:00 0 
7f4afc000000-7f4afffe9000 rw-p 00000000 00:00 0 
7f4afffe9000-7f4b00000000 ---p 00000000 00:00 0 
7f4b00000000-7f4c00000000 rw-p 00000000 00:00 0 
7f4c08000000-7f4c0bfe5000 rw-p 00000000 00:00 0 
7f4c0bfe5000-7f4c0c000000 ---p 00000000 00:00 0 
7f4c10000000-7f4c13fd5000 rw-p 00000000 00:00 0 
7f4c13fd5000-7f4c14000000 ---p 00000000 00:00 0 
7f4c18000000-7f4c1834b000 rw-p 00000000 00:00 0 
7f4c1834b000-7f4c1c000000 ---p 00000000 00:00 0 
7f4c48000000-7f4c4bf26000 rw-p 00000000 00:00 0 
7f4c4bf26000-7f4c4c000000 ---p 00000000 00:00 0 
7f4c50000000-7f4c54000000 rw-p 00000000 00:00 0 
7f4c54a00000-7f4c55810000 rw-s 00000000 00:01 718671                     /memfd:mesa-shared (deleted)
7f4c56a00000-7f4c56e00000 rw-s 00000000 00:07 1110                       /dev/nvidiactl
7f4c56e00000-7f4c57200000 rw-s 00000000 00:07 1110                       /dev/nvidiactl
7f4c617f4000-7f4c61bf4000 rw-s 00000000 00:07 1110                       /dev/nvidiactl
7f4c663fd000-7f4c673ff000 rw-p 00000000 00:00 0 
7f4c67c00000-7f4c6862e000 r--p 00000000 103:02 5649983                   /usr/share/fonts/noto/NotoColorEmoji.ttf
7f4c686fb000-7f4c68afb000 rw-s 00000000 00:07 1110                       /dev/nvidiactl
7f4c68afb000-7f4c68afc000 rw-p 00000000 00:00 0 
7f4c68afc000-7f4c68b00000 ---p 00000000 00:00 0 
7f4c68b00000-7f4c68bfd000 rw-p 00000000 00:00 0 
7f4c68bfd000-7f4c68c01000 ---p 00000000 00:00 0 
7f4c68c01000-7f4c68cfe000 rw-p 00000000 00:00 0 
7f4c68cfe000-7f4c68d02000 ---p 00000000 00:00 0 
7f4c68d02000-7f4c68dff000 rw-p 00000000 00:00 0 
7f4c68dff000-7f4c68e03000 ---p 00000000 00:00 0 
7f4c68e03000-7f4c68f00000 rw-p 00000000 00:00 0 
7f4c68f00000-7f4c68f04000 ---p 00000000 00:00 0 
7f4c68f04000-7f4c69000000 rw-p 00000000 00:00 0 
7f4c69000000-7f4c69500000 rw-p 00000000 00:00 0 
7f4c69500000-7f4c69600000 rw-p 00000000 00:00 0 
7f4c69600000-7f4c69d00000 rw-p 00000000 00:00 0 
7f4c69d00000-7f4c69d30000 rw-p 00000000 00:00 0 
7f4c69d30000-7f4c69e00000 ---p 00000000 00:00 0 
7f4c69e00000-7f4c69e60000 rw-p 00000000 00:00 0 
7f4c69e60000-7f4c6d000000 ---p 00000000 00:00 0 
7f4c6d051000-7f4c6d052000 rw-p 00000000 00:00 0 
7f4c6d052000-7f4c6d056000 ---p 00000000 00:00 0 
7f4c6d056000-7f4c6d153000 rw-p 00000000 00:00 0 
7f4c6d153000-7f4c6d157000 ---p 00000000 00:00 0 
7f4c6d157000-7f4c6d254000 rw-p 00000000 00:00 0 
7f4c6d254000-7f4c6d258000 ---p 00000000 00:00 0 
7f4c6d258000-7f4c6d355000 rw-p 00000000 00:00 0 
7f4c6d355000-7f4c6d359000 ---p 00000000 00:00 0 
7f4c6d359000-7f4c6d456000 rw-p 00000000 00:00 0 
7f4c6d456000-7f4c6d45a000 ---p 00000000 00:00 0 
7f4c6d45a000-7f4c6d557000 rw-p 00000000 00:00 0 
7f4c6d557000-7f4c6d55b000 ---p 00000000 00:00 0 
7f4c6d55b000-7f4c6d658000 rw-p 00000000 00:00 0 
7f4c6d658000-7f4c6d65c000 ---p 00000000 00:00 0 
7f4c6d65c000-7f4c6d759000 rw-p 00000000 00:00 0 
7f4c6d759000-7f4c6d75d000 ---p 00000000 00:00 0 
7f4c6d75d000-7f4c6d859000 rw-p 00000000 00:00 0 
7f4c6e600000-7f4c6f02e000 r--p 00000000 103:02 5649983                   /usr/share/fonts/noto/NotoColorEmoji.ttf
7f4c6f128000-7f4c6f1cc000 r--p 00000000 103:02 5652750                   /usr/share/fonts/noto/NotoSansSymbols2-Regular.ttf
7f4c6f1cc000-7f4c6f267000 r--p 00000000 103:02 5641617                   /usr/share/fonts/noto/NotoSans-Bold.ttf
7f4c6f267000-7f4c6f467000 rw-s 00000000 00:07 1110                       /dev/nvidiactl
7f4c6f467000-7f4c6f468000 rw-p 00000000 00:00 0 
7f4c6f468000-7f4c6f46c000 ---p 00000000 00:00 0 
7f4c6f46c000-7f4c6f568000 rw-p 00000000 00:00 0 
7f4c6f568000-7f4c6f968000 rw-s 00000000 00:07 1110                       /dev/nvidiactl
7f4c6f968000-7f4c6fa00000 r--p 00000000 103:02 5641624                   /usr/share/fonts/noto/NotoSans-Regular.ttf
7f4c6fd67000-7f4c6fde7000 rw-s 00000000 00:07 1110                       /dev/nvidiactl
7f4c700ea000-7f4c700eb000 rw-p 00000000 00:00 0 
7f4c700eb000-7f4c700ef000 ---p 00000000 00:00 0 
7f4c700ef000-7f4c701eb000 rw-p 00000000 00:00 0 
7f4c702ec000-7f4c702ed000 rw-p 00000000 00:00 0 
7f4c702ed000-7f4c702f1000 ---p 00000000 00:00 0 
7f4c702f1000-7f4c703ee000 rw-p 00000000 00:00 0 
7f4c703ee000-7f4c703f2000 ---p 00000000 00:00 0 
7f4c703f2000-7f4c704ee000 rw-p 00000000 00:00 0 
7f4c706f0000-7f4c706f1000 rw-p 00000000 00:00 0 
7f4c706f1000-7f4c706f5000 ---p 00000000 00:00 0 
7f4c706f5000-7f4c707f2000 rw-p 00000000 00:00 0 
7f4c707f2000-7f4c707f6000 ---p 00000000 00:00 0 
7f4c707f6000-7f4c708f3000 rw-p 00000000 00:00 0 
7f4c708f3000-7f4c708f7000 ---p 00000000 00:00 0 
7f4c708f7000-7f4c709f4000 rw-p 00000000 00:00 0 
7f4c709f4000-7f4c709f8000 ---p 00000000 00:00 0 
7f4c709f8000-7f4c70af5000 rw-p 00000000 00:00 0 
7f4c70af5000-7f4c70af9000 ---p 00000000 00:00 0 
7f4c70af9000-7f4c70bf5000 rw-p 00000000 00:00 0 
7f4c70cf6000-7f4c70cf7000 rw-p 00000000 00:00 0 
7f4c70cf7000-7f4c70cfb000 ---p 00000000 00:00 0 
7f4c70cfb000-7f4c70df8000 rw-p 00000000 00:00 0 
7f4c70df8000-7f4c70dfc000 ---p 00000000 00:00 0 
7f4c70dfc000-7f4c70ef8000 rw-p 00000000 00:00 0 
7f4c710fa000-7f4c710fb000 rw-p 00000000 00:00 0 
7f4c710fb000-7f4c710ff000 ---p 00000000 00:00 0 
7f4c710ff000-7f4c711fb000 rw-p 00000000 00:00 0 
7f4c713fd000-7f4c713fe000 rw-p 00000000 00:00 0 
7f4c713fe000-7f4c71402000 ---p 00000000 00:00 0 
7f4c71402000-7f4c714ff000 rw-p 00000000 00:00 0 
7f4c714ff000-7f4c71503000 ---p 00000000 00:00 0 
7f4c71503000-7f4c71e00000 rw-p 00000000 00:00 0 
7f4c71e32000-7f4c71e33000 rw-p 00000000 00:00 0 
7f4c71e33000-7f4c71e37000 ---p 00000000 00:00 0 
7f4c71e37000-7f4c71f33000 rw-p 00000000 00:00 0 
7f4c72034000-7f4c720ee000 r--p 00000000 103:02 5131297                   /usr/share/fonts/TTF/DejaVuSans.ttf
7f4c720ee000-7f4c72186000 r--p 00000000 103:02 5641622                   /usr/share/fonts/noto/NotoSans-Medium.ttf
7f4c72186000-7f4c721ec000 r--p 00000000 103:02 5013908                   /usr/share/fonts/liberation/LiberationSans-Bold.ttf
7f4c721ec000-7f4c7229a000 r--p 00000000 103:02 5131293                   /usr/share/fonts/TTF/DejaVuSans-Bold.ttf
7f4c7239b000-7f4c7239c000 rw-p 00000000 00:00 0 
7f4c7239c000-7f4c723a0000 ---p 00000000 00:00 0 
7f4c723a0000-7f4c7249c000 rw-p 00000000 00:00 0 
7f4c7289e000-7f4c728a1000 r--p 00000000 103:02 4720955                   /usr/lib/libnss_resolve.so.2
7f4c728a1000-7f4c728d4000 r-xp 00003000 103:02 4720955                   /usr/lib/libnss_resolve.so.2
7f4c728d4000-7f4c728ec000 r--p 00036000 103:02 4720955                   /usr/lib/libnss_resolve.so.2
7f4c728ec000-7f4c728f3000 r--p 0004e000 103:02 4720955                   /usr/lib/libnss_resolve.so.2
7f4c728f3000-7f4c728f4000 rw-p 00055000 103:02 4720955                   /usr/lib/libnss_resolve.so.2
7f4c728f4000-7f4c728f5000 rw-p 00000000 00:00 0 
7f4c728f5000-7f4c728f9000 ---p 00000000 00:00 0 
7f4c728f9000-7f4c729f5000 rw-p 00000000 00:00 0 
7f4c729f5000-7f4c72af5000 rw-s 00000000 00:07 1110                       /dev/nvidiactl
7f4c72af5000-7f4c732f6000 rw-p 00000000 00:00 0 
7f4c732f6000-7f4c734f6000 rw-s 00000000 00:07 1112                       /dev/nvidia0
7f4c734f6000-7f4c736f6000 rw-s 00000000 00:07 1110                       /dev/nvidiactl
7f4c736f6000-7f4c738f6000 rw-s 00000000 00:07 1110                       /dev/nvidiactl
7f4c738f6000-7f4c738f7000 rw-p 00000000 00:00 0 
7f4c738f7000-7f4c738fb000 ---p 00000000 00:00 0 
7f4c738fb000-7f4c771fe000 rw-p 00000000 00:00 0 
7f4c771fe000-7f4c771ff000 ---p 00000000 00:00 0 
7f4c771ff000-7f4cb71ff000 rwxp 00000000 00:00 0 
7f4cb71ff000-7f4cb7200000 ---p 00000000 00:00 0 
7f4cb7200000-7f4cb8000000 rw-p 00000000 00:00 0 
7f4cb8000000-7f4cb8020000 rw-p 00000000 00:00 0 
7f4cb8020000-7f4cb8023000 rw-p 00000000 00:00 0 
7f4cb8023000-7f4cb8040000 rw-p 00000000 00:00 0 
7f4cb8040000-7f4cb8041000 rw-p 00000000 00:00 0 
7f4cb8041000-7f4cb80a0000 rw-p 00000000 00:00 0 
7f4cb80a0000-7f4cb80c0000 rw-p 00000000 00:00 0 
7f4cb80c0000-7f4cb8100000 rw-p 00000000 00:00 0 
7f4cb8100000-7f4cb8120000 rw-p 00000000 00:00 0 
7f4cb8120000-7f4cb8140000 rw-p 00000000 00:00 0 
7f4cb8140000-7f4cb8426000 rw-p 00000000 00:00 0 
7f4cb8426000-7f4cb8428000 rw-p 00000000 00:00 0 
7f4cb8428000-7f4cb8433000 rw-p 00000000 00:00 0 
7f4cb8433000-7f4cb8434000 rw-p 00000000 00:00 0 
7f4cb8434000-7f4cb845d000 rw-p 00000000 00:00 0 
7f4cb845d000-7f4cb8460000 rw-p 00000000 00:00 0 
7f4cb8460000-7f4cb84a0000 rw-p 00000000 00:00 0 
7f4cb84a0000-7f4cb8800000 rw-p 00000000 00:00 0 
7f4cb8800000-7f4cba090000 rw-p 00000000 00:00 0 
7f4cba090000-7f4cba094000 rw-p 00000000 00:00 0 
7f4cba094000-7f4cba0c0000 rw-p 00000000 00:00 0 
7f4cba0c0000-7f4cba0c4000 rw-p 00000000 00:00 0 
7f4cba0c4000-7f4cba0c8000 rw-p 00000000 00:00 0 
7f4cba0c8000-7f4cba0d0000 rw-p 00000000 00:00 0 
7f4cba0d0000-7f4cba0d8000 rw-p 00000000 00:00 0 
7f4cba0d8000-7f4cba0dc000 rw-p 00000000 00:00 0 
7f4cba0dc000-7f4cba0e4000 rw-p 00000000 00:00 0 
7f4cba0e4000-7f4cba0f0000 rw-p 00000000 00:00 0 
7f4cba0f0000-7f4cba0f4000 rw-p 00000000 00:00 0 
7f4cba0f4000-7f4cba0f8000 rw-p 00000000 00:00 0 
7f4cba0f8000-7f4cba10c000 rw-p 00000000 00:00 0 
7f4cba10c000-7f4cba11c000 rw-p 00000000 00:00 0 
7f4cba11c000-7f4cba128000 rw-p 00000000 00:00 0 
7f4cba128000-7f4cba13c000 rw-p 00000000 00:00 0 
7f4cba13c000-7f4cba140000 rw-p 00000000 00:00 0 
7f4cba140000-7f4cba148000 rw-p 00000000 00:00 0 
7f4cba148000-7f4cba14c000 rw-p 00000000 00:00 0 
7f4cba14c000-7f4cba150000 rw-p 00000000 00:00 0 
7f4cba150000-7f4cba158000 rw-p 00000000 00:00 0 
7f4cba158000-7f4cba164000 rw-p 00000000 00:00 0 
7f4cba164000-7f4cbb200000 rw-p 00000000 00:00 0 
7f4cbb218000-7f4cbb21c000 r--p 00000000 103:02 4720953                   /usr/lib/libnss_mymachines.so.2
7f4cbb21c000-7f4cbb26d000 r-xp 00004000 103:02 4720953                   /usr/lib/libnss_mymachines.so.2
7f4cbb26d000-7f4cbb287000 r--p 00055000 103:02 4720953                   /usr/lib/libnss_mymachines.so.2
7f4cbb287000-7f4cbb28a000 r--p 0006f000 103:02 4720953                   /usr/lib/libnss_mymachines.so.2
7f4cbb28a000-7f4cbb28b000 rw-p 00072000 103:02 4720953                   /usr/lib/libnss_mymachines.so.2
7f4cbb28b000-7f4cbb29e000 rw-s 00000000 00:07 1110                       /dev/nvidiactl
7f4cbb29e000-7f4cbb2de000 rw-s 00000000 00:07 1110                       /dev/nvidiactl
7f4cbb2de000-7f4cbb2fe000 rw-s 00000000 00:07 1110                       /dev/nvidiactl
7f4cbb3ff000-7f4cbbc00000 rw-p 00000000 00:00 0 
7f4cbbc00000-7f4cbbc28000 rw-p 00000000 00:00 0 
7f4cbbc28000-7f4cbbc2c000 rw-p 00000000 00:00 0 
7f4cbbc2c000-7f4cc3c00000 rw-p 00000000 00:00 0 
7f4cc3c0d000-7f4cc3c4d000 rw-s 00000000 00:07 1110                       /dev/nvidiactl
7f4cc3c4d000-7f4cc3c6d000 rw-s 00000000 00:07 1110                       /dev/nvidiactl
7f4cc3c6d000-7f4cc3cad000 rw-s 00000000 00:07 1110                       /dev/nvidiactl
7f4cc3cad000-7f4cc3ccd000 rw-s 00000000 00:07 1110                       /dev/nvidiactl
7f4cc3ccd000-7f4cc3cdb000 r--p 00000000 103:02 5256581                   /usr/lib/gvfs/libgvfscommon.so
7f4cc3cdb000-7f4cc3cf6000 r-xp 0000e000 103:02 5256581                   /usr/lib/gvfs/libgvfscommon.so
7f4cc3cf6000-7f4cc3d02000 r--p 00029000 103:02 5256581                   /usr/lib/gvfs/libgvfscommon.so
7f4cc3d02000-7f4cc3d08000 r--p 00035000 103:02 5256581                   /usr/lib/gvfs/libgvfscommon.so
7f4cc3d08000-7f4cc3d09000 rw-p 0003b000 103:02 5256581                   /usr/lib/gvfs/libgvfscommon.so
7f4cc3d09000-7f4cc3d13000 r--p 00000000 103:02 4771278                   /usr/lib/gio/modules/libgvfsdbus.so
7f4cc3d13000-7f4cc3d2f000 r-xp 0000a000 103:02 4771278                   /usr/lib/gio/modules/libgvfsdbus.so
7f4cc3d2f000-7f4cc3d38000 r--p 00026000 103:02 4771278                   /usr/lib/gio/modules/libgvfsdbus.so
7f4cc3d38000-7f4cc3d3a000 r--p 0002f000 103:02 4771278                   /usr/lib/gio/modules/libgvfsdbus.so
7f4cc3d3a000-7f4cc3d3b000 rw-p 00031000 103:02 4771278                   /usr/lib/gio/modules/libgvfsdbus.so
7f4cc3d3b000-7f4cc3d54000 r--p 00000000 103:02 4834664                   /usr/lib/libyuv.so
7f4cc3d54000-7f4cc3dc6000 r-xp 00019000 103:02 4834664                   /usr/lib/libyuv.so
7f4cc3dc6000-7f4cc3dde000 r--p 0008b000 103:02 4834664                   /usr/lib/libyuv.so
7f4cc3dde000-7f4cc3de1000 r--p 000a2000 103:02 4834664                   /usr/lib/libyuv.so
7f4cc3de1000-7f4cc3de2000 rw-p 000a5000 103:02 4834664                   /usr/lib/libyuv.so
7f4cc3de2000-7f4cc3df1000 r--p 00000000 103:02 4759938                   /usr/lib/liborc-0.4.so.0.42.0
7f4cc3df1000-7f4cc3e9b000 r-xp 0000f000 103:02 4759938                   /usr/lib/liborc-0.4.so.0.42.0
7f4cc3e9b000-7f4cc3ed1000 r--p 000b9000 103:02 4759938                   /usr/lib/liborc-0.4.so.0.42.0
7f4cc3ed1000-7f4cc3ed4000 r--p 000ef000 103:02 4759938                   /usr/lib/liborc-0.4.so.0.42.0
7f4cc3ed4000-7f4cc3edc000 rw-p 000f2000 103:02 4759938                   /usr/lib/liborc-0.4.so.0.42.0
7f4cc3edc000-7f4cc3ede000 rw-p 00000000 00:00 0 
7f4cc3ede000-7f4cc3ee3000 r--p 00000000 103:02 4722100                   /usr/lib/libgpg-error.so.0.42.1
7f4cc3ee3000-7f4cc3efe000 r-xp 00005000 103:02 4722100                   /usr/lib/libgpg-error.so.0.42.1
7f4cc3efe000-7f4cc3f09000 r--p 00020000 103:02 4722100                   /usr/lib/libgpg-error.so.0.42.1
7f4cc3f09000-7f4cc3f0a000 r--p 0002a000 103:02 4722100                   /usr/lib/libgpg-error.so.0.42.1
7f4cc3f0a000-7f4cc3f0b000 rw-p 0002b000 103:02 4722100                   /usr/lib/libgpg-error.so.0.42.1
7f4cc3f0b000-7f4cc3f10000 r--p 00000000 103:02 4816817                   /usr/lib/liblua5.4.so.5.4.8
7f4cc3f10000-7f4cc3f42000 r-xp 00005000 103:02 4816817                   /usr/lib/liblua5.4.so.5.4.8
7f4cc3f42000-7f4cc3f4d000 r--p 00037000 103:02 4816817                   /usr/lib/liblua5.4.so.5.4.8
7f4cc3f4d000-7f4cc3f4f000 r--p 00042000 103:02 4816817                   /usr/lib/liblua5.4.so.5.4.8
7f4cc3f4f000-7f4cc3f50000 rw-p 00044000 103:02 4816817                   /usr/lib/liblua5.4.so.5.4.8
7f4cc3f50000-7f4cc3f58000 r--p 00000000 103:02 4735309                   /usr/lib/libdw-0.196.so
7f4cc3f58000-7f4cc3fb8000 r-xp 00008000 103:02 4735309                   /usr/lib/libdw-0.196.so
7f4cc3fb8000-7f4cc3fe8000 r--p 00068000 103:02 4735309                   /usr/lib/libdw-0.196.so
7f4cc3fe8000-7f4cc3ff1000 r--p 00098000 103:02 4735309                   /usr/lib/libdw-0.196.so
7f4cc3ff1000-7f4cc3ff2000 rw-p 000a1000 103:02 4735309                   /usr/lib/libdw-0.196.so
7f4cc3ff2000-7f4cc3ff8000 r--p 00000000 103:02 4780108                   /usr/lib/libavif.so.16.4.2
7f4cc3ff8000-7f4cc402a000 r-xp 00006000 103:02 4780108                   /usr/lib/libavif.so.16.4.2
7f4cc402a000-7f4cc4036000 r--p 00038000 103:02 4780108                   /usr/lib/libavif.so.16.4.2
7f4cc4036000-7f4cc4039000 r--p 00043000 103:02 4780108                   /usr/lib/libavif.so.16.4.2
7f4cc4039000-7f4cc403a000 rw-p 00046000 103:02 4780108                   /usr/lib/libavif.so.16.4.2
7f4cc403a000-7f4cc404d000 r--p 00000000 103:02 4758770                   /usr/lib/libgstgl-1.0.so.0.2806.0
7f4cc404d000-7f4cc40a0000 r-xp 00013000 103:02 4758770                   /usr/lib/libgstgl-1.0.so.0.2806.0
7f4cc40a0000-7f4cc40c9000 r--p 00066000 103:02 4758770                   /usr/lib/libgstgl-1.0.so.0.2806.0
7f4cc40c9000-7f4cc40cf000 r--p 0008f000 103:02 4758770                   /usr/lib/libgstgl-1.0.so.0.2806.0
7f4cc40cf000-7f4cc40d0000 rw-p 00095000 103:02 4758770                   /usr/lib/libgstgl-1.0.so.0.2806.0
7f4cc40d0000-7f4cc40e4000 r--p 00000000 103:02 4758798                   /usr/lib/libgstvideo-1.0.so.0.2806.0
7f4cc40e4000-7f4cc416c000 r-xp 00014000 103:02 4758798                   /usr/lib/libgstvideo-1.0.so.0.2806.0
7f4cc416c000-7f4cc4199000 r--p 0009c000 103:02 4758798                   /usr/lib/libgstvideo-1.0.so.0.2806.0
7f4cc4199000-7f4cc41ad000 r--p 000c8000 103:02 4758798                   /usr/lib/libgstvideo-1.0.so.0.2806.0
7f4cc41ad000-7f4cc41ae000 rw-p 000dc000 103:02 4758798                   /usr/lib/libgstvideo-1.0.so.0.2806.0
7f4cc41ae000-7f4cc41af000 rw-p 00000000 00:00 0 
7f4cc41af000-7f4cc41b6000 r--p 00000000 103:02 4758795                   /usr/lib/libgsttag-1.0.so.0.2806.0
7f4cc41b6000-7f4cc41da000 r-xp 00007000 103:02 4758795                   /usr/lib/libgsttag-1.0.so.0.2806.0
7f4cc41da000-7f4cc41eb000 r--p 0002b000 103:02 4758795                   /usr/lib/libgsttag-1.0.so.0.2806.0
7f4cc41eb000-7f4cc41ed000 r--p 0003c000 103:02 4758795                   /usr/lib/libgsttag-1.0.so.0.2806.0
7f4cc41ed000-7f4cc41ee000 rw-p 0003e000 103:02 4758795                   /usr/lib/libgsttag-1.0.so.0.2806.0
7f4cc41ee000-7f4cc41fc000 r--p 00000000 103:02 4758759                   /usr/lib/libgstaudio-1.0.so.0.2806.0
7f4cc41fc000-7f4cc4256000 r-xp 0000e000 103:02 4758759                   /usr/lib/libgstaudio-1.0.so.0.2806.0
7f4cc4256000-7f4cc4273000 r--p 00068000 103:02 4758759                   /usr/lib/libgstaudio-1.0.so.0.2806.0
7f4cc4273000-7f4cc4277000 r--p 00084000 103:02 4758759                   /usr/lib/libgstaudio-1.0.so.0.2806.0
7f4cc4277000-7f4cc4278000 rw-p 00088000 103:02 4758759                   /usr/lib/libgstaudio-1.0.so.0.2806.0
7f4cc4278000-7f4cc4285000 r--p 00000000 103:02 4758774                   /usr/lib/libgstpbutils-1.0.so.0.2806.0
7f4cc4285000-7f4cc42a8000 r-xp 0000d000 103:02 4758774                   /usr/lib/libgstpbutils-1.0.so.0.2806.0
7f4cc42a8000-7f4cc42b8000 r--p 00030000 103:02 4758774                   /usr/lib/libgstpbutils-1.0.so.0.2806.0
7f4cc42b8000-7f4cc42bc000 r--p 0003f000 103:02 4758774                   /usr/lib/libgstpbutils-1.0.so.0.2806.0
7f4cc42bc000-7f4cc42bd000 rw-p 00043000 103:02 4758774                   /usr/lib/libgstpbutils-1.0.so.0.2806.0
7f4cc42bd000-7f4cc42c2000 r--p 00000000 103:02 4754430                   /usr/lib/libgcrypt.so.20.7.2
7f4cc42c2000-7f4cc440f000 r-xp 00005000 103:02 4754430                   /usr/lib/libgcrypt.so.20.7.2
7f4cc440f000-7f4cc445c000 r--p 00152000 103:02 4754430                   /usr/lib/libgcrypt.so.20.7.2
7f4cc445c000-7f4cc4461000 r--p 0019f000 103:02 4754430                   /usr/lib/libgcrypt.so.20.7.2
7f4cc4461000-7f4cc4467000 rw-p 001a4000 103:02 4754430                   /usr/lib/libgcrypt.so.20.7.2
7f4cc4467000-7f4cc4471000 r--p 00000000 103:02 4754452                   /usr/lib/libsqlite3.so.3.53.4
7f4cc4471000-7f4cc45c0000 r-xp 0000a000 103:02 4754452                   /usr/lib/libsqlite3.so.3.53.4
7f4cc45c0000-7f4cc45f7000 r--p 00159000 103:02 4754452                   /usr/lib/libsqlite3.so.3.53.4
7f4cc45f7000-7f4cc45fb000 r--p 00190000 103:02 4754452                   /usr/lib/libsqlite3.so.3.53.4
7f4cc45fb000-7f4cc4600000 rw-p 00194000 103:02 4754452                   /usr/lib/libsqlite3.so.3.53.4
7f4cc4600000-7f4cc46dc000 r--p 00000000 103:02 4735954                   /usr/lib/libicui18n.so.78.3
7f4cc46dc000-7f4cc48e6000 r-xp 000dc000 103:02 4735954                   /usr/lib/libicui18n.so.78.3
7f4cc48e6000-7f4cc4979000 r--p 002e6000 103:02 4735954                   /usr/lib/libicui18n.so.78.3
7f4cc4979000-7f4cc498c000 r--p 00379000 103:02 4735954                   /usr/lib/libicui18n.so.78.3
7f4cc498c000-7f4cc498d000 rw-p 0038c000 103:02 4735954                   /usr/lib/libicui18n.so.78.3
7f4cc498d000-7f4cc498e000 rw-p 00000000 00:00 0 
7f4cc498f000-7f4cc4990000 r-xp 00000000 00:00 0 
7f4cc4990000-7f4cc4991000 r--p 00000000 00:00 0 
7f4cc4991000-7f4cc4992000 r-xp 00000000 00:00 0 
7f4cc4992000-7f4cc4993000 r--p 00000000 00:00 0 
7f4cc4994000-7f4cc49b5000 r--p 00000000 103:02 4750220                   /usr/share/locale/en_GB/LC_MESSAGES/glib20.mo
7f4cc49b5000-7f4cc49c4000 r--p 00000000 103:02 4758659                   /usr/lib/libgstbase-1.0.so.0.2806.0
7f4cc49c4000-7f4cc4a1f000 r-xp 0000f000 103:02 4758659                   /usr/lib/libgstbase-1.0.so.0.2806.0
7f4cc4a1f000-7f4cc4a3a000 r--p 0006a000 103:02 4758659                   /usr/lib/libgstbase-1.0.so.0.2806.0
7f4cc4a3a000-7f4cc4a3c000 r--p 00084000 103:02 4758659                   /usr/lib/libgstbase-1.0.so.0.2806.0
7f4cc4a3c000-7f4cc4a3d000 rw-p 00086000 103:02 4758659                   /usr/lib/libgstbase-1.0.so.0.2806.0
7f4cc4a3d000-7f4cc4a42000 r--p 00000000 103:02 4720964                   /usr/lib/libudev.so.1.7.14
7f4cc4a42000-7f4cc4a70000 r-xp 00005000 103:02 4720964                   /usr/lib/libudev.so.1.7.14
7f4cc4a70000-7f4cc4a87000 r--p 00033000 103:02 4720964                   /usr/lib/libudev.so.1.7.14
7f4cc4a87000-7f4cc4a8c000 r--p 0004a000 103:02 4720964                   /usr/lib/libudev.so.1.7.14
7f4cc4a8c000-7f4cc4a8d000 rw-p 0004f000 103:02 4720964                   /usr/lib/libudev.so.1.7.14
7f4cc4a8d000-7f4cc4ab6000 r--p 00000000 103:02 4758695                   /usr/lib/libgstreamer-1.0.so.0.2806.0
7f4cc4ab6000-7f4cc4b9a000 r-xp 00029000 103:02 4758695                   /usr/lib/libgstreamer-1.0.so.0.2806.0
7f4cc4b9a000-7f4cc4bf6000 r--p 0010d000 103:02 4758695                   /usr/lib/libgstreamer-1.0.so.0.2806.0
7f4cc4bf6000-7f4cc4bfd000 r--p 00169000 103:02 4758695                   /usr/lib/libgstreamer-1.0.so.0.2806.0
7f4cc4bfd000-7f4cc4bff000 rw-p 00170000 103:02 4758695                   /usr/lib/libgstreamer-1.0.so.0.2806.0
7f4cc4bff000-7f4cc4c00000 rw-p 00000000 00:00 0 
7f4cc4c00000-7f4cc5faa000 r--p 00000000 103:02 4835997                   /usr/lib/libWPEWebKit-2.0.so.1.9.10
7f4cc5faa000-7f4ccc7cf000 r-xp 013a9000 103:02 4835997                   /usr/lib/libWPEWebKit-2.0.so.1.9.10
7f4ccc7cf000-7f4cccb04000 r--p 07bcd000 103:02 4835997                   /usr/lib/libWPEWebKit-2.0.so.1.9.10
7f4cccb04000-7f4cccb52000 rw-p 07f01000 103:02 4835997                   /usr/lib/libWPEWebKit-2.0.so.1.9.10
7f4cccb52000-7f4cccb5a000 r--p 07f4f000 103:02 4835997                   /usr/lib/libWPEWebKit-2.0.so.1.9.10
7f4cccb5a000-7f4cccb94000 rw-p 00000000 00:00 0 
7f4cccb94000-7f4cccba2000 r--p 00000000 103:02 4771657                   /usr/lib/libatspi.so.0.0.1
7f4cccba2000-7f4cccbbd000 r-xp 0000e000 103:02 4771657                   /usr/lib/libatspi.so.0.0.1
7f4cccbbd000-7f4cccbcb000 r--p 00029000 103:02 4771657                   /usr/lib/libatspi.so.0.0.1
7f4cccbcb000-7f4cccbcf000 r--p 00037000 103:02 4771657                   /usr/lib/libatspi.so.0.0.1
7f4cccbcf000-7f4cccbd0000 rw-p 0003b000 103:02 4771657                   /usr/lib/libatspi.so.0.0.1
7f4cccbd0000-7f4cccc1a000 r--p 00000000 103:02 4792885                   /usr/lib/libepoxy.so.0.0.0
7f4cccc1a000-7f4cccc80000 r-xp 0004a000 103:02 4792885                   /usr/lib/libepoxy.so.0.0.0
7f4cccc80000-7f4ccccce000 r--p 000b0000 103:02 4792885                   /usr/lib/libepoxy.so.0.0.0
7f4ccccce000-7f4ccccd6000 r--p 000fd000 103:02 4792885                   /usr/lib/libepoxy.so.0.0.0
7f4ccccd6000-7f4ccccdd000 rw-p 00105000 103:02 4792885                   /usr/lib/libepoxy.so.0.0.0
7f4ccccdd000-7f4ccccde000 rw-p 00000000 00:00 0 
7f4ccccde000-7f4cccce2000 ---p 00000000 00:00 0 
7f4cccce2000-7f4cccdde000 rw-p 00000000 00:00 0 
7f4cce800000-7f4cd4800000 ---p 00000000 00:00 0 
7f4cd4800000-7f4cd4801000 r-xp 00000000 00:00 0 
7f4cd4801000-7f4cd4802000 r--p 00000000 00:00 0 
7f4cd4802000-7f4cd480b000 r--p 00000000 103:02 4754420                   /usr/lib/libxslt.so.1.1.45
7f4cd480b000-7f4cd4832000 r-xp 00009000 103:02 4754420                   /usr/lib/libxslt.so.1.1.45
7f4cd4832000-7f4cd483d000 r--p 00030000 103:02 4754420                   /usr/lib/libxslt.so.1.1.45
7f4cd483d000-7f4cd483e000 r--p 0003b000 103:02 4754420                   /usr/lib/libxslt.so.1.1.45
7f4cd483e000-7f4cd483f000 rw-p 0003c000 103:02 4754420                   /usr/lib/libxslt.so.1.1.45
7f4cd483f000-7f4cd484b000 r--p 00000000 103:02 4743749                   /usr/lib/libinput.so.10.13.0
7f4cd484b000-7f4cd4894000 r-xp 0000c000 103:02 4743749                   /usr/lib/libinput.so.10.13.0
7f4cd4894000-7f4cd48ad000 r--p 00055000 103:02 4743749                   /usr/lib/libinput.so.10.13.0
7f4cd48ad000-7f4cd48af000 r--p 0006e000 103:02 4743749                   /usr/lib/libinput.so.10.13.0
7f4cd48af000-7f4cd48b0000 rw-p 00070000 103:02 4743749                   /usr/lib/libinput.so.10.13.0
7f4cd48c4000-7f4cd48c8000 r--p 00000000 103:02 4767590                   /usr/lib/libgudev-1.0.so.0.3.0
7f4cd48c8000-7f4cd48cc000 r-xp 00004000 103:02 4767590                   /usr/lib/libgudev-1.0.so.0.3.0
7f4cd48cc000-7f4cd48ce000 r--p 00008000 103:02 4767590                   /usr/lib/libgudev-1.0.so.0.3.0
7f4cd48ce000-7f4cd48cf000 r--p 0000a000 103:02 4767590                   /usr/lib/libgudev-1.0.so.0.3.0
7f4cd48cf000-7f4cd48d0000 rw-p 0000b000 103:02 4767590                   /usr/lib/libgudev-1.0.so.0.3.0
7f4cd48d0000-7f4cd48d4000 r--p 00000000 103:02 4750384                   /usr/lib/libwacom.so.9.0.0
7f4cd48d4000-7f4cd48dd000 r-xp 00004000 103:02 4750384                   /usr/lib/libwacom.so.9.0.0
7f4cd48dd000-7f4cd48e1000 r--p 0000d000 103:02 4750384                   /usr/lib/libwacom.so.9.0.0
7f4cd48e1000-7f4cd48e2000 r--p 00010000 103:02 4750384                   /usr/lib/libwacom.so.9.0.0
7f4cd48e2000-7f4cd48e3000 rw-p 00011000 103:02 4750384                   /usr/lib/libwacom.so.9.0.0
7f4cd48e3000-7f4cd48e6000 r--p 00000000 103:02 4815758                   /usr/lib/libevdev.so.2.3.0
7f4cd48e6000-7f4cd48ed000 r-xp 00003000 103:02 4815758                   /usr/lib/libevdev.so.2.3.0
7f4cd48ed000-7f4cd48f2000 r--p 0000a000 103:02 4815758                   /usr/lib/libevdev.so.2.3.0
7f4cd48f2000-7f4cd48f8000 r--p 0000e000 103:02 4815758                   /usr/lib/libevdev.so.2.3.0
7f4cd48f8000-7f4cd48f9000 rw-p 00014000 103:02 4815758                   /usr/lib/libevdev.so.2.3.0
7f4cd49fa000-7f4cd4dff000 rw-p 00000000 00:00 0 
7f4cd4dff000-7f4cd4e03000 ---p 00000000 00:00 0 
7f4cd4e03000-7f4cd4eff000 rw-p 00000000 00:00 0 
7f4cd5207000-7f4cd520b000 rw-s 00000000 00:07 1110                       /dev/nvidiactl
7f4cd520b000-7f4cd520c000 r--p 00000000 103:02 4815715                   /usr/lib/libmtdev.so.1.0.0
7f4cd520c000-7f4cd520f000 r-xp 00001000 103:02 4815715                   /usr/lib/libmtdev.so.1.0.0
7f4cd520f000-7f4cd5210000 r--p 00004000 103:02 4815715                   /usr/lib/libmtdev.so.1.0.0
7f4cd5210000-7f4cd5211000 r--p 00004000 103:02 4815715                   /usr/lib/libmtdev.so.1.0.0
7f4cd5211000-7f4cd5212000 rw-p 00005000 103:02 4815715                   /usr/lib/libmtdev.so.1.0.0
7f4cd5212000-7f4cd5213000 r--p 00000000 103:02 4758765                   /usr/lib/libgstfft-1.0.so.0.2806.0
7f4cd5213000-7f4cd521a000 r-xp 00001000 103:02 4758765                   /usr/lib/libgstfft-1.0.so.0.2806.0
7f4cd521a000-7f4cd521b000 r--p 00008000 103:02 4758765                   /usr/lib/libgstfft-1.0.so.0.2806.0
7f4cd521b000-7f4cd521c000 r--p 00009000 103:02 4758765                   /usr/lib/libgstfft-1.0.so.0.2806.0
7f4cd521c000-7f4cd521d000 rw-p 0000a000 103:02 4758765                   /usr/lib/libgstfft-1.0.so.0.2806.0
7f4cd521d000-7f4cd5225000 r--p 00000000 103:02 4771647                   /usr/lib/libatk-1.0.so.0.26015.1
7f4cd5225000-7f4cd5235000 r-xp 00008000 103:02 4771647                   /usr/lib/libatk-1.0.so.0.26015.1
7f4cd5235000-7f4cd5240000 r--p 00018000 103:02 4771647                   /usr/lib/libatk-1.0.so.0.26015.1
7f4cd5240000-7f4cd5243000 r--p 00023000 103:02 4771647                   /usr/lib/libatk-1.0.so.0.26015.1
7f4cd5243000-7f4cd5244000 rw-p 00026000 103:02 4771647                   /usr/lib/libatk-1.0.so.0.26015.1
7f4cd5244000-7f4cd525b000 r--p 00000000 103:02 4763785                   /usr/lib/libsoup-3.0.so.0.7.4
7f4cd525b000-7f4cd52b3000 r-xp 00017000 103:02 4763785                   /usr/lib/libsoup-3.0.so.0.7.4
7f4cd52b3000-7f4cd52d5000 r--p 0006f000 103:02 4763785                   /usr/lib/libsoup-3.0.so.0.7.4
7f4cd52d5000-7f4cd52da000 r--p 00090000 103:02 4763785                   /usr/lib/libsoup-3.0.so.0.7.4
7f4cd52da000-7f4cd52db000 rw-p 00095000 103:02 4763785                   /usr/lib/libsoup-3.0.so.0.7.4
7f4cd52db000-7f4cd53dc000 rw-p 00000000 00:00 0 
7f4cd63de000-7f4cd75ff000 ---p 00000000 00:00 0 
7f4cd75ff000-7f4cd7e00000 rw-p 00000000 00:00 0 
7f4cd7e00000-7f4cd7fa8000 r--p 00000000 103:02 4826311                   /usr/lib/libcuda.so.610.57.04
7f4cd7fa8000-7f4cd9223000 r-xp 001a8000 103:02 4826311                   /usr/lib/libcuda.so.610.57.04
7f4cd9223000-7f4cde7ea000 r--p 01423000 103:02 4826311                   /usr/lib/libcuda.so.610.57.04
7f4cde7ea000-7f4cde7eb000 ---p 069ea000 103:02 4826311                   /usr/lib/libcuda.so.610.57.04
7f4cde7eb000-7f4cde967000 r--p 069ea000 103:02 4826311                   /usr/lib/libcuda.so.610.57.04
7f4cde967000-7f4cde96c000 rw-p 06b66000 103:02 4826311                   /usr/lib/libcuda.so.610.57.04
7f4cde96c000-7f4cde9d4000 rw-p 00000000 00:00 0 
7f4cde9d4000-7f4cde9d9000 r--p 00000000 103:02 4758746                   /usr/lib/libgstapp-1.0.so.0.2806.0
7f4cde9d9000-7f4cde9e6000 r-xp 00005000 103:02 4758746                   /usr/lib/libgstapp-1.0.so.0.2806.0
7f4cde9e6000-7f4cde9eb000 r--p 00012000 103:02 4758746                   /usr/lib/libgstapp-1.0.so.0.2806.0
7f4cde9eb000-7f4cde9ec000 r--p 00017000 103:02 4758746                   /usr/lib/libgstapp-1.0.so.0.2806.0
7f4cde9ec000-7f4cde9ed000 rw-p 00018000 103:02 4758746                   /usr/lib/libgstapp-1.0.so.0.2806.0
7f4cde9ed000-7f4cde9ef000 r--p 00000000 103:02 4722782                   /usr/lib/libatomic.so.1.2.0
7f4cde9ef000-7f4cde9f3000 r-xp 00002000 103:02 4722782                   /usr/lib/libatomic.so.1.2.0
7f4cde9f3000-7f4cde9f5000 r--p 00006000 103:02 4722782                   /usr/lib/libatomic.so.1.2.0
7f4cde9f5000-7f4cde9f6000 r--p 00007000 103:02 4722782                   /usr/lib/libatomic.so.1.2.0
7f4cde9f6000-7f4cde9f7000 rw-p 00008000 103:02 4722782                   /usr/lib/libatomic.so.1.2.0
7f4cde9f7000-7f4cde9f8000 rw-p 00000000 00:00 0 
7f4cde9f8000-7f4cdea03000 r--p 00000000 103:02 4771653                   /usr/lib/libatk-bridge-2.0.so.0.0.0
7f4cdea03000-7f4cdea1c000 r-xp 0000b000 103:02 4771653                   /usr/lib/libatk-bridge-2.0.so.0.0.0
7f4cdea1c000-7f4cdea30000 r--p 00024000 103:02 4771653                   /usr/lib/libatk-bridge-2.0.so.0.0.0
7f4cdea30000-7f4cdea32000 r--p 00037000 103:02 4771653                   /usr/lib/libatk-bridge-2.0.so.0.0.0
7f4cdea32000-7f4cdea34000 rw-p 00039000 103:02 4771653                   /usr/lib/libatk-bridge-2.0.so.0.0.0
7f4cdea34000-7f4cdea39000 r--p 00000000 103:02 4745703                   /usr/lib/libWPEBackend-fdo-1.0.so.1.10.2
7f4cdea39000-7f4cdea43000 r-xp 00005000 103:02 4745703                   /usr/lib/libWPEBackend-fdo-1.0.so.1.10.2
7f4cdea43000-7f4cdea48000 r--p 0000f000 103:02 4745703                   /usr/lib/libWPEBackend-fdo-1.0.so.1.10.2
7f4cdea48000-7f4cdea4a000 r--p 00013000 103:02 4745703                   /usr/lib/libWPEBackend-fdo-1.0.so.1.10.2
7f4cdea4a000-7f4cdea4b000 rw-p 00015000 103:02 4745703                   /usr/lib/libWPEBackend-fdo-1.0.so.1.10.2
7f4cdea4b000-7f4cdea4f000 r--p 00000000 103:02 4745687                   /usr/lib/libwpe-1.0.so.1.9.6
7f4cdea4f000-7f4cdea52000 r-xp 00004000 103:02 4745687                   /usr/lib/libwpe-1.0.so.1.9.6
7f4cdea52000-7f4cdea55000 r--p 00007000 103:02 4745687                   /usr/lib/libwpe-1.0.so.1.9.6
7f4cdea55000-7f4cdea56000 r--p 0000a000 103:02 4745687                   /usr/lib/libwpe-1.0.so.1.9.6
7f4cdea56000-7f4cdea57000 rw-p 0000b000 103:02 4745687                   /usr/lib/libwpe-1.0.so.1.9.6
7f4cdea57000-7f4cdeb58000 rw-p 00000000 00:00 0 
7f4cdeb58000-7f4cdeb68000 -w-s 00000000 00:07 1112                       /dev/nvidia0
7f4cdf369000-7f4cdf3e9000 rw-s 00000000 00:07 1110                       /dev/nvidiactl
7f4cdf3e9000-7f4cdf5e9000 rw-s 00000000 00:07 1110                       /dev/nvidiactl
7f4ce18d2000-7f4ce18d3000 r--p 00000000 103:02 4835239                   /usr/lib/libhyphen.so.0.4.0
7f4ce18d3000-7f4ce18d7000 r-xp 00001000 103:02 4835239                   /usr/lib/libhyphen.so.0.4.0
7f4ce18d7000-7f4ce18d8000 r--p 00005000 103:02 4835239                   /usr/lib/libhyphen.so.0.4.0
7f4ce18d8000-7f4ce18d9000 r--p 00005000 103:02 4835239                   /usr/lib/libhyphen.so.0.4.0
7f4ce18d9000-7f4ce18da000 rw-p 00006000 103:02 4835239                   /usr/lib/libhyphen.so.0.4.0
7f4ce194d000-7f4ce19cd000 rw-s 00000000 00:07 1110                       /dev/nvidiactl
7f4ce1acd000-7f4ce1b4d000 rw-s 00000000 00:07 1110                       /dev/nvidiactl
7f4ce1c00000-7f4ce1c33000 r--p 00000000 103:02 4833039                   /usr/lib/libnvidia-glvkspirv.so.610.57.04
7f4ce1c33000-7f4ce23fc000 r-xp 00033000 103:02 4833039                   /usr/lib/libnvidia-glvkspirv.so.610.57.04
7f4ce23fc000-7f4ce254c000 r--p 007fc000 103:02 4833039                   /usr/lib/libnvidia-glvkspirv.so.610.57.04
7f4ce254c000-7f4ce254d000 ---p 0094c000 103:02 4833039                   /usr/lib/libnvidia-glvkspirv.so.610.57.04
7f4ce254d000-7f4ce255f000 r--p 0094c000 103:02 4833039                   /usr/lib/libnvidia-glvkspirv.so.610.57.04
7f4ce255f000-7f4ce25ed000 rw-p 0095e000 103:02 4833039                   /usr/lib/libnvidia-glvkspirv.so.610.57.04
7f4ce25ed000-7f4ce2602000 rw-p 00000000 00:00 0 
7f4ce2604000-7f4ce2608000 rw-p 00000000 00:00 0 
7f4ce2628000-7f4ce26a8000 rw-s 00000000 00:07 1112                       /dev/nvidia0
7f4ce2723000-7f4ce2733000 rw-s 00000000 00:07 1112                       /dev/nvidia0
7f4ce2733000-7f4ce273f000 r--p 00000000 103:02 4751819                   /usr/lib/libxcb-glx.so.0.0.0
7f4ce273f000-7f4ce2748000 r-xp 0000c000 103:02 4751819                   /usr/lib/libxcb-glx.so.0.0.0
7f4ce2748000-7f4ce274d000 r--p 00015000 103:02 4751819                   /usr/lib/libxcb-glx.so.0.0.0
7f4ce274d000-7f4ce274f000 r--p 0001a000 103:02 4751819                   /usr/lib/libxcb-glx.so.0.0.0
7f4ce274f000-7f4ce2750000 rw-p 0001c000 103:02 4751819                   /usr/lib/libxcb-glx.so.0.0.0
7f4ce2750000-7f4ce2851000 rw-p 00000000 00:00 0 
7f4ce84fe000-7f4ce8cff000 rw-p 00000000 00:00 0 
7f4ce8dbb000-7f4ce8dbc000 r-xp 00000000 00:00 0 
7f4ce8dbc000-7f4ce8dbd000 r--p 00000000 00:00 0 
7f4ce8dc5000-7f4ce8dc6000 rw-s 00000000 00:07 1110                       /dev/nvidiactl
7f4ce8dc6000-7f4ce8dc7000 rw-s 00000000 00:07 1110                       /dev/nvidiactl
7f4ce8dc7000-7f4ce8dc8000 rw-s 00000000 00:07 1110                       /dev/nvidiactl
7f4ce8e00000-7f4ce8ec3000 r--p 00000000 103:02 4812054                   /usr/lib/libglycin-2.so.0
7f4ce8ec3000-7f4ce91e0000 r-xp 000c2000 103:02 4812054                   /usr/lib/libglycin-2.so.0
7f4ce91e0000-7f4ce91f9000 r--p 003de000 103:02 4812054                   /usr/lib/libglycin-2.so.0
7f4ce91f9000-7f4ce91fd000 rw-p 003f6000 103:02 4812054                   /usr/lib/libglycin-2.so.0
7f4ce9300000-7f4ce9302000 r--p 00000000 103:02 4734009                   /usr/lib/libseccomp.so.2.6.0
7f4ce9302000-7f4ce9312000 r-xp 00002000 103:02 4734009                   /usr/lib/libseccomp.so.2.6.0
7f4ce9312000-7f4ce932b000 r--p 00012000 103:02 4734009                   /usr/lib/libseccomp.so.2.6.0
7f4ce932b000-7f4ce932c000 r--p 0002b000 103:02 4734009                   /usr/lib/libseccomp.so.2.6.0
7f4ce932c000-7f4ce932d000 rw-p 0002c000 103:02 4734009                   /usr/lib/libseccomp.so.2.6.0
7f4ce932d000-7f4ce9336000 r--p 00000000 103:02 4769004                   /usr/lib/libFLAC.so.14.0.0
7f4ce9336000-7f4ce936c000 r-xp 00009000 103:02 4769004                   /usr/lib/libFLAC.so.14.0.0
7f4ce936c000-7f4ce9374000 r--p 0003f000 103:02 4769004                   /usr/lib/libFLAC.so.14.0.0
7f4ce9374000-7f4ce9375000 r--p 00047000 103:02 4769004                   /usr/lib/libFLAC.so.14.0.0
7f4ce9375000-7f4ce9376000 rw-p 00048000 103:02 4769004                   /usr/lib/libFLAC.so.14.0.0
7f4ce9376000-7f4ce937b000 r--p 00000000 103:02 4755422                   /usr/lib/libsndfile.so.1.0.37
7f4ce937b000-7f4ce93e1000 r-xp 00005000 103:02 4755422                   /usr/lib/libsndfile.so.1.0.37
7f4ce93e1000-7f4ce93fa000 r--p 0006b000 103:02 4755422                   /usr/lib/libsndfile.so.1.0.37
7f4ce93fa000-7f4ce93fd000 r--p 00084000 103:02 4755422                   /usr/lib/libsndfile.so.1.0.37
7f4ce93fd000-7f4ce93fe000 rw-p 00087000 103:02 4755422                   /usr/lib/libsndfile.so.1.0.37
7f4ce93fe000-7f4ce9400000 rw-p 00000000 00:00 0 
7f4ce9400000-7f4ce9449000 r--p 00000000 103:02 4817127                   /usr/lib/libSPIRV-Tools-opt.so
7f4ce9449000-7f4ce9612000 r-xp 00049000 103:02 4817127                   /usr/lib/libSPIRV-Tools-opt.so
7f4ce9612000-7f4ce966b000 r--p 00212000 103:02 4817127                   /usr/lib/libSPIRV-Tools-opt.so
7f4ce966b000-7f4ce967b000 r--p 0026b000 103:02 4817127                   /usr/lib/libSPIRV-Tools-opt.so
7f4ce967b000-7f4ce967c000 rw-p 0027b000 103:02 4817127                   /usr/lib/libSPIRV-Tools-opt.so
7f4ce967c000-7f4ce9680000 rw-p 00000000 00:00 0 
7f4ce9680000-7f4ce968e000 r--p 00000000 103:02 5905684                   /usr/lib/libOpenGL.so.0.0.0
7f4ce968e000-7f4ce9699000 r-xp 0000e000 103:02 5905684                   /usr/lib/libOpenGL.so.0.0.0
7f4ce9699000-7f4ce969e000 r--p 00019000 103:02 5905684                   /usr/lib/libOpenGL.so.0.0.0
7f4ce969e000-7f4ce96a3000 r--p 0001e000 103:02 5905684                   /usr/lib/libOpenGL.so.0.0.0
7f4ce96a3000-7f4ce96a4000 rw-p 00023000 103:02 5905684                   /usr/lib/libOpenGL.so.0.0.0
7f4ce96a4000-7f4ce96a6000 r--p 00000000 103:02 4769564                   /usr/lib/libv4lconvert.so.0.0.0
7f4ce96a6000-7f4ce96c1000 r-xp 00002000 103:02 4769564                   /usr/lib/libv4lconvert.so.0.0.0
7f4ce96c1000-7f4ce96c9000 r--p 0001d000 103:02 4769564                   /usr/lib/libv4lconvert.so.0.0.0
7f4ce96c9000-7f4ce96cb000 r--p 00025000 103:02 4769564                   /usr/lib/libv4lconvert.so.0.0.0
7f4ce96cb000-7f4ce96cc000 rw-p 00027000 103:02 4769564                   /usr/lib/libv4lconvert.so.0.0.0
7f4ce96cc000-7f4ce971e000 rw-p 00000000 00:00 0 
7f4ce971e000-7f4ce9721000 r--p 00000000 103:02 4732383                   /usr/lib/libk5crypto.so.3.1
7f4ce9721000-7f4ce973d000 r-xp 00003000 103:02 4732383                   /usr/lib/libk5crypto.so.3.1
7f4ce973d000-7f4ce9749000 r--p 0001f000 103:02 4732383                   /usr/lib/libk5crypto.so.3.1
7f4ce9749000-7f4ce974b000 r--p 0002a000 103:02 4732383                   /usr/lib/libk5crypto.so.3.1
7f4ce974b000-7f4ce974c000 rw-p 0002c000 103:02 4732383                   /usr/lib/libk5crypto.so.3.1
7f4ce974c000-7f4ce975d000 r--p 00000000 103:02 4732432                   /usr/lib/libkrb5.so.3.3
7f4ce975d000-7f4ce97cd000 r-xp 00011000 103:02 4732432                   /usr/lib/libkrb5.so.3.3
7f4ce97cd000-7f4ce980b000 r--p 00081000 103:02 4732432                   /usr/lib/libkrb5.so.3.3
7f4ce980b000-7f4ce9819000 r--p 000bf000 103:02 4732432                   /usr/lib/libkrb5.so.3.3
7f4ce9819000-7f4ce981b000 rw-p 000cd000 103:02 4732432                   /usr/lib/libkrb5.so.3.3
7f4ce981b000-7f4ce9829000 r--p 00000000 103:02 4758220                   /usr/lib/libnettle.so.9.0
7f4ce9829000-7f4ce985b000 r-xp 0000e000 103:02 4758220                   /usr/lib/libnettle.so.9.0
7f4ce985b000-7f4ce9873000 r--p 00040000 103:02 4758220                   /usr/lib/libnettle.so.9.0
7f4ce9873000-7f4ce9876000 r--p 00057000 103:02 4758220                   /usr/lib/libnettle.so.9.0
7f4ce9876000-7f4ce9877000 rw-p 0005a000 103:02 4758220                   /usr/lib/libnettle.so.9.0
7f4ce9877000-7f4ce9886000 r--p 00000000 103:02 4735687                   /usr/lib/libunistring.so.5.2.1
7f4ce9886000-7f4ce98ca000 r-xp 0000f000 103:02 4735687                   /usr/lib/libunistring.so.5.2.1
7f4ce98ca000-7f4ce9a59000 r--p 00053000 103:02 4735687                   /usr/lib/libunistring.so.5.2.1
7f4ce9a59000-7f4ce9a5d000 r--p 001e2000 103:02 4735687                   /usr/lib/libunistring.so.5.2.1
7f4ce9a5d000-7f4ce9a5e000 rw-p 001e6000 103:02 4735687                   /usr/lib/libunistring.so.5.2.1
7f4ce9a5e000-7f4ce9a65000 r--p 00000000 103:02 4770278                   /usr/lib/libp11-kit.so.0.4.11
7f4ce9a65000-7f4ce9b4e000 r-xp 00007000 103:02 4770278                   /usr/lib/libp11-kit.so.0.4.11
7f4ce9b4e000-7f4ce9be0000 r--p 000f0000 103:02 4770278                   /usr/lib/libp11-kit.so.0.4.11
7f4ce9be0000-7f4ce9bf1000 r--p 00181000 103:02 4770278                   /usr/lib/libp11-kit.so.0.4.11
7f4ce9bf1000-7f4ce9c00000 rw-p 00192000 103:02 4770278                   /usr/lib/libp11-kit.so.0.4.11
7f4ce9c00000-7f4ce9c1a000 r--p 00000000 103:02 4760330                   /usr/lib/libleancrypto.so.1
7f4ce9c1a000-7f4ce9d38000 r-xp 0001a000 103:02 4760330                   /usr/lib/libleancrypto.so.1
7f4ce9d38000-7f4ce9e5b000 r--p 00138000 103:02 4760330                   /usr/lib/libleancrypto.so.1
7f4ce9e5b000-7f4ce9e61000 r--p 0025b000 103:02 4760330                   /usr/lib/libleancrypto.so.1
7f4ce9e61000-7f4ce9e63000 rw-p 00261000 103:02 4760330                   /usr/lib/libleancrypto.so.1
7f4ce9e64000-7f4ce9e65000 rw-s 00000000 00:07 1112                       /dev/nvidia0
7f4ce9e65000-7f4ce9e66000 r--p 00000000 103:02 4762067                   /usr/lib/libwebpdemux.so.2.0.17
7f4ce9e66000-7f4ce9e69000 r-xp 00001000 103:02 4762067                   /usr/lib/libwebpdemux.so.2.0.17
7f4ce9e69000-7f4ce9e6a000 r--p 00004000 103:02 4762067                   /usr/lib/libwebpdemux.so.2.0.17
7f4ce9e6a000-7f4ce9e6b000 r--p 00004000 103:02 4762067                   /usr/lib/libwebpdemux.so.2.0.17
7f4ce9e6b000-7f4ce9e6c000 rw-p 00005000 103:02 4762067                   /usr/lib/libwebpdemux.so.2.0.17
7f4ce9e6c000-7f4ce9e6f000 r--p 00000000 103:02 4777131                   /usr/lib/libmd.so.0.2.0
7f4ce9e6f000-7f4ce9e7b000 r-xp 00003000 103:02 4777131                   /usr/lib/libmd.so.0.2.0
7f4ce9e7b000-7f4ce9e7d000 r--p 0000f000 103:02 4777131                   /usr/lib/libmd.so.0.2.0
7f4ce9e7d000-7f4ce9e7e000 r--p 00011000 103:02 4777131                   /usr/lib/libmd.so.0.2.0
7f4ce9e7e000-7f4ce9e7f000 rw-p 00012000 103:02 4777131                   /usr/lib/libmd.so.0.2.0
7f4ce9e7f000-7f4ce9e87000 r--p 00000000 103:02 4738622                   /usr/lib/libhogweed.so.7.0
7f4ce9e87000-7f4ce9e9a000 r-xp 00008000 103:02 4738622                   /usr/lib/libhogweed.so.7.0
7f4ce9e9a000-7f4ce9ec3000 r--p 0001b000 103:02 4738622                   /usr/lib/libhogweed.so.7.0
7f4ce9ec3000-7f4ce9ec5000 r--p 00043000 103:02 4738622                   /usr/lib/libhogweed.so.7.0
7f4ce9ec5000-7f4ce9ec6000 rw-p 00045000 103:02 4738622                   /usr/lib/libhogweed.so.7.0
7f4ce9ec6000-7f4ce9eca000 r--p 00000000 103:02 4830241                   /usr/lib/libpgm-5.3.so.0.0.128
7f4ce9eca000-7f4ce9ef2000 r-xp 00004000 103:02 4830241                   /usr/lib/libpgm-5.3.so.0.0.128
7f4ce9ef2000-7f4ce9f0b000 r--p 0002c000 103:02 4830241                   /usr/lib/libpgm-5.3.so.0.0.128
7f4ce9f0b000-7f4ce9f0c000 r--p 00045000 103:02 4830241                   /usr/lib/libpgm-5.3.so.0.0.128
7f4ce9f0c000-7f4ce9f0d000 rw-p 00046000 103:02 4830241                   /usr/lib/libpgm-5.3.so.0.0.128
7f4ce9f0d000-7f4ce9f11000 rw-p 00000000 00:00 0 
7f4ce9f11000-7f4ce9f20000 r--p 00000000 103:02 4811985                   /usr/lib/libsodium.so.26.4.0
7f4ce9f20000-7f4ce9f73000 r-xp 0000f000 103:02 4811985                   /usr/lib/libsodium.so.26.4.0
7f4ce9f73000-7f4ce9f85000 r--p 00062000 103:02 4811985                   /usr/lib/libsodium.so.26.4.0
7f4ce9f85000-7f4ce9f86000 r--p 00074000 103:02 4811985                   /usr/lib/libsodium.so.26.4.0
7f4ce9f86000-7f4ce9f87000 rw-p 00075000 103:02 4811985                   /usr/lib/libsodium.so.26.4.0
7f4ce9f87000-7f4ce9f92000 r--p 00000000 103:02 4815516                   /usr/lib/libgomp.so.1.0.0
7f4ce9f92000-7f4ce9fd0000 r-xp 0000b000 103:02 4815516                   /usr/lib/libgomp.so.1.0.0
7f4ce9fd0000-7f4ce9fdf000 r--p 00049000 103:02 4815516                   /usr/lib/libgomp.so.1.0.0
7f4ce9fdf000-7f4ce9fe0000 r--p 00057000 103:02 4815516                   /usr/lib/libgomp.so.1.0.0
7f4ce9fe0000-7f4ce9fe1000 rw-p 00058000 103:02 4815516                   /usr/lib/libgomp.so.1.0.0
7f4ce9fe1000-7f4ce9fe6000 r--p 00000000 103:02 4722184                   /usr/lib/libmvec.so.1
7f4ce9fe6000-7f4cea008000 r-xp 00005000 103:02 4722184                   /usr/lib/libmvec.so.1
7f4cea008000-7f4cea0df000 r--p 00027000 103:02 4722184                   /usr/lib/libmvec.so.1
7f4cea0df000-7f4cea0e0000 r--p 000fe000 103:02 4722184                   /usr/lib/libmvec.so.1
7f4cea0e0000-7f4cea0e1000 rw-p 000ff000 103:02 4722184                   /usr/lib/libmvec.so.1
7f4cea0e1000-7f4cea0e5000 r--p 00000000 103:02 4771010                   /usr/lib/libmpg123.so.0.49.4
7f4cea0e5000-7f4cea123000 r-xp 00004000 103:02 4771010                   /usr/lib/libmpg123.so.0.49.4
7f4cea123000-7f4cea13e000 r--p 00042000 103:02 4771010                   /usr/lib/libmpg123.so.0.49.4
7f4cea13e000-7f4cea13f000 r--p 0005d000 103:02 4771010                   /usr/lib/libmpg123.so.0.49.4
7f4cea13f000-7f4cea140000 rw-p 0005e000 103:02 4771010                   /usr/lib/libmpg123.so.0.49.4
7f4cea140000-7f4cea141000 r--p 00000000 103:02 4814598                   /usr/lib/libbrotlienc.so.1.2.0
7f4cea141000-7f4cea1ae000 r-xp 00001000 103:02 4814598                   /usr/lib/libbrotlienc.so.1.2.0
7f4cea1ae000-7f4cea1fe000 r--p 0006e000 103:02 4814598                   /usr/lib/libbrotlienc.so.1.2.0
7f4cea1fe000-7f4cea1ff000 r--p 000bd000 103:02 4814598                   /usr/lib/libbrotlienc.so.1.2.0
7f4cea1ff000-7f4cea200000 rw-p 000be000 103:02 4814598                   /usr/lib/libbrotlienc.so.1.2.0
7f4cea200000-7f4cea211000 r--p 00000000 103:02 4756846                   /usr/lib/libslang.so.2.3.3
7f4cea211000-7f4cea2f2000 r-xp 00011000 103:02 4756846                   /usr/lib/libslang.so.2.3.3
7f4cea2f2000-7f4cea333000 r--p 000f2000 103:02 4756846                   /usr/lib/libslang.so.2.3.3
7f4cea333000-7f4cea34a000 r--p 00132000 103:02 4756846                   /usr/lib/libslang.so.2.3.3
7f4cea34a000-7f4cea354000 rw-p 00149000 103:02 4756846                   /usr/lib/libslang.so.2.3.3
7f4cea354000-7f4cea4f0000 rw-p 00000000 00:00 0 
7f4cea4f0000-7f4cea4f2000 r--p 00000000 103:02 4758735                   /usr/lib/libgstallocators-1.0.so.0.2806.0
7f4cea4f2000-7f4cea4f6000 r-xp 00002000 103:02 4758735                   /usr/lib/libgstallocators-1.0.so.0.2806.0
7f4cea4f6000-7f4cea4f8000 r--p 00006000 103:02 4758735                   /usr/lib/libgstallocators-1.0.so.0.2806.0
7f4cea4f8000-7f4cea4f9000 r--p 00007000 103:02 4758735                   /usr/lib/libgstallocators-1.0.so.0.2806.0
7f4cea4f9000-7f4cea4fa000 rw-p 00008000 103:02 4758735                   /usr/lib/libgstallocators-1.0.so.0.2806.0
7f4cea4fa000-7f4cea4fd000 r--p 00000000 103:02 4722208                   /usr/lib/libresolv.so.2
7f4cea4fd000-7f4cea506000 r-xp 00003000 103:02 4722208                   /usr/lib/libresolv.so.2
7f4cea506000-7f4cea509000 r--p 0000c000 103:02 4722208                   /usr/lib/libresolv.so.2
7f4cea509000-7f4cea50a000 r--p 0000f000 103:02 4722208                   /usr/lib/libresolv.so.2
7f4cea50a000-7f4cea50b000 rw-p 00010000 103:02 4722208                   /usr/lib/libresolv.so.2
7f4cea50b000-7f4cea50d000 rw-p 00000000 00:00 0 
7f4cea50d000-7f4cea518000 r--p 00000000 103:02 4758350                   /usr/lib/libglut.so.3.13.0
7f4cea518000-7f4cea532000 r-xp 0000b000 103:02 4758350                   /usr/lib/libglut.so.3.13.0
7f4cea532000-7f4cea54c000 r--p 00025000 103:02 4758350                   /usr/lib/libglut.so.3.13.0
7f4cea54c000-7f4cea550000 r--p 0003f000 103:02 4758350                   /usr/lib/libglut.so.3.13.0
7f4cea550000-7f4cea557000 rw-p 00043000 103:02 4758350                   /usr/lib/libglut.so.3.13.0
7f4cea557000-7f4cea5bb000 rw-p 00000000 00:00 0 
7f4cea5bb000-7f4cea5cf000 r--p 00000000 103:02 5005676                   /usr/lib/pulseaudio/libpulsecommon-17.0.so
7f4cea5cf000-7f4cea619000 r-xp 00014000 103:02 5005676                   /usr/lib/pulseaudio/libpulsecommon-17.0.so
7f4cea619000-7f4cea638000 r--p 0005e000 103:02 5005676                   /usr/lib/pulseaudio/libpulsecommon-17.0.so
7f4cea638000-7f4cea63a000 r--p 0007d000 103:02 5005676                   /usr/lib/pulseaudio/libpulsecommon-17.0.so
7f4cea63a000-7f4cea63b000 rw-p 0007f000 103:02 5005676                   /usr/lib/pulseaudio/libpulsecommon-17.0.so
7f4cea63b000-7f4cea65f000 r--p 00000000 103:02 4754125                   /usr/lib/libdb-5.3.so
7f4cea65f000-7f4cea7bc000 r-xp 00024000 103:02 4754125                   /usr/lib/libdb-5.3.so
7f4cea7bc000-7f4cea7f5000 r--p 00181000 103:02 4754125                   /usr/lib/libdb-5.3.so
7f4cea7f5000-7f4cea7ff000 r--p 001b9000 103:02 4754125                   /usr/lib/libdb-5.3.so
7f4cea7ff000-7f4cea800000 rw-p 001c3000 103:02 4754125                   /usr/lib/libdb-5.3.so
7f4cea800000-7f4cea819000 r--p 00000000 103:02 4773780                   /usr/lib/libfftw3.so.3.7.11
7f4cea819000-7f4cea9f5000 r-xp 00019000 103:02 4773780                   /usr/lib/libfftw3.so.3.7.11
7f4cea9f5000-7f4ceaa1c000 r--p 001f5000 103:02 4773780                   /usr/lib/libfftw3.so.3.7.11
7f4ceaa1c000-7f4ceaa2d000 r--p 0021c000 103:02 4773780                   /usr/lib/libfftw3.so.3.7.11
7f4ceaa2d000-7f4ceaa2e000 rw-p 0022d000 103:02 4773780                   /usr/lib/libfftw3.so.3.7.11
7f4ceaa2e000-7f4ceaa33000 rw-p 00000000 00:00 0 
7f4ceaa33000-7f4ceaa34000 r--p 00000000 103:02 4745662                   /usr/lib/libharfbuzz-icu.so.0.61431.0
7f4ceaa34000-7f4ceaa35000 r-xp 00001000 103:02 4745662                   /usr/lib/libharfbuzz-icu.so.0.61431.0
7f4ceaa35000-7f4ceaa36000 r--p 00002000 103:02 4745662                   /usr/lib/libharfbuzz-icu.so.0.61431.0
7f4ceaa36000-7f4ceaa37000 r--p 00002000 103:02 4745662                   /usr/lib/libharfbuzz-icu.so.0.61431.0
7f4ceaa37000-7f4ceaa38000 rw-p 00003000 103:02 4745662                   /usr/lib/libharfbuzz-icu.so.0.61431.0
7f4ceaa38000-7f4ceaa3b000 r--p 00000000 103:02 4777363                   /usr/lib/libGLU.so.1.3.1
7f4ceaa3b000-7f4ceaa85000 r-xp 00003000 103:02 4777363                   /usr/lib/libGLU.so.1.3.1
7f4ceaa85000-7f4ceaa90000 r--p 0004d000 103:02 4777363                   /usr/lib/libGLU.so.1.3.1
7f4ceaa90000-7f4ceaa91000 r--p 00058000 103:02 4777363                   /usr/lib/libGLU.so.1.3.1
7f4ceaa91000-7f4ceaa92000 rw-p 00059000 103:02 4777363                   /usr/lib/libGLU.so.1.3.1
7f4ceaa92000-7f4ceaa93000 r--p 00000000 103:02 4768927                   /usr/lib/libsamplerate.so.0.2.2
7f4ceaa93000-7f4ceaa98000 r-xp 00001000 103:02 4768927                   /usr/lib/libsamplerate.so.0.2.2
7f4ceaa98000-7f4ceabfe000 r--p 00006000 103:02 4768927                   /usr/lib/libsamplerate.so.0.2.2
7f4ceabfe000-7f4ceabff000 r--p 0016b000 103:02 4768927                   /usr/lib/libsamplerate.so.0.2.2
7f4ceabff000-7f4ceac00000 rw-p 0016c000 103:02 4768927                   /usr/lib/libsamplerate.so.0.2.2
7f4ceac00000-7f4ceac53000 r--p 00000000 103:02 4726308                   /usr/lib/libcrypto.so.3
7f4ceac53000-7f4ceafff000 r-xp 00053000 103:02 4726308                   /usr/lib/libcrypto.so.3
7f4ceafff000-7f4ceb125000 r--p 003ff000 103:02 4726308                   /usr/lib/libcrypto.so.3
7f4ceb125000-7f4ceb1a3000 r--p 00525000 103:02 4726308                   /usr/lib/libcrypto.so.3
7f4ceb1a3000-7f4ceb1a6000 rw-p 005a3000 103:02 4726308                   /usr/lib/libcrypto.so.3
7f4ceb1a6000-7f4ceb1a9000 rw-p 00000000 00:00 0 
7f4ceb1a9000-7f4ceb1ab000 rw-s 00000000 00:07 1110                       /dev/nvidiactl
7f4ceb1ab000-7f4ceb1ac000 r--p 00000000 103:02 4763243                   /usr/lib/libXxf86vm.so.1.0.0
7f4ceb1ac000-7f4ceb1af000 r-xp 00001000 103:02 4763243                   /usr/lib/libXxf86vm.so.1.0.0
7f4ceb1af000-7f4ceb1b0000 r--p 00004000 103:02 4763243                   /usr/lib/libXxf86vm.so.1.0.0
7f4ceb1b0000-7f4ceb1b1000 r--p 00004000 103:02 4763243                   /usr/lib/libXxf86vm.so.1.0.0
7f4ceb1b1000-7f4ceb1b2000 rw-p 00005000 103:02 4763243                   /usr/lib/libXxf86vm.so.1.0.0
7f4ceb1b2000-7f4ceb1b5000 r--p 00000000 103:02 4732435                   /usr/lib/libkrb5support.so.0.1
7f4ceb1b5000-7f4ceb1bc000 r-xp 00003000 103:02 4732435                   /usr/lib/libkrb5support.so.0.1
7f4ceb1bc000-7f4ceb1bf000 r--p 0000a000 103:02 4732435                   /usr/lib/libkrb5support.so.0.1
7f4ceb1bf000-7f4ceb1c0000 r--p 0000c000 103:02 4732435                   /usr/lib/libkrb5support.so.0.1
7f4ceb1c0000-7f4ceb1c1000 rw-p 0000d000 103:02 4732435                   /usr/lib/libkrb5support.so.0.1
7f4ceb1c1000-7f4ceb1c3000 r--p 00000000 103:02 4737522                   /usr/lib/libtasn1.so.6.6.5
7f4ceb1c3000-7f4ceb1d2000 r-xp 00002000 103:02 4737522                   /usr/lib/libtasn1.so.6.6.5
7f4ceb1d2000-7f4ceb1d5000 r--p 00011000 103:02 4737522                   /usr/lib/libtasn1.so.6.6.5
7f4ceb1d5000-7f4ceb1d6000 r--p 00014000 103:02 4737522                   /usr/lib/libtasn1.so.6.6.5
7f4ceb1d6000-7f4ceb1d7000 rw-p 00015000 103:02 4737522                   /usr/lib/libtasn1.so.6.6.5
7f4ceb1d7000-7f4ceb1d8000 r--p 00000000 103:02 4815185                   /usr/lib/libjxl_cms.so.0.12.0
7f4ceb1d8000-7f4ceb1f9000 r-xp 00001000 103:02 4815185                   /usr/lib/libjxl_cms.so.0.12.0
7f4ceb1f9000-7f4ceb1fe000 r--p 00022000 103:02 4815185                   /usr/lib/libjxl_cms.so.0.12.0
7f4ceb1fe000-7f4ceb1ff000 r--p 00027000 103:02 4815185                   /usr/lib/libjxl_cms.so.0.12.0
7f4ceb1ff000-7f4ceb200000 rw-p 00028000 103:02 4815185                   /usr/lib/libjxl_cms.so.0.12.0
7f4ceb200000-7f4ceb209000 r--p 00000000 103:02 4835513                   /usr/lib/libglslang.so.16.4.0
7f4ceb209000-7f4ceb4e3000 r-xp 00009000 103:02 4835513                   /usr/lib/libglslang.so.16.4.0
7f4ceb4e3000-7f4ceb598000 r--p 002e3000 103:02 4835513                   /usr/lib/libglslang.so.16.4.0
7f4ceb598000-7f4ceb5a7000 r--p 00397000 103:02 4835513                   /usr/lib/libglslang.so.16.4.0
7f4ceb5a7000-7f4ceb5a9000 rw-p 003a6000 103:02 4835513                   /usr/lib/libglslang.so.16.4.0
7f4ceb5a9000-7f4cebcbd000 rw-p 00000000 00:00 0 
7f4cebcbd000-7f4cebcbf000 r--p 00000000 103:02 4788180                   /usr/lib/libasyncns.so.0.3.1
7f4cebcbf000-7f4cebcc2000 r-xp 00002000 103:02 4788180                   /usr/lib/libasyncns.so.0.3.1
7f4cebcc2000-7f4cebcc3000 r--p 00005000 103:02 4788180                   /usr/lib/libasyncns.so.0.3.1
7f4cebcc3000-7f4cebcc4000 r--p 00005000 103:02 4788180                   /usr/lib/libasyncns.so.0.3.1
7f4cebcc4000-7f4cebcc5000 rw-p 00006000 103:02 4788180                   /usr/lib/libasyncns.so.0.3.1
7f4cebcc5000-7f4cebcc7000 r--p 00000000 103:02 4816273                   /usr/lib/libvorbisfile.so.3.3.8
7f4cebcc7000-7f4cebccc000 r-xp 00002000 103:02 4816273                   /usr/lib/libvorbisfile.so.3.3.8
7f4cebccc000-7f4cebccd000 r--p 00007000 103:02 4816273                   /usr/lib/libvorbisfile.so.3.3.8
7f4cebccd000-7f4cebcce000 r--p 00007000 103:02 4816273                   /usr/lib/libvorbisfile.so.3.3.8
7f4cebcce000-7f4cebccf000 rw-p 00008000 103:02 4816273                   /usr/lib/libvorbisfile.so.3.3.8
7f4cebccf000-7f4cebcd6000 r--p 00000000 103:02 4761802                   /usr/lib/libgdk_pixbuf-2.0.so.0.4400.7
7f4cebcd6000-7f4cebcf8000 r-xp 00007000 103:02 4761802                   /usr/lib/libgdk_pixbuf-2.0.so.0.4400.7
7f4cebcf8000-7f4cebd06000 r--p 00029000 103:02 4761802                   /usr/lib/libgdk_pixbuf-2.0.so.0.4400.7
7f4cebd06000-7f4cebd08000 r--p 00036000 103:02 4761802                   /usr/lib/libgdk_pixbuf-2.0.so.0.4400.7
7f4cebd08000-7f4cebd09000 rw-p 00038000 103:02 4761802                   /usr/lib/libgdk_pixbuf-2.0.so.0.4400.7
7f4cebd09000-7f4cebd1d000 r--p 00000000 103:02 4726312                   /usr/lib/libssl.so.3
7f4cebd1d000-7f4cebdca000 r-xp 00014000 103:02 4726312                   /usr/lib/libssl.so.3
7f4cebdca000-7f4cebdf2000 r--p 000c1000 103:02 4726312                   /usr/lib/libssl.so.3
7f4cebdf2000-7f4cebdfc000 r--p 000e9000 103:02 4726312                   /usr/lib/libssl.so.3
7f4cebdfc000-7f4cebe00000 rw-p 000f3000 103:02 4726312                   /usr/lib/libssl.so.3
7f4cebe00000-7f4cebe25000 r--p 00000000 103:02 4738682                   /usr/lib/libgnutls.so.30.42.0
7f4cebe25000-7f4cebf7b000 r-xp 00025000 103:02 4738682                   /usr/lib/libgnutls.so.30.42.0
7f4cebf7b000-7f4cebff9000 r--p 0017b000 103:02 4738682                   /usr/lib/libgnutls.so.30.42.0
7f4cebff9000-7f4cec00b000 r--p 001f8000 103:02 4738682                   /usr/lib/libgnutls.so.30.42.0
7f4cec00b000-7f4cec00e000 rw-p 0020a000 103:02 4738682                   /usr/lib/libgnutls.so.30.42.0
7f4cec00e000-7f4cec011000 rw-p 00000000 00:00 0 
7f4cec011000-7f4cec015000 rw-p 00000000 00:00 0 
7f4cec015000-7f4cec01e000 r--p 00000000 103:02 4732365                   /usr/lib/libgssapi_krb5.so.2.2
7f4cec01e000-7f4cec05e000 r-xp 00009000 103:02 4732365                   /usr/lib/libgssapi_krb5.so.2.2
7f4cec05e000-7f4cec06a000 r--p 00049000 103:02 4732365                   /usr/lib/libgssapi_krb5.so.2.2
7f4cec06a000-7f4cec06c000 r--p 00055000 103:02 4732365                   /usr/lib/libgssapi_krb5.so.2.2
7f4cec06c000-7f4cec06d000 rw-p 00057000 103:02 4732365                   /usr/lib/libgssapi_krb5.so.2.2
7f4cec06d000-7f4cec073000 r--p 00000000 103:02 4737856                   /usr/lib/libssh2.so.1.0.1
7f4cec073000-7f4cec0ab000 r-xp 00006000 103:02 4737856                   /usr/lib/libssh2.so.1.0.1
7f4cec0ab000-7f4cec0b8000 r--p 0003e000 103:02 4737856                   /usr/lib/libssh2.so.1.0.1
7f4cec0b8000-7f4cec0ba000 r--p 0004b000 103:02 4737856                   /usr/lib/libssh2.so.1.0.1
7f4cec0ba000-7f4cec0bb000 rw-p 0004d000 103:02 4737856                   /usr/lib/libssh2.so.1.0.1
7f4cec0bb000-7f4cec0bf000 r--p 00000000 103:02 4750340                   /usr/lib/libngtcp2.so.16.11.0
7f4cec0bf000-7f4cec106000 r-xp 00004000 103:02 4750340                   /usr/lib/libngtcp2.so.16.11.0
7f4cec106000-7f4cec115000 r--p 0004b000 103:02 4750340                   /usr/lib/libngtcp2.so.16.11.0
7f4cec115000-7f4cec116000 r--p 0005a000 103:02 4750340                   /usr/lib/libngtcp2.so.16.11.0
7f4cec116000-7f4cec117000 rw-p 0005b000 103:02 4750340                   /usr/lib/libngtcp2.so.16.11.0
7f4cec117000-7f4cec132000 r--p 00000000 103:02 4768894                   /usr/lib/libsrt.so.1.5.6
7f4cec132000-7f4cec1d6000 r-xp 0001b000 103:02 4768894                   /usr/lib/libsrt.so.1.5.6
7f4cec1d6000-7f4cec1f7000 r--p 000bf000 103:02 4768894                   /usr/lib/libsrt.so.1.5.6
7f4cec1f7000-7f4cec1fa000 r--p 000e0000 103:02 4768894                   /usr/lib/libsrt.so.1.5.6
7f4cec1fa000-7f4cec1fb000 rw-p 000e3000 103:02 4768894                   /usr/lib/libsrt.so.1.5.6
7f4cec1fb000-7f4cec200000 rw-p 00000000 00:00 0 
7f4cec200000-7f4cec20c000 r--p 00000000 103:02 4758335                   /usr/lib/libopenmpt.so.0.5.5
7f4cec20c000-7f4cec381000 r-xp 0000c000 103:02 4758335                   /usr/lib/libopenmpt.so.0.5.5
7f4cec381000-7f4cec3d0000 r--p 00181000 103:02 4758335                   /usr/lib/libopenmpt.so.0.5.5
7f4cec3d0000-7f4cec3d5000 r--p 001d0000 103:02 4758335                   /usr/lib/libopenmpt.so.0.5.5
7f4cec3d5000-7f4cec3d6000 rw-p 001d5000 103:02 4758335                   /usr/lib/libopenmpt.so.0.5.5
7f4cec3d6000-7f4cec430000 rw-p 00000000 00:00 0 
7f4cec430000-7f4cec434000 rw-p 00000000 00:00 0 
7f4cec434000-7f4cec435000 r--p 00000000 103:02 4755356                   /usr/lib/libsharpyuv.so.0.1.2
7f4cec435000-7f4cec439000 r-xp 00001000 103:02 4755356                   /usr/lib/libsharpyuv.so.0.1.2
7f4cec439000-7f4cec43a000 r--p 00005000 103:02 4755356                   /usr/lib/libsharpyuv.so.0.1.2
7f4cec43a000-7f4cec43b000 r--p 00005000 103:02 4755356                   /usr/lib/libsharpyuv.so.0.1.2
7f4cec43b000-7f4cec43c000 rw-p 00006000 103:02 4755356                   /usr/lib/libsharpyuv.so.0.1.2
7f4cec43c000-7f4cec43d000 rw-p 00000000 00:00 0 
7f4cec43d000-7f4cec43f000 r--p 00000000 103:02 4755205                   /usr/lib/libhwy.so.1.4.0
7f4cec43f000-7f4cec447000 r-xp 00002000 103:02 4755205                   /usr/lib/libhwy.so.1.4.0
7f4cec447000-7f4cec44a000 r--p 0000a000 103:02 4755205                   /usr/lib/libhwy.so.1.4.0
7f4cec44a000-7f4cec44b000 r--p 0000c000 103:02 4755205                   /usr/lib/libhwy.so.1.4.0
7f4cec44b000-7f4cec44c000 rw-p 0000d000 103:02 4755205                   /usr/lib/libhwy.so.1.4.0
7f4cec44c000-7f4cec450000 r--p 00000000 103:02 4758497                   /usr/lib/libbsd.so.0.12.2
7f4cec450000-7f4cec45b000 r-xp 00004000 103:02 4758497                   /usr/lib/libbsd.so.0.12.2
7f4cec45b000-7f4cec45e000 r--p 0000f000 103:02 4758497                   /usr/lib/libbsd.so.0.12.2
7f4cec45e000-7f4cec45f000 r--p 00011000 103:02 4758497                   /usr/lib/libbsd.so.0.12.2
7f4cec45f000-7f4cec460000 rw-p 00012000 103:02 4758497                   /usr/lib/libbsd.so.0.12.2
7f4cec460000-7f4cec461000 rw-p 00000000 00:00 0 
7f4cec461000-7f4cec463000 r--p 00000000 103:02 4769556                   /usr/lib/libv4l2.so.0.0.0
7f4cec463000-7f4cec469000 r-xp 00002000 103:02 4769556                   /usr/lib/libv4l2.so.0.0.0
7f4cec469000-7f4cec46b000 r--p 00008000 103:02 4769556                   /usr/lib/libv4l2.so.0.0.0
7f4cec46b000-7f4cec46c000 r--p 00009000 103:02 4769556                   /usr/lib/libv4l2.so.0.0.0
7f4cec46c000-7f4cec470000 rw-p 0000a000 103:02 4769556                   /usr/lib/libv4l2.so.0.0.0
7f4cec470000-7f4cec476000 r--p 00000000 103:02 4769212                   /usr/lib/libmodplug.so.1.0.0
7f4cec476000-7f4cec4b4000 r-xp 00006000 103:02 4769212                   /usr/lib/libmodplug.so.1.0.0
7f4cec4b4000-7f4cec4c1000 r--p 00044000 103:02 4769212                   /usr/lib/libmodplug.so.1.0.0
7f4cec4c1000-7f4cec4c2000 r--p 00051000 103:02 4769212                   /usr/lib/libmodplug.so.1.0.0
7f4cec4c2000-7f4cec4c3000 rw-p 00052000 103:02 4769212                   /usr/lib/libmodplug.so.1.0.0
7f4cec4c3000-7f4cec600000 rw-p 00000000 00:00 0 
7f4cec600000-7f4cec606000 r-xp 00000000 103:02 1313995                   /opt/cuda/targets/x86_64-linux/lib/libOpenCL.so.1.0.0
7f4cec606000-7f4cec805000 ---p 00006000 103:02 1313995                   /opt/cuda/targets/x86_64-linux/lib/libOpenCL.so.1.0.0
7f4cec805000-7f4cec807000 r--p 00005000 103:02 1313995                   /opt/cuda/targets/x86_64-linux/lib/libOpenCL.so.1.0.0
7f4cec807000-7f4cec808000 rw-p 00007000 103:02 1313995                   /opt/cuda/targets/x86_64-linux/lib/libOpenCL.so.1.0.0
7f4cec80c000-7f4cec80e000 r--p 00000000 103:02 4792845                   /usr/lib/libogg.so.0.8.6
7f4cec80e000-7f4cec811000 r-xp 00002000 103:02 4792845                   /usr/lib/libogg.so.0.8.6
7f4cec811000-7f4cec814000 r--p 00005000 103:02 4792845                   /usr/lib/libogg.so.0.8.6
7f4cec814000-7f4cec815000 r--p 00008000 103:02 4792845                   /usr/lib/libogg.so.0.8.6
7f4cec815000-7f4cec816000 rw-p 00009000 103:02 4792845                   /usr/lib/libogg.so.0.8.6
7f4cec816000-7f4cec819000 r--p 00000000 103:02 4769084                   /usr/lib/libiec61883.so.0.1.1
7f4cec819000-7f4cec820000 r-xp 00003000 103:02 4769084                   /usr/lib/libiec61883.so.0.1.1
7f4cec820000-7f4cec823000 r--p 0000a000 103:02 4769084                   /usr/lib/libiec61883.so.0.1.1
7f4cec823000-7f4cec824000 r--p 0000d000 103:02 4769084                   /usr/lib/libiec61883.so.0.1.1
7f4cec824000-7f4cec825000 rw-p 0000e000 103:02 4769084                   /usr/lib/libiec61883.so.0.1.1
7f4cec825000-7f4cec828000 r--p 00000000 103:02 4815220                   /usr/lib/liblz4.so.1.10.0
7f4cec828000-7f4cec846000 r-xp 00003000 103:02 4815220                   /usr/lib/liblz4.so.1.10.0
7f4cec846000-7f4cec848000 r--p 00021000 103:02 4815220                   /usr/lib/liblz4.so.1.10.0
7f4cec848000-7f4cec849000 r--p 00023000 103:02 4815220                   /usr/lib/liblz4.so.1.10.0
7f4cec849000-7f4cec84a000 rw-p 00024000 103:02 4815220                   /usr/lib/liblz4.so.1.10.0
7f4cec84a000-7f4cec84c000 r--p 00000000 103:02 4788171                   /usr/lib/libsoxr.so.0.1.2
7f4cec84c000-7f4cec870000 r-xp 00002000 103:02 4788171                   /usr/lib/libsoxr.so.0.1.2
7f4cec870000-7f4cec875000 r--p 00026000 103:02 4788171                   /usr/lib/libsoxr.so.0.1.2
7f4cec875000-7f4cec877000 r--p 0002a000 103:02 4788171                   /usr/lib/libsoxr.so.0.1.2
7f4cec877000-7f4cec878000 rw-p 0002c000 103:02 4788171                   /usr/lib/libsoxr.so.0.1.2
7f4cec878000-7f4cec8ad000 rw-p 00000000 00:00 0 
7f4cec8ad000-7f4cec8b7000 r--p 00000000 103:02 4769595                   /usr/lib/libvmaf.so.3.2.0
7f4cec8b7000-7f4cec913000 r-xp 0000a000 103:02 4769595                   /usr/lib/libvmaf.so.3.2.0
7f4cec913000-7f4cec926000 r--p 00066000 103:02 4769595                   /usr/lib/libvmaf.so.3.2.0
7f4cec926000-7f4cec929000 r--p 00079000 103:02 4769595                   /usr/lib/libvmaf.so.3.2.0
7f4cec929000-7f4cec9c0000 rw-p 0007c000 103:02 4769595                   /usr/lib/libvmaf.so.3.2.0
7f4cec9c0000-7f4ceca00000 rw-p 00000000 00:00 0 
7f4ceca00000-7f4ceca5f000 r--p 00000000 103:02 4835194                   /usr/lib/libx265.so.217
7f4ceca5f000-7f4cede77000 r-xp 0005f000 103:02 4835194                   /usr/lib/libx265.so.217
7f4cede77000-7f4cedefb000 r--p 01477000 103:02 4835194                   /usr/lib/libx265.so.217
7f4cedefb000-7f4cedf10000 r--p 014fa000 103:02 4835194                   /usr/lib/libx265.so.217
7f4cedf10000-7f4cedf13000 rw-p 0150f000 103:02 4835194                   /usr/lib/libx265.so.217
7f4cedf13000-7f4cedf25000 rw-p 00000000 00:00 0 
7f4cedf25000-7f4cedf26000 rw-s 00000000 00:07 1110                       /dev/nvidiactl
7f4cedf26000-7f4cedf28000 r--p 00000000 00:1a 53161                      /dev/shm/716e306c-95b7-4d19-95b4-1c569de03be9 (deleted)
7f4cedf28000-7f4cedf2d000 r--p 00000000 103:02 4768962                   /usr/lib/libraw1394.so.11.1.0
7f4cedf2d000-7f4cedf35000 r-xp 00005000 103:02 4768962                   /usr/lib/libraw1394.so.11.1.0
7f4cedf35000-7f4cedf38000 r--p 0000d000 103:02 4768962                   /usr/lib/libraw1394.so.11.1.0
7f4cedf38000-7f4cedf39000 r--p 0000f000 103:02 4768962                   /usr/lib/libraw1394.so.11.1.0
7f4cedf39000-7f4cedf3a000 rw-p 00010000 103:02 4768962                   /usr/lib/libraw1394.so.11.1.0
7f4cedf3a000-7f4cedf3c000 r--p 00000000 103:02 4725865                   /usr/lib/libacl.so.1.2.2400
7f4cedf3c000-7f4cedf42000 r-xp 00002000 103:02 4725865                   /usr/lib/libacl.so.1.2.2400
7f4cedf42000-7f4cedf44000 r--p 00008000 103:02 4725865                   /usr/lib/libacl.so.1.2.2400
7f4cedf44000-7f4cedf45000 r--p 00009000 103:02 4725865                   /usr/lib/libacl.so.1.2.2400
7f4cedf45000-7f4cedf46000 rw-p 0000a000 103:02 4725865                   /usr/lib/libacl.so.1.2.2400
7f4cedf46000-7f4cedf48000 r--p 00000000 103:02 4737828                   /usr/lib/libpsl.so.5.3.5
7f4cedf48000-7f4cedf4a000 r-xp 00002000 103:02 4737828                   /usr/lib/libpsl.so.5.3.5
7f4cedf4a000-7f4cedf58000 r--p 00004000 103:02 4737828                   /usr/lib/libpsl.so.5.3.5
7f4cedf58000-7f4cedf59000 r--p 00011000 103:02 4737828                   /usr/lib/libpsl.so.5.3.5
7f4cedf59000-7f4cedf5a000 rw-p 00012000 103:02 4737828                   /usr/lib/libpsl.so.5.3.5
7f4cedf5a000-7f4cedf78000 r--p 00000000 103:02 4770283                   /usr/lib/libdovi.so.3.4.0
7f4cedf78000-7f4cedff7000 r-xp 0001d000 103:02 4770283                   /usr/lib/libdovi.so.3.4.0
7f4cedff7000-7f4cedfff000 r--p 0009b000 103:02 4770283                   /usr/lib/libdovi.so.3.4.0
7f4cedfff000-7f4cee000000 rw-p 000a2000 103:02 4770283                   /usr/lib/libdovi.so.3.4.0
7f4cee000000-7f4cee003000 r--p 00000000 103:02 4792842                   /usr/lib/libx264.so.165
7f4cee003000-7f4cee196000 r-xp 00003000 103:02 4792842                   /usr/lib/libx264.so.165
7f4cee196000-7f4cee1cf000 r--p 00196000 103:02 4792842                   /usr/lib/libx264.so.165
7f4cee1cf000-7f4cee1d1000 r--p 001ce000 103:02 4792842                   /usr/lib/libx264.so.165
7f4cee1d1000-7f4cee1d2000 rw-p 001d0000 103:02 4792842                   /usr/lib/libx264.so.165
7f4cee1d2000-7f4cee2cb000 rw-p 00000000 00:00 0 
7f4cee2cb000-7f4cee2cd000 r--p 00000000 103:02 4732141                   /usr/lib/libkeyutils.so.1.10
7f4cee2cd000-7f4cee2cf000 r-xp 00002000 103:02 4732141                   /usr/lib/libkeyutils.so.1.10
7f4cee2cf000-7f4cee2d0000 r--p 00004000 103:02 4732141                   /usr/lib/libkeyutils.so.1.10
7f4cee2d0000-7f4cee2d1000 r--p 00004000 103:02 4732141                   /usr/lib/libkeyutils.so.1.10
7f4cee2d1000-7f4cee2d2000 rw-p 00005000 103:02 4732141                   /usr/lib/libkeyutils.so.1.10
7f4cee2d2000-7f4cee2d4000 r--p 00000000 103:02 4737748                   /usr/lib/libidn2.so.0.4.0
7f4cee2d4000-7f4cee2d8000 r-xp 00002000 103:02 4737748                   /usr/lib/libidn2.so.0.4.0
7f4cee2d8000-7f4cee2f2000 r--p 00006000 103:02 4737748                   /usr/lib/libidn2.so.0.4.0
7f4cee2f2000-7f4cee2f3000 r--p 0001f000 103:02 4737748                   /usr/lib/libidn2.so.0.4.0
7f4cee2f3000-7f4cee2f4000 rw-p 00020000 103:02 4737748                   /usr/lib/libidn2.so.0.4.0
7f4cee2f4000-7f4cee2f8000 r--p 00000000 103:02 4750269                   /usr/lib/libnghttp2.so.14.29.5
7f4cee2f8000-7f4cee30e000 r-xp 00004000 103:02 4750269                   /usr/lib/libnghttp2.so.14.29.5
7f4cee30e000-7f4cee31a000 r--p 0001a000 103:02 4750269                   /usr/lib/libnghttp2.so.14.29.5
7f4cee31a000-7f4cee31d000 r--p 00025000 103:02 4750269                   /usr/lib/libnghttp2.so.14.29.5
7f4cee31d000-7f4cee31e000 rw-p 00028000 103:02 4750269                   /usr/lib/libnghttp2.so.14.29.5
7f4cee31e000-7f4cee360000 r--p 00000000 103:02 4757008                   /usr/lib/libzmq.so.5.2.5
7f4cee360000-7f4cee3d4000 r-xp 00042000 103:02 4757008                   /usr/lib/libzmq.so.5.2.5
7f4cee3d4000-7f4cee3f5000 r--p 000b6000 103:02 4757008                   /usr/lib/libzmq.so.5.2.5
7f4cee3f5000-7f4cee3ff000 r--p 000d6000 103:02 4757008                   /usr/lib/libzmq.so.5.2.5
7f4cee3ff000-7f4cee400000 rw-p 000e0000 103:02 4757008                   /usr/lib/libzmq.so.5.2.5
7f4cee400000-7f4cee404000 r--p 00000000 103:02 4817227                   /usr/lib/libSvtAv1Enc.so.4.2.0
7f4cee404000-7f4cee866000 r-xp 00004000 103:02 4817227                   /usr/lib/libSvtAv1Enc.so.4.2.0
7f4cee866000-7f4cee92a000 r--p 00466000 103:02 4817227                   /usr/lib/libSvtAv1Enc.so.4.2.0
7f4cee92a000-7f4cee92e000 r--p 00529000 103:02 4817227                   /usr/lib/libSvtAv1Enc.so.4.2.0
7f4cee92e000-7f4cee930000 rw-p 0052d000 103:02 4817227                   /usr/lib/libSvtAv1Enc.so.4.2.0
7f4cee930000-7f4cf696e000 rw-p 00000000 00:00 0 
7f4cf696e000-7f4cf696f000 rw-p 00000000 00:00 0 
7f4cf696f000-7f4cf6971000 rw-p 00000000 00:00 0 
7f4cf6971000-7f4cf697f000 r--p 00000000 103:02 4826263                   /usr/lib/libssh.so.4.12.0
7f4cf697f000-7f4cf69dc000 r-xp 0000e000 103:02 4826263                   /usr/lib/libssh.so.4.12.0
7f4cf69dc000-7f4cf69fc000 r--p 0006b000 103:02 4826263                   /usr/lib/libssh.so.4.12.0
7f4cf69fc000-7f4cf69fe000 r--p 0008b000 103:02 4826263                   /usr/lib/libssh.so.4.12.0
7f4cf69fe000-7f4cf6a00000 rw-p 0008d000 103:02 4826263                   /usr/lib/libssh.so.4.12.0
7f4cf6a00000-7f4cf6a88000 r--p 00000000 103:02 4812078                   /usr/lib/librav1e.so.0.8.1
7f4cf6a88000-7f4cf6cff000 r-xp 00087000 103:02 4812078                   /usr/lib/librav1e.so.0.8.1
7f4cf6cff000-7f4cf6d22000 r--p 002fd000 103:02 4812078                   /usr/lib/librav1e.so.0.8.1
7f4cf6d22000-7f4cf6d23000 rw-p 0031f000 103:02 4812078                   /usr/lib/librav1e.so.0.8.1
7f4cf6d23000-7f4cf6d24000 rw-p 00000000 00:00 0 
7f4cf6d24000-7f4cf6d27000 r--p 00000000 103:02 4757522                   /usr/lib/libngtcp2_crypto_ossl.so.0.3.1
7f4cf6d27000-7f4cf6d2d000 r-xp 00003000 103:02 4757522                   /usr/lib/libngtcp2_crypto_ossl.so.0.3.1
7f4cf6d2d000-7f4cf6d2f000 r--p 00009000 103:02 4757522                   /usr/lib/libngtcp2_crypto_ossl.so.0.3.1
7f4cf6d2f000-7f4cf6d30000 r--p 0000a000 103:02 4757522                   /usr/lib/libngtcp2_crypto_ossl.so.0.3.1
7f4cf6d30000-7f4cf6d31000 rw-p 0000b000 103:02 4757522                   /usr/lib/libngtcp2_crypto_ossl.so.0.3.1
7f4cf6d31000-7f4cf6d34000 r--p 00000000 103:02 4750283                   /usr/lib/libnghttp3.so.9.9.0
7f4cf6d34000-7f4cf6d49000 r-xp 00003000 103:02 4750283                   /usr/lib/libnghttp3.so.9.9.0
7f4cf6d49000-7f4cf6d56000 r--p 00018000 103:02 4750283                   /usr/lib/libnghttp3.so.9.9.0
7f4cf6d56000-7f4cf6d57000 r--p 00024000 103:02 4750283                   /usr/lib/libnghttp3.so.9.9.0
7f4cf6d57000-7f4cf6d59000 rw-p 00025000 103:02 4750283                   /usr/lib/libnghttp3.so.9.9.0
7f4cf6d59000-7f4cf6d6a000 r--p 00000000 103:02 4725963                   /usr/lib/libgmp.so.10.5.0
7f4cf6d6a000-7f4cf6de8000 r-xp 00011000 103:02 4725963                   /usr/lib/libgmp.so.10.5.0
7f4cf6de8000-7f4cf6dfd000 r--p 0008f000 103:02 4725963                   /usr/lib/libgmp.so.10.5.0
7f4cf6dfd000-7f4cf6dff000 r--p 000a3000 103:02 4725963                   /usr/lib/libgmp.so.10.5.0
7f4cf6dff000-7f4cf6e00000 rw-p 000a5000 103:02 4725963                   /usr/lib/libgmp.so.10.5.0
7f4cf6e00000-7f4cf6e03000 r--p 00000000 103:02 4816266                   /usr/lib/libopus.so.0.11.1
7f4cf6e03000-7f4cf6e78000 r-xp 00003000 103:02 4816266                   /usr/lib/libopus.so.0.11.1
7f4cf6e78000-7f4cf71f4000 r--p 00078000 103:02 4816266                   /usr/lib/libopus.so.0.11.1
7f4cf71f4000-7f4cf71f8000 r--p 003f3000 103:02 4816266                   /usr/lib/libopus.so.0.11.1
7f4cf71f8000-7f4cf71f9000 rw-p 003f7000 103:02 4816266                   /usr/lib/libopus.so.0.11.1
7f4cf71f9000-7f4cf71fa000 rw-p 00000000 00:00 0 
7f4cf71fa000-7f4cf71fc000 r--p 00000000 103:02 4726081                   /usr/lib/libcom_err.so.2.1
7f4cf71fc000-7f4cf71fd000 r-xp 00002000 103:02 4726081                   /usr/lib/libcom_err.so.2.1
7f4cf71fd000-7f4cf71fe000 r--p 00003000 103:02 4726081                   /usr/lib/libcom_err.so.2.1
7f4cf71fe000-7f4cf71ff000 r--p 00003000 103:02 4726081                   /usr/lib/libcom_err.so.2.1
7f4cf71ff000-7f4cf7200000 rw-p 00004000 103:02 4726081                   /usr/lib/libcom_err.so.2.1
7f4cf7200000-7f4cf7204000 r--p 00000000 103:02 4755238                   /usr/lib/libjxl.so.0.12.0
7f4cf7204000-7f4cf7549000 r-xp 00004000 103:02 4755238                   /usr/lib/libjxl.so.0.12.0
7f4cf7549000-7f4cf75af000 r--p 00349000 103:02 4755238                   /usr/lib/libjxl.so.0.12.0
7f4cf75af000-7f4cf75b7000 r--p 003ae000 103:02 4755238                   /usr/lib/libjxl.so.0.12.0
7f4cf75b7000-7f4cf75b8000 rw-p 003b6000 103:02 4755238                   /usr/lib/libjxl.so.0.12.0
7f4cf75b8000-7f4cf7636000 rw-p 00000000 00:00 0 
7f4cf7636000-7f4cf7637000 rw-p 00000000 00:00 0 
7f4cf7637000-7f4cf7639000 r--p 00000000 103:02 4835240                   /usr/lib/libglslang-default-resource-limits.so.16.4.0
7f4cf7639000-7f4cf763d000 r-xp 00002000 103:02 4835240                   /usr/lib/libglslang-default-resource-limits.so.16.4.0
7f4cf763d000-7f4cf763f000 r--p 00006000 103:02 4835240                   /usr/lib/libglslang-default-resource-limits.so.16.4.0
7f4cf763f000-7f4cf7640000 r--p 00008000 103:02 4835240                   /usr/lib/libglslang-default-resource-limits.so.16.4.0
7f4cf7640000-7f4cf7641000 rw-p 00009000 103:02 4835240                   /usr/lib/libglslang-default-resource-limits.so.16.4.0
7f4cf7641000-7f4cf7644000 r--p 00000000 103:02 4773735                   /usr/lib/libdvdread.so.8.2.0
7f4cf7644000-7f4cf7662000 r-xp 00003000 103:02 4773735                   /usr/lib/libdvdread.so.8.2.0
7f4cf7662000-7f4cf766b000 r--p 00021000 103:02 4773735                   /usr/lib/libdvdread.so.8.2.0
7f4cf766b000-7f4cf766c000 r--p 0002a000 103:02 4773735                   /usr/lib/libdvdread.so.8.2.0
7f4cf766c000-7f4cf766d000 rw-p 0002b000 103:02 4773735                   /usr/lib/libdvdread.so.8.2.0
7f4cf766d000-7f4cf766e000 r--p 00000000 103:02 4836934                   /usr/lib/libxvidcore.so.4.3
7f4cf766e000-7f4cf76f6000 r-xp 00001000 103:02 4836934                   /usr/lib/libxvidcore.so.4.3
7f4cf76f6000-7f4cf7705000 r--p 00089000 103:02 4836934                   /usr/lib/libxvidcore.so.4.3
7f4cf7705000-7f4cf7706000 r--p 00097000 103:02 4836934                   /usr/lib/libxvidcore.so.4.3
7f4cf7706000-7f4cf7710000 rw-p 00098000 103:02 4836934                   /usr/lib/libxvidcore.so.4.3
7f4cf7710000-7f4cf7779000 rw-p 00000000 00:00 0 
7f4cf7779000-7f4cf777c000 r--p 00000000 103:02 4755359                   /usr/lib/libwebp.so.7.2.0
7f4cf777c000-7f4cf77ed000 r-xp 00003000 103:02 4755359                   /usr/lib/libwebp.so.7.2.0
7f4cf77ed000-7f4cf77fd000 r--p 00074000 103:02 4755359                   /usr/lib/libwebp.so.7.2.0
7f4cf77fd000-7f4cf77fe000 r--p 00083000 103:02 4755359                   /usr/lib/libwebp.so.7.2.0
7f4cf77fe000-7f4cf77ff000 rw-p 00084000 103:02 4755359                   /usr/lib/libwebp.so.7.2.0
7f4cf77ff000-7f4cf7800000 rw-p 00000000 00:00 0 
7f4cf7800000-7f4cf7803000 r--p 00000000 103:02 4744981                   /usr/lib/libaom.so.3.14.1
7f4cf7803000-7f4cf7fa2000 r-xp 00003000 103:02 4744981                   /usr/lib/libaom.so.3.14.1
7f4cf7fa2000-7f4cf8079000 r--p 007a2000 103:02 4744981                   /usr/lib/libaom.so.3.14.1
7f4cf8079000-7f4cf808a000 r--p 00879000 103:02 4744981                   /usr/lib/libaom.so.3.14.1
7f4cf808a000-7f4cf808c000 rw-p 0088a000 103:02 4744981                   /usr/lib/libaom.so.3.14.1
7f4cf808c000-7f4cf80e3000 rw-p 00000000 00:00 0 
7f4cf80e3000-7f4cf80e4000 r--s 00000000 00:07 1110                       /dev/nvidiactl
7f4cf80e6000-7f4cf80eb000 r--p 00000000 103:02 4743300                   /usr/lib/libshaderc_shared.so.1
7f4cf80eb000-7f4cf80fe000 r-xp 00005000 103:02 4743300                   /usr/lib/libshaderc_shared.so.1
7f4cf80fe000-7f4cf8102000 r--p 00018000 103:02 4743300                   /usr/lib/libshaderc_shared.so.1
7f4cf8102000-7f4cf8103000 r--p 0001b000 103:02 4743300                   /usr/lib/libshaderc_shared.so.1
7f4cf8103000-7f4cf8104000 rw-p 0001c000 103:02 4743300                   /usr/lib/libshaderc_shared.so.1
7f4cf8104000-7f4cf8108000 r--p 00000000 103:02 4837269                   /usr/lib/libvpl.so.2.17
7f4cf8108000-7f4cf8152000 r-xp 00004000 103:02 4837269                   /usr/lib/libvpl.so.2.17
7f4cf8152000-7f4cf8165000 r--p 0004e000 103:02 4837269                   /usr/lib/libvpl.so.2.17
7f4cf8165000-7f4cf8167000 r--p 00060000 103:02 4837269                   /usr/lib/libvpl.so.2.17
7f4cf8167000-7f4cf8168000 rw-p 00062000 103:02 4837269                   /usr/lib/libvpl.so.2.17
7f4cf8168000-7f4cf8169000 r--p 00000000 103:02 4769018                   /usr/lib/libvorbisenc.so.2.0.12
7f4cf8169000-7f4cf816c000 r-xp 00001000 103:02 4769018                   /usr/lib/libvorbisenc.so.2.0.12
7f4cf816c000-7f4cf81e3000 r--p 00004000 103:02 4769018                   /usr/lib/libvorbisenc.so.2.0.12
7f4cf81e3000-7f4cf81ff000 r--p 0007a000 103:02 4769018                   /usr/lib/libvorbisenc.so.2.0.12
7f4cf81ff000-7f4cf8200000 rw-p 00096000 103:02 4769018                   /usr/lib/libvorbisenc.so.2.0.12
7f4cf8200000-7f4cf8209000 r--p 00000000 103:02 4814627                   /usr/lib/librsvg-2.so.2.62.3
7f4cf8209000-7f4cf850e000 r-xp 00009000 103:02 4814627                   /usr/lib/librsvg-2.so.2.62.3
7f4cf850e000-7f4cf861e000 r--p 0030e000 103:02 4814627                   /usr/lib/librsvg-2.so.2.62.3
7f4cf861e000-7f4cf868e000 r--p 0041d000 103:02 4814627                   /usr/lib/librsvg-2.so.2.62.3
7f4cf868e000-7f4cf868f000 rw-p 0048d000 103:02 4814627                   /usr/lib/librsvg-2.so.2.62.3
7f4cf8690000-7f4cf8692000 r--p 00000000 103:02 4751858                   /usr/lib/libxcb-shape.so.0.0.0
7f4cf8692000-7f4cf8693000 r-xp 00002000 103:02 4751858                   /usr/lib/libxcb-shape.so.0.0.0
7f4cf8693000-7f4cf8694000 r--p 00003000 103:02 4751858                   /usr/lib/libxcb-shape.so.0.0.0
7f4cf8694000-7f4cf8695000 r--p 00003000 103:02 4751858                   /usr/lib/libxcb-shape.so.0.0.0
7f4cf8695000-7f4cf8696000 rw-p 00004000 103:02 4751858                   /usr/lib/libxcb-shape.so.0.0.0
7f4cf8696000-7f4cf8698000 r--p 00000000 103:02 4763199                   /usr/lib/libunwind.so.8.2.0
7f4cf8698000-7f4cf86a3000 r-xp 00002000 103:02 4763199                   /usr/lib/libunwind.so.8.2.0
7f4cf86a3000-7f4cf86a5000 r--p 0000d000 103:02 4763199                   /usr/lib/libunwind.so.8.2.0
7f4cf86a5000-7f4cf86a6000 r--p 0000e000 103:02 4763199                   /usr/lib/libunwind.so.8.2.0
7f4cf86a6000-7f4cf86a7000 rw-p 0000f000 103:02 4763199                   /usr/lib/libunwind.so.8.2.0
7f4cf86a7000-7f4cf86b1000 rw-p 00000000 00:00 0 
7f4cf86b1000-7f4cf86b6000 r--p 00000000 103:02 4769333                   /usr/lib/libvidstab.so.1.2
7f4cf86b6000-7f4cf86c2000 r-xp 00005000 103:02 4769333                   /usr/lib/libvidstab.so.1.2
7f4cf86c2000-7f4cf86c6000 r--p 00011000 103:02 4769333                   /usr/lib/libvidstab.so.1.2
7f4cf86c6000-7f4cf86c7000 r--p 00014000 103:02 4769333                   /usr/lib/libvidstab.so.1.2
7f4cf86c7000-7f4cf86c8000 rw-p 00015000 103:02 4769333                   /usr/lib/libvidstab.so.1.2
7f4cf86c8000-7f4cf86cb000 r--p 00000000 103:02 4769013                   /usr/lib/libvorbis.so.0.4.9
7f4cf86cb000-7f4cf86e3000 r-xp 00003000 103:02 4769013                   /usr/lib/libvorbis.so.0.4.9
7f4cf86e3000-7f4cf86f4000 r--p 0001b000 103:02 4769013                   /usr/lib/libvorbis.so.0.4.9
7f4cf86f4000-7f4cf86f5000 r--p 0002b000 103:02 4769013                   /usr/lib/libvorbis.so.0.4.9
7f4cf86f5000-7f4cf86f6000 rw-p 0002c000 103:02 4769013                   /usr/lib/libvorbis.so.0.4.9
7f4cf86f6000-7f4cf86f8000 r--p 00000000 103:02 4769303                   /usr/lib/libtheoradec.so.2.1.1
7f4cf86f8000-7f4cf870a000 r-xp 00002000 103:02 4769303                   /usr/lib/libtheoradec.so.2.1.1
7f4cf870a000-7f4cf870c000 r--p 00014000 103:02 4769303                   /usr/lib/libtheoradec.so.2.1.1
7f4cf870c000-7f4cf870d000 r--p 00015000 103:02 4769303                   /usr/lib/libtheoradec.so.2.1.1
7f4cf870d000-7f4cf870e000 rw-p 00016000 103:02 4769303                   /usr/lib/libtheoradec.so.2.1.1
7f4cf870e000-7f4cf870f000 r--p 00000000 103:02 4816286                   /usr/lib/libtheoraenc.so.2.2.1
7f4cf870f000-7f4cf8733000 r-xp 00001000 103:02 4816286                   /usr/lib/libtheoraenc.so.2.2.1
7f4cf8733000-7f4cf873f000 r--p 00025000 103:02 4816286                   /usr/lib/libtheoraenc.so.2.2.1
7f4cf873f000-7f4cf8740000 r--p 00030000 103:02 4816286                   /usr/lib/libtheoraenc.so.2.2.1
7f4cf8740000-7f4cf8741000 rw-p 00031000 103:02 4816286                   /usr/lib/libtheoraenc.so.2.2.1
7f4cf8741000-7f4cf8743000 r--p 00000000 103:02 4769495                   /usr/lib/libspeex.so.1.5.2
7f4cf8743000-7f4cf8756000 r-xp 00002000 103:02 4769495                   /usr/lib/libspeex.so.1.5.2
7f4cf8756000-7f4cf875b000 r--p 00015000 103:02 4769495                   /usr/lib/libspeex.so.1.5.2
7f4cf875b000-7f4cf875c000 r--p 0001a000 103:02 4769495                   /usr/lib/libspeex.so.1.5.2
7f4cf875c000-7f4cf875d000 rw-p 0001b000 103:02 4769495                   /usr/lib/libspeex.so.1.5.2
7f4cf875d000-7f4cf8764000 r--p 00000000 103:02 4755382                   /usr/lib/libopenjp2.so.2.5.4
7f4cf8764000-7f4cf87bc000 r-xp 00007000 103:02 4755382                   /usr/lib/libopenjp2.so.2.5.4
7f4cf87bc000-7f4cf87ce000 r--p 0005f000 103:02 4755382                   /usr/lib/libopenjp2.so.2.5.4
7f4cf87ce000-7f4cf87d0000 r--p 00071000 103:02 4755382                   /usr/lib/libopenjp2.so.2.5.4
7f4cf87d0000-7f4cf87d1000 rw-p 00073000 103:02 4755382                   /usr/lib/libopenjp2.so.2.5.4
7f4cf87d1000-7f4cf87d6000 r--p 00000000 103:02 4818072                   /usr/lib/libmp3lame.so.0.0.0
7f4cf87d6000-7f4cf87ff000 r-xp 00005000 103:02 4818072                   /usr/lib/libmp3lame.so.0.0.0
7f4cf87ff000-7f4cf880c000 r--p 0002e000 103:02 4818072                   /usr/lib/libmp3lame.so.0.0.0
7f4cf880c000-7f4cf880d000 r--p 0003b000 103:02 4818072                   /usr/lib/libmp3lame.so.0.0.0
7f4cf880d000-7f4cf880e000 rw-p 0003c000 103:02 4818072                   /usr/lib/libmp3lame.so.0.0.0
7f4cf880e000-7f4cf881f000 rw-p 00000000 00:00 0 
7f4cf881f000-7f4cf8821000 r--p 00000000 103:02 4817089                   /usr/lib/libdav1d.so.7.0.0
7f4cf8821000-7f4cf899f000 r-xp 00002000 103:02 4817089                   /usr/lib/libdav1d.so.7.0.0
7f4cf899f000-7f4cf89d7000 r--p 00180000 103:02 4817089                   /usr/lib/libdav1d.so.7.0.0
7f4cf89d7000-7f4cf89db000 r--p 001b7000 103:02 4817089                   /usr/lib/libdav1d.so.7.0.0
7f4cf89db000-7f4cf89dc000 rw-p 001bb000 103:02 4817089                   /usr/lib/libdav1d.so.7.0.0
7f4cf89dc000-7f4cf8a00000 rw-p 00000000 00:00 0 
7f4cf8a00000-7f4cf8a02000 r--p 00000000 103:02 4817225                   /usr/lib/libvpx.so.12.0.0
7f4cf8a02000-7f4cf8cf0000 r-xp 00002000 103:02 4817225                   /usr/lib/libvpx.so.12.0.0
7f4cf8cf0000-7f4cf8d25000 r--p 002f0000 103:02 4817225                   /usr/lib/libvpx.so.12.0.0
7f4cf8d25000-7f4cf8d28000 r--p 00325000 103:02 4817225                   /usr/lib/libvpx.so.12.0.0
7f4cf8d28000-7f4cf8d29000 rw-p 00328000 103:02 4817225                   /usr/lib/libvpx.so.12.0.0
7f4cf8d29000-7f4cf8d30000 rw-p 00000000 00:00 0 
7f4cf8d30000-7f4cf8d31000 r--p 00000000 103:02 4769453                   /usr/lib/libopencore-amrnb.so.0.0.5
7f4cf8d31000-7f4cf8d4e000 r-xp 00001000 103:02 4769453                   /usr/lib/libopencore-amrnb.so.0.0.5
7f4cf8d4e000-7f4cf8d58000 r--p 0001e000 103:02 4769453                   /usr/lib/libopencore-amrnb.so.0.0.5
7f4cf8d58000-7f4cf8d59000 r--p 00027000 103:02 4769453                   /usr/lib/libopencore-amrnb.so.0.0.5
7f4cf8d59000-7f4cf8d5a000 rw-p 00028000 103:02 4769453                   /usr/lib/libopencore-amrnb.so.0.0.5
7f4cf8d5a000-7f4cf8d5c000 r--p 00000000 103:02 4767530                   /usr/lib/libgsm.so.1.0.22
7f4cf8d5c000-7f4cf8d66000 r-xp 00002000 103:02 4767530                   /usr/lib/libgsm.so.1.0.22
7f4cf8d66000-7f4cf8d67000 r--p 0000c000 103:02 4767530                   /usr/lib/libgsm.so.1.0.22
7f4cf8d67000-7f4cf8d68000 r--p 0000d000 103:02 4767530                   /usr/lib/libgsm.so.1.0.22
7f4cf8d68000-7f4cf8d69000 rw-p 0000e000 103:02 4767530                   /usr/lib/libgsm.so.1.0.22
7f4cf8d69000-7f4cf8d6d000 r--p 00000000 103:02 4733684                   /usr/lib/liblzma.so.5.8.3
7f4cf8d6d000-7f4cf8d91000 r-xp 00004000 103:02 4733684                   /usr/lib/liblzma.so.5.8.3
7f4cf8d91000-7f4cf8d9c000 r--p 00028000 103:02 4733684                   /usr/lib/liblzma.so.5.8.3
7f4cf8d9c000-7f4cf8d9d000 r--p 00033000 103:02 4733684                   /usr/lib/liblzma.so.5.8.3
7f4cf8d9d000-7f4cf8d9e000 rw-p 00034000 103:02 4733684                   /usr/lib/liblzma.so.5.8.3
7f4cf8d9e000-7f4cf8da5000 r--p 00000000 103:02 4771963                   /usr/lib/libvulkan.so.1.4.357
7f4cf8da5000-7f4cf8e04000 r-xp 00007000 103:02 4771963                   /usr/lib/libvulkan.so.1.4.357
7f4cf8e04000-7f4cf8e39000 r--p 00066000 103:02 4771963                   /usr/lib/libvulkan.so.1.4.357
7f4cf8e39000-7f4cf8e3b000 r--p 0009a000 103:02 4771963                   /usr/lib/libvulkan.so.1.4.357
7f4cf8e3b000-7f4cf8e3c000 rw-p 0009c000 103:02 4771963                   /usr/lib/libvulkan.so.1.4.357
7f4cf8e3c000-7f4cf8e42000 r--p 00000000 103:02 4774588                   /usr/lib/libsixel.so.1.0.0
7f4cf8e42000-7f4cf8e67000 r-xp 00006000 103:02 4774588                   /usr/lib/libsixel.so.1.0.0
7f4cf8e67000-7f4cf8e70000 r--p 0002b000 103:02 4774588                   /usr/lib/libsixel.so.1.0.0
7f4cf8e70000-7f4cf8e87000 r--p 00033000 103:02 4774588                   /usr/lib/libsixel.so.1.0.0
7f4cf8e87000-7f4cf8e88000 rw-p 0004a000 103:02 4774588                   /usr/lib/libsixel.so.1.0.0
7f4cf8e88000-7f4cf8e8d000 r--p 00000000 103:02 4748352                   /usr/lib/libjpeg.so.8.3.2
7f4cf8e8d000-7f4cf8f07000 r-xp 00005000 103:02 4748352                   /usr/lib/libjpeg.so.8.3.2
7f4cf8f07000-7f4cf8f2e000 r--p 0007f000 103:02 4748352                   /usr/lib/libjpeg.so.8.3.2
7f4cf8f2e000-7f4cf8f2f000 r--p 000a6000 103:02 4748352                   /usr/lib/libjpeg.so.8.3.2
7f4cf8f2f000-7f4cf8f30000 rw-p 000a7000 103:02 4748352                   /usr/lib/libjpeg.so.8.3.2
7f4cf8f30000-7f4cf8f38000 r--p 00000000 103:02 4777398                   /usr/lib/libcaca.so.0.99.20
7f4cf8f38000-7f4cf8f52000 r-xp 00008000 103:02 4777398                   /usr/lib/libcaca.so.0.99.20
7f4cf8f52000-7f4cf8ffd000 r--p 00022000 103:02 4777398                   /usr/lib/libcaca.so.0.99.20
7f4cf8ffd000-7f4cf8fff000 r--p 000cc000 103:02 4777398                   /usr/lib/libcaca.so.0.99.20
7f4cf8fff000-7f4cf9000000 rw-p 000ce000 103:02 4777398                   /usr/lib/libcaca.so.0.99.20
7f4cf9000000-7f4cf9003000 r--p 00000000 103:02 4771718                   /usr/lib/libswscale.so.10.1.101
7f4cf9003000-7f4cf91dc000 r-xp 00003000 103:02 4771718                   /usr/lib/libswscale.so.10.1.101
7f4cf91dc000-7f4cf91fa000 r--p 001dc000 103:02 4771718                   /usr/lib/libswscale.so.10.1.101
7f4cf91fa000-7f4cf920e000 r--p 001f9000 103:02 4771718                   /usr/lib/libswscale.so.10.1.101
7f4cf920e000-7f4cf920f000 rw-p 0020d000 103:02 4771718                   /usr/lib/libswscale.so.10.1.101
7f4cf920f000-7f4cf9253000 rw-p 00000000 00:00 0 
7f4cf9257000-7f4cf925a000 r--p 00000000 103:02 4837263                   /usr/lib/libva.so.2.2400.0
7f4cf925a000-7f4cf927c000 r-xp 00003000 103:02 4837263                   /usr/lib/libva.so.2.2400.0
7f4cf927c000-7f4cf928f000 r--p 00025000 103:02 4837263                   /usr/lib/libva.so.2.2400.0
7f4cf928f000-7f4cf9290000 r--p 00038000 103:02 4837263                   /usr/lib/libva.so.2.2400.0
7f4cf9290000-7f4cf9291000 rw-p 00039000 103:02 4837263                   /usr/lib/libva.so.2.2400.0
7f4cf9291000-7f4cf929d000 r--p 00000000 103:02 4769245                   /usr/lib/libpulse.so.0.24.3
7f4cf929d000-7f4cf92cd000 r-xp 0000c000 103:02 4769245                   /usr/lib/libpulse.so.0.24.3
7f4cf92cd000-7f4cf92de000 r--p 0003c000 103:02 4769245                   /usr/lib/libpulse.so.0.24.3
7f4cf92de000-7f4cf92e0000 r--p 0004c000 103:02 4769245                   /usr/lib/libpulse.so.0.24.3
7f4cf92e0000-7f4cf92e1000 rw-p 0004e000 103:02 4769245                   /usr/lib/libpulse.so.0.24.3
7f4cf92e1000-7f4cf92ee000 r--p 00000000 103:02 4751534                   /usr/lib/libpipewire-0.3.so.0.1608.0
7f4cf92ee000-7f4cf9375000 r-xp 0000d000 103:02 4751534                   /usr/lib/libpipewire-0.3.so.0.1608.0
7f4cf9375000-7f4cf9393000 r--p 00094000 103:02 4751534                   /usr/lib/libpipewire-0.3.so.0.1608.0
7f4cf9393000-7f4cf93af000 r--p 000b2000 103:02 4751534                   /usr/lib/libpipewire-0.3.so.0.1608.0
7f4cf93af000-7f4cf93b0000 rw-p 000ce000 103:02 4751534                   /usr/lib/libpipewire-0.3.so.0.1608.0
7f4cf93b0000-7f4cf93b1000 rw-p 00000000 00:00 0 
7f4cf93b1000-7f4cf93b8000 r--p 00000000 103:02 4768939                   /usr/lib/libjack.so.0.1.0
7f4cf93b8000-7f4cf93e6000 r-xp 00007000 103:02 4768939                   /usr/lib/libjack.so.0.1.0
7f4cf93e6000-7f4cf93fc000 r--p 00035000 103:02 4768939                   /usr/lib/libjack.so.0.1.0
7f4cf93fc000-7f4cf93ff000 r--p 0004a000 103:02 4768939                   /usr/lib/libjack.so.0.1.0
7f4cf93ff000-7f4cf9400000 rw-p 0004d000 103:02 4768939                   /usr/lib/libjack.so.0.1.0
7f4cf9400000-7f4cf940d000 r--p 00000000 103:02 4755479                   /usr/lib/libavutil.so.61.1.101
7f4cf940d000-7f4cf94f7000 r-xp 0000d000 103:02 4755479                   /usr/lib/libavutil.so.61.1.101
7f4cf94f7000-7f4cf9521000 r--p 000f7000 103:02 4755479                   /usr/lib/libavutil.so.61.1.101
7f4cf9521000-7f4cf9537000 r--p 00120000 103:02 4755479                   /usr/lib/libavutil.so.61.1.101
7f4cf9537000-7f4cf9538000 rw-p 00136000 103:02 4755479                   /usr/lib/libavutil.so.61.1.101
7f4cf9538000-7f4cf9647000 rw-p 00000000 00:00 0 
7f4cf9649000-7f4cf964b000 r--p 00000000 103:02 4768973                   /usr/lib/libavc1394.so.0.3.0
7f4cf964b000-7f4cf964d000 r-xp 00002000 103:02 4768973                   /usr/lib/libavc1394.so.0.3.0
7f4cf964d000-7f4cf964e000 r--p 00004000 103:02 4768973                   /usr/lib/libavc1394.so.0.3.0
7f4cf964e000-7f4cf964f000 r--p 00004000 103:02 4768973                   /usr/lib/libavc1394.so.0.3.0
7f4cf964f000-7f4cf9650000 rw-p 00005000 103:02 4768973                   /usr/lib/libavc1394.so.0.3.0
7f4cf9650000-7f4cf9651000 r--p 00000000 103:02 4763771                   /usr/lib/libunibreak.so.7.0.0
7f4cf9651000-7f4cf9654000 r-xp 00001000 103:02 4763771                   /usr/lib/libunibreak.so.7.0.0
7f4cf9654000-7f4cf9671000 r--p 00004000 103:02 4763771                   /usr/lib/libunibreak.so.7.0.0
7f4cf9671000-7f4cf9672000 r--p 00020000 103:02 4763771                   /usr/lib/libunibreak.so.7.0.0
7f4cf9672000-7f4cf9673000 rw-p 00021000 103:02 4763771                   /usr/lib/libunibreak.so.7.0.0
7f4cf9673000-7f4cf9695000 r--p 00000000 103:02 4743150                   /usr/lib/libasound.so.2.0.0
7f4cf9695000-7f4cf9735000 r-xp 00022000 103:02 4743150                   /usr/lib/libasound.so.2.0.0
7f4cf9735000-7f4cf9763000 r--p 000c2000 103:02 4743150                   /usr/lib/libasound.so.2.0.0
7f4cf9763000-7f4cf976b000 r--p 000f0000 103:02 4743150                   /usr/lib/libasound.so.2.0.0
7f4cf976b000-7f4cf976c000 rw-p 000f8000 103:02 4743150                   /usr/lib/libasound.so.2.0.0
7f4cf976c000-7f4cf976f000 r--p 00000000 103:02 4769435                   /usr/lib/libzimg.so.2.0.0
7f4cf976f000-7f4cf97e9000 r-xp 00003000 103:02 4769435                   /usr/lib/libzimg.so.2.0.0
7f4cf97e9000-7f4cf97fb000 r--p 0007d000 103:02 4769435                   /usr/lib/libzimg.so.2.0.0
7f4cf97fb000-7f4cf97ff000 r--p 0008e000 103:02 4769435                   /usr/lib/libzimg.so.2.0.0
7f4cf97ff000-7f4cf9800000 rw-p 00092000 103:02 4769435                   /usr/lib/libzimg.so.2.0.0
7f4cf9800000-7f4cf9812000 r--p 00000000 103:02 4754446                   /usr/lib/libavformat.so.63.1.101
7f4cf9812000-7f4cf9a5e000 r-xp 00012000 103:02 4754446                   /usr/lib/libavformat.so.63.1.101
7f4cf9a5e000-7f4cf9aeb000 r--p 0025e000 103:02 4754446                   /usr/lib/libavformat.so.63.1.101
7f4cf9aeb000-7f4cf9b25000 r--p 002ea000 103:02 4754446                   /usr/lib/libavformat.so.63.1.101
7f4cf9b25000-7f4cf9b26000 rw-p 00324000 103:02 4754446                   /usr/lib/libavformat.so.63.1.101
7f4cf9b28000-7f4cf9b2a000 r--p 00000000 103:02 4769073                   /usr/lib/libbs2b.so.0.0.0
7f4cf9b2a000-7f4cf9b2d000 r-xp 00002000 103:02 4769073                   /usr/lib/libbs2b.so.0.0.0
7f4cf9b2d000-7f4cf9b2e000 r--p 00005000 103:02 4769073                   /usr/lib/libbs2b.so.0.0.0
7f4cf9b2e000-7f4cf9b2f000 r--p 00005000 103:02 4769073                   /usr/lib/libbs2b.so.0.0.0
7f4cf9b2f000-7f4cf9b30000 rw-p 00006000 103:02 4769073                   /usr/lib/libbs2b.so.0.0.0
7f4cf9b30000-7f4cf9b33000 r--p 00000000 103:02 4767560                   /usr/lib/libdisplay-info.so.0.3.0
7f4cf9b33000-7f4cf9b4b000 r-xp 00003000 103:02 4767560                   /usr/lib/libdisplay-info.so.0.3.0
7f4cf9b4b000-7f4cf9b67000 r--p 0001b000 103:02 4767560                   /usr/lib/libdisplay-info.so.0.3.0
7f4cf9b67000-7f4cf9b68000 r--p 00036000 103:02 4767560                   /usr/lib/libdisplay-info.so.0.3.0
7f4cf9b68000-7f4cf9b69000 rw-p 00037000 103:02 4767560                   /usr/lib/libdisplay-info.so.0.3.0
7f4cf9b69000-7f4cf9b6e000 r--p 00000000 103:02 4774103                   /usr/lib/libluajit-5.1.so.2.1.1787165859
7f4cf9b6e000-7f4cf9be5000 r-xp 00005000 103:02 4774103                   /usr/lib/libluajit-5.1.so.2.1.1787165859
7f4cf9be5000-7f4cf9bfc000 r--p 0007c000 103:02 4774103                   /usr/lib/libluajit-5.1.so.2.1.1787165859
7f4cf9bfc000-7f4cf9bff000 r--p 00093000 103:02 4774103                   /usr/lib/libluajit-5.1.so.2.1.1787165859
7f4cf9bff000-7f4cf9c00000 rw-p 00096000 103:02 4774103                   /usr/lib/libluajit-5.1.so.2.1.1787165859
7f4cf9c00000-7f4cf9c14000 r--p 00000000 103:02 4750361                   /usr/lib/libavfilter.so.12.1.101
7f4cf9c14000-7f4cfa10f000 r-xp 00014000 103:02 4750361                   /usr/lib/libavfilter.so.12.1.101
7f4cfa10f000-7f4cfa1ff000 r--p 0050f000 103:02 4750361                   /usr/lib/libavfilter.so.12.1.101
7f4cfa1ff000-7f4cfa29a000 r--p 005ff000 103:02 4750361                   /usr/lib/libavfilter.so.12.1.101
7f4cfa29a000-7f4cfa29b000 rw-p 0069a000 103:02 4750361                   /usr/lib/libavfilter.so.12.1.101
7f4cfa29b000-7f4cfa29f000 rw-p 00000000 00:00 0 
7f4cfa29f000-7f4cfa2a2000 r--p 00000000 103:02 4846487                   /usr/lib/libsnappy.so.1.2.2
7f4cfa2a2000-7f4cfa2a9000 r-xp 00003000 103:02 4846487                   /usr/lib/libsnappy.so.1.2.2
7f4cfa2a9000-7f4cfa2ac000 r--p 0000a000 103:02 4846487                   /usr/lib/libsnappy.so.1.2.2
7f4cfa2ac000-7f4cfa2ad000 r--p 0000c000 103:02 4846487                   /usr/lib/libsnappy.so.1.2.2
7f4cfa2ad000-7f4cfa2ae000 rw-p 0000d000 103:02 4846487                   /usr/lib/libsnappy.so.1.2.2
7f4cfa2ae000-7f4cfa2be000 r--p 00000000 103:02 4745057                   /usr/lib/librubberband.so.3.0.0
7f4cfa2be000-7f4cfa304000 r-xp 00010000 103:02 4745057                   /usr/lib/librubberband.so.3.0.0
7f4cfa304000-7f4cfa315000 r--p 00056000 103:02 4745057                   /usr/lib/librubberband.so.3.0.0
7f4cfa315000-7f4cfa317000 r--p 00066000 103:02 4745057                   /usr/lib/librubberband.so.3.0.0
7f4cfa317000-7f4cfa318000 rw-p 00068000 103:02 4745057                   /usr/lib/librubberband.so.3.0.0
7f4cfa318000-7f4cfa327000 r--p 00000000 103:02 4737468                   /usr/lib/libarchive.so.13.8.9
7f4cfa327000-7f4cfa3d1000 r-xp 0000f000 103:02 4737468                   /usr/lib/libarchive.so.13.8.9
7f4cfa3d1000-7f4cfa3fb000 r--p 000b9000 103:02 4737468                   /usr/lib/libarchive.so.13.8.9
7f4cfa3fb000-7f4cfa3ff000 r--p 000e3000 103:02 4737468                   /usr/lib/libarchive.so.13.8.9
7f4cfa3ff000-7f4cfa400000 rw-p 000e7000 103:02 4737468                   /usr/lib/libarchive.so.13.8.9
7f4cfa400000-7f4cfa415000 r--p 00000000 103:02 4750331                   /usr/lib/libavcodec.so.63.1.101
7f4cfa415000-7f4cfb3ae000 r-xp 00015000 103:02 4750331                   /usr/lib/libavcodec.so.63.1.101
7f4cfb3ae000-7f4cfb767000 r--p 00fae000 103:02 4750331                   /usr/lib/libavcodec.so.63.1.101
7f4cfb767000-7f4cfb7ed000 r--p 01367000 103:02 4750331                   /usr/lib/libavcodec.so.63.1.101
7f4cfb7ed000-7f4cfb7ef000 rw-p 013ed000 103:02 4750331                   /usr/lib/libavcodec.so.63.1.101
7f4cfb7ef000-7f4cfbe93000 rw-p 00000000 00:00 0 
7f4cfbe93000-7f4cfbe94000 r--p 00000000 103:02 4768976                   /usr/lib/librom1394.so.0.3.0
7f4cfbe94000-7f4cfbe96000 r-xp 00001000 103:02 4768976                   /usr/lib/librom1394.so.0.3.0
7f4cfbe96000-7f4cfbe97000 r--p 00003000 103:02 4768976                   /usr/lib/librom1394.so.0.3.0
7f4cfbe97000-7f4cfbe98000 r--p 00003000 103:02 4768976                   /usr/lib/librom1394.so.0.3.0
7f4cfbe98000-7f4cfbe99000 rw-p 00004000 103:02 4768976                   /usr/lib/librom1394.so.0.3.0
7f4cfbe99000-7f4cfbe9c000 r--p 00000000 103:02 4812074                   /usr/lib/libbluray.so.3.1.0
7f4cfbe9c000-7f4cfbecf000 r-xp 00003000 103:02 4812074                   /usr/lib/libbluray.so.3.1.0
7f4cfbecf000-7f4cfbedf000 r--p 00036000 103:02 4812074                   /usr/lib/libbluray.so.3.1.0
7f4cfbedf000-7f4cfbee1000 r--p 00045000 103:02 4812074                   /usr/lib/libbluray.so.3.1.0
7f4cfbee1000-7f4cfbee2000 rw-p 00047000 103:02 4812074                   /usr/lib/libbluray.so.3.1.0
7f4cfbee2000-7f4cfbef1000 r--p 00000000 103:02 4781957                   /usr/lib/libplacebo.so.360
7f4cfbef1000-7f4cfbfa1000 r-xp 0000f000 103:02 4781957                   /usr/lib/libplacebo.so.360
7f4cfbfa1000-7f4cfbfe5000 r--p 000bf000 103:02 4781957                   /usr/lib/libplacebo.so.360
7f4cfbfe5000-7f4cfbffa000 r--p 00103000 103:02 4781957                   /usr/lib/libplacebo.so.360
7f4cfbffa000-7f4cfc000000 rw-p 00118000 103:02 4781957                   /usr/lib/libplacebo.so.360
7f4cfc000000-7f4cfc053000 r--p 00000000 103:02 6835745                   /home/annihilator/dev/mpv/build/libmpv.so.2.5.0
7f4cfc053000-7f4cfc276000 r-xp 00053000 103:02 6835745                   /home/annihilator/dev/mpv/build/libmpv.so.2.5.0
7f4cfc276000-7f4cfc39f000 r--p 00276000 103:02 6835745                   /home/annihilator/dev/mpv/build/libmpv.so.2.5.0
7f4cfc39f000-7f4cfc3eb000 r--p 0039f000 103:02 6835745                   /home/annihilator/dev/mpv/build/libmpv.so.2.5.0
7f4cfc3eb000-7f4cfc3f0000 rw-p 003eb000 103:02 6835745                   /home/annihilator/dev/mpv/build/libmpv.so.2.5.0
7f4cfc3f0000-7f4cfc3f1000 rw-p 00000000 00:00 0 
7f4cfc3f6000-7f4cfc403000 r--p 00000000 103:02 4738083                   /usr/lib/libcurl.so.4.8.0
7f4cfc403000-7f4cfc4c4000 r-xp 0000d000 103:02 4738083                   /usr/lib/libcurl.so.4.8.0
7f4cfc4c4000-7f4cfc4f0000 r--p 000ce000 103:02 4738083                   /usr/lib/libcurl.so.4.8.0
7f4cfc4f0000-7f4cfc4f7000 r--p 000f9000 103:02 4738083                   /usr/lib/libcurl.so.4.8.0
7f4cfc4f7000-7f4cfc4f8000 rw-p 00100000 103:02 4738083                   /usr/lib/libcurl.so.4.8.0
7f4cfc4f8000-7f4cfc4f9000 rw-p 00000000 00:00 0 
7f4cfc4f9000-7f4cfc4fa000 rw-p 00000000 00:00 0 
7f4cfc4fa000-7f4cfc4fe000 ---p 00000000 00:00 0 
7f4cfc4fe000-7f4cfc9ff000 rw-p 00000000 00:00 0 
7f4cfc9ff000-7f4cfca03000 ---p 00000000 00:00 0 
7f4cfca03000-7f4cfcaff000 rw-p 00000000 00:00 0 
7f4cfcaff000-7f4cfcb00000 rw-p 00000000 00:00 0 
7f4cfcb00000-7f4cfcb04000 ---p 00000000 00:00 0 
7f4cfcb04000-7f4cfcc00000 rw-p 00000000 00:00 0 
7f4cfcc00000-7f4cfce50000 r-xp 00000000 103:02 4831579                   /usr/lib/libnvidia-glcore.so.610.57.04
7f4cfce50000-7f4cfce71000 rwxp 00250000 103:02 4831579                   /usr/lib/libnvidia-glcore.so.610.57.04
7f4cfce71000-7f4cfd000000 r-xp 00271000 103:02 4831579                   /usr/lib/libnvidia-glcore.so.610.57.04
7f4cfd000000-7f4cfdc00000 r-xp 00400000 103:02 4831579                   /usr/lib/libnvidia-glcore.so.610.57.04
7f4cfdc00000-7f4cff1f9000 r-xp 01000000 103:02 4831579                   /usr/lib/libnvidia-glcore.so.610.57.04
7f4cff1f9000-7f4cff1fa000 ---p 025f9000 103:02 4831579                   /usr/lib/libnvidia-glcore.so.610.57.04
7f4cff1fa000-7f4cff372000 r--p 025f9000 103:02 4831579                   /usr/lib/libnvidia-glcore.so.610.57.04
7f4cff372000-7f4cff3d5000 rw-p 02771000 103:02 4831579                   /usr/lib/libnvidia-glcore.so.610.57.04
7f4cff3d5000-7f4cff3f5000 rw-p 00000000 00:00 0 
7f4cff3f5000-7f4cff3f6000 r--p 00000000 103:02 7880804                   /usr/lib/jvm/java-26-openjdk/lib/libsyslookup.so
7f4cff3f6000-7f4cff3f7000 r-xp 00001000 103:02 7880804                   /usr/lib/jvm/java-26-openjdk/lib/libsyslookup.so
7f4cff3f7000-7f4cff3f8000 r--p 00002000 103:02 7880804                   /usr/lib/jvm/java-26-openjdk/lib/libsyslookup.so
7f4cff3f8000-7f4cff3f9000 r--p 00002000 103:02 7880804                   /usr/lib/jvm/java-26-openjdk/lib/libsyslookup.so
7f4cff3f9000-7f4cff3fa000 rw-p 00003000 103:02 7880804                   /usr/lib/jvm/java-26-openjdk/lib/libsyslookup.so
7f4cff3fa000-7f4cff3fb000 r--p 00000000 103:02 4837255                   /usr/lib/libjxl_threads.so.0.12.0
7f4cff3fb000-7f4cff3fd000 r-xp 00001000 103:02 4837255                   /usr/lib/libjxl_threads.so.0.12.0
7f4cff3fd000-7f4cff3fe000 r--p 00003000 103:02 4837255                   /usr/lib/libjxl_threads.so.0.12.0
7f4cff3fe000-7f4cff3ff000 r--p 00003000 103:02 4837255                   /usr/lib/libjxl_threads.so.0.12.0
7f4cff3ff000-7f4cff400000 rw-p 00004000 103:02 4837255                   /usr/lib/libjxl_threads.so.0.12.0
7f4cff400000-7f4d00d1a000 r-xp 00000000 103:02 6306886                   /home/annihilator/.skiko/skiko-linux-x64-434f7633c843870c0839a1137b128f6c3db3c5d58dcad3545e90827e3e341afb/libskiko-linux-x64.so
7f4d00d1a000-7f4d00d52000 r--p 01919000 103:02 6306886                   /home/annihilator/.skiko/skiko-linux-x64-434f7633c843870c0839a1137b128f6c3db3c5d58dcad3545e90827e3e341afb/libskiko-linux-x64.so
7f4d00d52000-7f4d00d55000 rw-p 01951000 103:02 6306886                   /home/annihilator/.skiko/skiko-linux-x64-434f7633c843870c0839a1137b128f6c3db3c5d58dcad3545e90827e3e341afb/libskiko-linux-x64.so
7f4d00d55000-7f4d00d5e000 rw-p 00000000 00:00 0 
7f4d00d5e000-7f4d00d5f000 r--p 00000000 103:02 4788175                   /usr/lib/libopencore-amrwb.so.0.0.5
7f4d00d5f000-7f4d00d6b000 r-xp 00001000 103:02 4788175                   /usr/lib/libopencore-amrwb.so.0.0.5
7f4d00d6b000-7f4d00d72000 r--p 0000d000 103:02 4788175                   /usr/lib/libopencore-amrwb.so.0.0.5
7f4d00d72000-7f4d00d73000 r--p 00013000 103:02 4788175                   /usr/lib/libopencore-amrwb.so.0.0.5
7f4d00d73000-7f4d00d74000 rw-p 00014000 103:02 4788175                   /usr/lib/libopencore-amrwb.so.0.0.5
7f4d00d74000-7f4d00d76000 r--p 00000000 103:02 4763355                   /usr/lib/libwebpmux.so.3.1.2
7f4d00d76000-7f4d00d7d000 r-xp 00002000 103:02 4763355                   /usr/lib/libwebpmux.so.3.1.2
7f4d00d7d000-7f4d00d7e000 r--p 00009000 103:02 4763355                   /usr/lib/libwebpmux.so.3.1.2
7f4d00d7e000-7f4d00d7f000 r--p 0000a000 103:02 4763355                   /usr/lib/libwebpmux.so.3.1.2
7f4d00d7f000-7f4d00d80000 rw-p 0000b000 103:02 4763355                   /usr/lib/libwebpmux.so.3.1.2
7f4d00d80000-7f4d00d81000 r--p 00000000 103:02 4843256                   /usr/lib/libvdpau.so.1.0.0
7f4d00d81000-7f4d00d82000 r-xp 00001000 103:02 4843256                   /usr/lib/libvdpau.so.1.0.0
7f4d00d82000-7f4d00d83000 r--p 00002000 103:02 4843256                   /usr/lib/libvdpau.so.1.0.0
7f4d00d83000-7f4d00d84000 r--p 00002000 103:02 4843256                   /usr/lib/libvdpau.so.1.0.0
7f4d00d84000-7f4d00d85000 rw-p 00003000 103:02 4843256                   /usr/lib/libvdpau.so.1.0.0
7f4d00d85000-7f4d00d87000 r--p 00000000 103:02 4816290                   /usr/lib/libva-x11.so.2.2400.0
7f4d00d87000-7f4d00d8a000 r-xp 00002000 103:02 4816290                   /usr/lib/libva-x11.so.2.2400.0
7f4d00d8a000-7f4d00d8b000 r--p 00005000 103:02 4816290                   /usr/lib/libva-x11.so.2.2400.0
7f4d00d8b000-7f4d00d8c000 r--p 00005000 103:02 4816290                   /usr/lib/libva-x11.so.2.2400.0
7f4d00d8c000-7f4d00d8d000 rw-p 00006000 103:02 4816290                   /usr/lib/libva-x11.so.2.2400.0
7f4d00d8d000-7f4d00d8f000 r--p 00000000 103:02 4799670                   /usr/lib/libva-wayland.so.2.2400.0
7f4d00d8f000-7f4d00d91000 r-xp 00002000 103:02 4799670                   /usr/lib/libva-wayland.so.2.2400.0
7f4d00d91000-7f4d00d92000 r--p 00004000 103:02 4799670                   /usr/lib/libva-wayland.so.2.2400.0
7f4d00d92000-7f4d00d93000 r--p 00005000 103:02 4799670                   /usr/lib/libva-wayland.so.2.2400.0
7f4d00d93000-7f4d00d94000 rw-p 00006000 103:02 4799670                   /usr/lib/libva-wayland.so.2.2400.0
7f4d00d94000-7f4d00d9d000 r--p 00000000 103:02 4771955                   /usr/lib/liblcms2.so.2.0.19
7f4d00d9d000-7f4d00de4000 r-xp 00009000 103:02 4771955                   /usr/lib/liblcms2.so.2.0.19
7f4d00de4000-7f4d00df9000 r--p 00050000 103:02 4771955                   /usr/lib/liblcms2.so.2.0.19
7f4d00df9000-7f4d00dfc000 r--p 00064000 103:02 4771955                   /usr/lib/liblcms2.so.2.0.19
7f4d00dfc000-7f4d00dff000 rw-p 00067000 103:02 4771955                   /usr/lib/liblcms2.so.2.0.19
7f4d00dff000-7f4d00e00000 rw-p 00000000 00:00 0 
7f4d00e00000-7f4d02d94000 r--p 00000000 103:02 4735921                   /usr/lib/libicudata.so.78.3
7f4d02d94000-7f4d02d95000 r--p 01f93000 103:02 4735921                   /usr/lib/libicudata.so.78.3
7f4d02d95000-7f4d02d96000 r--p 00000000 103:02 4754963                   /usr/lib/libva-drm.so.2.2400.0
7f4d02d96000-7f4d02d97000 r-xp 00001000 103:02 4754963                   /usr/lib/libva-drm.so.2.2400.0
7f4d02d97000-7f4d02d98000 r--p 00002000 103:02 4754963                   /usr/lib/libva-drm.so.2.2400.0
7f4d02d98000-7f4d02d99000 r--p 00002000 103:02 4754963                   /usr/lib/libva-drm.so.2.2400.0
7f4d02d99000-7f4d02d9a000 rw-p 00003000 103:02 4754963                   /usr/lib/libva-drm.so.2.2400.0
7f4d02d9a000-7f4d02d9c000 r--p 00000000 103:02 4769399                   /usr/lib/libXv.so.1.0.0
7f4d02d9c000-7f4d02d9f000 r-xp 00002000 103:02 4769399                   /usr/lib/libXv.so.1.0.0
7f4d02d9f000-7f4d02da0000 r--p 00005000 103:02 4769399                   /usr/lib/libXv.so.1.0.0
7f4d02da0000-7f4d02da1000 r--p 00005000 103:02 4769399                   /usr/lib/libXv.so.1.0.0
7f4d02da1000-7f4d02da2000 rw-p 00006000 103:02 4769399                   /usr/lib/libXv.so.1.0.0
7f4d02da2000-7f4d02da4000 r--p 00000000 103:02 4757852                   /usr/lib/libXrandr.so.2.2.0
7f4d02da4000-7f4d02dab000 r-xp 00002000 103:02 4757852                   /usr/lib/libXrandr.so.2.2.0
7f4d02dab000-7f4d02dad000 r--p 00009000 103:02 4757852                   /usr/lib/libXrandr.so.2.2.0
7f4d02dad000-7f4d02dae000 r--p 0000a000 103:02 4757852                   /usr/lib/libXrandr.so.2.2.0
7f4d02dae000-7f4d02daf000 rw-p 0000b000 103:02 4757852                   /usr/lib/libXrandr.so.2.2.0
7f4d02daf000-7f4d02db0000 r--p 00000000 103:02 4768705                   /usr/lib/libuchardet.so.0.0.8
7f4d02db0000-7f4d02db6000 r-xp 00001000 103:02 4768705                   /usr/lib/libuchardet.so.0.0.8
7f4d02db6000-7f4d02dd9000 r--p 00007000 103:02 4768705                   /usr/lib/libuchardet.so.0.0.8
7f4d02dd9000-7f4d02ddc000 r--p 00029000 103:02 4768705                   /usr/lib/libuchardet.so.0.0.8
7f4d02ddc000-7f4d02ddd000 rw-p 0002c000 103:02 4768705                   /usr/lib/libuchardet.so.0.0.8
7f4d02ddd000-7f4d02de5000 r--p 00000000 103:02 4750339                   /usr/lib/libavdevice.so.63.1.101
7f4d02de5000-7f4d02df5000 r-xp 00008000 103:02 4750339                   /usr/lib/libavdevice.so.63.1.101
7f4d02df5000-7f4d02dfb000 r--p 00018000 103:02 4750339                   /usr/lib/libavdevice.so.63.1.101
7f4d02dfb000-7f4d02dff000 r--p 0001e000 103:02 4750339                   /usr/lib/libavdevice.so.63.1.101
7f4d02dff000-7f4d02e00000 rw-p 00022000 103:02 4750339                   /usr/lib/libavdevice.so.63.1.101
7f4d02e00000-7f4d0335b000 r--p 00000000 103:02 4817093                   /usr/lib/libLLVM.so.22.1
7f4d0335b000-7f4d09008000 r-xp 0055b000 103:02 4817093                   /usr/lib/libLLVM.so.22.1
7f4d09008000-7f4d0cf56000 r--p 06208000 103:02 4817093                   /usr/lib/libLLVM.so.22.1
7f4d0cf56000-7f4d0d172000 r--p 0a156000 103:02 4817093                   /usr/lib/libLLVM.so.22.1
7f4d0d172000-7f4d0d17c000 rw-p 0a372000 103:02 4817093                   /usr/lib/libLLVM.so.22.1
7f4d0d17c000-7f4d0d24c000 rw-p 00000000 00:00 0 
7f4d0d24e000-7f4d0d24f000 r--p 00000000 103:02 4775248                   /usr/lib/libXpresent.so.1.0.0
7f4d0d24f000-7f4d0d250000 r-xp 00001000 103:02 4775248                   /usr/lib/libXpresent.so.1.0.0
7f4d0d250000-7f4d0d251000 r--p 00002000 103:02 4775248                   /usr/lib/libXpresent.so.1.0.0
7f4d0d251000-7f4d0d252000 r--p 00002000 103:02 4775248                   /usr/lib/libXpresent.so.1.0.0
7f4d0d252000-7f4d0d253000 rw-p 00003000 103:02 4775248                   /usr/lib/libXpresent.so.1.0.0
7f4d0d253000-7f4d0d256000 r--p 00000000 103:02 4777462                   /usr/lib/libsndio.so.7.3
7f4d0d256000-7f4d0d25f000 r-xp 00003000 103:02 4777462                   /usr/lib/libsndio.so.7.3
7f4d0d25f000-7f4d0d262000 r--p 0000c000 103:02 4777462                   /usr/lib/libsndio.so.7.3
7f4d0d262000-7f4d0d263000 r--p 0000f000 103:02 4777462                   /usr/lib/libsndio.so.7.3
7f4d0d263000-7f4d0d264000 rw-p 00010000 103:02 4777462                   /usr/lib/libsndio.so.7.3
7f4d0d264000-7f4d0d266000 rw-p 00000000 00:00 0 
7f4d0d266000-7f4d0d26c000 r--p 00000000 103:02 4774597                   /usr/lib/libmujs.so
7f4d0d26c000-7f4d0d2aa000 r-xp 00006000 103:02 4774597                   /usr/lib/libmujs.so
7f4d0d2aa000-7f4d0d2bb000 r--p 00044000 103:02 4774597                   /usr/lib/libmujs.so
7f4d0d2bb000-7f4d0d2bd000 r--p 00055000 103:02 4774597                   /usr/lib/libmujs.so
7f4d0d2bd000-7f4d0d2be000 rw-p 00057000 103:02 4774597                   /usr/lib/libmujs.so
7f4d0d2be000-7f4d0d2c1000 r--p 00000000 103:02 4775212                   /usr/lib/libdvdnav.so.4.4.0
7f4d0d2c1000-7f4d0d2d0000 r-xp 00003000 103:02 4775212                   /usr/lib/libdvdnav.so.4.4.0
7f4d0d2d0000-7f4d0d2d4000 r--p 00012000 103:02 4775212                   /usr/lib/libdvdnav.so.4.4.0
7f4d0d2d4000-7f4d0d2d5000 r--p 00015000 103:02 4775212                   /usr/lib/libdvdnav.so.4.4.0
7f4d0d2d5000-7f4d0d2d6000 rw-p 00016000 103:02 4775212                   /usr/lib/libdvdnav.so.4.4.0
7f4d0d2d6000-7f4d0d2dc000 r--p 00000000 103:02 4773161                   /usr/lib/libcdio.so.19.1.0
7f4d0d2dc000-7f4d0d2f0000 r-xp 00006000 103:02 4773161                   /usr/lib/libcdio.so.19.1.0
7f4d0d2f0000-7f4d0d2f9000 r--p 0001a000 103:02 4773161                   /usr/lib/libcdio.so.19.1.0
7f4d0d2f9000-7f4d0d2fb000 r--p 00022000 103:02 4773161                   /usr/lib/libcdio.so.19.1.0
7f4d0d2fb000-7f4d0d2fc000 rw-p 00024000 103:02 4773161                   /usr/lib/libcdio.so.19.1.0
7f4d0d2fc000-7f4d0d2ff000 rw-p 00000000 00:00 0 
7f4d0d2ff000-7f4d0d300000 rw-p 00000000 00:00 0 
7f4d0d300000-7f4d0d304000 ---p 00000000 00:00 0 
7f4d0d304000-7f4d0d400000 rw-p 00000000 00:00 0 
7f4d0d400000-7f4d0d75b000 r--p 00000000 103:02 4833041                   /usr/lib/libnvidia-gpucomp.so.610.57.04
7f4d0d75b000-7f4d11cf8000 r-xp 0035b000 103:02 4833041                   /usr/lib/libnvidia-gpucomp.so.610.57.04
7f4d11cf8000-7f4d139e8000 r--p 048f8000 103:02 4833041                   /usr/lib/libnvidia-gpucomp.so.610.57.04
7f4d139e8000-7f4d13c3a000 r--p 065e7000 103:02 4833041                   /usr/lib/libnvidia-gpucomp.so.610.57.04
7f4d13c3a000-7f4d13dc5000 rw-p 06839000 103:02 4833041                   /usr/lib/libnvidia-gpucomp.so.610.57.04
7f4d13dc5000-7f4d13e80000 rw-p 00000000 00:00 0 
7f4d13e80000-7f4d13e82000 r--p 00000000 103:02 4773185                   /usr/lib/libcdio_cdda.so.2.0.0
7f4d13e82000-7f4d13e86000 r-xp 00002000 103:02 4773185                   /usr/lib/libcdio_cdda.so.2.0.0
7f4d13e86000-7f4d13e88000 r--p 00006000 103:02 4773185                   /usr/lib/libcdio_cdda.so.2.0.0
7f4d13e88000-7f4d13e89000 r--p 00007000 103:02 4773185                   /usr/lib/libcdio_cdda.so.2.0.0
7f4d13e89000-7f4d13e8a000 rw-p 00008000 103:02 4773185                   /usr/lib/libcdio_cdda.so.2.0.0
7f4d13e8a000-7f4d13e8b000 r--p 00000000 103:02 4773188                   /usr/lib/libcdio_paranoia.so.2.0.0
7f4d13e8b000-7f4d13e90000 r-xp 00001000 103:02 4773188                   /usr/lib/libcdio_paranoia.so.2.0.0
7f4d13e90000-7f4d13e91000 r--p 00006000 103:02 4773188                   /usr/lib/libcdio_paranoia.so.2.0.0
7f4d13e91000-7f4d13e92000 r--p 00006000 103:02 4773188                   /usr/lib/libcdio_paranoia.so.2.0.0
7f4d13e92000-7f4d13e93000 rw-p 00007000 103:02 4773188                   /usr/lib/libcdio_paranoia.so.2.0.0
7f4d13e93000-7f4d13e97000 r--p 00000000 103:02 4816269                   /usr/lib/libass.so.9.4.2
7f4d13e97000-7f4d13ecb000 r-xp 00004000 103:02 4816269                   /usr/lib/libass.so.9.4.2
7f4d13ecb000-7f4d13ed3000 r--p 00038000 103:02 4816269                   /usr/lib/libass.so.9.4.2
7f4d13ed3000-7f4d13ed4000 r--p 0003f000 103:02 4816269                   /usr/lib/libass.so.9.4.2
7f4d13ed4000-7f4d13ed5000 rw-p 00040000 103:02 4816269                   /usr/lib/libass.so.9.4.2
7f4d13ed5000-7f4d13f26000 r--p 00000000 103:02 4826231                   /usr/lib/libGLX_nvidia.so.610.57.04
7f4d13f26000-7f4d13f83000 r-xp 00051000 103:02 4826231                   /usr/lib/libGLX_nvidia.so.610.57.04
7f4d13f83000-7f4d13fb8000 rwxp 000ae000 103:02 4826231                   /usr/lib/libGLX_nvidia.so.610.57.04
7f4d13fb8000-7f4d13fb9000 r-xp 000e3000 103:02 4826231                   /usr/lib/libGLX_nvidia.so.610.57.04
7f4d13fb9000-7f4d13fd9000 r--p 000e4000 103:02 4826231                   /usr/lib/libGLX_nvidia.so.610.57.04
7f4d13fd9000-7f4d13ff9000 r--p 00103000 103:02 4826231                   /usr/lib/libGLX_nvidia.so.610.57.04
7f4d13ff9000-7f4d13ffe000 rw-p 00123000 103:02 4826231                   /usr/lib/libGLX_nvidia.so.610.57.04
7f4d13ffe000-7f4d18000000 rw-p 00000000 00:00 0 
7f4d18002000-7f4d18003000 rw-s 00000000 00:07 1110                       /dev/nvidiactl
7f4d18003000-7f4d18004000 r--p 00000000 103:02 4754785                   /usr/lib/libXss.so.1.0.0
7f4d18004000-7f4d18005000 r-xp 00001000 103:02 4754785                   /usr/lib/libXss.so.1.0.0
7f4d18005000-7f4d18006000 r--p 00002000 103:02 4754785                   /usr/lib/libXss.so.1.0.0
7f4d18006000-7f4d18007000 r--p 00002000 103:02 4754785                   /usr/lib/libXss.so.1.0.0
7f4d18007000-7f4d18008000 rw-p 00003000 103:02 4754785                   /usr/lib/libXss.so.1.0.0
7f4d18008000-7f4d1800a000 r--p 00000000 103:02 4769654                   /usr/lib/libswresample.so.7.1.101
7f4d1800a000-7f4d1802d000 r-xp 00002000 103:02 4769654                   /usr/lib/libswresample.so.7.1.101
7f4d1802d000-7f4d18032000 r--p 00025000 103:02 4769654                   /usr/lib/libswresample.so.7.1.101
7f4d18032000-7f4d18034000 r--p 0002a000 103:02 4769654                   /usr/lib/libswresample.so.7.1.101
7f4d18034000-7f4d18035000 rw-p 0002c000 103:02 4769654                   /usr/lib/libswresample.so.7.1.101
7f4d18035000-7f4d18036000 r--p 00000000 103:02 4834742                   /usr/lib/libnvidia-tls.so.610.57.04
7f4d18036000-7f4d18038000 r-xp 00001000 103:02 4834742                   /usr/lib/libnvidia-tls.so.610.57.04
7f4d18038000-7f4d18039000 r--p 00003000 103:02 4834742                   /usr/lib/libnvidia-tls.so.610.57.04
7f4d18039000-7f4d1803a000 r--p 00003000 103:02 4834742                   /usr/lib/libnvidia-tls.so.610.57.04
7f4d1803a000-7f4d1803b000 rw-p 00004000 103:02 4834742                   /usr/lib/libnvidia-tls.so.610.57.04
7f4d1803b000-7f4d1803d000 r--p 00000000 103:02 4750371                   /usr/lib/libGLX.so.0.0.0
7f4d1803d000-7f4d18057000 r-xp 00002000 103:02 4750371                   /usr/lib/libGLX.so.0.0.0
7f4d18057000-7f4d1805a000 r--p 0001c000 103:02 4750371                   /usr/lib/libGLX.so.0.0.0
7f4d1805a000-7f4d1805b000 r--p 0001f000 103:02 4750371                   /usr/lib/libGLX.so.0.0.0
7f4d1805b000-7f4d1805c000 rw-p 00020000 103:02 4750371                   /usr/lib/libGLX.so.0.0.0
7f4d1805c000-7f4d1806c000 rw-p 00000000 00:00 0 
7f4d1806c000-7f4d1809b000 r--p 00000000 103:02 4750360                   /usr/lib/libGL.so.1.7.0
7f4d1809b000-7f4d180ba000 r-xp 0002f000 103:02 4750360                   /usr/lib/libGL.so.1.7.0
7f4d180ba000-7f4d180ce000 r--p 0004e000 103:02 4750360                   /usr/lib/libGL.so.1.7.0
7f4d180ce000-7f4d180dc000 r--p 00062000 103:02 4750360                   /usr/lib/libGL.so.1.7.0
7f4d180dc000-7f4d180dd000 rw-p 00070000 103:02 4750360                   /usr/lib/libGL.so.1.7.0
7f4d180dd000-7f4d180de000 rw-p 00000000 00:00 0 
7f4d180de000-7f4d180df000 rw-p 00000000 00:00 0 
7f4d180df000-7f4d180e3000 ---p 00000000 00:00 0 
7f4d180e3000-7f4d181df000 rw-p 00000000 00:00 0 
7f4d181df000-7f4d18212000 r--p 00000000 00:2f 28159                      /tmp/lwjgl_annihilator/3.3.6+1/x64/liblwjgl_opengl.so
7f4d18212000-7f4d18226000 r-xp 00033000 00:2f 28159                      /tmp/lwjgl_annihilator/3.3.6+1/x64/liblwjgl_opengl.so
7f4d18226000-7f4d18236000 r--p 00047000 00:2f 28159                      /tmp/lwjgl_annihilator/3.3.6+1/x64/liblwjgl_opengl.so
7f4d18236000-7f4d18237000 r--p 00056000 00:2f 28159                      /tmp/lwjgl_annihilator/3.3.6+1/x64/liblwjgl_opengl.so
7f4d18237000-7f4d18238000 rw-p 00057000 00:2f 28159                      /tmp/lwjgl_annihilator/3.3.6+1/x64/liblwjgl_opengl.so
7f4d1823c000-7f4d182a1000 r--p 00000000 103:02 5014472                   /usr/share/fonts/liberation/LiberationSans-Regular.ttf
7f4d182a1000-7f4d1833c000 r--p 00000000 103:02 5641617                   /usr/share/fonts/noto/NotoSans-Bold.ttf
7f4d1833c000-7f4d1837c000 rw-s 00000000 00:07 1110                       /dev/nvidiactl
7f4d1837c000-7f4d1839c000 rw-s 00000000 00:07 1110                       /dev/nvidiactl
7f4d1839c000-7f4d183dc000 rw-s 00000000 00:07 1110                       /dev/nvidiactl
7f4d183dc000-7f4d183fc000 rw-s 00000000 00:07 1110                       /dev/nvidiactl
7f4d183fc000-7f4d183fd000 rw-p 00000000 00:00 0 
7f4d183fd000-7f4d18401000 ---p 00000000 00:00 0 
7f4d18401000-7f4d184fe000 rw-p 00000000 00:00 0 
7f4d184fe000-7f4d18502000 ---p 00000000 00:00 0 
7f4d18502000-7f4d185ff000 rw-p 00000000 00:00 0 
7f4d185ff000-7f4d18603000 ---p 00000000 00:00 0 
7f4d18603000-7f4d18700000 rw-p 00000000 00:00 0 
7f4d18700000-7f4d18704000 ---p 00000000 00:00 0 
7f4d18704000-7f4d18800000 rw-p 00000000 00:00 0 
7f4d18800000-7f4d1881b000 r--p 00000000 103:02 4834667                   /usr/lib/libgallium-26.2.1-arch1.1.so
7f4d1881b000-7f4d1a89b000 r-xp 0001b000 103:02 4834667                   /usr/lib/libgallium-26.2.1-arch1.1.so
7f4d1a89b000-7f4d1baed000 r--p 0209b000 103:02 4834667                   /usr/lib/libgallium-26.2.1-arch1.1.so
7f4d1baed000-7f4d1bc6b000 r--p 032ec000 103:02 4834667                   /usr/lib/libgallium-26.2.1-arch1.1.so
7f4d1bc6b000-7f4d1bca9000 rw-p 0346a000 103:02 4834667                   /usr/lib/libgallium-26.2.1-arch1.1.so
7f4d1bca9000-7f4d1be77000 rw-p 00000000 00:00 0 
7f4d1be78000-7f4d1be79000 r--s 00000000 00:07 1110                       /dev/nvidiactl
7f4d1be79000-7f4d1be8c000 rw-s 00000000 00:07 1110                       /dev/nvidiactl
7f4d1be8c000-7f4d1becc000 rw-s 00000000 00:07 1110                       /dev/nvidiactl
7f4d1bed7000-7f4d1beec000 r--p 00000000 103:02 5509699                   /usr/share/fonts/gsfonts/NimbusSans-Bold.otf
7f4d1beec000-7f4d1beee000 r--p 00000000 103:02 4815623                   /usr/lib/libXfixes.so.3.1.0
7f4d1beee000-7f4d1bef1000 r-xp 00002000 103:02 4815623                   /usr/lib/libXfixes.so.3.1.0
7f4d1bef1000-7f4d1bef2000 r--p 00005000 103:02 4815623                   /usr/lib/libXfixes.so.3.1.0
7f4d1bef2000-7f4d1bef3000 r--p 00005000 103:02 4815623                   /usr/lib/libXfixes.so.3.1.0
7f4d1bef3000-7f4d1bef4000 rw-p 00006000 103:02 4815623                   /usr/lib/libXfixes.so.3.1.0
7f4d1bef4000-7f4d1bef7000 r--p 00000000 103:02 4763482                   /usr/lib/libXcursor.so.1.0.2
7f4d1bef7000-7f4d1befd000 r-xp 00003000 103:02 4763482                   /usr/lib/libXcursor.so.1.0.2
7f4d1befd000-7f4d1beff000 r--p 00009000 103:02 4763482                   /usr/lib/libXcursor.so.1.0.2
7f4d1beff000-7f4d1bf00000 r--p 0000a000 103:02 4763482                   /usr/lib/libXcursor.so.1.0.2
7f4d1bf00000-7f4d1bf01000 rw-p 0000b000 103:02 4763482                   /usr/lib/libXcursor.so.1.0.2
7f4d1bf01000-7f4d1bf05000 r--p 00000000 103:02 7880776                   /usr/lib/jvm/java-26-openjdk/lib/libfontmanager.so
7f4d1bf05000-7f4d1bf0e000 r-xp 00004000 103:02 7880776                   /usr/lib/jvm/java-26-openjdk/lib/libfontmanager.so
7f4d1bf0e000-7f4d1bf10000 r--p 0000d000 103:02 7880776                   /usr/lib/jvm/java-26-openjdk/lib/libfontmanager.so
7f4d1bf10000-7f4d1bf11000 r--p 0000e000 103:02 7880776                   /usr/lib/jvm/java-26-openjdk/lib/libfontmanager.so
7f4d1bf11000-7f4d1bf12000 rw-p 0000f000 103:02 7880776                   /usr/lib/jvm/java-26-openjdk/lib/libfontmanager.so
7f4d1bf12000-7f4d1bf14000 r--p 00000000 103:02 4761076                   /usr/lib/libXtst.so.6.1.0
7f4d1bf14000-7f4d1bf17000 r-xp 00002000 103:02 4761076                   /usr/lib/libXtst.so.6.1.0
7f4d1bf17000-7f4d1bf18000 r--p 00005000 103:02 4761076                   /usr/lib/libXtst.so.6.1.0
7f4d1bf18000-7f4d1bf19000 r--p 00005000 103:02 4761076                   /usr/lib/libXtst.so.6.1.0
7f4d1bf19000-7f4d1bf1a000 rw-p 00006000 103:02 4761076                   /usr/lib/libXtst.so.6.1.0
7f4d1bf1a000-7f4d1bf1e000 r--p 00000000 103:02 7880771                   /usr/lib/jvm/java-26-openjdk/lib/libawt.so
7f4d1bf1e000-7f4d1bfc2000 r-xp 00004000 103:02 7880771                   /usr/lib/jvm/java-26-openjdk/lib/libawt.so
7f4d1bfc2000-7f4d1bfcf000 r--p 000a8000 103:02 7880771                   /usr/lib/jvm/java-26-openjdk/lib/libawt.so
7f4d1bfcf000-7f4d1bfd0000 r--p 000b4000 103:02 7880771                   /usr/lib/jvm/java-26-openjdk/lib/libawt.so
7f4d1bfd0000-7f4d1bfdb000 rw-p 000b5000 103:02 7880771                   /usr/lib/jvm/java-26-openjdk/lib/libawt.so
7f4d1bfdb000-7f4d1c9a7000 rw-p 00000000 00:00 0 
7f4d1c9a7000-7f4d20000000 ---p 00000000 00:00 0 
7f4d20000000-7f4d22244000 rw-p 00000000 00:00 0 
7f4d22244000-7f4d24000000 ---p 00000000 00:00 0 
7f4d24000000-7f4d24400000 rw-p 00000000 00:00 0 
7f4d24400000-7f4d24700000 rw-p 00000000 00:00 0 
7f4d24700000-7f4d24800000 rw-p 00000000 00:00 0 
7f4d24800000-7f4d24900000 rw-p 00000000 00:00 0 
7f4d24900000-7f4d24a00000 rw-p 00000000 00:00 0 
7f4d24a00000-7f4d251c0000 rw-p 00000000 00:00 0 
7f4d251c0000-7f4d25200000 rw-p 00000000 00:00 0 
7f4d25200000-7f4d254c0000 rw-p 00000000 00:00 0 
7f4d254c0000-7f4d25700000 rw-p 00000000 00:00 0 
7f4d25700000-7f4d25800000 rw-p 00000000 00:00 0 
7f4d25800000-7f4d25ec0000 rw-p 00000000 00:00 0 
7f4d25ec0000-7f4d25f00000 rw-p 00000000 00:00 0 
7f4d25f00000-7f4d26100000 rw-p 00000000 00:00 0 
7f4d26100000-7f4d26200000 rw-p 00000000 00:00 0 
7f4d26200000-7f4d26380000 rw-p 00000000 00:00 0 
7f4d26380000-7f4d26400000 rw-p 00000000 00:00 0 
7f4d26400000-7f4d26500000 rw-p 00000000 00:00 0 
7f4d26500000-7f4d26600000 rw-p 00000000 00:00 0 
7f4d26600000-7f4d26700000 rw-p 00000000 00:00 0 
7f4d26700000-7f4d26800000 rw-p 00000000 00:00 0 
7f4d26800000-7f4d26b00000 rw-p 00000000 00:00 0 
7f4d26b00000-7f4d26c00000 rw-p 00000000 00:00 0 
7f4d26c00000-7f4d26f00000 rw-p 00000000 00:00 0 
7f4d26f00000-7f4d27000000 rw-p 00000000 00:00 0 
7f4d27000000-7f4d27f00000 rw-p 00000000 00:00 0 
7f4d27f00000-7f4d28000000 rw-p 00000000 00:00 0 
7f4d28000000-7f4d2c000000 rw-p 00000000 00:00 0 
7f4d2c000000-7f4d2ed35000 rw-p 00000000 00:00 0 
7f4d2ed35000-7f4d30000000 ---p 00000000 00:00 0 
7f4d30000000-7f4d333fe000 rw-p 00000000 00:00 0 
7f4d333fe000-7f4d34000000 ---p 00000000 00:00 0 
7f4d34000000-7f4d34001000 rw-s 00000000 00:07 1110                       /dev/nvidiactl
7f4d34001000-7f4d34002000 rw-s 00000000 00:07 1112                       /dev/nvidia0
7f4d34002000-7f4d34004000 rw-s 00000000 00:07 1110                       /dev/nvidiactl
7f4d34004000-7f4d34012000 r--p 00000000 103:02 7880773                   /usr/lib/jvm/java-26-openjdk/lib/libawt_xawt.so
7f4d34012000-7f4d34056000 r-xp 0000e000 103:02 7880773                   /usr/lib/jvm/java-26-openjdk/lib/libawt_xawt.so
7f4d34056000-7f4d3406a000 r--p 00052000 103:02 7880773                   /usr/lib/jvm/java-26-openjdk/lib/libawt_xawt.so
7f4d3406a000-7f4d3406c000 r--p 00066000 103:02 7880773                   /usr/lib/jvm/java-26-openjdk/lib/libawt_xawt.so
7f4d3406c000-7f4d3406d000 rw-p 00068000 103:02 7880773                   /usr/lib/jvm/java-26-openjdk/lib/libawt_xawt.so
7f4d3406d000-7f4d3406e000 rw-p 00000000 00:00 0 
7f4d3406e000-7f4d34109000 r--p 00000000 103:02 5641617                   /usr/share/fonts/noto/NotoSans-Bold.ttf
7f4d34109000-7f4d341a4000 r--p 00000000 103:02 5641617                   /usr/share/fonts/noto/NotoSans-Bold.ttf
7f4d341a4000-7f4d341ba000 r--s 00000000 103:02 3835467                   /var/cache/fontconfig/17ce8022be83857151cced15433ac5ab-le64.cache-12
7f4d341ba000-7f4d341bb000 r--s 00000000 103:02 3803672                   /var/cache/fontconfig/1b6853af091219762dc5c68646ca68b7-le64.cache-12
7f4d341bb000-7f4d341be000 r--s 00000000 103:02 3802392                   /var/cache/fontconfig/73edfbc81426f3b2593aba7ca9378882-le64.cache-12
7f4d341be000-7f4d341c7000 r--s 00000000 103:02 3835464                   /var/cache/fontconfig/2fbfc6d3726617df5d72e45ca91ca896-le64.cache-12
7f4d341c7000-7f4d341c8000 r--s 00000000 103:02 3835441                   /var/cache/fontconfig/787b69f04c7448ed6c581b040220c91f-le64.cache-12
7f4d341c8000-7f4d341cb000 r--s 00000000 103:02 3835420                   /var/cache/fontconfig/e552019f4ed2e530c25d313cf4ffa813-le64.cache-12
7f4d341cb000-7f4d341d7000 r--s 00000000 103:02 3835403                   /var/cache/fontconfig/7d660be5d4eca970fa91d6ca176f5ce2-le64.cache-12
7f4d341d7000-7f4d341e8000 r--s 00000000 103:02 3835390                   /var/cache/fontconfig/035f0ebf2f86af269427f030f354ef4b-le64.cache-12
7f4d341e8000-7f4d341f8000 r--s 00000000 103:02 3835379                   /var/cache/fontconfig/f2e61d441ca43dbfffafb9d0f2c6d8fc-le64.cache-12
7f4d341f8000-7f4d34222000 r--s 00000000 103:02 3835365                   /var/cache/fontconfig/f2e43df3287529323e79e7929dc44cc9-le64.cache-12
7f4d34222000-7f4d3433c000 r--s 00000000 103:02 3835361                   /var/cache/fontconfig/923e285e415b1073c8df160bee08820f-le64.cache-12
7f4d3433c000-7f4d34342000 r--s 00000000 103:02 3817989                   /var/cache/fontconfig/b67b32625a2bb51b023d3814a918f351-le64.cache-12
7f4d34342000-7f4d34352000 r--s 00000000 103:02 3804352                   /var/cache/fontconfig/491f45a0a771fef1c10b9b647a97fb82-le64.cache-12
7f4d34352000-7f4d34366000 r--s 00000000 103:02 3804343                   /var/cache/fontconfig/614d1caaa4d7914789410f6367de37ca-le64.cache-12
7f4d34366000-7f4d34375000 r--s 00000000 103:02 3804155                   /var/cache/fontconfig/1dce2cb908b447e938fc03acd9b47fcf-le64.cache-12
7f4d34375000-7f4d3437b000 r--s 00000000 103:02 3803766                   /var/cache/fontconfig/d62e99ef547d1d24cdb1bd22ec1a2976-le64.cache-12
7f4d3437b000-7f4d3446c000 r--s 00000000 103:02 3835673                   /var/cache/fontconfig/f6b893a7224233d96cb72fd88691c0b4-le64.cache-12
7f4d3446c000-7f4d34490000 r--s 00000000 103:02 3801846                   /var/cache/fontconfig/f349e9996a5320f6dd491cedd2b1f964-le64.cache-12
7f4d34490000-7f4d3449c000 r--s 00000000 103:02 3801653                   /var/cache/fontconfig/4b31aef11cb0687b6d280d34cbe23592-le64.cache-12
7f4d3449c000-7f4d344b6000 r--s 00000000 103:02 4334283                   /home/annihilator/.cache/fontconfig/bc42231c8840afdbc8a160eb8f6a66fd-le64.cache-12
7f4d344b6000-7f4d345ce000 r--s 00000000 103:02 4334062                   /home/annihilator/.cache/fontconfig/360f0685862970c3eedca8185ab72cfb-le64.cache-12
7f4d345ce000-7f4d345cf000 rw-s 00000000 00:07 1110                       /dev/nvidiactl
7f4d345cf000-7f4d345d0000 r--p 00000000 103:02 4763546                   /usr/lib/libXinerama.so.1.0.0
7f4d345d0000-7f4d345d1000 r-xp 00001000 103:02 4763546                   /usr/lib/libXinerama.so.1.0.0
7f4d345d1000-7f4d345d2000 r--p 00002000 103:02 4763546                   /usr/lib/libXinerama.so.1.0.0
7f4d345d2000-7f4d345d3000 r--p 00002000 103:02 4763546                   /usr/lib/libXinerama.so.1.0.0
7f4d345d3000-7f4d345d4000 rw-p 00003000 103:02 4763546                   /usr/lib/libXinerama.so.1.0.0
7f4d345d4000-7f4d345d7000 r--p 00000000 103:02 4760999                   /usr/lib/libXi.so.6.1.0
7f4d345d7000-7f4d345e4000 r-xp 00003000 103:02 4760999                   /usr/lib/libXi.so.6.1.0
7f4d345e4000-7f4d345e7000 r--p 00010000 103:02 4760999                   /usr/lib/libXi.so.6.1.0
7f4d345e7000-7f4d345e8000 r--p 00012000 103:02 4760999                   /usr/lib/libXi.so.6.1.0
7f4d345e8000-7f4d345e9000 rw-p 00013000 103:02 4760999                   /usr/lib/libXi.so.6.1.0
7f4d345ec000-7f4d3466c000 rw-s 00000000 00:07 1110                       /dev/nvidiactl
7f4d3466c000-7f4d3476c000 rw-s 00000000 00:07 1110                       /dev/nvidiactl
7f4d3476c000-7f4d347ec000 rw-s 00000000 00:07 1110                       /dev/nvidiactl
7f4d347ec000-7f4d347ff000 rw-s 00000000 00:07 1110                       /dev/nvidiactl
7f4d347ff000-7f4d35000000 rw-p 00000000 00:00 0 
7f4d35000000-7f4d35048000 r--p 00000000 103:02 4745608                   /usr/lib/libicuuc.so.78.3
7f4d35048000-7f4d35165000 r-xp 00048000 103:02 4745608                   /usr/lib/libicuuc.so.78.3
7f4d35165000-7f4d351f8000 r--p 00165000 103:02 4745608                   /usr/lib/libicuuc.so.78.3
7f4d351f8000-7f4d3520b000 r--p 001f8000 103:02 4745608                   /usr/lib/libicuuc.so.78.3
7f4d3520b000-7f4d3520c000 rw-p 0020b000 103:02 4745608                   /usr/lib/libicuuc.so.78.3
7f4d3520c000-7f4d3520e000 rw-p 00000000 00:00 0 
7f4d3520e000-7f4d3524e000 rw-s 00000000 00:07 1110                       /dev/nvidiactl
7f4d3524e000-7f4d3526e000 rw-s 00000000 00:07 1110                       /dev/nvidiactl
7f4d3526e000-7f4d352ee000 rw-s 00000000 00:07 1112                       /dev/nvidia0
7f4d352ee000-7f4d35308000 r--p 00000000 103:02 4744067                   /usr/lib/libxml2.so.16.1.3
7f4d35308000-7f4d353dc000 r-xp 0001a000 103:02 4744067                   /usr/lib/libxml2.so.16.1.3
7f4d353dc000-7f4d35419000 r--p 000ee000 103:02 4744067                   /usr/lib/libxml2.so.16.1.3
7f4d35419000-7f4d35422000 r--p 0012b000 103:02 4744067                   /usr/lib/libxml2.so.16.1.3
7f4d35422000-7f4d35423000 rw-p 00134000 103:02 4744067                   /usr/lib/libxml2.so.16.1.3
7f4d35423000-7f4d35424000 rw-p 00000000 00:00 0 
7f4d35424000-7f4d3543d000 r--p 00000000 103:02 4817130                   /usr/lib/libSPIRV-Tools.so
7f4d3543d000-7f4d35576000 r-xp 00019000 103:02 4817130                   /usr/lib/libSPIRV-Tools.so
7f4d35576000-7f4d355fc000 r--p 00152000 103:02 4817130                   /usr/lib/libSPIRV-Tools.so
7f4d355fc000-7f4d355ff000 r--p 001d8000 103:02 4817130                   /usr/lib/libSPIRV-Tools.so
7f4d355ff000-7f4d35600000 rw-p 001db000 103:02 4817130                   /usr/lib/libSPIRV-Tools.so
7f4d35600000-7f4d35819000 r--p 00000000 103:02 4831215                   /usr/lib/libnvidia-eglcore.so.610.57.04
7f4d35819000-7f4d3645f000 r-xp 00219000 103:02 4831215                   /usr/lib/libnvidia-eglcore.so.610.57.04
7f4d3645f000-7f4d3798a000 r--p 00e5f000 103:02 4831215                   /usr/lib/libnvidia-eglcore.so.610.57.04
7f4d3798a000-7f4d3798b000 ---p 0238a000 103:02 4831215                   /usr/lib/libnvidia-eglcore.so.610.57.04
7f4d3798b000-7f4d37b00000 r--p 0238a000 103:02 4831215                   /usr/lib/libnvidia-eglcore.so.610.57.04
7f4d37b00000-7f4d37b49000 rw-p 024ff000 103:02 4831215                   /usr/lib/libnvidia-eglcore.so.610.57.04
7f4d37b49000-7f4d37b60000 rw-p 00000000 00:00 0 
7f4d37b60000-7f4d37ba0000 rw-s 00000000 00:07 1110                       /dev/nvidiactl
7f4d37ba0000-7f4d37bc0000 rw-s 00000000 00:07 1110                       /dev/nvidiactl
7f4d37bc0000-7f4d37c00000 rw-s 00000000 00:07 1110                       /dev/nvidiactl
7f4d37c3c000-7f4d37c3d000 rw-p 00000000 00:00 0 
7f4d37c3d000-7f4d37c41000 ---p 00000000 00:00 0 
7f4d37c41000-7f4d37d3e000 rw-p 00000000 00:00 0 
7f4d37d3e000-7f4d37d42000 ---p 00000000 00:00 0 
7f4d37d42000-7f4d37e3e000 rw-p 00000000 00:00 0 
7f4d37e3e000-7f4d37e3f000 r--s 00000000 103:02 3835395                   /var/cache/fontconfig/a8773ec71f9da9b44a891b13321e5faa-le64.cache-12
7f4d37e3f000-7f4d37e40000 r--s 00000000 103:02 3823352                   /var/cache/fontconfig/8d4af663993b81a124ee82e610bb31f9-le64.cache-12
7f4d37e40000-7f4d37e41000 r--s 00000000 103:02 4334244                   /home/annihilator/.cache/fontconfig/8f6bef61d9f77da15272a6237cc42cae-le64.cache-12
7f4d37e41000-7f4d37e43000 r--s 00000000 103:02 3801209                   /var/cache/fontconfig/3830d5c3ddfd5cd38a049b759396e72e-le64.cache-12
7f4d37e43000-7f4d37e44000 rw-p 00000000 00:00 0 
7f4d37e44000-7f4d37e45000 rw-p 00000000 00:00 0 
7f4d37e45000-7f4d37e48000 rw-s 00000000 00:07 1110                       /dev/nvidiactl
7f4d37e48000-7f4d37e4a000 rw-s 00000000 00:01 727421                     /memfd:/.glXXXXXX (deleted)
7f4d37e4a000-7f4d37e4e000 rw-s 00000000 00:07 1110                       /dev/nvidiactl
7f4d37e4e000-7f4d37e50000 rw-s 00000000 00:07 1110                       /dev/nvidiactl
7f4d37e50000-7f4d37e54000 rw-s 00000000 00:07 1110                       /dev/nvidiactl
7f4d37e54000-7f4d37e55000 r--p 00000000 00:00 0 
7f4d37e57000-7f4d37e62000 rw-p 00000000 00:00 0 
7f4d37e62000-7f4d37e63000 r--p 00000000 103:02 7880798                   /usr/lib/jvm/java-26-openjdk/lib/libprefs.so
7f4d37e63000-7f4d37e64000 r-xp 00001000 103:02 7880798                   /usr/lib/jvm/java-26-openjdk/lib/libprefs.so
7f4d37e64000-7f4d37e65000 r--p 00002000 103:02 7880798                   /usr/lib/jvm/java-26-openjdk/lib/libprefs.so
7f4d37e65000-7f4d37e66000 r--p 00002000 103:02 7880798                   /usr/lib/jvm/java-26-openjdk/lib/libprefs.so
7f4d37e66000-7f4d37e67000 rw-p 00003000 103:02 7880798                   /usr/lib/jvm/java-26-openjdk/lib/libprefs.so
7f4d37e67000-7f4d37e68000 rw-s 00000000 00:01 723472                     /memfd:WebKitSharedMemory (deleted)
7f4d37e68000-7f4d37e6b000 r--p 00000000 103:02 4776442                   /usr/share/locale/en_GB/LC_MESSAGES/at-spi2-core.mo
7f4d37e6b000-7f4d37e6f000 rw-p 00000000 00:00 0 
7f4d37e6f000-7f4d37e70000 r--p 00000000 103:02 7880775                   /usr/lib/jvm/java-26-openjdk/lib/libextnet.so
7f4d37e70000-7f4d37e71000 r-xp 00001000 103:02 7880775                   /usr/lib/jvm/java-26-openjdk/lib/libextnet.so
7f4d37e71000-7f4d37e72000 r--p 00002000 103:02 7880775                   /usr/lib/jvm/java-26-openjdk/lib/libextnet.so
7f4d37e72000-7f4d37e73000 r--p 00002000 103:02 7880775                   /usr/lib/jvm/java-26-openjdk/lib/libextnet.so
7f4d37e73000-7f4d37e74000 rw-p 00003000 103:02 7880775                   /usr/lib/jvm/java-26-openjdk/lib/libextnet.so
7f4d37e74000-7f4d37e84000 rw-s 00000000 00:07 1112                       /dev/nvidia0
7f4d37e84000-7f4d37e87000 r--p 00000000 103:02 4831197                   /usr/lib/libnvidia-allocator.so.610.57.04
7f4d37e87000-7f4d37e9b000 r-xp 00003000 103:02 4831197                   /usr/lib/libnvidia-allocator.so.610.57.04
7f4d37e9b000-7f4d37ea5000 r--p 00017000 103:02 4831197                   /usr/lib/libnvidia-allocator.so.610.57.04
7f4d37ea5000-7f4d37ea6000 r--p 00020000 103:02 4831197                   /usr/lib/libnvidia-allocator.so.610.57.04
7f4d37ea6000-7f4d37ea7000 rw-p 00021000 103:02 4831197                   /usr/lib/libnvidia-allocator.so.610.57.04
7f4d37ea7000-7f4d37ea9000 rw-p 00000000 00:00 0 
7f4d37ea9000-7f4d37eb6000 r--p 00000000 103:02 4722861                   /usr/lib/libncursesw.so.6.6
7f4d37eb6000-7f4d37efe000 r-xp 0000d000 103:02 4722861                   /usr/lib/libncursesw.so.6.6
7f4d37efe000-7f4d37f14000 r--p 00055000 103:02 4722861                   /usr/lib/libncursesw.so.6.6
7f4d37f14000-7f4d37f19000 r--p 0006a000 103:02 4722861                   /usr/lib/libncursesw.so.6.6
7f4d37f19000-7f4d37f1a000 rw-p 0006f000 103:02 4722861                   /usr/lib/libncursesw.so.6.6
7f4d37f1a000-7f4d37f26000 r--p 00000000 103:02 4740223                   /usr/lib/libzstd.so.1.5.7
7f4d37f26000-7f4d37fed000 r-xp 0000c000 103:02 4740223                   /usr/lib/libzstd.so.1.5.7
7f4d37fed000-7f4d37ffe000 r--p 000d3000 103:02 4740223                   /usr/lib/libzstd.so.1.5.7
7f4d37ffe000-7f4d37fff000 r--p 000e4000 103:02 4740223                   /usr/lib/libzstd.so.1.5.7
7f4d37fff000-7f4d38000000 rw-p 000e5000 103:02 4740223                   /usr/lib/libzstd.so.1.5.7
7f4d38000000-7f4d3aba9000 rw-p 00000000 00:00 0 
7f4d3aba9000-7f4d3c000000 ---p 00000000 00:00 0 
7f4d3c000000-7f4d3e08e000 rw-p 00000000 00:00 0 
7f4d3e08e000-7f4d40000000 ---p 00000000 00:00 0 
7f4d40000000-7f4d4108b000 rw-p 00000000 00:00 0 
7f4d4108b000-7f4d44000000 ---p 00000000 00:00 0 
7f4d44000000-7f4d47d91000 rw-p 00000000 00:00 0 
7f4d47d91000-7f4d48000000 ---p 00000000 00:00 0 
7f4d48000000-7f4d48cf3000 rw-p 00000000 00:00 0 
7f4d48cf3000-7f4d4c000000 ---p 00000000 00:00 0 
7f4d4c000000-7f4d4d65e000 rw-p 00000000 00:00 0 
7f4d4d65e000-7f4d50000000 ---p 00000000 00:00 0 
7f4d50000000-7f4d50001000 rw-s 00000000 00:07 1110                       /dev/nvidiactl
7f4d50001000-7f4d50003000 r--p 00000000 103:02 4761468                   /usr/lib/libpciaccess.so.0.11.1
7f4d50003000-7f4d50008000 r-xp 00002000 103:02 4761468                   /usr/lib/libpciaccess.so.0.11.1
7f4d50008000-7f4d5000a000 r--p 00007000 103:02 4761468                   /usr/lib/libpciaccess.so.0.11.1
7f4d5000a000-7f4d5000b000 r--p 00008000 103:02 4761468                   /usr/lib/libpciaccess.so.0.11.1
7f4d5000b000-7f4d5000c000 rw-p 00009000 103:02 4761468                   /usr/lib/libpciaccess.so.0.11.1
7f4d5000c000-7f4d50012000 r--p 00000000 103:02 4754841                   /usr/lib/libedit.so.0.0.78
7f4d50012000-7f4d50034000 r-xp 00006000 103:02 4754841                   /usr/lib/libedit.so.0.0.78
7f4d50034000-7f4d50041000 r--p 00028000 103:02 4754841                   /usr/lib/libedit.so.0.0.78
7f4d50041000-7f4d50044000 r--p 00034000 103:02 4754841                   /usr/lib/libedit.so.0.0.78
7f4d50044000-7f4d50045000 rw-p 00037000 103:02 4754841                   /usr/lib/libedit.so.0.0.78
7f4d50045000-7f4d50048000 rw-p 00000000 00:00 0 
7f4d50048000-7f4d5004b000 r--p 00000000 103:02 4780642                   /usr/lib/libdrm_intel.so.1.134.0
7f4d5004b000-7f4d50062000 r-xp 00003000 103:02 4780642                   /usr/lib/libdrm_intel.so.1.134.0
7f4d50062000-7f4d5006c000 r--p 0001a000 103:02 4780642                   /usr/lib/libdrm_intel.so.1.134.0
7f4d5006c000-7f4d5006d000 r--p 00023000 103:02 4780642                   /usr/lib/libdrm_intel.so.1.134.0
7f4d5006d000-7f4d5006e000 rw-p 00024000 103:02 4780642                   /usr/lib/libdrm_intel.so.1.134.0
7f4d5006e000-7f4d50071000 r--p 00000000 103:02 4780638                   /usr/lib/libdrm_amdgpu.so.1.134.0
7f4d50071000-7f4d50077000 r-xp 00003000 103:02 4780638                   /usr/lib/libdrm_amdgpu.so.1.134.0
7f4d50077000-7f4d50079000 r--p 00009000 103:02 4780638                   /usr/lib/libdrm_amdgpu.so.1.134.0
7f4d50079000-7f4d5007a000 r--p 0000a000 103:02 4780638                   /usr/lib/libdrm_amdgpu.so.1.134.0
7f4d5007a000-7f4d5007b000 rw-p 0000b000 103:02 4780638                   /usr/lib/libdrm_amdgpu.so.1.134.0
7f4d5007b000-7f4d5007e000 r--p 00000000 103:02 4735313                   /usr/lib/libelf-0.196.so
7f4d5007e000-7f4d50092000 r-xp 00003000 103:02 4735313                   /usr/lib/libelf-0.196.so
7f4d50092000-7f4d50097000 r--p 00017000 103:02 4735313                   /usr/lib/libelf-0.196.so
7f4d50097000-7f4d50098000 r--p 0001b000 103:02 4735313                   /usr/lib/libelf-0.196.so
7f4d50098000-7f4d50099000 rw-p 0001c000 103:02 4735313                   /usr/lib/libelf-0.196.so
7f4d50099000-7f4d5009a000 r--p 00000000 103:02 4843174                   /usr/lib/libxshmfence.so.1.0.0
7f4d5009a000-7f4d5009b000 r-xp 00001000 103:02 4843174                   /usr/lib/libxshmfence.so.1.0.0
7f4d5009b000-7f4d5009c000 r--p 00002000 103:02 4843174                   /usr/lib/libxshmfence.so.1.0.0
7f4d5009c000-7f4d5009d000 r--p 00002000 103:02 4843174                   /usr/lib/libxshmfence.so.1.0.0
7f4d5009d000-7f4d5009e000 rw-p 00003000 103:02 4843174                   /usr/lib/libxshmfence.so.1.0.0
7f4d5009e000-7f4d500a1000 r--p 00000000 103:02 4751865                   /usr/lib/libxcb-sync.so.1.0.0
7f4d500a1000-7f4d500a4000 r-xp 00003000 103:02 4751865                   /usr/lib/libxcb-sync.so.1.0.0
7f4d500a4000-7f4d500a5000 r--p 00006000 103:02 4751865                   /usr/lib/libxcb-sync.so.1.0.0
7f4d500a5000-7f4d500a6000 r--p 00007000 103:02 4751865                   /usr/lib/libxcb-sync.so.1.0.0
7f4d500a6000-7f4d500a7000 rw-p 00008000 103:02 4751865                   /usr/lib/libxcb-sync.so.1.0.0
7f4d500a7000-7f4d500a9000 r--p 00000000 103:02 4763334                   /usr/lib/libsensors.so.5.0.0
7f4d500a9000-7f4d500b1000 r-xp 00002000 103:02 4763334                   /usr/lib/libsensors.so.5.0.0
7f4d500b1000-7f4d500b5000 r--p 0000a000 103:02 4763334                   /usr/lib/libsensors.so.5.0.0
7f4d500b5000-7f4d500b6000 r--p 0000e000 103:02 4763334                   /usr/lib/libsensors.so.5.0.0
7f4d500b6000-7f4d500b7000 rw-p 0000f000 103:02 4763334                   /usr/lib/libsensors.so.5.0.0
7f4d500b7000-7f4d500ba000 r--p 00000000 103:02 4751872                   /usr/lib/libxcb-xfixes.so.0.0.0
7f4d500ba000-7f4d500bd000 r-xp 00003000 103:02 4751872                   /usr/lib/libxcb-xfixes.so.0.0.0
7f4d500bd000-7f4d500be000 r--p 00006000 103:02 4751872                   /usr/lib/libxcb-xfixes.so.0.0.0
7f4d500be000-7f4d500bf000 r--p 00007000 103:02 4751872                   /usr/lib/libxcb-xfixes.so.0.0.0
7f4d500bf000-7f4d500c0000 rw-p 00008000 103:02 4751872                   /usr/lib/libxcb-xfixes.so.0.0.0
7f4d500c0000-7f4d500c7000 r--p 00000000 103:02 4751834                   /usr/lib/libxcb-randr.so.0.1.0
7f4d500c7000-7f4d500cd000 r-xp 00007000 103:02 4751834                   /usr/lib/libxcb-randr.so.0.1.0
7f4d500cd000-7f4d500d0000 r--p 0000d000 103:02 4751834                   /usr/lib/libxcb-randr.so.0.1.0
7f4d500d0000-7f4d500d1000 r--p 00010000 103:02 4751834                   /usr/lib/libxcb-randr.so.0.1.0
7f4d500d1000-7f4d500d2000 rw-p 00011000 103:02 4751834                   /usr/lib/libxcb-randr.so.0.1.0
7f4d500d2000-7f4d500d8000 r--p 00000000 103:02 4817102                   /usr/lib/libEGL_mesa.so.0.0.0
7f4d500d8000-7f4d50113000 r-xp 00006000 103:02 4817102                   /usr/lib/libEGL_mesa.so.0.0.0
7f4d50113000-7f4d50126000 r--p 00041000 103:02 4817102                   /usr/lib/libEGL_mesa.so.0.0.0
7f4d50126000-7f4d50133000 r--p 00053000 103:02 4817102                   /usr/lib/libEGL_mesa.so.0.0.0
7f4d50133000-7f4d50134000 rw-p 00060000 103:02 4817102                   /usr/lib/libEGL_mesa.so.0.0.0
7f4d50134000-7f4d50135000 rw-p 00000000 00:00 0 
7f4d50135000-7f4d50136000 r--p 00000000 103:02 4740497                   /usr/lib/libX11-xcb.so.1.0.0
7f4d50136000-7f4d50137000 r-xp 00001000 103:02 4740497                   /usr/lib/libX11-xcb.so.1.0.0
7f4d50137000-7f4d50138000 r--p 00002000 103:02 4740497                   /usr/lib/libX11-xcb.so.1.0.0
7f4d50138000-7f4d50139000 r--p 00002000 103:02 4740497                   /usr/lib/libX11-xcb.so.1.0.0
7f4d50139000-7f4d5013a000 rw-p 00003000 103:02 4740497                   /usr/lib/libX11-xcb.so.1.0.0
7f4d5014e000-7f4d50150000 r--p 00000000 103:02 4751813                   /usr/lib/libxcb-dri3.so.0.1.0
7f4d50150000-7f4d50152000 r-xp 00002000 103:02 4751813                   /usr/lib/libxcb-dri3.so.0.1.0
7f4d50152000-7f4d50153000 r--p 00004000 103:02 4751813                   /usr/lib/libxcb-dri3.so.0.1.0
7f4d50153000-7f4d50154000 r--p 00004000 103:02 4751813                   /usr/lib/libxcb-dri3.so.0.1.0
7f4d50154000-7f4d50155000 rw-p 00005000 103:02 4751813                   /usr/lib/libxcb-dri3.so.0.1.0
7f4d50155000-7f4d50156000 r--p 00000000 103:02 4751829                   /usr/lib/libxcb-present.so.0.0.0
7f4d50156000-7f4d50157000 r-xp 00001000 103:02 4751829                   /usr/lib/libxcb-present.so.0.0.0
7f4d50157000-7f4d50158000 r--p 00002000 103:02 4751829                   /usr/lib/libxcb-present.so.0.0.0
7f4d50158000-7f4d50159000 r--p 00002000 103:02 4751829                   /usr/lib/libxcb-present.so.0.0.0
7f4d50159000-7f4d5015a000 rw-p 00003000 103:02 4751829                   /usr/lib/libxcb-present.so.0.0.0
7f4d50176000-7f4d5017b000 r--p 00000000 103:02 4826261                   /usr/lib/libwayland-server.so.0.26.0
7f4d5017b000-7f4d50184000 r-xp 00005000 103:02 4826261                   /usr/lib/libwayland-server.so.0.26.0
7f4d50184000-7f4d50188000 r--p 0000e000 103:02 4826261                   /usr/lib/libwayland-server.so.0.26.0
7f4d50188000-7f4d5018a000 r--p 00012000 103:02 4826261                   /usr/lib/libwayland-server.so.0.26.0
7f4d5018a000-7f4d5018b000 rw-p 00014000 103:02 4826261                   /usr/lib/libwayland-server.so.0.26.0
7f4d5019f000-7f4d501a1000 r--p 00000000 103:02 4835234                   /usr/lib/libgbm.so.1.0.0
7f4d501a1000-7f4d501a2000 r-xp 00002000 103:02 4835234                   /usr/lib/libgbm.so.1.0.0
7f4d501a2000-7f4d501a3000 r--p 00003000 103:02 4835234                   /usr/lib/libgbm.so.1.0.0
7f4d501a3000-7f4d501a4000 r--p 00003000 103:02 4835234                   /usr/lib/libgbm.so.1.0.0
7f4d501a4000-7f4d501a5000 rw-p 00004000 103:02 4835234                   /usr/lib/libgbm.so.1.0.0
7f4d501a5000-7f4d501aa000 r--p 00000000 103:02 4771568                   /usr/lib/libdrm.so.2.134.0
7f4d501aa000-7f4d501b6000 r-xp 00005000 103:02 4771568                   /usr/lib/libdrm.so.2.134.0
7f4d501b6000-7f4d501ba000 r--p 00011000 103:02 4771568                   /usr/lib/libdrm.so.2.134.0
7f4d501ba000-7f4d501bb000 r--p 00015000 103:02 4771568                   /usr/lib/libdrm.so.2.134.0
7f4d501bb000-7f4d501bc000 rw-p 00016000 103:02 4771568                   /usr/lib/libdrm.so.2.134.0
7f4d501d1000-7f4d501e1000 r--p 00000000 103:02 4831581                   /usr/lib/libnvidia-glsi.so.610.57.04
7f4d501e1000-7f4d50241000 r-xp 00010000 103:02 4831581                   /usr/lib/libnvidia-glsi.so.610.57.04
7f4d50241000-7f4d5025e000 r--p 00070000 103:02 4831581                   /usr/lib/libnvidia-glsi.so.610.57.04
7f4d5025e000-7f4d50264000 r--p 0008c000 103:02 4831581                   /usr/lib/libnvidia-glsi.so.610.57.04
7f4d50264000-7f4d50265000 rw-p 00092000 103:02 4831581                   /usr/lib/libnvidia-glsi.so.610.57.04
7f4d50265000-7f4d5026d000 rw-p 00000000 00:00 0 
7f4d5026d000-7f4d5029e000 r--p 00000000 103:02 4820322                   /usr/lib/libEGL_nvidia.so.610.57.04
7f4d5029e000-7f4d50326000 r-xp 00031000 103:02 4820322                   /usr/lib/libEGL_nvidia.so.610.57.04
7f4d50326000-7f4d50375000 r--p 000b9000 103:02 4820322                   /usr/lib/libEGL_nvidia.so.610.57.04
7f4d50375000-7f4d50376000 ---p 00108000 103:02 4820322                   /usr/lib/libEGL_nvidia.so.610.57.04
7f4d50376000-7f4d5037d000 r--p 00108000 103:02 4820322                   /usr/lib/libEGL_nvidia.so.610.57.04
7f4d5037d000-7f4d50392000 rw-p 0010f000 103:02 4820322                   /usr/lib/libEGL_nvidia.so.610.57.04
7f4d50392000-7f4d50398000 rw-p 00000000 00:00 0 
7f4d50398000-7f4d5039f000 r--s 00000000 103:02 4837165                   /usr/lib/gconv/gconv-modules.cache
7f4d5039f000-7f4d503a1000 r--p 00000000 103:02 4811999                   /usr/lib/libGLdispatch.so.0.0.0
7f4d503a1000-7f4d503e0000 r-xp 00002000 103:02 4811999                   /usr/lib/libGLdispatch.so.0.0.0
7f4d503e0000-7f4d503f3000 r--p 00041000 103:02 4811999                   /usr/lib/libGLdispatch.so.0.0.0
7f4d503f3000-7f4d5040f000 r--p 00054000 103:02 4811999                   /usr/lib/libGLdispatch.so.0.0.0
7f4d5040f000-7f4d50410000 rw-p 00070000 103:02 4811999                   /usr/lib/libGLdispatch.so.0.0.0
7f4d50410000-7f4d50418000 rw-p 00000000 00:00 0 
7f4d50418000-7f4d5041a000 r--p 00000000 103:02 4750356                   /usr/lib/libEGL.so.1.1.0
7f4d5041a000-7f4d50424000 r-xp 00002000 103:02 4750356                   /usr/lib/libEGL.so.1.1.0
7f4d50424000-7f4d50428000 r--p 0000c000 103:02 4750356                   /usr/lib/libEGL.so.1.1.0
7f4d50428000-7f4d50429000 r--p 0000f000 103:02 4750356                   /usr/lib/libEGL.so.1.1.0
7f4d50429000-7f4d5042a000 rw-p 00010000 103:02 4750356                   /usr/lib/libEGL.so.1.1.0
7f4d504ba000-7f4d504bb000 r--p 00000000 103:02 4812149                   /usr/lib/libbrotlicommon.so.1.2.0
7f4d504bb000-7f4d504bc000 r-xp 00001000 103:02 4812149                   /usr/lib/libbrotlicommon.so.1.2.0
7f4d504bc000-7f4d504db000 r--p 00002000 103:02 4812149                   /usr/lib/libbrotlicommon.so.1.2.0
7f4d504db000-7f4d504dc000 r--p 00021000 103:02 4812149                   /usr/lib/libbrotlicommon.so.1.2.0
7f4d504dc000-7f4d504dd000 rw-p 00022000 103:02 4812149                   /usr/lib/libbrotlicommon.so.1.2.0
7f4d504dd000-7f4d504e2000 r--p 00000000 103:02 4722170                   /usr/lib/libblkid.so.1.1.0
7f4d504e2000-7f4d5050b000 r-xp 00005000 103:02 4722170                   /usr/lib/libblkid.so.1.1.0
7f4d5050b000-7f4d50516000 r--p 0002e000 103:02 4722170                   /usr/lib/libblkid.so.1.1.0
7f4d50516000-7f4d5051c000 r--p 00038000 103:02 4722170                   /usr/lib/libblkid.so.1.1.0
7f4d5051c000-7f4d5051d000 rw-p 0003e000 103:02 4722170                   /usr/lib/libblkid.so.1.1.0
7f4d5051d000-7f4d5051f000 r--p 00000000 103:02 4815257                   /usr/lib/libXdmcp.so.6.0.0
7f4d5051f000-7f4d50521000 r-xp 00002000 103:02 4815257                   /usr/lib/libXdmcp.so.6.0.0
7f4d50521000-7f4d50523000 r--p 00004000 103:02 4815257                   /usr/lib/libXdmcp.so.6.0.0
7f4d50523000-7f4d50524000 r--p 00005000 103:02 4815257                   /usr/lib/libXdmcp.so.6.0.0
7f4d50524000-7f4d50525000 rw-p 00006000 103:02 4815257                   /usr/lib/libXdmcp.so.6.0.0
7f4d50525000-7f4d50526000 r--p 00000000 103:02 4812485                   /usr/lib/libbrotlidec.so.1.2.0
7f4d50526000-7f4d5052f000 r-xp 00001000 103:02 4812485                   /usr/lib/libbrotlidec.so.1.2.0
7f4d5052f000-7f4d50532000 r--p 0000a000 103:02 4812485                   /usr/lib/libbrotlidec.so.1.2.0
7f4d50532000-7f4d50533000 r--p 0000c000 103:02 4812485                   /usr/lib/libbrotlidec.so.1.2.0
7f4d50533000-7f4d50534000 rw-p 0000d000 103:02 4812485                   /usr/lib/libbrotlidec.so.1.2.0
7f4d50534000-7f4d50536000 r--p 00000000 103:02 4794869                   /usr/lib/libbz2.so.1.0.8
7f4d50536000-7f4d50543000 r-xp 00002000 103:02 4794869                   /usr/lib/libbz2.so.1.0.8
7f4d50543000-7f4d50545000 r--p 0000f000 103:02 4794869                   /usr/lib/libbz2.so.1.0.8
7f4d50545000-7f4d50546000 r--p 00010000 103:02 4794869                   /usr/lib/libbz2.so.1.0.8
7f4d50546000-7f4d50547000 rw-p 00011000 103:02 4794869                   /usr/lib/libbz2.so.1.0.8
7f4d50547000-7f4d50549000 r--p 00000000 103:02 4761940                   /usr/lib/libdatrie.so.1.4.1
7f4d50549000-7f4d5054d000 r-xp 00002000 103:02 4761940                   /usr/lib/libdatrie.so.1.4.1
7f4d5054d000-7f4d5054e000 r--p 00006000 103:02 4761940                   /usr/lib/libdatrie.so.1.4.1
7f4d5054e000-7f4d5054f000 r--p 00006000 103:02 4761940                   /usr/lib/libdatrie.so.1.4.1
7f4d5054f000-7f4d50550000 rw-p 00007000 103:02 4761940                   /usr/lib/libdatrie.so.1.4.1
7f4d50550000-7f4d5055a000 r--p 00000000 103:02 4735601                   /usr/lib/libmount.so.1.1.0
7f4d5055a000-7f4d50598000 r-xp 0000a000 103:02 4735601                   /usr/lib/libmount.so.1.1.0
7f4d50598000-7f4d505a9000 r--p 00048000 103:02 4735601                   /usr/lib/libmount.so.1.1.0
7f4d505a9000-7f4d505ab000 r--p 00059000 103:02 4735601                   /usr/lib/libmount.so.1.1.0
7f4d505ab000-7f4d505ac000 rw-p 0005b000 103:02 4735601                   /usr/lib/libmount.so.1.1.0
7f4d505ac000-7f4d505ae000 r--p 00000000 103:02 4748283                   /usr/lib/libgmodule-2.0.so.0.8800.3
7f4d505ae000-7f4d505b0000 r-xp 00002000 103:02 4748283                   /usr/lib/libgmodule-2.0.so.0.8800.3
7f4d505b0000-7f4d505b1000 r--p 00004000 103:02 4748283                   /usr/lib/libgmodule-2.0.so.0.8800.3
7f4d505b1000-7f4d505b2000 r--p 00004000 103:02 4748283                   /usr/lib/libgmodule-2.0.so.0.8800.3
7f4d505b2000-7f4d505b3000 rw-p 00005000 103:02 4748283                   /usr/lib/libgmodule-2.0.so.0.8800.3
7f4d505b3000-7f4d505b5000 r--p 00000000 103:02 4737414                   /usr/lib/libexpat.so.1.12.3
7f4d505b5000-7f4d505d5000 r-xp 00002000 103:02 4737414                   /usr/lib/libexpat.so.1.12.3
7f4d505d5000-7f4d505de000 r--p 00022000 103:02 4737414                   /usr/lib/libexpat.so.1.12.3
7f4d505de000-7f4d505e0000 r--p 0002a000 103:02 4737414                   /usr/lib/libexpat.so.1.12.3
7f4d505e0000-7f4d505e1000 rw-p 0002c000 103:02 4737414                   /usr/lib/libexpat.so.1.12.3
7f4d505e1000-7f4d505e3000 r--p 00000000 103:02 4815230                   /usr/lib/libgraphite2.so.3.3.1
7f4d505e3000-7f4d505fc000 r-xp 00002000 103:02 4815230                   /usr/lib/libgraphite2.so.3.3.1
7f4d505fc000-7f4d50601000 r--p 0001b000 103:02 4815230                   /usr/lib/libgraphite2.so.3.3.1
7f4d50601000-7f4d50603000 r--p 0001f000 103:02 4815230                   /usr/lib/libgraphite2.so.3.3.1
7f4d50603000-7f4d50604000 rw-p 00021000 103:02 4815230                   /usr/lib/libgraphite2.so.3.3.1
7f4d50604000-7f4d50607000 r--p 00000000 103:02 4732813                   /usr/lib/libpcre2-8.so.0.15.0
7f4d50607000-7f4d50685000 r-xp 00003000 103:02 4732813                   /usr/lib/libpcre2-8.so.0.15.0
7f4d50685000-7f4d506b0000 r--p 00081000 103:02 4732813                   /usr/lib/libpcre2-8.so.0.15.0
7f4d506b0000-7f4d506b1000 r--p 000ab000 103:02 4732813                   /usr/lib/libpcre2-8.so.0.15.0
7f4d506b1000-7f4d506b2000 rw-p 000ac000 103:02 4732813                   /usr/lib/libpcre2-8.so.0.15.0
7f4d506b2000-7f4d506c7000 r--p 00000000 103:02 4720960                   /usr/lib/libsystemd.so.0.44.0
7f4d506c7000-7f4d507a0000 r-xp 00015000 103:02 4720960                   /usr/lib/libsystemd.so.0.44.0
7f4d507a0000-7f4d507ef000 r--p 000ee000 103:02 4720960                   /usr/lib/libsystemd.so.0.44.0
7f4d507ef000-7f4d507f8000 r--p 0013c000 103:02 4720960                   /usr/lib/libsystemd.so.0.44.0
7f4d507f8000-7f4d507f9000 rw-p 00145000 103:02 4720960                   /usr/lib/libsystemd.so.0.44.0
7f4d507f9000-7f4d507fa000 rw-p 00000000 00:00 0 
7f4d507fa000-7f4d507ff000 r--p 00000000 103:02 4780633                   /usr/lib/libpixman-1.so.0.46.4
7f4d507ff000-7f4d50890000 r-xp 00005000 103:02 4780633                   /usr/lib/libpixman-1.so.0.46.4
7f4d50890000-7f4d508a0000 r--p 00096000 103:02 4780633                   /usr/lib/libpixman-1.so.0.46.4
7f4d508a0000-7f4d508a8000 r--p 000a6000 103:02 4780633                   /usr/lib/libpixman-1.so.0.46.4
7f4d508a8000-7f4d508a9000 rw-p 000ae000 103:02 4780633                   /usr/lib/libpixman-1.so.0.46.4
7f4d508a9000-7f4d508b5000 r--p 00000000 103:02 4751894                   /usr/lib/libxcb.so.1.1.0
7f4d508b5000-7f4d508c9000 r-xp 0000c000 103:02 4751894                   /usr/lib/libxcb.so.1.1.0
7f4d508c9000-7f4d508d2000 r--p 00020000 103:02 4751894                   /usr/lib/libxcb.so.1.1.0
7f4d508d2000-7f4d508d3000 r--p 00028000 103:02 4751894                   /usr/lib/libxcb.so.1.1.0
7f4d508d3000-7f4d508d4000 rw-p 00029000 103:02 4751894                   /usr/lib/libxcb.so.1.1.0
7f4d508d4000-7f4d508eb000 r--p 00000000 103:02 4740502                   /usr/lib/libX11.so.6.4.0
7f4d508eb000-7f4d50980000 r-xp 00017000 103:02 4740502                   /usr/lib/libX11.so.6.4.0
7f4d50980000-7f4d50a0f000 r--p 000ac000 103:02 4740502                   /usr/lib/libX11.so.6.4.0
7f4d50a0f000-7f4d50a12000 r--p 0013a000 103:02 4740502                   /usr/lib/libX11.so.6.4.0
7f4d50a12000-7f4d50a16000 rw-p 0013d000 103:02 4740502                   /usr/lib/libX11.so.6.4.0
7f4d50a16000-7f4d50a1c000 r--p 00000000 103:02 4814646                   /usr/lib/libfreetype.so.6.20.6
7f4d50a1c000-7f4d50ab4000 r-xp 00006000 103:02 4814646                   /usr/lib/libfreetype.so.6.20.6
7f4d50ab4000-7f4d50add000 r--p 0009e000 103:02 4814646                   /usr/lib/libfreetype.so.6.20.6
7f4d50add000-7f4d50ae5000 r--p 000c6000 103:02 4814646                   /usr/lib/libfreetype.so.6.20.6
7f4d50ae5000-7f4d50ae6000 rw-p 000ce000 103:02 4814646                   /usr/lib/libfreetype.so.6.20.6
7f4d50ae6000-7f4d50aec000 r--p 00000000 103:02 4812002                   /usr/lib/libpng16.so.16.58.0
7f4d50aec000-7f4d50b17000 r-xp 00006000 103:02 4812002                   /usr/lib/libpng16.so.16.58.0
7f4d50b17000-7f4d50b21000 r--p 00031000 103:02 4812002                   /usr/lib/libpng16.so.16.58.0
7f4d50b21000-7f4d50b22000 r--p 0003a000 103:02 4812002                   /usr/lib/libpng16.so.16.58.0
7f4d50b22000-7f4d50b23000 rw-p 0003b000 103:02 4812002                   /usr/lib/libpng16.so.16.58.0
7f4d50b23000-7f4d50b25000 r--p 00000000 103:02 4761906                   /usr/lib/libfribidi.so.0.4.0
7f4d50b25000-7f4d50b2a000 r-xp 00002000 103:02 4761906                   /usr/lib/libfribidi.so.0.4.0
7f4d50b2a000-7f4d50b41000 r--p 00007000 103:02 4761906                   /usr/lib/libfribidi.so.0.4.0
7f4d50b41000-7f4d50b42000 r--p 0001d000 103:02 4761906                   /usr/lib/libfribidi.so.0.4.0
7f4d50b42000-7f4d50b43000 rw-p 0001e000 103:02 4761906                   /usr/lib/libfribidi.so.0.4.0
7f4d50b43000-7f4d50b75000 r--p 00000000 103:02 4745344                   /usr/lib/libgio-2.0.so.0.8800.3
7f4d50b75000-7f4d50c9c000 r-xp 00032000 103:02 4745344                   /usr/lib/libgio-2.0.so.0.8800.3
7f4d50c9c000-7f4d50d16000 r--p 00159000 103:02 4745344                   /usr/lib/libgio-2.0.so.0.8800.3
7f4d50d16000-7f4d50d1f000 r--p 001d2000 103:02 4745344                   /usr/lib/libgio-2.0.so.0.8800.3
7f4d50d1f000-7f4d50d20000 rw-p 001db000 103:02 4745344                   /usr/lib/libgio-2.0.so.0.8800.3
7f4d50d20000-7f4d50d22000 rw-p 00000000 00:00 0 
7f4d50d22000-7f4d50d28000 r--p 00000000 103:02 4759013                   /usr/lib/libfontconfig.so.1.17.0
7f4d50d28000-7f4d50d5d000 r-xp 00006000 103:02 4759013                   /usr/lib/libfontconfig.so.1.17.0
7f4d50d5d000-7f4d50d93000 r--p 0003b000 103:02 4759013                   /usr/lib/libfontconfig.so.1.17.0
7f4d50d93000-7f4d50d9c000 r--p 00071000 103:02 4759013                   /usr/lib/libfontconfig.so.1.17.0
7f4d50d9c000-7f4d50d9d000 rw-p 0007a000 103:02 4759013                   /usr/lib/libfontconfig.so.1.17.0
7f4d50d9d000-7f4d50daa000 r--p 00000000 103:02 4814594                   /usr/lib/libharfbuzz.so.0.61431.0
7f4d50daa000-7f4d50e9c000 r-xp 0000d000 103:02 4814594                   /usr/lib/libharfbuzz.so.0.61431.0
7f4d50e9c000-7f4d50ed0000 r--p 000ff000 103:02 4814594                   /usr/lib/libharfbuzz.so.0.61431.0
7f4d50ed0000-7f4d50ed2000 r--p 00132000 103:02 4814594                   /usr/lib/libharfbuzz.so.0.61431.0
7f4d50ed2000-7f4d50ed3000 rw-p 00134000 103:02 4814594                   /usr/lib/libharfbuzz.so.0.61431.0
7f4d50ed3000-7f4d50ef1000 r--p 00000000 103:02 4748073                   /usr/lib/libglib-2.0.so.0.8800.3
7f4d50ef1000-7f4d50f9f000 r-xp 0001e000 103:02 4748073                   /usr/lib/libglib-2.0.so.0.8800.3
7f4d50f9f000-7f4d51033000 r--p 000cc000 103:02 4748073                   /usr/lib/libglib-2.0.so.0.8800.3
7f4d51033000-7f4d51034000 r--p 00160000 103:02 4748073                   /usr/lib/libglib-2.0.so.0.8800.3
7f4d51034000-7f4d51035000 rw-p 00161000 103:02 4748073                   /usr/lib/libglib-2.0.so.0.8800.3
7f4d51035000-7f4d51036000 rw-p 00000000 00:00 0 
7f4d51036000-7f4d51044000 r--p 00000000 103:02 4741723                   /usr/lib/libdbus-1.so.3.38.3
7f4d51044000-7f4d51075000 r-xp 0000e000 103:02 4741723                   /usr/lib/libdbus-1.so.3.38.3
7f4d51075000-7f4d51086000 r--p 0003f000 103:02 4741723                   /usr/lib/libdbus-1.so.3.38.3
7f4d51086000-7f4d51088000 r--p 0004f000 103:02 4741723                   /usr/lib/libdbus-1.so.3.38.3
7f4d51088000-7f4d51089000 rw-p 00051000 103:02 4741723                   /usr/lib/libdbus-1.so.3.38.3
7f4d51089000-7f4d51095000 r--p 00000000 103:02 4750151                   /usr/lib/libgobject-2.0.so.0.8800.3
7f4d51095000-7f4d510ce000 r-xp 0000c000 103:02 4750151                   /usr/lib/libgobject-2.0.so.0.8800.3
7f4d510ce000-7f4d510e8000 r--p 00045000 103:02 4750151                   /usr/lib/libgobject-2.0.so.0.8800.3
7f4d510e8000-7f4d510eb000 r--p 0005e000 103:02 4750151                   /usr/lib/libgobject-2.0.so.0.8800.3
7f4d510eb000-7f4d510ec000 rw-p 00061000 103:02 4750151                   /usr/lib/libgobject-2.0.so.0.8800.3
7f4d510ec000-7f4d510fa000 r--p 00000000 103:02 4757736                   /usr/lib/libcairo.so.2.11804.4
7f4d510fa000-7f4d511ed000 r-xp 0000e000 103:02 4757736                   /usr/lib/libcairo.so.2.11804.4
7f4d511ed000-7f4d51222000 r--p 00101000 103:02 4757736                   /usr/lib/libcairo.so.2.11804.4
7f4d51222000-7f4d51226000 r--p 00136000 103:02 4757736                   /usr/lib/libcairo.so.2.11804.4
7f4d51226000-7f4d51228000 rw-p 0013a000 103:02 4757736                   /usr/lib/libcairo.so.2.11804.4
7f4d51228000-7f4d51229000 rw-p 00000000 00:00 0 
7f4d51229000-7f4d51237000 r--p 00000000 103:02 4794787                   /usr/lib/libpango-1.0.so.0.5800.2
7f4d51237000-7f4d51277000 r-xp 0000e000 103:02 4794787                   /usr/lib/libpango-1.0.so.0.5800.2
7f4d51277000-7f4d51293000 r--p 0004e000 103:02 4794787                   /usr/lib/libpango-1.0.so.0.5800.2
7f4d51293000-7f4d51297000 r--p 00069000 103:02 4794787                   /usr/lib/libpango-1.0.so.0.5800.2
7f4d51297000-7f4d51298000 rw-p 0006d000 103:02 4794787                   /usr/lib/libpango-1.0.so.0.5800.2
7f4d51298000-7f4d5129c000 r--p 00000000 103:02 4755680                   /usr/lib/libxkbcommon.so.0.13.2
7f4d5129c000-7f4d512cb000 r-xp 00004000 103:02 4755680                   /usr/lib/libxkbcommon.so.0.13.2
7f4d512cb000-7f4d512f4000 r--p 00033000 103:02 4755680                   /usr/lib/libxkbcommon.so.0.13.2
7f4d512f4000-7f4d512f6000 r--p 0005b000 103:02 4755680                   /usr/lib/libxkbcommon.so.0.13.2
7f4d512f6000-7f4d512f7000 rw-p 0005d000 103:02 4755680                   /usr/lib/libxkbcommon.so.0.13.2
7f4d512f7000-7f4d512f8000 rw-p 00000000 00:00 0 
7f4d512f8000-7f4d512fc000 ---p 00000000 00:00 0 
7f4d512fc000-7f4d516fc000 rw-p 00000000 00:00 0 
7f4d516fc000-7f4d51700000 ---p 00000000 00:00 0 
7f4d51700000-7f4d517fd000 rw-p 00000000 00:00 0 
7f4d517fd000-7f4d51801000 ---p 00000000 00:00 0 
7f4d51801000-7f4d518fd000 rw-p 00000000 00:00 0 
7f4d5196b000-7f4d5196c000 r-xp 00000000 00:00 0 
7f4d5196c000-7f4d5196d000 r--p 00000000 00:00 0 
7f4d519bb000-7f4d519de000 rw-p 00000000 00:00 0 
7f4d519fe000-7f4d519ff000 rw-p 00000000 00:00 0 
7f4d519ff000-7f4d51a03000 ---p 00000000 00:00 0 
7f4d51a03000-7f4d51b00000 rw-p 00000000 00:00 0 
7f4d51b00000-7f4d51b04000 ---p 00000000 00:00 0 
7f4d51b04000-7f4d51c00000 rw-p 00000000 00:00 0 
7f4d51c00000-7f4d51eee000 r--p 00000000 103:02 4837164                   /usr/lib/locale/locale-archive
7f4d51eee000-7f4d51eef000 rw-s 00000000 00:07 1112                       /dev/nvidia0
7f4d51eef000-7f4d51ef0000 rw-s 00000000 00:07 1110                       /dev/nvidiactl
7f4d51ef0000-7f4d51ef6000 r--p 00000000 103:02 4751845                   /usr/lib/libxcb-render.so.0.0.0
7f4d51ef6000-7f4d51efb000 r-xp 00006000 103:02 4751845                   /usr/lib/libxcb-render.so.0.0.0
7f4d51efb000-7f4d51efd000 r--p 0000b000 103:02 4751845                   /usr/lib/libxcb-render.so.0.0.0
7f4d51efd000-7f4d51efe000 r--p 0000d000 103:02 4751845                   /usr/lib/libxcb-render.so.0.0.0
7f4d51efe000-7f4d51eff000 rw-p 0000e000 103:02 4751845                   /usr/lib/libxcb-render.so.0.0.0
7f4d51eff000-7f4d51f00000 rw-p 00000000 00:00 0 
7f4d51f00000-7f4d51f04000 ---p 00000000 00:00 0 
7f4d51f04000-7f4d52000000 rw-p 00000000 00:00 0 
7f4d52000000-7f4d54e9d000 rw-p 00000000 00:00 0 
7f4d54e9d000-7f4d58000000 ---p 00000000 00:00 0 
7f4d58000000-7f4d5bfe5000 rw-p 00000000 00:00 0 
7f4d5bfe5000-7f4d5c000000 ---p 00000000 00:00 0 
7f4d5c000000-7f4d5c001000 r--p 00000000 103:02 4757711                   /usr/lib/libXau.so.6.0.0
7f4d5c001000-7f4d5c002000 r-xp 00001000 103:02 4757711                   /usr/lib/libXau.so.6.0.0
7f4d5c002000-7f4d5c003000 r--p 00002000 103:02 4757711                   /usr/lib/libXau.so.6.0.0
7f4d5c003000-7f4d5c004000 r--p 00002000 103:02 4757711                   /usr/lib/libXau.so.6.0.0
7f4d5c004000-7f4d5c005000 rw-p 00003000 103:02 4757711                   /usr/lib/libXau.so.6.0.0
7f4d5c005000-7f4d5c006000 r--p 00000000 103:02 4751862                   /usr/lib/libxcb-shm.so.0.0.0
7f4d5c006000-7f4d5c007000 r-xp 00001000 103:02 4751862                   /usr/lib/libxcb-shm.so.0.0.0
7f4d5c007000-7f4d5c008000 r--p 00002000 103:02 4751862                   /usr/lib/libxcb-shm.so.0.0.0
7f4d5c008000-7f4d5c009000 r--p 00002000 103:02 4751862                   /usr/lib/libxcb-shm.so.0.0.0
7f4d5c009000-7f4d5c00a000 rw-p 00003000 103:02 4751862                   /usr/lib/libxcb-shm.so.0.0.0
7f4d5c00a000-7f4d5c00e000 r--p 00000000 103:02 4760928                   /usr/lib/libXext.so.6.4.0
7f4d5c00e000-7f4d5c019000 r-xp 00004000 103:02 4760928                   /usr/lib/libXext.so.6.4.0
7f4d5c019000-7f4d5c01c000 r--p 0000f000 103:02 4760928                   /usr/lib/libXext.so.6.4.0
7f4d5c01c000-7f4d5c01d000 r--p 00011000 103:02 4760928                   /usr/lib/libXext.so.6.4.0
7f4d5c01d000-7f4d5c01e000 rw-p 00012000 103:02 4760928                   /usr/lib/libXext.so.6.4.0
7f4d5c01e000-7f4d5c026000 r--p 00000000 103:02 4815145                   /usr/lib/libpangoft2-1.0.so.0.5800.2
7f4d5c026000-7f4d5c036000 r-xp 00008000 103:02 4815145                   /usr/lib/libpangoft2-1.0.so.0.5800.2
7f4d5c036000-7f4d5c03b000 r--p 00018000 103:02 4815145                   /usr/lib/libpangoft2-1.0.so.0.5800.2
7f4d5c03b000-7f4d5c03c000 r--p 0001d000 103:02 4815145                   /usr/lib/libpangoft2-1.0.so.0.5800.2
7f4d5c03c000-7f4d5c03d000 rw-p 0001e000 103:02 4815145                   /usr/lib/libpangoft2-1.0.so.0.5800.2
7f4d5c03d000-7f4d5c042000 r--p 00000000 103:02 4815137                   /usr/lib/libpangocairo-1.0.so.0.5800.2
7f4d5c042000-7f4d5c04b000 r-xp 00005000 103:02 4815137                   /usr/lib/libpangocairo-1.0.so.0.5800.2
7f4d5c04b000-7f4d5c04d000 r--p 0000e000 103:02 4815137                   /usr/lib/libpangocairo-1.0.so.0.5800.2
7f4d5c04d000-7f4d5c04e000 r--p 00010000 103:02 4815137                   /usr/lib/libpangocairo-1.0.so.0.5800.2
7f4d5c04e000-7f4d5c04f000 rw-p 00011000 103:02 4815137                   /usr/lib/libpangocairo-1.0.so.0.5800.2
7f4d5c04f000-7f4d5c05f000 r--p 00000000 00:2f 28158                      /tmp/lwjgl_annihilator/3.3.6+1/x64/libglfw.so
7f4d5c05f000-7f4d5c080000 r-xp 00010000 00:2f 28158                      /tmp/lwjgl_annihilator/3.3.6+1/x64/libglfw.so
7f4d5c080000-7f4d5c0bc000 r--p 00031000 00:2f 28158                      /tmp/lwjgl_annihilator/3.3.6+1/x64/libglfw.so
7f4d5c0bc000-7f4d5c0c0000 r--p 0006c000 00:2f 28158                      /tmp/lwjgl_annihilator/3.3.6+1/x64/libglfw.so
7f4d5c0c0000-7f4d5c0c3000 rw-p 00070000 00:2f 28158                      /tmp/lwjgl_annihilator/3.3.6+1/x64/libglfw.so
7f4d5c0c3000-7f4d5c0e6000 rw-p 00000000 00:00 0 
7f4d5c0e6000-7f4d5c0e7000 rw-p 00000000 00:00 0 
7f4d5c0e7000-7f4d5c0eb000 ---p 00000000 00:00 0 
7f4d5c0eb000-7f4d5c1e7000 rw-p 00000000 00:00 0 
7f4d5c1e7000-7f4d5c85f000 rw-p 00000000 00:00 0 
7f4d5c85f000-7f4d5fdd7000 ---p 00000000 00:00 0 
7f4d5fdd7000-7f4d5fdff000 rw-p 00000000 00:00 0 
7f4d5fdff000-7f4d614ef000 rwxp 00000000 00:00 0 
7f4d614ef000-7f4d6725f000 ---p 00000000 00:00 0 
7f4d6725f000-7f4d679a0000 rwxp 00000000 00:00 0 
7f4d679a0000-7f4d68100000 rwxp 00000000 00:00 0 
7f4d68100000-7f4d6ee00000 ---p 00000000 00:00 0 
7f4d6ee00000-7f4d77e1c000 r--s 00000000 103:02 7880807                   /usr/lib/jvm/java-26-openjdk/lib/modules
7f4d77e1c000-7f4d77e1e000 r--p 00000000 103:02 4843167                   /usr/lib/libXrender.so.1.3.0
7f4d77e1e000-7f4d77e25000 r-xp 00002000 103:02 4843167                   /usr/lib/libXrender.so.1.3.0
7f4d77e25000-7f4d77e26000 r--p 00009000 103:02 4843167                   /usr/lib/libXrender.so.1.3.0
7f4d77e26000-7f4d77e27000 r--p 00009000 103:02 4843167                   /usr/lib/libXrender.so.1.3.0
7f4d77e27000-7f4d77e28000 rw-p 0000a000 103:02 4843167                   /usr/lib/libXrender.so.1.3.0
7f4d77e28000-7f4d77e54000 r--p 00000000 00:2f 28110                      /tmp/lwjgl_annihilator/3.3.6+1/x64/liblwjgl.so
7f4d77e54000-7f4d77e88000 r-xp 0002c000 00:2f 28110                      /tmp/lwjgl_annihilator/3.3.6+1/x64/liblwjgl.so
7f4d77e88000-7f4d77ea2000 r--p 00060000 00:2f 28110                      /tmp/lwjgl_annihilator/3.3.6+1/x64/liblwjgl.so
7f4d77ea2000-7f4d77ea3000 r--p 00079000 00:2f 28110                      /tmp/lwjgl_annihilator/3.3.6+1/x64/liblwjgl.so
7f4d77ea3000-7f4d77ea4000 rw-p 0007a000 00:2f 28110                      /tmp/lwjgl_annihilator/3.3.6+1/x64/liblwjgl.so
7f4d77ea4000-7f4d77ea5000 rw-p 00000000 00:00 0 
7f4d77ea5000-7f4d77ea9000 ---p 00000000 00:00 0 
7f4d77ea9000-7f4d77fa5000 rw-p 00000000 00:00 0 
7f4d77fa5000-7f4d7bc93000 rw-p 00000000 00:00 0 
7f4d7bc93000-7f4d7c000000 ---p 00000000 00:00 0 
7f4d7c000000-7f4d7c002000 r--p 00000000 00:1a 53161                      /dev/shm/716e306c-95b7-4d19-95b4-1c569de03be9 (deleted)
7f4d7c002000-7f4d7c004000 r--p 00000000 103:02 4815120                   /usr/lib/libthai.so.0.3.2
7f4d7c004000-7f4d7c008000 r-xp 00002000 103:02 4815120                   /usr/lib/libthai.so.0.3.2
7f4d7c008000-7f4d7c00b000 r--p 00006000 103:02 4815120                   /usr/lib/libthai.so.0.3.2
7f4d7c00b000-7f4d7c00c000 r--p 00008000 103:02 4815120                   /usr/lib/libthai.so.0.3.2
7f4d7c00c000-7f4d7c00d000 rw-p 00009000 103:02 4815120                   /usr/lib/libthai.so.0.3.2
7f4d7c00d000-7f4d7c011000 r--p 00000000 103:02 4726011                   /usr/lib/libdecor/plugins-1/libdecor-cairo.so
7f4d7c011000-7f4d7c017000 r-xp 00004000 103:02 4726011                   /usr/lib/libdecor/plugins-1/libdecor-cairo.so
7f4d7c017000-7f4d7c019000 r--p 0000a000 103:02 4726011                   /usr/lib/libdecor/plugins-1/libdecor-cairo.so
7f4d7c019000-7f4d7c01c000 r--p 0000b000 103:02 4726011                   /usr/lib/libdecor/plugins-1/libdecor-cairo.so
7f4d7c01c000-7f4d7c01d000 rw-p 0000e000 103:02 4726011                   /usr/lib/libdecor/plugins-1/libdecor-cairo.so
7f4d7c01d000-7f4d7c020000 r--p 00000000 103:02 4725997                   /usr/lib/libdecor-0.so.0.200.5
7f4d7c020000-7f4d7c023000 r-xp 00003000 103:02 4725997                   /usr/lib/libdecor-0.so.0.200.5
7f4d7c023000-7f4d7c025000 r--p 00006000 103:02 4725997                   /usr/lib/libdecor-0.so.0.200.5
7f4d7c025000-7f4d7c026000 r--p 00007000 103:02 4725997                   /usr/lib/libdecor-0.so.0.200.5
7f4d7c026000-7f4d7c027000 rw-p 00008000 103:02 4725997                   /usr/lib/libdecor-0.so.0.200.5
7f4d7c027000-7f4d7c028000 r--p 00000000 103:02 4818228                   /usr/lib/libwayland-egl.so.1.26.0
7f4d7c028000-7f4d7c029000 r-xp 00001000 103:02 4818228                   /usr/lib/libwayland-egl.so.1.26.0
7f4d7c029000-7f4d7c02a000 r--p 00002000 103:02 4818228                   /usr/lib/libwayland-egl.so.1.26.0
7f4d7c02a000-7f4d7c02b000 r--p 00002000 103:02 4818228                   /usr/lib/libwayland-egl.so.1.26.0
7f4d7c02b000-7f4d7c02c000 rw-p 00003000 103:02 4818228                   /usr/lib/libwayland-egl.so.1.26.0
7f4d7c02c000-7f4d7c02e000 r--p 00000000 103:02 4780624                   /usr/lib/libffi.so.8.5.0
7f4d7c02e000-7f4d7c036000 r-xp 00002000 103:02 4780624                   /usr/lib/libffi.so.8.5.0
7f4d7c036000-7f4d7c038000 r--p 0000a000 103:02 4780624                   /usr/lib/libffi.so.8.5.0
7f4d7c038000-7f4d7c039000 r--p 0000b000 103:02 4780624                   /usr/lib/libffi.so.8.5.0
7f4d7c039000-7f4d7c03a000 rw-p 0000c000 103:02 4780624                   /usr/lib/libffi.so.8.5.0
7f4d7c03a000-7f4d7c03d000 r--p 00000000 103:02 4815658                   /usr/lib/libwayland-client.so.0.26.0
7f4d7c03d000-7f4d7c044000 r-xp 00003000 103:02 4815658                   /usr/lib/libwayland-client.so.0.26.0
7f4d7c044000-7f4d7c047000 r--p 0000a000 103:02 4815658                   /usr/lib/libwayland-client.so.0.26.0
7f4d7c047000-7f4d7c049000 r--p 0000c000 103:02 4815658                   /usr/lib/libwayland-client.so.0.26.0
7f4d7c049000-7f4d7c04a000 rw-p 0000e000 103:02 4815658                   /usr/lib/libwayland-client.so.0.26.0
7f4d7c04a000-7f4d7c14c000 rw-p 00000000 00:00 0 
7f4d7c14c000-7f4d7c150000 ---p 00000000 00:00 0 
7f4d7c150000-7f4d7c24d000 rw-p 00000000 00:00 0 
7f4d7c24d000-7f4d7c251000 ---p 00000000 00:00 0 
7f4d7c251000-7f4d7c751000 rw-p 00000000 00:00 0 
7f4d7c751000-7f4d7d45e000 rw-p 00000000 00:00 0 
7f4d7d45e000-7f4d7d761000 rw-p 00000000 00:00 0 
7f4d7d761000-7f4d7d830000 rw-p 00000000 00:00 0 
7f4d7d830000-7f4d7dedf000 ---p 00000000 00:00 0 
7f4d7dedf000-7f4d7dfb3000 rw-p 00000000 00:00 0 
7f4d7dfb3000-7f4d7e662000 ---p 00000000 00:00 0 
7f4d7e662000-7f4d7e736000 rw-p 00000000 00:00 0 
7f4d7e736000-7f4d7ede5000 ---p 00000000 00:00 0 
7f4d7ede5000-7f4d7fb06000 rw-p 00000000 00:00 0 
7f4d7fb06000-7f4d7fbe0000 ---p 00000000 00:00 0 
7f4d7fbe0000-7f4d7fc0e000 rw-p 00000000 00:00 0 
7f4d7fc0e000-7f4d7fcc9000 ---p 00000000 00:00 0 
7f4d7fcc9000-7f4d7fcd9000 r--p 00000000 103:02 4722178                   /usr/lib/libm.so.6
7f4d7fcd9000-7f4d7fd75000 r-xp 00010000 103:02 4722178                   /usr/lib/libm.so.6
7f4d7fd75000-7f4d7fdfe000 r--p 000ac000 103:02 4722178                   /usr/lib/libm.so.6
7f4d7fdfe000-7f4d7fdff000 r--p 00134000 103:02 4722178                   /usr/lib/libm.so.6
7f4d7fdff000-7f4d7fe00000 rw-p 00135000 103:02 4722178                   /usr/lib/libm.so.6
7f4d7fe00000-7f4d7fe9a000 r--p 00000000 103:02 4748526                   /usr/lib/libstdc++.so.6.0.36
7f4d7fe9a000-7f4d8001d000 r-xp 0009a000 103:02 4748526                   /usr/lib/libstdc++.so.6.0.36
7f4d8001d000-7f4d800bd000 r--p 0021d000 103:02 4748526                   /usr/lib/libstdc++.so.6.0.36
7f4d800bd000-7f4d800ce000 r--p 002bc000 103:02 4748526                   /usr/lib/libstdc++.so.6.0.36
7f4d800ce000-7f4d800cf000 rw-p 002cd000 103:02 4748526                   /usr/lib/libstdc++.so.6.0.36
7f4d800cf000-7f4d800d3000 rw-p 00000000 00:00 0 
7f4d800d3000-7f4d800d4000 rw-s 00000000 00:07 1110                       /dev/nvidiactl
7f4d800d4000-7f4d800d6000 r--p 00000000 00:1a 53161                      /dev/shm/716e306c-95b7-4d19-95b4-1c569de03be9 (deleted)
7f4d800d6000-7f4d800d7000 r--p 00000000 103:02 4817284                   /usr/lib/libwayland-cursor.so.0.26.0
7f4d800d7000-7f4d800d9000 r-xp 00001000 103:02 4817284                   /usr/lib/libwayland-cursor.so.0.26.0
7f4d800d9000-7f4d800da000 r--p 00003000 103:02 4817284                   /usr/lib/libwayland-cursor.so.0.26.0
7f4d800da000-7f4d800db000 r--p 00003000 103:02 4817284                   /usr/lib/libwayland-cursor.so.0.26.0
7f4d800db000-7f4d800df000 rw-p 00004000 103:02 4817284                   /usr/lib/libwayland-cursor.so.0.26.0
7f4d800df000-7f4d800e0000 r--p 00000000 103:02 4722210                   /usr/lib/librt.so.1
7f4d800e0000-7f4d800e1000 r-xp 00001000 103:02 4722210                   /usr/lib/librt.so.1
7f4d800e1000-7f4d800e2000 r--p 00002000 103:02 4722210                   /usr/lib/librt.so.1
7f4d800e2000-7f4d800e3000 r--p 00002000 103:02 4722210                   /usr/lib/librt.so.1
7f4d800e3000-7f4d800e4000 rw-p 00003000 103:02 4722210                   /usr/lib/librt.so.1
7f4d800e4000-7f4d800e5000 r--p 00000000 103:02 4722204                   /usr/lib/libpthread.so.0
7f4d800e5000-7f4d800e6000 r-xp 00001000 103:02 4722204                   /usr/lib/libpthread.so.0
7f4d800e6000-7f4d800e7000 r--p 00002000 103:02 4722204                   /usr/lib/libpthread.so.0
7f4d800e7000-7f4d800e8000 r--p 00002000 103:02 4722204                   /usr/lib/libpthread.so.0
7f4d800e8000-7f4d800e9000 rw-p 00003000 103:02 4722204                   /usr/lib/libpthread.so.0
7f4d800e9000-7f4d800f0000 r--p 00000000 103:02 7880797                   /usr/lib/jvm/java-26-openjdk/lib/libnio.so
7f4d800f0000-7f4d800f9000 r-xp 00007000 103:02 7880797                   /usr/lib/jvm/java-26-openjdk/lib/libnio.so
7f4d800f9000-7f4d800fe000 r--p 00010000 103:02 7880797                   /usr/lib/jvm/java-26-openjdk/lib/libnio.so
7f4d800fe000-7f4d800ff000 r--p 00014000 103:02 7880797                   /usr/lib/jvm/java-26-openjdk/lib/libnio.so
7f4d800ff000-7f4d80100000 rw-p 00015000 103:02 7880797                   /usr/lib/jvm/java-26-openjdk/lib/libnio.so
7f4d80100000-7f4d80104000 ---p 00000000 00:00 0 
7f4d80104000-7f4d80200000 rw-p 00000000 00:00 0 
7f4d80200000-7f4d8020e000 r--p 00000000 103:02 7880818                   /usr/lib/jvm/java-26-openjdk/lib/server/libjvm.so
7f4d8020e000-7f4d81157000 r-xp 0000e000 103:02 7880818                   /usr/lib/jvm/java-26-openjdk/lib/server/libjvm.so
7f4d81157000-7f4d8139e000 r--p 00f57000 103:02 7880818                   /usr/lib/jvm/java-26-openjdk/lib/server/libjvm.so
7f4d8139e000-7f4d81490000 r--p 0119d000 103:02 7880818                   /usr/lib/jvm/java-26-openjdk/lib/server/libjvm.so
7f4d81490000-7f4d814b1000 rw-p 0128f000 103:02 7880818                   /usr/lib/jvm/java-26-openjdk/lib/server/libjvm.so
7f4d814b1000-7f4d81534000 rw-p 00000000 00:00 0 
7f4d81534000-7f4d81536000 r--p 00000000 103:02 7880806                   /usr/lib/jvm/java-26-openjdk/lib/libzip.so
7f4d81536000-7f4d8153a000 r-xp 00002000 103:02 7880806                   /usr/lib/jvm/java-26-openjdk/lib/libzip.so
7f4d8153a000-7f4d8153c000 r--p 00006000 103:02 7880806                   /usr/lib/jvm/java-26-openjdk/lib/libzip.so
7f4d8153c000-7f4d8153d000 r--p 00007000 103:02 7880806                   /usr/lib/jvm/java-26-openjdk/lib/libzip.so
7f4d8153d000-7f4d8153e000 rw-p 00008000 103:02 7880806                   /usr/lib/jvm/java-26-openjdk/lib/libzip.so
7f4d8153e000-7f4d81600000 rw-p 00000000 00:00 0 
7f4d81600000-7f4d81624000 r--p 00000000 103:02 4722147                   /usr/lib/libc.so.6
7f4d81624000-7f4d8179f000 r-xp 00024000 103:02 4722147                   /usr/lib/libc.so.6
7f4d8179f000-7f4d81815000 r--p 0019f000 103:02 4722147                   /usr/lib/libc.so.6
7f4d81815000-7f4d81819000 r--p 00214000 103:02 4722147                   /usr/lib/libc.so.6
7f4d81819000-7f4d8181b000 rw-p 00218000 103:02 4722147                   /usr/lib/libc.so.6
7f4d8181b000-7f4d81823000 rw-p 00000000 00:00 0 
7f4d81823000-7f4d81824000 r--s 00000000 00:07 1110                       /dev/nvidiactl
7f4d81824000-7f4d81825000 rw-p 00000000 00:00 0 
7f4d81825000-7f4d81826000 r-xp 0005e000 00:2f 28110                      /tmp/lwjgl_annihilator/3.3.6+1/x64/liblwjgl.so
7f4d81826000-7f4d81827000 rw-p 00000000 00:00 0 
7f4d81827000-7f4d81828000 r--p 00000000 103:02 4722163                   /usr/lib/libdl.so.2
7f4d81828000-7f4d81829000 r-xp 00001000 103:02 4722163                   /usr/lib/libdl.so.2
7f4d81829000-7f4d8182a000 r--p 00002000 103:02 4722163                   /usr/lib/libdl.so.2
7f4d8182a000-7f4d8182b000 r--p 00002000 103:02 4722163                   /usr/lib/libdl.so.2
7f4d8182b000-7f4d8182c000 rw-p 00003000 103:02 4722163                   /usr/lib/libdl.so.2
7f4d8182c000-7f4d8182e000 r--p 00000000 103:02 7880796                   /usr/lib/jvm/java-26-openjdk/lib/libnet.so
7f4d8182e000-7f4d81835000 r-xp 00002000 103:02 7880796                   /usr/lib/jvm/java-26-openjdk/lib/libnet.so
7f4d81835000-7f4d81837000 r--p 00009000 103:02 7880796                   /usr/lib/jvm/java-26-openjdk/lib/libnet.so
7f4d81837000-7f4d81838000 r--p 0000a000 103:02 7880796                   /usr/lib/jvm/java-26-openjdk/lib/libnet.so
7f4d81838000-7f4d81839000 rw-p 0000b000 103:02 7880796                   /usr/lib/jvm/java-26-openjdk/lib/libnet.so
7f4d81839000-7f4d8183a000 r--p 00000000 103:02 4744044                   /usr/share/locale/en_GB/LC_MESSAGES/libc.mo
7f4d8183a000-7f4d8183b000 r--p 00000000 103:02 7880802                   /usr/lib/jvm/java-26-openjdk/lib/libsimdsort.so
7f4d8183b000-7f4d81875000 r-xp 00001000 103:02 7880802                   /usr/lib/jvm/java-26-openjdk/lib/libsimdsort.so
7f4d81875000-7f4d8187b000 r--p 0003b000 103:02 7880802                   /usr/lib/jvm/java-26-openjdk/lib/libsimdsort.so
7f4d8187b000-7f4d8187c000 r--p 00040000 103:02 7880802                   /usr/lib/jvm/java-26-openjdk/lib/libsimdsort.so
7f4d8187c000-7f4d8187d000 rw-p 00041000 103:02 7880802                   /usr/lib/jvm/java-26-openjdk/lib/libsimdsort.so
7f4d8187d000-7f4d818cc000 rw-p 00000000 00:00 0 
7f4d818cc000-7f4d818d6000 r--p 00000000 103:02 7880782                   /usr/lib/jvm/java-26-openjdk/lib/libjava.so
7f4d818d6000-7f4d818e4000 r-xp 0000a000 103:02 7880782                   /usr/lib/jvm/java-26-openjdk/lib/libjava.so
7f4d818e4000-7f4d818e9000 r--p 00018000 103:02 7880782                   /usr/lib/jvm/java-26-openjdk/lib/libjava.so
7f4d818e9000-7f4d818ea000 r--p 0001d000 103:02 7880782                   /usr/lib/jvm/java-26-openjdk/lib/libjava.so
7f4d818ea000-7f4d818eb000 rw-p 0001e000 103:02 7880782                   /usr/lib/jvm/java-26-openjdk/lib/libjava.so
7f4d818eb000-7f4d818ec000 rw-p 00000000 00:00 0 
7f4d818ec000-7f4d818f4000 rw-s 00000000 00:2f 48820                      /tmp/hsperfdata_annihilator/2210600 (deleted)
7f4d818f4000-7f4d818f5000 ---p 00000000 00:00 0 
7f4d818f5000-7f4d818f6000 r--p 00000000 00:00 0 
7f4d818f6000-7f4d818f7000 ---p 00000000 00:00 0 
7f4d818f7000-7f4d818f8000 r--p 00000000 103:02 7880786                   /usr/lib/jvm/java-26-openjdk/lib/libjimage.so
7f4d818f8000-7f4d818fa000 r-xp 00001000 103:02 7880786                   /usr/lib/jvm/java-26-openjdk/lib/libjimage.so
7f4d818fa000-7f4d818fb000 r--p 00003000 103:02 7880786                   /usr/lib/jvm/java-26-openjdk/lib/libjimage.so
7f4d818fb000-7f4d818fc000 r--p 00003000 103:02 7880786                   /usr/lib/jvm/java-26-openjdk/lib/libjimage.so
7f4d818fc000-7f4d818fd000 rw-p 00004000 103:02 7880786                   /usr/lib/jvm/java-26-openjdk/lib/libjimage.so
7f4d818fd000-7f4d81901000 r--p 00000000 103:02 4836834                   /usr/lib/libgcc_s.so.1
7f4d81901000-7f4d81924000 r-xp 00004000 103:02 4836834                   /usr/lib/libgcc_s.so.1
7f4d81924000-7f4d81928000 r--p 00027000 103:02 4836834                   /usr/lib/libgcc_s.so.1
7f4d81928000-7f4d81929000 r--p 0002b000 103:02 4836834                   /usr/lib/libgcc_s.so.1
7f4d81929000-7f4d8192a000 rw-p 0002c000 103:02 4836834                   /usr/lib/libgcc_s.so.1
7f4d8192a000-7f4d8192c000 rw-p 00000000 00:00 0 
7f4d8192c000-7f4d8192f000 r--p 00000000 103:02 4742373                   /usr/lib/libz.so.1.3.2
7f4d8192f000-7f4d8193f000 r-xp 00003000 103:02 4742373                   /usr/lib/libz.so.1.3.2
7f4d8193f000-7f4d81945000 r--p 00013000 103:02 4742373                   /usr/lib/libz.so.1.3.2
7f4d81945000-7f4d81946000 r--p 00018000 103:02 4742373                   /usr/lib/libz.so.1.3.2
7f4d81946000-7f4d81947000 rw-p 00019000 103:02 4742373                   /usr/lib/libz.so.1.3.2
7f4d81947000-7f4d81949000 r--p 00000000 103:02 7880787                   /usr/lib/jvm/java-26-openjdk/lib/libjli.so
7f4d81949000-7f4d81953000 r-xp 00002000 103:02 7880787                   /usr/lib/jvm/java-26-openjdk/lib/libjli.so
7f4d81953000-7f4d81956000 r--p 0000c000 103:02 7880787                   /usr/lib/jvm/java-26-openjdk/lib/libjli.so
7f4d81956000-7f4d81957000 r--p 0000e000 103:02 7880787                   /usr/lib/jvm/java-26-openjdk/lib/libjli.so
7f4d81957000-7f4d81958000 rw-p 0000f000 103:02 7880787                   /usr/lib/jvm/java-26-openjdk/lib/libjli.so
7f4d81958000-7f4d81959000 r--p 00000000 00:2f 28193                      /tmp/libglxshim.so
7f4d81959000-7f4d8195a000 r-xp 00001000 00:2f 28193                      /tmp/libglxshim.so
7f4d8195a000-7f4d8195b000 r--p 00002000 00:2f 28193                      /tmp/libglxshim.so
7f4d8195b000-7f4d8195c000 r--p 00002000 00:2f 28193                      /tmp/libglxshim.so
7f4d8195c000-7f4d8195d000 rw-p 00003000 00:2f 28193                      /tmp/libglxshim.so
7f4d8195d000-7f4d8195f000 rw-p 00000000 00:00 0 
7f4d8195f000-7f4d81998000 r--p 00000000 103:02 656923                    /etc/ld.so.cache
7f4d81998000-7f4d8199c000 r--p 00000000 00:00 0                          [vvar]
7f4d8199c000-7f4d8199e000 r--p 00000000 00:00 0                          [vvar_vclock]
7f4d8199e000-7f4d819a0000 r-xp 00000000 00:00 0                          [vdso]
7f4d819a0000-7f4d819a1000 r--p 00000000 103:02 4722097                   /usr/lib/ld-linux-x86-64.so.2
7f4d819a1000-7f4d819ce000 r-xp 00001000 103:02 4722097                   /usr/lib/ld-linux-x86-64.so.2
7f4d819ce000-7f4d819dd000 r--p 0002e000 103:02 4722097                   /usr/lib/ld-linux-x86-64.so.2
7f4d819dd000-7f4d819df000 r--p 0003d000 103:02 4722097                   /usr/lib/ld-linux-x86-64.so.2
7f4d819df000-7f4d819e0000 rw-p 0003f000 103:02 4722097                   /usr/lib/ld-linux-x86-64.so.2
7f4d819e0000-7f4d819e1000 rw-p 00000000 00:00 0 
7ffce70c0000-7ffce70e8000 rw-p 00000000 00:00 0                          [stack]
ffffffffff600000-ffffffffff601000 --xp 00000000 00:00 0                  [vsyscall]
Total number of mappings: 2141

JVMTI agents: none


VM Arguments:
jvm_args: -Dnuvio.wayland.libmpv=/home/annihilator/dev/mpv/build/libmpv.so.2 -Dnuvio.wayland.realApp=true -Dnuvio.wayland.videoLog=true -Dnuvio.wayland.webChrome=true -Dorg.lwjgl.util.Debug=false --enable-native-access=ALL-UNNAMED -Dfile.encoding=UTF-8 -Duser.country=GB -Duser.language=en -Duser.variant 
java_command: com.nuvio.wayland.MainKt
java_class_path (initial): /home/annihilator/dev/NuvioDesktop/waylandHost/build/classes/java/main:/home/annihilator/dev/NuvioDesktop/waylandHost/build/classes/kotlin/main:/home/annihilator/dev/NuvioDesktop/waylandHost/build/resources/main:/home/annihilator/dev/NuvioDesktop/composeApp/build/libs/composeApp-desktop.jar:/home/annihilator/dev/NuvioDesktop/vendor/compose-media-player/mediaplayer/build/libs/composeMediaPlayer-jvm-0.11.4-nuvio.jar:/home/annihilator/.gradle/caches/modules-2/files-2.1/com.materialkolor.palette/core-jvm/4.0.0-beta02/e7ea3c09e6205047254ad2601a54c18c5be26906/kmpalette-core-jvm.jar:/home/annihilator/.gradle/caches/modules-2/files-2.1/org.jetbrains.compose.material3/material3-desktop/1.11.0-alpha07/422cb57765628e3959d1e27ac46660593643296b/material3-desktop-1.11.0-alpha07.jar:/home/annihilator/.gradle/caches/modules-2/files-2.1/dev.chrisbanes.haze/haze-jvm/1.7.2/a254162ea3c9ba2eea97a76058da89ac31e50233/haze-jvm.jar:/home/annihilator/.gradle/caches/modules-2/files-2.1/org.jetbrains.compose.components/components-resources-desktop/1.11.1/f4eb52d87f31584dacdb816a26376f39a1802e8a/library-desktop-1.11.1.jar:/home/annihilator/.gradle/caches/modules-2/files-2.1/sh.calvin.reorderable/reorderable-jvm/3.0.0/4032f6ad5422fe507c8acb2257a83ebc806f145e/reorderable-jvm-3.0.0.jar:/home/annihilator/.gradle/caches/modules-2/files-2.1/org.jetbrains.compose.desktop/desktop-jvm/1.11.1/1fee826ff9d1fafd500b57a22facfc0236bc14c7/desktop-jvm-1.11.1.jar:/home/annihilator/.gradle/caches/modules-2/files-2.1/org.jetbrains.androidx.navigation3/navigation3-ui-desktop/1.1.1/ff832586ef5d51d08b604d7a524fd7985b95af2b/navigation3-ui-desktop-1.1.1.jar:/home/annihilator/.gradle/caches/modules-2/files-2.1/org.jetbrains.compose.material/material-desktop/1.11.1/2891a6f3a62dc4c367636a521d1b680a7d6ff6d/material-desktop-1.11.1.jar:/home/annihilator/.gradle/caches/modules-2/files-2.1/org.jetbrains.compose.animation/animation-core-desktop/1.11.1/1bf633ecd1a38a1cf7a41630bc56cba0da9cc25b/animation-core-desktop-1.11.1.jar:/home/annihilator/.gradle/caches/modules-2/files-2.1/org.jetbrains.compose.material/material-ripple-desktop/1.11.1/ae97a5eeb23bc3f461bc3e16e2a9882175405d17/material-ripple-desktop-1.11.1.jar:/home/annihilator/.gradle/caches/modules-2/files-2.1/org.jetbrains.compose.animation/animation-desktop/1.11.1/f873fb28f1a08d45a4dd20a0130b3da8cadf383c/animation-desktop-1.11.1.jar:/home/annihilator/.gradle/caches/modules-2/files-2.1/org.jetbrains.compose.foundation/foundation-layout-desktop/1.11.1/853fc5d01388da6515ce40b719798914012f6469/foundation-layout-desktop-1.11.1.jar:/home/annihilator/.gradle/caches/modules-2/files-2.1/io.coil-kt.coil3/coil-compose-jvm/3.5.0-beta01/8499f43e80509e3fe55e4a90ad7ce6e816b190e4/coil-compose-jvm-3.5.0-beta01.jar:/home/annihilator/.gradle/caches/modules-2/files-2.1/io.coil-kt.coil3/coil-compose-core-jvm/3.5.0-beta01/12f6663116f0946fe3e87c15f573eb52ac6dc2bc/coil-compose-core-jvm-3.5.0-beta01.jar:/home/annihilator/.gradle/caches/modules-2/files-2.1/org.jetbrains.compose.foundation/foundation-desktop/1.11.1/6df316e7af2c0c97f200de289925f62ca8fce53d/foundation-desktop-1.11.1.jar:/home/annihilator/.gradle/caches/modules-2/files-2.1/org.jetbrains.compose.material/material-icons-extended-desktop/1.7.3/c7c5465dd754043076875b32bce0dd7f5a354fe8/material-icons-extended-desktop-1.7.3.jar:/home/annihilator/.gradle/caches/modules-2/files-2.1/org.jetbrains.compose.material/material-icons-core-desktop/1.7.3/414b3096050fe647b0638832eace80f22c06b85c/material-icons-core-desktop-1.7.3.jar:/home/annihilator/.gradle/caches/modules-2/files-2.1/org.jetbrains.compose.ui/ui-unit-desktop/1.11.1/f6c06f98da206d01dc40c1587c6bc4c40cbef623/ui-unit-desktop-1.11.1.jar:/home/annihilator/.gradle/caches/modules-2/files-2.1/org.jetbrains.compose.ui/ui-graphics-desktop/1.11.1/6ea106d02adf29694eedf12fdfb621947d3621bf/ui-graphics-desktop-1.11.1.jar:/home/annihilator/.gradle/caches/modules-2/files-2.1/org.jetbrains.compose.ui/ui-geometry-desktop/1.11.1/5e430152487375359973ac9874653d335dcc220/ui-geometry-desktop-1.11.1.jar:/home/annihilator/.gradle/caches/modules-2/files-2.1/org.jetbrains.compose.ui/ui-backhandler-desktop/1.11.1/bd3540bb1d6abd60c5e58f32663b2f3e89406cd1/ui-backhandler-desktop-1.11.1.jar:/home/annihilator/.gradle/caches/modules-2/files-2.1/org.jetbrains.compose.ui/ui-util-desktop/1.11.1/4302c582878b82ab24e1f34e6e90f967f7b416ed/ui-util-desktop-1.11.1.jar:/home/annihilator/.gradle/caches/modules-2/files-2.1/org.jetbrains.compose.ui/ui-text-desktop/1.11.1/6ded685e2601260d6231c859a849b96ee6c60368/ui-text-desktop-1.11.1.jar:/home/annihilator/.gradle/caches/modules-2/files-2.1/org.jetbrains.compose.ui/ui-tooling-preview-desktop/1.11.1/97ec578d33adc34adcaa63e9af7bb2328c6c29b7/ui-tooling-preview-desktop-1.11.1.jar:/home/annihilator/.gradle/caches/modules-2/files-2.1/com.materialkolor.palette/kmpalette-loader-jvm/4.0.0-beta02/346d1cbf659720dfc1952796e619da44789482f/kmpalette-loader-jvm.jar:/home/annihilator/.gradle/caches/modules-2/files-2.1/org.jetbrains.androidx.navigationevent/navigationevent-compose-desktop/1.0.1/ecaf02060a048a1f82584fe328e4e02fe6f982ad/navigationevent-compose-desktop-1.0.1.jar:/home/annihilator/.gradle/caches/modules-2/files-2.1/org.jetbrains.compose.ui/ui-desktop/1.11.1/24c40c0d60c77a6fb34f930f13bfa4a3ff62c0f/ui-desktop-1.11.1.jar:/home/annihilator/.gradle/caches/modules-2/files-2.1/androidx.navigation3/navigation3-runtime-desktop/1.1.1/f97607fbd9cd1c2a196dbdf2440b6ca78010c08a/navigation3-runtime-desktop-1.1.1.jar:/home/annihilator/.gradle/caches/modules-2/files-2.1/androidx.lifecycle/lifecycle-runtime-desktop/2.11.0-beta01/c2b5e2f7d739375538c2a74757531a30607f85ff/lifecycle-runtime-desktop-2.11.0-beta01.jar:/home/annihilator/.gradle/caches/modules-2/files-2.1/androidx.lifecycle/lifecycle-common-jvm/2.11.0-beta01/41ef287eee7e4befb1308c017df4de89a210490d/lifecycle-common-jvm-2.11.0-beta01.jar:/home/annihilator/.gradle/caches/modules-2/files-2.1/androidx.lifecycle/lifecycle-viewmodel-desktop/2.11.0-beta01/614711da4abf1ece2121521477a5920ed26a7f29/lifecycle-viewmodel-desktop-2.11.0-beta01.jar:/home/annihilator/.gradle/caches/modules-2/files-2.1/androidx.lifecycle/lifecycle-runtime-compose-desktop/2.11.0-beta01/392c6d5cb40bb6d59e3d7070607786b7328009d4/lifecycle-runtime-compose-desktop-2.11.0-beta01.jar:/home/annihilator/.gradle/caches/modules-2/files-2.1/androidx.lifecycle/lifecycle-viewmodel-compose-desktop/2.11.0-beta01/f04e89ec2d915b35cdcd4675591ae3997604173c/lifecycle-viewmodel-compose-desktop-2.11.0-beta01.jar:/home/annihilator/.gradle/caches/modules-2/files-2.1/androidx.lifecycle/lifecycle-viewmodel-savedstate-desktop/2.11.0-beta01/23c86e72183d96b3fff60102dca0de1da5fd4424/lifecycle-viewmodel-savedstate-desktop-2.11.0-beta01.jar:/home/annihilator/.gradle/caches/modules-2/files-2.1/org.jetbrains.androidx.savedstate/savedstate-compose-desktop/1.3.6/63692375ffe667f12cb3ea8aa1e605d659ed2add/savedstate-compose-desktop-1.3.6.jar:/home/annihilator/.gradle/caches/modules-2/files-2.1/androidx.savedstate/savedstate-desktop/1.4.0/3b049a0f81643d6b4b900de95bc23efc085c32d5/savedstate-desktop-1.4.0.jar:/home/annihilator/.gradle/caches/modules-2/files-2.1/androidx.savedstate/savedstate-compose-desktop/1.4.0/d3d6e0e2108528eb6080dc250da925a572be4202/savedstate-compose-desktop-1.4.0.jar:/home/annihilator/.gradle/caches/modules-2/files-2.1/androidx.navigationevent/navigationevent-desktop/1.0.2/ddb1e7fe97ed51c3d35bba493f97fcf12398719/navigationevent-desktop-1.0.2.jar:/home/annihilator/.gradle/caches/modules-2/files-2.1/androidx.compose.runtime/runtime-annotation-jvm/1.11.2/db4aa964627ac96331b72e231b9ad54318d112f4/runtime-annotation-jvm-1.11.2.jar:/home/annihilator/.gradle/caches/modules-2/files-2.1/androidx.compose.runtime/runtime-desktop/1.11.2/e93d95553cdd86c1cb8c02f50260cc1c8e341da8/runtime-desktop-1.11.2.jar:/home/annihilator/.gradle/caches/modules-2/files-2.1/androidx.compose.runtime/runtime-retain-desktop/1.11.2/3aa3ec26ef2a3d26bc556b51b33d09efc1a198e8/runtime-retain-desktop-1.11.2.jar:/home/annihilator/.gradle/caches/modules-2/files-2.1/androidx.compose.runtime/runtime-saveable-desktop/1.11.2/1618fae89791692a224fe7aa79edbd7a8f5b7522/runtime-saveable-desktop-1.11.2.jar:/home/annihilator/.gradle/caches/modules-2/files-2.1/org.jetbrains.compose.runtime/runtime-saveable-desktop/1.11.1/b7c8a8ed985a0f15b4d8d206de1fc6125b499388/runtime-saveable-desktop-1.11.1.jar:/home/annihilator/.gradle/caches/modules-2/files-2.1/org.jetbrains.androidx.lifecycle/lifecycle-runtime-compose-desktop/2.11.0-beta01/e93db8959692f5740745b457135c1ab209a67923/lifecycle-runtime-compose-desktop-2.11.0-beta01.jar:/home/annihilator/.gradle/caches/modules-2/files-2.1/org.jetbrains.androidx.lifecycle/lifecycle-viewmodel-compose-desktop/2.11.0-beta01/25df0b7b86731829cb34805ff8ebb167b198b916/lifecycle-viewmodel-compose-desktop-2.11.0-beta01.jar:/home/annihilator/.gradle/caches/modules-2/files-2.1/org.jetbrains.compose.runtime/runtime-desktop/1.11.1/1941336b045aac4b87cc3be81d9fdb9977c88c61/runtime-desktop-1.11.1.jar:/home/annihilator/.gradle/caches/modules-2/files-2.1/io.coil-kt.coil3/coil-network-ktor3-jvm/3.5.0-beta01/59ee23ce9f237edbad112c94a7cc65dc1939999b/coil-network-ktor3-jvm-3.5.0-beta01.jar:/home/annihilator/.gradle/caches/modules-2/files-2.1/io.coil-kt.coil3/coil-network-cache-control-jvm/3.5.0-beta01/92507c9b531bab9e0c7188af0057a8719c8fee05/coil-network-cache-control-jvm-3.5.0-beta01.jar:/home/annihilator/.gradle/caches/modules-2/files-2.1/io.coil-kt.coil3/coil-svg-jvm/3.5.0-beta01/7998e0f304b0c8c535dfda3ef86cf81faa88a813/coil-svg-jvm-3.5.0-beta01.jar:/home/annihilator/.gradle/caches/modules-2/files-2.1/org.jetbrains.kotlinx/atomicfu-jvm/0.32.1/766417c1430c117100e14af193c4fdbe6034b5e6/atomicfu-jvm-0.32.1.jar:/home/annihilator/.gradle/caches/modules-2/files-2.1/io.github.jan-tennert.supabase/postgrest-kt-jvm/3.4.1/5ce69132306e6aa1fcd959ebdeb502e821e3a47c/postgrest-kt-jvm-3.4.1.jar:/home/annihilator/.gradle/caches/modules-2/files-2.1/io.github.jan-tennert.supabase/functions-kt-jvm/3.4.1/2a6c5a1e77bb1d4895812d7292d8075e34b2fb55/functions-kt-jvm-3.4.1.jar:/home/annihilator/.gradle/caches/modules-2/files-2.1/io.github.jan-tennert.supabase/storage-kt-jvm/3.4.1/4f3eb000d3862395bdd976ab8679841be3029d43/storage-kt-jvm-3.4.1.jar:/home/annihilator/.gradle/caches/modules-2/files-2.1/io.github.jan-tennert.supabase/auth-kt-jvm/3.4.1/91413cc37352dda1f34a180c14f58601b6aa2ea0/auth-kt-jvm-3.4.1.jar:/home/annihilator/.gradle/caches/modules-2/files-2.1/io.ktor/ktor-client-cio-jvm/3.4.1/114327011eeecd416940e2d1be8c9bd5098907de/ktor-client-cio-jvm-3.4.1.jar:/home/annihilator/.gradle/caches/modules-2/files-2.1/io.github.dokar3/quickjs-kt-jvm/1.0.5/c76155aa176760f2ab1966aa61ebd1cc1334dee6/quickjs-jvm.jar:/home/annihilator/.gradle/caches/modules-2/files-2.1/com.fleeksoft.ksoup/ksoup-jvm/0.2.6/61a4f799ea43b8eb31856729500be73975e41a42/ksoup-jvm-0.2.6.jar:/home/annihilator/.gradle/caches/modules-2/files-2.1/org.jetbrains.skiko/skiko-awt-runtime-linux-x64/0.144.6/291f8626a2fecd06e9f585424360560189ab7303/skiko-awt-runtime-linux-x64-0.144.6.jar:/home/annihilator/.gradle/caches/modules-2/files-2.1/org.jetbrains.skiko/skiko-awt/0.144.6/c9bec39e3c517ed5591c71c7db0cbbe64b6be849/skiko-awt-0.144.6.jar:/home/annihilator/.gradle/caches/modules-2/files-2.1/io.github.vinceglb/filekit-core-jvm/0.14.2/2d6248437233553a08f656e1cfdfc3db3df14a13/filekit-core-jvm.jar:/home/annihilator/.gradle/caches/modules-2/files-2.1/io.ktor/ktor-server-cio-jvm/3.4.0/16a50d239963841ae64e8e207f93ae7a5fdd7062/ktor-server-cio-jvm-3.4.0.jar:/home/annihilator/.gradle/caches/modules-2/files-2.1/io.ktor/ktor-server-core-jvm/3.4.0/97aba0f5e3cd539679907382a3f5783b9a563165/ktor-server-core-jvm-3.4.0.jar:/home/annihilator/.gradle/caches/modules-2/files-2.1/org.jetbrains.kotlin/kotlin-reflect/2.3.10/98e0fa43a9204a252fa8806c9b2f3f3131590bcb/kotlin-reflect-2.3.10.jar:/home/annihilator/.gradle/caches/modules-2/files-2.1/com.squareup.okhttp3/okhttp/4.12.0/2f4525d4a200e97e1b87449c2cd9bd2e25b7e8cd/okhttp-4.12.0.jar:/home/annihilator/.gradle/caches/modules-2/files-2.1/org.jetbrains.kotlin/kotlin-stdlib-jdk8/1.9.0/e000bd084353d84c9e888f6fb341dc1f5b79d948/kotlin-stdlib-jdk8-1.9.0.jar:/home/annihilator/.gradle/caches/modules-2/files-2.1/io.github.jan-tennert.supabase/supabase-kt-jvm/3.4.1/4c8df2570087c4424f8c2f3c93d77b2ec4198fd5/supabase-kt-jvm-3.4.1.jar:/home/annihilator/.gradle/caches/modules-2/files-2.1/org.jetbrains.kotlinx/kotlinx-datetime-jvm/0.8.0/316346a7d44778581ff91154f72dfa576bce4ee2/kotlinx-datetime-jvm-0.8.0.jar:/home/annihilator/.gradle/caches/modules-2/files-2.1/androidx.graphics/graphics-shapes-desktop/1.1.0/a5d2198960bdc0915f74c6b2954d3323f35f40ea/graphics-shapes-desktop-1.1.0.jar:/home/annihilator/.gradle/caches/modules-2/files-2.1/androidx.collection/collection-jvm/1.5.0/7ba2c69414d46ebc2dd76598bdd0a75c54281a57/collection-jvm-1.5.0.jar:/home/annihilator/.gradle/caches/modules-2/files-2.1/io.coil-kt.coil3/coil-jvm/3.5.0-beta01/b0061205e37fc17ba27f52ba1ee42f2be1de31d3/coil-jvm-3.5.0-beta01.jar:/home/annihilator/.gradle/caches/modules-2/files-2.1/io.coil-kt.coil3/coil-network-core-jvm/3.5.0-beta01/27fa35b4c8e4fbcc99126099eba9600a1e8e5a56/coil-network-core-jvm-3.5.0-beta01.jar:/home/annihilator/.gradle/caches/modules-2/files-2.1/io.coil-kt.coil3/coil-core-jvm/3.5.0-beta01/a1cca49cdadfc07533b35de91d266adda8af9df8/coil-core-jvm-3.5.0-beta01.jar:/home/annihilator/.gradle/caches/modules-2/files-2.1/com.materialkolor.palette/androidx-palette-jvm/4.0.0-beta02/8635f5e4c28acd813bc78a044d6f1492de7c575/androidx-palette-jvm.jar:/home/annihilator/.gradle/caches/modules-2/files-2.1/dev.drewhamilton.poko/poko-annotations-jvm/0.21.3/1e98d2ec00742104bd01eaebbd59582dac99a62/poko-annotations-jvm-0.21.3.jar:/home/annihilator/.gradle/caches/modules-2/files-2.1/com.russhwolf/multiplatform-settings-no-arg-jvm/1.3.0/b9d2280a0d56597619afb286d7c5f697f2e83f03/multiplatform-settings-no-arg-jvm-1.3.0.jar:/home/annihilator/.gradle/caches/modules-2/files-2.1/com.russhwolf/multiplatform-settings-coroutines-jvm/1.3.0/c64a7df35357b1e8fa74b830d006d2ea23fcb395/multiplatform-settings-coroutines-jvm-1.3.0.jar:/home/annihilator/.gradle/caches/modules-2/files-2.1/dev.whyoleg.cryptography/cryptography-provider-jdk-jvm/0.5.0/3a2721ac930c182a0e424f2d558cfa9d52cc1b3/cryptography-provider-jdk-jvm-0.5.0.jar:/home/annihilator/.gradle/caches/modules-2/files-2.1/dev.whyoleg.cryptography/cryptography-provider-base-jvm/0.5.0/e03b79926494512ac452ca00cfa5e27135262d32/cryptography-provider-base-jvm-0.5.0.jar:/home/annihilator/.gradle/caches/modules-2/files-2.1/dev.whyoleg.cryptography/cryptography-serialization-asn1-modules-jvm/0.5.0/9308027088c76026a5b96f5b5b400859310ca1af/cryptography-serialization-asn1-modules-jvm-0.5.0.jar:/home/annihilator/.gradle/caches/modules-2/files-2.1/dev.whyoleg.cryptography/cryptography-serialization-asn1-jvm/0.5.0/242a38b98c1dd201f499485925f22c972858c153/cryptography-serialization-asn1-jvm-0.5.0.jar:/home/annihilator/.gradle/caches/modules-2/files-2.1/dev.whyoleg.cryptography/cryptography-bigint-jvm/0.5.0/97ac3202bf7f3792b3c8bc788a7bbb1b33ca2485/cryptography-bigint-jvm-0.5.0.jar:/home/annihilator/.gradle/caches/modules-2/files-2.1/dev.whyoleg.cryptography/cryptography-random-jvm/0.5.0/8e77668891b60f6058f1262e032d8b06d137bdde/cryptography-random-jvm-0.5.0.jar:/home/annihilator/.gradle/caches/modules-2/files-2.1/dev.whyoleg.cryptography/cryptography-serialization-pem-jvm/0.5.0/7b5cb41c77698e6fb3fab21e67bf7b9e988e11a2/cryptography-serialization-pem-jvm-0.5.0.jar:/home/annihilator/.gradle/caches/modules-2/files-2.1/dev.whyoleg.cryptography/cryptography-provider-optimal-jvm/0.5.0/f0ff9daaf78932f6348ee90d014ca4c78337971b/cryptography-provider-optimal-jvm-0.5.0.jar:/home/annihilator/.gradle/caches/modules-2/files-2.1/dev.whyoleg.cryptography/cryptography-core-jvm/0.5.0/d0fc25786ede38c33893236eacc3d6ab11d2ad10/cryptography-core-jvm-0.5.0.jar:/home/annihilator/.gradle/caches/modules-2/files-2.1/io.ktor/ktor-client-content-negotiation-jvm/3.4.0/266c1aef9d340c22cd859dd5c9174c2e1d86489f/ktor-client-content-negotiation-jvm-3.4.0.jar:/home/annihilator/.gradle/caches/modules-2/files-2.1/io.ktor/ktor-client-core-jvm/3.4.1/84dc032a29f56bdac73449f78a0a2e7f9cab042/ktor-client-core-jvm-3.4.1.jar:/home/annihilator/.gradle/caches/modules-2/files-2.1/io.ktor/ktor-http-cio-jvm/3.4.1/3bd25f53a79a1f68eaec86ae9da4878314cc80af/ktor-http-cio-jvm-3.4.1.jar:/home/annihilator/.gradle/caches/modules-2/files-2.1/io.ktor/ktor-websocket-serialization-jvm/3.4.1/3a687a268f242dab9b624b78d3daeb646aeed5cb/ktor-websocket-serialization-jvm-3.4.1.jar:/home/annihilator/.gradle/caches/modules-2/files-2.1/io.ktor/ktor-serialization-kotlinx-json-jvm/3.4.0/2a09f17d70b6e61623fd8aff9bdce6d7877892/ktor-serialization-kotlinx-json-jvm-3.4.0.jar:/home/annihilator/.gradle/caches/modules-2/files-2.1/io.ktor/ktor-serialization-kotlinx-jvm/3.4.0/d001db47b2ebe8ad8b2cb1bb2a687688840f5887/ktor-serialization-kotlinx-jvm-3.4.0.jar:/home/annihilator/.gradle/caches/modules-2/files-2.1/io.ktor/ktor-serialization-jvm/3.4.1/6fec7fdb4da27d09ff33a34e6e990b215f7c19c4/ktor-serialization-jvm-3.4.1.jar:/home/annihilator/.gradle/caches/modules-2/files-2.1/io.ktor/ktor-websockets-jvm/3.4.1/83226f3612bffab4d0af0d26f9e4d6b7d2e02a58/ktor-websockets-jvm-3.4.1.jar:/home/annihilator/.gradle/caches/modules-2/files-2.1/io.ktor/ktor-network-tls-jvm/3.4.1/8d17de5904253b073b44499a3e67ba99ca2ca8f6/ktor-network-tls-jvm-3.4.1.jar:/home/annihilator/.gradle/caches/modules-2/files-2.1/com.fleeksoft.charset/charset-jvm/0.0.8/b6fcd5cc804844347929a83c56f1fdd854c9ce66/charset-jvm-0.0.8.jar:/home/annihilator/.gradle/caches/modules-2/files-2.1/com.fleeksoft.io/io-core-jvm/0.0.8/78517ce1ff4c2ccbb8b91b9f1549c6e7a0ae1044/io-core-jvm-0.0.8.jar:/home/annihilator/.gradle/caches/modules-2/files-2.1/co.touchlab/stately-concurrency-jvm/2.1.0/6285428408c4d7e4a6d9a09511de877103effd81/stately-concurrency-jvm-2.1.0.jar:/home/annihilator/.gradle/caches/modules-2/files-2.1/org.jetbrains.kotlin/kotlin-stdlib-jdk7/1.9.0/f320478990d05e0cfaadd74f9619fd6027adbf37/kotlin-stdlib-jdk7-1.9.0.jar:/home/annihilator/.gradle/caches/modules-2/files-2.1/org.jetbrains.kotlinx/kotlinx-coroutines-slf4j/1.11.0/556153d93573d016dd4e5df37e3d03d07d8d303/kotlinx-coroutines-slf4j-1.11.0.jar:/home/annihilator/.gradle/caches/modules-2/files-2.1/org.jetbrains.kotlinx/kotlinx-coroutines-swing/1.11.0/3cf134b8aefd813622edc37e60d66b939b55cb36/kotlinx-coroutines-swing-1.11.0.jar:/home/annihilator/.gradle/caches/modules-2/files-2.1/io.ktor/ktor-http-jvm/3.4.1/6605b91c8f06bb6f67e2ec13b8ccea7926f4a526/ktor-http-jvm-3.4.1.jar:/home/annihilator/.gradle/caches/modules-2/files-2.1/io.ktor/ktor-events-jvm/3.4.1/c7aa6bd43fcaf3da2f57a5417b1df66814ec2577/ktor-events-jvm-3.4.1.jar:/home/annihilator/.gradle/caches/modules-2/files-2.1/io.ktor/ktor-sse-jvm/3.4.1/f95e6419c5bb24bed7c718dbff8b292a90db881e/ktor-sse-jvm-3.4.1.jar:/home/annihilator/.gradle/caches/modules-2/files-2.1/io.ktor/ktor-network-jvm/3.4.1/a3b710fabdc38031ff0fb96eaee2a6ddf5ada9c6/ktor-network-jvm-3.4.1.jar:/home/annihilator/.gradle/caches/modules-2/files-2.1/io.ktor/ktor-utils-jvm/3.4.1/f1ad623952ea49c631db750560228e3984790e48/ktor-utils-jvm-3.4.1.jar:/home/annihilator/.gradle/caches/modules-2/files-2.1/io.ktor/ktor-io-jvm/3.4.1/fccd4e08dde189d82ae9a3f5fdbbf152ccd3a9c8/ktor-io-jvm-3.4.1.jar:/home/annihilator/.gradle/caches/modules-2/files-2.1/org.jetbrains.kotlinx/kotlinx-coroutines-core-jvm/1.11.0/3d57dc678bd8d72a60e7adf0eca5c54e3f4f4b79/kotlinx-coroutines-core-jvm-1.11.0.jar:/home/annihilator/.gradle/caches/modules-2/files-2.1/org.jetbrains.kotlinx/kotlinx-serialization-json-io-jvm/1.11.0/645ed54ca9128fc217b30b3686a083141ebe635c/kotlinx-serialization-json-io-jvm-1.11.0.jar:/home/annihilator/.gradle/caches/modules-2/files-2.1/org.jetbrains.kotlinx/kotlinx-serialization-json-jvm/1.11.0/e7e045e99e56f07599bb9ccb708c2190e2af0606/kotlinx-serialization-json-jvm-1.11.0.jar:/home/annihilator/.gradle/caches/modules-2/files-2.1/org.jetbrains.kotlinx/kotlinx-serialization-core-jvm/1.11.0/c1905c9bf7452b045d5af9248835abe64ddad6bf/kotlinx-serialization-core-jvm-1.11.0.jar:/home/annihilator/.gradle/caches/modules-2/files-2.1/androidx.arch.core/core-common/2.2.0/5e1b8b81dfd5f52c56a8d53b18ca759c19a301f3/core-common-2.2.0.jar:/home/annihilator/.gradle/caches/modules-2/files-2.1/androidx.annotation/annotation-jvm/1.10.0/388cfaa79001d0f024d28f6a13d5a3dfc2f0e18f/annotation-jvm-1.10.0.jar:/home/annihilator/.gradle/caches/modules-2/files-2.1/org.jetbrains.kotlinx/kotlinx-io-core-jvm/0.9.0/7f7536f8f057ffc7f79375714e9730c4b8bdd7c9/kotlinx-io-core-jvm-0.9.0.jar:/home/annihilator/.gradle/caches/modules-2/files-2.1/com.squareup.okio/okio-jvm/3.17.0/a12d684ec0df9541b3869ae60a4a5257fd3613df/okio-jvm-3.17.0.jar:/home/annihilator/.gradle/caches/modules-2/files-2.1/co.touchlab/kermit-jvm/2.0.8/83ee3b1da12d91011c3e93558f97bc28665810de/kermit-jvm-2.0.8.jar:/home/annihilator/.gradle/caches/modules-2/files-2.1/org.jetbrains.kotlinx/kotlinx-collections-immutable-jvm/0.4.0/82499bf608b0fc3ae6737a5eac1a1f1325279bbf/kotlinx-collections-immutable-jvm-0.4.0.jar:/home/annihilator/.gradle/caches/modules-2/files-2.1/com.russhwolf/multiplatform-settings-jvm/1.3.0/76fe39b1cbb2b2b951ec230ab85e610ae179aab7/multiplatform-settings-jvm-1.3.0.jar:/home/annihilator/.gradle/caches/modules-2/files-2.1/co.touchlab/stately-strict-jvm/2.1.0/3ae8369209065455f4630793bf6aca0fb88c8b6b/stately-strict-jvm-2.1.0.jar:/home/annihilator/.gradle/caches/modules-2/files-2.1/org.jetbrains.kotlinx/kotlinx-io-bytestring-jvm/0.9.0/e73a7915234a8ea7954f32b715ef8e42b02f66a3/kotlinx-io-bytestring-jvm-0.9.0.jar:/home/annihilator/.gradle/caches/modules-2/files-2.1/co.touchlab/kermit-core-jvm/2.0.8/7d782124fef2b0c4dccf07208e1cf3aa13b57058/kermit-core-jvm-2.0.8.jar:/home/annihilator/.gradle/caches/modules-2/files-2.1/org.jetbrains.kotlin/kotlin-stdlib/2.4.0/4e9f4b531dce5c7dee58ed2de9a8b9a763c8dc6c/kotlin-stdlib-2.4.0.jar:/home/annihilator/.gradle/caches/modules-2/files-2.1/org.lwjgl/lwjgl-glfw/3.3.6/7119f7d0eeb1e5502ff0ca71d2b4d47317da015/lwjgl-glfw-3.3.6.jar:/home/annihilator/.gradle/caches/modules-2/files-2.1/org.lwjgl/lwjgl-glfw/3.3.6/797e0965709ad180d9b00c88a086dbda15002203/lwjgl-glfw-3.3.6-natives-linux.jar:/home/annihilator/.gradle/caches/modules-2/files-2.1/org.lwjgl/lwjgl-opengl/3.3.6/ac2532612a4df374e9a9282bcf8ce2573018ebbb/lwjgl-opengl-3.3.6.jar:/home/annihilator/.gradle/caches/modules-2/files-2.1/org.lwjgl/lwjgl-opengl/3.3.6/b8dc6467fe232d552793c53dc56f9fa8a385299c/lwjgl-opengl-3.3.6-natives-linux.jar:/home/annihilator/.gradle/caches/modules-2/files-2.1/org.lwjgl/lwjgl-vulkan/3.3.6/a403e0931b03b138854bb2ba9c48dab646cba6d8/lwjgl-vulkan-3.3.6.jar:/home/annihilator/.gradle/caches/modules-2/files-2.1/org.lwjgl/lwjgl/3.3.6/ce7721d30cfaf47feaed10213e0c43eb55c49d68/lwjgl-3.3.6.jar:/home/annihilator/.gradle/caches/modules-2/files-2.1/org.lwjgl/lwjgl/3.3.6/dc7db8fc4f1e6563867f9155b9a42d9c73d8992f/lwjgl-3.3.6-natives-linux.jar:/home/annihilator/.gradle/caches/modules-2/files-2.1/org.jetbrains/annotations/23.0.0/8cc20c07506ec18e0834947b84a864bfc094484e/annotations-23.0.0.jar:/home/annihilator/.gradle/caches/modules-2/files-2.1/io.sentry/sentry/8.52.0/b26a1b9181c78835078956c352f20cecd459e7a6/sentry-8.52.0.jar:/home/annihilator/.gradle/caches/modules-2/files-2.1/org.jetbrains.runtime/jbr-api/1.9.0/2bc161f5472b5fd5610740e4d6ebe896c811cb0e/jbr-api-1.9.0.jar:/home/annihilator/.gradle/caches/modules-2/files-2.1/org.slf4j/slf4j-api/2.0.17/d9e58ac9c7779ba3bf8142aff6c830617a7fe60f/slf4j-api-2.0.17.jar:/home/annihilator/.gradle/caches/modules-2/files-2.1/net.java.dev.jna/jna-platform/5.19.1/d1e54d9231da5ca3fa730d52960deaa555475468/jna-platform-5.19.1.jar:/home/annihilator/.gradle/caches/modules-2/files-2.1/com.typesafe/config/1.4.5/cc25b497ded7068a861517a815546fb472f9e58/config-1.4.5.jar:/home/annihilator/.gradle/caches/modules-2/files-2.1/org.fusesource.jansi/jansi/2.4.2/ba7387c31622c6650b83edba1bbb115f1fe462ba/jansi-2.4.2.jar:/home/annihilator/.gradle/caches/modules-2/files-2.1/net.java.dev.jna/jna/5.19.1/ca303052cd617c1af2e2c8d344c98a706fb63143/jna-5.19.1.jar:/home/annihilator/.gradle/caches/modules-2/files-2.1/org.jspecify/jspecify/1.0.0/7425a601c1c7ec76645a78d22b8c6a627edee507/jspecify-1.0.0.jar
Launcher Type: SUN_STANDARD

[Global flags]
     bool AOTAdapterCaching                        = false                                  {diagnostic} {ergonomic}
     bool AOTInvokeDynamicLinking                  = false                                  {diagnostic} {ergonomic}
     bool AOTRecordTraining                        = false                                  {diagnostic} {ergonomic}
     bool AOTReplayTraining                        = false                                  {diagnostic} {ergonomic}
     bool AOTStubCaching                           = false                                  {diagnostic} {ergonomic}
     intx CICompilerCount                          = 12                                        {product} {ergonomic}
     uint ConcGCThreads                            = 3                                         {product} {ergonomic}
     uint G1ConcRefinementThreads                  = 13                                        {product} {ergonomic}
     uint G1EagerReclaimRemSetThreshold            = 16                                   {experimental} {ergonomic}
   size_t G1HeapRegionSize                         = 2097152                                   {product} {ergonomic}
     uint G1RemSetArrayOfCardsEntries              = 16                                   {experimental} {ergonomic}
     uint G1RemSetHowlMaxNumBuckets                = 8                                    {experimental} {ergonomic}
     uint G1RemSetHowlNumBuckets                   = 8                                    {experimental} {ergonomic}
   size_t InitialHeapSize                          = 8388608                                   {product} {ergonomic}
     bool IntelJccErratumMitigation                = false                             {ARCH diagnostic} {ergonomic}
   size_t MarkStackSize                            = 4194304                                   {product} {ergonomic}
   size_t MarkStackSizeMax                         = 536870912                                 {product} {ergonomic}
   size_t MaxHeapSize                              = 4032823296                                {product} {ergonomic}
   size_t MaxNewSize                               = 2418016256                                {product} {ergonomic}
 uint64_t MaxRAM                                   = 16128925696                               {product} {ergonomic}
   size_t MinHeapDeltaBytes                        = 2097152                                   {product} {ergonomic}
   size_t MinHeapSize                              = 8388608                                   {product} {ergonomic}
   size_t NonNMethodCodeHeapSize                   = 7606272                                {pd product} {ergonomic}
   size_t NonProfiledCodeHeapSize                  = 122028032                              {pd product} {ergonomic}
   size_t ProfiledCodeHeapSize                     = 122028032                              {pd product} {ergonomic}
   size_t ReservedCodeCacheSize                    = 251662336                              {pd product} {ergonomic}
     bool SegmentedCodeCache                       = true                                      {product} {ergonomic}
   size_t SoftMaxHeapSize                          = 4032823296                             {manageable} {ergonomic}
     bool UseCompressedOops                        = true                           {product lp64_product} {ergonomic}
     bool UseCondCardMark                          = true                                      {product} {ergonomic}
     bool UseFastUnorderedTimeStamps               = true                                 {experimental} {ergonomic}
     bool UseG1GC                                  = true                                      {product} {ergonomic}
      int X86ICacheSync                            = 3                                 {ARCH diagnostic} {ergonomic}

Logging:
Log output configuration:
 #0: 
[error occurred during error reporting (printing log configuration), id 0xb, SIGSEGV (0xb) at pc=0x00007f4d80b9b718]
Release file:
IMPLEMENTOR="Arch Linux"
JAVA_RUNTIME_VERSION="26.0.2.1"
JAVA_VERSION="26.0.2.1"
JAVA_VERSION_DATE="2026-08-18"
LIBC="gnu"
MODULES="java.base java.compiler java.datatransfer java.xml java.prefs java.desktop java.instrument java.logging java.management java.security.sasl java.naming java.rmi java.management.rmi java.net.http java.scripting java.security.jgss java.transaction.xa java.sql java.sql.rowset java.xml.crypto java.se java.smartcardio jdk.accessibility jdk.internal.jvmstat jdk.attach jdk.charsets jdk.internal.opt jdk.zipfs jdk.compiler jdk.crypto.cryptoki jdk.crypto.ec jdk.dynalink jdk.internal.ed jdk.editpad jdk.internal.vm.ci jdk.graal.compiler jdk.graal.compiler.management jdk.hotspot.agent jdk.httpserver jdk.incubator.vector jdk.internal.le jdk.internal.md jdk.jartool jdk.javadoc jdk.jcmd jdk.management jdk.management.agent jdk.jconsole jdk.jdeps jdk.jdwp.agent jdk.jdi jdk.jfr jdk.jlink jdk.jpackage jdk.jshell jdk.jstatd jdk.localedata jdk.management.jfr jdk.naming.dns jdk.naming.rmi jdk.net jdk.nio.mapmode jdk.sctp jdk.security.auth jdk.security.jgss jdk.unsupported jdk.unsupported.desktop jdk.xml.dom"
OS_ARCH="x86_64"
OS_NAME="Linux"
SOURCE=""

Environment Variables:
PATH=/home/annihilator/.local/bin:/home/annihilator/bin:/home/annihilator/.cargo/bin:/home/annihilator/.npm-global/bin:/home/annihilator/.local/share/solana/install/active_release/bin:/usr/local/sbin:/usr/local/bin:/usr/bin:/opt/cuda/bin:/var/lib/flatpak/exports/bin:/usr/lib/jvm/default/bin:/usr/bin/site_perl:/usr/bin/vendor_perl:/usr/bin/core_perl:/opt/rocm/bin:/home/annihilator/.config/Claude/local-agent-mode-sessions/f30d0a67-fea7-4d47-acce-d7da1f075d93/3f6e0ddc-f963-4a28-bb3d-52c35a96b68e/rpm/plugin_0155zZVATbJU3jHUmPP9NvMC/bin:/home/annihilator/.config/Claude/local-agent-mode-sessions/skills-plugin/3f6e0ddc-f963-4a28-bb3d-52c35a96b68e/f30d0a67-fea7-4d47-acce-d7da1f075d93/bin
LD_PRELOAD=/tmp/libglxshim.so
SHELL=/bin/zsh
DISPLAY=:0
WAYLAND_DISPLAY=wayland-1
LANG=en_GB.UTF-8

Active Locale:
LC_ALL=LC_CTYPE=en_GB.UTF-8;LC_NUMERIC=C;LC_TIME=en_GB.UTF-8;LC_COLLATE=en_GB.UTF-8;LC_MONETARY=en_GB.UTF-8;LC_MESSAGES=en_GB.UTF-8;LC_PAPER=en_GB.UTF-8;LC_NAME=en_GB.UTF-8;LC_ADDRESS=en_GB.UTF-8;LC_TELEPHONE=en_GB.UTF-8;LC_MEASUREMENT=en_GB.UTF-8;LC_IDENTIFICATION=en_GB.UTF-8
LC_COLLATE=en_GB.UTF-8
LC_CTYPE=en_GB.UTF-8
LC_MESSAGES=en_GB.UTF-8
LC_MONETARY=en_GB.UTF-8
LC_NUMERIC=C
LC_TIME=en_GB.UTF-8

Signal Handlers:
   SIGSEGV: 0x00007f4d81080b00 in libjvm.so+15207168, mask=11100100010111111101111111111110, flags=SA_RESTART|SA_SIGINFO, unblocked
    SIGBUS: 0x00007f4d81080b00 in libjvm.so+15207168, mask=11100100010111111101111111111110, flags=SA_RESTART|SA_SIGINFO, unblocked
    SIGFPE: 0x00007f4d81080b00 in libjvm.so+15207168, mask=11100100010111111101111111111110, flags=SA_RESTART|SA_SIGINFO, unblocked
   SIGPIPE: SIG_IGN, mask=11111111011111111101111111111110, flags=SA_RESTART, blocked
  *** Handler was modified!
  *** Expected: 0x00007f4d80ede900 in libjvm.so+13494528, mask=11100100110111111111111111111110, flags=SA_RESTART|SA_SIGINFO
   SIGXFSZ: 0x00007f4d80ede900 in libjvm.so+13494528, mask=11100100010111111101111111111110, flags=SA_RESTART|SA_SIGINFO, blocked
    SIGILL: 0x00007f4d81080b00 in libjvm.so+15207168, mask=11100100010111111101111111111110, flags=SA_RESTART|SA_SIGINFO, unblocked
   SIGUSR2: 0x00007f4d80ee15b0 in libjvm.so+13505968, mask=00000000000000000000000000000000, flags=SA_RESTART|SA_SIGINFO, blocked
    SIGHUP: SIG_IGN, mask=00000000000000000000000000000000, flags=none, blocked
    SIGINT: SIG_DFL, mask=00000000000000000000000000000000, flags=SA_RESTART, blocked
   SIGTERM: SIG_DFL, mask=00000000000000000000000000000000, flags=SA_RESTART, blocked
   SIGQUIT: SIG_DFL, mask=00000000000000000000000000000000, flags=SA_RESTART, blocked
   SIGTRAP: 0x00007f4d81080b00 in libjvm.so+15207168, mask=11100100010111111101111111111110, flags=SA_RESTART|SA_SIGINFO, unblocked


Compilation memory statistics disabled.

Periodic native trim disabled

---------------  S Y S T E M  ---------------

OS:
DISTRIB_ID="Arch"
DISTRIB_RELEASE="rolling"
DISTRIB_DESCRIPTION="Arch Linux"
uname: Linux 7.1.9-arch1-2 #1 SMP PREEMPT_DYNAMIC Fri, 21 Aug 2026 22:18:59 +0000 x86_64
OS uptime: 1 days 13:10 hours
libc: glibc 2.44 NPTL 2.44 
rlimit (soft/hard): STACK 8192k/infinity , CORE infinity/infinity , NPROC 60477/60477 , NOFILE 524288/524288 , AS infinity/infinity , CPU infinity/infinity , DATA infinity/infinity , FSIZE infinity/infinity , MEMLOCK 8192k/8192k
load average: 2.36 3.35 3.10

/proc/meminfo:
MemTotal:       15750904 kB
MemFree:         1924240 kB
MemAvailable:    4936652 kB
Buffers:           49304 kB
Cached:          3337492 kB
SwapCached:       208200 kB
Active:          2574444 kB
Inactive:        7711036 kB
Active(anon):    1958700 kB
Inactive(anon):  5148012 kB
Active(file):     615744 kB
Inactive(file):  2563024 kB
Unevictable:      516236 kB
Mlocked:            2548 kB
SwapTotal:      24652280 kB
SwapFree:       19353148 kB
Zswap:                 0 kB
Zswapped:              0 kB
Dirty:              1316 kB
Writeback:             0 kB
AnonPages:       7250928 kB
Mapped:          1058096 kB
Shmem:            265572 kB
KReclaimable:     163108 kB
Slab:             438836 kB
SReclaimable:     163108 kB
SUnreclaim:       275728 kB
KernelStack:       35120 kB
PageTables:        95204 kB
SecPageTables:      2264 kB
NFS_Unstable:          0 kB
Bounce:                0 kB
WritebackTmp:          0 kB
CommitLimit:    32527732 kB
Committed_AS:   31651016 kB
VmallocTotal:   34359738367 kB
VmallocUsed:      203516 kB
VmallocChunk:          0 kB
Percpu:            11712 kB
HardwareCorrupted:     0 kB
AnonHugePages:   1214464 kB
ShmemHugePages:        0 kB
ShmemPmdMapped:        0 kB
FileHugePages:    405504 kB
FilePmdMapped:    380928 kB
CmaTotal:              0 kB
CmaFree:               0 kB
Unaccepted:            0 kB
Balloon:               0 kB
GPUActive:         85520 kB
GPUReclaim:         6144 kB
HugePages_Total:       0
HugePages_Free:        0
HugePages_Rsvd:        0
HugePages_Surp:        0
Hugepagesize:       2048 kB
Hugetlb:               0 kB
DirectMap4k:    14324440 kB
DirectMap2M:     1830912 kB
DirectMap1G:           0 kB

/sys/kernel/mm/transparent_hugepage/enabled: [always] madvise never
/sys/kernel/mm/transparent_hugepage/hpage_pmd_size: 2097152
/sys/kernel/mm/transparent_hugepage/shmem_enabled: always within_size [advise] never deny force
/sys/kernel/mm/transparent_hugepage/defrag (defrag/compaction efforts parameter): always defer defer+madvise [madvise] never

Process Memory:
Virtual Size: 87803664K (peak: 147228228K)
Resident Set Size: 2850044K (peak: 4720208K) (anon: 2370364K, file: 464088K, shmem: 15592K)
Swapped out: 0K
C-Heap outstanding allocations: 157137K, retained: 3200776K
glibc malloc tunables: (default)

/proc/sys/kernel/threads-max (system-wide limit on the number of threads): 120955
/proc/sys/vm/max_map_count (maximum number of memory map areas a process may have): 1048576
/proc/sys/vm/swappiness (control to define how aggressively the kernel swaps out anonymous memory): 60
/proc/sys/kernel/pid_max (system-wide limit on number of process identifiers): 4194304

container information not found.
Steal ticks since vm start: 0
Steal ticks percentage since vm start:  0.000

CPU: total 16 (initial active 16) (8 cores per cpu, 2 threads per core) family 25 model 80 stepping 0 microcode 0xa500012, cx8, cmov, fxsr, ht, mmx, 3dnowpref, sse, sse2, sse3, ssse3, sse4a, sse4.1, sse4.2, popcnt, lzcnt, tsc, tscinvbit, avx, avx2, aes, erms, clmul, bmi1, bmi2, adx, sha, fma, vzeroupper, clflush, clflushopt, clwb, rdtscp, rdpid, fsrm, f16c, pku, ospke, cet_ss
CPU Model and flags from /proc/cpuinfo:
model name	: AMD Ryzen 7 5800HS with Radeon Graphics
flags		: fpu vme de pse tsc msr pae mce cx8 apic sep mtrr pge mca cmov pat pse36 clflush mmx fxsr sse sse2 ht syscall nx mmxext fxsr_opt pdpe1gb rdtscp lm constant_tsc rep_good nopl xtopology nonstop_tsc cpuid extd_apicid aperfmperf rapl pni pclmulqdq monitor ssse3 fma cx16 sse4_1 sse4_2 movbe popcnt aes xsave avx f16c rdrand lahf_lm cmp_legacy svm extapic cr8_legacy abm sse4a misalignsse 3dnowprefetch osvw ibs skinit wdt tce topoext perfctr_core perfctr_nb bpext perfctr_llc mwaitx cpb cat_l3 cdp_l3 hw_pstate ssbd mba ibrs ibpb stibp vmmcall fsgsbase bmi1 avx2 smep bmi2 erms invpcid cqm rdt_a rdseed adx smap clflushopt clwb sha_ni xsaveopt xsavec xgetbv1 xsaves cqm_llc cqm_occup_llc cqm_mbm_total cqm_mbm_local user_shstk clzero irperf xsaveerptr rdpru wbnoinvd cppc arat npt lbrv svm_lock nrip_save tsc_scale vmcb_clean flushbyasid decodeassists pausefilter pfthreshold avic v_vmsave_vmload vgif v_spec_ctrl umip pku ospke vaes vpclmulqdq rdpid overflow_recov succor smca fsrm debug_swap

Online cpus: 0-15
Offline cpus: 
BIOS frequency limitation: <Not Available>
Frequency switch latency (ns): 0
Available cpu frequencies: <Not Available>
Current governor: powersave
Core performance/turbo boost: 1

Memory: 4k page, physical 15750904k(4936652k free), swap 24652280k(19353148k free)
Page Sizes: 4k

vm_info: OpenJDK 64-Bit Server VM (26.0.2.1) for linux-amd64 JRE (26.0.2.1), built on 2026-08-19T07:23:47Z with gcc 16.2.1 20260810

END.
