#
# A fatal error has been detected by the Java Runtime Environment:
#
#  SIGSEGV (0xb) at pc=0x00007f8039c523d1, pid=2234202, tid=2234215
#
# JRE version: OpenJDK Runtime Environment (26.0.2.1) (build 26.0.2.1)
# Java VM: OpenJDK 64-Bit Server VM (26.0.2.1, mixed mode, sharing, tiered, compressed oops, compressed class ptrs, g1 gc, linux-amd64)
# Problematic frame:
# C  [libnvidia-eglcore.so.610.57.04+0xa523d1]
#
# Core dump will be written. Default location: Determined by the following: "/usr/lib/systemd/systemd-coredump %P %u %g %s %t %c %h %d %F %I" (alternatively, falling back to /home/annihilator/dev/NuvioDesktop/waylandHost/core.2234202)
#
# If you would like to submit a bug report, please visit:
#   https://bugreport.java.com/bugreport/crash.jsp
#

---------------  S U M M A R Y ------------

Command Line: -Dnuvio.wayland.libmpv=/home/annihilator/dev/mpv/build/libmpv.so.2 -Dnuvio.wayland.realApp=true -Dnuvio.wayland.sceneHoldMs=10000 -Dnuvio.wayland.videoLog=true -Dnuvio.wayland.webChrome=true -Dorg.lwjgl.util.Debug=false --enable-native-access=ALL-UNNAMED -Dfile.encoding=UTF-8 -Duser.country=GB -Duser.language=en -Duser.variant com.nuvio.wayland.MainKt

Host: AMD Ryzen 7 5800HS with Radeon Graphics, 16 cores, 15G, Arch Linux
Time: Mon Aug 24 12:02:52 2026 BST elapsed time: 69.989858 seconds (0d 0h 1m 9s)

---------------  T H R E A D  ---------------

Current thread (0x00007f80980ff990):  VMThread "VM Thread"          [id=2234215, stack(0x00007f8071f00000,0x00007f8072000000) (1024K)]

Stack: [0x00007f8071f00000,0x00007f8072000000],  sp=0x00007f8071ffe3f0,  free space=1016k
Native frames: (J=compiled Java code, j=interpreted, Vv=VM code, C=native code)
C  [libnvidia-eglcore.so.610.57.04+0xa523d1]

siginfo: si_signo: 11 (SIGSEGV), si_code: 1 (SEGV_MAPERR), si_addr: 0x00000000000abdc8

Registers:
RAX=0x0000000000000003, RBX=0x00007f8041368fc0, RCX=0x0000000000000012, RDX=0x0000000000000000
RSP=0x00007f8071ffe3f0, RBP=0x00007f803b758140, RSI=0x00007f8040242ff0, RDI=0x00007f8042edf660
R8 =0x00007f8040000148, R9 =0x0000000000040000, R10=0x0000000000000000, R11=0x0000000000000000
R12=0x0000000076000000, R13=0x00007f80402962d0, R14=0x00007f80407bf0e0, R15=0x0000000076000000
RIP=0x00007f8039c523d1, EFLAGS=0x0000000000010202, CSGSFS=0x002b000000000033, ERR=0x0000000000000004
  TRAPNO=0x000000000000000e

XMM[0]=0x0000000000000000 0x0000000000000000
XMM[1]=0x0000000000000000 0x41c5b651b0000000
XMM[2]=0x0000000000000000 0x43e0000000000000
XMM[3]=0x0000000000000000 0x0000000000000006
XMM[4]=0x0000000000000000 0x0000000000000000
XMM[5]=0x0000000000000000 0x0000000000000000
XMM[6]=0x0000000000000000 0x0000000000000000
XMM[7]=0x0000000000000051 0x0000000000000000
XMM[8]=0x0000000000000000 0xbfb999999999999a
XMM[9]=0x0000000000000000 0x0000000000200000
XMM[10]=0x0000000000000000 0x0000000000000000
XMM[11]=0x0000000000000000 0x0000000000000000
XMM[12]=0x0000000000000000 0x0000000000000000
XMM[13]=0x0000000000000000 0x0000000000000000
XMM[14]=0x0000000000000000 0x0000000000000000
XMM[15]=0x0000000000000000 0x0000000000000000
  MXCSR=0x00001fa2


Register to memory mapping:

RAX=0x0000000000000003 is an unknown value
RBX=0x00007f8041368fc0 points into unknown readable memory: 0x0000000000000000 | 00 00 00 00 00 00 00 00
RCX=0x0000000000000012 is an unknown value
RDX=0x0 is null
RSP=0x00007f8071ffe3f0 points into unknown readable memory: 0x0000000076000000 | 00 00 00 76 00 00 00 00
RBP=0x00007f803b758140: <offset 0x0000000002558140> in /usr/lib/libnvidia-eglcore.so.610.57.04 at 0x00007f8039200000
RSI=0x00007f8040242ff0 points into unknown readable memory: 0x0000000100000001 | 01 00 00 00 01 00 00 00
RDI=0x00007f8042edf660 points into unknown readable memory: 0x0000000000000000 | 00 00 00 00 00 00 00 00
R8 =0x00007f8040000148 points into unknown readable memory: 0x00007f8040a064a0 | a0 64 a0 40 80 7f 00 00
R9 =0x0000000000040000 is an unknown value
R10=0x0 is null
R11=0x0 is null
R12=0x0000000076000000 points into unknown readable memory: 0x00007f8098b8d690 | 90 d6 b8 98 80 7f 00 00
R13=0x00007f80402962d0 points into unknown readable memory: 0x0000000000002000 | 00 20 00 00 00 00 00 00
R14=0x00007f80407bf0e0 points into unknown readable memory: 0x0000000100000000 | 00 00 00 00 01 00 00 00
R15=0x0000000076000000 points into unknown readable memory: 0x00007f8098b8d690 | 90 d6 b8 98 80 7f 00 00

Top of Stack: (sp=0x00007f8071ffe3f0)
0x00007f8071ffe3f0:   0000000076000000 0000000000000003   ...v............
0x00007f8071ffe400:   00007f8041368fc0 0000000076000000   ..6A.......v....
0x00007f8071ffe410:   00007f8098bb7a20 00007f8039c4730d    z.......s.9....
0x00007f8071ffe420:   0000000076000000 00007f8041368fc0   ...v......6A....
0x00007f8071ffe430:   00007f80407bf360 0000000000000003   `.{@............
0x00007f8071ffe440:   00007f8041927a80 0000000076000000   .z.A.......v....
0x00007f8071ffe450:   00007f80407bf360 00007f80407bf0e0   `.{@......{@....
0x00007f8071ffe460:   0000000076000000 00007f80398fb708   ...v.......9....
0x00007f8071ffe470:   00007f8041d8ca50 0000000000000000   P..A............
0x00007f8071ffe480:   00007f8041927a80 0000000000000000   .z.A............
0x00007f8071ffe490:   00007f8098a7a1a0 0000000000000000   ................
0x00007f8071ffe4a0:   0000000076000000 00007f80399302f6   ...v.......9....
0x00007f8071ffe4b0:   00007f8071ffe4f0 00000005a12a623e   ...q....>b*.....
0x00007f8071ffe4c0:   0000000000000030 0000000000000003   0...............
0x00007f8071ffe4d0:   00007f8040dd3fa0 0000000000000001   .?.@............
0x00007f8071ffe4e0:   00007f8098a7a1a0 00007f803b755480   .........Tu;....
0x00007f8071ffe4f0:   0000000076000000 00007f803993038c   ...v.......9....
0x00007f8071ffe500:   00007f8071ffe530 0000000076000000   0..q.......v....
0x00007f8071ffe510:   00007f80402962d0 0000000000000003   .b)@............
0x00007f8071ffe520:   00007f8098a7a1a0 00007f803b7554c0   .........Tu;....
0x00007f8071ffe530:   0000000076000000 00007f803b755480   ...v.....Tu;....
0x00007f8071ffe540:   00007f8071ffe6f8 00007f803993160f   ...q.......9....
0x00007f8071ffe550:   00007f8098daf610 0000000076000000   ...........v....
0x00007f8071ffe560:   00007f8071ffe58f 00007f80402962d0   ...q.....b)@....
0x00007f8071ffe570:   00007f803b755460 00007f8039901998   `Tu;.......9....
0x00007f8071ffe580:   0000000076000000 00000080397a2ce8   ...v.....,z9....
0x00007f8071ffe590:   00007f80402962d0 0000000076000000   .b)@.......v....
0x00007f8071ffe5a0:   00007f803b7554c0 00007f80398eecb1   .Tu;.......9....
0x00007f8071ffe5b0:   00007f803b758140 00007f803b758140   @.u;....@.u;....
0x00007f8071ffe5c0:   0000000076000000 00007f80402962d0   ...v.....b)@....
0x00007f8071ffe5d0:   00007f803b755460 00007f8039bb15d8   `Tu;.......9....
0x00007f8071ffe5e0:   00007f803b758140 00007f8098a7e9d0   @.u;............

Instructions: (pc=0x00007f8039c523d1)
  0x00007f8039c522d1:   8b bf 50 01 00 00 8b 96 a0 03 00 00 48 8b 07 8b
  0x00007f8039c522e1:   77 08 ff a0 88 02 00 00 0f 1f 80 00 00 00 00 48
  0x00007f8039c522f1:   83 be 28 05 00 00 00 0f 84 22 02 00 00 41 55 41
  0x00007f8039c52301:   54 49 89 fc 55 53 48 89 f3 48 83 ec 08 48 8d 2d
  0x00007f8039c52311:   2b 5e b0 01 0f b6 85 d0 0f 00 00 84 c0 75 0f 8b
  0x00007f8039c52321:   85 c4 0f 00 00 83 c0 01 89 85 c4 0f 00 00 8b 85
  0x00007f8039c52331:   cc 0f 00 00 83 f8 01 0f 87 32 01 00 00 49 8b 04
  0x00007f8039c52341:   24 4d 8b ac 24 08 ac 04 00 48 8b bb 20 05 00 00
  0x00007f8039c52351:   48 8b 90 d0 8d 02 00 4c 89 ee e8 50 91 fe ff 48
  0x00007f8039c52361:   8b bb 20 05 00 00 48 85 ff 74 06 48 8b 07 ff 50
  0x00007f8039c52371:   10 48 8b 83 28 05 00 00 48 c7 83 20 05 00 00 00
  0x00007f8039c52381:   00 00 00 83 a8 90 00 00 00 01 48 8b 83 28 05 00
  0x00007f8039c52391:   00 83 a8 8c 00 00 00 01 48 8b bb 28 05 00 00 8b
  0x00007f8039c523a1:   87 8c 00 00 00 85 c0 0f 84 02 01 00 00 48 8b b3
  0x00007f8039c523b1:   30 05 00 00 48 c7 83 28 05 00 00 00 00 00 00 48
  0x00007f8039c523c1:   85 f6 74 65 4d 85 ed 74 58 49 8b 95 48 10 00 00
=>0x00007f8039c523d1:   8b 82 c8 bd 0a 00 83 c0 01 89 82 c8 bd 0a 00 48
  0x00007f8039c523e1:   8b 93 30 05 00 00 89 42 28 48 8b 93 30 05 00 00
  0x00007f8039c523f1:   48 8b 4a 08 48 85 c9 74 18 8b 42 18 3b 42 20 73
  0x00007f8039c52401:   13 8b 93 d0 01 00 00 89 14 81 48 8b 93 30 05 00
  0x00007f8039c52411:   00 8b 42 18 83 c0 01 89 42 18 48 8b b3 30 05 00
  0x00007f8039c52421:   00 4c 89 e7 e8 46 b5 cd ff 48 c7 83 30 05 00 00
  0x00007f8039c52431:   00 00 00 00 8b 45 00 48 c7 83 38 05 00 00 00 00
  0x00007f8039c52441:   00 00 85 c0 75 79 0f b6 85 d0 0f 00 00 84 c0 75
  0x00007f8039c52451:   0f 8b 85 c4 0f 00 00 83 e8 01 89 85 c4 0f 00 00
  0x00007f8039c52461:   48 83 c4 08 5b 5d 41 5c 41 5d c3 0f 1f 40 00 48
  0x00007f8039c52471:   8d 05 09 30 b0 01 8b 7d 48 48 8d 75 28 ff 50 10
  0x00007f8039c52481:   8b 45 30 31 d2 83 f8 ff 0f 95 c2 01 d0 89 45 30
  0x00007f8039c52491:   48 8d 05 c8 2f b0 01 ff 10 83 45 00 01 89 45 38
  0x00007f8039c524a1:   48 89 55 40 e9 94 fe ff ff 66 0f 1f 44 00 00 e8
  0x00007f8039c524b1:   bb d4 f9 ff e9 f4 fe ff ff 66 0f 1f 44 00 00 83
  0x00007f8039c524c1:   e8 01 89 45 00 48 8d 05 93 2f b0 01 48 8b 58 08


Stack slot to memory mapping:

stack at sp + 0 slots: 0x0000000076000000 points into unknown readable memory: 0x00007f8098b8d690 | 90 d6 b8 98 80 7f 00 00
stack at sp + 1 slots: 0x0000000000000003 is an unknown value
stack at sp + 2 slots: 0x00007f8041368fc0 points into unknown readable memory: 0x0000000000000000 | 00 00 00 00 00 00 00 00
stack at sp + 3 slots: 0x0000000076000000 points into unknown readable memory: 0x00007f8098b8d690 | 90 d6 b8 98 80 7f 00 00
stack at sp + 4 slots: 0x00007f8098bb7a20 points into unknown readable memory: 0x00007f803b6c7df8 | f8 7d 6c 3b 80 7f 00 00
stack at sp + 5 slots: 0x00007f8039c4730d: <offset 0x0000000000a4730d> in /usr/lib/libnvidia-eglcore.so.610.57.04 at 0x00007f8039200000
stack at sp + 6 slots: 0x0000000076000000 points into unknown readable memory: 0x00007f8098b8d690 | 90 d6 b8 98 80 7f 00 00
stack at sp + 7 slots: 0x00007f8041368fc0 points into unknown readable memory: 0x0000000000000000 | 00 00 00 00 00 00 00 00

VM_Operation (0x00007f809fdfe430): Exit, mode: safepoint, requested by thread 0x00007f8098020100


---------------  P R O C E S S  ---------------

Threads class SMR info:
_java_thread_list=0x00007f806000dcb0, length=64, elements={
0x00007f8098020100, 0x00007f8098108aa0, 0x00007f8098109aa0, 0x00007f809810adf0,
0x00007f809810c500, 0x00007f809810dd50, 0x00007f809810ffb0, 0x00007f8098111980,
0x00007f809814b260, 0x00007f809814dcd0, 0x00007f809866bd90, 0x00007f80994ccb90,
0x00007f80994cda90, 0x00007f80994cfb00, 0x00007f80994d0b50, 0x00007f804055c250,
0x00007f80406a6e00, 0x00007f80406a7990, 0x00007f80500906e0, 0x00007f8099c05da0,
0x00007f8099cad040, 0x00007f805c07f7e0, 0x00007f80502170c0, 0x00007f805425af40,
0x00007f805425bbe0, 0x0000558b42403270, 0x00007f80410d8c50, 0x00007f8054263670,
0x00007f803c21c140, 0x00007f80444bcfc0, 0x00007f805c0d7880, 0x00007f80781b3100,
0x00007f8058072680, 0x00007f805c182a70, 0x00007f8054243f90, 0x00007f807400bf10,
0x00007f805c1d1840, 0x00007f805c1e1bb0, 0x00007f805c1e6470, 0x00007f805c1e7900,
0x00007f80416e2590, 0x00007f80416d4990, 0x00007f803c22b900, 0x00007f804089f610,
0x00007f80581a7db0, 0x00007f806c21bde0, 0x00007f8068118340, 0x00007f805431f560,
0x00007f8041601660, 0x00007f8041623190, 0x00007f807408af80, 0x00007f807408d0d0,
0x0000558b42577c70, 0x00007f80415df600, 0x00007f80781b83f0, 0x00007f80415e30d0,
0x00007f803c1d79b0, 0x00007f8074091030, 0x00007f80581e5fd0, 0x00007f80681309a0,
0x0000558b4259aca0, 0x00007f80582a7010, 0x0000558b43400100, 0x00007f803cbd7610
}

Java Threads: ( => current thread )
  0x00007f8098020100 JavaThread "main"                              [_thread_blocked, id=2234203, stack(0x00007f809fd00000,0x00007f809fe00000) (1024K)]
  0x00007f8098108aa0 JavaThread "Reference Handler"          daemon [_thread_blocked, id=2234216, stack(0x00007f807c0e7000,0x00007f807c1e7000) (1024K)]
  0x00007f8098109aa0 JavaThread "Finalizer"                  daemon [_thread_blocked, id=2234217, stack(0x00007f8097f00000,0x00007f8098000000) (1024K)]
  0x00007f809810adf0 JavaThread "Signal Dispatcher"          daemon [_thread_blocked, id=2234218, stack(0x00007f8071cfe000,0x00007f8071dfe000) (1024K)]
  0x00007f809810c500 JavaThread "Service Thread"             daemon [_thread_blocked, id=2234219, stack(0x00007f8071900000,0x00007f8071a00000) (1024K)]
  0x00007f809810dd50 JavaThread "Monitor Deflation Thread"   daemon [_thread_blocked, id=2234220, stack(0x00007f80717ff000,0x00007f80718ff000) (1024K)]
  0x00007f809810ffb0 JavaThread "C2 CompilerThread0"         daemon [_thread_blocked, id=2234221, stack(0x00007f80716fe000,0x00007f80717fe000) (1024K)]
  0x00007f8098111980 JavaThread "C1 CompilerThread0"         daemon [_thread_blocked, id=2234222, stack(0x00007f80715fd000,0x00007f80716fd000) (1024K)]
  0x00007f809814b260 JavaThread "Notification Thread"        daemon [_thread_blocked, id=2234224, stack(0x00007f80713fb000,0x00007f80714fb000) (1024K)]
  0x00007f809814dcd0 JavaThread "Common-Cleaner"             daemon [_thread_blocked, id=2234225, stack(0x00007f80712fa000,0x00007f80713fa000) (1024K)]
  0x00007f809866bd90 JavaThread "InnocuousThread-1"          daemon [_thread_blocked, id=2234232, stack(0x00007f8070cf4000,0x00007f8070df4000) (1024K)]
  0x00007f80994ccb90 JavaThread "Java2D Disposer"            daemon [_thread_blocked, id=2234244, stack(0x00007f80710f8000,0x00007f80711f8000) (1024K)]
  0x00007f80994cda90 JavaThread "AWT-XAWT"                   daemon [_thread_blocked, id=2234245, stack(0x00007f8070bf3000,0x00007f8070cf3000) (1024K)]
  0x00007f80994cfb00 JavaThread "AWT-Shutdown"                      [_thread_blocked, id=2234246, stack(0x00007f80215f2000,0x00007f80216f2000) (1024K)]
  0x00007f80994d0b50 JavaThread "AWT-EventQueue-0"                  [_thread_blocked, id=2234247, stack(0x00007f80214f1000,0x00007f80215f1000) (1024K)]
  0x00007f804055c250 JavaThread "Reference Cleaner"          daemon [_thread_blocked, id=2234264, stack(0x00007f8020c72000,0x00007f8020d72000) (1024K)]
  0x00007f80406a6e00 JavaThread "DefaultDispatcher-worker-1" daemon [_thread_blocked, id=2234266, stack(0x00007f801c700000,0x00007f801c800000) (1024K)]
  0x00007f80406a7990 JavaThread "DefaultDispatcher-worker-2" daemon [_thread_blocked, id=2234267, stack(0x00007f801c5ff000,0x00007f801c6ff000) (1024K)]
  0x00007f80500906e0 JavaThread "kotlinx.coroutines.DefaultExecutor" daemon [_thread_blocked, id=2234273, stack(0x00007f801bff9000,0x00007f801c0f9000) (1024K)]
  0x00007f8099c05da0 JavaThread "TimerQueue"                 daemon [_thread_blocked, id=2234324, stack(0x00007f7ff2ffe000,0x00007f7ff30fe000) (1024K)]
  0x00007f8099cad040 JavaThread "wpe-glib"                   daemon [_thread_in_native, id=2234334, stack(0x00007f7ff2af9000,0x00007f7ff2bf9000) (1024K)]
  0x00007f805c07f7e0 JavaThread "DefaultDispatcher-worker-6" daemon [_thread_blocked, id=2234458, stack(0x00007f7f90eff000,0x00007f7f90fff000) (1024K)]
  0x00007f80502170c0 JavaThread "DefaultDispatcher-worker-9" daemon [_thread_blocked, id=2234465, stack(0x00007f7f90bfc000,0x00007f7f90cfc000) (1024K)]
  0x00007f805425af40 JavaThread "OkHttp arm.haglund.dev"     daemon [_thread_in_native, id=2234480, stack(0x00007f7f90afb000,0x00007f7f90bfb000) (1024K)]
  0x00007f805425bbe0 JavaThread "OkHttp TaskRunner"          daemon [_thread_blocked, id=2234481, stack(0x00007f7f909fa000,0x00007f7f90afa000) (1024K)]
  0x0000558b42403270 JavaThread "OkHttp TaskRunner"          daemon [_thread_blocked, id=2234482, stack(0x00007f7f908f9000,0x00007f7f909f9000) (1024K)]
  0x00007f80410d8c50 JavaThread "OkHttp aiometadata.viren070.me" daemon [_thread_in_native, id=2234483, stack(0x00007f7f907f8000,0x00007f7f908f8000) (1024K)]
  0x00007f8054263670 JavaThread "Okio Watchdog"              daemon [_thread_blocked, id=2234484, stack(0x00007f7f906f7000,0x00007f7f907f7000) (1024K)]
  0x00007f803c21c140 JavaThread "OkHttp aiostreams.int.itsjustfun.xyz" daemon [_thread_in_native, id=2234486, stack(0x00007f7f905f6000,0x00007f7f906f6000) (1024K)]
  0x00007f80444bcfc0 JavaThread "OkHttp watchly.elfhosted.com" daemon [_thread_in_native, id=2234487, stack(0x00007f7f904f5000,0x00007f7f905f5000) (1024K)]
  0x00007f805c0d7880 JavaThread "DefaultDispatcher-worker-11" daemon [_thread_blocked, id=2234494, stack(0x00007f7f902f3000,0x00007f7f903f3000) (1024K)]
  0x00007f80781b3100 JavaThread "DefaultDispatcher-worker-12" daemon [_thread_blocked, id=2234495, stack(0x00007f7f901f2000,0x00007f7f902f2000) (1024K)]
  0x00007f8058072680 JavaThread "DefaultDispatcher-worker-13" daemon [_thread_blocked, id=2234496, stack(0x00007f7f900f1000,0x00007f7f901f1000) (1024K)]
  0x00007f805c182a70 JavaThread "DefaultDispatcher-worker-14" daemon [_thread_blocked, id=2234497, stack(0x00007f7f8fff0000,0x00007f7f900f0000) (1024K)]
  0x00007f8054243f90 JavaThread "DefaultDispatcher-worker-16" daemon [_thread_blocked, id=2234498, stack(0x00007f7f8feef000,0x00007f7f8ffef000) (1024K)]
  0x00007f807400bf10 JavaThread "DefaultDispatcher-worker-15" daemon [_thread_blocked, id=2234499, stack(0x00007f7f8fdee000,0x00007f7f8feee000) (1024K)]
  0x00007f805c1d1840 JavaThread "DefaultDispatcher-worker-17" daemon [_thread_blocked, id=2234500, stack(0x00007f7f8fced000,0x00007f7f8fded000) (1024K)]
  0x00007f805c1e1bb0 JavaThread "DefaultDispatcher-worker-18" daemon [_thread_blocked, id=2234501, stack(0x00007f7f8fbec000,0x00007f7f8fcec000) (1024K)]
  0x00007f805c1e6470 JavaThread "DefaultDispatcher-worker-19" daemon [_thread_blocked, id=2234502, stack(0x00007f7f8faeb000,0x00007f7f8fbeb000) (1024K)]
  0x00007f805c1e7900 JavaThread "DefaultDispatcher-worker-20" daemon [_thread_blocked, id=2234503, stack(0x00007f7f8f9ea000,0x00007f7f8faea000) (1024K)]
  0x00007f80416e2590 JavaThread "OkHttp TaskRunner"          daemon [_thread_blocked, id=2234505, stack(0x00007f7f8f7e8000,0x00007f7f8f8e8000) (1024K)]
  0x00007f80416d4990 JavaThread "OkHttp TaskRunner"          daemon [_thread_blocked, id=2234506, stack(0x00007f7f8f6e7000,0x00007f7f8f7e7000) (1024K)]
  0x00007f803c22b900 JavaThread "OkHttp api.tiffara.com"     daemon [_thread_in_native, id=2234507, stack(0x00007f7f8f5e6000,0x00007f7f8f6e6000) (1024K)]
  0x00007f804089f610 JavaThread "OkHttp TaskRunner"          daemon [_thread_blocked, id=2234513, stack(0x00007f7f8f4e5000,0x00007f7f8f5e5000) (1024K)]
  0x00007f80581a7db0 JavaThread "DefaultDispatcher-worker-21" daemon [_thread_blocked, id=2234558, stack(0x00007f7f9193c000,0x00007f7f91a3c000) (1024K)]
  0x00007f806c21bde0 JavaThread "DefaultDispatcher-worker-5" daemon [_thread_blocked, id=2234560, stack(0x00007f7f8cf5b000,0x00007f7f8d05b000) (1024K)]
  0x00007f8068118340 JavaThread "DefaultDispatcher-worker-22" daemon [_thread_blocked, id=2234561, stack(0x00007f7f8ce5a000,0x00007f7f8cf5a000) (1024K)]
  0x00007f805431f560 JavaThread "DefaultDispatcher-worker-4" daemon [_thread_blocked, id=2234562, stack(0x00007f7f8cd59000,0x00007f7f8ce59000) (1024K)]
  0x00007f8041601660 JavaThread "VirtualThread-unblocker"    daemon [_thread_blocked, id=2234583, stack(0x00007f7f920f6000,0x00007f7f921f6000) (1024K)]
  0x00007f8041623190 JavaThread "ForkJoinPool-1-worker-1"    daemon [_thread_blocked, id=2234584, stack(0x00007f7f91ff5000,0x00007f7f920f5000) (1024K)]
  0x00007f807408af80 JavaThread "MasterPoller"               daemon [_thread_in_native, id=2234585, stack(0x00007f7f8cb57000,0x00007f7f8cc57000) (1024K)]
  0x00007f807408d0d0 JavaThread "ForkJoinPool-1-worker-2"    daemon [_thread_blocked, id=2234586, stack(0x00007f7f8ca56000,0x00007f7f8cb56000) (1024K)]
  0x0000558b42577c70 JavaThread "ForkJoinPool-1-worker-3"    daemon [_thread_blocked, id=2234587, stack(0x00007f7f8c955000,0x00007f7f8ca55000) (1024K)]
  0x00007f80415df600 JavaThread "ForkJoinPool-1-worker-4"    daemon [_thread_blocked, id=2234588, stack(0x00007f7f8c854000,0x00007f7f8c954000) (1024K)]
  0x00007f80781b83f0 JavaThread "ForkJoinPool-1-worker-5"    daemon [_thread_blocked, id=2234589, stack(0x00007f7f8c753000,0x00007f7f8c853000) (1024K)]
  0x00007f80415e30d0 JavaThread "ForkJoinPool-1-worker-6"    daemon [_thread_blocked, id=2234590, stack(0x00007f7f8c652000,0x00007f7f8c752000) (1024K)]
  0x00007f803c1d79b0 JavaThread "ForkJoinPool-1-worker-7"    daemon [_thread_blocked, id=2234591, stack(0x00007f7f8c551000,0x00007f7f8c651000) (1024K)]
  0x00007f8074091030 JavaThread "ForkJoinPool-1-delayScheduler" daemon [_thread_blocked, id=2234592, stack(0x00007f7f8c450000,0x00007f7f8c550000) (1024K)]
  0x00007f80581e5fd0 JavaThread "DefaultDispatcher-worker-3" daemon [_thread_blocked, id=2234593, stack(0x00007f7f8ee68000,0x00007f7f8ef68000) (1024K)]
  0x00007f80681309a0 JavaThread "DefaultDispatcher-worker-7" daemon [_thread_blocked, id=2234594, stack(0x00007f7f8ed67000,0x00007f7f8ee67000) (1024K)]
  0x0000558b4259aca0 JavaThread "DefaultDispatcher-worker-8" daemon [_thread_blocked, id=2234595, stack(0x00007f7f8ec66000,0x00007f7f8ed66000) (1024K)]
  0x00007f80582a7010 JavaThread "DefaultDispatcher-worker-10" daemon [_thread_blocked, id=2234598, stack(0x00007f7f8e963000,0x00007f7f8ea63000) (1024K)]
  0x0000558b43400100 JavaThread "C1 CompilerThread1"         daemon [_thread_blocked, id=2236255, stack(0x00007f8020d73000,0x00007f8020e73000) (1024K)]
  0x00007f803cbd7610 JavaThread "HttpClient-2-Worker-0"      daemon [_thread_blocked, id=2236256, stack(0x00007f801c4fe000,0x00007f801c5fe000) (1024K)]
Total: 64

Other Threads:
=>0x00007f80980ff990 VMThread "VM Thread"                           [id=2234215, stack(0x00007f8071f00000,0x00007f8072000000) (1024K)]
  0x00007f809806e5b0 WorkerThread "GC Thread#0"                     [id=2234204, stack(0x00007f809d261000,0x00007f809d361000) (1024K)]
  0x00007f805007dca0 WorkerThread "GC Thread#1"                     [id=2234228, stack(0x00007f8070ff7000,0x00007f80710f7000) (1024K)]
  0x00007f8050085150 WorkerThread "GC Thread#2"                     [id=2234269, stack(0x00007f801c3fd000,0x00007f801c4fd000) (1024K)]
  0x00007f8050085c70 WorkerThread "GC Thread#3"                     [id=2234270, stack(0x00007f801c2fc000,0x00007f801c3fc000) (1024K)]
  0x00007f80500868d0 WorkerThread "GC Thread#4"                     [id=2234271, stack(0x00007f801c1fb000,0x00007f801c2fb000) (1024K)]
  0x00007f8050087630 WorkerThread "GC Thread#5"                     [id=2234272, stack(0x00007f801c0fa000,0x00007f801c1fa000) (1024K)]
  0x00007f80500a0270 WorkerThread "GC Thread#6"                     [id=2234288, stack(0x00007f8002382000,0x00007f8002482000) (1024K)]
  0x00007f80500a0a20 WorkerThread "GC Thread#7"                     [id=2234322, stack(0x00007f7ff3cbb000,0x00007f7ff3dbb000) (1024K)]
  0x00007f80500a1680 WorkerThread "GC Thread#8"                     [id=2234323, stack(0x00007f7ff30ff000,0x00007f7ff31ff000) (1024K)]
  0x00007f80500a3f60 WorkerThread "GC Thread#9"                     [id=2234330, stack(0x00007f7ff2efd000,0x00007f7ff2ffd000) (1024K)]
  0x00007f80500a4da0 WorkerThread "GC Thread#10"                    [id=2234331, stack(0x00007f7ff2dfc000,0x00007f7ff2efc000) (1024K)]
  0x00007f80500a5c70 WorkerThread "GC Thread#11"                    [id=2234332, stack(0x00007f7ff2cfb000,0x00007f7ff2dfb000) (1024K)]
  0x00007f80500a6b40 WorkerThread "GC Thread#12"                    [id=2234333, stack(0x00007f7ff2bfa000,0x00007f7ff2cfa000) (1024K)]
  0x00007f80980866a0 ConcurrentGCThread "G1 Main Marker"            terminated
  0x00007f8098087830 WorkerThread "G1 Conc#0"                       [id=2234206, stack(0x00007f809d05f000,0x00007f809d15f000) (1024K)]
  0x00007f8078000cc0 WorkerThread "G1 Conc#1"                       [id=2234229, stack(0x00007f8070ef6000,0x00007f8070ff6000) (1024K)]
  0x00007f80780019d0 WorkerThread "G1 Conc#2"                       [id=2234230, stack(0x00007f8070df5000,0x00007f8070ef5000) (1024K)]
  0x00007f80980de050 WorkerThread "G1 Refinement Workers#0"         [id=2234208, stack(0x00007f809c150000,0x00007f809c250000) (1024K)]
  0x00007f80980dcdf0 ConcurrentGCThread "G1 Refine Control"         terminated
  0x00007f80980df150 ConcurrentGCThread "G1 Service"                terminated
Total: 21

Threads with active compile tasks:
Total: 0

VM state: at safepoint (shutting down)

VM Mutex/Monitor currently owned by a thread:  ([mutex/lock_event])
[0x00007f80a10f61d8] Threads_lock - owner thread: 0x00007f80980ff990
[0x00007f80a10f5f58] Heap_lock - owner thread: 0x00007f8098020100

Heap address: 0x000000070fa00000, size: 3846 MB, Compressed Oops mode: Zero based, Oop shift amount: 3

CDS archive(s) mapped at: [0x0000000035000000-0x0000000035da7000-0x0000000035da7000), size 14315520, SharedBaseAddress: 0x0000000035000000, ArchiveRelocationMode: 1.
Compressed class space mapped at: 0x0000000036000000-0x0000000076000000, reserved size: 1073741824
UseCompressedClassPointers 1, UseCompactObjectHeaders 0
Narrow klass pointer bits 32, Max shift 3
Narrow klass base: 0x0000000035000000, Narrow klass shift: 0
Encoding Range: [0x0000000035000000 - 0x0000000135000000), (4294967296 bytes)
Klass Range:    [0x0000000035000000 - 0x0000000076000000), (1090519040 bytes)
Klass ID Range:  [8 - 1090519033) (1090519025)
Protection zone: [0x0000000035000000 - 0x0000000035001000), (4096 bytes)

GC Precious Log:
 CardTable entry size: 512
 Card Set container configuration: InlinePtr #cards 4 size 8 Array Of Cards #cards 16 size 48 Howl #buckets 8 coarsen threshold 3686 Howl Bitmap #cards 512 size 80 coarsen threshold 460 Card regions per heap region 1 cards per card region 4096
 CPUs: 16 total, 16 available
 Memory: 15381M
 Large Page Support: Disabled
 NUMA Support: Disabled
 Compressed Oops: Enabled (Zero based)
 Heap Region Size: 2M
 Heap Min Capacity: 8M
 Heap Initial Capacity: 8M
 Heap Max Capacity: 3846M
 Pre-touch: Disabled
 Parallel Workers: 13
 Concurrent Workers: 3
 Concurrent Refinement Workers: 13
 Periodic GC: Disabled

Heap:
 garbage-first heap   total reserved 3938304K, committed 450560K, used 81669K [0x000000070fa00000, 0x0000000800000000)
  region size 2M, 6 eden (12M), 1 survivor (2M), 25 old (50M), 13 humongous (26M), 175 free (350M)

Heap Regions: E=young(eden), S=young(survivor), O=old, HS=humongous(starts), HC=humongous(continues), CS=collection set, F=free, TAMS=top-at-mark-start, PB=parsable bottom
|    0|0x000000070fa00000, 0x000000070fc00000, 0x000000070fc00000|100%|HS|  |TAMS 0x000000070fa00000| PB 0x000000070fa00000| Complete  |  0
|    1|0x000000070fc00000, 0x000000070fe00000, 0x000000070fe00000|100%| O|  |TAMS 0x000000070fc00000| PB 0x000000070fc00000| Untracked |  0
|    2|0x000000070fe00000, 0x0000000710000000, 0x0000000710000000|100%| O|  |TAMS 0x000000070fe00000| PB 0x000000070fe00000| Untracked |  0
|    3|0x0000000710000000, 0x0000000710200000, 0x0000000710200000|100%| O|  |TAMS 0x0000000710000000| PB 0x0000000710000000| Untracked |  0
|    4|0x0000000710200000, 0x0000000710400000, 0x0000000710400000|100%| O|  |TAMS 0x0000000710200000| PB 0x0000000710200000| Untracked |  0
|    5|0x0000000710400000, 0x0000000710600000, 0x0000000710600000|100%| O|  |TAMS 0x0000000710400000| PB 0x0000000710400000| Untracked |  0
|    6|0x0000000710600000, 0x0000000710800000, 0x0000000710800000|100%| O|  |TAMS 0x0000000710600000| PB 0x0000000710600000| Untracked |  0
|    7|0x0000000710800000, 0x0000000710a00000, 0x0000000710a00000|100%| O|  |TAMS 0x0000000710800000| PB 0x0000000710800000| Untracked |  0
|    8|0x0000000710a00000, 0x0000000710c00000, 0x0000000710c00000|100%| O|  |TAMS 0x0000000710a00000| PB 0x0000000710a00000| Untracked |  0
|    9|0x0000000710c00000, 0x0000000710e00000, 0x0000000710e00000|100%| O|  |TAMS 0x0000000710c00000| PB 0x0000000710c00000| Untracked |  0
|   10|0x0000000710e00000, 0x0000000711000000, 0x0000000711000000|100%| O|  |TAMS 0x0000000710e00000| PB 0x0000000710e00000| Untracked |  0
|   11|0x0000000711000000, 0x0000000711200000, 0x0000000711200000|100%| O|  |TAMS 0x0000000711000000| PB 0x0000000711000000| Untracked |  0
|   12|0x0000000711200000, 0x0000000711400000, 0x0000000711400000|100%| O|  |TAMS 0x0000000711200000| PB 0x0000000711200000| Untracked |  0
|   13|0x0000000711400000, 0x000000071155b370, 0x0000000711600000| 67%| O|  |TAMS 0x0000000711400000| PB 0x0000000711400000| Untracked |  0
|   14|0x0000000711600000, 0x0000000711800000, 0x0000000711800000|100%|HS|  |TAMS 0x0000000711600000| PB 0x0000000711600000| Complete  |  0
|   15|0x0000000711800000, 0x0000000711a00000, 0x0000000711a00000|100%|HC|  |TAMS 0x0000000711800000| PB 0x0000000711800000| Complete  |  0
|   16|0x0000000711a00000, 0x0000000711c00000, 0x0000000711c00000|100%| O|  |TAMS 0x0000000711a00000| PB 0x0000000711a00000| Untracked |  0
|   17|0x0000000711c00000, 0x0000000711e00000, 0x0000000711e00000|100%| O|  |TAMS 0x0000000711c00000| PB 0x0000000711c00000| Untracked |  0
|   18|0x0000000711e00000, 0x0000000712000000, 0x0000000712000000|100%| O|  |TAMS 0x0000000711e00000| PB 0x0000000711e00000| Untracked |  0
|   19|0x0000000712000000, 0x0000000712200000, 0x0000000712200000|100%| O|  |TAMS 0x0000000712000000| PB 0x0000000712000000| Untracked |  0
|   20|0x0000000712200000, 0x0000000712400000, 0x0000000712400000|100%| O|  |TAMS 0x0000000712200000| PB 0x0000000712200000| Untracked |  0
|   21|0x0000000712400000, 0x0000000712600000, 0x0000000712600000|100%|HS|  |TAMS 0x0000000712400000| PB 0x0000000712400000| Complete  |  0
|   22|0x0000000712600000, 0x0000000712800000, 0x0000000712800000|100%|HC|  |TAMS 0x0000000712600000| PB 0x0000000712600000| Complete  |  0
|   23|0x0000000712800000, 0x0000000712a00000, 0x0000000712a00000|100%|HS|  |TAMS 0x0000000712800000| PB 0x0000000712800000| Complete  |  0
|   24|0x0000000712a00000, 0x0000000712c00000, 0x0000000712c00000|100%|HC|  |TAMS 0x0000000712a00000| PB 0x0000000712a00000| Complete  |  0
|   25|0x0000000712c00000, 0x0000000712e00000, 0x0000000712e00000|100%|HS|  |TAMS 0x0000000712c00000| PB 0x0000000712c00000| Complete  |  0
|   26|0x0000000712e00000, 0x0000000713000000, 0x0000000713000000|100%|HC|  |TAMS 0x0000000712e00000| PB 0x0000000712e00000| Complete  |  0
|   27|0x0000000713000000, 0x0000000713200000, 0x0000000713200000|100%|HS|  |TAMS 0x0000000713000000| PB 0x0000000713000000| Complete  |  0
|   28|0x0000000713200000, 0x0000000713400000, 0x0000000713400000|100%|HC|  |TAMS 0x0000000713200000| PB 0x0000000713200000| Complete  |  0
|   29|0x0000000713400000, 0x0000000713600000, 0x0000000713600000|100%|HS|  |TAMS 0x0000000713400000| PB 0x0000000713400000| Complete  |  0
|   30|0x0000000713600000, 0x0000000713800000, 0x0000000713800000|100%|HC|  |TAMS 0x0000000713600000| PB 0x0000000713600000| Complete  |  0
|   31|0x0000000713800000, 0x0000000713800000, 0x0000000713a00000|  0%| F|  |TAMS 0x0000000713800000| PB 0x0000000713800000| Untracked |  0
|   32|0x0000000713a00000, 0x0000000713a00000, 0x0000000713c00000|  0%| F|  |TAMS 0x0000000713a00000| PB 0x0000000713a00000| Untracked |  0
|   33|0x0000000713c00000, 0x0000000713c00000, 0x0000000713e00000|  0%| F|  |TAMS 0x0000000713c00000| PB 0x0000000713c00000| Untracked |  0
|   34|0x0000000713e00000, 0x0000000713e00000, 0x0000000714000000|  0%| F|  |TAMS 0x0000000713e00000| PB 0x0000000713e00000| Untracked |  0
|   35|0x0000000714000000, 0x0000000714000000, 0x0000000714200000|  0%| F|  |TAMS 0x0000000714000000| PB 0x0000000714000000| Untracked |  0
|   36|0x0000000714200000, 0x0000000714200000, 0x0000000714400000|  0%| F|  |TAMS 0x0000000714200000| PB 0x0000000714200000| Untracked |  0
|   37|0x0000000714400000, 0x0000000714400000, 0x0000000714600000|  0%| F|  |TAMS 0x0000000714400000| PB 0x0000000714400000| Untracked |  0
|   38|0x0000000714600000, 0x0000000714600000, 0x0000000714800000|  0%| F|  |TAMS 0x0000000714600000| PB 0x0000000714600000| Untracked |  0
|   39|0x0000000714800000, 0x0000000714800000, 0x0000000714a00000|  0%| F|  |TAMS 0x0000000714800000| PB 0x0000000714800000| Untracked |  0
|   40|0x0000000714a00000, 0x0000000714a00000, 0x0000000714c00000|  0%| F|  |TAMS 0x0000000714a00000| PB 0x0000000714a00000| Untracked |  0
|   41|0x0000000714c00000, 0x0000000714c00000, 0x0000000714e00000|  0%| F|  |TAMS 0x0000000714c00000| PB 0x0000000714c00000| Untracked |  0
|   42|0x0000000714e00000, 0x0000000714e00000, 0x0000000715000000|  0%| F|  |TAMS 0x0000000714e00000| PB 0x0000000714e00000| Untracked |  0
|   43|0x0000000715000000, 0x0000000715000000, 0x0000000715200000|  0%| F|  |TAMS 0x0000000715000000| PB 0x0000000715000000| Untracked |  0
|   44|0x0000000715200000, 0x0000000715200000, 0x0000000715400000|  0%| F|  |TAMS 0x0000000715200000| PB 0x0000000715200000| Untracked |  0
|   45|0x0000000715400000, 0x0000000715400000, 0x0000000715600000|  0%| F|  |TAMS 0x0000000715400000| PB 0x0000000715400000| Untracked |  0
|   46|0x0000000715600000, 0x0000000715600000, 0x0000000715800000|  0%| F|  |TAMS 0x0000000715600000| PB 0x0000000715600000| Untracked |  0
|   47|0x0000000715800000, 0x0000000715800000, 0x0000000715a00000|  0%| F|  |TAMS 0x0000000715800000| PB 0x0000000715800000| Untracked |  0
|   48|0x0000000715a00000, 0x0000000715a00000, 0x0000000715c00000|  0%| F|  |TAMS 0x0000000715a00000| PB 0x0000000715a00000| Untracked |  0
|   49|0x0000000715c00000, 0x0000000715c00000, 0x0000000715e00000|  0%| F|  |TAMS 0x0000000715c00000| PB 0x0000000715c00000| Untracked |  0
|   50|0x0000000715e00000, 0x0000000715e00000, 0x0000000716000000|  0%| F|  |TAMS 0x0000000715e00000| PB 0x0000000715e00000| Untracked |  0
|   51|0x0000000716000000, 0x0000000716000000, 0x0000000716200000|  0%| F|  |TAMS 0x0000000716000000| PB 0x0000000716000000| Untracked |  0
|   52|0x0000000716200000, 0x0000000716200000, 0x0000000716400000|  0%| F|  |TAMS 0x0000000716200000| PB 0x0000000716200000| Untracked |  0
|   53|0x0000000716400000, 0x0000000716400000, 0x0000000716600000|  0%| F|  |TAMS 0x0000000716400000| PB 0x0000000716400000| Untracked |  0
|   54|0x0000000716600000, 0x0000000716600000, 0x0000000716800000|  0%| F|  |TAMS 0x0000000716600000| PB 0x0000000716600000| Untracked |  0
|   55|0x0000000716800000, 0x0000000716800000, 0x0000000716a00000|  0%| F|  |TAMS 0x0000000716800000| PB 0x0000000716800000| Untracked |  0
|   56|0x0000000716a00000, 0x0000000716a00000, 0x0000000716c00000|  0%| F|  |TAMS 0x0000000716a00000| PB 0x0000000716a00000| Untracked |  0
|   57|0x0000000716c00000, 0x0000000716c00000, 0x0000000716e00000|  0%| F|  |TAMS 0x0000000716c00000| PB 0x0000000716c00000| Untracked |  0
|   58|0x0000000716e00000, 0x0000000716e00000, 0x0000000717000000|  0%| F|  |TAMS 0x0000000716e00000| PB 0x0000000716e00000| Untracked |  0
|   59|0x0000000717000000, 0x0000000717000000, 0x0000000717200000|  0%| F|  |TAMS 0x0000000717000000| PB 0x0000000717000000| Untracked |  0
|   60|0x0000000717200000, 0x0000000717200000, 0x0000000717400000|  0%| F|  |TAMS 0x0000000717200000| PB 0x0000000717200000| Untracked |  0
|   61|0x0000000717400000, 0x0000000717400000, 0x0000000717600000|  0%| F|  |TAMS 0x0000000717400000| PB 0x0000000717400000| Untracked |  0
|   62|0x0000000717600000, 0x0000000717600000, 0x0000000717800000|  0%| F|  |TAMS 0x0000000717600000| PB 0x0000000717600000| Untracked |  0
|   63|0x0000000717800000, 0x0000000717800000, 0x0000000717a00000|  0%| F|  |TAMS 0x0000000717800000| PB 0x0000000717800000| Untracked |  0
|   64|0x0000000717a00000, 0x0000000717a00000, 0x0000000717c00000|  0%| F|  |TAMS 0x0000000717a00000| PB 0x0000000717a00000| Untracked |  0
|   65|0x0000000717c00000, 0x0000000717c00000, 0x0000000717e00000|  0%| F|  |TAMS 0x0000000717c00000| PB 0x0000000717c00000| Untracked |  0
|   66|0x0000000717e00000, 0x0000000717e00000, 0x0000000718000000|  0%| F|  |TAMS 0x0000000717e00000| PB 0x0000000717e00000| Untracked |  0
|   67|0x0000000718000000, 0x0000000718000000, 0x0000000718200000|  0%| F|  |TAMS 0x0000000718000000| PB 0x0000000718000000| Untracked |  0
|   68|0x0000000718200000, 0x0000000718200000, 0x0000000718400000|  0%| F|  |TAMS 0x0000000718200000| PB 0x0000000718200000| Untracked |  0
|   69|0x0000000718400000, 0x0000000718400000, 0x0000000718600000|  0%| F|  |TAMS 0x0000000718400000| PB 0x0000000718400000| Untracked |  0
|   70|0x0000000718600000, 0x0000000718600000, 0x0000000718800000|  0%| F|  |TAMS 0x0000000718600000| PB 0x0000000718600000| Untracked |  0
|   71|0x0000000718800000, 0x0000000718800000, 0x0000000718a00000|  0%| F|  |TAMS 0x0000000718800000| PB 0x0000000718800000| Untracked |  0
|   72|0x0000000718a00000, 0x0000000718a00000, 0x0000000718c00000|  0%| F|  |TAMS 0x0000000718a00000| PB 0x0000000718a00000| Untracked |  0
|   73|0x0000000718c00000, 0x0000000718c00000, 0x0000000718e00000|  0%| F|  |TAMS 0x0000000718c00000| PB 0x0000000718c00000| Untracked |  0
|   74|0x0000000718e00000, 0x0000000718e00000, 0x0000000719000000|  0%| F|  |TAMS 0x0000000718e00000| PB 0x0000000718e00000| Untracked |  0
|   75|0x0000000719000000, 0x0000000719000000, 0x0000000719200000|  0%| F|  |TAMS 0x0000000719000000| PB 0x0000000719000000| Untracked |  0
|   76|0x0000000719200000, 0x0000000719200000, 0x0000000719400000|  0%| F|  |TAMS 0x0000000719200000| PB 0x0000000719200000| Untracked |  0
|   77|0x0000000719400000, 0x0000000719400000, 0x0000000719600000|  0%| F|  |TAMS 0x0000000719400000| PB 0x0000000719400000| Untracked |  0
|   78|0x0000000719600000, 0x0000000719600000, 0x0000000719800000|  0%| F|  |TAMS 0x0000000719600000| PB 0x0000000719600000| Untracked |  0
|   79|0x0000000719800000, 0x0000000719800000, 0x0000000719a00000|  0%| F|  |TAMS 0x0000000719800000| PB 0x0000000719800000| Untracked |  0
|   80|0x0000000719a00000, 0x0000000719a00000, 0x0000000719c00000|  0%| F|  |TAMS 0x0000000719a00000| PB 0x0000000719a00000| Untracked |  0
|   81|0x0000000719c00000, 0x0000000719c00000, 0x0000000719e00000|  0%| F|  |TAMS 0x0000000719c00000| PB 0x0000000719c00000| Untracked |  0
|   82|0x0000000719e00000, 0x0000000719e00000, 0x000000071a000000|  0%| F|  |TAMS 0x0000000719e00000| PB 0x0000000719e00000| Untracked |  0
|   83|0x000000071a000000, 0x000000071a000000, 0x000000071a200000|  0%| F|  |TAMS 0x000000071a000000| PB 0x000000071a000000| Untracked |  0
|   84|0x000000071a200000, 0x000000071a200000, 0x000000071a400000|  0%| F|  |TAMS 0x000000071a200000| PB 0x000000071a200000| Untracked |  0
|   85|0x000000071a400000, 0x000000071a400000, 0x000000071a600000|  0%| F|  |TAMS 0x000000071a400000| PB 0x000000071a400000| Untracked |  0
|   86|0x000000071a600000, 0x000000071a600000, 0x000000071a800000|  0%| F|  |TAMS 0x000000071a600000| PB 0x000000071a600000| Untracked |  0
|   87|0x000000071a800000, 0x000000071a800000, 0x000000071aa00000|  0%| F|  |TAMS 0x000000071a800000| PB 0x000000071a800000| Untracked |  0
|   88|0x000000071aa00000, 0x000000071aa00000, 0x000000071ac00000|  0%| F|  |TAMS 0x000000071aa00000| PB 0x000000071aa00000| Untracked |  0
|   89|0x000000071ac00000, 0x000000071ac00000, 0x000000071ae00000|  0%| F|  |TAMS 0x000000071ac00000| PB 0x000000071ac00000| Untracked |  0
|   90|0x000000071ae00000, 0x000000071ae00000, 0x000000071b000000|  0%| F|  |TAMS 0x000000071ae00000| PB 0x000000071ae00000| Untracked |  0
|   91|0x000000071b000000, 0x000000071b000000, 0x000000071b200000|  0%| F|  |TAMS 0x000000071b000000| PB 0x000000071b000000| Untracked |  0
|   92|0x000000071b200000, 0x000000071b200000, 0x000000071b400000|  0%| F|  |TAMS 0x000000071b200000| PB 0x000000071b200000| Untracked |  0
|   93|0x000000071b400000, 0x000000071b400810, 0x000000071b600000|  0%| O|  |TAMS 0x000000071b400000| PB 0x000000071b400000| Untracked |  0
|   94|0x000000071b600000, 0x000000071b600000, 0x000000071b800000|  0%| F|  |TAMS 0x000000071b600000| PB 0x000000071b600000| Untracked |  0
|   95|0x000000071b800000, 0x000000071b99a208, 0x000000071ba00000| 80%| O|  |TAMS 0x000000071b800000| PB 0x000000071b800000| Untracked |  0
|   96|0x000000071ba00000, 0x000000071ba61ed8, 0x000000071bc00000| 19%| O|  |TAMS 0x000000071ba00000| PB 0x000000071ba00000| Untracked |  0
|   97|0x000000071bc00000, 0x000000071bc00000, 0x000000071be00000|  0%| F|  |TAMS 0x000000071bc00000| PB 0x000000071bc00000| Untracked |  0
|   98|0x000000071be00000, 0x000000071be2eff0, 0x000000071c000000|  9%| O|  |TAMS 0x000000071be00000| PB 0x000000071be00000| Untracked |  0
|   99|0x000000071c000000, 0x000000071c000000, 0x000000071c200000|  0%| F|  |TAMS 0x000000071c000000| PB 0x000000071c000000| Untracked |  0
|  100|0x000000071c200000, 0x000000071c200000, 0x000000071c400000|  0%| F|  |TAMS 0x000000071c200000| PB 0x000000071c200000| Untracked |  0
|  101|0x000000071c400000, 0x000000071c400000, 0x000000071c600000|  0%| F|  |TAMS 0x000000071c400000| PB 0x000000071c400000| Untracked |  0
|  102|0x000000071c600000, 0x000000071c600000, 0x000000071c800000|  0%| F|  |TAMS 0x000000071c600000| PB 0x000000071c600000| Untracked |  0
|  103|0x000000071c800000, 0x000000071c800000, 0x000000071ca00000|  0%| F|  |TAMS 0x000000071c800000| PB 0x000000071c800000| Untracked |  0
|  104|0x000000071ca00000, 0x000000071ca00000, 0x000000071cc00000|  0%| F|  |TAMS 0x000000071ca00000| PB 0x000000071ca00000| Untracked |  0
|  105|0x000000071cc00000, 0x000000071cc00000, 0x000000071ce00000|  0%| F|  |TAMS 0x000000071cc00000| PB 0x000000071cc00000| Untracked |  0
|  106|0x000000071ce00000, 0x000000071ce00000, 0x000000071d000000|  0%| F|  |TAMS 0x000000071ce00000| PB 0x000000071ce00000| Untracked |  0
|  107|0x000000071d000000, 0x000000071d000000, 0x000000071d200000|  0%| F|  |TAMS 0x000000071d000000| PB 0x000000071d000000| Untracked |  0
|  108|0x000000071d200000, 0x000000071d200000, 0x000000071d400000|  0%| F|  |TAMS 0x000000071d200000| PB 0x000000071d200000| Untracked |  0
|  109|0x000000071d400000, 0x000000071d400000, 0x000000071d600000|  0%| F|  |TAMS 0x000000071d400000| PB 0x000000071d400000| Untracked |  0
|  110|0x000000071d600000, 0x000000071d600000, 0x000000071d800000|  0%| F|  |TAMS 0x000000071d600000| PB 0x000000071d600000| Untracked |  0
|  111|0x000000071d800000, 0x000000071d800000, 0x000000071da00000|  0%| F|  |TAMS 0x000000071d800000| PB 0x000000071d800000| Untracked |  0
|  112|0x000000071da00000, 0x000000071da00000, 0x000000071dc00000|  0%| F|  |TAMS 0x000000071da00000| PB 0x000000071da00000| Untracked |  0
|  113|0x000000071dc00000, 0x000000071dc00000, 0x000000071de00000|  0%| F|  |TAMS 0x000000071dc00000| PB 0x000000071dc00000| Untracked |  0
|  114|0x000000071de00000, 0x000000071de00000, 0x000000071e000000|  0%| F|  |TAMS 0x000000071de00000| PB 0x000000071de00000| Untracked |  0
|  115|0x000000071e000000, 0x000000071e000000, 0x000000071e200000|  0%| F|  |TAMS 0x000000071e000000| PB 0x000000071e000000| Untracked |  0
|  116|0x000000071e200000, 0x000000071e200000, 0x000000071e400000|  0%| F|  |TAMS 0x000000071e200000| PB 0x000000071e200000| Untracked |  0
|  117|0x000000071e400000, 0x000000071e400000, 0x000000071e600000|  0%| F|  |TAMS 0x000000071e400000| PB 0x000000071e400000| Untracked |  0
|  118|0x000000071e600000, 0x000000071e600000, 0x000000071e800000|  0%| F|  |TAMS 0x000000071e600000| PB 0x000000071e600000| Untracked |  0
|  119|0x000000071e800000, 0x000000071e800000, 0x000000071ea00000|  0%| F|  |TAMS 0x000000071e800000| PB 0x000000071e800000| Untracked |  0
|  120|0x000000071ea00000, 0x000000071ea00000, 0x000000071ec00000|  0%| F|  |TAMS 0x000000071ea00000| PB 0x000000071ea00000| Untracked |  0
|  121|0x000000071ec00000, 0x000000071ec00000, 0x000000071ee00000|  0%| F|  |TAMS 0x000000071ec00000| PB 0x000000071ec00000| Untracked |  0
|  122|0x000000071ee00000, 0x000000071ee00000, 0x000000071f000000|  0%| F|  |TAMS 0x000000071ee00000| PB 0x000000071ee00000| Untracked |  0
|  123|0x000000071f000000, 0x000000071f000000, 0x000000071f200000|  0%| F|  |TAMS 0x000000071f000000| PB 0x000000071f000000| Untracked |  0
|  124|0x000000071f200000, 0x000000071f200000, 0x000000071f400000|  0%| F|  |TAMS 0x000000071f200000| PB 0x000000071f200000| Untracked |  0
|  125|0x000000071f400000, 0x000000071f400000, 0x000000071f600000|  0%| F|  |TAMS 0x000000071f400000| PB 0x000000071f400000| Untracked |  0
|  126|0x000000071f600000, 0x000000071f600000, 0x000000071f800000|  0%| F|  |TAMS 0x000000071f600000| PB 0x000000071f600000| Untracked |  0
|  127|0x000000071f800000, 0x000000071f800000, 0x000000071fa00000|  0%| F|  |TAMS 0x000000071f800000| PB 0x000000071f800000| Untracked |  0
|  128|0x000000071fa00000, 0x000000071fa00000, 0x000000071fc00000|  0%| F|  |TAMS 0x000000071fa00000| PB 0x000000071fa00000| Untracked |  0
|  129|0x000000071fc00000, 0x000000071fc00000, 0x000000071fe00000|  0%| F|  |TAMS 0x000000071fc00000| PB 0x000000071fc00000| Untracked |  0
|  130|0x000000071fe00000, 0x000000071fe00000, 0x0000000720000000|  0%| F|  |TAMS 0x000000071fe00000| PB 0x000000071fe00000| Untracked |  0
|  131|0x0000000720000000, 0x0000000720000000, 0x0000000720200000|  0%| F|  |TAMS 0x0000000720000000| PB 0x0000000720000000| Untracked |  0
|  132|0x0000000720200000, 0x0000000720200000, 0x0000000720400000|  0%| F|  |TAMS 0x0000000720200000| PB 0x0000000720200000| Untracked |  0
|  133|0x0000000720400000, 0x0000000720400000, 0x0000000720600000|  0%| F|  |TAMS 0x0000000720400000| PB 0x0000000720400000| Untracked |  0
|  134|0x0000000720600000, 0x0000000720600000, 0x0000000720800000|  0%| F|  |TAMS 0x0000000720600000| PB 0x0000000720600000| Untracked |  0
|  135|0x0000000720800000, 0x0000000720800000, 0x0000000720a00000|  0%| F|  |TAMS 0x0000000720800000| PB 0x0000000720800000| Untracked |  0
|  136|0x0000000720a00000, 0x0000000720a00000, 0x0000000720c00000|  0%| F|  |TAMS 0x0000000720a00000| PB 0x0000000720a00000| Untracked |  0
|  137|0x0000000720c00000, 0x0000000720c00000, 0x0000000720e00000|  0%| F|  |TAMS 0x0000000720c00000| PB 0x0000000720c00000| Untracked |  0
|  138|0x0000000720e00000, 0x0000000720e00000, 0x0000000721000000|  0%| F|  |TAMS 0x0000000720e00000| PB 0x0000000720e00000| Untracked |  0
|  139|0x0000000721000000, 0x0000000721000000, 0x0000000721200000|  0%| F|  |TAMS 0x0000000721000000| PB 0x0000000721000000| Untracked |  0
|  140|0x0000000721200000, 0x0000000721200000, 0x0000000721400000|  0%| F|  |TAMS 0x0000000721200000| PB 0x0000000721200000| Untracked |  0
|  141|0x0000000721400000, 0x0000000721400000, 0x0000000721600000|  0%| F|  |TAMS 0x0000000721400000| PB 0x0000000721400000| Untracked |  0
|  142|0x0000000721600000, 0x0000000721600000, 0x0000000721800000|  0%| F|  |TAMS 0x0000000721600000| PB 0x0000000721600000| Untracked |  0
|  143|0x0000000721800000, 0x0000000721800000, 0x0000000721a00000|  0%| F|  |TAMS 0x0000000721800000| PB 0x0000000721800000| Untracked |  0
|  144|0x0000000721a00000, 0x0000000721a00000, 0x0000000721c00000|  0%| F|  |TAMS 0x0000000721a00000| PB 0x0000000721a00000| Untracked |  0
|  145|0x0000000721c00000, 0x0000000721c00000, 0x0000000721e00000|  0%| F|  |TAMS 0x0000000721c00000| PB 0x0000000721c00000| Untracked |  0
|  146|0x0000000721e00000, 0x0000000721e00000, 0x0000000722000000|  0%| F|  |TAMS 0x0000000721e00000| PB 0x0000000721e00000| Untracked |  0
|  147|0x0000000722000000, 0x0000000722000000, 0x0000000722200000|  0%| F|  |TAMS 0x0000000722000000| PB 0x0000000722000000| Untracked |  0
|  148|0x0000000722200000, 0x0000000722200000, 0x0000000722400000|  0%| F|  |TAMS 0x0000000722200000| PB 0x0000000722200000| Untracked |  0
|  149|0x0000000722400000, 0x0000000722400000, 0x0000000722600000|  0%| F|  |TAMS 0x0000000722400000| PB 0x0000000722400000| Untracked |  0
|  150|0x0000000722600000, 0x0000000722600000, 0x0000000722800000|  0%| F|  |TAMS 0x0000000722600000| PB 0x0000000722600000| Untracked |  0
|  151|0x0000000722800000, 0x0000000722800000, 0x0000000722a00000|  0%| F|  |TAMS 0x0000000722800000| PB 0x0000000722800000| Untracked |  0
|  152|0x0000000722a00000, 0x0000000722a00000, 0x0000000722c00000|  0%| F|  |TAMS 0x0000000722a00000| PB 0x0000000722a00000| Untracked |  0
|  153|0x0000000722c00000, 0x0000000722c00000, 0x0000000722e00000|  0%| F|  |TAMS 0x0000000722c00000| PB 0x0000000722c00000| Untracked |  0
|  154|0x0000000722e00000, 0x0000000722e00000, 0x0000000723000000|  0%| F|  |TAMS 0x0000000722e00000| PB 0x0000000722e00000| Untracked |  0
|  155|0x0000000723000000, 0x0000000723000000, 0x0000000723200000|  0%| F|  |TAMS 0x0000000723000000| PB 0x0000000723000000| Untracked |  0
|  156|0x0000000723200000, 0x0000000723200000, 0x0000000723400000|  0%| F|  |TAMS 0x0000000723200000| PB 0x0000000723200000| Untracked |  0
|  157|0x0000000723400000, 0x0000000723400000, 0x0000000723600000|  0%| F|  |TAMS 0x0000000723400000| PB 0x0000000723400000| Untracked |  0
|  158|0x0000000723600000, 0x0000000723600000, 0x0000000723800000|  0%| F|  |TAMS 0x0000000723600000| PB 0x0000000723600000| Untracked |  0
|  159|0x0000000723800000, 0x0000000723800000, 0x0000000723a00000|  0%| F|  |TAMS 0x0000000723800000| PB 0x0000000723800000| Untracked |  0
|  160|0x0000000723a00000, 0x0000000723a00000, 0x0000000723c00000|  0%| F|  |TAMS 0x0000000723a00000| PB 0x0000000723a00000| Untracked |  0
|  161|0x0000000723c00000, 0x0000000723c00000, 0x0000000723e00000|  0%| F|  |TAMS 0x0000000723c00000| PB 0x0000000723c00000| Untracked |  0
|  162|0x0000000723e00000, 0x0000000723e00000, 0x0000000724000000|  0%| F|  |TAMS 0x0000000723e00000| PB 0x0000000723e00000| Untracked |  0
|  163|0x0000000724000000, 0x0000000724000000, 0x0000000724200000|  0%| F|  |TAMS 0x0000000724000000| PB 0x0000000724000000| Untracked |  0
|  164|0x0000000724200000, 0x0000000724200000, 0x0000000724400000|  0%| F|  |TAMS 0x0000000724200000| PB 0x0000000724200000| Untracked |  0
|  165|0x0000000724400000, 0x0000000724400000, 0x0000000724600000|  0%| F|  |TAMS 0x0000000724400000| PB 0x0000000724400000| Untracked |  0
|  166|0x0000000724600000, 0x0000000724600000, 0x0000000724800000|  0%| F|  |TAMS 0x0000000724600000| PB 0x0000000724600000| Untracked |  0
|  167|0x0000000724800000, 0x0000000724800000, 0x0000000724a00000|  0%| F|  |TAMS 0x0000000724800000| PB 0x0000000724800000| Untracked |  0
|  168|0x0000000724a00000, 0x0000000724a00000, 0x0000000724c00000|  0%| F|  |TAMS 0x0000000724a00000| PB 0x0000000724a00000| Untracked |  0
|  169|0x0000000724c00000, 0x0000000724c00000, 0x0000000724e00000|  0%| F|  |TAMS 0x0000000724c00000| PB 0x0000000724c00000| Untracked |  0
|  170|0x0000000724e00000, 0x0000000724e00000, 0x0000000725000000|  0%| F|  |TAMS 0x0000000724e00000| PB 0x0000000724e00000| Untracked |  0
|  171|0x0000000725000000, 0x0000000725000000, 0x0000000725200000|  0%| F|  |TAMS 0x0000000725000000| PB 0x0000000725000000| Untracked |  0
|  172|0x0000000725200000, 0x0000000725200000, 0x0000000725400000|  0%| F|  |TAMS 0x0000000725200000| PB 0x0000000725200000| Untracked |  0
|  173|0x0000000725400000, 0x0000000725400000, 0x0000000725600000|  0%| F|  |TAMS 0x0000000725400000| PB 0x0000000725400000| Untracked |  0
|  174|0x0000000725600000, 0x0000000725600000, 0x0000000725800000|  0%| F|  |TAMS 0x0000000725600000| PB 0x0000000725600000| Untracked |  0
|  175|0x0000000725800000, 0x0000000725800000, 0x0000000725a00000|  0%| F|  |TAMS 0x0000000725800000| PB 0x0000000725800000| Untracked |  0
|  176|0x0000000725a00000, 0x0000000725a00000, 0x0000000725c00000|  0%| F|  |TAMS 0x0000000725a00000| PB 0x0000000725a00000| Untracked |  0
|  177|0x0000000725c00000, 0x0000000725c00000, 0x0000000725e00000|  0%| F|  |TAMS 0x0000000725c00000| PB 0x0000000725c00000| Untracked |  0
|  178|0x0000000725e00000, 0x0000000725e00000, 0x0000000726000000|  0%| F|  |TAMS 0x0000000725e00000| PB 0x0000000725e00000| Untracked |  0
|  179|0x0000000726000000, 0x0000000726000000, 0x0000000726200000|  0%| F|  |TAMS 0x0000000726000000| PB 0x0000000726000000| Untracked |  0
|  180|0x0000000726200000, 0x0000000726200000, 0x0000000726400000|  0%| F|  |TAMS 0x0000000726200000| PB 0x0000000726200000| Untracked |  0
|  181|0x0000000726400000, 0x0000000726400000, 0x0000000726600000|  0%| F|  |TAMS 0x0000000726400000| PB 0x0000000726400000| Untracked |  0
|  182|0x0000000726600000, 0x0000000726600000, 0x0000000726800000|  0%| F|  |TAMS 0x0000000726600000| PB 0x0000000726600000| Untracked |  0
|  183|0x0000000726800000, 0x0000000726800000, 0x0000000726a00000|  0%| F|  |TAMS 0x0000000726800000| PB 0x0000000726800000| Untracked |  0
|  184|0x0000000726a00000, 0x0000000726a00000, 0x0000000726c00000|  0%| F|  |TAMS 0x0000000726a00000| PB 0x0000000726a00000| Untracked |  0
|  185|0x0000000726c00000, 0x0000000726c00000, 0x0000000726e00000|  0%| F|  |TAMS 0x0000000726c00000| PB 0x0000000726c00000| Untracked |  0
|  186|0x0000000726e00000, 0x0000000726e00000, 0x0000000727000000|  0%| F|  |TAMS 0x0000000726e00000| PB 0x0000000726e00000| Untracked |  0
|  187|0x0000000727000000, 0x0000000727000000, 0x0000000727200000|  0%| F|  |TAMS 0x0000000727000000| PB 0x0000000727000000| Untracked |  0
|  188|0x0000000727200000, 0x0000000727200000, 0x0000000727400000|  0%| F|  |TAMS 0x0000000727200000| PB 0x0000000727200000| Untracked |  0
|  189|0x0000000727400000, 0x0000000727400000, 0x0000000727600000|  0%| F|  |TAMS 0x0000000727400000| PB 0x0000000727400000| Untracked |  0
|  190|0x0000000727600000, 0x0000000727600000, 0x0000000727800000|  0%| F|  |TAMS 0x0000000727600000| PB 0x0000000727600000| Untracked |  0
|  191|0x0000000727800000, 0x0000000727800000, 0x0000000727a00000|  0%| F|  |TAMS 0x0000000727800000| PB 0x0000000727800000| Untracked |  0
|  192|0x0000000727a00000, 0x0000000727a00000, 0x0000000727c00000|  0%| F|  |TAMS 0x0000000727a00000| PB 0x0000000727a00000| Untracked |  0
|  193|0x0000000727c00000, 0x0000000727c00000, 0x0000000727e00000|  0%| F|  |TAMS 0x0000000727c00000| PB 0x0000000727c00000| Untracked |  0
|  194|0x0000000727e00000, 0x0000000727e00000, 0x0000000728000000|  0%| F|  |TAMS 0x0000000727e00000| PB 0x0000000727e00000| Untracked |  0
|  195|0x0000000728000000, 0x0000000728000000, 0x0000000728200000|  0%| F|  |TAMS 0x0000000728000000| PB 0x0000000728000000| Untracked |  0
|  196|0x0000000728200000, 0x0000000728200000, 0x0000000728400000|  0%| F|  |TAMS 0x0000000728200000| PB 0x0000000728200000| Untracked |  0
|  197|0x0000000728400000, 0x0000000728400000, 0x0000000728600000|  0%| F|  |TAMS 0x0000000728400000| PB 0x0000000728400000| Untracked |  0
|  198|0x0000000728600000, 0x0000000728600000, 0x0000000728800000|  0%| F|  |TAMS 0x0000000728600000| PB 0x0000000728600000| Untracked |  0
|  199|0x0000000728800000, 0x0000000728800000, 0x0000000728a00000|  0%| F|  |TAMS 0x0000000728800000| PB 0x0000000728800000| Untracked |  0
|  200|0x0000000728a00000, 0x0000000728a00000, 0x0000000728c00000|  0%| F|  |TAMS 0x0000000728a00000| PB 0x0000000728a00000| Untracked |  0
|  201|0x0000000728c00000, 0x0000000728c00000, 0x0000000728e00000|  0%| F|  |TAMS 0x0000000728c00000| PB 0x0000000728c00000| Untracked |  0
|  202|0x0000000728e00000, 0x0000000728e00000, 0x0000000729000000|  0%| F|  |TAMS 0x0000000728e00000| PB 0x0000000728e00000| Untracked |  0
|  203|0x0000000729000000, 0x0000000729000000, 0x0000000729200000|  0%| F|  |TAMS 0x0000000729000000| PB 0x0000000729000000| Untracked |  0
|  204|0x0000000729200000, 0x0000000729200000, 0x0000000729400000|  0%| F|  |TAMS 0x0000000729200000| PB 0x0000000729200000| Untracked |  0
|  205|0x0000000729400000, 0x0000000729400000, 0x0000000729600000|  0%| F|  |TAMS 0x0000000729400000| PB 0x0000000729400000| Untracked |  0
|  206|0x0000000729600000, 0x0000000729600000, 0x0000000729800000|  0%| F|  |TAMS 0x0000000729600000| PB 0x0000000729600000| Untracked |  0
|  207|0x0000000729800000, 0x0000000729800000, 0x0000000729a00000|  0%| F|  |TAMS 0x0000000729800000| PB 0x0000000729800000| Untracked |  0
|  208|0x0000000729a00000, 0x0000000729a00000, 0x0000000729c00000|  0%| F|  |TAMS 0x0000000729a00000| PB 0x0000000729a00000| Untracked |  0
|  209|0x0000000729c00000, 0x0000000729c00000, 0x0000000729e00000|  0%| F|  |TAMS 0x0000000729c00000| PB 0x0000000729c00000| Untracked |  0
|  210|0x0000000729e00000, 0x0000000729e6fca8, 0x000000072a000000| 21%| E|CS|TAMS 0x0000000729e00000| PB 0x0000000729e00000| Complete  |  0
|  211|0x000000072a000000, 0x000000072a200000, 0x000000072a200000|100%| E|CS|TAMS 0x000000072a000000| PB 0x000000072a000000| Complete  |  0
|  212|0x000000072a200000, 0x000000072a400000, 0x000000072a400000|100%| E|CS|TAMS 0x000000072a200000| PB 0x000000072a200000| Complete  |  0
|  213|0x000000072a400000, 0x000000072a43ab48, 0x000000072a600000| 11%| S|CS|TAMS 0x000000072a400000| PB 0x000000072a400000| Complete  |  0
|  214|0x000000072a600000, 0x000000072a800000, 0x000000072a800000|100%| E|CS|TAMS 0x000000072a600000| PB 0x000000072a600000| Complete  |  0
|  215|0x000000072a800000, 0x000000072aa00000, 0x000000072aa00000|100%| E|CS|TAMS 0x000000072a800000| PB 0x000000072a800000| Complete  |  0
|  218|0x000000072ae00000, 0x000000072b000000, 0x000000072b000000|100%| E|CS|TAMS 0x000000072ae00000| PB 0x000000072ae00000| Complete  |  0
| 1919|0x00000007ff800000, 0x00000007ffa00000, 0x00000007ffa00000|100%| O|  |TAMS 0x00000007ff800000| PB 0x00000007ff800000| Untracked |  0
| 1920|0x00000007ffa00000, 0x00000007ffc00000, 0x00000007ffc00000|100%| O|  |TAMS 0x00000007ffa00000| PB 0x00000007ffa00000| Untracked |  0
| 1921|0x00000007ffc00000, 0x00000007ffe00000, 0x00000007ffe00000|100%| O|  |TAMS 0x00000007ffc00000| PB 0x00000007ffc00000| Untracked |  0

Card table byte_map: [0x00007f809dae4000,0x00007f809e267000] _byte_map_base: 0x00007f809a267000
Refinement table byte_map: [0x00007f809d361000,0x00007f809dae4000] _byte_map_base: 0x00007f8099ae4000

Marking Bits: (CMBitMap*) 0x00007f809806f2c0
 Bits: [0x00007f807c1e7000, 0x00007f807fdff000)

Polling page: 0x00007f80a14f2000

Metaspace:
Metaspace        used 88102K, committed 89664K, reserved 1179648K
 class space     used 9529K, committed 10176K, reserved 1048576K

Usage:
  Non-class:     76.73 MB used.
      Class:      9.31 MB used.
       Both:     86.04 MB used.

Virtual space:
  Non-class space:      128.00 MB reserved,      77.62 MB ( 61%) committed,  2 nodes.
      Class space:        1.00 GB reserved,       9.94 MB ( <1%) committed,  1 nodes.
             Both:        1.12 GB reserved,      87.56 MB (  8%) committed. 

Chunk freelists:
   Non-Class:  2.38 MB
       Class:  6.08 MB
        Both:  8.45 MB

MaxMetaspaceSize: unlimited
CompressedClassSpaceSize: 1.00 GB
Initial GC threshold: 21.00 MB
Current GC threshold: 99.19 MB
CDS: on
 - commit_granule_bytes: 65536.
 - commit_granule_words: 8192.
 - virtual_space_node_default_size: 8388608.
 - enlarge_chunks_in_place: 1.
UseCompressedClassPointers 1, UseCompactObjectHeaders 0
Narrow klass pointer bits 32, Max shift 3
Narrow klass base: 0x0000000035000000, Narrow klass shift: 0
Encoding Range: [0x0000000035000000 - 0x0000000135000000), (4294967296 bytes)
Klass Range:    [0x0000000035000000 - 0x0000000076000000), (1090519040 bytes)
Klass ID Range:  [8 - 1090519033) (1090519025)
Protection zone: [0x0000000035000000 - 0x0000000035001000), (4096 bytes)


Internal statistics:

num_allocs_failed_limit: 9.
num_arena_births: 2558.
num_arena_deaths: 0.
num_vsnodes_births: 3.
num_vsnodes_deaths: 0.
num_space_committed: 1399.
num_space_uncommitted: 0.
num_chunks_returned_to_freelist: 9.
num_chunks_taken_from_freelist: 5929.
num_chunk_merges: 6.
num_chunk_splits: 3967.
num_chunks_enlarged: 2742.
num_inconsistent_stats: 0.

CodeHeap 'non-profiled nmethods': size=119168Kb used=6809Kb max_used=6809Kb free=112359Kb
 bounds [0x00007f80879a0000, 0x00007f8088050000, 0x00007f808ee00000]
CodeHeap 'profiled nmethods': size=119168Kb used=22370Kb max_used=22370Kb free=96797Kb
 bounds [0x00007f807fdff000, 0x00007f80813df000, 0x00007f808725f000]
CodeHeap 'non-nmethods': size=7428Kb used=5767Kb max_used=6904Kb free=1660Kb
 bounds [0x00007f808725f000, 0x00007f808797f000, 0x00007f80879a0000]
CodeCache: size=245764Kb, used=34946Kb, max_used=36083Kb, free=210816Kb
 total_blobs=17710, nmethods=14206, adapters=3383, full_count=0
Compilation: enabled, stopped_count=0, restarted_count=0

Compilation events (20 events):
Event: 69.467 Thread 0x0000558b43400100 nmethod 14545 0x00007f80813d3408 code [0x00007f80813d3500, 0x00007f80813d4510]
Event: 69.467 Thread 0x00007f8098111980 14547       3       kotlinx.serialization.json.internal.StreamingJsonEncoder::encodeNull (11 bytes)
Event: 69.467 Thread 0x0000558b43400100 14548       3       kotlinx.serialization.json.internal.Composer::print (17 bytes)
Event: 69.467 Thread 0x00007f8098111980 nmethod 14547 0x00007f80813d4588 code [0x00007f80813d4680, 0x00007f80813d4950]
Event: 69.467 Thread 0x0000558b43400100 nmethod 14548 0x00007f80813d4988 code [0x00007f80813d4a80, 0x00007f80813d50e8]
Event: 69.469 Thread 0x00007f8098111980 14549       3       kotlinx.coroutines.scheduling.CoroutineScheduler$Worker::park (57 bytes)
Event: 69.469 Thread 0x00007f8098111980 nmethod 14549 0x00007f80813d5108 code [0x00007f80813d5200, 0x00007f80813d5460]
Event: 69.472 Thread 0x00007f809810ffb0 nmethod 14546 0x00007f8088043c88 code [0x00007f8088043d80, 0x00007f8088044570]
Event: 69.573 Thread 0x0000558b43400100 14550       3       java.util.concurrent.CountDownLatch$Sync::tryAcquireShared (13 bytes)
Event: 69.574 Thread 0x0000558b43400100 nmethod 14550 0x00007f80813d5488 code [0x00007f80813d5580, 0x00007f80813d5770]
Event: 69.603 Thread 0x00007f809810ffb0 14551   !   4       java.util.concurrent.locks.AbstractQueuedSynchronizer::acquire (448 bytes)
Event: 69.618 Thread 0x00007f809810ffb0 nmethod 14551 0x00007f8088044588 code [0x00007f8088044680, 0x00007f8088045e00]
Event: 69.673 Thread 0x00007f8098111980 14552       3       java.lang.invoke.MethodHandleNatives::getCharType (8 bytes)
Event: 69.673 Thread 0x00007f8098111980 nmethod 14552 0x00007f80813d5788 code [0x00007f80813d5880, 0x00007f80813d5a28]
Event: 69.679 Thread 0x00007f8098111980 14554   !   3       java.util.logging.LogManager::ensureLogManagerInitialized (237 bytes)
Event: 69.679 Thread 0x0000558b43400100 14555       1       java.util.concurrent.CopyOnWriteArrayList::setArray (6 bytes)
Event: 69.679 Thread 0x0000558b43400100 nmethod 14555 0x00007f8088046108 code [0x00007f8088046200, 0x00007f8088046308]
Event: 69.680 Thread 0x00007f8098111980 nmethod 14554 0x00007f80813d5a88 code [0x00007f80813d5b80, 0x00007f80813d76a0]
Event: 69.682 Thread 0x00007f8098111980 14556       3       sun.net.util.IPAddressUtil::digit (18 bytes)
Event: 69.682 Thread 0x00007f8098111980 nmethod 14556 0x00007f80813d7708 code [0x00007f80813d7800, 0x00007f80813d7910]

GC Heap Usage History (20 events):
Event: 44.908 {heap Before GC invocations=50 (full 0):
 garbage-first heap   total reserved 3938304K, committed 458752K, used 231121K [0x000000070fa00000, 0x0000000800000000)
  region size 2M, 15 eden (30M), 1 survivor (2M), 23 old (46M), 77 humongous (154M), 108 free (216M)
}
Event: 44.911 {heap After GC invocations=51 (full 0):
 garbage-first heap   total reserved 3938304K, committed 458752K, used 46783K [0x000000070fa00000, 0x0000000800000000)
  region size 2M, 0 eden (0M), 1 survivor (2M), 24 old (48M), 1 humongous (2M), 198 free (396M)
}
Event: 46.715 {heap Before GC invocations=51 (full 0):
 garbage-first heap   total reserved 3938304K, committed 458752K, used 206527K [0x000000070fa00000, 0x0000000800000000)
  region size 2M, 3 eden (6M), 1 survivor (2M), 24 old (48M), 77 humongous (154M), 119 free (238M)
}
Event: 46.718 {heap After GC invocations=52 (full 0):
 garbage-first heap   total reserved 3938304K, committed 458752K, used 46782K [0x000000070fa00000, 0x0000000800000000)
  region size 2M, 0 eden (0M), 1 survivor (2M), 24 old (48M), 1 humongous (2M), 198 free (396M)
}
Event: 47.965 {heap Before GC invocations=52 (full 0):
 garbage-first heap   total reserved 3938304K, committed 458752K, used 233150K [0x000000070fa00000, 0x0000000800000000)
  region size 2M, 16 eden (32M), 1 survivor (2M), 24 old (48M), 77 humongous (154M), 106 free (212M)
}
Event: 47.969 {heap After GC invocations=53 (full 0):
 garbage-first heap   total reserved 3938304K, committed 458752K, used 46801K [0x000000070fa00000, 0x0000000800000000)
  region size 2M, 0 eden (0M), 1 survivor (2M), 24 old (48M), 1 humongous (2M), 198 free (396M)
}
Event: 48.643 {heap Before GC invocations=53 (full 0):
 garbage-first heap   total reserved 3938304K, committed 458752K, used 196305K [0x000000070fa00000, 0x0000000800000000)
  region size 2M, 2 eden (4M), 1 survivor (2M), 24 old (48M), 73 humongous (146M), 124 free (248M)
}
Event: 48.647 {heap After GC invocations=54 (full 0):
 garbage-first heap   total reserved 3938304K, committed 458752K, used 46799K [0x000000070fa00000, 0x0000000800000000)
  region size 2M, 0 eden (0M), 1 survivor (2M), 24 old (48M), 1 humongous (2M), 198 free (396M)
}
Event: 49.353 {heap Before GC invocations=54 (full 0):
 garbage-first heap   total reserved 3938304K, committed 458752K, used 196303K [0x000000070fa00000, 0x0000000800000000)
  region size 2M, 2 eden (4M), 1 survivor (2M), 24 old (48M), 73 humongous (146M), 124 free (248M)
}
Event: 49.357 {heap After GC invocations=55 (full 0):
 garbage-first heap   total reserved 3938304K, committed 458752K, used 46812K [0x000000070fa00000, 0x0000000800000000)
  region size 2M, 0 eden (0M), 1 survivor (2M), 24 old (48M), 1 humongous (2M), 198 free (396M)
}
Event: 50.049 {heap Before GC invocations=55 (full 0):
 garbage-first heap   total reserved 3938304K, committed 458752K, used 196316K [0x000000070fa00000, 0x0000000800000000)
  region size 2M, 2 eden (4M), 1 survivor (2M), 24 old (48M), 73 humongous (146M), 124 free (248M)
}
Event: 50.053 {heap After GC invocations=56 (full 0):
 garbage-first heap   total reserved 3938304K, committed 458752K, used 46822K [0x000000070fa00000, 0x0000000800000000)
  region size 2M, 0 eden (0M), 1 survivor (2M), 24 old (48M), 1 humongous (2M), 198 free (396M)
}
Event: 50.746 {heap Before GC invocations=56 (full 0):
 garbage-first heap   total reserved 3938304K, committed 458752K, used 196326K [0x000000070fa00000, 0x0000000800000000)
  region size 2M, 2 eden (4M), 1 survivor (2M), 24 old (48M), 73 humongous (146M), 124 free (248M)
}
Event: 50.750 {heap After GC invocations=57 (full 0):
 garbage-first heap   total reserved 3938304K, committed 458752K, used 46844K [0x000000070fa00000, 0x0000000800000000)
  region size 2M, 0 eden (0M), 1 survivor (2M), 24 old (48M), 1 humongous (2M), 198 free (396M)
}
Event: 51.436 {heap Before GC invocations=57 (full 0):
 garbage-first heap   total reserved 3938304K, committed 458752K, used 196348K [0x000000070fa00000, 0x0000000800000000)
  region size 2M, 2 eden (4M), 1 survivor (2M), 24 old (48M), 73 humongous (146M), 124 free (248M)
}
Event: 51.439 {heap After GC invocations=58 (full 0):
 garbage-first heap   total reserved 3938304K, committed 450560K, used 46839K [0x000000070fa00000, 0x0000000800000000)
  region size 2M, 0 eden (0M), 1 survivor (2M), 24 old (48M), 1 humongous (2M), 194 free (388M)
}
Event: 68.297 {heap Before GC invocations=58 (full 0):
 garbage-first heap   total reserved 3938304K, committed 450560K, used 288503K [0x000000070fa00000, 0x0000000800000000)
  region size 2M, 45 eden (90M), 1 survivor (2M), 24 old (48M), 75 humongous (150M), 75 free (150M)
}
Event: 68.300 {heap After GC invocations=59 (full 0):
 garbage-first heap   total reserved 3938304K, committed 450560K, used 46854K [0x000000070fa00000, 0x0000000800000000)
  region size 2M, 0 eden (0M), 1 survivor (2M), 24 old (48M), 1 humongous (2M), 194 free (388M)
}
Event: 69.134 {heap Before GC invocations=59 (full 0):
 garbage-first heap   total reserved 3938304K, committed 450560K, used 202502K [0x000000070fa00000, 0x0000000800000000)
  region size 2M, 3 eden (6M), 1 survivor (2M), 24 old (48M), 75 humongous (150M), 117 free (234M)
}
Event: 69.138 {heap After GC invocations=60 (full 0):
 garbage-first heap   total reserved 3938304K, committed 450560K, used 46853K [0x000000070fa00000, 0x0000000800000000)
  region size 2M, 0 eden (0M), 1 survivor (2M), 25 old (50M), 1 humongous (2M), 193 free (386M)
}

Metaspace Usage History (20 events):
Event: 44.908 {metaspace Before GC invocations=50 (full 0):
 Metaspace       used 87088K, committed 88768K, reserved 1179648K
  class space    used 9414K, committed 10112K, reserved 1048576K
}
Event: 44.911 {metaspace After GC invocations=51 (full 0):
 Metaspace       used 87088K, committed 88768K, reserved 1179648K
  class space    used 9414K, committed 10112K, reserved 1048576K
}
Event: 46.715 {metaspace Before GC invocations=51 (full 0):
 Metaspace       used 87095K, committed 88768K, reserved 1179648K
  class space    used 9414K, committed 10112K, reserved 1048576K
}
Event: 46.718 {metaspace After GC invocations=52 (full 0):
 Metaspace       used 87095K, committed 88768K, reserved 1179648K
  class space    used 9414K, committed 10112K, reserved 1048576K
}
Event: 47.965 {metaspace Before GC invocations=52 (full 0):
 Metaspace       used 87101K, committed 88768K, reserved 1179648K
  class space    used 9414K, committed 10112K, reserved 1048576K
}
Event: 47.969 {metaspace After GC invocations=53 (full 0):
 Metaspace       used 87101K, committed 88768K, reserved 1179648K
  class space    used 9414K, committed 10112K, reserved 1048576K
}
Event: 48.643 {metaspace Before GC invocations=53 (full 0):
 Metaspace       used 87101K, committed 88768K, reserved 1179648K
  class space    used 9414K, committed 10112K, reserved 1048576K
}
Event: 48.647 {metaspace After GC invocations=54 (full 0):
 Metaspace       used 87101K, committed 88768K, reserved 1179648K
  class space    used 9414K, committed 10112K, reserved 1048576K
}
Event: 49.353 {metaspace Before GC invocations=54 (full 0):
 Metaspace       used 87101K, committed 88768K, reserved 1179648K
  class space    used 9414K, committed 10112K, reserved 1048576K
}
Event: 49.357 {metaspace After GC invocations=55 (full 0):
 Metaspace       used 87101K, committed 88768K, reserved 1179648K
  class space    used 9414K, committed 10112K, reserved 1048576K
}
Event: 50.049 {metaspace Before GC invocations=55 (full 0):
 Metaspace       used 87101K, committed 88768K, reserved 1179648K
  class space    used 9414K, committed 10112K, reserved 1048576K
}
Event: 50.053 {metaspace After GC invocations=56 (full 0):
 Metaspace       used 87101K, committed 88768K, reserved 1179648K
  class space    used 9414K, committed 10112K, reserved 1048576K
}
Event: 50.746 {metaspace Before GC invocations=56 (full 0):
 Metaspace       used 87104K, committed 88768K, reserved 1179648K
  class space    used 9414K, committed 10112K, reserved 1048576K
}
Event: 50.750 {metaspace After GC invocations=57 (full 0):
 Metaspace       used 87104K, committed 88768K, reserved 1179648K
  class space    used 9414K, committed 10112K, reserved 1048576K
}
Event: 51.436 {metaspace Before GC invocations=57 (full 0):
 Metaspace       used 87104K, committed 88768K, reserved 1179648K
  class space    used 9414K, committed 10112K, reserved 1048576K
}
Event: 51.439 {metaspace After GC invocations=58 (full 0):
 Metaspace       used 87104K, committed 88768K, reserved 1179648K
  class space    used 9414K, committed 10112K, reserved 1048576K
}
Event: 68.297 {metaspace Before GC invocations=58 (full 0):
 Metaspace       used 87179K, committed 88832K, reserved 1179648K
  class space    used 9414K, committed 10112K, reserved 1048576K
}
Event: 68.300 {metaspace After GC invocations=59 (full 0):
 Metaspace       used 87179K, committed 88832K, reserved 1179648K
  class space    used 9414K, committed 10112K, reserved 1048576K
}
Event: 69.134 {metaspace Before GC invocations=59 (full 0):
 Metaspace       used 87184K, committed 88832K, reserved 1179648K
  class space    used 9414K, committed 10112K, reserved 1048576K
}
Event: 69.138 {metaspace After GC invocations=60 (full 0):
 Metaspace       used 87184K, committed 88832K, reserved 1179648K
  class space    used 9414K, committed 10112K, reserved 1048576K
}

Dll operation events (20 events):
Event: 1.229 Attempting to load shared library /home/annihilator/dev/mpv/build/libmpv.so.2.5.0
Event: 1.305 Loaded shared library /home/annihilator/dev/mpv/build/libmpv.so.2.5.0
Event: 1.307 Attempting to load shared library /usr/lib/jvm/java-26-openjdk/lib/libsyslookup.so
Event: 1.308 Loaded shared library /usr/lib/jvm/java-26-openjdk/lib/libsyslookup.so
Event: 2.890 Attempting to load shared library libglib-2.0.so.0
Event: 2.890 Loaded shared library libglib-2.0.so.0
Event: 2.901 Attempting to load shared library libwpe-1.0.so.1
Event: 2.902 Loaded shared library libwpe-1.0.so.1
Event: 2.902 Attempting to load shared library libWPEBackend-fdo-1.0.so.1
Event: 2.904 Loaded shared library libWPEBackend-fdo-1.0.so.1
Event: 2.928 Attempting to load shared library libWPEWebKit-2.0.so.1
Event: 2.954 Loaded shared library libWPEWebKit-2.0.so.1
Event: 2.954 Attempting to load shared library libgobject-2.0.so.0
Event: 2.954 Loaded shared library libgobject-2.0.so.0
Event: 3.816 Attempting to load shared library /usr/lib/jvm/java-26-openjdk/lib/libextnet.so
Event: 3.817 Loaded shared library /usr/lib/jvm/java-26-openjdk/lib/libextnet.so
Event: 4.565 Attempting to load shared library /usr/lib/jvm/java-26-openjdk/lib/libprefs.so
Event: 4.566 Loaded shared library /usr/lib/jvm/java-26-openjdk/lib/libprefs.so
Event: 21.615 Attempting to load shared library libwayland-server.so.0
Event: 21.615 Loaded shared library libwayland-server.so.0

Deoptimization events (20 events):
Event: 69.673 Thread 0x00007f80994d0b50 Uncommon trap: trap_request=0xffffffde fr.pc=0x00007f8087f133a8 relative=0x00000000000006a8
Event: 69.673 Thread 0x00007f80994d0b50 Uncommon trap: reason=class_check action=maybe_recompile pc=0x00007f8087f133a8 method=java.awt.event.InvocationEvent.dispatch()V @ 11 c2
Event: 69.673 Thread 0x00007f80994d0b50 DEOPT PACKING pc=0x00007f8087f133a8 sp=0x00007f80215ef670
Event: 69.673 Thread 0x00007f80994d0b50 DEOPT UNPACKING pc=0x00007f80873830f9 sp=0x00007f80215ef5d0 mode 2
Event: 69.673 Thread 0x00007f80994d0b50 Uncommon trap: trap_request=0xffffff45 fr.pc=0x00007f8087f5388c relative=0x000000000000080c
Event: 69.673 Thread 0x00007f80994d0b50 Uncommon trap: reason=unstable_if action=reinterpret pc=0x00007f8087f5388c method=org.jetbrains.skia.impl.CleanableImpl.remove()Z @ 23 c2
Event: 69.673 Thread 0x00007f80994d0b50 DEOPT PACKING pc=0x00007f8087f5388c sp=0x00007f80215ef3d0
Event: 69.673 Thread 0x00007f80994d0b50 DEOPT UNPACKING pc=0x00007f80873830f9 sp=0x00007f80215ef308 mode 2
Event: 69.681 Thread 0x00007f809886b1d0 Uncommon trap: trap_request=0xffffffc6 fr.pc=0x00007f8087fda3e8 relative=0x0000000000000968
Event: 69.681 Thread 0x00007f809886b1d0 Uncommon trap: reason=bimorphic_or_optimized_type_check action=maybe_recompile pc=0x00007f8087fda3e8 method=java.util.stream.ReferencePipeline.forEachWithCancel(Ljava/util/Spliterator;Ljava/util/stream/Sink;)Z @ 1 c2
Event: 69.681 Thread 0x00007f809886b1d0 DEOPT PACKING pc=0x00007f8087fda3e8 sp=0x00007f803bc3bd00
Event: 69.681 Thread 0x00007f809886b1d0 DEOPT UNPACKING pc=0x00007f80873830f9 sp=0x00007f803bc3bab0 mode 2
Event: 69.681 Thread 0x00007f809886b1d0 Uncommon trap: trap_request=0xffffffde fr.pc=0x00007f8087fe259c relative=0x000000000000119c
Event: 69.681 Thread 0x00007f809886b1d0 Uncommon trap: reason=class_check action=maybe_recompile pc=0x00007f8087fe259c method=java.util.TreeMap.put(Ljava/lang/Object;Ljava/lang/Object;Z)Ljava/lang/Object; @ 118 c2
Event: 69.681 Thread 0x00007f809886b1d0 DEOPT PACKING pc=0x00007f8087fe259c sp=0x00007f803bc3b350
Event: 69.681 Thread 0x00007f809886b1d0 DEOPT UNPACKING pc=0x00007f80873830f9 sp=0x00007f803bc3b310 mode 2
Event: 69.682 Thread 0x00007f803cbd7610 Uncommon trap: trap_request=0xffffffde fr.pc=0x00007f8087fe259c relative=0x000000000000119c
Event: 69.682 Thread 0x00007f803cbd7610 Uncommon trap: reason=class_check action=maybe_recompile pc=0x00007f8087fe259c method=java.util.TreeMap.put(Ljava/lang/Object;Ljava/lang/Object;Z)Ljava/lang/Object; @ 118 c2
Event: 69.682 Thread 0x00007f803cbd7610 DEOPT PACKING pc=0x00007f8087fe259c sp=0x00007f801c5fbc10
Event: 69.682 Thread 0x00007f803cbd7610 DEOPT UNPACKING pc=0x00007f80873830f9 sp=0x00007f801c5fbbd0 mode 2

Classes loaded (20 events):
Event: 69.294 Loading class java/util/concurrent/CompletableFuture$UniComposeExceptionally
Event: 69.294 Loading class java/util/concurrent/CompletableFuture$UniComposeExceptionally done
Event: 69.295 Loading class java/util/concurrent/CompletableFuture$AsyncSupply
Event: 69.295 Loading class java/util/concurrent/CompletableFuture$AsyncSupply done
Event: 69.327 Loading class java/util/function/LongBinaryOperator
Event: 69.327 Loading class java/util/function/LongBinaryOperator done
Event: 69.329 Loading class java/util/concurrent/CompletableFuture$UniHandle
Event: 69.329 Loading class java/util/concurrent/CompletableFuture$UniHandle done
Event: 69.330 Loading class java/util/concurrent/CompletableFuture$UniRelay
Event: 69.331 Loading class java/util/concurrent/CompletableFuture$UniRelay done
Event: 69.331 Loading class java/util/concurrent/CompletableFuture$UniWhenComplete
Event: 69.331 Loading class java/util/concurrent/CompletableFuture$UniWhenComplete done
Event: 69.332 Loading class java/util/concurrent/CompletableFuture$Signaller
Event: 69.332 Loading class java/util/concurrent/CompletableFuture$Signaller done
Event: 69.679 Loading class sun/awt/X11/XSystemTrayPeer
Event: 69.679 Loading class java/awt/peer/SystemTrayPeer
Event: 69.679 Loading class java/awt/peer/SystemTrayPeer done
Event: 69.679 Loading class sun/awt/X11/XMSelectionListener
Event: 69.679 Loading class sun/awt/X11/XMSelectionListener done
Event: 69.680 Loading class sun/awt/X11/XSystemTrayPeer done

Classes unloaded (0 events):
No events

Classes redefined (0 events):
No events

Internal exceptions (20 events):
Event: 59.153 Thread 0x00007f80994d0b50 Exception <a 'java/io/IOException'{0x00000007288b5ad0}> (0x00000007288b5ad0) 
thrown [/usr/src/debug/java-openjdk/jdk26u-jdk-26.0.2.1-1/src/hotspot/share/prims/jni.cpp, line 514]
Event: 60.158 Thread 0x00007f80994d0b50 Exception <a 'java/io/IOException'{0x00000007288e8e40}> (0x00000007288e8e40) 
thrown [/usr/src/debug/java-openjdk/jdk26u-jdk-26.0.2.1-1/src/hotspot/share/prims/jni.cpp, line 514]
Event: 61.160 Thread 0x00007f80994d0b50 Exception <a 'java/io/IOException'{0x0000000728920fd0}> (0x0000000728920fd0) 
thrown [/usr/src/debug/java-openjdk/jdk26u-jdk-26.0.2.1-1/src/hotspot/share/prims/jni.cpp, line 514]
Event: 62.164 Thread 0x00007f80994d0b50 Exception <a 'java/io/IOException'{0x00000007289693f8}> (0x00000007289693f8) 
thrown [/usr/src/debug/java-openjdk/jdk26u-jdk-26.0.2.1-1/src/hotspot/share/prims/jni.cpp, line 514]
Event: 63.168 Thread 0x00007f80994d0b50 Exception <a 'java/io/IOException'{0x0000000728646898}> (0x0000000728646898) 
thrown [/usr/src/debug/java-openjdk/jdk26u-jdk-26.0.2.1-1/src/hotspot/share/prims/jni.cpp, line 514]
Event: 64.174 Thread 0x00007f80994d0b50 Exception <a 'java/io/IOException'{0x000000072867a018}> (0x000000072867a018) 
thrown [/usr/src/debug/java-openjdk/jdk26u-jdk-26.0.2.1-1/src/hotspot/share/prims/jni.cpp, line 514]
Event: 65.179 Thread 0x00007f80994d0b50 Exception <a 'java/io/IOException'{0x0000000726d240b0}> (0x0000000726d240b0) 
thrown [/usr/src/debug/java-openjdk/jdk26u-jdk-26.0.2.1-1/src/hotspot/share/prims/jni.cpp, line 514]
Event: 66.185 Thread 0x00007f80994d0b50 Exception <a 'java/io/IOException'{0x0000000726d57498}> (0x0000000726d57498) 
thrown [/usr/src/debug/java-openjdk/jdk26u-jdk-26.0.2.1-1/src/hotspot/share/prims/jni.cpp, line 514]
Event: 67.192 Thread 0x00007f80994d0b50 Exception <a 'java/io/IOException'{0x0000000726d8afc0}> (0x0000000726d8afc0) 
thrown [/usr/src/debug/java-openjdk/jdk26u-jdk-26.0.2.1-1/src/hotspot/share/prims/jni.cpp, line 514]
Event: 68.200 Thread 0x00007f80994d0b50 Exception <a 'java/io/IOException'{0x0000000725079f88}> (0x0000000725079f88) 
thrown [/usr/src/debug/java-openjdk/jdk26u-jdk-26.0.2.1-1/src/hotspot/share/prims/jni.cpp, line 514]
Event: 69.200 Thread 0x00007f80994d0b50 Exception <a 'java/io/IOException'{0x000000072afb8bf0}> (0x000000072afb8bf0) 
thrown [/usr/src/debug/java-openjdk/jdk26u-jdk-26.0.2.1-1/src/hotspot/share/prims/jni.cpp, line 514]
Event: 69.280 Thread 0x00007f80994d0b50 Exception <a 'sun/nio/fs/UnixException'{0x000000072afee9c0}> (0x000000072afee9c0) 
thrown [/usr/src/debug/java-openjdk/jdk26u-jdk-26.0.2.1-1/src/hotspot/share/prims/jni.cpp, line 514]
Event: 69.312 Thread 0x00007f805c1e1bb0 Exception <a 'java/lang/IncompatibleClassChangeError'{0x000000072a742e88}: Found class java.lang.Object, but interface was expected> (0x000000072a742e88) 
thrown [/usr/src/debug/java-openjdk/jdk26u-jdk-26.0.2.1-1/src/hotspot/share/interpreter/linkResolver.cpp, line 871]
Event: 69.331 Thread 0x00007f80415df600 Exception <a 'java/lang/NoSuchMethodError'{0x000000072a2b2578}: 'void java.lang.invoke.DirectMethodHandle$Holder.invokeStatic(java.lang.Object, java.lang.Object, int)'> (0x000000072a2b2578) 
thrown [/usr/src/debug/java-openjdk/jdk26u-jdk-26.0.2.1-1/src/hotspot/share/interpreter/linkResolver.cpp, line 803]
Event: 69.332 Thread 0x00007f80415df600 Exception <a 'java/net/ConnectException'{0x000000072a2c9490}> (0x000000072a2c9490) 
thrown [/usr/src/debug/java-openjdk/jdk26u-jdk-26.0.2.1-1/src/hotspot/share/prims/jni.cpp, line 514]
Event: 69.337 Thread 0x00007f80415df600 Exception <a 'java/net/ConnectException'{0x000000072a3521e0}> (0x000000072a3521e0) 
thrown [/usr/src/debug/java-openjdk/jdk26u-jdk-26.0.2.1-1/src/hotspot/share/prims/jni.cpp, line 514]
Event: 69.468 Thread 0x00007f805c1e7900 Exception <a 'sun/nio/fs/UnixException'{0x000000072a3f8180}> (0x000000072a3f8180) 
thrown [/usr/src/debug/java-openjdk/jdk26u-jdk-26.0.2.1-1/src/hotspot/share/prims/jni.cpp, line 514]
Event: 69.673 Thread 0x00007f80994d0b50 Implicit null exception at 0x00007f8087f53156 to 0x00007f8087f53868
Event: 69.681 Thread 0x00007f80415df600 Exception <a 'java/net/ConnectException'{0x000000072a3532a8}> (0x000000072a3532a8) 
thrown [/usr/src/debug/java-openjdk/jdk26u-jdk-26.0.2.1-1/src/hotspot/share/prims/jni.cpp, line 514]
Event: 69.682 Thread 0x00007f80415df600 Exception <a 'java/net/ConnectException'{0x000000072a3542a8}> (0x000000072a3542a8) 
thrown [/usr/src/debug/java-openjdk/jdk26u-jdk-26.0.2.1-1/src/hotspot/share/prims/jni.cpp, line 514]

VM Operations (20 events):
Event: 49.357 Executing safepoint VM operation: G1TryInitiateConcMark (G1 Humongous Allocation) done
Event: 50.049 Executing safepoint VM operation: G1TryInitiateConcMark (G1 Humongous Allocation)
Event: 50.053 Executing safepoint VM operation: G1TryInitiateConcMark (G1 Humongous Allocation) done
Event: 50.746 Executing safepoint VM operation: G1TryInitiateConcMark (G1 Humongous Allocation)
Event: 50.750 Executing safepoint VM operation: G1TryInitiateConcMark (G1 Humongous Allocation) done
Event: 51.436 Executing safepoint VM operation: G1TryInitiateConcMark (G1 Humongous Allocation)
Event: 51.439 Executing safepoint VM operation: G1TryInitiateConcMark (G1 Humongous Allocation) done
Event: 60.085 Executing non-safepoint VM operation: HandshakeAllThreads (DeflationHandshakeClosure)
Event: 60.085 Executing non-safepoint VM operation: HandshakeAllThreads (DeflationHandshakeClosure) done
Event: 60.085 Executing non-safepoint VM operation: RendezvousGCThreads
Event: 60.085 Executing non-safepoint VM operation: RendezvousGCThreads done
Event: 68.297 Executing safepoint VM operation: G1TryInitiateConcMark (G1 Humongous Allocation)
Event: 68.300 Executing safepoint VM operation: G1TryInitiateConcMark (G1 Humongous Allocation) done
Event: 69.134 Executing safepoint VM operation: G1TryInitiateConcMark (G1 Humongous Allocation)
Event: 69.138 Executing safepoint VM operation: G1TryInitiateConcMark (G1 Humongous Allocation) done
Event: 69.278 Executing non-safepoint VM operation: HandshakeAllThreads (Deoptimize)
Event: 69.278 Executing non-safepoint VM operation: HandshakeAllThreads (Deoptimize) done
Event: 69.673 Executing non-safepoint VM operation: HandshakeAllThreads (CloseScopedMemory)
Event: 69.673 Executing non-safepoint VM operation: HandshakeAllThreads (CloseScopedMemory) done
Event: 69.682 Executing safepoint VM operation: Exit

Memory protections (20 events):
Event: 24.078 Protecting memory [0x00007f7f83bfc000,0x00007f7f83c00000] with protection modes 0
Event: 29.164 Protecting memory [0x00007f8020d73000,0x00007f8020d77000] with protection modes 0
Event: 32.496 Protecting memory [0x00007f7ffe6a5000,0x00007f7ffe6a9000] with protection modes 0
Event: 32.497 Protecting memory [0x00007f8020d73000,0x00007f8020d77000] with protection modes 0
Event: 34.654 Protecting memory [0x00007f8020d73000,0x00007f8020d77000] with protection modes 0
Event: 35.944 Protecting memory [0x00007f8020d73000,0x00007f8020d77000] with protection modes 0
Event: 35.944 Protecting memory [0x00007f7f930f7000,0x00007f7f930fb000] with protection modes 0
Event: 44.776 Protecting memory [0x00007f8020d73000,0x00007f8020d77000] with protection modes 0
Event: 44.776 Protecting memory [0x00007f7ffe6a5000,0x00007f7ffe6a9000] with protection modes 0
Event: 45.190 Protecting memory [0x00007f7f930f7000,0x00007f7f930fb000] with protection modes 0
Event: 59.675 Protecting memory [0x00007f8020d73000,0x00007f8020d77000] with protection modes 0
Event: 67.879 Protecting memory [0x00007f7f903f4000,0x00007f7f903f8000] with protection modes 0
Event: 67.879 Protecting memory [0x00007f7f8f8e9000,0x00007f7f8f8ed000] with protection modes 0
Event: 69.267 Protecting memory [0x00007f7f903f4000,0x00007f7f903f8000] with protection modes 0
Event: 69.287 Protecting memory [0x00007f8020d73000,0x00007f8020d77000] with protection modes 0
Event: 69.333 Protecting memory [0x00007f801c4fe000,0x00007f801c502000] with protection modes 0
Event: 69.679 Protecting memory [0x00007f7f903f4000,0x00007f7f903f8000] with protection modes 0
Event: 69.679 Protecting memory [0x00007f80711f9000,0x00007f80711fd000] with protection modes 0
Event: 69.679 Protecting memory [0x00007f803bb3e000,0x00007f803bb42000] with protection modes 0
Event: 69.679 Protecting memory [0x00007f803ba3d000,0x00007f803ba41000] with protection modes 0

Nmethod flushes (20 events):
Event: 4.999 Thread 0x00007f80980ff990 flushing  nmethod 0x00007f8080200888
Event: 4.999 Thread 0x00007f80980ff990 flushing  nmethod 0x00007f8080200b88
Event: 4.999 Thread 0x00007f80980ff990 flushing  nmethod 0x00007f8080200e88
Event: 4.999 Thread 0x00007f80980ff990 flushing  nmethod 0x00007f8080201208
Event: 4.999 Thread 0x00007f80980ff990 flushing  nmethod 0x00007f8080202f08
Event: 4.999 Thread 0x00007f80980ff990 flushing  nmethod 0x00007f8080233a08
Event: 4.999 Thread 0x00007f80980ff990 flushing  nmethod 0x00007f808023ae08
Event: 4.999 Thread 0x00007f80980ff990 flushing  nmethod 0x00007f807fe2c988
Event: 4.999 Thread 0x00007f80980ff990 flushing  nmethod 0x00007f807fe2ed08
Event: 4.999 Thread 0x00007f80980ff990 flushing  nmethod 0x00007f807fe58e08
Event: 4.999 Thread 0x00007f80980ff990 flushing  nmethod 0x00007f807fe59808
Event: 4.999 Thread 0x00007f80980ff990 flushing  nmethod 0x00007f807fe5a408
Event: 4.999 Thread 0x00007f80980ff990 flushing  nmethod 0x00007f807fea7408
Event: 4.999 Thread 0x00007f80980ff990 flushing  nmethod 0x00007f807feeec08
Event: 4.999 Thread 0x00007f80980ff990 flushing  nmethod 0x00007f807fef0d88
Event: 4.999 Thread 0x00007f80980ff990 flushing  nmethod 0x00007f807ff51a88
Event: 4.999 Thread 0x00007f80980ff990 flushing  nmethod 0x00007f807ff5f808
Event: 4.999 Thread 0x00007f80980ff990 flushing osr nmethod 0x00007f80800c8e88
Event: 4.999 Thread 0x00007f80980ff990 flushing  nmethod 0x00007f808010eb08
Event: 4.999 Thread 0x00007f80980ff990 flushing  nmethod 0x00007f80801f7288

Events (20 events):
Event: 68.556 Thread 0x00007f805c00bd40 Thread exited: 0x00007f805c00bd40
Event: 68.589 Thread 0x00007f8040bf1c40 Thread exited: 0x00007f8040bf1c40
Event: 69.267 Thread 0x00007f8098020100 Thread added: 0x00007f8098734fc0
Event: 69.287 Thread 0x00007f8098111980 Thread added: 0x0000558b43400100
Event: 69.308 Thread 0x00007f80996d7d70 Thread exited: 0x00007f80996d7d70
Event: 69.330 Thread 0x00007f806c426060 Thread exited: 0x00007f806c426060
Event: 69.333 Thread 0x00007f80415df600 Thread added: 0x00007f803cbd7610
Event: 69.629 Thread 0x00007f80995dbe80 Thread exited: 0x00007f80995dbe80
Event: 69.674 Thread 0x00007f8098734fc0 Thread exited: 0x00007f8098734fc0
Event: 69.679 Thread 0x00007f8098020100 Thread added: 0x00007f80996d7d70
Event: 69.679 Thread 0x00007f8098020100 Thread added: 0x00007f8098748600
Event: 69.679 Thread 0x00007f8098020100 Thread added: 0x00007f809886b1d0
Event: 69.679 Thread 0x00007f8098020100 Thread added: 0x00007f8098a88f20
Event: 69.679 Thread 0x00007f8098748600 Thread exited: 0x00007f8098748600
Event: 69.679 Thread 0x00007f805031b680 Thread exited: 0x00007f805031b680
Event: 69.680 Thread 0x00007f8098a88f20 Thread exited: 0x00007f8098a88f20
Event: 69.680 Thread 0x00007f80996d7d70 Thread exited: 0x00007f80996d7d70
Event: 69.682 Thread 0x00007f809886b1d0 Thread exited: 0x00007f809886b1d0
Event: 69.682 Thread 0x00007f8098020100 Before exit entered
Event: 69.682 Thread 0x00007f8098020100 JVMTI - enter dead phase


Dynamic libraries:
35000000-35001000 ---p 00000000 00:00 0 
35001000-35da7000 rw-p 00001000 103:02 7880813                           /usr/lib/jvm/java-26-openjdk/lib/server/classes.jsa
35da7000-36000000 ---p 00000000 00:00 0 
36000000-36040000 rw-p 00000000 00:00 0 
36040000-360c0000 rw-p 00000000 00:00 0 
360c0000-36100000 rw-p 00000000 00:00 0 
36100000-36360000 rw-p 00000000 00:00 0 
36360000-36380000 rw-p 00000000 00:00 0 
36380000-363c0000 rw-p 00000000 00:00 0 
363c0000-36400000 rw-p 00000000 00:00 0 
36400000-36460000 rw-p 00000000 00:00 0 
36460000-364c0000 rw-p 00000000 00:00 0 
364c0000-36500000 rw-p 00000000 00:00 0 
36500000-36640000 rw-p 00000000 00:00 0 
36640000-369f0000 rw-p 00000000 00:00 0 
369f0000-76000000 ---p 00000000 00:00 0 
76000000-760ac000 rw-p 00000000 00:00 0 
760ac000-760ae000 r-xs 00000000 00:01 714406                             /memfd:/.glXXXXXX (deleted)
200000000-300200000 ---p 00000000 00:00 0 
70fa00000-72aa00000 rw-p 00000000 00:00 0 
72aa00000-72ae00000 ---p 00000000 00:00 0 
72ae00000-72b000000 rw-p 00000000 00:00 0 
72b000000-7ff800000 ---p 00000000 00:00 0 
7ff800000-7ffe00000 rw-p 00000000 00:00 0 
7ffe00000-800000000 ---p 00000000 00:00 0 
558b268d3000-558b268d4000 r--p 00000000 103:02 7876111                   /usr/lib/jvm/java-26-openjdk/bin/java
558b268d4000-558b268d5000 r-xp 00001000 103:02 7876111                   /usr/lib/jvm/java-26-openjdk/bin/java
558b268d5000-558b268d6000 r--p 00002000 103:02 7876111                   /usr/lib/jvm/java-26-openjdk/bin/java
558b268d6000-558b268d7000 r--p 00002000 103:02 7876111                   /usr/lib/jvm/java-26-openjdk/bin/java
558b268d7000-558b268d8000 rw-p 00003000 103:02 7876111                   /usr/lib/jvm/java-26-openjdk/bin/java
558b420b9000-558b44d49000 rw-p 00000000 00:00 0                          [heap]
7f6000000000-7f6fd988b000 rw-p 00000000 00:00 0 
7f6fd988b000-7f7000000000 ---p 00000000 00:00 0 
7f7d80000000-7f7d83e60000 rw-p 00000000 00:00 0 
7f7d83e60000-7f7d84000000 ---p 00000000 00:00 0 
7f7d88000000-7f7d8bfa1000 rw-p 00000000 00:00 0 
7f7d8bfa1000-7f7d8c000000 ---p 00000000 00:00 0 
7f7d90000000-7f7d93ffa000 rw-p 00000000 00:00 0 
7f7d93ffa000-7f7d94000000 ---p 00000000 00:00 0 
7f7d98000000-7f7d9bffc000 rw-p 00000000 00:00 0 
7f7d9bffc000-7f7d9c000000 ---p 00000000 00:00 0 
7f7da0000000-7f7da3fe0000 rw-p 00000000 00:00 0 
7f7da3fe0000-7f7da4000000 ---p 00000000 00:00 0 
7f7da8000000-7f7dabff0000 rw-p 00000000 00:00 0 
7f7dabff0000-7f7dac000000 ---p 00000000 00:00 0 
7f7dac000000-7f7daffe7000 rw-p 00000000 00:00 0 
7f7daffe7000-7f7db0000000 ---p 00000000 00:00 0 
7f7db0000000-7f7db3ffb000 rw-p 00000000 00:00 0 
7f7db3ffb000-7f7db4000000 ---p 00000000 00:00 0 
7f7db8000000-7f7dbbfe6000 rw-p 00000000 00:00 0 
7f7dbbfe6000-7f7dbc000000 ---p 00000000 00:00 0 
7f7dc0000000-7f7dc3fe5000 rw-p 00000000 00:00 0 
7f7dc3fe5000-7f7dc4000000 ---p 00000000 00:00 0 
7f7dc8000000-7f7dcbffc000 rw-p 00000000 00:00 0 
7f7dcbffc000-7f7dcc000000 ---p 00000000 00:00 0 
7f7dd0000000-7f7dd3fff000 rw-p 00000000 00:00 0 
7f7dd3fff000-7f7dd4000000 ---p 00000000 00:00 0 
7f7dd8000000-7f7ddbff8000 rw-p 00000000 00:00 0 
7f7ddbff8000-7f7ddc000000 ---p 00000000 00:00 0 
7f7de0000000-7f7de3fe5000 rw-p 00000000 00:00 0 
7f7de3fe5000-7f7de4000000 ---p 00000000 00:00 0 
7f7de8000000-7f7debfdf000 rw-p 00000000 00:00 0 
7f7debfdf000-7f7dec000000 ---p 00000000 00:00 0 
7f7df0000000-7f7df3ffc000 rw-p 00000000 00:00 0 
7f7df3ffc000-7f7df4000000 ---p 00000000 00:00 0 
7f7df8000000-7f7dfbfc1000 rw-p 00000000 00:00 0 
7f7dfbfc1000-7f7dfc000000 ---p 00000000 00:00 0 
7f7e00000000-7f7f00000000 rw-p 00000000 00:00 0 
7f7f04000000-7f7f07e31000 rw-p 00000000 00:00 0 
7f7f07e31000-7f7f08000000 ---p 00000000 00:00 0 
7f7f0c000000-7f7f0ffd0000 rw-p 00000000 00:00 0 
7f7f0ffd0000-7f7f10000000 ---p 00000000 00:00 0 
7f7f14000000-7f7f17fd4000 rw-p 00000000 00:00 0 
7f7f17fd4000-7f7f18000000 ---p 00000000 00:00 0 
7f7f1c000000-7f7f1ffcf000 rw-p 00000000 00:00 0 
7f7f1ffcf000-7f7f20000000 ---p 00000000 00:00 0 
7f7f24000000-7f7f27ff5000 rw-p 00000000 00:00 0 
7f7f27ff5000-7f7f28000000 ---p 00000000 00:00 0 
7f7f2c000000-7f7f2fffc000 rw-p 00000000 00:00 0 
7f7f2fffc000-7f7f30000000 ---p 00000000 00:00 0 
7f7f38000000-7f7f3bffd000 rw-p 00000000 00:00 0 
7f7f3bffd000-7f7f3c000000 ---p 00000000 00:00 0 
7f7f68000000-7f7f6a511000 rw-p 00000000 00:00 0 
7f7f6a511000-7f7f6c000000 ---p 00000000 00:00 0 
7f7f7f3f3000-7f7f7f7f3000 rw-s 00000000 00:07 1110                       /dev/nvidiactl
7f7f7f7f3000-7f7f7fbf3000 rw-s 00000000 00:07 1110                       /dev/nvidiactl
7f7f843fc000-7f7f84bfd000 rw-p 00000000 00:00 0 
7f7f84bfd000-7f7f84ffd000 rw-s 00000000 00:07 1110                       /dev/nvidiactl
7f7f84ffd000-7f7f857fe000 rw-p 00000000 00:00 0 
7f7f86800000-7f7f8722e000 r--p 00000000 103:02 5649983                   /usr/share/fonts/noto/NotoColorEmoji.ttf
7f7f87400000-7f7f87e2e000 r--p 00000000 103:02 5649983                   /usr/share/fonts/noto/NotoColorEmoji.ttf
7f7f88000000-7f7f88200000 rw-p 00000000 00:00 0 
7f7f88200000-7f7f88700000 rw-p 00000000 00:00 0 
7f7f88700000-7f7f88800000 rw-p 00000000 00:00 0 
7f7f88800000-7f7f88da0000 rw-p 00000000 00:00 0 
7f7f88da0000-7f7f8c000000 ---p 00000000 00:00 0 
7f7f8c04f000-7f7f8c44f000 rw-s 00000000 00:07 1110                       /dev/nvidiactl
7f7f8c44f000-7f7f8c450000 rw-p 00000000 00:00 0 
7f7f8c450000-7f7f8c454000 ---p 00000000 00:00 0 
7f7f8c454000-7f7f8c551000 rw-p 00000000 00:00 0 
7f7f8c551000-7f7f8c555000 ---p 00000000 00:00 0 
7f7f8c555000-7f7f8c652000 rw-p 00000000 00:00 0 
7f7f8c652000-7f7f8c656000 ---p 00000000 00:00 0 
7f7f8c656000-7f7f8c753000 rw-p 00000000 00:00 0 
7f7f8c753000-7f7f8c757000 ---p 00000000 00:00 0 
7f7f8c757000-7f7f8c854000 rw-p 00000000 00:00 0 
7f7f8c854000-7f7f8c858000 ---p 00000000 00:00 0 
7f7f8c858000-7f7f8c955000 rw-p 00000000 00:00 0 
7f7f8c955000-7f7f8c959000 ---p 00000000 00:00 0 
7f7f8c959000-7f7f8ca56000 rw-p 00000000 00:00 0 
7f7f8ca56000-7f7f8ca5a000 ---p 00000000 00:00 0 
7f7f8ca5a000-7f7f8cb57000 rw-p 00000000 00:00 0 
7f7f8cb57000-7f7f8cb5b000 ---p 00000000 00:00 0 
7f7f8cb5b000-7f7f8cc57000 rw-p 00000000 00:00 0 
7f7f8cd58000-7f7f8cd59000 rw-p 00000000 00:00 0 
7f7f8cd59000-7f7f8cd5d000 ---p 00000000 00:00 0 
7f7f8cd5d000-7f7f8ce5a000 rw-p 00000000 00:00 0 
7f7f8ce5a000-7f7f8ce5e000 ---p 00000000 00:00 0 
7f7f8ce5e000-7f7f8cf5b000 rw-p 00000000 00:00 0 
7f7f8cf5b000-7f7f8cf5f000 ---p 00000000 00:00 0 
7f7f8cf5f000-7f7f8d05b000 rw-p 00000000 00:00 0 
7f7f8de00000-7f7f8e156000 rw-s 00000000 00:01 728331                     /memfd:mesa-shared (deleted)
7f7f8e261000-7f7f8e461000 rw-s 00000000 00:07 1110                       /dev/nvidiactl
7f7f8e562000-7f7f8e962000 rw-s 00000000 00:07 1110                       /dev/nvidiactl
7f7f8e962000-7f7f8e963000 rw-p 00000000 00:00 0 
7f7f8e963000-7f7f8e967000 ---p 00000000 00:00 0 
7f7f8e967000-7f7f8ea63000 rw-p 00000000 00:00 0 
7f7f8ec65000-7f7f8ec66000 rw-p 00000000 00:00 0 
7f7f8ec66000-7f7f8ec6a000 ---p 00000000 00:00 0 
7f7f8ec6a000-7f7f8ed67000 rw-p 00000000 00:00 0 
7f7f8ed67000-7f7f8ed6b000 ---p 00000000 00:00 0 
7f7f8ed6b000-7f7f8ee68000 rw-p 00000000 00:00 0 
7f7f8ee68000-7f7f8ee6c000 ---p 00000000 00:00 0 
7f7f8ee6c000-7f7f8ef68000 rw-p 00000000 00:00 0 
7f7f8ef68000-7f7f8f000000 r--p 00000000 103:02 5641624                   /usr/share/fonts/noto/NotoSans-Regular.ttf
7f7f8f224000-7f7f8f2a4000 rw-s 00000000 00:07 1110                       /dev/nvidiactl
7f7f8f2a4000-7f7f8f348000 r--p 00000000 103:02 5652750                   /usr/share/fonts/noto/NotoSansSymbols2-Regular.ttf
7f7f8f348000-7f7f8f3e3000 r--p 00000000 103:02 5641617                   /usr/share/fonts/noto/NotoSans-Bold.ttf
7f7f8f3e3000-7f7f8f3e4000 rw-p 00000000 00:00 0 
7f7f8f3e4000-7f7f8f3e8000 ---p 00000000 00:00 0 
7f7f8f3e8000-7f7f8f4e5000 rw-p 00000000 00:00 0 
7f7f8f4e5000-7f7f8f4e9000 ---p 00000000 00:00 0 
7f7f8f4e9000-7f7f8f5e6000 rw-p 00000000 00:00 0 
7f7f8f5e6000-7f7f8f5ea000 ---p 00000000 00:00 0 
7f7f8f5ea000-7f7f8f6e7000 rw-p 00000000 00:00 0 
7f7f8f6e7000-7f7f8f6eb000 ---p 00000000 00:00 0 
7f7f8f6eb000-7f7f8f7e8000 rw-p 00000000 00:00 0 
7f7f8f7e8000-7f7f8f7ec000 ---p 00000000 00:00 0 
7f7f8f7ec000-7f7f8f8e8000 rw-p 00000000 00:00 0 
7f7f8f9e9000-7f7f8f9ea000 rw-p 00000000 00:00 0 
7f7f8f9ea000-7f7f8f9ee000 ---p 00000000 00:00 0 
7f7f8f9ee000-7f7f8faeb000 rw-p 00000000 00:00 0 
7f7f8faeb000-7f7f8faef000 ---p 00000000 00:00 0 
7f7f8faef000-7f7f8fbec000 rw-p 00000000 00:00 0 
7f7f8fbec000-7f7f8fbf0000 ---p 00000000 00:00 0 
7f7f8fbf0000-7f7f8fced000 rw-p 00000000 00:00 0 
7f7f8fced000-7f7f8fcf1000 ---p 00000000 00:00 0 
7f7f8fcf1000-7f7f8fdee000 rw-p 00000000 00:00 0 
7f7f8fdee000-7f7f8fdf2000 ---p 00000000 00:00 0 
7f7f8fdf2000-7f7f8feef000 rw-p 00000000 00:00 0 
7f7f8feef000-7f7f8fef3000 ---p 00000000 00:00 0 
7f7f8fef3000-7f7f8fff0000 rw-p 00000000 00:00 0 
7f7f8fff0000-7f7f8fff4000 ---p 00000000 00:00 0 
7f7f8fff4000-7f7f900f1000 rw-p 00000000 00:00 0 
7f7f900f1000-7f7f900f5000 ---p 00000000 00:00 0 
7f7f900f5000-7f7f901f2000 rw-p 00000000 00:00 0 
7f7f901f2000-7f7f901f6000 ---p 00000000 00:00 0 
7f7f901f6000-7f7f902f3000 rw-p 00000000 00:00 0 
7f7f902f3000-7f7f902f7000 ---p 00000000 00:00 0 
7f7f902f7000-7f7f903f4000 rw-p 00000000 00:00 0 
7f7f903f4000-7f7f903f8000 ---p 00000000 00:00 0 
7f7f903f8000-7f7f904f5000 rw-p 00000000 00:00 0 
7f7f904f5000-7f7f904f9000 ---p 00000000 00:00 0 
7f7f904f9000-7f7f905f6000 rw-p 00000000 00:00 0 
7f7f905f6000-7f7f905fa000 ---p 00000000 00:00 0 
7f7f905fa000-7f7f906f7000 rw-p 00000000 00:00 0 
7f7f906f7000-7f7f906fb000 ---p 00000000 00:00 0 
7f7f906fb000-7f7f907f8000 rw-p 00000000 00:00 0 
7f7f907f8000-7f7f907fc000 ---p 00000000 00:00 0 
7f7f907fc000-7f7f908f9000 rw-p 00000000 00:00 0 
7f7f908f9000-7f7f908fd000 ---p 00000000 00:00 0 
7f7f908fd000-7f7f909fa000 rw-p 00000000 00:00 0 
7f7f909fa000-7f7f909fe000 ---p 00000000 00:00 0 
7f7f909fe000-7f7f90afb000 rw-p 00000000 00:00 0 
7f7f90afb000-7f7f90aff000 ---p 00000000 00:00 0 
7f7f90aff000-7f7f90bfc000 rw-p 00000000 00:00 0 
7f7f90bfc000-7f7f90c00000 ---p 00000000 00:00 0 
7f7f90c00000-7f7f90cfc000 rw-p 00000000 00:00 0 
7f7f90efe000-7f7f90eff000 rw-p 00000000 00:00 0 
7f7f90eff000-7f7f90f03000 ---p 00000000 00:00 0 
7f7f90f03000-7f7f91800000 rw-p 00000000 00:00 0 
7f7f9193b000-7f7f9193c000 rw-p 00000000 00:00 0 
7f7f9193c000-7f7f91940000 ---p 00000000 00:00 0 
7f7f91940000-7f7f91a3c000 rw-p 00000000 00:00 0 
7f7f91a3c000-7f7f91af6000 r--p 00000000 103:02 5131297                   /usr/share/fonts/TTF/DejaVuSans.ttf
7f7f91af6000-7f7f91b8e000 r--p 00000000 103:02 5641622                   /usr/share/fonts/noto/NotoSans-Medium.ttf
7f7f91b8e000-7f7f91bf4000 r--p 00000000 103:02 5013908                   /usr/share/fonts/liberation/LiberationSans-Bold.ttf
7f7f91bf4000-7f7f91ff4000 rw-s 00000000 00:07 1110                       /dev/nvidiactl
7f7f91ff4000-7f7f91ff5000 rw-p 00000000 00:00 0 
7f7f91ff5000-7f7f91ff9000 ---p 00000000 00:00 0 
7f7f91ff9000-7f7f920f6000 rw-p 00000000 00:00 0 
7f7f920f6000-7f7f920fa000 ---p 00000000 00:00 0 
7f7f920fa000-7f7f929f7000 rw-p 00000000 00:00 0 
7f7f929f7000-7f7f92bf7000 rw-s 00000000 00:07 1112                       /dev/nvidia0
7f7f92bf7000-7f7f92df7000 rw-s 00000000 00:07 1110                       /dev/nvidiactl
7f7f92df7000-7f7f92ff7000 rw-s 00000000 00:07 1110                       /dev/nvidiactl
7f7f931f7000-7f7f969fe000 rw-p 00000000 00:00 0 
7f7f969fe000-7f7f969ff000 ---p 00000000 00:00 0 
7f7f969ff000-7f7fd69ff000 rwxp 00000000 00:00 0 
7f7fd69ff000-7f7fd6a00000 ---p 00000000 00:00 0 
7f7fd6a00000-7f7fd7000000 rw-p 00000000 00:00 0 
7f7fd7000000-7f7fd7020000 rw-p 00000000 00:00 0 
7f7fd7020000-7f7fd7023000 rw-p 00000000 00:00 0 
7f7fd7023000-7f7fd7040000 rw-p 00000000 00:00 0 
7f7fd7040000-7f7fd7041000 rw-p 00000000 00:00 0 
7f7fd7041000-7f7fd70a0000 rw-p 00000000 00:00 0 
7f7fd70a0000-7f7fd70c0000 rw-p 00000000 00:00 0 
7f7fd70c0000-7f7fd7100000 rw-p 00000000 00:00 0 
7f7fd7100000-7f7fd7120000 rw-p 00000000 00:00 0 
7f7fd7120000-7f7fd7140000 rw-p 00000000 00:00 0 
7f7fd7140000-7f7fd7426000 rw-p 00000000 00:00 0 
7f7fd7426000-7f7fd7428000 rw-p 00000000 00:00 0 
7f7fd7428000-7f7fd7433000 rw-p 00000000 00:00 0 
7f7fd7433000-7f7fd7434000 rw-p 00000000 00:00 0 
7f7fd7434000-7f7fd745d000 rw-p 00000000 00:00 0 
7f7fd745d000-7f7fd7460000 rw-p 00000000 00:00 0 
7f7fd7460000-7f7fd74a0000 rw-p 00000000 00:00 0 
7f7fd74a0000-7f7fd7800000 rw-p 00000000 00:00 0 
7f7fd7800000-7f7fd908c000 rw-p 00000000 00:00 0 
7f7fd908c000-7f7fd9090000 rw-p 00000000 00:00 0 
7f7fd9090000-7f7fd90c0000 rw-p 00000000 00:00 0 
7f7fd90c0000-7f7fd90c4000 rw-p 00000000 00:00 0 
7f7fd90c4000-7f7fd90c8000 rw-p 00000000 00:00 0 
7f7fd90c8000-7f7fd90d0000 rw-p 00000000 00:00 0 
7f7fd90d0000-7f7fd90d8000 rw-p 00000000 00:00 0 
7f7fd90d8000-7f7fd90dc000 rw-p 00000000 00:00 0 
7f7fd90dc000-7f7fd90e0000 rw-p 00000000 00:00 0 
7f7fd90e0000-7f7fd90ec000 rw-p 00000000 00:00 0 
7f7fd90ec000-7f7fd9110000 rw-p 00000000 00:00 0 
7f7fd9110000-7f7fd9114000 rw-p 00000000 00:00 0 
7f7fd9114000-7f7fdaa00000 rw-p 00000000 00:00 0 
7f7fdaa50000-7f7fdaafe000 r--p 00000000 103:02 5131293                   /usr/share/fonts/TTF/DejaVuSans-Bold.ttf
7f7fdabff000-7f7fdb400000 rw-p 00000000 00:00 0 
7f7fdb400000-7f7fdb428000 rw-p 00000000 00:00 0 
7f7fdb428000-7f7fdb42c000 rw-p 00000000 00:00 0 
7f7fdb42c000-7f7fe3400000 rw-p 00000000 00:00 0 
7f7fe3400000-7f7fe47aa000 r--p 00000000 103:02 4835997                   /usr/lib/libWPEWebKit-2.0.so.1.9.10
7f7fe47aa000-7f7feafcf000 r-xp 013a9000 103:02 4835997                   /usr/lib/libWPEWebKit-2.0.so.1.9.10
7f7feafcf000-7f7feb304000 r--p 07bcd000 103:02 4835997                   /usr/lib/libWPEWebKit-2.0.so.1.9.10
7f7feb304000-7f7feb352000 rw-p 07f01000 103:02 4835997                   /usr/lib/libWPEWebKit-2.0.so.1.9.10
7f7feb352000-7f7feb35a000 r--p 07f4f000 103:02 4835997                   /usr/lib/libWPEWebKit-2.0.so.1.9.10
7f7feb35a000-7f7feb394000 rw-p 00000000 00:00 0 
7f7feb395000-7f7feb3aa000 r--p 00000000 103:02 5509699                   /usr/share/fonts/gsfonts/NimbusSans-Bold.otf
7f7feb3aa000-7f7feb3ad000 r--p 00000000 103:02 4720955                   /usr/lib/libnss_resolve.so.2
7f7feb3ad000-7f7feb3e0000 r-xp 00003000 103:02 4720955                   /usr/lib/libnss_resolve.so.2
7f7feb3e0000-7f7feb3f8000 r--p 00036000 103:02 4720955                   /usr/lib/libnss_resolve.so.2
7f7feb3f8000-7f7feb3ff000 r--p 0004e000 103:02 4720955                   /usr/lib/libnss_resolve.so.2
7f7feb3ff000-7f7feb400000 rw-p 00055000 103:02 4720955                   /usr/lib/libnss_resolve.so.2
7f7feb400000-7f7ff1400000 ---p 00000000 00:00 0 
7f7ff1405000-7f7ff1406000 r--p 00000000 103:02 7880775                   /usr/lib/jvm/java-26-openjdk/lib/libextnet.so
7f7ff1406000-7f7ff1407000 r-xp 00001000 103:02 7880775                   /usr/lib/jvm/java-26-openjdk/lib/libextnet.so
7f7ff1407000-7f7ff1408000 r--p 00002000 103:02 7880775                   /usr/lib/jvm/java-26-openjdk/lib/libextnet.so
7f7ff1408000-7f7ff1409000 r--p 00002000 103:02 7880775                   /usr/lib/jvm/java-26-openjdk/lib/libextnet.so
7f7ff1409000-7f7ff140a000 rw-p 00003000 103:02 7880775                   /usr/lib/jvm/java-26-openjdk/lib/libextnet.so
7f7ff140a000-7f7ff140e000 r--p 00000000 103:02 4720953                   /usr/lib/libnss_mymachines.so.2
7f7ff140e000-7f7ff145f000 r-xp 00004000 103:02 4720953                   /usr/lib/libnss_mymachines.so.2
7f7ff145f000-7f7ff1479000 r--p 00055000 103:02 4720953                   /usr/lib/libnss_mymachines.so.2
7f7ff1479000-7f7ff147c000 r--p 0006f000 103:02 4720953                   /usr/lib/libnss_mymachines.so.2
7f7ff147c000-7f7ff147d000 rw-p 00072000 103:02 4720953                   /usr/lib/libnss_mymachines.so.2
7f7ff147d000-7f7ff157d000 rw-s 00000000 00:07 1110                       /dev/nvidiactl
7f7ff157d000-7f7ff1590000 rw-s 00000000 00:07 1110                       /dev/nvidiactl
7f7ff1590000-7f7ff15d0000 rw-s 00000000 00:07 1110                       /dev/nvidiactl
7f7ff15e2000-7f7ff15e6000 rw-s 00000000 00:07 1110                       /dev/nvidiactl
7f7ff15e6000-7f7ff1606000 rw-s 00000000 00:07 1110                       /dev/nvidiactl
7f7ff1606000-7f7ff1646000 rw-s 00000000 00:07 1110                       /dev/nvidiactl
7f7ff1646000-7f7ff1666000 rw-s 00000000 00:07 1110                       /dev/nvidiactl
7f7ff1666000-7f7ff16a6000 rw-s 00000000 00:07 1110                       /dev/nvidiactl
7f7ff17a7000-7f7ff17ab000 rw-p 00000000 00:00 0 
7f7ff17ab000-7f7ff17b9000 r--p 00000000 103:02 5256581                   /usr/lib/gvfs/libgvfscommon.so
7f7ff17b9000-7f7ff17d4000 r-xp 0000e000 103:02 5256581                   /usr/lib/gvfs/libgvfscommon.so
7f7ff17d4000-7f7ff17e0000 r--p 00029000 103:02 5256581                   /usr/lib/gvfs/libgvfscommon.so
7f7ff17e0000-7f7ff17e6000 r--p 00035000 103:02 5256581                   /usr/lib/gvfs/libgvfscommon.so
7f7ff17e6000-7f7ff17e7000 rw-p 0003b000 103:02 5256581                   /usr/lib/gvfs/libgvfscommon.so
7f7ff17e7000-7f7ff17f1000 r--p 00000000 103:02 4771278                   /usr/lib/gio/modules/libgvfsdbus.so
7f7ff17f1000-7f7ff180d000 r-xp 0000a000 103:02 4771278                   /usr/lib/gio/modules/libgvfsdbus.so
7f7ff180d000-7f7ff1816000 r--p 00026000 103:02 4771278                   /usr/lib/gio/modules/libgvfsdbus.so
7f7ff1816000-7f7ff1818000 r--p 0002f000 103:02 4771278                   /usr/lib/gio/modules/libgvfsdbus.so
7f7ff1818000-7f7ff1819000 rw-p 00031000 103:02 4771278                   /usr/lib/gio/modules/libgvfsdbus.so
7f7ff191a000-7f7ff191e000 rw-p 00000000 00:00 0 
7f7ff191e000-7f7ff193f000 r--p 00000000 103:02 4750220                   /usr/share/locale/en_GB/LC_MESSAGES/glib20.mo
7f7ff193f000-7f7ff1958000 r--p 00000000 103:02 4834664                   /usr/lib/libyuv.so
7f7ff1958000-7f7ff19ca000 r-xp 00019000 103:02 4834664                   /usr/lib/libyuv.so
7f7ff19ca000-7f7ff19e2000 r--p 0008b000 103:02 4834664                   /usr/lib/libyuv.so
7f7ff19e2000-7f7ff19e5000 r--p 000a2000 103:02 4834664                   /usr/lib/libyuv.so
7f7ff19e5000-7f7ff19e6000 rw-p 000a5000 103:02 4834664                   /usr/lib/libyuv.so
7f7ff19e6000-7f7ff19ea000 r--p 00000000 103:02 4767590                   /usr/lib/libgudev-1.0.so.0.3.0
7f7ff19ea000-7f7ff19ee000 r-xp 00004000 103:02 4767590                   /usr/lib/libgudev-1.0.so.0.3.0
7f7ff19ee000-7f7ff19f0000 r--p 00008000 103:02 4767590                   /usr/lib/libgudev-1.0.so.0.3.0
7f7ff19f0000-7f7ff19f1000 r--p 0000a000 103:02 4767590                   /usr/lib/libgudev-1.0.so.0.3.0
7f7ff19f1000-7f7ff19f2000 rw-p 0000b000 103:02 4767590                   /usr/lib/libgudev-1.0.so.0.3.0
7f7ff19f2000-7f7ff1a01000 r--p 00000000 103:02 4759938                   /usr/lib/liborc-0.4.so.0.42.0
7f7ff1a01000-7f7ff1aab000 r-xp 0000f000 103:02 4759938                   /usr/lib/liborc-0.4.so.0.42.0
7f7ff1aab000-7f7ff1ae1000 r--p 000b9000 103:02 4759938                   /usr/lib/liborc-0.4.so.0.42.0
7f7ff1ae1000-7f7ff1ae4000 r--p 000ef000 103:02 4759938                   /usr/lib/liborc-0.4.so.0.42.0
7f7ff1ae4000-7f7ff1aec000 rw-p 000f2000 103:02 4759938                   /usr/lib/liborc-0.4.so.0.42.0
7f7ff1aec000-7f7ff1aee000 rw-p 00000000 00:00 0 
7f7ff1aee000-7f7ff1af3000 r--p 00000000 103:02 4722100                   /usr/lib/libgpg-error.so.0.42.1
7f7ff1af3000-7f7ff1b0e000 r-xp 00005000 103:02 4722100                   /usr/lib/libgpg-error.so.0.42.1
7f7ff1b0e000-7f7ff1b19000 r--p 00020000 103:02 4722100                   /usr/lib/libgpg-error.so.0.42.1
7f7ff1b19000-7f7ff1b1a000 r--p 0002a000 103:02 4722100                   /usr/lib/libgpg-error.so.0.42.1
7f7ff1b1a000-7f7ff1b1b000 rw-p 0002b000 103:02 4722100                   /usr/lib/libgpg-error.so.0.42.1
7f7ff1b1b000-7f7ff1b20000 r--p 00000000 103:02 4816817                   /usr/lib/liblua5.4.so.5.4.8
7f7ff1b20000-7f7ff1b52000 r-xp 00005000 103:02 4816817                   /usr/lib/liblua5.4.so.5.4.8
7f7ff1b52000-7f7ff1b5d000 r--p 00037000 103:02 4816817                   /usr/lib/liblua5.4.so.5.4.8
7f7ff1b5d000-7f7ff1b5f000 r--p 00042000 103:02 4816817                   /usr/lib/liblua5.4.so.5.4.8
7f7ff1b5f000-7f7ff1b60000 rw-p 00044000 103:02 4816817                   /usr/lib/liblua5.4.so.5.4.8
7f7ff1b60000-7f7ff1b64000 r--p 00000000 103:02 4750384                   /usr/lib/libwacom.so.9.0.0
7f7ff1b64000-7f7ff1b6d000 r-xp 00004000 103:02 4750384                   /usr/lib/libwacom.so.9.0.0
7f7ff1b6d000-7f7ff1b71000 r--p 0000d000 103:02 4750384                   /usr/lib/libwacom.so.9.0.0
7f7ff1b71000-7f7ff1b72000 r--p 00010000 103:02 4750384                   /usr/lib/libwacom.so.9.0.0
7f7ff1b72000-7f7ff1b73000 rw-p 00011000 103:02 4750384                   /usr/lib/libwacom.so.9.0.0
7f7ff1b73000-7f7ff1b76000 r--p 00000000 103:02 4815758                   /usr/lib/libevdev.so.2.3.0
7f7ff1b76000-7f7ff1b7d000 r-xp 00003000 103:02 4815758                   /usr/lib/libevdev.so.2.3.0
7f7ff1b7d000-7f7ff1b82000 r--p 0000a000 103:02 4815758                   /usr/lib/libevdev.so.2.3.0
7f7ff1b82000-7f7ff1b88000 r--p 0000e000 103:02 4815758                   /usr/lib/libevdev.so.2.3.0
7f7ff1b88000-7f7ff1b89000 rw-p 00014000 103:02 4815758                   /usr/lib/libevdev.so.2.3.0
7f7ff1b89000-7f7ff1b8a000 r--p 00000000 103:02 4815715                   /usr/lib/libmtdev.so.1.0.0
7f7ff1b8a000-7f7ff1b8d000 r-xp 00001000 103:02 4815715                   /usr/lib/libmtdev.so.1.0.0
7f7ff1b8d000-7f7ff1b8e000 r--p 00004000 103:02 4815715                   /usr/lib/libmtdev.so.1.0.0
7f7ff1b8e000-7f7ff1b8f000 r--p 00004000 103:02 4815715                   /usr/lib/libmtdev.so.1.0.0
7f7ff1b8f000-7f7ff1b90000 rw-p 00005000 103:02 4815715                   /usr/lib/libmtdev.so.1.0.0
7f7ff1b90000-7f7ff1b98000 r--p 00000000 103:02 4735309                   /usr/lib/libdw-0.196.so
7f7ff1b98000-7f7ff1bf8000 r-xp 00008000 103:02 4735309                   /usr/lib/libdw-0.196.so
7f7ff1bf8000-7f7ff1c28000 r--p 00068000 103:02 4735309                   /usr/lib/libdw-0.196.so
7f7ff1c28000-7f7ff1c31000 r--p 00098000 103:02 4735309                   /usr/lib/libdw-0.196.so
7f7ff1c31000-7f7ff1c32000 rw-p 000a1000 103:02 4735309                   /usr/lib/libdw-0.196.so
7f7ff1c32000-7f7ff1c40000 r--p 00000000 103:02 4771657                   /usr/lib/libatspi.so.0.0.1
7f7ff1c40000-7f7ff1c5b000 r-xp 0000e000 103:02 4771657                   /usr/lib/libatspi.so.0.0.1
7f7ff1c5b000-7f7ff1c69000 r--p 00029000 103:02 4771657                   /usr/lib/libatspi.so.0.0.1
7f7ff1c69000-7f7ff1c6d000 r--p 00037000 103:02 4771657                   /usr/lib/libatspi.so.0.0.1
7f7ff1c6d000-7f7ff1c6e000 rw-p 0003b000 103:02 4771657                   /usr/lib/libatspi.so.0.0.1
7f7ff1c6e000-7f7ff1c6f000 r--p 00000000 103:02 4835239                   /usr/lib/libhyphen.so.0.4.0
7f7ff1c6f000-7f7ff1c73000 r-xp 00001000 103:02 4835239                   /usr/lib/libhyphen.so.0.4.0
7f7ff1c73000-7f7ff1c74000 r--p 00005000 103:02 4835239                   /usr/lib/libhyphen.so.0.4.0
7f7ff1c74000-7f7ff1c75000 r--p 00005000 103:02 4835239                   /usr/lib/libhyphen.so.0.4.0
7f7ff1c75000-7f7ff1c76000 rw-p 00006000 103:02 4835239                   /usr/lib/libhyphen.so.0.4.0
7f7ff1c76000-7f7ff1c7c000 r--p 00000000 103:02 4780108                   /usr/lib/libavif.so.16.4.2
7f7ff1c7c000-7f7ff1cae000 r-xp 00006000 103:02 4780108                   /usr/lib/libavif.so.16.4.2
7f7ff1cae000-7f7ff1cba000 r--p 00038000 103:02 4780108                   /usr/lib/libavif.so.16.4.2
7f7ff1cba000-7f7ff1cbd000 r--p 00043000 103:02 4780108                   /usr/lib/libavif.so.16.4.2
7f7ff1cbd000-7f7ff1cbe000 rw-p 00046000 103:02 4780108                   /usr/lib/libavif.so.16.4.2
7f7ff1cbe000-7f7ff1cd1000 r--p 00000000 103:02 4758770                   /usr/lib/libgstgl-1.0.so.0.2806.0
7f7ff1cd1000-7f7ff1d24000 r-xp 00013000 103:02 4758770                   /usr/lib/libgstgl-1.0.so.0.2806.0
7f7ff1d24000-7f7ff1d4d000 r--p 00066000 103:02 4758770                   /usr/lib/libgstgl-1.0.so.0.2806.0
7f7ff1d4d000-7f7ff1d53000 r--p 0008f000 103:02 4758770                   /usr/lib/libgstgl-1.0.so.0.2806.0
7f7ff1d53000-7f7ff1d54000 rw-p 00095000 103:02 4758770                   /usr/lib/libgstgl-1.0.so.0.2806.0
7f7ff1d54000-7f7ff1d68000 r--p 00000000 103:02 4758798                   /usr/lib/libgstvideo-1.0.so.0.2806.0
7f7ff1d68000-7f7ff1df0000 r-xp 00014000 103:02 4758798                   /usr/lib/libgstvideo-1.0.so.0.2806.0
7f7ff1df0000-7f7ff1e1d000 r--p 0009c000 103:02 4758798                   /usr/lib/libgstvideo-1.0.so.0.2806.0
7f7ff1e1d000-7f7ff1e31000 r--p 000c8000 103:02 4758798                   /usr/lib/libgstvideo-1.0.so.0.2806.0
7f7ff1e31000-7f7ff1e32000 rw-p 000dc000 103:02 4758798                   /usr/lib/libgstvideo-1.0.so.0.2806.0
7f7ff1e32000-7f7ff1e33000 rw-p 00000000 00:00 0 
7f7ff1e33000-7f7ff1e41000 r--p 00000000 103:02 4758759                   /usr/lib/libgstaudio-1.0.so.0.2806.0
7f7ff1e41000-7f7ff1e9b000 r-xp 0000e000 103:02 4758759                   /usr/lib/libgstaudio-1.0.so.0.2806.0
7f7ff1e9b000-7f7ff1eb8000 r--p 00068000 103:02 4758759                   /usr/lib/libgstaudio-1.0.so.0.2806.0
7f7ff1eb8000-7f7ff1ebc000 r--p 00084000 103:02 4758759                   /usr/lib/libgstaudio-1.0.so.0.2806.0
7f7ff1ebc000-7f7ff1ebd000 rw-p 00088000 103:02 4758759                   /usr/lib/libgstaudio-1.0.so.0.2806.0
7f7ff1ebd000-7f7ff1ec2000 r--p 00000000 103:02 4754430                   /usr/lib/libgcrypt.so.20.7.2
7f7ff1ec2000-7f7ff200f000 r-xp 00005000 103:02 4754430                   /usr/lib/libgcrypt.so.20.7.2
7f7ff200f000-7f7ff205c000 r--p 00152000 103:02 4754430                   /usr/lib/libgcrypt.so.20.7.2
7f7ff205c000-7f7ff2061000 r--p 0019f000 103:02 4754430                   /usr/lib/libgcrypt.so.20.7.2
7f7ff2061000-7f7ff2067000 rw-p 001a4000 103:02 4754430                   /usr/lib/libgcrypt.so.20.7.2
7f7ff2067000-7f7ff2071000 r--p 00000000 103:02 4754452                   /usr/lib/libsqlite3.so.3.53.4
7f7ff2071000-7f7ff21c0000 r-xp 0000a000 103:02 4754452                   /usr/lib/libsqlite3.so.3.53.4
7f7ff21c0000-7f7ff21f7000 r--p 00159000 103:02 4754452                   /usr/lib/libsqlite3.so.3.53.4
7f7ff21f7000-7f7ff21fb000 r--p 00190000 103:02 4754452                   /usr/lib/libsqlite3.so.3.53.4
7f7ff21fb000-7f7ff2200000 rw-p 00194000 103:02 4754452                   /usr/lib/libsqlite3.so.3.53.4
7f7ff2200000-7f7ff22dc000 r--p 00000000 103:02 4735954                   /usr/lib/libicui18n.so.78.3
7f7ff22dc000-7f7ff24e6000 r-xp 000dc000 103:02 4735954                   /usr/lib/libicui18n.so.78.3
7f7ff24e6000-7f7ff2579000 r--p 002e6000 103:02 4735954                   /usr/lib/libicui18n.so.78.3
7f7ff2579000-7f7ff258c000 r--p 00379000 103:02 4735954                   /usr/lib/libicui18n.so.78.3
7f7ff258c000-7f7ff258d000 rw-p 0038c000 103:02 4735954                   /usr/lib/libicui18n.so.78.3
7f7ff258d000-7f7ff258e000 rw-p 00000000 00:00 0 
7f7ff258f000-7f7ff2590000 r--p 00000000 103:02 4758765                   /usr/lib/libgstfft-1.0.so.0.2806.0
7f7ff2590000-7f7ff2597000 r-xp 00001000 103:02 4758765                   /usr/lib/libgstfft-1.0.so.0.2806.0
7f7ff2597000-7f7ff2598000 r--p 00008000 103:02 4758765                   /usr/lib/libgstfft-1.0.so.0.2806.0
7f7ff2598000-7f7ff2599000 r--p 00009000 103:02 4758765                   /usr/lib/libgstfft-1.0.so.0.2806.0
7f7ff2599000-7f7ff259a000 rw-p 0000a000 103:02 4758765                   /usr/lib/libgstfft-1.0.so.0.2806.0
7f7ff259a000-7f7ff25a1000 r--p 00000000 103:02 4758795                   /usr/lib/libgsttag-1.0.so.0.2806.0
7f7ff25a1000-7f7ff25c5000 r-xp 00007000 103:02 4758795                   /usr/lib/libgsttag-1.0.so.0.2806.0
7f7ff25c5000-7f7ff25d6000 r--p 0002b000 103:02 4758795                   /usr/lib/libgsttag-1.0.so.0.2806.0
7f7ff25d6000-7f7ff25d8000 r--p 0003c000 103:02 4758795                   /usr/lib/libgsttag-1.0.so.0.2806.0
7f7ff25d8000-7f7ff25d9000 rw-p 0003e000 103:02 4758795                   /usr/lib/libgsttag-1.0.so.0.2806.0
7f7ff25d9000-7f7ff25e6000 r--p 00000000 103:02 4758774                   /usr/lib/libgstpbutils-1.0.so.0.2806.0
7f7ff25e6000-7f7ff2609000 r-xp 0000d000 103:02 4758774                   /usr/lib/libgstpbutils-1.0.so.0.2806.0
7f7ff2609000-7f7ff2619000 r--p 00030000 103:02 4758774                   /usr/lib/libgstpbutils-1.0.so.0.2806.0
7f7ff2619000-7f7ff261d000 r--p 0003f000 103:02 4758774                   /usr/lib/libgstpbutils-1.0.so.0.2806.0
7f7ff261d000-7f7ff261e000 rw-p 00043000 103:02 4758774                   /usr/lib/libgstpbutils-1.0.so.0.2806.0
7f7ff261e000-7f7ff262d000 r--p 00000000 103:02 4758659                   /usr/lib/libgstbase-1.0.so.0.2806.0
7f7ff262d000-7f7ff2688000 r-xp 0000f000 103:02 4758659                   /usr/lib/libgstbase-1.0.so.0.2806.0
7f7ff2688000-7f7ff26a3000 r--p 0006a000 103:02 4758659                   /usr/lib/libgstbase-1.0.so.0.2806.0
7f7ff26a3000-7f7ff26a5000 r--p 00084000 103:02 4758659                   /usr/lib/libgstbase-1.0.so.0.2806.0
7f7ff26a5000-7f7ff26a6000 rw-p 00086000 103:02 4758659                   /usr/lib/libgstbase-1.0.so.0.2806.0
7f7ff26a6000-7f7ff26ab000 r--p 00000000 103:02 4758746                   /usr/lib/libgstapp-1.0.so.0.2806.0
7f7ff26ab000-7f7ff26b8000 r-xp 00005000 103:02 4758746                   /usr/lib/libgstapp-1.0.so.0.2806.0
7f7ff26b8000-7f7ff26bd000 r--p 00012000 103:02 4758746                   /usr/lib/libgstapp-1.0.so.0.2806.0
7f7ff26bd000-7f7ff26be000 r--p 00017000 103:02 4758746                   /usr/lib/libgstapp-1.0.so.0.2806.0
7f7ff26be000-7f7ff26bf000 rw-p 00018000 103:02 4758746                   /usr/lib/libgstapp-1.0.so.0.2806.0
7f7ff26bf000-7f7ff26c1000 r--p 00000000 103:02 4758735                   /usr/lib/libgstallocators-1.0.so.0.2806.0
7f7ff26c1000-7f7ff26c5000 r-xp 00002000 103:02 4758735                   /usr/lib/libgstallocators-1.0.so.0.2806.0
7f7ff26c5000-7f7ff26c7000 r--p 00006000 103:02 4758735                   /usr/lib/libgstallocators-1.0.so.0.2806.0
7f7ff26c7000-7f7ff26c8000 r--p 00007000 103:02 4758735                   /usr/lib/libgstallocators-1.0.so.0.2806.0
7f7ff26c8000-7f7ff26c9000 rw-p 00008000 103:02 4758735                   /usr/lib/libgstallocators-1.0.so.0.2806.0
7f7ff26c9000-7f7ff26d2000 r--p 00000000 103:02 4754420                   /usr/lib/libxslt.so.1.1.45
7f7ff26d2000-7f7ff26f9000 r-xp 00009000 103:02 4754420                   /usr/lib/libxslt.so.1.1.45
7f7ff26f9000-7f7ff2704000 r--p 00030000 103:02 4754420                   /usr/lib/libxslt.so.1.1.45
7f7ff2704000-7f7ff2705000 r--p 0003b000 103:02 4754420                   /usr/lib/libxslt.so.1.1.45
7f7ff2705000-7f7ff2706000 rw-p 0003c000 103:02 4754420                   /usr/lib/libxslt.so.1.1.45
7f7ff2706000-7f7ff2712000 r--p 00000000 103:02 4743749                   /usr/lib/libinput.so.10.13.0
7f7ff2712000-7f7ff275b000 r-xp 0000c000 103:02 4743749                   /usr/lib/libinput.so.10.13.0
7f7ff275b000-7f7ff2774000 r--p 00055000 103:02 4743749                   /usr/lib/libinput.so.10.13.0
7f7ff2774000-7f7ff2776000 r--p 0006e000 103:02 4743749                   /usr/lib/libinput.so.10.13.0
7f7ff2776000-7f7ff2777000 rw-p 00070000 103:02 4743749                   /usr/lib/libinput.so.10.13.0
7f7ff2777000-7f7ff27a0000 r--p 00000000 103:02 4758695                   /usr/lib/libgstreamer-1.0.so.0.2806.0
7f7ff27a0000-7f7ff2884000 r-xp 00029000 103:02 4758695                   /usr/lib/libgstreamer-1.0.so.0.2806.0
7f7ff2884000-7f7ff28e0000 r--p 0010d000 103:02 4758695                   /usr/lib/libgstreamer-1.0.so.0.2806.0
7f7ff28e0000-7f7ff28e7000 r--p 00169000 103:02 4758695                   /usr/lib/libgstreamer-1.0.so.0.2806.0
7f7ff28e7000-7f7ff28e9000 rw-p 00170000 103:02 4758695                   /usr/lib/libgstreamer-1.0.so.0.2806.0
7f7ff28e9000-7f7ff28ea000 rw-p 00000000 00:00 0 
7f7ff29eb000-7f7ff2a35000 r--p 00000000 103:02 4792885                   /usr/lib/libepoxy.so.0.0.0
7f7ff2a35000-7f7ff2a9b000 r-xp 0004a000 103:02 4792885                   /usr/lib/libepoxy.so.0.0.0
7f7ff2a9b000-7f7ff2ae9000 r--p 000b0000 103:02 4792885                   /usr/lib/libepoxy.so.0.0.0
7f7ff2ae9000-7f7ff2af1000 r--p 000fd000 103:02 4792885                   /usr/lib/libepoxy.so.0.0.0
7f7ff2af1000-7f7ff2af8000 rw-p 00105000 103:02 4792885                   /usr/lib/libepoxy.so.0.0.0
7f7ff2af8000-7f7ff2af9000 rw-p 00000000 00:00 0 
7f7ff2af9000-7f7ff2afd000 ---p 00000000 00:00 0 
7f7ff2afd000-7f7ff2ffe000 rw-p 00000000 00:00 0 
7f7ff2ffe000-7f7ff3002000 ---p 00000000 00:00 0 
7f7ff3002000-7f7ff31ff000 rw-p 00000000 00:00 0 
7f7ff3c00000-7f7ff3c01000 r--p 00000000 103:02 4762067                   /usr/lib/libwebpdemux.so.2.0.17
7f7ff3c01000-7f7ff3c04000 r-xp 00001000 103:02 4762067                   /usr/lib/libwebpdemux.so.2.0.17
7f7ff3c04000-7f7ff3c05000 r--p 00004000 103:02 4762067                   /usr/lib/libwebpdemux.so.2.0.17
7f7ff3c05000-7f7ff3c06000 r--p 00004000 103:02 4762067                   /usr/lib/libwebpdemux.so.2.0.17
7f7ff3c06000-7f7ff3c07000 rw-p 00005000 103:02 4762067                   /usr/lib/libwebpdemux.so.2.0.17
7f7ff3c07000-7f7ff3c0c000 r--p 00000000 103:02 4720964                   /usr/lib/libudev.so.1.7.14
7f7ff3c0c000-7f7ff3c3a000 r-xp 00005000 103:02 4720964                   /usr/lib/libudev.so.1.7.14
7f7ff3c3a000-7f7ff3c51000 r--p 00033000 103:02 4720964                   /usr/lib/libudev.so.1.7.14
7f7ff3c51000-7f7ff3c56000 r--p 0004a000 103:02 4720964                   /usr/lib/libudev.so.1.7.14
7f7ff3c56000-7f7ff3c57000 rw-p 0004f000 103:02 4720964                   /usr/lib/libudev.so.1.7.14
7f7ff3c57000-7f7ff3c5f000 r--p 00000000 103:02 4771647                   /usr/lib/libatk-1.0.so.0.26015.1
7f7ff3c5f000-7f7ff3c6f000 r-xp 00008000 103:02 4771647                   /usr/lib/libatk-1.0.so.0.26015.1
7f7ff3c6f000-7f7ff3c7a000 r--p 00018000 103:02 4771647                   /usr/lib/libatk-1.0.so.0.26015.1
7f7ff3c7a000-7f7ff3c7d000 r--p 00023000 103:02 4771647                   /usr/lib/libatk-1.0.so.0.26015.1
7f7ff3c7d000-7f7ff3c7e000 rw-p 00026000 103:02 4771647                   /usr/lib/libatk-1.0.so.0.26015.1
7f7ff3c7e000-7f7ff3c89000 r--p 00000000 103:02 4771653                   /usr/lib/libatk-bridge-2.0.so.0.0.0
7f7ff3c89000-7f7ff3ca2000 r-xp 0000b000 103:02 4771653                   /usr/lib/libatk-bridge-2.0.so.0.0.0
7f7ff3ca2000-7f7ff3cb6000 r--p 00024000 103:02 4771653                   /usr/lib/libatk-bridge-2.0.so.0.0.0
7f7ff3cb6000-7f7ff3cb8000 r--p 00037000 103:02 4771653                   /usr/lib/libatk-bridge-2.0.so.0.0.0
7f7ff3cb8000-7f7ff3cba000 rw-p 00039000 103:02 4771653                   /usr/lib/libatk-bridge-2.0.so.0.0.0
7f7ff3cba000-7f7ff3dbb000 rw-p 00000000 00:00 0 
7f7ff5fde000-7f7ff71ff000 ---p 00000000 00:00 0 
7f7ff71ff000-7f7ff7a00000 rw-p 00000000 00:00 0 
7f7ff7a00000-7f7ff7ba8000 r--p 00000000 103:02 4826311                   /usr/lib/libcuda.so.610.57.04
7f7ff7ba8000-7f7ff8e23000 r-xp 001a8000 103:02 4826311                   /usr/lib/libcuda.so.610.57.04
7f7ff8e23000-7f7ffe3ea000 r--p 01423000 103:02 4826311                   /usr/lib/libcuda.so.610.57.04
7f7ffe3ea000-7f7ffe3eb000 ---p 069ea000 103:02 4826311                   /usr/lib/libcuda.so.610.57.04
7f7ffe3eb000-7f7ffe567000 r--p 069ea000 103:02 4826311                   /usr/lib/libcuda.so.610.57.04
7f7ffe567000-7f7ffe56c000 rw-p 06b66000 103:02 4826311                   /usr/lib/libcuda.so.610.57.04
7f7ffe56c000-7f7ffe5d4000 rw-p 00000000 00:00 0 
7f7ffe5d5000-7f7ffe5da000 rw-p 00000000 00:00 0 
7f7ffe5da000-7f7ffe5db000 r--p 00000000 103:02 4745662                   /usr/lib/libharfbuzz-icu.so.0.61431.0
7f7ffe5db000-7f7ffe5dc000 r-xp 00001000 103:02 4745662                   /usr/lib/libharfbuzz-icu.so.0.61431.0
7f7ffe5dc000-7f7ffe5dd000 r--p 00002000 103:02 4745662                   /usr/lib/libharfbuzz-icu.so.0.61431.0
7f7ffe5dd000-7f7ffe5de000 r--p 00002000 103:02 4745662                   /usr/lib/libharfbuzz-icu.so.0.61431.0
7f7ffe5de000-7f7ffe5df000 rw-p 00003000 103:02 4745662                   /usr/lib/libharfbuzz-icu.so.0.61431.0
7f7ffe5df000-7f7ffe5e1000 r--p 00000000 103:02 4722782                   /usr/lib/libatomic.so.1.2.0
7f7ffe5e1000-7f7ffe5e5000 r-xp 00002000 103:02 4722782                   /usr/lib/libatomic.so.1.2.0
7f7ffe5e5000-7f7ffe5e7000 r--p 00006000 103:02 4722782                   /usr/lib/libatomic.so.1.2.0
7f7ffe5e7000-7f7ffe5e8000 r--p 00007000 103:02 4722782                   /usr/lib/libatomic.so.1.2.0
7f7ffe5e8000-7f7ffe5e9000 rw-p 00008000 103:02 4722782                   /usr/lib/libatomic.so.1.2.0
7f7ffe5e9000-7f7ffe5ea000 rw-p 00000000 00:00 0 
7f7ffe5ea000-7f7ffe601000 r--p 00000000 103:02 4763785                   /usr/lib/libsoup-3.0.so.0.7.4
7f7ffe601000-7f7ffe659000 r-xp 00017000 103:02 4763785                   /usr/lib/libsoup-3.0.so.0.7.4
7f7ffe659000-7f7ffe67b000 r--p 0006f000 103:02 4763785                   /usr/lib/libsoup-3.0.so.0.7.4
7f7ffe67b000-7f7ffe680000 r--p 00090000 103:02 4763785                   /usr/lib/libsoup-3.0.so.0.7.4
7f7ffe680000-7f7ffe681000 rw-p 00095000 103:02 4763785                   /usr/lib/libsoup-3.0.so.0.7.4
7f7ffe681000-7f7ffe686000 r--p 00000000 103:02 4745703                   /usr/lib/libWPEBackend-fdo-1.0.so.1.10.2
7f7ffe686000-7f7ffe690000 r-xp 00005000 103:02 4745703                   /usr/lib/libWPEBackend-fdo-1.0.so.1.10.2
7f7ffe690000-7f7ffe695000 r--p 0000f000 103:02 4745703                   /usr/lib/libWPEBackend-fdo-1.0.so.1.10.2
7f7ffe695000-7f7ffe697000 r--p 00013000 103:02 4745703                   /usr/lib/libWPEBackend-fdo-1.0.so.1.10.2
7f7ffe697000-7f7ffe698000 rw-p 00015000 103:02 4745703                   /usr/lib/libWPEBackend-fdo-1.0.so.1.10.2
7f7ffe698000-7f7ffe69c000 r--p 00000000 103:02 4745687                   /usr/lib/libwpe-1.0.so.1.9.6
7f7ffe69c000-7f7ffe69f000 r-xp 00004000 103:02 4745687                   /usr/lib/libwpe-1.0.so.1.9.6
7f7ffe69f000-7f7ffe6a2000 r--p 00007000 103:02 4745687                   /usr/lib/libwpe-1.0.so.1.9.6
7f7ffe6a2000-7f7ffe6a3000 r--p 0000a000 103:02 4745687                   /usr/lib/libwpe-1.0.so.1.9.6
7f7ffe6a3000-7f7ffe6a4000 rw-p 0000b000 103:02 4745687                   /usr/lib/libwpe-1.0.so.1.9.6
7f7ffe7a5000-7f7ffe7b5000 -w-s 00000000 00:07 1112                       /dev/nvidia0
7f7ffefb6000-7f7fff036000 rw-s 00000000 00:07 1110                       /dev/nvidiactl
7f7fff036000-7f7fff236000 rw-s 00000000 00:07 1110                       /dev/nvidiactl
7f800057e000-7f80005fe000 rw-s 00000000 00:07 1110                       /dev/nvidiactl
7f8001700000-7f8001780000 rw-s 00000000 00:07 1110                       /dev/nvidiactl
7f8001800000-7f8001833000 r--p 00000000 103:02 4833039                   /usr/lib/libnvidia-glvkspirv.so.610.57.04
7f8001833000-7f8001ffc000 r-xp 00033000 103:02 4833039                   /usr/lib/libnvidia-glvkspirv.so.610.57.04
7f8001ffc000-7f800214c000 r--p 007fc000 103:02 4833039                   /usr/lib/libnvidia-glvkspirv.so.610.57.04
7f800214c000-7f800214d000 ---p 0094c000 103:02 4833039                   /usr/lib/libnvidia-glvkspirv.so.610.57.04
7f800214d000-7f800215f000 r--p 0094c000 103:02 4833039                   /usr/lib/libnvidia-glvkspirv.so.610.57.04
7f800215f000-7f80021ed000 rw-p 0095e000 103:02 4833039                   /usr/lib/libnvidia-glvkspirv.so.610.57.04
7f80021ed000-7f8002202000 rw-p 00000000 00:00 0 
7f8002202000-7f8002206000 rw-p 00000000 00:00 0 
7f800224c000-7f800224d000 rw-s 00000000 00:07 1110                       /dev/nvidiactl
7f800224d000-7f800224e000 rw-s 00000000 00:07 1110                       /dev/nvidiactl
7f8002250000-7f8002251000 rw-s 00000000 00:07 1110                       /dev/nvidiactl
7f8002259000-7f80022d9000 rw-s 00000000 00:07 1112                       /dev/nvidia0
7f8002354000-7f8002364000 rw-s 00000000 00:07 1112                       /dev/nvidia0
7f8002364000-7f8002370000 r--p 00000000 103:02 4751819                   /usr/lib/libxcb-glx.so.0.0.0
7f8002370000-7f8002379000 r-xp 0000c000 103:02 4751819                   /usr/lib/libxcb-glx.so.0.0.0
7f8002379000-7f800237e000 r--p 00015000 103:02 4751819                   /usr/lib/libxcb-glx.so.0.0.0
7f800237e000-7f8002380000 r--p 0001a000 103:02 4751819                   /usr/lib/libxcb-glx.so.0.0.0
7f8002380000-7f8002381000 rw-p 0001c000 103:02 4751819                   /usr/lib/libxcb-glx.so.0.0.0
7f8002381000-7f8002482000 rw-p 00000000 00:00 0 
7f8007fff000-7f8008800000 rw-p 00000000 00:00 0 
7f8008800000-7f80088c3000 r--p 00000000 103:02 4812054                   /usr/lib/libglycin-2.so.0
7f80088c3000-7f8008be0000 r-xp 000c2000 103:02 4812054                   /usr/lib/libglycin-2.so.0
7f8008be0000-7f8008bf9000 r--p 003de000 103:02 4812054                   /usr/lib/libglycin-2.so.0
7f8008bf9000-7f8008bfd000 rw-p 003f6000 103:02 4812054                   /usr/lib/libglycin-2.so.0
7f8008d00000-7f8008d02000 r--p 00000000 103:02 4734009                   /usr/lib/libseccomp.so.2.6.0
7f8008d02000-7f8008d12000 r-xp 00002000 103:02 4734009                   /usr/lib/libseccomp.so.2.6.0
7f8008d12000-7f8008d2b000 r--p 00012000 103:02 4734009                   /usr/lib/libseccomp.so.2.6.0
7f8008d2b000-7f8008d2c000 r--p 0002b000 103:02 4734009                   /usr/lib/libseccomp.so.2.6.0
7f8008d2c000-7f8008d2d000 rw-p 0002c000 103:02 4734009                   /usr/lib/libseccomp.so.2.6.0
7f8008d2d000-7f8008d36000 r--p 00000000 103:02 4769004                   /usr/lib/libFLAC.so.14.0.0
7f8008d36000-7f8008d6c000 r-xp 00009000 103:02 4769004                   /usr/lib/libFLAC.so.14.0.0
7f8008d6c000-7f8008d74000 r--p 0003f000 103:02 4769004                   /usr/lib/libFLAC.so.14.0.0
7f8008d74000-7f8008d75000 r--p 00047000 103:02 4769004                   /usr/lib/libFLAC.so.14.0.0
7f8008d75000-7f8008d76000 rw-p 00048000 103:02 4769004                   /usr/lib/libFLAC.so.14.0.0
7f8008d76000-7f8008d7b000 r--p 00000000 103:02 4755422                   /usr/lib/libsndfile.so.1.0.37
7f8008d7b000-7f8008de1000 r-xp 00005000 103:02 4755422                   /usr/lib/libsndfile.so.1.0.37
7f8008de1000-7f8008dfa000 r--p 0006b000 103:02 4755422                   /usr/lib/libsndfile.so.1.0.37
7f8008dfa000-7f8008dfd000 r--p 00084000 103:02 4755422                   /usr/lib/libsndfile.so.1.0.37
7f8008dfd000-7f8008dfe000 rw-p 00087000 103:02 4755422                   /usr/lib/libsndfile.so.1.0.37
7f8008dfe000-7f8008e00000 rw-p 00000000 00:00 0 
7f8008e00000-7f8008e49000 r--p 00000000 103:02 4817127                   /usr/lib/libSPIRV-Tools-opt.so
7f8008e49000-7f8009012000 r-xp 00049000 103:02 4817127                   /usr/lib/libSPIRV-Tools-opt.so
7f8009012000-7f800906b000 r--p 00212000 103:02 4817127                   /usr/lib/libSPIRV-Tools-opt.so
7f800906b000-7f800907b000 r--p 0026b000 103:02 4817127                   /usr/lib/libSPIRV-Tools-opt.so
7f800907b000-7f800907c000 rw-p 0027b000 103:02 4817127                   /usr/lib/libSPIRV-Tools-opt.so
7f800907c000-7f8009080000 rw-p 00000000 00:00 0 
7f80090a0000-7f80090a1000 r--p 00000000 103:02 4763243                   /usr/lib/libXxf86vm.so.1.0.0
7f80090a1000-7f80090a4000 r-xp 00001000 103:02 4763243                   /usr/lib/libXxf86vm.so.1.0.0
7f80090a4000-7f80090a5000 r--p 00004000 103:02 4763243                   /usr/lib/libXxf86vm.so.1.0.0
7f80090a5000-7f80090a6000 r--p 00004000 103:02 4763243                   /usr/lib/libXxf86vm.so.1.0.0
7f80090a6000-7f80090a7000 rw-p 00005000 103:02 4763243                   /usr/lib/libXxf86vm.so.1.0.0
7f80090a7000-7f80090b5000 r--p 00000000 103:02 5905684                   /usr/lib/libOpenGL.so.0.0.0
7f80090b5000-7f80090c0000 r-xp 0000e000 103:02 5905684                   /usr/lib/libOpenGL.so.0.0.0
7f80090c0000-7f80090c5000 r--p 00019000 103:02 5905684                   /usr/lib/libOpenGL.so.0.0.0
7f80090c5000-7f80090ca000 r--p 0001e000 103:02 5905684                   /usr/lib/libOpenGL.so.0.0.0
7f80090ca000-7f80090cb000 rw-p 00023000 103:02 5905684                   /usr/lib/libOpenGL.so.0.0.0
7f80090cb000-7f80090ce000 r--p 00000000 103:02 4777131                   /usr/lib/libmd.so.0.2.0
7f80090ce000-7f80090da000 r-xp 00003000 103:02 4777131                   /usr/lib/libmd.so.0.2.0
7f80090da000-7f80090dc000 r--p 0000f000 103:02 4777131                   /usr/lib/libmd.so.0.2.0
7f80090dc000-7f80090dd000 r--p 00011000 103:02 4777131                   /usr/lib/libmd.so.0.2.0
7f80090dd000-7f80090de000 rw-p 00012000 103:02 4777131                   /usr/lib/libmd.so.0.2.0
7f80090de000-7f80090e0000 r--p 00000000 103:02 4769564                   /usr/lib/libv4lconvert.so.0.0.0
7f80090e0000-7f80090fb000 r-xp 00002000 103:02 4769564                   /usr/lib/libv4lconvert.so.0.0.0
7f80090fb000-7f8009103000 r--p 0001d000 103:02 4769564                   /usr/lib/libv4lconvert.so.0.0.0
7f8009103000-7f8009105000 r--p 00025000 103:02 4769564                   /usr/lib/libv4lconvert.so.0.0.0
7f8009105000-7f8009106000 rw-p 00027000 103:02 4769564                   /usr/lib/libv4lconvert.so.0.0.0
7f8009106000-7f8009158000 rw-p 00000000 00:00 0 
7f8009158000-7f800915b000 r--p 00000000 103:02 4722208                   /usr/lib/libresolv.so.2
7f800915b000-7f8009164000 r-xp 00003000 103:02 4722208                   /usr/lib/libresolv.so.2
7f8009164000-7f8009167000 r--p 0000c000 103:02 4722208                   /usr/lib/libresolv.so.2
7f8009167000-7f8009168000 r--p 0000f000 103:02 4722208                   /usr/lib/libresolv.so.2
7f8009168000-7f8009169000 rw-p 00010000 103:02 4722208                   /usr/lib/libresolv.so.2
7f8009169000-7f800916b000 rw-p 00000000 00:00 0 
7f800916b000-7f800916e000 r--p 00000000 103:02 4732435                   /usr/lib/libkrb5support.so.0.1
7f800916e000-7f8009175000 r-xp 00003000 103:02 4732435                   /usr/lib/libkrb5support.so.0.1
7f8009175000-7f8009178000 r--p 0000a000 103:02 4732435                   /usr/lib/libkrb5support.so.0.1
7f8009178000-7f8009179000 r--p 0000c000 103:02 4732435                   /usr/lib/libkrb5support.so.0.1
7f8009179000-7f800917a000 rw-p 0000d000 103:02 4732435                   /usr/lib/libkrb5support.so.0.1
7f800917a000-7f800917d000 r--p 00000000 103:02 4732383                   /usr/lib/libk5crypto.so.3.1
7f800917d000-7f8009199000 r-xp 00003000 103:02 4732383                   /usr/lib/libk5crypto.so.3.1
7f8009199000-7f80091a5000 r--p 0001f000 103:02 4732383                   /usr/lib/libk5crypto.so.3.1
7f80091a5000-7f80091a7000 r--p 0002a000 103:02 4732383                   /usr/lib/libk5crypto.so.3.1
7f80091a7000-7f80091a8000 rw-p 0002c000 103:02 4732383                   /usr/lib/libk5crypto.so.3.1
7f80091a8000-7f80091b9000 r--p 00000000 103:02 4732432                   /usr/lib/libkrb5.so.3.3
7f80091b9000-7f8009229000 r-xp 00011000 103:02 4732432                   /usr/lib/libkrb5.so.3.3
7f8009229000-7f8009267000 r--p 00081000 103:02 4732432                   /usr/lib/libkrb5.so.3.3
7f8009267000-7f8009275000 r--p 000bf000 103:02 4732432                   /usr/lib/libkrb5.so.3.3
7f8009275000-7f8009277000 rw-p 000cd000 103:02 4732432                   /usr/lib/libkrb5.so.3.3
7f8009277000-7f8009286000 r--p 00000000 103:02 4735687                   /usr/lib/libunistring.so.5.2.1
7f8009286000-7f80092ca000 r-xp 0000f000 103:02 4735687                   /usr/lib/libunistring.so.5.2.1
7f80092ca000-7f8009459000 r--p 00053000 103:02 4735687                   /usr/lib/libunistring.so.5.2.1
7f8009459000-7f800945d000 r--p 001e2000 103:02 4735687                   /usr/lib/libunistring.so.5.2.1
7f800945d000-7f800945e000 rw-p 001e6000 103:02 4735687                   /usr/lib/libunistring.so.5.2.1
7f800945e000-7f8009465000 r--p 00000000 103:02 4770278                   /usr/lib/libp11-kit.so.0.4.11
7f8009465000-7f800954e000 r-xp 00007000 103:02 4770278                   /usr/lib/libp11-kit.so.0.4.11
7f800954e000-7f80095e0000 r--p 000f0000 103:02 4770278                   /usr/lib/libp11-kit.so.0.4.11
7f80095e0000-7f80095f1000 r--p 00181000 103:02 4770278                   /usr/lib/libp11-kit.so.0.4.11
7f80095f1000-7f8009600000 rw-p 00192000 103:02 4770278                   /usr/lib/libp11-kit.so.0.4.11
7f8009600000-7f800961a000 r--p 00000000 103:02 4760330                   /usr/lib/libleancrypto.so.1
7f800961a000-7f8009738000 r-xp 0001a000 103:02 4760330                   /usr/lib/libleancrypto.so.1
7f8009738000-7f800985b000 r--p 00138000 103:02 4760330                   /usr/lib/libleancrypto.so.1
7f800985b000-7f8009861000 r--p 0025b000 103:02 4760330                   /usr/lib/libleancrypto.so.1
7f8009861000-7f8009863000 rw-p 00261000 103:02 4760330                   /usr/lib/libleancrypto.so.1
7f8009863000-7f8009864000 rw-s 00000000 00:07 1112                       /dev/nvidia0
7f8009864000-7f8009866000 rw-s 00000000 00:07 1110                       /dev/nvidiactl
7f8009866000-7f8009868000 r--p 00000000 103:02 4788180                   /usr/lib/libasyncns.so.0.3.1
7f8009868000-7f800986b000 r-xp 00002000 103:02 4788180                   /usr/lib/libasyncns.so.0.3.1
7f800986b000-7f800986c000 r--p 00005000 103:02 4788180                   /usr/lib/libasyncns.so.0.3.1
7f800986c000-7f800986d000 r--p 00005000 103:02 4788180                   /usr/lib/libasyncns.so.0.3.1
7f800986d000-7f800986e000 rw-p 00006000 103:02 4788180                   /usr/lib/libasyncns.so.0.3.1
7f800986e000-7f800987c000 r--p 00000000 103:02 4758220                   /usr/lib/libnettle.so.9.0
7f800987c000-7f80098ae000 r-xp 0000e000 103:02 4758220                   /usr/lib/libnettle.so.9.0
7f80098ae000-7f80098c6000 r--p 00040000 103:02 4758220                   /usr/lib/libnettle.so.9.0
7f80098c6000-7f80098c9000 r--p 00057000 103:02 4758220                   /usr/lib/libnettle.so.9.0
7f80098c9000-7f80098ca000 rw-p 0005a000 103:02 4758220                   /usr/lib/libnettle.so.9.0
7f80098ca000-7f80098d2000 r--p 00000000 103:02 4738622                   /usr/lib/libhogweed.so.7.0
7f80098d2000-7f80098e5000 r-xp 00008000 103:02 4738622                   /usr/lib/libhogweed.so.7.0
7f80098e5000-7f800990e000 r--p 0001b000 103:02 4738622                   /usr/lib/libhogweed.so.7.0
7f800990e000-7f8009910000 r--p 00043000 103:02 4738622                   /usr/lib/libhogweed.so.7.0
7f8009910000-7f8009911000 rw-p 00045000 103:02 4738622                   /usr/lib/libhogweed.so.7.0
7f8009911000-7f8009920000 r--p 00000000 103:02 4811985                   /usr/lib/libsodium.so.26.4.0
7f8009920000-7f8009973000 r-xp 0000f000 103:02 4811985                   /usr/lib/libsodium.so.26.4.0
7f8009973000-7f8009985000 r--p 00062000 103:02 4811985                   /usr/lib/libsodium.so.26.4.0
7f8009985000-7f8009986000 r--p 00074000 103:02 4811985                   /usr/lib/libsodium.so.26.4.0
7f8009986000-7f8009987000 rw-p 00075000 103:02 4811985                   /usr/lib/libsodium.so.26.4.0
7f8009987000-7f8009992000 r--p 00000000 103:02 4815516                   /usr/lib/libgomp.so.1.0.0
7f8009992000-7f80099d0000 r-xp 0000b000 103:02 4815516                   /usr/lib/libgomp.so.1.0.0
7f80099d0000-7f80099df000 r--p 00049000 103:02 4815516                   /usr/lib/libgomp.so.1.0.0
7f80099df000-7f80099e0000 r--p 00057000 103:02 4815516                   /usr/lib/libgomp.so.1.0.0
7f80099e0000-7f80099e1000 rw-p 00058000 103:02 4815516                   /usr/lib/libgomp.so.1.0.0
7f80099e1000-7f80099e6000 r--p 00000000 103:02 4722184                   /usr/lib/libmvec.so.1
7f80099e6000-7f8009a08000 r-xp 00005000 103:02 4722184                   /usr/lib/libmvec.so.1
7f8009a08000-7f8009adf000 r--p 00027000 103:02 4722184                   /usr/lib/libmvec.so.1
7f8009adf000-7f8009ae0000 r--p 000fe000 103:02 4722184                   /usr/lib/libmvec.so.1
7f8009ae0000-7f8009ae1000 rw-p 000ff000 103:02 4722184                   /usr/lib/libmvec.so.1
7f8009ae1000-7f8009ae5000 r--p 00000000 103:02 4771010                   /usr/lib/libmpg123.so.0.49.4
7f8009ae5000-7f8009b23000 r-xp 00004000 103:02 4771010                   /usr/lib/libmpg123.so.0.49.4
7f8009b23000-7f8009b3e000 r--p 00042000 103:02 4771010                   /usr/lib/libmpg123.so.0.49.4
7f8009b3e000-7f8009b3f000 r--p 0005d000 103:02 4771010                   /usr/lib/libmpg123.so.0.49.4
7f8009b3f000-7f8009b40000 rw-p 0005e000 103:02 4771010                   /usr/lib/libmpg123.so.0.49.4
7f8009b40000-7f8009b41000 r--p 00000000 103:02 4814598                   /usr/lib/libbrotlienc.so.1.2.0
7f8009b41000-7f8009bae000 r-xp 00001000 103:02 4814598                   /usr/lib/libbrotlienc.so.1.2.0
7f8009bae000-7f8009bfe000 r--p 0006e000 103:02 4814598                   /usr/lib/libbrotlienc.so.1.2.0
7f8009bfe000-7f8009bff000 r--p 000bd000 103:02 4814598                   /usr/lib/libbrotlienc.so.1.2.0
7f8009bff000-7f8009c00000 rw-p 000be000 103:02 4814598                   /usr/lib/libbrotlienc.so.1.2.0
7f8009c00000-7f8009c11000 r--p 00000000 103:02 4756846                   /usr/lib/libslang.so.2.3.3
7f8009c11000-7f8009cf2000 r-xp 00011000 103:02 4756846                   /usr/lib/libslang.so.2.3.3
7f8009cf2000-7f8009d33000 r--p 000f2000 103:02 4756846                   /usr/lib/libslang.so.2.3.3
7f8009d33000-7f8009d4a000 r--p 00132000 103:02 4756846                   /usr/lib/libslang.so.2.3.3
7f8009d4a000-7f8009d54000 rw-p 00149000 103:02 4756846                   /usr/lib/libslang.so.2.3.3
7f8009d54000-7f8009ef0000 rw-p 00000000 00:00 0 
7f8009ef0000-7f8009ef2000 r--p 00000000 103:02 4732141                   /usr/lib/libkeyutils.so.1.10
7f8009ef2000-7f8009ef4000 r-xp 00002000 103:02 4732141                   /usr/lib/libkeyutils.so.1.10
7f8009ef4000-7f8009ef5000 r--p 00004000 103:02 4732141                   /usr/lib/libkeyutils.so.1.10
7f8009ef5000-7f8009ef6000 r--p 00004000 103:02 4732141                   /usr/lib/libkeyutils.so.1.10
7f8009ef6000-7f8009ef7000 rw-p 00005000 103:02 4732141                   /usr/lib/libkeyutils.so.1.10
7f8009ef7000-7f8009ef9000 r--p 00000000 103:02 4737522                   /usr/lib/libtasn1.so.6.6.5
7f8009ef9000-7f8009f08000 r-xp 00002000 103:02 4737522                   /usr/lib/libtasn1.so.6.6.5
7f8009f08000-7f8009f0b000 r--p 00011000 103:02 4737522                   /usr/lib/libtasn1.so.6.6.5
7f8009f0b000-7f8009f0c000 r--p 00014000 103:02 4737522                   /usr/lib/libtasn1.so.6.6.5
7f8009f0c000-7f8009f0d000 rw-p 00015000 103:02 4737522                   /usr/lib/libtasn1.so.6.6.5
7f8009f0d000-7f8009f18000 r--p 00000000 103:02 4758350                   /usr/lib/libglut.so.3.13.0
7f8009f18000-7f8009f32000 r-xp 0000b000 103:02 4758350                   /usr/lib/libglut.so.3.13.0
7f8009f32000-7f8009f4c000 r--p 00025000 103:02 4758350                   /usr/lib/libglut.so.3.13.0
7f8009f4c000-7f8009f50000 r--p 0003f000 103:02 4758350                   /usr/lib/libglut.so.3.13.0
7f8009f50000-7f8009f57000 rw-p 00043000 103:02 4758350                   /usr/lib/libglut.so.3.13.0
7f8009f57000-7f8009fbb000 rw-p 00000000 00:00 0 
7f8009fbb000-7f8009fcf000 r--p 00000000 103:02 5005676                   /usr/lib/pulseaudio/libpulsecommon-17.0.so
7f8009fcf000-7f800a019000 r-xp 00014000 103:02 5005676                   /usr/lib/pulseaudio/libpulsecommon-17.0.so
7f800a019000-7f800a038000 r--p 0005e000 103:02 5005676                   /usr/lib/pulseaudio/libpulsecommon-17.0.so
7f800a038000-7f800a03a000 r--p 0007d000 103:02 5005676                   /usr/lib/pulseaudio/libpulsecommon-17.0.so
7f800a03a000-7f800a03b000 rw-p 0007f000 103:02 5005676                   /usr/lib/pulseaudio/libpulsecommon-17.0.so
7f800a03b000-7f800a05f000 r--p 00000000 103:02 4754125                   /usr/lib/libdb-5.3.so
7f800a05f000-7f800a1bc000 r-xp 00024000 103:02 4754125                   /usr/lib/libdb-5.3.so
7f800a1bc000-7f800a1f5000 r--p 00181000 103:02 4754125                   /usr/lib/libdb-5.3.so
7f800a1f5000-7f800a1ff000 r--p 001b9000 103:02 4754125                   /usr/lib/libdb-5.3.so
7f800a1ff000-7f800a200000 rw-p 001c3000 103:02 4754125                   /usr/lib/libdb-5.3.so
7f800a200000-7f800a219000 r--p 00000000 103:02 4773780                   /usr/lib/libfftw3.so.3.7.11
7f800a219000-7f800a3f5000 r-xp 00019000 103:02 4773780                   /usr/lib/libfftw3.so.3.7.11
7f800a3f5000-7f800a41c000 r--p 001f5000 103:02 4773780                   /usr/lib/libfftw3.so.3.7.11
7f800a41c000-7f800a42d000 r--p 0021c000 103:02 4773780                   /usr/lib/libfftw3.so.3.7.11
7f800a42d000-7f800a42e000 rw-p 0022d000 103:02 4773780                   /usr/lib/libfftw3.so.3.7.11
7f800a42e000-7f800a430000 r--p 00000000 103:02 4816273                   /usr/lib/libvorbisfile.so.3.3.8
7f800a430000-7f800a435000 r-xp 00002000 103:02 4816273                   /usr/lib/libvorbisfile.so.3.3.8
7f800a435000-7f800a436000 r--p 00007000 103:02 4816273                   /usr/lib/libvorbisfile.so.3.3.8
7f800a436000-7f800a437000 r--p 00007000 103:02 4816273                   /usr/lib/libvorbisfile.so.3.3.8
7f800a437000-7f800a438000 rw-p 00008000 103:02 4816273                   /usr/lib/libvorbisfile.so.3.3.8
7f800a438000-7f800a43b000 r--p 00000000 103:02 4777363                   /usr/lib/libGLU.so.1.3.1
7f800a43b000-7f800a485000 r-xp 00003000 103:02 4777363                   /usr/lib/libGLU.so.1.3.1
7f800a485000-7f800a490000 r--p 0004d000 103:02 4777363                   /usr/lib/libGLU.so.1.3.1
7f800a490000-7f800a491000 r--p 00058000 103:02 4777363                   /usr/lib/libGLU.so.1.3.1
7f800a491000-7f800a492000 rw-p 00059000 103:02 4777363                   /usr/lib/libGLU.so.1.3.1
7f800a492000-7f800a493000 r--p 00000000 103:02 4768927                   /usr/lib/libsamplerate.so.0.2.2
7f800a493000-7f800a498000 r-xp 00001000 103:02 4768927                   /usr/lib/libsamplerate.so.0.2.2
7f800a498000-7f800a5fe000 r--p 00006000 103:02 4768927                   /usr/lib/libsamplerate.so.0.2.2
7f800a5fe000-7f800a5ff000 r--p 0016b000 103:02 4768927                   /usr/lib/libsamplerate.so.0.2.2
7f800a5ff000-7f800a600000 rw-p 0016c000 103:02 4768927                   /usr/lib/libsamplerate.so.0.2.2
7f800a600000-7f800a653000 r--p 00000000 103:02 4726308                   /usr/lib/libcrypto.so.3
7f800a653000-7f800a9ff000 r-xp 00053000 103:02 4726308                   /usr/lib/libcrypto.so.3
7f800a9ff000-7f800ab25000 r--p 003ff000 103:02 4726308                   /usr/lib/libcrypto.so.3
7f800ab25000-7f800aba3000 r--p 00525000 103:02 4726308                   /usr/lib/libcrypto.so.3
7f800aba3000-7f800aba6000 rw-p 005a3000 103:02 4726308                   /usr/lib/libcrypto.so.3
7f800aba6000-7f800aba9000 rw-p 00000000 00:00 0 
7f800aba9000-7f800abaa000 rw-s 00000000 00:07 1110                       /dev/nvidiactl
7f800abaa000-7f800abac000 r--p 00000000 00:1a 53161                      /dev/shm/716e306c-95b7-4d19-95b4-1c569de03be9 (deleted)
7f800abac000-7f800abb0000 r--p 00000000 103:02 4830241                   /usr/lib/libpgm-5.3.so.0.0.128
7f800abb0000-7f800abd8000 r-xp 00004000 103:02 4830241                   /usr/lib/libpgm-5.3.so.0.0.128
7f800abd8000-7f800abf1000 r--p 0002c000 103:02 4830241                   /usr/lib/libpgm-5.3.so.0.0.128
7f800abf1000-7f800abf2000 r--p 00045000 103:02 4830241                   /usr/lib/libpgm-5.3.so.0.0.128
7f800abf2000-7f800abf3000 rw-p 00046000 103:02 4830241                   /usr/lib/libpgm-5.3.so.0.0.128
7f800abf3000-7f800abf7000 rw-p 00000000 00:00 0 
7f800abf7000-7f800abf8000 r--p 00000000 103:02 4755356                   /usr/lib/libsharpyuv.so.0.1.2
7f800abf8000-7f800abfc000 r-xp 00001000 103:02 4755356                   /usr/lib/libsharpyuv.so.0.1.2
7f800abfc000-7f800abfd000 r--p 00005000 103:02 4755356                   /usr/lib/libsharpyuv.so.0.1.2
7f800abfd000-7f800abfe000 r--p 00005000 103:02 4755356                   /usr/lib/libsharpyuv.so.0.1.2
7f800abfe000-7f800abff000 rw-p 00006000 103:02 4755356                   /usr/lib/libsharpyuv.so.0.1.2
7f800abff000-7f800ac00000 rw-p 00000000 00:00 0 
7f800ac00000-7f800ac09000 r--p 00000000 103:02 4835513                   /usr/lib/libglslang.so.16.4.0
7f800ac09000-7f800aee3000 r-xp 00009000 103:02 4835513                   /usr/lib/libglslang.so.16.4.0
7f800aee3000-7f800af98000 r--p 002e3000 103:02 4835513                   /usr/lib/libglslang.so.16.4.0
7f800af98000-7f800afa7000 r--p 00397000 103:02 4835513                   /usr/lib/libglslang.so.16.4.0
7f800afa7000-7f800afa9000 rw-p 003a6000 103:02 4835513                   /usr/lib/libglslang.so.16.4.0
7f800afa9000-7f800b6bd000 rw-p 00000000 00:00 0 
7f800b6bd000-7f800b6be000 rw-p 00000000 00:00 0 
7f800b6be000-7f800b6c0000 rw-p 00000000 00:00 0 
7f800b6c0000-7f800b6c2000 r--p 00000000 103:02 4755205                   /usr/lib/libhwy.so.1.4.0
7f800b6c2000-7f800b6ca000 r-xp 00002000 103:02 4755205                   /usr/lib/libhwy.so.1.4.0
7f800b6ca000-7f800b6cd000 r--p 0000a000 103:02 4755205                   /usr/lib/libhwy.so.1.4.0
7f800b6cd000-7f800b6ce000 r--p 0000c000 103:02 4755205                   /usr/lib/libhwy.so.1.4.0
7f800b6ce000-7f800b6cf000 rw-p 0000d000 103:02 4755205                   /usr/lib/libhwy.so.1.4.0
7f800b6cf000-7f800b6d6000 r--p 00000000 103:02 4761802                   /usr/lib/libgdk_pixbuf-2.0.so.0.4400.7
7f800b6d6000-7f800b6f8000 r-xp 00007000 103:02 4761802                   /usr/lib/libgdk_pixbuf-2.0.so.0.4400.7
7f800b6f8000-7f800b706000 r--p 00029000 103:02 4761802                   /usr/lib/libgdk_pixbuf-2.0.so.0.4400.7
7f800b706000-7f800b708000 r--p 00036000 103:02 4761802                   /usr/lib/libgdk_pixbuf-2.0.so.0.4400.7
7f800b708000-7f800b709000 rw-p 00038000 103:02 4761802                   /usr/lib/libgdk_pixbuf-2.0.so.0.4400.7
7f800b709000-7f800b71d000 r--p 00000000 103:02 4726312                   /usr/lib/libssl.so.3
7f800b71d000-7f800b7ca000 r-xp 00014000 103:02 4726312                   /usr/lib/libssl.so.3
7f800b7ca000-7f800b7f2000 r--p 000c1000 103:02 4726312                   /usr/lib/libssl.so.3
7f800b7f2000-7f800b7fc000 r--p 000e9000 103:02 4726312                   /usr/lib/libssl.so.3
7f800b7fc000-7f800b800000 rw-p 000f3000 103:02 4726312                   /usr/lib/libssl.so.3
7f800b800000-7f800b825000 r--p 00000000 103:02 4738682                   /usr/lib/libgnutls.so.30.42.0
7f800b825000-7f800b97b000 r-xp 00025000 103:02 4738682                   /usr/lib/libgnutls.so.30.42.0
7f800b97b000-7f800b9f9000 r--p 0017b000 103:02 4738682                   /usr/lib/libgnutls.so.30.42.0
7f800b9f9000-7f800ba0b000 r--p 001f8000 103:02 4738682                   /usr/lib/libgnutls.so.30.42.0
7f800ba0b000-7f800ba0e000 rw-p 0020a000 103:02 4738682                   /usr/lib/libgnutls.so.30.42.0
7f800ba0e000-7f800ba11000 rw-p 00000000 00:00 0 
7f800ba15000-7f800ba1e000 r--p 00000000 103:02 4732365                   /usr/lib/libgssapi_krb5.so.2.2
7f800ba1e000-7f800ba5e000 r-xp 00009000 103:02 4732365                   /usr/lib/libgssapi_krb5.so.2.2
7f800ba5e000-7f800ba6a000 r--p 00049000 103:02 4732365                   /usr/lib/libgssapi_krb5.so.2.2
7f800ba6a000-7f800ba6c000 r--p 00055000 103:02 4732365                   /usr/lib/libgssapi_krb5.so.2.2
7f800ba6c000-7f800ba6d000 rw-p 00057000 103:02 4732365                   /usr/lib/libgssapi_krb5.so.2.2
7f800ba6d000-7f800ba73000 r--p 00000000 103:02 4737856                   /usr/lib/libssh2.so.1.0.1
7f800ba73000-7f800baab000 r-xp 00006000 103:02 4737856                   /usr/lib/libssh2.so.1.0.1
7f800baab000-7f800bab8000 r--p 0003e000 103:02 4737856                   /usr/lib/libssh2.so.1.0.1
7f800bab8000-7f800baba000 r--p 0004b000 103:02 4737856                   /usr/lib/libssh2.so.1.0.1
7f800baba000-7f800babb000 rw-p 0004d000 103:02 4737856                   /usr/lib/libssh2.so.1.0.1
7f800babb000-7f800babf000 r--p 00000000 103:02 4750340                   /usr/lib/libngtcp2.so.16.11.0
7f800babf000-7f800bb06000 r-xp 00004000 103:02 4750340                   /usr/lib/libngtcp2.so.16.11.0
7f800bb06000-7f800bb15000 r--p 0004b000 103:02 4750340                   /usr/lib/libngtcp2.so.16.11.0
7f800bb15000-7f800bb16000 r--p 0005a000 103:02 4750340                   /usr/lib/libngtcp2.so.16.11.0
7f800bb16000-7f800bb17000 rw-p 0005b000 103:02 4750340                   /usr/lib/libngtcp2.so.16.11.0
7f800bb17000-7f800bb32000 r--p 00000000 103:02 4768894                   /usr/lib/libsrt.so.1.5.6
7f800bb32000-7f800bbd6000 r-xp 0001b000 103:02 4768894                   /usr/lib/libsrt.so.1.5.6
7f800bbd6000-7f800bbf7000 r--p 000bf000 103:02 4768894                   /usr/lib/libsrt.so.1.5.6
7f800bbf7000-7f800bbfa000 r--p 000e0000 103:02 4768894                   /usr/lib/libsrt.so.1.5.6
7f800bbfa000-7f800bbfb000 rw-p 000e3000 103:02 4768894                   /usr/lib/libsrt.so.1.5.6
7f800bbfb000-7f800bc00000 rw-p 00000000 00:00 0 
7f800bc00000-7f800bc0c000 r--p 00000000 103:02 4758335                   /usr/lib/libopenmpt.so.0.5.5
7f800bc0c000-7f800bd81000 r-xp 0000c000 103:02 4758335                   /usr/lib/libopenmpt.so.0.5.5
7f800bd81000-7f800bdd0000 r--p 00181000 103:02 4758335                   /usr/lib/libopenmpt.so.0.5.5
7f800bdd0000-7f800bdd5000 r--p 001d0000 103:02 4758335                   /usr/lib/libopenmpt.so.0.5.5
7f800bdd5000-7f800bdd6000 rw-p 001d5000 103:02 4758335                   /usr/lib/libopenmpt.so.0.5.5
7f800bdd6000-7f800be30000 rw-p 00000000 00:00 0 
7f800be30000-7f800be31000 rw-p 00000000 00:00 0 
7f800be31000-7f800be32000 rw-p 00000000 00:00 0 
7f800be32000-7f800be33000 r--p 00000000 103:02 4815185                   /usr/lib/libjxl_cms.so.0.12.0
7f800be33000-7f800be54000 r-xp 00001000 103:02 4815185                   /usr/lib/libjxl_cms.so.0.12.0
7f800be54000-7f800be59000 r--p 00022000 103:02 4815185                   /usr/lib/libjxl_cms.so.0.12.0
7f800be59000-7f800be5a000 r--p 00027000 103:02 4815185                   /usr/lib/libjxl_cms.so.0.12.0
7f800be5a000-7f800be5b000 rw-p 00028000 103:02 4815185                   /usr/lib/libjxl_cms.so.0.12.0
7f800be5b000-7f800be5f000 r--p 00000000 103:02 4758497                   /usr/lib/libbsd.so.0.12.2
7f800be5f000-7f800be6a000 r-xp 00004000 103:02 4758497                   /usr/lib/libbsd.so.0.12.2
7f800be6a000-7f800be6d000 r--p 0000f000 103:02 4758497                   /usr/lib/libbsd.so.0.12.2
7f800be6d000-7f800be6e000 r--p 00011000 103:02 4758497                   /usr/lib/libbsd.so.0.12.2
7f800be6e000-7f800be6f000 rw-p 00012000 103:02 4758497                   /usr/lib/libbsd.so.0.12.2
7f800be6f000-7f800be70000 rw-p 00000000 00:00 0 
7f800be70000-7f800be76000 r--p 00000000 103:02 4769212                   /usr/lib/libmodplug.so.1.0.0
7f800be76000-7f800beb4000 r-xp 00006000 103:02 4769212                   /usr/lib/libmodplug.so.1.0.0
7f800beb4000-7f800bec1000 r--p 00044000 103:02 4769212                   /usr/lib/libmodplug.so.1.0.0
7f800bec1000-7f800bec2000 r--p 00051000 103:02 4769212                   /usr/lib/libmodplug.so.1.0.0
7f800bec2000-7f800bec3000 rw-p 00052000 103:02 4769212                   /usr/lib/libmodplug.so.1.0.0
7f800bec3000-7f800c000000 rw-p 00000000 00:00 0 
7f800c000000-7f800c006000 r-xp 00000000 103:02 1313995                   /opt/cuda/targets/x86_64-linux/lib/libOpenCL.so.1.0.0
7f800c006000-7f800c205000 ---p 00006000 103:02 1313995                   /opt/cuda/targets/x86_64-linux/lib/libOpenCL.so.1.0.0
7f800c205000-7f800c207000 r--p 00005000 103:02 1313995                   /opt/cuda/targets/x86_64-linux/lib/libOpenCL.so.1.0.0
7f800c207000-7f800c208000 rw-p 00007000 103:02 1313995                   /opt/cuda/targets/x86_64-linux/lib/libOpenCL.so.1.0.0
7f800c20c000-7f800c20e000 r--p 00000000 103:02 4792845                   /usr/lib/libogg.so.0.8.6
7f800c20e000-7f800c211000 r-xp 00002000 103:02 4792845                   /usr/lib/libogg.so.0.8.6
7f800c211000-7f800c214000 r--p 00005000 103:02 4792845                   /usr/lib/libogg.so.0.8.6
7f800c214000-7f800c215000 r--p 00008000 103:02 4792845                   /usr/lib/libogg.so.0.8.6
7f800c215000-7f800c216000 rw-p 00009000 103:02 4792845                   /usr/lib/libogg.so.0.8.6
7f800c216000-7f800c218000 r--p 00000000 103:02 4769556                   /usr/lib/libv4l2.so.0.0.0
7f800c218000-7f800c21e000 r-xp 00002000 103:02 4769556                   /usr/lib/libv4l2.so.0.0.0
7f800c21e000-7f800c220000 r--p 00008000 103:02 4769556                   /usr/lib/libv4l2.so.0.0.0
7f800c220000-7f800c221000 r--p 00009000 103:02 4769556                   /usr/lib/libv4l2.so.0.0.0
7f800c221000-7f800c225000 rw-p 0000a000 103:02 4769556                   /usr/lib/libv4l2.so.0.0.0
7f800c225000-7f800c228000 r--p 00000000 103:02 4815220                   /usr/lib/liblz4.so.1.10.0
7f800c228000-7f800c246000 r-xp 00003000 103:02 4815220                   /usr/lib/liblz4.so.1.10.0
7f800c246000-7f800c248000 r--p 00021000 103:02 4815220                   /usr/lib/liblz4.so.1.10.0
7f800c248000-7f800c249000 r--p 00023000 103:02 4815220                   /usr/lib/liblz4.so.1.10.0
7f800c249000-7f800c24a000 rw-p 00024000 103:02 4815220                   /usr/lib/liblz4.so.1.10.0
7f800c24a000-7f800c24c000 r--p 00000000 103:02 4788171                   /usr/lib/libsoxr.so.0.1.2
7f800c24c000-7f800c270000 r-xp 00002000 103:02 4788171                   /usr/lib/libsoxr.so.0.1.2
7f800c270000-7f800c275000 r--p 00026000 103:02 4788171                   /usr/lib/libsoxr.so.0.1.2
7f800c275000-7f800c277000 r--p 0002a000 103:02 4788171                   /usr/lib/libsoxr.so.0.1.2
7f800c277000-7f800c278000 rw-p 0002c000 103:02 4788171                   /usr/lib/libsoxr.so.0.1.2
7f800c278000-7f800c2ad000 rw-p 00000000 00:00 0 
7f800c2ad000-7f800c2b7000 r--p 00000000 103:02 4769595                   /usr/lib/libvmaf.so.3.2.0
7f800c2b7000-7f800c313000 r-xp 0000a000 103:02 4769595                   /usr/lib/libvmaf.so.3.2.0
7f800c313000-7f800c326000 r--p 00066000 103:02 4769595                   /usr/lib/libvmaf.so.3.2.0
7f800c326000-7f800c329000 r--p 00079000 103:02 4769595                   /usr/lib/libvmaf.so.3.2.0
7f800c329000-7f800c3c0000 rw-p 0007c000 103:02 4769595                   /usr/lib/libvmaf.so.3.2.0
7f800c3c0000-7f800c400000 rw-p 00000000 00:00 0 
7f800c400000-7f800c45f000 r--p 00000000 103:02 4835194                   /usr/lib/libx265.so.217
7f800c45f000-7f800d877000 r-xp 0005f000 103:02 4835194                   /usr/lib/libx265.so.217
7f800d877000-7f800d8fb000 r--p 01477000 103:02 4835194                   /usr/lib/libx265.so.217
7f800d8fb000-7f800d910000 r--p 014fa000 103:02 4835194                   /usr/lib/libx265.so.217
7f800d910000-7f800d913000 rw-p 0150f000 103:02 4835194                   /usr/lib/libx265.so.217
7f800d913000-7f800d925000 rw-p 00000000 00:00 0 
7f800d925000-7f800d928000 r--p 00000000 103:02 4769084                   /usr/lib/libiec61883.so.0.1.1
7f800d928000-7f800d92f000 r-xp 00003000 103:02 4769084                   /usr/lib/libiec61883.so.0.1.1
7f800d92f000-7f800d932000 r--p 0000a000 103:02 4769084                   /usr/lib/libiec61883.so.0.1.1
7f800d932000-7f800d933000 r--p 0000d000 103:02 4769084                   /usr/lib/libiec61883.so.0.1.1
7f800d933000-7f800d934000 rw-p 0000e000 103:02 4769084                   /usr/lib/libiec61883.so.0.1.1
7f800d934000-7f800d939000 r--p 00000000 103:02 4768962                   /usr/lib/libraw1394.so.11.1.0
7f800d939000-7f800d941000 r-xp 00005000 103:02 4768962                   /usr/lib/libraw1394.so.11.1.0
7f800d941000-7f800d944000 r--p 0000d000 103:02 4768962                   /usr/lib/libraw1394.so.11.1.0
7f800d944000-7f800d945000 r--p 0000f000 103:02 4768962                   /usr/lib/libraw1394.so.11.1.0
7f800d945000-7f800d946000 rw-p 00010000 103:02 4768962                   /usr/lib/libraw1394.so.11.1.0
7f800d946000-7f800d948000 r--p 00000000 103:02 4737828                   /usr/lib/libpsl.so.5.3.5
7f800d948000-7f800d94a000 r-xp 00002000 103:02 4737828                   /usr/lib/libpsl.so.5.3.5
7f800d94a000-7f800d958000 r--p 00004000 103:02 4737828                   /usr/lib/libpsl.so.5.3.5
7f800d958000-7f800d959000 r--p 00011000 103:02 4737828                   /usr/lib/libpsl.so.5.3.5
7f800d959000-7f800d95a000 rw-p 00012000 103:02 4737828                   /usr/lib/libpsl.so.5.3.5
7f800d95a000-7f800d978000 r--p 00000000 103:02 4770283                   /usr/lib/libdovi.so.3.4.0
7f800d978000-7f800d9f7000 r-xp 0001d000 103:02 4770283                   /usr/lib/libdovi.so.3.4.0
7f800d9f7000-7f800d9ff000 r--p 0009b000 103:02 4770283                   /usr/lib/libdovi.so.3.4.0
7f800d9ff000-7f800da00000 rw-p 000a2000 103:02 4770283                   /usr/lib/libdovi.so.3.4.0
7f800da00000-7f800da03000 r--p 00000000 103:02 4792842                   /usr/lib/libx264.so.165
7f800da03000-7f800db96000 r-xp 00003000 103:02 4792842                   /usr/lib/libx264.so.165
7f800db96000-7f800dbcf000 r--p 00196000 103:02 4792842                   /usr/lib/libx264.so.165
7f800dbcf000-7f800dbd1000 r--p 001ce000 103:02 4792842                   /usr/lib/libx264.so.165
7f800dbd1000-7f800dbd2000 rw-p 001d0000 103:02 4792842                   /usr/lib/libx264.so.165
7f800dbd2000-7f800dccb000 rw-p 00000000 00:00 0 
7f800dccb000-7f800dccc000 r--s 00000000 00:07 1110                       /dev/nvidiactl
7f800dccc000-7f800dcce000 r--p 00000000 103:02 4726081                   /usr/lib/libcom_err.so.2.1
7f800dcce000-7f800dccf000 r-xp 00002000 103:02 4726081                   /usr/lib/libcom_err.so.2.1
7f800dccf000-7f800dcd0000 r--p 00003000 103:02 4726081                   /usr/lib/libcom_err.so.2.1
7f800dcd0000-7f800dcd1000 r--p 00003000 103:02 4726081                   /usr/lib/libcom_err.so.2.1
7f800dcd1000-7f800dcd2000 rw-p 00004000 103:02 4726081                   /usr/lib/libcom_err.so.2.1
7f800dcd2000-7f800dcd4000 r--p 00000000 103:02 4737748                   /usr/lib/libidn2.so.0.4.0
7f800dcd4000-7f800dcd8000 r-xp 00002000 103:02 4737748                   /usr/lib/libidn2.so.0.4.0
7f800dcd8000-7f800dcf2000 r--p 00006000 103:02 4737748                   /usr/lib/libidn2.so.0.4.0
7f800dcf2000-7f800dcf3000 r--p 0001f000 103:02 4737748                   /usr/lib/libidn2.so.0.4.0
7f800dcf3000-7f800dcf4000 rw-p 00020000 103:02 4737748                   /usr/lib/libidn2.so.0.4.0
7f800dcf4000-7f800dcf8000 r--p 00000000 103:02 4750269                   /usr/lib/libnghttp2.so.14.29.5
7f800dcf8000-7f800dd0e000 r-xp 00004000 103:02 4750269                   /usr/lib/libnghttp2.so.14.29.5
7f800dd0e000-7f800dd1a000 r--p 0001a000 103:02 4750269                   /usr/lib/libnghttp2.so.14.29.5
7f800dd1a000-7f800dd1d000 r--p 00025000 103:02 4750269                   /usr/lib/libnghttp2.so.14.29.5
7f800dd1d000-7f800dd1e000 rw-p 00028000 103:02 4750269                   /usr/lib/libnghttp2.so.14.29.5
7f800dd1e000-7f800dd60000 r--p 00000000 103:02 4757008                   /usr/lib/libzmq.so.5.2.5
7f800dd60000-7f800ddd4000 r-xp 00042000 103:02 4757008                   /usr/lib/libzmq.so.5.2.5
7f800ddd4000-7f800ddf5000 r--p 000b6000 103:02 4757008                   /usr/lib/libzmq.so.5.2.5
7f800ddf5000-7f800ddff000 r--p 000d6000 103:02 4757008                   /usr/lib/libzmq.so.5.2.5
7f800ddff000-7f800de00000 rw-p 000e0000 103:02 4757008                   /usr/lib/libzmq.so.5.2.5
7f800de00000-7f800de04000 r--p 00000000 103:02 4817227                   /usr/lib/libSvtAv1Enc.so.4.2.0
7f800de04000-7f800e266000 r-xp 00004000 103:02 4817227                   /usr/lib/libSvtAv1Enc.so.4.2.0
7f800e266000-7f800e32a000 r--p 00466000 103:02 4817227                   /usr/lib/libSvtAv1Enc.so.4.2.0
7f800e32a000-7f800e32e000 r--p 00529000 103:02 4817227                   /usr/lib/libSvtAv1Enc.so.4.2.0
7f800e32e000-7f800e330000 rw-p 0052d000 103:02 4817227                   /usr/lib/libSvtAv1Enc.so.4.2.0
7f800e330000-7f801636e000 rw-p 00000000 00:00 0 
7f8016371000-7f801637f000 r--p 00000000 103:02 4826263                   /usr/lib/libssh.so.4.12.0
7f801637f000-7f80163dc000 r-xp 0000e000 103:02 4826263                   /usr/lib/libssh.so.4.12.0
7f80163dc000-7f80163fc000 r--p 0006b000 103:02 4826263                   /usr/lib/libssh.so.4.12.0
7f80163fc000-7f80163fe000 r--p 0008b000 103:02 4826263                   /usr/lib/libssh.so.4.12.0
7f80163fe000-7f8016400000 rw-p 0008d000 103:02 4826263                   /usr/lib/libssh.so.4.12.0
7f8016400000-7f8016488000 r--p 00000000 103:02 4812078                   /usr/lib/librav1e.so.0.8.1
7f8016488000-7f80166ff000 r-xp 00087000 103:02 4812078                   /usr/lib/librav1e.so.0.8.1
7f80166ff000-7f8016722000 r--p 002fd000 103:02 4812078                   /usr/lib/librav1e.so.0.8.1
7f8016722000-7f8016723000 rw-p 0031f000 103:02 4812078                   /usr/lib/librav1e.so.0.8.1
7f8016723000-7f8016724000 rw-p 00000000 00:00 0 
7f8016725000-7f8016727000 r--p 00000000 103:02 4725865                   /usr/lib/libacl.so.1.2.2400
7f8016727000-7f801672d000 r-xp 00002000 103:02 4725865                   /usr/lib/libacl.so.1.2.2400
7f801672d000-7f801672f000 r--p 00008000 103:02 4725865                   /usr/lib/libacl.so.1.2.2400
7f801672f000-7f8016730000 r--p 00009000 103:02 4725865                   /usr/lib/libacl.so.1.2.2400
7f8016730000-7f8016731000 rw-p 0000a000 103:02 4725865                   /usr/lib/libacl.so.1.2.2400
7f8016731000-7f8016734000 r--p 00000000 103:02 4750283                   /usr/lib/libnghttp3.so.9.9.0
7f8016734000-7f8016749000 r-xp 00003000 103:02 4750283                   /usr/lib/libnghttp3.so.9.9.0
7f8016749000-7f8016756000 r--p 00018000 103:02 4750283                   /usr/lib/libnghttp3.so.9.9.0
7f8016756000-7f8016757000 r--p 00024000 103:02 4750283                   /usr/lib/libnghttp3.so.9.9.0
7f8016757000-7f8016759000 rw-p 00025000 103:02 4750283                   /usr/lib/libnghttp3.so.9.9.0
7f8016759000-7f801676a000 r--p 00000000 103:02 4725963                   /usr/lib/libgmp.so.10.5.0
7f801676a000-7f80167e8000 r-xp 00011000 103:02 4725963                   /usr/lib/libgmp.so.10.5.0
7f80167e8000-7f80167fd000 r--p 0008f000 103:02 4725963                   /usr/lib/libgmp.so.10.5.0
7f80167fd000-7f80167ff000 r--p 000a3000 103:02 4725963                   /usr/lib/libgmp.so.10.5.0
7f80167ff000-7f8016800000 rw-p 000a5000 103:02 4725963                   /usr/lib/libgmp.so.10.5.0
7f8016800000-7f8016803000 r--p 00000000 103:02 4816266                   /usr/lib/libopus.so.0.11.1
7f8016803000-7f8016878000 r-xp 00003000 103:02 4816266                   /usr/lib/libopus.so.0.11.1
7f8016878000-7f8016bf4000 r--p 00078000 103:02 4816266                   /usr/lib/libopus.so.0.11.1
7f8016bf4000-7f8016bf8000 r--p 003f3000 103:02 4816266                   /usr/lib/libopus.so.0.11.1
7f8016bf8000-7f8016bf9000 rw-p 003f7000 103:02 4816266                   /usr/lib/libopus.so.0.11.1
7f8016bf9000-7f8016bfb000 r--p 00000000 103:02 4768973                   /usr/lib/libavc1394.so.0.3.0
7f8016bfb000-7f8016bfd000 r-xp 00002000 103:02 4768973                   /usr/lib/libavc1394.so.0.3.0
7f8016bfd000-7f8016bfe000 r--p 00004000 103:02 4768973                   /usr/lib/libavc1394.so.0.3.0
7f8016bfe000-7f8016bff000 r--p 00004000 103:02 4768973                   /usr/lib/libavc1394.so.0.3.0
7f8016bff000-7f8016c00000 rw-p 00005000 103:02 4768973                   /usr/lib/libavc1394.so.0.3.0
7f8016c00000-7f8016c04000 r--p 00000000 103:02 4755238                   /usr/lib/libjxl.so.0.12.0
7f8016c04000-7f8016f49000 r-xp 00004000 103:02 4755238                   /usr/lib/libjxl.so.0.12.0
7f8016f49000-7f8016faf000 r--p 00349000 103:02 4755238                   /usr/lib/libjxl.so.0.12.0
7f8016faf000-7f8016fb7000 r--p 003ae000 103:02 4755238                   /usr/lib/libjxl.so.0.12.0
7f8016fb7000-7f8016fb8000 rw-p 003b6000 103:02 4755238                   /usr/lib/libjxl.so.0.12.0
7f8016fb8000-7f8017036000 rw-p 00000000 00:00 0 
7f8017038000-7f801703b000 r--p 00000000 103:02 4757522                   /usr/lib/libngtcp2_crypto_ossl.so.0.3.1
7f801703b000-7f8017041000 r-xp 00003000 103:02 4757522                   /usr/lib/libngtcp2_crypto_ossl.so.0.3.1
7f8017041000-7f8017043000 r--p 00009000 103:02 4757522                   /usr/lib/libngtcp2_crypto_ossl.so.0.3.1
7f8017043000-7f8017044000 r--p 0000a000 103:02 4757522                   /usr/lib/libngtcp2_crypto_ossl.so.0.3.1
7f8017044000-7f8017045000 rw-p 0000b000 103:02 4757522                   /usr/lib/libngtcp2_crypto_ossl.so.0.3.1
7f8017045000-7f8017047000 r--p 00000000 103:02 4835240                   /usr/lib/libglslang-default-resource-limits.so.16.4.0
7f8017047000-7f801704b000 r-xp 00002000 103:02 4835240                   /usr/lib/libglslang-default-resource-limits.so.16.4.0
7f801704b000-7f801704d000 r--p 00006000 103:02 4835240                   /usr/lib/libglslang-default-resource-limits.so.16.4.0
7f801704d000-7f801704e000 r--p 00008000 103:02 4835240                   /usr/lib/libglslang-default-resource-limits.so.16.4.0
7f801704e000-7f801704f000 rw-p 00009000 103:02 4835240                   /usr/lib/libglslang-default-resource-limits.so.16.4.0
7f801704f000-7f8017054000 r--p 00000000 103:02 4743300                   /usr/lib/libshaderc_shared.so.1
7f8017054000-7f8017067000 r-xp 00005000 103:02 4743300                   /usr/lib/libshaderc_shared.so.1
7f8017067000-7f801706b000 r--p 00018000 103:02 4743300                   /usr/lib/libshaderc_shared.so.1
7f801706b000-7f801706c000 r--p 0001b000 103:02 4743300                   /usr/lib/libshaderc_shared.so.1
7f801706c000-7f801706d000 rw-p 0001c000 103:02 4743300                   /usr/lib/libshaderc_shared.so.1
7f801706d000-7f801706e000 r--p 00000000 103:02 4836934                   /usr/lib/libxvidcore.so.4.3
7f801706e000-7f80170f6000 r-xp 00001000 103:02 4836934                   /usr/lib/libxvidcore.so.4.3
7f80170f6000-7f8017105000 r--p 00089000 103:02 4836934                   /usr/lib/libxvidcore.so.4.3
7f8017105000-7f8017106000 r--p 00097000 103:02 4836934                   /usr/lib/libxvidcore.so.4.3
7f8017106000-7f8017110000 rw-p 00098000 103:02 4836934                   /usr/lib/libxvidcore.so.4.3
7f8017110000-7f8017179000 rw-p 00000000 00:00 0 
7f8017179000-7f801717c000 r--p 00000000 103:02 4755359                   /usr/lib/libwebp.so.7.2.0
7f801717c000-7f80171ed000 r-xp 00003000 103:02 4755359                   /usr/lib/libwebp.so.7.2.0
7f80171ed000-7f80171fd000 r--p 00074000 103:02 4755359                   /usr/lib/libwebp.so.7.2.0
7f80171fd000-7f80171fe000 r--p 00083000 103:02 4755359                   /usr/lib/libwebp.so.7.2.0
7f80171fe000-7f80171ff000 rw-p 00084000 103:02 4755359                   /usr/lib/libwebp.so.7.2.0
7f80171ff000-7f8017200000 rw-p 00000000 00:00 0 
7f8017200000-7f8017203000 r--p 00000000 103:02 4744981                   /usr/lib/libaom.so.3.14.1
7f8017203000-7f80179a2000 r-xp 00003000 103:02 4744981                   /usr/lib/libaom.so.3.14.1
7f80179a2000-7f8017a79000 r--p 007a2000 103:02 4744981                   /usr/lib/libaom.so.3.14.1
7f8017a79000-7f8017a8a000 r--p 00879000 103:02 4744981                   /usr/lib/libaom.so.3.14.1
7f8017a8a000-7f8017a8c000 rw-p 0088a000 103:02 4744981                   /usr/lib/libaom.so.3.14.1
7f8017a8c000-7f8017ae3000 rw-p 00000000 00:00 0 
7f8017ae3000-7f8017ae5000 r--p 00000000 103:02 4751858                   /usr/lib/libxcb-shape.so.0.0.0
7f8017ae5000-7f8017ae6000 r-xp 00002000 103:02 4751858                   /usr/lib/libxcb-shape.so.0.0.0
7f8017ae6000-7f8017ae7000 r--p 00003000 103:02 4751858                   /usr/lib/libxcb-shape.so.0.0.0
7f8017ae7000-7f8017ae8000 r--p 00003000 103:02 4751858                   /usr/lib/libxcb-shape.so.0.0.0
7f8017ae8000-7f8017ae9000 rw-p 00004000 103:02 4751858                   /usr/lib/libxcb-shape.so.0.0.0
7f8017ae9000-7f8017aeb000 r--p 00000000 103:02 4763199                   /usr/lib/libunwind.so.8.2.0
7f8017aeb000-7f8017af6000 r-xp 00002000 103:02 4763199                   /usr/lib/libunwind.so.8.2.0
7f8017af6000-7f8017af8000 r--p 0000d000 103:02 4763199                   /usr/lib/libunwind.so.8.2.0
7f8017af8000-7f8017af9000 r--p 0000e000 103:02 4763199                   /usr/lib/libunwind.so.8.2.0
7f8017af9000-7f8017afa000 rw-p 0000f000 103:02 4763199                   /usr/lib/libunwind.so.8.2.0
7f8017afa000-7f8017b04000 rw-p 00000000 00:00 0 
7f8017b04000-7f8017b08000 r--p 00000000 103:02 4837269                   /usr/lib/libvpl.so.2.17
7f8017b08000-7f8017b52000 r-xp 00004000 103:02 4837269                   /usr/lib/libvpl.so.2.17
7f8017b52000-7f8017b65000 r--p 0004e000 103:02 4837269                   /usr/lib/libvpl.so.2.17
7f8017b65000-7f8017b67000 r--p 00060000 103:02 4837269                   /usr/lib/libvpl.so.2.17
7f8017b67000-7f8017b68000 rw-p 00062000 103:02 4837269                   /usr/lib/libvpl.so.2.17
7f8017b68000-7f8017b69000 r--p 00000000 103:02 4769018                   /usr/lib/libvorbisenc.so.2.0.12
7f8017b69000-7f8017b6c000 r-xp 00001000 103:02 4769018                   /usr/lib/libvorbisenc.so.2.0.12
7f8017b6c000-7f8017be3000 r--p 00004000 103:02 4769018                   /usr/lib/libvorbisenc.so.2.0.12
7f8017be3000-7f8017bff000 r--p 0007a000 103:02 4769018                   /usr/lib/libvorbisenc.so.2.0.12
7f8017bff000-7f8017c00000 rw-p 00096000 103:02 4769018                   /usr/lib/libvorbisenc.so.2.0.12
7f8017c00000-7f8017c09000 r--p 00000000 103:02 4814627                   /usr/lib/librsvg-2.so.2.62.3
7f8017c09000-7f8017f0e000 r-xp 00009000 103:02 4814627                   /usr/lib/librsvg-2.so.2.62.3
7f8017f0e000-7f801801e000 r--p 0030e000 103:02 4814627                   /usr/lib/librsvg-2.so.2.62.3
7f801801e000-7f801808e000 r--p 0041d000 103:02 4814627                   /usr/lib/librsvg-2.so.2.62.3
7f801808e000-7f801808f000 rw-p 0048d000 103:02 4814627                   /usr/lib/librsvg-2.so.2.62.3
7f801808f000-7f8018090000 r--p 00000000 103:02 4768976                   /usr/lib/librom1394.so.0.3.0
7f8018090000-7f8018092000 r-xp 00001000 103:02 4768976                   /usr/lib/librom1394.so.0.3.0
7f8018092000-7f8018093000 r--p 00003000 103:02 4768976                   /usr/lib/librom1394.so.0.3.0
7f8018093000-7f8018094000 r--p 00003000 103:02 4768976                   /usr/lib/librom1394.so.0.3.0
7f8018094000-7f8018095000 rw-p 00004000 103:02 4768976                   /usr/lib/librom1394.so.0.3.0
7f8018095000-7f8018098000 r--p 00000000 103:02 4773735                   /usr/lib/libdvdread.so.8.2.0
7f8018098000-7f80180b6000 r-xp 00003000 103:02 4773735                   /usr/lib/libdvdread.so.8.2.0
7f80180b6000-7f80180bf000 r--p 00021000 103:02 4773735                   /usr/lib/libdvdread.so.8.2.0
7f80180bf000-7f80180c0000 r--p 0002a000 103:02 4773735                   /usr/lib/libdvdread.so.8.2.0
7f80180c0000-7f80180c1000 rw-p 0002b000 103:02 4773735                   /usr/lib/libdvdread.so.8.2.0
7f80180c1000-7f80180c6000 r--p 00000000 103:02 4769333                   /usr/lib/libvidstab.so.1.2
7f80180c6000-7f80180d2000 r-xp 00005000 103:02 4769333                   /usr/lib/libvidstab.so.1.2
7f80180d2000-7f80180d6000 r--p 00011000 103:02 4769333                   /usr/lib/libvidstab.so.1.2
7f80180d6000-7f80180d7000 r--p 00014000 103:02 4769333                   /usr/lib/libvidstab.so.1.2
7f80180d7000-7f80180d8000 rw-p 00015000 103:02 4769333                   /usr/lib/libvidstab.so.1.2
7f80180d8000-7f80180da000 r--p 00000000 103:02 4769073                   /usr/lib/libbs2b.so.0.0.0
7f80180da000-7f80180dd000 r-xp 00002000 103:02 4769073                   /usr/lib/libbs2b.so.0.0.0
7f80180dd000-7f80180de000 r--p 00005000 103:02 4769073                   /usr/lib/libbs2b.so.0.0.0
7f80180de000-7f80180df000 r--p 00005000 103:02 4769073                   /usr/lib/libbs2b.so.0.0.0
7f80180df000-7f80180e0000 rw-p 00006000 103:02 4769073                   /usr/lib/libbs2b.so.0.0.0
7f80180e0000-7f80180e3000 r--p 00000000 103:02 4769013                   /usr/lib/libvorbis.so.0.4.9
7f80180e3000-7f80180fb000 r-xp 00003000 103:02 4769013                   /usr/lib/libvorbis.so.0.4.9
7f80180fb000-7f801810c000 r--p 0001b000 103:02 4769013                   /usr/lib/libvorbis.so.0.4.9
7f801810c000-7f801810d000 r--p 0002b000 103:02 4769013                   /usr/lib/libvorbis.so.0.4.9
7f801810d000-7f801810e000 rw-p 0002c000 103:02 4769013                   /usr/lib/libvorbis.so.0.4.9
7f801810e000-7f801810f000 r--p 00000000 103:02 4816286                   /usr/lib/libtheoraenc.so.2.2.1
7f801810f000-7f8018133000 r-xp 00001000 103:02 4816286                   /usr/lib/libtheoraenc.so.2.2.1
7f8018133000-7f801813f000 r--p 00025000 103:02 4816286                   /usr/lib/libtheoraenc.so.2.2.1
7f801813f000-7f8018140000 r--p 00030000 103:02 4816286                   /usr/lib/libtheoraenc.so.2.2.1
7f8018140000-7f8018141000 rw-p 00031000 103:02 4816286                   /usr/lib/libtheoraenc.so.2.2.1
7f8018141000-7f8018143000 r--p 00000000 103:02 4769495                   /usr/lib/libspeex.so.1.5.2
7f8018143000-7f8018156000 r-xp 00002000 103:02 4769495                   /usr/lib/libspeex.so.1.5.2
7f8018156000-7f801815b000 r--p 00015000 103:02 4769495                   /usr/lib/libspeex.so.1.5.2
7f801815b000-7f801815c000 r--p 0001a000 103:02 4769495                   /usr/lib/libspeex.so.1.5.2
7f801815c000-7f801815d000 rw-p 0001b000 103:02 4769495                   /usr/lib/libspeex.so.1.5.2
7f801815d000-7f8018164000 r--p 00000000 103:02 4755382                   /usr/lib/libopenjp2.so.2.5.4
7f8018164000-7f80181bc000 r-xp 00007000 103:02 4755382                   /usr/lib/libopenjp2.so.2.5.4
7f80181bc000-7f80181ce000 r--p 0005f000 103:02 4755382                   /usr/lib/libopenjp2.so.2.5.4
7f80181ce000-7f80181d0000 r--p 00071000 103:02 4755382                   /usr/lib/libopenjp2.so.2.5.4
7f80181d0000-7f80181d1000 rw-p 00073000 103:02 4755382                   /usr/lib/libopenjp2.so.2.5.4
7f80181d1000-7f80181d6000 r--p 00000000 103:02 4818072                   /usr/lib/libmp3lame.so.0.0.0
7f80181d6000-7f80181ff000 r-xp 00005000 103:02 4818072                   /usr/lib/libmp3lame.so.0.0.0
7f80181ff000-7f801820c000 r--p 0002e000 103:02 4818072                   /usr/lib/libmp3lame.so.0.0.0
7f801820c000-7f801820d000 r--p 0003b000 103:02 4818072                   /usr/lib/libmp3lame.so.0.0.0
7f801820d000-7f801820e000 rw-p 0003c000 103:02 4818072                   /usr/lib/libmp3lame.so.0.0.0
7f801820e000-7f801821f000 rw-p 00000000 00:00 0 
7f801821f000-7f8018221000 r--p 00000000 103:02 4817089                   /usr/lib/libdav1d.so.7.0.0
7f8018221000-7f801839f000 r-xp 00002000 103:02 4817089                   /usr/lib/libdav1d.so.7.0.0
7f801839f000-7f80183d7000 r--p 00180000 103:02 4817089                   /usr/lib/libdav1d.so.7.0.0
7f80183d7000-7f80183db000 r--p 001b7000 103:02 4817089                   /usr/lib/libdav1d.so.7.0.0
7f80183db000-7f80183dc000 rw-p 001bb000 103:02 4817089                   /usr/lib/libdav1d.so.7.0.0
7f80183dc000-7f8018400000 rw-p 00000000 00:00 0 
7f8018400000-7f8018402000 r--p 00000000 103:02 4817225                   /usr/lib/libvpx.so.12.0.0
7f8018402000-7f80186f0000 r-xp 00002000 103:02 4817225                   /usr/lib/libvpx.so.12.0.0
7f80186f0000-7f8018725000 r--p 002f0000 103:02 4817225                   /usr/lib/libvpx.so.12.0.0
7f8018725000-7f8018728000 r--p 00325000 103:02 4817225                   /usr/lib/libvpx.so.12.0.0
7f8018728000-7f8018729000 rw-p 00328000 103:02 4817225                   /usr/lib/libvpx.so.12.0.0
7f8018729000-7f8018730000 rw-p 00000000 00:00 0 
7f8018730000-7f8018732000 r--p 00000000 103:02 4769303                   /usr/lib/libtheoradec.so.2.1.1
7f8018732000-7f8018744000 r-xp 00002000 103:02 4769303                   /usr/lib/libtheoradec.so.2.1.1
7f8018744000-7f8018746000 r--p 00014000 103:02 4769303                   /usr/lib/libtheoradec.so.2.1.1
7f8018746000-7f8018747000 r--p 00015000 103:02 4769303                   /usr/lib/libtheoradec.so.2.1.1
7f8018747000-7f8018748000 rw-p 00016000 103:02 4769303                   /usr/lib/libtheoradec.so.2.1.1
7f8018748000-7f8018749000 r--p 00000000 103:02 4769453                   /usr/lib/libopencore-amrnb.so.0.0.5
7f8018749000-7f8018766000 r-xp 00001000 103:02 4769453                   /usr/lib/libopencore-amrnb.so.0.0.5
7f8018766000-7f8018770000 r--p 0001e000 103:02 4769453                   /usr/lib/libopencore-amrnb.so.0.0.5
7f8018770000-7f8018771000 r--p 00027000 103:02 4769453                   /usr/lib/libopencore-amrnb.so.0.0.5
7f8018771000-7f8018772000 rw-p 00028000 103:02 4769453                   /usr/lib/libopencore-amrnb.so.0.0.5
7f8018772000-7f8018773000 r--p 00000000 103:02 4837255                   /usr/lib/libjxl_threads.so.0.12.0
7f8018773000-7f8018775000 r-xp 00001000 103:02 4837255                   /usr/lib/libjxl_threads.so.0.12.0
7f8018775000-7f8018776000 r--p 00003000 103:02 4837255                   /usr/lib/libjxl_threads.so.0.12.0
7f8018776000-7f8018777000 r--p 00003000 103:02 4837255                   /usr/lib/libjxl_threads.so.0.12.0
7f8018777000-7f8018778000 rw-p 00004000 103:02 4837255                   /usr/lib/libjxl_threads.so.0.12.0
7f8018778000-7f801877a000 r--p 00000000 103:02 4767530                   /usr/lib/libgsm.so.1.0.22
7f801877a000-7f8018784000 r-xp 00002000 103:02 4767530                   /usr/lib/libgsm.so.1.0.22
7f8018784000-7f8018785000 r--p 0000c000 103:02 4767530                   /usr/lib/libgsm.so.1.0.22
7f8018785000-7f8018786000 r--p 0000d000 103:02 4767530                   /usr/lib/libgsm.so.1.0.22
7f8018786000-7f8018787000 rw-p 0000e000 103:02 4767530                   /usr/lib/libgsm.so.1.0.22
7f8018787000-7f8018788000 r--p 00000000 103:02 4788175                   /usr/lib/libopencore-amrwb.so.0.0.5
7f8018788000-7f8018794000 r-xp 00001000 103:02 4788175                   /usr/lib/libopencore-amrwb.so.0.0.5
7f8018794000-7f801879b000 r--p 0000d000 103:02 4788175                   /usr/lib/libopencore-amrwb.so.0.0.5
7f801879b000-7f801879c000 r--p 00013000 103:02 4788175                   /usr/lib/libopencore-amrwb.so.0.0.5
7f801879c000-7f801879d000 rw-p 00014000 103:02 4788175                   /usr/lib/libopencore-amrwb.so.0.0.5
7f801879d000-7f80187a1000 r--p 00000000 103:02 4733684                   /usr/lib/liblzma.so.5.8.3
7f80187a1000-7f80187c5000 r-xp 00004000 103:02 4733684                   /usr/lib/liblzma.so.5.8.3
7f80187c5000-7f80187d0000 r--p 00028000 103:02 4733684                   /usr/lib/liblzma.so.5.8.3
7f80187d0000-7f80187d1000 r--p 00033000 103:02 4733684                   /usr/lib/liblzma.so.5.8.3
7f80187d1000-7f80187d2000 rw-p 00034000 103:02 4733684                   /usr/lib/liblzma.so.5.8.3
7f80187d2000-7f80187d3000 r--p 00000000 103:02 4763771                   /usr/lib/libunibreak.so.7.0.0
7f80187d3000-7f80187d6000 r-xp 00001000 103:02 4763771                   /usr/lib/libunibreak.so.7.0.0
7f80187d6000-7f80187f3000 r--p 00004000 103:02 4763771                   /usr/lib/libunibreak.so.7.0.0
7f80187f3000-7f80187f4000 r--p 00020000 103:02 4763771                   /usr/lib/libunibreak.so.7.0.0
7f80187f4000-7f80187f5000 rw-p 00021000 103:02 4763771                   /usr/lib/libunibreak.so.7.0.0
7f80187f5000-7f80187f8000 r--p 00000000 103:02 4837263                   /usr/lib/libva.so.2.2400.0
7f80187f8000-7f801881a000 r-xp 00003000 103:02 4837263                   /usr/lib/libva.so.2.2400.0
7f801881a000-7f801882d000 r--p 00025000 103:02 4837263                   /usr/lib/libva.so.2.2400.0
7f801882d000-7f801882e000 r--p 00038000 103:02 4837263                   /usr/lib/libva.so.2.2400.0
7f801882e000-7f801882f000 rw-p 00039000 103:02 4837263                   /usr/lib/libva.so.2.2400.0
7f801882f000-7f8018836000 r--p 00000000 103:02 4771963                   /usr/lib/libvulkan.so.1.4.357
7f8018836000-7f8018895000 r-xp 00007000 103:02 4771963                   /usr/lib/libvulkan.so.1.4.357
7f8018895000-7f80188ca000 r--p 00066000 103:02 4771963                   /usr/lib/libvulkan.so.1.4.357
7f80188ca000-7f80188cc000 r--p 0009a000 103:02 4771963                   /usr/lib/libvulkan.so.1.4.357
7f80188cc000-7f80188cd000 rw-p 0009c000 103:02 4771963                   /usr/lib/libvulkan.so.1.4.357
7f80188cd000-7f80188d3000 r--p 00000000 103:02 4774588                   /usr/lib/libsixel.so.1.0.0
7f80188d3000-7f80188f8000 r-xp 00006000 103:02 4774588                   /usr/lib/libsixel.so.1.0.0
7f80188f8000-7f8018901000 r--p 0002b000 103:02 4774588                   /usr/lib/libsixel.so.1.0.0
7f8018901000-7f8018918000 r--p 00033000 103:02 4774588                   /usr/lib/libsixel.so.1.0.0
7f8018918000-7f8018919000 rw-p 0004a000 103:02 4774588                   /usr/lib/libsixel.so.1.0.0
7f8018919000-7f801891e000 r--p 00000000 103:02 4748352                   /usr/lib/libjpeg.so.8.3.2
7f801891e000-7f8018998000 r-xp 00005000 103:02 4748352                   /usr/lib/libjpeg.so.8.3.2
7f8018998000-7f80189bf000 r--p 0007f000 103:02 4748352                   /usr/lib/libjpeg.so.8.3.2
7f80189bf000-7f80189c0000 r--p 000a6000 103:02 4748352                   /usr/lib/libjpeg.so.8.3.2
7f80189c0000-7f80189c1000 rw-p 000a7000 103:02 4748352                   /usr/lib/libjpeg.so.8.3.2
7f80189c1000-7f80189c9000 r--p 00000000 103:02 4777398                   /usr/lib/libcaca.so.0.99.20
7f80189c9000-7f80189e3000 r-xp 00008000 103:02 4777398                   /usr/lib/libcaca.so.0.99.20
7f80189e3000-7f8018a8e000 r--p 00022000 103:02 4777398                   /usr/lib/libcaca.so.0.99.20
7f8018a8e000-7f8018a90000 r--p 000cc000 103:02 4777398                   /usr/lib/libcaca.so.0.99.20
7f8018a90000-7f8018a91000 rw-p 000ce000 103:02 4777398                   /usr/lib/libcaca.so.0.99.20
7f8018a91000-7f8018a9d000 r--p 00000000 103:02 4769245                   /usr/lib/libpulse.so.0.24.3
7f8018a9d000-7f8018acd000 r-xp 0000c000 103:02 4769245                   /usr/lib/libpulse.so.0.24.3
7f8018acd000-7f8018ade000 r--p 0003c000 103:02 4769245                   /usr/lib/libpulse.so.0.24.3
7f8018ade000-7f8018ae0000 r--p 0004c000 103:02 4769245                   /usr/lib/libpulse.so.0.24.3
7f8018ae0000-7f8018ae1000 rw-p 0004e000 103:02 4769245                   /usr/lib/libpulse.so.0.24.3
7f8018ae1000-7f8018aee000 r--p 00000000 103:02 4751534                   /usr/lib/libpipewire-0.3.so.0.1608.0
7f8018aee000-7f8018b75000 r-xp 0000d000 103:02 4751534                   /usr/lib/libpipewire-0.3.so.0.1608.0
7f8018b75000-7f8018b93000 r--p 00094000 103:02 4751534                   /usr/lib/libpipewire-0.3.so.0.1608.0
7f8018b93000-7f8018baf000 r--p 000b2000 103:02 4751534                   /usr/lib/libpipewire-0.3.so.0.1608.0
7f8018baf000-7f8018bb0000 rw-p 000ce000 103:02 4751534                   /usr/lib/libpipewire-0.3.so.0.1608.0
7f8018bb0000-7f8018bb1000 rw-p 00000000 00:00 0 
7f8018bb1000-7f8018bb8000 r--p 00000000 103:02 4768939                   /usr/lib/libjack.so.0.1.0
7f8018bb8000-7f8018be6000 r-xp 00007000 103:02 4768939                   /usr/lib/libjack.so.0.1.0
7f8018be6000-7f8018bfc000 r--p 00035000 103:02 4768939                   /usr/lib/libjack.so.0.1.0
7f8018bfc000-7f8018bff000 r--p 0004a000 103:02 4768939                   /usr/lib/libjack.so.0.1.0
7f8018bff000-7f8018c00000 rw-p 0004d000 103:02 4768939                   /usr/lib/libjack.so.0.1.0
7f8018c00000-7f8018c03000 r--p 00000000 103:02 4771718                   /usr/lib/libswscale.so.10.1.101
7f8018c03000-7f8018ddc000 r-xp 00003000 103:02 4771718                   /usr/lib/libswscale.so.10.1.101
7f8018ddc000-7f8018dfa000 r--p 001dc000 103:02 4771718                   /usr/lib/libswscale.so.10.1.101
7f8018dfa000-7f8018e0e000 r--p 001f9000 103:02 4771718                   /usr/lib/libswscale.so.10.1.101
7f8018e0e000-7f8018e0f000 rw-p 0020d000 103:02 4771718                   /usr/lib/libswscale.so.10.1.101
7f8018e0f000-7f8018e53000 rw-p 00000000 00:00 0 
7f8018e53000-7f8018e54000 r--p 00000000 103:02 7880804                   /usr/lib/jvm/java-26-openjdk/lib/libsyslookup.so
7f8018e54000-7f8018e55000 r-xp 00001000 103:02 7880804                   /usr/lib/jvm/java-26-openjdk/lib/libsyslookup.so
7f8018e55000-7f8018e56000 r--p 00002000 103:02 7880804                   /usr/lib/jvm/java-26-openjdk/lib/libsyslookup.so
7f8018e56000-7f8018e57000 r--p 00002000 103:02 7880804                   /usr/lib/jvm/java-26-openjdk/lib/libsyslookup.so
7f8018e57000-7f8018e58000 rw-p 00003000 103:02 7880804                   /usr/lib/jvm/java-26-openjdk/lib/libsyslookup.so
7f8018e58000-7f8018e5b000 r--p 00000000 103:02 4846487                   /usr/lib/libsnappy.so.1.2.2
7f8018e5b000-7f8018e62000 r-xp 00003000 103:02 4846487                   /usr/lib/libsnappy.so.1.2.2
7f8018e62000-7f8018e65000 r--p 0000a000 103:02 4846487                   /usr/lib/libsnappy.so.1.2.2
7f8018e65000-7f8018e66000 r--p 0000c000 103:02 4846487                   /usr/lib/libsnappy.so.1.2.2
7f8018e66000-7f8018e67000 rw-p 0000d000 103:02 4846487                   /usr/lib/libsnappy.so.1.2.2
7f8018e67000-7f8018e69000 r--p 00000000 103:02 4763355                   /usr/lib/libwebpmux.so.3.1.2
7f8018e69000-7f8018e70000 r-xp 00002000 103:02 4763355                   /usr/lib/libwebpmux.so.3.1.2
7f8018e70000-7f8018e71000 r--p 00009000 103:02 4763355                   /usr/lib/libwebpmux.so.3.1.2
7f8018e71000-7f8018e72000 r--p 0000a000 103:02 4763355                   /usr/lib/libwebpmux.so.3.1.2
7f8018e72000-7f8018e73000 rw-p 0000b000 103:02 4763355                   /usr/lib/libwebpmux.so.3.1.2
7f8018e73000-7f8018e95000 r--p 00000000 103:02 4743150                   /usr/lib/libasound.so.2.0.0
7f8018e95000-7f8018f35000 r-xp 00022000 103:02 4743150                   /usr/lib/libasound.so.2.0.0
7f8018f35000-7f8018f63000 r--p 000c2000 103:02 4743150                   /usr/lib/libasound.so.2.0.0
7f8018f63000-7f8018f6b000 r--p 000f0000 103:02 4743150                   /usr/lib/libasound.so.2.0.0
7f8018f6b000-7f8018f6c000 rw-p 000f8000 103:02 4743150                   /usr/lib/libasound.so.2.0.0
7f8018f6c000-7f8018f6f000 r--p 00000000 103:02 4769435                   /usr/lib/libzimg.so.2.0.0
7f8018f6f000-7f8018fe9000 r-xp 00003000 103:02 4769435                   /usr/lib/libzimg.so.2.0.0
7f8018fe9000-7f8018ffb000 r--p 0007d000 103:02 4769435                   /usr/lib/libzimg.so.2.0.0
7f8018ffb000-7f8018fff000 r--p 0008e000 103:02 4769435                   /usr/lib/libzimg.so.2.0.0
7f8018fff000-7f8019000000 rw-p 00092000 103:02 4769435                   /usr/lib/libzimg.so.2.0.0
7f8019000000-7f801900d000 r--p 00000000 103:02 4755479                   /usr/lib/libavutil.so.61.1.101
7f801900d000-7f80190f7000 r-xp 0000d000 103:02 4755479                   /usr/lib/libavutil.so.61.1.101
7f80190f7000-7f8019121000 r--p 000f7000 103:02 4755479                   /usr/lib/libavutil.so.61.1.101
7f8019121000-7f8019137000 r--p 00120000 103:02 4755479                   /usr/lib/libavutil.so.61.1.101
7f8019137000-7f8019138000 rw-p 00136000 103:02 4755479                   /usr/lib/libavutil.so.61.1.101
7f8019138000-7f8019247000 rw-p 00000000 00:00 0 
7f8019248000-7f801924b000 r--p 00000000 103:02 4767560                   /usr/lib/libdisplay-info.so.0.3.0
7f801924b000-7f8019263000 r-xp 00003000 103:02 4767560                   /usr/lib/libdisplay-info.so.0.3.0
7f8019263000-7f801927f000 r--p 0001b000 103:02 4767560                   /usr/lib/libdisplay-info.so.0.3.0
7f801927f000-7f8019280000 r--p 00036000 103:02 4767560                   /usr/lib/libdisplay-info.so.0.3.0
7f8019280000-7f8019281000 rw-p 00037000 103:02 4767560                   /usr/lib/libdisplay-info.so.0.3.0
7f8019281000-7f8019286000 r--p 00000000 103:02 4774103                   /usr/lib/libluajit-5.1.so.2.1.1787165859
7f8019286000-7f80192fd000 r-xp 00005000 103:02 4774103                   /usr/lib/libluajit-5.1.so.2.1.1787165859
7f80192fd000-7f8019314000 r--p 0007c000 103:02 4774103                   /usr/lib/libluajit-5.1.so.2.1.1787165859
7f8019314000-7f8019317000 r--p 00093000 103:02 4774103                   /usr/lib/libluajit-5.1.so.2.1.1787165859
7f8019317000-7f8019318000 rw-p 00096000 103:02 4774103                   /usr/lib/libluajit-5.1.so.2.1.1787165859
7f8019318000-7f8019327000 r--p 00000000 103:02 4737468                   /usr/lib/libarchive.so.13.8.9
7f8019327000-7f80193d1000 r-xp 0000f000 103:02 4737468                   /usr/lib/libarchive.so.13.8.9
7f80193d1000-7f80193fb000 r--p 000b9000 103:02 4737468                   /usr/lib/libarchive.so.13.8.9
7f80193fb000-7f80193ff000 r--p 000e3000 103:02 4737468                   /usr/lib/libarchive.so.13.8.9
7f80193ff000-7f8019400000 rw-p 000e7000 103:02 4737468                   /usr/lib/libarchive.so.13.8.9
7f8019400000-7f8019412000 r--p 00000000 103:02 4754446                   /usr/lib/libavformat.so.63.1.101
7f8019412000-7f801965e000 r-xp 00012000 103:02 4754446                   /usr/lib/libavformat.so.63.1.101
7f801965e000-7f80196eb000 r--p 0025e000 103:02 4754446                   /usr/lib/libavformat.so.63.1.101
7f80196eb000-7f8019725000 r--p 002ea000 103:02 4754446                   /usr/lib/libavformat.so.63.1.101
7f8019725000-7f8019726000 rw-p 00324000 103:02 4754446                   /usr/lib/libavformat.so.63.1.101
7f801972a000-7f801973a000 r--p 00000000 103:02 4745057                   /usr/lib/librubberband.so.3.0.0
7f801973a000-7f8019780000 r-xp 00010000 103:02 4745057                   /usr/lib/librubberband.so.3.0.0
7f8019780000-7f8019791000 r--p 00056000 103:02 4745057                   /usr/lib/librubberband.so.3.0.0
7f8019791000-7f8019793000 r--p 00066000 103:02 4745057                   /usr/lib/librubberband.so.3.0.0
7f8019793000-7f8019794000 rw-p 00068000 103:02 4745057                   /usr/lib/librubberband.so.3.0.0
7f8019794000-7f801979d000 r--p 00000000 103:02 4771955                   /usr/lib/liblcms2.so.2.0.19
7f801979d000-7f80197e4000 r-xp 00009000 103:02 4771955                   /usr/lib/liblcms2.so.2.0.19
7f80197e4000-7f80197f9000 r--p 00050000 103:02 4771955                   /usr/lib/liblcms2.so.2.0.19
7f80197f9000-7f80197fc000 r--p 00064000 103:02 4771955                   /usr/lib/liblcms2.so.2.0.19
7f80197fc000-7f80197ff000 rw-p 00067000 103:02 4771955                   /usr/lib/liblcms2.so.2.0.19
7f80197ff000-7f8019800000 rw-p 00000000 00:00 0 
7f8019800000-7f8019814000 r--p 00000000 103:02 4750361                   /usr/lib/libavfilter.so.12.1.101
7f8019814000-7f8019d0f000 r-xp 00014000 103:02 4750361                   /usr/lib/libavfilter.so.12.1.101
7f8019d0f000-7f8019dff000 r--p 0050f000 103:02 4750361                   /usr/lib/libavfilter.so.12.1.101
7f8019dff000-7f8019e9a000 r--p 005ff000 103:02 4750361                   /usr/lib/libavfilter.so.12.1.101
7f8019e9a000-7f8019e9b000 rw-p 0069a000 103:02 4750361                   /usr/lib/libavfilter.so.12.1.101
7f8019e9b000-7f8019e9f000 rw-p 00000000 00:00 0 
7f8019e9f000-7f8019ea1000 r--p 00000000 103:02 4816290                   /usr/lib/libva-x11.so.2.2400.0
7f8019ea1000-7f8019ea4000 r-xp 00002000 103:02 4816290                   /usr/lib/libva-x11.so.2.2400.0
7f8019ea4000-7f8019ea5000 r--p 00005000 103:02 4816290                   /usr/lib/libva-x11.so.2.2400.0
7f8019ea5000-7f8019ea6000 r--p 00005000 103:02 4816290                   /usr/lib/libva-x11.so.2.2400.0
7f8019ea6000-7f8019ea7000 rw-p 00006000 103:02 4816290                   /usr/lib/libva-x11.so.2.2400.0
7f8019ea7000-7f8019ea9000 r--p 00000000 103:02 4769399                   /usr/lib/libXv.so.1.0.0
7f8019ea9000-7f8019eac000 r-xp 00002000 103:02 4769399                   /usr/lib/libXv.so.1.0.0
7f8019eac000-7f8019ead000 r--p 00005000 103:02 4769399                   /usr/lib/libXv.so.1.0.0
7f8019ead000-7f8019eae000 r--p 00005000 103:02 4769399                   /usr/lib/libXv.so.1.0.0
7f8019eae000-7f8019eaf000 rw-p 00006000 103:02 4769399                   /usr/lib/libXv.so.1.0.0
7f8019eaf000-7f8019eb1000 r--p 00000000 103:02 4757852                   /usr/lib/libXrandr.so.2.2.0
7f8019eb1000-7f8019eb8000 r-xp 00002000 103:02 4757852                   /usr/lib/libXrandr.so.2.2.0
7f8019eb8000-7f8019eba000 r--p 00009000 103:02 4757852                   /usr/lib/libXrandr.so.2.2.0
7f8019eba000-7f8019ebb000 r--p 0000a000 103:02 4757852                   /usr/lib/libXrandr.so.2.2.0
7f8019ebb000-7f8019ebc000 rw-p 0000b000 103:02 4757852                   /usr/lib/libXrandr.so.2.2.0
7f8019ebc000-7f8019ebf000 r--p 00000000 103:02 4777462                   /usr/lib/libsndio.so.7.3
7f8019ebf000-7f8019ec8000 r-xp 00003000 103:02 4777462                   /usr/lib/libsndio.so.7.3
7f8019ec8000-7f8019ecb000 r--p 0000c000 103:02 4777462                   /usr/lib/libsndio.so.7.3
7f8019ecb000-7f8019ecc000 r--p 0000f000 103:02 4777462                   /usr/lib/libsndio.so.7.3
7f8019ecc000-7f8019ecd000 rw-p 00010000 103:02 4777462                   /usr/lib/libsndio.so.7.3
7f8019ecd000-7f8019ecf000 rw-p 00000000 00:00 0 
7f8019ecf000-7f8019ed0000 r--p 00000000 103:02 4768705                   /usr/lib/libuchardet.so.0.0.8
7f8019ed0000-7f8019ed6000 r-xp 00001000 103:02 4768705                   /usr/lib/libuchardet.so.0.0.8
7f8019ed6000-7f8019ef9000 r--p 00007000 103:02 4768705                   /usr/lib/libuchardet.so.0.0.8
7f8019ef9000-7f8019efc000 r--p 00029000 103:02 4768705                   /usr/lib/libuchardet.so.0.0.8
7f8019efc000-7f8019efd000 rw-p 0002c000 103:02 4768705                   /usr/lib/libuchardet.so.0.0.8
7f8019efd000-7f8019f0a000 r--p 00000000 103:02 4738083                   /usr/lib/libcurl.so.4.8.0
7f8019f0a000-7f8019fcb000 r-xp 0000d000 103:02 4738083                   /usr/lib/libcurl.so.4.8.0
7f8019fcb000-7f8019ff7000 r--p 000ce000 103:02 4738083                   /usr/lib/libcurl.so.4.8.0
7f8019ff7000-7f8019ffe000 r--p 000f9000 103:02 4738083                   /usr/lib/libcurl.so.4.8.0
7f8019ffe000-7f8019fff000 rw-p 00100000 103:02 4738083                   /usr/lib/libcurl.so.4.8.0
7f8019fff000-7f801a000000 rw-p 00000000 00:00 0 
7f801a000000-7f801a015000 r--p 00000000 103:02 4750331                   /usr/lib/libavcodec.so.63.1.101
7f801a015000-7f801afae000 r-xp 00015000 103:02 4750331                   /usr/lib/libavcodec.so.63.1.101
7f801afae000-7f801b367000 r--p 00fae000 103:02 4750331                   /usr/lib/libavcodec.so.63.1.101
7f801b367000-7f801b3ed000 r--p 01367000 103:02 4750331                   /usr/lib/libavcodec.so.63.1.101
7f801b3ed000-7f801b3ef000 rw-p 013ed000 103:02 4750331                   /usr/lib/libavcodec.so.63.1.101
7f801b3ef000-7f801ba93000 rw-p 00000000 00:00 0 
7f801ba94000-7f801ba95000 r--p 00000000 103:02 4843256                   /usr/lib/libvdpau.so.1.0.0
7f801ba95000-7f801ba96000 r-xp 00001000 103:02 4843256                   /usr/lib/libvdpau.so.1.0.0
7f801ba96000-7f801ba97000 r--p 00002000 103:02 4843256                   /usr/lib/libvdpau.so.1.0.0
7f801ba97000-7f801ba98000 r--p 00002000 103:02 4843256                   /usr/lib/libvdpau.so.1.0.0
7f801ba98000-7f801ba99000 rw-p 00003000 103:02 4843256                   /usr/lib/libvdpau.so.1.0.0
7f801ba99000-7f801ba9c000 r--p 00000000 103:02 4812074                   /usr/lib/libbluray.so.3.1.0
7f801ba9c000-7f801bacf000 r-xp 00003000 103:02 4812074                   /usr/lib/libbluray.so.3.1.0
7f801bacf000-7f801badf000 r--p 00036000 103:02 4812074                   /usr/lib/libbluray.so.3.1.0
7f801badf000-7f801bae1000 r--p 00045000 103:02 4812074                   /usr/lib/libbluray.so.3.1.0
7f801bae1000-7f801bae2000 rw-p 00047000 103:02 4812074                   /usr/lib/libbluray.so.3.1.0
7f801bae2000-7f801baf1000 r--p 00000000 103:02 4781957                   /usr/lib/libplacebo.so.360
7f801baf1000-7f801bba1000 r-xp 0000f000 103:02 4781957                   /usr/lib/libplacebo.so.360
7f801bba1000-7f801bbe5000 r--p 000bf000 103:02 4781957                   /usr/lib/libplacebo.so.360
7f801bbe5000-7f801bbfa000 r--p 00103000 103:02 4781957                   /usr/lib/libplacebo.so.360
7f801bbfa000-7f801bc00000 rw-p 00118000 103:02 4781957                   /usr/lib/libplacebo.so.360
7f801bc00000-7f801bc53000 r--p 00000000 103:02 6835745                   /home/annihilator/dev/mpv/build/libmpv.so.2.5.0
7f801bc53000-7f801be76000 r-xp 00053000 103:02 6835745                   /home/annihilator/dev/mpv/build/libmpv.so.2.5.0
7f801be76000-7f801bf9f000 r--p 00276000 103:02 6835745                   /home/annihilator/dev/mpv/build/libmpv.so.2.5.0
7f801bf9f000-7f801bfeb000 r--p 0039f000 103:02 6835745                   /home/annihilator/dev/mpv/build/libmpv.so.2.5.0
7f801bfeb000-7f801bff0000 rw-p 003eb000 103:02 6835745                   /home/annihilator/dev/mpv/build/libmpv.so.2.5.0
7f801bff0000-7f801bff1000 rw-p 00000000 00:00 0 
7f801bff1000-7f801bff3000 r--p 00000000 103:02 4799670                   /usr/lib/libva-wayland.so.2.2400.0
7f801bff3000-7f801bff5000 r-xp 00002000 103:02 4799670                   /usr/lib/libva-wayland.so.2.2400.0
7f801bff5000-7f801bff6000 r--p 00004000 103:02 4799670                   /usr/lib/libva-wayland.so.2.2400.0
7f801bff6000-7f801bff7000 r--p 00005000 103:02 4799670                   /usr/lib/libva-wayland.so.2.2400.0
7f801bff7000-7f801bff8000 rw-p 00006000 103:02 4799670                   /usr/lib/libva-wayland.so.2.2400.0
7f801bff8000-7f801bff9000 rw-p 00000000 00:00 0 
7f801bff9000-7f801bffd000 ---p 00000000 00:00 0 
7f801bffd000-7f801c4fe000 rw-p 00000000 00:00 0 
7f801c4fe000-7f801c502000 ---p 00000000 00:00 0 
7f801c502000-7f801c5ff000 rw-p 00000000 00:00 0 
7f801c5ff000-7f801c603000 ---p 00000000 00:00 0 
7f801c603000-7f801c700000 rw-p 00000000 00:00 0 
7f801c700000-7f801c704000 ---p 00000000 00:00 0 
7f801c704000-7f801c800000 rw-p 00000000 00:00 0 
7f801c800000-7f801ca50000 r-xp 00000000 103:02 4831579                   /usr/lib/libnvidia-glcore.so.610.57.04
7f801ca50000-7f801ca71000 rwxp 00250000 103:02 4831579                   /usr/lib/libnvidia-glcore.so.610.57.04
7f801ca71000-7f801cc00000 r-xp 00271000 103:02 4831579                   /usr/lib/libnvidia-glcore.so.610.57.04
7f801cc00000-7f801d800000 r-xp 00400000 103:02 4831579                   /usr/lib/libnvidia-glcore.so.610.57.04
7f801d800000-7f801edf9000 r-xp 01000000 103:02 4831579                   /usr/lib/libnvidia-glcore.so.610.57.04
7f801edf9000-7f801edfa000 ---p 025f9000 103:02 4831579                   /usr/lib/libnvidia-glcore.so.610.57.04
7f801edfa000-7f801ef72000 r--p 025f9000 103:02 4831579                   /usr/lib/libnvidia-glcore.so.610.57.04
7f801ef72000-7f801efd5000 rw-p 02771000 103:02 4831579                   /usr/lib/libnvidia-glcore.so.610.57.04
7f801efd5000-7f801eff5000 rw-p 00000000 00:00 0 
7f801eff7000-7f801eff8000 r--p 00000000 103:02 4754963                   /usr/lib/libva-drm.so.2.2400.0
7f801eff8000-7f801eff9000 r-xp 00001000 103:02 4754963                   /usr/lib/libva-drm.so.2.2400.0
7f801eff9000-7f801effa000 r--p 00002000 103:02 4754963                   /usr/lib/libva-drm.so.2.2400.0
7f801effa000-7f801effb000 r--p 00002000 103:02 4754963                   /usr/lib/libva-drm.so.2.2400.0
7f801effb000-7f801effc000 rw-p 00003000 103:02 4754963                   /usr/lib/libva-drm.so.2.2400.0
7f801effc000-7f801effd000 r--p 00000000 103:02 4775248                   /usr/lib/libXpresent.so.1.0.0
7f801effd000-7f801effe000 r-xp 00001000 103:02 4775248                   /usr/lib/libXpresent.so.1.0.0
7f801effe000-7f801efff000 r--p 00002000 103:02 4775248                   /usr/lib/libXpresent.so.1.0.0
7f801efff000-7f801f000000 r--p 00002000 103:02 4775248                   /usr/lib/libXpresent.so.1.0.0
7f801f000000-7f801f001000 rw-p 00003000 103:02 4775248                   /usr/lib/libXpresent.so.1.0.0
7f801f001000-7f801f002000 r--p 00000000 103:02 4754785                   /usr/lib/libXss.so.1.0.0
7f801f002000-7f801f003000 r-xp 00001000 103:02 4754785                   /usr/lib/libXss.so.1.0.0
7f801f003000-7f801f004000 r--p 00002000 103:02 4754785                   /usr/lib/libXss.so.1.0.0
7f801f004000-7f801f005000 r--p 00002000 103:02 4754785                   /usr/lib/libXss.so.1.0.0
7f801f005000-7f801f006000 rw-p 00003000 103:02 4754785                   /usr/lib/libXss.so.1.0.0
7f801f006000-7f801f00e000 r--p 00000000 103:02 4750339                   /usr/lib/libavdevice.so.63.1.101
7f801f00e000-7f801f01e000 r-xp 00008000 103:02 4750339                   /usr/lib/libavdevice.so.63.1.101
7f801f01e000-7f801f024000 r--p 00018000 103:02 4750339                   /usr/lib/libavdevice.so.63.1.101
7f801f024000-7f801f028000 r--p 0001e000 103:02 4750339                   /usr/lib/libavdevice.so.63.1.101
7f801f028000-7f801f029000 rw-p 00022000 103:02 4750339                   /usr/lib/libavdevice.so.63.1.101
7f801f029000-7f801f02f000 r--p 00000000 103:02 4774597                   /usr/lib/libmujs.so
7f801f02f000-7f801f06d000 r-xp 00006000 103:02 4774597                   /usr/lib/libmujs.so
7f801f06d000-7f801f07e000 r--p 00044000 103:02 4774597                   /usr/lib/libmujs.so
7f801f07e000-7f801f080000 r--p 00055000 103:02 4774597                   /usr/lib/libmujs.so
7f801f080000-7f801f081000 rw-p 00057000 103:02 4774597                   /usr/lib/libmujs.so
7f801f081000-7f801f084000 r--p 00000000 103:02 4775212                   /usr/lib/libdvdnav.so.4.4.0
7f801f084000-7f801f093000 r-xp 00003000 103:02 4775212                   /usr/lib/libdvdnav.so.4.4.0
7f801f093000-7f801f097000 r--p 00012000 103:02 4775212                   /usr/lib/libdvdnav.so.4.4.0
7f801f097000-7f801f098000 r--p 00015000 103:02 4775212                   /usr/lib/libdvdnav.so.4.4.0
7f801f098000-7f801f099000 rw-p 00016000 103:02 4775212                   /usr/lib/libdvdnav.so.4.4.0
7f801f099000-7f801f09f000 r--p 00000000 103:02 4773161                   /usr/lib/libcdio.so.19.1.0
7f801f09f000-7f801f0b3000 r-xp 00006000 103:02 4773161                   /usr/lib/libcdio.so.19.1.0
7f801f0b3000-7f801f0bc000 r--p 0001a000 103:02 4773161                   /usr/lib/libcdio.so.19.1.0
7f801f0bc000-7f801f0be000 r--p 00022000 103:02 4773161                   /usr/lib/libcdio.so.19.1.0
7f801f0be000-7f801f0bf000 rw-p 00024000 103:02 4773161                   /usr/lib/libcdio.so.19.1.0
7f801f0bf000-7f801f0c2000 rw-p 00000000 00:00 0 
7f801f0c2000-7f801f0c4000 r--p 00000000 103:02 4773185                   /usr/lib/libcdio_cdda.so.2.0.0
7f801f0c4000-7f801f0c8000 r-xp 00002000 103:02 4773185                   /usr/lib/libcdio_cdda.so.2.0.0
7f801f0c8000-7f801f0ca000 r--p 00006000 103:02 4773185                   /usr/lib/libcdio_cdda.so.2.0.0
7f801f0ca000-7f801f0cb000 r--p 00007000 103:02 4773185                   /usr/lib/libcdio_cdda.so.2.0.0
7f801f0cb000-7f801f0cc000 rw-p 00008000 103:02 4773185                   /usr/lib/libcdio_cdda.so.2.0.0
7f801f0cc000-7f801f0cd000 r--p 00000000 103:02 4773188                   /usr/lib/libcdio_paranoia.so.2.0.0
7f801f0cd000-7f801f0d2000 r-xp 00001000 103:02 4773188                   /usr/lib/libcdio_paranoia.so.2.0.0
7f801f0d2000-7f801f0d3000 r--p 00006000 103:02 4773188                   /usr/lib/libcdio_paranoia.so.2.0.0
7f801f0d3000-7f801f0d4000 r--p 00006000 103:02 4773188                   /usr/lib/libcdio_paranoia.so.2.0.0
7f801f0d4000-7f801f0d5000 rw-p 00007000 103:02 4773188                   /usr/lib/libcdio_paranoia.so.2.0.0
7f801f0d5000-7f801f126000 r--p 00000000 103:02 4826231                   /usr/lib/libGLX_nvidia.so.610.57.04
7f801f126000-7f801f183000 r-xp 00051000 103:02 4826231                   /usr/lib/libGLX_nvidia.so.610.57.04
7f801f183000-7f801f1b8000 rwxp 000ae000 103:02 4826231                   /usr/lib/libGLX_nvidia.so.610.57.04
7f801f1b8000-7f801f1b9000 r-xp 000e3000 103:02 4826231                   /usr/lib/libGLX_nvidia.so.610.57.04
7f801f1b9000-7f801f1d9000 r--p 000e4000 103:02 4826231                   /usr/lib/libGLX_nvidia.so.610.57.04
7f801f1d9000-7f801f1f9000 r--p 00103000 103:02 4826231                   /usr/lib/libGLX_nvidia.so.610.57.04
7f801f1f9000-7f801f1fe000 rw-p 00123000 103:02 4826231                   /usr/lib/libGLX_nvidia.so.610.57.04
7f801f1fe000-7f801f200000 rw-p 00000000 00:00 0 
7f801f200000-7f8020b1a000 r-xp 00000000 103:02 6306886                   /home/annihilator/.skiko/skiko-linux-x64-434f7633c843870c0839a1137b128f6c3db3c5d58dcad3545e90827e3e341afb/libskiko-linux-x64.so
7f8020b1a000-7f8020b52000 r--p 01919000 103:02 6306886                   /home/annihilator/.skiko/skiko-linux-x64-434f7633c843870c0839a1137b128f6c3db3c5d58dcad3545e90827e3e341afb/libskiko-linux-x64.so
7f8020b52000-7f8020b55000 rw-p 01951000 103:02 6306886                   /home/annihilator/.skiko/skiko-linux-x64-434f7633c843870c0839a1137b128f6c3db3c5d58dcad3545e90827e3e341afb/libskiko-linux-x64.so
7f8020b55000-7f8020b5e000 rw-p 00000000 00:00 0 
7f8020b5f000-7f8020b61000 r--p 00000000 103:02 4769654                   /usr/lib/libswresample.so.7.1.101
7f8020b61000-7f8020b84000 r-xp 00002000 103:02 4769654                   /usr/lib/libswresample.so.7.1.101
7f8020b84000-7f8020b89000 r--p 00025000 103:02 4769654                   /usr/lib/libswresample.so.7.1.101
7f8020b89000-7f8020b8b000 r--p 0002a000 103:02 4769654                   /usr/lib/libswresample.so.7.1.101
7f8020b8b000-7f8020b8c000 rw-p 0002c000 103:02 4769654                   /usr/lib/libswresample.so.7.1.101
7f8020b8c000-7f8020b90000 r--p 00000000 103:02 4816269                   /usr/lib/libass.so.9.4.2
7f8020b90000-7f8020bc4000 r-xp 00004000 103:02 4816269                   /usr/lib/libass.so.9.4.2
7f8020bc4000-7f8020bcc000 r--p 00038000 103:02 4816269                   /usr/lib/libass.so.9.4.2
7f8020bcc000-7f8020bcd000 r--p 0003f000 103:02 4816269                   /usr/lib/libass.so.9.4.2
7f8020bcd000-7f8020bce000 rw-p 00040000 103:02 4816269                   /usr/lib/libass.so.9.4.2
7f8020bce000-7f8020bd0000 r--p 00000000 103:02 4750371                   /usr/lib/libGLX.so.0.0.0
7f8020bd0000-7f8020bea000 r-xp 00002000 103:02 4750371                   /usr/lib/libGLX.so.0.0.0
7f8020bea000-7f8020bed000 r--p 0001c000 103:02 4750371                   /usr/lib/libGLX.so.0.0.0
7f8020bed000-7f8020bee000 r--p 0001f000 103:02 4750371                   /usr/lib/libGLX.so.0.0.0
7f8020bee000-7f8020bef000 rw-p 00020000 103:02 4750371                   /usr/lib/libGLX.so.0.0.0
7f8020bef000-7f8020bff000 rw-p 00000000 00:00 0 
7f8020bff000-7f8020c2e000 r--p 00000000 103:02 4750360                   /usr/lib/libGL.so.1.7.0
7f8020c2e000-7f8020c4d000 r-xp 0002f000 103:02 4750360                   /usr/lib/libGL.so.1.7.0
7f8020c4d000-7f8020c61000 r--p 0004e000 103:02 4750360                   /usr/lib/libGL.so.1.7.0
7f8020c61000-7f8020c6f000 r--p 00062000 103:02 4750360                   /usr/lib/libGL.so.1.7.0
7f8020c6f000-7f8020c70000 rw-p 00070000 103:02 4750360                   /usr/lib/libGL.so.1.7.0
7f8020c70000-7f8020c71000 rw-p 00000000 00:00 0 
7f8020c71000-7f8020c72000 rw-p 00000000 00:00 0 
7f8020c72000-7f8020c76000 ---p 00000000 00:00 0 
7f8020c76000-7f8020d73000 rw-p 00000000 00:00 0 
7f8020d73000-7f8020d77000 ---p 00000000 00:00 0 
7f8020d77000-7f8020e73000 rw-p 00000000 00:00 0 
7f8020e73000-7f8020ea6000 r--p 00000000 00:2f 28159                      /tmp/lwjgl_annihilator/3.3.6+1/x64/liblwjgl_opengl.so
7f8020ea6000-7f8020eba000 r-xp 00033000 00:2f 28159                      /tmp/lwjgl_annihilator/3.3.6+1/x64/liblwjgl_opengl.so
7f8020eba000-7f8020eca000 r--p 00047000 00:2f 28159                      /tmp/lwjgl_annihilator/3.3.6+1/x64/liblwjgl_opengl.so
7f8020eca000-7f8020ecb000 r--p 00056000 00:2f 28159                      /tmp/lwjgl_annihilator/3.3.6+1/x64/liblwjgl_opengl.so
7f8020ecb000-7f8020ecc000 rw-p 00057000 00:2f 28159                      /tmp/lwjgl_annihilator/3.3.6+1/x64/liblwjgl_opengl.so
7f8020ecc000-7f8020f31000 r--p 00000000 103:02 5014472                   /usr/share/fonts/liberation/LiberationSans-Regular.ttf
7f8020f31000-7f8020fcc000 r--p 00000000 103:02 5641617                   /usr/share/fonts/noto/NotoSans-Bold.ttf
7f8020fcc000-7f8020fdf000 rw-s 00000000 00:07 1110                       /dev/nvidiactl
7f8020fdf000-7f802101f000 rw-s 00000000 00:07 1110                       /dev/nvidiactl
7f802101f000-7f80210ba000 r--p 00000000 103:02 5641617                   /usr/share/fonts/noto/NotoSans-Bold.ttf
7f80210ba000-7f8021155000 r--p 00000000 103:02 5641617                   /usr/share/fonts/noto/NotoSans-Bold.ttf
7f8021155000-7f802116b000 r--s 00000000 103:02 3835467                   /var/cache/fontconfig/17ce8022be83857151cced15433ac5ab-le64.cache-12
7f802116b000-7f8021174000 r--s 00000000 103:02 3835464                   /var/cache/fontconfig/2fbfc6d3726617df5d72e45ca91ca896-le64.cache-12
7f8021174000-7f8021180000 r--s 00000000 103:02 3835403                   /var/cache/fontconfig/7d660be5d4eca970fa91d6ca176f5ce2-le64.cache-12
7f8021180000-7f8021191000 r--s 00000000 103:02 3835390                   /var/cache/fontconfig/035f0ebf2f86af269427f030f354ef4b-le64.cache-12
7f8021191000-7f80211a1000 r--s 00000000 103:02 3835379                   /var/cache/fontconfig/f2e61d441ca43dbfffafb9d0f2c6d8fc-le64.cache-12
7f80211a1000-7f80211cb000 r--s 00000000 103:02 3835365                   /var/cache/fontconfig/f2e43df3287529323e79e7929dc44cc9-le64.cache-12
7f80211cb000-7f80212e5000 r--s 00000000 103:02 3835361                   /var/cache/fontconfig/923e285e415b1073c8df160bee08820f-le64.cache-12
7f80212e5000-7f80212eb000 r--s 00000000 103:02 3817989                   /var/cache/fontconfig/b67b32625a2bb51b023d3814a918f351-le64.cache-12
7f80212eb000-7f80212fb000 r--s 00000000 103:02 3804352                   /var/cache/fontconfig/491f45a0a771fef1c10b9b647a97fb82-le64.cache-12
7f80212fb000-7f802130f000 r--s 00000000 103:02 3804343                   /var/cache/fontconfig/614d1caaa4d7914789410f6367de37ca-le64.cache-12
7f802130f000-7f8021400000 r--s 00000000 103:02 3835673                   /var/cache/fontconfig/f6b893a7224233d96cb72fd88691c0b4-le64.cache-12
7f8021401000-7f8021402000 rw-s 00000000 00:07 1110                       /dev/nvidiactl
7f8021403000-7f8021404000 r--s 00000000 00:07 1110                       /dev/nvidiactl
7f8021404000-7f8021405000 r--p 00000000 103:02 4834742                   /usr/lib/libnvidia-tls.so.610.57.04
7f8021405000-7f8021407000 r-xp 00001000 103:02 4834742                   /usr/lib/libnvidia-tls.so.610.57.04
7f8021407000-7f8021408000 r--p 00003000 103:02 4834742                   /usr/lib/libnvidia-tls.so.610.57.04
7f8021408000-7f8021409000 r--p 00003000 103:02 4834742                   /usr/lib/libnvidia-tls.so.610.57.04
7f8021409000-7f802140a000 rw-p 00004000 103:02 4834742                   /usr/lib/libnvidia-tls.so.610.57.04
7f802140e000-7f8021410000 rw-s 00000000 00:07 1110                       /dev/nvidiactl
7f8021410000-7f8021430000 rw-s 00000000 00:07 1110                       /dev/nvidiactl
7f8021430000-7f8021470000 rw-s 00000000 00:07 1110                       /dev/nvidiactl
7f8021470000-7f8021490000 rw-s 00000000 00:07 1110                       /dev/nvidiactl
7f8021490000-7f80214d0000 rw-s 00000000 00:07 1110                       /dev/nvidiactl
7f80214d5000-7f80214d6000 r--p 00000000 00:00 0 
7f80214d8000-7f80214d9000 r--p 00000000 103:02 7880798                   /usr/lib/jvm/java-26-openjdk/lib/libprefs.so
7f80214d9000-7f80214da000 r-xp 00001000 103:02 7880798                   /usr/lib/jvm/java-26-openjdk/lib/libprefs.so
7f80214da000-7f80214db000 r--p 00002000 103:02 7880798                   /usr/lib/jvm/java-26-openjdk/lib/libprefs.so
7f80214db000-7f80214dc000 r--p 00002000 103:02 7880798                   /usr/lib/jvm/java-26-openjdk/lib/libprefs.so
7f80214dc000-7f80214dd000 rw-p 00003000 103:02 7880798                   /usr/lib/jvm/java-26-openjdk/lib/libprefs.so
7f80214dd000-7f80214e8000 rw-p 00000000 00:00 0 
7f80214e8000-7f80214e9000 rw-s 00000000 00:01 725406                     /memfd:WebKitSharedMemory (deleted)
7f80214e9000-7f80214ec000 r--p 00000000 103:02 4776442                   /usr/share/locale/en_GB/LC_MESSAGES/at-spi2-core.mo
7f80214ec000-7f80214f0000 rw-p 00000000 00:00 0 
7f80214f0000-7f80214f1000 rw-p 00000000 00:00 0 
7f80214f1000-7f80214f5000 ---p 00000000 00:00 0 
7f80214f5000-7f80215f2000 rw-p 00000000 00:00 0 
7f80215f2000-7f80215f6000 ---p 00000000 00:00 0 
7f80215f6000-7f80216f2000 rw-p 00000000 00:00 0 
7f80216f2000-7f80216f4000 r--p 00000000 103:02 4815623                   /usr/lib/libXfixes.so.3.1.0
7f80216f4000-7f80216f7000 r-xp 00002000 103:02 4815623                   /usr/lib/libXfixes.so.3.1.0
7f80216f7000-7f80216f8000 r--p 00005000 103:02 4815623                   /usr/lib/libXfixes.so.3.1.0
7f80216f8000-7f80216f9000 r--p 00005000 103:02 4815623                   /usr/lib/libXfixes.so.3.1.0
7f80216f9000-7f80216fa000 rw-p 00006000 103:02 4815623                   /usr/lib/libXfixes.so.3.1.0
7f80216fa000-7f80216fd000 r--p 00000000 103:02 4763482                   /usr/lib/libXcursor.so.1.0.2
7f80216fd000-7f8021703000 r-xp 00003000 103:02 4763482                   /usr/lib/libXcursor.so.1.0.2
7f8021703000-7f8021705000 r--p 00009000 103:02 4763482                   /usr/lib/libXcursor.so.1.0.2
7f8021705000-7f8021706000 r--p 0000a000 103:02 4763482                   /usr/lib/libXcursor.so.1.0.2
7f8021706000-7f8021707000 rw-p 0000b000 103:02 4763482                   /usr/lib/libXcursor.so.1.0.2
7f8021707000-7f802170b000 r--p 00000000 103:02 7880776                   /usr/lib/jvm/java-26-openjdk/lib/libfontmanager.so
7f802170b000-7f8021714000 r-xp 00004000 103:02 7880776                   /usr/lib/jvm/java-26-openjdk/lib/libfontmanager.so
7f8021714000-7f8021716000 r--p 0000d000 103:02 7880776                   /usr/lib/jvm/java-26-openjdk/lib/libfontmanager.so
7f8021716000-7f8021717000 r--p 0000e000 103:02 7880776                   /usr/lib/jvm/java-26-openjdk/lib/libfontmanager.so
7f8021717000-7f8021718000 rw-p 0000f000 103:02 7880776                   /usr/lib/jvm/java-26-openjdk/lib/libfontmanager.so
7f8021718000-7f802171a000 r--p 00000000 103:02 4761076                   /usr/lib/libXtst.so.6.1.0
7f802171a000-7f802171d000 r-xp 00002000 103:02 4761076                   /usr/lib/libXtst.so.6.1.0
7f802171d000-7f802171e000 r--p 00005000 103:02 4761076                   /usr/lib/libXtst.so.6.1.0
7f802171e000-7f802171f000 r--p 00005000 103:02 4761076                   /usr/lib/libXtst.so.6.1.0
7f802171f000-7f8021720000 rw-p 00006000 103:02 4761076                   /usr/lib/libXtst.so.6.1.0
7f8021720000-7f802172e000 r--p 00000000 103:02 7880773                   /usr/lib/jvm/java-26-openjdk/lib/libawt_xawt.so
7f802172e000-7f8021772000 r-xp 0000e000 103:02 7880773                   /usr/lib/jvm/java-26-openjdk/lib/libawt_xawt.so
7f8021772000-7f8021786000 r--p 00052000 103:02 7880773                   /usr/lib/jvm/java-26-openjdk/lib/libawt_xawt.so
7f8021786000-7f8021788000 r--p 00066000 103:02 7880773                   /usr/lib/jvm/java-26-openjdk/lib/libawt_xawt.so
7f8021788000-7f8021789000 rw-p 00068000 103:02 7880773                   /usr/lib/jvm/java-26-openjdk/lib/libawt_xawt.so
7f8021789000-7f802178a000 rw-p 00000000 00:00 0 
7f802178a000-7f802178e000 r--p 00000000 103:02 7880771                   /usr/lib/jvm/java-26-openjdk/lib/libawt.so
7f802178e000-7f8021832000 r-xp 00004000 103:02 7880771                   /usr/lib/jvm/java-26-openjdk/lib/libawt.so
7f8021832000-7f802183f000 r--p 000a8000 103:02 7880771                   /usr/lib/jvm/java-26-openjdk/lib/libawt.so
7f802183f000-7f8021840000 r--p 000b4000 103:02 7880771                   /usr/lib/jvm/java-26-openjdk/lib/libawt.so
7f8021840000-7f802184b000 rw-p 000b5000 103:02 7880771                   /usr/lib/jvm/java-26-openjdk/lib/libawt.so
7f802184b000-7f8021870000 rw-p 00000000 00:00 0 
7f8021870000-7f802187f000 r--s 00000000 103:02 3804155                   /var/cache/fontconfig/1dce2cb908b447e938fc03acd9b47fcf-le64.cache-12
7f802187f000-7f80218a3000 r--s 00000000 103:02 3801846                   /var/cache/fontconfig/f349e9996a5320f6dd491cedd2b1f964-le64.cache-12
7f80218a3000-7f80218af000 r--s 00000000 103:02 3801653                   /var/cache/fontconfig/4b31aef11cb0687b6d280d34cbe23592-le64.cache-12
7f80218af000-7f80218c9000 r--s 00000000 103:02 4334283                   /home/annihilator/.cache/fontconfig/bc42231c8840afdbc8a160eb8f6a66fd-le64.cache-12
7f80218c9000-7f80219e1000 r--s 00000000 103:02 4334062                   /home/annihilator/.cache/fontconfig/360f0685862970c3eedca8185ab72cfb-le64.cache-12
7f80219e1000-7f80219e2000 rw-s 00000000 00:07 1110                       /dev/nvidiactl
7f80219e2000-7f80219e3000 r--p 00000000 103:02 4763546                   /usr/lib/libXinerama.so.1.0.0
7f80219e3000-7f80219e4000 r-xp 00001000 103:02 4763546                   /usr/lib/libXinerama.so.1.0.0
7f80219e4000-7f80219e5000 r--p 00002000 103:02 4763546                   /usr/lib/libXinerama.so.1.0.0
7f80219e5000-7f80219e6000 r--p 00002000 103:02 4763546                   /usr/lib/libXinerama.so.1.0.0
7f80219e6000-7f80219e7000 rw-p 00003000 103:02 4763546                   /usr/lib/libXinerama.so.1.0.0
7f80219e7000-7f80219ea000 r--p 00000000 103:02 4760999                   /usr/lib/libXi.so.6.1.0
7f80219ea000-7f80219f7000 r-xp 00003000 103:02 4760999                   /usr/lib/libXi.so.6.1.0
7f80219f7000-7f80219fa000 r--p 00010000 103:02 4760999                   /usr/lib/libXi.so.6.1.0
7f80219fa000-7f80219fb000 r--p 00012000 103:02 4760999                   /usr/lib/libXi.so.6.1.0
7f80219fb000-7f80219fc000 rw-p 00013000 103:02 4760999                   /usr/lib/libXi.so.6.1.0
7f80219ff000-7f8021a7f000 rw-s 00000000 00:07 1110                       /dev/nvidiactl
7f8021a7f000-7f8021b7f000 rw-s 00000000 00:07 1110                       /dev/nvidiactl
7f8021b7f000-7f8021bff000 rw-s 00000000 00:07 1110                       /dev/nvidiactl
7f8021bff000-7f8022400000 rw-p 00000000 00:00 0 
7f8022400000-7f8024394000 r--p 00000000 103:02 4735921                   /usr/lib/libicudata.so.78.3
7f8024394000-7f8024395000 r--p 01f93000 103:02 4735921                   /usr/lib/libicudata.so.78.3
7f8024395000-7f8024396000 rw-s 00000000 00:07 1112                       /dev/nvidia0
7f8024396000-7f8024397000 rw-s 00000000 00:07 1110                       /dev/nvidiactl
7f8024397000-7f802439a000 r--s 00000000 103:02 3802392                   /var/cache/fontconfig/73edfbc81426f3b2593aba7ca9378882-le64.cache-12
7f802439a000-7f80243a0000 r--s 00000000 103:02 3803766                   /var/cache/fontconfig/d62e99ef547d1d24cdb1bd22ec1a2976-le64.cache-12
7f80243a0000-7f80243e0000 rw-s 00000000 00:07 1110                       /dev/nvidiactl
7f80243e0000-7f8024400000 rw-s 00000000 00:07 1110                       /dev/nvidiactl
7f8024400000-7f8024448000 r--p 00000000 103:02 4745608                   /usr/lib/libicuuc.so.78.3
7f8024448000-7f8024565000 r-xp 00048000 103:02 4745608                   /usr/lib/libicuuc.so.78.3
7f8024565000-7f80245f8000 r--p 00165000 103:02 4745608                   /usr/lib/libicuuc.so.78.3
7f80245f8000-7f802460b000 r--p 001f8000 103:02 4745608                   /usr/lib/libicuuc.so.78.3
7f802460b000-7f802460c000 rw-p 0020b000 103:02 4745608                   /usr/lib/libicuuc.so.78.3
7f802460c000-7f802460e000 rw-p 00000000 00:00 0 
7f802460e000-7f8024611000 r--s 00000000 103:02 3835420                   /var/cache/fontconfig/e552019f4ed2e530c25d313cf4ffa813-le64.cache-12
7f8024611000-7f8024624000 rw-s 00000000 00:07 1110                       /dev/nvidiactl
7f8024624000-7f802463d000 r--p 00000000 103:02 4817130                   /usr/lib/libSPIRV-Tools.so
7f802463d000-7f8024776000 r-xp 00019000 103:02 4817130                   /usr/lib/libSPIRV-Tools.so
7f8024776000-7f80247fc000 r--p 00152000 103:02 4817130                   /usr/lib/libSPIRV-Tools.so
7f80247fc000-7f80247ff000 r--p 001d8000 103:02 4817130                   /usr/lib/libSPIRV-Tools.so
7f80247ff000-7f8024800000 rw-p 001db000 103:02 4817130                   /usr/lib/libSPIRV-Tools.so
7f8024800000-7f8024d5b000 r--p 00000000 103:02 4817093                   /usr/lib/libLLVM.so.22.1
7f8024d5b000-7f802aa08000 r-xp 0055b000 103:02 4817093                   /usr/lib/libLLVM.so.22.1
7f802aa08000-7f802e956000 r--p 06208000 103:02 4817093                   /usr/lib/libLLVM.so.22.1
7f802e956000-7f802eb72000 r--p 0a156000 103:02 4817093                   /usr/lib/libLLVM.so.22.1
7f802eb72000-7f802eb7c000 rw-p 0a372000 103:02 4817093                   /usr/lib/libLLVM.so.22.1
7f802eb7c000-7f802ec4c000 rw-p 00000000 00:00 0 
7f802ec4c000-7f802ec4d000 r--s 00000000 103:02 3803672                   /var/cache/fontconfig/1b6853af091219762dc5c68646ca68b7-le64.cache-12
7f802ec4d000-7f802ec4e000 r--s 00000000 103:02 3835441                   /var/cache/fontconfig/787b69f04c7448ed6c581b040220c91f-le64.cache-12
7f802ec4e000-7f802ec4f000 r--s 00000000 103:02 3835395                   /var/cache/fontconfig/a8773ec71f9da9b44a891b13321e5faa-le64.cache-12
7f802ec4f000-7f802ec8f000 rw-s 00000000 00:07 1110                       /dev/nvidiactl
7f802ec8f000-7f802ecaf000 rw-s 00000000 00:07 1110                       /dev/nvidiactl
7f802ecaf000-7f802ed2f000 rw-s 00000000 00:07 1112                       /dev/nvidia0
7f802ed2f000-7f802ed6f000 rw-s 00000000 00:07 1110                       /dev/nvidiactl
7f802ed6f000-7f802ed8f000 rw-s 00000000 00:07 1110                       /dev/nvidiactl
7f802ed8f000-7f802ed9c000 r--p 00000000 103:02 4722861                   /usr/lib/libncursesw.so.6.6
7f802ed9c000-7f802ede4000 r-xp 0000d000 103:02 4722861                   /usr/lib/libncursesw.so.6.6
7f802ede4000-7f802edfa000 r--p 00055000 103:02 4722861                   /usr/lib/libncursesw.so.6.6
7f802edfa000-7f802edff000 r--p 0006a000 103:02 4722861                   /usr/lib/libncursesw.so.6.6
7f802edff000-7f802ee00000 rw-p 0006f000 103:02 4722861                   /usr/lib/libncursesw.so.6.6
7f802ee00000-7f802ee1b000 r--p 00000000 103:02 4834667                   /usr/lib/libgallium-26.2.1-arch1.1.so
7f802ee1b000-7f8030e9b000 r-xp 0001b000 103:02 4834667                   /usr/lib/libgallium-26.2.1-arch1.1.so
7f8030e9b000-7f80320ed000 r--p 0209b000 103:02 4834667                   /usr/lib/libgallium-26.2.1-arch1.1.so
7f80320ed000-7f803226b000 r--p 032ec000 103:02 4834667                   /usr/lib/libgallium-26.2.1-arch1.1.so
7f803226b000-7f80322a9000 rw-p 0346a000 103:02 4834667                   /usr/lib/libgallium-26.2.1-arch1.1.so
7f80322a9000-7f8032477000 rw-p 00000000 00:00 0 
7f8032477000-7f8032478000 r--s 00000000 103:02 3823352                   /var/cache/fontconfig/8d4af663993b81a124ee82e610bb31f9-le64.cache-12
7f8032478000-7f8032479000 r--s 00000000 103:02 4334244                   /home/annihilator/.cache/fontconfig/8f6bef61d9f77da15272a6237cc42cae-le64.cache-12
7f8032479000-7f803247b000 r--s 00000000 103:02 3801209                   /var/cache/fontconfig/3830d5c3ddfd5cd38a049b759396e72e-le64.cache-12
7f803247b000-7f803247e000 rw-s 00000000 00:07 1110                       /dev/nvidiactl
7f803247e000-7f803248e000 rw-s 00000000 00:07 1112                       /dev/nvidia0
7f803248e000-7f80324a8000 r--p 00000000 103:02 4744067                   /usr/lib/libxml2.so.16.1.3
7f80324a8000-7f803257c000 r-xp 0001a000 103:02 4744067                   /usr/lib/libxml2.so.16.1.3
7f803257c000-7f80325b9000 r--p 000ee000 103:02 4744067                   /usr/lib/libxml2.so.16.1.3
7f80325b9000-7f80325c2000 r--p 0012b000 103:02 4744067                   /usr/lib/libxml2.so.16.1.3
7f80325c2000-7f80325c3000 rw-p 00134000 103:02 4744067                   /usr/lib/libxml2.so.16.1.3
7f80325c3000-7f80325c4000 rw-p 00000000 00:00 0 
7f80325c4000-7f80325ca000 r--p 00000000 103:02 4754841                   /usr/lib/libedit.so.0.0.78
7f80325ca000-7f80325ec000 r-xp 00006000 103:02 4754841                   /usr/lib/libedit.so.0.0.78
7f80325ec000-7f80325f9000 r--p 00028000 103:02 4754841                   /usr/lib/libedit.so.0.0.78
7f80325f9000-7f80325fc000 r--p 00034000 103:02 4754841                   /usr/lib/libedit.so.0.0.78
7f80325fc000-7f80325fd000 rw-p 00037000 103:02 4754841                   /usr/lib/libedit.so.0.0.78
7f80325fd000-7f8032600000 rw-p 00000000 00:00 0 
7f8032600000-7f803295b000 r--p 00000000 103:02 4833041                   /usr/lib/libnvidia-gpucomp.so.610.57.04
7f803295b000-7f8036ef8000 r-xp 0035b000 103:02 4833041                   /usr/lib/libnvidia-gpucomp.so.610.57.04
7f8036ef8000-7f8038be8000 r--p 048f8000 103:02 4833041                   /usr/lib/libnvidia-gpucomp.so.610.57.04
7f8038be8000-7f8038e3a000 r--p 065e7000 103:02 4833041                   /usr/lib/libnvidia-gpucomp.so.610.57.04
7f8038e3a000-7f8038fc5000 rw-p 06839000 103:02 4833041                   /usr/lib/libnvidia-gpucomp.so.610.57.04
7f8038fc5000-7f8039081000 rw-p 00000000 00:00 0 
7f8039081000-7f8039083000 rw-s 00000000 00:01 714406                     /memfd:/.glXXXXXX (deleted)
7f8039083000-7f8039087000 rw-s 00000000 00:07 1110                       /dev/nvidiactl
7f8039087000-7f803908b000 rw-s 00000000 00:07 1110                       /dev/nvidiactl
7f803908b000-7f803908e000 r--p 00000000 103:02 4831197                   /usr/lib/libnvidia-allocator.so.610.57.04
7f803908e000-7f80390a2000 r-xp 00003000 103:02 4831197                   /usr/lib/libnvidia-allocator.so.610.57.04
7f80390a2000-7f80390ac000 r--p 00017000 103:02 4831197                   /usr/lib/libnvidia-allocator.so.610.57.04
7f80390ac000-7f80390ad000 r--p 00020000 103:02 4831197                   /usr/lib/libnvidia-allocator.so.610.57.04
7f80390ad000-7f80390ae000 rw-p 00021000 103:02 4831197                   /usr/lib/libnvidia-allocator.so.610.57.04
7f80390ae000-7f80390b0000 rw-p 00000000 00:00 0 
7f80390b0000-7f80390b2000 r--p 00000000 103:02 4761468                   /usr/lib/libpciaccess.so.0.11.1
7f80390b2000-7f80390b7000 r-xp 00002000 103:02 4761468                   /usr/lib/libpciaccess.so.0.11.1
7f80390b7000-7f80390b9000 r--p 00007000 103:02 4761468                   /usr/lib/libpciaccess.so.0.11.1
7f80390b9000-7f80390ba000 r--p 00008000 103:02 4761468                   /usr/lib/libpciaccess.so.0.11.1
7f80390ba000-7f80390bb000 rw-p 00009000 103:02 4761468                   /usr/lib/libpciaccess.so.0.11.1
7f80390bb000-7f80390be000 r--p 00000000 103:02 4780642                   /usr/lib/libdrm_intel.so.1.134.0
7f80390be000-7f80390d5000 r-xp 00003000 103:02 4780642                   /usr/lib/libdrm_intel.so.1.134.0
7f80390d5000-7f80390df000 r--p 0001a000 103:02 4780642                   /usr/lib/libdrm_intel.so.1.134.0
7f80390df000-7f80390e0000 r--p 00023000 103:02 4780642                   /usr/lib/libdrm_intel.so.1.134.0
7f80390e0000-7f80390e1000 rw-p 00024000 103:02 4780642                   /usr/lib/libdrm_intel.so.1.134.0
7f80390e1000-7f80390e4000 r--p 00000000 103:02 4780638                   /usr/lib/libdrm_amdgpu.so.1.134.0
7f80390e4000-7f80390ea000 r-xp 00003000 103:02 4780638                   /usr/lib/libdrm_amdgpu.so.1.134.0
7f80390ea000-7f80390ec000 r--p 00009000 103:02 4780638                   /usr/lib/libdrm_amdgpu.so.1.134.0
7f80390ec000-7f80390ed000 r--p 0000a000 103:02 4780638                   /usr/lib/libdrm_amdgpu.so.1.134.0
7f80390ed000-7f80390ee000 rw-p 0000b000 103:02 4780638                   /usr/lib/libdrm_amdgpu.so.1.134.0
7f80390ee000-7f80390f1000 r--p 00000000 103:02 4735313                   /usr/lib/libelf-0.196.so
7f80390f1000-7f8039105000 r-xp 00003000 103:02 4735313                   /usr/lib/libelf-0.196.so
7f8039105000-7f803910a000 r--p 00017000 103:02 4735313                   /usr/lib/libelf-0.196.so
7f803910a000-7f803910b000 r--p 0001b000 103:02 4735313                   /usr/lib/libelf-0.196.so
7f803910b000-7f803910c000 rw-p 0001c000 103:02 4735313                   /usr/lib/libelf-0.196.so
7f803910c000-7f803910d000 r--p 00000000 103:02 4843174                   /usr/lib/libxshmfence.so.1.0.0
7f803910d000-7f803910e000 r-xp 00001000 103:02 4843174                   /usr/lib/libxshmfence.so.1.0.0
7f803910e000-7f803910f000 r--p 00002000 103:02 4843174                   /usr/lib/libxshmfence.so.1.0.0
7f803910f000-7f8039110000 r--p 00002000 103:02 4843174                   /usr/lib/libxshmfence.so.1.0.0
7f8039110000-7f8039111000 rw-p 00003000 103:02 4843174                   /usr/lib/libxshmfence.so.1.0.0
7f8039111000-7f8039114000 r--p 00000000 103:02 4751865                   /usr/lib/libxcb-sync.so.1.0.0
7f8039114000-7f8039117000 r-xp 00003000 103:02 4751865                   /usr/lib/libxcb-sync.so.1.0.0
7f8039117000-7f8039118000 r--p 00006000 103:02 4751865                   /usr/lib/libxcb-sync.so.1.0.0
7f8039118000-7f8039119000 r--p 00007000 103:02 4751865                   /usr/lib/libxcb-sync.so.1.0.0
7f8039119000-7f803911a000 rw-p 00008000 103:02 4751865                   /usr/lib/libxcb-sync.so.1.0.0
7f803911a000-7f8039126000 r--p 00000000 103:02 4740223                   /usr/lib/libzstd.so.1.5.7
7f8039126000-7f80391ed000 r-xp 0000c000 103:02 4740223                   /usr/lib/libzstd.so.1.5.7
7f80391ed000-7f80391fe000 r--p 000d3000 103:02 4740223                   /usr/lib/libzstd.so.1.5.7
7f80391fe000-7f80391ff000 r--p 000e4000 103:02 4740223                   /usr/lib/libzstd.so.1.5.7
7f80391ff000-7f8039200000 rw-p 000e5000 103:02 4740223                   /usr/lib/libzstd.so.1.5.7
7f8039200000-7f8039419000 r--p 00000000 103:02 4831215                   /usr/lib/libnvidia-eglcore.so.610.57.04
7f8039419000-7f803a05f000 r-xp 00219000 103:02 4831215                   /usr/lib/libnvidia-eglcore.so.610.57.04
7f803a05f000-7f803b58a000 r--p 00e5f000 103:02 4831215                   /usr/lib/libnvidia-eglcore.so.610.57.04
7f803b58a000-7f803b58b000 ---p 0238a000 103:02 4831215                   /usr/lib/libnvidia-eglcore.so.610.57.04
7f803b58b000-7f803b700000 r--p 0238a000 103:02 4831215                   /usr/lib/libnvidia-eglcore.so.610.57.04
7f803b700000-7f803b749000 rw-p 024ff000 103:02 4831215                   /usr/lib/libnvidia-eglcore.so.610.57.04
7f803b749000-7f803b760000 rw-p 00000000 00:00 0 
7f803b760000-7f803b761000 rw-p 00000000 00:00 0 
7f803b761000-7f803b762000 rw-s 00000000 00:07 1110                       /dev/nvidiactl
7f803b762000-7f803b764000 r--p 00000000 103:02 4763334                   /usr/lib/libsensors.so.5.0.0
7f803b764000-7f803b76c000 r-xp 00002000 103:02 4763334                   /usr/lib/libsensors.so.5.0.0
7f803b76c000-7f803b770000 r--p 0000a000 103:02 4763334                   /usr/lib/libsensors.so.5.0.0
7f803b770000-7f803b771000 r--p 0000e000 103:02 4763334                   /usr/lib/libsensors.so.5.0.0
7f803b771000-7f803b772000 rw-p 0000f000 103:02 4763334                   /usr/lib/libsensors.so.5.0.0
7f803b772000-7f803b775000 r--p 00000000 103:02 4751872                   /usr/lib/libxcb-xfixes.so.0.0.0
7f803b775000-7f803b778000 r-xp 00003000 103:02 4751872                   /usr/lib/libxcb-xfixes.so.0.0.0
7f803b778000-7f803b779000 r--p 00006000 103:02 4751872                   /usr/lib/libxcb-xfixes.so.0.0.0
7f803b779000-7f803b77a000 r--p 00007000 103:02 4751872                   /usr/lib/libxcb-xfixes.so.0.0.0
7f803b77a000-7f803b77b000 rw-p 00008000 103:02 4751872                   /usr/lib/libxcb-xfixes.so.0.0.0
7f803b77b000-7f803b782000 r--p 00000000 103:02 4751834                   /usr/lib/libxcb-randr.so.0.1.0
7f803b782000-7f803b788000 r-xp 00007000 103:02 4751834                   /usr/lib/libxcb-randr.so.0.1.0
7f803b788000-7f803b78b000 r--p 0000d000 103:02 4751834                   /usr/lib/libxcb-randr.so.0.1.0
7f803b78b000-7f803b78c000 r--p 00010000 103:02 4751834                   /usr/lib/libxcb-randr.so.0.1.0
7f803b78c000-7f803b78d000 rw-p 00011000 103:02 4751834                   /usr/lib/libxcb-randr.so.0.1.0
7f803b78d000-7f803b793000 r--p 00000000 103:02 4817102                   /usr/lib/libEGL_mesa.so.0.0.0
7f803b793000-7f803b7ce000 r-xp 00006000 103:02 4817102                   /usr/lib/libEGL_mesa.so.0.0.0
7f803b7ce000-7f803b7e1000 r--p 00041000 103:02 4817102                   /usr/lib/libEGL_mesa.so.0.0.0
7f803b7e1000-7f803b7ee000 r--p 00053000 103:02 4817102                   /usr/lib/libEGL_mesa.so.0.0.0
7f803b7ee000-7f803b7ef000 rw-p 00060000 103:02 4817102                   /usr/lib/libEGL_mesa.so.0.0.0
7f803b7ef000-7f803b7f0000 rw-p 00000000 00:00 0 
7f803b7f0000-7f803b7f1000 r--p 00000000 103:02 4740497                   /usr/lib/libX11-xcb.so.1.0.0
7f803b7f1000-7f803b7f2000 r-xp 00001000 103:02 4740497                   /usr/lib/libX11-xcb.so.1.0.0
7f803b7f2000-7f803b7f3000 r--p 00002000 103:02 4740497                   /usr/lib/libX11-xcb.so.1.0.0
7f803b7f3000-7f803b7f4000 r--p 00002000 103:02 4740497                   /usr/lib/libX11-xcb.so.1.0.0
7f803b7f4000-7f803b7f5000 rw-p 00003000 103:02 4740497                   /usr/lib/libX11-xcb.so.1.0.0
7f803b809000-7f803b80b000 r--p 00000000 103:02 4751813                   /usr/lib/libxcb-dri3.so.0.1.0
7f803b80b000-7f803b80d000 r-xp 00002000 103:02 4751813                   /usr/lib/libxcb-dri3.so.0.1.0
7f803b80d000-7f803b80e000 r--p 00004000 103:02 4751813                   /usr/lib/libxcb-dri3.so.0.1.0
7f803b80e000-7f803b80f000 r--p 00004000 103:02 4751813                   /usr/lib/libxcb-dri3.so.0.1.0
7f803b80f000-7f803b810000 rw-p 00005000 103:02 4751813                   /usr/lib/libxcb-dri3.so.0.1.0
7f803b824000-7f803b829000 r--p 00000000 103:02 4826261                   /usr/lib/libwayland-server.so.0.26.0
7f803b829000-7f803b832000 r-xp 00005000 103:02 4826261                   /usr/lib/libwayland-server.so.0.26.0
7f803b832000-7f803b836000 r--p 0000e000 103:02 4826261                   /usr/lib/libwayland-server.so.0.26.0
7f803b836000-7f803b838000 r--p 00012000 103:02 4826261                   /usr/lib/libwayland-server.so.0.26.0
7f803b838000-7f803b839000 rw-p 00014000 103:02 4826261                   /usr/lib/libwayland-server.so.0.26.0
7f803b839000-7f803b849000 r--p 00000000 103:02 4831581                   /usr/lib/libnvidia-glsi.so.610.57.04
7f803b849000-7f803b8a9000 r-xp 00010000 103:02 4831581                   /usr/lib/libnvidia-glsi.so.610.57.04
7f803b8a9000-7f803b8c6000 r--p 00070000 103:02 4831581                   /usr/lib/libnvidia-glsi.so.610.57.04
7f803b8c6000-7f803b8cc000 r--p 0008c000 103:02 4831581                   /usr/lib/libnvidia-glsi.so.610.57.04
7f803b8cc000-7f803b8cd000 rw-p 00092000 103:02 4831581                   /usr/lib/libnvidia-glsi.so.610.57.04
7f803b8cd000-7f803b8d5000 rw-p 00000000 00:00 0 
7f803b8d5000-7f803b906000 r--p 00000000 103:02 4820322                   /usr/lib/libEGL_nvidia.so.610.57.04
7f803b906000-7f803b98e000 r-xp 00031000 103:02 4820322                   /usr/lib/libEGL_nvidia.so.610.57.04
7f803b98e000-7f803b9dd000 r--p 000b9000 103:02 4820322                   /usr/lib/libEGL_nvidia.so.610.57.04
7f803b9dd000-7f803b9de000 ---p 00108000 103:02 4820322                   /usr/lib/libEGL_nvidia.so.610.57.04
7f803b9de000-7f803b9e5000 r--p 00108000 103:02 4820322                   /usr/lib/libEGL_nvidia.so.610.57.04
7f803b9e5000-7f803b9fa000 rw-p 0010f000 103:02 4820322                   /usr/lib/libEGL_nvidia.so.610.57.04
7f803b9fa000-7f803ba00000 rw-p 00000000 00:00 0 
7f803ba3c000-7f803ba3d000 rw-p 00000000 00:00 0 
7f803ba3d000-7f803ba41000 ---p 00000000 00:00 0 
7f803ba41000-7f803bb3e000 rw-p 00000000 00:00 0 
7f803bb3e000-7f803bb42000 ---p 00000000 00:00 0 
7f803bb42000-7f803bc3e000 rw-p 00000000 00:00 0 
7f803bc3e000-7f803bc3f000 rw-s 00000000 00:07 1112                       /dev/nvidia0
7f803bc3f000-7f803bc40000 r--p 00000000 103:02 4751829                   /usr/lib/libxcb-present.so.0.0.0
7f803bc40000-7f803bc41000 r-xp 00001000 103:02 4751829                   /usr/lib/libxcb-present.so.0.0.0
7f803bc41000-7f803bc42000 r--p 00002000 103:02 4751829                   /usr/lib/libxcb-present.so.0.0.0
7f803bc42000-7f803bc43000 r--p 00002000 103:02 4751829                   /usr/lib/libxcb-present.so.0.0.0
7f803bc43000-7f803bc44000 rw-p 00003000 103:02 4751829                   /usr/lib/libxcb-present.so.0.0.0
7f803bc60000-7f803bc62000 r--p 00000000 103:02 4835234                   /usr/lib/libgbm.so.1.0.0
7f803bc62000-7f803bc63000 r-xp 00002000 103:02 4835234                   /usr/lib/libgbm.so.1.0.0
7f803bc63000-7f803bc64000 r--p 00003000 103:02 4835234                   /usr/lib/libgbm.so.1.0.0
7f803bc64000-7f803bc65000 r--p 00003000 103:02 4835234                   /usr/lib/libgbm.so.1.0.0
7f803bc65000-7f803bc66000 rw-p 00004000 103:02 4835234                   /usr/lib/libgbm.so.1.0.0
7f803bc66000-7f803bc6b000 r--p 00000000 103:02 4771568                   /usr/lib/libdrm.so.2.134.0
7f803bc6b000-7f803bc77000 r-xp 00005000 103:02 4771568                   /usr/lib/libdrm.so.2.134.0
7f803bc77000-7f803bc7b000 r--p 00011000 103:02 4771568                   /usr/lib/libdrm.so.2.134.0
7f803bc7b000-7f803bc7c000 r--p 00015000 103:02 4771568                   /usr/lib/libdrm.so.2.134.0
7f803bc7c000-7f803bc7d000 rw-p 00016000 103:02 4771568                   /usr/lib/libdrm.so.2.134.0
7f803bc92000-7f803bc99000 r--s 00000000 103:02 4837165                   /usr/lib/gconv/gconv-modules.cache
7f803bc99000-7f803bc9b000 r--p 00000000 103:02 4811999                   /usr/lib/libGLdispatch.so.0.0.0
7f803bc9b000-7f803bcda000 r-xp 00002000 103:02 4811999                   /usr/lib/libGLdispatch.so.0.0.0
7f803bcda000-7f803bced000 r--p 00041000 103:02 4811999                   /usr/lib/libGLdispatch.so.0.0.0
7f803bced000-7f803bd09000 r--p 00054000 103:02 4811999                   /usr/lib/libGLdispatch.so.0.0.0
7f803bd09000-7f803bd0a000 rw-p 00070000 103:02 4811999                   /usr/lib/libGLdispatch.so.0.0.0
7f803bd0a000-7f803bd12000 rw-p 00000000 00:00 0 
7f803bd12000-7f803bd14000 r--p 00000000 103:02 4750356                   /usr/lib/libEGL.so.1.1.0
7f803bd14000-7f803bd1e000 r-xp 00002000 103:02 4750356                   /usr/lib/libEGL.so.1.1.0
7f803bd1e000-7f803bd22000 r--p 0000c000 103:02 4750356                   /usr/lib/libEGL.so.1.1.0
7f803bd22000-7f803bd23000 r--p 0000f000 103:02 4750356                   /usr/lib/libEGL.so.1.1.0
7f803bd23000-7f803bd24000 rw-p 00010000 103:02 4750356                   /usr/lib/libEGL.so.1.1.0
7f803bdb4000-7f803bdb5000 r--p 00000000 103:02 4812149                   /usr/lib/libbrotlicommon.so.1.2.0
7f803bdb5000-7f803bdb6000 r-xp 00001000 103:02 4812149                   /usr/lib/libbrotlicommon.so.1.2.0
7f803bdb6000-7f803bdd5000 r--p 00002000 103:02 4812149                   /usr/lib/libbrotlicommon.so.1.2.0
7f803bdd5000-7f803bdd6000 r--p 00021000 103:02 4812149                   /usr/lib/libbrotlicommon.so.1.2.0
7f803bdd6000-7f803bdd7000 rw-p 00022000 103:02 4812149                   /usr/lib/libbrotlicommon.so.1.2.0
7f803bdd7000-7f803bddc000 r--p 00000000 103:02 4722170                   /usr/lib/libblkid.so.1.1.0
7f803bddc000-7f803be05000 r-xp 00005000 103:02 4722170                   /usr/lib/libblkid.so.1.1.0
7f803be05000-7f803be10000 r--p 0002e000 103:02 4722170                   /usr/lib/libblkid.so.1.1.0
7f803be10000-7f803be16000 r--p 00038000 103:02 4722170                   /usr/lib/libblkid.so.1.1.0
7f803be16000-7f803be17000 rw-p 0003e000 103:02 4722170                   /usr/lib/libblkid.so.1.1.0
7f803be17000-7f803be19000 r--p 00000000 103:02 4815257                   /usr/lib/libXdmcp.so.6.0.0
7f803be19000-7f803be1b000 r-xp 00002000 103:02 4815257                   /usr/lib/libXdmcp.so.6.0.0
7f803be1b000-7f803be1d000 r--p 00004000 103:02 4815257                   /usr/lib/libXdmcp.so.6.0.0
7f803be1d000-7f803be1e000 r--p 00005000 103:02 4815257                   /usr/lib/libXdmcp.so.6.0.0
7f803be1e000-7f803be1f000 rw-p 00006000 103:02 4815257                   /usr/lib/libXdmcp.so.6.0.0
7f803be1f000-7f803be20000 r--p 00000000 103:02 4812485                   /usr/lib/libbrotlidec.so.1.2.0
7f803be20000-7f803be29000 r-xp 00001000 103:02 4812485                   /usr/lib/libbrotlidec.so.1.2.0
7f803be29000-7f803be2c000 r--p 0000a000 103:02 4812485                   /usr/lib/libbrotlidec.so.1.2.0
7f803be2c000-7f803be2d000 r--p 0000c000 103:02 4812485                   /usr/lib/libbrotlidec.so.1.2.0
7f803be2d000-7f803be2e000 rw-p 0000d000 103:02 4812485                   /usr/lib/libbrotlidec.so.1.2.0
7f803be2e000-7f803be38000 r--p 00000000 103:02 4735601                   /usr/lib/libmount.so.1.1.0
7f803be38000-7f803be76000 r-xp 0000a000 103:02 4735601                   /usr/lib/libmount.so.1.1.0
7f803be76000-7f803be87000 r--p 00048000 103:02 4735601                   /usr/lib/libmount.so.1.1.0
7f803be87000-7f803be89000 r--p 00059000 103:02 4735601                   /usr/lib/libmount.so.1.1.0
7f803be89000-7f803be8a000 rw-p 0005b000 103:02 4735601                   /usr/lib/libmount.so.1.1.0
7f803be8a000-7f803be8c000 r--p 00000000 103:02 4737414                   /usr/lib/libexpat.so.1.12.3
7f803be8c000-7f803beac000 r-xp 00002000 103:02 4737414                   /usr/lib/libexpat.so.1.12.3
7f803beac000-7f803beb5000 r--p 00022000 103:02 4737414                   /usr/lib/libexpat.so.1.12.3
7f803beb5000-7f803beb7000 r--p 0002a000 103:02 4737414                   /usr/lib/libexpat.so.1.12.3
7f803beb7000-7f803beb8000 rw-p 0002c000 103:02 4737414                   /usr/lib/libexpat.so.1.12.3
7f803beb8000-7f803becd000 r--p 00000000 103:02 4720960                   /usr/lib/libsystemd.so.0.44.0
7f803becd000-7f803bfa6000 r-xp 00015000 103:02 4720960                   /usr/lib/libsystemd.so.0.44.0
7f803bfa6000-7f803bff5000 r--p 000ee000 103:02 4720960                   /usr/lib/libsystemd.so.0.44.0
7f803bff5000-7f803bffe000 r--p 0013c000 103:02 4720960                   /usr/lib/libsystemd.so.0.44.0
7f803bffe000-7f803bfff000 rw-p 00145000 103:02 4720960                   /usr/lib/libsystemd.so.0.44.0
7f803bfff000-7f803ee1c000 rw-p 00000000 00:00 0 
7f803ee1c000-7f8040000000 ---p 00000000 00:00 0 
7f8040000000-7f8044000000 rw-p 00000000 00:00 0 
7f8044000000-7f804649f000 rw-p 00000000 00:00 0 
7f804649f000-7f8048000000 ---p 00000000 00:00 0 
7f8048000000-7f804ae0e000 rw-p 00000000 00:00 0 
7f804ae0e000-7f804c000000 ---p 00000000 00:00 0 
7f804c000000-7f804c400000 rw-p 00000000 00:00 0 
7f804c400000-7f804c700000 rw-p 00000000 00:00 0 
7f804c700000-7f804c800000 rw-p 00000000 00:00 0 
7f804c800000-7f804c900000 rw-p 00000000 00:00 0 
7f804c900000-7f804ca00000 rw-p 00000000 00:00 0 
7f804ca00000-7f804d200000 rw-p 00000000 00:00 0 
7f804d200000-7f804d500000 rw-p 00000000 00:00 0 
7f804d500000-7f804dd00000 rw-p 00000000 00:00 0 
7f804dd00000-7f804de00000 rw-p 00000000 00:00 0 
7f804de00000-7f804df00000 rw-p 00000000 00:00 0 
7f804df00000-7f804e100000 rw-p 00000000 00:00 0 
7f804e100000-7f804e380000 rw-p 00000000 00:00 0 
7f804e380000-7f804e500000 rw-p 00000000 00:00 0 
7f804e500000-7f804e700000 rw-p 00000000 00:00 0 
7f804e700000-7f804e800000 rw-p 00000000 00:00 0 
7f804e800000-7f804ed00000 rw-p 00000000 00:00 0 
7f804ed00000-7f804ee00000 rw-p 00000000 00:00 0 
7f804ee00000-7f804f000000 rw-p 00000000 00:00 0 
7f804f000000-7f804f100000 rw-p 00000000 00:00 0 
7f804f100000-7f804f200000 rw-p 00000000 00:00 0 
7f804f200000-7f8050000000 rw-p 00000000 00:00 0 
7f8050000000-7f8052387000 rw-p 00000000 00:00 0 
7f8052387000-7f8054000000 ---p 00000000 00:00 0 
7f8054000000-7f805642b000 rw-p 00000000 00:00 0 
7f805642b000-7f8058000000 ---p 00000000 00:00 0 
7f8058000000-7f8059432000 rw-p 00000000 00:00 0 
7f8059432000-7f805c000000 ---p 00000000 00:00 0 
7f805c000000-7f805e9bd000 rw-p 00000000 00:00 0 
7f805e9bd000-7f8060000000 ---p 00000000 00:00 0 
7f8060000000-7f8063fff000 rw-p 00000000 00:00 0 
7f8063fff000-7f8064000000 ---p 00000000 00:00 0 
7f8064000000-7f8067fff000 rw-p 00000000 00:00 0 
7f8067fff000-7f8068000000 ---p 00000000 00:00 0 
7f8068000000-7f806ba22000 rw-p 00000000 00:00 0 
7f806ba22000-7f806c000000 ---p 00000000 00:00 0 
7f806c000000-7f806d9b5000 rw-p 00000000 00:00 0 
7f806d9b5000-7f8070000000 ---p 00000000 00:00 0 
7f8070000000-7f8070002000 rw-s 00000000 00:07 1110                       /dev/nvidiactl
7f8070002000-7f8070003000 rw-s 00000000 00:07 1110                       /dev/nvidiactl
7f8070003000-7f8070004000 r--p 00000000 103:02 4757711                   /usr/lib/libXau.so.6.0.0
7f8070004000-7f8070005000 r-xp 00001000 103:02 4757711                   /usr/lib/libXau.so.6.0.0
7f8070005000-7f8070006000 r--p 00002000 103:02 4757711                   /usr/lib/libXau.so.6.0.0
7f8070006000-7f8070007000 r--p 00002000 103:02 4757711                   /usr/lib/libXau.so.6.0.0
7f8070007000-7f8070008000 rw-p 00003000 103:02 4757711                   /usr/lib/libXau.so.6.0.0
7f8070008000-7f807000a000 r--p 00000000 103:02 4794869                   /usr/lib/libbz2.so.1.0.8
7f807000a000-7f8070017000 r-xp 00002000 103:02 4794869                   /usr/lib/libbz2.so.1.0.8
7f8070017000-7f8070019000 r--p 0000f000 103:02 4794869                   /usr/lib/libbz2.so.1.0.8
7f8070019000-7f807001a000 r--p 00010000 103:02 4794869                   /usr/lib/libbz2.so.1.0.8
7f807001a000-7f807001b000 rw-p 00011000 103:02 4794869                   /usr/lib/libbz2.so.1.0.8
7f807001b000-7f807001d000 r--p 00000000 103:02 4761940                   /usr/lib/libdatrie.so.1.4.1
7f807001d000-7f8070021000 r-xp 00002000 103:02 4761940                   /usr/lib/libdatrie.so.1.4.1
7f8070021000-7f8070022000 r--p 00006000 103:02 4761940                   /usr/lib/libdatrie.so.1.4.1
7f8070022000-7f8070023000 r--p 00006000 103:02 4761940                   /usr/lib/libdatrie.so.1.4.1
7f8070023000-7f8070024000 rw-p 00007000 103:02 4761940                   /usr/lib/libdatrie.so.1.4.1
7f8070024000-7f8070026000 r--p 00000000 103:02 4815230                   /usr/lib/libgraphite2.so.3.3.1
7f8070026000-7f807003f000 r-xp 00002000 103:02 4815230                   /usr/lib/libgraphite2.so.3.3.1
7f807003f000-7f8070044000 r--p 0001b000 103:02 4815230                   /usr/lib/libgraphite2.so.3.3.1
7f8070044000-7f8070046000 r--p 0001f000 103:02 4815230                   /usr/lib/libgraphite2.so.3.3.1
7f8070046000-7f8070047000 rw-p 00021000 103:02 4815230                   /usr/lib/libgraphite2.so.3.3.1
7f8070047000-7f807004a000 r--p 00000000 103:02 4732813                   /usr/lib/libpcre2-8.so.0.15.0
7f807004a000-7f80700c8000 r-xp 00003000 103:02 4732813                   /usr/lib/libpcre2-8.so.0.15.0
7f80700c8000-7f80700f3000 r--p 00081000 103:02 4732813                   /usr/lib/libpcre2-8.so.0.15.0
7f80700f3000-7f80700f4000 r--p 000ab000 103:02 4732813                   /usr/lib/libpcre2-8.so.0.15.0
7f80700f4000-7f80700f5000 rw-p 000ac000 103:02 4732813                   /usr/lib/libpcre2-8.so.0.15.0
7f80700f5000-7f80700fa000 r--p 00000000 103:02 4780633                   /usr/lib/libpixman-1.so.0.46.4
7f80700fa000-7f807018b000 r-xp 00005000 103:02 4780633                   /usr/lib/libpixman-1.so.0.46.4
7f807018b000-7f807019b000 r--p 00096000 103:02 4780633                   /usr/lib/libpixman-1.so.0.46.4
7f807019b000-7f80701a3000 r--p 000a6000 103:02 4780633                   /usr/lib/libpixman-1.so.0.46.4
7f80701a3000-7f80701a4000 rw-p 000ae000 103:02 4780633                   /usr/lib/libpixman-1.so.0.46.4
7f80701a4000-7f80701b0000 r--p 00000000 103:02 4751894                   /usr/lib/libxcb.so.1.1.0
7f80701b0000-7f80701c4000 r-xp 0000c000 103:02 4751894                   /usr/lib/libxcb.so.1.1.0
7f80701c4000-7f80701cd000 r--p 00020000 103:02 4751894                   /usr/lib/libxcb.so.1.1.0
7f80701cd000-7f80701ce000 r--p 00028000 103:02 4751894                   /usr/lib/libxcb.so.1.1.0
7f80701ce000-7f80701cf000 rw-p 00029000 103:02 4751894                   /usr/lib/libxcb.so.1.1.0
7f80701cf000-7f80701e6000 r--p 00000000 103:02 4740502                   /usr/lib/libX11.so.6.4.0
7f80701e6000-7f807027b000 r-xp 00017000 103:02 4740502                   /usr/lib/libX11.so.6.4.0
7f807027b000-7f807030a000 r--p 000ac000 103:02 4740502                   /usr/lib/libX11.so.6.4.0
7f807030a000-7f807030d000 r--p 0013a000 103:02 4740502                   /usr/lib/libX11.so.6.4.0
7f807030d000-7f8070311000 rw-p 0013d000 103:02 4740502                   /usr/lib/libX11.so.6.4.0
7f8070311000-7f8070317000 r--p 00000000 103:02 4814646                   /usr/lib/libfreetype.so.6.20.6
7f8070317000-7f80703af000 r-xp 00006000 103:02 4814646                   /usr/lib/libfreetype.so.6.20.6
7f80703af000-7f80703d8000 r--p 0009e000 103:02 4814646                   /usr/lib/libfreetype.so.6.20.6
7f80703d8000-7f80703e0000 r--p 000c6000 103:02 4814646                   /usr/lib/libfreetype.so.6.20.6
7f80703e0000-7f80703e1000 rw-p 000ce000 103:02 4814646                   /usr/lib/libfreetype.so.6.20.6
7f80703e1000-7f80703e7000 r--p 00000000 103:02 4812002                   /usr/lib/libpng16.so.16.58.0
7f80703e7000-7f8070412000 r-xp 00006000 103:02 4812002                   /usr/lib/libpng16.so.16.58.0
7f8070412000-7f807041c000 r--p 00031000 103:02 4812002                   /usr/lib/libpng16.so.16.58.0
7f807041c000-7f807041d000 r--p 0003a000 103:02 4812002                   /usr/lib/libpng16.so.16.58.0
7f807041d000-7f807041e000 rw-p 0003b000 103:02 4812002                   /usr/lib/libpng16.so.16.58.0
7f807041e000-7f8070420000 r--p 00000000 103:02 4761906                   /usr/lib/libfribidi.so.0.4.0
7f8070420000-7f8070425000 r-xp 00002000 103:02 4761906                   /usr/lib/libfribidi.so.0.4.0
7f8070425000-7f807043c000 r--p 00007000 103:02 4761906                   /usr/lib/libfribidi.so.0.4.0
7f807043c000-7f807043d000 r--p 0001d000 103:02 4761906                   /usr/lib/libfribidi.so.0.4.0
7f807043d000-7f807043e000 rw-p 0001e000 103:02 4761906                   /usr/lib/libfribidi.so.0.4.0
7f807043e000-7f8070470000 r--p 00000000 103:02 4745344                   /usr/lib/libgio-2.0.so.0.8800.3
7f8070470000-7f8070597000 r-xp 00032000 103:02 4745344                   /usr/lib/libgio-2.0.so.0.8800.3
7f8070597000-7f8070611000 r--p 00159000 103:02 4745344                   /usr/lib/libgio-2.0.so.0.8800.3
7f8070611000-7f807061a000 r--p 001d2000 103:02 4745344                   /usr/lib/libgio-2.0.so.0.8800.3
7f807061a000-7f807061b000 rw-p 001db000 103:02 4745344                   /usr/lib/libgio-2.0.so.0.8800.3
7f807061b000-7f807061d000 rw-p 00000000 00:00 0 
7f807061d000-7f8070623000 r--p 00000000 103:02 4759013                   /usr/lib/libfontconfig.so.1.17.0
7f8070623000-7f8070658000 r-xp 00006000 103:02 4759013                   /usr/lib/libfontconfig.so.1.17.0
7f8070658000-7f807068e000 r--p 0003b000 103:02 4759013                   /usr/lib/libfontconfig.so.1.17.0
7f807068e000-7f8070697000 r--p 00071000 103:02 4759013                   /usr/lib/libfontconfig.so.1.17.0
7f8070697000-7f8070698000 rw-p 0007a000 103:02 4759013                   /usr/lib/libfontconfig.so.1.17.0
7f8070698000-7f80706a5000 r--p 00000000 103:02 4814594                   /usr/lib/libharfbuzz.so.0.61431.0
7f80706a5000-7f8070797000 r-xp 0000d000 103:02 4814594                   /usr/lib/libharfbuzz.so.0.61431.0
7f8070797000-7f80707cb000 r--p 000ff000 103:02 4814594                   /usr/lib/libharfbuzz.so.0.61431.0
7f80707cb000-7f80707cd000 r--p 00132000 103:02 4814594                   /usr/lib/libharfbuzz.so.0.61431.0
7f80707cd000-7f80707ce000 rw-p 00134000 103:02 4814594                   /usr/lib/libharfbuzz.so.0.61431.0
7f80707ce000-7f80707ec000 r--p 00000000 103:02 4748073                   /usr/lib/libglib-2.0.so.0.8800.3
7f80707ec000-7f807089a000 r-xp 0001e000 103:02 4748073                   /usr/lib/libglib-2.0.so.0.8800.3
7f807089a000-7f807092e000 r--p 000cc000 103:02 4748073                   /usr/lib/libglib-2.0.so.0.8800.3
7f807092e000-7f807092f000 r--p 00160000 103:02 4748073                   /usr/lib/libglib-2.0.so.0.8800.3
7f807092f000-7f8070930000 rw-p 00161000 103:02 4748073                   /usr/lib/libglib-2.0.so.0.8800.3
7f8070930000-7f8070931000 rw-p 00000000 00:00 0 
7f8070931000-7f807093f000 r--p 00000000 103:02 4741723                   /usr/lib/libdbus-1.so.3.38.3
7f807093f000-7f8070970000 r-xp 0000e000 103:02 4741723                   /usr/lib/libdbus-1.so.3.38.3
7f8070970000-7f8070981000 r--p 0003f000 103:02 4741723                   /usr/lib/libdbus-1.so.3.38.3
7f8070981000-7f8070983000 r--p 0004f000 103:02 4741723                   /usr/lib/libdbus-1.so.3.38.3
7f8070983000-7f8070984000 rw-p 00051000 103:02 4741723                   /usr/lib/libdbus-1.so.3.38.3
7f8070984000-7f8070990000 r--p 00000000 103:02 4750151                   /usr/lib/libgobject-2.0.so.0.8800.3
7f8070990000-7f80709c9000 r-xp 0000c000 103:02 4750151                   /usr/lib/libgobject-2.0.so.0.8800.3
7f80709c9000-7f80709e3000 r--p 00045000 103:02 4750151                   /usr/lib/libgobject-2.0.so.0.8800.3
7f80709e3000-7f80709e6000 r--p 0005e000 103:02 4750151                   /usr/lib/libgobject-2.0.so.0.8800.3
7f80709e6000-7f80709e7000 rw-p 00061000 103:02 4750151                   /usr/lib/libgobject-2.0.so.0.8800.3
7f80709e7000-7f80709f5000 r--p 00000000 103:02 4757736                   /usr/lib/libcairo.so.2.11804.4
7f80709f5000-7f8070ae8000 r-xp 0000e000 103:02 4757736                   /usr/lib/libcairo.so.2.11804.4
7f8070ae8000-7f8070b1d000 r--p 00101000 103:02 4757736                   /usr/lib/libcairo.so.2.11804.4
7f8070b1d000-7f8070b21000 r--p 00136000 103:02 4757736                   /usr/lib/libcairo.so.2.11804.4
7f8070b21000-7f8070b23000 rw-p 0013a000 103:02 4757736                   /usr/lib/libcairo.so.2.11804.4
7f8070b23000-7f8070b24000 rw-p 00000000 00:00 0 
7f8070b24000-7f8070b32000 r--p 00000000 103:02 4794787                   /usr/lib/libpango-1.0.so.0.5800.2
7f8070b32000-7f8070b72000 r-xp 0000e000 103:02 4794787                   /usr/lib/libpango-1.0.so.0.5800.2
7f8070b72000-7f8070b8e000 r--p 0004e000 103:02 4794787                   /usr/lib/libpango-1.0.so.0.5800.2
7f8070b8e000-7f8070b92000 r--p 00069000 103:02 4794787                   /usr/lib/libpango-1.0.so.0.5800.2
7f8070b92000-7f8070b93000 rw-p 0006d000 103:02 4794787                   /usr/lib/libpango-1.0.so.0.5800.2
7f8070b93000-7f8070b97000 r--p 00000000 103:02 4755680                   /usr/lib/libxkbcommon.so.0.13.2
7f8070b97000-7f8070bc6000 r-xp 00004000 103:02 4755680                   /usr/lib/libxkbcommon.so.0.13.2
7f8070bc6000-7f8070bef000 r--p 00033000 103:02 4755680                   /usr/lib/libxkbcommon.so.0.13.2
7f8070bef000-7f8070bf1000 r--p 0005b000 103:02 4755680                   /usr/lib/libxkbcommon.so.0.13.2
7f8070bf1000-7f8070bf2000 rw-p 0005d000 103:02 4755680                   /usr/lib/libxkbcommon.so.0.13.2
7f8070bf2000-7f8070bf3000 rw-p 00000000 00:00 0 
7f8070bf3000-7f8070bf7000 ---p 00000000 00:00 0 
7f8070bf7000-7f8070cf4000 rw-p 00000000 00:00 0 
7f8070cf4000-7f8070cf8000 ---p 00000000 00:00 0 
7f8070cf8000-7f80710f8000 rw-p 00000000 00:00 0 
7f80710f8000-7f80710fc000 ---p 00000000 00:00 0 
7f80710fc000-7f80711f9000 rw-p 00000000 00:00 0 
7f80711f9000-7f80711fd000 ---p 00000000 00:00 0 
7f80711fd000-7f80712fa000 rw-p 00000000 00:00 0 
7f80712fa000-7f80712fe000 ---p 00000000 00:00 0 
7f80712fe000-7f80713fb000 rw-p 00000000 00:00 0 
7f80713fb000-7f80713ff000 ---p 00000000 00:00 0 
7f80713ff000-7f80714fb000 rw-p 00000000 00:00 0 
7f80714fb000-7f80714fc000 r-xp 00000000 00:00 0 
7f80714fc000-7f80714fd000 r--p 00000000 00:00 0 
7f80714fd000-7f80714fe000 r-xp 00000000 00:00 0 
7f80714fe000-7f80714ff000 r--p 00000000 00:00 0 
7f8071519000-7f807151a000 r-xp 00000000 00:00 0 
7f807151a000-7f807151b000 r--p 00000000 00:00 0 
7f80715fc000-7f80715fd000 rw-p 00000000 00:00 0 
7f80715fd000-7f8071601000 ---p 00000000 00:00 0 
7f8071601000-7f80716fe000 rw-p 00000000 00:00 0 
7f80716fe000-7f8071702000 ---p 00000000 00:00 0 
7f8071702000-7f80717ff000 rw-p 00000000 00:00 0 
7f80717ff000-7f8071803000 ---p 00000000 00:00 0 
7f8071803000-7f8071900000 rw-p 00000000 00:00 0 
7f8071900000-7f8071904000 ---p 00000000 00:00 0 
7f8071904000-7f8071a00000 rw-p 00000000 00:00 0 
7f8071a00000-7f8071cee000 r--p 00000000 103:02 4837164                   /usr/lib/locale/locale-archive
7f8071cee000-7f8071cf4000 r--p 00000000 103:02 4751845                   /usr/lib/libxcb-render.so.0.0.0
7f8071cf4000-7f8071cf9000 r-xp 00006000 103:02 4751845                   /usr/lib/libxcb-render.so.0.0.0
7f8071cf9000-7f8071cfb000 r--p 0000b000 103:02 4751845                   /usr/lib/libxcb-render.so.0.0.0
7f8071cfb000-7f8071cfc000 r--p 0000d000 103:02 4751845                   /usr/lib/libxcb-render.so.0.0.0
7f8071cfc000-7f8071cfd000 rw-p 0000e000 103:02 4751845                   /usr/lib/libxcb-render.so.0.0.0
7f8071cfd000-7f8071cfe000 rw-p 00000000 00:00 0 
7f8071cfe000-7f8071d02000 ---p 00000000 00:00 0 
7f8071d02000-7f8072000000 rw-p 00000000 00:00 0 
7f8072000000-7f8074c16000 rw-p 00000000 00:00 0 
7f8074c16000-7f8078000000 ---p 00000000 00:00 0 
7f8078000000-7f8079210000 rw-p 00000000 00:00 0 
7f8079210000-7f807c000000 ---p 00000000 00:00 0 
7f807c000000-7f807c001000 rw-s 00000000 00:07 1110                       /dev/nvidiactl
7f807c001000-7f807c003000 r--p 00000000 00:1a 53161                      /dev/shm/716e306c-95b7-4d19-95b4-1c569de03be9 (deleted)
7f807c003000-7f807c005000 r--p 00000000 103:02 4748283                   /usr/lib/libgmodule-2.0.so.0.8800.3
7f807c005000-7f807c007000 r-xp 00002000 103:02 4748283                   /usr/lib/libgmodule-2.0.so.0.8800.3
7f807c007000-7f807c008000 r--p 00004000 103:02 4748283                   /usr/lib/libgmodule-2.0.so.0.8800.3
7f807c008000-7f807c009000 r--p 00004000 103:02 4748283                   /usr/lib/libgmodule-2.0.so.0.8800.3
7f807c009000-7f807c00a000 rw-p 00005000 103:02 4748283                   /usr/lib/libgmodule-2.0.so.0.8800.3
7f807c00a000-7f807c00e000 r--p 00000000 103:02 4760928                   /usr/lib/libXext.so.6.4.0
7f807c00e000-7f807c019000 r-xp 00004000 103:02 4760928                   /usr/lib/libXext.so.6.4.0
7f807c019000-7f807c01c000 r--p 0000f000 103:02 4760928                   /usr/lib/libXext.so.6.4.0
7f807c01c000-7f807c01d000 r--p 00011000 103:02 4760928                   /usr/lib/libXext.so.6.4.0
7f807c01d000-7f807c01e000 rw-p 00012000 103:02 4760928                   /usr/lib/libXext.so.6.4.0
7f807c01e000-7f807c026000 r--p 00000000 103:02 4815145                   /usr/lib/libpangoft2-1.0.so.0.5800.2
7f807c026000-7f807c036000 r-xp 00008000 103:02 4815145                   /usr/lib/libpangoft2-1.0.so.0.5800.2
7f807c036000-7f807c03b000 r--p 00018000 103:02 4815145                   /usr/lib/libpangoft2-1.0.so.0.5800.2
7f807c03b000-7f807c03c000 r--p 0001d000 103:02 4815145                   /usr/lib/libpangoft2-1.0.so.0.5800.2
7f807c03c000-7f807c03d000 rw-p 0001e000 103:02 4815145                   /usr/lib/libpangoft2-1.0.so.0.5800.2
7f807c03d000-7f807c042000 r--p 00000000 103:02 4815137                   /usr/lib/libpangocairo-1.0.so.0.5800.2
7f807c042000-7f807c04b000 r-xp 00005000 103:02 4815137                   /usr/lib/libpangocairo-1.0.so.0.5800.2
7f807c04b000-7f807c04d000 r--p 0000e000 103:02 4815137                   /usr/lib/libpangocairo-1.0.so.0.5800.2
7f807c04d000-7f807c04e000 r--p 00010000 103:02 4815137                   /usr/lib/libpangocairo-1.0.so.0.5800.2
7f807c04e000-7f807c04f000 rw-p 00011000 103:02 4815137                   /usr/lib/libpangocairo-1.0.so.0.5800.2
7f807c04f000-7f807c05f000 r--p 00000000 00:2f 28158                      /tmp/lwjgl_annihilator/3.3.6+1/x64/libglfw.so
7f807c05f000-7f807c080000 r-xp 00010000 00:2f 28158                      /tmp/lwjgl_annihilator/3.3.6+1/x64/libglfw.so
7f807c080000-7f807c0bc000 r--p 00031000 00:2f 28158                      /tmp/lwjgl_annihilator/3.3.6+1/x64/libglfw.so
7f807c0bc000-7f807c0c0000 r--p 0006c000 00:2f 28158                      /tmp/lwjgl_annihilator/3.3.6+1/x64/libglfw.so
7f807c0c0000-7f807c0c3000 rw-p 00070000 00:2f 28158                      /tmp/lwjgl_annihilator/3.3.6+1/x64/libglfw.so
7f807c0c3000-7f807c0e6000 rw-p 00000000 00:00 0 
7f807c0e6000-7f807c0e7000 rw-p 00000000 00:00 0 
7f807c0e7000-7f807c0eb000 ---p 00000000 00:00 0 
7f807c0eb000-7f807c1e7000 rw-p 00000000 00:00 0 
7f807c1e7000-7f807c8a7000 rw-p 00000000 00:00 0 
7f807c8a7000-7f807c8b7000 ---p 00000000 00:00 0 
7f807c8b7000-7f807c8bf000 rw-p 00000000 00:00 0 
7f807c8bf000-7f807fddf000 ---p 00000000 00:00 0 
7f807fddf000-7f807fdf7000 rw-p 00000000 00:00 0 
7f807fdf7000-7f807fdff000 ---p 00000000 00:00 0 
7f807fdff000-7f80813df000 rwxp 00000000 00:00 0 
7f80813df000-7f808725f000 ---p 00000000 00:00 0 
7f808725f000-7f808797f000 rwxp 00000000 00:00 0 
7f808797f000-7f80879a0000 ---p 00000000 00:00 0 
7f80879a0000-7f8088050000 rwxp 00000000 00:00 0 
7f8088050000-7f808ee00000 ---p 00000000 00:00 0 
7f808ee00000-7f8097e1c000 r--s 00000000 103:02 7880807                   /usr/lib/jvm/java-26-openjdk/lib/modules
7f8097e1c000-7f8097e1e000 r--p 00000000 103:02 4843167                   /usr/lib/libXrender.so.1.3.0
7f8097e1e000-7f8097e25000 r-xp 00002000 103:02 4843167                   /usr/lib/libXrender.so.1.3.0
7f8097e25000-7f8097e26000 r--p 00009000 103:02 4843167                   /usr/lib/libXrender.so.1.3.0
7f8097e26000-7f8097e27000 r--p 00009000 103:02 4843167                   /usr/lib/libXrender.so.1.3.0
7f8097e27000-7f8097e28000 rw-p 0000a000 103:02 4843167                   /usr/lib/libXrender.so.1.3.0
7f8097e28000-7f8097e54000 r--p 00000000 00:2f 28110                      /tmp/lwjgl_annihilator/3.3.6+1/x64/liblwjgl.so
7f8097e54000-7f8097e88000 r-xp 0002c000 00:2f 28110                      /tmp/lwjgl_annihilator/3.3.6+1/x64/liblwjgl.so
7f8097e88000-7f8097ea2000 r--p 00060000 00:2f 28110                      /tmp/lwjgl_annihilator/3.3.6+1/x64/liblwjgl.so
7f8097ea2000-7f8097ea3000 r--p 00079000 00:2f 28110                      /tmp/lwjgl_annihilator/3.3.6+1/x64/liblwjgl.so
7f8097ea3000-7f8097ea4000 rw-p 0007a000 00:2f 28110                      /tmp/lwjgl_annihilator/3.3.6+1/x64/liblwjgl.so
7f8097ea4000-7f8097eff000 rw-p 00000000 00:00 0 
7f8097eff000-7f8097f00000 rw-p 00000000 00:00 0 
7f8097f00000-7f8097f04000 ---p 00000000 00:00 0 
7f8097f04000-7f8098000000 rw-p 00000000 00:00 0 
7f8098000000-7f809a4d3000 rw-p 00000000 00:00 0 
7f809a4d3000-7f809c000000 ---p 00000000 00:00 0 
7f809c000000-7f809c001000 r--s 00000000 00:07 1110                       /dev/nvidiactl
7f809c001000-7f809c002000 r--p 00000000 103:02 4751862                   /usr/lib/libxcb-shm.so.0.0.0
7f809c002000-7f809c003000 r-xp 00001000 103:02 4751862                   /usr/lib/libxcb-shm.so.0.0.0
7f809c003000-7f809c004000 r--p 00002000 103:02 4751862                   /usr/lib/libxcb-shm.so.0.0.0
7f809c004000-7f809c005000 r--p 00002000 103:02 4751862                   /usr/lib/libxcb-shm.so.0.0.0
7f809c005000-7f809c006000 rw-p 00003000 103:02 4751862                   /usr/lib/libxcb-shm.so.0.0.0
7f809c006000-7f809c008000 r--p 00000000 103:02 4815120                   /usr/lib/libthai.so.0.3.2
7f809c008000-7f809c00c000 r-xp 00002000 103:02 4815120                   /usr/lib/libthai.so.0.3.2
7f809c00c000-7f809c00f000 r--p 00006000 103:02 4815120                   /usr/lib/libthai.so.0.3.2
7f809c00f000-7f809c010000 r--p 00008000 103:02 4815120                   /usr/lib/libthai.so.0.3.2
7f809c010000-7f809c011000 rw-p 00009000 103:02 4815120                   /usr/lib/libthai.so.0.3.2
7f809c011000-7f809c015000 r--p 00000000 103:02 4726011                   /usr/lib/libdecor/plugins-1/libdecor-cairo.so
7f809c015000-7f809c01b000 r-xp 00004000 103:02 4726011                   /usr/lib/libdecor/plugins-1/libdecor-cairo.so
7f809c01b000-7f809c01d000 r--p 0000a000 103:02 4726011                   /usr/lib/libdecor/plugins-1/libdecor-cairo.so
7f809c01d000-7f809c020000 r--p 0000b000 103:02 4726011                   /usr/lib/libdecor/plugins-1/libdecor-cairo.so
7f809c020000-7f809c021000 rw-p 0000e000 103:02 4726011                   /usr/lib/libdecor/plugins-1/libdecor-cairo.so
7f809c021000-7f809c024000 r--p 00000000 103:02 4725997                   /usr/lib/libdecor-0.so.0.200.5
7f809c024000-7f809c027000 r-xp 00003000 103:02 4725997                   /usr/lib/libdecor-0.so.0.200.5
7f809c027000-7f809c029000 r--p 00006000 103:02 4725997                   /usr/lib/libdecor-0.so.0.200.5
7f809c029000-7f809c02a000 r--p 00007000 103:02 4725997                   /usr/lib/libdecor-0.so.0.200.5
7f809c02a000-7f809c02b000 rw-p 00008000 103:02 4725997                   /usr/lib/libdecor-0.so.0.200.5
7f809c02b000-7f809c02c000 r--p 00000000 103:02 4818228                   /usr/lib/libwayland-egl.so.1.26.0
7f809c02c000-7f809c02d000 r-xp 00001000 103:02 4818228                   /usr/lib/libwayland-egl.so.1.26.0
7f809c02d000-7f809c02e000 r--p 00002000 103:02 4818228                   /usr/lib/libwayland-egl.so.1.26.0
7f809c02e000-7f809c02f000 r--p 00002000 103:02 4818228                   /usr/lib/libwayland-egl.so.1.26.0
7f809c02f000-7f809c030000 rw-p 00003000 103:02 4818228                   /usr/lib/libwayland-egl.so.1.26.0
7f809c030000-7f809c032000 r--p 00000000 103:02 4780624                   /usr/lib/libffi.so.8.5.0
7f809c032000-7f809c03a000 r-xp 00002000 103:02 4780624                   /usr/lib/libffi.so.8.5.0
7f809c03a000-7f809c03c000 r--p 0000a000 103:02 4780624                   /usr/lib/libffi.so.8.5.0
7f809c03c000-7f809c03d000 r--p 0000b000 103:02 4780624                   /usr/lib/libffi.so.8.5.0
7f809c03d000-7f809c03e000 rw-p 0000c000 103:02 4780624                   /usr/lib/libffi.so.8.5.0
7f809c03e000-7f809c041000 r--p 00000000 103:02 4815658                   /usr/lib/libwayland-client.so.0.26.0
7f809c041000-7f809c048000 r-xp 00003000 103:02 4815658                   /usr/lib/libwayland-client.so.0.26.0
7f809c048000-7f809c04b000 r--p 0000a000 103:02 4815658                   /usr/lib/libwayland-client.so.0.26.0
7f809c04b000-7f809c04d000 r--p 0000c000 103:02 4815658                   /usr/lib/libwayland-client.so.0.26.0
7f809c04d000-7f809c04e000 rw-p 0000e000 103:02 4815658                   /usr/lib/libwayland-client.so.0.26.0
7f809c04e000-7f809c351000 rw-p 00000000 00:00 0 
7f809c351000-7f809d05e000 rw-p 00000000 00:00 0 
7f809d05e000-7f809d361000 rw-p 00000000 00:00 0 
7f809d361000-7f809d439000 rw-p 00000000 00:00 0 
7f809d439000-7f809d43b000 ---p 00000000 00:00 0 
7f809d43b000-7f809d43c000 rw-p 00000000 00:00 0 
7f809d43c000-7f809dae0000 ---p 00000000 00:00 0 
7f809dae0000-7f809dae3000 rw-p 00000000 00:00 0 
7f809dae3000-7f809dae4000 ---p 00000000 00:00 0 
7f809dae4000-7f809dbbc000 rw-p 00000000 00:00 0 
7f809dbbc000-7f809dbbe000 ---p 00000000 00:00 0 
7f809dbbe000-7f809dbbf000 rw-p 00000000 00:00 0 
7f809dbbf000-7f809e263000 ---p 00000000 00:00 0 
7f809e263000-7f809e266000 rw-p 00000000 00:00 0 
7f809e266000-7f809e267000 ---p 00000000 00:00 0 
7f809e267000-7f809e33f000 rw-p 00000000 00:00 0 
7f809e33f000-7f809e341000 ---p 00000000 00:00 0 
7f809e341000-7f809e342000 rw-p 00000000 00:00 0 
7f809e342000-7f809e9e6000 ---p 00000000 00:00 0 
7f809e9e6000-7f809e9e9000 rw-p 00000000 00:00 0 
7f809e9e9000-7f809e9ea000 ---p 00000000 00:00 0 
7f809e9ea000-7f809f705000 rw-p 00000000 00:00 0 
7f809f705000-7f809f7e0000 ---p 00000000 00:00 0 
7f809f7e0000-7f809f80c000 rw-p 00000000 00:00 0 
7f809f80c000-7f809f8c9000 ---p 00000000 00:00 0 
7f809f8c9000-7f809f8d9000 r--p 00000000 103:02 4722178                   /usr/lib/libm.so.6
7f809f8d9000-7f809f975000 r-xp 00010000 103:02 4722178                   /usr/lib/libm.so.6
7f809f975000-7f809f9fe000 r--p 000ac000 103:02 4722178                   /usr/lib/libm.so.6
7f809f9fe000-7f809f9ff000 r--p 00134000 103:02 4722178                   /usr/lib/libm.so.6
7f809f9ff000-7f809fa00000 rw-p 00135000 103:02 4722178                   /usr/lib/libm.so.6
7f809fa00000-7f809fa9a000 r--p 00000000 103:02 4748526                   /usr/lib/libstdc++.so.6.0.36
7f809fa9a000-7f809fc1d000 r-xp 0009a000 103:02 4748526                   /usr/lib/libstdc++.so.6.0.36
7f809fc1d000-7f809fcbd000 r--p 0021d000 103:02 4748526                   /usr/lib/libstdc++.so.6.0.36
7f809fcbd000-7f809fcce000 r--p 002bc000 103:02 4748526                   /usr/lib/libstdc++.so.6.0.36
7f809fcce000-7f809fccf000 rw-p 002cd000 103:02 4748526                   /usr/lib/libstdc++.so.6.0.36
7f809fccf000-7f809fcd3000 rw-p 00000000 00:00 0 
7f809fcd3000-7f809fcd5000 r--p 00000000 00:1a 53161                      /dev/shm/716e306c-95b7-4d19-95b4-1c569de03be9 (deleted)
7f809fcd5000-7f809fcd6000 r--p 00000000 103:02 4817284                   /usr/lib/libwayland-cursor.so.0.26.0
7f809fcd6000-7f809fcd8000 r-xp 00001000 103:02 4817284                   /usr/lib/libwayland-cursor.so.0.26.0
7f809fcd8000-7f809fcd9000 r--p 00003000 103:02 4817284                   /usr/lib/libwayland-cursor.so.0.26.0
7f809fcd9000-7f809fcda000 r--p 00003000 103:02 4817284                   /usr/lib/libwayland-cursor.so.0.26.0
7f809fcda000-7f809fcde000 rw-p 00004000 103:02 4817284                   /usr/lib/libwayland-cursor.so.0.26.0
7f809fcde000-7f809fcdf000 r--p 00000000 103:02 4722210                   /usr/lib/librt.so.1
7f809fcdf000-7f809fce0000 r-xp 00001000 103:02 4722210                   /usr/lib/librt.so.1
7f809fce0000-7f809fce1000 r--p 00002000 103:02 4722210                   /usr/lib/librt.so.1
7f809fce1000-7f809fce2000 r--p 00002000 103:02 4722210                   /usr/lib/librt.so.1
7f809fce2000-7f809fce3000 rw-p 00003000 103:02 4722210                   /usr/lib/librt.so.1
7f809fce3000-7f809fce4000 rw-p 00000000 00:00 0 
7f809fce4000-7f809fce5000 r--p 00000000 103:02 4722204                   /usr/lib/libpthread.so.0
7f809fce5000-7f809fce6000 r-xp 00001000 103:02 4722204                   /usr/lib/libpthread.so.0
7f809fce6000-7f809fce7000 r--p 00002000 103:02 4722204                   /usr/lib/libpthread.so.0
7f809fce7000-7f809fce8000 r--p 00002000 103:02 4722204                   /usr/lib/libpthread.so.0
7f809fce8000-7f809fce9000 rw-p 00003000 103:02 4722204                   /usr/lib/libpthread.so.0
7f809fce9000-7f809fcf0000 r--p 00000000 103:02 7880797                   /usr/lib/jvm/java-26-openjdk/lib/libnio.so
7f809fcf0000-7f809fcf9000 r-xp 00007000 103:02 7880797                   /usr/lib/jvm/java-26-openjdk/lib/libnio.so
7f809fcf9000-7f809fcfe000 r--p 00010000 103:02 7880797                   /usr/lib/jvm/java-26-openjdk/lib/libnio.so
7f809fcfe000-7f809fcff000 r--p 00014000 103:02 7880797                   /usr/lib/jvm/java-26-openjdk/lib/libnio.so
7f809fcff000-7f809fd00000 rw-p 00015000 103:02 7880797                   /usr/lib/jvm/java-26-openjdk/lib/libnio.so
7f809fd00000-7f809fd04000 ---p 00000000 00:00 0 
7f809fd04000-7f809fe00000 rw-p 00000000 00:00 0 
7f809fe00000-7f809fe0e000 r--p 00000000 103:02 7880818                   /usr/lib/jvm/java-26-openjdk/lib/server/libjvm.so
7f809fe0e000-7f80a0d57000 r-xp 0000e000 103:02 7880818                   /usr/lib/jvm/java-26-openjdk/lib/server/libjvm.so
7f80a0d57000-7f80a0f9e000 r--p 00f57000 103:02 7880818                   /usr/lib/jvm/java-26-openjdk/lib/server/libjvm.so
7f80a0f9e000-7f80a1090000 r--p 0119d000 103:02 7880818                   /usr/lib/jvm/java-26-openjdk/lib/server/libjvm.so
7f80a1090000-7f80a10b1000 rw-p 0128f000 103:02 7880818                   /usr/lib/jvm/java-26-openjdk/lib/server/libjvm.so
7f80a10b1000-7f80a1134000 rw-p 00000000 00:00 0 
7f80a1134000-7f80a1136000 r--p 00000000 103:02 7880806                   /usr/lib/jvm/java-26-openjdk/lib/libzip.so
7f80a1136000-7f80a113a000 r-xp 00002000 103:02 7880806                   /usr/lib/jvm/java-26-openjdk/lib/libzip.so
7f80a113a000-7f80a113c000 r--p 00006000 103:02 7880806                   /usr/lib/jvm/java-26-openjdk/lib/libzip.so
7f80a113c000-7f80a113d000 r--p 00007000 103:02 7880806                   /usr/lib/jvm/java-26-openjdk/lib/libzip.so
7f80a113d000-7f80a113e000 rw-p 00008000 103:02 7880806                   /usr/lib/jvm/java-26-openjdk/lib/libzip.so
7f80a113e000-7f80a1200000 rw-p 00000000 00:00 0 
7f80a1200000-7f80a1224000 r--p 00000000 103:02 4722147                   /usr/lib/libc.so.6
7f80a1224000-7f80a139f000 r-xp 00024000 103:02 4722147                   /usr/lib/libc.so.6
7f80a139f000-7f80a1415000 r--p 0019f000 103:02 4722147                   /usr/lib/libc.so.6
7f80a1415000-7f80a1419000 r--p 00214000 103:02 4722147                   /usr/lib/libc.so.6
7f80a1419000-7f80a141b000 rw-p 00218000 103:02 4722147                   /usr/lib/libc.so.6
7f80a141b000-7f80a1423000 rw-p 00000000 00:00 0 
7f80a1423000-7f80a1424000 r-xp 0005e000 00:2f 28110                      /tmp/lwjgl_annihilator/3.3.6+1/x64/liblwjgl.so
7f80a1424000-7f80a1425000 rw-p 00000000 00:00 0 
7f80a1425000-7f80a1426000 r--p 00000000 103:02 4722163                   /usr/lib/libdl.so.2
7f80a1426000-7f80a1427000 r-xp 00001000 103:02 4722163                   /usr/lib/libdl.so.2
7f80a1427000-7f80a1428000 r--p 00002000 103:02 4722163                   /usr/lib/libdl.so.2
7f80a1428000-7f80a1429000 r--p 00002000 103:02 4722163                   /usr/lib/libdl.so.2
7f80a1429000-7f80a142a000 rw-p 00003000 103:02 4722163                   /usr/lib/libdl.so.2
7f80a142a000-7f80a142c000 r--p 00000000 103:02 7880796                   /usr/lib/jvm/java-26-openjdk/lib/libnet.so
7f80a142c000-7f80a1433000 r-xp 00002000 103:02 7880796                   /usr/lib/jvm/java-26-openjdk/lib/libnet.so
7f80a1433000-7f80a1435000 r--p 00009000 103:02 7880796                   /usr/lib/jvm/java-26-openjdk/lib/libnet.so
7f80a1435000-7f80a1436000 r--p 0000a000 103:02 7880796                   /usr/lib/jvm/java-26-openjdk/lib/libnet.so
7f80a1436000-7f80a1437000 rw-p 0000b000 103:02 7880796                   /usr/lib/jvm/java-26-openjdk/lib/libnet.so
7f80a1437000-7f80a1438000 r--p 00000000 103:02 4744044                   /usr/share/locale/en_GB/LC_MESSAGES/libc.mo
7f80a1438000-7f80a1439000 r--p 00000000 103:02 7880802                   /usr/lib/jvm/java-26-openjdk/lib/libsimdsort.so
7f80a1439000-7f80a1473000 r-xp 00001000 103:02 7880802                   /usr/lib/jvm/java-26-openjdk/lib/libsimdsort.so
7f80a1473000-7f80a1479000 r--p 0003b000 103:02 7880802                   /usr/lib/jvm/java-26-openjdk/lib/libsimdsort.so
7f80a1479000-7f80a147a000 r--p 00040000 103:02 7880802                   /usr/lib/jvm/java-26-openjdk/lib/libsimdsort.so
7f80a147a000-7f80a147b000 rw-p 00041000 103:02 7880802                   /usr/lib/jvm/java-26-openjdk/lib/libsimdsort.so
7f80a147b000-7f80a14ca000 rw-p 00000000 00:00 0 
7f80a14ca000-7f80a14d4000 r--p 00000000 103:02 7880782                   /usr/lib/jvm/java-26-openjdk/lib/libjava.so
7f80a14d4000-7f80a14e2000 r-xp 0000a000 103:02 7880782                   /usr/lib/jvm/java-26-openjdk/lib/libjava.so
7f80a14e2000-7f80a14e7000 r--p 00018000 103:02 7880782                   /usr/lib/jvm/java-26-openjdk/lib/libjava.so
7f80a14e7000-7f80a14e8000 r--p 0001d000 103:02 7880782                   /usr/lib/jvm/java-26-openjdk/lib/libjava.so
7f80a14e8000-7f80a14e9000 rw-p 0001e000 103:02 7880782                   /usr/lib/jvm/java-26-openjdk/lib/libjava.so
7f80a14e9000-7f80a14ea000 rw-p 00000000 00:00 0 
7f80a14ea000-7f80a14f2000 rw-s 00000000 00:2f 49016                      /tmp/hsperfdata_annihilator/2234202 (deleted)
7f80a14f2000-7f80a14f3000 ---p 00000000 00:00 0 
7f80a14f3000-7f80a14f4000 r--p 00000000 00:00 0 
7f80a14f4000-7f80a14f5000 ---p 00000000 00:00 0 
7f80a14f5000-7f80a14f6000 r--p 00000000 103:02 7880786                   /usr/lib/jvm/java-26-openjdk/lib/libjimage.so
7f80a14f6000-7f80a14f8000 r-xp 00001000 103:02 7880786                   /usr/lib/jvm/java-26-openjdk/lib/libjimage.so
7f80a14f8000-7f80a14f9000 r--p 00003000 103:02 7880786                   /usr/lib/jvm/java-26-openjdk/lib/libjimage.so
7f80a14f9000-7f80a14fa000 r--p 00003000 103:02 7880786                   /usr/lib/jvm/java-26-openjdk/lib/libjimage.so
7f80a14fa000-7f80a14fb000 rw-p 00004000 103:02 7880786                   /usr/lib/jvm/java-26-openjdk/lib/libjimage.so
7f80a14fb000-7f80a14ff000 r--p 00000000 103:02 4836834                   /usr/lib/libgcc_s.so.1
7f80a14ff000-7f80a1522000 r-xp 00004000 103:02 4836834                   /usr/lib/libgcc_s.so.1
7f80a1522000-7f80a1526000 r--p 00027000 103:02 4836834                   /usr/lib/libgcc_s.so.1
7f80a1526000-7f80a1527000 r--p 0002b000 103:02 4836834                   /usr/lib/libgcc_s.so.1
7f80a1527000-7f80a1528000 rw-p 0002c000 103:02 4836834                   /usr/lib/libgcc_s.so.1
7f80a1528000-7f80a152a000 rw-p 00000000 00:00 0 
7f80a152a000-7f80a152d000 r--p 00000000 103:02 4742373                   /usr/lib/libz.so.1.3.2
7f80a152d000-7f80a153d000 r-xp 00003000 103:02 4742373                   /usr/lib/libz.so.1.3.2
7f80a153d000-7f80a1543000 r--p 00013000 103:02 4742373                   /usr/lib/libz.so.1.3.2
7f80a1543000-7f80a1544000 r--p 00018000 103:02 4742373                   /usr/lib/libz.so.1.3.2
7f80a1544000-7f80a1545000 rw-p 00019000 103:02 4742373                   /usr/lib/libz.so.1.3.2
7f80a1545000-7f80a1547000 r--p 00000000 103:02 7880787                   /usr/lib/jvm/java-26-openjdk/lib/libjli.so
7f80a1547000-7f80a1551000 r-xp 00002000 103:02 7880787                   /usr/lib/jvm/java-26-openjdk/lib/libjli.so
7f80a1551000-7f80a1554000 r--p 0000c000 103:02 7880787                   /usr/lib/jvm/java-26-openjdk/lib/libjli.so
7f80a1554000-7f80a1555000 r--p 0000e000 103:02 7880787                   /usr/lib/jvm/java-26-openjdk/lib/libjli.so
7f80a1555000-7f80a1556000 rw-p 0000f000 103:02 7880787                   /usr/lib/jvm/java-26-openjdk/lib/libjli.so
7f80a1556000-7f80a1557000 r--p 00000000 00:2f 28193                      /tmp/libglxshim.so
7f80a1557000-7f80a1558000 r-xp 00001000 00:2f 28193                      /tmp/libglxshim.so
7f80a1558000-7f80a1559000 r--p 00002000 00:2f 28193                      /tmp/libglxshim.so
7f80a1559000-7f80a155a000 r--p 00002000 00:2f 28193                      /tmp/libglxshim.so
7f80a155a000-7f80a155b000 rw-p 00003000 00:2f 28193                      /tmp/libglxshim.so
7f80a155b000-7f80a155d000 rw-p 00000000 00:00 0 
7f80a155d000-7f80a1596000 r--p 00000000 103:02 656923                    /etc/ld.so.cache
7f80a1596000-7f80a159a000 r--p 00000000 00:00 0                          [vvar]
7f80a159a000-7f80a159c000 r--p 00000000 00:00 0                          [vvar_vclock]
7f80a159c000-7f80a159e000 r-xp 00000000 00:00 0                          [vdso]
7f80a159e000-7f80a159f000 r--p 00000000 103:02 4722097                   /usr/lib/ld-linux-x86-64.so.2
7f80a159f000-7f80a15cc000 r-xp 00001000 103:02 4722097                   /usr/lib/ld-linux-x86-64.so.2
7f80a15cc000-7f80a15db000 r--p 0002e000 103:02 4722097                   /usr/lib/ld-linux-x86-64.so.2
7f80a15db000-7f80a15dd000 r--p 0003d000 103:02 4722097                   /usr/lib/ld-linux-x86-64.so.2
7f80a15dd000-7f80a15de000 rw-p 0003f000 103:02 4722097                   /usr/lib/ld-linux-x86-64.so.2
7f80a15de000-7f80a15df000 rw-p 00000000 00:00 0 
7ffdb8218000-7ffdb8240000 rw-p 00000000 00:00 0                          [stack]
ffffffffff600000-ffffffffff601000 --xp 00000000 00:00 0                  [vsyscall]
Total number of mappings: 2129

JVMTI agents: none


VM Arguments:
jvm_args: -Dnuvio.wayland.libmpv=/home/annihilator/dev/mpv/build/libmpv.so.2 -Dnuvio.wayland.realApp=true -Dnuvio.wayland.sceneHoldMs=10000 -Dnuvio.wayland.videoLog=true -Dnuvio.wayland.webChrome=true -Dorg.lwjgl.util.Debug=false --enable-native-access=ALL-UNNAMED -Dfile.encoding=UTF-8 -Duser.country=GB -Duser.language=en -Duser.variant 
java_command: com.nuvio.wayland.MainKt
java_class_path (initial): /home/annihilator/dev/NuvioDesktop/waylandHost/build/classes/java/main:/home/annihilator/dev/NuvioDesktop/waylandHost/build/classes/kotlin/main:/home/annihilator/dev/NuvioDesktop/waylandHost/build/resources/main:/home/annihilator/dev/NuvioDesktop/composeApp/build/libs/composeApp-desktop.jar:/home/annihilator/dev/NuvioDesktop/vendor/compose-media-player/mediaplayer/build/libs/composeMediaPlayer-jvm-0.11.4-nuvio.jar:/home/annihilator/.gradle/caches/modules-2/files-2.1/com.materialkolor.palette/core-jvm/4.0.0-beta02/e7ea3c09e6205047254ad2601a54c18c5be26906/kmpalette-core-jvm.jar:/home/annihilator/.gradle/caches/modules-2/files-2.1/org.jetbrains.compose.material3/material3-desktop/1.11.0-alpha07/422cb57765628e3959d1e27ac46660593643296b/material3-desktop-1.11.0-alpha07.jar:/home/annihilator/.gradle/caches/modules-2/files-2.1/dev.chrisbanes.haze/haze-jvm/1.7.2/a254162ea3c9ba2eea97a76058da89ac31e50233/haze-jvm.jar:/home/annihilator/.gradle/caches/modules-2/files-2.1/org.jetbrains.compose.components/components-resources-desktop/1.11.1/f4eb52d87f31584dacdb816a26376f39a1802e8a/library-desktop-1.11.1.jar:/home/annihilator/.gradle/caches/modules-2/files-2.1/sh.calvin.reorderable/reorderable-jvm/3.0.0/4032f6ad5422fe507c8acb2257a83ebc806f145e/reorderable-jvm-3.0.0.jar:/home/annihilator/.gradle/caches/modules-2/files-2.1/org.jetbrains.compose.desktop/desktop-jvm/1.11.1/1fee826ff9d1fafd500b57a22facfc0236bc14c7/desktop-jvm-1.11.1.jar:/home/annihilator/.gradle/caches/modules-2/files-2.1/org.jetbrains.androidx.navigation3/navigation3-ui-desktop/1.1.1/ff832586ef5d51d08b604d7a524fd7985b95af2b/navigation3-ui-desktop-1.1.1.jar:/home/annihilator/.gradle/caches/modules-2/files-2.1/org.jetbrains.compose.material/material-desktop/1.11.1/2891a6f3a62dc4c367636a521d1b680a7d6ff6d/material-desktop-1.11.1.jar:/home/annihilator/.gradle/caches/modules-2/files-2.1/org.jetbrains.compose.animation/animation-core-desktop/1.11.1/1bf633ecd1a38a1cf7a41630bc56cba0da9cc25b/animation-core-desktop-1.11.1.jar:/home/annihilator/.gradle/caches/modules-2/files-2.1/org.jetbrains.compose.material/material-ripple-desktop/1.11.1/ae97a5eeb23bc3f461bc3e16e2a9882175405d17/material-ripple-desktop-1.11.1.jar:/home/annihilator/.gradle/caches/modules-2/files-2.1/org.jetbrains.compose.animation/animation-desktop/1.11.1/f873fb28f1a08d45a4dd20a0130b3da8cadf383c/animation-desktop-1.11.1.jar:/home/annihilator/.gradle/caches/modules-2/files-2.1/org.jetbrains.compose.foundation/foundation-layout-desktop/1.11.1/853fc5d01388da6515ce40b719798914012f6469/foundation-layout-desktop-1.11.1.jar:/home/annihilator/.gradle/caches/modules-2/files-2.1/io.coil-kt.coil3/coil-compose-jvm/3.5.0-beta01/8499f43e80509e3fe55e4a90ad7ce6e816b190e4/coil-compose-jvm-3.5.0-beta01.jar:/home/annihilator/.gradle/caches/modules-2/files-2.1/io.coil-kt.coil3/coil-compose-core-jvm/3.5.0-beta01/12f6663116f0946fe3e87c15f573eb52ac6dc2bc/coil-compose-core-jvm-3.5.0-beta01.jar:/home/annihilator/.gradle/caches/modules-2/files-2.1/org.jetbrains.compose.foundation/foundation-desktop/1.11.1/6df316e7af2c0c97f200de289925f62ca8fce53d/foundation-desktop-1.11.1.jar:/home/annihilator/.gradle/caches/modules-2/files-2.1/org.jetbrains.compose.material/material-icons-extended-desktop/1.7.3/c7c5465dd754043076875b32bce0dd7f5a354fe8/material-icons-extended-desktop-1.7.3.jar:/home/annihilator/.gradle/caches/modules-2/files-2.1/org.jetbrains.compose.material/material-icons-core-desktop/1.7.3/414b3096050fe647b0638832eace80f22c06b85c/material-icons-core-desktop-1.7.3.jar:/home/annihilator/.gradle/caches/modules-2/files-2.1/org.jetbrains.compose.ui/ui-unit-desktop/1.11.1/f6c06f98da206d01dc40c1587c6bc4c40cbef623/ui-unit-desktop-1.11.1.jar:/home/annihilator/.gradle/caches/modules-2/files-2.1/org.jetbrains.compose.ui/ui-graphics-desktop/1.11.1/6ea106d02adf29694eedf12fdfb621947d3621bf/ui-graphics-desktop-1.11.1.jar:/home/annihilator/.gradle/caches/modules-2/files-2.1/org.jetbrains.compose.ui/ui-geometry-desktop/1.11.1/5e430152487375359973ac9874653d335dcc220/ui-geometry-desktop-1.11.1.jar:/home/annihilator/.gradle/caches/modules-2/files-2.1/org.jetbrains.compose.ui/ui-backhandler-desktop/1.11.1/bd3540bb1d6abd60c5e58f32663b2f3e89406cd1/ui-backhandler-desktop-1.11.1.jar:/home/annihilator/.gradle/caches/modules-2/files-2.1/org.jetbrains.compose.ui/ui-util-desktop/1.11.1/4302c582878b82ab24e1f34e6e90f967f7b416ed/ui-util-desktop-1.11.1.jar:/home/annihilator/.gradle/caches/modules-2/files-2.1/org.jetbrains.compose.ui/ui-text-desktop/1.11.1/6ded685e2601260d6231c859a849b96ee6c60368/ui-text-desktop-1.11.1.jar:/home/annihilator/.gradle/caches/modules-2/files-2.1/org.jetbrains.compose.ui/ui-tooling-preview-desktop/1.11.1/97ec578d33adc34adcaa63e9af7bb2328c6c29b7/ui-tooling-preview-desktop-1.11.1.jar:/home/annihilator/.gradle/caches/modules-2/files-2.1/com.materialkolor.palette/kmpalette-loader-jvm/4.0.0-beta02/346d1cbf659720dfc1952796e619da44789482f/kmpalette-loader-jvm.jar:/home/annihilator/.gradle/caches/modules-2/files-2.1/org.jetbrains.androidx.navigationevent/navigationevent-compose-desktop/1.0.1/ecaf02060a048a1f82584fe328e4e02fe6f982ad/navigationevent-compose-desktop-1.0.1.jar:/home/annihilator/.gradle/caches/modules-2/files-2.1/org.jetbrains.compose.ui/ui-desktop/1.11.1/24c40c0d60c77a6fb34f930f13bfa4a3ff62c0f/ui-desktop-1.11.1.jar:/home/annihilator/.gradle/caches/modules-2/files-2.1/androidx.navigation3/navigation3-runtime-desktop/1.1.1/f97607fbd9cd1c2a196dbdf2440b6ca78010c08a/navigation3-runtime-desktop-1.1.1.jar:/home/annihilator/.gradle/caches/modules-2/files-2.1/androidx.lifecycle/lifecycle-runtime-desktop/2.11.0-beta01/c2b5e2f7d739375538c2a74757531a30607f85ff/lifecycle-runtime-desktop-2.11.0-beta01.jar:/home/annihilator/.gradle/caches/modules-2/files-2.1/androidx.lifecycle/lifecycle-common-jvm/2.11.0-beta01/41ef287eee7e4befb1308c017df4de89a210490d/lifecycle-common-jvm-2.11.0-beta01.jar:/home/annihilator/.gradle/caches/modules-2/files-2.1/androidx.lifecycle/lifecycle-viewmodel-desktop/2.11.0-beta01/614711da4abf1ece2121521477a5920ed26a7f29/lifecycle-viewmodel-desktop-2.11.0-beta01.jar:/home/annihilator/.gradle/caches/modules-2/files-2.1/androidx.lifecycle/lifecycle-runtime-compose-desktop/2.11.0-beta01/392c6d5cb40bb6d59e3d7070607786b7328009d4/lifecycle-runtime-compose-desktop-2.11.0-beta01.jar:/home/annihilator/.gradle/caches/modules-2/files-2.1/androidx.lifecycle/lifecycle-viewmodel-compose-desktop/2.11.0-beta01/f04e89ec2d915b35cdcd4675591ae3997604173c/lifecycle-viewmodel-compose-desktop-2.11.0-beta01.jar:/home/annihilator/.gradle/caches/modules-2/files-2.1/androidx.lifecycle/lifecycle-viewmodel-savedstate-desktop/2.11.0-beta01/23c86e72183d96b3fff60102dca0de1da5fd4424/lifecycle-viewmodel-savedstate-desktop-2.11.0-beta01.jar:/home/annihilator/.gradle/caches/modules-2/files-2.1/org.jetbrains.androidx.savedstate/savedstate-compose-desktop/1.3.6/63692375ffe667f12cb3ea8aa1e605d659ed2add/savedstate-compose-desktop-1.3.6.jar:/home/annihilator/.gradle/caches/modules-2/files-2.1/androidx.savedstate/savedstate-desktop/1.4.0/3b049a0f81643d6b4b900de95bc23efc085c32d5/savedstate-desktop-1.4.0.jar:/home/annihilator/.gradle/caches/modules-2/files-2.1/androidx.savedstate/savedstate-compose-desktop/1.4.0/d3d6e0e2108528eb6080dc250da925a572be4202/savedstate-compose-desktop-1.4.0.jar:/home/annihilator/.gradle/caches/modules-2/files-2.1/androidx.navigationevent/navigationevent-desktop/1.0.2/ddb1e7fe97ed51c3d35bba493f97fcf12398719/navigationevent-desktop-1.0.2.jar:/home/annihilator/.gradle/caches/modules-2/files-2.1/androidx.compose.runtime/runtime-annotation-jvm/1.11.2/db4aa964627ac96331b72e231b9ad54318d112f4/runtime-annotation-jvm-1.11.2.jar:/home/annihilator/.gradle/caches/modules-2/files-2.1/androidx.compose.runtime/runtime-desktop/1.11.2/e93d95553cdd86c1cb8c02f50260cc1c8e341da8/runtime-desktop-1.11.2.jar:/home/annihilator/.gradle/caches/modules-2/files-2.1/androidx.compose.runtime/runtime-retain-desktop/1.11.2/3aa3ec26ef2a3d26bc556b51b33d09efc1a198e8/runtime-retain-desktop-1.11.2.jar:/home/annihilator/.gradle/caches/modules-2/files-2.1/androidx.compose.runtime/runtime-saveable-desktop/1.11.2/1618fae89791692a224fe7aa79edbd7a8f5b7522/runtime-saveable-desktop-1.11.2.jar:/home/annihilator/.gradle/caches/modules-2/files-2.1/org.jetbrains.compose.runtime/runtime-saveable-desktop/1.11.1/b7c8a8ed985a0f15b4d8d206de1fc6125b499388/runtime-saveable-desktop-1.11.1.jar:/home/annihilator/.gradle/caches/modules-2/files-2.1/org.jetbrains.androidx.lifecycle/lifecycle-runtime-compose-desktop/2.11.0-beta01/e93db8959692f5740745b457135c1ab209a67923/lifecycle-runtime-compose-desktop-2.11.0-beta01.jar:/home/annihilator/.gradle/caches/modules-2/files-2.1/org.jetbrains.androidx.lifecycle/lifecycle-viewmodel-compose-desktop/2.11.0-beta01/25df0b7b86731829cb34805ff8ebb167b198b916/lifecycle-viewmodel-compose-desktop-2.11.0-beta01.jar:/home/annihilator/.gradle/caches/modules-2/files-2.1/org.jetbrains.compose.runtime/runtime-desktop/1.11.1/1941336b045aac4b87cc3be81d9fdb9977c88c61/runtime-desktop-1.11.1.jar:/home/annihilator/.gradle/caches/modules-2/files-2.1/io.coil-kt.coil3/coil-network-ktor3-jvm/3.5.0-beta01/59ee23ce9f237edbad112c94a7cc65dc1939999b/coil-network-ktor3-jvm-3.5.0-beta01.jar:/home/annihilator/.gradle/caches/modules-2/files-2.1/io.coil-kt.coil3/coil-network-cache-control-jvm/3.5.0-beta01/92507c9b531bab9e0c7188af0057a8719c8fee05/coil-network-cache-control-jvm-3.5.0-beta01.jar:/home/annihilator/.gradle/caches/modules-2/files-2.1/io.coil-kt.coil3/coil-svg-jvm/3.5.0-beta01/7998e0f304b0c8c535dfda3ef86cf81faa88a813/coil-svg-jvm-3.5.0-beta01.jar:/home/annihilator/.gradle/caches/modules-2/files-2.1/org.jetbrains.kotlinx/atomicfu-jvm/0.32.1/766417c1430c117100e14af193c4fdbe6034b5e6/atomicfu-jvm-0.32.1.jar:/home/annihilator/.gradle/caches/modules-2/files-2.1/io.github.jan-tennert.supabase/postgrest-kt-jvm/3.4.1/5ce69132306e6aa1fcd959ebdeb502e821e3a47c/postgrest-kt-jvm-3.4.1.jar:/home/annihilator/.gradle/caches/modules-2/files-2.1/io.github.jan-tennert.supabase/functions-kt-jvm/3.4.1/2a6c5a1e77bb1d4895812d7292d8075e34b2fb55/functions-kt-jvm-3.4.1.jar:/home/annihilator/.gradle/caches/modules-2/files-2.1/io.github.jan-tennert.supabase/storage-kt-jvm/3.4.1/4f3eb000d3862395bdd976ab8679841be3029d43/storage-kt-jvm-3.4.1.jar:/home/annihilator/.gradle/caches/modules-2/files-2.1/io.github.jan-tennert.supabase/auth-kt-jvm/3.4.1/91413cc37352dda1f34a180c14f58601b6aa2ea0/auth-kt-jvm-3.4.1.jar:/home/annihilator/.gradle/caches/modules-2/files-2.1/io.ktor/ktor-client-cio-jvm/3.4.1/114327011eeecd416940e2d1be8c9bd5098907de/ktor-client-cio-jvm-3.4.1.jar:/home/annihilator/.gradle/caches/modules-2/files-2.1/io.github.dokar3/quickjs-kt-jvm/1.0.5/c76155aa176760f2ab1966aa61ebd1cc1334dee6/quickjs-jvm.jar:/home/annihilator/.gradle/caches/modules-2/files-2.1/com.fleeksoft.ksoup/ksoup-jvm/0.2.6/61a4f799ea43b8eb31856729500be73975e41a42/ksoup-jvm-0.2.6.jar:/home/annihilator/.gradle/caches/modules-2/files-2.1/org.jetbrains.skiko/skiko-awt-runtime-linux-x64/0.144.6/291f8626a2fecd06e9f585424360560189ab7303/skiko-awt-runtime-linux-x64-0.144.6.jar:/home/annihilator/.gradle/caches/modules-2/files-2.1/org.jetbrains.skiko/skiko-awt/0.144.6/c9bec39e3c517ed5591c71c7db0cbbe64b6be849/skiko-awt-0.144.6.jar:/home/annihilator/.gradle/caches/modules-2/files-2.1/io.github.vinceglb/filekit-core-jvm/0.14.2/2d6248437233553a08f656e1cfdfc3db3df14a13/filekit-core-jvm.jar:/home/annihilator/.gradle/caches/modules-2/files-2.1/io.ktor/ktor-server-cio-jvm/3.4.0/16a50d239963841ae64e8e207f93ae7a5fdd7062/ktor-server-cio-jvm-3.4.0.jar:/home/annihilator/.gradle/caches/modules-2/files-2.1/io.ktor/ktor-server-core-jvm/3.4.0/97aba0f5e3cd539679907382a3f5783b9a563165/ktor-server-core-jvm-3.4.0.jar:/home/annihilator/.gradle/caches/modules-2/files-2.1/org.jetbrains.kotlin/kotlin-reflect/2.3.10/98e0fa43a9204a252fa8806c9b2f3f3131590bcb/kotlin-reflect-2.3.10.jar:/home/annihilator/.gradle/caches/modules-2/files-2.1/com.squareup.okhttp3/okhttp/4.12.0/2f4525d4a200e97e1b87449c2cd9bd2e25b7e8cd/okhttp-4.12.0.jar:/home/annihilator/.gradle/caches/modules-2/files-2.1/org.jetbrains.kotlin/kotlin-stdlib-jdk8/1.9.0/e000bd084353d84c9e888f6fb341dc1f5b79d948/kotlin-stdlib-jdk8-1.9.0.jar:/home/annihilator/.gradle/caches/modules-2/files-2.1/io.github.jan-tennert.supabase/supabase-kt-jvm/3.4.1/4c8df2570087c4424f8c2f3c93d77b2ec4198fd5/supabase-kt-jvm-3.4.1.jar:/home/annihilator/.gradle/caches/modules-2/files-2.1/org.jetbrains.kotlinx/kotlinx-datetime-jvm/0.8.0/316346a7d44778581ff91154f72dfa576bce4ee2/kotlinx-datetime-jvm-0.8.0.jar:/home/annihilator/.gradle/caches/modules-2/files-2.1/androidx.graphics/graphics-shapes-desktop/1.1.0/a5d2198960bdc0915f74c6b2954d3323f35f40ea/graphics-shapes-desktop-1.1.0.jar:/home/annihilator/.gradle/caches/modules-2/files-2.1/androidx.collection/collection-jvm/1.5.0/7ba2c69414d46ebc2dd76598bdd0a75c54281a57/collection-jvm-1.5.0.jar:/home/annihilator/.gradle/caches/modules-2/files-2.1/io.coil-kt.coil3/coil-jvm/3.5.0-beta01/b0061205e37fc17ba27f52ba1ee42f2be1de31d3/coil-jvm-3.5.0-beta01.jar:/home/annihilator/.gradle/caches/modules-2/files-2.1/io.coil-kt.coil3/coil-network-core-jvm/3.5.0-beta01/27fa35b4c8e4fbcc99126099eba9600a1e8e5a56/coil-network-core-jvm-3.5.0-beta01.jar:/home/annihilator/.gradle/caches/modules-2/files-2.1/io.coil-kt.coil3/coil-core-jvm/3.5.0-beta01/a1cca49cdadfc07533b35de91d266adda8af9df8/coil-core-jvm-3.5.0-beta01.jar:/home/annihilator/.gradle/caches/modules-2/files-2.1/com.materialkolor.palette/androidx-palette-jvm/4.0.0-beta02/8635f5e4c28acd813bc78a044d6f1492de7c575/androidx-palette-jvm.jar:/home/annihilator/.gradle/caches/modules-2/files-2.1/dev.drewhamilton.poko/poko-annotations-jvm/0.21.3/1e98d2ec00742104bd01eaebbd59582dac99a62/poko-annotations-jvm-0.21.3.jar:/home/annihilator/.gradle/caches/modules-2/files-2.1/com.russhwolf/multiplatform-settings-no-arg-jvm/1.3.0/b9d2280a0d56597619afb286d7c5f697f2e83f03/multiplatform-settings-no-arg-jvm-1.3.0.jar:/home/annihilator/.gradle/caches/modules-2/files-2.1/com.russhwolf/multiplatform-settings-coroutines-jvm/1.3.0/c64a7df35357b1e8fa74b830d006d2ea23fcb395/multiplatform-settings-coroutines-jvm-1.3.0.jar:/home/annihilator/.gradle/caches/modules-2/files-2.1/dev.whyoleg.cryptography/cryptography-provider-jdk-jvm/0.5.0/3a2721ac930c182a0e424f2d558cfa9d52cc1b3/cryptography-provider-jdk-jvm-0.5.0.jar:/home/annihilator/.gradle/caches/modules-2/files-2.1/dev.whyoleg.cryptography/cryptography-provider-base-jvm/0.5.0/e03b79926494512ac452ca00cfa5e27135262d32/cryptography-provider-base-jvm-0.5.0.jar:/home/annihilator/.gradle/caches/modules-2/files-2.1/dev.whyoleg.cryptography/cryptography-serialization-asn1-modules-jvm/0.5.0/9308027088c76026a5b96f5b5b400859310ca1af/cryptography-serialization-asn1-modules-jvm-0.5.0.jar:/home/annihilator/.gradle/caches/modules-2/files-2.1/dev.whyoleg.cryptography/cryptography-serialization-asn1-jvm/0.5.0/242a38b98c1dd201f499485925f22c972858c153/cryptography-serialization-asn1-jvm-0.5.0.jar:/home/annihilator/.gradle/caches/modules-2/files-2.1/dev.whyoleg.cryptography/cryptography-bigint-jvm/0.5.0/97ac3202bf7f3792b3c8bc788a7bbb1b33ca2485/cryptography-bigint-jvm-0.5.0.jar:/home/annihilator/.gradle/caches/modules-2/files-2.1/dev.whyoleg.cryptography/cryptography-random-jvm/0.5.0/8e77668891b60f6058f1262e032d8b06d137bdde/cryptography-random-jvm-0.5.0.jar:/home/annihilator/.gradle/caches/modules-2/files-2.1/dev.whyoleg.cryptography/cryptography-serialization-pem-jvm/0.5.0/7b5cb41c77698e6fb3fab21e67bf7b9e988e11a2/cryptography-serialization-pem-jvm-0.5.0.jar:/home/annihilator/.gradle/caches/modules-2/files-2.1/dev.whyoleg.cryptography/cryptography-provider-optimal-jvm/0.5.0/f0ff9daaf78932f6348ee90d014ca4c78337971b/cryptography-provider-optimal-jvm-0.5.0.jar:/home/annihilator/.gradle/caches/modules-2/files-2.1/dev.whyoleg.cryptography/cryptography-core-jvm/0.5.0/d0fc25786ede38c33893236eacc3d6ab11d2ad10/cryptography-core-jvm-0.5.0.jar:/home/annihilator/.gradle/caches/modules-2/files-2.1/io.ktor/ktor-client-content-negotiation-jvm/3.4.0/266c1aef9d340c22cd859dd5c9174c2e1d86489f/ktor-client-content-negotiation-jvm-3.4.0.jar:/home/annihilator/.gradle/caches/modules-2/files-2.1/io.ktor/ktor-client-core-jvm/3.4.1/84dc032a29f56bdac73449f78a0a2e7f9cab042/ktor-client-core-jvm-3.4.1.jar:/home/annihilator/.gradle/caches/modules-2/files-2.1/io.ktor/ktor-http-cio-jvm/3.4.1/3bd25f53a79a1f68eaec86ae9da4878314cc80af/ktor-http-cio-jvm-3.4.1.jar:/home/annihilator/.gradle/caches/modules-2/files-2.1/io.ktor/ktor-websocket-serialization-jvm/3.4.1/3a687a268f242dab9b624b78d3daeb646aeed5cb/ktor-websocket-serialization-jvm-3.4.1.jar:/home/annihilator/.gradle/caches/modules-2/files-2.1/io.ktor/ktor-serialization-kotlinx-json-jvm/3.4.0/2a09f17d70b6e61623fd8aff9bdce6d7877892/ktor-serialization-kotlinx-json-jvm-3.4.0.jar:/home/annihilator/.gradle/caches/modules-2/files-2.1/io.ktor/ktor-serialization-kotlinx-jvm/3.4.0/d001db47b2ebe8ad8b2cb1bb2a687688840f5887/ktor-serialization-kotlinx-jvm-3.4.0.jar:/home/annihilator/.gradle/caches/modules-2/files-2.1/io.ktor/ktor-serialization-jvm/3.4.1/6fec7fdb4da27d09ff33a34e6e990b215f7c19c4/ktor-serialization-jvm-3.4.1.jar:/home/annihilator/.gradle/caches/modules-2/files-2.1/io.ktor/ktor-websockets-jvm/3.4.1/83226f3612bffab4d0af0d26f9e4d6b7d2e02a58/ktor-websockets-jvm-3.4.1.jar:/home/annihilator/.gradle/caches/modules-2/files-2.1/io.ktor/ktor-network-tls-jvm/3.4.1/8d17de5904253b073b44499a3e67ba99ca2ca8f6/ktor-network-tls-jvm-3.4.1.jar:/home/annihilator/.gradle/caches/modules-2/files-2.1/com.fleeksoft.charset/charset-jvm/0.0.8/b6fcd5cc804844347929a83c56f1fdd854c9ce66/charset-jvm-0.0.8.jar:/home/annihilator/.gradle/caches/modules-2/files-2.1/com.fleeksoft.io/io-core-jvm/0.0.8/78517ce1ff4c2ccbb8b91b9f1549c6e7a0ae1044/io-core-jvm-0.0.8.jar:/home/annihilator/.gradle/caches/modules-2/files-2.1/co.touchlab/stately-concurrency-jvm/2.1.0/6285428408c4d7e4a6d9a09511de877103effd81/stately-concurrency-jvm-2.1.0.jar:/home/annihilator/.gradle/caches/modules-2/files-2.1/org.jetbrains.kotlin/kotlin-stdlib-jdk7/1.9.0/f320478990d05e0cfaadd74f9619fd6027adbf37/kotlin-stdlib-jdk7-1.9.0.jar:/home/annihilator/.gradle/caches/modules-2/files-2.1/org.jetbrains.kotlinx/kotlinx-coroutines-slf4j/1.11.0/556153d93573d016dd4e5df37e3d03d07d8d303/kotlinx-coroutines-slf4j-1.11.0.jar:/home/annihilator/.gradle/caches/modules-2/files-2.1/org.jetbrains.kotlinx/kotlinx-coroutines-swing/1.11.0/3cf134b8aefd813622edc37e60d66b939b55cb36/kotlinx-coroutines-swing-1.11.0.jar:/home/annihilator/.gradle/caches/modules-2/files-2.1/io.ktor/ktor-http-jvm/3.4.1/6605b91c8f06bb6f67e2ec13b8ccea7926f4a526/ktor-http-jvm-3.4.1.jar:/home/annihilator/.gradle/caches/modules-2/files-2.1/io.ktor/ktor-events-jvm/3.4.1/c7aa6bd43fcaf3da2f57a5417b1df66814ec2577/ktor-events-jvm-3.4.1.jar:/home/annihilator/.gradle/caches/modules-2/files-2.1/io.ktor/ktor-sse-jvm/3.4.1/f95e6419c5bb24bed7c718dbff8b292a90db881e/ktor-sse-jvm-3.4.1.jar:/home/annihilator/.gradle/caches/modules-2/files-2.1/io.ktor/ktor-network-jvm/3.4.1/a3b710fabdc38031ff0fb96eaee2a6ddf5ada9c6/ktor-network-jvm-3.4.1.jar:/home/annihilator/.gradle/caches/modules-2/files-2.1/io.ktor/ktor-utils-jvm/3.4.1/f1ad623952ea49c631db750560228e3984790e48/ktor-utils-jvm-3.4.1.jar:/home/annihilator/.gradle/caches/modules-2/files-2.1/io.ktor/ktor-io-jvm/3.4.1/fccd4e08dde189d82ae9a3f5fdbbf152ccd3a9c8/ktor-io-jvm-3.4.1.jar:/home/annihilator/.gradle/caches/modules-2/files-2.1/org.jetbrains.kotlinx/kotlinx-coroutines-core-jvm/1.11.0/3d57dc678bd8d72a60e7adf0eca5c54e3f4f4b79/kotlinx-coroutines-core-jvm-1.11.0.jar:/home/annihilator/.gradle/caches/modules-2/files-2.1/org.jetbrains.kotlinx/kotlinx-serialization-json-io-jvm/1.11.0/645ed54ca9128fc217b30b3686a083141ebe635c/kotlinx-serialization-json-io-jvm-1.11.0.jar:/home/annihilator/.gradle/caches/modules-2/files-2.1/org.jetbrains.kotlinx/kotlinx-serialization-json-jvm/1.11.0/e7e045e99e56f07599bb9ccb708c2190e2af0606/kotlinx-serialization-json-jvm-1.11.0.jar:/home/annihilator/.gradle/caches/modules-2/files-2.1/org.jetbrains.kotlinx/kotlinx-serialization-core-jvm/1.11.0/c1905c9bf7452b045d5af9248835abe64ddad6bf/kotlinx-serialization-core-jvm-1.11.0.jar:/home/annihilator/.gradle/caches/modules-2/files-2.1/androidx.arch.core/core-common/2.2.0/5e1b8b81dfd5f52c56a8d53b18ca759c19a301f3/core-common-2.2.0.jar:/home/annihilator/.gradle/caches/modules-2/files-2.1/androidx.annotation/annotation-jvm/1.10.0/388cfaa79001d0f024d28f6a13d5a3dfc2f0e18f/annotation-jvm-1.10.0.jar:/home/annihilator/.gradle/caches/modules-2/files-2.1/org.jetbrains.kotlinx/kotlinx-io-core-jvm/0.9.0/7f7536f8f057ffc7f79375714e9730c4b8bdd7c9/kotlinx-io-core-jvm-0.9.0.jar:/home/annihilator/.gradle/caches/modules-2/files-2.1/com.squareup.okio/okio-jvm/3.17.0/a12d684ec0df9541b3869ae60a4a5257fd3613df/okio-jvm-3.17.0.jar:/home/annihilator/.gradle/caches/modules-2/files-2.1/co.touchlab/kermit-jvm/2.0.8/83ee3b1da12d91011c3e93558f97bc28665810de/kermit-jvm-2.0.8.jar:/home/annihilator/.gradle/caches/modules-2/files-2.1/org.jetbrains.kotlinx/kotlinx-collections-immutable-jvm/0.4.0/82499bf608b0fc3ae6737a5eac1a1f1325279bbf/kotlinx-collections-immutable-jvm-0.4.0.jar:/home/annihilator/.gradle/caches/modules-2/files-2.1/com.russhwolf/multiplatform-settings-jvm/1.3.0/76fe39b1cbb2b2b951ec230ab85e610ae179aab7/multiplatform-settings-jvm-1.3.0.jar:/home/annihilator/.gradle/caches/modules-2/files-2.1/co.touchlab/stately-strict-jvm/2.1.0/3ae8369209065455f4630793bf6aca0fb88c8b6b/stately-strict-jvm-2.1.0.jar:/home/annihilator/.gradle/caches/modules-2/files-2.1/org.jetbrains.kotlinx/kotlinx-io-bytestring-jvm/0.9.0/e73a7915234a8ea7954f32b715ef8e42b02f66a3/kotlinx-io-bytestring-jvm-0.9.0.jar:/home/annihilator/.gradle/caches/modules-2/files-2.1/co.touchlab/kermit-core-jvm/2.0.8/7d782124fef2b0c4dccf07208e1cf3aa13b57058/kermit-core-jvm-2.0.8.jar:/home/annihilator/.gradle/caches/modules-2/files-2.1/org.jetbrains.kotlin/kotlin-stdlib/2.4.0/4e9f4b531dce5c7dee58ed2de9a8b9a763c8dc6c/kotlin-stdlib-2.4.0.jar:/home/annihilator/.gradle/caches/modules-2/files-2.1/org.lwjgl/lwjgl-glfw/3.3.6/7119f7d0eeb1e5502ff0ca71d2b4d47317da015/lwjgl-glfw-3.3.6.jar:/home/annihilator/.gradle/caches/modules-2/files-2.1/org.lwjgl/lwjgl-glfw/3.3.6/797e0965709ad180d9b00c88a086dbda15002203/lwjgl-glfw-3.3.6-natives-linux.jar:/home/annihilator/.gradle/caches/modules-2/files-2.1/org.lwjgl/lwjgl-opengl/3.3.6/ac2532612a4df374e9a9282bcf8ce2573018ebbb/lwjgl-opengl-3.3.6.jar:/home/annihilator/.gradle/caches/modules-2/files-2.1/org.lwjgl/lwjgl-opengl/3.3.6/b8dc6467fe232d552793c53dc56f9fa8a385299c/lwjgl-opengl-3.3.6-natives-linux.jar:/home/annihilator/.gradle/caches/modules-2/files-2.1/org.lwjgl/lwjgl-vulkan/3.3.6/a403e0931b03b138854bb2ba9c48dab646cba6d8/lwjgl-vulkan-3.3.6.jar:/home/annihilator/.gradle/caches/modules-2/files-2.1/org.lwjgl/lwjgl/3.3.6/ce7721d30cfaf47feaed10213e0c43eb55c49d68/lwjgl-3.3.6.jar:/home/annihilator/.gradle/caches/modules-2/files-2.1/org.lwjgl/lwjgl/3.3.6/dc7db8fc4f1e6563867f9155b9a42d9c73d8992f/lwjgl-3.3.6-natives-linux.jar:/home/annihilator/.gradle/caches/modules-2/files-2.1/org.jetbrains/annotations/23.0.0/8cc20c07506ec18e0834947b84a864bfc094484e/annotations-23.0.0.jar:/home/annihilator/.gradle/caches/modules-2/files-2.1/io.sentry/sentry/8.52.0/b26a1b9181c78835078956c352f20cecd459e7a6/sentry-8.52.0.jar:/home/annihilator/.gradle/caches/modules-2/files-2.1/org.jetbrains.runtime/jbr-api/1.9.0/2bc161f5472b5fd5610740e4d6ebe896c811cb0e/jbr-api-1.9.0.jar:/home/annihilator/.gradle/caches/modules-2/files-2.1/org.slf4j/slf4j-api/2.0.17/d9e58ac9c7779ba3bf8142aff6c830617a7fe60f/slf4j-api-2.0.17.jar:/home/annihilator/.gradle/caches/modules-2/files-2.1/net.java.dev.jna/jna-platform/5.19.1/d1e54d9231da5ca3fa730d52960deaa555475468/jna-platform-5.19.1.jar:/home/annihilator/.gradle/caches/modules-2/files-2.1/com.typesafe/config/1.4.5/cc25b497ded7068a861517a815546fb472f9e58/config-1.4.5.jar:/home/annihilator/.gradle/caches/modules-2/files-2.1/org.fusesource.jansi/jansi/2.4.2/ba7387c31622c6650b83edba1bbb115f1fe462ba/jansi-2.4.2.jar:/home/annihilator/.gradle/caches/modules-2/files-2.1/net.java.dev.jna/jna/5.19.1/ca303052cd617c1af2e2c8d344c98a706fb63143/jna-5.19.1.jar:/home/annihilator/.gradle/caches/modules-2/files-2.1/org.jspecify/jspecify/1.0.0/7425a601c1c7ec76645a78d22b8c6a627edee507/jspecify-1.0.0.jar
Launcher Type: SUN_STANDARD

[Global flags]
     bool AOTAdapterCaching                        = false                                  {diagnostic} {ergonomic}
     bool AOTInvokeDynamicLinking                  = false                                  {diagnostic} {ergonomic}
     bool AOTRecordTraining                        = false                                  {diagnostic} {ergonomic}
     bool AOTReplayTraining                        = false                                  {diagnostic} {ergonomic}
     bool AOTStubCaching                           = false                                  {diagnostic} {ergonomic}
     intx CICompilerCount                          = 12                                        {product} {ergonomic}
     uint ConcGCThreads                            = 3                                         {product} {ergonomic}
     uint G1ConcRefinementThreads                  = 13                                        {product} {ergonomic}
     uint G1EagerReclaimRemSetThreshold            = 16                                   {experimental} {ergonomic}
   size_t G1HeapRegionSize                         = 2097152                                   {product} {ergonomic}
     uint G1RemSetArrayOfCardsEntries              = 16                                   {experimental} {ergonomic}
     uint G1RemSetHowlMaxNumBuckets                = 8                                    {experimental} {ergonomic}
     uint G1RemSetHowlNumBuckets                   = 8                                    {experimental} {ergonomic}
   size_t InitialHeapSize                          = 8388608                                   {product} {ergonomic}
     bool IntelJccErratumMitigation                = false                             {ARCH diagnostic} {ergonomic}
   size_t MarkStackSize                            = 4194304                                   {product} {ergonomic}
   size_t MarkStackSizeMax                         = 536870912                                 {product} {ergonomic}
   size_t MaxHeapSize                              = 4032823296                                {product} {ergonomic}
   size_t MaxNewSize                               = 2418016256                                {product} {ergonomic}
 uint64_t MaxRAM                                   = 16128925696                               {product} {ergonomic}
   size_t MinHeapDeltaBytes                        = 2097152                                   {product} {ergonomic}
   size_t MinHeapSize                              = 8388608                                   {product} {ergonomic}
   size_t NonNMethodCodeHeapSize                   = 7606272                                {pd product} {ergonomic}
   size_t NonProfiledCodeHeapSize                  = 122028032                              {pd product} {ergonomic}
   size_t ProfiledCodeHeapSize                     = 122028032                              {pd product} {ergonomic}
   size_t ReservedCodeCacheSize                    = 251662336                              {pd product} {ergonomic}
     bool SegmentedCodeCache                       = true                                      {product} {ergonomic}
   size_t SoftMaxHeapSize                          = 4032823296                             {manageable} {ergonomic}
     bool UseCompressedOops                        = true                           {product lp64_product} {ergonomic}
     bool UseCondCardMark                          = true                                      {product} {ergonomic}
     bool UseFastUnorderedTimeStamps               = true                                 {experimental} {ergonomic}
     bool UseG1GC                                  = true                                      {product} {ergonomic}
      int X86ICacheSync                            = 3                                 {ARCH diagnostic} {ergonomic}

Logging:
Log output configuration:
 #0: 
[error occurred during error reporting (printing log configuration), id 0xb, SIGSEGV (0xb) at pc=0x00007f80a079b721]
Release file:
IMPLEMENTOR="Arch Linux"
JAVA_RUNTIME_VERSION="26.0.2.1"
JAVA_VERSION="26.0.2.1"
JAVA_VERSION_DATE="2026-08-18"
LIBC="gnu"
MODULES="java.base java.compiler java.datatransfer java.xml java.prefs java.desktop java.instrument java.logging java.management java.security.sasl java.naming java.rmi java.management.rmi java.net.http java.scripting java.security.jgss java.transaction.xa java.sql java.sql.rowset java.xml.crypto java.se java.smartcardio jdk.accessibility jdk.internal.jvmstat jdk.attach jdk.charsets jdk.internal.opt jdk.zipfs jdk.compiler jdk.crypto.cryptoki jdk.crypto.ec jdk.dynalink jdk.internal.ed jdk.editpad jdk.internal.vm.ci jdk.graal.compiler jdk.graal.compiler.management jdk.hotspot.agent jdk.httpserver jdk.incubator.vector jdk.internal.le jdk.internal.md jdk.jartool jdk.javadoc jdk.jcmd jdk.management jdk.management.agent jdk.jconsole jdk.jdeps jdk.jdwp.agent jdk.jdi jdk.jfr jdk.jlink jdk.jpackage jdk.jshell jdk.jstatd jdk.localedata jdk.management.jfr jdk.naming.dns jdk.naming.rmi jdk.net jdk.nio.mapmode jdk.sctp jdk.security.auth jdk.security.jgss jdk.unsupported jdk.unsupported.desktop jdk.xml.dom"
OS_ARCH="x86_64"
OS_NAME="Linux"
SOURCE=""

Environment Variables:
PATH=/home/annihilator/.local/bin:/home/annihilator/bin:/home/annihilator/.cargo/bin:/home/annihilator/.npm-global/bin:/home/annihilator/.local/share/solana/install/active_release/bin:/usr/local/sbin:/usr/local/bin:/usr/bin:/opt/cuda/bin:/var/lib/flatpak/exports/bin:/usr/lib/jvm/default/bin:/usr/bin/site_perl:/usr/bin/vendor_perl:/usr/bin/core_perl:/opt/rocm/bin:/home/annihilator/.config/Claude/local-agent-mode-sessions/f30d0a67-fea7-4d47-acce-d7da1f075d93/3f6e0ddc-f963-4a28-bb3d-52c35a96b68e/rpm/plugin_0155zZVATbJU3jHUmPP9NvMC/bin:/home/annihilator/.config/Claude/local-agent-mode-sessions/skills-plugin/3f6e0ddc-f963-4a28-bb3d-52c35a96b68e/f30d0a67-fea7-4d47-acce-d7da1f075d93/bin
LD_PRELOAD=/tmp/libglxshim.so
SHELL=/bin/zsh
DISPLAY=:0
WAYLAND_DISPLAY=wayland-1
LANG=en_GB.UTF-8

Active Locale:
LC_ALL=LC_CTYPE=en_GB.UTF-8;LC_NUMERIC=C;LC_TIME=en_GB.UTF-8;LC_COLLATE=en_GB.UTF-8;LC_MONETARY=en_GB.UTF-8;LC_MESSAGES=en_GB.UTF-8;LC_PAPER=en_GB.UTF-8;LC_NAME=en_GB.UTF-8;LC_ADDRESS=en_GB.UTF-8;LC_TELEPHONE=en_GB.UTF-8;LC_MEASUREMENT=en_GB.UTF-8;LC_IDENTIFICATION=en_GB.UTF-8
LC_COLLATE=en_GB.UTF-8
LC_CTYPE=en_GB.UTF-8
LC_MESSAGES=en_GB.UTF-8
LC_MONETARY=en_GB.UTF-8
LC_NUMERIC=C
LC_TIME=en_GB.UTF-8

Signal Handlers:
   SIGSEGV: 0x00007f80a0c80b00 in libjvm.so+15207168, mask=11100100010111111101111111111110, flags=SA_RESTART|SA_SIGINFO, unblocked
    SIGBUS: 0x00007f80a0c80b00 in libjvm.so+15207168, mask=11100100010111111101111111111110, flags=SA_RESTART|SA_SIGINFO, unblocked
    SIGFPE: 0x00007f80a0c80b00 in libjvm.so+15207168, mask=11100100010111111101111111111110, flags=SA_RESTART|SA_SIGINFO, unblocked
   SIGPIPE: SIG_IGN, mask=11111111011111111101111111111110, flags=SA_RESTART, blocked
  *** Handler was modified!
  *** Expected: 0x00007f80a0ade900 in libjvm.so+13494528, mask=11100100110111111111111111111110, flags=SA_RESTART|SA_SIGINFO
   SIGXFSZ: 0x00007f80a0ade900 in libjvm.so+13494528, mask=11100100010111111101111111111110, flags=SA_RESTART|SA_SIGINFO, blocked
    SIGILL: 0x00007f80a0c80b00 in libjvm.so+15207168, mask=11100100010111111101111111111110, flags=SA_RESTART|SA_SIGINFO, unblocked
   SIGUSR2: 0x00007f80a0ae15b0 in libjvm.so+13505968, mask=00000000000000000000000000000000, flags=SA_RESTART|SA_SIGINFO, blocked
    SIGHUP: SIG_IGN, mask=00000000000000000000000000000000, flags=none, blocked
    SIGINT: SIG_DFL, mask=00000000000000000000000000000000, flags=SA_RESTART, blocked
   SIGTERM: SIG_DFL, mask=00000000000000000000000000000000, flags=SA_RESTART, blocked
   SIGQUIT: SIG_DFL, mask=00000000000000000000000000000000, flags=SA_RESTART, blocked
   SIGTRAP: 0x00007f80a0c80b00 in libjvm.so+15207168, mask=11100100010111111101111111111110, flags=SA_RESTART|SA_SIGINFO, unblocked


Compilation memory statistics disabled.

Periodic native trim disabled

---------------  S Y S T E M  ---------------

OS:
DISTRIB_ID="Arch"
DISTRIB_RELEASE="rolling"
DISTRIB_DESCRIPTION="Arch Linux"
uname: Linux 7.1.9-arch1-2 #1 SMP PREEMPT_DYNAMIC Fri, 21 Aug 2026 22:18:59 +0000 x86_64
OS uptime: 1 days 13:21 hours
libc: glibc 2.44 NPTL 2.44 
rlimit (soft/hard): STACK 8192k/infinity , CORE infinity/infinity , NPROC 60477/60477 , NOFILE 524288/524288 , AS infinity/infinity , CPU infinity/infinity , DATA infinity/infinity , FSIZE infinity/infinity , MEMLOCK 8192k/8192k
load average: 4.13 3.11 2.97

/proc/meminfo:
MemTotal:       15750904 kB
MemFree:         1425328 kB
MemAvailable:    3556592 kB
Buffers:           22804 kB
Cached:          2793968 kB
SwapCached:       143392 kB
Active:          4632800 kB
Inactive:        6008428 kB
Active(anon):    4216356 kB
Inactive(anon):  4127336 kB
Active(file):     416444 kB
Inactive(file):  1881092 kB
Unevictable:      516236 kB
Mlocked:            2548 kB
SwapTotal:      24652280 kB
SwapFree:       18757176 kB
Zswap:                 0 kB
Zswapped:              0 kB
Dirty:              1804 kB
Writeback:             0 kB
AnonPages:       8303084 kB
Mapped:          1003816 kB
Shmem:            244600 kB
KReclaimable:     163276 kB
Slab:             438708 kB
SReclaimable:     163276 kB
SUnreclaim:       275432 kB
KernelStack:       35744 kB
PageTables:        97536 kB
SecPageTables:      2264 kB
NFS_Unstable:          0 kB
Bounce:                0 kB
WritebackTmp:          0 kB
CommitLimit:    32527732 kB
Committed_AS:   33229072 kB
VmallocTotal:   34359738367 kB
VmallocUsed:      204092 kB
VmallocChunk:          0 kB
Percpu:            11712 kB
HardwareCorrupted:     0 kB
AnonHugePages:   1650688 kB
ShmemHugePages:        0 kB
ShmemPmdMapped:        0 kB
FileHugePages:    403456 kB
FilePmdMapped:    393216 kB
CmaTotal:              0 kB
CmaFree:               0 kB
Unaccepted:            0 kB
Balloon:               0 kB
GPUActive:         85520 kB
GPUReclaim:        13256 kB
HugePages_Total:       0
HugePages_Free:        0
HugePages_Rsvd:        0
HugePages_Surp:        0
Hugepagesize:       2048 kB
Hugetlb:               0 kB
DirectMap4k:    14328536 kB
DirectMap2M:     1826816 kB
DirectMap1G:           0 kB

/sys/kernel/mm/transparent_hugepage/enabled: [always] madvise never
/sys/kernel/mm/transparent_hugepage/hpage_pmd_size: 2097152
/sys/kernel/mm/transparent_hugepage/shmem_enabled: always within_size [advise] never deny force
/sys/kernel/mm/transparent_hugepage/defrag (defrag/compaction efforts parameter): always defer defer+madvise [madvise] never

Process Memory:
Virtual Size: 86624460K (peak: 147226884K)
Resident Set Size: 2801872K (peak: 3345336K) (anon: 2331660K, file: 465604K, shmem: 4608K)
Swapped out: 0K
C-Heap outstanding allocations: 217383K, retained: 2081026K
glibc malloc tunables: (default)

/proc/sys/kernel/threads-max (system-wide limit on the number of threads): 120955
/proc/sys/vm/max_map_count (maximum number of memory map areas a process may have): 1048576
/proc/sys/vm/swappiness (control to define how aggressively the kernel swaps out anonymous memory): 60
/proc/sys/kernel/pid_max (system-wide limit on number of process identifiers): 4194304

container information not found.
Steal ticks since vm start: 0
Steal ticks percentage since vm start:  0.000

CPU: total 16 (initial active 16) (8 cores per cpu, 2 threads per core) family 25 model 80 stepping 0 microcode 0xa500012, cx8, cmov, fxsr, ht, mmx, 3dnowpref, sse, sse2, sse3, ssse3, sse4a, sse4.1, sse4.2, popcnt, lzcnt, tsc, tscinvbit, avx, avx2, aes, erms, clmul, bmi1, bmi2, adx, sha, fma, vzeroupper, clflush, clflushopt, clwb, rdtscp, rdpid, fsrm, f16c, pku, ospke, cet_ss
CPU Model and flags from /proc/cpuinfo:
model name	: AMD Ryzen 7 5800HS with Radeon Graphics
flags		: fpu vme de pse tsc msr pae mce cx8 apic sep mtrr pge mca cmov pat pse36 clflush mmx fxsr sse sse2 ht syscall nx mmxext fxsr_opt pdpe1gb rdtscp lm constant_tsc rep_good nopl xtopology nonstop_tsc cpuid extd_apicid aperfmperf rapl pni pclmulqdq monitor ssse3 fma cx16 sse4_1 sse4_2 movbe popcnt aes xsave avx f16c rdrand lahf_lm cmp_legacy svm extapic cr8_legacy abm sse4a misalignsse 3dnowprefetch osvw ibs skinit wdt tce topoext perfctr_core perfctr_nb bpext perfctr_llc mwaitx cpb cat_l3 cdp_l3 hw_pstate ssbd mba ibrs ibpb stibp vmmcall fsgsbase bmi1 avx2 smep bmi2 erms invpcid cqm rdt_a rdseed adx smap clflushopt clwb sha_ni xsaveopt xsavec xgetbv1 xsaves cqm_llc cqm_occup_llc cqm_mbm_total cqm_mbm_local user_shstk clzero irperf xsaveerptr rdpru wbnoinvd cppc arat npt lbrv svm_lock nrip_save tsc_scale vmcb_clean flushbyasid decodeassists pausefilter pfthreshold avic v_vmsave_vmload vgif v_spec_ctrl umip pku ospke vaes vpclmulqdq rdpid overflow_recov succor smca fsrm debug_swap

Online cpus: 0-15
Offline cpus: 
BIOS frequency limitation: <Not Available>
Frequency switch latency (ns): 0
Available cpu frequencies: <Not Available>
Current governor: powersave
Core performance/turbo boost: 1

Memory: 4k page, physical 15750904k(3556592k free), swap 24652280k(18757176k free)
Page Sizes: 4k

vm_info: OpenJDK 64-Bit Server VM (26.0.2.1) for linux-amd64 JRE (26.0.2.1), built on 2026-08-19T07:23:47Z with gcc 16.2.1 20260810

END.
