#
# A fatal error has been detected by the Java Runtime Environment:
#
#  SIGSEGV (0xb) at pc=0x00007fc4e3293b56, pid=1729888, tid=1729983
#
# JRE version: OpenJDK Runtime Environment (26.0.2.1) (build 26.0.2.1)
# Java VM: OpenJDK 64-Bit Server VM (26.0.2.1, mixed mode, sharing, tiered, compressed oops, compressed class ptrs, g1 gc, linux-amd64)
# Problematic frame:
# v  ~StubRoutines::Stub Generator jlong_disjoint_arraycopy_stub 0x00007fc4e3293b56
#
# Core dump will be written. Default location: Determined by the following: "/usr/lib/systemd/systemd-coredump %P %u %g %s %t %c %h %d %F %I" (alternatively, falling back to /home/annihilator/dev/NuvioDesktop/waylandHost/core.1729888)
#
# If you would like to submit a bug report, please visit:
#   https://bugreport.java.com/bugreport/crash.jsp
#

---------------  S U M M A R Y ------------

Command Line: -Dnuvio.wayland.libmpv=/home/annihilator/dev/mpv/build/libmpv.so.2 -Dnuvio.wayland.realApp=true -Dnuvio.wayland.videoLog=true -Dnuvio.wayland.webChrome=true -Dorg.lwjgl.util.Debug=false --enable-native-access=ALL-UNNAMED -Dfile.encoding=UTF-8 -Duser.country=GB -Duser.language=en -Duser.variant com.nuvio.wayland.MainKt

Host: AMD Ryzen 7 5800HS with Radeon Graphics, 16 cores, 15G, Arch Linux
Time: Mon Aug 24 00:15:58 2026 BST elapsed time: 459.758125 seconds (0d 0h 7m 39s)

---------------  T H R E A D  ---------------

Current thread (0x00007fc4f63c6790):  JavaThread "wpe-glib"  daemon [_thread_in_Java, id=1729983, stack(0x00007fc449ab3000,0x00007fc449bb3000) (1024K)]

Stack: [0x00007fc449ab3000,0x00007fc449bb3000],  sp=0x00007fc449bb0a10,  free space=1014k
Native frames: (J=compiled Java code, j=interpreted, Vv=VM code, C=native code)
v  ~StubRoutines::Stub Generator jlong_disjoint_arraycopy_stub 0x00007fc4e3293b56

siginfo: si_signo: 11 (SIGSEGV), si_code: 1 (SEGV_MAPERR), si_addr: 0x00007fc3e5800000

Registers:
RAX=0x00007fc3dd955620, RBX=0x0000000000000000, RCX=0x00007fc3e5b55618, RDX=0xfffffffffff95544
RSP=0x00007fc449bb0a10, RBP=0x00007fc449bb0a10, RSI=0x00007fc3e5800000, RDI=0x00007fc3dd955618
R8 =0x00000000e1f9ce40, R9 =0x00000000e1f9ce40, R10=0x00007fc4e3294500, R11=0x00007fc3dd600000
R12=0x0000000000000000, R13=0x00000000000002af, R14=0x000000071ace0188, R15=0x00007fc4f63c6790
RIP=0x00007fc4e3293b56, EFLAGS=0x0000000000010296, CSGSFS=0x002b000000000033, ERR=0x0000000000000006
  TRAPNO=0x000000000000000e

XMM[0]=0xb3000000b3000000 0xb3000000b3000000
XMM[1]=0x0000000000000000 0x0000000000000000
XMM[2]=0x000000003000007f 0xc4ac007300746867
XMM[3]=0x000000000000007f 0xc4ac007300746867
XMM[4]=0x00000000000003c1 0x0000000000000030
XMM[5]=0x0000000000000000 0x0000000000000000
XMM[6]=0x0000000000000002 0x0000000000000002
XMM[7]=0x0000000000000001 0x0000000000000001
XMM[8]=0x0000000000000002 0x0000000000000002
XMM[9]=0xffffffffffffffff 0xffffffffffffffff
XMM[10]=0x0000000000000001 0x0000000000000001
XMM[11]=0x0000000000000000 0x000f0000000f0000
XMM[12]=0x0000000000000000 0x0046004600230022
XMM[13]=0x0000000000000000 0x00230022005c002c
XMM[14]=0x0000000000000000 0x006f00430065006e
XMM[15]=0x0000000000000000 0x0000000000000000
  MXCSR=0x00001fa6


Register to memory mapping:

RAX=0x00007fc3dd955620 points into unknown readable memory: 0x0000000000000000 | 00 00 00 00 00 00 00 00
RBX=0x0 is null
RCX=0x00007fc3e5b55618 is an unknown value
RDX=0xfffffffffff95544 is an unknown value
RSP=0x00007fc449bb0a10 is pointing into the stack for thread: 0x00007fc4f63c6790
RBP=0x00007fc449bb0a10 is pointing into the stack for thread: 0x00007fc4f63c6790
RSI=0x00007fc3e5800000 is an unknown value
RDI=0x00007fc3dd955618 points into unknown readable memory: 0xb3000000b3000000 | 00 00 00 b3 00 00 00 b3
R8 =3791244864 is a compressed pointer to object: jdk.internal.foreign.GlobalSession 
{0x000000070fce7200} - klass: 'jdk/internal/foreign/GlobalSession' - flags: 

 - ---- fields (total size 4 words):
 - 'state' 'I' @12  1 (0x00000001)
 - 'acquireCount' 'I' @16  0 (0x00000000)
 - final 'resourceList' 'Ljdk/internal/foreign/MemorySessionImpl$ResourceList;' @20  null (0x00000000)
 - final 'owner' 'Ljava/lang/Thread;' @24  null (0x00000000)
R9 =3791244864 is a compressed pointer to object: jdk.internal.foreign.GlobalSession 
{0x000000070fce7200} - klass: 'jdk/internal/foreign/GlobalSession' - flags: 

 - ---- fields (total size 4 words):
 - 'state' 'I' @12  1 (0x00000001)
 - 'acquireCount' 'I' @16  0 (0x00000000)
 - final 'resourceList' 'Ljdk/internal/foreign/MemorySessionImpl$ResourceList;' @20  null (0x00000000)
 - final 'owner' 'Ljava/lang/Thread;' @24  null (0x00000000)
R10=0x00007fc4e3294500 is at begin+0 in a stub
StubRoutines::Stub Generator unsafe_arraycopy_stub [0x00007fc4e3294500, 0x00007fc4e3294537] (55 bytes)
R11=0x00007fc3dd600000 points into unknown readable memory: 0xb3000000b3000000 | 00 00 00 b3 00 00 00 b3
R12=0x0 is null
R13=0x00000000000002af is an unknown value
R14=0x000000071ace0188 is an oop: com.nuvio.wayland.wpe.ChromeSubsurface$ShmBuffer 
{0x000000071ace0188} - klass: 'com/nuvio/wayland/wpe/ChromeSubsurface$ShmBuffer' - flags: 

 - ---- fields (total size 5 words):
 - private 'fd' 'I' @12  311 (0x00000137)
 - private 'width' 'I' @16  1272 (0x000004f8)
 - private 'height' 'I' @20  687 (0x000002af)
 - private volatile 'busy' 'Z' @24  false (0x00)
 - private 'buffer' 'Ljava/lang/foreign/MemorySegment;' @28  a 'jdk/internal/foreign/NativeMemorySegmentImpl'{0x000000071ace01b0} (0xe359c036)
 - private 'pool' 'Ljava/lang/foreign/MemorySegment;' @32  a 'jdk/internal/foreign/NativeMemorySegmentImpl'{0x000000071ace01d8} (0xe359c03b)
 - private 'data' 'Ljava/lang/foreign/MemorySegment;' @36  a 'jdk/internal/foreign/NativeMemorySegmentImpl'{0x000000071ace0200} (0xe359c040)
R15=0x00007fc4f63c6790 is a thread

Top of Stack: (sp=0x00007fc449bb0a10)
0x00007fc449bb0a10:   0000000000000001 00007fc4e4052f5e   ........^/......
0x00007fc449bb0a20:   fffffffffffffff7 00000000000004f8   ................
0x00007fc449bb0a30:   000004f8000013e0 00007fc4a47843c8   .........Cx.....
0x00007fc449bb0a40:   0000000710349ee0 00000007000002af   ..4.............
0x00007fc449bb0a50:   00007fc4a477c358 0000000000000000   X.w.............
0x00007fc449bb0a60:   00007fc400000000 000000071013fb58   ........X.......
0x00007fc449bb0a70:   00007fc4e405de98 000000070fd206f8   ................
0x00007fc449bb0a80:   00000000e20693dc 00007fc4e405deec   ................
0x00007fc449bb0a90:   000000071e58eaf8 000000071e58f680   ..X.......X.....
0x00007fc449bb0aa0:   0000000710349620 000000071e58d980    .4.......X.....
0x00007fc449bb0ab0:   000000071e58dfc0 000000071e58eaf8   ..X.......X.....
0x00007fc449bb0ac0:   000004f8000013e0 00000007000002af   ................
0x00007fc449bb0ad0:   000000071e58f1a0 85880b87b21d6c00   ..X......l......
0x00007fc449bb0ae0:   00007fc4ac0db088 00007fc4ac05c680   ................
0x00007fc449bb0af0:   00007fc449bb0b40 00007fc45ba10870   @..I....p..[....
0x00007fc449bb0b00:   00000000e20692c4 00007fc4e4056510   .........e......
0x00007fc449bb0b10:   00007fc4ac5ff800 00007fc449bb0c00   .._........I....
0x00007fc449bb0b20:   00007fc4f63c6790 00007fc4f98ec2f0   .g<.............
0x00007fc449bb0b30:   000000071013fd08 00007fc4e40337b4   .........7......
0x00007fc449bb0b40:   0000000000000000 00007fc4ac5ff800   .........._.....
0x00007fc449bb0b50:   0000000710368a48 0000000000000000   H.6.............
0x00007fc449bb0b60:   00007fc449bb0b40 00007fc449bb0c00   @..I.......I....
0x00007fc449bb0b70:   00007fc449bb0bf0 00007fc4e36c1ef1   ...I......l.....
0x00007fc449bb0b80:   0000000000000000 00007fc4ac5ff800   .........._.....
0x00007fc449bb0b90:   00007fc449bb0b40 00007fc449bb0c00   @..I.......I....
0x00007fc449bb0ba0:   00007fc449bb0ea0 00007fc4f98ec150   ...I....P.......
0x00007fc449bb0bb0:   00007fc449bb0dc0 00007fc400001fa6   ...I............
0x00007fc449bb0bc0:   00007fc449bb14f0 00007fc4e369b364   ...I....d.i.....
0x00007fc449bb0bd0:   00007fc449bb14f0 00007fc4f63c6790   ...I.....g<.....
0x00007fc449bb0be0:   00007fc4ac022010 00007fc4ac022180   . .......!......
0x00007fc449bb0bf0:   00007fc449bb0c00 00007fc4f98eadb6   ...I............
0x00007fc449bb0c00:   0000000000000000 0000000000000000   ................

Instructions: (pc=0x00007fc4e3293b56)
  0x00007fc4e3293a56:   d6 e8 48 83 c2 08 7e e2 48 83 ea 04 0f 8f 10 00
  0x00007fc4e3293a66:   00 00 c5 fe 6f 44 d7 e8 c5 fe 7f 44 d6 e8 48 83
  0x00007fc4e3293a76:   c2 04 48 83 ea 04 7c 9e eb ab 55 48 8b ec 48 3b
  0x00007fc4e3293a86:   f7 48 8d 04 97 0f 86 73 ff ff ff 48 3b f0 0f 83
  0x00007fc4e3293a96:   6a ff ff ff 48 8b ca 48 d1 ea f6 c1 01 0f 84 3d
  0x00007fc4e3293aa6:   00 00 00 8b 44 8f fc 89 44 8e fc e9 30 00 00 00
  0x00007fc4e3293ab6:   48 8b 44 d7 f8 48 89 44 d6 f8 48 ff ca 75 f1 48
  0x00007fc4e3293ac6:   33 c0 c5 f8 77 c9 c3 66 66 90 c5 fe 6f 44 d7 20
  0x00007fc4e3293ad6:   c5 fe 7f 44 d6 20 c5 fe 6f 04 d7 c5 fe 7f 04 d6
  0x00007fc4e3293ae6:   48 83 ea 08 7d e4 48 83 c2 04 0f 8c 0e 00 00 00
  0x00007fc4e3293af6:   c5 fe 6f 04 d7 c5 fe 7f 04 d6 48 83 ea 04 48 83
  0x00007fc4e3293b06:   c2 04 7f ac 48 33 c0 c5 f8 77 c9 c3 0f 1f 80 00
  0x00007fc4e3293b16:   00 00 00 0f 1f 80 00 00 00 00 55 48 8b ec 48 8d
  0x00007fc4e3293b26:   7c d7 f8 48 8d 4c d6 f8 48 f7 da e9 32 00 00 00
  0x00007fc4e3293b36:   48 8b 44 d7 08 48 89 44 d1 08 48 ff c2 75 f1 48
  0x00007fc4e3293b46:   33 c0 c5 f8 77 c9 c3 66 66 90 c5 fe 6f 44 d7 c8
=>0x00007fc4e3293b56:   c5 fe 7f 44 d1 c8 c5 fe 6f 44 d7 e8 c5 fe 7f 44
  0x00007fc4e3293b66:   d1 e8 48 83 c2 08 7e e2 48 83 ea 04 0f 8f 10 00
  0x00007fc4e3293b76:   00 00 c5 fe 6f 44 d7 e8 c5 fe 7f 44 d1 e8 48 83
  0x00007fc4e3293b86:   c2 04 48 83 ea 04 7c a8 c5 f8 77 48 33 c0 c9 c3
  0x00007fc4e3293b96:   66 66 0f 1f 84 00 00 00 00 00 55 48 8b ec 48 3b
  0x00007fc4e3293ba6:   f7 48 8d 04 d7 0f 86 73 ff ff ff 48 3b f0 0f 83
  0x00007fc4e3293bb6:   6a ff ff ff e9 37 00 00 00 48 8b 44 d7 f8 48 89
  0x00007fc4e3293bc6:   44 d6 f8 48 ff ca 75 f1 48 33 c0 c5 f8 77 c9 c3
  0x00007fc4e3293bd6:   66 66 0f 1f 84 00 00 00 00 00 c5 fe 6f 44 d7 20
  0x00007fc4e3293be6:   c5 fe 7f 44 d6 20 c5 fe 6f 04 d7 c5 fe 7f 04 d6
  0x00007fc4e3293bf6:   48 83 ea 08 7d e4 48 83 c2 04 0f 8c 0e 00 00 00
  0x00007fc4e3293c06:   c5 fe 6f 04 d7 c5 fe 7f 04 d6 48 83 ea 04 48 83
  0x00007fc4e3293c16:   c2 04 7f a5 c5 f8 77 48 33 c0 c9 c3 66 66 66 0f
  0x00007fc4e3293c26:   1f 84 00 00 00 00 00 66 66 0f 1f 84 00 00 00 00
  0x00007fc4e3293c36:   00 66 0f 1f 84 00 00 00 00 00 55 48 8b ec 4c 8b
  0x00007fc4e3293c46:   de 41 80 7f 48 00 0f 84 8a 00 00 00 48 83 ec 50


Stack slot to memory mapping:

stack at sp + 0 slots: 0x0000000000000001 is an unknown value
stack at sp + 1 slots: 0x00007fc4e4052f5e is at entry_point+860 in (nmethod*)0x00007fc4e4052b08
Compiled method (c2) 459764 14551       4       com.nuvio.wayland.wpe.ChromeSubsurface::present (315 bytes)
 total in heap  [0x00007fc4e4052b08,0x00007fc4e40550a8] = 9632
 main code      [0x00007fc4e4052c00,0x00007fc4e4054f00] = 8960
 stub code      [0x00007fc4e4054f00,0x00007fc4e4054fa0] = 160
 oops           [0x00007fc4e4054fa0,0x00007fc4e40550a8] = 264
 mutable data [0x00007fc4986330c0,0x00007fc4986339a0] = 2272
 relocation     [0x00007fc4986330c0,0x00007fc4986333a0] = 736
 metadata       [0x00007fc4986333a0,0x00007fc4986339a0] = 1536
 immutable data [0x00007fc498ce6bf0,0x00007fc498ce9044] = 9300
 dependencies   [0x00007fc498ce6bf0,0x00007fc498ce6da8] = 440
 nul chk table  [0x00007fc498ce6da8,0x00007fc498ce6e58] = 176
 handler table  [0x00007fc498ce6e58,0x00007fc498ce70b0] = 600
 scopes pcs     [0x00007fc498ce70b0,0x00007fc498ce7770] = 1728
 scopes data    [0x00007fc498ce7770,0x00007fc498ce9040] = 6352
0x00007fc4e4052ed8:   0f 1f 84 00 d0 03 00 02 43 8b 6c cc 0c 85 ed 7d
0x00007fc4e4052ee8:   4f be 45 ff ff ff 48 ff 74 24 20 48 8f 04 24 8b
0x00007fc4e4052ef8:   7c 24 14 89 7c 24 08 8b 5c 24 28 89 5c 24 0c 4c
0x00007fc4e4052f08:   89 74 24 10 44 89 44 24 18 44 89 4c 24 1c 4c 89
0x00007fc4e4052f18:   5c 24 20 48 89 4c 24 28 4c 89 54 24 30 66 66 90
0x00007fc4e4052f28:   c5 f8 77 e8 b0 fc 32 ff 0f 1f 84 00 28 04 00 03
0x00007fc4e4052f38:   4d 85 d2 74 30 41 c6 87 20 05 00 00 01 49 8b fb
0x00007fc4e4052f48:   48 8b f1 49 8b d2 c5 f8 77 49 ba 00 45 29 e3 c4
0x00007fc4e4052f58:   7f 00 00 41 ff d2 0f 1f 84 00 00 00 00 00 45 88
0x00007fc4e4052f68:   a7 20 05 00 00 41 c6 46 18 01 f0 83 44 24 c0 00
0x00007fc4e4052f78:   4c 8b 54 24 20 45 8b 5a 5c 4d 8b 8f b0 01 00 00
0x00007fc4e4052f88:   4d 8b d1 49 83 c2 28 4d 3b 97 c0 01 00 00 0f 83
0x00007fc4e4052f98:   aa 0d 00 00 4d 89 97 b0 01 00 00 41 0f 18 82 00
0x00007fc4e4052fa8:   01 00 00 49 c7 01 01 00 00 00 41 0f 18 82 40 01
0x00007fc4e4052fb8:   00 00 
stack at sp + 2 slots: 0xfffffffffffffff7 is an unknown value
stack at sp + 3 slots: 0x00000000000004f8 is an unknown value
stack at sp + 4 slots: 0x000004f8000013e0 is an unknown value
stack at sp + 5 slots: 0x00007fc4a47843c8 is pointing into metadata
stack at sp + 6 slots: 0x0000000710349ee0 is an oop: com.nuvio.wayland.wpe.ChromeSubsurface 
{0x0000000710349ee0} - klass: 'com/nuvio/wayland/wpe/ChromeSubsurface' - flags: 

 - ---- fields (total size 14 words):
 - private volatile 'visible' 'Z' @12  true (0x01)
 - private volatile 'framesPresented' 'J' @16  23789 (0x0000000000005ced)
 - private final 'display' 'Ljava/lang/foreign/MemorySegment;' @24  a 'jdk/internal/foreign/NativeMemorySegmentImpl'{0x0000000710349f50} (0xe20693ea)
 - private final 'parentSurface' 'Ljava/lang/foreign/MemorySegment;' @28  a 'jdk/internal/foreign/NativeMemorySegmentImpl'{0x0000000710349f78} (0xe20693ef)
 - private final 'linker' 'Ljava/lang/foreign/Linker;' @32  a 'jdk/internal/foreign/abi/x64/sysv/SysVx64Linker'{0x000000070fd057c8} (0xe1fa0af9)
 - private final 'arena' 'Ljava/lang/foreign/Arena;' @36  a 'jdk/internal/foreign/ArenaImpl'{0x0000000710349fa0} (0xe20693f4)
 - private final 'wl' 'Ljava/lang/foreign/SymbolLookup;' @40  a 'java/lang/foreign/SymbolLookup$$Lambda+0x000000007f0cb368'{0x0000000710366110} (0xe206cc22)
 - private final 'libc' 'Ljava/lang/foreign/SymbolLookup;' @44  a 'jdk/internal/foreign/SystemLookup'{0x000000070fd469c0} (0xe1fa8d38)
 - private final 'marshalArray' 'Ljava/lang/invoke/MethodHandle;' @48  a 'java/lang/invoke/BoundMethodHandle$Species_LLLL'{0x0000000710366128} (0xe206cc25)
 - private final 'marshalArrayCtor' 'Ljava/lang/invoke/MethodHandle;' @52  a 'java/lang/invoke/BoundMethodHandle$Species_LLLL'{0x0000000710366420} (0xe206cc84)
 - private final 'marshalArrayCtorVersioned' 'Ljava/lang/invoke/MethodHandle;' @56  a 'java/lang/invoke/BoundMethodHandle$Species_LLLL'{0x00000007103671f8} (0xe206ce3f)
 - private final 'addListener' 'Ljava/lang/invoke/MethodHandle;' @60  a 'java/lang/invoke/BoundMethodHandle$Species_LLLL'{0x0000000710367a08} (0xe206cf41)
 - private final 'proxyDestroy' 'Ljava/lang/invoke/MethodHandle;' @64  a 'java/lang/invoke/BoundMethodHandle$Species_LLLL'{0x0000000710367a60} (0xe206cf4c)
 - private final 'displayFlush' 'Ljava/lang/invoke/MethodHandle;' @68  a 'java/lang/invoke/BoundMethodHandle$Species_LLLL'{0x0000000710367ab8} (0xe206cf57)
 - private final 'dispatchQueuePending' 'Ljava/lang/invoke/MethodHandle;' @72  a 'java/lang/invoke/BoundMethodHandle$Species_LLLL'{0x0000000710367b10} (0xe206cf62)
 - private 'queue' 'Ljava/lang/foreign/MemorySegment;' @76  a 'jdk/internal/foreign/NativeMemorySegmentImpl'{0x0000000710367b68} (0xe206cf6d)
 - private 'compositor' 'Ljava/lang/foreign/MemorySegment;' @80  a 'jdk/internal/foreign/NativeMemorySegmentImpl'{0x0000000710367b90} (0xe206cf72)
 - private 'subcompositor' 'Ljava/lang/foreign/MemorySegment;' @84  a 'jdk/internal/foreign/NativeMemorySegmentImpl'{0x0000000710367bb8} (0xe206cf77)
 - private 'shm' 'Ljava/lang/foreign/MemorySegment;' @88  a 'jdk/internal/foreign/NativeMemorySegmentImpl'{0x0000000710367be0} (0xe206cf7c)
 - private 'surface' 'Ljava/lang/foreign/MemorySegment;' @92  a 'jdk/internal/foreign/NativeMemorySegmentImpl'{0x0000000710367c08} (0xe206cf81)
 - private 'subsurface' 'Ljava/lang/foreign/MemorySegment;' @96  a 'jdk/internal/foreign/NativeMemorySegmentImpl'{0x0000000710367c30} (0xe206cf86)
 - private 'viewport' 'Ljava/lang/foreign/MemorySegment;' @100  a 'jdk/internal/foreign/NativeMemorySegmentImpl'{0x0000000710367c58} (0xe206cf8b)
 - private volatile 'onFramePresented' 'Lkotlin/jvm/functions/Function0;' @104  a 'com/nuvio/wayland/wpe/WpeChrome$$Lambda+0x000000007f28dcf8'{0x0000000710367c80} (0xe206cf90)
 - private final 'buffers' '[Lcom/nuvio/wayland/wpe/ChromeSubsurface$ShmBuffer;' @108  a 'com/nuvio/wayland/wpe/ChromeSubsurface$ShmBuffer'[4] {0x0000000710367c90} (0xe206cf92)
stack at sp + 7 slots: 0x00000007000002af is an unknown value

Lock stack of current Java thread (top to bottom):

StubRoutines::Stub Generator jlong_disjoint_arraycopy_stub [0x00007fc4e3293b20, 0x00007fc4e3293b96] (118 bytes)

Loading hsdis library failed, undisassembled code is shown in MachCode section
[MachCode]
  0x00007fc4e3293b20: 5548 8bec | 488d 7cd7 | f848 8d4c | d6f8 48f7 | dae9 3200 | 0000 488b | 44d7 0848 | 8944 d108 
  0x00007fc4e3293b40: 48ff c275 | f148 33c0 | c5f8 77c9 | c366 6690 | c5fe 6f44 | d7c8 c5fe | 7f44 d1c8 | c5fe 6f44 
  0x00007fc4e3293b60: d7e8 c5fe | 7f44 d1e8 | 4883 c208 | 7ee2 4883 | ea04 0f8f | 1000 0000 | c5fe 6f44 | d7e8 c5fe 
  0x00007fc4e3293b80: 7f44 d1e8 | 4883 c204 | 4883 ea04 | 7ca8 c5f8 | 7748 33c0 | 
[/MachCode]

---------------  P R O C E S S  ---------------

Threads class SMR info:
_java_thread_list=0x00007fc4b0028a80, length=45, elements={
0x00007fc4f401ff40, 0x00007fc4f4108940, 0x00007fc4f4109940, 0x00007fc4f410ac90,
0x00007fc4f410c3a0, 0x00007fc4f410dbf0, 0x00007fc4f410fe50, 0x00007fc4f4111820,
0x00007fc4f414b1b0, 0x00007fc4f414dc20, 0x00007fc4f4661770, 0x00007fc4f541dd60,
0x00007fc4f541ec60, 0x00007fc4f5420320, 0x00007fc4f5421520, 0x00007fc4f5671930,
0x00007fc4f57c1ca0, 0x00007fc4f57cef50, 0x00007fc4a000e7f0, 0x00007fc4f5d323f0,
0x00007fc4f63c6790, 0x00007fc4a801c630, 0x00007fc4a80b2030, 0x0000555909fbf650,
0x00007fc4ac0f6630, 0x00007fc4a028cf10, 0x00007fc499083230, 0x00007fc4ac185f20,
0x0000555909bf3630, 0x00007fc49c2c8e60, 0x00007fc4f67b94d0, 0x00007fc4f67bc440,
0x00007fc4a827bcb0, 0x00007fc4a827de20, 0x00007fc4b59bf690, 0x00007fc4b0013930,
0x00007fc4a8280070, 0x00007fc49c534750, 0x0000555909d1b010, 0x00007fc4c80199a0,
0x00007fc4a81409b0, 0x00007fc4d06214f0, 0x00005559204b6500, 0x00005559205ac780,
0x00007fc4a81b4b50
}

Java Threads: ( => current thread )
  0x00007fc4f401ff40 JavaThread "main"                              [_thread_blocked, id=1729889, stack(0x00007fc4f9900000,0x00007fc4f9a00000) (1024K)]
  0x00007fc4f4108940 JavaThread "Reference Handler"          daemon [_thread_blocked, id=1729902, stack(0x00007fc4c7bfd000,0x00007fc4c7cfd000) (1024K)]
  0x00007fc4f4109940 JavaThread "Finalizer"                  daemon [_thread_blocked, id=1729903, stack(0x00007fc4c79fb000,0x00007fc4c7afb000) (1024K)]
  0x00007fc4f410ac90 JavaThread "Signal Dispatcher"          daemon [_thread_blocked, id=1729904, stack(0x00007fc4c7500000,0x00007fc4c7600000) (1024K)]
  0x00007fc4f410c3a0 JavaThread "Service Thread"             daemon [_thread_blocked, id=1729905, stack(0x00007fc4c73ff000,0x00007fc4c74ff000) (1024K)]
  0x00007fc4f410dbf0 JavaThread "Monitor Deflation Thread"   daemon [_thread_blocked, id=1729906, stack(0x00007fc4c72fe000,0x00007fc4c73fe000) (1024K)]
  0x00007fc4f410fe50 JavaThread "C2 CompilerThread0"         daemon [_thread_blocked, id=1729907, stack(0x00007fc4c71fd000,0x00007fc4c72fd000) (1024K)]
  0x00007fc4f4111820 JavaThread "C1 CompilerThread0"         daemon [_thread_blocked, id=1729908, stack(0x00007fc4c70fc000,0x00007fc4c71fc000) (1024K)]
  0x00007fc4f414b1b0 JavaThread "Notification Thread"        daemon [_thread_blocked, id=1729910, stack(0x00007fc4c6efa000,0x00007fc4c6ffa000) (1024K)]
  0x00007fc4f414dc20 JavaThread "Common-Cleaner"             daemon [_thread_blocked, id=1729911, stack(0x00007fc4c6df9000,0x00007fc4c6ef9000) (1024K)]
  0x00007fc4f4661770 JavaThread "InnocuousThread-1"          daemon [_thread_blocked, id=1729917, stack(0x00007fc4c67f3000,0x00007fc4c68f3000) (1024K)]
  0x00007fc4f541dd60 JavaThread "Java2D Disposer"            daemon [_thread_blocked, id=1729927, stack(0x00007fc4c6bf7000,0x00007fc4c6cf7000) (1024K)]
  0x00007fc4f541ec60 JavaThread "AWT-XAWT"                   daemon [_thread_in_native, id=1729928, stack(0x00007fc47ace4000,0x00007fc47ade4000) (1024K)]
  0x00007fc4f5420320 JavaThread "AWT-Shutdown"                      [_thread_blocked, id=1729929, stack(0x00007fc47abe3000,0x00007fc47ace3000) (1024K)]
  0x00007fc4f5421520 JavaThread "AWT-EventQueue-0"                  [_thread_blocked, id=1729930, stack(0x00007fc47aae2000,0x00007fc47abe2000) (1024K)]
  0x00007fc4f5671930 JavaThread "Reference Cleaner"          daemon [_thread_blocked, id=1729933, stack(0x00007fc47a787000,0x00007fc47a887000) (1024K)]
  0x00007fc4f57c1ca0 JavaThread "DefaultDispatcher-worker-1" daemon [_thread_blocked, id=1729935, stack(0x00007fc476300000,0x00007fc476400000) (1024K)]
  0x00007fc4f57cef50 JavaThread "DefaultDispatcher-worker-2" daemon [_thread_blocked, id=1729936, stack(0x00007fc4761ff000,0x00007fc4762ff000) (1024K)]
  0x00007fc4a000e7f0 JavaThread "kotlinx.coroutines.DefaultExecutor" daemon [_thread_blocked, id=1729942, stack(0x00007fc475bf9000,0x00007fc475cf9000) (1024K)]
  0x00007fc4f5d323f0 JavaThread "TimerQueue"                 daemon [_thread_blocked, id=1729969, stack(0x00007fc454100000,0x00007fc454200000) (1024K)]
=>0x00007fc4f63c6790 JavaThread "wpe-glib"                   daemon [_thread_in_Java, id=1729983, stack(0x00007fc449ab3000,0x00007fc449bb3000) (1024K)]
  0x00007fc4a801c630 JavaThread "DefaultDispatcher-worker-4" daemon [_thread_blocked, id=1730072, stack(0x00007fc438091000,0x00007fc438191000) (1024K)]
  0x00007fc4a80b2030 JavaThread "DefaultDispatcher-worker-5" daemon [_thread_blocked, id=1730073, stack(0x00007fc3f1aff000,0x00007fc3f1bff000) (1024K)]
  0x0000555909fbf650 JavaThread "DefaultDispatcher-worker-8" daemon [_thread_blocked, id=1730084, stack(0x00007fc3f039f000,0x00007fc3f049f000) (1024K)]
  0x00007fc4ac0f6630 JavaThread "DefaultDispatcher-worker-12" daemon [_thread_blocked, id=1730094, stack(0x00007fc3f24f5000,0x00007fc3f25f5000) (1024K)]
  0x00007fc4a028cf10 JavaThread "DefaultDispatcher-worker-13" daemon [_thread_blocked, id=1730095, stack(0x00007fc3efc98000,0x00007fc3efd98000) (1024K)]
  0x00007fc499083230 JavaThread "DefaultDispatcher-worker-15" daemon [_thread_blocked, id=1730100, stack(0x00007fc3ef4fc000,0x00007fc3ef5fc000) (1024K)]
  0x00007fc4ac185f20 JavaThread "DefaultDispatcher-worker-10" daemon [_thread_blocked, id=1730119, stack(0x00007fc4498a5000,0x00007fc4499a5000) (1024K)]
  0x0000555909bf3630 JavaThread "DefaultDispatcher-worker-3" daemon [_thread_blocked, id=1730121, stack(0x00007fc3ec7a0000,0x00007fc3ec8a0000) (1024K)]
  0x00007fc49c2c8e60 JavaThread "DefaultDispatcher-worker-16" daemon [_thread_blocked, id=1730130, stack(0x00007fc3ec69f000,0x00007fc3ec79f000) (1024K)]
  0x00007fc4f67b94d0 JavaThread "VirtualThread-unblocker"    daemon [_thread_blocked, id=1730133, stack(0x00007fc3ec49d000,0x00007fc3ec59d000) (1024K)]
  0x00007fc4f67bc440 JavaThread "ForkJoinPool-1-worker-1"    daemon [_thread_blocked, id=1730134, stack(0x00007fc3ec39c000,0x00007fc3ec49c000) (1024K)]
  0x00007fc4a827bcb0 JavaThread "MasterPoller"               daemon [_thread_in_native, id=1730135, stack(0x00007fc3ec29b000,0x00007fc3ec39b000) (1024K)]
  0x00007fc4a827de20 JavaThread "ForkJoinPool-1-worker-2"    daemon [_thread_blocked, id=1730136, stack(0x00007fc3ec19a000,0x00007fc3ec29a000) (1024K)]
  0x00007fc4b59bf690 JavaThread "ForkJoinPool-1-worker-3"    daemon [_thread_blocked, id=1730137, stack(0x00007fc3ec099000,0x00007fc3ec199000) (1024K)]
  0x00007fc4b0013930 JavaThread "ForkJoinPool-1-worker-4"    daemon [_thread_blocked, id=1730138, stack(0x00007fc3e7f00000,0x00007fc3e8000000) (1024K)]
  0x00007fc4a8280070 JavaThread "ForkJoinPool-1-delayScheduler" daemon [_thread_blocked, id=1730139, stack(0x00007fc3e7dff000,0x00007fc3e7eff000) (1024K)]
  0x00007fc49c534750 JavaThread "ForkJoinPool-1-worker-5"    daemon [_thread_blocked, id=1730140, stack(0x00007fc3e7cfe000,0x00007fc3e7dfe000) (1024K)]
  0x0000555909d1b010 JavaThread "DefaultDispatcher-worker-7" daemon [_thread_blocked, id=1730144, stack(0x00007fc3e7afc000,0x00007fc3e7bfc000) (1024K)]
  0x00007fc4c80199a0 JavaThread "DefaultDispatcher-worker-9" daemon [_thread_blocked, id=1732246, stack(0x00007fc3eff9b000,0x00007fc3f009b000) (1024K)]
  0x00007fc4a81409b0 JavaThread "DefaultDispatcher-worker-14" daemon [_thread_blocked, id=1732248, stack(0x00007fc4c6cf8000,0x00007fc4c6df8000) (1024K)]
  0x00007fc4d06214f0 JavaThread "DefaultDispatcher-worker-6" daemon [_thread_blocked, id=1732249, stack(0x00007fc47a888000,0x00007fc47a988000) (1024K)]
  0x00005559204b6500 JavaThread "DefaultDispatcher-worker-11" daemon [_thread_blocked, id=1732250, stack(0x00007fc4760fe000,0x00007fc4761fe000) (1024K)]
  0x00005559205ac780 JavaThread "C1 CompilerThread1"         daemon [_thread_blocked, id=1734066, stack(0x00007fc3efe9a000,0x00007fc3eff9a000) (1024K)]
  0x00007fc4a81b4b50 JavaThread "HttpClient-2-Worker-0"      daemon [_thread_blocked, id=1734067, stack(0x00007fc4c6ffb000,0x00007fc4c70fb000) (1024K)]
Total: 45

Other Threads:
  0x00007fc4f40ff830 VMThread "VM Thread"                           [id=1729901, stack(0x00007fc4c78fa000,0x00007fc4c79fa000) (1024K)]
  0x00007fc4f40edc00 WatcherThread "VM Periodic Task Thread"        [id=1729900, stack(0x00007fc4c7afc000,0x00007fc4c7bfc000) (1024K)]
  0x00007fc4f406e3f0 WorkerThread "GC Thread#0"                     [id=1729890, stack(0x00007fc4f84ea000,0x00007fc4f85ea000) (1024K)]
  0x00007fc4ac008f00 WorkerThread "GC Thread#1"                     [id=1729914, stack(0x00007fc4c6af6000,0x00007fc4c6bf6000) (1024K)]
  0x00007fc4ac014570 WorkerThread "GC Thread#2"                     [id=1729938, stack(0x00007fc475ffd000,0x00007fc4760fd000) (1024K)]
  0x00007fc4ac00cfd0 WorkerThread "GC Thread#3"                     [id=1729939, stack(0x00007fc475efc000,0x00007fc475ffc000) (1024K)]
  0x00007fc4ac00dc30 WorkerThread "GC Thread#4"                     [id=1729940, stack(0x00007fc475dfb000,0x00007fc475efb000) (1024K)]
  0x00007fc4ac00e990 WorkerThread "GC Thread#5"                     [id=1729941, stack(0x00007fc475cfa000,0x00007fc475dfa000) (1024K)]
  0x00007fc4ac02cb00 WorkerThread "GC Thread#6"                     [id=1729963, stack(0x00007fc45ba2f000,0x00007fc45bb2f000) (1024K)]
  0x00007fc4ac030be0 WorkerThread "GC Thread#7"                     [id=1729968, stack(0x00007fc4544ff000,0x00007fc4545ff000) (1024K)]
  0x00007fc4ac02eba0 WorkerThread "GC Thread#8"                     [id=1729976, stack(0x00007fc44a1ba000,0x00007fc44a2ba000) (1024K)]
  0x00007fc4ac034130 WorkerThread "GC Thread#9"                     [id=1729977, stack(0x00007fc44a0b9000,0x00007fc44a1b9000) (1024K)]
  0x00007fc4ac034fb0 WorkerThread "GC Thread#10"                    [id=1729978, stack(0x00007fc449fb8000,0x00007fc44a0b8000) (1024K)]
  0x00007fc4ac035e60 WorkerThread "GC Thread#11"                    [id=1729979, stack(0x00007fc449eb7000,0x00007fc449fb7000) (1024K)]
  0x00007fc4ac02d7e0 WorkerThread "GC Thread#12"                    [id=1729980, stack(0x00007fc449db6000,0x00007fc449eb6000) (1024K)]
  0x00007fc4f40864e0 ConcurrentGCThread "G1 Main Marker"            [id=1729891, stack(0x00007fc4f83e9000,0x00007fc4f84e9000) (1024K)]
  0x00007fc4f4087670 WorkerThread "G1 Conc#0"                       [id=1729892, stack(0x00007fc4f82e8000,0x00007fc4f83e8000) (1024K)]
  0x00007fc4c8000cc0 WorkerThread "G1 Conc#1"                       [id=1729915, stack(0x00007fc4c69f5000,0x00007fc4c6af5000) (1024K)]
  0x00007fc4c80019d0 WorkerThread "G1 Conc#2"                       [id=1729916, stack(0x00007fc4c68f4000,0x00007fc4c69f4000) (1024K)]
  0x00007fc4f40dde90 WorkerThread "G1 Refinement Workers#0"         [id=1729894, stack(0x00007fc4c7dff000,0x00007fc4c7eff000) (1024K)]
  0x00007fc4f40dcc30 ConcurrentGCThread "G1 Refine Control"         [id=1729893, stack(0x00007fc4c7f00000,0x00007fc4c8000000) (1024K)]
  0x00007fc4f40def90 ConcurrentGCThread "G1 Service"                [id=1729895, stack(0x00007fc4c7cfe000,0x00007fc4c7dfe000) (1024K)]
Total: 22

Threads with active compile tasks:
Total: 0

VM state: not at safepoint (normal execution)

VM Mutex/Monitor currently owned by a thread: None

Heap address: 0x000000070fa00000, size: 3846 MB, Compressed Oops mode: Zero based, Oop shift amount: 3

CDS archive(s) mapped at: [0x000000007e000000-0x000000007eda7000-0x000000007eda7000), size 14315520, SharedBaseAddress: 0x000000007e000000, ArchiveRelocationMode: 1.
Compressed class space mapped at: 0x000000007f000000-0x00000000bf000000, reserved size: 1073741824
UseCompressedClassPointers 1, UseCompactObjectHeaders 0
Narrow klass pointer bits 32, Max shift 3
Narrow klass base: 0x000000007e000000, Narrow klass shift: 0
Encoding Range: [0x000000007e000000 - 0x000000017e000000), (4294967296 bytes)
Klass Range:    [0x000000007e000000 - 0x00000000bf000000), (1090519040 bytes)
Klass ID Range:  [8 - 1090519033) (1090519025)
Protection zone: [0x000000007e000000 - 0x000000007e001000), (4096 bytes)

GC Precious Log:
 CardTable entry size: 512
 Card Set container configuration: InlinePtr #cards 4 size 8 Array Of Cards #cards 16 size 48 Howl #buckets 8 coarsen threshold 3686 Howl Bitmap #cards 512 size 80 coarsen threshold 460 Card regions per heap region 1 cards per card region 4096
 CPUs: 16 total, 16 available
 Memory: 15381M
 Large Page Support: Disabled
 NUMA Support: Disabled
 Compressed Oops: Enabled (Zero based)
 Heap Region Size: 2M
 Heap Min Capacity: 8M
 Heap Initial Capacity: 8M
 Heap Max Capacity: 3846M
 Pre-touch: Disabled
 Parallel Workers: 13
 Concurrent Workers: 3
 Concurrent Refinement Workers: 13
 Periodic GC: Disabled

Heap:
 garbage-first heap   total reserved 3938304K, committed 442368K, used 253492K [0x000000070fa00000, 0x0000000800000000)
  region size 2M, 101 eden (202M), 5 survivor (10M), 18 old (36M), 1 humongous (2M), 91 free (182M)

Heap Regions: E=young(eden), S=young(survivor), O=old, HS=humongous(starts), HC=humongous(continues), CS=collection set, F=free, TAMS=top-at-mark-start, PB=parsable bottom
|    0|0x000000070fa00000, 0x000000070fc00000, 0x000000070fc00000|100%|HS|  |TAMS 0x000000070fa00000| PB 0x000000070fa00000| Complete  |  0
|    1|0x000000070fc00000, 0x000000070fe00000, 0x000000070fe00000|100%| O|  |TAMS 0x000000070fc00000| PB 0x000000070fc00000| Untracked |  0
|    2|0x000000070fe00000, 0x0000000710000000, 0x0000000710000000|100%| O|  |TAMS 0x000000070fe00000| PB 0x000000070fe00000| Untracked |  0
|    3|0x0000000710000000, 0x0000000710200000, 0x0000000710200000|100%| O|  |TAMS 0x0000000710000000| PB 0x0000000710000000| Untracked |  0
|    4|0x0000000710200000, 0x0000000710400000, 0x0000000710400000|100%| O|  |TAMS 0x0000000710200000| PB 0x0000000710200000| Untracked |  0
|    5|0x0000000710400000, 0x0000000710600000, 0x0000000710600000|100%| O|  |TAMS 0x0000000710400000| PB 0x0000000710400000| Untracked |  0
|    6|0x0000000710600000, 0x0000000710800000, 0x0000000710800000|100%| O|  |TAMS 0x0000000710600000| PB 0x0000000710600000| Untracked |  0
|    7|0x0000000710800000, 0x0000000710a00000, 0x0000000710a00000|100%| O|  |TAMS 0x0000000710800000| PB 0x0000000710800000| Untracked |  0
|    8|0x0000000710a00000, 0x0000000710c00000, 0x0000000710c00000|100%| O|  |TAMS 0x0000000710a00000| PB 0x0000000710a00000| Untracked |  0
|    9|0x0000000710c00000, 0x0000000710e00000, 0x0000000710e00000|100%| O|  |TAMS 0x0000000710c00000| PB 0x0000000710c00000| Untracked |  0
|   10|0x0000000710e00000, 0x0000000711000000, 0x0000000711000000|100%| O|  |TAMS 0x0000000710e00000| PB 0x0000000710e00000| Untracked |  0
|   11|0x0000000711000000, 0x0000000711000000, 0x0000000711200000|  0%| F|  |TAMS 0x0000000711000000| PB 0x0000000711000000| Untracked |  0
|   12|0x0000000711200000, 0x0000000711200000, 0x0000000711400000|  0%| F|  |TAMS 0x0000000711200000| PB 0x0000000711200000| Untracked |  0
|   13|0x0000000711400000, 0x0000000711400000, 0x0000000711600000|  0%| F|  |TAMS 0x0000000711400000| PB 0x0000000711400000| Untracked |  0
|   14|0x0000000711600000, 0x0000000711600000, 0x0000000711800000|  0%| F|  |TAMS 0x0000000711600000| PB 0x0000000711600000| Untracked |  0
|   15|0x0000000711800000, 0x0000000711a00000, 0x0000000711a00000|100%| O|  |TAMS 0x0000000711800000| PB 0x0000000711800000| Untracked |  0
|   16|0x0000000711a00000, 0x0000000711c00000, 0x0000000711c00000|100%| O|  |TAMS 0x0000000711a00000| PB 0x0000000711a00000| Untracked |  0
|   17|0x0000000711c00000, 0x0000000711e00000, 0x0000000711e00000|100%| O|  |TAMS 0x0000000711c00000| PB 0x0000000711c00000| Untracked |  0
|   18|0x0000000711e00000, 0x0000000712000000, 0x0000000712000000|100%| O|  |TAMS 0x0000000711e00000| PB 0x0000000711e00000| Untracked |  0
|   19|0x0000000712000000, 0x0000000712200000, 0x0000000712200000|100%| O|  |TAMS 0x0000000712000000| PB 0x0000000712000000| Untracked |  0
|   20|0x0000000712200000, 0x0000000712400000, 0x0000000712400000|100%| O|  |TAMS 0x0000000712200000| PB 0x0000000712200000| Untracked |  0
|   21|0x0000000712400000, 0x000000071259a780, 0x0000000712600000| 80%| O|  |TAMS 0x0000000712400000| PB 0x0000000712400000| Untracked |  0
|   22|0x0000000712600000, 0x0000000712600000, 0x0000000712800000|  0%| F|  |TAMS 0x0000000712600000| PB 0x0000000712600000| Untracked |  0
|   23|0x0000000712800000, 0x0000000712800000, 0x0000000712a00000|  0%| F|  |TAMS 0x0000000712800000| PB 0x0000000712800000| Untracked |  0
|   24|0x0000000712a00000, 0x0000000712a00000, 0x0000000712c00000|  0%| F|  |TAMS 0x0000000712a00000| PB 0x0000000712a00000| Untracked |  0
|   25|0x0000000712c00000, 0x0000000712c00000, 0x0000000712e00000|  0%| F|  |TAMS 0x0000000712c00000| PB 0x0000000712c00000| Untracked |  0
|   26|0x0000000712e00000, 0x0000000712e00000, 0x0000000713000000|  0%| F|  |TAMS 0x0000000712e00000| PB 0x0000000712e00000| Untracked |  0
|   27|0x0000000713000000, 0x0000000713000000, 0x0000000713200000|  0%| F|  |TAMS 0x0000000713000000| PB 0x0000000713000000| Untracked |  0
|   28|0x0000000713200000, 0x0000000713200000, 0x0000000713400000|  0%| F|  |TAMS 0x0000000713200000| PB 0x0000000713200000| Untracked |  0
|   29|0x0000000713400000, 0x0000000713400000, 0x0000000713600000|  0%| F|  |TAMS 0x0000000713400000| PB 0x0000000713400000| Untracked |  0
|   30|0x0000000713600000, 0x0000000713600000, 0x0000000713800000|  0%| F|  |TAMS 0x0000000713600000| PB 0x0000000713600000| Untracked |  0
|   31|0x0000000713800000, 0x0000000713800000, 0x0000000713a00000|  0%| F|  |TAMS 0x0000000713800000| PB 0x0000000713800000| Untracked |  0
|   32|0x0000000713a00000, 0x0000000713a00000, 0x0000000713c00000|  0%| F|  |TAMS 0x0000000713a00000| PB 0x0000000713a00000| Untracked |  0
|   33|0x0000000713c00000, 0x0000000713c00000, 0x0000000713e00000|  0%| F|  |TAMS 0x0000000713c00000| PB 0x0000000713c00000| Untracked |  0
|   34|0x0000000713e00000, 0x0000000713e00000, 0x0000000714000000|  0%| F|  |TAMS 0x0000000713e00000| PB 0x0000000713e00000| Untracked |  0
|   35|0x0000000714000000, 0x0000000714000000, 0x0000000714200000|  0%| F|  |TAMS 0x0000000714000000| PB 0x0000000714000000| Untracked |  0
|   36|0x0000000714200000, 0x0000000714200000, 0x0000000714400000|  0%| F|  |TAMS 0x0000000714200000| PB 0x0000000714200000| Untracked |  0
|   37|0x0000000714400000, 0x0000000714400000, 0x0000000714600000|  0%| F|  |TAMS 0x0000000714400000| PB 0x0000000714400000| Untracked |  0
|   38|0x0000000714600000, 0x0000000714600000, 0x0000000714800000|  0%| F|  |TAMS 0x0000000714600000| PB 0x0000000714600000| Untracked |  0
|   39|0x0000000714800000, 0x0000000714800000, 0x0000000714a00000|  0%| F|  |TAMS 0x0000000714800000| PB 0x0000000714800000| Untracked |  0
|   40|0x0000000714a00000, 0x0000000714a00000, 0x0000000714c00000|  0%| F|  |TAMS 0x0000000714a00000| PB 0x0000000714a00000| Untracked |  0
|   41|0x0000000714c00000, 0x0000000714c00000, 0x0000000714e00000|  0%| F|  |TAMS 0x0000000714c00000| PB 0x0000000714c00000| Untracked |  0
|   42|0x0000000714e00000, 0x0000000714e00000, 0x0000000715000000|  0%| F|  |TAMS 0x0000000714e00000| PB 0x0000000714e00000| Untracked |  0
|   43|0x0000000715000000, 0x0000000715000000, 0x0000000715200000|  0%| F|  |TAMS 0x0000000715000000| PB 0x0000000715000000| Untracked |  0
|   44|0x0000000715200000, 0x0000000715200000, 0x0000000715400000|  0%| F|  |TAMS 0x0000000715200000| PB 0x0000000715200000| Untracked |  0
|   45|0x0000000715400000, 0x0000000715400000, 0x0000000715600000|  0%| F|  |TAMS 0x0000000715400000| PB 0x0000000715400000| Untracked |  0
|   46|0x0000000715600000, 0x0000000715600000, 0x0000000715800000|  0%| F|  |TAMS 0x0000000715600000| PB 0x0000000715600000| Untracked |  0
|   47|0x0000000715800000, 0x0000000715800000, 0x0000000715a00000|  0%| F|  |TAMS 0x0000000715800000| PB 0x0000000715800000| Untracked |  0
|   48|0x0000000715a00000, 0x0000000715a00000, 0x0000000715c00000|  0%| F|  |TAMS 0x0000000715a00000| PB 0x0000000715a00000| Untracked |  0
|   49|0x0000000715c00000, 0x0000000715c00000, 0x0000000715e00000|  0%| F|  |TAMS 0x0000000715c00000| PB 0x0000000715c00000| Untracked |  0
|   50|0x0000000715e00000, 0x0000000715e00000, 0x0000000716000000|  0%| F|  |TAMS 0x0000000715e00000| PB 0x0000000715e00000| Untracked |  0
|   51|0x0000000716000000, 0x0000000716000000, 0x0000000716200000|  0%| F|  |TAMS 0x0000000716000000| PB 0x0000000716000000| Untracked |  0
|   52|0x0000000716200000, 0x0000000716200000, 0x0000000716400000|  0%| F|  |TAMS 0x0000000716200000| PB 0x0000000716200000| Untracked |  0
|   53|0x0000000716400000, 0x0000000716400000, 0x0000000716600000|  0%| F|  |TAMS 0x0000000716400000| PB 0x0000000716400000| Untracked |  0
|   54|0x0000000716600000, 0x0000000716600000, 0x0000000716800000|  0%| F|  |TAMS 0x0000000716600000| PB 0x0000000716600000| Untracked |  0
|   55|0x0000000716800000, 0x0000000716800000, 0x0000000716a00000|  0%| F|  |TAMS 0x0000000716800000| PB 0x0000000716800000| Untracked |  0
|   56|0x0000000716a00000, 0x0000000716a00000, 0x0000000716c00000|  0%| F|  |TAMS 0x0000000716a00000| PB 0x0000000716a00000| Untracked |  0
|   57|0x0000000716c00000, 0x0000000716c00000, 0x0000000716e00000|  0%| F|  |TAMS 0x0000000716c00000| PB 0x0000000716c00000| Untracked |  0
|   58|0x0000000716e00000, 0x0000000716e00000, 0x0000000717000000|  0%| F|  |TAMS 0x0000000716e00000| PB 0x0000000716e00000| Untracked |  0
|   59|0x0000000717000000, 0x0000000717000000, 0x0000000717200000|  0%| F|  |TAMS 0x0000000717000000| PB 0x0000000717000000| Untracked |  0
|   60|0x0000000717200000, 0x0000000717200000, 0x0000000717400000|  0%| F|  |TAMS 0x0000000717200000| PB 0x0000000717200000| Untracked |  0
|   61|0x0000000717400000, 0x0000000717400000, 0x0000000717600000|  0%| F|  |TAMS 0x0000000717400000| PB 0x0000000717400000| Untracked |  0
|   62|0x0000000717600000, 0x0000000717600000, 0x0000000717800000|  0%| F|  |TAMS 0x0000000717600000| PB 0x0000000717600000| Untracked |  0
|   63|0x0000000717800000, 0x0000000717800000, 0x0000000717a00000|  0%| F|  |TAMS 0x0000000717800000| PB 0x0000000717800000| Untracked |  0
|   64|0x0000000717a00000, 0x0000000717a00000, 0x0000000717c00000|  0%| F|  |TAMS 0x0000000717a00000| PB 0x0000000717a00000| Untracked |  0
|   65|0x0000000717c00000, 0x0000000717c00000, 0x0000000717e00000|  0%| F|  |TAMS 0x0000000717c00000| PB 0x0000000717c00000| Untracked |  0
|   66|0x0000000717e00000, 0x0000000717e00000, 0x0000000718000000|  0%| F|  |TAMS 0x0000000717e00000| PB 0x0000000717e00000| Untracked |  0
|   67|0x0000000718000000, 0x0000000718000000, 0x0000000718200000|  0%| F|  |TAMS 0x0000000718000000| PB 0x0000000718000000| Untracked |  0
|   68|0x0000000718200000, 0x0000000718200000, 0x0000000718400000|  0%| F|  |TAMS 0x0000000718200000| PB 0x0000000718200000| Untracked |  0
|   69|0x0000000718400000, 0x0000000718400000, 0x0000000718600000|  0%| F|  |TAMS 0x0000000718400000| PB 0x0000000718400000| Untracked |  0
|   70|0x0000000718600000, 0x0000000718600000, 0x0000000718800000|  0%| F|  |TAMS 0x0000000718600000| PB 0x0000000718600000| Untracked |  0
|   71|0x0000000718800000, 0x0000000718800000, 0x0000000718a00000|  0%| F|  |TAMS 0x0000000718800000| PB 0x0000000718800000| Untracked |  0
|   72|0x0000000718a00000, 0x0000000718a00000, 0x0000000718c00000|  0%| F|  |TAMS 0x0000000718a00000| PB 0x0000000718a00000| Untracked |  0
|   73|0x0000000718c00000, 0x0000000718c00000, 0x0000000718e00000|  0%| F|  |TAMS 0x0000000718c00000| PB 0x0000000718c00000| Untracked |  0
|   74|0x0000000718e00000, 0x0000000718e00000, 0x0000000719000000|  0%| F|  |TAMS 0x0000000718e00000| PB 0x0000000718e00000| Untracked |  0
|   75|0x0000000719000000, 0x0000000719000000, 0x0000000719200000|  0%| F|  |TAMS 0x0000000719000000| PB 0x0000000719000000| Untracked |  0
|   76|0x0000000719200000, 0x0000000719200000, 0x0000000719400000|  0%| F|  |TAMS 0x0000000719200000| PB 0x0000000719200000| Untracked |  0
|   77|0x0000000719400000, 0x0000000719400000, 0x0000000719600000|  0%| F|  |TAMS 0x0000000719400000| PB 0x0000000719400000| Untracked |  0
|   78|0x0000000719600000, 0x0000000719600000, 0x0000000719800000|  0%| F|  |TAMS 0x0000000719600000| PB 0x0000000719600000| Untracked |  0
|   79|0x0000000719800000, 0x0000000719800000, 0x0000000719a00000|  0%| F|  |TAMS 0x0000000719800000| PB 0x0000000719800000| Untracked |  0
|   80|0x0000000719a00000, 0x0000000719a00000, 0x0000000719c00000|  0%| F|  |TAMS 0x0000000719a00000| PB 0x0000000719a00000| Untracked |  0
|   81|0x0000000719c00000, 0x0000000719c00000, 0x0000000719e00000|  0%| F|  |TAMS 0x0000000719c00000| PB 0x0000000719c00000| Untracked |  0
|   82|0x0000000719e00000, 0x0000000719e00000, 0x000000071a000000|  0%| F|  |TAMS 0x0000000719e00000| PB 0x0000000719e00000| Untracked |  0
|   83|0x000000071a000000, 0x000000071a000000, 0x000000071a200000|  0%| F|  |TAMS 0x000000071a000000| PB 0x000000071a000000| Untracked |  0
|   84|0x000000071a200000, 0x000000071a200000, 0x000000071a400000|  0%| F|  |TAMS 0x000000071a200000| PB 0x000000071a200000| Untracked |  0
|   85|0x000000071a400000, 0x000000071a400000, 0x000000071a600000|  0%| F|  |TAMS 0x000000071a400000| PB 0x000000071a400000| Untracked |  0
|   86|0x000000071a600000, 0x000000071a7f2900, 0x000000071a800000| 97%| S|CS|TAMS 0x000000071a600000| PB 0x000000071a600000| Complete  |  0
|   87|0x000000071a800000, 0x000000071aa00000, 0x000000071aa00000|100%| S|CS|TAMS 0x000000071a800000| PB 0x000000071a800000| Complete  |  0
|   88|0x000000071aa00000, 0x000000071ac00000, 0x000000071ac00000|100%| S|CS|TAMS 0x000000071aa00000| PB 0x000000071aa00000| Complete  |  0
|   89|0x000000071ac00000, 0x000000071ae00000, 0x000000071ae00000|100%| S|CS|TAMS 0x000000071ac00000| PB 0x000000071ac00000| Complete  |  0
|   90|0x000000071ae00000, 0x000000071b000000, 0x000000071b000000|100%| S|CS|TAMS 0x000000071ae00000| PB 0x000000071ae00000| Complete  |  0
|   91|0x000000071b000000, 0x000000071b000000, 0x000000071b200000|  0%| F|  |TAMS 0x000000071b000000| PB 0x000000071b000000| Untracked |  0
|   92|0x000000071b200000, 0x000000071b200000, 0x000000071b400000|  0%| F|  |TAMS 0x000000071b200000| PB 0x000000071b200000| Untracked |  0
|   93|0x000000071b400000, 0x000000071b400000, 0x000000071b600000|  0%| F|  |TAMS 0x000000071b400000| PB 0x000000071b400000| Untracked |  0
|   94|0x000000071b600000, 0x000000071b600000, 0x000000071b800000|  0%| F|  |TAMS 0x000000071b600000| PB 0x000000071b600000| Untracked |  0
|   95|0x000000071b800000, 0x000000071b800000, 0x000000071ba00000|  0%| F|  |TAMS 0x000000071b800000| PB 0x000000071b800000| Untracked |  0
|   96|0x000000071ba00000, 0x000000071ba00000, 0x000000071bc00000|  0%| F|  |TAMS 0x000000071ba00000| PB 0x000000071ba00000| Untracked |  0
|   97|0x000000071bc00000, 0x000000071bc00000, 0x000000071be00000|  0%| F|  |TAMS 0x000000071bc00000| PB 0x000000071bc00000| Untracked |  0
|   98|0x000000071be00000, 0x000000071be00000, 0x000000071c000000|  0%| F|  |TAMS 0x000000071be00000| PB 0x000000071be00000| Untracked |  0
|   99|0x000000071c000000, 0x000000071c000000, 0x000000071c200000|  0%| F|  |TAMS 0x000000071c000000| PB 0x000000071c000000| Untracked |  0
|  100|0x000000071c200000, 0x000000071c200000, 0x000000071c400000|  0%| F|  |TAMS 0x000000071c200000| PB 0x000000071c200000| Untracked |  0
|  101|0x000000071c400000, 0x000000071c400000, 0x000000071c600000|  0%| F|  |TAMS 0x000000071c400000| PB 0x000000071c400000| Untracked |  0
|  102|0x000000071c600000, 0x000000071c600000, 0x000000071c800000|  0%| F|  |TAMS 0x000000071c600000| PB 0x000000071c600000| Untracked |  0
|  103|0x000000071c800000, 0x000000071c800000, 0x000000071ca00000|  0%| F|  |TAMS 0x000000071c800000| PB 0x000000071c800000| Untracked |  0
|  104|0x000000071ca00000, 0x000000071ca00000, 0x000000071cc00000|  0%| F|  |TAMS 0x000000071ca00000| PB 0x000000071ca00000| Untracked |  0
|  105|0x000000071cc00000, 0x000000071cc00000, 0x000000071ce00000|  0%| F|  |TAMS 0x000000071cc00000| PB 0x000000071cc00000| Untracked |  0
|  106|0x000000071ce00000, 0x000000071ce00000, 0x000000071d000000|  0%| F|  |TAMS 0x000000071ce00000| PB 0x000000071ce00000| Untracked |  0
|  107|0x000000071d000000, 0x000000071d000000, 0x000000071d200000|  0%| F|  |TAMS 0x000000071d000000| PB 0x000000071d000000| Untracked |  0
|  108|0x000000071d200000, 0x000000071d200000, 0x000000071d400000|  0%| F|  |TAMS 0x000000071d200000| PB 0x000000071d200000| Untracked |  0
|  109|0x000000071d400000, 0x000000071d400000, 0x000000071d600000|  0%| F|  |TAMS 0x000000071d400000| PB 0x000000071d400000| Untracked |  0
|  110|0x000000071d600000, 0x000000071d600000, 0x000000071d800000|  0%| F|  |TAMS 0x000000071d600000| PB 0x000000071d600000| Untracked |  0
|  111|0x000000071d800000, 0x000000071d800000, 0x000000071da00000|  0%| F|  |TAMS 0x000000071d800000| PB 0x000000071d800000| Untracked |  0
|  112|0x000000071da00000, 0x000000071da00000, 0x000000071dc00000|  0%| F|  |TAMS 0x000000071da00000| PB 0x000000071da00000| Untracked |  0
|  113|0x000000071dc00000, 0x000000071dc00000, 0x000000071de00000|  0%| F|  |TAMS 0x000000071dc00000| PB 0x000000071dc00000| Untracked |  0
|  114|0x000000071de00000, 0x000000071df78e20, 0x000000071e000000| 73%| E|CS|TAMS 0x000000071de00000| PB 0x000000071de00000| Complete  |  0
|  115|0x000000071e000000, 0x000000071e200000, 0x000000071e200000|100%| E|CS|TAMS 0x000000071e000000| PB 0x000000071e000000| Complete  |  0
|  116|0x000000071e200000, 0x000000071e400000, 0x000000071e400000|100%| E|CS|TAMS 0x000000071e200000| PB 0x000000071e200000| Complete  |  0
|  117|0x000000071e400000, 0x000000071e600000, 0x000000071e600000|100%| E|CS|TAMS 0x000000071e400000| PB 0x000000071e400000| Complete  |  0
|  118|0x000000071e600000, 0x000000071e800000, 0x000000071e800000|100%| E|CS|TAMS 0x000000071e600000| PB 0x000000071e600000| Complete  |  0
|  119|0x000000071e800000, 0x000000071ea00000, 0x000000071ea00000|100%| E|CS|TAMS 0x000000071e800000| PB 0x000000071e800000| Complete  |  0
|  120|0x000000071ea00000, 0x000000071ec00000, 0x000000071ec00000|100%| E|CS|TAMS 0x000000071ea00000| PB 0x000000071ea00000| Complete  |  0
|  121|0x000000071ec00000, 0x000000071ee00000, 0x000000071ee00000|100%| E|CS|TAMS 0x000000071ec00000| PB 0x000000071ec00000| Complete  |  0
|  122|0x000000071ee00000, 0x000000071f000000, 0x000000071f000000|100%| E|CS|TAMS 0x000000071ee00000| PB 0x000000071ee00000| Complete  |  0
|  123|0x000000071f000000, 0x000000071f200000, 0x000000071f200000|100%| E|CS|TAMS 0x000000071f000000| PB 0x000000071f000000| Complete  |  0
|  124|0x000000071f200000, 0x000000071f400000, 0x000000071f400000|100%| E|CS|TAMS 0x000000071f200000| PB 0x000000071f200000| Complete  |  0
|  125|0x000000071f400000, 0x000000071f600000, 0x000000071f600000|100%| E|CS|TAMS 0x000000071f400000| PB 0x000000071f400000| Complete  |  0
|  126|0x000000071f600000, 0x000000071f800000, 0x000000071f800000|100%| E|CS|TAMS 0x000000071f600000| PB 0x000000071f600000| Complete  |  0
|  127|0x000000071f800000, 0x000000071fa00000, 0x000000071fa00000|100%| E|CS|TAMS 0x000000071f800000| PB 0x000000071f800000| Complete  |  0
|  128|0x000000071fa00000, 0x000000071fc00000, 0x000000071fc00000|100%| E|CS|TAMS 0x000000071fa00000| PB 0x000000071fa00000| Complete  |  0
|  129|0x000000071fc00000, 0x000000071fe00000, 0x000000071fe00000|100%| E|CS|TAMS 0x000000071fc00000| PB 0x000000071fc00000| Complete  |  0
|  130|0x000000071fe00000, 0x0000000720000000, 0x0000000720000000|100%| E|CS|TAMS 0x000000071fe00000| PB 0x000000071fe00000| Complete  |  0
|  131|0x0000000720000000, 0x0000000720200000, 0x0000000720200000|100%| E|CS|TAMS 0x0000000720000000| PB 0x0000000720000000| Complete  |  0
|  132|0x0000000720200000, 0x0000000720400000, 0x0000000720400000|100%| E|CS|TAMS 0x0000000720200000| PB 0x0000000720200000| Complete  |  0
|  133|0x0000000720400000, 0x0000000720600000, 0x0000000720600000|100%| E|CS|TAMS 0x0000000720400000| PB 0x0000000720400000| Complete  |  0
|  134|0x0000000720600000, 0x0000000720800000, 0x0000000720800000|100%| E|CS|TAMS 0x0000000720600000| PB 0x0000000720600000| Complete  |  0
|  135|0x0000000720800000, 0x0000000720a00000, 0x0000000720a00000|100%| E|CS|TAMS 0x0000000720800000| PB 0x0000000720800000| Complete  |  0
|  136|0x0000000720a00000, 0x0000000720c00000, 0x0000000720c00000|100%| E|CS|TAMS 0x0000000720a00000| PB 0x0000000720a00000| Complete  |  0
|  137|0x0000000720c00000, 0x0000000720e00000, 0x0000000720e00000|100%| E|CS|TAMS 0x0000000720c00000| PB 0x0000000720c00000| Complete  |  0
|  138|0x0000000720e00000, 0x0000000721000000, 0x0000000721000000|100%| E|CS|TAMS 0x0000000720e00000| PB 0x0000000720e00000| Complete  |  0
|  139|0x0000000721000000, 0x0000000721200000, 0x0000000721200000|100%| E|CS|TAMS 0x0000000721000000| PB 0x0000000721000000| Complete  |  0
|  140|0x0000000721200000, 0x0000000721400000, 0x0000000721400000|100%| E|CS|TAMS 0x0000000721200000| PB 0x0000000721200000| Complete  |  0
|  141|0x0000000721400000, 0x0000000721600000, 0x0000000721600000|100%| E|CS|TAMS 0x0000000721400000| PB 0x0000000721400000| Complete  |  0
|  142|0x0000000721600000, 0x0000000721800000, 0x0000000721800000|100%| E|CS|TAMS 0x0000000721600000| PB 0x0000000721600000| Complete  |  0
|  143|0x0000000721800000, 0x0000000721a00000, 0x0000000721a00000|100%| E|CS|TAMS 0x0000000721800000| PB 0x0000000721800000| Complete  |  0
|  144|0x0000000721a00000, 0x0000000721c00000, 0x0000000721c00000|100%| E|CS|TAMS 0x0000000721a00000| PB 0x0000000721a00000| Complete  |  0
|  145|0x0000000721c00000, 0x0000000721e00000, 0x0000000721e00000|100%| E|CS|TAMS 0x0000000721c00000| PB 0x0000000721c00000| Complete  |  0
|  146|0x0000000721e00000, 0x0000000722000000, 0x0000000722000000|100%| E|CS|TAMS 0x0000000721e00000| PB 0x0000000721e00000| Complete  |  0
|  147|0x0000000722000000, 0x0000000722200000, 0x0000000722200000|100%| E|CS|TAMS 0x0000000722000000| PB 0x0000000722000000| Complete  |  0
|  148|0x0000000722200000, 0x0000000722400000, 0x0000000722400000|100%| E|CS|TAMS 0x0000000722200000| PB 0x0000000722200000| Complete  |  0
|  149|0x0000000722400000, 0x0000000722600000, 0x0000000722600000|100%| E|CS|TAMS 0x0000000722400000| PB 0x0000000722400000| Complete  |  0
|  150|0x0000000722600000, 0x0000000722800000, 0x0000000722800000|100%| E|CS|TAMS 0x0000000722600000| PB 0x0000000722600000| Complete  |  0
|  151|0x0000000722800000, 0x0000000722a00000, 0x0000000722a00000|100%| E|CS|TAMS 0x0000000722800000| PB 0x0000000722800000| Complete  |  0
|  152|0x0000000722a00000, 0x0000000722c00000, 0x0000000722c00000|100%| E|CS|TAMS 0x0000000722a00000| PB 0x0000000722a00000| Complete  |  0
|  153|0x0000000722c00000, 0x0000000722e00000, 0x0000000722e00000|100%| E|CS|TAMS 0x0000000722c00000| PB 0x0000000722c00000| Complete  |  0
|  154|0x0000000722e00000, 0x0000000723000000, 0x0000000723000000|100%| E|CS|TAMS 0x0000000722e00000| PB 0x0000000722e00000| Complete  |  0
|  155|0x0000000723000000, 0x0000000723200000, 0x0000000723200000|100%| E|CS|TAMS 0x0000000723000000| PB 0x0000000723000000| Complete  |  0
|  156|0x0000000723200000, 0x0000000723400000, 0x0000000723400000|100%| E|CS|TAMS 0x0000000723200000| PB 0x0000000723200000| Complete  |  0
|  157|0x0000000723400000, 0x0000000723600000, 0x0000000723600000|100%| E|CS|TAMS 0x0000000723400000| PB 0x0000000723400000| Complete  |  0
|  158|0x0000000723600000, 0x0000000723800000, 0x0000000723800000|100%| E|CS|TAMS 0x0000000723600000| PB 0x0000000723600000| Complete  |  0
|  159|0x0000000723800000, 0x0000000723a00000, 0x0000000723a00000|100%| E|CS|TAMS 0x0000000723800000| PB 0x0000000723800000| Complete  |  0
|  160|0x0000000723a00000, 0x0000000723c00000, 0x0000000723c00000|100%| E|CS|TAMS 0x0000000723a00000| PB 0x0000000723a00000| Complete  |  0
|  161|0x0000000723c00000, 0x0000000723e00000, 0x0000000723e00000|100%| E|CS|TAMS 0x0000000723c00000| PB 0x0000000723c00000| Complete  |  0
|  162|0x0000000723e00000, 0x0000000724000000, 0x0000000724000000|100%| E|CS|TAMS 0x0000000723e00000| PB 0x0000000723e00000| Complete  |  0
|  163|0x0000000724000000, 0x0000000724200000, 0x0000000724200000|100%| E|CS|TAMS 0x0000000724000000| PB 0x0000000724000000| Complete  |  0
|  164|0x0000000724200000, 0x0000000724400000, 0x0000000724400000|100%| E|CS|TAMS 0x0000000724200000| PB 0x0000000724200000| Complete  |  0
|  165|0x0000000724400000, 0x0000000724600000, 0x0000000724600000|100%| E|CS|TAMS 0x0000000724400000| PB 0x0000000724400000| Complete  |  0
|  166|0x0000000724600000, 0x0000000724800000, 0x0000000724800000|100%| E|CS|TAMS 0x0000000724600000| PB 0x0000000724600000| Complete  |  0
|  167|0x0000000724800000, 0x0000000724a00000, 0x0000000724a00000|100%| E|CS|TAMS 0x0000000724800000| PB 0x0000000724800000| Complete  |  0
|  168|0x0000000724a00000, 0x0000000724c00000, 0x0000000724c00000|100%| E|CS|TAMS 0x0000000724a00000| PB 0x0000000724a00000| Complete  |  0
|  169|0x0000000724c00000, 0x0000000724e00000, 0x0000000724e00000|100%| E|CS|TAMS 0x0000000724c00000| PB 0x0000000724c00000| Complete  |  0
|  170|0x0000000724e00000, 0x0000000725000000, 0x0000000725000000|100%| E|CS|TAMS 0x0000000724e00000| PB 0x0000000724e00000| Complete  |  0
|  171|0x0000000725000000, 0x0000000725200000, 0x0000000725200000|100%| E|CS|TAMS 0x0000000725000000| PB 0x0000000725000000| Complete  |  0
|  172|0x0000000725200000, 0x0000000725400000, 0x0000000725400000|100%| E|CS|TAMS 0x0000000725200000| PB 0x0000000725200000| Complete  |  0
|  173|0x0000000725400000, 0x0000000725600000, 0x0000000725600000|100%| E|CS|TAMS 0x0000000725400000| PB 0x0000000725400000| Complete  |  0
|  174|0x0000000725600000, 0x0000000725800000, 0x0000000725800000|100%| E|CS|TAMS 0x0000000725600000| PB 0x0000000725600000| Complete  |  0
|  175|0x0000000725800000, 0x0000000725a00000, 0x0000000725a00000|100%| E|CS|TAMS 0x0000000725800000| PB 0x0000000725800000| Complete  |  0
|  176|0x0000000725a00000, 0x0000000725c00000, 0x0000000725c00000|100%| E|CS|TAMS 0x0000000725a00000| PB 0x0000000725a00000| Complete  |  0
|  177|0x0000000725c00000, 0x0000000725e00000, 0x0000000725e00000|100%| E|CS|TAMS 0x0000000725c00000| PB 0x0000000725c00000| Complete  |  0
|  178|0x0000000725e00000, 0x0000000726000000, 0x0000000726000000|100%| E|CS|TAMS 0x0000000725e00000| PB 0x0000000725e00000| Complete  |  0
|  179|0x0000000726000000, 0x0000000726200000, 0x0000000726200000|100%| E|CS|TAMS 0x0000000726000000| PB 0x0000000726000000| Complete  |  0
|  180|0x0000000726200000, 0x0000000726400000, 0x0000000726400000|100%| E|CS|TAMS 0x0000000726200000| PB 0x0000000726200000| Complete  |  0
|  181|0x0000000726400000, 0x0000000726600000, 0x0000000726600000|100%| E|CS|TAMS 0x0000000726400000| PB 0x0000000726400000| Complete  |  0
|  182|0x0000000726600000, 0x0000000726800000, 0x0000000726800000|100%| E|CS|TAMS 0x0000000726600000| PB 0x0000000726600000| Complete  |  0
|  183|0x0000000726800000, 0x0000000726a00000, 0x0000000726a00000|100%| E|CS|TAMS 0x0000000726800000| PB 0x0000000726800000| Complete  |  0
|  184|0x0000000726a00000, 0x0000000726c00000, 0x0000000726c00000|100%| E|CS|TAMS 0x0000000726a00000| PB 0x0000000726a00000| Complete  |  0
|  185|0x0000000726c00000, 0x0000000726e00000, 0x0000000726e00000|100%| E|CS|TAMS 0x0000000726c00000| PB 0x0000000726c00000| Complete  |  0
|  186|0x0000000726e00000, 0x0000000727000000, 0x0000000727000000|100%| E|CS|TAMS 0x0000000726e00000| PB 0x0000000726e00000| Complete  |  0
|  187|0x0000000727000000, 0x0000000727200000, 0x0000000727200000|100%| E|CS|TAMS 0x0000000727000000| PB 0x0000000727000000| Complete  |  0
|  188|0x0000000727200000, 0x0000000727400000, 0x0000000727400000|100%| E|CS|TAMS 0x0000000727200000| PB 0x0000000727200000| Complete  |  0
|  189|0x0000000727400000, 0x0000000727600000, 0x0000000727600000|100%| E|CS|TAMS 0x0000000727400000| PB 0x0000000727400000| Complete  |  0
|  190|0x0000000727600000, 0x0000000727800000, 0x0000000727800000|100%| E|CS|TAMS 0x0000000727600000| PB 0x0000000727600000| Complete  |  0
|  191|0x0000000727800000, 0x0000000727a00000, 0x0000000727a00000|100%| E|CS|TAMS 0x0000000727800000| PB 0x0000000727800000| Complete  |  0
|  192|0x0000000727a00000, 0x0000000727c00000, 0x0000000727c00000|100%| E|CS|TAMS 0x0000000727a00000| PB 0x0000000727a00000| Complete  |  0
|  193|0x0000000727c00000, 0x0000000727e00000, 0x0000000727e00000|100%| E|CS|TAMS 0x0000000727c00000| PB 0x0000000727c00000| Complete  |  0
|  194|0x0000000727e00000, 0x0000000728000000, 0x0000000728000000|100%| E|CS|TAMS 0x0000000727e00000| PB 0x0000000727e00000| Complete  |  0
|  195|0x0000000728000000, 0x0000000728200000, 0x0000000728200000|100%| E|CS|TAMS 0x0000000728000000| PB 0x0000000728000000| Complete  |  0
|  196|0x0000000728200000, 0x0000000728400000, 0x0000000728400000|100%| E|CS|TAMS 0x0000000728200000| PB 0x0000000728200000| Complete  |  0
|  197|0x0000000728400000, 0x0000000728600000, 0x0000000728600000|100%| E|CS|TAMS 0x0000000728400000| PB 0x0000000728400000| Complete  |  0
|  198|0x0000000728600000, 0x0000000728800000, 0x0000000728800000|100%| E|CS|TAMS 0x0000000728600000| PB 0x0000000728600000| Complete  |  0
|  199|0x0000000728800000, 0x0000000728a00000, 0x0000000728a00000|100%| E|CS|TAMS 0x0000000728800000| PB 0x0000000728800000| Complete  |  0
|  200|0x0000000728a00000, 0x0000000728c00000, 0x0000000728c00000|100%| E|CS|TAMS 0x0000000728a00000| PB 0x0000000728a00000| Complete  |  0
|  201|0x0000000728c00000, 0x0000000728e00000, 0x0000000728e00000|100%| E|CS|TAMS 0x0000000728c00000| PB 0x0000000728c00000| Complete  |  0
|  202|0x0000000728e00000, 0x0000000729000000, 0x0000000729000000|100%| E|CS|TAMS 0x0000000728e00000| PB 0x0000000728e00000| Complete  |  0
|  203|0x0000000729000000, 0x0000000729200000, 0x0000000729200000|100%| E|CS|TAMS 0x0000000729000000| PB 0x0000000729000000| Complete  |  0
|  204|0x0000000729200000, 0x0000000729400000, 0x0000000729400000|100%| E|CS|TAMS 0x0000000729200000| PB 0x0000000729200000| Complete  |  0
|  205|0x0000000729400000, 0x0000000729600000, 0x0000000729600000|100%| E|CS|TAMS 0x0000000729400000| PB 0x0000000729400000| Complete  |  0
|  206|0x0000000729600000, 0x0000000729800000, 0x0000000729800000|100%| E|CS|TAMS 0x0000000729600000| PB 0x0000000729600000| Complete  |  0
|  207|0x0000000729800000, 0x0000000729a00000, 0x0000000729a00000|100%| E|CS|TAMS 0x0000000729800000| PB 0x0000000729800000| Complete  |  0
|  208|0x0000000729a00000, 0x0000000729c00000, 0x0000000729c00000|100%| E|CS|TAMS 0x0000000729a00000| PB 0x0000000729a00000| Complete  |  0
|  209|0x0000000729c00000, 0x0000000729e00000, 0x0000000729e00000|100%| E|CS|TAMS 0x0000000729c00000| PB 0x0000000729c00000| Complete  |  0
|  210|0x0000000729e00000, 0x000000072a000000, 0x000000072a000000|100%| E|CS|TAMS 0x0000000729e00000| PB 0x0000000729e00000| Complete  |  0
|  211|0x000000072a000000, 0x000000072a200000, 0x000000072a200000|100%| E|CS|TAMS 0x000000072a000000| PB 0x000000072a000000| Complete  |  0
|  212|0x000000072a200000, 0x000000072a400000, 0x000000072a400000|100%| E|CS|TAMS 0x000000072a200000| PB 0x000000072a200000| Complete  |  0
| 1920|0x00000007ffa00000, 0x00000007ffc00000, 0x00000007ffc00000|100%| E|CS|TAMS 0x00000007ffa00000| PB 0x00000007ffa00000| Complete  |  0
| 1921|0x00000007ffc00000, 0x00000007ffe00000, 0x00000007ffe00000|100%| O|  |TAMS 0x00000007ffc00000| PB 0x00000007ffc00000| Untracked |  0
| 1922|0x00000007ffe00000, 0x0000000800000000, 0x0000000800000000|100%| E|CS|TAMS 0x00000007ffe00000| PB 0x00000007ffe00000| Complete  |  0

Card table byte_map: [0x00007fc4da776000,0x00007fc4daef9000] _byte_map_base: 0x00007fc4d6ef9000
Refinement table byte_map: [0x00007fc4daef9000,0x00007fc4db67c000] _byte_map_base: 0x00007fc4d767c000

Marking Bits: (CMBitMap*) 0x00007fc4f406f100
 Bits: [0x00007fc4d6b5e000, 0x00007fc4da776000)

Polling page: 0x00007fc4fb046000

Metaspace:
Metaspace        used 87084K, committed 88960K, reserved 1179648K
 class space     used 9563K, committed 10368K, reserved 1048576K

Usage:
  Non-class:     75.70 MB used.
      Class:      9.34 MB used.
       Both:     85.04 MB used.

Virtual space:
  Non-class space:      128.00 MB reserved,      76.75 MB ( 60%) committed,  2 nodes.
      Class space:        1.00 GB reserved,      10.12 MB ( <1%) committed,  1 nodes.
             Both:        1.12 GB reserved,      86.88 MB (  8%) committed. 

Chunk freelists:
   Non-Class:  2.94 MB
       Class:  5.83 MB
        Both:  8.76 MB

MaxMetaspaceSize: unlimited
CompressedClassSpaceSize: 1.00 GB
Initial GC threshold: 21.00 MB
Current GC threshold: 99.31 MB
CDS: on
 - commit_granule_bytes: 65536.
 - commit_granule_words: 8192.
 - virtual_space_node_default_size: 8388608.
 - enlarge_chunks_in_place: 1.
UseCompressedClassPointers 1, UseCompactObjectHeaders 0
Narrow klass pointer bits 32, Max shift 3
Narrow klass base: 0x000000007e000000, Narrow klass shift: 0
Encoding Range: [0x000000007e000000 - 0x000000017e000000), (4294967296 bytes)
Klass Range:    [0x000000007e000000 - 0x00000000bf000000), (1090519040 bytes)
Klass ID Range:  [8 - 1090519033) (1090519025)
Protection zone: [0x000000007e000000 - 0x000000007e001000), (4096 bytes)


Internal statistics:

num_allocs_failed_limit: 16.
num_arena_births: 2944.
num_arena_deaths: 0.
num_vsnodes_births: 3.
num_vsnodes_deaths: 0.
num_space_committed: 1388.
num_space_uncommitted: 0.
num_chunks_returned_to_freelist: 16.
num_chunks_taken_from_freelist: 6329.
num_chunk_merges: 16.
num_chunk_splits: 4216.
num_chunks_enlarged: 2866.
num_inconsistent_stats: 0.

CodeHeap 'non-profiled nmethods': size=119168Kb used=7243Kb max_used=7243Kb free=111924Kb
 bounds [0x00007fc4e39a0000, 0x00007fc4e40c0000, 0x00007fc4eae00000]
CodeHeap 'profiled nmethods': size=119168Kb used=23932Kb max_used=23932Kb free=95235Kb
 bounds [0x00007fc4dbdff000, 0x00007fc4dd55f000, 0x00007fc4e325f000]
CodeHeap 'non-nmethods': size=7428Kb used=5769Kb max_used=6862Kb free=1658Kb
 bounds [0x00007fc4e325f000, 0x00007fc4e393f000, 0x00007fc4e39a0000]
CodeCache: size=245764Kb, used=36944Kb, max_used=38037Kb, free=208817Kb
 total_blobs=18162, nmethods=14641, adapters=3387, full_count=0
Compilation: enabled, stopped_count=0, restarted_count=0

Compilation events (20 events):
Event: 459.655 Thread 0x00007fc4f410fe50 15002       4       jdk.internal.util.ReferencedKeyMap::internKey (57 bytes)
Event: 459.669 Thread 0x00007fc4f410fe50 nmethod 15002 0x00007fc4e40b0288 code [0x00007fc4e40b0380, 0x00007fc4e40b1598]
Event: 459.681 Thread 0x00007fc4f410fe50 15014       4       java.lang.StringBuilder::append (8 bytes)
Event: 459.689 Thread 0x00007fc4f4111820 15015       3       kotlinx.coroutines.channels.BufferedChannel::closeOrCancelImpl (66 bytes)
Event: 459.689 Thread 0x00005559205ac780 15016       3       kotlinx.coroutines.channels.BufferedChannel::completeClose (42 bytes)
Event: 459.695 Thread 0x00007fc4f4111820 nmethod 15015 0x00007fc4dd558908 code [0x00007fc4dd558a00, 0x00007fc4dd559320]
Event: 459.695 Thread 0x00007fc4f4111820 15017       3       kotlinx.coroutines.internal.ConcurrentLinkedListKt::close (59 bytes)
Event: 459.695 Thread 0x00005559205ac780 nmethod 15016 0x00007fc4dd559388 code [0x00007fc4dd559480, 0x00007fc4dd559820]
Event: 459.695 Thread 0x00005559205ac780 15018       3       kotlinx.coroutines.channels.BufferedChannel::isClosedForSend (12 bytes)
Event: 459.695 Thread 0x00005559205ac780 nmethod 15018 0x00007fc4dd559888 code [0x00007fc4dd559980, 0x00007fc4dd559d98]
Event: 459.695 Thread 0x00005559205ac780 15019       3       kotlinx.coroutines.channels.BufferedChannel::onClosedIdempotent (1 bytes)
Event: 459.695 Thread 0x00005559205ac780 nmethod 15019 0x00007fc4dd559e08 code [0x00007fc4dd559f00, 0x00007fc4dd559ff0]
Event: 459.695 Thread 0x00005559205ac780 15020       3       kotlinx.coroutines.channels.BufferedChannel::completeCloseOrCancel (6 bytes)
Event: 459.695 Thread 0x00007fc4f4111820 nmethod 15017 0x00007fc4dd55a108 code [0x00007fc4dd55a200, 0x00007fc4dd55ab40]
Event: 459.695 Thread 0x00007fc4f4111820 15021       3       kotlinx.coroutines.channels.BufferedChannel::closeLinkedList (83 bytes)
Event: 459.696 Thread 0x00005559205ac780 nmethod 15020 0x00007fc4dd55ab88 code [0x00007fc4dd55ac80, 0x00007fc4dd55b180]
Event: 459.696 Thread 0x00005559205ac780 15022       1       kotlin.sequences.SequenceBuilderIterator::setNextStep (6 bytes)
Event: 459.696 Thread 0x00005559205ac780 nmethod 15022 0x00007fc4e40b1608 code [0x00007fc4e40b1700, 0x00007fc4e40b1800]
Event: 459.696 Thread 0x00007fc4f4111820 nmethod 15021 0x00007fc4dd55b208 code [0x00007fc4dd55b300, 0x00007fc4dd55c120]
Event: 459.697 Thread 0x00007fc4f410fe50 nmethod 15014 0x00007fc4e40b1908 code [0x00007fc4e40b1a00, 0x00007fc4e40b2048]

GC Heap Usage History (20 events):
Event: 3.220 {heap Before GC invocations=11 (full 0):
 garbage-first heap   total reserved 3938304K, committed 49152K, used 35388K [0x000000070fa00000, 0x0000000800000000)
  region size 2M, 12 eden (24M), 2 survivor (4M), 4 old (8M), 1 humongous (2M), 5 free (10M)
}
Event: 3.227 {heap After GC invocations=12 (full 0):
 garbage-first heap   total reserved 3938304K, committed 147456K, used 13924K [0x000000070fa00000, 0x0000000800000000)
  region size 2M, 0 eden (0M), 2 survivor (4M), 5 old (10M), 1 humongous (2M), 64 free (128M)
}
Event: 3.422 {heap Before GC invocations=12 (full 0):
 garbage-first heap   total reserved 3938304K, committed 147456K, used 30308K [0x000000070fa00000, 0x0000000800000000)
  region size 2M, 9 eden (18M), 2 survivor (4M), 5 old (10M), 1 humongous (2M), 55 free (110M)
}
Event: 3.428 {heap After GC invocations=13 (full 0):
 garbage-first heap   total reserved 3938304K, committed 147456K, used 16180K [0x000000070fa00000, 0x0000000800000000)
  region size 2M, 0 eden (0M), 3 survivor (6M), 5 old (10M), 1 humongous (2M), 63 free (126M)
}
Event: 4.259 {heap Before GC invocations=14 (full 0):
 garbage-first heap   total reserved 3938304K, committed 147456K, used 100148K [0x000000070fa00000, 0x0000000800000000)
  region size 2M, 40 eden (80M), 3 survivor (6M), 5 old (10M), 3 humongous (6M), 21 free (42M)
}
Event: 4.273 {heap After GC invocations=15 (full 0):
 garbage-first heap   total reserved 3938304K, committed 147456K, used 23789K [0x000000070fa00000, 0x0000000800000000)
  region size 2M, 0 eden (0M), 6 survivor (12M), 5 old (10M), 1 humongous (2M), 60 free (120M)
}
Event: 4.641 {heap Before GC invocations=15 (full 0):
 garbage-first heap   total reserved 3938304K, committed 147456K, used 62701K [0x000000070fa00000, 0x0000000800000000)
  region size 2M, 21 eden (42M), 6 survivor (12M), 5 old (10M), 1 humongous (2M), 39 free (78M)
}
Event: 4.657 {heap After GC invocations=16 (full 0):
 garbage-first heap   total reserved 3938304K, committed 147456K, used 26261K [0x000000070fa00000, 0x0000000800000000)
  region size 2M, 0 eden (0M), 2 survivor (4M), 11 old (22M), 1 humongous (2M), 58 free (116M)
}
Event: 4.683 {heap Before GC invocations=16 (full 0):
 garbage-first heap   total reserved 3938304K, committed 147456K, used 28309K [0x000000070fa00000, 0x0000000800000000)
  region size 2M, 2 eden (4M), 2 survivor (4M), 11 old (22M), 1 humongous (2M), 56 free (112M)
}
Event: 4.694 {heap After GC invocations=17 (full 0):
 garbage-first heap   total reserved 3938304K, committed 442368K, used 25779K [0x000000070fa00000, 0x0000000800000000)
  region size 2M, 0 eden (0M), 2 survivor (4M), 11 old (22M), 1 humongous (2M), 202 free (404M)
}
Event: 9.182 {heap Before GC invocations=18 (full 0):
 garbage-first heap   total reserved 3938304K, committed 442368K, used 283827K [0x000000070fa00000, 0x0000000800000000)
  region size 2M, 127 eden (254M), 2 survivor (4M), 11 old (22M), 1 humongous (2M), 75 free (150M)
}
Event: 9.202 {heap After GC invocations=19 (full 0):
 garbage-first heap   total reserved 3938304K, committed 442368K, used 40174K [0x000000070fa00000, 0x0000000800000000)
  region size 2M, 0 eden (0M), 9 survivor (18M), 11 old (22M), 1 humongous (2M), 195 free (390M)
}
Event: 26.926 {heap Before GC invocations=19 (full 0):
 garbage-first heap   total reserved 3938304K, committed 442368K, used 312558K [0x000000070fa00000, 0x0000000800000000)
  region size 2M, 120 eden (240M), 9 survivor (18M), 11 old (22M), 15 humongous (30M), 61 free (122M)
}
Event: 26.940 {heap After GC invocations=20 (full 0):
 garbage-first heap   total reserved 3938304K, committed 442368K, used 46514K [0x000000070fa00000, 0x0000000800000000)
  region size 2M, 0 eden (0M), 12 survivor (24M), 11 old (22M), 1 humongous (2M), 192 free (384M)
}
Event: 53.599 {heap Before GC invocations=20 (full 0):
 garbage-first heap   total reserved 3938304K, committed 442368K, used 292274K [0x000000070fa00000, 0x0000000800000000)
  region size 2M, 117 eden (234M), 12 survivor (24M), 11 old (22M), 5 humongous (10M), 71 free (142M)
}
Event: 53.606 {heap After GC invocations=21 (full 0):
 garbage-first heap   total reserved 3938304K, committed 442368K, used 46668K [0x000000070fa00000, 0x0000000800000000)
  region size 2M, 0 eden (0M), 4 survivor (8M), 18 old (36M), 1 humongous (2M), 193 free (386M)
}
Event: 119.763 {heap Before GC invocations=21 (full 0):
 garbage-first heap   total reserved 3938304K, committed 442368K, used 337484K [0x000000070fa00000, 0x0000000800000000)
  region size 2M, 125 eden (250M), 4 survivor (8M), 18 old (36M), 19 humongous (38M), 50 free (100M)
}
Event: 119.769 {heap After GC invocations=22 (full 0):
 garbage-first heap   total reserved 3938304K, committed 442368K, used 47171K [0x000000070fa00000, 0x0000000800000000)
  region size 2M, 0 eden (0M), 5 survivor (10M), 18 old (36M), 1 humongous (2M), 192 free (384M)
}
Event: 263.378 {heap Before GC invocations=22 (full 0):
 garbage-first heap   total reserved 3938304K, committed 442368K, used 303171K [0x000000070fa00000, 0x0000000800000000)
  region size 2M, 124 eden (248M), 5 survivor (10M), 18 old (36M), 3 humongous (6M), 66 free (132M)
}
Event: 263.384 {heap After GC invocations=23 (full 0):
 garbage-first heap   total reserved 3938304K, committed 442368K, used 48692K [0x000000070fa00000, 0x0000000800000000)
  region size 2M, 0 eden (0M), 5 survivor (10M), 18 old (36M), 1 humongous (2M), 192 free (384M)
}

Metaspace Usage History (20 events):
Event: 3.220 {metaspace Before GC invocations=11 (full 0):
 Metaspace       used 30038K, committed 30912K, reserved 1114112K
  class space    used 3092K, committed 3456K, reserved 1048576K
}
Event: 3.227 {metaspace After GC invocations=12 (full 0):
 Metaspace       used 30038K, committed 30912K, reserved 1114112K
  class space    used 3092K, committed 3456K, reserved 1048576K
}
Event: 3.422 {metaspace Before GC invocations=12 (full 0):
 Metaspace       used 35174K, committed 35968K, reserved 1114112K
  class space    used 3690K, committed 4032K, reserved 1048576K
}
Event: 3.428 {metaspace After GC invocations=13 (full 0):
 Metaspace       used 35174K, committed 35968K, reserved 1114112K
  class space    used 3690K, committed 4032K, reserved 1048576K
}
Event: 4.259 {metaspace Before GC invocations=14 (full 0):
 Metaspace       used 53770K, committed 54784K, reserved 1114112K
  class space    used 5873K, committed 6336K, reserved 1048576K
}
Event: 4.273 {metaspace After GC invocations=15 (full 0):
 Metaspace       used 53770K, committed 54784K, reserved 1114112K
  class space    used 5873K, committed 6336K, reserved 1048576K
}
Event: 4.641 {metaspace Before GC invocations=15 (full 0):
 Metaspace       used 59394K, committed 60480K, reserved 1114112K
  class space    used 6689K, committed 7168K, reserved 1048576K
}
Event: 4.657 {metaspace After GC invocations=16 (full 0):
 Metaspace       used 59394K, committed 60480K, reserved 1114112K
  class space    used 6689K, committed 7168K, reserved 1048576K
}
Event: 4.683 {metaspace Before GC invocations=16 (full 0):
 Metaspace       used 59688K, committed 60800K, reserved 1114112K
  class space    used 6739K, committed 7232K, reserved 1048576K
}
Event: 4.694 {metaspace After GC invocations=17 (full 0):
 Metaspace       used 59688K, committed 60800K, reserved 1114112K
  class space    used 6739K, committed 7232K, reserved 1048576K
}
Event: 9.182 {metaspace Before GC invocations=18 (full 0):
 Metaspace       used 76145K, committed 77568K, reserved 1179648K
  class space    used 8543K, committed 9152K, reserved 1048576K
}
Event: 9.202 {metaspace After GC invocations=19 (full 0):
 Metaspace       used 76145K, committed 77568K, reserved 1179648K
  class space    used 8543K, committed 9152K, reserved 1048576K
}
Event: 26.926 {metaspace Before GC invocations=19 (full 0):
 Metaspace       used 83697K, committed 85440K, reserved 1179648K
  class space    used 9259K, committed 9984K, reserved 1048576K
}
Event: 26.940 {metaspace After GC invocations=20 (full 0):
 Metaspace       used 83697K, committed 85440K, reserved 1179648K
  class space    used 9259K, committed 9984K, reserved 1048576K
}
Event: 53.599 {metaspace Before GC invocations=20 (full 0):
 Metaspace       used 85177K, committed 86976K, reserved 1179648K
  class space    used 9398K, committed 10112K, reserved 1048576K
}
Event: 53.606 {metaspace After GC invocations=21 (full 0):
 Metaspace       used 85177K, committed 86976K, reserved 1179648K
  class space    used 9398K, committed 10112K, reserved 1048576K
}
Event: 119.763 {metaspace Before GC invocations=21 (full 0):
 Metaspace       used 85689K, committed 87552K, reserved 1179648K
  class space    used 9426K, committed 10176K, reserved 1048576K
}
Event: 119.769 {metaspace After GC invocations=22 (full 0):
 Metaspace       used 85689K, committed 87552K, reserved 1179648K
  class space    used 9426K, committed 10176K, reserved 1048576K
}
Event: 263.378 {metaspace Before GC invocations=22 (full 0):
 Metaspace       used 86084K, committed 87936K, reserved 1179648K
  class space    used 9451K, committed 10240K, reserved 1048576K
}
Event: 263.384 {metaspace After GC invocations=23 (full 0):
 Metaspace       used 86084K, committed 87936K, reserved 1179648K
  class space    used 9451K, committed 10240K, reserved 1048576K
}

Dll operation events (20 events):
Event: 1.414 Attempting to load shared library /usr/lib/jvm/java-26-openjdk/lib/libsyslookup.so
Event: 1.414 Loaded shared library /usr/lib/jvm/java-26-openjdk/lib/libsyslookup.so
Event: 2.664 Attempting to load shared library libwayland-client.so.0
Event: 2.664 Loaded shared library libwayland-client.so.0
Event: 2.720 Attempting to load shared library libglib-2.0.so.0
Event: 2.720 Loaded shared library libglib-2.0.so.0
Event: 2.739 Attempting to load shared library libwpe-1.0.so.1
Event: 2.743 Loaded shared library libwpe-1.0.so.1
Event: 2.743 Attempting to load shared library libWPEBackend-fdo-1.0.so.1
Event: 2.746 Loaded shared library libWPEBackend-fdo-1.0.so.1
Event: 2.774 Attempting to load shared library libWPEWebKit-2.0.so.1
Event: 2.811 Loaded shared library libWPEWebKit-2.0.so.1
Event: 2.811 Attempting to load shared library libgobject-2.0.so.0
Event: 2.811 Loaded shared library libgobject-2.0.so.0
Event: 3.549 Attempting to load shared library libwayland-server.so.0
Event: 3.549 Loaded shared library libwayland-server.so.0
Event: 3.609 Attempting to load shared library /usr/lib/jvm/java-26-openjdk/lib/libextnet.so
Event: 3.610 Loaded shared library /usr/lib/jvm/java-26-openjdk/lib/libextnet.so
Event: 4.127 Attempting to load shared library /usr/lib/jvm/java-26-openjdk/lib/libprefs.so
Event: 4.128 Loaded shared library /usr/lib/jvm/java-26-openjdk/lib/libprefs.so

Deoptimization events (20 events):
Event: 459.576 Thread 0x00007fc4a81b4b50 Uncommon trap: trap_request=0xffffffde fr.pc=0x00007fc4e40a9c84 relative=0x0000000000000a84
Event: 459.576 Thread 0x00007fc4a81b4b50 Uncommon trap: reason=class_check action=maybe_recompile pc=0x00007fc4e40a9c84 method=java.util.TreeMap.getEntry(Ljava/lang/Object;)Ljava/util/TreeMap$Entry; @ 19 c2
Event: 459.577 Thread 0x00007fc4a81b4b50 DEOPT PACKING pc=0x00007fc4e40a9c84 sp=0x00007fc4c70f9270
Event: 459.577 Thread 0x00007fc4a81b4b50 DEOPT UNPACKING pc=0x00007fc4e3382c79 sp=0x00007fc4c70f9248 mode 2
Event: 459.680 Thread 0x00007fc4f5421520 Uncommon trap: trap_request=0xffffff95 fr.pc=0x00007fc4e3f549ec relative=0x000000000000276c
Event: 459.680 Thread 0x00007fc4f5421520 Uncommon trap: reason=unreached action=reinterpret pc=0x00007fc4e3f549ec method=java.awt.event.InvocationEvent.dispatch()V @ 60 c2
Event: 459.680 Thread 0x00007fc4f5421520 DEOPT PACKING pc=0x00007fc4e3f549ec sp=0x00007fc47abe0760
Event: 459.680 Thread 0x00007fc4f5421520 DEOPT UNPACKING pc=0x00007fc4e3382c79 sp=0x00007fc47abe05e8 mode 2
Event: 459.684 Thread 0x00007fc4f693cac0 Uncommon trap: trap_request=0xffffff45 fr.pc=0x00007fc4e3e8cc74 relative=0x0000000000000074
Event: 459.684 Thread 0x00007fc4f693cac0 Uncommon trap: reason=unstable_if action=reinterpret pc=0x00007fc4e3e8cc74 method=jdk.internal.foreign.AbstractMemorySegmentImpl.equals(Ljava/lang/Object;)Z @ 32 c2
Event: 459.685 Thread 0x00007fc4f693cac0 DEOPT PACKING pc=0x00007fc4e3e8cc74 sp=0x00007fc3ef1f6750
Event: 459.685 Thread 0x00007fc4f693cac0 DEOPT UNPACKING pc=0x00007fc4e3382c79 sp=0x00007fc3ef1f6708 mode 2
Event: 459.689 Thread 0x00007fc4a028cf10 Uncommon trap: trap_request=0xffffff45 fr.pc=0x00007fc4e3db3e18 relative=0x0000000000000218
Event: 459.689 Thread 0x00007fc4ac0f6630 Uncommon trap: trap_request=0xffffffc6 fr.pc=0x00007fc4e3f05b84 relative=0x0000000000000184
Event: 459.693 Thread 0x00007fc4a028cf10 Uncommon trap: reason=unstable_if action=reinterpret pc=0x00007fc4e3db3e18 method=kotlinx.coroutines.scheduling.CoroutineScheduler.parkedWorkersStackNextIndex(Lkotlinx/coroutines/scheduling/CoroutineScheduler$Worker;)I @ 35 c2
Event: 459.693 Thread 0x00007fc4ac0f6630 Uncommon trap: reason=bimorphic_or_optimized_type_check action=maybe_recompile pc=0x00007fc4e3f05b84 method=kotlin.collections.CollectionsKt___CollectionsKt$asSequence$$inlined$Sequence$1.iterator()Ljava/util/Iterator; @ 6 c2
Event: 459.693 Thread 0x00007fc4a028cf10 DEOPT PACKING pc=0x00007fc4e3db3e18 sp=0x00007fc3efd96700
Event: 459.693 Thread 0x00007fc4ac0f6630 DEOPT PACKING pc=0x00007fc4e3f05b84 sp=0x00007fc3f25f33c0
Event: 459.693 Thread 0x00007fc4ac0f6630 DEOPT UNPACKING pc=0x00007fc4e3382c79 sp=0x00007fc3f25f3378 mode 2
Event: 459.693 Thread 0x00007fc4a028cf10 DEOPT UNPACKING pc=0x00007fc4e3382c79 sp=0x00007fc3efd96600 mode 2

Classes loaded (20 events):
Event: 459.536 Loading class java/util/concurrent/CompletableFuture$UniCompletion done
Event: 459.536 Loading class java/util/concurrent/CompletableFuture$UniCompose done
Event: 459.537 Loading class java/util/concurrent/CompletableFuture$UniComposeExceptionally
Event: 459.537 Loading class java/util/concurrent/CompletableFuture$UniComposeExceptionally done
Event: 459.538 Loading class java/util/concurrent/CompletableFuture$AsyncSupply
Event: 459.538 Loading class java/util/concurrent/CompletableFuture$AsyncSupply done
Event: 459.569 Loading class java/util/function/LongBinaryOperator
Event: 459.569 Loading class java/util/function/LongBinaryOperator done
Event: 459.570 Loading class java/util/concurrent/CompletableFuture$UniHandle
Event: 459.570 Loading class java/util/concurrent/CompletableFuture$UniHandle done
Event: 459.571 Loading class java/util/concurrent/CompletableFuture$UniRelay
Event: 459.572 Loading class java/util/concurrent/CompletableFuture$UniRelay done
Event: 459.572 Loading class java/util/concurrent/CompletableFuture$UniWhenComplete
Event: 459.572 Loading class java/util/concurrent/CompletableFuture$UniWhenComplete done
Event: 459.573 Loading class java/util/concurrent/CompletableFuture$Signaller
Event: 459.573 Loading class java/util/concurrent/CompletableFuture$Signaller done
Event: 459.680 Loading class java/lang/Throwable$WrappedPrintStream
Event: 459.681 Loading class java/lang/Throwable$PrintStreamOrWriter
Event: 459.681 Loading class java/lang/Throwable$PrintStreamOrWriter done
Event: 459.681 Loading class java/lang/Throwable$WrappedPrintStream done

Classes unloaded (0 events):
No events

Classes redefined (0 events):
No events

Internal exceptions (20 events):
Event: 445.567 Thread 0x00007fc4f5421520 Exception <a 'java/io/IOException'{0x000000071f220520}> (0x000000071f220520) 
thrown [/usr/src/debug/java-openjdk/jdk26u-jdk-26.0.2.1-1/src/hotspot/share/prims/jni.cpp, line 514]
Event: 446.569 Thread 0x00007fc4f5421520 Exception <a 'java/io/IOException'{0x000000071f237b78}> (0x000000071f237b78) 
thrown [/usr/src/debug/java-openjdk/jdk26u-jdk-26.0.2.1-1/src/hotspot/share/prims/jni.cpp, line 514]
Event: 447.571 Thread 0x00007fc4f5421520 Exception <a 'java/io/IOException'{0x000000071f254810}> (0x000000071f254810) 
thrown [/usr/src/debug/java-openjdk/jdk26u-jdk-26.0.2.1-1/src/hotspot/share/prims/jni.cpp, line 514]
Event: 448.571 Thread 0x00007fc4f5421520 Exception <a 'java/io/IOException'{0x000000071f26ad50}> (0x000000071f26ad50) 
thrown [/usr/src/debug/java-openjdk/jdk26u-jdk-26.0.2.1-1/src/hotspot/share/prims/jni.cpp, line 514]
Event: 449.575 Thread 0x00007fc4f5421520 Exception <a 'java/io/IOException'{0x000000071f282230}> (0x000000071f282230) 
thrown [/usr/src/debug/java-openjdk/jdk26u-jdk-26.0.2.1-1/src/hotspot/share/prims/jni.cpp, line 514]
Event: 450.576 Thread 0x00007fc4f5421520 Exception <a 'java/io/IOException'{0x000000071f29ee40}> (0x000000071f29ee40) 
thrown [/usr/src/debug/java-openjdk/jdk26u-jdk-26.0.2.1-1/src/hotspot/share/prims/jni.cpp, line 514]
Event: 451.580 Thread 0x00007fc4f5421520 Exception <a 'java/io/IOException'{0x000000071f2b6a70}> (0x000000071f2b6a70) 
thrown [/usr/src/debug/java-openjdk/jdk26u-jdk-26.0.2.1-1/src/hotspot/share/prims/jni.cpp, line 514]
Event: 452.581 Thread 0x00007fc4f5421520 Exception <a 'java/io/IOException'{0x000000071f2ce078}> (0x000000071f2ce078) 
thrown [/usr/src/debug/java-openjdk/jdk26u-jdk-26.0.2.1-1/src/hotspot/share/prims/jni.cpp, line 514]
Event: 453.581 Thread 0x00007fc4f5421520 Exception <a 'java/io/IOException'{0x000000071f2e41b8}> (0x000000071f2e41b8) 
thrown [/usr/src/debug/java-openjdk/jdk26u-jdk-26.0.2.1-1/src/hotspot/share/prims/jni.cpp, line 514]
Event: 454.583 Thread 0x00007fc4f5421520 Exception <a 'java/io/IOException'{0x000000071f2f9c10}> (0x000000071f2f9c10) 
thrown [/usr/src/debug/java-openjdk/jdk26u-jdk-26.0.2.1-1/src/hotspot/share/prims/jni.cpp, line 514]
Event: 455.586 Thread 0x00007fc4f5421520 Exception <a 'java/io/IOException'{0x000000071e817e90}> (0x000000071e817e90) 
thrown [/usr/src/debug/java-openjdk/jdk26u-jdk-26.0.2.1-1/src/hotspot/share/prims/jni.cpp, line 514]
Event: 456.588 Thread 0x00007fc4f5421520 Exception <a 'java/io/IOException'{0x000000071e82fc18}> (0x000000071e82fc18) 
thrown [/usr/src/debug/java-openjdk/jdk26u-jdk-26.0.2.1-1/src/hotspot/share/prims/jni.cpp, line 514]
Event: 457.606 Thread 0x00007fc4f5421520 Exception <a 'java/io/IOException'{0x000000071e84faa8}> (0x000000071e84faa8) 
thrown [/usr/src/debug/java-openjdk/jdk26u-jdk-26.0.2.1-1/src/hotspot/share/prims/jni.cpp, line 514]
Event: 458.610 Thread 0x00007fc4f5421520 Exception <a 'java/io/IOException'{0x000000071e882b98}> (0x000000071e882b98) 
thrown [/usr/src/debug/java-openjdk/jdk26u-jdk-26.0.2.1-1/src/hotspot/share/prims/jni.cpp, line 514]
Event: 459.521 Thread 0x00007fc4f5421520 Exception <a 'sun/nio/fs/UnixException'{0x000000071e8cb460}> (0x000000071e8cb460) 
thrown [/usr/src/debug/java-openjdk/jdk26u-jdk-26.0.2.1-1/src/hotspot/share/prims/jni.cpp, line 514]
Event: 459.552 Thread 0x00007fc4a80b2030 Exception <a 'java/lang/IncompatibleClassChangeError'{0x000000071e030f00}: Found class java.lang.Object, but interface was expected> (0x000000071e030f00) 
thrown [/usr/src/debug/java-openjdk/jdk26u-jdk-26.0.2.1-1/src/hotspot/share/interpreter/linkResolver.cpp, line 871]
Event: 459.572 Thread 0x00007fc4f67bc440 Exception <a 'java/lang/NoSuchMethodError'{0x000000071e151640}: 'void java.lang.invoke.DirectMethodHandle$Holder.invokeStatic(java.lang.Object, java.lang.Object, int)'> (0x000000071e151640) 
thrown [/usr/src/debug/java-openjdk/jdk26u-jdk-26.0.2.1-1/src/hotspot/share/interpreter/linkResolver.cpp, line 803]
Event: 459.573 Thread 0x00007fc4f67bc440 Exception <a 'java/net/ConnectException'{0x000000071e193ba8}> (0x000000071e193ba8) 
thrown [/usr/src/debug/java-openjdk/jdk26u-jdk-26.0.2.1-1/src/hotspot/share/prims/jni.cpp, line 514]
Event: 459.576 Thread 0x00007fc4f67bc440 Exception <a 'java/net/ConnectException'{0x000000071e1d9df8}> (0x000000071e1d9df8) 
thrown [/usr/src/debug/java-openjdk/jdk26u-jdk-26.0.2.1-1/src/hotspot/share/prims/jni.cpp, line 514]
Event: 459.694 Thread 0x00007fc4ac0f6630 Exception <a 'sun/nio/fs/UnixException'{0x000000071e2590c0}> (0x000000071e2590c0) 
thrown [/usr/src/debug/java-openjdk/jdk26u-jdk-26.0.2.1-1/src/hotspot/share/prims/jni.cpp, line 514]

VM Operations (20 events):
Event: 240.212 Executing non-safepoint VM operation: HandshakeAllThreads (DeflationHandshakeClosure)
Event: 240.212 Executing non-safepoint VM operation: HandshakeAllThreads (DeflationHandshakeClosure) done
Event: 240.212 Executing non-safepoint VM operation: RendezvousGCThreads
Event: 240.212 Executing non-safepoint VM operation: RendezvousGCThreads done
Event: 263.378 Executing safepoint VM operation: G1CollectForAllocation (G1 Evacuation Pause)
Event: 263.384 Executing safepoint VM operation: G1CollectForAllocation (G1 Evacuation Pause) done
Event: 300.242 Executing non-safepoint VM operation: HandshakeAllThreads (DeflationHandshakeClosure)
Event: 300.242 Executing non-safepoint VM operation: HandshakeAllThreads (DeflationHandshakeClosure) done
Event: 300.242 Executing non-safepoint VM operation: RendezvousGCThreads
Event: 300.242 Executing non-safepoint VM operation: RendezvousGCThreads done
Event: 360.274 Executing non-safepoint VM operation: HandshakeAllThreads (DeflationHandshakeClosure)
Event: 360.274 Executing non-safepoint VM operation: HandshakeAllThreads (DeflationHandshakeClosure) done
Event: 360.275 Executing non-safepoint VM operation: RendezvousGCThreads
Event: 360.275 Executing non-safepoint VM operation: RendezvousGCThreads done
Event: 420.308 Executing non-safepoint VM operation: HandshakeAllThreads (DeflationHandshakeClosure)
Event: 420.309 Executing non-safepoint VM operation: HandshakeAllThreads (DeflationHandshakeClosure) done
Event: 420.309 Executing non-safepoint VM operation: RendezvousGCThreads
Event: 420.309 Executing non-safepoint VM operation: RendezvousGCThreads done
Event: 459.750 Executing non-safepoint VM operation: HandshakeAllThreads (CloseScopedMemory)
Event: 459.751 Executing non-safepoint VM operation: HandshakeAllThreads (CloseScopedMemory) done

Memory protections (20 events):
Event: 27.241 Protecting memory [0x00007fc449cb5000,0x00007fc449cb9000] with protection modes 0
Event: 29.155 Protecting memory [0x00007fc4c6cf8000,0x00007fc4c6cfc000] with protection modes 0
Event: 29.155 Protecting memory [0x00007fc3ee446000,0x00007fc3ee44a000] with protection modes 0
Event: 30.613 Protecting memory [0x00007fc47a888000,0x00007fc47a88c000] with protection modes 0
Event: 34.171 Protecting memory [0x00007fc47a888000,0x00007fc47a88c000] with protection modes 0
Event: 37.530 Protecting memory [0x00007fc47a888000,0x00007fc47a88c000] with protection modes 0
Event: 37.530 Protecting memory [0x00007fc4c6ffb000,0x00007fc4c6fff000] with protection modes 0
Event: 44.481 Protecting memory [0x00007fc47a888000,0x00007fc47a88c000] with protection modes 0
Event: 90.221 Protecting memory [0x00007fc3eff9b000,0x00007fc3eff9f000] with protection modes 0
Event: 93.235 Protecting memory [0x00007fc3efd99000,0x00007fc3efd9d000] with protection modes 0
Event: 120.056 Protecting memory [0x00007fc3ef5fd000,0x00007fc3ef601000] with protection modes 0
Event: 220.998 Protecting memory [0x00007fc3eff9b000,0x00007fc3eff9f000] with protection modes 0
Event: 246.485 Protecting memory [0x00007fc3eff9b000,0x00007fc3eff9f000] with protection modes 0
Event: 246.485 Protecting memory [0x00007fc4c6ffb000,0x00007fc4c6fff000] with protection modes 0
Event: 246.486 Protecting memory [0x00007fc4c6cf8000,0x00007fc4c6cfc000] with protection modes 0
Event: 246.513 Protecting memory [0x00007fc47a888000,0x00007fc47a88c000] with protection modes 0
Event: 246.514 Protecting memory [0x00007fc4760fe000,0x00007fc476102000] with protection modes 0
Event: 459.517 Protecting memory [0x00007fc3ef0f8000,0x00007fc3ef0fc000] with protection modes 0
Event: 459.524 Protecting memory [0x00007fc3efe9a000,0x00007fc3efe9e000] with protection modes 0
Event: 459.574 Protecting memory [0x00007fc4c6ffb000,0x00007fc4c6fff000] with protection modes 0

Nmethod flushes (20 events):
Event: 4.723 Thread 0x00007fc4f40ff830 flushing  nmethod 0x00007fc4dbeaaf08
Event: 4.723 Thread 0x00007fc4f40ff830 flushing  nmethod 0x00007fc4dbecf788
Event: 4.723 Thread 0x00007fc4f40ff830 flushing  nmethod 0x00007fc4dbed1188
Event: 4.723 Thread 0x00007fc4f40ff830 flushing  nmethod 0x00007fc4dbed1f08
Event: 4.723 Thread 0x00007fc4f40ff830 flushing  nmethod 0x00007fc4dbed3408
Event: 4.723 Thread 0x00007fc4f40ff830 flushing  nmethod 0x00007fc4dbed3f88
Event: 4.723 Thread 0x00007fc4f40ff830 flushing  nmethod 0x00007fc4dbed4508
Event: 4.723 Thread 0x00007fc4f40ff830 flushing  nmethod 0x00007fc4dbed4a88
Event: 4.723 Thread 0x00007fc4f40ff830 flushing  nmethod 0x00007fc4dbed4d88
Event: 4.723 Thread 0x00007fc4f40ff830 flushing  nmethod 0x00007fc4dbed5288
Event: 4.723 Thread 0x00007fc4f40ff830 flushing  nmethod 0x00007fc4dbf36308
Event: 4.723 Thread 0x00007fc4f40ff830 flushing  nmethod 0x00007fc4dc028888
Event: 4.723 Thread 0x00007fc4f40ff830 flushing  nmethod 0x00007fc4dc19b488
Event: 4.723 Thread 0x00007fc4f40ff830 flushing  nmethod 0x00007fc4dc22d408
Event: 4.723 Thread 0x00007fc4f40ff830 flushing  nmethod 0x00007fc4dc22ed08
Event: 4.723 Thread 0x00007fc4f40ff830 flushing  nmethod 0x00007fc4dc230e88
Event: 4.723 Thread 0x00007fc4f40ff830 flushing  nmethod 0x00007fc4dc268388
Event: 4.723 Thread 0x00007fc4f40ff830 flushing  nmethod 0x00007fc4dc268688
Event: 4.723 Thread 0x00007fc4f40ff830 flushing  nmethod 0x00007fc4dc268988
Event: 4.723 Thread 0x00007fc4f40ff830 flushing  nmethod 0x00007fc4dc268d08

Events (20 events):
Event: 246.513 Thread 0x00007fc4ac0f6630 Thread added: 0x00007fc4d06214f0
Event: 246.514 Thread 0x00007fc4a801c630 Thread added: 0x00005559204b6500
Event: 262.546 Thread 0x00007fc4c01b13b0 Thread exited: 0x00007fc4c01b13b0
Event: 306.513 Thread 0x000055592054b6b0 Thread exited: 0x000055592054b6b0
Event: 306.513 Thread 0x00007fc4a80ceee0 Thread exited: 0x00007fc4a80ceee0
Event: 306.513 Thread 0x00007fc4c8007620 Thread exited: 0x00007fc4c8007620
Event: 306.513 Thread 0x000055590a0345a0 Thread exited: 0x000055590a0345a0
Event: 306.513 Thread 0x00007fc4c800d270 Thread exited: 0x00007fc4c800d270
Event: 381.597 Thread 0x00007fc49c965e40 Thread exited: 0x00007fc49c965e40
Event: 381.779 Thread 0x00007fc4bc00af50 Thread exited: 0x00007fc4bc00af50
Event: 382.153 Thread 0x00007fc4b0010a40 Thread exited: 0x00007fc4b0010a40
Event: 452.960 Thread 0x00007fc4bc009280 Thread exited: 0x00007fc4bc009280
Event: 452.960 Thread 0x00007fc4a02ac140 Thread exited: 0x00007fc4a02ac140
Event: 459.517 Thread 0x00007fc4f401ff40 Thread added: 0x00007fc4f693cac0
Event: 459.524 Thread 0x00007fc4f4111820 Thread added: 0x00005559205ac780
Event: 459.529 Thread 0x00007fc4f5a39c10 Thread exited: 0x00007fc4f5a39c10
Event: 459.553 Thread 0x00007fc4942aefa0 Thread exited: 0x00007fc4942aefa0
Event: 459.574 Thread 0x00007fc4f67bc440 Thread added: 0x00007fc4a81b4b50
Event: 459.684 Thread 0x00007fc4f58aab00 Thread exited: 0x00007fc4f58aab00
Event: 459.752 Thread 0x00007fc4f693cac0 Thread exited: 0x00007fc4f693cac0


Dynamic libraries:
40bec000-40bee000 r-xs 00000000 00:01 609071                             /memfd:/.glXXXXXX (deleted)
40e9a000-40f46000 rw-p 00000000 00:00 0 
7e000000-7e001000 ---p 00000000 00:00 0 
7e001000-7eda7000 rw-p 00001000 103:02 7880813                           /usr/lib/jvm/java-26-openjdk/lib/server/classes.jsa
7eda7000-7f000000 ---p 00000000 00:00 0 
7f000000-7f040000 rw-p 00000000 00:00 0 
7f040000-7f0c0000 rw-p 00000000 00:00 0 
7f0c0000-7f100000 rw-p 00000000 00:00 0 
7f100000-7f2c0000 rw-p 00000000 00:00 0 
7f2c0000-7f300000 rw-p 00000000 00:00 0 
7f300000-7f440000 rw-p 00000000 00:00 0 
7f440000-7f480000 rw-p 00000000 00:00 0 
7f480000-7f4e0000 rw-p 00000000 00:00 0 
7f4e0000-7f540000 rw-p 00000000 00:00 0 
7f540000-7f580000 rw-p 00000000 00:00 0 
7f580000-7f8c0000 rw-p 00000000 00:00 0 
7f8c0000-7f8f0000 rw-p 00000000 00:00 0 
7f8f0000-7f900000 ---p 00000000 00:00 0 
7f900000-7fa30000 rw-p 00000000 00:00 0 
7fa30000-bf000000 ---p 00000000 00:00 0 
200000000-300200000 ---p 00000000 00:00 0 
70fa00000-72a400000 rw-p 00000000 00:00 0 
72a400000-7ffa00000 ---p 00000000 00:00 0 
7ffa00000-7ffe00000 rw-p 00000000 00:00 0 
7ffe00000-7fff25000 rw-p 00ddd000 103:02 7880813                         /usr/lib/jvm/java-26-openjdk/lib/server/classes.jsa
7fff25000-800000000 rw-p 00000000 00:00 0 
5558e043b000-5558e043c000 r--p 00000000 103:02 7876111                   /usr/lib/jvm/java-26-openjdk/bin/java
5558e043c000-5558e043d000 r-xp 00001000 103:02 7876111                   /usr/lib/jvm/java-26-openjdk/bin/java
5558e043d000-5558e043e000 r--p 00002000 103:02 7876111                   /usr/lib/jvm/java-26-openjdk/bin/java
5558e043e000-5558e043f000 r--p 00002000 103:02 7876111                   /usr/lib/jvm/java-26-openjdk/bin/java
5558e043f000-5558e0440000 rw-p 00003000 103:02 7876111                   /usr/lib/jvm/java-26-openjdk/bin/java
555909617000-55592223c000 rw-p 00000000 00:00 0                          [heap]
7fb000000000-7fb019000000 rw-p 00000000 00:00 0 
7fb019000000-7fb019400000 rw-p 00000000 00:00 0 
7fb019400000-7fbfebb34000 rw-p 00000000 00:00 0 
7fbfebb34000-7fc000000000 ---p 00000000 00:00 0 
7fc200000000-7fc300000000 rw-p 00000000 00:00 0 
7fc3dd600000-7fc3dd956000 rw-s 00000000 00:01 586599                     /memfd:mesa-shared (deleted)
7fc3e4fff000-7fc3e5800000 rw-p 00000000 00:00 0 
7fc3e5b5d000-7fc3e5c00000 rw-p 00000000 00:00 0 
7fc3e5f76000-7fc3e6018000 rw-p 00000000 00:00 0 
7fc3e62f8000-7fc3e72fa000 rw-p 00000000 00:00 0 
7fc3e7afb000-7fc3e7afc000 rw-p 00000000 00:00 0 
7fc3e7afc000-7fc3e7b00000 ---p 00000000 00:00 0 
7fc3e7b00000-7fc3e7bfc000 rw-p 00000000 00:00 0 
7fc3e7cfd000-7fc3e7cfe000 rw-p 00000000 00:00 0 
7fc3e7cfe000-7fc3e7d02000 ---p 00000000 00:00 0 
7fc3e7d02000-7fc3e7dff000 rw-p 00000000 00:00 0 
7fc3e7dff000-7fc3e7e03000 ---p 00000000 00:00 0 
7fc3e7e03000-7fc3e7f00000 rw-p 00000000 00:00 0 
7fc3e7f00000-7fc3e7f04000 ---p 00000000 00:00 0 
7fc3e7f04000-7fc3e8000000 rw-p 00000000 00:00 0 
7fc3e8000000-7fc3e8100000 rw-p 00000000 00:00 0 
7fc3e8100000-7fc3e8200000 rw-p 00000000 00:00 0 
7fc3e8200000-7fc3e8ab0000 rw-p 00000000 00:00 0 
7fc3e8ab0000-7fc3e8b00000 ---p 00000000 00:00 0 
7fc3e8b00000-7fc3e8d10000 rw-p 00000000 00:00 0 
7fc3e8d10000-7fc3ec000000 ---p 00000000 00:00 0 
7fc3ec098000-7fc3ec099000 rw-p 00000000 00:00 0 
7fc3ec099000-7fc3ec09d000 ---p 00000000 00:00 0 
7fc3ec09d000-7fc3ec19a000 rw-p 00000000 00:00 0 
7fc3ec19a000-7fc3ec19e000 ---p 00000000 00:00 0 
7fc3ec19e000-7fc3ec29b000 rw-p 00000000 00:00 0 
7fc3ec29b000-7fc3ec29f000 ---p 00000000 00:00 0 
7fc3ec29f000-7fc3ec39c000 rw-p 00000000 00:00 0 
7fc3ec39c000-7fc3ec3a0000 ---p 00000000 00:00 0 
7fc3ec3a0000-7fc3ec49d000 rw-p 00000000 00:00 0 
7fc3ec49d000-7fc3ec4a1000 ---p 00000000 00:00 0 
7fc3ec4a1000-7fc3ec59d000 rw-p 00000000 00:00 0 
7fc3ec69e000-7fc3ec69f000 rw-p 00000000 00:00 0 
7fc3ec69f000-7fc3ec6a3000 ---p 00000000 00:00 0 
7fc3ec6a3000-7fc3ec7a0000 rw-p 00000000 00:00 0 
7fc3ec7a0000-7fc3ec7a4000 ---p 00000000 00:00 0 
7fc3ec7a4000-7fc3ec8a0000 rw-p 00000000 00:00 0 
7fc3eca00000-7fc3ed42e000 r--p 00000000 103:02 5649983                   /usr/share/fonts/noto/NotoColorEmoji.ttf
7fc3ed4de000-7fc3ed55e000 rw-p 00000000 00:00 0 
7fc3ed55e000-7fc3ed600000 rw-p 00000000 00:00 0 
7fc3ed600000-7fc3ee02e000 r--p 00000000 103:02 5649983                   /usr/share/fonts/noto/NotoColorEmoji.ttf
7fc3ee0a0000-7fc3ee144000 r--p 00000000 103:02 5652750                   /usr/share/fonts/noto/NotoSansSymbols2-Regular.ttf
7fc3ee245000-7fc3ee445000 rw-s 00000000 00:07 1110                       /dev/nvidiactl
7fc3ee546000-7fc3ee946000 rw-s 00000000 00:07 1110                       /dev/nvidiactl
7fc3ee946000-7fc3eea00000 r--p 00000000 103:02 5131297                   /usr/share/fonts/TTF/DejaVuSans.ttf
7fc3eebeb000-7fc3eec0e000 rw-p 00000000 00:00 0 
7fc3eec0e000-7fc3eecb6000 rw-p 00000000 00:00 0 
7fc3eecb6000-7fc3eed59000 rw-p 00000000 00:00 0 
7fc3eed59000-7fc3eedf4000 r--p 00000000 103:02 5641617                   /usr/share/fonts/noto/NotoSans-Bold.ttf
7fc3ef0f7000-7fc3ef0f8000 rw-p 00000000 00:00 0 
7fc3ef0f8000-7fc3ef0fc000 ---p 00000000 00:00 0 
7fc3ef0fc000-7fc3ef1f9000 rw-p 00000000 00:00 0 
7fc3ef1f9000-7fc3ef1fd000 ---p 00000000 00:00 0 
7fc3ef1fd000-7fc3ef2f9000 rw-p 00000000 00:00 0 
7fc3ef4fb000-7fc3ef4fc000 rw-p 00000000 00:00 0 
7fc3ef4fc000-7fc3ef500000 ---p 00000000 00:00 0 
7fc3ef500000-7fc3ef5fc000 rw-p 00000000 00:00 0 
7fc3efa00000-7fc3efa98000 r--p 00000000 103:02 5641624                   /usr/share/fonts/noto/NotoSans-Regular.ttf
7fc3efa98000-7fc3efb30000 r--p 00000000 103:02 5641622                   /usr/share/fonts/noto/NotoSans-Medium.ttf
7fc3efb30000-7fc3efb96000 r--p 00000000 103:02 5013908                   /usr/share/fonts/liberation/LiberationSans-Bold.ttf
7fc3efc97000-7fc3efc98000 rw-p 00000000 00:00 0 
7fc3efc98000-7fc3efc9c000 ---p 00000000 00:00 0 
7fc3efc9c000-7fc3efd98000 rw-p 00000000 00:00 0 
7fc3efe99000-7fc3efe9a000 rw-p 00000000 00:00 0 
7fc3efe9a000-7fc3efe9e000 ---p 00000000 00:00 0 
7fc3efe9e000-7fc3eff9b000 rw-p 00000000 00:00 0 
7fc3eff9b000-7fc3eff9f000 ---p 00000000 00:00 0 
7fc3eff9f000-7fc3f009b000 rw-p 00000000 00:00 0 
7fc3f039e000-7fc3f039f000 rw-p 00000000 00:00 0 
7fc3f039f000-7fc3f03a3000 ---p 00000000 00:00 0 
7fc3f03a3000-7fc3f049f000 rw-p 00000000 00:00 0 
7fc3f06a1000-7fc3f0aa1000 rw-s 00000000 00:07 1110                       /dev/nvidiactl
7fc3f0aa1000-7fc3f0aa4000 r--p 00000000 103:02 4720955                   /usr/lib/libnss_resolve.so.2
7fc3f0aa4000-7fc3f0ad7000 r-xp 00003000 103:02 4720955                   /usr/lib/libnss_resolve.so.2
7fc3f0ad7000-7fc3f0aef000 r--p 00036000 103:02 4720955                   /usr/lib/libnss_resolve.so.2
7fc3f0aef000-7fc3f0af6000 r--p 0004e000 103:02 4720955                   /usr/lib/libnss_resolve.so.2
7fc3f0af6000-7fc3f0af7000 rw-p 00055000 103:02 4720955                   /usr/lib/libnss_resolve.so.2
7fc3f0af7000-7fc3f0afb000 r--p 00000000 103:02 4720953                   /usr/lib/libnss_mymachines.so.2
7fc3f0afb000-7fc3f0b4c000 r-xp 00004000 103:02 4720953                   /usr/lib/libnss_mymachines.so.2
7fc3f0b4c000-7fc3f0b66000 r--p 00055000 103:02 4720953                   /usr/lib/libnss_mymachines.so.2
7fc3f0b66000-7fc3f0b69000 r--p 0006f000 103:02 4720953                   /usr/lib/libnss_mymachines.so.2
7fc3f0b69000-7fc3f0b6a000 rw-p 00072000 103:02 4720953                   /usr/lib/libnss_mymachines.so.2
7fc3f0b6a000-7fc3f0c6a000 rw-s 00000000 00:07 1110                       /dev/nvidiactl
7fc3f0c6a000-7fc3f0c7d000 rw-s 00000000 00:07 1110                       /dev/nvidiactl
7fc3f0c7d000-7fc3f0cbd000 rw-s 00000000 00:07 1110                       /dev/nvidiactl
7fc3f0cbd000-7fc3f0cfd000 rw-s 00000000 00:07 1110                       /dev/nvidiactl
7fc3f0cfd000-7fc3f14fe000 rw-p 00000000 00:00 0 
7fc3f14fe000-7fc3f16fe000 rw-s 00000000 00:07 1112                       /dev/nvidia0
7fc3f16fe000-7fc3f18fe000 rw-s 00000000 00:07 1110                       /dev/nvidiactl
7fc3f18fe000-7fc3f1afe000 rw-s 00000000 00:07 1110                       /dev/nvidiactl
7fc3f1afe000-7fc3f1aff000 rw-p 00000000 00:00 0 
7fc3f1aff000-7fc3f1b03000 ---p 00000000 00:00 0 
7fc3f1b03000-7fc3f2400000 rw-p 00000000 00:00 0 
7fc3f2431000-7fc3f2446000 r--p 00000000 103:02 5509699                   /usr/share/fonts/gsfonts/NimbusSans-Bold.otf
7fc3f2446000-7fc3f24f4000 r--p 00000000 103:02 5131293                   /usr/share/fonts/TTF/DejaVuSans-Bold.ttf
7fc3f24f4000-7fc3f24f5000 rw-p 00000000 00:00 0 
7fc3f24f5000-7fc3f24f9000 ---p 00000000 00:00 0 
7fc3f24f9000-7fc3f25f5000 rw-p 00000000 00:00 0 
7fc3f27f7000-7fc3f5ffe000 rw-p 00000000 00:00 0 
7fc3f5ffe000-7fc3f5fff000 ---p 00000000 00:00 0 
7fc3f5fff000-7fc435fff000 rwxp 00000000 00:00 0 
7fc435fff000-7fc436000000 ---p 00000000 00:00 0 
7fc436000000-7fc43608c000 rw-p 00000000 00:00 0 
7fc43608c000-7fc436090000 rw-p 00000000 00:00 0 
7fc436090000-7fc4360a4000 rw-p 00000000 00:00 0 
7fc4360a4000-7fc4360a8000 rw-p 00000000 00:00 0 
7fc4360a8000-7fc4360b8000 rw-p 00000000 00:00 0 
7fc4360b8000-7fc4360bc000 rw-p 00000000 00:00 0 
7fc4360bc000-7fc4360d0000 rw-p 00000000 00:00 0 
7fc4360d0000-7fc4360d4000 rw-p 00000000 00:00 0 
7fc4360d4000-7fc4360e8000 rw-p 00000000 00:00 0 
7fc4360e8000-7fc4360f0000 rw-p 00000000 00:00 0 
7fc4360f0000-7fc436104000 rw-p 00000000 00:00 0 
7fc436104000-7fc436108000 rw-p 00000000 00:00 0 
7fc436108000-7fc43610c000 rw-p 00000000 00:00 0 
7fc43610c000-7fc43612c000 rw-p 00000000 00:00 0 
7fc43612c000-7fc436130000 rw-p 00000000 00:00 0 
7fc436130000-7fc436140000 rw-p 00000000 00:00 0 
7fc436140000-7fc436150000 rw-p 00000000 00:00 0 
7fc436150000-7fc436154000 rw-p 00000000 00:00 0 
7fc436154000-7fc436158000 rw-p 00000000 00:00 0 
7fc436158000-7fc43615c000 rw-p 00000000 00:00 0 
7fc43615c000-7fc436168000 rw-p 00000000 00:00 0 
7fc436168000-7fc43617c000 rw-p 00000000 00:00 0 
7fc43617c000-7fc437024000 rw-p 00000000 00:00 0 
7fc437024000-7fc437040000 rw-p 00000000 00:00 0 
7fc437040000-7fc437042000 rw-p 00000000 00:00 0 
7fc437042000-7fc4370a1000 rw-p 00000000 00:00 0 
7fc4370a1000-7fc4370bc000 rw-p 00000000 00:00 0 
7fc4370bc000-7fc4370bd000 rw-p 00000000 00:00 0 
7fc4370bd000-7fc4370c0000 rw-p 00000000 00:00 0 
7fc4370c0000-7fc437120000 rw-p 00000000 00:00 0 
7fc437120000-7fc437140000 rw-p 00000000 00:00 0 
7fc437140000-7fc437160000 rw-p 00000000 00:00 0 
7fc437160000-7fc437426000 rw-p 00000000 00:00 0 
7fc437426000-7fc437428000 rw-p 00000000 00:00 0 
7fc437428000-7fc437433000 rw-p 00000000 00:00 0 
7fc437433000-7fc437434000 rw-p 00000000 00:00 0 
7fc437434000-7fc43745d000 rw-p 00000000 00:00 0 
7fc43745d000-7fc437460000 rw-p 00000000 00:00 0 
7fc437460000-7fc4374a0000 rw-p 00000000 00:00 0 
7fc4374a0000-7fc437800000 rw-p 00000000 00:00 0 
7fc437800000-7fc438000000 rw-p 00000000 00:00 0 
7fc438010000-7fc438030000 rw-s 00000000 00:07 1110                       /dev/nvidiactl
7fc438030000-7fc438050000 rw-s 00000000 00:07 1110                       /dev/nvidiactl
7fc438050000-7fc438090000 rw-s 00000000 00:07 1110                       /dev/nvidiactl
7fc438090000-7fc438091000 rw-p 00000000 00:00 0 
7fc438091000-7fc438095000 ---p 00000000 00:00 0 
7fc438095000-7fc438191000 rw-p 00000000 00:00 0 
7fc438191000-7fc43819f000 r--p 00000000 103:02 5256581                   /usr/lib/gvfs/libgvfscommon.so
7fc43819f000-7fc4381ba000 r-xp 0000e000 103:02 5256581                   /usr/lib/gvfs/libgvfscommon.so
7fc4381ba000-7fc4381c6000 r--p 00029000 103:02 5256581                   /usr/lib/gvfs/libgvfscommon.so
7fc4381c6000-7fc4381cc000 r--p 00035000 103:02 5256581                   /usr/lib/gvfs/libgvfscommon.so
7fc4381cc000-7fc4381cd000 rw-p 0003b000 103:02 5256581                   /usr/lib/gvfs/libgvfscommon.so
7fc4381cd000-7fc4381d7000 r--p 00000000 103:02 4771278                   /usr/lib/gio/modules/libgvfsdbus.so
7fc4381d7000-7fc4381f3000 r-xp 0000a000 103:02 4771278                   /usr/lib/gio/modules/libgvfsdbus.so
7fc4381f3000-7fc4381fc000 r--p 00026000 103:02 4771278                   /usr/lib/gio/modules/libgvfsdbus.so
7fc4381fc000-7fc4381fe000 r--p 0002f000 103:02 4771278                   /usr/lib/gio/modules/libgvfsdbus.so
7fc4381fe000-7fc4381ff000 rw-p 00031000 103:02 4771278                   /usr/lib/gio/modules/libgvfsdbus.so
7fc4381ff000-7fc438a00000 rw-p 00000000 00:00 0 
7fc438a00000-7fc438a28000 rw-p 00000000 00:00 0 
7fc438a28000-7fc438a2c000 rw-p 00000000 00:00 0 
7fc438a2c000-7fc440a00000 rw-p 00000000 00:00 0 
7fc440a01000-7fc440a05000 rw-s 00000000 00:07 1110                       /dev/nvidiactl
7fc440a05000-7fc440a0d000 rw-p 00000000 00:00 0 
7fc440a0d000-7fc440a2e000 r--p 00000000 103:02 4750220                   /usr/share/locale/en_GB/LC_MESSAGES/glib20.mo
7fc440a2e000-7fc440a47000 r--p 00000000 103:02 4834664                   /usr/lib/libyuv.so
7fc440a47000-7fc440ab9000 r-xp 00019000 103:02 4834664                   /usr/lib/libyuv.so
7fc440ab9000-7fc440ad1000 r--p 0008b000 103:02 4834664                   /usr/lib/libyuv.so
7fc440ad1000-7fc440ad4000 r--p 000a2000 103:02 4834664                   /usr/lib/libyuv.so
7fc440ad4000-7fc440ad5000 rw-p 000a5000 103:02 4834664                   /usr/lib/libyuv.so
7fc440ad5000-7fc440ad9000 r--p 00000000 103:02 4767590                   /usr/lib/libgudev-1.0.so.0.3.0
7fc440ad9000-7fc440add000 r-xp 00004000 103:02 4767590                   /usr/lib/libgudev-1.0.so.0.3.0
7fc440add000-7fc440adf000 r--p 00008000 103:02 4767590                   /usr/lib/libgudev-1.0.so.0.3.0
7fc440adf000-7fc440ae0000 r--p 0000a000 103:02 4767590                   /usr/lib/libgudev-1.0.so.0.3.0
7fc440ae0000-7fc440ae1000 rw-p 0000b000 103:02 4767590                   /usr/lib/libgudev-1.0.so.0.3.0
7fc440ae1000-7fc440af0000 r--p 00000000 103:02 4759938                   /usr/lib/liborc-0.4.so.0.42.0
7fc440af0000-7fc440b9a000 r-xp 0000f000 103:02 4759938                   /usr/lib/liborc-0.4.so.0.42.0
7fc440b9a000-7fc440bd0000 r--p 000b9000 103:02 4759938                   /usr/lib/liborc-0.4.so.0.42.0
7fc440bd0000-7fc440bd3000 r--p 000ef000 103:02 4759938                   /usr/lib/liborc-0.4.so.0.42.0
7fc440bd3000-7fc440bdb000 rw-p 000f2000 103:02 4759938                   /usr/lib/liborc-0.4.so.0.42.0
7fc440bdb000-7fc440bdd000 rw-p 00000000 00:00 0 
7fc440bdd000-7fc440be2000 r--p 00000000 103:02 4816817                   /usr/lib/liblua5.4.so.5.4.8
7fc440be2000-7fc440c14000 r-xp 00005000 103:02 4816817                   /usr/lib/liblua5.4.so.5.4.8
7fc440c14000-7fc440c1f000 r--p 00037000 103:02 4816817                   /usr/lib/liblua5.4.so.5.4.8
7fc440c1f000-7fc440c21000 r--p 00042000 103:02 4816817                   /usr/lib/liblua5.4.so.5.4.8
7fc440c21000-7fc440c22000 rw-p 00044000 103:02 4816817                   /usr/lib/liblua5.4.so.5.4.8
7fc440c22000-7fc440c2a000 r--p 00000000 103:02 4735309                   /usr/lib/libdw-0.196.so
7fc440c2a000-7fc440c8a000 r-xp 00008000 103:02 4735309                   /usr/lib/libdw-0.196.so
7fc440c8a000-7fc440cba000 r--p 00068000 103:02 4735309                   /usr/lib/libdw-0.196.so
7fc440cba000-7fc440cc3000 r--p 00098000 103:02 4735309                   /usr/lib/libdw-0.196.so
7fc440cc3000-7fc440cc4000 rw-p 000a1000 103:02 4735309                   /usr/lib/libdw-0.196.so
7fc440cc4000-7fc440cd2000 r--p 00000000 103:02 4771657                   /usr/lib/libatspi.so.0.0.1
7fc440cd2000-7fc440ced000 r-xp 0000e000 103:02 4771657                   /usr/lib/libatspi.so.0.0.1
7fc440ced000-7fc440cfb000 r--p 00029000 103:02 4771657                   /usr/lib/libatspi.so.0.0.1
7fc440cfb000-7fc440cff000 r--p 00037000 103:02 4771657                   /usr/lib/libatspi.so.0.0.1
7fc440cff000-7fc440d00000 rw-p 0003b000 103:02 4771657                   /usr/lib/libatspi.so.0.0.1
7fc440d00000-7fc440d06000 r--p 00000000 103:02 4780108                   /usr/lib/libavif.so.16.4.2
7fc440d06000-7fc440d38000 r-xp 00006000 103:02 4780108                   /usr/lib/libavif.so.16.4.2
7fc440d38000-7fc440d44000 r--p 00038000 103:02 4780108                   /usr/lib/libavif.so.16.4.2
7fc440d44000-7fc440d47000 r--p 00043000 103:02 4780108                   /usr/lib/libavif.so.16.4.2
7fc440d47000-7fc440d48000 rw-p 00046000 103:02 4780108                   /usr/lib/libavif.so.16.4.2
7fc440d48000-7fc440d5b000 r--p 00000000 103:02 4758770                   /usr/lib/libgstgl-1.0.so.0.2806.0
7fc440d5b000-7fc440dae000 r-xp 00013000 103:02 4758770                   /usr/lib/libgstgl-1.0.so.0.2806.0
7fc440dae000-7fc440dd7000 r--p 00066000 103:02 4758770                   /usr/lib/libgstgl-1.0.so.0.2806.0
7fc440dd7000-7fc440ddd000 r--p 0008f000 103:02 4758770                   /usr/lib/libgstgl-1.0.so.0.2806.0
7fc440ddd000-7fc440dde000 rw-p 00095000 103:02 4758770                   /usr/lib/libgstgl-1.0.so.0.2806.0
7fc440dde000-7fc440df2000 r--p 00000000 103:02 4758798                   /usr/lib/libgstvideo-1.0.so.0.2806.0
7fc440df2000-7fc440e7a000 r-xp 00014000 103:02 4758798                   /usr/lib/libgstvideo-1.0.so.0.2806.0
7fc440e7a000-7fc440ea7000 r--p 0009c000 103:02 4758798                   /usr/lib/libgstvideo-1.0.so.0.2806.0
7fc440ea7000-7fc440ebb000 r--p 000c8000 103:02 4758798                   /usr/lib/libgstvideo-1.0.so.0.2806.0
7fc440ebb000-7fc440ebc000 rw-p 000dc000 103:02 4758798                   /usr/lib/libgstvideo-1.0.so.0.2806.0
7fc440ebc000-7fc440ebd000 rw-p 00000000 00:00 0 
7fc440ebd000-7fc440ec2000 r--p 00000000 103:02 4754430                   /usr/lib/libgcrypt.so.20.7.2
7fc440ec2000-7fc44100f000 r-xp 00005000 103:02 4754430                   /usr/lib/libgcrypt.so.20.7.2
7fc44100f000-7fc44105c000 r--p 00152000 103:02 4754430                   /usr/lib/libgcrypt.so.20.7.2
7fc44105c000-7fc441061000 r--p 0019f000 103:02 4754430                   /usr/lib/libgcrypt.so.20.7.2
7fc441061000-7fc441067000 rw-p 001a4000 103:02 4754430                   /usr/lib/libgcrypt.so.20.7.2
7fc441067000-7fc441071000 r--p 00000000 103:02 4754452                   /usr/lib/libsqlite3.so.3.53.4
7fc441071000-7fc4411c0000 r-xp 0000a000 103:02 4754452                   /usr/lib/libsqlite3.so.3.53.4
7fc4411c0000-7fc4411f7000 r--p 00159000 103:02 4754452                   /usr/lib/libsqlite3.so.3.53.4
7fc4411f7000-7fc4411fb000 r--p 00190000 103:02 4754452                   /usr/lib/libsqlite3.so.3.53.4
7fc4411fb000-7fc441200000 rw-p 00194000 103:02 4754452                   /usr/lib/libsqlite3.so.3.53.4
7fc441200000-7fc4412dc000 r--p 00000000 103:02 4735954                   /usr/lib/libicui18n.so.78.3
7fc4412dc000-7fc4414e6000 r-xp 000dc000 103:02 4735954                   /usr/lib/libicui18n.so.78.3
7fc4414e6000-7fc441579000 r--p 002e6000 103:02 4735954                   /usr/lib/libicui18n.so.78.3
7fc441579000-7fc44158c000 r--p 00379000 103:02 4735954                   /usr/lib/libicui18n.so.78.3
7fc44158c000-7fc44158d000 rw-p 0038c000 103:02 4735954                   /usr/lib/libicui18n.so.78.3
7fc44158d000-7fc44158e000 rw-p 00000000 00:00 0 
7fc441591000-7fc441596000 r--p 00000000 103:02 4722100                   /usr/lib/libgpg-error.so.0.42.1
7fc441596000-7fc4415b1000 r-xp 00005000 103:02 4722100                   /usr/lib/libgpg-error.so.0.42.1
7fc4415b1000-7fc4415bc000 r--p 00020000 103:02 4722100                   /usr/lib/libgpg-error.so.0.42.1
7fc4415bc000-7fc4415bd000 r--p 0002a000 103:02 4722100                   /usr/lib/libgpg-error.so.0.42.1
7fc4415bd000-7fc4415be000 rw-p 0002b000 103:02 4722100                   /usr/lib/libgpg-error.so.0.42.1
7fc4415be000-7fc4415cc000 r--p 00000000 103:02 4758759                   /usr/lib/libgstaudio-1.0.so.0.2806.0
7fc4415cc000-7fc441626000 r-xp 0000e000 103:02 4758759                   /usr/lib/libgstaudio-1.0.so.0.2806.0
7fc441626000-7fc441643000 r--p 00068000 103:02 4758759                   /usr/lib/libgstaudio-1.0.so.0.2806.0
7fc441643000-7fc441647000 r--p 00084000 103:02 4758759                   /usr/lib/libgstaudio-1.0.so.0.2806.0
7fc441647000-7fc441648000 rw-p 00088000 103:02 4758759                   /usr/lib/libgstaudio-1.0.so.0.2806.0
7fc441648000-7fc441655000 r--p 00000000 103:02 4758774                   /usr/lib/libgstpbutils-1.0.so.0.2806.0
7fc441655000-7fc441678000 r-xp 0000d000 103:02 4758774                   /usr/lib/libgstpbutils-1.0.so.0.2806.0
7fc441678000-7fc441688000 r--p 00030000 103:02 4758774                   /usr/lib/libgstpbutils-1.0.so.0.2806.0
7fc441688000-7fc44168c000 r--p 0003f000 103:02 4758774                   /usr/lib/libgstpbutils-1.0.so.0.2806.0
7fc44168c000-7fc44168d000 rw-p 00043000 103:02 4758774                   /usr/lib/libgstpbutils-1.0.so.0.2806.0
7fc44168d000-7fc4416b6000 r--p 00000000 103:02 4758695                   /usr/lib/libgstreamer-1.0.so.0.2806.0
7fc4416b6000-7fc44179a000 r-xp 00029000 103:02 4758695                   /usr/lib/libgstreamer-1.0.so.0.2806.0
7fc44179a000-7fc4417f6000 r--p 0010d000 103:02 4758695                   /usr/lib/libgstreamer-1.0.so.0.2806.0
7fc4417f6000-7fc4417fd000 r--p 00169000 103:02 4758695                   /usr/lib/libgstreamer-1.0.so.0.2806.0
7fc4417fd000-7fc4417ff000 rw-p 00170000 103:02 4758695                   /usr/lib/libgstreamer-1.0.so.0.2806.0
7fc4417ff000-7fc441800000 rw-p 00000000 00:00 0 
7fc441800000-7fc442baa000 r--p 00000000 103:02 4835997                   /usr/lib/libWPEWebKit-2.0.so.1.9.10
7fc442baa000-7fc4493cf000 r-xp 013a9000 103:02 4835997                   /usr/lib/libWPEWebKit-2.0.so.1.9.10
7fc4493cf000-7fc449704000 r--p 07bcd000 103:02 4835997                   /usr/lib/libWPEWebKit-2.0.so.1.9.10
7fc449704000-7fc449752000 rw-p 07f01000 103:02 4835997                   /usr/lib/libWPEWebKit-2.0.so.1.9.10
7fc449752000-7fc44975a000 r--p 07f4f000 103:02 4835997                   /usr/lib/libWPEWebKit-2.0.so.1.9.10
7fc44975a000-7fc449794000 rw-p 00000000 00:00 0 
7fc449794000-7fc449798000 r--p 00000000 103:02 4750384                   /usr/lib/libwacom.so.9.0.0
7fc449798000-7fc4497a1000 r-xp 00004000 103:02 4750384                   /usr/lib/libwacom.so.9.0.0
7fc4497a1000-7fc4497a5000 r--p 0000d000 103:02 4750384                   /usr/lib/libwacom.so.9.0.0
7fc4497a5000-7fc4497a6000 r--p 00010000 103:02 4750384                   /usr/lib/libwacom.so.9.0.0
7fc4497a6000-7fc4497a7000 rw-p 00011000 103:02 4750384                   /usr/lib/libwacom.so.9.0.0
7fc4497a7000-7fc4497aa000 r--p 00000000 103:02 4815758                   /usr/lib/libevdev.so.2.3.0
7fc4497aa000-7fc4497b1000 r-xp 00003000 103:02 4815758                   /usr/lib/libevdev.so.2.3.0
7fc4497b1000-7fc4497b6000 r--p 0000a000 103:02 4815758                   /usr/lib/libevdev.so.2.3.0
7fc4497b6000-7fc4497bc000 r--p 0000e000 103:02 4815758                   /usr/lib/libevdev.so.2.3.0
7fc4497bc000-7fc4497bd000 rw-p 00014000 103:02 4815758                   /usr/lib/libevdev.so.2.3.0
7fc4497bd000-7fc4497be000 r--p 00000000 103:02 4815715                   /usr/lib/libmtdev.so.1.0.0
7fc4497be000-7fc4497c1000 r-xp 00001000 103:02 4815715                   /usr/lib/libmtdev.so.1.0.0
7fc4497c1000-7fc4497c2000 r--p 00004000 103:02 4815715                   /usr/lib/libmtdev.so.1.0.0
7fc4497c2000-7fc4497c3000 r--p 00004000 103:02 4815715                   /usr/lib/libmtdev.so.1.0.0
7fc4497c3000-7fc4497c4000 rw-p 00005000 103:02 4815715                   /usr/lib/libmtdev.so.1.0.0
7fc4497c4000-7fc4497c5000 r--p 00000000 103:02 4835239                   /usr/lib/libhyphen.so.0.4.0
7fc4497c5000-7fc4497c9000 r-xp 00001000 103:02 4835239                   /usr/lib/libhyphen.so.0.4.0
7fc4497c9000-7fc4497ca000 r--p 00005000 103:02 4835239                   /usr/lib/libhyphen.so.0.4.0
7fc4497ca000-7fc4497cb000 r--p 00005000 103:02 4835239                   /usr/lib/libhyphen.so.0.4.0
7fc4497cb000-7fc4497cc000 rw-p 00006000 103:02 4835239                   /usr/lib/libhyphen.so.0.4.0
7fc4497cc000-7fc4497db000 r--p 00000000 103:02 4758659                   /usr/lib/libgstbase-1.0.so.0.2806.0
7fc4497db000-7fc449836000 r-xp 0000f000 103:02 4758659                   /usr/lib/libgstbase-1.0.so.0.2806.0
7fc449836000-7fc449851000 r--p 0006a000 103:02 4758659                   /usr/lib/libgstbase-1.0.so.0.2806.0
7fc449851000-7fc449853000 r--p 00084000 103:02 4758659                   /usr/lib/libgstbase-1.0.so.0.2806.0
7fc449853000-7fc449854000 rw-p 00086000 103:02 4758659                   /usr/lib/libgstbase-1.0.so.0.2806.0
7fc449854000-7fc449859000 r--p 00000000 103:02 4720964                   /usr/lib/libudev.so.1.7.14
7fc449859000-7fc449887000 r-xp 00005000 103:02 4720964                   /usr/lib/libudev.so.1.7.14
7fc449887000-7fc44989e000 r--p 00033000 103:02 4720964                   /usr/lib/libudev.so.1.7.14
7fc44989e000-7fc4498a3000 r--p 0004a000 103:02 4720964                   /usr/lib/libudev.so.1.7.14
7fc4498a3000-7fc4498a4000 rw-p 0004f000 103:02 4720964                   /usr/lib/libudev.so.1.7.14
7fc4498a4000-7fc4498a5000 rw-p 00000000 00:00 0 
7fc4498a5000-7fc4498a9000 ---p 00000000 00:00 0 
7fc4498a9000-7fc4499a5000 rw-p 00000000 00:00 0 
7fc4499a5000-7fc4499ef000 r--p 00000000 103:02 4792885                   /usr/lib/libepoxy.so.0.0.0
7fc4499ef000-7fc449a55000 r-xp 0004a000 103:02 4792885                   /usr/lib/libepoxy.so.0.0.0
7fc449a55000-7fc449aa3000 r--p 000b0000 103:02 4792885                   /usr/lib/libepoxy.so.0.0.0
7fc449aa3000-7fc449aab000 r--p 000fd000 103:02 4792885                   /usr/lib/libepoxy.so.0.0.0
7fc449aab000-7fc449ab2000 rw-p 00105000 103:02 4792885                   /usr/lib/libepoxy.so.0.0.0
7fc449ab2000-7fc449ab3000 rw-p 00000000 00:00 0 
7fc449ab3000-7fc449ab7000 ---p 00000000 00:00 0 
7fc449ab7000-7fc449bb3000 rw-p 00000000 00:00 0 
7fc449db5000-7fc44a2ba000 rw-p 00000000 00:00 0 
7fc44a3b1000-7fc44a3bb000 rw-p 00000000 00:00 0 
7fc44cddf000-7fc454000000 ---p 00000000 00:00 0 
7fc454000000-7fc454007000 r--p 00000000 103:02 4758795                   /usr/lib/libgsttag-1.0.so.0.2806.0
7fc454007000-7fc45402b000 r-xp 00007000 103:02 4758795                   /usr/lib/libgsttag-1.0.so.0.2806.0
7fc45402b000-7fc45403c000 r--p 0002b000 103:02 4758795                   /usr/lib/libgsttag-1.0.so.0.2806.0
7fc45403c000-7fc45403e000 r--p 0003c000 103:02 4758795                   /usr/lib/libgsttag-1.0.so.0.2806.0
7fc45403e000-7fc45403f000 rw-p 0003e000 103:02 4758795                   /usr/lib/libgsttag-1.0.so.0.2806.0
7fc45403f000-7fc45404b000 r--p 00000000 103:02 4743749                   /usr/lib/libinput.so.10.13.0
7fc45404b000-7fc454094000 r-xp 0000c000 103:02 4743749                   /usr/lib/libinput.so.10.13.0
7fc454094000-7fc4540ad000 r--p 00055000 103:02 4743749                   /usr/lib/libinput.so.10.13.0
7fc4540ad000-7fc4540af000 r--p 0006e000 103:02 4743749                   /usr/lib/libinput.so.10.13.0
7fc4540af000-7fc4540b0000 rw-p 00070000 103:02 4743749                   /usr/lib/libinput.so.10.13.0
7fc4540c2000-7fc4540cb000 r--p 00000000 103:02 4754420                   /usr/lib/libxslt.so.1.1.45
7fc4540cb000-7fc4540f2000 r-xp 00009000 103:02 4754420                   /usr/lib/libxslt.so.1.1.45
7fc4540f2000-7fc4540fd000 r--p 00030000 103:02 4754420                   /usr/lib/libxslt.so.1.1.45
7fc4540fd000-7fc4540fe000 r--p 0003b000 103:02 4754420                   /usr/lib/libxslt.so.1.1.45
7fc4540fe000-7fc4540ff000 rw-p 0003c000 103:02 4754420                   /usr/lib/libxslt.so.1.1.45
7fc4540ff000-7fc454100000 rw-p 00000000 00:00 0 
7fc454100000-7fc454104000 ---p 00000000 00:00 0 
7fc454104000-7fc454200000 rw-p 00000000 00:00 0 
7fc454400000-7fc454401000 r--p 00000000 103:02 4762067                   /usr/lib/libwebpdemux.so.2.0.17
7fc454401000-7fc454404000 r-xp 00001000 103:02 4762067                   /usr/lib/libwebpdemux.so.2.0.17
7fc454404000-7fc454405000 r--p 00004000 103:02 4762067                   /usr/lib/libwebpdemux.so.2.0.17
7fc454405000-7fc454406000 r--p 00004000 103:02 4762067                   /usr/lib/libwebpdemux.so.2.0.17
7fc454406000-7fc454407000 rw-p 00005000 103:02 4762067                   /usr/lib/libwebpdemux.so.2.0.17
7fc454407000-7fc454408000 r--p 00000000 103:02 4758765                   /usr/lib/libgstfft-1.0.so.0.2806.0
7fc454408000-7fc45440f000 r-xp 00001000 103:02 4758765                   /usr/lib/libgstfft-1.0.so.0.2806.0
7fc45440f000-7fc454410000 r--p 00008000 103:02 4758765                   /usr/lib/libgstfft-1.0.so.0.2806.0
7fc454410000-7fc454411000 r--p 00009000 103:02 4758765                   /usr/lib/libgstfft-1.0.so.0.2806.0
7fc454411000-7fc454412000 rw-p 0000a000 103:02 4758765                   /usr/lib/libgstfft-1.0.so.0.2806.0
7fc454412000-7fc454417000 r--p 00000000 103:02 4758746                   /usr/lib/libgstapp-1.0.so.0.2806.0
7fc454417000-7fc454424000 r-xp 00005000 103:02 4758746                   /usr/lib/libgstapp-1.0.so.0.2806.0
7fc454424000-7fc454429000 r--p 00012000 103:02 4758746                   /usr/lib/libgstapp-1.0.so.0.2806.0
7fc454429000-7fc45442a000 r--p 00017000 103:02 4758746                   /usr/lib/libgstapp-1.0.so.0.2806.0
7fc45442a000-7fc45442b000 rw-p 00018000 103:02 4758746                   /usr/lib/libgstapp-1.0.so.0.2806.0
7fc45442b000-7fc454436000 r--p 00000000 103:02 4771653                   /usr/lib/libatk-bridge-2.0.so.0.0.0
7fc454436000-7fc45444f000 r-xp 0000b000 103:02 4771653                   /usr/lib/libatk-bridge-2.0.so.0.0.0
7fc45444f000-7fc454463000 r--p 00024000 103:02 4771653                   /usr/lib/libatk-bridge-2.0.so.0.0.0
7fc454463000-7fc454465000 r--p 00037000 103:02 4771653                   /usr/lib/libatk-bridge-2.0.so.0.0.0
7fc454465000-7fc454467000 rw-p 00039000 103:02 4771653                   /usr/lib/libatk-bridge-2.0.so.0.0.0
7fc454467000-7fc45447e000 r--p 00000000 103:02 4763785                   /usr/lib/libsoup-3.0.so.0.7.4
7fc45447e000-7fc4544d6000 r-xp 00017000 103:02 4763785                   /usr/lib/libsoup-3.0.so.0.7.4
7fc4544d6000-7fc4544f8000 r--p 0006f000 103:02 4763785                   /usr/lib/libsoup-3.0.so.0.7.4
7fc4544f8000-7fc4544fd000 r--p 00090000 103:02 4763785                   /usr/lib/libsoup-3.0.so.0.7.4
7fc4544fd000-7fc4544fe000 rw-p 00095000 103:02 4763785                   /usr/lib/libsoup-3.0.so.0.7.4
7fc4544fe000-7fc454e00000 rw-p 00000000 00:00 0 
7fc454e00000-7fc454fa8000 r--p 00000000 103:02 4826311                   /usr/lib/libcuda.so.610.57.04
7fc454fa8000-7fc456223000 r-xp 001a8000 103:02 4826311                   /usr/lib/libcuda.so.610.57.04
7fc456223000-7fc45b7ea000 r--p 01423000 103:02 4826311                   /usr/lib/libcuda.so.610.57.04
7fc45b7ea000-7fc45b7eb000 ---p 069ea000 103:02 4826311                   /usr/lib/libcuda.so.610.57.04
7fc45b7eb000-7fc45b967000 r--p 069ea000 103:02 4826311                   /usr/lib/libcuda.so.610.57.04
7fc45b967000-7fc45b96c000 rw-p 06b66000 103:02 4826311                   /usr/lib/libcuda.so.610.57.04
7fc45b96c000-7fc45b9d4000 rw-p 00000000 00:00 0 
7fc45b9d6000-7fc45b9d8000 r--p 00000000 103:02 4758735                   /usr/lib/libgstallocators-1.0.so.0.2806.0
7fc45b9d8000-7fc45b9dc000 r-xp 00002000 103:02 4758735                   /usr/lib/libgstallocators-1.0.so.0.2806.0
7fc45b9dc000-7fc45b9de000 r--p 00006000 103:02 4758735                   /usr/lib/libgstallocators-1.0.so.0.2806.0
7fc45b9de000-7fc45b9df000 r--p 00007000 103:02 4758735                   /usr/lib/libgstallocators-1.0.so.0.2806.0
7fc45b9df000-7fc45b9e0000 rw-p 00008000 103:02 4758735                   /usr/lib/libgstallocators-1.0.so.0.2806.0
7fc45b9e0000-7fc45b9e8000 r--p 00000000 103:02 4771647                   /usr/lib/libatk-1.0.so.0.26015.1
7fc45b9e8000-7fc45b9f8000 r-xp 00008000 103:02 4771647                   /usr/lib/libatk-1.0.so.0.26015.1
7fc45b9f8000-7fc45ba03000 r--p 00018000 103:02 4771647                   /usr/lib/libatk-1.0.so.0.26015.1
7fc45ba03000-7fc45ba06000 r--p 00023000 103:02 4771647                   /usr/lib/libatk-1.0.so.0.26015.1
7fc45ba06000-7fc45ba07000 rw-p 00026000 103:02 4771647                   /usr/lib/libatk-1.0.so.0.26015.1
7fc45ba07000-7fc45ba0c000 r--p 00000000 103:02 4745703                   /usr/lib/libWPEBackend-fdo-1.0.so.1.10.2
7fc45ba0c000-7fc45ba16000 r-xp 00005000 103:02 4745703                   /usr/lib/libWPEBackend-fdo-1.0.so.1.10.2
7fc45ba16000-7fc45ba1b000 r--p 0000f000 103:02 4745703                   /usr/lib/libWPEBackend-fdo-1.0.so.1.10.2
7fc45ba1b000-7fc45ba1d000 r--p 00013000 103:02 4745703                   /usr/lib/libWPEBackend-fdo-1.0.so.1.10.2
7fc45ba1d000-7fc45ba1e000 rw-p 00015000 103:02 4745703                   /usr/lib/libWPEBackend-fdo-1.0.so.1.10.2
7fc45ba1e000-7fc45ba2e000 -w-s 00000000 00:07 1112                       /dev/nvidia0
7fc45ba2e000-7fc45bb2f000 rw-p 00000000 00:00 0 
7fc45bb2f000-7fc45bd2f000 rw-s 00000000 00:07 1110                       /dev/nvidiactl
7fc45bf42000-7fc45bf47000 rw-p 00000000 00:00 0 
7fc461afe000-7fc461aff000 rw-p 00000000 00:00 0 
7fc461aff000-7fc461b03000 ---p 00000000 00:00 0 
7fc461b03000-7fc462400000 rw-p 00000000 00:00 0 
7fc462400000-7fc4624c3000 r--p 00000000 103:02 4812054                   /usr/lib/libglycin-2.so.0
7fc4624c3000-7fc4627e0000 r-xp 000c2000 103:02 4812054                   /usr/lib/libglycin-2.so.0
7fc4627e0000-7fc4627f9000 r--p 003de000 103:02 4812054                   /usr/lib/libglycin-2.so.0
7fc4627f9000-7fc4627fd000 rw-p 003f6000 103:02 4812054                   /usr/lib/libglycin-2.so.0
7fc462800000-7fc462849000 r--p 00000000 103:02 4817127                   /usr/lib/libSPIRV-Tools-opt.so
7fc462849000-7fc462a12000 r-xp 00049000 103:02 4817127                   /usr/lib/libSPIRV-Tools-opt.so
7fc462a12000-7fc462a6b000 r--p 00212000 103:02 4817127                   /usr/lib/libSPIRV-Tools-opt.so
7fc462a6b000-7fc462a7b000 r--p 0026b000 103:02 4817127                   /usr/lib/libSPIRV-Tools-opt.so
7fc462a7b000-7fc462a7c000 rw-p 0027b000 103:02 4817127                   /usr/lib/libSPIRV-Tools-opt.so
7fc462a7d000-7fc462a7f000 r--p 00000000 103:02 4722782                   /usr/lib/libatomic.so.1.2.0
7fc462a7f000-7fc462a83000 r-xp 00002000 103:02 4722782                   /usr/lib/libatomic.so.1.2.0
7fc462a83000-7fc462a85000 r--p 00006000 103:02 4722782                   /usr/lib/libatomic.so.1.2.0
7fc462a85000-7fc462a86000 r--p 00007000 103:02 4722782                   /usr/lib/libatomic.so.1.2.0
7fc462a86000-7fc462a87000 rw-p 00008000 103:02 4722782                   /usr/lib/libatomic.so.1.2.0
7fc462a87000-7fc462a88000 rw-p 00000000 00:00 0 
7fc462aa8000-7fc462aaa000 r--p 00000000 103:02 4734009                   /usr/lib/libseccomp.so.2.6.0
7fc462aaa000-7fc462aba000 r-xp 00002000 103:02 4734009                   /usr/lib/libseccomp.so.2.6.0
7fc462aba000-7fc462ad3000 r--p 00012000 103:02 4734009                   /usr/lib/libseccomp.so.2.6.0
7fc462ad3000-7fc462ad4000 r--p 0002b000 103:02 4734009                   /usr/lib/libseccomp.so.2.6.0
7fc462ad4000-7fc462ad5000 rw-p 0002c000 103:02 4734009                   /usr/lib/libseccomp.so.2.6.0
7fc462ad5000-7fc462ade000 r--p 00000000 103:02 4769004                   /usr/lib/libFLAC.so.14.0.0
7fc462ade000-7fc462b14000 r-xp 00009000 103:02 4769004                   /usr/lib/libFLAC.so.14.0.0
7fc462b14000-7fc462b1c000 r--p 0003f000 103:02 4769004                   /usr/lib/libFLAC.so.14.0.0
7fc462b1c000-7fc462b1d000 r--p 00047000 103:02 4769004                   /usr/lib/libFLAC.so.14.0.0
7fc462b1d000-7fc462b1e000 rw-p 00048000 103:02 4769004                   /usr/lib/libFLAC.so.14.0.0
7fc462b1e000-7fc462b23000 r--p 00000000 103:02 4755422                   /usr/lib/libsndfile.so.1.0.37
7fc462b23000-7fc462b89000 r-xp 00005000 103:02 4755422                   /usr/lib/libsndfile.so.1.0.37
7fc462b89000-7fc462ba2000 r--p 0006b000 103:02 4755422                   /usr/lib/libsndfile.so.1.0.37
7fc462ba2000-7fc462ba5000 r--p 00084000 103:02 4755422                   /usr/lib/libsndfile.so.1.0.37
7fc462ba5000-7fc462ba6000 rw-p 00087000 103:02 4755422                   /usr/lib/libsndfile.so.1.0.37
7fc462ba6000-7fc462ba8000 rw-p 00000000 00:00 0 
7fc462ba8000-7fc462bb9000 r--p 00000000 103:02 4732432                   /usr/lib/libkrb5.so.3.3
7fc462bb9000-7fc462c29000 r-xp 00011000 103:02 4732432                   /usr/lib/libkrb5.so.3.3
7fc462c29000-7fc462c67000 r--p 00081000 103:02 4732432                   /usr/lib/libkrb5.so.3.3
7fc462c67000-7fc462c75000 r--p 000bf000 103:02 4732432                   /usr/lib/libkrb5.so.3.3
7fc462c75000-7fc462c77000 rw-p 000cd000 103:02 4732432                   /usr/lib/libkrb5.so.3.3
7fc462c77000-7fc462c86000 r--p 00000000 103:02 4735687                   /usr/lib/libunistring.so.5.2.1
7fc462c86000-7fc462cca000 r-xp 0000f000 103:02 4735687                   /usr/lib/libunistring.so.5.2.1
7fc462cca000-7fc462e59000 r--p 00053000 103:02 4735687                   /usr/lib/libunistring.so.5.2.1
7fc462e59000-7fc462e5d000 r--p 001e2000 103:02 4735687                   /usr/lib/libunistring.so.5.2.1
7fc462e5d000-7fc462e5e000 rw-p 001e6000 103:02 4735687                   /usr/lib/libunistring.so.5.2.1
7fc462e5e000-7fc462e65000 r--p 00000000 103:02 4770278                   /usr/lib/libp11-kit.so.0.4.11
7fc462e65000-7fc462f4e000 r-xp 00007000 103:02 4770278                   /usr/lib/libp11-kit.so.0.4.11
7fc462f4e000-7fc462fe0000 r--p 000f0000 103:02 4770278                   /usr/lib/libp11-kit.so.0.4.11
7fc462fe0000-7fc462ff1000 r--p 00181000 103:02 4770278                   /usr/lib/libp11-kit.so.0.4.11
7fc462ff1000-7fc463000000 rw-p 00192000 103:02 4770278                   /usr/lib/libp11-kit.so.0.4.11
7fc463000000-7fc46301a000 r--p 00000000 103:02 4760330                   /usr/lib/libleancrypto.so.1
7fc46301a000-7fc463138000 r-xp 0001a000 103:02 4760330                   /usr/lib/libleancrypto.so.1
7fc463138000-7fc46325b000 r--p 00138000 103:02 4760330                   /usr/lib/libleancrypto.so.1
7fc46325b000-7fc463261000 r--p 0025b000 103:02 4760330                   /usr/lib/libleancrypto.so.1
7fc463261000-7fc463263000 rw-p 00261000 103:02 4760330                   /usr/lib/libleancrypto.so.1
7fc463263000-7fc463267000 r--p 00000000 103:02 4745687                   /usr/lib/libwpe-1.0.so.1.9.6
7fc463267000-7fc46326a000 r-xp 00004000 103:02 4745687                   /usr/lib/libwpe-1.0.so.1.9.6
7fc46326a000-7fc46326d000 r--p 00007000 103:02 4745687                   /usr/lib/libwpe-1.0.so.1.9.6
7fc46326d000-7fc46326e000 r--p 0000a000 103:02 4745687                   /usr/lib/libwpe-1.0.so.1.9.6
7fc46326e000-7fc46326f000 rw-p 0000b000 103:02 4745687                   /usr/lib/libwpe-1.0.so.1.9.6
7fc46326f000-7fc463270000 r--p 00000000 103:02 4763243                   /usr/lib/libXxf86vm.so.1.0.0
7fc463270000-7fc463273000 r-xp 00001000 103:02 4763243                   /usr/lib/libXxf86vm.so.1.0.0
7fc463273000-7fc463274000 r--p 00004000 103:02 4763243                   /usr/lib/libXxf86vm.so.1.0.0
7fc463274000-7fc463275000 r--p 00004000 103:02 4763243                   /usr/lib/libXxf86vm.so.1.0.0
7fc463275000-7fc463276000 rw-p 00005000 103:02 4763243                   /usr/lib/libXxf86vm.so.1.0.0
7fc463276000-7fc463284000 r--p 00000000 103:02 5905684                   /usr/lib/libOpenGL.so.0.0.0
7fc463284000-7fc46328f000 r-xp 0000e000 103:02 5905684                   /usr/lib/libOpenGL.so.0.0.0
7fc46328f000-7fc463294000 r--p 00019000 103:02 5905684                   /usr/lib/libOpenGL.so.0.0.0
7fc463294000-7fc463299000 r--p 0001e000 103:02 5905684                   /usr/lib/libOpenGL.so.0.0.0
7fc463299000-7fc46329a000 rw-p 00023000 103:02 5905684                   /usr/lib/libOpenGL.so.0.0.0
7fc46329a000-7fc46329d000 r--p 00000000 103:02 4777131                   /usr/lib/libmd.so.0.2.0
7fc46329d000-7fc4632a9000 r-xp 00003000 103:02 4777131                   /usr/lib/libmd.so.0.2.0
7fc4632a9000-7fc4632ab000 r--p 0000f000 103:02 4777131                   /usr/lib/libmd.so.0.2.0
7fc4632ab000-7fc4632ac000 r--p 00011000 103:02 4777131                   /usr/lib/libmd.so.0.2.0
7fc4632ac000-7fc4632ad000 rw-p 00012000 103:02 4777131                   /usr/lib/libmd.so.0.2.0
7fc4632ad000-7fc4632af000 r--p 00000000 103:02 4769564                   /usr/lib/libv4lconvert.so.0.0.0
7fc4632af000-7fc4632ca000 r-xp 00002000 103:02 4769564                   /usr/lib/libv4lconvert.so.0.0.0
7fc4632ca000-7fc4632d2000 r--p 0001d000 103:02 4769564                   /usr/lib/libv4lconvert.so.0.0.0
7fc4632d2000-7fc4632d4000 r--p 00025000 103:02 4769564                   /usr/lib/libv4lconvert.so.0.0.0
7fc4632d4000-7fc4632d5000 rw-p 00027000 103:02 4769564                   /usr/lib/libv4lconvert.so.0.0.0
7fc4632d5000-7fc463327000 rw-p 00000000 00:00 0 
7fc463327000-7fc463335000 r--p 00000000 103:02 4758220                   /usr/lib/libnettle.so.9.0
7fc463335000-7fc463367000 r-xp 0000e000 103:02 4758220                   /usr/lib/libnettle.so.9.0
7fc463367000-7fc46337f000 r--p 00040000 103:02 4758220                   /usr/lib/libnettle.so.9.0
7fc46337f000-7fc463382000 r--p 00057000 103:02 4758220                   /usr/lib/libnettle.so.9.0
7fc463382000-7fc463383000 rw-p 0005a000 103:02 4758220                   /usr/lib/libnettle.so.9.0
7fc463383000-7fc46338b000 r--p 00000000 103:02 4738622                   /usr/lib/libhogweed.so.7.0
7fc46338b000-7fc46339e000 r-xp 00008000 103:02 4738622                   /usr/lib/libhogweed.so.7.0
7fc46339e000-7fc4633c7000 r--p 0001b000 103:02 4738622                   /usr/lib/libhogweed.so.7.0
7fc4633c7000-7fc4633c9000 r--p 00043000 103:02 4738622                   /usr/lib/libhogweed.so.7.0
7fc4633c9000-7fc4633ca000 rw-p 00045000 103:02 4738622                   /usr/lib/libhogweed.so.7.0
7fc4633ca000-7fc4633d9000 r--p 00000000 103:02 4811985                   /usr/lib/libsodium.so.26.4.0
7fc4633d9000-7fc46342c000 r-xp 0000f000 103:02 4811985                   /usr/lib/libsodium.so.26.4.0
7fc46342c000-7fc46343e000 r--p 00062000 103:02 4811985                   /usr/lib/libsodium.so.26.4.0
7fc46343e000-7fc46343f000 r--p 00074000 103:02 4811985                   /usr/lib/libsodium.so.26.4.0
7fc46343f000-7fc463440000 rw-p 00075000 103:02 4811985                   /usr/lib/libsodium.so.26.4.0
7fc463440000-7fc463445000 r--p 00000000 103:02 4722184                   /usr/lib/libmvec.so.1
7fc463445000-7fc463467000 r-xp 00005000 103:02 4722184                   /usr/lib/libmvec.so.1
7fc463467000-7fc46353e000 r--p 00027000 103:02 4722184                   /usr/lib/libmvec.so.1
7fc46353e000-7fc46353f000 r--p 000fe000 103:02 4722184                   /usr/lib/libmvec.so.1
7fc46353f000-7fc463540000 rw-p 000ff000 103:02 4722184                   /usr/lib/libmvec.so.1
7fc463540000-7fc463541000 r--p 00000000 103:02 4814598                   /usr/lib/libbrotlienc.so.1.2.0
7fc463541000-7fc4635ae000 r-xp 00001000 103:02 4814598                   /usr/lib/libbrotlienc.so.1.2.0
7fc4635ae000-7fc4635fe000 r--p 0006e000 103:02 4814598                   /usr/lib/libbrotlienc.so.1.2.0
7fc4635fe000-7fc4635ff000 r--p 000bd000 103:02 4814598                   /usr/lib/libbrotlienc.so.1.2.0
7fc4635ff000-7fc463600000 rw-p 000be000 103:02 4814598                   /usr/lib/libbrotlienc.so.1.2.0
7fc463600000-7fc463611000 r--p 00000000 103:02 4756846                   /usr/lib/libslang.so.2.3.3
7fc463611000-7fc4636f2000 r-xp 00011000 103:02 4756846                   /usr/lib/libslang.so.2.3.3
7fc4636f2000-7fc463733000 r--p 000f2000 103:02 4756846                   /usr/lib/libslang.so.2.3.3
7fc463733000-7fc46374a000 r--p 00132000 103:02 4756846                   /usr/lib/libslang.so.2.3.3
7fc46374a000-7fc463754000 rw-p 00149000 103:02 4756846                   /usr/lib/libslang.so.2.3.3
7fc463754000-7fc4638f0000 rw-p 00000000 00:00 0 
7fc4638f2000-7fc4638f5000 r--p 00000000 103:02 4722208                   /usr/lib/libresolv.so.2
7fc4638f5000-7fc4638fe000 r-xp 00003000 103:02 4722208                   /usr/lib/libresolv.so.2
7fc4638fe000-7fc463901000 r--p 0000c000 103:02 4722208                   /usr/lib/libresolv.so.2
7fc463901000-7fc463902000 r--p 0000f000 103:02 4722208                   /usr/lib/libresolv.so.2
7fc463902000-7fc463903000 rw-p 00010000 103:02 4722208                   /usr/lib/libresolv.so.2
7fc463903000-7fc463905000 rw-p 00000000 00:00 0 
7fc463905000-7fc463908000 r--p 00000000 103:02 4732383                   /usr/lib/libk5crypto.so.3.1
7fc463908000-7fc463924000 r-xp 00003000 103:02 4732383                   /usr/lib/libk5crypto.so.3.1
7fc463924000-7fc463930000 r--p 0001f000 103:02 4732383                   /usr/lib/libk5crypto.so.3.1
7fc463930000-7fc463932000 r--p 0002a000 103:02 4732383                   /usr/lib/libk5crypto.so.3.1
7fc463932000-7fc463933000 rw-p 0002c000 103:02 4732383                   /usr/lib/libk5crypto.so.3.1
7fc463933000-7fc46393e000 r--p 00000000 103:02 4815516                   /usr/lib/libgomp.so.1.0.0
7fc46393e000-7fc46397c000 r-xp 0000b000 103:02 4815516                   /usr/lib/libgomp.so.1.0.0
7fc46397c000-7fc46398b000 r--p 00049000 103:02 4815516                   /usr/lib/libgomp.so.1.0.0
7fc46398b000-7fc46398c000 r--p 00057000 103:02 4815516                   /usr/lib/libgomp.so.1.0.0
7fc46398c000-7fc46398d000 rw-p 00058000 103:02 4815516                   /usr/lib/libgomp.so.1.0.0
7fc46398d000-7fc463998000 r--p 00000000 103:02 4758350                   /usr/lib/libglut.so.3.13.0
7fc463998000-7fc4639b2000 r-xp 0000b000 103:02 4758350                   /usr/lib/libglut.so.3.13.0
7fc4639b2000-7fc4639cc000 r--p 00025000 103:02 4758350                   /usr/lib/libglut.so.3.13.0
7fc4639cc000-7fc4639d0000 r--p 0003f000 103:02 4758350                   /usr/lib/libglut.so.3.13.0
7fc4639d0000-7fc4639d7000 rw-p 00043000 103:02 4758350                   /usr/lib/libglut.so.3.13.0
7fc4639d7000-7fc463a3b000 rw-p 00000000 00:00 0 
7fc463a3b000-7fc463a5f000 r--p 00000000 103:02 4754125                   /usr/lib/libdb-5.3.so
7fc463a5f000-7fc463bbc000 r-xp 00024000 103:02 4754125                   /usr/lib/libdb-5.3.so
7fc463bbc000-7fc463bf5000 r--p 00181000 103:02 4754125                   /usr/lib/libdb-5.3.so
7fc463bf5000-7fc463bff000 r--p 001b9000 103:02 4754125                   /usr/lib/libdb-5.3.so
7fc463bff000-7fc463c00000 rw-p 001c3000 103:02 4754125                   /usr/lib/libdb-5.3.so
7fc463c00000-7fc463c19000 r--p 00000000 103:02 4773780                   /usr/lib/libfftw3.so.3.7.11
7fc463c19000-7fc463df5000 r-xp 00019000 103:02 4773780                   /usr/lib/libfftw3.so.3.7.11
7fc463df5000-7fc463e1c000 r--p 001f5000 103:02 4773780                   /usr/lib/libfftw3.so.3.7.11
7fc463e1c000-7fc463e2d000 r--p 0021c000 103:02 4773780                   /usr/lib/libfftw3.so.3.7.11
7fc463e2d000-7fc463e2e000 rw-p 0022d000 103:02 4773780                   /usr/lib/libfftw3.so.3.7.11
7fc463e2f000-7fc463e33000 rw-p 00000000 00:00 0 
7fc463e33000-7fc463e37000 r--p 00000000 103:02 4771010                   /usr/lib/libmpg123.so.0.49.4
7fc463e37000-7fc463e75000 r-xp 00004000 103:02 4771010                   /usr/lib/libmpg123.so.0.49.4
7fc463e75000-7fc463e90000 r--p 00042000 103:02 4771010                   /usr/lib/libmpg123.so.0.49.4
7fc463e90000-7fc463e91000 r--p 0005d000 103:02 4771010                   /usr/lib/libmpg123.so.0.49.4
7fc463e91000-7fc463e92000 rw-p 0005e000 103:02 4771010                   /usr/lib/libmpg123.so.0.49.4
7fc463e92000-7fc463e93000 r--p 00000000 103:02 4768927                   /usr/lib/libsamplerate.so.0.2.2
7fc463e93000-7fc463e98000 r-xp 00001000 103:02 4768927                   /usr/lib/libsamplerate.so.0.2.2
7fc463e98000-7fc463ffe000 r--p 00006000 103:02 4768927                   /usr/lib/libsamplerate.so.0.2.2
7fc463ffe000-7fc463fff000 r--p 0016b000 103:02 4768927                   /usr/lib/libsamplerate.so.0.2.2
7fc463fff000-7fc464000000 rw-p 0016c000 103:02 4768927                   /usr/lib/libsamplerate.so.0.2.2
7fc464000000-7fc464053000 r--p 00000000 103:02 4726308                   /usr/lib/libcrypto.so.3
7fc464053000-7fc4643ff000 r-xp 00053000 103:02 4726308                   /usr/lib/libcrypto.so.3
7fc4643ff000-7fc464525000 r--p 003ff000 103:02 4726308                   /usr/lib/libcrypto.so.3
7fc464525000-7fc4645a3000 r--p 00525000 103:02 4726308                   /usr/lib/libcrypto.so.3
7fc4645a3000-7fc4645a6000 rw-p 005a3000 103:02 4726308                   /usr/lib/libcrypto.so.3
7fc4645a6000-7fc4645a9000 rw-p 00000000 00:00 0 
7fc4645a9000-7fc4645ad000 rw-p 00000000 00:00 0 
7fc4645ad000-7fc4645af000 r--p 00000000 103:02 4788180                   /usr/lib/libasyncns.so.0.3.1
7fc4645af000-7fc4645b2000 r-xp 00002000 103:02 4788180                   /usr/lib/libasyncns.so.0.3.1
7fc4645b2000-7fc4645b3000 r--p 00005000 103:02 4788180                   /usr/lib/libasyncns.so.0.3.1
7fc4645b3000-7fc4645b4000 r--p 00005000 103:02 4788180                   /usr/lib/libasyncns.so.0.3.1
7fc4645b4000-7fc4645b5000 rw-p 00006000 103:02 4788180                   /usr/lib/libasyncns.so.0.3.1
7fc4645b5000-7fc4645b9000 r--p 00000000 103:02 4830241                   /usr/lib/libpgm-5.3.so.0.0.128
7fc4645b9000-7fc4645e1000 r-xp 00004000 103:02 4830241                   /usr/lib/libpgm-5.3.so.0.0.128
7fc4645e1000-7fc4645fa000 r--p 0002c000 103:02 4830241                   /usr/lib/libpgm-5.3.so.0.0.128
7fc4645fa000-7fc4645fb000 r--p 00045000 103:02 4830241                   /usr/lib/libpgm-5.3.so.0.0.128
7fc4645fb000-7fc4645fc000 rw-p 00046000 103:02 4830241                   /usr/lib/libpgm-5.3.so.0.0.128
7fc4645fc000-7fc464600000 rw-p 00000000 00:00 0 
7fc464600000-7fc464609000 r--p 00000000 103:02 4835513                   /usr/lib/libglslang.so.16.4.0
7fc464609000-7fc4648e3000 r-xp 00009000 103:02 4835513                   /usr/lib/libglslang.so.16.4.0
7fc4648e3000-7fc464998000 r--p 002e3000 103:02 4835513                   /usr/lib/libglslang.so.16.4.0
7fc464998000-7fc4649a7000 r--p 00397000 103:02 4835513                   /usr/lib/libglslang.so.16.4.0
7fc4649a7000-7fc4649a9000 rw-p 003a6000 103:02 4835513                   /usr/lib/libglslang.so.16.4.0
7fc4649a9000-7fc4650bd000 rw-p 00000000 00:00 0 
7fc4650bd000-7fc4650be000 rw-p 00000000 00:00 0 
7fc4650be000-7fc4650c2000 rw-p 00000000 00:00 0 
7fc4650c2000-7fc4650c4000 r--p 00000000 103:02 4732141                   /usr/lib/libkeyutils.so.1.10
7fc4650c4000-7fc4650c6000 r-xp 00002000 103:02 4732141                   /usr/lib/libkeyutils.so.1.10
7fc4650c6000-7fc4650c7000 r--p 00004000 103:02 4732141                   /usr/lib/libkeyutils.so.1.10
7fc4650c7000-7fc4650c8000 r--p 00004000 103:02 4732141                   /usr/lib/libkeyutils.so.1.10
7fc4650c8000-7fc4650c9000 rw-p 00005000 103:02 4732141                   /usr/lib/libkeyutils.so.1.10
7fc4650c9000-7fc4650cc000 r--p 00000000 103:02 4732435                   /usr/lib/libkrb5support.so.0.1
7fc4650cc000-7fc4650d3000 r-xp 00003000 103:02 4732435                   /usr/lib/libkrb5support.so.0.1
7fc4650d3000-7fc4650d6000 r--p 0000a000 103:02 4732435                   /usr/lib/libkrb5support.so.0.1
7fc4650d6000-7fc4650d7000 r--p 0000c000 103:02 4732435                   /usr/lib/libkrb5support.so.0.1
7fc4650d7000-7fc4650d8000 rw-p 0000d000 103:02 4732435                   /usr/lib/libkrb5support.so.0.1
7fc4650d8000-7fc4650da000 r--p 00000000 103:02 4737522                   /usr/lib/libtasn1.so.6.6.5
7fc4650da000-7fc4650e9000 r-xp 00002000 103:02 4737522                   /usr/lib/libtasn1.so.6.6.5
7fc4650e9000-7fc4650ec000 r--p 00011000 103:02 4737522                   /usr/lib/libtasn1.so.6.6.5
7fc4650ec000-7fc4650ed000 r--p 00014000 103:02 4737522                   /usr/lib/libtasn1.so.6.6.5
7fc4650ed000-7fc4650ee000 rw-p 00015000 103:02 4737522                   /usr/lib/libtasn1.so.6.6.5
7fc4650ee000-7fc4650f0000 r--p 00000000 103:02 4755205                   /usr/lib/libhwy.so.1.4.0
7fc4650f0000-7fc4650f8000 r-xp 00002000 103:02 4755205                   /usr/lib/libhwy.so.1.4.0
7fc4650f8000-7fc4650fb000 r--p 0000a000 103:02 4755205                   /usr/lib/libhwy.so.1.4.0
7fc4650fb000-7fc4650fc000 r--p 0000c000 103:02 4755205                   /usr/lib/libhwy.so.1.4.0
7fc4650fc000-7fc4650fd000 rw-p 0000d000 103:02 4755205                   /usr/lib/libhwy.so.1.4.0
7fc4650fd000-7fc4650fe000 r--p 00000000 103:02 4815185                   /usr/lib/libjxl_cms.so.0.12.0
7fc4650fe000-7fc46511f000 r-xp 00001000 103:02 4815185                   /usr/lib/libjxl_cms.so.0.12.0
7fc46511f000-7fc465124000 r--p 00022000 103:02 4815185                   /usr/lib/libjxl_cms.so.0.12.0
7fc465124000-7fc465125000 r--p 00027000 103:02 4815185                   /usr/lib/libjxl_cms.so.0.12.0
7fc465125000-7fc465126000 rw-p 00028000 103:02 4815185                   /usr/lib/libjxl_cms.so.0.12.0
7fc465126000-7fc465129000 r--p 00000000 103:02 4777363                   /usr/lib/libGLU.so.1.3.1
7fc465129000-7fc465173000 r-xp 00003000 103:02 4777363                   /usr/lib/libGLU.so.1.3.1
7fc465173000-7fc46517e000 r--p 0004d000 103:02 4777363                   /usr/lib/libGLU.so.1.3.1
7fc46517e000-7fc46517f000 r--p 00058000 103:02 4777363                   /usr/lib/libGLU.so.1.3.1
7fc46517f000-7fc465180000 rw-p 00059000 103:02 4777363                   /usr/lib/libGLU.so.1.3.1
7fc465180000-7fc465194000 r--p 00000000 103:02 5005676                   /usr/lib/pulseaudio/libpulsecommon-17.0.so
7fc465194000-7fc4651de000 r-xp 00014000 103:02 5005676                   /usr/lib/pulseaudio/libpulsecommon-17.0.so
7fc4651de000-7fc4651fd000 r--p 0005e000 103:02 5005676                   /usr/lib/pulseaudio/libpulsecommon-17.0.so
7fc4651fd000-7fc4651ff000 r--p 0007d000 103:02 5005676                   /usr/lib/pulseaudio/libpulsecommon-17.0.so
7fc4651ff000-7fc465200000 rw-p 0007f000 103:02 5005676                   /usr/lib/pulseaudio/libpulsecommon-17.0.so
7fc465200000-7fc465225000 r--p 00000000 103:02 4738682                   /usr/lib/libgnutls.so.30.42.0
7fc465225000-7fc46537b000 r-xp 00025000 103:02 4738682                   /usr/lib/libgnutls.so.30.42.0
7fc46537b000-7fc4653f9000 r--p 0017b000 103:02 4738682                   /usr/lib/libgnutls.so.30.42.0
7fc4653f9000-7fc46540b000 r--p 001f8000 103:02 4738682                   /usr/lib/libgnutls.so.30.42.0
7fc46540b000-7fc46540e000 rw-p 0020a000 103:02 4738682                   /usr/lib/libgnutls.so.30.42.0
7fc46540e000-7fc465411000 rw-p 00000000 00:00 0 
7fc465411000-7fc465415000 rw-p 00000000 00:00 0 
7fc465415000-7fc465417000 r--p 00000000 103:02 4816273                   /usr/lib/libvorbisfile.so.3.3.8
7fc465417000-7fc46541c000 r-xp 00002000 103:02 4816273                   /usr/lib/libvorbisfile.so.3.3.8
7fc46541c000-7fc46541d000 r--p 00007000 103:02 4816273                   /usr/lib/libvorbisfile.so.3.3.8
7fc46541d000-7fc46541e000 r--p 00007000 103:02 4816273                   /usr/lib/libvorbisfile.so.3.3.8
7fc46541e000-7fc46541f000 rw-p 00008000 103:02 4816273                   /usr/lib/libvorbisfile.so.3.3.8
7fc46541f000-7fc465426000 r--p 00000000 103:02 4761802                   /usr/lib/libgdk_pixbuf-2.0.so.0.4400.7
7fc465426000-7fc465448000 r-xp 00007000 103:02 4761802                   /usr/lib/libgdk_pixbuf-2.0.so.0.4400.7
7fc465448000-7fc465456000 r--p 00029000 103:02 4761802                   /usr/lib/libgdk_pixbuf-2.0.so.0.4400.7
7fc465456000-7fc465458000 r--p 00036000 103:02 4761802                   /usr/lib/libgdk_pixbuf-2.0.so.0.4400.7
7fc465458000-7fc465459000 rw-p 00038000 103:02 4761802                   /usr/lib/libgdk_pixbuf-2.0.so.0.4400.7
7fc465459000-7fc46545d000 r--p 00000000 103:02 4758497                   /usr/lib/libbsd.so.0.12.2
7fc46545d000-7fc465468000 r-xp 00004000 103:02 4758497                   /usr/lib/libbsd.so.0.12.2
7fc465468000-7fc46546b000 r--p 0000f000 103:02 4758497                   /usr/lib/libbsd.so.0.12.2
7fc46546b000-7fc46546c000 r--p 00011000 103:02 4758497                   /usr/lib/libbsd.so.0.12.2
7fc46546c000-7fc46546d000 rw-p 00012000 103:02 4758497                   /usr/lib/libbsd.so.0.12.2
7fc46546d000-7fc46546e000 rw-p 00000000 00:00 0 
7fc46546e000-7fc465470000 r--p 00000000 103:02 4769556                   /usr/lib/libv4l2.so.0.0.0
7fc465470000-7fc465476000 r-xp 00002000 103:02 4769556                   /usr/lib/libv4l2.so.0.0.0
7fc465476000-7fc465478000 r--p 00008000 103:02 4769556                   /usr/lib/libv4l2.so.0.0.0
7fc465478000-7fc465479000 r--p 00009000 103:02 4769556                   /usr/lib/libv4l2.so.0.0.0
7fc465479000-7fc46547d000 rw-p 0000a000 103:02 4769556                   /usr/lib/libv4l2.so.0.0.0
7fc46547d000-7fc465480000 r--p 00000000 103:02 4769084                   /usr/lib/libiec61883.so.0.1.1
7fc465480000-7fc465487000 r-xp 00003000 103:02 4769084                   /usr/lib/libiec61883.so.0.1.1
7fc465487000-7fc46548a000 r--p 0000a000 103:02 4769084                   /usr/lib/libiec61883.so.0.1.1
7fc46548a000-7fc46548b000 r--p 0000d000 103:02 4769084                   /usr/lib/libiec61883.so.0.1.1
7fc46548b000-7fc46548c000 rw-p 0000e000 103:02 4769084                   /usr/lib/libiec61883.so.0.1.1
7fc46548c000-7fc46548f000 r--p 00000000 103:02 4815220                   /usr/lib/liblz4.so.1.10.0
7fc46548f000-7fc4654ad000 r-xp 00003000 103:02 4815220                   /usr/lib/liblz4.so.1.10.0
7fc4654ad000-7fc4654af000 r--p 00021000 103:02 4815220                   /usr/lib/liblz4.so.1.10.0
7fc4654af000-7fc4654b0000 r--p 00023000 103:02 4815220                   /usr/lib/liblz4.so.1.10.0
7fc4654b0000-7fc4654b1000 rw-p 00024000 103:02 4815220                   /usr/lib/liblz4.so.1.10.0
7fc4654b1000-7fc4654ba000 r--p 00000000 103:02 4732365                   /usr/lib/libgssapi_krb5.so.2.2
7fc4654ba000-7fc4654fa000 r-xp 00009000 103:02 4732365                   /usr/lib/libgssapi_krb5.so.2.2
7fc4654fa000-7fc465506000 r--p 00049000 103:02 4732365                   /usr/lib/libgssapi_krb5.so.2.2
7fc465506000-7fc465508000 r--p 00055000 103:02 4732365                   /usr/lib/libgssapi_krb5.so.2.2
7fc465508000-7fc465509000 rw-p 00057000 103:02 4732365                   /usr/lib/libgssapi_krb5.so.2.2
7fc465509000-7fc46551d000 r--p 00000000 103:02 4726312                   /usr/lib/libssl.so.3
7fc46551d000-7fc4655ca000 r-xp 00014000 103:02 4726312                   /usr/lib/libssl.so.3
7fc4655ca000-7fc4655f2000 r--p 000c1000 103:02 4726312                   /usr/lib/libssl.so.3
7fc4655f2000-7fc4655fc000 r--p 000e9000 103:02 4726312                   /usr/lib/libssl.so.3
7fc4655fc000-7fc465600000 rw-p 000f3000 103:02 4726312                   /usr/lib/libssl.so.3
7fc465600000-7fc46560c000 r--p 00000000 103:02 4758335                   /usr/lib/libopenmpt.so.0.5.5
7fc46560c000-7fc465781000 r-xp 0000c000 103:02 4758335                   /usr/lib/libopenmpt.so.0.5.5
7fc465781000-7fc4657d0000 r--p 00181000 103:02 4758335                   /usr/lib/libopenmpt.so.0.5.5
7fc4657d0000-7fc4657d5000 r--p 001d0000 103:02 4758335                   /usr/lib/libopenmpt.so.0.5.5
7fc4657d5000-7fc4657d6000 rw-p 001d5000 103:02 4758335                   /usr/lib/libopenmpt.so.0.5.5
7fc4657d6000-7fc465830000 rw-p 00000000 00:00 0 
7fc465830000-7fc465831000 r--p 00000000 103:02 4755356                   /usr/lib/libsharpyuv.so.0.1.2
7fc465831000-7fc465835000 r-xp 00001000 103:02 4755356                   /usr/lib/libsharpyuv.so.0.1.2
7fc465835000-7fc465836000 r--p 00005000 103:02 4755356                   /usr/lib/libsharpyuv.so.0.1.2
7fc465836000-7fc465837000 r--p 00005000 103:02 4755356                   /usr/lib/libsharpyuv.so.0.1.2
7fc465837000-7fc465838000 rw-p 00006000 103:02 4755356                   /usr/lib/libsharpyuv.so.0.1.2
7fc465838000-7fc465839000 rw-p 00000000 00:00 0 
7fc465839000-7fc46583e000 r--p 00000000 103:02 4768962                   /usr/lib/libraw1394.so.11.1.0
7fc46583e000-7fc465846000 r-xp 00005000 103:02 4768962                   /usr/lib/libraw1394.so.11.1.0
7fc465846000-7fc465849000 r--p 0000d000 103:02 4768962                   /usr/lib/libraw1394.so.11.1.0
7fc465849000-7fc46584a000 r--p 0000f000 103:02 4768962                   /usr/lib/libraw1394.so.11.1.0
7fc46584a000-7fc46584b000 rw-p 00010000 103:02 4768962                   /usr/lib/libraw1394.so.11.1.0
7fc46584b000-7fc465851000 r--p 00000000 103:02 4737856                   /usr/lib/libssh2.so.1.0.1
7fc465851000-7fc465889000 r-xp 00006000 103:02 4737856                   /usr/lib/libssh2.so.1.0.1
7fc465889000-7fc465896000 r--p 0003e000 103:02 4737856                   /usr/lib/libssh2.so.1.0.1
7fc465896000-7fc465898000 r--p 0004b000 103:02 4737856                   /usr/lib/libssh2.so.1.0.1
7fc465898000-7fc465899000 rw-p 0004d000 103:02 4737856                   /usr/lib/libssh2.so.1.0.1
7fc465899000-7fc46589b000 r--p 00000000 103:02 4737748                   /usr/lib/libidn2.so.0.4.0
7fc46589b000-7fc46589f000 r-xp 00002000 103:02 4737748                   /usr/lib/libidn2.so.0.4.0
7fc46589f000-7fc4658b9000 r--p 00006000 103:02 4737748                   /usr/lib/libidn2.so.0.4.0
7fc4658b9000-7fc4658ba000 r--p 0001f000 103:02 4737748                   /usr/lib/libidn2.so.0.4.0
7fc4658ba000-7fc4658bb000 rw-p 00020000 103:02 4737748                   /usr/lib/libidn2.so.0.4.0
7fc4658bb000-7fc4658bf000 r--p 00000000 103:02 4750340                   /usr/lib/libngtcp2.so.16.11.0
7fc4658bf000-7fc465906000 r-xp 00004000 103:02 4750340                   /usr/lib/libngtcp2.so.16.11.0
7fc465906000-7fc465915000 r--p 0004b000 103:02 4750340                   /usr/lib/libngtcp2.so.16.11.0
7fc465915000-7fc465916000 r--p 0005a000 103:02 4750340                   /usr/lib/libngtcp2.so.16.11.0
7fc465916000-7fc465917000 rw-p 0005b000 103:02 4750340                   /usr/lib/libngtcp2.so.16.11.0
7fc465917000-7fc465932000 r--p 00000000 103:02 4768894                   /usr/lib/libsrt.so.1.5.6
7fc465932000-7fc4659d6000 r-xp 0001b000 103:02 4768894                   /usr/lib/libsrt.so.1.5.6
7fc4659d6000-7fc4659f7000 r--p 000bf000 103:02 4768894                   /usr/lib/libsrt.so.1.5.6
7fc4659f7000-7fc4659fa000 r--p 000e0000 103:02 4768894                   /usr/lib/libsrt.so.1.5.6
7fc4659fa000-7fc4659fb000 rw-p 000e3000 103:02 4768894                   /usr/lib/libsrt.so.1.5.6
7fc4659fb000-7fc465a00000 rw-p 00000000 00:00 0 
7fc465a00000-7fc465a06000 r-xp 00000000 103:02 1313995                   /opt/cuda/targets/x86_64-linux/lib/libOpenCL.so.1.0.0
7fc465a06000-7fc465c05000 ---p 00006000 103:02 1313995                   /opt/cuda/targets/x86_64-linux/lib/libOpenCL.so.1.0.0
7fc465c05000-7fc465c07000 r--p 00005000 103:02 1313995                   /opt/cuda/targets/x86_64-linux/lib/libOpenCL.so.1.0.0
7fc465c07000-7fc465c08000 rw-p 00007000 103:02 1313995                   /opt/cuda/targets/x86_64-linux/lib/libOpenCL.so.1.0.0
7fc465c08000-7fc465c09000 r--p 00000000 103:02 4745662                   /usr/lib/libharfbuzz-icu.so.0.61431.0
7fc465c09000-7fc465c0a000 r-xp 00001000 103:02 4745662                   /usr/lib/libharfbuzz-icu.so.0.61431.0
7fc465c0a000-7fc465c0b000 r--p 00002000 103:02 4745662                   /usr/lib/libharfbuzz-icu.so.0.61431.0
7fc465c0b000-7fc465c0c000 r--p 00002000 103:02 4745662                   /usr/lib/libharfbuzz-icu.so.0.61431.0
7fc465c0c000-7fc465c0d000 rw-p 00003000 103:02 4745662                   /usr/lib/libharfbuzz-icu.so.0.61431.0
7fc465c0d000-7fc465c0f000 r--p 00000000 103:02 4788171                   /usr/lib/libsoxr.so.0.1.2
7fc465c0f000-7fc465c33000 r-xp 00002000 103:02 4788171                   /usr/lib/libsoxr.so.0.1.2
7fc465c33000-7fc465c38000 r--p 00026000 103:02 4788171                   /usr/lib/libsoxr.so.0.1.2
7fc465c38000-7fc465c3a000 r--p 0002a000 103:02 4788171                   /usr/lib/libsoxr.so.0.1.2
7fc465c3a000-7fc465c3b000 rw-p 0002c000 103:02 4788171                   /usr/lib/libsoxr.so.0.1.2
7fc465c3b000-7fc465c70000 rw-p 00000000 00:00 0 
7fc465c70000-7fc465c76000 r--p 00000000 103:02 4769212                   /usr/lib/libmodplug.so.1.0.0
7fc465c76000-7fc465cb4000 r-xp 00006000 103:02 4769212                   /usr/lib/libmodplug.so.1.0.0
7fc465cb4000-7fc465cc1000 r--p 00044000 103:02 4769212                   /usr/lib/libmodplug.so.1.0.0
7fc465cc1000-7fc465cc2000 r--p 00051000 103:02 4769212                   /usr/lib/libmodplug.so.1.0.0
7fc465cc2000-7fc465cc3000 rw-p 00052000 103:02 4769212                   /usr/lib/libmodplug.so.1.0.0
7fc465cc3000-7fc465e00000 rw-p 00000000 00:00 0 
7fc465e00000-7fc465e5f000 r--p 00000000 103:02 4835194                   /usr/lib/libx265.so.217
7fc465e5f000-7fc467277000 r-xp 0005f000 103:02 4835194                   /usr/lib/libx265.so.217
7fc467277000-7fc4672fb000 r--p 01477000 103:02 4835194                   /usr/lib/libx265.so.217
7fc4672fb000-7fc467310000 r--p 014fa000 103:02 4835194                   /usr/lib/libx265.so.217
7fc467310000-7fc467313000 rw-p 0150f000 103:02 4835194                   /usr/lib/libx265.so.217
7fc467313000-7fc467325000 rw-p 00000000 00:00 0 
7fc467326000-7fc467328000 r--p 00000000 103:02 4792845                   /usr/lib/libogg.so.0.8.6
7fc467328000-7fc46732b000 r-xp 00002000 103:02 4792845                   /usr/lib/libogg.so.0.8.6
7fc46732b000-7fc46732e000 r--p 00005000 103:02 4792845                   /usr/lib/libogg.so.0.8.6
7fc46732e000-7fc46732f000 r--p 00008000 103:02 4792845                   /usr/lib/libogg.so.0.8.6
7fc46732f000-7fc467330000 rw-p 00009000 103:02 4792845                   /usr/lib/libogg.so.0.8.6
7fc467330000-7fc467334000 r--p 00000000 103:02 4750269                   /usr/lib/libnghttp2.so.14.29.5
7fc467334000-7fc46734a000 r-xp 00004000 103:02 4750269                   /usr/lib/libnghttp2.so.14.29.5
7fc46734a000-7fc467356000 r--p 0001a000 103:02 4750269                   /usr/lib/libnghttp2.so.14.29.5
7fc467356000-7fc467359000 r--p 00025000 103:02 4750269                   /usr/lib/libnghttp2.so.14.29.5
7fc467359000-7fc46735a000 rw-p 00028000 103:02 4750269                   /usr/lib/libnghttp2.so.14.29.5
7fc46735a000-7fc467378000 r--p 00000000 103:02 4770283                   /usr/lib/libdovi.so.3.4.0
7fc467378000-7fc4673f7000 r-xp 0001d000 103:02 4770283                   /usr/lib/libdovi.so.3.4.0
7fc4673f7000-7fc4673ff000 r--p 0009b000 103:02 4770283                   /usr/lib/libdovi.so.3.4.0
7fc4673ff000-7fc467400000 rw-p 000a2000 103:02 4770283                   /usr/lib/libdovi.so.3.4.0
7fc467400000-7fc467403000 r--p 00000000 103:02 4792842                   /usr/lib/libx264.so.165
7fc467403000-7fc467596000 r-xp 00003000 103:02 4792842                   /usr/lib/libx264.so.165
7fc467596000-7fc4675cf000 r--p 00196000 103:02 4792842                   /usr/lib/libx264.so.165
7fc4675cf000-7fc4675d1000 r--p 001ce000 103:02 4792842                   /usr/lib/libx264.so.165
7fc4675d1000-7fc4675d2000 rw-p 001d0000 103:02 4792842                   /usr/lib/libx264.so.165
7fc4675d2000-7fc4676cb000 rw-p 00000000 00:00 0 
7fc4676cc000-7fc4676ce000 r--p 00000000 103:02 4725865                   /usr/lib/libacl.so.1.2.2400
7fc4676ce000-7fc4676d4000 r-xp 00002000 103:02 4725865                   /usr/lib/libacl.so.1.2.2400
7fc4676d4000-7fc4676d6000 r--p 00008000 103:02 4725865                   /usr/lib/libacl.so.1.2.2400
7fc4676d6000-7fc4676d7000 r--p 00009000 103:02 4725865                   /usr/lib/libacl.so.1.2.2400
7fc4676d7000-7fc4676d8000 rw-p 0000a000 103:02 4725865                   /usr/lib/libacl.so.1.2.2400
7fc4676d8000-7fc4676db000 r--p 00000000 103:02 4750283                   /usr/lib/libnghttp3.so.9.9.0
7fc4676db000-7fc4676f0000 r-xp 00003000 103:02 4750283                   /usr/lib/libnghttp3.so.9.9.0
7fc4676f0000-7fc4676fd000 r--p 00018000 103:02 4750283                   /usr/lib/libnghttp3.so.9.9.0
7fc4676fd000-7fc4676fe000 r--p 00024000 103:02 4750283                   /usr/lib/libnghttp3.so.9.9.0
7fc4676fe000-7fc467700000 rw-p 00025000 103:02 4750283                   /usr/lib/libnghttp3.so.9.9.0
7fc467700000-7fc467705000 r--p 00000000 103:02 4743300                   /usr/lib/libshaderc_shared.so.1
7fc467705000-7fc467718000 r-xp 00005000 103:02 4743300                   /usr/lib/libshaderc_shared.so.1
7fc467718000-7fc46771c000 r--p 00018000 103:02 4743300                   /usr/lib/libshaderc_shared.so.1
7fc46771c000-7fc46771d000 r--p 0001b000 103:02 4743300                   /usr/lib/libshaderc_shared.so.1
7fc46771d000-7fc46771e000 rw-p 0001c000 103:02 4743300                   /usr/lib/libshaderc_shared.so.1
7fc46771e000-7fc467760000 r--p 00000000 103:02 4757008                   /usr/lib/libzmq.so.5.2.5
7fc467760000-7fc4677d4000 r-xp 00042000 103:02 4757008                   /usr/lib/libzmq.so.5.2.5
7fc4677d4000-7fc4677f5000 r--p 000b6000 103:02 4757008                   /usr/lib/libzmq.so.5.2.5
7fc4677f5000-7fc4677ff000 r--p 000d6000 103:02 4757008                   /usr/lib/libzmq.so.5.2.5
7fc4677ff000-7fc467800000 rw-p 000e0000 103:02 4757008                   /usr/lib/libzmq.so.5.2.5
7fc467800000-7fc467804000 r--p 00000000 103:02 4817227                   /usr/lib/libSvtAv1Enc.so.4.2.0
7fc467804000-7fc467c66000 r-xp 00004000 103:02 4817227                   /usr/lib/libSvtAv1Enc.so.4.2.0
7fc467c66000-7fc467d2a000 r--p 00466000 103:02 4817227                   /usr/lib/libSvtAv1Enc.so.4.2.0
7fc467d2a000-7fc467d2e000 r--p 00529000 103:02 4817227                   /usr/lib/libSvtAv1Enc.so.4.2.0
7fc467d2e000-7fc467d30000 rw-p 0052d000 103:02 4817227                   /usr/lib/libSvtAv1Enc.so.4.2.0
7fc467d30000-7fc46fd6e000 rw-p 00000000 00:00 0 
7fc46fd71000-7fc46fd7f000 r--p 00000000 103:02 4826263                   /usr/lib/libssh.so.4.12.0
7fc46fd7f000-7fc46fddc000 r-xp 0000e000 103:02 4826263                   /usr/lib/libssh.so.4.12.0
7fc46fddc000-7fc46fdfc000 r--p 0006b000 103:02 4826263                   /usr/lib/libssh.so.4.12.0
7fc46fdfc000-7fc46fdfe000 r--p 0008b000 103:02 4826263                   /usr/lib/libssh.so.4.12.0
7fc46fdfe000-7fc46fe00000 rw-p 0008d000 103:02 4826263                   /usr/lib/libssh.so.4.12.0
7fc46fe00000-7fc46fe88000 r--p 00000000 103:02 4812078                   /usr/lib/librav1e.so.0.8.1
7fc46fe88000-7fc4700ff000 r-xp 00087000 103:02 4812078                   /usr/lib/librav1e.so.0.8.1
7fc4700ff000-7fc470122000 r--p 002fd000 103:02 4812078                   /usr/lib/librav1e.so.0.8.1
7fc470122000-7fc470123000 rw-p 0031f000 103:02 4812078                   /usr/lib/librav1e.so.0.8.1
7fc470123000-7fc470124000 rw-p 00000000 00:00 0 
7fc470124000-7fc470126000 r--p 00000000 103:02 4726081                   /usr/lib/libcom_err.so.2.1
7fc470126000-7fc470127000 r-xp 00002000 103:02 4726081                   /usr/lib/libcom_err.so.2.1
7fc470127000-7fc470128000 r--p 00003000 103:02 4726081                   /usr/lib/libcom_err.so.2.1
7fc470128000-7fc470129000 r--p 00003000 103:02 4726081                   /usr/lib/libcom_err.so.2.1
7fc470129000-7fc47012a000 rw-p 00004000 103:02 4726081                   /usr/lib/libcom_err.so.2.1
7fc47012a000-7fc47012c000 r--p 00000000 103:02 4737828                   /usr/lib/libpsl.so.5.3.5
7fc47012c000-7fc47012e000 r-xp 00002000 103:02 4737828                   /usr/lib/libpsl.so.5.3.5
7fc47012e000-7fc47013c000 r--p 00004000 103:02 4737828                   /usr/lib/libpsl.so.5.3.5
7fc47013c000-7fc47013d000 r--p 00011000 103:02 4737828                   /usr/lib/libpsl.so.5.3.5
7fc47013d000-7fc47013e000 rw-p 00012000 103:02 4737828                   /usr/lib/libpsl.so.5.3.5
7fc47013e000-7fc470140000 r--p 00000000 103:02 4763199                   /usr/lib/libunwind.so.8.2.0
7fc470140000-7fc47014b000 r-xp 00002000 103:02 4763199                   /usr/lib/libunwind.so.8.2.0
7fc47014b000-7fc47014d000 r--p 0000d000 103:02 4763199                   /usr/lib/libunwind.so.8.2.0
7fc47014d000-7fc47014e000 r--p 0000e000 103:02 4763199                   /usr/lib/libunwind.so.8.2.0
7fc47014e000-7fc47014f000 rw-p 0000f000 103:02 4763199                   /usr/lib/libunwind.so.8.2.0
7fc47014f000-7fc470159000 rw-p 00000000 00:00 0 
7fc470159000-7fc47016a000 r--p 00000000 103:02 4725963                   /usr/lib/libgmp.so.10.5.0
7fc47016a000-7fc4701e8000 r-xp 00011000 103:02 4725963                   /usr/lib/libgmp.so.10.5.0
7fc4701e8000-7fc4701fd000 r--p 0008f000 103:02 4725963                   /usr/lib/libgmp.so.10.5.0
7fc4701fd000-7fc4701ff000 r--p 000a3000 103:02 4725963                   /usr/lib/libgmp.so.10.5.0
7fc4701ff000-7fc470200000 rw-p 000a5000 103:02 4725963                   /usr/lib/libgmp.so.10.5.0
7fc470200000-7fc470203000 r--p 00000000 103:02 4816266                   /usr/lib/libopus.so.0.11.1
7fc470203000-7fc470278000 r-xp 00003000 103:02 4816266                   /usr/lib/libopus.so.0.11.1
7fc470278000-7fc4705f4000 r--p 00078000 103:02 4816266                   /usr/lib/libopus.so.0.11.1
7fc4705f4000-7fc4705f8000 r--p 003f3000 103:02 4816266                   /usr/lib/libopus.so.0.11.1
7fc4705f8000-7fc4705f9000 rw-p 003f7000 103:02 4816266                   /usr/lib/libopus.so.0.11.1
7fc4705fa000-7fc4705fc000 r--p 00000000 103:02 4751858                   /usr/lib/libxcb-shape.so.0.0.0
7fc4705fc000-7fc4705fd000 r-xp 00002000 103:02 4751858                   /usr/lib/libxcb-shape.so.0.0.0
7fc4705fd000-7fc4705fe000 r--p 00003000 103:02 4751858                   /usr/lib/libxcb-shape.so.0.0.0
7fc4705fe000-7fc4705ff000 r--p 00003000 103:02 4751858                   /usr/lib/libxcb-shape.so.0.0.0
7fc4705ff000-7fc470600000 rw-p 00004000 103:02 4751858                   /usr/lib/libxcb-shape.so.0.0.0
7fc470600000-7fc470604000 r--p 00000000 103:02 4755238                   /usr/lib/libjxl.so.0.12.0
7fc470604000-7fc470949000 r-xp 00004000 103:02 4755238                   /usr/lib/libjxl.so.0.12.0
7fc470949000-7fc4709af000 r--p 00349000 103:02 4755238                   /usr/lib/libjxl.so.0.12.0
7fc4709af000-7fc4709b7000 r--p 003ae000 103:02 4755238                   /usr/lib/libjxl.so.0.12.0
7fc4709b7000-7fc4709b8000 rw-p 003b6000 103:02 4755238                   /usr/lib/libjxl.so.0.12.0
7fc4709b8000-7fc470a36000 rw-p 00000000 00:00 0 
7fc470a36000-7fc470a37000 r--p 00000000 103:02 4768976                   /usr/lib/librom1394.so.0.3.0
7fc470a37000-7fc470a39000 r-xp 00001000 103:02 4768976                   /usr/lib/librom1394.so.0.3.0
7fc470a39000-7fc470a3a000 r--p 00003000 103:02 4768976                   /usr/lib/librom1394.so.0.3.0
7fc470a3a000-7fc470a3b000 r--p 00003000 103:02 4768976                   /usr/lib/librom1394.so.0.3.0
7fc470a3b000-7fc470a3c000 rw-p 00004000 103:02 4768976                   /usr/lib/librom1394.so.0.3.0
7fc470a3c000-7fc470a3f000 r--p 00000000 103:02 4757522                   /usr/lib/libngtcp2_crypto_ossl.so.0.3.1
7fc470a3f000-7fc470a45000 r-xp 00003000 103:02 4757522                   /usr/lib/libngtcp2_crypto_ossl.so.0.3.1
7fc470a45000-7fc470a47000 r--p 00009000 103:02 4757522                   /usr/lib/libngtcp2_crypto_ossl.so.0.3.1
7fc470a47000-7fc470a48000 r--p 0000a000 103:02 4757522                   /usr/lib/libngtcp2_crypto_ossl.so.0.3.1
7fc470a48000-7fc470a49000 rw-p 0000b000 103:02 4757522                   /usr/lib/libngtcp2_crypto_ossl.so.0.3.1
7fc470a49000-7fc470a53000 r--p 00000000 103:02 4769595                   /usr/lib/libvmaf.so.3.2.0
7fc470a53000-7fc470aaf000 r-xp 0000a000 103:02 4769595                   /usr/lib/libvmaf.so.3.2.0
7fc470aaf000-7fc470ac2000 r--p 00066000 103:02 4769595                   /usr/lib/libvmaf.so.3.2.0
7fc470ac2000-7fc470ac5000 r--p 00079000 103:02 4769595                   /usr/lib/libvmaf.so.3.2.0
7fc470ac5000-7fc470b5c000 rw-p 0007c000 103:02 4769595                   /usr/lib/libvmaf.so.3.2.0
7fc470b5c000-7fc470b9c000 rw-p 00000000 00:00 0 
7fc470b9c000-7fc470ba0000 r--p 00000000 103:02 4837269                   /usr/lib/libvpl.so.2.17
7fc470ba0000-7fc470bea000 r-xp 00004000 103:02 4837269                   /usr/lib/libvpl.so.2.17
7fc470bea000-7fc470bfd000 r--p 0004e000 103:02 4837269                   /usr/lib/libvpl.so.2.17
7fc470bfd000-7fc470bff000 r--p 00060000 103:02 4837269                   /usr/lib/libvpl.so.2.17
7fc470bff000-7fc470c00000 rw-p 00062000 103:02 4837269                   /usr/lib/libvpl.so.2.17
7fc470c00000-7fc470c03000 r--p 00000000 103:02 4744981                   /usr/lib/libaom.so.3.14.1
7fc470c03000-7fc4713a2000 r-xp 00003000 103:02 4744981                   /usr/lib/libaom.so.3.14.1
7fc4713a2000-7fc471479000 r--p 007a2000 103:02 4744981                   /usr/lib/libaom.so.3.14.1
7fc471479000-7fc47148a000 r--p 00879000 103:02 4744981                   /usr/lib/libaom.so.3.14.1
7fc47148a000-7fc47148c000 rw-p 0088a000 103:02 4744981                   /usr/lib/libaom.so.3.14.1
7fc47148c000-7fc4714e3000 rw-p 00000000 00:00 0 
7fc4714e3000-7fc4714e5000 r--p 00000000 103:02 4768973                   /usr/lib/libavc1394.so.0.3.0
7fc4714e5000-7fc4714e7000 r-xp 00002000 103:02 4768973                   /usr/lib/libavc1394.so.0.3.0
7fc4714e7000-7fc4714e8000 r--p 00004000 103:02 4768973                   /usr/lib/libavc1394.so.0.3.0
7fc4714e8000-7fc4714e9000 r--p 00004000 103:02 4768973                   /usr/lib/libavc1394.so.0.3.0
7fc4714e9000-7fc4714ea000 rw-p 00005000 103:02 4768973                   /usr/lib/libavc1394.so.0.3.0
7fc4714ea000-7fc4714ec000 r--p 00000000 103:02 4835240                   /usr/lib/libglslang-default-resource-limits.so.16.4.0
7fc4714ec000-7fc4714f0000 r-xp 00002000 103:02 4835240                   /usr/lib/libglslang-default-resource-limits.so.16.4.0
7fc4714f0000-7fc4714f2000 r--p 00006000 103:02 4835240                   /usr/lib/libglslang-default-resource-limits.so.16.4.0
7fc4714f2000-7fc4714f3000 r--p 00008000 103:02 4835240                   /usr/lib/libglslang-default-resource-limits.so.16.4.0
7fc4714f3000-7fc4714f4000 rw-p 00009000 103:02 4835240                   /usr/lib/libglslang-default-resource-limits.so.16.4.0
7fc4714f4000-7fc4714f5000 r--p 00000000 103:02 4836934                   /usr/lib/libxvidcore.so.4.3
7fc4714f5000-7fc47157d000 r-xp 00001000 103:02 4836934                   /usr/lib/libxvidcore.so.4.3
7fc47157d000-7fc47158c000 r--p 00089000 103:02 4836934                   /usr/lib/libxvidcore.so.4.3
7fc47158c000-7fc47158d000 r--p 00097000 103:02 4836934                   /usr/lib/libxvidcore.so.4.3
7fc47158d000-7fc471597000 rw-p 00098000 103:02 4836934                   /usr/lib/libxvidcore.so.4.3
7fc471597000-7fc471600000 rw-p 00000000 00:00 0 
7fc471600000-7fc471609000 r--p 00000000 103:02 4814627                   /usr/lib/librsvg-2.so.2.62.3
7fc471609000-7fc47190e000 r-xp 00009000 103:02 4814627                   /usr/lib/librsvg-2.so.2.62.3
7fc47190e000-7fc471a1e000 r--p 0030e000 103:02 4814627                   /usr/lib/librsvg-2.so.2.62.3
7fc471a1e000-7fc471a8e000 r--p 0041d000 103:02 4814627                   /usr/lib/librsvg-2.so.2.62.3
7fc471a8e000-7fc471a8f000 rw-p 0048d000 103:02 4814627                   /usr/lib/librsvg-2.so.2.62.3
7fc471a8f000-7fc471a92000 r--p 00000000 103:02 4773735                   /usr/lib/libdvdread.so.8.2.0
7fc471a92000-7fc471ab0000 r-xp 00003000 103:02 4773735                   /usr/lib/libdvdread.so.8.2.0
7fc471ab0000-7fc471ab9000 r--p 00021000 103:02 4773735                   /usr/lib/libdvdread.so.8.2.0
7fc471ab9000-7fc471aba000 r--p 0002a000 103:02 4773735                   /usr/lib/libdvdread.so.8.2.0
7fc471aba000-7fc471abb000 rw-p 0002b000 103:02 4773735                   /usr/lib/libdvdread.so.8.2.0
7fc471abb000-7fc471ac0000 r--p 00000000 103:02 4769333                   /usr/lib/libvidstab.so.1.2
7fc471ac0000-7fc471acc000 r-xp 00005000 103:02 4769333                   /usr/lib/libvidstab.so.1.2
7fc471acc000-7fc471ad0000 r--p 00011000 103:02 4769333                   /usr/lib/libvidstab.so.1.2
7fc471ad0000-7fc471ad1000 r--p 00014000 103:02 4769333                   /usr/lib/libvidstab.so.1.2
7fc471ad1000-7fc471ad2000 rw-p 00015000 103:02 4769333                   /usr/lib/libvidstab.so.1.2
7fc471ad2000-7fc471ad5000 r--p 00000000 103:02 4755359                   /usr/lib/libwebp.so.7.2.0
7fc471ad5000-7fc471b46000 r-xp 00003000 103:02 4755359                   /usr/lib/libwebp.so.7.2.0
7fc471b46000-7fc471b56000 r--p 00074000 103:02 4755359                   /usr/lib/libwebp.so.7.2.0
7fc471b56000-7fc471b57000 r--p 00083000 103:02 4755359                   /usr/lib/libwebp.so.7.2.0
7fc471b57000-7fc471b58000 rw-p 00084000 103:02 4755359                   /usr/lib/libwebp.so.7.2.0
7fc471b58000-7fc471b59000 rw-p 00000000 00:00 0 
7fc471b59000-7fc471b5a000 r--p 00000000 103:02 4769018                   /usr/lib/libvorbisenc.so.2.0.12
7fc471b5a000-7fc471b5d000 r-xp 00001000 103:02 4769018                   /usr/lib/libvorbisenc.so.2.0.12
7fc471b5d000-7fc471bd4000 r--p 00004000 103:02 4769018                   /usr/lib/libvorbisenc.so.2.0.12
7fc471bd4000-7fc471bf0000 r--p 0007a000 103:02 4769018                   /usr/lib/libvorbisenc.so.2.0.12
7fc471bf0000-7fc471bf1000 rw-p 00096000 103:02 4769018                   /usr/lib/libvorbisenc.so.2.0.12
7fc471bf1000-7fc471bf4000 r--p 00000000 103:02 4769013                   /usr/lib/libvorbis.so.0.4.9
7fc471bf4000-7fc471c0c000 r-xp 00003000 103:02 4769013                   /usr/lib/libvorbis.so.0.4.9
7fc471c0c000-7fc471c1d000 r--p 0001b000 103:02 4769013                   /usr/lib/libvorbis.so.0.4.9
7fc471c1d000-7fc471c1e000 r--p 0002b000 103:02 4769013                   /usr/lib/libvorbis.so.0.4.9
7fc471c1e000-7fc471c1f000 rw-p 0002c000 103:02 4769013                   /usr/lib/libvorbis.so.0.4.9
7fc471c1f000-7fc471c21000 r--p 00000000 103:02 4817089                   /usr/lib/libdav1d.so.7.0.0
7fc471c21000-7fc471d9f000 r-xp 00002000 103:02 4817089                   /usr/lib/libdav1d.so.7.0.0
7fc471d9f000-7fc471dd7000 r--p 00180000 103:02 4817089                   /usr/lib/libdav1d.so.7.0.0
7fc471dd7000-7fc471ddb000 r--p 001b7000 103:02 4817089                   /usr/lib/libdav1d.so.7.0.0
7fc471ddb000-7fc471ddc000 rw-p 001bb000 103:02 4817089                   /usr/lib/libdav1d.so.7.0.0
7fc471ddc000-7fc471e00000 rw-p 00000000 00:00 0 
7fc471e00000-7fc471e02000 r--p 00000000 103:02 4817225                   /usr/lib/libvpx.so.12.0.0
7fc471e02000-7fc4720f0000 r-xp 00002000 103:02 4817225                   /usr/lib/libvpx.so.12.0.0
7fc4720f0000-7fc472125000 r--p 002f0000 103:02 4817225                   /usr/lib/libvpx.so.12.0.0
7fc472125000-7fc472128000 r--p 00325000 103:02 4817225                   /usr/lib/libvpx.so.12.0.0
7fc472128000-7fc472129000 rw-p 00328000 103:02 4817225                   /usr/lib/libvpx.so.12.0.0
7fc472129000-7fc472130000 rw-p 00000000 00:00 0 
7fc472134000-7fc472136000 r--p 00000000 103:02 4769073                   /usr/lib/libbs2b.so.0.0.0
7fc472136000-7fc472139000 r-xp 00002000 103:02 4769073                   /usr/lib/libbs2b.so.0.0.0
7fc472139000-7fc47213a000 r--p 00005000 103:02 4769073                   /usr/lib/libbs2b.so.0.0.0
7fc47213a000-7fc47213b000 r--p 00005000 103:02 4769073                   /usr/lib/libbs2b.so.0.0.0
7fc47213b000-7fc47213c000 rw-p 00006000 103:02 4769073                   /usr/lib/libbs2b.so.0.0.0
7fc47213c000-7fc47213e000 r--p 00000000 103:02 4769303                   /usr/lib/libtheoradec.so.2.1.1
7fc47213e000-7fc472150000 r-xp 00002000 103:02 4769303                   /usr/lib/libtheoradec.so.2.1.1
7fc472150000-7fc472152000 r--p 00014000 103:02 4769303                   /usr/lib/libtheoradec.so.2.1.1
7fc472152000-7fc472153000 r--p 00015000 103:02 4769303                   /usr/lib/libtheoradec.so.2.1.1
7fc472153000-7fc472154000 rw-p 00016000 103:02 4769303                   /usr/lib/libtheoradec.so.2.1.1
7fc472154000-7fc472155000 r--p 00000000 103:02 4816286                   /usr/lib/libtheoraenc.so.2.2.1
7fc472155000-7fc472179000 r-xp 00001000 103:02 4816286                   /usr/lib/libtheoraenc.so.2.2.1
7fc472179000-7fc472185000 r--p 00025000 103:02 4816286                   /usr/lib/libtheoraenc.so.2.2.1
7fc472185000-7fc472186000 r--p 00030000 103:02 4816286                   /usr/lib/libtheoraenc.so.2.2.1
7fc472186000-7fc472187000 rw-p 00031000 103:02 4816286                   /usr/lib/libtheoraenc.so.2.2.1
7fc472187000-7fc472189000 r--p 00000000 103:02 4769495                   /usr/lib/libspeex.so.1.5.2
7fc472189000-7fc47219c000 r-xp 00002000 103:02 4769495                   /usr/lib/libspeex.so.1.5.2
7fc47219c000-7fc4721a1000 r--p 00015000 103:02 4769495                   /usr/lib/libspeex.so.1.5.2
7fc4721a1000-7fc4721a2000 r--p 0001a000 103:02 4769495                   /usr/lib/libspeex.so.1.5.2
7fc4721a2000-7fc4721a3000 rw-p 0001b000 103:02 4769495                   /usr/lib/libspeex.so.1.5.2
7fc4721a3000-7fc4721aa000 r--p 00000000 103:02 4755382                   /usr/lib/libopenjp2.so.2.5.4
7fc4721aa000-7fc472202000 r-xp 00007000 103:02 4755382                   /usr/lib/libopenjp2.so.2.5.4
7fc472202000-7fc472214000 r--p 0005f000 103:02 4755382                   /usr/lib/libopenjp2.so.2.5.4
7fc472214000-7fc472216000 r--p 00071000 103:02 4755382                   /usr/lib/libopenjp2.so.2.5.4
7fc472216000-7fc472217000 rw-p 00073000 103:02 4755382                   /usr/lib/libopenjp2.so.2.5.4
7fc472217000-7fc472218000 r--p 00000000 103:02 4769453                   /usr/lib/libopencore-amrnb.so.0.0.5
7fc472218000-7fc472235000 r-xp 00001000 103:02 4769453                   /usr/lib/libopencore-amrnb.so.0.0.5
7fc472235000-7fc47223f000 r--p 0001e000 103:02 4769453                   /usr/lib/libopencore-amrnb.so.0.0.5
7fc47223f000-7fc472240000 r--p 00027000 103:02 4769453                   /usr/lib/libopencore-amrnb.so.0.0.5
7fc472240000-7fc472241000 rw-p 00028000 103:02 4769453                   /usr/lib/libopencore-amrnb.so.0.0.5
7fc472241000-7fc472246000 r--p 00000000 103:02 4818072                   /usr/lib/libmp3lame.so.0.0.0
7fc472246000-7fc47226f000 r-xp 00005000 103:02 4818072                   /usr/lib/libmp3lame.so.0.0.0
7fc47226f000-7fc47227c000 r--p 0002e000 103:02 4818072                   /usr/lib/libmp3lame.so.0.0.0
7fc47227c000-7fc47227d000 r--p 0003b000 103:02 4818072                   /usr/lib/libmp3lame.so.0.0.0
7fc47227d000-7fc47227e000 rw-p 0003c000 103:02 4818072                   /usr/lib/libmp3lame.so.0.0.0
7fc47227e000-7fc47228f000 rw-p 00000000 00:00 0 
7fc47228f000-7fc472290000 r--p 00000000 103:02 4837255                   /usr/lib/libjxl_threads.so.0.12.0
7fc472290000-7fc472292000 r-xp 00001000 103:02 4837255                   /usr/lib/libjxl_threads.so.0.12.0
7fc472292000-7fc472293000 r--p 00003000 103:02 4837255                   /usr/lib/libjxl_threads.so.0.12.0
7fc472293000-7fc472294000 r--p 00003000 103:02 4837255                   /usr/lib/libjxl_threads.so.0.12.0
7fc472294000-7fc472295000 rw-p 00004000 103:02 4837255                   /usr/lib/libjxl_threads.so.0.12.0
7fc472295000-7fc472297000 r--p 00000000 103:02 4767530                   /usr/lib/libgsm.so.1.0.22
7fc472297000-7fc4722a1000 r-xp 00002000 103:02 4767530                   /usr/lib/libgsm.so.1.0.22
7fc4722a1000-7fc4722a2000 r--p 0000c000 103:02 4767530                   /usr/lib/libgsm.so.1.0.22
7fc4722a2000-7fc4722a3000 r--p 0000d000 103:02 4767530                   /usr/lib/libgsm.so.1.0.22
7fc4722a3000-7fc4722a4000 rw-p 0000e000 103:02 4767530                   /usr/lib/libgsm.so.1.0.22
7fc4722a4000-7fc4722a5000 r--p 00000000 103:02 4788175                   /usr/lib/libopencore-amrwb.so.0.0.5
7fc4722a5000-7fc4722b1000 r-xp 00001000 103:02 4788175                   /usr/lib/libopencore-amrwb.so.0.0.5
7fc4722b1000-7fc4722b8000 r--p 0000d000 103:02 4788175                   /usr/lib/libopencore-amrwb.so.0.0.5
7fc4722b8000-7fc4722b9000 r--p 00013000 103:02 4788175                   /usr/lib/libopencore-amrwb.so.0.0.5
7fc4722b9000-7fc4722ba000 rw-p 00014000 103:02 4788175                   /usr/lib/libopencore-amrwb.so.0.0.5
7fc4722ba000-7fc4722be000 r--p 00000000 103:02 4733684                   /usr/lib/liblzma.so.5.8.3
7fc4722be000-7fc4722e2000 r-xp 00004000 103:02 4733684                   /usr/lib/liblzma.so.5.8.3
7fc4722e2000-7fc4722ed000 r--p 00028000 103:02 4733684                   /usr/lib/liblzma.so.5.8.3
7fc4722ed000-7fc4722ee000 r--p 00033000 103:02 4733684                   /usr/lib/liblzma.so.5.8.3
7fc4722ee000-7fc4722ef000 rw-p 00034000 103:02 4733684                   /usr/lib/liblzma.so.5.8.3
7fc4722ef000-7fc4722f0000 r--p 00000000 103:02 4763771                   /usr/lib/libunibreak.so.7.0.0
7fc4722f0000-7fc4722f3000 r-xp 00001000 103:02 4763771                   /usr/lib/libunibreak.so.7.0.0
7fc4722f3000-7fc472310000 r--p 00004000 103:02 4763771                   /usr/lib/libunibreak.so.7.0.0
7fc472310000-7fc472311000 r--p 00020000 103:02 4763771                   /usr/lib/libunibreak.so.7.0.0
7fc472311000-7fc472312000 rw-p 00021000 103:02 4763771                   /usr/lib/libunibreak.so.7.0.0
7fc472312000-7fc472315000 r--p 00000000 103:02 4837263                   /usr/lib/libva.so.2.2400.0
7fc472315000-7fc472337000 r-xp 00003000 103:02 4837263                   /usr/lib/libva.so.2.2400.0
7fc472337000-7fc47234a000 r--p 00025000 103:02 4837263                   /usr/lib/libva.so.2.2400.0
7fc47234a000-7fc47234b000 r--p 00038000 103:02 4837263                   /usr/lib/libva.so.2.2400.0
7fc47234b000-7fc47234c000 rw-p 00039000 103:02 4837263                   /usr/lib/libva.so.2.2400.0
7fc47234c000-7fc472353000 r--p 00000000 103:02 4771963                   /usr/lib/libvulkan.so.1.4.357
7fc472353000-7fc4723b2000 r-xp 00007000 103:02 4771963                   /usr/lib/libvulkan.so.1.4.357
7fc4723b2000-7fc4723e7000 r--p 00066000 103:02 4771963                   /usr/lib/libvulkan.so.1.4.357
7fc4723e7000-7fc4723e9000 r--p 0009a000 103:02 4771963                   /usr/lib/libvulkan.so.1.4.357
7fc4723e9000-7fc4723ea000 rw-p 0009c000 103:02 4771963                   /usr/lib/libvulkan.so.1.4.357
7fc4723ea000-7fc4723f0000 r--p 00000000 103:02 4774588                   /usr/lib/libsixel.so.1.0.0
7fc4723f0000-7fc472415000 r-xp 00006000 103:02 4774588                   /usr/lib/libsixel.so.1.0.0
7fc472415000-7fc47241e000 r--p 0002b000 103:02 4774588                   /usr/lib/libsixel.so.1.0.0
7fc47241e000-7fc472435000 r--p 00033000 103:02 4774588                   /usr/lib/libsixel.so.1.0.0
7fc472435000-7fc472436000 rw-p 0004a000 103:02 4774588                   /usr/lib/libsixel.so.1.0.0
7fc472436000-7fc47243b000 r--p 00000000 103:02 4748352                   /usr/lib/libjpeg.so.8.3.2
7fc47243b000-7fc4724b5000 r-xp 00005000 103:02 4748352                   /usr/lib/libjpeg.so.8.3.2
7fc4724b5000-7fc4724dc000 r--p 0007f000 103:02 4748352                   /usr/lib/libjpeg.so.8.3.2
7fc4724dc000-7fc4724dd000 r--p 000a6000 103:02 4748352                   /usr/lib/libjpeg.so.8.3.2
7fc4724dd000-7fc4724de000 rw-p 000a7000 103:02 4748352                   /usr/lib/libjpeg.so.8.3.2
7fc4724de000-7fc4724e1000 r--p 00000000 103:02 4767560                   /usr/lib/libdisplay-info.so.0.3.0
7fc4724e1000-7fc4724f9000 r-xp 00003000 103:02 4767560                   /usr/lib/libdisplay-info.so.0.3.0
7fc4724f9000-7fc472515000 r--p 0001b000 103:02 4767560                   /usr/lib/libdisplay-info.so.0.3.0
7fc472515000-7fc472516000 r--p 00036000 103:02 4767560                   /usr/lib/libdisplay-info.so.0.3.0
7fc472516000-7fc472517000 rw-p 00037000 103:02 4767560                   /usr/lib/libdisplay-info.so.0.3.0
7fc472517000-7fc47251f000 r--p 00000000 103:02 4777398                   /usr/lib/libcaca.so.0.99.20
7fc47251f000-7fc472539000 r-xp 00008000 103:02 4777398                   /usr/lib/libcaca.so.0.99.20
7fc472539000-7fc4725e4000 r--p 00022000 103:02 4777398                   /usr/lib/libcaca.so.0.99.20
7fc4725e4000-7fc4725e6000 r--p 000cc000 103:02 4777398                   /usr/lib/libcaca.so.0.99.20
7fc4725e6000-7fc4725e7000 rw-p 000ce000 103:02 4777398                   /usr/lib/libcaca.so.0.99.20
7fc4725e7000-7fc4725f3000 r--p 00000000 103:02 4769245                   /usr/lib/libpulse.so.0.24.3
7fc4725f3000-7fc472623000 r-xp 0000c000 103:02 4769245                   /usr/lib/libpulse.so.0.24.3
7fc472623000-7fc472634000 r--p 0003c000 103:02 4769245                   /usr/lib/libpulse.so.0.24.3
7fc472634000-7fc472636000 r--p 0004c000 103:02 4769245                   /usr/lib/libpulse.so.0.24.3
7fc472636000-7fc472637000 rw-p 0004e000 103:02 4769245                   /usr/lib/libpulse.so.0.24.3
7fc472637000-7fc472644000 r--p 00000000 103:02 4751534                   /usr/lib/libpipewire-0.3.so.0.1608.0
7fc472644000-7fc4726cb000 r-xp 0000d000 103:02 4751534                   /usr/lib/libpipewire-0.3.so.0.1608.0
7fc4726cb000-7fc4726e9000 r--p 00094000 103:02 4751534                   /usr/lib/libpipewire-0.3.so.0.1608.0
7fc4726e9000-7fc472705000 r--p 000b2000 103:02 4751534                   /usr/lib/libpipewire-0.3.so.0.1608.0
7fc472705000-7fc472706000 rw-p 000ce000 103:02 4751534                   /usr/lib/libpipewire-0.3.so.0.1608.0
7fc472706000-7fc472707000 rw-p 00000000 00:00 0 
7fc472707000-7fc472729000 r--p 00000000 103:02 4743150                   /usr/lib/libasound.so.2.0.0
7fc472729000-7fc4727c9000 r-xp 00022000 103:02 4743150                   /usr/lib/libasound.so.2.0.0
7fc4727c9000-7fc4727f7000 r--p 000c2000 103:02 4743150                   /usr/lib/libasound.so.2.0.0
7fc4727f7000-7fc4727ff000 r--p 000f0000 103:02 4743150                   /usr/lib/libasound.so.2.0.0
7fc4727ff000-7fc472800000 rw-p 000f8000 103:02 4743150                   /usr/lib/libasound.so.2.0.0
7fc472800000-7fc472803000 r--p 00000000 103:02 4771718                   /usr/lib/libswscale.so.10.1.101
7fc472803000-7fc4729dc000 r-xp 00003000 103:02 4771718                   /usr/lib/libswscale.so.10.1.101
7fc4729dc000-7fc4729fa000 r--p 001dc000 103:02 4771718                   /usr/lib/libswscale.so.10.1.101
7fc4729fa000-7fc472a0e000 r--p 001f9000 103:02 4771718                   /usr/lib/libswscale.so.10.1.101
7fc472a0e000-7fc472a0f000 rw-p 0020d000 103:02 4771718                   /usr/lib/libswscale.so.10.1.101
7fc472a0f000-7fc472a53000 rw-p 00000000 00:00 0 
7fc472a53000-7fc472a54000 r--p 00000000 103:02 7880804                   /usr/lib/jvm/java-26-openjdk/lib/libsyslookup.so
7fc472a54000-7fc472a55000 r-xp 00001000 103:02 7880804                   /usr/lib/jvm/java-26-openjdk/lib/libsyslookup.so
7fc472a55000-7fc472a56000 r--p 00002000 103:02 7880804                   /usr/lib/jvm/java-26-openjdk/lib/libsyslookup.so
7fc472a56000-7fc472a57000 r--p 00002000 103:02 7880804                   /usr/lib/jvm/java-26-openjdk/lib/libsyslookup.so
7fc472a57000-7fc472a58000 rw-p 00003000 103:02 7880804                   /usr/lib/jvm/java-26-openjdk/lib/libsyslookup.so
7fc472a58000-7fc472a5f000 r--p 00000000 103:02 4768939                   /usr/lib/libjack.so.0.1.0
7fc472a5f000-7fc472a8d000 r-xp 00007000 103:02 4768939                   /usr/lib/libjack.so.0.1.0
7fc472a8d000-7fc472aa3000 r--p 00035000 103:02 4768939                   /usr/lib/libjack.so.0.1.0
7fc472aa3000-7fc472aa6000 r--p 0004a000 103:02 4768939                   /usr/lib/libjack.so.0.1.0
7fc472aa6000-7fc472aa7000 rw-p 0004d000 103:02 4768939                   /usr/lib/libjack.so.0.1.0
7fc472aa7000-7fc472aaa000 r--p 00000000 103:02 4769435                   /usr/lib/libzimg.so.2.0.0
7fc472aaa000-7fc472b24000 r-xp 00003000 103:02 4769435                   /usr/lib/libzimg.so.2.0.0
7fc472b24000-7fc472b36000 r--p 0007d000 103:02 4769435                   /usr/lib/libzimg.so.2.0.0
7fc472b36000-7fc472b3a000 r--p 0008e000 103:02 4769435                   /usr/lib/libzimg.so.2.0.0
7fc472b3a000-7fc472b3b000 rw-p 00092000 103:02 4769435                   /usr/lib/libzimg.so.2.0.0
7fc472b3b000-7fc472b3c000 r--p 00000000 103:02 4768705                   /usr/lib/libuchardet.so.0.0.8
7fc472b3c000-7fc472b42000 r-xp 00001000 103:02 4768705                   /usr/lib/libuchardet.so.0.0.8
7fc472b42000-7fc472b65000 r--p 00007000 103:02 4768705                   /usr/lib/libuchardet.so.0.0.8
7fc472b65000-7fc472b68000 r--p 00029000 103:02 4768705                   /usr/lib/libuchardet.so.0.0.8
7fc472b68000-7fc472b69000 rw-p 0002c000 103:02 4768705                   /usr/lib/libuchardet.so.0.0.8
7fc472b69000-7fc472b6e000 r--p 00000000 103:02 4774103                   /usr/lib/libluajit-5.1.so.2.1.1787165859
7fc472b6e000-7fc472be5000 r-xp 00005000 103:02 4774103                   /usr/lib/libluajit-5.1.so.2.1.1787165859
7fc472be5000-7fc472bfc000 r--p 0007c000 103:02 4774103                   /usr/lib/libluajit-5.1.so.2.1.1787165859
7fc472bfc000-7fc472bff000 r--p 00093000 103:02 4774103                   /usr/lib/libluajit-5.1.so.2.1.1787165859
7fc472bff000-7fc472c00000 rw-p 00096000 103:02 4774103                   /usr/lib/libluajit-5.1.so.2.1.1787165859
7fc472c00000-7fc472c0d000 r--p 00000000 103:02 4755479                   /usr/lib/libavutil.so.61.1.101
7fc472c0d000-7fc472cf7000 r-xp 0000d000 103:02 4755479                   /usr/lib/libavutil.so.61.1.101
7fc472cf7000-7fc472d21000 r--p 000f7000 103:02 4755479                   /usr/lib/libavutil.so.61.1.101
7fc472d21000-7fc472d37000 r--p 00120000 103:02 4755479                   /usr/lib/libavutil.so.61.1.101
7fc472d37000-7fc472d38000 rw-p 00136000 103:02 4755479                   /usr/lib/libavutil.so.61.1.101
7fc472d38000-7fc472e47000 rw-p 00000000 00:00 0 
7fc472e49000-7fc472e4a000 rw-s 00000000 00:07 1112                       /dev/nvidia0
7fc472e4a000-7fc472e4d000 r--p 00000000 103:02 4846487                   /usr/lib/libsnappy.so.1.2.2
7fc472e4d000-7fc472e54000 r-xp 00003000 103:02 4846487                   /usr/lib/libsnappy.so.1.2.2
7fc472e54000-7fc472e57000 r--p 0000a000 103:02 4846487                   /usr/lib/libsnappy.so.1.2.2
7fc472e57000-7fc472e58000 r--p 0000c000 103:02 4846487                   /usr/lib/libsnappy.so.1.2.2
7fc472e58000-7fc472e59000 rw-p 0000d000 103:02 4846487                   /usr/lib/libsnappy.so.1.2.2
7fc472e59000-7fc472e5b000 r--p 00000000 103:02 4763355                   /usr/lib/libwebpmux.so.3.1.2
7fc472e5b000-7fc472e62000 r-xp 00002000 103:02 4763355                   /usr/lib/libwebpmux.so.3.1.2
7fc472e62000-7fc472e63000 r--p 00009000 103:02 4763355                   /usr/lib/libwebpmux.so.3.1.2
7fc472e63000-7fc472e64000 r--p 0000a000 103:02 4763355                   /usr/lib/libwebpmux.so.3.1.2
7fc472e64000-7fc472e65000 rw-p 0000b000 103:02 4763355                   /usr/lib/libwebpmux.so.3.1.2
7fc472e65000-7fc472e75000 r--p 00000000 103:02 4745057                   /usr/lib/librubberband.so.3.0.0
7fc472e75000-7fc472ebb000 r-xp 00010000 103:02 4745057                   /usr/lib/librubberband.so.3.0.0
7fc472ebb000-7fc472ecc000 r--p 00056000 103:02 4745057                   /usr/lib/librubberband.so.3.0.0
7fc472ecc000-7fc472ece000 r--p 00066000 103:02 4745057                   /usr/lib/librubberband.so.3.0.0
7fc472ece000-7fc472ecf000 rw-p 00068000 103:02 4745057                   /usr/lib/librubberband.so.3.0.0
7fc472ecf000-7fc472ed2000 r--p 00000000 103:02 4812074                   /usr/lib/libbluray.so.3.1.0
7fc472ed2000-7fc472f05000 r-xp 00003000 103:02 4812074                   /usr/lib/libbluray.so.3.1.0
7fc472f05000-7fc472f15000 r--p 00036000 103:02 4812074                   /usr/lib/libbluray.so.3.1.0
7fc472f15000-7fc472f17000 r--p 00045000 103:02 4812074                   /usr/lib/libbluray.so.3.1.0
7fc472f17000-7fc472f18000 rw-p 00047000 103:02 4812074                   /usr/lib/libbluray.so.3.1.0
7fc472f18000-7fc472f27000 r--p 00000000 103:02 4737468                   /usr/lib/libarchive.so.13.8.9
7fc472f27000-7fc472fd1000 r-xp 0000f000 103:02 4737468                   /usr/lib/libarchive.so.13.8.9
7fc472fd1000-7fc472ffb000 r--p 000b9000 103:02 4737468                   /usr/lib/libarchive.so.13.8.9
7fc472ffb000-7fc472fff000 r--p 000e3000 103:02 4737468                   /usr/lib/libarchive.so.13.8.9
7fc472fff000-7fc473000000 rw-p 000e7000 103:02 4737468                   /usr/lib/libarchive.so.13.8.9
7fc473000000-7fc473012000 r--p 00000000 103:02 4754446                   /usr/lib/libavformat.so.63.1.101
7fc473012000-7fc47325e000 r-xp 00012000 103:02 4754446                   /usr/lib/libavformat.so.63.1.101
7fc47325e000-7fc4732eb000 r--p 0025e000 103:02 4754446                   /usr/lib/libavformat.so.63.1.101
7fc4732eb000-7fc473325000 r--p 002ea000 103:02 4754446                   /usr/lib/libavformat.so.63.1.101
7fc473325000-7fc473326000 rw-p 00324000 103:02 4754446                   /usr/lib/libavformat.so.63.1.101
7fc473326000-7fc473328000 rw-s 00000000 00:07 1110                       /dev/nvidiactl
7fc473328000-7fc473329000 rw-s 00000000 00:07 1110                       /dev/nvidiactl
7fc473329000-7fc47332c000 r--p 00000000 103:02 4777462                   /usr/lib/libsndio.so.7.3
7fc47332c000-7fc473335000 r-xp 00003000 103:02 4777462                   /usr/lib/libsndio.so.7.3
7fc473335000-7fc473338000 r--p 0000c000 103:02 4777462                   /usr/lib/libsndio.so.7.3
7fc473338000-7fc473339000 r--p 0000f000 103:02 4777462                   /usr/lib/libsndio.so.7.3
7fc473339000-7fc47333a000 rw-p 00010000 103:02 4777462                   /usr/lib/libsndio.so.7.3
7fc47333a000-7fc47333c000 rw-p 00000000 00:00 0 
7fc47333c000-7fc473345000 r--p 00000000 103:02 4771955                   /usr/lib/liblcms2.so.2.0.19
7fc473345000-7fc47338c000 r-xp 00009000 103:02 4771955                   /usr/lib/liblcms2.so.2.0.19
7fc47338c000-7fc4733a1000 r--p 00050000 103:02 4771955                   /usr/lib/liblcms2.so.2.0.19
7fc4733a1000-7fc4733a4000 r--p 00064000 103:02 4771955                   /usr/lib/liblcms2.so.2.0.19
7fc4733a4000-7fc4733a7000 rw-p 00067000 103:02 4771955                   /usr/lib/liblcms2.so.2.0.19
7fc4733a7000-7fc4733a8000 rw-p 00000000 00:00 0 
7fc4733a8000-7fc4733ae000 r--p 00000000 103:02 4774597                   /usr/lib/libmujs.so
7fc4733ae000-7fc4733ec000 r-xp 00006000 103:02 4774597                   /usr/lib/libmujs.so
7fc4733ec000-7fc4733fd000 r--p 00044000 103:02 4774597                   /usr/lib/libmujs.so
7fc4733fd000-7fc4733ff000 r--p 00055000 103:02 4774597                   /usr/lib/libmujs.so
7fc4733ff000-7fc473400000 rw-p 00057000 103:02 4774597                   /usr/lib/libmujs.so
7fc473400000-7fc473414000 r--p 00000000 103:02 4750361                   /usr/lib/libavfilter.so.12.1.101
7fc473414000-7fc47390f000 r-xp 00014000 103:02 4750361                   /usr/lib/libavfilter.so.12.1.101
7fc47390f000-7fc4739ff000 r--p 0050f000 103:02 4750361                   /usr/lib/libavfilter.so.12.1.101
7fc4739ff000-7fc473a9a000 r--p 005ff000 103:02 4750361                   /usr/lib/libavfilter.so.12.1.101
7fc473a9a000-7fc473a9b000 rw-p 0069a000 103:02 4750361                   /usr/lib/libavfilter.so.12.1.101
7fc473a9b000-7fc473a9f000 rw-p 00000000 00:00 0 
7fc473a9f000-7fc473aa2000 r--p 00000000 103:02 4776442                   /usr/share/locale/en_GB/LC_MESSAGES/at-spi2-core.mo
7fc473aa2000-7fc473aa4000 r--p 00000000 103:02 4816290                   /usr/lib/libva-x11.so.2.2400.0
7fc473aa4000-7fc473aa7000 r-xp 00002000 103:02 4816290                   /usr/lib/libva-x11.so.2.2400.0
7fc473aa7000-7fc473aa8000 r--p 00005000 103:02 4816290                   /usr/lib/libva-x11.so.2.2400.0
7fc473aa8000-7fc473aa9000 r--p 00005000 103:02 4816290                   /usr/lib/libva-x11.so.2.2400.0
7fc473aa9000-7fc473aaa000 rw-p 00006000 103:02 4816290                   /usr/lib/libva-x11.so.2.2400.0
7fc473aaa000-7fc473aac000 r--p 00000000 103:02 4799670                   /usr/lib/libva-wayland.so.2.2400.0
7fc473aac000-7fc473aae000 r-xp 00002000 103:02 4799670                   /usr/lib/libva-wayland.so.2.2400.0
7fc473aae000-7fc473aaf000 r--p 00004000 103:02 4799670                   /usr/lib/libva-wayland.so.2.2400.0
7fc473aaf000-7fc473ab0000 r--p 00005000 103:02 4799670                   /usr/lib/libva-wayland.so.2.2400.0
7fc473ab0000-7fc473ab1000 rw-p 00006000 103:02 4799670                   /usr/lib/libva-wayland.so.2.2400.0
7fc473ab1000-7fc473ab9000 r--p 00000000 103:02 4750339                   /usr/lib/libavdevice.so.63.1.101
7fc473ab9000-7fc473ac9000 r-xp 00008000 103:02 4750339                   /usr/lib/libavdevice.so.63.1.101
7fc473ac9000-7fc473acf000 r--p 00018000 103:02 4750339                   /usr/lib/libavdevice.so.63.1.101
7fc473acf000-7fc473ad3000 r--p 0001e000 103:02 4750339                   /usr/lib/libavdevice.so.63.1.101
7fc473ad3000-7fc473ad4000 rw-p 00022000 103:02 4750339                   /usr/lib/libavdevice.so.63.1.101
7fc473ad4000-7fc473ada000 r--p 00000000 103:02 4773161                   /usr/lib/libcdio.so.19.1.0
7fc473ada000-7fc473aee000 r-xp 00006000 103:02 4773161                   /usr/lib/libcdio.so.19.1.0
7fc473aee000-7fc473af7000 r--p 0001a000 103:02 4773161                   /usr/lib/libcdio.so.19.1.0
7fc473af7000-7fc473af9000 r--p 00022000 103:02 4773161                   /usr/lib/libcdio.so.19.1.0
7fc473af9000-7fc473afa000 rw-p 00024000 103:02 4773161                   /usr/lib/libcdio.so.19.1.0
7fc473afa000-7fc473afd000 rw-p 00000000 00:00 0 
7fc473afd000-7fc473b0a000 r--p 00000000 103:02 4738083                   /usr/lib/libcurl.so.4.8.0
7fc473b0a000-7fc473bcb000 r-xp 0000d000 103:02 4738083                   /usr/lib/libcurl.so.4.8.0
7fc473bcb000-7fc473bf7000 r--p 000ce000 103:02 4738083                   /usr/lib/libcurl.so.4.8.0
7fc473bf7000-7fc473bfe000 r--p 000f9000 103:02 4738083                   /usr/lib/libcurl.so.4.8.0
7fc473bfe000-7fc473bff000 rw-p 00100000 103:02 4738083                   /usr/lib/libcurl.so.4.8.0
7fc473bff000-7fc473c00000 rw-p 00000000 00:00 0 
7fc473c00000-7fc473c15000 r--p 00000000 103:02 4750331                   /usr/lib/libavcodec.so.63.1.101
7fc473c15000-7fc474bae000 r-xp 00015000 103:02 4750331                   /usr/lib/libavcodec.so.63.1.101
7fc474bae000-7fc474f67000 r--p 00fae000 103:02 4750331                   /usr/lib/libavcodec.so.63.1.101
7fc474f67000-7fc474fed000 r--p 01367000 103:02 4750331                   /usr/lib/libavcodec.so.63.1.101
7fc474fed000-7fc474fef000 rw-p 013ed000 103:02 4750331                   /usr/lib/libavcodec.so.63.1.101
7fc474fef000-7fc475693000 rw-p 00000000 00:00 0 
7fc475693000-7fc475694000 r--p 00000000 103:02 4843256                   /usr/lib/libvdpau.so.1.0.0
7fc475694000-7fc475695000 r-xp 00001000 103:02 4843256                   /usr/lib/libvdpau.so.1.0.0
7fc475695000-7fc475696000 r--p 00002000 103:02 4843256                   /usr/lib/libvdpau.so.1.0.0
7fc475696000-7fc475697000 r--p 00002000 103:02 4843256                   /usr/lib/libvdpau.so.1.0.0
7fc475697000-7fc475698000 rw-p 00003000 103:02 4843256                   /usr/lib/libvdpau.so.1.0.0
7fc475698000-7fc47569a000 r--p 00000000 103:02 4769399                   /usr/lib/libXv.so.1.0.0
7fc47569a000-7fc47569d000 r-xp 00002000 103:02 4769399                   /usr/lib/libXv.so.1.0.0
7fc47569d000-7fc47569e000 r--p 00005000 103:02 4769399                   /usr/lib/libXv.so.1.0.0
7fc47569e000-7fc47569f000 r--p 00005000 103:02 4769399                   /usr/lib/libXv.so.1.0.0
7fc47569f000-7fc4756a0000 rw-p 00006000 103:02 4769399                   /usr/lib/libXv.so.1.0.0
7fc4756a0000-7fc4756af000 r--p 00000000 103:02 4781957                   /usr/lib/libplacebo.so.360
7fc4756af000-7fc47575f000 r-xp 0000f000 103:02 4781957                   /usr/lib/libplacebo.so.360
7fc47575f000-7fc4757a3000 r--p 000bf000 103:02 4781957                   /usr/lib/libplacebo.so.360
7fc4757a3000-7fc4757b8000 r--p 00103000 103:02 4781957                   /usr/lib/libplacebo.so.360
7fc4757b8000-7fc4757be000 rw-p 00118000 103:02 4781957                   /usr/lib/libplacebo.so.360
7fc4757be000-7fc4757c2000 r--p 00000000 103:02 4816269                   /usr/lib/libass.so.9.4.2
7fc4757c2000-7fc4757f6000 r-xp 00004000 103:02 4816269                   /usr/lib/libass.so.9.4.2
7fc4757f6000-7fc4757fe000 r--p 00038000 103:02 4816269                   /usr/lib/libass.so.9.4.2
7fc4757fe000-7fc4757ff000 r--p 0003f000 103:02 4816269                   /usr/lib/libass.so.9.4.2
7fc4757ff000-7fc475800000 rw-p 00040000 103:02 4816269                   /usr/lib/libass.so.9.4.2
7fc475800000-7fc475853000 r--p 00000000 103:02 6837904                   /home/annihilator/dev/mpv/build/libmpv.so.2.5.0
7fc475853000-7fc475a76000 r-xp 00053000 103:02 6837904                   /home/annihilator/dev/mpv/build/libmpv.so.2.5.0
7fc475a76000-7fc475b9f000 r--p 00276000 103:02 6837904                   /home/annihilator/dev/mpv/build/libmpv.so.2.5.0
7fc475b9f000-7fc475beb000 r--p 0039f000 103:02 6837904                   /home/annihilator/dev/mpv/build/libmpv.so.2.5.0
7fc475beb000-7fc475bf0000 rw-p 003eb000 103:02 6837904                   /home/annihilator/dev/mpv/build/libmpv.so.2.5.0
7fc475bf0000-7fc475bf1000 rw-p 00000000 00:00 0 
7fc475bf1000-7fc475bf3000 r--p 00000000 00:1a 53161                      /dev/shm/716e306c-95b7-4d19-95b4-1c569de03be9 (deleted)
7fc475bf3000-7fc475bf4000 r--p 00000000 103:02 4754963                   /usr/lib/libva-drm.so.2.2400.0
7fc475bf4000-7fc475bf5000 r-xp 00001000 103:02 4754963                   /usr/lib/libva-drm.so.2.2400.0
7fc475bf5000-7fc475bf6000 r--p 00002000 103:02 4754963                   /usr/lib/libva-drm.so.2.2400.0
7fc475bf6000-7fc475bf7000 r--p 00002000 103:02 4754963                   /usr/lib/libva-drm.so.2.2400.0
7fc475bf7000-7fc475bf8000 rw-p 00003000 103:02 4754963                   /usr/lib/libva-drm.so.2.2400.0
7fc475bf8000-7fc475bf9000 rw-p 00000000 00:00 0 
7fc475bf9000-7fc475bfd000 ---p 00000000 00:00 0 
7fc475bfd000-7fc4760fe000 rw-p 00000000 00:00 0 
7fc4760fe000-7fc476102000 ---p 00000000 00:00 0 
7fc476102000-7fc4761ff000 rw-p 00000000 00:00 0 
7fc4761ff000-7fc476203000 ---p 00000000 00:00 0 
7fc476203000-7fc476300000 rw-p 00000000 00:00 0 
7fc476300000-7fc476304000 ---p 00000000 00:00 0 
7fc476304000-7fc476400000 rw-p 00000000 00:00 0 
7fc476400000-7fc476650000 r-xp 00000000 103:02 4831579                   /usr/lib/libnvidia-glcore.so.610.57.04
7fc476650000-7fc476671000 rwxp 00250000 103:02 4831579                   /usr/lib/libnvidia-glcore.so.610.57.04
7fc476671000-7fc476800000 r-xp 00271000 103:02 4831579                   /usr/lib/libnvidia-glcore.so.610.57.04
7fc476800000-7fc477400000 r-xp 00400000 103:02 4831579                   /usr/lib/libnvidia-glcore.so.610.57.04
7fc477400000-7fc4789f9000 r-xp 01000000 103:02 4831579                   /usr/lib/libnvidia-glcore.so.610.57.04
7fc4789f9000-7fc4789fa000 ---p 025f9000 103:02 4831579                   /usr/lib/libnvidia-glcore.so.610.57.04
7fc4789fa000-7fc478b72000 r--p 025f9000 103:02 4831579                   /usr/lib/libnvidia-glcore.so.610.57.04
7fc478b72000-7fc478bd5000 rw-p 02771000 103:02 4831579                   /usr/lib/libnvidia-glcore.so.610.57.04
7fc478bd5000-7fc478bf5000 rw-p 00000000 00:00 0 
7fc478bf5000-7fc478bf6000 rw-p 00000000 00:00 0 
7fc478bf6000-7fc478bf8000 rw-p 00000000 00:00 0 
7fc478bf8000-7fc478bfa000 r--p 00000000 103:02 4757852                   /usr/lib/libXrandr.so.2.2.0
7fc478bfa000-7fc478c01000 r-xp 00002000 103:02 4757852                   /usr/lib/libXrandr.so.2.2.0
7fc478c01000-7fc478c03000 r--p 00009000 103:02 4757852                   /usr/lib/libXrandr.so.2.2.0
7fc478c03000-7fc478c04000 r--p 0000a000 103:02 4757852                   /usr/lib/libXrandr.so.2.2.0
7fc478c04000-7fc478c05000 rw-p 0000b000 103:02 4757852                   /usr/lib/libXrandr.so.2.2.0
7fc478c05000-7fc478c07000 r--p 00000000 103:02 4769654                   /usr/lib/libswresample.so.7.1.101
7fc478c07000-7fc478c2a000 r-xp 00002000 103:02 4769654                   /usr/lib/libswresample.so.7.1.101
7fc478c2a000-7fc478c2f000 r--p 00025000 103:02 4769654                   /usr/lib/libswresample.so.7.1.101
7fc478c2f000-7fc478c31000 r--p 0002a000 103:02 4769654                   /usr/lib/libswresample.so.7.1.101
7fc478c31000-7fc478c32000 rw-p 0002c000 103:02 4769654                   /usr/lib/libswresample.so.7.1.101
7fc478c32000-7fc478c83000 r--p 00000000 103:02 4826231                   /usr/lib/libGLX_nvidia.so.610.57.04
7fc478c83000-7fc478ce0000 r-xp 00051000 103:02 4826231                   /usr/lib/libGLX_nvidia.so.610.57.04
7fc478ce0000-7fc478d15000 rwxp 000ae000 103:02 4826231                   /usr/lib/libGLX_nvidia.so.610.57.04
7fc478d15000-7fc478d16000 r-xp 000e3000 103:02 4826231                   /usr/lib/libGLX_nvidia.so.610.57.04
7fc478d16000-7fc478d36000 r--p 000e4000 103:02 4826231                   /usr/lib/libGLX_nvidia.so.610.57.04
7fc478d36000-7fc478d56000 r--p 00103000 103:02 4826231                   /usr/lib/libGLX_nvidia.so.610.57.04
7fc478d56000-7fc478d5b000 rw-p 00123000 103:02 4826231                   /usr/lib/libGLX_nvidia.so.610.57.04
7fc478d5b000-7fc478d5d000 rw-p 00000000 00:00 0 
7fc478d5d000-7fc478d5f000 r--p 00000000 103:02 4750371                   /usr/lib/libGLX.so.0.0.0
7fc478d5f000-7fc478d79000 r-xp 00002000 103:02 4750371                   /usr/lib/libGLX.so.0.0.0
7fc478d79000-7fc478d7c000 r--p 0001c000 103:02 4750371                   /usr/lib/libGLX.so.0.0.0
7fc478d7c000-7fc478d7d000 r--p 0001f000 103:02 4750371                   /usr/lib/libGLX.so.0.0.0
7fc478d7d000-7fc478d7e000 rw-p 00020000 103:02 4750371                   /usr/lib/libGLX.so.0.0.0
7fc478d7e000-7fc478d8e000 rw-p 00000000 00:00 0 
7fc478d8e000-7fc478dbd000 r--p 00000000 103:02 4750360                   /usr/lib/libGL.so.1.7.0
7fc478dbd000-7fc478ddc000 r-xp 0002f000 103:02 4750360                   /usr/lib/libGL.so.1.7.0
7fc478ddc000-7fc478df0000 r--p 0004e000 103:02 4750360                   /usr/lib/libGL.so.1.7.0
7fc478df0000-7fc478dfe000 r--p 00062000 103:02 4750360                   /usr/lib/libGL.so.1.7.0
7fc478dfe000-7fc478dff000 rw-p 00070000 103:02 4750360                   /usr/lib/libGL.so.1.7.0
7fc478dff000-7fc478e00000 rw-p 00000000 00:00 0 
7fc478e00000-7fc47a71a000 r-xp 00000000 103:02 6306886                   /home/annihilator/.skiko/skiko-linux-x64-434f7633c843870c0839a1137b128f6c3db3c5d58dcad3545e90827e3e341afb/libskiko-linux-x64.so
7fc47a71a000-7fc47a752000 r--p 01919000 103:02 6306886                   /home/annihilator/.skiko/skiko-linux-x64-434f7633c843870c0839a1137b128f6c3db3c5d58dcad3545e90827e3e341afb/libskiko-linux-x64.so
7fc47a752000-7fc47a755000 rw-p 01951000 103:02 6306886                   /home/annihilator/.skiko/skiko-linux-x64-434f7633c843870c0839a1137b128f6c3db3c5d58dcad3545e90827e3e341afb/libskiko-linux-x64.so
7fc47a755000-7fc47a75e000 rw-p 00000000 00:00 0 
7fc47a75e000-7fc47a75f000 rw-s 00000000 00:01 592787                     /memfd:WebKitSharedMemory (deleted)
7fc47a75f000-7fc47a760000 r--p 00000000 103:02 4775248                   /usr/lib/libXpresent.so.1.0.0
7fc47a760000-7fc47a761000 r-xp 00001000 103:02 4775248                   /usr/lib/libXpresent.so.1.0.0
7fc47a761000-7fc47a762000 r--p 00002000 103:02 4775248                   /usr/lib/libXpresent.so.1.0.0
7fc47a762000-7fc47a763000 r--p 00002000 103:02 4775248                   /usr/lib/libXpresent.so.1.0.0
7fc47a763000-7fc47a764000 rw-p 00003000 103:02 4775248                   /usr/lib/libXpresent.so.1.0.0
7fc47a764000-7fc47a767000 r--p 00000000 103:02 4775212                   /usr/lib/libdvdnav.so.4.4.0
7fc47a767000-7fc47a776000 r-xp 00003000 103:02 4775212                   /usr/lib/libdvdnav.so.4.4.0
7fc47a776000-7fc47a77a000 r--p 00012000 103:02 4775212                   /usr/lib/libdvdnav.so.4.4.0
7fc47a77a000-7fc47a77b000 r--p 00015000 103:02 4775212                   /usr/lib/libdvdnav.so.4.4.0
7fc47a77b000-7fc47a77c000 rw-p 00016000 103:02 4775212                   /usr/lib/libdvdnav.so.4.4.0
7fc47a77c000-7fc47a77e000 r--p 00000000 103:02 4773185                   /usr/lib/libcdio_cdda.so.2.0.0
7fc47a77e000-7fc47a782000 r-xp 00002000 103:02 4773185                   /usr/lib/libcdio_cdda.so.2.0.0
7fc47a782000-7fc47a784000 r--p 00006000 103:02 4773185                   /usr/lib/libcdio_cdda.so.2.0.0
7fc47a784000-7fc47a785000 r--p 00007000 103:02 4773185                   /usr/lib/libcdio_cdda.so.2.0.0
7fc47a785000-7fc47a786000 rw-p 00008000 103:02 4773185                   /usr/lib/libcdio_cdda.so.2.0.0
7fc47a786000-7fc47a787000 rw-p 00000000 00:00 0 
7fc47a787000-7fc47a78b000 ---p 00000000 00:00 0 
7fc47a78b000-7fc47a888000 rw-p 00000000 00:00 0 
7fc47a888000-7fc47a88c000 ---p 00000000 00:00 0 
7fc47a88c000-7fc47a988000 rw-p 00000000 00:00 0 
7fc47a988000-7fc47a9bb000 r--p 00000000 00:2f 28159                      /tmp/lwjgl_annihilator/3.3.6+1/x64/liblwjgl_opengl.so
7fc47a9bb000-7fc47a9cf000 r-xp 00033000 00:2f 28159                      /tmp/lwjgl_annihilator/3.3.6+1/x64/liblwjgl_opengl.so
7fc47a9cf000-7fc47a9df000 r--p 00047000 00:2f 28159                      /tmp/lwjgl_annihilator/3.3.6+1/x64/liblwjgl_opengl.so
7fc47a9df000-7fc47a9e0000 r--p 00056000 00:2f 28159                      /tmp/lwjgl_annihilator/3.3.6+1/x64/liblwjgl_opengl.so
7fc47a9e0000-7fc47a9e1000 rw-p 00057000 00:2f 28159                      /tmp/lwjgl_annihilator/3.3.6+1/x64/liblwjgl_opengl.so
7fc47a9e1000-7fc47aa46000 r--p 00000000 103:02 5014472                   /usr/share/fonts/liberation/LiberationSans-Regular.ttf
7fc47aa46000-7fc47aae1000 r--p 00000000 103:02 5641617                   /usr/share/fonts/noto/NotoSans-Bold.ttf
7fc47aae1000-7fc47aae2000 rw-p 00000000 00:00 0 
7fc47aae2000-7fc47aae6000 ---p 00000000 00:00 0 
7fc47aae6000-7fc47abe3000 rw-p 00000000 00:00 0 
7fc47abe3000-7fc47abe7000 ---p 00000000 00:00 0 
7fc47abe7000-7fc47ace4000 rw-p 00000000 00:00 0 
7fc47ace4000-7fc47ace8000 ---p 00000000 00:00 0 
7fc47ace8000-7fc47ade4000 rw-p 00000000 00:00 0 
7fc47ade4000-7fc47ade8000 r--p 00000000 103:02 7880771                   /usr/lib/jvm/java-26-openjdk/lib/libawt.so
7fc47ade8000-7fc47ae8c000 r-xp 00004000 103:02 7880771                   /usr/lib/jvm/java-26-openjdk/lib/libawt.so
7fc47ae8c000-7fc47ae99000 r--p 000a8000 103:02 7880771                   /usr/lib/jvm/java-26-openjdk/lib/libawt.so
7fc47ae99000-7fc47ae9a000 r--p 000b4000 103:02 7880771                   /usr/lib/jvm/java-26-openjdk/lib/libawt.so
7fc47ae9a000-7fc47aea5000 rw-p 000b5000 103:02 7880771                   /usr/lib/jvm/java-26-openjdk/lib/libawt.so
7fc47aea5000-7fc47aeca000 rw-p 00000000 00:00 0 
7fc47aeca000-7fc47af65000 r--p 00000000 103:02 5641617                   /usr/share/fonts/noto/NotoSans-Bold.ttf
7fc47af65000-7fc47b000000 r--p 00000000 103:02 5641617                   /usr/share/fonts/noto/NotoSans-Bold.ttf
7fc47b000000-7fc47cf94000 r--p 00000000 103:02 4735921                   /usr/lib/libicudata.so.78.3
7fc47cf94000-7fc47cf95000 r--p 01f93000 103:02 4735921                   /usr/lib/libicudata.so.78.3
7fc47cf95000-7fc47cf96000 rw-p 00000000 00:00 0 
7fc47cf96000-7fc47cf97000 rw-p 00000000 00:00 0 
7fc47cf97000-7fc47cf98000 r--p 00000000 103:02 4773188                   /usr/lib/libcdio_paranoia.so.2.0.0
7fc47cf98000-7fc47cf9d000 r-xp 00001000 103:02 4773188                   /usr/lib/libcdio_paranoia.so.2.0.0
7fc47cf9d000-7fc47cf9e000 r--p 00006000 103:02 4773188                   /usr/lib/libcdio_paranoia.so.2.0.0
7fc47cf9e000-7fc47cf9f000 r--p 00006000 103:02 4773188                   /usr/lib/libcdio_paranoia.so.2.0.0
7fc47cf9f000-7fc47cfa0000 rw-p 00007000 103:02 4773188                   /usr/lib/libcdio_paranoia.so.2.0.0
7fc47cfa0000-7fc47cfe0000 rw-s 00000000 00:07 1110                       /dev/nvidiactl
7fc47cfe0000-7fc47d000000 rw-s 00000000 00:07 1110                       /dev/nvidiactl
7fc47d000000-7fc47d55b000 r--p 00000000 103:02 4817093                   /usr/lib/libLLVM.so.22.1
7fc47d55b000-7fc483208000 r-xp 0055b000 103:02 4817093                   /usr/lib/libLLVM.so.22.1
7fc483208000-7fc487156000 r--p 06208000 103:02 4817093                   /usr/lib/libLLVM.so.22.1
7fc487156000-7fc487372000 r--p 0a156000 103:02 4817093                   /usr/lib/libLLVM.so.22.1
7fc487372000-7fc48737c000 rw-p 0a372000 103:02 4817093                   /usr/lib/libLLVM.so.22.1
7fc48737c000-7fc48744c000 rw-p 00000000 00:00 0 
7fc48744c000-7fc48744d000 r--s 00000000 00:07 1110                       /dev/nvidiactl
7fc48744e000-7fc48744f000 r--p 00000000 103:02 4754785                   /usr/lib/libXss.so.1.0.0
7fc48744f000-7fc487450000 r-xp 00001000 103:02 4754785                   /usr/lib/libXss.so.1.0.0
7fc487450000-7fc487451000 r--p 00002000 103:02 4754785                   /usr/lib/libXss.so.1.0.0
7fc487451000-7fc487452000 r--p 00002000 103:02 4754785                   /usr/lib/libXss.so.1.0.0
7fc487452000-7fc487453000 rw-p 00003000 103:02 4754785                   /usr/lib/libXss.so.1.0.0
7fc487453000-7fc487466000 rw-s 00000000 00:07 1110                       /dev/nvidiactl
7fc487466000-7fc4874a6000 rw-s 00000000 00:07 1110                       /dev/nvidiactl
7fc4874a6000-7fc4874e6000 rw-s 00000000 00:07 1110                       /dev/nvidiactl
7fc4874e6000-7fc487600000 r--s 00000000 103:02 3835361                   /var/cache/fontconfig/923e285e415b1073c8df160bee08820f-le64.cache-12
7fc487600000-7fc48761b000 r--p 00000000 103:02 4834667                   /usr/lib/libgallium-26.2.1-arch1.1.so
7fc48761b000-7fc48969b000 r-xp 0001b000 103:02 4834667                   /usr/lib/libgallium-26.2.1-arch1.1.so
7fc48969b000-7fc48a8ed000 r--p 0209b000 103:02 4834667                   /usr/lib/libgallium-26.2.1-arch1.1.so
7fc48a8ed000-7fc48aa6b000 r--p 032ec000 103:02 4834667                   /usr/lib/libgallium-26.2.1-arch1.1.so
7fc48aa6b000-7fc48aaa9000 rw-p 0346a000 103:02 4834667                   /usr/lib/libgallium-26.2.1-arch1.1.so
7fc48aaa9000-7fc48ac77000 rw-p 00000000 00:00 0 
7fc48ac7b000-7fc48ac7c000 r--p 00000000 103:02 4834742                   /usr/lib/libnvidia-tls.so.610.57.04
7fc48ac7c000-7fc48ac7e000 r-xp 00001000 103:02 4834742                   /usr/lib/libnvidia-tls.so.610.57.04
7fc48ac7e000-7fc48ac7f000 r--p 00003000 103:02 4834742                   /usr/lib/libnvidia-tls.so.610.57.04
7fc48ac7f000-7fc48ac80000 r--p 00003000 103:02 4834742                   /usr/lib/libnvidia-tls.so.610.57.04
7fc48ac80000-7fc48ac81000 rw-p 00004000 103:02 4834742                   /usr/lib/libnvidia-tls.so.610.57.04
7fc48ac83000-7fc48ac84000 rw-p 00000000 00:00 0 
7fc48ac85000-7fc48aca5000 rw-s 00000000 00:07 1110                       /dev/nvidiactl
7fc48aca5000-7fc48acb3000 r--p 00000000 103:02 7880773                   /usr/lib/jvm/java-26-openjdk/lib/libawt_xawt.so
7fc48acb3000-7fc48acf7000 r-xp 0000e000 103:02 7880773                   /usr/lib/jvm/java-26-openjdk/lib/libawt_xawt.so
7fc48acf7000-7fc48ad0b000 r--p 00052000 103:02 7880773                   /usr/lib/jvm/java-26-openjdk/lib/libawt_xawt.so
7fc48ad0b000-7fc48ad0d000 r--p 00066000 103:02 7880773                   /usr/lib/jvm/java-26-openjdk/lib/libawt_xawt.so
7fc48ad0d000-7fc48ad0e000 rw-p 00068000 103:02 7880773                   /usr/lib/jvm/java-26-openjdk/lib/libawt_xawt.so
7fc48ad0e000-7fc48ad0f000 rw-p 00000000 00:00 0 
7fc48ad0f000-7fc48ae00000 r--s 00000000 103:02 3835673                   /var/cache/fontconfig/f6b893a7224233d96cb72fd88691c0b4-le64.cache-12
7fc48ae00000-7fc48b15b000 r--p 00000000 103:02 4833041                   /usr/lib/libnvidia-gpucomp.so.610.57.04
7fc48b15b000-7fc48f6f8000 r-xp 0035b000 103:02 4833041                   /usr/lib/libnvidia-gpucomp.so.610.57.04
7fc48f6f8000-7fc4913e8000 r--p 048f8000 103:02 4833041                   /usr/lib/libnvidia-gpucomp.so.610.57.04
7fc4913e8000-7fc49163a000 r--p 065e7000 103:02 4833041                   /usr/lib/libnvidia-gpucomp.so.610.57.04
7fc49163a000-7fc4917c5000 rw-p 06839000 103:02 4833041                   /usr/lib/libnvidia-gpucomp.so.610.57.04
7fc4917c5000-7fc491880000 rw-p 00000000 00:00 0 
7fc491880000-7fc491881000 rw-s 00000000 00:07 1110                       /dev/nvidiactl
7fc491881000-7fc491882000 rw-s 00000000 00:07 1112                       /dev/nvidia0
7fc491882000-7fc491884000 rw-s 00000000 00:07 1110                       /dev/nvidiactl
7fc49188f000-7fc491890000 r--p 00000000 103:02 7880798                   /usr/lib/jvm/java-26-openjdk/lib/libprefs.so
7fc491890000-7fc491891000 r-xp 00001000 103:02 7880798                   /usr/lib/jvm/java-26-openjdk/lib/libprefs.so
7fc491891000-7fc491892000 r--p 00002000 103:02 7880798                   /usr/lib/jvm/java-26-openjdk/lib/libprefs.so
7fc491892000-7fc491893000 r--p 00002000 103:02 7880798                   /usr/lib/jvm/java-26-openjdk/lib/libprefs.so
7fc491893000-7fc491894000 rw-p 00003000 103:02 7880798                   /usr/lib/jvm/java-26-openjdk/lib/libprefs.so
7fc491894000-7fc49189f000 rw-p 00000000 00:00 0 
7fc49189f000-7fc4918a0000 r--p 00000000 103:02 7880775                   /usr/lib/jvm/java-26-openjdk/lib/libextnet.so
7fc4918a0000-7fc4918a1000 r-xp 00001000 103:02 7880775                   /usr/lib/jvm/java-26-openjdk/lib/libextnet.so
7fc4918a1000-7fc4918a2000 r--p 00002000 103:02 7880775                   /usr/lib/jvm/java-26-openjdk/lib/libextnet.so
7fc4918a2000-7fc4918a3000 r--p 00002000 103:02 7880775                   /usr/lib/jvm/java-26-openjdk/lib/libextnet.so
7fc4918a3000-7fc4918a4000 rw-p 00003000 103:02 7880775                   /usr/lib/jvm/java-26-openjdk/lib/libextnet.so
7fc4918a4000-7fc4918a6000 r--p 00000000 103:02 4815623                   /usr/lib/libXfixes.so.3.1.0
7fc4918a6000-7fc4918a9000 r-xp 00002000 103:02 4815623                   /usr/lib/libXfixes.so.3.1.0
7fc4918a9000-7fc4918aa000 r--p 00005000 103:02 4815623                   /usr/lib/libXfixes.so.3.1.0
7fc4918aa000-7fc4918ab000 r--p 00005000 103:02 4815623                   /usr/lib/libXfixes.so.3.1.0
7fc4918ab000-7fc4918ac000 rw-p 00006000 103:02 4815623                   /usr/lib/libXfixes.so.3.1.0
7fc4918ac000-7fc4918af000 r--p 00000000 103:02 4763482                   /usr/lib/libXcursor.so.1.0.2
7fc4918af000-7fc4918b5000 r-xp 00003000 103:02 4763482                   /usr/lib/libXcursor.so.1.0.2
7fc4918b5000-7fc4918b7000 r--p 00009000 103:02 4763482                   /usr/lib/libXcursor.so.1.0.2
7fc4918b7000-7fc4918b8000 r--p 0000a000 103:02 4763482                   /usr/lib/libXcursor.so.1.0.2
7fc4918b8000-7fc4918b9000 rw-p 0000b000 103:02 4763482                   /usr/lib/libXcursor.so.1.0.2
7fc4918b9000-7fc4918bd000 r--p 00000000 103:02 7880776                   /usr/lib/jvm/java-26-openjdk/lib/libfontmanager.so
7fc4918bd000-7fc4918c6000 r-xp 00004000 103:02 7880776                   /usr/lib/jvm/java-26-openjdk/lib/libfontmanager.so
7fc4918c6000-7fc4918c8000 r--p 0000d000 103:02 7880776                   /usr/lib/jvm/java-26-openjdk/lib/libfontmanager.so
7fc4918c8000-7fc4918c9000 r--p 0000e000 103:02 7880776                   /usr/lib/jvm/java-26-openjdk/lib/libfontmanager.so
7fc4918c9000-7fc4918ca000 rw-p 0000f000 103:02 7880776                   /usr/lib/jvm/java-26-openjdk/lib/libfontmanager.so
7fc4918ca000-7fc4918cc000 r--p 00000000 103:02 4761076                   /usr/lib/libXtst.so.6.1.0
7fc4918cc000-7fc4918cf000 r-xp 00002000 103:02 4761076                   /usr/lib/libXtst.so.6.1.0
7fc4918cf000-7fc4918d0000 r--p 00005000 103:02 4761076                   /usr/lib/libXtst.so.6.1.0
7fc4918d0000-7fc4918d1000 r--p 00005000 103:02 4761076                   /usr/lib/libXtst.so.6.1.0
7fc4918d1000-7fc4918d2000 rw-p 00006000 103:02 4761076                   /usr/lib/libXtst.so.6.1.0
7fc4918d2000-7fc4918e8000 r--s 00000000 103:02 3835467                   /var/cache/fontconfig/17ce8022be83857151cced15433ac5ab-le64.cache-12
7fc4918e8000-7fc491a00000 r--s 00000000 103:02 4334062                   /home/annihilator/.cache/fontconfig/360f0685862970c3eedca8185ab72cfb-le64.cache-12
7fc491a00000-7fc491c19000 r--p 00000000 103:02 4831215                   /usr/lib/libnvidia-eglcore.so.610.57.04
7fc491c19000-7fc49285f000 r-xp 00219000 103:02 4831215                   /usr/lib/libnvidia-eglcore.so.610.57.04
7fc49285f000-7fc493d8a000 r--p 00e5f000 103:02 4831215                   /usr/lib/libnvidia-eglcore.so.610.57.04
7fc493d8a000-7fc493d8b000 ---p 0238a000 103:02 4831215                   /usr/lib/libnvidia-eglcore.so.610.57.04
7fc493d8b000-7fc493f00000 r--p 0238a000 103:02 4831215                   /usr/lib/libnvidia-eglcore.so.610.57.04
7fc493f00000-7fc493f49000 rw-p 024ff000 103:02 4831215                   /usr/lib/libnvidia-eglcore.so.610.57.04
7fc493f49000-7fc493f60000 rw-p 00000000 00:00 0 
7fc493f60000-7fc493f61000 r--s 00000000 103:02 3803672                   /var/cache/fontconfig/1b6853af091219762dc5c68646ca68b7-le64.cache-12
7fc493f61000-7fc493f64000 r--s 00000000 103:02 3802392                   /var/cache/fontconfig/73edfbc81426f3b2593aba7ca9378882-le64.cache-12
7fc493f64000-7fc493f6d000 r--s 00000000 103:02 3835464                   /var/cache/fontconfig/2fbfc6d3726617df5d72e45ca91ca896-le64.cache-12
7fc493f6d000-7fc493f70000 r--s 00000000 103:02 3835420                   /var/cache/fontconfig/e552019f4ed2e530c25d313cf4ffa813-le64.cache-12
7fc493f70000-7fc493f7c000 r--s 00000000 103:02 3835403                   /var/cache/fontconfig/7d660be5d4eca970fa91d6ca176f5ce2-le64.cache-12
7fc493f7c000-7fc493f8d000 r--s 00000000 103:02 3835390                   /var/cache/fontconfig/035f0ebf2f86af269427f030f354ef4b-le64.cache-12
7fc493f8d000-7fc493f9d000 r--s 00000000 103:02 3835379                   /var/cache/fontconfig/f2e61d441ca43dbfffafb9d0f2c6d8fc-le64.cache-12
7fc493f9d000-7fc493fc7000 r--s 00000000 103:02 3835365                   /var/cache/fontconfig/f2e43df3287529323e79e7929dc44cc9-le64.cache-12
7fc493fc7000-7fc493fcd000 r--s 00000000 103:02 3817989                   /var/cache/fontconfig/b67b32625a2bb51b023d3814a918f351-le64.cache-12
7fc493fcd000-7fc493fdd000 r--s 00000000 103:02 3804352                   /var/cache/fontconfig/491f45a0a771fef1c10b9b647a97fb82-le64.cache-12
7fc493fdd000-7fc493ff1000 r--s 00000000 103:02 3804343                   /var/cache/fontconfig/614d1caaa4d7914789410f6367de37ca-le64.cache-12
7fc493ff1000-7fc494000000 r--s 00000000 103:02 3804155                   /var/cache/fontconfig/1dce2cb908b447e938fc03acd9b47fcf-le64.cache-12
7fc494000000-7fc495ab1000 rw-p 00000000 00:00 0 
7fc495ab1000-7fc498000000 ---p 00000000 00:00 0 
7fc498000000-7fc49bba8000 rw-p 00000000 00:00 0 
7fc49bba8000-7fc49c000000 ---p 00000000 00:00 0 
7fc49c000000-7fc49e94c000 rw-p 00000000 00:00 0 
7fc49e94c000-7fc4a0000000 ---p 00000000 00:00 0 
7fc4a0000000-7fc4a0f98000 rw-p 00000000 00:00 0 
7fc4a0f98000-7fc4a4000000 ---p 00000000 00:00 0 
7fc4a4000000-7fc4a4400000 rw-p 00000000 00:00 0 
7fc4a4400000-7fc4a4700000 rw-p 00000000 00:00 0 
7fc4a4700000-7fc4a4800000 rw-p 00000000 00:00 0 
7fc4a4800000-7fc4a4900000 rw-p 00000000 00:00 0 
7fc4a4900000-7fc4a4a00000 rw-p 00000000 00:00 0 
7fc4a4a00000-7fc4a5100000 rw-p 00000000 00:00 0 
7fc4a5100000-7fc4a5200000 rw-p 00000000 00:00 0 
7fc4a5200000-7fc4a5460000 rw-p 00000000 00:00 0 
7fc4a5460000-7fc4a5d00000 rw-p 00000000 00:00 0 
7fc4a5d00000-7fc4a5e00000 rw-p 00000000 00:00 0 
7fc4a5e00000-7fc4a5f00000 rw-p 00000000 00:00 0 
7fc4a5f00000-7fc4a6000000 rw-p 00000000 00:00 0 
7fc4a6000000-7fc4a6180000 rw-p 00000000 00:00 0 
7fc4a6180000-7fc4a6200000 rw-p 00000000 00:00 0 
7fc4a6200000-7fc4a63c0000 rw-p 00000000 00:00 0 
7fc4a63c0000-7fc4a6500000 rw-p 00000000 00:00 0 
7fc4a6500000-7fc4a6600000 rw-p 00000000 00:00 0 
7fc4a6600000-7fc4a6700000 rw-p 00000000 00:00 0 
7fc4a6700000-7fc4a6800000 rw-p 00000000 00:00 0 
7fc4a6800000-7fc4a6980000 rw-p 00000000 00:00 0 
7fc4a6980000-7fc4a6a00000 rw-p 00000000 00:00 0 
7fc4a6a00000-7fc4a6d00000 rw-p 00000000 00:00 0 
7fc4a6d00000-7fc4a6f00000 rw-p 00000000 00:00 0 
7fc4a6f00000-7fc4a7000000 rw-p 00000000 00:00 0 
7fc4a7000000-7fc4a7fe0000 rw-p 00000000 00:00 0 
7fc4a7fe0000-7fc4a8000000 rw-p 00000000 00:00 0 
7fc4a8000000-7fc4a9e57000 rw-p 00000000 00:00 0 
7fc4a9e57000-7fc4ac000000 ---p 00000000 00:00 0 
7fc4ac000000-7fc4ac612000 rw-p 00000000 00:00 0 
7fc4ac612000-7fc4b0000000 ---p 00000000 00:00 0 
7fc4b0000000-7fc4b0415000 rw-p 00000000 00:00 0 
7fc4b0415000-7fc4b4000000 ---p 00000000 00:00 0 
7fc4b4000000-7fc4b7d1c000 rw-p 00000000 00:00 0 
7fc4b7d1c000-7fc4b8000000 ---p 00000000 00:00 0 
7fc4b8000000-7fc4b8465000 rw-p 00000000 00:00 0 
7fc4b8465000-7fc4bc000000 ---p 00000000 00:00 0 
7fc4bc000000-7fc4bc680000 rw-p 00000000 00:00 0 
7fc4bc680000-7fc4c0000000 ---p 00000000 00:00 0 
7fc4c0000000-7fc4c0d46000 rw-p 00000000 00:00 0 
7fc4c0d46000-7fc4c4000000 ---p 00000000 00:00 0 
7fc4c4000000-7fc4c4001000 r--s 00000000 103:02 3835441                   /var/cache/fontconfig/787b69f04c7448ed6c581b040220c91f-le64.cache-12
7fc4c4001000-7fc4c4002000 r--s 00000000 103:02 3835395                   /var/cache/fontconfig/a8773ec71f9da9b44a891b13321e5faa-le64.cache-12
7fc4c4002000-7fc4c4003000 r--s 00000000 103:02 3823352                   /var/cache/fontconfig/8d4af663993b81a124ee82e610bb31f9-le64.cache-12
7fc4c4003000-7fc4c4009000 r--s 00000000 103:02 3803766                   /var/cache/fontconfig/d62e99ef547d1d24cdb1bd22ec1a2976-le64.cache-12
7fc4c4009000-7fc4c402d000 r--s 00000000 103:02 3801846                   /var/cache/fontconfig/f349e9996a5320f6dd491cedd2b1f964-le64.cache-12
7fc4c402d000-7fc4c4039000 r--s 00000000 103:02 3801653                   /var/cache/fontconfig/4b31aef11cb0687b6d280d34cbe23592-le64.cache-12
7fc4c4039000-7fc4c4053000 r--s 00000000 103:02 4334283                   /home/annihilator/.cache/fontconfig/bc42231c8840afdbc8a160eb8f6a66fd-le64.cache-12
7fc4c4053000-7fc4c4054000 r--s 00000000 103:02 4334244                   /home/annihilator/.cache/fontconfig/8f6bef61d9f77da15272a6237cc42cae-le64.cache-12
7fc4c4054000-7fc4c4056000 r--s 00000000 103:02 3801209                   /var/cache/fontconfig/3830d5c3ddfd5cd38a049b759396e72e-le64.cache-12
7fc4c4056000-7fc4c4057000 rw-p 00000000 00:00 0 
7fc4c4057000-7fc4c4058000 rw-p 00000000 00:00 0 
7fc4c4058000-7fc4c4059000 rw-s 00000000 00:07 1110                       /dev/nvidiactl
7fc4c4059000-7fc4c405a000 r--p 00000000 103:02 4763546                   /usr/lib/libXinerama.so.1.0.0
7fc4c405a000-7fc4c405b000 r-xp 00001000 103:02 4763546                   /usr/lib/libXinerama.so.1.0.0
7fc4c405b000-7fc4c405c000 r--p 00002000 103:02 4763546                   /usr/lib/libXinerama.so.1.0.0
7fc4c405c000-7fc4c405d000 r--p 00002000 103:02 4763546                   /usr/lib/libXinerama.so.1.0.0
7fc4c405d000-7fc4c405e000 rw-p 00003000 103:02 4763546                   /usr/lib/libXinerama.so.1.0.0
7fc4c405e000-7fc4c4061000 r--p 00000000 103:02 4760999                   /usr/lib/libXi.so.6.1.0
7fc4c4061000-7fc4c406e000 r-xp 00003000 103:02 4760999                   /usr/lib/libXi.so.6.1.0
7fc4c406e000-7fc4c4071000 r--p 00010000 103:02 4760999                   /usr/lib/libXi.so.6.1.0
7fc4c4071000-7fc4c4072000 r--p 00012000 103:02 4760999                   /usr/lib/libXi.so.6.1.0
7fc4c4072000-7fc4c4073000 rw-p 00013000 103:02 4760999                   /usr/lib/libXi.so.6.1.0
7fc4c4076000-7fc4c4079000 rw-s 00000000 00:07 1110                       /dev/nvidiactl
7fc4c4079000-7fc4c407b000 rw-s 00000000 00:01 609071                     /memfd:/.glXXXXXX (deleted)
7fc4c407b000-7fc4c40fb000 rw-s 00000000 00:07 1110                       /dev/nvidiactl
7fc4c40fb000-7fc4c40ff000 rw-s 00000000 00:07 1110                       /dev/nvidiactl
7fc4c40ff000-7fc4c41ff000 rw-s 00000000 00:07 1110                       /dev/nvidiactl
7fc4c41ff000-7fc4c427f000 rw-s 00000000 00:07 1110                       /dev/nvidiactl
7fc4c427f000-7fc4c42bf000 rw-s 00000000 00:07 1110                       /dev/nvidiactl
7fc4c42bf000-7fc4c42df000 rw-s 00000000 00:07 1110                       /dev/nvidiactl
7fc4c42df000-7fc4c431f000 rw-s 00000000 00:07 1110                       /dev/nvidiactl
7fc4c431f000-7fc4c433f000 rw-s 00000000 00:07 1110                       /dev/nvidiactl
7fc4c433f000-7fc4c43bf000 rw-s 00000000 00:07 1112                       /dev/nvidia0
7fc4c43bf000-7fc4c43ff000 rw-s 00000000 00:07 1110                       /dev/nvidiactl
7fc4c43ff000-7fc4c4c00000 rw-p 00000000 00:00 0 
7fc4c4c00000-7fc4c4c48000 r--p 00000000 103:02 4745608                   /usr/lib/libicuuc.so.78.3
7fc4c4c48000-7fc4c4d65000 r-xp 00048000 103:02 4745608                   /usr/lib/libicuuc.so.78.3
7fc4c4d65000-7fc4c4df8000 r--p 00165000 103:02 4745608                   /usr/lib/libicuuc.so.78.3
7fc4c4df8000-7fc4c4e0b000 r--p 001f8000 103:02 4745608                   /usr/lib/libicuuc.so.78.3
7fc4c4e0b000-7fc4c4e0c000 rw-p 0020b000 103:02 4745608                   /usr/lib/libicuuc.so.78.3
7fc4c4e0c000-7fc4c4e0e000 rw-p 00000000 00:00 0 
7fc4c4e0e000-7fc4c4e21000 rw-s 00000000 00:07 1110                       /dev/nvidiactl
7fc4c4e21000-7fc4c4e23000 rw-s 00000000 00:07 1110                       /dev/nvidiactl
7fc4c4e23000-7fc4c4e27000 rw-s 00000000 00:07 1110                       /dev/nvidiactl
7fc4c4e27000-7fc4c4e47000 rw-s 00000000 00:07 1110                       /dev/nvidiactl
7fc4c4e47000-7fc4c4e57000 rw-s 00000000 00:07 1112                       /dev/nvidia0
7fc4c4e57000-7fc4c4e5a000 r--p 00000000 103:02 4831197                   /usr/lib/libnvidia-allocator.so.610.57.04
7fc4c4e5a000-7fc4c4e6e000 r-xp 00003000 103:02 4831197                   /usr/lib/libnvidia-allocator.so.610.57.04
7fc4c4e6e000-7fc4c4e78000 r--p 00017000 103:02 4831197                   /usr/lib/libnvidia-allocator.so.610.57.04
7fc4c4e78000-7fc4c4e79000 r--p 00020000 103:02 4831197                   /usr/lib/libnvidia-allocator.so.610.57.04
7fc4c4e79000-7fc4c4e7a000 rw-p 00021000 103:02 4831197                   /usr/lib/libnvidia-allocator.so.610.57.04
7fc4c4e7a000-7fc4c4e7c000 rw-p 00000000 00:00 0 
7fc4c4e7c000-7fc4c4e89000 r--p 00000000 103:02 4722861                   /usr/lib/libncursesw.so.6.6
7fc4c4e89000-7fc4c4ed1000 r-xp 0000d000 103:02 4722861                   /usr/lib/libncursesw.so.6.6
7fc4c4ed1000-7fc4c4ee7000 r--p 00055000 103:02 4722861                   /usr/lib/libncursesw.so.6.6
7fc4c4ee7000-7fc4c4eec000 r--p 0006a000 103:02 4722861                   /usr/lib/libncursesw.so.6.6
7fc4c4eec000-7fc4c4eed000 rw-p 0006f000 103:02 4722861                   /usr/lib/libncursesw.so.6.6
7fc4c4eed000-7fc4c4eef000 r--p 00000000 103:02 4761468                   /usr/lib/libpciaccess.so.0.11.1
7fc4c4eef000-7fc4c4ef4000 r-xp 00002000 103:02 4761468                   /usr/lib/libpciaccess.so.0.11.1
7fc4c4ef4000-7fc4c4ef6000 r--p 00007000 103:02 4761468                   /usr/lib/libpciaccess.so.0.11.1
7fc4c4ef6000-7fc4c4ef7000 r--p 00008000 103:02 4761468                   /usr/lib/libpciaccess.so.0.11.1
7fc4c4ef7000-7fc4c4ef8000 rw-p 00009000 103:02 4761468                   /usr/lib/libpciaccess.so.0.11.1
7fc4c4ef8000-7fc4c4f12000 r--p 00000000 103:02 4744067                   /usr/lib/libxml2.so.16.1.3
7fc4c4f12000-7fc4c4fe6000 r-xp 0001a000 103:02 4744067                   /usr/lib/libxml2.so.16.1.3
7fc4c4fe6000-7fc4c5023000 r--p 000ee000 103:02 4744067                   /usr/lib/libxml2.so.16.1.3
7fc4c5023000-7fc4c502c000 r--p 0012b000 103:02 4744067                   /usr/lib/libxml2.so.16.1.3
7fc4c502c000-7fc4c502d000 rw-p 00134000 103:02 4744067                   /usr/lib/libxml2.so.16.1.3
7fc4c502d000-7fc4c502e000 rw-p 00000000 00:00 0 
7fc4c502e000-7fc4c5034000 r--p 00000000 103:02 4754841                   /usr/lib/libedit.so.0.0.78
7fc4c5034000-7fc4c5056000 r-xp 00006000 103:02 4754841                   /usr/lib/libedit.so.0.0.78
7fc4c5056000-7fc4c5063000 r--p 00028000 103:02 4754841                   /usr/lib/libedit.so.0.0.78
7fc4c5063000-7fc4c5066000 r--p 00034000 103:02 4754841                   /usr/lib/libedit.so.0.0.78
7fc4c5066000-7fc4c5067000 rw-p 00037000 103:02 4754841                   /usr/lib/libedit.so.0.0.78
7fc4c5067000-7fc4c506a000 rw-p 00000000 00:00 0 
7fc4c506a000-7fc4c506d000 r--p 00000000 103:02 4780642                   /usr/lib/libdrm_intel.so.1.134.0
7fc4c506d000-7fc4c5084000 r-xp 00003000 103:02 4780642                   /usr/lib/libdrm_intel.so.1.134.0
7fc4c5084000-7fc4c508e000 r--p 0001a000 103:02 4780642                   /usr/lib/libdrm_intel.so.1.134.0
7fc4c508e000-7fc4c508f000 r--p 00023000 103:02 4780642                   /usr/lib/libdrm_intel.so.1.134.0
7fc4c508f000-7fc4c5090000 rw-p 00024000 103:02 4780642                   /usr/lib/libdrm_intel.so.1.134.0
7fc4c5090000-7fc4c5093000 r--p 00000000 103:02 4780638                   /usr/lib/libdrm_amdgpu.so.1.134.0
7fc4c5093000-7fc4c5099000 r-xp 00003000 103:02 4780638                   /usr/lib/libdrm_amdgpu.so.1.134.0
7fc4c5099000-7fc4c509b000 r--p 00009000 103:02 4780638                   /usr/lib/libdrm_amdgpu.so.1.134.0
7fc4c509b000-7fc4c509c000 r--p 0000a000 103:02 4780638                   /usr/lib/libdrm_amdgpu.so.1.134.0
7fc4c509c000-7fc4c509d000 rw-p 0000b000 103:02 4780638                   /usr/lib/libdrm_amdgpu.so.1.134.0
7fc4c509d000-7fc4c50a0000 r--p 00000000 103:02 4735313                   /usr/lib/libelf-0.196.so
7fc4c50a0000-7fc4c50b4000 r-xp 00003000 103:02 4735313                   /usr/lib/libelf-0.196.so
7fc4c50b4000-7fc4c50b9000 r--p 00017000 103:02 4735313                   /usr/lib/libelf-0.196.so
7fc4c50b9000-7fc4c50ba000 r--p 0001b000 103:02 4735313                   /usr/lib/libelf-0.196.so
7fc4c50ba000-7fc4c50bb000 rw-p 0001c000 103:02 4735313                   /usr/lib/libelf-0.196.so
7fc4c50bb000-7fc4c50bc000 r--p 00000000 103:02 4843174                   /usr/lib/libxshmfence.so.1.0.0
7fc4c50bc000-7fc4c50bd000 r-xp 00001000 103:02 4843174                   /usr/lib/libxshmfence.so.1.0.0
7fc4c50bd000-7fc4c50be000 r--p 00002000 103:02 4843174                   /usr/lib/libxshmfence.so.1.0.0
7fc4c50be000-7fc4c50bf000 r--p 00002000 103:02 4843174                   /usr/lib/libxshmfence.so.1.0.0
7fc4c50bf000-7fc4c50c0000 rw-p 00003000 103:02 4843174                   /usr/lib/libxshmfence.so.1.0.0
7fc4c50c0000-7fc4c50c3000 r--p 00000000 103:02 4751865                   /usr/lib/libxcb-sync.so.1.0.0
7fc4c50c3000-7fc4c50c6000 r-xp 00003000 103:02 4751865                   /usr/lib/libxcb-sync.so.1.0.0
7fc4c50c6000-7fc4c50c7000 r--p 00006000 103:02 4751865                   /usr/lib/libxcb-sync.so.1.0.0
7fc4c50c7000-7fc4c50c8000 r--p 00007000 103:02 4751865                   /usr/lib/libxcb-sync.so.1.0.0
7fc4c50c8000-7fc4c50c9000 rw-p 00008000 103:02 4751865                   /usr/lib/libxcb-sync.so.1.0.0
7fc4c50c9000-7fc4c50cb000 r--p 00000000 103:02 4763334                   /usr/lib/libsensors.so.5.0.0
7fc4c50cb000-7fc4c50d3000 r-xp 00002000 103:02 4763334                   /usr/lib/libsensors.so.5.0.0
7fc4c50d3000-7fc4c50d7000 r--p 0000a000 103:02 4763334                   /usr/lib/libsensors.so.5.0.0
7fc4c50d7000-7fc4c50d8000 r--p 0000e000 103:02 4763334                   /usr/lib/libsensors.so.5.0.0
7fc4c50d8000-7fc4c50d9000 rw-p 0000f000 103:02 4763334                   /usr/lib/libsensors.so.5.0.0
7fc4c50d9000-7fc4c50f2000 r--p 00000000 103:02 4817130                   /usr/lib/libSPIRV-Tools.so
7fc4c50f2000-7fc4c522b000 r-xp 00019000 103:02 4817130                   /usr/lib/libSPIRV-Tools.so
7fc4c522b000-7fc4c52b1000 r--p 00152000 103:02 4817130                   /usr/lib/libSPIRV-Tools.so
7fc4c52b1000-7fc4c52b4000 r--p 001d8000 103:02 4817130                   /usr/lib/libSPIRV-Tools.so
7fc4c52b4000-7fc4c52b5000 rw-p 001db000 103:02 4817130                   /usr/lib/libSPIRV-Tools.so
7fc4c52b5000-7fc4c52c1000 r--p 00000000 103:02 4740223                   /usr/lib/libzstd.so.1.5.7
7fc4c52c1000-7fc4c5388000 r-xp 0000c000 103:02 4740223                   /usr/lib/libzstd.so.1.5.7
7fc4c5388000-7fc4c5399000 r--p 000d3000 103:02 4740223                   /usr/lib/libzstd.so.1.5.7
7fc4c5399000-7fc4c539a000 r--p 000e4000 103:02 4740223                   /usr/lib/libzstd.so.1.5.7
7fc4c539a000-7fc4c539b000 rw-p 000e5000 103:02 4740223                   /usr/lib/libzstd.so.1.5.7
7fc4c539b000-7fc4c539e000 r--p 00000000 103:02 4751872                   /usr/lib/libxcb-xfixes.so.0.0.0
7fc4c539e000-7fc4c53a1000 r-xp 00003000 103:02 4751872                   /usr/lib/libxcb-xfixes.so.0.0.0
7fc4c53a1000-7fc4c53a2000 r--p 00006000 103:02 4751872                   /usr/lib/libxcb-xfixes.so.0.0.0
7fc4c53a2000-7fc4c53a3000 r--p 00007000 103:02 4751872                   /usr/lib/libxcb-xfixes.so.0.0.0
7fc4c53a3000-7fc4c53a4000 rw-p 00008000 103:02 4751872                   /usr/lib/libxcb-xfixes.so.0.0.0
7fc4c53a4000-7fc4c53ab000 r--p 00000000 103:02 4751834                   /usr/lib/libxcb-randr.so.0.1.0
7fc4c53ab000-7fc4c53b1000 r-xp 00007000 103:02 4751834                   /usr/lib/libxcb-randr.so.0.1.0
7fc4c53b1000-7fc4c53b4000 r--p 0000d000 103:02 4751834                   /usr/lib/libxcb-randr.so.0.1.0
7fc4c53b4000-7fc4c53b5000 r--p 00010000 103:02 4751834                   /usr/lib/libxcb-randr.so.0.1.0
7fc4c53b5000-7fc4c53b6000 rw-p 00011000 103:02 4751834                   /usr/lib/libxcb-randr.so.0.1.0
7fc4c53b6000-7fc4c53bc000 r--p 00000000 103:02 4817102                   /usr/lib/libEGL_mesa.so.0.0.0
7fc4c53bc000-7fc4c53f7000 r-xp 00006000 103:02 4817102                   /usr/lib/libEGL_mesa.so.0.0.0
7fc4c53f7000-7fc4c540a000 r--p 00041000 103:02 4817102                   /usr/lib/libEGL_mesa.so.0.0.0
7fc4c540a000-7fc4c5417000 r--p 00053000 103:02 4817102                   /usr/lib/libEGL_mesa.so.0.0.0
7fc4c5417000-7fc4c5418000 rw-p 00060000 103:02 4817102                   /usr/lib/libEGL_mesa.so.0.0.0
7fc4c5418000-7fc4c5419000 rw-p 00000000 00:00 0 
7fc4c5419000-7fc4c541a000 r--p 00000000 103:02 4740497                   /usr/lib/libX11-xcb.so.1.0.0
7fc4c541a000-7fc4c541b000 r-xp 00001000 103:02 4740497                   /usr/lib/libX11-xcb.so.1.0.0
7fc4c541b000-7fc4c541c000 r--p 00002000 103:02 4740497                   /usr/lib/libX11-xcb.so.1.0.0
7fc4c541c000-7fc4c541d000 r--p 00002000 103:02 4740497                   /usr/lib/libX11-xcb.so.1.0.0
7fc4c541d000-7fc4c541e000 rw-p 00003000 103:02 4740497                   /usr/lib/libX11-xcb.so.1.0.0
7fc4c541e000-7fc4c5421000 r--p 00000000 103:02 4763730                   /usr/lib/libnvidia-egl-xlib.so.1.0.5
7fc4c5421000-7fc4c542c000 r-xp 00003000 103:02 4763730                   /usr/lib/libnvidia-egl-xlib.so.1.0.5
7fc4c542c000-7fc4c5430000 r--p 0000e000 103:02 4763730                   /usr/lib/libnvidia-egl-xlib.so.1.0.5
7fc4c5430000-7fc4c5431000 r--p 00012000 103:02 4763730                   /usr/lib/libnvidia-egl-xlib.so.1.0.5
7fc4c5431000-7fc4c5432000 rw-p 00013000 103:02 4763730                   /usr/lib/libnvidia-egl-xlib.so.1.0.5
7fc4c5432000-7fc4c5434000 r--p 00000000 103:02 4751813                   /usr/lib/libxcb-dri3.so.0.1.0
7fc4c5434000-7fc4c5436000 r-xp 00002000 103:02 4751813                   /usr/lib/libxcb-dri3.so.0.1.0
7fc4c5436000-7fc4c5437000 r--p 00004000 103:02 4751813                   /usr/lib/libxcb-dri3.so.0.1.0
7fc4c5437000-7fc4c5438000 r--p 00004000 103:02 4751813                   /usr/lib/libxcb-dri3.so.0.1.0
7fc4c5438000-7fc4c5439000 rw-p 00005000 103:02 4751813                   /usr/lib/libxcb-dri3.so.0.1.0
7fc4c5439000-7fc4c5449000 r--p 00000000 103:02 4831581                   /usr/lib/libnvidia-glsi.so.610.57.04
7fc4c5449000-7fc4c54a9000 r-xp 00010000 103:02 4831581                   /usr/lib/libnvidia-glsi.so.610.57.04
7fc4c54a9000-7fc4c54c6000 r--p 00070000 103:02 4831581                   /usr/lib/libnvidia-glsi.so.610.57.04
7fc4c54c6000-7fc4c54cc000 r--p 0008c000 103:02 4831581                   /usr/lib/libnvidia-glsi.so.610.57.04
7fc4c54cc000-7fc4c54cd000 rw-p 00092000 103:02 4831581                   /usr/lib/libnvidia-glsi.so.610.57.04
7fc4c54cd000-7fc4c54d5000 rw-p 00000000 00:00 0 
7fc4c54d5000-7fc4c5506000 r--p 00000000 103:02 4820322                   /usr/lib/libEGL_nvidia.so.610.57.04
7fc4c5506000-7fc4c558e000 r-xp 00031000 103:02 4820322                   /usr/lib/libEGL_nvidia.so.610.57.04
7fc4c558e000-7fc4c55dd000 r--p 000b9000 103:02 4820322                   /usr/lib/libEGL_nvidia.so.610.57.04
7fc4c55dd000-7fc4c55de000 ---p 00108000 103:02 4820322                   /usr/lib/libEGL_nvidia.so.610.57.04
7fc4c55de000-7fc4c55e5000 r--p 00108000 103:02 4820322                   /usr/lib/libEGL_nvidia.so.610.57.04
7fc4c55e5000-7fc4c55fa000 rw-p 0010f000 103:02 4820322                   /usr/lib/libEGL_nvidia.so.610.57.04
7fc4c55fa000-7fc4c5600000 rw-p 00000000 00:00 0 
7fc4c563c000-7fc4c563d000 rw-p 00000000 00:00 0 
7fc4c563d000-7fc4c5641000 ---p 00000000 00:00 0 
7fc4c5641000-7fc4c573e000 rw-p 00000000 00:00 0 
7fc4c573e000-7fc4c5742000 ---p 00000000 00:00 0 
7fc4c5742000-7fc4c583e000 rw-p 00000000 00:00 0 
7fc4c583e000-7fc4c583f000 rw-s 00000000 00:07 1110                       /dev/nvidiactl
7fc4c583f000-7fc4c5840000 r--p 00000000 103:02 4751829                   /usr/lib/libxcb-present.so.0.0.0
7fc4c5840000-7fc4c5841000 r-xp 00001000 103:02 4751829                   /usr/lib/libxcb-present.so.0.0.0
7fc4c5841000-7fc4c5842000 r--p 00002000 103:02 4751829                   /usr/lib/libxcb-present.so.0.0.0
7fc4c5842000-7fc4c5843000 r--p 00002000 103:02 4751829                   /usr/lib/libxcb-present.so.0.0.0
7fc4c5843000-7fc4c5844000 rw-p 00003000 103:02 4751829                   /usr/lib/libxcb-present.so.0.0.0
7fc4c5844000-7fc4c5847000 r--p 00000000 103:02 4763465                   /usr/lib/libnvidia-egl-xcb.so.1.0.5
7fc4c5847000-7fc4c5852000 r-xp 00003000 103:02 4763465                   /usr/lib/libnvidia-egl-xcb.so.1.0.5
7fc4c5852000-7fc4c5856000 r--p 0000e000 103:02 4763465                   /usr/lib/libnvidia-egl-xcb.so.1.0.5
7fc4c5856000-7fc4c5857000 r--p 00012000 103:02 4763465                   /usr/lib/libnvidia-egl-xcb.so.1.0.5
7fc4c5857000-7fc4c5858000 rw-p 00013000 103:02 4763465                   /usr/lib/libnvidia-egl-xcb.so.1.0.5
7fc4c5858000-7fc4c5859000 r--p 00000000 103:02 4843438                   /usr/lib/libnvidia-egl-gbm.so.1.1.3
7fc4c5859000-7fc4c585c000 r-xp 00001000 103:02 4843438                   /usr/lib/libnvidia-egl-gbm.so.1.1.3
7fc4c585c000-7fc4c585e000 r--p 00004000 103:02 4843438                   /usr/lib/libnvidia-egl-gbm.so.1.1.3
7fc4c585e000-7fc4c585f000 r--p 00005000 103:02 4843438                   /usr/lib/libnvidia-egl-gbm.so.1.1.3
7fc4c585f000-7fc4c5860000 rw-p 00006000 103:02 4843438                   /usr/lib/libnvidia-egl-gbm.so.1.1.3
7fc4c5860000-7fc4c5865000 r--p 00000000 103:02 4826261                   /usr/lib/libwayland-server.so.0.26.0
7fc4c5865000-7fc4c586e000 r-xp 00005000 103:02 4826261                   /usr/lib/libwayland-server.so.0.26.0
7fc4c586e000-7fc4c5872000 r--p 0000e000 103:02 4826261                   /usr/lib/libwayland-server.so.0.26.0
7fc4c5872000-7fc4c5874000 r--p 00012000 103:02 4826261                   /usr/lib/libwayland-server.so.0.26.0
7fc4c5874000-7fc4c5875000 rw-p 00014000 103:02 4826261                   /usr/lib/libwayland-server.so.0.26.0
7fc4c5875000-7fc4c5878000 r--p 00000000 103:02 4846567                   /usr/lib/libnvidia-egl-wayland.so.1.1.21
7fc4c5878000-7fc4c5882000 r-xp 00003000 103:02 4846567                   /usr/lib/libnvidia-egl-wayland.so.1.1.21
7fc4c5882000-7fc4c5886000 r--p 0000d000 103:02 4846567                   /usr/lib/libnvidia-egl-wayland.so.1.1.21
7fc4c5886000-7fc4c5888000 r--p 00010000 103:02 4846567                   /usr/lib/libnvidia-egl-wayland.so.1.1.21
7fc4c5888000-7fc4c5889000 rw-p 00012000 103:02 4846567                   /usr/lib/libnvidia-egl-wayland.so.1.1.21
7fc4c5889000-7fc4c588b000 r--p 00000000 103:02 4835234                   /usr/lib/libgbm.so.1.0.0
7fc4c588b000-7fc4c588c000 r-xp 00002000 103:02 4835234                   /usr/lib/libgbm.so.1.0.0
7fc4c588c000-7fc4c588d000 r--p 00003000 103:02 4835234                   /usr/lib/libgbm.so.1.0.0
7fc4c588d000-7fc4c588e000 r--p 00003000 103:02 4835234                   /usr/lib/libgbm.so.1.0.0
7fc4c588e000-7fc4c588f000 rw-p 00004000 103:02 4835234                   /usr/lib/libgbm.so.1.0.0
7fc4c588f000-7fc4c5894000 r--p 00000000 103:02 4771568                   /usr/lib/libdrm.so.2.134.0
7fc4c5894000-7fc4c58a0000 r-xp 00005000 103:02 4771568                   /usr/lib/libdrm.so.2.134.0
7fc4c58a0000-7fc4c58a4000 r--p 00011000 103:02 4771568                   /usr/lib/libdrm.so.2.134.0
7fc4c58a4000-7fc4c58a5000 r--p 00015000 103:02 4771568                   /usr/lib/libdrm.so.2.134.0
7fc4c58a5000-7fc4c58a6000 rw-p 00016000 103:02 4771568                   /usr/lib/libdrm.so.2.134.0
7fc4c58a6000-7fc4c58a8000 r--p 00000000 103:02 4762982                   /usr/lib/libnvidia-egl-wayland2.so.1.0.1
7fc4c58a8000-7fc4c58b4000 r-xp 00002000 103:02 4762982                   /usr/lib/libnvidia-egl-wayland2.so.1.0.1
7fc4c58b4000-7fc4c58b8000 r--p 0000e000 103:02 4762982                   /usr/lib/libnvidia-egl-wayland2.so.1.0.1
7fc4c58b8000-7fc4c58ba000 r--p 00011000 103:02 4762982                   /usr/lib/libnvidia-egl-wayland2.so.1.0.1
7fc4c58ba000-7fc4c58bb000 rw-p 00013000 103:02 4762982                   /usr/lib/libnvidia-egl-wayland2.so.1.0.1
7fc4c58bb000-7fc4c58c2000 r--s 00000000 103:02 4837165                   /usr/lib/gconv/gconv-modules.cache
7fc4c58c2000-7fc4c58c4000 r--p 00000000 103:02 4811999                   /usr/lib/libGLdispatch.so.0.0.0
7fc4c58c4000-7fc4c5903000 r-xp 00002000 103:02 4811999                   /usr/lib/libGLdispatch.so.0.0.0
7fc4c5903000-7fc4c5916000 r--p 00041000 103:02 4811999                   /usr/lib/libGLdispatch.so.0.0.0
7fc4c5916000-7fc4c5932000 r--p 00054000 103:02 4811999                   /usr/lib/libGLdispatch.so.0.0.0
7fc4c5932000-7fc4c5933000 rw-p 00070000 103:02 4811999                   /usr/lib/libGLdispatch.so.0.0.0
7fc4c5933000-7fc4c593b000 rw-p 00000000 00:00 0 
7fc4c593b000-7fc4c593d000 r--p 00000000 103:02 4750356                   /usr/lib/libEGL.so.1.1.0
7fc4c593d000-7fc4c5947000 r-xp 00002000 103:02 4750356                   /usr/lib/libEGL.so.1.1.0
7fc4c5947000-7fc4c594b000 r--p 0000c000 103:02 4750356                   /usr/lib/libEGL.so.1.1.0
7fc4c594b000-7fc4c594c000 r--p 0000f000 103:02 4750356                   /usr/lib/libEGL.so.1.1.0
7fc4c594c000-7fc4c594d000 rw-p 00010000 103:02 4750356                   /usr/lib/libEGL.so.1.1.0
7fc4c59dd000-7fc4c59de000 r--p 00000000 103:02 4812149                   /usr/lib/libbrotlicommon.so.1.2.0
7fc4c59de000-7fc4c59df000 r-xp 00001000 103:02 4812149                   /usr/lib/libbrotlicommon.so.1.2.0
7fc4c59df000-7fc4c59fe000 r--p 00002000 103:02 4812149                   /usr/lib/libbrotlicommon.so.1.2.0
7fc4c59fe000-7fc4c59ff000 r--p 00021000 103:02 4812149                   /usr/lib/libbrotlicommon.so.1.2.0
7fc4c59ff000-7fc4c5a00000 rw-p 00022000 103:02 4812149                   /usr/lib/libbrotlicommon.so.1.2.0
7fc4c5a00000-7fc4c5a05000 r--p 00000000 103:02 4722170                   /usr/lib/libblkid.so.1.1.0
7fc4c5a05000-7fc4c5a2e000 r-xp 00005000 103:02 4722170                   /usr/lib/libblkid.so.1.1.0
7fc4c5a2e000-7fc4c5a39000 r--p 0002e000 103:02 4722170                   /usr/lib/libblkid.so.1.1.0
7fc4c5a39000-7fc4c5a3f000 r--p 00038000 103:02 4722170                   /usr/lib/libblkid.so.1.1.0
7fc4c5a3f000-7fc4c5a40000 rw-p 0003e000 103:02 4722170                   /usr/lib/libblkid.so.1.1.0
7fc4c5a40000-7fc4c5a42000 r--p 00000000 103:02 4815257                   /usr/lib/libXdmcp.so.6.0.0
7fc4c5a42000-7fc4c5a44000 r-xp 00002000 103:02 4815257                   /usr/lib/libXdmcp.so.6.0.0
7fc4c5a44000-7fc4c5a46000 r--p 00004000 103:02 4815257                   /usr/lib/libXdmcp.so.6.0.0
7fc4c5a46000-7fc4c5a47000 r--p 00005000 103:02 4815257                   /usr/lib/libXdmcp.so.6.0.0
7fc4c5a47000-7fc4c5a48000 rw-p 00006000 103:02 4815257                   /usr/lib/libXdmcp.so.6.0.0
7fc4c5a48000-7fc4c5a49000 r--p 00000000 103:02 4812485                   /usr/lib/libbrotlidec.so.1.2.0
7fc4c5a49000-7fc4c5a52000 r-xp 00001000 103:02 4812485                   /usr/lib/libbrotlidec.so.1.2.0
7fc4c5a52000-7fc4c5a55000 r--p 0000a000 103:02 4812485                   /usr/lib/libbrotlidec.so.1.2.0
7fc4c5a55000-7fc4c5a56000 r--p 0000c000 103:02 4812485                   /usr/lib/libbrotlidec.so.1.2.0
7fc4c5a56000-7fc4c5a57000 rw-p 0000d000 103:02 4812485                   /usr/lib/libbrotlidec.so.1.2.0
7fc4c5a57000-7fc4c5a59000 r--p 00000000 103:02 4794869                   /usr/lib/libbz2.so.1.0.8
7fc4c5a59000-7fc4c5a66000 r-xp 00002000 103:02 4794869                   /usr/lib/libbz2.so.1.0.8
7fc4c5a66000-7fc4c5a68000 r--p 0000f000 103:02 4794869                   /usr/lib/libbz2.so.1.0.8
7fc4c5a68000-7fc4c5a69000 r--p 00010000 103:02 4794869                   /usr/lib/libbz2.so.1.0.8
7fc4c5a69000-7fc4c5a6a000 rw-p 00011000 103:02 4794869                   /usr/lib/libbz2.so.1.0.8
7fc4c5a6a000-7fc4c5a74000 r--p 00000000 103:02 4735601                   /usr/lib/libmount.so.1.1.0
7fc4c5a74000-7fc4c5ab2000 r-xp 0000a000 103:02 4735601                   /usr/lib/libmount.so.1.1.0
7fc4c5ab2000-7fc4c5ac3000 r--p 00048000 103:02 4735601                   /usr/lib/libmount.so.1.1.0
7fc4c5ac3000-7fc4c5ac5000 r--p 00059000 103:02 4735601                   /usr/lib/libmount.so.1.1.0
7fc4c5ac5000-7fc4c5ac6000 rw-p 0005b000 103:02 4735601                   /usr/lib/libmount.so.1.1.0
7fc4c5ac6000-7fc4c5ac8000 r--p 00000000 103:02 4737414                   /usr/lib/libexpat.so.1.12.3
7fc4c5ac8000-7fc4c5ae8000 r-xp 00002000 103:02 4737414                   /usr/lib/libexpat.so.1.12.3
7fc4c5ae8000-7fc4c5af1000 r--p 00022000 103:02 4737414                   /usr/lib/libexpat.so.1.12.3
7fc4c5af1000-7fc4c5af3000 r--p 0002a000 103:02 4737414                   /usr/lib/libexpat.so.1.12.3
7fc4c5af3000-7fc4c5af4000 rw-p 0002c000 103:02 4737414                   /usr/lib/libexpat.so.1.12.3
7fc4c5af4000-7fc4c5af6000 r--p 00000000 103:02 4815230                   /usr/lib/libgraphite2.so.3.3.1
7fc4c5af6000-7fc4c5b0f000 r-xp 00002000 103:02 4815230                   /usr/lib/libgraphite2.so.3.3.1
7fc4c5b0f000-7fc4c5b14000 r--p 0001b000 103:02 4815230                   /usr/lib/libgraphite2.so.3.3.1
7fc4c5b14000-7fc4c5b16000 r--p 0001f000 103:02 4815230                   /usr/lib/libgraphite2.so.3.3.1
7fc4c5b16000-7fc4c5b17000 rw-p 00021000 103:02 4815230                   /usr/lib/libgraphite2.so.3.3.1
7fc4c5b17000-7fc4c5b1a000 r--p 00000000 103:02 4732813                   /usr/lib/libpcre2-8.so.0.15.0
7fc4c5b1a000-7fc4c5b98000 r-xp 00003000 103:02 4732813                   /usr/lib/libpcre2-8.so.0.15.0
7fc4c5b98000-7fc4c5bc3000 r--p 00081000 103:02 4732813                   /usr/lib/libpcre2-8.so.0.15.0
7fc4c5bc3000-7fc4c5bc4000 r--p 000ab000 103:02 4732813                   /usr/lib/libpcre2-8.so.0.15.0
7fc4c5bc4000-7fc4c5bc5000 rw-p 000ac000 103:02 4732813                   /usr/lib/libpcre2-8.so.0.15.0
7fc4c5bc5000-7fc4c5bda000 r--p 00000000 103:02 4720960                   /usr/lib/libsystemd.so.0.44.0
7fc4c5bda000-7fc4c5cb3000 r-xp 00015000 103:02 4720960                   /usr/lib/libsystemd.so.0.44.0
7fc4c5cb3000-7fc4c5d02000 r--p 000ee000 103:02 4720960                   /usr/lib/libsystemd.so.0.44.0
7fc4c5d02000-7fc4c5d0b000 r--p 0013c000 103:02 4720960                   /usr/lib/libsystemd.so.0.44.0
7fc4c5d0b000-7fc4c5d0c000 rw-p 00145000 103:02 4720960                   /usr/lib/libsystemd.so.0.44.0
7fc4c5d0c000-7fc4c5d0d000 rw-p 00000000 00:00 0 
7fc4c5d0d000-7fc4c5d12000 r--p 00000000 103:02 4780633                   /usr/lib/libpixman-1.so.0.46.4
7fc4c5d12000-7fc4c5da3000 r-xp 00005000 103:02 4780633                   /usr/lib/libpixman-1.so.0.46.4
7fc4c5da3000-7fc4c5db3000 r--p 00096000 103:02 4780633                   /usr/lib/libpixman-1.so.0.46.4
7fc4c5db3000-7fc4c5dbb000 r--p 000a6000 103:02 4780633                   /usr/lib/libpixman-1.so.0.46.4
7fc4c5dbb000-7fc4c5dbc000 rw-p 000ae000 103:02 4780633                   /usr/lib/libpixman-1.so.0.46.4
7fc4c5dbc000-7fc4c5dc2000 r--p 00000000 103:02 4751845                   /usr/lib/libxcb-render.so.0.0.0
7fc4c5dc2000-7fc4c5dc7000 r-xp 00006000 103:02 4751845                   /usr/lib/libxcb-render.so.0.0.0
7fc4c5dc7000-7fc4c5dc9000 r--p 0000b000 103:02 4751845                   /usr/lib/libxcb-render.so.0.0.0
7fc4c5dc9000-7fc4c5dca000 r--p 0000d000 103:02 4751845                   /usr/lib/libxcb-render.so.0.0.0
7fc4c5dca000-7fc4c5dcb000 rw-p 0000e000 103:02 4751845                   /usr/lib/libxcb-render.so.0.0.0
7fc4c5dcb000-7fc4c5dd7000 r--p 00000000 103:02 4751894                   /usr/lib/libxcb.so.1.1.0
7fc4c5dd7000-7fc4c5deb000 r-xp 0000c000 103:02 4751894                   /usr/lib/libxcb.so.1.1.0
7fc4c5deb000-7fc4c5df4000 r--p 00020000 103:02 4751894                   /usr/lib/libxcb.so.1.1.0
7fc4c5df4000-7fc4c5df5000 r--p 00028000 103:02 4751894                   /usr/lib/libxcb.so.1.1.0
7fc4c5df5000-7fc4c5df6000 rw-p 00029000 103:02 4751894                   /usr/lib/libxcb.so.1.1.0
7fc4c5df6000-7fc4c5dfa000 r--p 00000000 103:02 4760928                   /usr/lib/libXext.so.6.4.0
7fc4c5dfa000-7fc4c5e05000 r-xp 00004000 103:02 4760928                   /usr/lib/libXext.so.6.4.0
7fc4c5e05000-7fc4c5e08000 r--p 0000f000 103:02 4760928                   /usr/lib/libXext.so.6.4.0
7fc4c5e08000-7fc4c5e09000 r--p 00011000 103:02 4760928                   /usr/lib/libXext.so.6.4.0
7fc4c5e09000-7fc4c5e0a000 rw-p 00012000 103:02 4760928                   /usr/lib/libXext.so.6.4.0
7fc4c5e0a000-7fc4c5e21000 r--p 00000000 103:02 4740502                   /usr/lib/libX11.so.6.4.0
7fc4c5e21000-7fc4c5eb6000 r-xp 00017000 103:02 4740502                   /usr/lib/libX11.so.6.4.0
7fc4c5eb6000-7fc4c5f45000 r--p 000ac000 103:02 4740502                   /usr/lib/libX11.so.6.4.0
7fc4c5f45000-7fc4c5f48000 r--p 0013a000 103:02 4740502                   /usr/lib/libX11.so.6.4.0
7fc4c5f48000-7fc4c5f4c000 rw-p 0013d000 103:02 4740502                   /usr/lib/libX11.so.6.4.0
7fc4c5f4c000-7fc4c5f52000 r--p 00000000 103:02 4814646                   /usr/lib/libfreetype.so.6.20.6
7fc4c5f52000-7fc4c5fea000 r-xp 00006000 103:02 4814646                   /usr/lib/libfreetype.so.6.20.6
7fc4c5fea000-7fc4c6013000 r--p 0009e000 103:02 4814646                   /usr/lib/libfreetype.so.6.20.6
7fc4c6013000-7fc4c601b000 r--p 000c6000 103:02 4814646                   /usr/lib/libfreetype.so.6.20.6
7fc4c601b000-7fc4c601c000 rw-p 000ce000 103:02 4814646                   /usr/lib/libfreetype.so.6.20.6
7fc4c601c000-7fc4c6022000 r--p 00000000 103:02 4812002                   /usr/lib/libpng16.so.16.58.0
7fc4c6022000-7fc4c604d000 r-xp 00006000 103:02 4812002                   /usr/lib/libpng16.so.16.58.0
7fc4c604d000-7fc4c6057000 r--p 00031000 103:02 4812002                   /usr/lib/libpng16.so.16.58.0
7fc4c6057000-7fc4c6058000 r--p 0003a000 103:02 4812002                   /usr/lib/libpng16.so.16.58.0
7fc4c6058000-7fc4c6059000 rw-p 0003b000 103:02 4812002                   /usr/lib/libpng16.so.16.58.0
7fc4c6059000-7fc4c608b000 r--p 00000000 103:02 4745344                   /usr/lib/libgio-2.0.so.0.8800.3
7fc4c608b000-7fc4c61b2000 r-xp 00032000 103:02 4745344                   /usr/lib/libgio-2.0.so.0.8800.3
7fc4c61b2000-7fc4c622c000 r--p 00159000 103:02 4745344                   /usr/lib/libgio-2.0.so.0.8800.3
7fc4c622c000-7fc4c6235000 r--p 001d2000 103:02 4745344                   /usr/lib/libgio-2.0.so.0.8800.3
7fc4c6235000-7fc4c6236000 rw-p 001db000 103:02 4745344                   /usr/lib/libgio-2.0.so.0.8800.3
7fc4c6236000-7fc4c6238000 rw-p 00000000 00:00 0 
7fc4c6238000-7fc4c623e000 r--p 00000000 103:02 4759013                   /usr/lib/libfontconfig.so.1.17.0
7fc4c623e000-7fc4c6273000 r-xp 00006000 103:02 4759013                   /usr/lib/libfontconfig.so.1.17.0
7fc4c6273000-7fc4c62a9000 r--p 0003b000 103:02 4759013                   /usr/lib/libfontconfig.so.1.17.0
7fc4c62a9000-7fc4c62b2000 r--p 00071000 103:02 4759013                   /usr/lib/libfontconfig.so.1.17.0
7fc4c62b2000-7fc4c62b3000 rw-p 0007a000 103:02 4759013                   /usr/lib/libfontconfig.so.1.17.0
7fc4c62b3000-7fc4c62c0000 r--p 00000000 103:02 4814594                   /usr/lib/libharfbuzz.so.0.61431.0
7fc4c62c0000-7fc4c63b2000 r-xp 0000d000 103:02 4814594                   /usr/lib/libharfbuzz.so.0.61431.0
7fc4c63b2000-7fc4c63e6000 r--p 000ff000 103:02 4814594                   /usr/lib/libharfbuzz.so.0.61431.0
7fc4c63e6000-7fc4c63e8000 r--p 00132000 103:02 4814594                   /usr/lib/libharfbuzz.so.0.61431.0
7fc4c63e8000-7fc4c63e9000 rw-p 00134000 103:02 4814594                   /usr/lib/libharfbuzz.so.0.61431.0
7fc4c63e9000-7fc4c6407000 r--p 00000000 103:02 4748073                   /usr/lib/libglib-2.0.so.0.8800.3
7fc4c6407000-7fc4c64b5000 r-xp 0001e000 103:02 4748073                   /usr/lib/libglib-2.0.so.0.8800.3
7fc4c64b5000-7fc4c6549000 r--p 000cc000 103:02 4748073                   /usr/lib/libglib-2.0.so.0.8800.3
7fc4c6549000-7fc4c654a000 r--p 00160000 103:02 4748073                   /usr/lib/libglib-2.0.so.0.8800.3
7fc4c654a000-7fc4c654b000 rw-p 00161000 103:02 4748073                   /usr/lib/libglib-2.0.so.0.8800.3
7fc4c654b000-7fc4c654c000 rw-p 00000000 00:00 0 
7fc4c654c000-7fc4c6558000 r--p 00000000 103:02 4750151                   /usr/lib/libgobject-2.0.so.0.8800.3
7fc4c6558000-7fc4c6591000 r-xp 0000c000 103:02 4750151                   /usr/lib/libgobject-2.0.so.0.8800.3
7fc4c6591000-7fc4c65ab000 r--p 00045000 103:02 4750151                   /usr/lib/libgobject-2.0.so.0.8800.3
7fc4c65ab000-7fc4c65ae000 r--p 0005e000 103:02 4750151                   /usr/lib/libgobject-2.0.so.0.8800.3
7fc4c65ae000-7fc4c65af000 rw-p 00061000 103:02 4750151                   /usr/lib/libgobject-2.0.so.0.8800.3
7fc4c65af000-7fc4c65bd000 r--p 00000000 103:02 4757736                   /usr/lib/libcairo.so.2.11804.4
7fc4c65bd000-7fc4c66b0000 r-xp 0000e000 103:02 4757736                   /usr/lib/libcairo.so.2.11804.4
7fc4c66b0000-7fc4c66e5000 r--p 00101000 103:02 4757736                   /usr/lib/libcairo.so.2.11804.4
7fc4c66e5000-7fc4c66e9000 r--p 00136000 103:02 4757736                   /usr/lib/libcairo.so.2.11804.4
7fc4c66e9000-7fc4c66eb000 rw-p 0013a000 103:02 4757736                   /usr/lib/libcairo.so.2.11804.4
7fc4c66eb000-7fc4c66ec000 rw-p 00000000 00:00 0 
7fc4c66ec000-7fc4c66fa000 r--p 00000000 103:02 4794787                   /usr/lib/libpango-1.0.so.0.5800.2
7fc4c66fa000-7fc4c673a000 r-xp 0000e000 103:02 4794787                   /usr/lib/libpango-1.0.so.0.5800.2
7fc4c673a000-7fc4c6756000 r--p 0004e000 103:02 4794787                   /usr/lib/libpango-1.0.so.0.5800.2
7fc4c6756000-7fc4c675a000 r--p 00069000 103:02 4794787                   /usr/lib/libpango-1.0.so.0.5800.2
7fc4c675a000-7fc4c675b000 rw-p 0006d000 103:02 4794787                   /usr/lib/libpango-1.0.so.0.5800.2
7fc4c675b000-7fc4c676b000 r--p 00000000 00:2f 28158                      /tmp/lwjgl_annihilator/3.3.6+1/x64/libglfw.so
7fc4c676b000-7fc4c678c000 r-xp 00010000 00:2f 28158                      /tmp/lwjgl_annihilator/3.3.6+1/x64/libglfw.so
7fc4c678c000-7fc4c67c8000 r--p 00031000 00:2f 28158                      /tmp/lwjgl_annihilator/3.3.6+1/x64/libglfw.so
7fc4c67c8000-7fc4c67cc000 r--p 0006c000 00:2f 28158                      /tmp/lwjgl_annihilator/3.3.6+1/x64/libglfw.so
7fc4c67cc000-7fc4c67cf000 rw-p 00070000 00:2f 28158                      /tmp/lwjgl_annihilator/3.3.6+1/x64/libglfw.so
7fc4c67cf000-7fc4c67f2000 rw-p 00000000 00:00 0 
7fc4c67f2000-7fc4c67f3000 rw-p 00000000 00:00 0 
7fc4c67f3000-7fc4c67f7000 ---p 00000000 00:00 0 
7fc4c67f7000-7fc4c6bf7000 rw-p 00000000 00:00 0 
7fc4c6bf7000-7fc4c6bfb000 ---p 00000000 00:00 0 
7fc4c6bfb000-7fc4c6cf8000 rw-p 00000000 00:00 0 
7fc4c6cf8000-7fc4c6cfc000 ---p 00000000 00:00 0 
7fc4c6cfc000-7fc4c6df9000 rw-p 00000000 00:00 0 
7fc4c6df9000-7fc4c6dfd000 ---p 00000000 00:00 0 
7fc4c6dfd000-7fc4c6efa000 rw-p 00000000 00:00 0 
7fc4c6efa000-7fc4c6efe000 ---p 00000000 00:00 0 
7fc4c6efe000-7fc4c6ffb000 rw-p 00000000 00:00 0 
7fc4c6ffb000-7fc4c6fff000 ---p 00000000 00:00 0 
7fc4c6fff000-7fc4c70fc000 rw-p 00000000 00:00 0 
7fc4c70fc000-7fc4c7100000 ---p 00000000 00:00 0 
7fc4c7100000-7fc4c71fd000 rw-p 00000000 00:00 0 
7fc4c71fd000-7fc4c7201000 ---p 00000000 00:00 0 
7fc4c7201000-7fc4c72fe000 rw-p 00000000 00:00 0 
7fc4c72fe000-7fc4c7302000 ---p 00000000 00:00 0 
7fc4c7302000-7fc4c73ff000 rw-p 00000000 00:00 0 
7fc4c73ff000-7fc4c7403000 ---p 00000000 00:00 0 
7fc4c7403000-7fc4c7500000 rw-p 00000000 00:00 0 
7fc4c7500000-7fc4c7504000 ---p 00000000 00:00 0 
7fc4c7504000-7fc4c7600000 rw-p 00000000 00:00 0 
7fc4c7600000-7fc4c78ee000 r--p 00000000 103:02 4837164                   /usr/lib/locale/locale-archive
7fc4c78ee000-7fc4c78f0000 r--p 00000000 00:1a 53161                      /dev/shm/716e306c-95b7-4d19-95b4-1c569de03be9 (deleted)
7fc4c78f0000-7fc4c78f2000 r--p 00000000 103:02 4761940                   /usr/lib/libdatrie.so.1.4.1
7fc4c78f2000-7fc4c78f6000 r-xp 00002000 103:02 4761940                   /usr/lib/libdatrie.so.1.4.1
7fc4c78f6000-7fc4c78f7000 r--p 00006000 103:02 4761940                   /usr/lib/libdatrie.so.1.4.1
7fc4c78f7000-7fc4c78f8000 r--p 00006000 103:02 4761940                   /usr/lib/libdatrie.so.1.4.1
7fc4c78f8000-7fc4c78f9000 rw-p 00007000 103:02 4761940                   /usr/lib/libdatrie.so.1.4.1
7fc4c78f9000-7fc4c79fb000 rw-p 00000000 00:00 0 
7fc4c79fb000-7fc4c79ff000 ---p 00000000 00:00 0 
7fc4c79ff000-7fc4c7bfd000 rw-p 00000000 00:00 0 
7fc4c7bfd000-7fc4c7c01000 ---p 00000000 00:00 0 
7fc4c7c01000-7fc4c8000000 rw-p 00000000 00:00 0 
7fc4c8000000-7fc4c81ca000 rw-p 00000000 00:00 0 
7fc4c81ca000-7fc4cc000000 ---p 00000000 00:00 0 
7fc4cc000000-7fc4cc2c0000 rw-p 00000000 00:00 0 
7fc4cc2c0000-7fc4d0000000 ---p 00000000 00:00 0 
7fc4d0000000-7fc4d2997000 rw-p 00000000 00:00 0 
7fc4d2997000-7fc4d4000000 ---p 00000000 00:00 0 
7fc4d4000000-7fc4d4001000 r--p 00000000 103:02 4757711                   /usr/lib/libXau.so.6.0.0
7fc4d4001000-7fc4d4002000 r-xp 00001000 103:02 4757711                   /usr/lib/libXau.so.6.0.0
7fc4d4002000-7fc4d4003000 r--p 00002000 103:02 4757711                   /usr/lib/libXau.so.6.0.0
7fc4d4003000-7fc4d4004000 r--p 00002000 103:02 4757711                   /usr/lib/libXau.so.6.0.0
7fc4d4004000-7fc4d4005000 rw-p 00003000 103:02 4757711                   /usr/lib/libXau.so.6.0.0
7fc4d4005000-7fc4d4007000 r--p 00000000 103:02 4843167                   /usr/lib/libXrender.so.1.3.0
7fc4d4007000-7fc4d400e000 r-xp 00002000 103:02 4843167                   /usr/lib/libXrender.so.1.3.0
7fc4d400e000-7fc4d400f000 r--p 00009000 103:02 4843167                   /usr/lib/libXrender.so.1.3.0
7fc4d400f000-7fc4d4010000 r--p 00009000 103:02 4843167                   /usr/lib/libXrender.so.1.3.0
7fc4d4010000-7fc4d4011000 rw-p 0000a000 103:02 4843167                   /usr/lib/libXrender.so.1.3.0
7fc4d4011000-7fc4d4013000 r--p 00000000 103:02 4815120                   /usr/lib/libthai.so.0.3.2
7fc4d4013000-7fc4d4017000 r-xp 00002000 103:02 4815120                   /usr/lib/libthai.so.0.3.2
7fc4d4017000-7fc4d401a000 r--p 00006000 103:02 4815120                   /usr/lib/libthai.so.0.3.2
7fc4d401a000-7fc4d401b000 r--p 00008000 103:02 4815120                   /usr/lib/libthai.so.0.3.2
7fc4d401b000-7fc4d401c000 rw-p 00009000 103:02 4815120                   /usr/lib/libthai.so.0.3.2
7fc4d401c000-7fc4d4020000 r--p 00000000 103:02 4755680                   /usr/lib/libxkbcommon.so.0.13.2
7fc4d4020000-7fc4d404f000 r-xp 00004000 103:02 4755680                   /usr/lib/libxkbcommon.so.0.13.2
7fc4d404f000-7fc4d4078000 r--p 00033000 103:02 4755680                   /usr/lib/libxkbcommon.so.0.13.2
7fc4d4078000-7fc4d407a000 r--p 0005b000 103:02 4755680                   /usr/lib/libxkbcommon.so.0.13.2
7fc4d407a000-7fc4d407b000 rw-p 0005d000 103:02 4755680                   /usr/lib/libxkbcommon.so.0.13.2
7fc4d407b000-7fc4d40a7000 r--p 00000000 00:2f 28110                      /tmp/lwjgl_annihilator/3.3.6+1/x64/liblwjgl.so
7fc4d40a7000-7fc4d40db000 r-xp 0002c000 00:2f 28110                      /tmp/lwjgl_annihilator/3.3.6+1/x64/liblwjgl.so
7fc4d40db000-7fc4d40f5000 r--p 00060000 00:2f 28110                      /tmp/lwjgl_annihilator/3.3.6+1/x64/liblwjgl.so
7fc4d40f5000-7fc4d40f6000 r--p 00079000 00:2f 28110                      /tmp/lwjgl_annihilator/3.3.6+1/x64/liblwjgl.so
7fc4d40f6000-7fc4d40f7000 rw-p 0007a000 00:2f 28110                      /tmp/lwjgl_annihilator/3.3.6+1/x64/liblwjgl.so
7fc4d40f7000-7fc4d6a00000 rw-p 00000000 00:00 0 
7fc4d6a00000-7fc4d6a01000 rw-s 00000000 00:07 1112                       /dev/nvidia0
7fc4d6a01000-7fc4d6a03000 r--p 00000000 00:1a 53161                      /dev/shm/716e306c-95b7-4d19-95b4-1c569de03be9 (deleted)
7fc4d6a03000-7fc4d6a05000 r--p 00000000 103:02 4748283                   /usr/lib/libgmodule-2.0.so.0.8800.3
7fc4d6a05000-7fc4d6a07000 r-xp 00002000 103:02 4748283                   /usr/lib/libgmodule-2.0.so.0.8800.3
7fc4d6a07000-7fc4d6a08000 r--p 00004000 103:02 4748283                   /usr/lib/libgmodule-2.0.so.0.8800.3
7fc4d6a08000-7fc4d6a09000 r--p 00004000 103:02 4748283                   /usr/lib/libgmodule-2.0.so.0.8800.3
7fc4d6a09000-7fc4d6a0a000 rw-p 00005000 103:02 4748283                   /usr/lib/libgmodule-2.0.so.0.8800.3
7fc4d6a0a000-7fc4d6a18000 r--p 00000000 103:02 4741723                   /usr/lib/libdbus-1.so.3.38.3
7fc4d6a18000-7fc4d6a49000 r-xp 0000e000 103:02 4741723                   /usr/lib/libdbus-1.so.3.38.3
7fc4d6a49000-7fc4d6a5a000 r--p 0003f000 103:02 4741723                   /usr/lib/libdbus-1.so.3.38.3
7fc4d6a5a000-7fc4d6a5c000 r--p 0004f000 103:02 4741723                   /usr/lib/libdbus-1.so.3.38.3
7fc4d6a5c000-7fc4d6a5d000 rw-p 00051000 103:02 4741723                   /usr/lib/libdbus-1.so.3.38.3
7fc4d6a5d000-7fc4d7206000 rw-p 00000000 00:00 0 
7fc4d7206000-7fc4da75e000 ---p 00000000 00:00 0 
7fc4da75e000-7fc4da84b000 rw-p 00000000 00:00 0 
7fc4da84b000-7fc4daef6000 ---p 00000000 00:00 0 
7fc4daef6000-7fc4dafce000 rw-p 00000000 00:00 0 
7fc4dafce000-7fc4db679000 ---p 00000000 00:00 0 
7fc4db679000-7fc4db751000 rw-p 00000000 00:00 0 
7fc4db751000-7fc4dbdfc000 ---p 00000000 00:00 0 
7fc4dbdfc000-7fc4dbdff000 rw-p 00000000 00:00 0 
7fc4dbdff000-7fc4dd55f000 rwxp 00000000 00:00 0 
7fc4dd55f000-7fc4e325f000 ---p 00000000 00:00 0 
7fc4e325f000-7fc4e393f000 rwxp 00000000 00:00 0 
7fc4e393f000-7fc4e39a0000 ---p 00000000 00:00 0 
7fc4e39a0000-7fc4e40c0000 rwxp 00000000 00:00 0 
7fc4e40c0000-7fc4eae00000 ---p 00000000 00:00 0 
7fc4eae00000-7fc4f3e1c000 r--s 00000000 103:02 7880807                   /usr/lib/jvm/java-26-openjdk/lib/modules
7fc4f3e1c000-7fc4f3e1d000 rw-s 00000000 00:07 1110                       /dev/nvidiactl
7fc4f3e1d000-7fc4f3e1e000 r--p 00000000 103:02 4751862                   /usr/lib/libxcb-shm.so.0.0.0
7fc4f3e1e000-7fc4f3e1f000 r-xp 00001000 103:02 4751862                   /usr/lib/libxcb-shm.so.0.0.0
7fc4f3e1f000-7fc4f3e20000 r--p 00002000 103:02 4751862                   /usr/lib/libxcb-shm.so.0.0.0
7fc4f3e20000-7fc4f3e21000 r--p 00002000 103:02 4751862                   /usr/lib/libxcb-shm.so.0.0.0
7fc4f3e21000-7fc4f3e22000 rw-p 00003000 103:02 4751862                   /usr/lib/libxcb-shm.so.0.0.0
7fc4f3e22000-7fc4f3e24000 r--p 00000000 103:02 4761906                   /usr/lib/libfribidi.so.0.4.0
7fc4f3e24000-7fc4f3e29000 r-xp 00002000 103:02 4761906                   /usr/lib/libfribidi.so.0.4.0
7fc4f3e29000-7fc4f3e40000 r--p 00007000 103:02 4761906                   /usr/lib/libfribidi.so.0.4.0
7fc4f3e40000-7fc4f3e41000 r--p 0001d000 103:02 4761906                   /usr/lib/libfribidi.so.0.4.0
7fc4f3e41000-7fc4f3e42000 rw-p 0001e000 103:02 4761906                   /usr/lib/libfribidi.so.0.4.0
7fc4f3e42000-7fc4f3e4a000 r--p 00000000 103:02 4815145                   /usr/lib/libpangoft2-1.0.so.0.5800.2
7fc4f3e4a000-7fc4f3e5a000 r-xp 00008000 103:02 4815145                   /usr/lib/libpangoft2-1.0.so.0.5800.2
7fc4f3e5a000-7fc4f3e5f000 r--p 00018000 103:02 4815145                   /usr/lib/libpangoft2-1.0.so.0.5800.2
7fc4f3e5f000-7fc4f3e60000 r--p 0001d000 103:02 4815145                   /usr/lib/libpangoft2-1.0.so.0.5800.2
7fc4f3e60000-7fc4f3e61000 rw-p 0001e000 103:02 4815145                   /usr/lib/libpangoft2-1.0.so.0.5800.2
7fc4f3e61000-7fc4f3e62000 r--p 00000000 103:02 7880802                   /usr/lib/jvm/java-26-openjdk/lib/libsimdsort.so
7fc4f3e62000-7fc4f3e9c000 r-xp 00001000 103:02 7880802                   /usr/lib/jvm/java-26-openjdk/lib/libsimdsort.so
7fc4f3e9c000-7fc4f3ea2000 r--p 0003b000 103:02 7880802                   /usr/lib/jvm/java-26-openjdk/lib/libsimdsort.so
7fc4f3ea2000-7fc4f3ea3000 r--p 00040000 103:02 7880802                   /usr/lib/jvm/java-26-openjdk/lib/libsimdsort.so
7fc4f3ea3000-7fc4f3ea4000 rw-p 00041000 103:02 7880802                   /usr/lib/jvm/java-26-openjdk/lib/libsimdsort.so
7fc4f3ea4000-7fc4f7dfe000 rw-p 00000000 00:00 0 
7fc4f7dfe000-7fc4f8000000 ---p 00000000 00:00 0 
7fc4f8000000-7fc4f8001000 rw-s 00000000 00:07 1110                       /dev/nvidiactl
7fc4f8001000-7fc4f8006000 r--p 00000000 103:02 4815137                   /usr/lib/libpangocairo-1.0.so.0.5800.2
7fc4f8006000-7fc4f800f000 r-xp 00005000 103:02 4815137                   /usr/lib/libpangocairo-1.0.so.0.5800.2
7fc4f800f000-7fc4f8011000 r--p 0000e000 103:02 4815137                   /usr/lib/libpangocairo-1.0.so.0.5800.2
7fc4f8011000-7fc4f8012000 r--p 00010000 103:02 4815137                   /usr/lib/libpangocairo-1.0.so.0.5800.2
7fc4f8012000-7fc4f8013000 rw-p 00011000 103:02 4815137                   /usr/lib/libpangocairo-1.0.so.0.5800.2
7fc4f8013000-7fc4f8017000 r--p 00000000 103:02 4726011                   /usr/lib/libdecor/plugins-1/libdecor-cairo.so
7fc4f8017000-7fc4f801d000 r-xp 00004000 103:02 4726011                   /usr/lib/libdecor/plugins-1/libdecor-cairo.so
7fc4f801d000-7fc4f801f000 r--p 0000a000 103:02 4726011                   /usr/lib/libdecor/plugins-1/libdecor-cairo.so
7fc4f801f000-7fc4f8022000 r--p 0000b000 103:02 4726011                   /usr/lib/libdecor/plugins-1/libdecor-cairo.so
7fc4f8022000-7fc4f8023000 rw-p 0000e000 103:02 4726011                   /usr/lib/libdecor/plugins-1/libdecor-cairo.so
7fc4f8023000-7fc4f82e7000 rw-p 00000000 00:00 0 
7fc4f82e7000-7fc4f85ea000 rw-p 00000000 00:00 0 
7fc4f85ea000-7fc4f9306000 rw-p 00000000 00:00 0 
7fc4f9306000-7fc4f93e0000 ---p 00000000 00:00 0 
7fc4f93e0000-7fc4f940f000 rw-p 00000000 00:00 0 
7fc4f940f000-7fc4f94c9000 ---p 00000000 00:00 0 
7fc4f94c9000-7fc4f94d9000 r--p 00000000 103:02 4722178                   /usr/lib/libm.so.6
7fc4f94d9000-7fc4f9575000 r-xp 00010000 103:02 4722178                   /usr/lib/libm.so.6
7fc4f9575000-7fc4f95fe000 r--p 000ac000 103:02 4722178                   /usr/lib/libm.so.6
7fc4f95fe000-7fc4f95ff000 r--p 00134000 103:02 4722178                   /usr/lib/libm.so.6
7fc4f95ff000-7fc4f9600000 rw-p 00135000 103:02 4722178                   /usr/lib/libm.so.6
7fc4f9600000-7fc4f969a000 r--p 00000000 103:02 4748526                   /usr/lib/libstdc++.so.6.0.36
7fc4f969a000-7fc4f981d000 r-xp 0009a000 103:02 4748526                   /usr/lib/libstdc++.so.6.0.36
7fc4f981d000-7fc4f98bd000 r--p 0021d000 103:02 4748526                   /usr/lib/libstdc++.so.6.0.36
7fc4f98bd000-7fc4f98ce000 r--p 002bc000 103:02 4748526                   /usr/lib/libstdc++.so.6.0.36
7fc4f98ce000-7fc4f98cf000 rw-p 002cd000 103:02 4748526                   /usr/lib/libstdc++.so.6.0.36
7fc4f98cf000-7fc4f98d3000 rw-p 00000000 00:00 0 
7fc4f98d3000-7fc4f98d6000 r--p 00000000 103:02 4725997                   /usr/lib/libdecor-0.so.0.200.5
7fc4f98d6000-7fc4f98d9000 r-xp 00003000 103:02 4725997                   /usr/lib/libdecor-0.so.0.200.5
7fc4f98d9000-7fc4f98db000 r--p 00006000 103:02 4725997                   /usr/lib/libdecor-0.so.0.200.5
7fc4f98db000-7fc4f98dc000 r--p 00007000 103:02 4725997                   /usr/lib/libdecor-0.so.0.200.5
7fc4f98dc000-7fc4f98dd000 rw-p 00008000 103:02 4725997                   /usr/lib/libdecor-0.so.0.200.5
7fc4f98dd000-7fc4f98de000 r--p 00000000 103:02 4818228                   /usr/lib/libwayland-egl.so.1.26.0
7fc4f98de000-7fc4f98df000 r-xp 00001000 103:02 4818228                   /usr/lib/libwayland-egl.so.1.26.0
7fc4f98df000-7fc4f98e0000 r--p 00002000 103:02 4818228                   /usr/lib/libwayland-egl.so.1.26.0
7fc4f98e0000-7fc4f98e1000 r--p 00002000 103:02 4818228                   /usr/lib/libwayland-egl.so.1.26.0
7fc4f98e1000-7fc4f98e2000 rw-p 00003000 103:02 4818228                   /usr/lib/libwayland-egl.so.1.26.0
7fc4f98e2000-7fc4f98e4000 r--p 00000000 103:02 4780624                   /usr/lib/libffi.so.8.5.0
7fc4f98e4000-7fc4f98ec000 r-xp 00002000 103:02 4780624                   /usr/lib/libffi.so.8.5.0
7fc4f98ec000-7fc4f98ee000 r--p 0000a000 103:02 4780624                   /usr/lib/libffi.so.8.5.0
7fc4f98ee000-7fc4f98ef000 r--p 0000b000 103:02 4780624                   /usr/lib/libffi.so.8.5.0
7fc4f98ef000-7fc4f98f0000 rw-p 0000c000 103:02 4780624                   /usr/lib/libffi.so.8.5.0
7fc4f98f0000-7fc4f98f3000 r--p 00000000 103:02 4815658                   /usr/lib/libwayland-client.so.0.26.0
7fc4f98f3000-7fc4f98fa000 r-xp 00003000 103:02 4815658                   /usr/lib/libwayland-client.so.0.26.0
7fc4f98fa000-7fc4f98fd000 r--p 0000a000 103:02 4815658                   /usr/lib/libwayland-client.so.0.26.0
7fc4f98fd000-7fc4f98ff000 r--p 0000c000 103:02 4815658                   /usr/lib/libwayland-client.so.0.26.0
7fc4f98ff000-7fc4f9900000 rw-p 0000e000 103:02 4815658                   /usr/lib/libwayland-client.so.0.26.0
7fc4f9900000-7fc4f9904000 ---p 00000000 00:00 0 
7fc4f9904000-7fc4f9a00000 rw-p 00000000 00:00 0 
7fc4f9a00000-7fc4f9a0e000 r--p 00000000 103:02 7880818                   /usr/lib/jvm/java-26-openjdk/lib/server/libjvm.so
7fc4f9a0e000-7fc4fa957000 r-xp 0000e000 103:02 7880818                   /usr/lib/jvm/java-26-openjdk/lib/server/libjvm.so
7fc4fa957000-7fc4fab9e000 r--p 00f57000 103:02 7880818                   /usr/lib/jvm/java-26-openjdk/lib/server/libjvm.so
7fc4fab9e000-7fc4fac90000 r--p 0119d000 103:02 7880818                   /usr/lib/jvm/java-26-openjdk/lib/server/libjvm.so
7fc4fac90000-7fc4facb1000 rw-p 0128f000 103:02 7880818                   /usr/lib/jvm/java-26-openjdk/lib/server/libjvm.so
7fc4facb1000-7fc4fad34000 rw-p 00000000 00:00 0 
7fc4fad34000-7fc4fad35000 r--s 00000000 00:07 1110                       /dev/nvidiactl
7fc4fad35000-7fc4fad36000 r--p 00000000 103:02 4817284                   /usr/lib/libwayland-cursor.so.0.26.0
7fc4fad36000-7fc4fad38000 r-xp 00001000 103:02 4817284                   /usr/lib/libwayland-cursor.so.0.26.0
7fc4fad38000-7fc4fad39000 r--p 00003000 103:02 4817284                   /usr/lib/libwayland-cursor.so.0.26.0
7fc4fad39000-7fc4fad3a000 r--p 00003000 103:02 4817284                   /usr/lib/libwayland-cursor.so.0.26.0
7fc4fad3a000-7fc4fad3e000 rw-p 00004000 103:02 4817284                   /usr/lib/libwayland-cursor.so.0.26.0
7fc4fad3e000-7fc4fad3f000 r--p 00000000 103:02 4722210                   /usr/lib/librt.so.1
7fc4fad3f000-7fc4fad40000 r-xp 00001000 103:02 4722210                   /usr/lib/librt.so.1
7fc4fad40000-7fc4fad41000 r--p 00002000 103:02 4722210                   /usr/lib/librt.so.1
7fc4fad41000-7fc4fad42000 r--p 00002000 103:02 4722210                   /usr/lib/librt.so.1
7fc4fad42000-7fc4fad43000 rw-p 00003000 103:02 4722210                   /usr/lib/librt.so.1
7fc4fad43000-7fc4fad44000 r-xp 0005e000 00:2f 28110                      /tmp/lwjgl_annihilator/3.3.6+1/x64/liblwjgl.so
7fc4fad44000-7fc4fad45000 rw-p 00000000 00:00 0 
7fc4fad45000-7fc4fad46000 r--p 00000000 103:02 4722204                   /usr/lib/libpthread.so.0
7fc4fad46000-7fc4fad47000 r-xp 00001000 103:02 4722204                   /usr/lib/libpthread.so.0
7fc4fad47000-7fc4fad48000 r--p 00002000 103:02 4722204                   /usr/lib/libpthread.so.0
7fc4fad48000-7fc4fad49000 r--p 00002000 103:02 4722204                   /usr/lib/libpthread.so.0
7fc4fad49000-7fc4fad4a000 rw-p 00003000 103:02 4722204                   /usr/lib/libpthread.so.0
7fc4fad4a000-7fc4fad4b000 r--p 00000000 103:02 4722163                   /usr/lib/libdl.so.2
7fc4fad4b000-7fc4fad4c000 r-xp 00001000 103:02 4722163                   /usr/lib/libdl.so.2
7fc4fad4c000-7fc4fad4d000 r--p 00002000 103:02 4722163                   /usr/lib/libdl.so.2
7fc4fad4d000-7fc4fad4e000 r--p 00002000 103:02 4722163                   /usr/lib/libdl.so.2
7fc4fad4e000-7fc4fad4f000 rw-p 00003000 103:02 4722163                   /usr/lib/libdl.so.2
7fc4fad4f000-7fc4fad51000 r--p 00000000 103:02 7880796                   /usr/lib/jvm/java-26-openjdk/lib/libnet.so
7fc4fad51000-7fc4fad58000 r-xp 00002000 103:02 7880796                   /usr/lib/jvm/java-26-openjdk/lib/libnet.so
7fc4fad58000-7fc4fad5a000 r--p 00009000 103:02 7880796                   /usr/lib/jvm/java-26-openjdk/lib/libnet.so
7fc4fad5a000-7fc4fad5b000 r--p 0000a000 103:02 7880796                   /usr/lib/jvm/java-26-openjdk/lib/libnet.so
7fc4fad5b000-7fc4fad5c000 rw-p 0000b000 103:02 7880796                   /usr/lib/jvm/java-26-openjdk/lib/libnet.so
7fc4fad5c000-7fc4fad63000 r--p 00000000 103:02 7880797                   /usr/lib/jvm/java-26-openjdk/lib/libnio.so
7fc4fad63000-7fc4fad6c000 r-xp 00007000 103:02 7880797                   /usr/lib/jvm/java-26-openjdk/lib/libnio.so
7fc4fad6c000-7fc4fad71000 r--p 00010000 103:02 7880797                   /usr/lib/jvm/java-26-openjdk/lib/libnio.so
7fc4fad71000-7fc4fad72000 r--p 00014000 103:02 7880797                   /usr/lib/jvm/java-26-openjdk/lib/libnio.so
7fc4fad72000-7fc4fad73000 rw-p 00015000 103:02 7880797                   /usr/lib/jvm/java-26-openjdk/lib/libnio.so
7fc4fad73000-7fc4fadb3000 rw-p 00000000 00:00 0 
7fc4fadb3000-7fc4fadbd000 r--p 00000000 103:02 7880782                   /usr/lib/jvm/java-26-openjdk/lib/libjava.so
7fc4fadbd000-7fc4fadcb000 r-xp 0000a000 103:02 7880782                   /usr/lib/jvm/java-26-openjdk/lib/libjava.so
7fc4fadcb000-7fc4fadd0000 r--p 00018000 103:02 7880782                   /usr/lib/jvm/java-26-openjdk/lib/libjava.so
7fc4fadd0000-7fc4fadd1000 r--p 0001d000 103:02 7880782                   /usr/lib/jvm/java-26-openjdk/lib/libjava.so
7fc4fadd1000-7fc4fadd2000 rw-p 0001e000 103:02 7880782                   /usr/lib/jvm/java-26-openjdk/lib/libjava.so
7fc4fadd2000-7fc4fadd3000 rw-p 00000000 00:00 0 
7fc4fadd3000-7fc4fadd7000 r--p 00000000 103:02 4836834                   /usr/lib/libgcc_s.so.1
7fc4fadd7000-7fc4fadfa000 r-xp 00004000 103:02 4836834                   /usr/lib/libgcc_s.so.1
7fc4fadfa000-7fc4fadfe000 r--p 00027000 103:02 4836834                   /usr/lib/libgcc_s.so.1
7fc4fadfe000-7fc4fadff000 r--p 0002b000 103:02 4836834                   /usr/lib/libgcc_s.so.1
7fc4fadff000-7fc4fae00000 rw-p 0002c000 103:02 4836834                   /usr/lib/libgcc_s.so.1
7fc4fae00000-7fc4fae24000 r--p 00000000 103:02 4722147                   /usr/lib/libc.so.6
7fc4fae24000-7fc4faf9f000 r-xp 00024000 103:02 4722147                   /usr/lib/libc.so.6
7fc4faf9f000-7fc4fb015000 r--p 0019f000 103:02 4722147                   /usr/lib/libc.so.6
7fc4fb015000-7fc4fb019000 r--p 00214000 103:02 4722147                   /usr/lib/libc.so.6
7fc4fb019000-7fc4fb01b000 rw-p 00218000 103:02 4722147                   /usr/lib/libc.so.6
7fc4fb01b000-7fc4fb024000 rw-p 00000000 00:00 0 
7fc4fb024000-7fc4fb026000 r--p 00000000 103:02 7880806                   /usr/lib/jvm/java-26-openjdk/lib/libzip.so
7fc4fb026000-7fc4fb02a000 r-xp 00002000 103:02 7880806                   /usr/lib/jvm/java-26-openjdk/lib/libzip.so
7fc4fb02a000-7fc4fb02c000 r--p 00006000 103:02 7880806                   /usr/lib/jvm/java-26-openjdk/lib/libzip.so
7fc4fb02c000-7fc4fb02d000 r--p 00007000 103:02 7880806                   /usr/lib/jvm/java-26-openjdk/lib/libzip.so
7fc4fb02d000-7fc4fb02e000 rw-p 00008000 103:02 7880806                   /usr/lib/jvm/java-26-openjdk/lib/libzip.so
7fc4fb02e000-7fc4fb02f000 r--p 00000000 103:02 4744044                   /usr/share/locale/en_GB/LC_MESSAGES/libc.mo
7fc4fb02f000-7fc4fb03d000 rw-p 00000000 00:00 0 
7fc4fb03d000-7fc4fb03e000 ---p 00000000 00:00 0 
7fc4fb03e000-7fc4fb046000 rw-s 00000000 00:2f 43613                      /tmp/hsperfdata_annihilator/1729888
7fc4fb046000-7fc4fb047000 ---p 00000000 00:00 0 
7fc4fb047000-7fc4fb048000 r--p 00000000 00:00 0 
7fc4fb048000-7fc4fb049000 ---p 00000000 00:00 0 
7fc4fb049000-7fc4fb04a000 r--p 00000000 103:02 7880786                   /usr/lib/jvm/java-26-openjdk/lib/libjimage.so
7fc4fb04a000-7fc4fb04c000 r-xp 00001000 103:02 7880786                   /usr/lib/jvm/java-26-openjdk/lib/libjimage.so
7fc4fb04c000-7fc4fb04d000 r--p 00003000 103:02 7880786                   /usr/lib/jvm/java-26-openjdk/lib/libjimage.so
7fc4fb04d000-7fc4fb04e000 r--p 00003000 103:02 7880786                   /usr/lib/jvm/java-26-openjdk/lib/libjimage.so
7fc4fb04e000-7fc4fb04f000 rw-p 00004000 103:02 7880786                   /usr/lib/jvm/java-26-openjdk/lib/libjimage.so
7fc4fb04f000-7fc4fb051000 rw-p 00000000 00:00 0 
7fc4fb051000-7fc4fb054000 r--p 00000000 103:02 4742373                   /usr/lib/libz.so.1.3.2
7fc4fb054000-7fc4fb064000 r-xp 00003000 103:02 4742373                   /usr/lib/libz.so.1.3.2
7fc4fb064000-7fc4fb06a000 r--p 00013000 103:02 4742373                   /usr/lib/libz.so.1.3.2
7fc4fb06a000-7fc4fb06b000 r--p 00018000 103:02 4742373                   /usr/lib/libz.so.1.3.2
7fc4fb06b000-7fc4fb06c000 rw-p 00019000 103:02 4742373                   /usr/lib/libz.so.1.3.2
7fc4fb06c000-7fc4fb06e000 r--p 00000000 103:02 7880787                   /usr/lib/jvm/java-26-openjdk/lib/libjli.so
7fc4fb06e000-7fc4fb078000 r-xp 00002000 103:02 7880787                   /usr/lib/jvm/java-26-openjdk/lib/libjli.so
7fc4fb078000-7fc4fb07b000 r--p 0000c000 103:02 7880787                   /usr/lib/jvm/java-26-openjdk/lib/libjli.so
7fc4fb07b000-7fc4fb07c000 r--p 0000e000 103:02 7880787                   /usr/lib/jvm/java-26-openjdk/lib/libjli.so
7fc4fb07c000-7fc4fb07d000 rw-p 0000f000 103:02 7880787                   /usr/lib/jvm/java-26-openjdk/lib/libjli.so
7fc4fb07d000-7fc4fb07e000 r--p 00000000 00:2f 28193                      /tmp/libglxshim.so
7fc4fb07e000-7fc4fb07f000 r-xp 00001000 00:2f 28193                      /tmp/libglxshim.so
7fc4fb07f000-7fc4fb080000 r--p 00002000 00:2f 28193                      /tmp/libglxshim.so
7fc4fb080000-7fc4fb081000 r--p 00002000 00:2f 28193                      /tmp/libglxshim.so
7fc4fb081000-7fc4fb082000 rw-p 00003000 00:2f 28193                      /tmp/libglxshim.so
7fc4fb082000-7fc4fb084000 rw-p 00000000 00:00 0 
7fc4fb084000-7fc4fb0bd000 r--p 00000000 103:02 656923                    /etc/ld.so.cache
7fc4fb0bd000-7fc4fb0c1000 r--p 00000000 00:00 0                          [vvar]
7fc4fb0c1000-7fc4fb0c3000 r--p 00000000 00:00 0                          [vvar_vclock]
7fc4fb0c3000-7fc4fb0c5000 r-xp 00000000 00:00 0                          [vdso]
7fc4fb0c5000-7fc4fb0c6000 r--p 00000000 103:02 4722097                   /usr/lib/ld-linux-x86-64.so.2
7fc4fb0c6000-7fc4fb0f3000 r-xp 00001000 103:02 4722097                   /usr/lib/ld-linux-x86-64.so.2
7fc4fb0f3000-7fc4fb102000 r--p 0002e000 103:02 4722097                   /usr/lib/ld-linux-x86-64.so.2
7fc4fb102000-7fc4fb104000 r--p 0003d000 103:02 4722097                   /usr/lib/ld-linux-x86-64.so.2
7fc4fb104000-7fc4fb105000 rw-p 0003f000 103:02 4722097                   /usr/lib/ld-linux-x86-64.so.2
7fc4fb105000-7fc4fb106000 rw-p 00000000 00:00 0 
7fff237cf000-7fff237f7000 rw-p 00000000 00:00 0                          [stack]
ffffffffff600000-ffffffffff601000 --xp 00000000 00:00 0                  [vsyscall]
Total number of mappings: 2050

JVMTI agents: none


VM Arguments:
jvm_args: -Dnuvio.wayland.libmpv=/home/annihilator/dev/mpv/build/libmpv.so.2 -Dnuvio.wayland.realApp=true -Dnuvio.wayland.videoLog=true -Dnuvio.wayland.webChrome=true -Dorg.lwjgl.util.Debug=false --enable-native-access=ALL-UNNAMED -Dfile.encoding=UTF-8 -Duser.country=GB -Duser.language=en -Duser.variant 
java_command: com.nuvio.wayland.MainKt
java_class_path (initial): /home/annihilator/dev/NuvioDesktop/waylandHost/build/classes/java/main:/home/annihilator/dev/NuvioDesktop/waylandHost/build/classes/kotlin/main:/home/annihilator/dev/NuvioDesktop/waylandHost/build/resources/main:/home/annihilator/dev/NuvioDesktop/composeApp/build/libs/composeApp-desktop.jar:/home/annihilator/dev/NuvioDesktop/vendor/compose-media-player/mediaplayer/build/libs/composeMediaPlayer-jvm-0.11.4-nuvio.jar:/home/annihilator/.gradle/caches/modules-2/files-2.1/com.materialkolor.palette/core-jvm/4.0.0-beta02/e7ea3c09e6205047254ad2601a54c18c5be26906/kmpalette-core-jvm.jar:/home/annihilator/.gradle/caches/modules-2/files-2.1/org.jetbrains.compose.material3/material3-desktop/1.11.0-alpha07/422cb57765628e3959d1e27ac46660593643296b/material3-desktop-1.11.0-alpha07.jar:/home/annihilator/.gradle/caches/modules-2/files-2.1/dev.chrisbanes.haze/haze-jvm/1.7.2/a254162ea3c9ba2eea97a76058da89ac31e50233/haze-jvm.jar:/home/annihilator/.gradle/caches/modules-2/files-2.1/org.jetbrains.compose.components/components-resources-desktop/1.11.1/f4eb52d87f31584dacdb816a26376f39a1802e8a/library-desktop-1.11.1.jar:/home/annihilator/.gradle/caches/modules-2/files-2.1/sh.calvin.reorderable/reorderable-jvm/3.0.0/4032f6ad5422fe507c8acb2257a83ebc806f145e/reorderable-jvm-3.0.0.jar:/home/annihilator/.gradle/caches/modules-2/files-2.1/org.jetbrains.compose.desktop/desktop-jvm/1.11.1/1fee826ff9d1fafd500b57a22facfc0236bc14c7/desktop-jvm-1.11.1.jar:/home/annihilator/.gradle/caches/modules-2/files-2.1/org.jetbrains.androidx.navigation3/navigation3-ui-desktop/1.1.1/ff832586ef5d51d08b604d7a524fd7985b95af2b/navigation3-ui-desktop-1.1.1.jar:/home/annihilator/.gradle/caches/modules-2/files-2.1/org.jetbrains.compose.material/material-desktop/1.11.1/2891a6f3a62dc4c367636a521d1b680a7d6ff6d/material-desktop-1.11.1.jar:/home/annihilator/.gradle/caches/modules-2/files-2.1/org.jetbrains.compose.animation/animation-core-desktop/1.11.1/1bf633ecd1a38a1cf7a41630bc56cba0da9cc25b/animation-core-desktop-1.11.1.jar:/home/annihilator/.gradle/caches/modules-2/files-2.1/org.jetbrains.compose.material/material-ripple-desktop/1.11.1/ae97a5eeb23bc3f461bc3e16e2a9882175405d17/material-ripple-desktop-1.11.1.jar:/home/annihilator/.gradle/caches/modules-2/files-2.1/org.jetbrains.compose.animation/animation-desktop/1.11.1/f873fb28f1a08d45a4dd20a0130b3da8cadf383c/animation-desktop-1.11.1.jar:/home/annihilator/.gradle/caches/modules-2/files-2.1/org.jetbrains.compose.foundation/foundation-layout-desktop/1.11.1/853fc5d01388da6515ce40b719798914012f6469/foundation-layout-desktop-1.11.1.jar:/home/annihilator/.gradle/caches/modules-2/files-2.1/io.coil-kt.coil3/coil-compose-jvm/3.5.0-beta01/8499f43e80509e3fe55e4a90ad7ce6e816b190e4/coil-compose-jvm-3.5.0-beta01.jar:/home/annihilator/.gradle/caches/modules-2/files-2.1/io.coil-kt.coil3/coil-compose-core-jvm/3.5.0-beta01/12f6663116f0946fe3e87c15f573eb52ac6dc2bc/coil-compose-core-jvm-3.5.0-beta01.jar:/home/annihilator/.gradle/caches/modules-2/files-2.1/org.jetbrains.compose.foundation/foundation-desktop/1.11.1/6df316e7af2c0c97f200de289925f62ca8fce53d/foundation-desktop-1.11.1.jar:/home/annihilator/.gradle/caches/modules-2/files-2.1/org.jetbrains.compose.material/material-icons-extended-desktop/1.7.3/c7c5465dd754043076875b32bce0dd7f5a354fe8/material-icons-extended-desktop-1.7.3.jar:/home/annihilator/.gradle/caches/modules-2/files-2.1/org.jetbrains.compose.material/material-icons-core-desktop/1.7.3/414b3096050fe647b0638832eace80f22c06b85c/material-icons-core-desktop-1.7.3.jar:/home/annihilator/.gradle/caches/modules-2/files-2.1/org.jetbrains.compose.ui/ui-unit-desktop/1.11.1/f6c06f98da206d01dc40c1587c6bc4c40cbef623/ui-unit-desktop-1.11.1.jar:/home/annihilator/.gradle/caches/modules-2/files-2.1/org.jetbrains.compose.ui/ui-graphics-desktop/1.11.1/6ea106d02adf29694eedf12fdfb621947d3621bf/ui-graphics-desktop-1.11.1.jar:/home/annihilator/.gradle/caches/modules-2/files-2.1/org.jetbrains.compose.ui/ui-geometry-desktop/1.11.1/5e430152487375359973ac9874653d335dcc220/ui-geometry-desktop-1.11.1.jar:/home/annihilator/.gradle/caches/modules-2/files-2.1/org.jetbrains.compose.ui/ui-backhandler-desktop/1.11.1/bd3540bb1d6abd60c5e58f32663b2f3e89406cd1/ui-backhandler-desktop-1.11.1.jar:/home/annihilator/.gradle/caches/modules-2/files-2.1/org.jetbrains.compose.ui/ui-util-desktop/1.11.1/4302c582878b82ab24e1f34e6e90f967f7b416ed/ui-util-desktop-1.11.1.jar:/home/annihilator/.gradle/caches/modules-2/files-2.1/org.jetbrains.compose.ui/ui-text-desktop/1.11.1/6ded685e2601260d6231c859a849b96ee6c60368/ui-text-desktop-1.11.1.jar:/home/annihilator/.gradle/caches/modules-2/files-2.1/org.jetbrains.compose.ui/ui-tooling-preview-desktop/1.11.1/97ec578d33adc34adcaa63e9af7bb2328c6c29b7/ui-tooling-preview-desktop-1.11.1.jar:/home/annihilator/.gradle/caches/modules-2/files-2.1/com.materialkolor.palette/kmpalette-loader-jvm/4.0.0-beta02/346d1cbf659720dfc1952796e619da44789482f/kmpalette-loader-jvm.jar:/home/annihilator/.gradle/caches/modules-2/files-2.1/org.jetbrains.androidx.navigationevent/navigationevent-compose-desktop/1.0.1/ecaf02060a048a1f82584fe328e4e02fe6f982ad/navigationevent-compose-desktop-1.0.1.jar:/home/annihilator/.gradle/caches/modules-2/files-2.1/org.jetbrains.compose.ui/ui-desktop/1.11.1/24c40c0d60c77a6fb34f930f13bfa4a3ff62c0f/ui-desktop-1.11.1.jar:/home/annihilator/.gradle/caches/modules-2/files-2.1/androidx.navigation3/navigation3-runtime-desktop/1.1.1/f97607fbd9cd1c2a196dbdf2440b6ca78010c08a/navigation3-runtime-desktop-1.1.1.jar:/home/annihilator/.gradle/caches/modules-2/files-2.1/androidx.lifecycle/lifecycle-runtime-desktop/2.11.0-beta01/c2b5e2f7d739375538c2a74757531a30607f85ff/lifecycle-runtime-desktop-2.11.0-beta01.jar:/home/annihilator/.gradle/caches/modules-2/files-2.1/androidx.lifecycle/lifecycle-common-jvm/2.11.0-beta01/41ef287eee7e4befb1308c017df4de89a210490d/lifecycle-common-jvm-2.11.0-beta01.jar:/home/annihilator/.gradle/caches/modules-2/files-2.1/androidx.lifecycle/lifecycle-viewmodel-desktop/2.11.0-beta01/614711da4abf1ece2121521477a5920ed26a7f29/lifecycle-viewmodel-desktop-2.11.0-beta01.jar:/home/annihilator/.gradle/caches/modules-2/files-2.1/androidx.lifecycle/lifecycle-runtime-compose-desktop/2.11.0-beta01/392c6d5cb40bb6d59e3d7070607786b7328009d4/lifecycle-runtime-compose-desktop-2.11.0-beta01.jar:/home/annihilator/.gradle/caches/modules-2/files-2.1/androidx.lifecycle/lifecycle-viewmodel-compose-desktop/2.11.0-beta01/f04e89ec2d915b35cdcd4675591ae3997604173c/lifecycle-viewmodel-compose-desktop-2.11.0-beta01.jar:/home/annihilator/.gradle/caches/modules-2/files-2.1/androidx.lifecycle/lifecycle-viewmodel-savedstate-desktop/2.11.0-beta01/23c86e72183d96b3fff60102dca0de1da5fd4424/lifecycle-viewmodel-savedstate-desktop-2.11.0-beta01.jar:/home/annihilator/.gradle/caches/modules-2/files-2.1/org.jetbrains.androidx.savedstate/savedstate-compose-desktop/1.3.6/63692375ffe667f12cb3ea8aa1e605d659ed2add/savedstate-compose-desktop-1.3.6.jar:/home/annihilator/.gradle/caches/modules-2/files-2.1/androidx.savedstate/savedstate-desktop/1.4.0/3b049a0f81643d6b4b900de95bc23efc085c32d5/savedstate-desktop-1.4.0.jar:/home/annihilator/.gradle/caches/modules-2/files-2.1/androidx.savedstate/savedstate-compose-desktop/1.4.0/d3d6e0e2108528eb6080dc250da925a572be4202/savedstate-compose-desktop-1.4.0.jar:/home/annihilator/.gradle/caches/modules-2/files-2.1/androidx.navigationevent/navigationevent-desktop/1.0.2/ddb1e7fe97ed51c3d35bba493f97fcf12398719/navigationevent-desktop-1.0.2.jar:/home/annihilator/.gradle/caches/modules-2/files-2.1/androidx.compose.runtime/runtime-annotation-jvm/1.11.2/db4aa964627ac96331b72e231b9ad54318d112f4/runtime-annotation-jvm-1.11.2.jar:/home/annihilator/.gradle/caches/modules-2/files-2.1/androidx.compose.runtime/runtime-desktop/1.11.2/e93d95553cdd86c1cb8c02f50260cc1c8e341da8/runtime-desktop-1.11.2.jar:/home/annihilator/.gradle/caches/modules-2/files-2.1/androidx.compose.runtime/runtime-retain-desktop/1.11.2/3aa3ec26ef2a3d26bc556b51b33d09efc1a198e8/runtime-retain-desktop-1.11.2.jar:/home/annihilator/.gradle/caches/modules-2/files-2.1/androidx.compose.runtime/runtime-saveable-desktop/1.11.2/1618fae89791692a224fe7aa79edbd7a8f5b7522/runtime-saveable-desktop-1.11.2.jar:/home/annihilator/.gradle/caches/modules-2/files-2.1/org.jetbrains.compose.runtime/runtime-saveable-desktop/1.11.1/b7c8a8ed985a0f15b4d8d206de1fc6125b499388/runtime-saveable-desktop-1.11.1.jar:/home/annihilator/.gradle/caches/modules-2/files-2.1/org.jetbrains.androidx.lifecycle/lifecycle-runtime-compose-desktop/2.11.0-beta01/e93db8959692f5740745b457135c1ab209a67923/lifecycle-runtime-compose-desktop-2.11.0-beta01.jar:/home/annihilator/.gradle/caches/modules-2/files-2.1/org.jetbrains.androidx.lifecycle/lifecycle-viewmodel-compose-desktop/2.11.0-beta01/25df0b7b86731829cb34805ff8ebb167b198b916/lifecycle-viewmodel-compose-desktop-2.11.0-beta01.jar:/home/annihilator/.gradle/caches/modules-2/files-2.1/org.jetbrains.compose.runtime/runtime-desktop/1.11.1/1941336b045aac4b87cc3be81d9fdb9977c88c61/runtime-desktop-1.11.1.jar:/home/annihilator/.gradle/caches/modules-2/files-2.1/io.coil-kt.coil3/coil-network-ktor3-jvm/3.5.0-beta01/59ee23ce9f237edbad112c94a7cc65dc1939999b/coil-network-ktor3-jvm-3.5.0-beta01.jar:/home/annihilator/.gradle/caches/modules-2/files-2.1/io.coil-kt.coil3/coil-network-cache-control-jvm/3.5.0-beta01/92507c9b531bab9e0c7188af0057a8719c8fee05/coil-network-cache-control-jvm-3.5.0-beta01.jar:/home/annihilator/.gradle/caches/modules-2/files-2.1/io.coil-kt.coil3/coil-svg-jvm/3.5.0-beta01/7998e0f304b0c8c535dfda3ef86cf81faa88a813/coil-svg-jvm-3.5.0-beta01.jar:/home/annihilator/.gradle/caches/modules-2/files-2.1/org.jetbrains.kotlinx/atomicfu-jvm/0.32.1/766417c1430c117100e14af193c4fdbe6034b5e6/atomicfu-jvm-0.32.1.jar:/home/annihilator/.gradle/caches/modules-2/files-2.1/io.github.jan-tennert.supabase/postgrest-kt-jvm/3.4.1/5ce69132306e6aa1fcd959ebdeb502e821e3a47c/postgrest-kt-jvm-3.4.1.jar:/home/annihilator/.gradle/caches/modules-2/files-2.1/io.github.jan-tennert.supabase/functions-kt-jvm/3.4.1/2a6c5a1e77bb1d4895812d7292d8075e34b2fb55/functions-kt-jvm-3.4.1.jar:/home/annihilator/.gradle/caches/modules-2/files-2.1/io.github.jan-tennert.supabase/storage-kt-jvm/3.4.1/4f3eb000d3862395bdd976ab8679841be3029d43/storage-kt-jvm-3.4.1.jar:/home/annihilator/.gradle/caches/modules-2/files-2.1/io.github.jan-tennert.supabase/auth-kt-jvm/3.4.1/91413cc37352dda1f34a180c14f58601b6aa2ea0/auth-kt-jvm-3.4.1.jar:/home/annihilator/.gradle/caches/modules-2/files-2.1/io.ktor/ktor-client-cio-jvm/3.4.1/114327011eeecd416940e2d1be8c9bd5098907de/ktor-client-cio-jvm-3.4.1.jar:/home/annihilator/.gradle/caches/modules-2/files-2.1/io.github.dokar3/quickjs-kt-jvm/1.0.5/c76155aa176760f2ab1966aa61ebd1cc1334dee6/quickjs-jvm.jar:/home/annihilator/.gradle/caches/modules-2/files-2.1/com.fleeksoft.ksoup/ksoup-jvm/0.2.6/61a4f799ea43b8eb31856729500be73975e41a42/ksoup-jvm-0.2.6.jar:/home/annihilator/.gradle/caches/modules-2/files-2.1/org.jetbrains.skiko/skiko-awt-runtime-linux-x64/0.144.6/291f8626a2fecd06e9f585424360560189ab7303/skiko-awt-runtime-linux-x64-0.144.6.jar:/home/annihilator/.gradle/caches/modules-2/files-2.1/org.jetbrains.skiko/skiko-awt/0.144.6/c9bec39e3c517ed5591c71c7db0cbbe64b6be849/skiko-awt-0.144.6.jar:/home/annihilator/.gradle/caches/modules-2/files-2.1/io.github.vinceglb/filekit-core-jvm/0.14.2/2d6248437233553a08f656e1cfdfc3db3df14a13/filekit-core-jvm.jar:/home/annihilator/.gradle/caches/modules-2/files-2.1/io.ktor/ktor-server-cio-jvm/3.4.0/16a50d239963841ae64e8e207f93ae7a5fdd7062/ktor-server-cio-jvm-3.4.0.jar:/home/annihilator/.gradle/caches/modules-2/files-2.1/io.ktor/ktor-server-core-jvm/3.4.0/97aba0f5e3cd539679907382a3f5783b9a563165/ktor-server-core-jvm-3.4.0.jar:/home/annihilator/.gradle/caches/modules-2/files-2.1/org.jetbrains.kotlin/kotlin-reflect/2.3.10/98e0fa43a9204a252fa8806c9b2f3f3131590bcb/kotlin-reflect-2.3.10.jar:/home/annihilator/.gradle/caches/modules-2/files-2.1/com.squareup.okhttp3/okhttp/4.12.0/2f4525d4a200e97e1b87449c2cd9bd2e25b7e8cd/okhttp-4.12.0.jar:/home/annihilator/.gradle/caches/modules-2/files-2.1/org.jetbrains.kotlin/kotlin-stdlib-jdk8/1.9.0/e000bd084353d84c9e888f6fb341dc1f5b79d948/kotlin-stdlib-jdk8-1.9.0.jar:/home/annihilator/.gradle/caches/modules-2/files-2.1/io.github.jan-tennert.supabase/supabase-kt-jvm/3.4.1/4c8df2570087c4424f8c2f3c93d77b2ec4198fd5/supabase-kt-jvm-3.4.1.jar:/home/annihilator/.gradle/caches/modules-2/files-2.1/org.jetbrains.kotlinx/kotlinx-datetime-jvm/0.8.0/316346a7d44778581ff91154f72dfa576bce4ee2/kotlinx-datetime-jvm-0.8.0.jar:/home/annihilator/.gradle/caches/modules-2/files-2.1/androidx.graphics/graphics-shapes-desktop/1.1.0/a5d2198960bdc0915f74c6b2954d3323f35f40ea/graphics-shapes-desktop-1.1.0.jar:/home/annihilator/.gradle/caches/modules-2/files-2.1/androidx.collection/collection-jvm/1.5.0/7ba2c69414d46ebc2dd76598bdd0a75c54281a57/collection-jvm-1.5.0.jar:/home/annihilator/.gradle/caches/modules-2/files-2.1/io.coil-kt.coil3/coil-jvm/3.5.0-beta01/b0061205e37fc17ba27f52ba1ee42f2be1de31d3/coil-jvm-3.5.0-beta01.jar:/home/annihilator/.gradle/caches/modules-2/files-2.1/io.coil-kt.coil3/coil-network-core-jvm/3.5.0-beta01/27fa35b4c8e4fbcc99126099eba9600a1e8e5a56/coil-network-core-jvm-3.5.0-beta01.jar:/home/annihilator/.gradle/caches/modules-2/files-2.1/io.coil-kt.coil3/coil-core-jvm/3.5.0-beta01/a1cca49cdadfc07533b35de91d266adda8af9df8/coil-core-jvm-3.5.0-beta01.jar:/home/annihilator/.gradle/caches/modules-2/files-2.1/com.materialkolor.palette/androidx-palette-jvm/4.0.0-beta02/8635f5e4c28acd813bc78a044d6f1492de7c575/androidx-palette-jvm.jar:/home/annihilator/.gradle/caches/modules-2/files-2.1/dev.drewhamilton.poko/poko-annotations-jvm/0.21.3/1e98d2ec00742104bd01eaebbd59582dac99a62/poko-annotations-jvm-0.21.3.jar:/home/annihilator/.gradle/caches/modules-2/files-2.1/com.russhwolf/multiplatform-settings-no-arg-jvm/1.3.0/b9d2280a0d56597619afb286d7c5f697f2e83f03/multiplatform-settings-no-arg-jvm-1.3.0.jar:/home/annihilator/.gradle/caches/modules-2/files-2.1/com.russhwolf/multiplatform-settings-coroutines-jvm/1.3.0/c64a7df35357b1e8fa74b830d006d2ea23fcb395/multiplatform-settings-coroutines-jvm-1.3.0.jar:/home/annihilator/.gradle/caches/modules-2/files-2.1/dev.whyoleg.cryptography/cryptography-provider-jdk-jvm/0.5.0/3a2721ac930c182a0e424f2d558cfa9d52cc1b3/cryptography-provider-jdk-jvm-0.5.0.jar:/home/annihilator/.gradle/caches/modules-2/files-2.1/dev.whyoleg.cryptography/cryptography-provider-base-jvm/0.5.0/e03b79926494512ac452ca00cfa5e27135262d32/cryptography-provider-base-jvm-0.5.0.jar:/home/annihilator/.gradle/caches/modules-2/files-2.1/dev.whyoleg.cryptography/cryptography-serialization-asn1-modules-jvm/0.5.0/9308027088c76026a5b96f5b5b400859310ca1af/cryptography-serialization-asn1-modules-jvm-0.5.0.jar:/home/annihilator/.gradle/caches/modules-2/files-2.1/dev.whyoleg.cryptography/cryptography-serialization-asn1-jvm/0.5.0/242a38b98c1dd201f499485925f22c972858c153/cryptography-serialization-asn1-jvm-0.5.0.jar:/home/annihilator/.gradle/caches/modules-2/files-2.1/dev.whyoleg.cryptography/cryptography-bigint-jvm/0.5.0/97ac3202bf7f3792b3c8bc788a7bbb1b33ca2485/cryptography-bigint-jvm-0.5.0.jar:/home/annihilator/.gradle/caches/modules-2/files-2.1/dev.whyoleg.cryptography/cryptography-random-jvm/0.5.0/8e77668891b60f6058f1262e032d8b06d137bdde/cryptography-random-jvm-0.5.0.jar:/home/annihilator/.gradle/caches/modules-2/files-2.1/dev.whyoleg.cryptography/cryptography-serialization-pem-jvm/0.5.0/7b5cb41c77698e6fb3fab21e67bf7b9e988e11a2/cryptography-serialization-pem-jvm-0.5.0.jar:/home/annihilator/.gradle/caches/modules-2/files-2.1/dev.whyoleg.cryptography/cryptography-provider-optimal-jvm/0.5.0/f0ff9daaf78932f6348ee90d014ca4c78337971b/cryptography-provider-optimal-jvm-0.5.0.jar:/home/annihilator/.gradle/caches/modules-2/files-2.1/dev.whyoleg.cryptography/cryptography-core-jvm/0.5.0/d0fc25786ede38c33893236eacc3d6ab11d2ad10/cryptography-core-jvm-0.5.0.jar:/home/annihilator/.gradle/caches/modules-2/files-2.1/io.ktor/ktor-client-content-negotiation-jvm/3.4.0/266c1aef9d340c22cd859dd5c9174c2e1d86489f/ktor-client-content-negotiation-jvm-3.4.0.jar:/home/annihilator/.gradle/caches/modules-2/files-2.1/io.ktor/ktor-client-core-jvm/3.4.1/84dc032a29f56bdac73449f78a0a2e7f9cab042/ktor-client-core-jvm-3.4.1.jar:/home/annihilator/.gradle/caches/modules-2/files-2.1/io.ktor/ktor-http-cio-jvm/3.4.1/3bd25f53a79a1f68eaec86ae9da4878314cc80af/ktor-http-cio-jvm-3.4.1.jar:/home/annihilator/.gradle/caches/modules-2/files-2.1/io.ktor/ktor-websocket-serialization-jvm/3.4.1/3a687a268f242dab9b624b78d3daeb646aeed5cb/ktor-websocket-serialization-jvm-3.4.1.jar:/home/annihilator/.gradle/caches/modules-2/files-2.1/io.ktor/ktor-serialization-kotlinx-json-jvm/3.4.0/2a09f17d70b6e61623fd8aff9bdce6d7877892/ktor-serialization-kotlinx-json-jvm-3.4.0.jar:/home/annihilator/.gradle/caches/modules-2/files-2.1/io.ktor/ktor-serialization-kotlinx-jvm/3.4.0/d001db47b2ebe8ad8b2cb1bb2a687688840f5887/ktor-serialization-kotlinx-jvm-3.4.0.jar:/home/annihilator/.gradle/caches/modules-2/files-2.1/io.ktor/ktor-serialization-jvm/3.4.1/6fec7fdb4da27d09ff33a34e6e990b215f7c19c4/ktor-serialization-jvm-3.4.1.jar:/home/annihilator/.gradle/caches/modules-2/files-2.1/io.ktor/ktor-websockets-jvm/3.4.1/83226f3612bffab4d0af0d26f9e4d6b7d2e02a58/ktor-websockets-jvm-3.4.1.jar:/home/annihilator/.gradle/caches/modules-2/files-2.1/io.ktor/ktor-network-tls-jvm/3.4.1/8d17de5904253b073b44499a3e67ba99ca2ca8f6/ktor-network-tls-jvm-3.4.1.jar:/home/annihilator/.gradle/caches/modules-2/files-2.1/com.fleeksoft.charset/charset-jvm/0.0.8/b6fcd5cc804844347929a83c56f1fdd854c9ce66/charset-jvm-0.0.8.jar:/home/annihilator/.gradle/caches/modules-2/files-2.1/com.fleeksoft.io/io-core-jvm/0.0.8/78517ce1ff4c2ccbb8b91b9f1549c6e7a0ae1044/io-core-jvm-0.0.8.jar:/home/annihilator/.gradle/caches/modules-2/files-2.1/co.touchlab/stately-concurrency-jvm/2.1.0/6285428408c4d7e4a6d9a09511de877103effd81/stately-concurrency-jvm-2.1.0.jar:/home/annihilator/.gradle/caches/modules-2/files-2.1/org.jetbrains.kotlin/kotlin-stdlib-jdk7/1.9.0/f320478990d05e0cfaadd74f9619fd6027adbf37/kotlin-stdlib-jdk7-1.9.0.jar:/home/annihilator/.gradle/caches/modules-2/files-2.1/org.jetbrains.kotlinx/kotlinx-coroutines-slf4j/1.11.0/556153d93573d016dd4e5df37e3d03d07d8d303/kotlinx-coroutines-slf4j-1.11.0.jar:/home/annihilator/.gradle/caches/modules-2/files-2.1/org.jetbrains.kotlinx/kotlinx-coroutines-swing/1.11.0/3cf134b8aefd813622edc37e60d66b939b55cb36/kotlinx-coroutines-swing-1.11.0.jar:/home/annihilator/.gradle/caches/modules-2/files-2.1/io.ktor/ktor-http-jvm/3.4.1/6605b91c8f06bb6f67e2ec13b8ccea7926f4a526/ktor-http-jvm-3.4.1.jar:/home/annihilator/.gradle/caches/modules-2/files-2.1/io.ktor/ktor-events-jvm/3.4.1/c7aa6bd43fcaf3da2f57a5417b1df66814ec2577/ktor-events-jvm-3.4.1.jar:/home/annihilator/.gradle/caches/modules-2/files-2.1/io.ktor/ktor-sse-jvm/3.4.1/f95e6419c5bb24bed7c718dbff8b292a90db881e/ktor-sse-jvm-3.4.1.jar:/home/annihilator/.gradle/caches/modules-2/files-2.1/io.ktor/ktor-network-jvm/3.4.1/a3b710fabdc38031ff0fb96eaee2a6ddf5ada9c6/ktor-network-jvm-3.4.1.jar:/home/annihilator/.gradle/caches/modules-2/files-2.1/io.ktor/ktor-utils-jvm/3.4.1/f1ad623952ea49c631db750560228e3984790e48/ktor-utils-jvm-3.4.1.jar:/home/annihilator/.gradle/caches/modules-2/files-2.1/io.ktor/ktor-io-jvm/3.4.1/fccd4e08dde189d82ae9a3f5fdbbf152ccd3a9c8/ktor-io-jvm-3.4.1.jar:/home/annihilator/.gradle/caches/modules-2/files-2.1/org.jetbrains.kotlinx/kotlinx-coroutines-core-jvm/1.11.0/3d57dc678bd8d72a60e7adf0eca5c54e3f4f4b79/kotlinx-coroutines-core-jvm-1.11.0.jar:/home/annihilator/.gradle/caches/modules-2/files-2.1/org.jetbrains.kotlinx/kotlinx-serialization-json-io-jvm/1.11.0/645ed54ca9128fc217b30b3686a083141ebe635c/kotlinx-serialization-json-io-jvm-1.11.0.jar:/home/annihilator/.gradle/caches/modules-2/files-2.1/org.jetbrains.kotlinx/kotlinx-serialization-json-jvm/1.11.0/e7e045e99e56f07599bb9ccb708c2190e2af0606/kotlinx-serialization-json-jvm-1.11.0.jar:/home/annihilator/.gradle/caches/modules-2/files-2.1/org.jetbrains.kotlinx/kotlinx-serialization-core-jvm/1.11.0/c1905c9bf7452b045d5af9248835abe64ddad6bf/kotlinx-serialization-core-jvm-1.11.0.jar:/home/annihilator/.gradle/caches/modules-2/files-2.1/androidx.arch.core/core-common/2.2.0/5e1b8b81dfd5f52c56a8d53b18ca759c19a301f3/core-common-2.2.0.jar:/home/annihilator/.gradle/caches/modules-2/files-2.1/androidx.annotation/annotation-jvm/1.10.0/388cfaa79001d0f024d28f6a13d5a3dfc2f0e18f/annotation-jvm-1.10.0.jar:/home/annihilator/.gradle/caches/modules-2/files-2.1/org.jetbrains.kotlinx/kotlinx-io-core-jvm/0.9.0/7f7536f8f057ffc7f79375714e9730c4b8bdd7c9/kotlinx-io-core-jvm-0.9.0.jar:/home/annihilator/.gradle/caches/modules-2/files-2.1/com.squareup.okio/okio-jvm/3.17.0/a12d684ec0df9541b3869ae60a4a5257fd3613df/okio-jvm-3.17.0.jar:/home/annihilator/.gradle/caches/modules-2/files-2.1/co.touchlab/kermit-jvm/2.0.8/83ee3b1da12d91011c3e93558f97bc28665810de/kermit-jvm-2.0.8.jar:/home/annihilator/.gradle/caches/modules-2/files-2.1/org.jetbrains.kotlinx/kotlinx-collections-immutable-jvm/0.4.0/82499bf608b0fc3ae6737a5eac1a1f1325279bbf/kotlinx-collections-immutable-jvm-0.4.0.jar:/home/annihilator/.gradle/caches/modules-2/files-2.1/com.russhwolf/multiplatform-settings-jvm/1.3.0/76fe39b1cbb2b2b951ec230ab85e610ae179aab7/multiplatform-settings-jvm-1.3.0.jar:/home/annihilator/.gradle/caches/modules-2/files-2.1/co.touchlab/stately-strict-jvm/2.1.0/3ae8369209065455f4630793bf6aca0fb88c8b6b/stately-strict-jvm-2.1.0.jar:/home/annihilator/.gradle/caches/modules-2/files-2.1/org.jetbrains.kotlinx/kotlinx-io-bytestring-jvm/0.9.0/e73a7915234a8ea7954f32b715ef8e42b02f66a3/kotlinx-io-bytestring-jvm-0.9.0.jar:/home/annihilator/.gradle/caches/modules-2/files-2.1/co.touchlab/kermit-core-jvm/2.0.8/7d782124fef2b0c4dccf07208e1cf3aa13b57058/kermit-core-jvm-2.0.8.jar:/home/annihilator/.gradle/caches/modules-2/files-2.1/org.jetbrains.kotlin/kotlin-stdlib/2.4.0/4e9f4b531dce5c7dee58ed2de9a8b9a763c8dc6c/kotlin-stdlib-2.4.0.jar:/home/annihilator/.gradle/caches/modules-2/files-2.1/org.lwjgl/lwjgl-glfw/3.3.6/7119f7d0eeb1e5502ff0ca71d2b4d47317da015/lwjgl-glfw-3.3.6.jar:/home/annihilator/.gradle/caches/modules-2/files-2.1/org.lwjgl/lwjgl-glfw/3.3.6/797e0965709ad180d9b00c88a086dbda15002203/lwjgl-glfw-3.3.6-natives-linux.jar:/home/annihilator/.gradle/caches/modules-2/files-2.1/org.lwjgl/lwjgl-opengl/3.3.6/ac2532612a4df374e9a9282bcf8ce2573018ebbb/lwjgl-opengl-3.3.6.jar:/home/annihilator/.gradle/caches/modules-2/files-2.1/org.lwjgl/lwjgl-opengl/3.3.6/b8dc6467fe232d552793c53dc56f9fa8a385299c/lwjgl-opengl-3.3.6-natives-linux.jar:/home/annihilator/.gradle/caches/modules-2/files-2.1/org.lwjgl/lwjgl/3.3.6/ce7721d30cfaf47feaed10213e0c43eb55c49d68/lwjgl-3.3.6.jar:/home/annihilator/.gradle/caches/modules-2/files-2.1/org.lwjgl/lwjgl/3.3.6/dc7db8fc4f1e6563867f9155b9a42d9c73d8992f/lwjgl-3.3.6-natives-linux.jar:/home/annihilator/.gradle/caches/modules-2/files-2.1/org.jetbrains/annotations/23.0.0/8cc20c07506ec18e0834947b84a864bfc094484e/annotations-23.0.0.jar:/home/annihilator/.gradle/caches/modules-2/files-2.1/io.sentry/sentry/8.52.0/b26a1b9181c78835078956c352f20cecd459e7a6/sentry-8.52.0.jar:/home/annihilator/.gradle/caches/modules-2/files-2.1/org.jetbrains.runtime/jbr-api/1.9.0/2bc161f5472b5fd5610740e4d6ebe896c811cb0e/jbr-api-1.9.0.jar:/home/annihilator/.gradle/caches/modules-2/files-2.1/org.slf4j/slf4j-api/2.0.17/d9e58ac9c7779ba3bf8142aff6c830617a7fe60f/slf4j-api-2.0.17.jar:/home/annihilator/.gradle/caches/modules-2/files-2.1/net.java.dev.jna/jna-platform/5.19.1/d1e54d9231da5ca3fa730d52960deaa555475468/jna-platform-5.19.1.jar:/home/annihilator/.gradle/caches/modules-2/files-2.1/com.typesafe/config/1.4.5/cc25b497ded7068a861517a815546fb472f9e58/config-1.4.5.jar:/home/annihilator/.gradle/caches/modules-2/files-2.1/org.fusesource.jansi/jansi/2.4.2/ba7387c31622c6650b83edba1bbb115f1fe462ba/jansi-2.4.2.jar:/home/annihilator/.gradle/caches/modules-2/files-2.1/net.java.dev.jna/jna/5.19.1/ca303052cd617c1af2e2c8d344c98a706fb63143/jna-5.19.1.jar:/home/annihilator/.gradle/caches/modules-2/files-2.1/org.jspecify/jspecify/1.0.0/7425a601c1c7ec76645a78d22b8c6a627edee507/jspecify-1.0.0.jar
Launcher Type: SUN_STANDARD

[Global flags]
     bool AOTAdapterCaching                        = false                                  {diagnostic} {ergonomic}
     bool AOTInvokeDynamicLinking                  = false                                  {diagnostic} {ergonomic}
     bool AOTRecordTraining                        = false                                  {diagnostic} {ergonomic}
     bool AOTReplayTraining                        = false                                  {diagnostic} {ergonomic}
     bool AOTStubCaching                           = false                                  {diagnostic} {ergonomic}
     intx CICompilerCount                          = 12                                        {product} {ergonomic}
     uint ConcGCThreads                            = 3                                         {product} {ergonomic}
     uint G1ConcRefinementThreads                  = 13                                        {product} {ergonomic}
     uint G1EagerReclaimRemSetThreshold            = 16                                   {experimental} {ergonomic}
   size_t G1HeapRegionSize                         = 2097152                                   {product} {ergonomic}
     uint G1RemSetArrayOfCardsEntries              = 16                                   {experimental} {ergonomic}
     uint G1RemSetHowlMaxNumBuckets                = 8                                    {experimental} {ergonomic}
     uint G1RemSetHowlNumBuckets                   = 8                                    {experimental} {ergonomic}
   size_t InitialHeapSize                          = 8388608                                   {product} {ergonomic}
     bool IntelJccErratumMitigation                = false                             {ARCH diagnostic} {ergonomic}
   size_t MarkStackSize                            = 4194304                                   {product} {ergonomic}
   size_t MarkStackSizeMax                         = 536870912                                 {product} {ergonomic}
   size_t MaxHeapSize                              = 4032823296                                {product} {ergonomic}
   size_t MaxNewSize                               = 2418016256                                {product} {ergonomic}
 uint64_t MaxRAM                                   = 16128925696                               {product} {ergonomic}
   size_t MinHeapDeltaBytes                        = 2097152                                   {product} {ergonomic}
   size_t MinHeapSize                              = 8388608                                   {product} {ergonomic}
   size_t NonNMethodCodeHeapSize                   = 7606272                                {pd product} {ergonomic}
   size_t NonProfiledCodeHeapSize                  = 122028032                              {pd product} {ergonomic}
   size_t ProfiledCodeHeapSize                     = 122028032                              {pd product} {ergonomic}
   size_t ReservedCodeCacheSize                    = 251662336                              {pd product} {ergonomic}
     bool SegmentedCodeCache                       = true                                      {product} {ergonomic}
   size_t SoftMaxHeapSize                          = 4032823296                             {manageable} {ergonomic}
     bool UseCompressedOops                        = true                           {product lp64_product} {ergonomic}
     bool UseCondCardMark                          = true                                      {product} {ergonomic}
     bool UseFastUnorderedTimeStamps               = true                                 {experimental} {ergonomic}
     bool UseG1GC                                  = true                                      {product} {ergonomic}
      int X86ICacheSync                            = 3                                 {ARCH diagnostic} {ergonomic}

Logging:
Log output configuration:
 #0: stdout all=warning uptime,level,tags foldmultilines=false
 #1: stderr all=off uptime,level,tags foldmultilines=false

Release file:
IMPLEMENTOR="Arch Linux"
JAVA_RUNTIME_VERSION="26.0.2.1"
JAVA_VERSION="26.0.2.1"
JAVA_VERSION_DATE="2026-08-18"
LIBC="gnu"
MODULES="java.base java.compiler java.datatransfer java.xml java.prefs java.desktop java.instrument java.logging java.management java.security.sasl java.naming java.rmi java.management.rmi java.net.http java.scripting java.security.jgss java.transaction.xa java.sql java.sql.rowset java.xml.crypto java.se java.smartcardio jdk.accessibility jdk.internal.jvmstat jdk.attach jdk.charsets jdk.internal.opt jdk.zipfs jdk.compiler jdk.crypto.cryptoki jdk.crypto.ec jdk.dynalink jdk.internal.ed jdk.editpad jdk.internal.vm.ci jdk.graal.compiler jdk.graal.compiler.management jdk.hotspot.agent jdk.httpserver jdk.incubator.vector jdk.internal.le jdk.internal.md jdk.jartool jdk.javadoc jdk.jcmd jdk.management jdk.management.agent jdk.jconsole jdk.jdeps jdk.jdwp.agent jdk.jdi jdk.jfr jdk.jlink jdk.jpackage jdk.jshell jdk.jstatd jdk.localedata jdk.management.jfr jdk.naming.dns jdk.naming.rmi jdk.net jdk.nio.mapmode jdk.sctp jdk.security.auth jdk.security.jgss jdk.unsupported jdk.unsupported.desktop jdk.xml.dom"
OS_ARCH="x86_64"
OS_NAME="Linux"
SOURCE=""

Environment Variables:
PATH=/home/annihilator/.local/bin:/home/annihilator/bin:/home/annihilator/.cargo/bin:/home/annihilator/.npm-global/bin:/home/annihilator/.local/share/solana/install/active_release/bin:/usr/local/sbin:/usr/local/bin:/usr/bin:/opt/cuda/bin:/var/lib/flatpak/exports/bin:/usr/lib/jvm/default/bin:/usr/bin/site_perl:/usr/bin/vendor_perl:/usr/bin/core_perl:/opt/rocm/bin:/home/annihilator/.config/Claude/local-agent-mode-sessions/f30d0a67-fea7-4d47-acce-d7da1f075d93/3f6e0ddc-f963-4a28-bb3d-52c35a96b68e/rpm/plugin_0155zZVATbJU3jHUmPP9NvMC/bin:/home/annihilator/.config/Claude/local-agent-mode-sessions/skills-plugin/3f6e0ddc-f963-4a28-bb3d-52c35a96b68e/f30d0a67-fea7-4d47-acce-d7da1f075d93/bin
LD_PRELOAD=/tmp/libglxshim.so
SHELL=/bin/zsh
DISPLAY=:0
WAYLAND_DISPLAY=wayland-1
LANG=en_GB.UTF-8

Active Locale:
LC_ALL=LC_CTYPE=en_GB.UTF-8;LC_NUMERIC=C;LC_TIME=en_GB.UTF-8;LC_COLLATE=en_GB.UTF-8;LC_MONETARY=en_GB.UTF-8;LC_MESSAGES=en_GB.UTF-8;LC_PAPER=en_GB.UTF-8;LC_NAME=en_GB.UTF-8;LC_ADDRESS=en_GB.UTF-8;LC_TELEPHONE=en_GB.UTF-8;LC_MEASUREMENT=en_GB.UTF-8;LC_IDENTIFICATION=en_GB.UTF-8
LC_COLLATE=en_GB.UTF-8
LC_CTYPE=en_GB.UTF-8
LC_MESSAGES=en_GB.UTF-8
LC_MONETARY=en_GB.UTF-8
LC_NUMERIC=C
LC_TIME=en_GB.UTF-8

Signal Handlers:
   SIGSEGV: 0x00007fc4fa880b00 in libjvm.so+15207168, mask=11100100010111111101111111111110, flags=SA_RESTART|SA_SIGINFO, unblocked
    SIGBUS: 0x00007fc4fa880b00 in libjvm.so+15207168, mask=11100100010111111101111111111110, flags=SA_RESTART|SA_SIGINFO, unblocked
    SIGFPE: 0x00007fc4fa880b00 in libjvm.so+15207168, mask=11100100010111111101111111111110, flags=SA_RESTART|SA_SIGINFO, unblocked
   SIGPIPE: SIG_IGN, mask=00000000000010000000000000000000, flags=SA_RESTART, blocked
  *** Handler was modified!
  *** Expected: 0x00007fc4fa6de900 in libjvm.so+13494528, mask=11100100110111111111111111111110, flags=SA_RESTART|SA_SIGINFO
   SIGXFSZ: 0x00007fc4fa6de900 in libjvm.so+13494528, mask=11100100010111111101111111111110, flags=SA_RESTART|SA_SIGINFO, blocked
    SIGILL: 0x00007fc4fa880b00 in libjvm.so+15207168, mask=11100100010111111101111111111110, flags=SA_RESTART|SA_SIGINFO, unblocked
   SIGUSR2: 0x00007fc4fa6e15b0 in libjvm.so+13505968, mask=00000000000000000000000000000000, flags=SA_RESTART|SA_SIGINFO, blocked
    SIGHUP: 0x00007fc4fa6dc810 in libjvm.so+13486096, mask=11100100010111111101111111111110, flags=SA_RESTART|SA_SIGINFO, blocked
    SIGINT: SIG_DFL, mask=00000000000000000000000000000000, flags=SA_RESTART, blocked
   SIGTERM: SIG_DFL, mask=00000000000000000000000000000000, flags=SA_RESTART, blocked
   SIGQUIT: SIG_DFL, mask=00000000000000000000000000000000, flags=SA_RESTART, blocked
   SIGTRAP: 0x00007fc4fa880b00 in libjvm.so+15207168, mask=11100100010111111101111111111110, flags=SA_RESTART|SA_SIGINFO, unblocked


Compilation memory statistics disabled.

Periodic native trim disabled

---------------  S Y S T E M  ---------------

OS:
DISTRIB_ID="Arch"
DISTRIB_RELEASE="rolling"
DISTRIB_DESCRIPTION="Arch Linux"
uname: Linux 7.1.9-arch1-2 #1 SMP PREEMPT_DYNAMIC Fri, 21 Aug 2026 22:18:59 +0000 x86_64
OS uptime: 1 days 1:34 hours
libc: glibc 2.44 NPTL 2.44 
rlimit (soft/hard): STACK 8192k/infinity , CORE infinity/infinity , NPROC 60477/60477 , NOFILE 524288/524288 , AS infinity/infinity , CPU infinity/infinity , DATA infinity/infinity , FSIZE infinity/infinity , MEMLOCK 8192k/8192k
load average: 3.04 3.89 4.33

/proc/meminfo:
MemTotal:       15750904 kB
MemFree:          482812 kB
MemAvailable:    2108336 kB
Buffers:           61232 kB
Cached:          2026640 kB
SwapCached:      1461648 kB
Active:          4132856 kB
Inactive:        6779776 kB
Active(anon):    3186680 kB
Inactive(anon):  5925636 kB
Active(file):     946176 kB
Inactive(file):   854140 kB
Unevictable:      516236 kB
Mlocked:            2548 kB
SwapTotal:      24652280 kB
SwapFree:       14183452 kB
Zswap:                 0 kB
Zswapped:              0 kB
Dirty:              1596 kB
Writeback:             0 kB
AnonPages:       9290620 kB
Mapped:           886368 kB
Shmem:             69340 kB
KReclaimable:     150336 kB
Slab:             426236 kB
SReclaimable:     150336 kB
SUnreclaim:       275900 kB
KernelStack:       35136 kB
PageTables:       109884 kB
SecPageTables:      2264 kB
NFS_Unstable:          0 kB
Bounce:                0 kB
WritebackTmp:          0 kB
CommitLimit:    32527732 kB
Committed_AS:   36319176 kB
VmallocTotal:   34359738367 kB
VmallocUsed:      203040 kB
VmallocChunk:          0 kB
Percpu:            11712 kB
HardwareCorrupted:     0 kB
AnonHugePages:   1116160 kB
ShmemHugePages:        0 kB
ShmemPmdMapped:        0 kB
FileHugePages:    198656 kB
FilePmdMapped:    188416 kB
CmaTotal:              0 kB
CmaFree:               0 kB
Unaccepted:            0 kB
Balloon:               0 kB
GPUActive:         53520 kB
GPUReclaim:        91252 kB
HugePages_Total:       0
HugePages_Free:        0
HugePages_Rsvd:        0
HugePages_Surp:        0
Hugepagesize:       2048 kB
Hugetlb:               0 kB
DirectMap4k:    14252760 kB
DirectMap2M:     1902592 kB
DirectMap1G:           0 kB

/sys/kernel/mm/transparent_hugepage/enabled: [always] madvise never
/sys/kernel/mm/transparent_hugepage/hpage_pmd_size: 2097152
/sys/kernel/mm/transparent_hugepage/shmem_enabled: always within_size [advise] never deny force
/sys/kernel/mm/transparent_hugepage/defrag (defrag/compaction efforts parameter): always defer defer+madvise [madvise] never

Process Memory:
Virtual Size: 85276900K (peak: 147178740K)
Resident Set Size: 1448552K (peak: 1689264K) (anon: 1147376K, file: 296604K, shmem: 4572K)
Swapped out: 0K
C-Heap outstanding allocations: 146458K, retained: 673241K
glibc malloc tunables: (default)

/proc/sys/kernel/threads-max (system-wide limit on the number of threads): 120955
/proc/sys/vm/max_map_count (maximum number of memory map areas a process may have): 1048576
/proc/sys/vm/swappiness (control to define how aggressively the kernel swaps out anonymous memory): 60
/proc/sys/kernel/pid_max (system-wide limit on number of process identifiers): 4194304

container information not found.
Steal ticks since vm start: 0
Steal ticks percentage since vm start:  0.000

CPU: total 16 (initial active 16) (8 cores per cpu, 2 threads per core) family 25 model 80 stepping 0 microcode 0xa500012, cx8, cmov, fxsr, ht, mmx, 3dnowpref, sse, sse2, sse3, ssse3, sse4a, sse4.1, sse4.2, popcnt, lzcnt, tsc, tscinvbit, avx, avx2, aes, erms, clmul, bmi1, bmi2, adx, sha, fma, vzeroupper, clflush, clflushopt, clwb, rdtscp, rdpid, fsrm, f16c, pku, ospke, cet_ss
CPU Model and flags from /proc/cpuinfo:
model name	: AMD Ryzen 7 5800HS with Radeon Graphics
flags		: fpu vme de pse tsc msr pae mce cx8 apic sep mtrr pge mca cmov pat pse36 clflush mmx fxsr sse sse2 ht syscall nx mmxext fxsr_opt pdpe1gb rdtscp lm constant_tsc rep_good nopl xtopology nonstop_tsc cpuid extd_apicid aperfmperf rapl pni pclmulqdq monitor ssse3 fma cx16 sse4_1 sse4_2 movbe popcnt aes xsave avx f16c rdrand lahf_lm cmp_legacy svm extapic cr8_legacy abm sse4a misalignsse 3dnowprefetch osvw ibs skinit wdt tce topoext perfctr_core perfctr_nb bpext perfctr_llc mwaitx cpb cat_l3 cdp_l3 hw_pstate ssbd mba ibrs ibpb stibp vmmcall fsgsbase bmi1 avx2 smep bmi2 erms invpcid cqm rdt_a rdseed adx smap clflushopt clwb sha_ni xsaveopt xsavec xgetbv1 xsaves cqm_llc cqm_occup_llc cqm_mbm_total cqm_mbm_local user_shstk clzero irperf xsaveerptr rdpru wbnoinvd cppc arat npt lbrv svm_lock nrip_save tsc_scale vmcb_clean flushbyasid decodeassists pausefilter pfthreshold avic v_vmsave_vmload vgif v_spec_ctrl umip pku ospke vaes vpclmulqdq rdpid overflow_recov succor smca fsrm debug_swap

Online cpus: 0-15
Offline cpus: 
BIOS frequency limitation: <Not Available>
Frequency switch latency (ns): 0
Available cpu frequencies: <Not Available>
Current governor: powersave
Core performance/turbo boost: 1

Memory: 4k page, physical 15750904k(2108336k free), swap 24652280k(14183452k free)
Page Sizes: 4k

vm_info: OpenJDK 64-Bit Server VM (26.0.2.1) for linux-amd64 JRE (26.0.2.1), built on 2026-08-19T07:23:47Z with gcc 16.2.1 20260810

END.
