#
# A fatal error has been detected by the Java Runtime Environment:
#
#  SIGSEGV (0xb) at pc=0x00007fa200a523d1, pid=2252080, tid=2252093
#
# JRE version: OpenJDK Runtime Environment (26.0.2.1) (build 26.0.2.1)
# Java VM: OpenJDK 64-Bit Server VM (26.0.2.1, mixed mode, sharing, tiered, compressed oops, compressed class ptrs, g1 gc, linux-amd64)
# Problematic frame:
# C  [libnvidia-eglcore.so.610.57.04+0xa523d1]
#
# Core dump will be written. Default location: Determined by the following: "/usr/lib/systemd/systemd-coredump %P %u %g %s %t %c %h %d %F %I" (alternatively, falling back to /home/annihilator/dev/NuvioDesktop/waylandHost/core.2252080)
#
# If you would like to submit a bug report, please visit:
#   https://bugreport.java.com/bugreport/crash.jsp
#

---------------  S U M M A R Y ------------

Command Line: -Dnuvio.wayland.libmpv=/home/annihilator/dev/mpv/build/libmpv.so.2 -Dnuvio.wayland.realApp=true -Dnuvio.wayland.sceneHoldMs=10000 -Dnuvio.wayland.videoLog=true -Dorg.lwjgl.util.Debug=false --enable-native-access=ALL-UNNAMED -Dfile.encoding=UTF-8 -Duser.country=GB -Duser.language=en -Duser.variant com.nuvio.wayland.MainKt

Host: AMD Ryzen 7 5800HS with Radeon Graphics, 16 cores, 15G, Arch Linux
Time: Mon Aug 24 12:14:57 2026 BST elapsed time: 118.974352 seconds (0d 0h 1m 58s)

---------------  T H R E A D  ---------------

Current thread (0x00007fa2600ff8c0):  VMThread "VM Thread"          [id=2252093, stack(0x00007fa238def000,0x00007fa238eef000) (1024K)]

Stack: [0x00007fa238def000,0x00007fa238eef000],  sp=0x00007fa238eed3f0,  free space=1016k
Native frames: (J=compiled Java code, j=interpreted, Vv=VM code, C=native code)
C  [libnvidia-eglcore.so.610.57.04+0xa523d1]

siginfo: si_signo: 11 (SIGSEGV), si_code: 1 (SEGV_MAPERR), si_addr: 0x00000000000abdc8

Registers:
RAX=0x0000000000000003, RBX=0x000055ce897af9a0, RCX=0x0000000000000005, RDX=0x0000000000000000
RSP=0x00007fa238eed3f0, RBP=0x00007fa202558140, RSI=0x000055ce885b84b0, RDI=0x000055ce88c884c0
R8 =0x00007fa268219b08, R9 =0x0000000000000020, R10=0x0000000000000000, R11=0x0000000000000000
R12=0x0000000041c14000, R13=0x000055ce8730ac60, R14=0x000055ce8a9bccc0, R15=0x0000000041c14000
RIP=0x00007fa200a523d1, EFLAGS=0x0000000000010206, CSGSFS=0x002b000000000033, ERR=0x0000000000000004
  TRAPNO=0x000000000000000e

XMM[0]=0x0000000000000000 0x0000000000000000
XMM[1]=0x0000000000000000 0x000055ce8a7b55c0
XMM[2]=0x0000000000000000 0x43e0000000000000
XMM[3]=0x0000000000000000 0x0000000000020000
XMM[4]=0x00007fa1b3130000 0x00007fa260c06ed8
XMM[5]=0x4000000000020000 0x0000000005838000
XMM[6]=0x0000000000000000 0x0000000000000000
XMM[7]=0x0000000000000000 0x0000000000000000
XMM[8]=0x0000000000000000 0xbfb999999999999a
XMM[9]=0x0000000000000000 0x0000000000e00000
XMM[10]=0x0000000000000000 0x0000000000e00000
XMM[11]=0x0000000000000000 0x0000000000000000
XMM[12]=0x0000000000000000 0x0000000000000000
XMM[13]=0x0000000000000000 0x0000000000000000
XMM[14]=0x0000000000000000 0x0000000000000000
XMM[15]=0x0000000000000000 0x0000000000000000
  MXCSR=0x00001fa2


Register to memory mapping:

RAX=0x0000000000000003 is an unknown value
RBX=0x000055ce897af9a0 points into unknown readable memory: 0x0000000000000000 | 00 00 00 00 00 00 00 00
RCX=0x0000000000000005 is an unknown value
RDX=0x0 is null
RSP=0x00007fa238eed3f0 points into unknown readable memory: 0x0000000041c14000 | 00 40 c1 41 00 00 00 00
RBP=0x00007fa202558140: <offset 0x0000000002558140> in /usr/lib/libnvidia-eglcore.so.610.57.04 at 0x00007fa200000000
RSI=0x000055ce885b84b0 points into unknown readable memory: 0x0000000100000001 | 01 00 00 00 01 00 00 00
RDI=0x000055ce88c884c0 points into unknown readable memory: 0x0000000000000000 | 00 00 00 00 00 00 00 00
R8 =0x00007fa268219b08: <offset 0x0000000000219b08> in /usr/lib/libc.so.6 at 0x00007fa268000000
R9 =0x0000000000000020 is an unknown value
R10=0x0 is null
R11=0x0 is null
R12=0x0000000041c14000 points into unknown readable memory: 0x00007fa260b9d240 | 40 d2 b9 60 a2 7f 00 00
R13=0x000055ce8730ac60 points into unknown readable memory: 0x0000000000002000 | 00 20 00 00 00 00 00 00
R14=0x000055ce8a9bccc0 points into unknown readable memory: 0x0000001c00000000 | 00 00 00 00 1c 00 00 00
R15=0x0000000041c14000 points into unknown readable memory: 0x00007fa260b9d240 | 40 d2 b9 60 a2 7f 00 00

Top of Stack: (sp=0x00007fa238eed3f0)
0x00007fa238eed3f0:   0000000041c14000 0000000000000003   .@.A............
0x00007fa238eed400:   000055ce897af9a0 0000000041c14000   ..z..U...@.A....
0x00007fa238eed410:   00007fa260bc75d0 00007fa200a4730d   .u.`.....s......
0x00007fa238eed420:   0000000041c14000 000055ce897af9a0   .@.A......z..U..
0x00007fa238eed430:   000055ce8a9bcf40 0000000000000003   @....U..........
0x00007fa238eed440:   000055ce88c68e80 0000000041c14000   .....U...@.A....
0x00007fa238eed450:   000055ce8a9bcf40 000055ce8a9bccc0   @....U.......U..
0x00007fa238eed460:   0000000041c14000 00007fa2006fb708   .@.A......o.....
0x00007fa238eed470:   000055ce88a81ef0 000000000000001b   .....U..........
0x00007fa238eed480:   000055ce88c68e80 000000000000001b   .....U..........
0x00007fa238eed490:   00007fa260a89d50 0000000000000000   P..`............
0x00007fa238eed4a0:   0000000041c14000 00007fa2007302f6   .@.A......s.....
0x00007fa238eed4b0:   00007fa238eed4f0 0000001b680a623e   ...8....>b.h....
0x00007fa238eed4c0:   0000000000000090 0000000000000003   ................
0x00007fa238eed4d0:   000055ce880b7a00 0000000000000001   .z...U..........
0x00007fa238eed4e0:   00007fa260a89d50 00007fa202555480   P..`.....TU.....
0x00007fa238eed4f0:   0000000041c14000 00007fa20073038c   .@.A......s.....
0x00007fa238eed500:   00007fa238eed530 0000000041c14000   0..8.....@.A....
0x00007fa238eed510:   000055ce8730ac60 0000000000000003   `.0..U..........
0x00007fa238eed520:   00007fa260a89d50 00007fa2025554c0   P..`.....TU.....
0x00007fa238eed530:   0000000041c14000 00007fa202555480   .@.A.....TU.....
0x00007fa238eed540:   00007fa238eed6f8 00007fa20073160f   ...8......s.....
0x00007fa238eed550:   00007fa260dbf1c0 0000000041c14000   ...`.....@.A....
0x00007fa238eed560:   00007fa238eed58f 000055ce8730ac60   ...8....`.0..U..
0x00007fa238eed570:   00007fa202555460 00007fa200701998   `TU.......p.....
0x00007fa238eed580:   0000000041c14000 000000a2005a2ce8   .@.A.....,Z.....
0x00007fa238eed590:   000055ce8730ac60 0000000041c14000   `.0..U...@.A....
0x00007fa238eed5a0:   00007fa2025554c0 00007fa2006eecb1   .TU.......n.....
0x00007fa238eed5b0:   00007fa202558140 00007fa202558140   @.U.....@.U.....
0x00007fa238eed5c0:   0000000041c14000 000055ce8730ac60   .@.A....`.0..U..
0x00007fa238eed5d0:   00007fa202555460 00007fa2009b15d8   `TU.............
0x00007fa238eed5e0:   00007fa202558140 00007fa260a8e580   @.U........`....

Instructions: (pc=0x00007fa200a523d1)
  0x00007fa200a522d1:   8b bf 50 01 00 00 8b 96 a0 03 00 00 48 8b 07 8b
  0x00007fa200a522e1:   77 08 ff a0 88 02 00 00 0f 1f 80 00 00 00 00 48
  0x00007fa200a522f1:   83 be 28 05 00 00 00 0f 84 22 02 00 00 41 55 41
  0x00007fa200a52301:   54 49 89 fc 55 53 48 89 f3 48 83 ec 08 48 8d 2d
  0x00007fa200a52311:   2b 5e b0 01 0f b6 85 d0 0f 00 00 84 c0 75 0f 8b
  0x00007fa200a52321:   85 c4 0f 00 00 83 c0 01 89 85 c4 0f 00 00 8b 85
  0x00007fa200a52331:   cc 0f 00 00 83 f8 01 0f 87 32 01 00 00 49 8b 04
  0x00007fa200a52341:   24 4d 8b ac 24 08 ac 04 00 48 8b bb 20 05 00 00
  0x00007fa200a52351:   48 8b 90 d0 8d 02 00 4c 89 ee e8 50 91 fe ff 48
  0x00007fa200a52361:   8b bb 20 05 00 00 48 85 ff 74 06 48 8b 07 ff 50
  0x00007fa200a52371:   10 48 8b 83 28 05 00 00 48 c7 83 20 05 00 00 00
  0x00007fa200a52381:   00 00 00 83 a8 90 00 00 00 01 48 8b 83 28 05 00
  0x00007fa200a52391:   00 83 a8 8c 00 00 00 01 48 8b bb 28 05 00 00 8b
  0x00007fa200a523a1:   87 8c 00 00 00 85 c0 0f 84 02 01 00 00 48 8b b3
  0x00007fa200a523b1:   30 05 00 00 48 c7 83 28 05 00 00 00 00 00 00 48
  0x00007fa200a523c1:   85 f6 74 65 4d 85 ed 74 58 49 8b 95 48 10 00 00
=>0x00007fa200a523d1:   8b 82 c8 bd 0a 00 83 c0 01 89 82 c8 bd 0a 00 48
  0x00007fa200a523e1:   8b 93 30 05 00 00 89 42 28 48 8b 93 30 05 00 00
  0x00007fa200a523f1:   48 8b 4a 08 48 85 c9 74 18 8b 42 18 3b 42 20 73
  0x00007fa200a52401:   13 8b 93 d0 01 00 00 89 14 81 48 8b 93 30 05 00
  0x00007fa200a52411:   00 8b 42 18 83 c0 01 89 42 18 48 8b b3 30 05 00
  0x00007fa200a52421:   00 4c 89 e7 e8 46 b5 cd ff 48 c7 83 30 05 00 00
  0x00007fa200a52431:   00 00 00 00 8b 45 00 48 c7 83 38 05 00 00 00 00
  0x00007fa200a52441:   00 00 85 c0 75 79 0f b6 85 d0 0f 00 00 84 c0 75
  0x00007fa200a52451:   0f 8b 85 c4 0f 00 00 83 e8 01 89 85 c4 0f 00 00
  0x00007fa200a52461:   48 83 c4 08 5b 5d 41 5c 41 5d c3 0f 1f 40 00 48
  0x00007fa200a52471:   8d 05 09 30 b0 01 8b 7d 48 48 8d 75 28 ff 50 10
  0x00007fa200a52481:   8b 45 30 31 d2 83 f8 ff 0f 95 c2 01 d0 89 45 30
  0x00007fa200a52491:   48 8d 05 c8 2f b0 01 ff 10 83 45 00 01 89 45 38
  0x00007fa200a524a1:   48 89 55 40 e9 94 fe ff ff 66 0f 1f 44 00 00 e8
  0x00007fa200a524b1:   bb d4 f9 ff e9 f4 fe ff ff 66 0f 1f 44 00 00 83
  0x00007fa200a524c1:   e8 01 89 45 00 48 8d 05 93 2f b0 01 48 8b 58 08


Stack slot to memory mapping:

stack at sp + 0 slots: 0x0000000041c14000 points into unknown readable memory: 0x00007fa260b9d240 | 40 d2 b9 60 a2 7f 00 00
stack at sp + 1 slots: 0x0000000000000003 is an unknown value
stack at sp + 2 slots: 0x000055ce897af9a0 points into unknown readable memory: 0x0000000000000000 | 00 00 00 00 00 00 00 00
stack at sp + 3 slots: 0x0000000041c14000 points into unknown readable memory: 0x00007fa260b9d240 | 40 d2 b9 60 a2 7f 00 00
stack at sp + 4 slots: 0x00007fa260bc75d0 points into unknown readable memory: 0x00007fa2024c7df8 | f8 7d 4c 02 a2 7f 00 00
stack at sp + 5 slots: 0x00007fa200a4730d: <offset 0x0000000000a4730d> in /usr/lib/libnvidia-eglcore.so.610.57.04 at 0x00007fa200000000
stack at sp + 6 slots: 0x0000000041c14000 points into unknown readable memory: 0x00007fa260b9d240 | 40 d2 b9 60 a2 7f 00 00
stack at sp + 7 slots: 0x000055ce897af9a0 points into unknown readable memory: 0x0000000000000000 | 00 00 00 00 00 00 00 00

VM_Operation (0x00007fa266bfe430): Exit, mode: safepoint, requested by thread 0x00007fa260020010


---------------  P R O C E S S  ---------------

Threads class SMR info:
_java_thread_list=0x00007fa220ecd400, length=56, elements={
0x00007fa260020010, 0x00007fa2601089d0, 0x00007fa2601099d0, 0x00007fa26010ad20,
0x00007fa26010c430, 0x00007fa26010dc80, 0x00007fa26010fee0, 0x00007fa2601118b0,
0x00007fa2601530e0, 0x00007fa260155b50, 0x00007fa260673720, 0x00007fa2614dbb50,
0x00007fa2614dca60, 0x00007fa2614ddea0, 0x00007fa2614df310, 0x000055ce875d7b60,
0x00007fa21c046440, 0x00007fa21c04d150, 0x00007fa261c5dd10, 0x00007fa22403feb0,
0x00007fa2245259f0, 0x00007fa208cf16e0, 0x00007fa261ce8700, 0x00007fa224527c10,
0x00007fa21c1599d0, 0x00007fa2181e49c0, 0x00007fa21c1721e0, 0x00007fa20c13a7a0,
0x00007fa230007f50, 0x00007fa228051eb0, 0x00007fa2041beb10, 0x00007fa2342d1f60,
0x00007fa218257ef0, 0x00007fa22458c470, 0x00007fa220012680, 0x00007fa2102a2120,
0x00007fa21c07c5f0, 0x00007fa22475d230, 0x000055ce89196c40, 0x000055ce89199570,
0x00007fa204257a10, 0x00007fa204259b80, 0x00007fa20c15be80, 0x00007fa21c0776d0,
0x00007fa218277130, 0x00007fa20425bd70, 0x00007fa20c161700, 0x00007fa21c0742c0,
0x000055ce899548f0, 0x00007fa204320660, 0x00007fa210203110, 0x00007fa224c9c3d0,
0x00007fa234892bb0, 0x00007fa2108142e0, 0x00007fa21c060180, 0x00007fa23001b4f0
}

Java Threads: ( => current thread )
  0x00007fa260020010 JavaThread "main"                              [_thread_blocked, id=2252081, stack(0x00007fa266b00000,0x00007fa266c00000) (1024K)]
  0x00007fa2601089d0 JavaThread "Reference Handler"          daemon [_thread_blocked, id=2252094, stack(0x00007fa238bed000,0x00007fa238ced000) (1024K)]
  0x00007fa2601099d0 JavaThread "Finalizer"                  daemon [_thread_blocked, id=2252095, stack(0x00007fa238cee000,0x00007fa238dee000) (1024K)]
  0x00007fa26010ad20 JavaThread "Signal Dispatcher"          daemon [_thread_blocked, id=2252096, stack(0x00007fa238700000,0x00007fa238800000) (1024K)]
  0x00007fa26010c430 JavaThread "Service Thread"             daemon [_thread_blocked, id=2252097, stack(0x00007fa2385ff000,0x00007fa2386ff000) (1024K)]
  0x00007fa26010dc80 JavaThread "Monitor Deflation Thread"   daemon [_thread_blocked, id=2252098, stack(0x00007fa2384fe000,0x00007fa2385fe000) (1024K)]
  0x00007fa26010fee0 JavaThread "C2 CompilerThread0"         daemon [_thread_blocked, id=2252099, stack(0x00007fa2383fd000,0x00007fa2384fd000) (1024K)]
  0x00007fa2601118b0 JavaThread "C1 CompilerThread0"         daemon [_thread_blocked, id=2252100, stack(0x00007fa2382fc000,0x00007fa2383fc000) (1024K)]
  0x00007fa2601530e0 JavaThread "Notification Thread"        daemon [_thread_blocked, id=2252102, stack(0x00007fa2380fa000,0x00007fa2381fa000) (1024K)]
  0x00007fa260155b50 JavaThread "Common-Cleaner"             daemon [_thread_blocked, id=2252103, stack(0x00007fa203f00000,0x00007fa204000000) (1024K)]
  0x00007fa260673720 JavaThread "InnocuousThread-1"          daemon [_thread_blocked, id=2252109, stack(0x00007fa203cfe000,0x00007fa203dfe000) (1024K)]
  0x00007fa2614dbb50 JavaThread "Java2D Disposer"            daemon [_thread_blocked, id=2252134, stack(0x00007fa2038fa000,0x00007fa2039fa000) (1024K)]
  0x00007fa2614dca60 JavaThread "AWT-XAWT"                   daemon [_thread_blocked, id=2252135, stack(0x00007fa203dff000,0x00007fa203eff000) (1024K)]
  0x00007fa2614ddea0 JavaThread "AWT-Shutdown"                      [_thread_blocked, id=2252136, stack(0x00007fa1e8414000,0x00007fa1e8514000) (1024K)]
  0x00007fa2614df310 JavaThread "AWT-EventQueue-0"                  [_thread_blocked, id=2252137, stack(0x00007fa1e8313000,0x00007fa1e8413000) (1024K)]
  0x000055ce875d7b60 JavaThread "Reference Cleaner"          daemon [_thread_blocked, id=2252141, stack(0x00007fa1e7a24000,0x00007fa1e7b24000) (1024K)]
  0x00007fa21c046440 JavaThread "DefaultDispatcher-worker-3" daemon [_thread_blocked, id=2252145, stack(0x00007fa1e32fe000,0x00007fa1e33fe000) (1024K)]
  0x00007fa21c04d150 JavaThread "kotlinx.coroutines.DefaultExecutor" daemon [_thread_blocked, id=2252150, stack(0x00007fa1e2df9000,0x00007fa1e2ef9000) (1024K)]
  0x00007fa261c5dd10 JavaThread "TimerQueue"                 daemon [_thread_blocked, id=2252232, stack(0x00007fa1b3cff000,0x00007fa1b3dff000) (1024K)]
  0x00007fa22403feb0 JavaThread "DefaultDispatcher-worker-4" daemon [_thread_blocked, id=2252264, stack(0x00007fa1b36f9000,0x00007fa1b37f9000) (1024K)]
  0x00007fa2245259f0 JavaThread "DefaultDispatcher-worker-6" daemon [_thread_blocked, id=2252288, stack(0x00007fa1b1d9e000,0x00007fa1b1e9e000) (1024K)]
  0x00007fa208cf16e0 JavaThread "DefaultDispatcher-worker-7" daemon [_thread_blocked, id=2252289, stack(0x00007fa1b1c9d000,0x00007fa1b1d9d000) (1024K)]
  0x00007fa261ce8700 JavaThread "DefaultDispatcher-worker-8" daemon [_thread_blocked, id=2252290, stack(0x00007fa1b1b9c000,0x00007fa1b1c9c000) (1024K)]
  0x00007fa224527c10 JavaThread "DefaultDispatcher-worker-9" daemon [_thread_blocked, id=2252291, stack(0x00007fa1b1a9b000,0x00007fa1b1b9b000) (1024K)]
  0x00007fa21c1599d0 JavaThread "OkHttp arm.haglund.dev"     daemon [_thread_in_native, id=2252292, stack(0x00007fa1b199a000,0x00007fa1b1a9a000) (1024K)]
  0x00007fa2181e49c0 JavaThread "OkHttp aiometadata.viren070.me" daemon [_thread_in_native, id=2252294, stack(0x00007fa1b1798000,0x00007fa1b1898000) (1024K)]
  0x00007fa21c1721e0 JavaThread "Okio Watchdog"              daemon [_thread_blocked, id=2252296, stack(0x00007fa1b1596000,0x00007fa1b1696000) (1024K)]
  0x00007fa20c13a7a0 JavaThread "DefaultDispatcher-worker-10" daemon [_thread_blocked, id=2252297, stack(0x00007fa1b1495000,0x00007fa1b1595000) (1024K)]
  0x00007fa230007f50 JavaThread "DefaultDispatcher-worker-13" daemon [_thread_blocked, id=2252301, stack(0x00007fa1b1091000,0x00007fa1b1191000) (1024K)]
  0x00007fa228051eb0 JavaThread "DefaultDispatcher-worker-16" daemon [_thread_blocked, id=2252304, stack(0x00007fa1b0d8e000,0x00007fa1b0e8e000) (1024K)]
  0x00007fa2041beb10 JavaThread "DefaultDispatcher-worker-1" daemon [_thread_blocked, id=2252306, stack(0x00007fa1b0b8c000,0x00007fa1b0c8c000) (1024K)]
  0x00007fa2342d1f60 JavaThread "DefaultDispatcher-worker-5" daemon [_thread_blocked, id=2252308, stack(0x00007fa1b098a000,0x00007fa1b0a8a000) (1024K)]
  0x00007fa218257ef0 JavaThread "OkHttp watchly.elfhosted.com" daemon [_thread_in_native, id=2252309, stack(0x00007fa1b0889000,0x00007fa1b0989000) (1024K)]
  0x00007fa22458c470 JavaThread "OkHttp aiostreams.int.itsjustfun.xyz" daemon [_thread_in_native, id=2252310, stack(0x00007fa1b0788000,0x00007fa1b0888000) (1024K)]
  0x00007fa220012680 JavaThread "OkHttp api.tiffara.com"     daemon [_thread_in_native, id=2252313, stack(0x00007fa1b0485000,0x00007fa1b0585000) (1024K)]
  0x00007fa2102a2120 JavaThread "DefaultDispatcher-worker-11" daemon [_thread_blocked, id=2252338, stack(0x00007fa1b1192000,0x00007fa1b1292000) (1024K)]
  0x00007fa21c07c5f0 JavaThread "DefaultDispatcher-worker-12" daemon [_thread_blocked, id=2252339, stack(0x00007fa1ae179000,0x00007fa1ae279000) (1024K)]
  0x00007fa22475d230 JavaThread "DefaultDispatcher-worker-14" daemon [_thread_blocked, id=2252341, stack(0x00007fa1adf77000,0x00007fa1ae077000) (1024K)]
  0x000055ce89196c40 JavaThread "VirtualThread-unblocker"    daemon [_thread_blocked, id=2252363, stack(0x00007fa1add75000,0x00007fa1ade75000) (1024K)]
  0x000055ce89199570 JavaThread "ForkJoinPool-1-worker-1"    daemon [_thread_blocked, id=2252364, stack(0x00007fa1adc74000,0x00007fa1add74000) (1024K)]
  0x00007fa204257a10 JavaThread "MasterPoller"               daemon [_thread_in_native, id=2252365, stack(0x00007fa1adb73000,0x00007fa1adc73000) (1024K)]
  0x00007fa204259b80 JavaThread "ForkJoinPool-1-worker-2"    daemon [_thread_blocked, id=2252366, stack(0x00007fa1ada72000,0x00007fa1adb72000) (1024K)]
  0x00007fa20c15be80 JavaThread "ForkJoinPool-1-worker-3"    daemon [_thread_blocked, id=2252367, stack(0x00007fa1ad971000,0x00007fa1ada71000) (1024K)]
  0x00007fa21c0776d0 JavaThread "ForkJoinPool-1-worker-4"    daemon [_thread_blocked, id=2252368, stack(0x00007fa1ad870000,0x00007fa1ad970000) (1024K)]
  0x00007fa218277130 JavaThread "ForkJoinPool-1-worker-5"    daemon [_thread_blocked, id=2252369, stack(0x00007fa1ad76f000,0x00007fa1ad86f000) (1024K)]
  0x00007fa20425bd70 JavaThread "ForkJoinPool-1-delayScheduler" daemon [_thread_blocked, id=2252370, stack(0x00007fa1ad66e000,0x00007fa1ad76e000) (1024K)]
  0x00007fa20c161700 JavaThread "DefaultDispatcher-worker-15" daemon [_thread_blocked, id=2252372, stack(0x00007fa1afb85000,0x00007fa1afc85000) (1024K)]
  0x00007fa21c0742c0 JavaThread "DefaultDispatcher-worker-2" daemon [_thread_blocked, id=2252373, stack(0x00007fa1afa84000,0x00007fa1afb84000) (1024K)]
  0x000055ce899548f0 JavaThread "OkHttp TaskRunner"          daemon [_thread_blocked, id=2252621, stack(0x00007fa1c5425000,0x00007fa1c5525000) (1024K)]
  0x00007fa204320660 JavaThread "HttpClient-2-Worker-0"      daemon [_thread_blocked, id=2254558, stack(0x00007fa1e7b9c000,0x00007fa1e7c9c000) (1024K)]
  0x00007fa210203110 JavaThread "DefaultDispatcher-worker-17" daemon [_thread_blocked, id=2255185, stack(0x00007fa1e3500000,0x00007fa1e3600000) (1024K)]
  0x00007fa224c9c3d0 JavaThread "DefaultDispatcher-worker-18" daemon [_thread_blocked, id=2255186, stack(0x00007fa1e33ff000,0x00007fa1e34ff000) (1024K)]
  0x00007fa234892bb0 JavaThread "DefaultDispatcher-worker-19" daemon [_thread_blocked, id=2255187, stack(0x00007fa1b2417000,0x00007fa1b2517000) (1024K)]
  0x00007fa2108142e0 JavaThread "DefaultDispatcher-worker-20" daemon [_thread_blocked, id=2255189, stack(0x00007fa1b2316000,0x00007fa1b2416000) (1024K)]
  0x00007fa21c060180 JavaThread "DefaultDispatcher-worker-21" daemon [_thread_blocked, id=2255190, stack(0x00007fa1b1899000,0x00007fa1b1999000) (1024K)]
  0x00007fa23001b4f0 JavaThread "DefaultDispatcher-worker-22" daemon [_thread_blocked, id=2255191, stack(0x00007fa1b1697000,0x00007fa1b1797000) (1024K)]
Total: 56

Other Threads:
=>0x00007fa2600ff8c0 VMThread "VM Thread"                           [id=2252093, stack(0x00007fa238def000,0x00007fa238eef000) (1024K)]
  0x00007fa26006e4c0 WorkerThread "GC Thread#0"                     [id=2252082, stack(0x00007fa264061000,0x00007fa264161000) (1024K)]
  0x00007fa224009730 WorkerThread "GC Thread#1"                     [id=2252106, stack(0x00007fa203bfd000,0x00007fa203cfd000) (1024K)]
  0x00007fa22400f1e0 WorkerThread "GC Thread#2"                     [id=2252146, stack(0x00007fa1e31fd000,0x00007fa1e32fd000) (1024K)]
  0x00007fa22400fd00 WorkerThread "GC Thread#3"                     [id=2252147, stack(0x00007fa1e30fc000,0x00007fa1e31fc000) (1024K)]
  0x00007fa224010960 WorkerThread "GC Thread#4"                     [id=2252148, stack(0x00007fa1e2ffb000,0x00007fa1e30fb000) (1024K)]
  0x00007fa2240116c0 WorkerThread "GC Thread#5"                     [id=2252149, stack(0x00007fa1e2efa000,0x00007fa1e2ffa000) (1024K)]
  0x00007fa224018660 WorkerThread "GC Thread#6"                     [id=2252170, stack(0x00007fa1c9102000,0x00007fa1c9202000) (1024K)]
  0x00007fa224025fd0 WorkerThread "GC Thread#7"                     [id=2252230, stack(0x00007fa1bdeff000,0x00007fa1bdfff000) (1024K)]
  0x00007fa2240236c0 WorkerThread "GC Thread#8"                     [id=2252231, stack(0x00007fa1b48bc000,0x00007fa1b49bc000) (1024K)]
  0x00007fa224017610 WorkerThread "GC Thread#9"                     [id=2252239, stack(0x00007fa1b3afd000,0x00007fa1b3bfd000) (1024K)]
  0x00007fa22403eed0 WorkerThread "GC Thread#10"                    [id=2252240, stack(0x00007fa1b39fc000,0x00007fa1b3afc000) (1024K)]
  0x00007fa22403f340 WorkerThread "GC Thread#11"                    [id=2252241, stack(0x00007fa1b38fb000,0x00007fa1b39fb000) (1024K)]
  0x00007fa22401a310 WorkerThread "GC Thread#12"                    [id=2252242, stack(0x00007fa1b37fa000,0x00007fa1b38fa000) (1024K)]
  0x00007fa2600865b0 ConcurrentGCThread "G1 Main Marker"            terminated
  0x00007fa260087740 WorkerThread "G1 Conc#0"                       [id=2252084, stack(0x00007fa2440e7000,0x00007fa2441e7000) (1024K)]
  0x00007fa240000cc0 WorkerThread "G1 Conc#1"                       [id=2252107, stack(0x00007fa203afc000,0x00007fa203bfc000) (1024K)]
  0x00007fa2400019d0 WorkerThread "G1 Conc#2"                       [id=2252108, stack(0x00007fa2039fb000,0x00007fa203afb000) (1024K)]
  0x00007fa2600ddf60 WorkerThread "G1 Refinement Workers#0"         [id=2252086, stack(0x00007fa2390f2000,0x00007fa2391f2000) (1024K)]
  0x00007fa2600dcd00 ConcurrentGCThread "G1 Refine Control"         terminated
  0x00007fa2600df060 ConcurrentGCThread "G1 Service"                terminated
Total: 21

Threads with active compile tasks:
Total: 0

VM state: at safepoint (shutting down)

VM Mutex/Monitor currently owned by a thread:  ([mutex/lock_event])
[0x00007fa267ef61d8] Threads_lock - owner thread: 0x00007fa2600ff8c0
[0x00007fa267ef5f58] Heap_lock - owner thread: 0x00007fa260020010

Heap address: 0x000000070fa00000, size: 3846 MB, Compressed Oops mode: Zero based, Oop shift amount: 3

CDS archive(s) mapped at: [0x000000004b000000-0x000000004bda7000-0x000000004bda7000), size 14315520, SharedBaseAddress: 0x000000004b000000, ArchiveRelocationMode: 1.
Compressed class space mapped at: 0x000000004c000000-0x000000008c000000, reserved size: 1073741824
UseCompressedClassPointers 1, UseCompactObjectHeaders 0
Narrow klass pointer bits 32, Max shift 3
Narrow klass base: 0x000000004b000000, Narrow klass shift: 0
Encoding Range: [0x000000004b000000 - 0x000000014b000000), (4294967296 bytes)
Klass Range:    [0x000000004b000000 - 0x000000008c000000), (1090519040 bytes)
Klass ID Range:  [8 - 1090519033) (1090519025)
Protection zone: [0x000000004b000000 - 0x000000004b001000), (4096 bytes)

GC Precious Log:
 CardTable entry size: 512
 Card Set container configuration: InlinePtr #cards 4 size 8 Array Of Cards #cards 16 size 48 Howl #buckets 8 coarsen threshold 3686 Howl Bitmap #cards 512 size 80 coarsen threshold 460 Card regions per heap region 1 cards per card region 4096
 CPUs: 16 total, 16 available
 Memory: 15381M
 Large Page Support: Disabled
 NUMA Support: Disabled
 Compressed Oops: Enabled (Zero based)
 Heap Region Size: 2M
 Heap Min Capacity: 8M
 Heap Initial Capacity: 8M
 Heap Max Capacity: 3846M
 Pre-touch: Disabled
 Parallel Workers: 13
 Concurrent Workers: 3
 Concurrent Refinement Workers: 13
 Periodic GC: Disabled

Heap:
 garbage-first heap   total reserved 3938304K, committed 141312K, used 59655K [0x000000070fa00000, 0x0000000800000000)
  region size 2M, 6 eden (12M), 2 survivor (4M), 23 old (46M), 1 humongous (2M), 37 free (74M)

Heap Regions: E=young(eden), S=young(survivor), O=old, HS=humongous(starts), HC=humongous(continues), CS=collection set, F=free, TAMS=top-at-mark-start, PB=parsable bottom
|    0|0x000000070fa00000, 0x000000070fc00000, 0x000000070fc00000|100%|HS|  |TAMS 0x000000070fa00000| PB 0x000000070fa00000| Complete  |  0
|    1|0x000000070fc00000, 0x000000070fe00000, 0x000000070fe00000|100%| O|  |TAMS 0x000000070fc00000| PB 0x000000070fc00000| Untracked |  0
|    2|0x000000070fe00000, 0x0000000710000000, 0x0000000710000000|100%| O|  |TAMS 0x000000070fe00000| PB 0x000000070fe00000| Untracked |  0
|    3|0x0000000710000000, 0x0000000710200000, 0x0000000710200000|100%| O|  |TAMS 0x0000000710000000| PB 0x0000000710000000| Untracked |  0
|    4|0x0000000710200000, 0x0000000710400000, 0x0000000710400000|100%| O|  |TAMS 0x0000000710200000| PB 0x0000000710200000| Untracked |  0
|    5|0x0000000710400000, 0x0000000710600000, 0x0000000710600000|100%| O|  |TAMS 0x0000000710400000| PB 0x0000000710400000| Untracked |  0
|    6|0x0000000710600000, 0x0000000710800000, 0x0000000710800000|100%| O|  |TAMS 0x0000000710600000| PB 0x0000000710600000| Untracked |  0
|    7|0x0000000710800000, 0x0000000710a00000, 0x0000000710a00000|100%| O|  |TAMS 0x0000000710800000| PB 0x0000000710800000| Untracked |  0
|    8|0x0000000710a00000, 0x0000000710c00000, 0x0000000710c00000|100%| O|  |TAMS 0x0000000710a00000| PB 0x0000000710a00000| Untracked |  0
|    9|0x0000000710c00000, 0x0000000710e00000, 0x0000000710e00000|100%| O|  |TAMS 0x0000000710c00000| PB 0x0000000710c00000| Untracked |  0
|   10|0x0000000710e00000, 0x0000000711000000, 0x0000000711000000|100%| O|  |TAMS 0x0000000710e00000| PB 0x0000000710e00000| Untracked |  0
|   11|0x0000000711000000, 0x0000000711200000, 0x0000000711200000|100%| O|  |TAMS 0x0000000711000000| PB 0x0000000711000000| Untracked |  0
|   12|0x0000000711200000, 0x0000000711400000, 0x0000000711400000|100%| O|  |TAMS 0x0000000711200000| PB 0x0000000711200000| Untracked |  0
|   13|0x0000000711400000, 0x0000000711600000, 0x0000000711600000|100%| O|  |TAMS 0x0000000711400000| PB 0x0000000711400000| Untracked |  0
|   14|0x0000000711600000, 0x0000000711800000, 0x0000000711800000|100%| O|  |TAMS 0x0000000711600000| PB 0x0000000711600000| Untracked |  0
|   15|0x0000000711800000, 0x0000000711834cf0, 0x0000000711a00000| 10%| O|  |TAMS 0x0000000711800000| PB 0x0000000711800000| Untracked |  0
|   16|0x0000000711a00000, 0x0000000711c00000, 0x0000000711c00000|100%| O|  |TAMS 0x0000000711a00000| PB 0x0000000711a00000| Untracked |  0
|   17|0x0000000711c00000, 0x0000000711e00000, 0x0000000711e00000|100%| O|  |TAMS 0x0000000711c00000| PB 0x0000000711c00000| Untracked |  0
|   18|0x0000000711e00000, 0x0000000712000000, 0x0000000712000000|100%| O|  |TAMS 0x0000000711e00000| PB 0x0000000711e00000| Untracked |  0
|   19|0x0000000712000000, 0x0000000712200000, 0x0000000712200000|100%| O|  |TAMS 0x0000000712000000| PB 0x0000000712000000| Untracked |  0
|   20|0x0000000712200000, 0x0000000712400000, 0x0000000712400000|100%| O|  |TAMS 0x0000000712200000| PB 0x0000000712200000| Untracked |  0
|   21|0x0000000712400000, 0x00000007125b4fe8, 0x0000000712600000| 85%| O|  |TAMS 0x0000000712400000| PB 0x0000000712400000| Untracked |  0
|   22|0x0000000712600000, 0x0000000712600000, 0x0000000712800000|  0%| F|  |TAMS 0x0000000712600000| PB 0x0000000712600000| Untracked |  0
|   23|0x0000000712800000, 0x0000000712800000, 0x0000000712a00000|  0%| F|  |TAMS 0x0000000712800000| PB 0x0000000712800000| Untracked |  0
|   24|0x0000000712a00000, 0x0000000712a58250, 0x0000000712c00000| 17%| S|CS|TAMS 0x0000000712a00000| PB 0x0000000712a00000| Complete  |  0
|   25|0x0000000712c00000, 0x0000000712e00000, 0x0000000712e00000|100%| S|CS|TAMS 0x0000000712c00000| PB 0x0000000712c00000| Complete  |  0
|   26|0x0000000712e00000, 0x0000000712e00000, 0x0000000713000000|  0%| F|  |TAMS 0x0000000712e00000| PB 0x0000000712e00000| Untracked |  0
|   27|0x0000000713000000, 0x0000000713000000, 0x0000000713200000|  0%| F|  |TAMS 0x0000000713000000| PB 0x0000000713000000| Untracked |  0
|   28|0x0000000713200000, 0x0000000713200000, 0x0000000713400000|  0%| F|  |TAMS 0x0000000713200000| PB 0x0000000713200000| Untracked |  0
|   29|0x0000000713400000, 0x0000000713400000, 0x0000000713600000|  0%| F|  |TAMS 0x0000000713400000| PB 0x0000000713400000| Untracked |  0
|   30|0x0000000713600000, 0x0000000713600000, 0x0000000713800000|  0%| F|  |TAMS 0x0000000713600000| PB 0x0000000713600000| Untracked |  0
|   31|0x0000000713800000, 0x0000000713800000, 0x0000000713a00000|  0%| F|  |TAMS 0x0000000713800000| PB 0x0000000713800000| Untracked |  0
|   32|0x0000000713a00000, 0x0000000713a00000, 0x0000000713c00000|  0%| F|  |TAMS 0x0000000713a00000| PB 0x0000000713a00000| Untracked |  0
|   33|0x0000000713c00000, 0x0000000713c00000, 0x0000000713e00000|  0%| F|  |TAMS 0x0000000713c00000| PB 0x0000000713c00000| Untracked |  0
|   34|0x0000000713e00000, 0x0000000713e00000, 0x0000000714000000|  0%| F|  |TAMS 0x0000000713e00000| PB 0x0000000713e00000| Untracked |  0
|   35|0x0000000714000000, 0x0000000714000000, 0x0000000714200000|  0%| F|  |TAMS 0x0000000714000000| PB 0x0000000714000000| Untracked |  0
|   36|0x0000000714200000, 0x0000000714200000, 0x0000000714400000|  0%| F|  |TAMS 0x0000000714200000| PB 0x0000000714200000| Untracked |  0
|   37|0x0000000714400000, 0x0000000714400000, 0x0000000714600000|  0%| F|  |TAMS 0x0000000714400000| PB 0x0000000714400000| Untracked |  0
|   38|0x0000000714600000, 0x0000000714600000, 0x0000000714800000|  0%| F|  |TAMS 0x0000000714600000| PB 0x0000000714600000| Untracked |  0
|   39|0x0000000714800000, 0x0000000714800000, 0x0000000714a00000|  0%| F|  |TAMS 0x0000000714800000| PB 0x0000000714800000| Untracked |  0
|   40|0x0000000714a00000, 0x0000000714a00000, 0x0000000714c00000|  0%| F|  |TAMS 0x0000000714a00000| PB 0x0000000714a00000| Untracked |  0
|   41|0x0000000714c00000, 0x0000000714c00000, 0x0000000714e00000|  0%| F|  |TAMS 0x0000000714c00000| PB 0x0000000714c00000| Untracked |  0
|   42|0x0000000714e00000, 0x0000000714e00000, 0x0000000715000000|  0%| F|  |TAMS 0x0000000714e00000| PB 0x0000000714e00000| Untracked |  0
|   43|0x0000000715000000, 0x0000000715000000, 0x0000000715200000|  0%| F|  |TAMS 0x0000000715000000| PB 0x0000000715000000| Untracked |  0
|   44|0x0000000715200000, 0x0000000715200000, 0x0000000715400000|  0%| F|  |TAMS 0x0000000715200000| PB 0x0000000715200000| Untracked |  0
|   45|0x0000000715400000, 0x0000000715400000, 0x0000000715600000|  0%| F|  |TAMS 0x0000000715400000| PB 0x0000000715400000| Untracked |  0
|   46|0x0000000715600000, 0x0000000715600000, 0x0000000715800000|  0%| F|  |TAMS 0x0000000715600000| PB 0x0000000715600000| Untracked |  0
|   47|0x0000000715800000, 0x0000000715800000, 0x0000000715a00000|  0%| F|  |TAMS 0x0000000715800000| PB 0x0000000715800000| Untracked |  0
|   48|0x0000000715a00000, 0x0000000715a00000, 0x0000000715c00000|  0%| F|  |TAMS 0x0000000715a00000| PB 0x0000000715a00000| Untracked |  0
|   49|0x0000000715c00000, 0x0000000715c00000, 0x0000000715e00000|  0%| F|  |TAMS 0x0000000715c00000| PB 0x0000000715c00000| Untracked |  0
|   50|0x0000000715e00000, 0x0000000715e00000, 0x0000000716000000|  0%| F|  |TAMS 0x0000000715e00000| PB 0x0000000715e00000| Untracked |  0
|   51|0x0000000716000000, 0x0000000716000000, 0x0000000716200000|  0%| F|  |TAMS 0x0000000716000000| PB 0x0000000716000000| Untracked |  0
|   52|0x0000000716200000, 0x0000000716200000, 0x0000000716400000|  0%| F|  |TAMS 0x0000000716200000| PB 0x0000000716200000| Untracked |  0
|   53|0x0000000716400000, 0x0000000716400000, 0x0000000716600000|  0%| F|  |TAMS 0x0000000716400000| PB 0x0000000716400000| Untracked |  0
|   54|0x0000000716600000, 0x0000000716600000, 0x0000000716800000|  0%| F|  |TAMS 0x0000000716600000| PB 0x0000000716600000| Untracked |  0
|   55|0x0000000716800000, 0x0000000716800000, 0x0000000716a00000|  0%| F|  |TAMS 0x0000000716800000| PB 0x0000000716800000| Untracked |  0
|   56|0x0000000716a00000, 0x0000000716a00000, 0x0000000716c00000|  0%| F|  |TAMS 0x0000000716a00000| PB 0x0000000716a00000| Untracked |  0
|   57|0x0000000716c00000, 0x0000000716c00000, 0x0000000716e00000|  0%| F|  |TAMS 0x0000000716c00000| PB 0x0000000716c00000| Untracked |  0
|   58|0x0000000716e00000, 0x0000000716e00000, 0x0000000717000000|  0%| F|  |TAMS 0x0000000716e00000| PB 0x0000000716e00000| Untracked |  0
|   59|0x0000000717000000, 0x0000000717000000, 0x0000000717200000|  0%| F|  |TAMS 0x0000000717000000| PB 0x0000000717000000| Untracked |  0
|   60|0x0000000717200000, 0x0000000717200000, 0x0000000717400000|  0%| F|  |TAMS 0x0000000717200000| PB 0x0000000717200000| Untracked |  0
|   61|0x0000000717400000, 0x0000000717507c50, 0x0000000717600000| 51%| E|CS|TAMS 0x0000000717400000| PB 0x0000000717400000| Complete  |  0
|   62|0x0000000717600000, 0x0000000717800000, 0x0000000717800000|100%| E|CS|TAMS 0x0000000717600000| PB 0x0000000717600000| Complete  |  0
|   63|0x0000000717800000, 0x0000000717a00000, 0x0000000717a00000|100%| E|CS|TAMS 0x0000000717800000| PB 0x0000000717800000| Complete  |  0
|   64|0x0000000717a00000, 0x0000000717c00000, 0x0000000717c00000|100%| E|CS|TAMS 0x0000000717a00000| PB 0x0000000717a00000| Complete  |  0
|   65|0x0000000717c00000, 0x0000000717e00000, 0x0000000717e00000|100%| E|CS|TAMS 0x0000000717c00000| PB 0x0000000717c00000| Complete  |  0
|   66|0x0000000717e00000, 0x0000000718000000, 0x0000000718000000|100%| E|CS|TAMS 0x0000000717e00000| PB 0x0000000717e00000| Complete  |  0
| 1920|0x00000007ffa00000, 0x00000007ffc00000, 0x00000007ffc00000|100%| O|  |TAMS 0x00000007ffa00000| PB 0x00000007ffa00000| Untracked |  0
| 1921|0x00000007ffc00000, 0x00000007ffe00000, 0x00000007ffe00000|100%| O|  |TAMS 0x00000007ffc00000| PB 0x00000007ffc00000| Untracked |  0

Card table byte_map: [0x00007fa2648e4000,0x00007fa265067000] _byte_map_base: 0x00007fa261067000
Refinement table byte_map: [0x00007fa264161000,0x00007fa2648e4000] _byte_map_base: 0x00007fa2608e4000

Marking Bits: (CMBitMap*) 0x00007fa26006f1d0
 Bits: [0x00007fa2441e7000, 0x00007fa247dff000)

Polling page: 0x00007fa2682bb000

Metaspace:
Metaspace        used 89375K, committed 91008K, reserved 1179648K
 class space     used 9628K, committed 10304K, reserved 1048576K

Usage:
  Non-class:     77.88 MB used.
      Class:      9.40 MB used.
       Both:     87.28 MB used.

Virtual space:
  Non-class space:      128.00 MB reserved,      78.81 MB ( 62%) committed,  2 nodes.
      Class space:        1.00 GB reserved,      10.06 MB ( <1%) committed,  1 nodes.
             Both:        1.12 GB reserved,      88.88 MB (  8%) committed. 

Chunk freelists:
   Non-Class:  638.00 KB
       Class:  5.84 MB
        Both:  6.47 MB

MaxMetaspaceSize: unlimited
CompressedClassSpaceSize: 1.00 GB
Initial GC threshold: 21.00 MB
Current GC threshold: 98.69 MB
CDS: on
 - commit_granule_bytes: 65536.
 - commit_granule_words: 8192.
 - virtual_space_node_default_size: 8388608.
 - enlarge_chunks_in_place: 1.
UseCompressedClassPointers 1, UseCompactObjectHeaders 0
Narrow klass pointer bits 32, Max shift 3
Narrow klass base: 0x000000004b000000, Narrow klass shift: 0
Encoding Range: [0x000000004b000000 - 0x000000014b000000), (4294967296 bytes)
Klass Range:    [0x000000004b000000 - 0x000000008c000000), (1090519040 bytes)
Klass ID Range:  [8 - 1090519033) (1090519025)
Protection zone: [0x000000004b000000 - 0x000000004b001000), (4096 bytes)


Internal statistics:

num_allocs_failed_limit: 9.
num_arena_births: 2358.
num_arena_deaths: 0.
num_vsnodes_births: 3.
num_vsnodes_deaths: 0.
num_space_committed: 1420.
num_space_uncommitted: 0.
num_chunks_returned_to_freelist: 9.
num_chunks_taken_from_freelist: 5660.
num_chunk_merges: 6.
num_chunk_splits: 3839.
num_chunks_enlarged: 2763.
num_inconsistent_stats: 0.

CodeHeap 'non-profiled nmethods': size=119168Kb used=7345Kb max_used=7345Kb free=111823Kb
 bounds [0x00007fa24f9a0000, 0x00007fa2500d0000, 0x00007fa256e00000]
CodeHeap 'profiled nmethods': size=119168Kb used=23504Kb max_used=23504Kb free=95663Kb
 bounds [0x00007fa247dff000, 0x00007fa2494ff000, 0x00007fa24f25f000]
CodeHeap 'non-nmethods': size=7428Kb used=5303Kb max_used=7022Kb free=2124Kb
 bounds [0x00007fa24f25f000, 0x00007fa24f96f000, 0x00007fa24f9a0000]
CodeCache: size=245764Kb, used=36152Kb, max_used=37871Kb, free=209610Kb
 total_blobs=18655, nmethods=15070, adapters=3479, full_count=0
Compilation: enabled, stopped_count=0, restarted_count=0

Compilation events (20 events):
Event: 118.323 Thread 0x00007fa2601118b0 15399       3       java.util.AbstractList$RandomAccessSpliterator::getFence (46 bytes)
Event: 118.323 Thread 0x00007fa2601118b0 nmethod 15399 0x00007fa2494f1e08 code [0x00007fa2494f1f00, 0x00007fa2494f2148]
Event: 118.323 Thread 0x00007fa2601118b0 15404       3       java.util.stream.ReferencePipeline$StatelessOp::<init> (29 bytes)
Event: 118.324 Thread 0x00007fa2601118b0 nmethod 15404 0x00007fa2494f2188 code [0x00007fa2494f2280, 0x00007fa2494f2428]
Event: 118.324 Thread 0x00007fa2601118b0 15406       1       jdk.internal.foreign.abi.CallingSequence::needsReturnBuffer (5 bytes)
Event: 118.324 Thread 0x00007fa2601118b0 nmethod 15406 0x00007fa2500caf08 code [0x00007fa2500cb000, 0x00007fa2500cb0b0]
Event: 118.621 Thread 0x00007fa2601118b0 15408       3       java.util.concurrent.CountDownLatch$Sync::tryAcquireShared (13 bytes)
Event: 118.622 Thread 0x00007fa2601118b0 nmethod 15408 0x00007fa2494f2488 code [0x00007fa2494f2580, 0x00007fa2494f2770]
Event: 118.642 Thread 0x00007fa26010fee0 15409       4       java.util.concurrent.TimeUnit::toNanos (45 bytes)
Event: 118.643 Thread 0x00007fa26010fee0 nmethod 15409 0x00007fa2500cb208 code [0x00007fa2500cb300, 0x00007fa2500cb3d8]
Event: 118.649 Thread 0x00007fa2601118b0 15410       3       java.lang.invoke.MethodHandleNatives::getCharType (8 bytes)
Event: 118.650 Thread 0x00007fa2601118b0 nmethod 15410 0x00007fa2494f2788 code [0x00007fa2494f2880, 0x00007fa2494f2a28]
Event: 118.659 Thread 0x00007fa2601118b0 15412       1       java.util.concurrent.CopyOnWriteArrayList::setArray (6 bytes)
Event: 118.659 Thread 0x00007fa2601118b0 nmethod 15412 0x00007fa2500cb808 code [0x00007fa2500cb900, 0x00007fa2500cba08]
Event: 118.661 Thread 0x00007fa2601118b0 15413       1       jdk.internal.vm.Continuation::setMounted (6 bytes)
Event: 118.661 Thread 0x00007fa2601118b0 nmethod 15413 0x00007fa2500cbb08 code [0x00007fa2500cbc00, 0x00007fa2500cbcb8]
Event: 118.661 Thread 0x00007fa2601118b0 15414       1       java.net.InetSocketAddress$InetSocketAddressHolder::getPort (5 bytes)
Event: 118.662 Thread 0x00007fa2601118b0 nmethod 15414 0x00007fa2500cbe08 code [0x00007fa2500cbf00, 0x00007fa2500cbfb0]
Event: 118.662 Thread 0x00007fa2601118b0 15415       3       java.nio.channels.spi.AbstractInterruptibleChannel::<init> (28 bytes)
Event: 118.662 Thread 0x00007fa2601118b0 nmethod 15415 0x00007fa2494f2a88 code [0x00007fa2494f2b80, 0x00007fa2494f3010]

GC Heap Usage History (20 events):
Event: 97.212 {heap Before GC invocations=34 (full 0):
 garbage-first heap   total reserved 3938304K, committed 141312K, used 126066K [0x000000070fa00000, 0x0000000800000000)
  region size 2M, 38 eden (76M), 3 survivor (6M), 21 old (42M), 1 humongous (2M), 6 free (12M)
}
Event: 97.215 {heap After GC invocations=35 (full 0):
 garbage-first heap   total reserved 3938304K, committed 141312K, used 48401K [0x000000070fa00000, 0x0000000800000000)
  region size 2M, 0 eden (0M), 3 survivor (6M), 21 old (42M), 1 humongous (2M), 44 free (88M)
}
Event: 97.586 {heap Before GC invocations=35 (full 0):
 garbage-first heap   total reserved 3938304K, committed 141312K, used 126225K [0x000000070fa00000, 0x0000000800000000)
  region size 2M, 38 eden (76M), 3 survivor (6M), 21 old (42M), 1 humongous (2M), 6 free (12M)
}
Event: 97.589 {heap After GC invocations=36 (full 0):
 garbage-first heap   total reserved 3938304K, committed 141312K, used 48402K [0x000000070fa00000, 0x0000000800000000)
  region size 2M, 0 eden (0M), 3 survivor (6M), 21 old (42M), 1 humongous (2M), 44 free (88M)
}
Event: 97.984 {heap Before GC invocations=36 (full 0):
 garbage-first heap   total reserved 3938304K, committed 141312K, used 126226K [0x000000070fa00000, 0x0000000800000000)
  region size 2M, 38 eden (76M), 3 survivor (6M), 21 old (42M), 1 humongous (2M), 6 free (12M)
}
Event: 97.988 {heap After GC invocations=37 (full 0):
 garbage-first heap   total reserved 3938304K, committed 141312K, used 48455K [0x000000070fa00000, 0x0000000800000000)
  region size 2M, 0 eden (0M), 2 survivor (4M), 23 old (46M), 1 humongous (2M), 43 free (86M)
}
Event: 98.396 {heap Before GC invocations=37 (full 0):
 garbage-first heap   total reserved 3938304K, committed 141312K, used 128327K [0x000000070fa00000, 0x0000000800000000)
  region size 2M, 39 eden (78M), 2 survivor (4M), 23 old (46M), 1 humongous (2M), 4 free (8M)
}
Event: 98.399 {heap After GC invocations=38 (full 0):
 garbage-first heap   total reserved 3938304K, committed 141312K, used 48492K [0x000000070fa00000, 0x0000000800000000)
  region size 2M, 0 eden (0M), 2 survivor (4M), 23 old (46M), 1 humongous (2M), 43 free (86M)
}
Event: 98.789 {heap Before GC invocations=38 (full 0):
 garbage-first heap   total reserved 3938304K, committed 141312K, used 128364K [0x000000070fa00000, 0x0000000800000000)
  region size 2M, 39 eden (78M), 2 survivor (4M), 23 old (46M), 1 humongous (2M), 4 free (8M)
}
Event: 98.791 {heap After GC invocations=39 (full 0):
 garbage-first heap   total reserved 3938304K, committed 141312K, used 48530K [0x000000070fa00000, 0x0000000800000000)
  region size 2M, 0 eden (0M), 2 survivor (4M), 23 old (46M), 1 humongous (2M), 43 free (86M)
}
Event: 99.802 {heap Before GC invocations=39 (full 0):
 garbage-first heap   total reserved 3938304K, committed 141312K, used 128402K [0x000000070fa00000, 0x0000000800000000)
  region size 2M, 39 eden (78M), 2 survivor (4M), 23 old (46M), 1 humongous (2M), 4 free (8M)
}
Event: 99.804 {heap After GC invocations=40 (full 0):
 garbage-first heap   total reserved 3938304K, committed 141312K, used 48508K [0x000000070fa00000, 0x0000000800000000)
  region size 2M, 0 eden (0M), 2 survivor (4M), 23 old (46M), 1 humongous (2M), 43 free (86M)
}
Event: 100.739 {heap Before GC invocations=40 (full 0):
 garbage-first heap   total reserved 3938304K, committed 141312K, used 128380K [0x000000070fa00000, 0x0000000800000000)
  region size 2M, 39 eden (78M), 2 survivor (4M), 23 old (46M), 1 humongous (2M), 4 free (8M)
}
Event: 100.742 {heap After GC invocations=41 (full 0):
 garbage-first heap   total reserved 3938304K, committed 141312K, used 48480K [0x000000070fa00000, 0x0000000800000000)
  region size 2M, 0 eden (0M), 2 survivor (4M), 23 old (46M), 1 humongous (2M), 43 free (86M)
}
Event: 101.760 {heap Before GC invocations=41 (full 0):
 garbage-first heap   total reserved 3938304K, committed 141312K, used 128352K [0x000000070fa00000, 0x0000000800000000)
  region size 2M, 39 eden (78M), 2 survivor (4M), 23 old (46M), 1 humongous (2M), 4 free (8M)
}
Event: 101.764 {heap After GC invocations=42 (full 0):
 garbage-first heap   total reserved 3938304K, committed 141312K, used 48622K [0x000000070fa00000, 0x0000000800000000)
  region size 2M, 0 eden (0M), 2 survivor (4M), 23 old (46M), 1 humongous (2M), 43 free (86M)
}
Event: 101.921 {heap Before GC invocations=42 (full 0):
 garbage-first heap   total reserved 3938304K, committed 141312K, used 128494K [0x000000070fa00000, 0x0000000800000000)
  region size 2M, 39 eden (78M), 2 survivor (4M), 23 old (46M), 1 humongous (2M), 4 free (8M)
}
Event: 101.924 {heap After GC invocations=43 (full 0):
 garbage-first heap   total reserved 3938304K, committed 141312K, used 48698K [0x000000070fa00000, 0x0000000800000000)
  region size 2M, 0 eden (0M), 2 survivor (4M), 23 old (46M), 1 humongous (2M), 43 free (86M)
}
Event: 112.045 {heap Before GC invocations=43 (full 0):
 garbage-first heap   total reserved 3938304K, committed 141312K, used 128570K [0x000000070fa00000, 0x0000000800000000)
  region size 2M, 39 eden (78M), 2 survivor (4M), 23 old (46M), 1 humongous (2M), 4 free (8M)
}
Event: 112.047 {heap After GC invocations=44 (full 0):
 garbage-first heap   total reserved 3938304K, committed 141312K, used 49415K [0x000000070fa00000, 0x0000000800000000)
  region size 2M, 0 eden (0M), 2 survivor (4M), 23 old (46M), 1 humongous (2M), 43 free (86M)
}

Metaspace Usage History (20 events):
Event: 97.212 {metaspace Before GC invocations=34 (full 0):
 Metaspace       used 89075K, committed 90624K, reserved 1179648K
  class space    used 9604K, committed 10240K, reserved 1048576K
}
Event: 97.215 {metaspace After GC invocations=35 (full 0):
 Metaspace       used 89075K, committed 90624K, reserved 1179648K
  class space    used 9604K, committed 10240K, reserved 1048576K
}
Event: 97.586 {metaspace Before GC invocations=35 (full 0):
 Metaspace       used 89085K, committed 90624K, reserved 1179648K
  class space    used 9604K, committed 10240K, reserved 1048576K
}
Event: 97.589 {metaspace After GC invocations=36 (full 0):
 Metaspace       used 89085K, committed 90624K, reserved 1179648K
  class space    used 9604K, committed 10240K, reserved 1048576K
}
Event: 97.984 {metaspace Before GC invocations=36 (full 0):
 Metaspace       used 89085K, committed 90624K, reserved 1179648K
  class space    used 9604K, committed 10240K, reserved 1048576K
}
Event: 97.988 {metaspace After GC invocations=37 (full 0):
 Metaspace       used 89085K, committed 90624K, reserved 1179648K
  class space    used 9604K, committed 10240K, reserved 1048576K
}
Event: 98.396 {metaspace Before GC invocations=37 (full 0):
 Metaspace       used 89089K, committed 90624K, reserved 1179648K
  class space    used 9604K, committed 10240K, reserved 1048576K
}
Event: 98.399 {metaspace After GC invocations=38 (full 0):
 Metaspace       used 89089K, committed 90624K, reserved 1179648K
  class space    used 9604K, committed 10240K, reserved 1048576K
}
Event: 98.789 {metaspace Before GC invocations=38 (full 0):
 Metaspace       used 89095K, committed 90624K, reserved 1179648K
  class space    used 9604K, committed 10240K, reserved 1048576K
}
Event: 98.792 {metaspace After GC invocations=39 (full 0):
 Metaspace       used 89095K, committed 90624K, reserved 1179648K
  class space    used 9604K, committed 10240K, reserved 1048576K
}
Event: 99.802 {metaspace Before GC invocations=39 (full 0):
 Metaspace       used 89129K, committed 90688K, reserved 1179648K
  class space    used 9604K, committed 10240K, reserved 1048576K
}
Event: 99.804 {metaspace After GC invocations=40 (full 0):
 Metaspace       used 89129K, committed 90688K, reserved 1179648K
  class space    used 9604K, committed 10240K, reserved 1048576K
}
Event: 100.739 {metaspace Before GC invocations=40 (full 0):
 Metaspace       used 89129K, committed 90688K, reserved 1179648K
  class space    used 9604K, committed 10240K, reserved 1048576K
}
Event: 100.742 {metaspace After GC invocations=41 (full 0):
 Metaspace       used 89129K, committed 90688K, reserved 1179648K
  class space    used 9604K, committed 10240K, reserved 1048576K
}
Event: 101.760 {metaspace Before GC invocations=41 (full 0):
 Metaspace       used 89155K, committed 90688K, reserved 1179648K
  class space    used 9604K, committed 10240K, reserved 1048576K
}
Event: 101.764 {metaspace After GC invocations=42 (full 0):
 Metaspace       used 89155K, committed 90688K, reserved 1179648K
  class space    used 9604K, committed 10240K, reserved 1048576K
}
Event: 101.921 {metaspace Before GC invocations=42 (full 0):
 Metaspace       used 89161K, committed 90688K, reserved 1179648K
  class space    used 9604K, committed 10240K, reserved 1048576K
}
Event: 101.924 {metaspace After GC invocations=43 (full 0):
 Metaspace       used 89161K, committed 90688K, reserved 1179648K
  class space    used 9604K, committed 10240K, reserved 1048576K
}
Event: 112.045 {metaspace Before GC invocations=43 (full 0):
 Metaspace       used 89243K, committed 90816K, reserved 1179648K
  class space    used 9616K, committed 10304K, reserved 1048576K
}
Event: 112.047 {metaspace After GC invocations=44 (full 0):
 Metaspace       used 89243K, committed 90816K, reserved 1179648K
  class space    used 9616K, committed 10304K, reserved 1048576K
}

Dll operation events (20 events):
Event: 0.339 Attempting to load shared library /tmp/lwjgl_annihilator/3.3.6+1/x64/liblwjgl.so
Event: 0.339 Loaded shared library /tmp/lwjgl_annihilator/3.3.6+1/x64/liblwjgl.so
Event: 0.997 Attempting to load shared library /usr/lib/jvm/java-26-openjdk/lib/libawt.so
Event: 0.998 Loaded shared library /usr/lib/jvm/java-26-openjdk/lib/libawt.so
Event: 0.999 Attempting to load shared library /usr/lib/jvm/java-26-openjdk/lib/libawt_xawt.so
Event: 1.000 Loaded shared library /usr/lib/jvm/java-26-openjdk/lib/libawt_xawt.so
Event: 1.027 Attempting to load shared library /usr/lib/jvm/java-26-openjdk/lib/libfontmanager.so
Event: 1.028 Loaded shared library /usr/lib/jvm/java-26-openjdk/lib/libfontmanager.so
Event: 1.126 Attempting to load shared library /tmp/lwjgl_annihilator/3.3.6+1/x64/liblwjgl_opengl.so
Event: 1.127 Loaded shared library /tmp/lwjgl_annihilator/3.3.6+1/x64/liblwjgl_opengl.so
Event: 1.220 Attempting to load shared library /home/annihilator/.skiko/skiko-linux-x64-434f7633c843870c0839a1137b128f6c3db3c5d58dcad3545e90827e3e341afb/libskiko-linux-x64.so
Event: 1.256 Loaded shared library /home/annihilator/.skiko/skiko-linux-x64-434f7633c843870c0839a1137b128f6c3db3c5d58dcad3545e90827e3e341afb/libskiko-linux-x64.so
Event: 1.385 Attempting to load shared library /home/annihilator/dev/mpv/build/libmpv.so.2.5.0
Event: 1.475 Loaded shared library /home/annihilator/dev/mpv/build/libmpv.so.2.5.0
Event: 1.477 Attempting to load shared library /usr/lib/jvm/java-26-openjdk/lib/libsyslookup.so
Event: 1.477 Loaded shared library /usr/lib/jvm/java-26-openjdk/lib/libsyslookup.so
Event: 3.936 Attempting to load shared library /usr/lib/jvm/java-26-openjdk/lib/libextnet.so
Event: 3.937 Loaded shared library /usr/lib/jvm/java-26-openjdk/lib/libextnet.so
Event: 4.438 Attempting to load shared library /usr/lib/jvm/java-26-openjdk/lib/libprefs.so
Event: 4.438 Loaded shared library /usr/lib/jvm/java-26-openjdk/lib/libprefs.so

Deoptimization events (20 events):
Event: 118.339 Thread 0x00007fa2614df310 Uncommon trap: trap_request=0xffffff95 fr.pc=0x00007fa24fee3d1c relative=0x0000000000000e9c
Event: 118.339 Thread 0x00007fa2614df310 Uncommon trap: reason=unreached action=reinterpret pc=0x00007fa24fee3d1c method=java.awt.event.InvocationEvent.dispatch()V @ 60 c2
Event: 118.339 Thread 0x00007fa2614df310 DEOPT PACKING pc=0x00007fa24fee3d1c sp=0x00007fa1e8411740
Event: 118.339 Thread 0x00007fa2614df310 DEOPT UNPACKING pc=0x00007fa24f3830f9 sp=0x00007fa1e84115d8 mode 2
Event: 118.340 Thread 0x00007fa2614df310 Uncommon trap: trap_request=0xffffff95 fr.pc=0x00007fa24fee2a10 relative=0x0000000000000790
Event: 118.340 Thread 0x00007fa2614df310 Uncommon trap: reason=unreached action=reinterpret pc=0x00007fa24fee2a10 method=java.awt.event.InvocationEvent.dispatch()V @ 60 c2
Event: 118.340 Thread 0x00007fa2614df310 DEOPT PACKING pc=0x00007fa24fee2a10 sp=0x00007fa1e8411660
Event: 118.340 Thread 0x00007fa2614df310 DEOPT UNPACKING pc=0x00007fa24f3830f9 sp=0x00007fa1e84115a8 mode 2
Event: 118.645 Thread 0x00007fa261cdc750 Uncommon trap: trap_request=0xffffff45 fr.pc=0x00007fa24ffadbf4 relative=0x0000000000000074
Event: 118.645 Thread 0x00007fa261cdc750 Uncommon trap: reason=unstable_if action=reinterpret pc=0x00007fa24ffadbf4 method=jdk.internal.foreign.AbstractMemorySegmentImpl.equals(Ljava/lang/Object;)Z @ 32 c2
Event: 118.645 Thread 0x00007fa261cdc750 DEOPT PACKING pc=0x00007fa24ffadbf4 sp=0x00007fa1b1492750
Event: 118.645 Thread 0x00007fa261cdc750 DEOPT UNPACKING pc=0x00007fa24f3830f9 sp=0x00007fa1b1492708 mode 2
Event: 118.651 Thread 0x00007fa2614df310 Uncommon trap: trap_request=0xffffff45 fr.pc=0x00007fa24fe9c49c relative=0x000000000000081c
Event: 118.651 Thread 0x00007fa2614df310 Uncommon trap: reason=unstable_if action=reinterpret pc=0x00007fa24fe9c49c method=org.jetbrains.skia.impl.CleanableImpl.remove()Z @ 23 c2
Event: 118.651 Thread 0x00007fa2614df310 DEOPT PACKING pc=0x00007fa24fe9c49c sp=0x00007fa1e84113c0
Event: 118.651 Thread 0x00007fa2614df310 DEOPT UNPACKING pc=0x00007fa24f3830f9 sp=0x00007fa1e84112f8 mode 2
Event: 118.662 Thread 0x00007fa260a89e60 Uncommon trap: trap_request=0xffffffde fr.pc=0x00007fa250010270 relative=0x00000000000001f0
Event: 118.662 Thread 0x00007fa260a89e60 Uncommon trap: reason=class_check action=maybe_recompile pc=0x00007fa250010270 method=java.util.concurrent.ForkJoinPool.unmanagedBlock(Ljava/util/concurrent/ForkJoinPool$ManagedBlocker;)V @ 6 c2
Event: 118.662 Thread 0x00007fa260a89e60 DEOPT PACKING pc=0x00007fa250010270 sp=0x00007fa1cedfcec0
Event: 118.662 Thread 0x00007fa260a89e60 DEOPT UNPACKING pc=0x00007fa24f3830f9 sp=0x00007fa1cedfce10 mode 2

Classes loaded (20 events):
Event: 88.077 Loading class java/util/function/LongBinaryOperator
Event: 88.077 Loading class java/util/function/LongBinaryOperator done
Event: 88.078 Loading class java/util/concurrent/CompletableFuture$UniHandle
Event: 88.078 Loading class java/util/concurrent/CompletableFuture$UniHandle done
Event: 88.079 Loading class java/util/concurrent/CompletableFuture$UniRelay
Event: 88.079 Loading class java/util/concurrent/CompletableFuture$UniRelay done
Event: 88.080 Loading class java/util/concurrent/CompletableFuture$UniWhenComplete
Event: 88.080 Loading class java/util/concurrent/CompletableFuture$UniWhenComplete done
Event: 88.080 Loading class java/util/concurrent/CompletableFuture$Signaller
Event: 88.080 Loading class java/util/concurrent/CompletableFuture$Signaller done
Event: 118.339 Loading class java/lang/Throwable$WrappedPrintStream
Event: 118.339 Loading class java/lang/Throwable$PrintStreamOrWriter
Event: 118.339 Loading class java/lang/Throwable$PrintStreamOrWriter done
Event: 118.339 Loading class java/lang/Throwable$WrappedPrintStream done
Event: 118.659 Loading class sun/awt/X11/XSystemTrayPeer
Event: 118.660 Loading class java/awt/peer/SystemTrayPeer
Event: 118.660 Loading class java/awt/peer/SystemTrayPeer done
Event: 118.660 Loading class sun/awt/X11/XMSelectionListener
Event: 118.660 Loading class sun/awt/X11/XMSelectionListener done
Event: 118.660 Loading class sun/awt/X11/XSystemTrayPeer done

Classes unloaded (0 events):
No events

Classes redefined (0 events):
No events

Internal exceptions (20 events):
Event: 111.946 Thread 0x00007fa2614df310 Exception <a 'java/lang/NoSuchMethodError'{0x00000007153e5b68}: 'java.lang.Object java.lang.invoke.DirectMethodHandle$Holder.newInvokeSpecial(java.lang.Object, java.lang.Object, long, java.lang.Object)'> (0x00000007153e5b68) 
thrown [/usr/src/debug/java-openjdk/jdk26u-jdk-26.0.2.1-1/src/hotspot/share/interpreter/linkResolver.cpp, line 803]
Event: 112.056 Thread 0x00007fa2614df310 Exception <a 'sun/nio/fs/UnixException'{0x0000000717aa3be8}> (0x0000000717aa3be8) 
thrown [/usr/src/debug/java-openjdk/jdk26u-jdk-26.0.2.1-1/src/hotspot/share/prims/jni.cpp, line 514]
Event: 112.059 Thread 0x00007fa2614df310 Exception <a 'sun/nio/fs/UnixException'{0x0000000717aea9d0}> (0x0000000717aea9d0) 
thrown [/usr/src/debug/java-openjdk/jdk26u-jdk-26.0.2.1-1/src/hotspot/share/prims/jni.cpp, line 514]
Event: 112.060 Thread 0x00007fa2614df310 Exception <a 'sun/nio/fs/UnixException'{0x0000000717b38670}> (0x0000000717b38670) 
thrown [/usr/src/debug/java-openjdk/jdk26u-jdk-26.0.2.1-1/src/hotspot/share/prims/jni.cpp, line 514]
Event: 112.060 Thread 0x000055ce89199570 Exception <a 'java/net/ConnectException'{0x0000000717b264e0}> (0x0000000717b264e0) 
thrown [/usr/src/debug/java-openjdk/jdk26u-jdk-26.0.2.1-1/src/hotspot/share/prims/jni.cpp, line 514]
Event: 112.060 Thread 0x00007fa2614df310 Exception <a 'sun/nio/fs/UnixException'{0x0000000717b3d718}> (0x0000000717b3d718) 
thrown [/usr/src/debug/java-openjdk/jdk26u-jdk-26.0.2.1-1/src/hotspot/share/prims/jni.cpp, line 514]
Event: 112.061 Thread 0x000055ce89199570 Exception <a 'java/net/ConnectException'{0x0000000717814540}> (0x0000000717814540) 
thrown [/usr/src/debug/java-openjdk/jdk26u-jdk-26.0.2.1-1/src/hotspot/share/prims/jni.cpp, line 514]
Event: 112.061 Thread 0x00007fa2614df310 Exception <a 'java/io/IOException'{0x0000000717b4ace0}> (0x0000000717b4ace0) 
thrown [/usr/src/debug/java-openjdk/jdk26u-jdk-26.0.2.1-1/src/hotspot/share/prims/jni.cpp, line 514]
Event: 112.514 Thread 0x00007fa23001b4f0 Exception <a 'sun/nio/fs/UnixException'{0x00000007178ff390}> (0x00000007178ff390) 
thrown [/usr/src/debug/java-openjdk/jdk26u-jdk-26.0.2.1-1/src/hotspot/share/prims/jni.cpp, line 514]
Event: 113.064 Thread 0x00007fa2614df310 Exception <a 'java/io/IOException'{0x0000000717bc1448}> (0x0000000717bc1448) 
thrown [/usr/src/debug/java-openjdk/jdk26u-jdk-26.0.2.1-1/src/hotspot/share/prims/jni.cpp, line 514]
Event: 114.066 Thread 0x00007fa2614df310 Exception <a 'java/io/IOException'{0x0000000717bd1d58}> (0x0000000717bd1d58) 
thrown [/usr/src/debug/java-openjdk/jdk26u-jdk-26.0.2.1-1/src/hotspot/share/prims/jni.cpp, line 514]
Event: 115.068 Thread 0x00007fa2614df310 Exception <a 'java/io/IOException'{0x0000000717be1ec0}> (0x0000000717be1ec0) 
thrown [/usr/src/debug/java-openjdk/jdk26u-jdk-26.0.2.1-1/src/hotspot/share/prims/jni.cpp, line 514]
Event: 116.070 Thread 0x00007fa2614df310 Exception <a 'java/io/IOException'{0x0000000717bf1e90}> (0x0000000717bf1e90) 
thrown [/usr/src/debug/java-openjdk/jdk26u-jdk-26.0.2.1-1/src/hotspot/share/prims/jni.cpp, line 514]
Event: 117.072 Thread 0x00007fa2614df310 Exception <a 'java/io/IOException'{0x0000000717642330}> (0x0000000717642330) 
thrown [/usr/src/debug/java-openjdk/jdk26u-jdk-26.0.2.1-1/src/hotspot/share/prims/jni.cpp, line 514]
Event: 118.076 Thread 0x00007fa2614df310 Exception <a 'java/io/IOException'{0x0000000717671630}> (0x0000000717671630) 
thrown [/usr/src/debug/java-openjdk/jdk26u-jdk-26.0.2.1-1/src/hotspot/share/prims/jni.cpp, line 514]
Event: 118.321 Thread 0x00007fa26170d780 Exception <a 'java/lang/NoSuchMethodError'{0x000000071779ebd0}: 'void java.lang.invoke.DirectMethodHandle$Holder.invokeStaticInit(java.lang.Object, java.lang.Object, java.lang.Object, java.lang.Object)'> (0x000000071779ebd0) 
thrown [/usr/src/debug/java-openjdk/jdk26u-jdk-26.0.2.1-1/src/hotspot/share/interpreter/linkResolver.cpp, line 803]
Event: 118.324 Thread 0x00007fa26170d780 Exception <a 'java/lang/NoSuchMethodError'{0x00000007177cc798}: 'void java.lang.invoke.DirectMethodHandle$Holder.invokeSpecial(java.lang.Object, java.lang.Object, long, long)'> (0x00000007177cc798) 
thrown [/usr/src/debug/java-openjdk/jdk26u-jdk-26.0.2.1-1/src/hotspot/share/interpreter/linkResolver.cpp, line 803]
Event: 118.651 Thread 0x00007fa2614df310 Implicit null exception at 0x00007fa24fe9bd56 to 0x00007fa24fe9c478
Event: 118.662 Thread 0x000055ce89199570 Exception <a 'java/net/ConnectException'{0x00000007175057b0}> (0x00000007175057b0) 
thrown [/usr/src/debug/java-openjdk/jdk26u-jdk-26.0.2.1-1/src/hotspot/share/prims/jni.cpp, line 514]
Event: 118.663 Thread 0x000055ce89199570 Exception <a 'java/net/ConnectException'{0x0000000717506c50}> (0x0000000717506c50) 
thrown [/usr/src/debug/java-openjdk/jdk26u-jdk-26.0.2.1-1/src/hotspot/share/prims/jni.cpp, line 514]

VM Operations (20 events):
Event: 97.590 Executing safepoint VM operation: G1CollectForAllocation (G1 Evacuation Pause) done
Event: 97.984 Executing safepoint VM operation: G1CollectForAllocation (G1 Evacuation Pause)
Event: 97.988 Executing safepoint VM operation: G1CollectForAllocation (G1 Evacuation Pause) done
Event: 98.396 Executing safepoint VM operation: G1CollectForAllocation (G1 Evacuation Pause)
Event: 98.399 Executing safepoint VM operation: G1CollectForAllocation (G1 Evacuation Pause) done
Event: 98.789 Executing safepoint VM operation: G1CollectForAllocation (G1 Evacuation Pause)
Event: 98.792 Executing safepoint VM operation: G1CollectForAllocation (G1 Evacuation Pause) done
Event: 99.802 Executing safepoint VM operation: G1CollectForAllocation (G1 Evacuation Pause)
Event: 99.804 Executing safepoint VM operation: G1CollectForAllocation (G1 Evacuation Pause) done
Event: 100.739 Executing safepoint VM operation: G1CollectForAllocation (G1 Evacuation Pause)
Event: 100.742 Executing safepoint VM operation: G1CollectForAllocation (G1 Evacuation Pause) done
Event: 101.760 Executing safepoint VM operation: G1CollectForAllocation (G1 Evacuation Pause)
Event: 101.764 Executing safepoint VM operation: G1CollectForAllocation (G1 Evacuation Pause) done
Event: 101.921 Executing safepoint VM operation: G1CollectForAllocation (G1 Evacuation Pause)
Event: 101.924 Executing safepoint VM operation: G1CollectForAllocation (G1 Evacuation Pause) done
Event: 112.044 Executing safepoint VM operation: G1CollectForAllocation (G1 Evacuation Pause)
Event: 112.047 Executing safepoint VM operation: G1CollectForAllocation (G1 Evacuation Pause) done
Event: 118.650 Executing non-safepoint VM operation: HandshakeAllThreads (CloseScopedMemory)
Event: 118.650 Executing non-safepoint VM operation: HandshakeAllThreads (CloseScopedMemory) done
Event: 118.663 Executing safepoint VM operation: Exit

Memory protections (20 events):
Event: 53.744 Protecting memory [0x00007fa1e7b25000,0x00007fa1e7b29000] with protection modes 0
Event: 53.744 Protecting memory [0x00007fa1b3bfe000,0x00007fa1b3c02000] with protection modes 0
Event: 60.538 Protecting memory [0x00007fa2381fb000,0x00007fa2381ff000] with protection modes 0
Event: 67.975 Protecting memory [0x00007fa1e3500000,0x00007fa1e3504000] with protection modes 0
Event: 88.002 Protecting memory [0x00007fa1b0687000,0x00007fa1b068b000] with protection modes 0
Event: 88.081 Protecting memory [0x00007fa1e7b9c000,0x00007fa1e7ba0000] with protection modes 0
Event: 90.284 Protecting memory [0x00007fa1b0687000,0x00007fa1b068b000] with protection modes 0
Event: 90.724 Protecting memory [0x00007fa1e3500000,0x00007fa1e3504000] with protection modes 0
Event: 91.456 Protecting memory [0x00007fa1a0fd0000,0x00007fa1a0fd4000] with protection modes 0
Event: 112.147 Protecting memory [0x00007fa1e3500000,0x00007fa1e3504000] with protection modes 0
Event: 112.148 Protecting memory [0x00007fa1e33ff000,0x00007fa1e3403000] with protection modes 0
Event: 112.148 Protecting memory [0x00007fa1b2417000,0x00007fa1b241b000] with protection modes 0
Event: 112.450 Protecting memory [0x00007fa1b2316000,0x00007fa1b231a000] with protection modes 0
Event: 112.450 Protecting memory [0x00007fa1b1899000,0x00007fa1b189d000] with protection modes 0
Event: 112.450 Protecting memory [0x00007fa1b1697000,0x00007fa1b169b000] with protection modes 0
Event: 118.315 Protecting memory [0x00007fa1b1394000,0x00007fa1b1398000] with protection modes 0
Event: 118.659 Protecting memory [0x00007fa1b1394000,0x00007fa1b1398000] with protection modes 0
Event: 118.659 Protecting memory [0x00007fa20293e000,0x00007fa202942000] with protection modes 0
Event: 118.659 Protecting memory [0x00007fa20283d000,0x00007fa202841000] with protection modes 0
Event: 118.659 Protecting memory [0x00007fa1cecff000,0x00007fa1ced03000] with protection modes 0

Nmethod flushes (20 events):
Event: 4.837 Thread 0x00007fa2600ff8c0 flushing  nmethod 0x00007fa247eb9e88
Event: 4.837 Thread 0x00007fa2600ff8c0 flushing  nmethod 0x00007fa247ebaf88
Event: 4.837 Thread 0x00007fa2600ff8c0 flushing  nmethod 0x00007fa247ecca88
Event: 4.837 Thread 0x00007fa2600ff8c0 flushing  nmethod 0x00007fa247ecce88
Event: 4.837 Thread 0x00007fa2600ff8c0 flushing  nmethod 0x00007fa247ecda88
Event: 4.837 Thread 0x00007fa2600ff8c0 flushing  nmethod 0x00007fa247eceb08
Event: 4.837 Thread 0x00007fa2600ff8c0 flushing  nmethod 0x00007fa247ed0d88
Event: 4.837 Thread 0x00007fa2600ff8c0 flushing  nmethod 0x00007fa247ed2108
Event: 4.837 Thread 0x00007fa2600ff8c0 flushing  nmethod 0x00007fa247ed2408
Event: 4.837 Thread 0x00007fa2600ff8c0 flushing  nmethod 0x00007fa247eec208
Event: 4.837 Thread 0x00007fa2600ff8c0 flushing  nmethod 0x00007fa247f40788
Event: 4.837 Thread 0x00007fa2600ff8c0 flushing  nmethod 0x00007fa247f48588
Event: 4.837 Thread 0x00007fa2600ff8c0 flushing  nmethod 0x00007fa247fae988
Event: 4.837 Thread 0x00007fa2600ff8c0 flushing  nmethod 0x00007fa247fafd08
Event: 4.837 Thread 0x00007fa2600ff8c0 flushing osr nmethod 0x00007fa2480c6588
Event: 4.837 Thread 0x00007fa2600ff8c0 flushing  nmethod 0x00007fa248197208
Event: 4.837 Thread 0x00007fa2600ff8c0 flushing  nmethod 0x00007fa248199108
Event: 4.837 Thread 0x00007fa2600ff8c0 flushing  nmethod 0x00007fa2481d4208
Event: 4.837 Thread 0x00007fa2600ff8c0 flushing  nmethod 0x00007fa2481d5608
Event: 4.837 Thread 0x00007fa2600ff8c0 flushing  nmethod 0x00007fa248218b08

Events (20 events):
Event: 112.148 Thread 0x00007fa21c07c5f0 Thread added: 0x00007fa234892bb0
Event: 112.271 Thread 0x00007fa2040473a0 Thread exited: 0x00007fa2040473a0
Event: 112.450 Thread 0x00007fa2041beb10 Thread added: 0x00007fa2108142e0
Event: 112.450 Thread 0x00007fa2342d1f60 Thread added: 0x00007fa21c060180
Event: 112.450 Thread 0x00007fa21c0742c0 Thread added: 0x00007fa23001b4f0
Event: 118.315 Thread 0x00007fa260020010 Thread added: 0x00007fa261cdc750
Event: 118.319 Thread 0x00007fa2615ea930 Thread exited: 0x00007fa2615ea930
Event: 118.645 Thread 0x00007fa26170d780 Thread exited: 0x00007fa26170d780
Event: 118.652 Thread 0x00007fa261cdc750 Thread exited: 0x00007fa261cdc750
Event: 118.659 Thread 0x00007fa260020010 Thread added: 0x00007fa2615ea930
Event: 118.659 Thread 0x00007fa260020010 Thread added: 0x00007fa260a98ad0
Event: 118.659 Thread 0x00007fa260020010 Thread added: 0x00007fa2608845e0
Event: 118.659 Thread 0x00007fa260020010 Thread added: 0x00007fa260a89e60
Event: 118.659 Thread 0x00007fa260a98ad0 Thread exited: 0x00007fa260a98ad0
Event: 118.660 Thread 0x00007fa2182631a0 Thread exited: 0x00007fa2182631a0
Event: 118.660 Thread 0x00007fa2608845e0 Thread exited: 0x00007fa2608845e0
Event: 118.660 Thread 0x00007fa2615ea930 Thread exited: 0x00007fa2615ea930
Event: 118.663 Thread 0x00007fa260a89e60 Thread exited: 0x00007fa260a89e60
Event: 118.663 Thread 0x00007fa260020010 Before exit entered
Event: 118.663 Thread 0x00007fa260020010 JVMTI - enter dead phase


Dynamic libraries:
40f00000-40f02000 r-xs 00000000 00:01 731253                             /memfd:/.glXXXXXX (deleted)
41c14000-41cc0000 rw-p 00000000 00:00 0 
4b000000-4b001000 ---p 00000000 00:00 0 
4b001000-4bda7000 rw-p 00001000 103:02 7880813                           /usr/lib/jvm/java-26-openjdk/lib/server/classes.jsa
4bda7000-4c000000 ---p 00000000 00:00 0 
4c000000-4c040000 rw-p 00000000 00:00 0 
4c040000-4c0c0000 rw-p 00000000 00:00 0 
4c0c0000-4c100000 rw-p 00000000 00:00 0 
4c100000-4c340000 rw-p 00000000 00:00 0 
4c340000-4c380000 rw-p 00000000 00:00 0 
4c380000-4c400000 rw-p 00000000 00:00 0 
4c400000-4c4c0000 rw-p 00000000 00:00 0 
4c4c0000-4c5c0000 rw-p 00000000 00:00 0 
4c5c0000-4c600000 rw-p 00000000 00:00 0 
4c600000-4c9c0000 rw-p 00000000 00:00 0 
4c9c0000-4c9e0000 rw-p 00000000 00:00 0 
4c9e0000-4ca00000 ---p 00000000 00:00 0 
4ca00000-4ca30000 rw-p 00000000 00:00 0 
4ca30000-8c000000 ---p 00000000 00:00 0 
200000000-300200000 ---p 00000000 00:00 0 
70fa00000-718000000 rw-p 00000000 00:00 0 
718000000-7ffa00000 ---p 00000000 00:00 0 
7ffa00000-7ffe00000 rw-p 00000000 00:00 0 
7ffe00000-800000000 ---p 00000000 00:00 0 
55ce6b7e7000-55ce6b7e8000 r--p 00000000 103:02 7876111                   /usr/lib/jvm/java-26-openjdk/bin/java
55ce6b7e8000-55ce6b7e9000 r-xp 00001000 103:02 7876111                   /usr/lib/jvm/java-26-openjdk/bin/java
55ce6b7e9000-55ce6b7ea000 r--p 00002000 103:02 7876111                   /usr/lib/jvm/java-26-openjdk/bin/java
55ce6b7ea000-55ce6b7eb000 r--p 00002000 103:02 7876111                   /usr/lib/jvm/java-26-openjdk/bin/java
55ce6b7eb000-55ce6b7ec000 rw-p 00003000 103:02 7876111                   /usr/lib/jvm/java-26-openjdk/bin/java
55ce87161000-55ce8daa1000 rw-p 00000000 00:00 0                          [heap]
7fa068000000-7fa069e7a000 rw-p 00000000 00:00 0 
7fa069e7a000-7fa06c000000 ---p 00000000 00:00 0 
7fa070000000-7fa073fc2000 rw-p 00000000 00:00 0 
7fa073fc2000-7fa074000000 ---p 00000000 00:00 0 
7fa078000000-7fa07bfe1000 rw-p 00000000 00:00 0 
7fa07bfe1000-7fa07c000000 ---p 00000000 00:00 0 
7fa07c000000-7fa07ffde000 rw-p 00000000 00:00 0 
7fa07ffde000-7fa080000000 ---p 00000000 00:00 0 
7fa080000000-7fa083ff1000 rw-p 00000000 00:00 0 
7fa083ff1000-7fa084000000 ---p 00000000 00:00 0 
7fa088000000-7fa08bfd8000 rw-p 00000000 00:00 0 
7fa08bfd8000-7fa08c000000 ---p 00000000 00:00 0 
7fa090000000-7fa093fb8000 rw-p 00000000 00:00 0 
7fa093fb8000-7fa094000000 ---p 00000000 00:00 0 
7fa098000000-7fa09bfff000 rw-p 00000000 00:00 0 
7fa09bfff000-7fa09c000000 ---p 00000000 00:00 0 
7fa0d0000000-7fa0d3ff2000 rw-p 00000000 00:00 0 
7fa0d3ff2000-7fa0d4000000 ---p 00000000 00:00 0 
7fa0d8000000-7fa0dbfe9000 rw-p 00000000 00:00 0 
7fa0dbfe9000-7fa0dc000000 ---p 00000000 00:00 0 
7fa0dc000000-7fa0dfffa000 rw-p 00000000 00:00 0 
7fa0dfffa000-7fa0e0000000 ---p 00000000 00:00 0 
7fa0e0000000-7fa0e3fd0000 rw-p 00000000 00:00 0 
7fa0e3fd0000-7fa0e4000000 ---p 00000000 00:00 0 
7fa0e8000000-7fa0ebffb000 rw-p 00000000 00:00 0 
7fa0ebffb000-7fa0ec000000 ---p 00000000 00:00 0 
7fa0f0000000-7fa0f3fca000 rw-p 00000000 00:00 0 
7fa0f3fca000-7fa0f4000000 ---p 00000000 00:00 0 
7fa0f8000000-7fa0fbfe5000 rw-p 00000000 00:00 0 
7fa0fbfe5000-7fa0fc000000 ---p 00000000 00:00 0 
7fa100000000-7fa103ff9000 rw-p 00000000 00:00 0 
7fa103ff9000-7fa104000000 ---p 00000000 00:00 0 
7fa104000000-7fa107ffd000 rw-p 00000000 00:00 0 
7fa107ffd000-7fa108000000 ---p 00000000 00:00 0 
7fa108000000-7fa10bfdb000 rw-p 00000000 00:00 0 
7fa10bfdb000-7fa10c000000 ---p 00000000 00:00 0 
7fa110000000-7fa113fdd000 rw-p 00000000 00:00 0 
7fa113fdd000-7fa114000000 ---p 00000000 00:00 0 
7fa118000000-7fa11bfd0000 rw-p 00000000 00:00 0 
7fa11bfd0000-7fa11c000000 ---p 00000000 00:00 0 
7fa120000000-7fa123fe9000 rw-p 00000000 00:00 0 
7fa123fe9000-7fa124000000 ---p 00000000 00:00 0 
7fa124000000-7fa127ff1000 rw-p 00000000 00:00 0 
7fa127ff1000-7fa128000000 ---p 00000000 00:00 0 
7fa128000000-7fa12bfdf000 rw-p 00000000 00:00 0 
7fa12bfdf000-7fa12c000000 ---p 00000000 00:00 0 
7fa130000000-7fa133ffc000 rw-p 00000000 00:00 0 
7fa133ffc000-7fa134000000 ---p 00000000 00:00 0 
7fa134000000-7fa137fc2000 rw-p 00000000 00:00 0 
7fa137fc2000-7fa138000000 ---p 00000000 00:00 0 
7fa138000000-7fa13bff6000 rw-p 00000000 00:00 0 
7fa13bff6000-7fa13c000000 ---p 00000000 00:00 0 
7fa140000000-7fa143fd6000 rw-p 00000000 00:00 0 
7fa143fd6000-7fa144000000 ---p 00000000 00:00 0 
7fa148000000-7fa14bfac000 rw-p 00000000 00:00 0 
7fa14bfac000-7fa14c000000 ---p 00000000 00:00 0 
7fa150000000-7fa153fed000 rw-p 00000000 00:00 0 
7fa153fed000-7fa154000000 ---p 00000000 00:00 0 
7fa154000000-7fa157fcc000 rw-p 00000000 00:00 0 
7fa157fcc000-7fa158000000 ---p 00000000 00:00 0 
7fa158000000-7fa15bfda000 rw-p 00000000 00:00 0 
7fa15bfda000-7fa15c000000 ---p 00000000 00:00 0 
7fa188000000-7fa18bfdf000 rw-p 00000000 00:00 0 
7fa18bfdf000-7fa18c000000 ---p 00000000 00:00 0 
7fa190000000-7fa193a2c000 rw-p 00000000 00:00 0 
7fa193a2c000-7fa194000000 ---p 00000000 00:00 0 
7fa194000000-7fa197fb5000 rw-p 00000000 00:00 0 
7fa197fb5000-7fa198000000 ---p 00000000 00:00 0 
7fa1a63fc000-7fa1a6bfd000 rw-p 00000000 00:00 0 
7fa1a73fe000-7fa1a7bff000 rw-p 00000000 00:00 0 
7fa1a8400000-7fa1a8e2e000 r--p 00000000 103:02 5649983                   /usr/share/fonts/noto/NotoColorEmoji.ttf
7fa1a9000000-7fa1a9300000 rw-p 00000000 00:00 0 
7fa1a9300000-7fa1a9400000 rw-p 00000000 00:00 0 
7fa1a9400000-7fa1a9d00000 rw-p 00000000 00:00 0 
7fa1a9d00000-7fa1a9d60000 rw-p 00000000 00:00 0 
7fa1a9d60000-7fa1a9e00000 ---p 00000000 00:00 0 
7fa1a9e00000-7fa1a9f70000 rw-p 00000000 00:00 0 
7fa1a9f70000-7fa1ad000000 ---p 00000000 00:00 0 
7fa1ad66d000-7fa1ad66e000 rw-p 00000000 00:00 0 
7fa1ad66e000-7fa1ad672000 ---p 00000000 00:00 0 
7fa1ad672000-7fa1ad76f000 rw-p 00000000 00:00 0 
7fa1ad76f000-7fa1ad773000 ---p 00000000 00:00 0 
7fa1ad773000-7fa1ad870000 rw-p 00000000 00:00 0 
7fa1ad870000-7fa1ad874000 ---p 00000000 00:00 0 
7fa1ad874000-7fa1ad971000 rw-p 00000000 00:00 0 
7fa1ad971000-7fa1ad975000 ---p 00000000 00:00 0 
7fa1ad975000-7fa1ada72000 rw-p 00000000 00:00 0 
7fa1ada72000-7fa1ada76000 ---p 00000000 00:00 0 
7fa1ada76000-7fa1adb73000 rw-p 00000000 00:00 0 
7fa1adb73000-7fa1adb77000 ---p 00000000 00:00 0 
7fa1adb77000-7fa1adc74000 rw-p 00000000 00:00 0 
7fa1adc74000-7fa1adc78000 ---p 00000000 00:00 0 
7fa1adc78000-7fa1add75000 rw-p 00000000 00:00 0 
7fa1add75000-7fa1add79000 ---p 00000000 00:00 0 
7fa1add79000-7fa1ade75000 rw-p 00000000 00:00 0 
7fa1adf76000-7fa1adf77000 rw-p 00000000 00:00 0 
7fa1adf77000-7fa1adf7b000 ---p 00000000 00:00 0 
7fa1adf7b000-7fa1ae077000 rw-p 00000000 00:00 0 
7fa1ae178000-7fa1ae179000 rw-p 00000000 00:00 0 
7fa1ae179000-7fa1ae17d000 ---p 00000000 00:00 0 
7fa1ae17d000-7fa1ae279000 rw-p 00000000 00:00 0 
7fa1ae780000-7fa1ae800000 rw-s 00000000 00:07 1110                       /dev/nvidiactl
7fa1ae800000-7fa1af22e000 r--p 00000000 103:02 5649983                   /usr/share/fonts/noto/NotoColorEmoji.ttf
7fa1af243000-7fa1af2e7000 r--p 00000000 103:02 5652750                   /usr/share/fonts/noto/NotoSansSymbols2-Regular.ttf
7fa1af2e7000-7fa1af382000 r--p 00000000 103:02 5641617                   /usr/share/fonts/noto/NotoSans-Bold.ttf
7fa1af382000-7fa1af782000 rw-s 00000000 00:07 1110                       /dev/nvidiactl
7fa1af782000-7fa1af982000 rw-s 00000000 00:07 1110                       /dev/nvidiactl
7fa1afa83000-7fa1afa84000 rw-p 00000000 00:00 0 
7fa1afa84000-7fa1afa88000 ---p 00000000 00:00 0 
7fa1afa88000-7fa1afb85000 rw-p 00000000 00:00 0 
7fa1afb85000-7fa1afb89000 ---p 00000000 00:00 0 
7fa1afb89000-7fa1afc85000 rw-p 00000000 00:00 0 
7fa1afd86000-7fa1b0186000 rw-s 00000000 00:07 1110                       /dev/nvidiactl
7fa1b0186000-7fa1b021e000 r--p 00000000 103:02 5641624                   /usr/share/fonts/noto/NotoSans-Regular.ttf
7fa1b021e000-7fa1b02d8000 r--p 00000000 103:02 5131297                   /usr/share/fonts/TTF/DejaVuSans.ttf
7fa1b02d8000-7fa1b0370000 r--p 00000000 103:02 5641622                   /usr/share/fonts/noto/NotoSans-Medium.ttf
7fa1b0370000-7fa1b03d6000 r--p 00000000 103:02 5013908                   /usr/share/fonts/liberation/LiberationSans-Bold.ttf
7fa1b03d6000-7fa1b0484000 r--p 00000000 103:02 5131293                   /usr/share/fonts/TTF/DejaVuSans-Bold.ttf
7fa1b0484000-7fa1b0485000 rw-p 00000000 00:00 0 
7fa1b0485000-7fa1b0489000 ---p 00000000 00:00 0 
7fa1b0489000-7fa1b0586000 rw-p 00000000 00:00 0 
7fa1b0586000-7fa1b058a000 ---p 00000000 00:00 0 
7fa1b058a000-7fa1b0686000 rw-p 00000000 00:00 0 
7fa1b0787000-7fa1b0788000 rw-p 00000000 00:00 0 
7fa1b0788000-7fa1b078c000 ---p 00000000 00:00 0 
7fa1b078c000-7fa1b0889000 rw-p 00000000 00:00 0 
7fa1b0889000-7fa1b088d000 ---p 00000000 00:00 0 
7fa1b088d000-7fa1b098a000 rw-p 00000000 00:00 0 
7fa1b098a000-7fa1b098e000 ---p 00000000 00:00 0 
7fa1b098e000-7fa1b0a8a000 rw-p 00000000 00:00 0 
7fa1b0b8b000-7fa1b0b8c000 rw-p 00000000 00:00 0 
7fa1b0b8c000-7fa1b0b90000 ---p 00000000 00:00 0 
7fa1b0b90000-7fa1b0c8c000 rw-p 00000000 00:00 0 
7fa1b0d8d000-7fa1b0d8e000 rw-p 00000000 00:00 0 
7fa1b0d8e000-7fa1b0d92000 ---p 00000000 00:00 0 
7fa1b0d92000-7fa1b0e8e000 rw-p 00000000 00:00 0 
7fa1b1090000-7fa1b1091000 rw-p 00000000 00:00 0 
7fa1b1091000-7fa1b1095000 ---p 00000000 00:00 0 
7fa1b1095000-7fa1b1192000 rw-p 00000000 00:00 0 
7fa1b1192000-7fa1b1196000 ---p 00000000 00:00 0 
7fa1b1196000-7fa1b1292000 rw-p 00000000 00:00 0 
7fa1b1393000-7fa1b1394000 rw-p 00000000 00:00 0 
7fa1b1394000-7fa1b1398000 ---p 00000000 00:00 0 
7fa1b1398000-7fa1b1495000 rw-p 00000000 00:00 0 
7fa1b1495000-7fa1b1499000 ---p 00000000 00:00 0 
7fa1b1499000-7fa1b1596000 rw-p 00000000 00:00 0 
7fa1b1596000-7fa1b159a000 ---p 00000000 00:00 0 
7fa1b159a000-7fa1b1697000 rw-p 00000000 00:00 0 
7fa1b1697000-7fa1b169b000 ---p 00000000 00:00 0 
7fa1b169b000-7fa1b1798000 rw-p 00000000 00:00 0 
7fa1b1798000-7fa1b179c000 ---p 00000000 00:00 0 
7fa1b179c000-7fa1b1899000 rw-p 00000000 00:00 0 
7fa1b1899000-7fa1b189d000 ---p 00000000 00:00 0 
7fa1b189d000-7fa1b199a000 rw-p 00000000 00:00 0 
7fa1b199a000-7fa1b199e000 ---p 00000000 00:00 0 
7fa1b199e000-7fa1b1a9b000 rw-p 00000000 00:00 0 
7fa1b1a9b000-7fa1b1a9f000 ---p 00000000 00:00 0 
7fa1b1a9f000-7fa1b1b9c000 rw-p 00000000 00:00 0 
7fa1b1b9c000-7fa1b1ba0000 ---p 00000000 00:00 0 
7fa1b1ba0000-7fa1b1c9d000 rw-p 00000000 00:00 0 
7fa1b1c9d000-7fa1b1ca1000 ---p 00000000 00:00 0 
7fa1b1ca1000-7fa1b1d9e000 rw-p 00000000 00:00 0 
7fa1b1d9e000-7fa1b1da2000 ---p 00000000 00:00 0 
7fa1b1da2000-7fa1b1e9e000 rw-p 00000000 00:00 0 
7fa1b1e9e000-7fa1b229e000 rw-s 00000000 00:07 1110                       /dev/nvidiactl
7fa1b229e000-7fa1b22a1000 r--p 00000000 103:02 4720955                   /usr/lib/libnss_resolve.so.2
7fa1b22a1000-7fa1b22d4000 r-xp 00003000 103:02 4720955                   /usr/lib/libnss_resolve.so.2
7fa1b22d4000-7fa1b22ec000 r--p 00036000 103:02 4720955                   /usr/lib/libnss_resolve.so.2
7fa1b22ec000-7fa1b22f3000 r--p 0004e000 103:02 4720955                   /usr/lib/libnss_resolve.so.2
7fa1b22f3000-7fa1b22f4000 rw-p 00055000 103:02 4720955                   /usr/lib/libnss_resolve.so.2
7fa1b2315000-7fa1b2316000 rw-p 00000000 00:00 0 
7fa1b2316000-7fa1b231a000 ---p 00000000 00:00 0 
7fa1b231a000-7fa1b2417000 rw-p 00000000 00:00 0 
7fa1b2417000-7fa1b241b000 ---p 00000000 00:00 0 
7fa1b241b000-7fa1b2517000 rw-p 00000000 00:00 0 
7fa1b25f7000-7fa1b26f7000 rw-s 00000000 00:07 1110                       /dev/nvidiactl
7fa1b26f7000-7fa1b2ef8000 rw-p 00000000 00:00 0 
7fa1b2ef8000-7fa1b30f8000 rw-s 00000000 00:07 1112                       /dev/nvidia0
7fa1b30f8000-7fa1b32f8000 rw-s 00000000 00:07 1110                       /dev/nvidiactl
7fa1b32f8000-7fa1b34f8000 rw-s 00000000 00:07 1110                       /dev/nvidiactl
7fa1b34f8000-7fa1b36f8000 rw-s 00000000 00:07 1110                       /dev/nvidiactl
7fa1b36f8000-7fa1b36f9000 rw-p 00000000 00:00 0 
7fa1b36f9000-7fa1b36fd000 ---p 00000000 00:00 0 
7fa1b36fd000-7fa1b3bfd000 rw-p 00000000 00:00 0 
7fa1b3cfe000-7fa1b3cff000 rw-p 00000000 00:00 0 
7fa1b3cff000-7fa1b3d03000 ---p 00000000 00:00 0 
7fa1b3d03000-7fa1b3dff000 rw-p 00000000 00:00 0 
7fa1b4848000-7fa1b484c000 r--p 00000000 103:02 4720953                   /usr/lib/libnss_mymachines.so.2
7fa1b484c000-7fa1b489d000 r-xp 00004000 103:02 4720953                   /usr/lib/libnss_mymachines.so.2
7fa1b489d000-7fa1b48b7000 r--p 00055000 103:02 4720953                   /usr/lib/libnss_mymachines.so.2
7fa1b48b7000-7fa1b48ba000 r--p 0006f000 103:02 4720953                   /usr/lib/libnss_mymachines.so.2
7fa1b48ba000-7fa1b48bb000 rw-p 00072000 103:02 4720953                   /usr/lib/libnss_mymachines.so.2
7fa1b48bb000-7fa1b49bc000 rw-p 00000000 00:00 0 
7fa1b6bdf000-7fa1bde00000 ---p 00000000 00:00 0 
7fa1bde2b000-7fa1bde3e000 rw-s 00000000 00:07 1110                       /dev/nvidiactl
7fa1bde3e000-7fa1bde7e000 rw-s 00000000 00:07 1110                       /dev/nvidiactl
7fa1bde7e000-7fa1bde9e000 rw-s 00000000 00:07 1110                       /dev/nvidiactl
7fa1bde9e000-7fa1bdede000 rw-s 00000000 00:07 1110                       /dev/nvidiactl
7fa1bdede000-7fa1bdefe000 rw-s 00000000 00:07 1110                       /dev/nvidiactl
7fa1bdefe000-7fa1be800000 rw-p 00000000 00:00 0 
7fa1be800000-7fa1be9a8000 r--p 00000000 103:02 4826311                   /usr/lib/libcuda.so.610.57.04
7fa1be9a8000-7fa1bfc23000 r-xp 001a8000 103:02 4826311                   /usr/lib/libcuda.so.610.57.04
7fa1bfc23000-7fa1c51ea000 r--p 01423000 103:02 4826311                   /usr/lib/libcuda.so.610.57.04
7fa1c51ea000-7fa1c51eb000 ---p 069ea000 103:02 4826311                   /usr/lib/libcuda.so.610.57.04
7fa1c51eb000-7fa1c5367000 r--p 069ea000 103:02 4826311                   /usr/lib/libcuda.so.610.57.04
7fa1c5367000-7fa1c536c000 rw-p 06b66000 103:02 4826311                   /usr/lib/libcuda.so.610.57.04
7fa1c536c000-7fa1c53d4000 rw-p 00000000 00:00 0 
7fa1c53e4000-7fa1c5424000 rw-s 00000000 00:07 1110                       /dev/nvidiactl
7fa1c5424000-7fa1c5425000 rw-p 00000000 00:00 0 
7fa1c5425000-7fa1c5429000 ---p 00000000 00:00 0 
7fa1c5429000-7fa1c5525000 rw-p 00000000 00:00 0 
7fa1c5525000-7fa1c5535000 -w-s 00000000 00:07 1112                       /dev/nvidia0
7fa1c5d36000-7fa1c5db6000 rw-s 00000000 00:07 1110                       /dev/nvidiactl
7fa1c5db6000-7fa1c5fb6000 rw-s 00000000 00:07 1110                       /dev/nvidiactl
7fa1c72fe000-7fa1c737e000 rw-s 00000000 00:07 1110                       /dev/nvidiactl
7fa1c8480000-7fa1c8500000 rw-s 00000000 00:07 1110                       /dev/nvidiactl
7fa1c8580000-7fa1c8600000 rw-s 00000000 00:07 1112                       /dev/nvidia0
7fa1c8600000-7fa1c8633000 r--p 00000000 103:02 4833039                   /usr/lib/libnvidia-glvkspirv.so.610.57.04
7fa1c8633000-7fa1c8dfc000 r-xp 00033000 103:02 4833039                   /usr/lib/libnvidia-glvkspirv.so.610.57.04
7fa1c8dfc000-7fa1c8f4c000 r--p 007fc000 103:02 4833039                   /usr/lib/libnvidia-glvkspirv.so.610.57.04
7fa1c8f4c000-7fa1c8f4d000 ---p 0094c000 103:02 4833039                   /usr/lib/libnvidia-glvkspirv.so.610.57.04
7fa1c8f4d000-7fa1c8f5f000 r--p 0094c000 103:02 4833039                   /usr/lib/libnvidia-glvkspirv.so.610.57.04
7fa1c8f5f000-7fa1c8fed000 rw-p 0095e000 103:02 4833039                   /usr/lib/libnvidia-glvkspirv.so.610.57.04
7fa1c8fed000-7fa1c9002000 rw-p 00000000 00:00 0 
7fa1c90d4000-7fa1c90e4000 rw-s 00000000 00:07 1112                       /dev/nvidia0
7fa1c90e4000-7fa1c90f0000 r--p 00000000 103:02 4751819                   /usr/lib/libxcb-glx.so.0.0.0
7fa1c90f0000-7fa1c90f9000 r-xp 0000c000 103:02 4751819                   /usr/lib/libxcb-glx.so.0.0.0
7fa1c90f9000-7fa1c90fe000 r--p 00015000 103:02 4751819                   /usr/lib/libxcb-glx.so.0.0.0
7fa1c90fe000-7fa1c9100000 r--p 0001a000 103:02 4751819                   /usr/lib/libxcb-glx.so.0.0.0
7fa1c9100000-7fa1c9101000 rw-p 0001c000 103:02 4751819                   /usr/lib/libxcb-glx.so.0.0.0
7fa1c9101000-7fa1c9202000 rw-p 00000000 00:00 0 
7fa1cecfe000-7fa1cecff000 rw-p 00000000 00:00 0 
7fa1cecff000-7fa1ced03000 ---p 00000000 00:00 0 
7fa1ced03000-7fa1cf600000 rw-p 00000000 00:00 0 
7fa1cf600000-7fa1cf6c3000 r--p 00000000 103:02 4812054                   /usr/lib/libglycin-2.so.0
7fa1cf6c3000-7fa1cf9e0000 r-xp 000c2000 103:02 4812054                   /usr/lib/libglycin-2.so.0
7fa1cf9e0000-7fa1cf9f9000 r--p 003de000 103:02 4812054                   /usr/lib/libglycin-2.so.0
7fa1cf9f9000-7fa1cf9fd000 rw-p 003f6000 103:02 4812054                   /usr/lib/libglycin-2.so.0
7fa1cf9ff000-7fa1cfa00000 r-xp 00000000 00:00 0 
7fa1cfa00000-7fa1cfa01000 r--p 00000000 00:00 0 
7fa1cfa01000-7fa1cfa02000 r-xp 00000000 00:00 0 
7fa1cfa02000-7fa1cfa03000 r--p 00000000 00:00 0 
7fa1cfab3000-7fa1cfabc000 r--p 00000000 103:02 4769004                   /usr/lib/libFLAC.so.14.0.0
7fa1cfabc000-7fa1cfaf2000 r-xp 00009000 103:02 4769004                   /usr/lib/libFLAC.so.14.0.0
7fa1cfaf2000-7fa1cfafa000 r--p 0003f000 103:02 4769004                   /usr/lib/libFLAC.so.14.0.0
7fa1cfafa000-7fa1cfafb000 r--p 00047000 103:02 4769004                   /usr/lib/libFLAC.so.14.0.0
7fa1cfafb000-7fa1cfafc000 rw-p 00048000 103:02 4769004                   /usr/lib/libFLAC.so.14.0.0
7fa1cfafc000-7fa1cfb01000 r--p 00000000 103:02 4755422                   /usr/lib/libsndfile.so.1.0.37
7fa1cfb01000-7fa1cfb67000 r-xp 00005000 103:02 4755422                   /usr/lib/libsndfile.so.1.0.37
7fa1cfb67000-7fa1cfb80000 r--p 0006b000 103:02 4755422                   /usr/lib/libsndfile.so.1.0.37
7fa1cfb80000-7fa1cfb83000 r--p 00084000 103:02 4755422                   /usr/lib/libsndfile.so.1.0.37
7fa1cfb83000-7fa1cfb84000 rw-p 00087000 103:02 4755422                   /usr/lib/libsndfile.so.1.0.37
7fa1cfb84000-7fa1cfb86000 rw-p 00000000 00:00 0 
7fa1cfb86000-7fa1cfb88000 r--p 00000000 103:02 4769564                   /usr/lib/libv4lconvert.so.0.0.0
7fa1cfb88000-7fa1cfba3000 r-xp 00002000 103:02 4769564                   /usr/lib/libv4lconvert.so.0.0.0
7fa1cfba3000-7fa1cfbab000 r--p 0001d000 103:02 4769564                   /usr/lib/libv4lconvert.so.0.0.0
7fa1cfbab000-7fa1cfbad000 r--p 00025000 103:02 4769564                   /usr/lib/libv4lconvert.so.0.0.0
7fa1cfbad000-7fa1cfbae000 rw-p 00027000 103:02 4769564                   /usr/lib/libv4lconvert.so.0.0.0
7fa1cfbae000-7fa1cfc00000 rw-p 00000000 00:00 0 
7fa1cfc00000-7fa1cfc49000 r--p 00000000 103:02 4817127                   /usr/lib/libSPIRV-Tools-opt.so
7fa1cfc49000-7fa1cfe12000 r-xp 00049000 103:02 4817127                   /usr/lib/libSPIRV-Tools-opt.so
7fa1cfe12000-7fa1cfe6b000 r--p 00212000 103:02 4817127                   /usr/lib/libSPIRV-Tools-opt.so
7fa1cfe6b000-7fa1cfe7b000 r--p 0026b000 103:02 4817127                   /usr/lib/libSPIRV-Tools-opt.so
7fa1cfe7b000-7fa1cfe7c000 rw-p 0027b000 103:02 4817127                   /usr/lib/libSPIRV-Tools-opt.so
7fa1cfe7c000-7fa1cfe7d000 r-xp 00000000 00:00 0 
7fa1cfe7d000-7fa1cfe7e000 r--p 00000000 00:00 0 
7fa1cfe8e000-7fa1cfe90000 r--p 00000000 103:02 4734009                   /usr/lib/libseccomp.so.2.6.0
7fa1cfe90000-7fa1cfea0000 r-xp 00002000 103:02 4734009                   /usr/lib/libseccomp.so.2.6.0
7fa1cfea0000-7fa1cfeb9000 r--p 00012000 103:02 4734009                   /usr/lib/libseccomp.so.2.6.0
7fa1cfeb9000-7fa1cfeba000 r--p 0002b000 103:02 4734009                   /usr/lib/libseccomp.so.2.6.0
7fa1cfeba000-7fa1cfebb000 rw-p 0002c000 103:02 4734009                   /usr/lib/libseccomp.so.2.6.0
7fa1cfebb000-7fa1cfec9000 r--p 00000000 103:02 5905684                   /usr/lib/libOpenGL.so.0.0.0
7fa1cfec9000-7fa1cfed4000 r-xp 0000e000 103:02 5905684                   /usr/lib/libOpenGL.so.0.0.0
7fa1cfed4000-7fa1cfed9000 r--p 00019000 103:02 5905684                   /usr/lib/libOpenGL.so.0.0.0
7fa1cfed9000-7fa1cfede000 r--p 0001e000 103:02 5905684                   /usr/lib/libOpenGL.so.0.0.0
7fa1cfede000-7fa1cfedf000 rw-p 00023000 103:02 5905684                   /usr/lib/libOpenGL.so.0.0.0
7fa1cfedf000-7fa1cfee2000 r--p 00000000 103:02 4777131                   /usr/lib/libmd.so.0.2.0
7fa1cfee2000-7fa1cfeee000 r-xp 00003000 103:02 4777131                   /usr/lib/libmd.so.0.2.0
7fa1cfeee000-7fa1cfef0000 r--p 0000f000 103:02 4777131                   /usr/lib/libmd.so.0.2.0
7fa1cfef0000-7fa1cfef1000 r--p 00011000 103:02 4777131                   /usr/lib/libmd.so.0.2.0
7fa1cfef1000-7fa1cfef2000 rw-p 00012000 103:02 4777131                   /usr/lib/libmd.so.0.2.0
7fa1cfef2000-7fa1cfef5000 r--p 00000000 103:02 4722208                   /usr/lib/libresolv.so.2
7fa1cfef5000-7fa1cfefe000 r-xp 00003000 103:02 4722208                   /usr/lib/libresolv.so.2
7fa1cfefe000-7fa1cff01000 r--p 0000c000 103:02 4722208                   /usr/lib/libresolv.so.2
7fa1cff01000-7fa1cff02000 r--p 0000f000 103:02 4722208                   /usr/lib/libresolv.so.2
7fa1cff02000-7fa1cff03000 rw-p 00010000 103:02 4722208                   /usr/lib/libresolv.so.2
7fa1cff03000-7fa1cff05000 rw-p 00000000 00:00 0 
7fa1cff05000-7fa1cff16000 r--p 00000000 103:02 4732432                   /usr/lib/libkrb5.so.3.3
7fa1cff16000-7fa1cff86000 r-xp 00011000 103:02 4732432                   /usr/lib/libkrb5.so.3.3
7fa1cff86000-7fa1cffc4000 r--p 00081000 103:02 4732432                   /usr/lib/libkrb5.so.3.3
7fa1cffc4000-7fa1cffd2000 r--p 000bf000 103:02 4732432                   /usr/lib/libkrb5.so.3.3
7fa1cffd2000-7fa1cffd4000 rw-p 000cd000 103:02 4732432                   /usr/lib/libkrb5.so.3.3
7fa1cffd4000-7fa1cffe2000 r--p 00000000 103:02 4758220                   /usr/lib/libnettle.so.9.0
7fa1cffe2000-7fa1d0014000 r-xp 0000e000 103:02 4758220                   /usr/lib/libnettle.so.9.0
7fa1d0014000-7fa1d002c000 r--p 00040000 103:02 4758220                   /usr/lib/libnettle.so.9.0
7fa1d002c000-7fa1d002f000 r--p 00057000 103:02 4758220                   /usr/lib/libnettle.so.9.0
7fa1d002f000-7fa1d0030000 rw-p 0005a000 103:02 4758220                   /usr/lib/libnettle.so.9.0
7fa1d0030000-7fa1d0038000 r--p 00000000 103:02 4738622                   /usr/lib/libhogweed.so.7.0
7fa1d0038000-7fa1d004b000 r-xp 00008000 103:02 4738622                   /usr/lib/libhogweed.so.7.0
7fa1d004b000-7fa1d0074000 r--p 0001b000 103:02 4738622                   /usr/lib/libhogweed.so.7.0
7fa1d0074000-7fa1d0076000 r--p 00043000 103:02 4738622                   /usr/lib/libhogweed.so.7.0
7fa1d0076000-7fa1d0077000 rw-p 00045000 103:02 4738622                   /usr/lib/libhogweed.so.7.0
7fa1d0077000-7fa1d0086000 r--p 00000000 103:02 4735687                   /usr/lib/libunistring.so.5.2.1
7fa1d0086000-7fa1d00ca000 r-xp 0000f000 103:02 4735687                   /usr/lib/libunistring.so.5.2.1
7fa1d00ca000-7fa1d0259000 r--p 00053000 103:02 4735687                   /usr/lib/libunistring.so.5.2.1
7fa1d0259000-7fa1d025d000 r--p 001e2000 103:02 4735687                   /usr/lib/libunistring.so.5.2.1
7fa1d025d000-7fa1d025e000 rw-p 001e6000 103:02 4735687                   /usr/lib/libunistring.so.5.2.1
7fa1d025e000-7fa1d0265000 r--p 00000000 103:02 4770278                   /usr/lib/libp11-kit.so.0.4.11
7fa1d0265000-7fa1d034e000 r-xp 00007000 103:02 4770278                   /usr/lib/libp11-kit.so.0.4.11
7fa1d034e000-7fa1d03e0000 r--p 000f0000 103:02 4770278                   /usr/lib/libp11-kit.so.0.4.11
7fa1d03e0000-7fa1d03f1000 r--p 00181000 103:02 4770278                   /usr/lib/libp11-kit.so.0.4.11
7fa1d03f1000-7fa1d0400000 rw-p 00192000 103:02 4770278                   /usr/lib/libp11-kit.so.0.4.11
7fa1d0400000-7fa1d041a000 r--p 00000000 103:02 4760330                   /usr/lib/libleancrypto.so.1
7fa1d041a000-7fa1d0538000 r-xp 0001a000 103:02 4760330                   /usr/lib/libleancrypto.so.1
7fa1d0538000-7fa1d065b000 r--p 00138000 103:02 4760330                   /usr/lib/libleancrypto.so.1
7fa1d065b000-7fa1d0661000 r--p 0025b000 103:02 4760330                   /usr/lib/libleancrypto.so.1
7fa1d0661000-7fa1d0663000 rw-p 00261000 103:02 4760330                   /usr/lib/libleancrypto.so.1
7fa1d066f000-7fa1d0672000 r--p 00000000 103:02 4732383                   /usr/lib/libk5crypto.so.3.1
7fa1d0672000-7fa1d068e000 r-xp 00003000 103:02 4732383                   /usr/lib/libk5crypto.so.3.1
7fa1d068e000-7fa1d069a000 r--p 0001f000 103:02 4732383                   /usr/lib/libk5crypto.so.3.1
7fa1d069a000-7fa1d069c000 r--p 0002a000 103:02 4732383                   /usr/lib/libk5crypto.so.3.1
7fa1d069c000-7fa1d069d000 rw-p 0002c000 103:02 4732383                   /usr/lib/libk5crypto.so.3.1
7fa1d069d000-7fa1d06a1000 r--p 00000000 103:02 4830241                   /usr/lib/libpgm-5.3.so.0.0.128
7fa1d06a1000-7fa1d06c9000 r-xp 00004000 103:02 4830241                   /usr/lib/libpgm-5.3.so.0.0.128
7fa1d06c9000-7fa1d06e2000 r--p 0002c000 103:02 4830241                   /usr/lib/libpgm-5.3.so.0.0.128
7fa1d06e2000-7fa1d06e3000 r--p 00045000 103:02 4830241                   /usr/lib/libpgm-5.3.so.0.0.128
7fa1d06e3000-7fa1d06e4000 rw-p 00046000 103:02 4830241                   /usr/lib/libpgm-5.3.so.0.0.128
7fa1d06e4000-7fa1d06e8000 rw-p 00000000 00:00 0 
7fa1d06e8000-7fa1d06f7000 r--p 00000000 103:02 4811985                   /usr/lib/libsodium.so.26.4.0
7fa1d06f7000-7fa1d074a000 r-xp 0000f000 103:02 4811985                   /usr/lib/libsodium.so.26.4.0
7fa1d074a000-7fa1d075c000 r--p 00062000 103:02 4811985                   /usr/lib/libsodium.so.26.4.0
7fa1d075c000-7fa1d075d000 r--p 00074000 103:02 4811985                   /usr/lib/libsodium.so.26.4.0
7fa1d075d000-7fa1d075e000 rw-p 00075000 103:02 4811985                   /usr/lib/libsodium.so.26.4.0
7fa1d075e000-7fa1d0769000 r--p 00000000 103:02 4815516                   /usr/lib/libgomp.so.1.0.0
7fa1d0769000-7fa1d07a7000 r-xp 0000b000 103:02 4815516                   /usr/lib/libgomp.so.1.0.0
7fa1d07a7000-7fa1d07b6000 r--p 00049000 103:02 4815516                   /usr/lib/libgomp.so.1.0.0
7fa1d07b6000-7fa1d07b7000 r--p 00057000 103:02 4815516                   /usr/lib/libgomp.so.1.0.0
7fa1d07b7000-7fa1d07b8000 rw-p 00058000 103:02 4815516                   /usr/lib/libgomp.so.1.0.0
7fa1d07b8000-7fa1d07bd000 r--p 00000000 103:02 4722184                   /usr/lib/libmvec.so.1
7fa1d07bd000-7fa1d07df000 r-xp 00005000 103:02 4722184                   /usr/lib/libmvec.so.1
7fa1d07df000-7fa1d08b6000 r--p 00027000 103:02 4722184                   /usr/lib/libmvec.so.1
7fa1d08b6000-7fa1d08b7000 r--p 000fe000 103:02 4722184                   /usr/lib/libmvec.so.1
7fa1d08b7000-7fa1d08b8000 rw-p 000ff000 103:02 4722184                   /usr/lib/libmvec.so.1
7fa1d08b8000-7fa1d08bc000 r--p 00000000 103:02 4771010                   /usr/lib/libmpg123.so.0.49.4
7fa1d08bc000-7fa1d08fa000 r-xp 00004000 103:02 4771010                   /usr/lib/libmpg123.so.0.49.4
7fa1d08fa000-7fa1d0915000 r--p 00042000 103:02 4771010                   /usr/lib/libmpg123.so.0.49.4
7fa1d0915000-7fa1d0916000 r--p 0005d000 103:02 4771010                   /usr/lib/libmpg123.so.0.49.4
7fa1d0916000-7fa1d0917000 rw-p 0005e000 103:02 4771010                   /usr/lib/libmpg123.so.0.49.4
7fa1d0917000-7fa1d0918000 r--p 00000000 103:02 4814598                   /usr/lib/libbrotlienc.so.1.2.0
7fa1d0918000-7fa1d0985000 r-xp 00001000 103:02 4814598                   /usr/lib/libbrotlienc.so.1.2.0
7fa1d0985000-7fa1d09d5000 r--p 0006e000 103:02 4814598                   /usr/lib/libbrotlienc.so.1.2.0
7fa1d09d5000-7fa1d09d6000 r--p 000bd000 103:02 4814598                   /usr/lib/libbrotlienc.so.1.2.0
7fa1d09d6000-7fa1d09d7000 rw-p 000be000 103:02 4814598                   /usr/lib/libbrotlienc.so.1.2.0
7fa1d09d7000-7fa1d09d8000 r--p 00000000 103:02 4815185                   /usr/lib/libjxl_cms.so.0.12.0
7fa1d09d8000-7fa1d09f9000 r-xp 00001000 103:02 4815185                   /usr/lib/libjxl_cms.so.0.12.0
7fa1d09f9000-7fa1d09fe000 r--p 00022000 103:02 4815185                   /usr/lib/libjxl_cms.so.0.12.0
7fa1d09fe000-7fa1d09ff000 r--p 00027000 103:02 4815185                   /usr/lib/libjxl_cms.so.0.12.0
7fa1d09ff000-7fa1d0a00000 rw-p 00028000 103:02 4815185                   /usr/lib/libjxl_cms.so.0.12.0
7fa1d0a00000-7fa1d0a11000 r--p 00000000 103:02 4756846                   /usr/lib/libslang.so.2.3.3
7fa1d0a11000-7fa1d0af2000 r-xp 00011000 103:02 4756846                   /usr/lib/libslang.so.2.3.3
7fa1d0af2000-7fa1d0b33000 r--p 000f2000 103:02 4756846                   /usr/lib/libslang.so.2.3.3
7fa1d0b33000-7fa1d0b4a000 r--p 00132000 103:02 4756846                   /usr/lib/libslang.so.2.3.3
7fa1d0b4a000-7fa1d0b54000 rw-p 00149000 103:02 4756846                   /usr/lib/libslang.so.2.3.3
7fa1d0b54000-7fa1d0cf0000 rw-p 00000000 00:00 0 
7fa1d0cfe000-7fa1d0d01000 r--p 00000000 103:02 4732435                   /usr/lib/libkrb5support.so.0.1
7fa1d0d01000-7fa1d0d08000 r-xp 00003000 103:02 4732435                   /usr/lib/libkrb5support.so.0.1
7fa1d0d08000-7fa1d0d0b000 r--p 0000a000 103:02 4732435                   /usr/lib/libkrb5support.so.0.1
7fa1d0d0b000-7fa1d0d0c000 r--p 0000c000 103:02 4732435                   /usr/lib/libkrb5support.so.0.1
7fa1d0d0c000-7fa1d0d0d000 rw-p 0000d000 103:02 4732435                   /usr/lib/libkrb5support.so.0.1
7fa1d0d0d000-7fa1d0d18000 r--p 00000000 103:02 4758350                   /usr/lib/libglut.so.3.13.0
7fa1d0d18000-7fa1d0d32000 r-xp 0000b000 103:02 4758350                   /usr/lib/libglut.so.3.13.0
7fa1d0d32000-7fa1d0d4c000 r--p 00025000 103:02 4758350                   /usr/lib/libglut.so.3.13.0
7fa1d0d4c000-7fa1d0d50000 r--p 0003f000 103:02 4758350                   /usr/lib/libglut.so.3.13.0
7fa1d0d50000-7fa1d0d57000 rw-p 00043000 103:02 4758350                   /usr/lib/libglut.so.3.13.0
7fa1d0d57000-7fa1d0dbb000 rw-p 00000000 00:00 0 
7fa1d0dbb000-7fa1d0dcf000 r--p 00000000 103:02 5005676                   /usr/lib/pulseaudio/libpulsecommon-17.0.so
7fa1d0dcf000-7fa1d0e19000 r-xp 00014000 103:02 5005676                   /usr/lib/pulseaudio/libpulsecommon-17.0.so
7fa1d0e19000-7fa1d0e38000 r--p 0005e000 103:02 5005676                   /usr/lib/pulseaudio/libpulsecommon-17.0.so
7fa1d0e38000-7fa1d0e3a000 r--p 0007d000 103:02 5005676                   /usr/lib/pulseaudio/libpulsecommon-17.0.so
7fa1d0e3a000-7fa1d0e3b000 rw-p 0007f000 103:02 5005676                   /usr/lib/pulseaudio/libpulsecommon-17.0.so
7fa1d0e3b000-7fa1d0e5f000 r--p 00000000 103:02 4754125                   /usr/lib/libdb-5.3.so
7fa1d0e5f000-7fa1d0fbc000 r-xp 00024000 103:02 4754125                   /usr/lib/libdb-5.3.so
7fa1d0fbc000-7fa1d0ff5000 r--p 00181000 103:02 4754125                   /usr/lib/libdb-5.3.so
7fa1d0ff5000-7fa1d0fff000 r--p 001b9000 103:02 4754125                   /usr/lib/libdb-5.3.so
7fa1d0fff000-7fa1d1000000 rw-p 001c3000 103:02 4754125                   /usr/lib/libdb-5.3.so
7fa1d1000000-7fa1d1019000 r--p 00000000 103:02 4773780                   /usr/lib/libfftw3.so.3.7.11
7fa1d1019000-7fa1d11f5000 r-xp 00019000 103:02 4773780                   /usr/lib/libfftw3.so.3.7.11
7fa1d11f5000-7fa1d121c000 r--p 001f5000 103:02 4773780                   /usr/lib/libfftw3.so.3.7.11
7fa1d121c000-7fa1d122d000 r--p 0021c000 103:02 4773780                   /usr/lib/libfftw3.so.3.7.11
7fa1d122d000-7fa1d122e000 rw-p 0022d000 103:02 4773780                   /usr/lib/libfftw3.so.3.7.11
7fa1d1234000-7fa1d1238000 rw-s 00000000 00:07 1110                       /dev/nvidiactl
7fa1d1238000-7fa1d123b000 r--p 00000000 103:02 4777363                   /usr/lib/libGLU.so.1.3.1
7fa1d123b000-7fa1d1285000 r-xp 00003000 103:02 4777363                   /usr/lib/libGLU.so.1.3.1
7fa1d1285000-7fa1d1290000 r--p 0004d000 103:02 4777363                   /usr/lib/libGLU.so.1.3.1
7fa1d1290000-7fa1d1291000 r--p 00058000 103:02 4777363                   /usr/lib/libGLU.so.1.3.1
7fa1d1291000-7fa1d1292000 rw-p 00059000 103:02 4777363                   /usr/lib/libGLU.so.1.3.1
7fa1d1292000-7fa1d1293000 r--p 00000000 103:02 4768927                   /usr/lib/libsamplerate.so.0.2.2
7fa1d1293000-7fa1d1298000 r-xp 00001000 103:02 4768927                   /usr/lib/libsamplerate.so.0.2.2
7fa1d1298000-7fa1d13fe000 r--p 00006000 103:02 4768927                   /usr/lib/libsamplerate.so.0.2.2
7fa1d13fe000-7fa1d13ff000 r--p 0016b000 103:02 4768927                   /usr/lib/libsamplerate.so.0.2.2
7fa1d13ff000-7fa1d1400000 rw-p 0016c000 103:02 4768927                   /usr/lib/libsamplerate.so.0.2.2
7fa1d1400000-7fa1d1453000 r--p 00000000 103:02 4726308                   /usr/lib/libcrypto.so.3
7fa1d1453000-7fa1d17ff000 r-xp 00053000 103:02 4726308                   /usr/lib/libcrypto.so.3
7fa1d17ff000-7fa1d1925000 r--p 003ff000 103:02 4726308                   /usr/lib/libcrypto.so.3
7fa1d1925000-7fa1d19a3000 r--p 00525000 103:02 4726308                   /usr/lib/libcrypto.so.3
7fa1d19a3000-7fa1d19a6000 rw-p 005a3000 103:02 4726308                   /usr/lib/libcrypto.so.3
7fa1d19a6000-7fa1d19a9000 rw-p 00000000 00:00 0 
7fa1d19a9000-7fa1d19aa000 r--p 00000000 103:02 4763243                   /usr/lib/libXxf86vm.so.1.0.0
7fa1d19aa000-7fa1d19ad000 r-xp 00001000 103:02 4763243                   /usr/lib/libXxf86vm.so.1.0.0
7fa1d19ad000-7fa1d19ae000 r--p 00004000 103:02 4763243                   /usr/lib/libXxf86vm.so.1.0.0
7fa1d19ae000-7fa1d19af000 r--p 00004000 103:02 4763243                   /usr/lib/libXxf86vm.so.1.0.0
7fa1d19af000-7fa1d19b0000 rw-p 00005000 103:02 4763243                   /usr/lib/libXxf86vm.so.1.0.0
7fa1d19b0000-7fa1d19b2000 r--p 00000000 103:02 4737522                   /usr/lib/libtasn1.so.6.6.5
7fa1d19b2000-7fa1d19c1000 r-xp 00002000 103:02 4737522                   /usr/lib/libtasn1.so.6.6.5
7fa1d19c1000-7fa1d19c4000 r--p 00011000 103:02 4737522                   /usr/lib/libtasn1.so.6.6.5
7fa1d19c4000-7fa1d19c5000 r--p 00014000 103:02 4737522                   /usr/lib/libtasn1.so.6.6.5
7fa1d19c5000-7fa1d19c6000 rw-p 00015000 103:02 4737522                   /usr/lib/libtasn1.so.6.6.5
7fa1d19c6000-7fa1d19cd000 r--p 00000000 103:02 4761802                   /usr/lib/libgdk_pixbuf-2.0.so.0.4400.7
7fa1d19cd000-7fa1d19ef000 r-xp 00007000 103:02 4761802                   /usr/lib/libgdk_pixbuf-2.0.so.0.4400.7
7fa1d19ef000-7fa1d19fd000 r--p 00029000 103:02 4761802                   /usr/lib/libgdk_pixbuf-2.0.so.0.4400.7
7fa1d19fd000-7fa1d19ff000 r--p 00036000 103:02 4761802                   /usr/lib/libgdk_pixbuf-2.0.so.0.4400.7
7fa1d19ff000-7fa1d1a00000 rw-p 00038000 103:02 4761802                   /usr/lib/libgdk_pixbuf-2.0.so.0.4400.7
7fa1d1a00000-7fa1d1a09000 r--p 00000000 103:02 4835513                   /usr/lib/libglslang.so.16.4.0
7fa1d1a09000-7fa1d1ce3000 r-xp 00009000 103:02 4835513                   /usr/lib/libglslang.so.16.4.0
7fa1d1ce3000-7fa1d1d98000 r--p 002e3000 103:02 4835513                   /usr/lib/libglslang.so.16.4.0
7fa1d1d98000-7fa1d1da7000 r--p 00397000 103:02 4835513                   /usr/lib/libglslang.so.16.4.0
7fa1d1da7000-7fa1d1da9000 rw-p 003a6000 103:02 4835513                   /usr/lib/libglslang.so.16.4.0
7fa1d1da9000-7fa1d24bd000 rw-p 00000000 00:00 0 
7fa1d24bf000-7fa1d24c1000 r--p 00000000 103:02 4788180                   /usr/lib/libasyncns.so.0.3.1
7fa1d24c1000-7fa1d24c4000 r-xp 00002000 103:02 4788180                   /usr/lib/libasyncns.so.0.3.1
7fa1d24c4000-7fa1d24c5000 r--p 00005000 103:02 4788180                   /usr/lib/libasyncns.so.0.3.1
7fa1d24c5000-7fa1d24c6000 r--p 00005000 103:02 4788180                   /usr/lib/libasyncns.so.0.3.1
7fa1d24c6000-7fa1d24c7000 rw-p 00006000 103:02 4788180                   /usr/lib/libasyncns.so.0.3.1
7fa1d24c7000-7fa1d24c9000 r--p 00000000 103:02 4755205                   /usr/lib/libhwy.so.1.4.0
7fa1d24c9000-7fa1d24d1000 r-xp 00002000 103:02 4755205                   /usr/lib/libhwy.so.1.4.0
7fa1d24d1000-7fa1d24d4000 r--p 0000a000 103:02 4755205                   /usr/lib/libhwy.so.1.4.0
7fa1d24d4000-7fa1d24d5000 r--p 0000c000 103:02 4755205                   /usr/lib/libhwy.so.1.4.0
7fa1d24d5000-7fa1d24d6000 rw-p 0000d000 103:02 4755205                   /usr/lib/libhwy.so.1.4.0
7fa1d24d6000-7fa1d24da000 r--p 00000000 103:02 4758497                   /usr/lib/libbsd.so.0.12.2
7fa1d24da000-7fa1d24e5000 r-xp 00004000 103:02 4758497                   /usr/lib/libbsd.so.0.12.2
7fa1d24e5000-7fa1d24e8000 r--p 0000f000 103:02 4758497                   /usr/lib/libbsd.so.0.12.2
7fa1d24e8000-7fa1d24e9000 r--p 00011000 103:02 4758497                   /usr/lib/libbsd.so.0.12.2
7fa1d24e9000-7fa1d24ea000 rw-p 00012000 103:02 4758497                   /usr/lib/libbsd.so.0.12.2
7fa1d24ea000-7fa1d24eb000 rw-p 00000000 00:00 0 
7fa1d24eb000-7fa1d24ed000 r--p 00000000 103:02 4769556                   /usr/lib/libv4l2.so.0.0.0
7fa1d24ed000-7fa1d24f3000 r-xp 00002000 103:02 4769556                   /usr/lib/libv4l2.so.0.0.0
7fa1d24f3000-7fa1d24f5000 r--p 00008000 103:02 4769556                   /usr/lib/libv4l2.so.0.0.0
7fa1d24f5000-7fa1d24f6000 r--p 00009000 103:02 4769556                   /usr/lib/libv4l2.so.0.0.0
7fa1d24f6000-7fa1d24fa000 rw-p 0000a000 103:02 4769556                   /usr/lib/libv4l2.so.0.0.0
7fa1d24fa000-7fa1d24fd000 r--p 00000000 103:02 4769084                   /usr/lib/libiec61883.so.0.1.1
7fa1d24fd000-7fa1d2504000 r-xp 00003000 103:02 4769084                   /usr/lib/libiec61883.so.0.1.1
7fa1d2504000-7fa1d2507000 r--p 0000a000 103:02 4769084                   /usr/lib/libiec61883.so.0.1.1
7fa1d2507000-7fa1d2508000 r--p 0000d000 103:02 4769084                   /usr/lib/libiec61883.so.0.1.1
7fa1d2508000-7fa1d2509000 rw-p 0000e000 103:02 4769084                   /usr/lib/libiec61883.so.0.1.1
7fa1d2509000-7fa1d251d000 r--p 00000000 103:02 4726312                   /usr/lib/libssl.so.3
7fa1d251d000-7fa1d25ca000 r-xp 00014000 103:02 4726312                   /usr/lib/libssl.so.3
7fa1d25ca000-7fa1d25f2000 r--p 000c1000 103:02 4726312                   /usr/lib/libssl.so.3
7fa1d25f2000-7fa1d25fc000 r--p 000e9000 103:02 4726312                   /usr/lib/libssl.so.3
7fa1d25fc000-7fa1d2600000 rw-p 000f3000 103:02 4726312                   /usr/lib/libssl.so.3
7fa1d2600000-7fa1d2625000 r--p 00000000 103:02 4738682                   /usr/lib/libgnutls.so.30.42.0
7fa1d2625000-7fa1d277b000 r-xp 00025000 103:02 4738682                   /usr/lib/libgnutls.so.30.42.0
7fa1d277b000-7fa1d27f9000 r--p 0017b000 103:02 4738682                   /usr/lib/libgnutls.so.30.42.0
7fa1d27f9000-7fa1d280b000 r--p 001f8000 103:02 4738682                   /usr/lib/libgnutls.so.30.42.0
7fa1d280b000-7fa1d280e000 rw-p 0020a000 103:02 4738682                   /usr/lib/libgnutls.so.30.42.0
7fa1d280e000-7fa1d2811000 rw-p 00000000 00:00 0 
7fa1d2815000-7fa1d281e000 r--p 00000000 103:02 4732365                   /usr/lib/libgssapi_krb5.so.2.2
7fa1d281e000-7fa1d285e000 r-xp 00009000 103:02 4732365                   /usr/lib/libgssapi_krb5.so.2.2
7fa1d285e000-7fa1d286a000 r--p 00049000 103:02 4732365                   /usr/lib/libgssapi_krb5.so.2.2
7fa1d286a000-7fa1d286c000 r--p 00055000 103:02 4732365                   /usr/lib/libgssapi_krb5.so.2.2
7fa1d286c000-7fa1d286d000 rw-p 00057000 103:02 4732365                   /usr/lib/libgssapi_krb5.so.2.2
7fa1d286d000-7fa1d2873000 r--p 00000000 103:02 4737856                   /usr/lib/libssh2.so.1.0.1
7fa1d2873000-7fa1d28ab000 r-xp 00006000 103:02 4737856                   /usr/lib/libssh2.so.1.0.1
7fa1d28ab000-7fa1d28b8000 r--p 0003e000 103:02 4737856                   /usr/lib/libssh2.so.1.0.1
7fa1d28b8000-7fa1d28ba000 r--p 0004b000 103:02 4737856                   /usr/lib/libssh2.so.1.0.1
7fa1d28ba000-7fa1d28bb000 rw-p 0004d000 103:02 4737856                   /usr/lib/libssh2.so.1.0.1
7fa1d28bb000-7fa1d28bf000 r--p 00000000 103:02 4750340                   /usr/lib/libngtcp2.so.16.11.0
7fa1d28bf000-7fa1d2906000 r-xp 00004000 103:02 4750340                   /usr/lib/libngtcp2.so.16.11.0
7fa1d2906000-7fa1d2915000 r--p 0004b000 103:02 4750340                   /usr/lib/libngtcp2.so.16.11.0
7fa1d2915000-7fa1d2916000 r--p 0005a000 103:02 4750340                   /usr/lib/libngtcp2.so.16.11.0
7fa1d2916000-7fa1d2917000 rw-p 0005b000 103:02 4750340                   /usr/lib/libngtcp2.so.16.11.0
7fa1d2917000-7fa1d2932000 r--p 00000000 103:02 4768894                   /usr/lib/libsrt.so.1.5.6
7fa1d2932000-7fa1d29d6000 r-xp 0001b000 103:02 4768894                   /usr/lib/libsrt.so.1.5.6
7fa1d29d6000-7fa1d29f7000 r--p 000bf000 103:02 4768894                   /usr/lib/libsrt.so.1.5.6
7fa1d29f7000-7fa1d29fa000 r--p 000e0000 103:02 4768894                   /usr/lib/libsrt.so.1.5.6
7fa1d29fa000-7fa1d29fb000 rw-p 000e3000 103:02 4768894                   /usr/lib/libsrt.so.1.5.6
7fa1d29fb000-7fa1d2a00000 rw-p 00000000 00:00 0 
7fa1d2a00000-7fa1d2a0c000 r--p 00000000 103:02 4758335                   /usr/lib/libopenmpt.so.0.5.5
7fa1d2a0c000-7fa1d2b81000 r-xp 0000c000 103:02 4758335                   /usr/lib/libopenmpt.so.0.5.5
7fa1d2b81000-7fa1d2bd0000 r--p 00181000 103:02 4758335                   /usr/lib/libopenmpt.so.0.5.5
7fa1d2bd0000-7fa1d2bd5000 r--p 001d0000 103:02 4758335                   /usr/lib/libopenmpt.so.0.5.5
7fa1d2bd5000-7fa1d2bd6000 rw-p 001d5000 103:02 4758335                   /usr/lib/libopenmpt.so.0.5.5
7fa1d2bd6000-7fa1d2c30000 rw-p 00000000 00:00 0 
7fa1d2c32000-7fa1d2c34000 r--p 00000000 103:02 4732141                   /usr/lib/libkeyutils.so.1.10
7fa1d2c34000-7fa1d2c36000 r-xp 00002000 103:02 4732141                   /usr/lib/libkeyutils.so.1.10
7fa1d2c36000-7fa1d2c37000 r--p 00004000 103:02 4732141                   /usr/lib/libkeyutils.so.1.10
7fa1d2c37000-7fa1d2c38000 r--p 00004000 103:02 4732141                   /usr/lib/libkeyutils.so.1.10
7fa1d2c38000-7fa1d2c39000 rw-p 00005000 103:02 4732141                   /usr/lib/libkeyutils.so.1.10
7fa1d2c39000-7fa1d2c3e000 r--p 00000000 103:02 4768962                   /usr/lib/libraw1394.so.11.1.0
7fa1d2c3e000-7fa1d2c46000 r-xp 00005000 103:02 4768962                   /usr/lib/libraw1394.so.11.1.0
7fa1d2c46000-7fa1d2c49000 r--p 0000d000 103:02 4768962                   /usr/lib/libraw1394.so.11.1.0
7fa1d2c49000-7fa1d2c4a000 r--p 0000f000 103:02 4768962                   /usr/lib/libraw1394.so.11.1.0
7fa1d2c4a000-7fa1d2c4b000 rw-p 00010000 103:02 4768962                   /usr/lib/libraw1394.so.11.1.0
7fa1d2c4b000-7fa1d2c4e000 r--p 00000000 103:02 4815220                   /usr/lib/liblz4.so.1.10.0
7fa1d2c4e000-7fa1d2c6c000 r-xp 00003000 103:02 4815220                   /usr/lib/liblz4.so.1.10.0
7fa1d2c6c000-7fa1d2c6e000 r--p 00021000 103:02 4815220                   /usr/lib/liblz4.so.1.10.0
7fa1d2c6e000-7fa1d2c6f000 r--p 00023000 103:02 4815220                   /usr/lib/liblz4.so.1.10.0
7fa1d2c6f000-7fa1d2c70000 rw-p 00024000 103:02 4815220                   /usr/lib/liblz4.so.1.10.0
7fa1d2c70000-7fa1d2c76000 r--p 00000000 103:02 4769212                   /usr/lib/libmodplug.so.1.0.0
7fa1d2c76000-7fa1d2cb4000 r-xp 00006000 103:02 4769212                   /usr/lib/libmodplug.so.1.0.0
7fa1d2cb4000-7fa1d2cc1000 r--p 00044000 103:02 4769212                   /usr/lib/libmodplug.so.1.0.0
7fa1d2cc1000-7fa1d2cc2000 r--p 00051000 103:02 4769212                   /usr/lib/libmodplug.so.1.0.0
7fa1d2cc2000-7fa1d2cc3000 rw-p 00052000 103:02 4769212                   /usr/lib/libmodplug.so.1.0.0
7fa1d2cc3000-7fa1d2e00000 rw-p 00000000 00:00 0 
7fa1d2e00000-7fa1d2e06000 r-xp 00000000 103:02 1313995                   /opt/cuda/targets/x86_64-linux/lib/libOpenCL.so.1.0.0
7fa1d2e06000-7fa1d3005000 ---p 00006000 103:02 1313995                   /opt/cuda/targets/x86_64-linux/lib/libOpenCL.so.1.0.0
7fa1d3005000-7fa1d3007000 r--p 00005000 103:02 1313995                   /opt/cuda/targets/x86_64-linux/lib/libOpenCL.so.1.0.0
7fa1d3007000-7fa1d3008000 rw-p 00007000 103:02 1313995                   /opt/cuda/targets/x86_64-linux/lib/libOpenCL.so.1.0.0
7fa1d300a000-7fa1d300c000 r--p 00000000 103:02 4816273                   /usr/lib/libvorbisfile.so.3.3.8
7fa1d300c000-7fa1d3011000 r-xp 00002000 103:02 4816273                   /usr/lib/libvorbisfile.so.3.3.8
7fa1d3011000-7fa1d3012000 r--p 00007000 103:02 4816273                   /usr/lib/libvorbisfile.so.3.3.8
7fa1d3012000-7fa1d3013000 r--p 00007000 103:02 4816273                   /usr/lib/libvorbisfile.so.3.3.8
7fa1d3013000-7fa1d3014000 rw-p 00008000 103:02 4816273                   /usr/lib/libvorbisfile.so.3.3.8
7fa1d3014000-7fa1d3016000 r--p 00000000 103:02 4737828                   /usr/lib/libpsl.so.5.3.5
7fa1d3016000-7fa1d3018000 r-xp 00002000 103:02 4737828                   /usr/lib/libpsl.so.5.3.5
7fa1d3018000-7fa1d3026000 r--p 00004000 103:02 4737828                   /usr/lib/libpsl.so.5.3.5
7fa1d3026000-7fa1d3027000 r--p 00011000 103:02 4737828                   /usr/lib/libpsl.so.5.3.5
7fa1d3027000-7fa1d3028000 rw-p 00012000 103:02 4737828                   /usr/lib/libpsl.so.5.3.5
7fa1d3028000-7fa1d302a000 r--p 00000000 103:02 4737748                   /usr/lib/libidn2.so.0.4.0
7fa1d302a000-7fa1d302e000 r-xp 00002000 103:02 4737748                   /usr/lib/libidn2.so.0.4.0
7fa1d302e000-7fa1d3048000 r--p 00006000 103:02 4737748                   /usr/lib/libidn2.so.0.4.0
7fa1d3048000-7fa1d3049000 r--p 0001f000 103:02 4737748                   /usr/lib/libidn2.so.0.4.0
7fa1d3049000-7fa1d304a000 rw-p 00020000 103:02 4737748                   /usr/lib/libidn2.so.0.4.0
7fa1d304a000-7fa1d304c000 r--p 00000000 103:02 4788171                   /usr/lib/libsoxr.so.0.1.2
7fa1d304c000-7fa1d3070000 r-xp 00002000 103:02 4788171                   /usr/lib/libsoxr.so.0.1.2
7fa1d3070000-7fa1d3075000 r--p 00026000 103:02 4788171                   /usr/lib/libsoxr.so.0.1.2
7fa1d3075000-7fa1d3077000 r--p 0002a000 103:02 4788171                   /usr/lib/libsoxr.so.0.1.2
7fa1d3077000-7fa1d3078000 rw-p 0002c000 103:02 4788171                   /usr/lib/libsoxr.so.0.1.2
7fa1d3078000-7fa1d30ad000 rw-p 00000000 00:00 0 
7fa1d30ad000-7fa1d30b7000 r--p 00000000 103:02 4769595                   /usr/lib/libvmaf.so.3.2.0
7fa1d30b7000-7fa1d3113000 r-xp 0000a000 103:02 4769595                   /usr/lib/libvmaf.so.3.2.0
7fa1d3113000-7fa1d3126000 r--p 00066000 103:02 4769595                   /usr/lib/libvmaf.so.3.2.0
7fa1d3126000-7fa1d3129000 r--p 00079000 103:02 4769595                   /usr/lib/libvmaf.so.3.2.0
7fa1d3129000-7fa1d31c0000 rw-p 0007c000 103:02 4769595                   /usr/lib/libvmaf.so.3.2.0
7fa1d31c0000-7fa1d3200000 rw-p 00000000 00:00 0 
7fa1d3200000-7fa1d325f000 r--p 00000000 103:02 4835194                   /usr/lib/libx265.so.217
7fa1d325f000-7fa1d4677000 r-xp 0005f000 103:02 4835194                   /usr/lib/libx265.so.217
7fa1d4677000-7fa1d46fb000 r--p 01477000 103:02 4835194                   /usr/lib/libx265.so.217
7fa1d46fb000-7fa1d4710000 r--p 014fa000 103:02 4835194                   /usr/lib/libx265.so.217
7fa1d4710000-7fa1d4713000 rw-p 0150f000 103:02 4835194                   /usr/lib/libx265.so.217
7fa1d4713000-7fa1d4725000 rw-p 00000000 00:00 0 
7fa1d4727000-7fa1d4728000 r--p 00000000 103:02 4755356                   /usr/lib/libsharpyuv.so.0.1.2
7fa1d4728000-7fa1d472c000 r-xp 00001000 103:02 4755356                   /usr/lib/libsharpyuv.so.0.1.2
7fa1d472c000-7fa1d472d000 r--p 00005000 103:02 4755356                   /usr/lib/libsharpyuv.so.0.1.2
7fa1d472d000-7fa1d472e000 r--p 00005000 103:02 4755356                   /usr/lib/libsharpyuv.so.0.1.2
7fa1d472e000-7fa1d472f000 rw-p 00006000 103:02 4755356                   /usr/lib/libsharpyuv.so.0.1.2
7fa1d472f000-7fa1d4730000 rw-p 00000000 00:00 0 
7fa1d4730000-7fa1d4734000 r--p 00000000 103:02 4750269                   /usr/lib/libnghttp2.so.14.29.5
7fa1d4734000-7fa1d474a000 r-xp 00004000 103:02 4750269                   /usr/lib/libnghttp2.so.14.29.5
7fa1d474a000-7fa1d4756000 r--p 0001a000 103:02 4750269                   /usr/lib/libnghttp2.so.14.29.5
7fa1d4756000-7fa1d4759000 r--p 00025000 103:02 4750269                   /usr/lib/libnghttp2.so.14.29.5
7fa1d4759000-7fa1d475a000 rw-p 00028000 103:02 4750269                   /usr/lib/libnghttp2.so.14.29.5
7fa1d475a000-7fa1d4778000 r--p 00000000 103:02 4770283                   /usr/lib/libdovi.so.3.4.0
7fa1d4778000-7fa1d47f7000 r-xp 0001d000 103:02 4770283                   /usr/lib/libdovi.so.3.4.0
7fa1d47f7000-7fa1d47ff000 r--p 0009b000 103:02 4770283                   /usr/lib/libdovi.so.3.4.0
7fa1d47ff000-7fa1d4800000 rw-p 000a2000 103:02 4770283                   /usr/lib/libdovi.so.3.4.0
7fa1d4800000-7fa1d4803000 r--p 00000000 103:02 4792842                   /usr/lib/libx264.so.165
7fa1d4803000-7fa1d4996000 r-xp 00003000 103:02 4792842                   /usr/lib/libx264.so.165
7fa1d4996000-7fa1d49cf000 r--p 00196000 103:02 4792842                   /usr/lib/libx264.so.165
7fa1d49cf000-7fa1d49d1000 r--p 001ce000 103:02 4792842                   /usr/lib/libx264.so.165
7fa1d49d1000-7fa1d49d2000 rw-p 001d0000 103:02 4792842                   /usr/lib/libx264.so.165
7fa1d49d2000-7fa1d4acb000 rw-p 00000000 00:00 0 
7fa1d4ace000-7fa1d4ad0000 r--p 00000000 103:02 4792845                   /usr/lib/libogg.so.0.8.6
7fa1d4ad0000-7fa1d4ad3000 r-xp 00002000 103:02 4792845                   /usr/lib/libogg.so.0.8.6
7fa1d4ad3000-7fa1d4ad6000 r--p 00005000 103:02 4792845                   /usr/lib/libogg.so.0.8.6
7fa1d4ad6000-7fa1d4ad7000 r--p 00008000 103:02 4792845                   /usr/lib/libogg.so.0.8.6
7fa1d4ad7000-7fa1d4ad8000 rw-p 00009000 103:02 4792845                   /usr/lib/libogg.so.0.8.6
7fa1d4ad8000-7fa1d4adb000 r--p 00000000 103:02 4750283                   /usr/lib/libnghttp3.so.9.9.0
7fa1d4adb000-7fa1d4af0000 r-xp 00003000 103:02 4750283                   /usr/lib/libnghttp3.so.9.9.0
7fa1d4af0000-7fa1d4afd000 r--p 00018000 103:02 4750283                   /usr/lib/libnghttp3.so.9.9.0
7fa1d4afd000-7fa1d4afe000 r--p 00024000 103:02 4750283                   /usr/lib/libnghttp3.so.9.9.0
7fa1d4afe000-7fa1d4b00000 rw-p 00025000 103:02 4750283                   /usr/lib/libnghttp3.so.9.9.0
7fa1d4b00000-7fa1d4b05000 r--p 00000000 103:02 4743300                   /usr/lib/libshaderc_shared.so.1
7fa1d4b05000-7fa1d4b18000 r-xp 00005000 103:02 4743300                   /usr/lib/libshaderc_shared.so.1
7fa1d4b18000-7fa1d4b1c000 r--p 00018000 103:02 4743300                   /usr/lib/libshaderc_shared.so.1
7fa1d4b1c000-7fa1d4b1d000 r--p 0001b000 103:02 4743300                   /usr/lib/libshaderc_shared.so.1
7fa1d4b1d000-7fa1d4b1e000 rw-p 0001c000 103:02 4743300                   /usr/lib/libshaderc_shared.so.1
7fa1d4b1e000-7fa1d4b60000 r--p 00000000 103:02 4757008                   /usr/lib/libzmq.so.5.2.5
7fa1d4b60000-7fa1d4bd4000 r-xp 00042000 103:02 4757008                   /usr/lib/libzmq.so.5.2.5
7fa1d4bd4000-7fa1d4bf5000 r--p 000b6000 103:02 4757008                   /usr/lib/libzmq.so.5.2.5
7fa1d4bf5000-7fa1d4bff000 r--p 000d6000 103:02 4757008                   /usr/lib/libzmq.so.5.2.5
7fa1d4bff000-7fa1d4c00000 rw-p 000e0000 103:02 4757008                   /usr/lib/libzmq.so.5.2.5
7fa1d4c00000-7fa1d4c04000 r--p 00000000 103:02 4817227                   /usr/lib/libSvtAv1Enc.so.4.2.0
7fa1d4c04000-7fa1d5066000 r-xp 00004000 103:02 4817227                   /usr/lib/libSvtAv1Enc.so.4.2.0
7fa1d5066000-7fa1d512a000 r--p 00466000 103:02 4817227                   /usr/lib/libSvtAv1Enc.so.4.2.0
7fa1d512a000-7fa1d512e000 r--p 00529000 103:02 4817227                   /usr/lib/libSvtAv1Enc.so.4.2.0
7fa1d512e000-7fa1d5130000 rw-p 0052d000 103:02 4817227                   /usr/lib/libSvtAv1Enc.so.4.2.0
7fa1d5130000-7fa1dd16e000 rw-p 00000000 00:00 0 
7fa1dd16e000-7fa1dd16f000 rw-s 00000000 00:07 1112                       /dev/nvidia0
7fa1dd16f000-7fa1dd171000 rw-s 00000000 00:07 1110                       /dev/nvidiactl
7fa1dd171000-7fa1dd17f000 r--p 00000000 103:02 4826263                   /usr/lib/libssh.so.4.12.0
7fa1dd17f000-7fa1dd1dc000 r-xp 0000e000 103:02 4826263                   /usr/lib/libssh.so.4.12.0
7fa1dd1dc000-7fa1dd1fc000 r--p 0006b000 103:02 4826263                   /usr/lib/libssh.so.4.12.0
7fa1dd1fc000-7fa1dd1fe000 r--p 0008b000 103:02 4826263                   /usr/lib/libssh.so.4.12.0
7fa1dd1fe000-7fa1dd200000 rw-p 0008d000 103:02 4826263                   /usr/lib/libssh.so.4.12.0
7fa1dd200000-7fa1dd288000 r--p 00000000 103:02 4812078                   /usr/lib/librav1e.so.0.8.1
7fa1dd288000-7fa1dd4ff000 r-xp 00087000 103:02 4812078                   /usr/lib/librav1e.so.0.8.1
7fa1dd4ff000-7fa1dd522000 r--p 002fd000 103:02 4812078                   /usr/lib/librav1e.so.0.8.1
7fa1dd522000-7fa1dd523000 rw-p 0031f000 103:02 4812078                   /usr/lib/librav1e.so.0.8.1
7fa1dd523000-7fa1dd524000 rw-p 00000000 00:00 0 
7fa1dd524000-7fa1dd525000 rw-s 00000000 00:07 1110                       /dev/nvidiactl
7fa1dd525000-7fa1dd527000 r--p 00000000 103:02 4725865                   /usr/lib/libacl.so.1.2.2400
7fa1dd527000-7fa1dd52d000 r-xp 00002000 103:02 4725865                   /usr/lib/libacl.so.1.2.2400
7fa1dd52d000-7fa1dd52f000 r--p 00008000 103:02 4725865                   /usr/lib/libacl.so.1.2.2400
7fa1dd52f000-7fa1dd530000 r--p 00009000 103:02 4725865                   /usr/lib/libacl.so.1.2.2400
7fa1dd530000-7fa1dd531000 rw-p 0000a000 103:02 4725865                   /usr/lib/libacl.so.1.2.2400
7fa1dd531000-7fa1dd534000 r--p 00000000 103:02 4757522                   /usr/lib/libngtcp2_crypto_ossl.so.0.3.1
7fa1dd534000-7fa1dd53a000 r-xp 00003000 103:02 4757522                   /usr/lib/libngtcp2_crypto_ossl.so.0.3.1
7fa1dd53a000-7fa1dd53c000 r--p 00009000 103:02 4757522                   /usr/lib/libngtcp2_crypto_ossl.so.0.3.1
7fa1dd53c000-7fa1dd53d000 r--p 0000a000 103:02 4757522                   /usr/lib/libngtcp2_crypto_ossl.so.0.3.1
7fa1dd53d000-7fa1dd53e000 rw-p 0000b000 103:02 4757522                   /usr/lib/libngtcp2_crypto_ossl.so.0.3.1
7fa1dd53e000-7fa1dd540000 r--p 00000000 103:02 4763199                   /usr/lib/libunwind.so.8.2.0
7fa1dd540000-7fa1dd54b000 r-xp 00002000 103:02 4763199                   /usr/lib/libunwind.so.8.2.0
7fa1dd54b000-7fa1dd54d000 r--p 0000d000 103:02 4763199                   /usr/lib/libunwind.so.8.2.0
7fa1dd54d000-7fa1dd54e000 r--p 0000e000 103:02 4763199                   /usr/lib/libunwind.so.8.2.0
7fa1dd54e000-7fa1dd54f000 rw-p 0000f000 103:02 4763199                   /usr/lib/libunwind.so.8.2.0
7fa1dd54f000-7fa1dd559000 rw-p 00000000 00:00 0 
7fa1dd559000-7fa1dd56a000 r--p 00000000 103:02 4725963                   /usr/lib/libgmp.so.10.5.0
7fa1dd56a000-7fa1dd5e8000 r-xp 00011000 103:02 4725963                   /usr/lib/libgmp.so.10.5.0
7fa1dd5e8000-7fa1dd5fd000 r--p 0008f000 103:02 4725963                   /usr/lib/libgmp.so.10.5.0
7fa1dd5fd000-7fa1dd5ff000 r--p 000a3000 103:02 4725963                   /usr/lib/libgmp.so.10.5.0
7fa1dd5ff000-7fa1dd600000 rw-p 000a5000 103:02 4725963                   /usr/lib/libgmp.so.10.5.0
7fa1dd600000-7fa1dd603000 r--p 00000000 103:02 4816266                   /usr/lib/libopus.so.0.11.1
7fa1dd603000-7fa1dd678000 r-xp 00003000 103:02 4816266                   /usr/lib/libopus.so.0.11.1
7fa1dd678000-7fa1dd9f4000 r--p 00078000 103:02 4816266                   /usr/lib/libopus.so.0.11.1
7fa1dd9f4000-7fa1dd9f8000 r--p 003f3000 103:02 4816266                   /usr/lib/libopus.so.0.11.1
7fa1dd9f8000-7fa1dd9f9000 rw-p 003f7000 103:02 4816266                   /usr/lib/libopus.so.0.11.1
7fa1dd9f9000-7fa1dd9fa000 r--s 00000000 00:07 1110                       /dev/nvidiactl
7fa1dd9fa000-7fa1dd9fc000 r--p 00000000 103:02 4726081                   /usr/lib/libcom_err.so.2.1
7fa1dd9fc000-7fa1dd9fd000 r-xp 00002000 103:02 4726081                   /usr/lib/libcom_err.so.2.1
7fa1dd9fd000-7fa1dd9fe000 r--p 00003000 103:02 4726081                   /usr/lib/libcom_err.so.2.1
7fa1dd9fe000-7fa1dd9ff000 r--p 00003000 103:02 4726081                   /usr/lib/libcom_err.so.2.1
7fa1dd9ff000-7fa1dda00000 rw-p 00004000 103:02 4726081                   /usr/lib/libcom_err.so.2.1
7fa1dda00000-7fa1dda04000 r--p 00000000 103:02 4755238                   /usr/lib/libjxl.so.0.12.0
7fa1dda04000-7fa1ddd49000 r-xp 00004000 103:02 4755238                   /usr/lib/libjxl.so.0.12.0
7fa1ddd49000-7fa1dddaf000 r--p 00349000 103:02 4755238                   /usr/lib/libjxl.so.0.12.0
7fa1dddaf000-7fa1dddb7000 r--p 003ae000 103:02 4755238                   /usr/lib/libjxl.so.0.12.0
7fa1dddb7000-7fa1dddb8000 rw-p 003b6000 103:02 4755238                   /usr/lib/libjxl.so.0.12.0
7fa1dddb8000-7fa1dde36000 rw-p 00000000 00:00 0 
7fa1dde3b000-7fa1dde3d000 r--p 00000000 103:02 4751858                   /usr/lib/libxcb-shape.so.0.0.0
7fa1dde3d000-7fa1dde3e000 r-xp 00002000 103:02 4751858                   /usr/lib/libxcb-shape.so.0.0.0
7fa1dde3e000-7fa1dde3f000 r--p 00003000 103:02 4751858                   /usr/lib/libxcb-shape.so.0.0.0
7fa1dde3f000-7fa1dde40000 r--p 00003000 103:02 4751858                   /usr/lib/libxcb-shape.so.0.0.0
7fa1dde40000-7fa1dde41000 rw-p 00004000 103:02 4751858                   /usr/lib/libxcb-shape.so.0.0.0
7fa1dde41000-7fa1dde44000 r--p 00000000 103:02 4773735                   /usr/lib/libdvdread.so.8.2.0
7fa1dde44000-7fa1dde62000 r-xp 00003000 103:02 4773735                   /usr/lib/libdvdread.so.8.2.0
7fa1dde62000-7fa1dde6b000 r--p 00021000 103:02 4773735                   /usr/lib/libdvdread.so.8.2.0
7fa1dde6b000-7fa1dde6c000 r--p 0002a000 103:02 4773735                   /usr/lib/libdvdread.so.8.2.0
7fa1dde6c000-7fa1dde6d000 rw-p 0002b000 103:02 4773735                   /usr/lib/libdvdread.so.8.2.0
7fa1dde6d000-7fa1dde6e000 r--p 00000000 103:02 4836934                   /usr/lib/libxvidcore.so.4.3
7fa1dde6e000-7fa1ddef6000 r-xp 00001000 103:02 4836934                   /usr/lib/libxvidcore.so.4.3
7fa1ddef6000-7fa1ddf05000 r--p 00089000 103:02 4836934                   /usr/lib/libxvidcore.so.4.3
7fa1ddf05000-7fa1ddf06000 r--p 00097000 103:02 4836934                   /usr/lib/libxvidcore.so.4.3
7fa1ddf06000-7fa1ddf10000 rw-p 00098000 103:02 4836934                   /usr/lib/libxvidcore.so.4.3
7fa1ddf10000-7fa1ddf79000 rw-p 00000000 00:00 0 
7fa1ddf79000-7fa1ddf7c000 r--p 00000000 103:02 4755359                   /usr/lib/libwebp.so.7.2.0
7fa1ddf7c000-7fa1ddfed000 r-xp 00003000 103:02 4755359                   /usr/lib/libwebp.so.7.2.0
7fa1ddfed000-7fa1ddffd000 r--p 00074000 103:02 4755359                   /usr/lib/libwebp.so.7.2.0
7fa1ddffd000-7fa1ddffe000 r--p 00083000 103:02 4755359                   /usr/lib/libwebp.so.7.2.0
7fa1ddffe000-7fa1ddfff000 rw-p 00084000 103:02 4755359                   /usr/lib/libwebp.so.7.2.0
7fa1ddfff000-7fa1de000000 rw-p 00000000 00:00 0 
7fa1de000000-7fa1de003000 r--p 00000000 103:02 4744981                   /usr/lib/libaom.so.3.14.1
7fa1de003000-7fa1de7a2000 r-xp 00003000 103:02 4744981                   /usr/lib/libaom.so.3.14.1
7fa1de7a2000-7fa1de879000 r--p 007a2000 103:02 4744981                   /usr/lib/libaom.so.3.14.1
7fa1de879000-7fa1de88a000 r--p 00879000 103:02 4744981                   /usr/lib/libaom.so.3.14.1
7fa1de88a000-7fa1de88c000 rw-p 0088a000 103:02 4744981                   /usr/lib/libaom.so.3.14.1
7fa1de88c000-7fa1de8e3000 rw-p 00000000 00:00 0 
7fa1de8e6000-7fa1de8e8000 r--p 00000000 103:02 4768973                   /usr/lib/libavc1394.so.0.3.0
7fa1de8e8000-7fa1de8ea000 r-xp 00002000 103:02 4768973                   /usr/lib/libavc1394.so.0.3.0
7fa1de8ea000-7fa1de8eb000 r--p 00004000 103:02 4768973                   /usr/lib/libavc1394.so.0.3.0
7fa1de8eb000-7fa1de8ec000 r--p 00004000 103:02 4768973                   /usr/lib/libavc1394.so.0.3.0
7fa1de8ec000-7fa1de8ed000 rw-p 00005000 103:02 4768973                   /usr/lib/libavc1394.so.0.3.0
7fa1de8ed000-7fa1de8f2000 r--p 00000000 103:02 4769333                   /usr/lib/libvidstab.so.1.2
7fa1de8f2000-7fa1de8fe000 r-xp 00005000 103:02 4769333                   /usr/lib/libvidstab.so.1.2
7fa1de8fe000-7fa1de902000 r--p 00011000 103:02 4769333                   /usr/lib/libvidstab.so.1.2
7fa1de902000-7fa1de903000 r--p 00014000 103:02 4769333                   /usr/lib/libvidstab.so.1.2
7fa1de903000-7fa1de904000 rw-p 00015000 103:02 4769333                   /usr/lib/libvidstab.so.1.2
7fa1de904000-7fa1de908000 r--p 00000000 103:02 4837269                   /usr/lib/libvpl.so.2.17
7fa1de908000-7fa1de952000 r-xp 00004000 103:02 4837269                   /usr/lib/libvpl.so.2.17
7fa1de952000-7fa1de965000 r--p 0004e000 103:02 4837269                   /usr/lib/libvpl.so.2.17
7fa1de965000-7fa1de967000 r--p 00060000 103:02 4837269                   /usr/lib/libvpl.so.2.17
7fa1de967000-7fa1de968000 rw-p 00062000 103:02 4837269                   /usr/lib/libvpl.so.2.17
7fa1de968000-7fa1de969000 r--p 00000000 103:02 4769018                   /usr/lib/libvorbisenc.so.2.0.12
7fa1de969000-7fa1de96c000 r-xp 00001000 103:02 4769018                   /usr/lib/libvorbisenc.so.2.0.12
7fa1de96c000-7fa1de9e3000 r--p 00004000 103:02 4769018                   /usr/lib/libvorbisenc.so.2.0.12
7fa1de9e3000-7fa1de9ff000 r--p 0007a000 103:02 4769018                   /usr/lib/libvorbisenc.so.2.0.12
7fa1de9ff000-7fa1dea00000 rw-p 00096000 103:02 4769018                   /usr/lib/libvorbisenc.so.2.0.12
7fa1dea00000-7fa1dea09000 r--p 00000000 103:02 4814627                   /usr/lib/librsvg-2.so.2.62.3
7fa1dea09000-7fa1ded0e000 r-xp 00009000 103:02 4814627                   /usr/lib/librsvg-2.so.2.62.3
7fa1ded0e000-7fa1dee1e000 r--p 0030e000 103:02 4814627                   /usr/lib/librsvg-2.so.2.62.3
7fa1dee1e000-7fa1dee8e000 r--p 0041d000 103:02 4814627                   /usr/lib/librsvg-2.so.2.62.3
7fa1dee8e000-7fa1dee8f000 rw-p 0048d000 103:02 4814627                   /usr/lib/librsvg-2.so.2.62.3
7fa1dee8f000-7fa1dee90000 r--p 00000000 103:02 7880804                   /usr/lib/jvm/java-26-openjdk/lib/libsyslookup.so
7fa1dee90000-7fa1dee91000 r-xp 00001000 103:02 7880804                   /usr/lib/jvm/java-26-openjdk/lib/libsyslookup.so
7fa1dee91000-7fa1dee92000 r--p 00002000 103:02 7880804                   /usr/lib/jvm/java-26-openjdk/lib/libsyslookup.so
7fa1dee92000-7fa1dee93000 r--p 00002000 103:02 7880804                   /usr/lib/jvm/java-26-openjdk/lib/libsyslookup.so
7fa1dee93000-7fa1dee94000 rw-p 00003000 103:02 7880804                   /usr/lib/jvm/java-26-openjdk/lib/libsyslookup.so
7fa1dee94000-7fa1dee96000 r--p 00000000 103:02 4835240                   /usr/lib/libglslang-default-resource-limits.so.16.4.0
7fa1dee96000-7fa1dee9a000 r-xp 00002000 103:02 4835240                   /usr/lib/libglslang-default-resource-limits.so.16.4.0
7fa1dee9a000-7fa1dee9c000 r--p 00006000 103:02 4835240                   /usr/lib/libglslang-default-resource-limits.so.16.4.0
7fa1dee9c000-7fa1dee9d000 r--p 00008000 103:02 4835240                   /usr/lib/libglslang-default-resource-limits.so.16.4.0
7fa1dee9d000-7fa1dee9e000 rw-p 00009000 103:02 4835240                   /usr/lib/libglslang-default-resource-limits.so.16.4.0
7fa1dee9e000-7fa1deea1000 r--p 00000000 103:02 4769013                   /usr/lib/libvorbis.so.0.4.9
7fa1deea1000-7fa1deeb9000 r-xp 00003000 103:02 4769013                   /usr/lib/libvorbis.so.0.4.9
7fa1deeb9000-7fa1deeca000 r--p 0001b000 103:02 4769013                   /usr/lib/libvorbis.so.0.4.9
7fa1deeca000-7fa1deecb000 r--p 0002b000 103:02 4769013                   /usr/lib/libvorbis.so.0.4.9
7fa1deecb000-7fa1deecc000 rw-p 0002c000 103:02 4769013                   /usr/lib/libvorbis.so.0.4.9
7fa1deecc000-7fa1deece000 r--p 00000000 103:02 4769303                   /usr/lib/libtheoradec.so.2.1.1
7fa1deece000-7fa1deee0000 r-xp 00002000 103:02 4769303                   /usr/lib/libtheoradec.so.2.1.1
7fa1deee0000-7fa1deee2000 r--p 00014000 103:02 4769303                   /usr/lib/libtheoradec.so.2.1.1
7fa1deee2000-7fa1deee3000 r--p 00015000 103:02 4769303                   /usr/lib/libtheoradec.so.2.1.1
7fa1deee3000-7fa1deee4000 rw-p 00016000 103:02 4769303                   /usr/lib/libtheoradec.so.2.1.1
7fa1deee4000-7fa1deee5000 r--p 00000000 103:02 4816286                   /usr/lib/libtheoraenc.so.2.2.1
7fa1deee5000-7fa1def09000 r-xp 00001000 103:02 4816286                   /usr/lib/libtheoraenc.so.2.2.1
7fa1def09000-7fa1def15000 r--p 00025000 103:02 4816286                   /usr/lib/libtheoraenc.so.2.2.1
7fa1def15000-7fa1def16000 r--p 00030000 103:02 4816286                   /usr/lib/libtheoraenc.so.2.2.1
7fa1def16000-7fa1def17000 rw-p 00031000 103:02 4816286                   /usr/lib/libtheoraenc.so.2.2.1
7fa1def17000-7fa1def19000 r--p 00000000 103:02 4769495                   /usr/lib/libspeex.so.1.5.2
7fa1def19000-7fa1def2c000 r-xp 00002000 103:02 4769495                   /usr/lib/libspeex.so.1.5.2
7fa1def2c000-7fa1def31000 r--p 00015000 103:02 4769495                   /usr/lib/libspeex.so.1.5.2
7fa1def31000-7fa1def32000 r--p 0001a000 103:02 4769495                   /usr/lib/libspeex.so.1.5.2
7fa1def32000-7fa1def33000 rw-p 0001b000 103:02 4769495                   /usr/lib/libspeex.so.1.5.2
7fa1def33000-7fa1def3a000 r--p 00000000 103:02 4755382                   /usr/lib/libopenjp2.so.2.5.4
7fa1def3a000-7fa1def92000 r-xp 00007000 103:02 4755382                   /usr/lib/libopenjp2.so.2.5.4
7fa1def92000-7fa1defa4000 r--p 0005f000 103:02 4755382                   /usr/lib/libopenjp2.so.2.5.4
7fa1defa4000-7fa1defa6000 r--p 00071000 103:02 4755382                   /usr/lib/libopenjp2.so.2.5.4
7fa1defa6000-7fa1defa7000 rw-p 00073000 103:02 4755382                   /usr/lib/libopenjp2.so.2.5.4
7fa1defa7000-7fa1defa8000 r--p 00000000 103:02 4769453                   /usr/lib/libopencore-amrnb.so.0.0.5
7fa1defa8000-7fa1defc5000 r-xp 00001000 103:02 4769453                   /usr/lib/libopencore-amrnb.so.0.0.5
7fa1defc5000-7fa1defcf000 r--p 0001e000 103:02 4769453                   /usr/lib/libopencore-amrnb.so.0.0.5
7fa1defcf000-7fa1defd0000 r--p 00027000 103:02 4769453                   /usr/lib/libopencore-amrnb.so.0.0.5
7fa1defd0000-7fa1defd1000 rw-p 00028000 103:02 4769453                   /usr/lib/libopencore-amrnb.so.0.0.5
7fa1defd1000-7fa1defd6000 r--p 00000000 103:02 4818072                   /usr/lib/libmp3lame.so.0.0.0
7fa1defd6000-7fa1defff000 r-xp 00005000 103:02 4818072                   /usr/lib/libmp3lame.so.0.0.0
7fa1defff000-7fa1df00c000 r--p 0002e000 103:02 4818072                   /usr/lib/libmp3lame.so.0.0.0
7fa1df00c000-7fa1df00d000 r--p 0003b000 103:02 4818072                   /usr/lib/libmp3lame.so.0.0.0
7fa1df00d000-7fa1df00e000 rw-p 0003c000 103:02 4818072                   /usr/lib/libmp3lame.so.0.0.0
7fa1df00e000-7fa1df01f000 rw-p 00000000 00:00 0 
7fa1df01f000-7fa1df021000 r--p 00000000 103:02 4817089                   /usr/lib/libdav1d.so.7.0.0
7fa1df021000-7fa1df19f000 r-xp 00002000 103:02 4817089                   /usr/lib/libdav1d.so.7.0.0
7fa1df19f000-7fa1df1d7000 r--p 00180000 103:02 4817089                   /usr/lib/libdav1d.so.7.0.0
7fa1df1d7000-7fa1df1db000 r--p 001b7000 103:02 4817089                   /usr/lib/libdav1d.so.7.0.0
7fa1df1db000-7fa1df1dc000 rw-p 001bb000 103:02 4817089                   /usr/lib/libdav1d.so.7.0.0
7fa1df1dc000-7fa1df200000 rw-p 00000000 00:00 0 
7fa1df200000-7fa1df202000 r--p 00000000 103:02 4817225                   /usr/lib/libvpx.so.12.0.0
7fa1df202000-7fa1df4f0000 r-xp 00002000 103:02 4817225                   /usr/lib/libvpx.so.12.0.0
7fa1df4f0000-7fa1df525000 r--p 002f0000 103:02 4817225                   /usr/lib/libvpx.so.12.0.0
7fa1df525000-7fa1df528000 r--p 00325000 103:02 4817225                   /usr/lib/libvpx.so.12.0.0
7fa1df528000-7fa1df529000 rw-p 00328000 103:02 4817225                   /usr/lib/libvpx.so.12.0.0
7fa1df529000-7fa1df530000 rw-p 00000000 00:00 0 
7fa1df530000-7fa1df532000 r--p 00000000 103:02 4767530                   /usr/lib/libgsm.so.1.0.22
7fa1df532000-7fa1df53c000 r-xp 00002000 103:02 4767530                   /usr/lib/libgsm.so.1.0.22
7fa1df53c000-7fa1df53d000 r--p 0000c000 103:02 4767530                   /usr/lib/libgsm.so.1.0.22
7fa1df53d000-7fa1df53e000 r--p 0000d000 103:02 4767530                   /usr/lib/libgsm.so.1.0.22
7fa1df53e000-7fa1df53f000 rw-p 0000e000 103:02 4767530                   /usr/lib/libgsm.so.1.0.22
7fa1df53f000-7fa1df542000 r--p 00000000 103:02 4846487                   /usr/lib/libsnappy.so.1.2.2
7fa1df542000-7fa1df549000 r-xp 00003000 103:02 4846487                   /usr/lib/libsnappy.so.1.2.2
7fa1df549000-7fa1df54c000 r--p 0000a000 103:02 4846487                   /usr/lib/libsnappy.so.1.2.2
7fa1df54c000-7fa1df54d000 r--p 0000c000 103:02 4846487                   /usr/lib/libsnappy.so.1.2.2
7fa1df54d000-7fa1df54e000 rw-p 0000d000 103:02 4846487                   /usr/lib/libsnappy.so.1.2.2
7fa1df54e000-7fa1df54f000 r--p 00000000 103:02 4788175                   /usr/lib/libopencore-amrwb.so.0.0.5
7fa1df54f000-7fa1df55b000 r-xp 00001000 103:02 4788175                   /usr/lib/libopencore-amrwb.so.0.0.5
7fa1df55b000-7fa1df562000 r--p 0000d000 103:02 4788175                   /usr/lib/libopencore-amrwb.so.0.0.5
7fa1df562000-7fa1df563000 r--p 00013000 103:02 4788175                   /usr/lib/libopencore-amrwb.so.0.0.5
7fa1df563000-7fa1df564000 rw-p 00014000 103:02 4788175                   /usr/lib/libopencore-amrwb.so.0.0.5
7fa1df564000-7fa1df568000 r--p 00000000 103:02 4733684                   /usr/lib/liblzma.so.5.8.3
7fa1df568000-7fa1df58c000 r-xp 00004000 103:02 4733684                   /usr/lib/liblzma.so.5.8.3
7fa1df58c000-7fa1df597000 r--p 00028000 103:02 4733684                   /usr/lib/liblzma.so.5.8.3
7fa1df597000-7fa1df598000 r--p 00033000 103:02 4733684                   /usr/lib/liblzma.so.5.8.3
7fa1df598000-7fa1df599000 rw-p 00034000 103:02 4733684                   /usr/lib/liblzma.so.5.8.3
7fa1df599000-7fa1df59a000 r--p 00000000 103:02 4763771                   /usr/lib/libunibreak.so.7.0.0
7fa1df59a000-7fa1df59d000 r-xp 00001000 103:02 4763771                   /usr/lib/libunibreak.so.7.0.0
7fa1df59d000-7fa1df5ba000 r--p 00004000 103:02 4763771                   /usr/lib/libunibreak.so.7.0.0
7fa1df5ba000-7fa1df5bb000 r--p 00020000 103:02 4763771                   /usr/lib/libunibreak.so.7.0.0
7fa1df5bb000-7fa1df5bc000 rw-p 00021000 103:02 4763771                   /usr/lib/libunibreak.so.7.0.0
7fa1df5bc000-7fa1df5bf000 r--p 00000000 103:02 4837263                   /usr/lib/libva.so.2.2400.0
7fa1df5bf000-7fa1df5e1000 r-xp 00003000 103:02 4837263                   /usr/lib/libva.so.2.2400.0
7fa1df5e1000-7fa1df5f4000 r--p 00025000 103:02 4837263                   /usr/lib/libva.so.2.2400.0
7fa1df5f4000-7fa1df5f5000 r--p 00038000 103:02 4837263                   /usr/lib/libva.so.2.2400.0
7fa1df5f5000-7fa1df5f6000 rw-p 00039000 103:02 4837263                   /usr/lib/libva.so.2.2400.0
7fa1df5f6000-7fa1df5fd000 r--p 00000000 103:02 4771963                   /usr/lib/libvulkan.so.1.4.357
7fa1df5fd000-7fa1df65c000 r-xp 00007000 103:02 4771963                   /usr/lib/libvulkan.so.1.4.357
7fa1df65c000-7fa1df691000 r--p 00066000 103:02 4771963                   /usr/lib/libvulkan.so.1.4.357
7fa1df691000-7fa1df693000 r--p 0009a000 103:02 4771963                   /usr/lib/libvulkan.so.1.4.357
7fa1df693000-7fa1df694000 rw-p 0009c000 103:02 4771963                   /usr/lib/libvulkan.so.1.4.357
7fa1df694000-7fa1df69a000 r--p 00000000 103:02 4774588                   /usr/lib/libsixel.so.1.0.0
7fa1df69a000-7fa1df6bf000 r-xp 00006000 103:02 4774588                   /usr/lib/libsixel.so.1.0.0
7fa1df6bf000-7fa1df6c8000 r--p 0002b000 103:02 4774588                   /usr/lib/libsixel.so.1.0.0
7fa1df6c8000-7fa1df6df000 r--p 00033000 103:02 4774588                   /usr/lib/libsixel.so.1.0.0
7fa1df6df000-7fa1df6e0000 rw-p 0004a000 103:02 4774588                   /usr/lib/libsixel.so.1.0.0
7fa1df6e0000-7fa1df6e5000 r--p 00000000 103:02 4748352                   /usr/lib/libjpeg.so.8.3.2
7fa1df6e5000-7fa1df75f000 r-xp 00005000 103:02 4748352                   /usr/lib/libjpeg.so.8.3.2
7fa1df75f000-7fa1df786000 r--p 0007f000 103:02 4748352                   /usr/lib/libjpeg.so.8.3.2
7fa1df786000-7fa1df787000 r--p 000a6000 103:02 4748352                   /usr/lib/libjpeg.so.8.3.2
7fa1df787000-7fa1df788000 rw-p 000a7000 103:02 4748352                   /usr/lib/libjpeg.so.8.3.2
7fa1df788000-7fa1df78b000 r--p 00000000 103:02 4767560                   /usr/lib/libdisplay-info.so.0.3.0
7fa1df78b000-7fa1df7a3000 r-xp 00003000 103:02 4767560                   /usr/lib/libdisplay-info.so.0.3.0
7fa1df7a3000-7fa1df7bf000 r--p 0001b000 103:02 4767560                   /usr/lib/libdisplay-info.so.0.3.0
7fa1df7bf000-7fa1df7c0000 r--p 00036000 103:02 4767560                   /usr/lib/libdisplay-info.so.0.3.0
7fa1df7c0000-7fa1df7c1000 rw-p 00037000 103:02 4767560                   /usr/lib/libdisplay-info.so.0.3.0
7fa1df7c1000-7fa1df7c9000 r--p 00000000 103:02 4777398                   /usr/lib/libcaca.so.0.99.20
7fa1df7c9000-7fa1df7e3000 r-xp 00008000 103:02 4777398                   /usr/lib/libcaca.so.0.99.20
7fa1df7e3000-7fa1df88e000 r--p 00022000 103:02 4777398                   /usr/lib/libcaca.so.0.99.20
7fa1df88e000-7fa1df890000 r--p 000cc000 103:02 4777398                   /usr/lib/libcaca.so.0.99.20
7fa1df890000-7fa1df891000 rw-p 000ce000 103:02 4777398                   /usr/lib/libcaca.so.0.99.20
7fa1df891000-7fa1df89d000 r--p 00000000 103:02 4769245                   /usr/lib/libpulse.so.0.24.3
7fa1df89d000-7fa1df8cd000 r-xp 0000c000 103:02 4769245                   /usr/lib/libpulse.so.0.24.3
7fa1df8cd000-7fa1df8de000 r--p 0003c000 103:02 4769245                   /usr/lib/libpulse.so.0.24.3
7fa1df8de000-7fa1df8e0000 r--p 0004c000 103:02 4769245                   /usr/lib/libpulse.so.0.24.3
7fa1df8e0000-7fa1df8e1000 rw-p 0004e000 103:02 4769245                   /usr/lib/libpulse.so.0.24.3
7fa1df8e1000-7fa1df8ee000 r--p 00000000 103:02 4751534                   /usr/lib/libpipewire-0.3.so.0.1608.0
7fa1df8ee000-7fa1df975000 r-xp 0000d000 103:02 4751534                   /usr/lib/libpipewire-0.3.so.0.1608.0
7fa1df975000-7fa1df993000 r--p 00094000 103:02 4751534                   /usr/lib/libpipewire-0.3.so.0.1608.0
7fa1df993000-7fa1df9af000 r--p 000b2000 103:02 4751534                   /usr/lib/libpipewire-0.3.so.0.1608.0
7fa1df9af000-7fa1df9b0000 rw-p 000ce000 103:02 4751534                   /usr/lib/libpipewire-0.3.so.0.1608.0
7fa1df9b0000-7fa1df9b1000 rw-p 00000000 00:00 0 
7fa1df9b1000-7fa1df9b8000 r--p 00000000 103:02 4768939                   /usr/lib/libjack.so.0.1.0
7fa1df9b8000-7fa1df9e6000 r-xp 00007000 103:02 4768939                   /usr/lib/libjack.so.0.1.0
7fa1df9e6000-7fa1df9fc000 r--p 00035000 103:02 4768939                   /usr/lib/libjack.so.0.1.0
7fa1df9fc000-7fa1df9ff000 r--p 0004a000 103:02 4768939                   /usr/lib/libjack.so.0.1.0
7fa1df9ff000-7fa1dfa00000 rw-p 0004d000 103:02 4768939                   /usr/lib/libjack.so.0.1.0
7fa1dfa00000-7fa1dfa03000 r--p 00000000 103:02 4771718                   /usr/lib/libswscale.so.10.1.101
7fa1dfa03000-7fa1dfbdc000 r-xp 00003000 103:02 4771718                   /usr/lib/libswscale.so.10.1.101
7fa1dfbdc000-7fa1dfbfa000 r--p 001dc000 103:02 4771718                   /usr/lib/libswscale.so.10.1.101
7fa1dfbfa000-7fa1dfc0e000 r--p 001f9000 103:02 4771718                   /usr/lib/libswscale.so.10.1.101
7fa1dfc0e000-7fa1dfc0f000 rw-p 0020d000 103:02 4771718                   /usr/lib/libswscale.so.10.1.101
7fa1dfc0f000-7fa1dfc53000 rw-p 00000000 00:00 0 
7fa1dfc57000-7fa1dfc59000 r--p 00000000 103:02 4769073                   /usr/lib/libbs2b.so.0.0.0
7fa1dfc59000-7fa1dfc5c000 r-xp 00002000 103:02 4769073                   /usr/lib/libbs2b.so.0.0.0
7fa1dfc5c000-7fa1dfc5d000 r--p 00005000 103:02 4769073                   /usr/lib/libbs2b.so.0.0.0
7fa1dfc5d000-7fa1dfc5e000 r--p 00005000 103:02 4769073                   /usr/lib/libbs2b.so.0.0.0
7fa1dfc5e000-7fa1dfc5f000 rw-p 00006000 103:02 4769073                   /usr/lib/libbs2b.so.0.0.0
7fa1dfc5f000-7fa1dfc61000 r--p 00000000 103:02 4763355                   /usr/lib/libwebpmux.so.3.1.2
7fa1dfc61000-7fa1dfc68000 r-xp 00002000 103:02 4763355                   /usr/lib/libwebpmux.so.3.1.2
7fa1dfc68000-7fa1dfc69000 r--p 00009000 103:02 4763355                   /usr/lib/libwebpmux.so.3.1.2
7fa1dfc69000-7fa1dfc6a000 r--p 0000a000 103:02 4763355                   /usr/lib/libwebpmux.so.3.1.2
7fa1dfc6a000-7fa1dfc6b000 rw-p 0000b000 103:02 4763355                   /usr/lib/libwebpmux.so.3.1.2
7fa1dfc6b000-7fa1dfc6d000 r--p 00000000 103:02 4816290                   /usr/lib/libva-x11.so.2.2400.0
7fa1dfc6d000-7fa1dfc70000 r-xp 00002000 103:02 4816290                   /usr/lib/libva-x11.so.2.2400.0
7fa1dfc70000-7fa1dfc71000 r--p 00005000 103:02 4816290                   /usr/lib/libva-x11.so.2.2400.0
7fa1dfc71000-7fa1dfc72000 r--p 00005000 103:02 4816290                   /usr/lib/libva-x11.so.2.2400.0
7fa1dfc72000-7fa1dfc73000 rw-p 00006000 103:02 4816290                   /usr/lib/libva-x11.so.2.2400.0
7fa1dfc73000-7fa1dfc95000 r--p 00000000 103:02 4743150                   /usr/lib/libasound.so.2.0.0
7fa1dfc95000-7fa1dfd35000 r-xp 00022000 103:02 4743150                   /usr/lib/libasound.so.2.0.0
7fa1dfd35000-7fa1dfd63000 r--p 000c2000 103:02 4743150                   /usr/lib/libasound.so.2.0.0
7fa1dfd63000-7fa1dfd6b000 r--p 000f0000 103:02 4743150                   /usr/lib/libasound.so.2.0.0
7fa1dfd6b000-7fa1dfd6c000 rw-p 000f8000 103:02 4743150                   /usr/lib/libasound.so.2.0.0
7fa1dfd6c000-7fa1dfd6f000 r--p 00000000 103:02 4769435                   /usr/lib/libzimg.so.2.0.0
7fa1dfd6f000-7fa1dfde9000 r-xp 00003000 103:02 4769435                   /usr/lib/libzimg.so.2.0.0
7fa1dfde9000-7fa1dfdfb000 r--p 0007d000 103:02 4769435                   /usr/lib/libzimg.so.2.0.0
7fa1dfdfb000-7fa1dfdff000 r--p 0008e000 103:02 4769435                   /usr/lib/libzimg.so.2.0.0
7fa1dfdff000-7fa1dfe00000 rw-p 00092000 103:02 4769435                   /usr/lib/libzimg.so.2.0.0
7fa1dfe00000-7fa1dfe0d000 r--p 00000000 103:02 4755479                   /usr/lib/libavutil.so.61.1.101
7fa1dfe0d000-7fa1dfef7000 r-xp 0000d000 103:02 4755479                   /usr/lib/libavutil.so.61.1.101
7fa1dfef7000-7fa1dff21000 r--p 000f7000 103:02 4755479                   /usr/lib/libavutil.so.61.1.101
7fa1dff21000-7fa1dff37000 r--p 00120000 103:02 4755479                   /usr/lib/libavutil.so.61.1.101
7fa1dff37000-7fa1dff38000 rw-p 00136000 103:02 4755479                   /usr/lib/libavutil.so.61.1.101
7fa1dff38000-7fa1e0047000 rw-p 00000000 00:00 0 
7fa1e004b000-7fa1e004d000 r--p 00000000 103:02 4769399                   /usr/lib/libXv.so.1.0.0
7fa1e004d000-7fa1e0050000 r-xp 00002000 103:02 4769399                   /usr/lib/libXv.so.1.0.0
7fa1e0050000-7fa1e0051000 r--p 00005000 103:02 4769399                   /usr/lib/libXv.so.1.0.0
7fa1e0051000-7fa1e0052000 r--p 00005000 103:02 4769399                   /usr/lib/libXv.so.1.0.0
7fa1e0052000-7fa1e0053000 rw-p 00006000 103:02 4769399                   /usr/lib/libXv.so.1.0.0
7fa1e0053000-7fa1e0054000 r--p 00000000 103:02 4768705                   /usr/lib/libuchardet.so.0.0.8
7fa1e0054000-7fa1e005a000 r-xp 00001000 103:02 4768705                   /usr/lib/libuchardet.so.0.0.8
7fa1e005a000-7fa1e007d000 r--p 00007000 103:02 4768705                   /usr/lib/libuchardet.so.0.0.8
7fa1e007d000-7fa1e0080000 r--p 00029000 103:02 4768705                   /usr/lib/libuchardet.so.0.0.8
7fa1e0080000-7fa1e0081000 rw-p 0002c000 103:02 4768705                   /usr/lib/libuchardet.so.0.0.8
7fa1e0081000-7fa1e0086000 r--p 00000000 103:02 4774103                   /usr/lib/libluajit-5.1.so.2.1.1787165859
7fa1e0086000-7fa1e00fd000 r-xp 00005000 103:02 4774103                   /usr/lib/libluajit-5.1.so.2.1.1787165859
7fa1e00fd000-7fa1e0114000 r--p 0007c000 103:02 4774103                   /usr/lib/libluajit-5.1.so.2.1.1787165859
7fa1e0114000-7fa1e0117000 r--p 00093000 103:02 4774103                   /usr/lib/libluajit-5.1.so.2.1.1787165859
7fa1e0117000-7fa1e0118000 rw-p 00096000 103:02 4774103                   /usr/lib/libluajit-5.1.so.2.1.1787165859
7fa1e0118000-7fa1e0127000 r--p 00000000 103:02 4737468                   /usr/lib/libarchive.so.13.8.9
7fa1e0127000-7fa1e01d1000 r-xp 0000f000 103:02 4737468                   /usr/lib/libarchive.so.13.8.9
7fa1e01d1000-7fa1e01fb000 r--p 000b9000 103:02 4737468                   /usr/lib/libarchive.so.13.8.9
7fa1e01fb000-7fa1e01ff000 r--p 000e3000 103:02 4737468                   /usr/lib/libarchive.so.13.8.9
7fa1e01ff000-7fa1e0200000 rw-p 000e7000 103:02 4737468                   /usr/lib/libarchive.so.13.8.9
7fa1e0200000-7fa1e0212000 r--p 00000000 103:02 4754446                   /usr/lib/libavformat.so.63.1.101
7fa1e0212000-7fa1e045e000 r-xp 00012000 103:02 4754446                   /usr/lib/libavformat.so.63.1.101
7fa1e045e000-7fa1e04eb000 r--p 0025e000 103:02 4754446                   /usr/lib/libavformat.so.63.1.101
7fa1e04eb000-7fa1e0525000 r--p 002ea000 103:02 4754446                   /usr/lib/libavformat.so.63.1.101
7fa1e0525000-7fa1e0526000 rw-p 00324000 103:02 4754446                   /usr/lib/libavformat.so.63.1.101
7fa1e052a000-7fa1e053a000 r--p 00000000 103:02 4745057                   /usr/lib/librubberband.so.3.0.0
7fa1e053a000-7fa1e0580000 r-xp 00010000 103:02 4745057                   /usr/lib/librubberband.so.3.0.0
7fa1e0580000-7fa1e0591000 r--p 00056000 103:02 4745057                   /usr/lib/librubberband.so.3.0.0
7fa1e0591000-7fa1e0593000 r--p 00066000 103:02 4745057                   /usr/lib/librubberband.so.3.0.0
7fa1e0593000-7fa1e0594000 rw-p 00068000 103:02 4745057                   /usr/lib/librubberband.so.3.0.0
7fa1e0594000-7fa1e059d000 r--p 00000000 103:02 4771955                   /usr/lib/liblcms2.so.2.0.19
7fa1e059d000-7fa1e05e4000 r-xp 00009000 103:02 4771955                   /usr/lib/liblcms2.so.2.0.19
7fa1e05e4000-7fa1e05f9000 r--p 00050000 103:02 4771955                   /usr/lib/liblcms2.so.2.0.19
7fa1e05f9000-7fa1e05fc000 r--p 00064000 103:02 4771955                   /usr/lib/liblcms2.so.2.0.19
7fa1e05fc000-7fa1e05ff000 rw-p 00067000 103:02 4771955                   /usr/lib/liblcms2.so.2.0.19
7fa1e05ff000-7fa1e0600000 rw-p 00000000 00:00 0 
7fa1e0600000-7fa1e0614000 r--p 00000000 103:02 4750361                   /usr/lib/libavfilter.so.12.1.101
7fa1e0614000-7fa1e0b0f000 r-xp 00014000 103:02 4750361                   /usr/lib/libavfilter.so.12.1.101
7fa1e0b0f000-7fa1e0bff000 r--p 0050f000 103:02 4750361                   /usr/lib/libavfilter.so.12.1.101
7fa1e0bff000-7fa1e0c9a000 r--p 005ff000 103:02 4750361                   /usr/lib/libavfilter.so.12.1.101
7fa1e0c9a000-7fa1e0c9b000 rw-p 0069a000 103:02 4750361                   /usr/lib/libavfilter.so.12.1.101
7fa1e0c9b000-7fa1e0c9f000 rw-p 00000000 00:00 0 
7fa1e0c9f000-7fa1e0ca0000 r--p 00000000 103:02 4768976                   /usr/lib/librom1394.so.0.3.0
7fa1e0ca0000-7fa1e0ca2000 r-xp 00001000 103:02 4768976                   /usr/lib/librom1394.so.0.3.0
7fa1e0ca2000-7fa1e0ca3000 r--p 00003000 103:02 4768976                   /usr/lib/librom1394.so.0.3.0
7fa1e0ca3000-7fa1e0ca4000 r--p 00003000 103:02 4768976                   /usr/lib/librom1394.so.0.3.0
7fa1e0ca4000-7fa1e0ca5000 rw-p 00004000 103:02 4768976                   /usr/lib/librom1394.so.0.3.0
7fa1e0ca5000-7fa1e0cab000 r--p 00000000 103:02 4774597                   /usr/lib/libmujs.so
7fa1e0cab000-7fa1e0ce9000 r-xp 00006000 103:02 4774597                   /usr/lib/libmujs.so
7fa1e0ce9000-7fa1e0cfa000 r--p 00044000 103:02 4774597                   /usr/lib/libmujs.so
7fa1e0cfa000-7fa1e0cfc000 r--p 00055000 103:02 4774597                   /usr/lib/libmujs.so
7fa1e0cfc000-7fa1e0cfd000 rw-p 00057000 103:02 4774597                   /usr/lib/libmujs.so
7fa1e0cfd000-7fa1e0d0a000 r--p 00000000 103:02 4738083                   /usr/lib/libcurl.so.4.8.0
7fa1e0d0a000-7fa1e0dcb000 r-xp 0000d000 103:02 4738083                   /usr/lib/libcurl.so.4.8.0
7fa1e0dcb000-7fa1e0df7000 r--p 000ce000 103:02 4738083                   /usr/lib/libcurl.so.4.8.0
7fa1e0df7000-7fa1e0dfe000 r--p 000f9000 103:02 4738083                   /usr/lib/libcurl.so.4.8.0
7fa1e0dfe000-7fa1e0dff000 rw-p 00100000 103:02 4738083                   /usr/lib/libcurl.so.4.8.0
7fa1e0dff000-7fa1e0e00000 rw-p 00000000 00:00 0 
7fa1e0e00000-7fa1e0e15000 r--p 00000000 103:02 4750331                   /usr/lib/libavcodec.so.63.1.101
7fa1e0e15000-7fa1e1dae000 r-xp 00015000 103:02 4750331                   /usr/lib/libavcodec.so.63.1.101
7fa1e1dae000-7fa1e2167000 r--p 00fae000 103:02 4750331                   /usr/lib/libavcodec.so.63.1.101
7fa1e2167000-7fa1e21ed000 r--p 01367000 103:02 4750331                   /usr/lib/libavcodec.so.63.1.101
7fa1e21ed000-7fa1e21ef000 rw-p 013ed000 103:02 4750331                   /usr/lib/libavcodec.so.63.1.101
7fa1e21ef000-7fa1e2893000 rw-p 00000000 00:00 0 
7fa1e2893000-7fa1e2894000 r--p 00000000 103:02 4837255                   /usr/lib/libjxl_threads.so.0.12.0
7fa1e2894000-7fa1e2896000 r-xp 00001000 103:02 4837255                   /usr/lib/libjxl_threads.so.0.12.0
7fa1e2896000-7fa1e2897000 r--p 00003000 103:02 4837255                   /usr/lib/libjxl_threads.so.0.12.0
7fa1e2897000-7fa1e2898000 r--p 00003000 103:02 4837255                   /usr/lib/libjxl_threads.so.0.12.0
7fa1e2898000-7fa1e2899000 rw-p 00004000 103:02 4837255                   /usr/lib/libjxl_threads.so.0.12.0
7fa1e2899000-7fa1e289c000 r--p 00000000 103:02 4812074                   /usr/lib/libbluray.so.3.1.0
7fa1e289c000-7fa1e28cf000 r-xp 00003000 103:02 4812074                   /usr/lib/libbluray.so.3.1.0
7fa1e28cf000-7fa1e28df000 r--p 00036000 103:02 4812074                   /usr/lib/libbluray.so.3.1.0
7fa1e28df000-7fa1e28e1000 r--p 00045000 103:02 4812074                   /usr/lib/libbluray.so.3.1.0
7fa1e28e1000-7fa1e28e2000 rw-p 00047000 103:02 4812074                   /usr/lib/libbluray.so.3.1.0
7fa1e28e2000-7fa1e28f1000 r--p 00000000 103:02 4781957                   /usr/lib/libplacebo.so.360
7fa1e28f1000-7fa1e29a1000 r-xp 0000f000 103:02 4781957                   /usr/lib/libplacebo.so.360
7fa1e29a1000-7fa1e29e5000 r--p 000bf000 103:02 4781957                   /usr/lib/libplacebo.so.360
7fa1e29e5000-7fa1e29fa000 r--p 00103000 103:02 4781957                   /usr/lib/libplacebo.so.360
7fa1e29fa000-7fa1e2a00000 rw-p 00118000 103:02 4781957                   /usr/lib/libplacebo.so.360
7fa1e2a00000-7fa1e2a53000 r--p 00000000 103:02 6835745                   /home/annihilator/dev/mpv/build/libmpv.so.2.5.0
7fa1e2a53000-7fa1e2c76000 r-xp 00053000 103:02 6835745                   /home/annihilator/dev/mpv/build/libmpv.so.2.5.0
7fa1e2c76000-7fa1e2d9f000 r--p 00276000 103:02 6835745                   /home/annihilator/dev/mpv/build/libmpv.so.2.5.0
7fa1e2d9f000-7fa1e2deb000 r--p 0039f000 103:02 6835745                   /home/annihilator/dev/mpv/build/libmpv.so.2.5.0
7fa1e2deb000-7fa1e2df0000 rw-p 003eb000 103:02 6835745                   /home/annihilator/dev/mpv/build/libmpv.so.2.5.0
7fa1e2df0000-7fa1e2df1000 rw-p 00000000 00:00 0 
7fa1e2df1000-7fa1e2df3000 r--p 00000000 103:02 4799670                   /usr/lib/libva-wayland.so.2.2400.0
7fa1e2df3000-7fa1e2df5000 r-xp 00002000 103:02 4799670                   /usr/lib/libva-wayland.so.2.2400.0
7fa1e2df5000-7fa1e2df6000 r--p 00004000 103:02 4799670                   /usr/lib/libva-wayland.so.2.2400.0
7fa1e2df6000-7fa1e2df7000 r--p 00005000 103:02 4799670                   /usr/lib/libva-wayland.so.2.2400.0
7fa1e2df7000-7fa1e2df8000 rw-p 00006000 103:02 4799670                   /usr/lib/libva-wayland.so.2.2400.0
7fa1e2df8000-7fa1e2df9000 rw-p 00000000 00:00 0 
7fa1e2df9000-7fa1e2dfd000 ---p 00000000 00:00 0 
7fa1e2dfd000-7fa1e32fe000 rw-p 00000000 00:00 0 
7fa1e32fe000-7fa1e3302000 ---p 00000000 00:00 0 
7fa1e3302000-7fa1e33ff000 rw-p 00000000 00:00 0 
7fa1e33ff000-7fa1e3403000 ---p 00000000 00:00 0 
7fa1e3403000-7fa1e34ff000 rw-p 00000000 00:00 0 
7fa1e34ff000-7fa1e3500000 rw-p 00000000 00:00 0 
7fa1e3500000-7fa1e3504000 ---p 00000000 00:00 0 
7fa1e3504000-7fa1e3600000 rw-p 00000000 00:00 0 
7fa1e3600000-7fa1e3850000 r-xp 00000000 103:02 4831579                   /usr/lib/libnvidia-glcore.so.610.57.04
7fa1e3850000-7fa1e3871000 rwxp 00250000 103:02 4831579                   /usr/lib/libnvidia-glcore.so.610.57.04
7fa1e3871000-7fa1e3a00000 r-xp 00271000 103:02 4831579                   /usr/lib/libnvidia-glcore.so.610.57.04
7fa1e3a00000-7fa1e4600000 r-xp 00400000 103:02 4831579                   /usr/lib/libnvidia-glcore.so.610.57.04
7fa1e4600000-7fa1e5bf9000 r-xp 01000000 103:02 4831579                   /usr/lib/libnvidia-glcore.so.610.57.04
7fa1e5bf9000-7fa1e5bfa000 ---p 025f9000 103:02 4831579                   /usr/lib/libnvidia-glcore.so.610.57.04
7fa1e5bfa000-7fa1e5d72000 r--p 025f9000 103:02 4831579                   /usr/lib/libnvidia-glcore.so.610.57.04
7fa1e5d72000-7fa1e5dd5000 rw-p 02771000 103:02 4831579                   /usr/lib/libnvidia-glcore.so.610.57.04
7fa1e5dd5000-7fa1e5df5000 rw-p 00000000 00:00 0 
7fa1e5df5000-7fa1e5df6000 r--p 00000000 103:02 4843256                   /usr/lib/libvdpau.so.1.0.0
7fa1e5df6000-7fa1e5df7000 r-xp 00001000 103:02 4843256                   /usr/lib/libvdpau.so.1.0.0
7fa1e5df7000-7fa1e5df8000 r--p 00002000 103:02 4843256                   /usr/lib/libvdpau.so.1.0.0
7fa1e5df8000-7fa1e5df9000 r--p 00002000 103:02 4843256                   /usr/lib/libvdpau.so.1.0.0
7fa1e5df9000-7fa1e5dfa000 rw-p 00003000 103:02 4843256                   /usr/lib/libvdpau.so.1.0.0
7fa1e5dfa000-7fa1e5dfc000 r--p 00000000 103:02 4757852                   /usr/lib/libXrandr.so.2.2.0
7fa1e5dfc000-7fa1e5e03000 r-xp 00002000 103:02 4757852                   /usr/lib/libXrandr.so.2.2.0
7fa1e5e03000-7fa1e5e05000 r--p 00009000 103:02 4757852                   /usr/lib/libXrandr.so.2.2.0
7fa1e5e05000-7fa1e5e06000 r--p 0000a000 103:02 4757852                   /usr/lib/libXrandr.so.2.2.0
7fa1e5e06000-7fa1e5e07000 rw-p 0000b000 103:02 4757852                   /usr/lib/libXrandr.so.2.2.0
7fa1e5e07000-7fa1e5e0a000 r--p 00000000 103:02 4777462                   /usr/lib/libsndio.so.7.3
7fa1e5e0a000-7fa1e5e13000 r-xp 00003000 103:02 4777462                   /usr/lib/libsndio.so.7.3
7fa1e5e13000-7fa1e5e16000 r--p 0000c000 103:02 4777462                   /usr/lib/libsndio.so.7.3
7fa1e5e16000-7fa1e5e17000 r--p 0000f000 103:02 4777462                   /usr/lib/libsndio.so.7.3
7fa1e5e17000-7fa1e5e18000 rw-p 00010000 103:02 4777462                   /usr/lib/libsndio.so.7.3
7fa1e5e18000-7fa1e5e1a000 rw-p 00000000 00:00 0 
7fa1e5e1a000-7fa1e5e22000 r--p 00000000 103:02 4750339                   /usr/lib/libavdevice.so.63.1.101
7fa1e5e22000-7fa1e5e32000 r-xp 00008000 103:02 4750339                   /usr/lib/libavdevice.so.63.1.101
7fa1e5e32000-7fa1e5e38000 r--p 00018000 103:02 4750339                   /usr/lib/libavdevice.so.63.1.101
7fa1e5e38000-7fa1e5e3c000 r--p 0001e000 103:02 4750339                   /usr/lib/libavdevice.so.63.1.101
7fa1e5e3c000-7fa1e5e3d000 rw-p 00022000 103:02 4750339                   /usr/lib/libavdevice.so.63.1.101
7fa1e5e3d000-7fa1e5e43000 r--p 00000000 103:02 4773161                   /usr/lib/libcdio.so.19.1.0
7fa1e5e43000-7fa1e5e57000 r-xp 00006000 103:02 4773161                   /usr/lib/libcdio.so.19.1.0
7fa1e5e57000-7fa1e5e60000 r--p 0001a000 103:02 4773161                   /usr/lib/libcdio.so.19.1.0
7fa1e5e60000-7fa1e5e62000 r--p 00022000 103:02 4773161                   /usr/lib/libcdio.so.19.1.0
7fa1e5e62000-7fa1e5e63000 rw-p 00024000 103:02 4773161                   /usr/lib/libcdio.so.19.1.0
7fa1e5e63000-7fa1e5e66000 rw-p 00000000 00:00 0 
7fa1e5e66000-7fa1e5e68000 r--p 00000000 103:02 4769654                   /usr/lib/libswresample.so.7.1.101
7fa1e5e68000-7fa1e5e8b000 r-xp 00002000 103:02 4769654                   /usr/lib/libswresample.so.7.1.101
7fa1e5e8b000-7fa1e5e90000 r--p 00025000 103:02 4769654                   /usr/lib/libswresample.so.7.1.101
7fa1e5e90000-7fa1e5e92000 r--p 0002a000 103:02 4769654                   /usr/lib/libswresample.so.7.1.101
7fa1e5e92000-7fa1e5e93000 rw-p 0002c000 103:02 4769654                   /usr/lib/libswresample.so.7.1.101
7fa1e5e93000-7fa1e5e97000 r--p 00000000 103:02 4816269                   /usr/lib/libass.so.9.4.2
7fa1e5e97000-7fa1e5ecb000 r-xp 00004000 103:02 4816269                   /usr/lib/libass.so.9.4.2
7fa1e5ecb000-7fa1e5ed3000 r--p 00038000 103:02 4816269                   /usr/lib/libass.so.9.4.2
7fa1e5ed3000-7fa1e5ed4000 r--p 0003f000 103:02 4816269                   /usr/lib/libass.so.9.4.2
7fa1e5ed4000-7fa1e5ed5000 rw-p 00040000 103:02 4816269                   /usr/lib/libass.so.9.4.2
7fa1e5ed5000-7fa1e5f26000 r--p 00000000 103:02 4826231                   /usr/lib/libGLX_nvidia.so.610.57.04
7fa1e5f26000-7fa1e5f83000 r-xp 00051000 103:02 4826231                   /usr/lib/libGLX_nvidia.so.610.57.04
7fa1e5f83000-7fa1e5fb8000 rwxp 000ae000 103:02 4826231                   /usr/lib/libGLX_nvidia.so.610.57.04
7fa1e5fb8000-7fa1e5fb9000 r-xp 000e3000 103:02 4826231                   /usr/lib/libGLX_nvidia.so.610.57.04
7fa1e5fb9000-7fa1e5fd9000 r--p 000e4000 103:02 4826231                   /usr/lib/libGLX_nvidia.so.610.57.04
7fa1e5fd9000-7fa1e5ff9000 r--p 00103000 103:02 4826231                   /usr/lib/libGLX_nvidia.so.610.57.04
7fa1e5ff9000-7fa1e5ffe000 rw-p 00123000 103:02 4826231                   /usr/lib/libGLX_nvidia.so.610.57.04
7fa1e5ffe000-7fa1e6000000 rw-p 00000000 00:00 0 
7fa1e6000000-7fa1e791a000 r-xp 00000000 103:02 6306886                   /home/annihilator/.skiko/skiko-linux-x64-434f7633c843870c0839a1137b128f6c3db3c5d58dcad3545e90827e3e341afb/libskiko-linux-x64.so
7fa1e791a000-7fa1e7952000 r--p 01919000 103:02 6306886                   /home/annihilator/.skiko/skiko-linux-x64-434f7633c843870c0839a1137b128f6c3db3c5d58dcad3545e90827e3e341afb/libskiko-linux-x64.so
7fa1e7952000-7fa1e7955000 rw-p 01951000 103:02 6306886                   /home/annihilator/.skiko/skiko-linux-x64-434f7633c843870c0839a1137b128f6c3db3c5d58dcad3545e90827e3e341afb/libskiko-linux-x64.so
7fa1e7955000-7fa1e795e000 rw-p 00000000 00:00 0 
7fa1e795e000-7fa1e795f000 r--p 00000000 103:02 4754963                   /usr/lib/libva-drm.so.2.2400.0
7fa1e795f000-7fa1e7960000 r-xp 00001000 103:02 4754963                   /usr/lib/libva-drm.so.2.2400.0
7fa1e7960000-7fa1e7961000 r--p 00002000 103:02 4754963                   /usr/lib/libva-drm.so.2.2400.0
7fa1e7961000-7fa1e7962000 r--p 00002000 103:02 4754963                   /usr/lib/libva-drm.so.2.2400.0
7fa1e7962000-7fa1e7963000 rw-p 00003000 103:02 4754963                   /usr/lib/libva-drm.so.2.2400.0
7fa1e7963000-7fa1e7964000 r--p 00000000 103:02 4775248                   /usr/lib/libXpresent.so.1.0.0
7fa1e7964000-7fa1e7965000 r-xp 00001000 103:02 4775248                   /usr/lib/libXpresent.so.1.0.0
7fa1e7965000-7fa1e7966000 r--p 00002000 103:02 4775248                   /usr/lib/libXpresent.so.1.0.0
7fa1e7966000-7fa1e7967000 r--p 00002000 103:02 4775248                   /usr/lib/libXpresent.so.1.0.0
7fa1e7967000-7fa1e7968000 rw-p 00003000 103:02 4775248                   /usr/lib/libXpresent.so.1.0.0
7fa1e7968000-7fa1e796b000 r--p 00000000 103:02 4775212                   /usr/lib/libdvdnav.so.4.4.0
7fa1e796b000-7fa1e797a000 r-xp 00003000 103:02 4775212                   /usr/lib/libdvdnav.so.4.4.0
7fa1e797a000-7fa1e797e000 r--p 00012000 103:02 4775212                   /usr/lib/libdvdnav.so.4.4.0
7fa1e797e000-7fa1e797f000 r--p 00015000 103:02 4775212                   /usr/lib/libdvdnav.so.4.4.0
7fa1e797f000-7fa1e7980000 rw-p 00016000 103:02 4775212                   /usr/lib/libdvdnav.so.4.4.0
7fa1e7980000-7fa1e7982000 r--p 00000000 103:02 4750371                   /usr/lib/libGLX.so.0.0.0
7fa1e7982000-7fa1e799c000 r-xp 00002000 103:02 4750371                   /usr/lib/libGLX.so.0.0.0
7fa1e799c000-7fa1e799f000 r--p 0001c000 103:02 4750371                   /usr/lib/libGLX.so.0.0.0
7fa1e799f000-7fa1e79a0000 r--p 0001f000 103:02 4750371                   /usr/lib/libGLX.so.0.0.0
7fa1e79a0000-7fa1e79a1000 rw-p 00020000 103:02 4750371                   /usr/lib/libGLX.so.0.0.0
7fa1e79a1000-7fa1e79b1000 rw-p 00000000 00:00 0 
7fa1e79b1000-7fa1e79e0000 r--p 00000000 103:02 4750360                   /usr/lib/libGL.so.1.7.0
7fa1e79e0000-7fa1e79ff000 r-xp 0002f000 103:02 4750360                   /usr/lib/libGL.so.1.7.0
7fa1e79ff000-7fa1e7a13000 r--p 0004e000 103:02 4750360                   /usr/lib/libGL.so.1.7.0
7fa1e7a13000-7fa1e7a21000 r--p 00062000 103:02 4750360                   /usr/lib/libGL.so.1.7.0
7fa1e7a21000-7fa1e7a22000 rw-p 00070000 103:02 4750360                   /usr/lib/libGL.so.1.7.0
7fa1e7a22000-7fa1e7a23000 rw-p 00000000 00:00 0 
7fa1e7a23000-7fa1e7a24000 rw-p 00000000 00:00 0 
7fa1e7a24000-7fa1e7a28000 ---p 00000000 00:00 0 
7fa1e7a28000-7fa1e7b24000 rw-p 00000000 00:00 0 
7fa1e7b9b000-7fa1e7b9c000 rw-p 00000000 00:00 0 
7fa1e7b9c000-7fa1e7ba0000 ---p 00000000 00:00 0 
7fa1e7ba0000-7fa1e7c9c000 rw-p 00000000 00:00 0 
7fa1e7ca0000-7fa1e7ca1000 rw-s 00000000 00:07 1110                       /dev/nvidiactl
7fa1e7d22000-7fa1e7d23000 rw-s 00000000 00:07 1110                       /dev/nvidiactl
7fa1e7d26000-7fa1e7d59000 r--p 00000000 00:2f 28159                      /tmp/lwjgl_annihilator/3.3.6+1/x64/liblwjgl_opengl.so
7fa1e7d59000-7fa1e7d6d000 r-xp 00033000 00:2f 28159                      /tmp/lwjgl_annihilator/3.3.6+1/x64/liblwjgl_opengl.so
7fa1e7d6d000-7fa1e7d7d000 r--p 00047000 00:2f 28159                      /tmp/lwjgl_annihilator/3.3.6+1/x64/liblwjgl_opengl.so
7fa1e7d7d000-7fa1e7d7e000 r--p 00056000 00:2f 28159                      /tmp/lwjgl_annihilator/3.3.6+1/x64/liblwjgl_opengl.so
7fa1e7d7e000-7fa1e7d7f000 rw-p 00057000 00:2f 28159                      /tmp/lwjgl_annihilator/3.3.6+1/x64/liblwjgl_opengl.so
7fa1e7d7f000-7fa1e7de4000 r--p 00000000 103:02 5014472                   /usr/share/fonts/liberation/LiberationSans-Regular.ttf
7fa1e7de4000-7fa1e7e7f000 r--p 00000000 103:02 5641617                   /usr/share/fonts/noto/NotoSans-Bold.ttf
7fa1e7e7f000-7fa1e7ebf000 rw-s 00000000 00:07 1110                       /dev/nvidiactl
7fa1e7ebf000-7fa1e7f5a000 r--p 00000000 103:02 5641617                   /usr/share/fonts/noto/NotoSans-Bold.ttf
7fa1e7f5a000-7fa1e7ff5000 r--p 00000000 103:02 5641617                   /usr/share/fonts/noto/NotoSans-Bold.ttf
7fa1e7ff5000-7fa1e810f000 r--s 00000000 103:02 3835361                   /var/cache/fontconfig/923e285e415b1073c8df160bee08820f-le64.cache-12
7fa1e810f000-7fa1e8200000 r--s 00000000 103:02 3835673                   /var/cache/fontconfig/f6b893a7224233d96cb72fd88691c0b4-le64.cache-12
7fa1e8200000-7fa1e8201000 rw-s 00000000 00:07 1110                       /dev/nvidiactl
7fa1e8201000-7fa1e8202000 r--p 00000000 103:02 4754785                   /usr/lib/libXss.so.1.0.0
7fa1e8202000-7fa1e8203000 r-xp 00001000 103:02 4754785                   /usr/lib/libXss.so.1.0.0
7fa1e8203000-7fa1e8204000 r--p 00002000 103:02 4754785                   /usr/lib/libXss.so.1.0.0
7fa1e8204000-7fa1e8205000 r--p 00002000 103:02 4754785                   /usr/lib/libXss.so.1.0.0
7fa1e8205000-7fa1e8206000 rw-p 00003000 103:02 4754785                   /usr/lib/libXss.so.1.0.0
7fa1e8206000-7fa1e8208000 r--p 00000000 103:02 4773185                   /usr/lib/libcdio_cdda.so.2.0.0
7fa1e8208000-7fa1e820c000 r-xp 00002000 103:02 4773185                   /usr/lib/libcdio_cdda.so.2.0.0
7fa1e820c000-7fa1e820e000 r--p 00006000 103:02 4773185                   /usr/lib/libcdio_cdda.so.2.0.0
7fa1e820e000-7fa1e820f000 r--p 00007000 103:02 4773185                   /usr/lib/libcdio_cdda.so.2.0.0
7fa1e820f000-7fa1e8210000 rw-p 00008000 103:02 4773185                   /usr/lib/libcdio_cdda.so.2.0.0
7fa1e8210000-7fa1e8211000 r--p 00000000 103:02 4773188                   /usr/lib/libcdio_paranoia.so.2.0.0
7fa1e8211000-7fa1e8216000 r-xp 00001000 103:02 4773188                   /usr/lib/libcdio_paranoia.so.2.0.0
7fa1e8216000-7fa1e8217000 r--p 00006000 103:02 4773188                   /usr/lib/libcdio_paranoia.so.2.0.0
7fa1e8217000-7fa1e8218000 r--p 00006000 103:02 4773188                   /usr/lib/libcdio_paranoia.so.2.0.0
7fa1e8218000-7fa1e8219000 rw-p 00007000 103:02 4773188                   /usr/lib/libcdio_paranoia.so.2.0.0
7fa1e8219000-7fa1e821a000 r--p 00000000 103:02 4834742                   /usr/lib/libnvidia-tls.so.610.57.04
7fa1e821a000-7fa1e821c000 r-xp 00001000 103:02 4834742                   /usr/lib/libnvidia-tls.so.610.57.04
7fa1e821c000-7fa1e821d000 r--p 00003000 103:02 4834742                   /usr/lib/libnvidia-tls.so.610.57.04
7fa1e821d000-7fa1e821e000 r--p 00003000 103:02 4834742                   /usr/lib/libnvidia-tls.so.610.57.04
7fa1e821e000-7fa1e821f000 rw-p 00004000 103:02 4834742                   /usr/lib/libnvidia-tls.so.610.57.04
7fa1e821f000-7fa1e8232000 rw-s 00000000 00:07 1110                       /dev/nvidiactl
7fa1e8232000-7fa1e8252000 rw-s 00000000 00:07 1110                       /dev/nvidiactl
7fa1e8252000-7fa1e8292000 rw-s 00000000 00:07 1110                       /dev/nvidiactl
7fa1e8292000-7fa1e82b2000 rw-s 00000000 00:07 1110                       /dev/nvidiactl
7fa1e82b2000-7fa1e82f2000 rw-s 00000000 00:07 1110                       /dev/nvidiactl
7fa1e82f3000-7fa1e8308000 r--p 00000000 103:02 5509699                   /usr/share/fonts/gsfonts/NimbusSans-Bold.otf
7fa1e8308000-7fa1e8309000 r--p 00000000 103:02 7880798                   /usr/lib/jvm/java-26-openjdk/lib/libprefs.so
7fa1e8309000-7fa1e830a000 r-xp 00001000 103:02 7880798                   /usr/lib/jvm/java-26-openjdk/lib/libprefs.so
7fa1e830a000-7fa1e830b000 r--p 00002000 103:02 7880798                   /usr/lib/jvm/java-26-openjdk/lib/libprefs.so
7fa1e830b000-7fa1e830c000 r--p 00002000 103:02 7880798                   /usr/lib/jvm/java-26-openjdk/lib/libprefs.so
7fa1e830c000-7fa1e830d000 rw-p 00003000 103:02 7880798                   /usr/lib/jvm/java-26-openjdk/lib/libprefs.so
7fa1e830d000-7fa1e830e000 r--p 00000000 103:02 7880775                   /usr/lib/jvm/java-26-openjdk/lib/libextnet.so
7fa1e830e000-7fa1e830f000 r-xp 00001000 103:02 7880775                   /usr/lib/jvm/java-26-openjdk/lib/libextnet.so
7fa1e830f000-7fa1e8310000 r--p 00002000 103:02 7880775                   /usr/lib/jvm/java-26-openjdk/lib/libextnet.so
7fa1e8310000-7fa1e8311000 r--p 00002000 103:02 7880775                   /usr/lib/jvm/java-26-openjdk/lib/libextnet.so
7fa1e8311000-7fa1e8312000 rw-p 00003000 103:02 7880775                   /usr/lib/jvm/java-26-openjdk/lib/libextnet.so
7fa1e8312000-7fa1e8313000 rw-p 00000000 00:00 0 
7fa1e8313000-7fa1e8317000 ---p 00000000 00:00 0 
7fa1e8317000-7fa1e8414000 rw-p 00000000 00:00 0 
7fa1e8414000-7fa1e8418000 ---p 00000000 00:00 0 
7fa1e8418000-7fa1e8514000 rw-p 00000000 00:00 0 
7fa1e8514000-7fa1e8516000 r--p 00000000 103:02 4815623                   /usr/lib/libXfixes.so.3.1.0
7fa1e8516000-7fa1e8519000 r-xp 00002000 103:02 4815623                   /usr/lib/libXfixes.so.3.1.0
7fa1e8519000-7fa1e851a000 r--p 00005000 103:02 4815623                   /usr/lib/libXfixes.so.3.1.0
7fa1e851a000-7fa1e851b000 r--p 00005000 103:02 4815623                   /usr/lib/libXfixes.so.3.1.0
7fa1e851b000-7fa1e851c000 rw-p 00006000 103:02 4815623                   /usr/lib/libXfixes.so.3.1.0
7fa1e851c000-7fa1e851f000 r--p 00000000 103:02 4763482                   /usr/lib/libXcursor.so.1.0.2
7fa1e851f000-7fa1e8525000 r-xp 00003000 103:02 4763482                   /usr/lib/libXcursor.so.1.0.2
7fa1e8525000-7fa1e8527000 r--p 00009000 103:02 4763482                   /usr/lib/libXcursor.so.1.0.2
7fa1e8527000-7fa1e8528000 r--p 0000a000 103:02 4763482                   /usr/lib/libXcursor.so.1.0.2
7fa1e8528000-7fa1e8529000 rw-p 0000b000 103:02 4763482                   /usr/lib/libXcursor.so.1.0.2
7fa1e8529000-7fa1e852d000 r--p 00000000 103:02 7880776                   /usr/lib/jvm/java-26-openjdk/lib/libfontmanager.so
7fa1e852d000-7fa1e8536000 r-xp 00004000 103:02 7880776                   /usr/lib/jvm/java-26-openjdk/lib/libfontmanager.so
7fa1e8536000-7fa1e8538000 r--p 0000d000 103:02 7880776                   /usr/lib/jvm/java-26-openjdk/lib/libfontmanager.so
7fa1e8538000-7fa1e8539000 r--p 0000e000 103:02 7880776                   /usr/lib/jvm/java-26-openjdk/lib/libfontmanager.so
7fa1e8539000-7fa1e853a000 rw-p 0000f000 103:02 7880776                   /usr/lib/jvm/java-26-openjdk/lib/libfontmanager.so
7fa1e853a000-7fa1e853c000 r--p 00000000 103:02 4761076                   /usr/lib/libXtst.so.6.1.0
7fa1e853c000-7fa1e853f000 r-xp 00002000 103:02 4761076                   /usr/lib/libXtst.so.6.1.0
7fa1e853f000-7fa1e8540000 r--p 00005000 103:02 4761076                   /usr/lib/libXtst.so.6.1.0
7fa1e8540000-7fa1e8541000 r--p 00005000 103:02 4761076                   /usr/lib/libXtst.so.6.1.0
7fa1e8541000-7fa1e8542000 rw-p 00006000 103:02 4761076                   /usr/lib/libXtst.so.6.1.0
7fa1e8542000-7fa1e8550000 r--p 00000000 103:02 7880773                   /usr/lib/jvm/java-26-openjdk/lib/libawt_xawt.so
7fa1e8550000-7fa1e8594000 r-xp 0000e000 103:02 7880773                   /usr/lib/jvm/java-26-openjdk/lib/libawt_xawt.so
7fa1e8594000-7fa1e85a8000 r--p 00052000 103:02 7880773                   /usr/lib/jvm/java-26-openjdk/lib/libawt_xawt.so
7fa1e85a8000-7fa1e85aa000 r--p 00066000 103:02 7880773                   /usr/lib/jvm/java-26-openjdk/lib/libawt_xawt.so
7fa1e85aa000-7fa1e85ab000 rw-p 00068000 103:02 7880773                   /usr/lib/jvm/java-26-openjdk/lib/libawt_xawt.so
7fa1e85ab000-7fa1e85ac000 rw-p 00000000 00:00 0 
7fa1e85ac000-7fa1e85b0000 r--p 00000000 103:02 7880771                   /usr/lib/jvm/java-26-openjdk/lib/libawt.so
7fa1e85b0000-7fa1e8654000 r-xp 00004000 103:02 7880771                   /usr/lib/jvm/java-26-openjdk/lib/libawt.so
7fa1e8654000-7fa1e8661000 r--p 000a8000 103:02 7880771                   /usr/lib/jvm/java-26-openjdk/lib/libawt.so
7fa1e8661000-7fa1e8662000 r--p 000b4000 103:02 7880771                   /usr/lib/jvm/java-26-openjdk/lib/libawt.so
7fa1e8662000-7fa1e866d000 rw-p 000b5000 103:02 7880771                   /usr/lib/jvm/java-26-openjdk/lib/libawt.so
7fa1e866d000-7fa1e8692000 rw-p 00000000 00:00 0 
7fa1e8692000-7fa1e86a8000 r--s 00000000 103:02 3835467                   /var/cache/fontconfig/17ce8022be83857151cced15433ac5ab-le64.cache-12
7fa1e86a8000-7fa1e86b1000 r--s 00000000 103:02 3835464                   /var/cache/fontconfig/2fbfc6d3726617df5d72e45ca91ca896-le64.cache-12
7fa1e86b1000-7fa1e86bd000 r--s 00000000 103:02 3835403                   /var/cache/fontconfig/7d660be5d4eca970fa91d6ca176f5ce2-le64.cache-12
7fa1e86bd000-7fa1e86e7000 r--s 00000000 103:02 3835365                   /var/cache/fontconfig/f2e43df3287529323e79e7929dc44cc9-le64.cache-12
7fa1e86e7000-7fa1e87ff000 r--s 00000000 103:02 4334062                   /home/annihilator/.cache/fontconfig/360f0685862970c3eedca8185ab72cfb-le64.cache-12
7fa1e87ff000-7fa1e887f000 rw-s 00000000 00:07 1110                       /dev/nvidiactl
7fa1e887f000-7fa1e897f000 rw-s 00000000 00:07 1110                       /dev/nvidiactl
7fa1e897f000-7fa1e89ff000 rw-s 00000000 00:07 1110                       /dev/nvidiactl
7fa1e89ff000-7fa1e9200000 rw-p 00000000 00:00 0 
7fa1e9200000-7fa1eb194000 r--p 00000000 103:02 4735921                   /usr/lib/libicudata.so.78.3
7fa1eb194000-7fa1eb195000 r--p 01f93000 103:02 4735921                   /usr/lib/libicudata.so.78.3
7fa1eb196000-7fa1eb197000 r--s 00000000 00:07 1110                       /dev/nvidiactl
7fa1eb197000-7fa1eb1a8000 r--s 00000000 103:02 3835390                   /var/cache/fontconfig/035f0ebf2f86af269427f030f354ef4b-le64.cache-12
7fa1eb1a8000-7fa1eb1b8000 r--s 00000000 103:02 3835379                   /var/cache/fontconfig/f2e61d441ca43dbfffafb9d0f2c6d8fc-le64.cache-12
7fa1eb1b8000-7fa1eb1c8000 r--s 00000000 103:02 3804352                   /var/cache/fontconfig/491f45a0a771fef1c10b9b647a97fb82-le64.cache-12
7fa1eb1c8000-7fa1eb1dc000 r--s 00000000 103:02 3804343                   /var/cache/fontconfig/614d1caaa4d7914789410f6367de37ca-le64.cache-12
7fa1eb1dc000-7fa1eb200000 r--s 00000000 103:02 3801846                   /var/cache/fontconfig/f349e9996a5320f6dd491cedd2b1f964-le64.cache-12
7fa1eb200000-7fa1eb248000 r--p 00000000 103:02 4745608                   /usr/lib/libicuuc.so.78.3
7fa1eb248000-7fa1eb365000 r-xp 00048000 103:02 4745608                   /usr/lib/libicuuc.so.78.3
7fa1eb365000-7fa1eb3f8000 r--p 00165000 103:02 4745608                   /usr/lib/libicuuc.so.78.3
7fa1eb3f8000-7fa1eb40b000 r--p 001f8000 103:02 4745608                   /usr/lib/libicuuc.so.78.3
7fa1eb40b000-7fa1eb40c000 rw-p 0020b000 103:02 4745608                   /usr/lib/libicuuc.so.78.3
7fa1eb40c000-7fa1eb40e000 rw-p 00000000 00:00 0 
7fa1eb40e000-7fa1eb40f000 rw-s 00000000 00:07 1110                       /dev/nvidiactl
7fa1eb410000-7fa1eb411000 r--p 00000000 00:00 0 
7fa1eb413000-7fa1eb415000 rw-s 00000000 00:07 1110                       /dev/nvidiactl
7fa1eb415000-7fa1eb424000 r--s 00000000 103:02 3804155                   /var/cache/fontconfig/1dce2cb908b447e938fc03acd9b47fcf-le64.cache-12
7fa1eb424000-7fa1eb43d000 r--p 00000000 103:02 4817130                   /usr/lib/libSPIRV-Tools.so
7fa1eb43d000-7fa1eb576000 r-xp 00019000 103:02 4817130                   /usr/lib/libSPIRV-Tools.so
7fa1eb576000-7fa1eb5fc000 r--p 00152000 103:02 4817130                   /usr/lib/libSPIRV-Tools.so
7fa1eb5fc000-7fa1eb5ff000 r--p 001d8000 103:02 4817130                   /usr/lib/libSPIRV-Tools.so
7fa1eb5ff000-7fa1eb600000 rw-p 001db000 103:02 4817130                   /usr/lib/libSPIRV-Tools.so
7fa1eb600000-7fa1ebb5b000 r--p 00000000 103:02 4817093                   /usr/lib/libLLVM.so.22.1
7fa1ebb5b000-7fa1f1808000 r-xp 0055b000 103:02 4817093                   /usr/lib/libLLVM.so.22.1
7fa1f1808000-7fa1f5756000 r--p 06208000 103:02 4817093                   /usr/lib/libLLVM.so.22.1
7fa1f5756000-7fa1f5972000 r--p 0a156000 103:02 4817093                   /usr/lib/libLLVM.so.22.1
7fa1f5972000-7fa1f597c000 rw-p 0a372000 103:02 4817093                   /usr/lib/libLLVM.so.22.1
7fa1f597c000-7fa1f5a4c000 rw-p 00000000 00:00 0 
7fa1f5a4c000-7fa1f5a4d000 rw-s 00000000 00:07 1112                       /dev/nvidia0
7fa1f5a4d000-7fa1f5a50000 r--s 00000000 103:02 3802392                   /var/cache/fontconfig/73edfbc81426f3b2593aba7ca9378882-le64.cache-12
7fa1f5a50000-7fa1f5a56000 r--s 00000000 103:02 3817989                   /var/cache/fontconfig/b67b32625a2bb51b023d3814a918f351-le64.cache-12
7fa1f5a56000-7fa1f5a5c000 r--s 00000000 103:02 3803766                   /var/cache/fontconfig/d62e99ef547d1d24cdb1bd22ec1a2976-le64.cache-12
7fa1f5a5c000-7fa1f5a68000 r--s 00000000 103:02 3801653                   /var/cache/fontconfig/4b31aef11cb0687b6d280d34cbe23592-le64.cache-12
7fa1f5a68000-7fa1f5a82000 r--s 00000000 103:02 4334283                   /home/annihilator/.cache/fontconfig/bc42231c8840afdbc8a160eb8f6a66fd-le64.cache-12
7fa1f5a82000-7fa1f5a83000 rw-s 00000000 00:07 1110                       /dev/nvidiactl
7fa1f5a83000-7fa1f5a84000 r--p 00000000 103:02 4763546                   /usr/lib/libXinerama.so.1.0.0
7fa1f5a84000-7fa1f5a85000 r-xp 00001000 103:02 4763546                   /usr/lib/libXinerama.so.1.0.0
7fa1f5a85000-7fa1f5a86000 r--p 00002000 103:02 4763546                   /usr/lib/libXinerama.so.1.0.0
7fa1f5a86000-7fa1f5a87000 r--p 00002000 103:02 4763546                   /usr/lib/libXinerama.so.1.0.0
7fa1f5a87000-7fa1f5a88000 rw-p 00003000 103:02 4763546                   /usr/lib/libXinerama.so.1.0.0
7fa1f5a88000-7fa1f5a8b000 r--p 00000000 103:02 4760999                   /usr/lib/libXi.so.6.1.0
7fa1f5a8b000-7fa1f5a98000 r-xp 00003000 103:02 4760999                   /usr/lib/libXi.so.6.1.0
7fa1f5a98000-7fa1f5a9b000 r--p 00010000 103:02 4760999                   /usr/lib/libXi.so.6.1.0
7fa1f5a9b000-7fa1f5a9c000 r--p 00012000 103:02 4760999                   /usr/lib/libXi.so.6.1.0
7fa1f5a9c000-7fa1f5a9d000 rw-p 00013000 103:02 4760999                   /usr/lib/libXi.so.6.1.0
7fa1f5aa0000-7fa1f5ae0000 rw-s 00000000 00:07 1110                       /dev/nvidiactl
7fa1f5ae0000-7fa1f5b00000 rw-s 00000000 00:07 1110                       /dev/nvidiactl
7fa1f5b00000-7fa1f5b40000 rw-s 00000000 00:07 1110                       /dev/nvidiactl
7fa1f5b40000-7fa1f5bc0000 rw-s 00000000 00:07 1112                       /dev/nvidia0
7fa1f5bc0000-7fa1f5c00000 rw-s 00000000 00:07 1110                       /dev/nvidiactl
7fa1f5c00000-7fa1f5c1b000 r--p 00000000 103:02 4834667                   /usr/lib/libgallium-26.2.1-arch1.1.so
7fa1f5c1b000-7fa1f7c9b000 r-xp 0001b000 103:02 4834667                   /usr/lib/libgallium-26.2.1-arch1.1.so
7fa1f7c9b000-7fa1f8eed000 r--p 0209b000 103:02 4834667                   /usr/lib/libgallium-26.2.1-arch1.1.so
7fa1f8eed000-7fa1f906b000 r--p 032ec000 103:02 4834667                   /usr/lib/libgallium-26.2.1-arch1.1.so
7fa1f906b000-7fa1f90a9000 rw-p 0346a000 103:02 4834667                   /usr/lib/libgallium-26.2.1-arch1.1.so
7fa1f90a9000-7fa1f9277000 rw-p 00000000 00:00 0 
7fa1f9277000-7fa1f928a000 rw-s 00000000 00:07 1110                       /dev/nvidiactl
7fa1f928a000-7fa1f92aa000 rw-s 00000000 00:07 1110                       /dev/nvidiactl
7fa1f92aa000-7fa1f92ca000 rw-s 00000000 00:07 1110                       /dev/nvidiactl
7fa1f92ca000-7fa1f92e4000 r--p 00000000 103:02 4744067                   /usr/lib/libxml2.so.16.1.3
7fa1f92e4000-7fa1f93b8000 r-xp 0001a000 103:02 4744067                   /usr/lib/libxml2.so.16.1.3
7fa1f93b8000-7fa1f93f5000 r--p 000ee000 103:02 4744067                   /usr/lib/libxml2.so.16.1.3
7fa1f93f5000-7fa1f93fe000 r--p 0012b000 103:02 4744067                   /usr/lib/libxml2.so.16.1.3
7fa1f93fe000-7fa1f93ff000 rw-p 00134000 103:02 4744067                   /usr/lib/libxml2.so.16.1.3
7fa1f93ff000-7fa1f9400000 rw-p 00000000 00:00 0 
7fa1f9400000-7fa1f975b000 r--p 00000000 103:02 4833041                   /usr/lib/libnvidia-gpucomp.so.610.57.04
7fa1f975b000-7fa1fdcf8000 r-xp 0035b000 103:02 4833041                   /usr/lib/libnvidia-gpucomp.so.610.57.04
7fa1fdcf8000-7fa1ff9e8000 r--p 048f8000 103:02 4833041                   /usr/lib/libnvidia-gpucomp.so.610.57.04
7fa1ff9e8000-7fa1ffc3a000 r--p 065e7000 103:02 4833041                   /usr/lib/libnvidia-gpucomp.so.610.57.04
7fa1ffc3a000-7fa1ffdc5000 rw-p 06839000 103:02 4833041                   /usr/lib/libnvidia-gpucomp.so.610.57.04
7fa1ffdc5000-7fa1ffe80000 rw-p 00000000 00:00 0 
7fa1ffe80000-7fa1ffe81000 r--s 00000000 103:02 3803672                   /var/cache/fontconfig/1b6853af091219762dc5c68646ca68b7-le64.cache-12
7fa1ffe81000-7fa1ffe84000 r--s 00000000 103:02 3835420                   /var/cache/fontconfig/e552019f4ed2e530c25d313cf4ffa813-le64.cache-12
7fa1ffe84000-7fa1ffe87000 r--p 00000000 103:02 4831197                   /usr/lib/libnvidia-allocator.so.610.57.04
7fa1ffe87000-7fa1ffe9b000 r-xp 00003000 103:02 4831197                   /usr/lib/libnvidia-allocator.so.610.57.04
7fa1ffe9b000-7fa1ffea5000 r--p 00017000 103:02 4831197                   /usr/lib/libnvidia-allocator.so.610.57.04
7fa1ffea5000-7fa1ffea6000 r--p 00020000 103:02 4831197                   /usr/lib/libnvidia-allocator.so.610.57.04
7fa1ffea6000-7fa1ffea7000 rw-p 00021000 103:02 4831197                   /usr/lib/libnvidia-allocator.so.610.57.04
7fa1ffea7000-7fa1ffea9000 rw-p 00000000 00:00 0 
7fa1ffea9000-7fa1ffeb6000 r--p 00000000 103:02 4722861                   /usr/lib/libncursesw.so.6.6
7fa1ffeb6000-7fa1ffefe000 r-xp 0000d000 103:02 4722861                   /usr/lib/libncursesw.so.6.6
7fa1ffefe000-7fa1fff14000 r--p 00055000 103:02 4722861                   /usr/lib/libncursesw.so.6.6
7fa1fff14000-7fa1fff19000 r--p 0006a000 103:02 4722861                   /usr/lib/libncursesw.so.6.6
7fa1fff19000-7fa1fff1a000 rw-p 0006f000 103:02 4722861                   /usr/lib/libncursesw.so.6.6
7fa1fff1a000-7fa1fff26000 r--p 00000000 103:02 4740223                   /usr/lib/libzstd.so.1.5.7
7fa1fff26000-7fa1fffed000 r-xp 0000c000 103:02 4740223                   /usr/lib/libzstd.so.1.5.7
7fa1fffed000-7fa1ffffe000 r--p 000d3000 103:02 4740223                   /usr/lib/libzstd.so.1.5.7
7fa1ffffe000-7fa1fffff000 r--p 000e4000 103:02 4740223                   /usr/lib/libzstd.so.1.5.7
7fa1fffff000-7fa200000000 rw-p 000e5000 103:02 4740223                   /usr/lib/libzstd.so.1.5.7
7fa200000000-7fa200219000 r--p 00000000 103:02 4831215                   /usr/lib/libnvidia-eglcore.so.610.57.04
7fa200219000-7fa200e5f000 r-xp 00219000 103:02 4831215                   /usr/lib/libnvidia-eglcore.so.610.57.04
7fa200e5f000-7fa20238a000 r--p 00e5f000 103:02 4831215                   /usr/lib/libnvidia-eglcore.so.610.57.04
7fa20238a000-7fa20238b000 ---p 0238a000 103:02 4831215                   /usr/lib/libnvidia-eglcore.so.610.57.04
7fa20238b000-7fa202500000 r--p 0238a000 103:02 4831215                   /usr/lib/libnvidia-eglcore.so.610.57.04
7fa202500000-7fa202549000 rw-p 024ff000 103:02 4831215                   /usr/lib/libnvidia-eglcore.so.610.57.04
7fa202549000-7fa202560000 rw-p 00000000 00:00 0 
7fa202560000-7fa202561000 r--s 00000000 103:02 3835441                   /var/cache/fontconfig/787b69f04c7448ed6c581b040220c91f-le64.cache-12
7fa202561000-7fa202562000 r--s 00000000 103:02 3835395                   /var/cache/fontconfig/a8773ec71f9da9b44a891b13321e5faa-le64.cache-12
7fa202562000-7fa202563000 r--s 00000000 103:02 3823352                   /var/cache/fontconfig/8d4af663993b81a124ee82e610bb31f9-le64.cache-12
7fa202563000-7fa202564000 r--s 00000000 103:02 4334244                   /home/annihilator/.cache/fontconfig/8f6bef61d9f77da15272a6237cc42cae-le64.cache-12
7fa202564000-7fa202566000 r--s 00000000 103:02 3801209                   /var/cache/fontconfig/3830d5c3ddfd5cd38a049b759396e72e-le64.cache-12
7fa202566000-7fa202567000 rw-p 00000000 00:00 0 
7fa202567000-7fa202568000 rw-p 00000000 00:00 0 
7fa202568000-7fa20256c000 rw-s 00000000 00:07 1110                       /dev/nvidiactl
7fa20256c000-7fa20257c000 rw-s 00000000 00:07 1112                       /dev/nvidia0
7fa20257c000-7fa20257e000 r--p 00000000 103:02 4761468                   /usr/lib/libpciaccess.so.0.11.1
7fa20257e000-7fa202583000 r-xp 00002000 103:02 4761468                   /usr/lib/libpciaccess.so.0.11.1
7fa202583000-7fa202585000 r--p 00007000 103:02 4761468                   /usr/lib/libpciaccess.so.0.11.1
7fa202585000-7fa202586000 r--p 00008000 103:02 4761468                   /usr/lib/libpciaccess.so.0.11.1
7fa202586000-7fa202587000 rw-p 00009000 103:02 4761468                   /usr/lib/libpciaccess.so.0.11.1
7fa202587000-7fa20258d000 r--p 00000000 103:02 4754841                   /usr/lib/libedit.so.0.0.78
7fa20258d000-7fa2025af000 r-xp 00006000 103:02 4754841                   /usr/lib/libedit.so.0.0.78
7fa2025af000-7fa2025bc000 r--p 00028000 103:02 4754841                   /usr/lib/libedit.so.0.0.78
7fa2025bc000-7fa2025bf000 r--p 00034000 103:02 4754841                   /usr/lib/libedit.so.0.0.78
7fa2025bf000-7fa2025c0000 rw-p 00037000 103:02 4754841                   /usr/lib/libedit.so.0.0.78
7fa2025c0000-7fa2025c3000 rw-p 00000000 00:00 0 
7fa2025c3000-7fa2025c6000 r--p 00000000 103:02 4780642                   /usr/lib/libdrm_intel.so.1.134.0
7fa2025c6000-7fa2025dd000 r-xp 00003000 103:02 4780642                   /usr/lib/libdrm_intel.so.1.134.0
7fa2025dd000-7fa2025e7000 r--p 0001a000 103:02 4780642                   /usr/lib/libdrm_intel.so.1.134.0
7fa2025e7000-7fa2025e8000 r--p 00023000 103:02 4780642                   /usr/lib/libdrm_intel.so.1.134.0
7fa2025e8000-7fa2025e9000 rw-p 00024000 103:02 4780642                   /usr/lib/libdrm_intel.so.1.134.0
7fa2025e9000-7fa2025ec000 r--p 00000000 103:02 4780638                   /usr/lib/libdrm_amdgpu.so.1.134.0
7fa2025ec000-7fa2025f2000 r-xp 00003000 103:02 4780638                   /usr/lib/libdrm_amdgpu.so.1.134.0
7fa2025f2000-7fa2025f4000 r--p 00009000 103:02 4780638                   /usr/lib/libdrm_amdgpu.so.1.134.0
7fa2025f4000-7fa2025f5000 r--p 0000a000 103:02 4780638                   /usr/lib/libdrm_amdgpu.so.1.134.0
7fa2025f5000-7fa2025f6000 rw-p 0000b000 103:02 4780638                   /usr/lib/libdrm_amdgpu.so.1.134.0
7fa2025f6000-7fa2025f9000 r--p 00000000 103:02 4735313                   /usr/lib/libelf-0.196.so
7fa2025f9000-7fa20260d000 r-xp 00003000 103:02 4735313                   /usr/lib/libelf-0.196.so
7fa20260d000-7fa202612000 r--p 00017000 103:02 4735313                   /usr/lib/libelf-0.196.so
7fa202612000-7fa202613000 r--p 0001b000 103:02 4735313                   /usr/lib/libelf-0.196.so
7fa202613000-7fa202614000 rw-p 0001c000 103:02 4735313                   /usr/lib/libelf-0.196.so
7fa202614000-7fa202615000 r--p 00000000 103:02 4843174                   /usr/lib/libxshmfence.so.1.0.0
7fa202615000-7fa202616000 r-xp 00001000 103:02 4843174                   /usr/lib/libxshmfence.so.1.0.0
7fa202616000-7fa202617000 r--p 00002000 103:02 4843174                   /usr/lib/libxshmfence.so.1.0.0
7fa202617000-7fa202618000 r--p 00002000 103:02 4843174                   /usr/lib/libxshmfence.so.1.0.0
7fa202618000-7fa202619000 rw-p 00003000 103:02 4843174                   /usr/lib/libxshmfence.so.1.0.0
7fa202619000-7fa20261c000 r--p 00000000 103:02 4751865                   /usr/lib/libxcb-sync.so.1.0.0
7fa20261c000-7fa20261f000 r-xp 00003000 103:02 4751865                   /usr/lib/libxcb-sync.so.1.0.0
7fa20261f000-7fa202620000 r--p 00006000 103:02 4751865                   /usr/lib/libxcb-sync.so.1.0.0
7fa202620000-7fa202621000 r--p 00007000 103:02 4751865                   /usr/lib/libxcb-sync.so.1.0.0
7fa202621000-7fa202622000 rw-p 00008000 103:02 4751865                   /usr/lib/libxcb-sync.so.1.0.0
7fa202622000-7fa202624000 r--p 00000000 103:02 4763334                   /usr/lib/libsensors.so.5.0.0
7fa202624000-7fa20262c000 r-xp 00002000 103:02 4763334                   /usr/lib/libsensors.so.5.0.0
7fa20262c000-7fa202630000 r--p 0000a000 103:02 4763334                   /usr/lib/libsensors.so.5.0.0
7fa202630000-7fa202631000 r--p 0000e000 103:02 4763334                   /usr/lib/libsensors.so.5.0.0
7fa202631000-7fa202632000 rw-p 0000f000 103:02 4763334                   /usr/lib/libsensors.so.5.0.0
7fa202632000-7fa202635000 r--p 00000000 103:02 4751872                   /usr/lib/libxcb-xfixes.so.0.0.0
7fa202635000-7fa202638000 r-xp 00003000 103:02 4751872                   /usr/lib/libxcb-xfixes.so.0.0.0
7fa202638000-7fa202639000 r--p 00006000 103:02 4751872                   /usr/lib/libxcb-xfixes.so.0.0.0
7fa202639000-7fa20263a000 r--p 00007000 103:02 4751872                   /usr/lib/libxcb-xfixes.so.0.0.0
7fa20263a000-7fa20263b000 rw-p 00008000 103:02 4751872                   /usr/lib/libxcb-xfixes.so.0.0.0
7fa20263b000-7fa202642000 r--p 00000000 103:02 4751834                   /usr/lib/libxcb-randr.so.0.1.0
7fa202642000-7fa202648000 r-xp 00007000 103:02 4751834                   /usr/lib/libxcb-randr.so.0.1.0
7fa202648000-7fa20264b000 r--p 0000d000 103:02 4751834                   /usr/lib/libxcb-randr.so.0.1.0
7fa20264b000-7fa20264c000 r--p 00010000 103:02 4751834                   /usr/lib/libxcb-randr.so.0.1.0
7fa20264c000-7fa20264d000 rw-p 00011000 103:02 4751834                   /usr/lib/libxcb-randr.so.0.1.0
7fa20264d000-7fa202653000 r--p 00000000 103:02 4817102                   /usr/lib/libEGL_mesa.so.0.0.0
7fa202653000-7fa20268e000 r-xp 00006000 103:02 4817102                   /usr/lib/libEGL_mesa.so.0.0.0
7fa20268e000-7fa2026a1000 r--p 00041000 103:02 4817102                   /usr/lib/libEGL_mesa.so.0.0.0
7fa2026a1000-7fa2026ae000 r--p 00053000 103:02 4817102                   /usr/lib/libEGL_mesa.so.0.0.0
7fa2026ae000-7fa2026af000 rw-p 00060000 103:02 4817102                   /usr/lib/libEGL_mesa.so.0.0.0
7fa2026af000-7fa2026b0000 rw-p 00000000 00:00 0 
7fa2026b0000-7fa2026b1000 r--p 00000000 103:02 4740497                   /usr/lib/libX11-xcb.so.1.0.0
7fa2026b1000-7fa2026b2000 r-xp 00001000 103:02 4740497                   /usr/lib/libX11-xcb.so.1.0.0
7fa2026b2000-7fa2026b3000 r--p 00002000 103:02 4740497                   /usr/lib/libX11-xcb.so.1.0.0
7fa2026b3000-7fa2026b4000 r--p 00002000 103:02 4740497                   /usr/lib/libX11-xcb.so.1.0.0
7fa2026b4000-7fa2026b5000 rw-p 00003000 103:02 4740497                   /usr/lib/libX11-xcb.so.1.0.0
7fa2026c9000-7fa2026cb000 r--p 00000000 103:02 4751813                   /usr/lib/libxcb-dri3.so.0.1.0
7fa2026cb000-7fa2026cd000 r-xp 00002000 103:02 4751813                   /usr/lib/libxcb-dri3.so.0.1.0
7fa2026cd000-7fa2026ce000 r--p 00004000 103:02 4751813                   /usr/lib/libxcb-dri3.so.0.1.0
7fa2026ce000-7fa2026cf000 r--p 00004000 103:02 4751813                   /usr/lib/libxcb-dri3.so.0.1.0
7fa2026cf000-7fa2026d0000 rw-p 00005000 103:02 4751813                   /usr/lib/libxcb-dri3.so.0.1.0
7fa2026d0000-7fa2026d1000 r--p 00000000 103:02 4751829                   /usr/lib/libxcb-present.so.0.0.0
7fa2026d1000-7fa2026d2000 r-xp 00001000 103:02 4751829                   /usr/lib/libxcb-present.so.0.0.0
7fa2026d2000-7fa2026d3000 r--p 00002000 103:02 4751829                   /usr/lib/libxcb-present.so.0.0.0
7fa2026d3000-7fa2026d4000 r--p 00002000 103:02 4751829                   /usr/lib/libxcb-present.so.0.0.0
7fa2026d4000-7fa2026d5000 rw-p 00003000 103:02 4751829                   /usr/lib/libxcb-present.so.0.0.0
7fa2026d5000-7fa202706000 r--p 00000000 103:02 4820322                   /usr/lib/libEGL_nvidia.so.610.57.04
7fa202706000-7fa20278e000 r-xp 00031000 103:02 4820322                   /usr/lib/libEGL_nvidia.so.610.57.04
7fa20278e000-7fa2027dd000 r--p 000b9000 103:02 4820322                   /usr/lib/libEGL_nvidia.so.610.57.04
7fa2027dd000-7fa2027de000 ---p 00108000 103:02 4820322                   /usr/lib/libEGL_nvidia.so.610.57.04
7fa2027de000-7fa2027e5000 r--p 00108000 103:02 4820322                   /usr/lib/libEGL_nvidia.so.610.57.04
7fa2027e5000-7fa2027fa000 rw-p 0010f000 103:02 4820322                   /usr/lib/libEGL_nvidia.so.610.57.04
7fa2027fa000-7fa202800000 rw-p 00000000 00:00 0 
7fa20283c000-7fa20283d000 rw-p 00000000 00:00 0 
7fa20283d000-7fa202841000 ---p 00000000 00:00 0 
7fa202841000-7fa20293e000 rw-p 00000000 00:00 0 
7fa20293e000-7fa202942000 ---p 00000000 00:00 0 
7fa202942000-7fa202a3e000 rw-p 00000000 00:00 0 
7fa202a3e000-7fa202a41000 rw-s 00000000 00:07 1110                       /dev/nvidiactl
7fa202a86000-7fa202a88000 r--p 00000000 103:02 4835234                   /usr/lib/libgbm.so.1.0.0
7fa202a88000-7fa202a89000 r-xp 00002000 103:02 4835234                   /usr/lib/libgbm.so.1.0.0
7fa202a89000-7fa202a8a000 r--p 00003000 103:02 4835234                   /usr/lib/libgbm.so.1.0.0
7fa202a8a000-7fa202a8b000 r--p 00003000 103:02 4835234                   /usr/lib/libgbm.so.1.0.0
7fa202a8b000-7fa202a8c000 rw-p 00004000 103:02 4835234                   /usr/lib/libgbm.so.1.0.0
7fa202a8c000-7fa202a91000 r--p 00000000 103:02 4771568                   /usr/lib/libdrm.so.2.134.0
7fa202a91000-7fa202a9d000 r-xp 00005000 103:02 4771568                   /usr/lib/libdrm.so.2.134.0
7fa202a9d000-7fa202aa1000 r--p 00011000 103:02 4771568                   /usr/lib/libdrm.so.2.134.0
7fa202aa1000-7fa202aa2000 r--p 00015000 103:02 4771568                   /usr/lib/libdrm.so.2.134.0
7fa202aa2000-7fa202aa3000 rw-p 00016000 103:02 4771568                   /usr/lib/libdrm.so.2.134.0
7fa202ab8000-7fa202ac8000 r--p 00000000 103:02 4831581                   /usr/lib/libnvidia-glsi.so.610.57.04
7fa202ac8000-7fa202b28000 r-xp 00010000 103:02 4831581                   /usr/lib/libnvidia-glsi.so.610.57.04
7fa202b28000-7fa202b45000 r--p 00070000 103:02 4831581                   /usr/lib/libnvidia-glsi.so.610.57.04
7fa202b45000-7fa202b4b000 r--p 0008c000 103:02 4831581                   /usr/lib/libnvidia-glsi.so.610.57.04
7fa202b4b000-7fa202b4c000 rw-p 00092000 103:02 4831581                   /usr/lib/libnvidia-glsi.so.610.57.04
7fa202b4c000-7fa202b54000 rw-p 00000000 00:00 0 
7fa202b54000-7fa202b5b000 r--s 00000000 103:02 4837165                   /usr/lib/gconv/gconv-modules.cache
7fa202b5b000-7fa202b5d000 r--p 00000000 103:02 4811999                   /usr/lib/libGLdispatch.so.0.0.0
7fa202b5d000-7fa202b9c000 r-xp 00002000 103:02 4811999                   /usr/lib/libGLdispatch.so.0.0.0
7fa202b9c000-7fa202baf000 r--p 00041000 103:02 4811999                   /usr/lib/libGLdispatch.so.0.0.0
7fa202baf000-7fa202bcb000 r--p 00054000 103:02 4811999                   /usr/lib/libGLdispatch.so.0.0.0
7fa202bcb000-7fa202bcc000 rw-p 00070000 103:02 4811999                   /usr/lib/libGLdispatch.so.0.0.0
7fa202bcc000-7fa202bd4000 rw-p 00000000 00:00 0 
7fa202bd4000-7fa202bd6000 r--p 00000000 103:02 4750356                   /usr/lib/libEGL.so.1.1.0
7fa202bd6000-7fa202be0000 r-xp 00002000 103:02 4750356                   /usr/lib/libEGL.so.1.1.0
7fa202be0000-7fa202be4000 r--p 0000c000 103:02 4750356                   /usr/lib/libEGL.so.1.1.0
7fa202be4000-7fa202be5000 r--p 0000f000 103:02 4750356                   /usr/lib/libEGL.so.1.1.0
7fa202be5000-7fa202be6000 rw-p 00010000 103:02 4750356                   /usr/lib/libEGL.so.1.1.0
7fa202c76000-7fa202c77000 r--p 00000000 103:02 4812149                   /usr/lib/libbrotlicommon.so.1.2.0
7fa202c77000-7fa202c78000 r-xp 00001000 103:02 4812149                   /usr/lib/libbrotlicommon.so.1.2.0
7fa202c78000-7fa202c97000 r--p 00002000 103:02 4812149                   /usr/lib/libbrotlicommon.so.1.2.0
7fa202c97000-7fa202c98000 r--p 00021000 103:02 4812149                   /usr/lib/libbrotlicommon.so.1.2.0
7fa202c98000-7fa202c99000 rw-p 00022000 103:02 4812149                   /usr/lib/libbrotlicommon.so.1.2.0
7fa202c99000-7fa202c9e000 r--p 00000000 103:02 4722170                   /usr/lib/libblkid.so.1.1.0
7fa202c9e000-7fa202cc7000 r-xp 00005000 103:02 4722170                   /usr/lib/libblkid.so.1.1.0
7fa202cc7000-7fa202cd2000 r--p 0002e000 103:02 4722170                   /usr/lib/libblkid.so.1.1.0
7fa202cd2000-7fa202cd8000 r--p 00038000 103:02 4722170                   /usr/lib/libblkid.so.1.1.0
7fa202cd8000-7fa202cd9000 rw-p 0003e000 103:02 4722170                   /usr/lib/libblkid.so.1.1.0
7fa202cd9000-7fa202cda000 r--p 00000000 103:02 4812485                   /usr/lib/libbrotlidec.so.1.2.0
7fa202cda000-7fa202ce3000 r-xp 00001000 103:02 4812485                   /usr/lib/libbrotlidec.so.1.2.0
7fa202ce3000-7fa202ce6000 r--p 0000a000 103:02 4812485                   /usr/lib/libbrotlidec.so.1.2.0
7fa202ce6000-7fa202ce7000 r--p 0000c000 103:02 4812485                   /usr/lib/libbrotlidec.so.1.2.0
7fa202ce7000-7fa202ce8000 rw-p 0000d000 103:02 4812485                   /usr/lib/libbrotlidec.so.1.2.0
7fa202ce8000-7fa202cea000 r--p 00000000 103:02 4794869                   /usr/lib/libbz2.so.1.0.8
7fa202cea000-7fa202cf7000 r-xp 00002000 103:02 4794869                   /usr/lib/libbz2.so.1.0.8
7fa202cf7000-7fa202cf9000 r--p 0000f000 103:02 4794869                   /usr/lib/libbz2.so.1.0.8
7fa202cf9000-7fa202cfa000 r--p 00010000 103:02 4794869                   /usr/lib/libbz2.so.1.0.8
7fa202cfa000-7fa202cfb000 rw-p 00011000 103:02 4794869                   /usr/lib/libbz2.so.1.0.8
7fa202cfb000-7fa202d05000 r--p 00000000 103:02 4735601                   /usr/lib/libmount.so.1.1.0
7fa202d05000-7fa202d43000 r-xp 0000a000 103:02 4735601                   /usr/lib/libmount.so.1.1.0
7fa202d43000-7fa202d54000 r--p 00048000 103:02 4735601                   /usr/lib/libmount.so.1.1.0
7fa202d54000-7fa202d56000 r--p 00059000 103:02 4735601                   /usr/lib/libmount.so.1.1.0
7fa202d56000-7fa202d57000 rw-p 0005b000 103:02 4735601                   /usr/lib/libmount.so.1.1.0
7fa202d57000-7fa202d59000 r--p 00000000 103:02 4737414                   /usr/lib/libexpat.so.1.12.3
7fa202d59000-7fa202d79000 r-xp 00002000 103:02 4737414                   /usr/lib/libexpat.so.1.12.3
7fa202d79000-7fa202d82000 r--p 00022000 103:02 4737414                   /usr/lib/libexpat.so.1.12.3
7fa202d82000-7fa202d84000 r--p 0002a000 103:02 4737414                   /usr/lib/libexpat.so.1.12.3
7fa202d84000-7fa202d85000 rw-p 0002c000 103:02 4737414                   /usr/lib/libexpat.so.1.12.3
7fa202d85000-7fa202d88000 r--p 00000000 103:02 4732813                   /usr/lib/libpcre2-8.so.0.15.0
7fa202d88000-7fa202e06000 r-xp 00003000 103:02 4732813                   /usr/lib/libpcre2-8.so.0.15.0
7fa202e06000-7fa202e31000 r--p 00081000 103:02 4732813                   /usr/lib/libpcre2-8.so.0.15.0
7fa202e31000-7fa202e32000 r--p 000ab000 103:02 4732813                   /usr/lib/libpcre2-8.so.0.15.0
7fa202e32000-7fa202e33000 rw-p 000ac000 103:02 4732813                   /usr/lib/libpcre2-8.so.0.15.0
7fa202e33000-7fa202e48000 r--p 00000000 103:02 4720960                   /usr/lib/libsystemd.so.0.44.0
7fa202e48000-7fa202f21000 r-xp 00015000 103:02 4720960                   /usr/lib/libsystemd.so.0.44.0
7fa202f21000-7fa202f70000 r--p 000ee000 103:02 4720960                   /usr/lib/libsystemd.so.0.44.0
7fa202f70000-7fa202f79000 r--p 0013c000 103:02 4720960                   /usr/lib/libsystemd.so.0.44.0
7fa202f79000-7fa202f7a000 rw-p 00145000 103:02 4720960                   /usr/lib/libsystemd.so.0.44.0
7fa202f7a000-7fa202f7b000 rw-p 00000000 00:00 0 
7fa202f7b000-7fa202f80000 r--p 00000000 103:02 4780633                   /usr/lib/libpixman-1.so.0.46.4
7fa202f80000-7fa203011000 r-xp 00005000 103:02 4780633                   /usr/lib/libpixman-1.so.0.46.4
7fa203011000-7fa203021000 r--p 00096000 103:02 4780633                   /usr/lib/libpixman-1.so.0.46.4
7fa203021000-7fa203029000 r--p 000a6000 103:02 4780633                   /usr/lib/libpixman-1.so.0.46.4
7fa203029000-7fa20302a000 rw-p 000ae000 103:02 4780633                   /usr/lib/libpixman-1.so.0.46.4
7fa20302a000-7fa203036000 r--p 00000000 103:02 4751894                   /usr/lib/libxcb.so.1.1.0
7fa203036000-7fa20304a000 r-xp 0000c000 103:02 4751894                   /usr/lib/libxcb.so.1.1.0
7fa20304a000-7fa203053000 r--p 00020000 103:02 4751894                   /usr/lib/libxcb.so.1.1.0
7fa203053000-7fa203054000 r--p 00028000 103:02 4751894                   /usr/lib/libxcb.so.1.1.0
7fa203054000-7fa203055000 rw-p 00029000 103:02 4751894                   /usr/lib/libxcb.so.1.1.0
7fa203055000-7fa20306c000 r--p 00000000 103:02 4740502                   /usr/lib/libX11.so.6.4.0
7fa20306c000-7fa203101000 r-xp 00017000 103:02 4740502                   /usr/lib/libX11.so.6.4.0
7fa203101000-7fa203190000 r--p 000ac000 103:02 4740502                   /usr/lib/libX11.so.6.4.0
7fa203190000-7fa203193000 r--p 0013a000 103:02 4740502                   /usr/lib/libX11.so.6.4.0
7fa203193000-7fa203197000 rw-p 0013d000 103:02 4740502                   /usr/lib/libX11.so.6.4.0
7fa203197000-7fa20319d000 r--p 00000000 103:02 4814646                   /usr/lib/libfreetype.so.6.20.6
7fa20319d000-7fa203235000 r-xp 00006000 103:02 4814646                   /usr/lib/libfreetype.so.6.20.6
7fa203235000-7fa20325e000 r--p 0009e000 103:02 4814646                   /usr/lib/libfreetype.so.6.20.6
7fa20325e000-7fa203266000 r--p 000c6000 103:02 4814646                   /usr/lib/libfreetype.so.6.20.6
7fa203266000-7fa203267000 rw-p 000ce000 103:02 4814646                   /usr/lib/libfreetype.so.6.20.6
7fa203267000-7fa203299000 r--p 00000000 103:02 4745344                   /usr/lib/libgio-2.0.so.0.8800.3
7fa203299000-7fa2033c0000 r-xp 00032000 103:02 4745344                   /usr/lib/libgio-2.0.so.0.8800.3
7fa2033c0000-7fa20343a000 r--p 00159000 103:02 4745344                   /usr/lib/libgio-2.0.so.0.8800.3
7fa20343a000-7fa203443000 r--p 001d2000 103:02 4745344                   /usr/lib/libgio-2.0.so.0.8800.3
7fa203443000-7fa203444000 rw-p 001db000 103:02 4745344                   /usr/lib/libgio-2.0.so.0.8800.3
7fa203444000-7fa203446000 rw-p 00000000 00:00 0 
7fa203446000-7fa203454000 r--p 00000000 103:02 4757736                   /usr/lib/libcairo.so.2.11804.4
7fa203454000-7fa203547000 r-xp 0000e000 103:02 4757736                   /usr/lib/libcairo.so.2.11804.4
7fa203547000-7fa20357c000 r--p 00101000 103:02 4757736                   /usr/lib/libcairo.so.2.11804.4
7fa20357c000-7fa203580000 r--p 00136000 103:02 4757736                   /usr/lib/libcairo.so.2.11804.4
7fa203580000-7fa203582000 rw-p 0013a000 103:02 4757736                   /usr/lib/libcairo.so.2.11804.4
7fa203582000-7fa203583000 rw-p 00000000 00:00 0 
7fa203583000-7fa203585000 rw-s 00000000 00:01 731253                     /memfd:/.glXXXXXX (deleted)
7fa203585000-7fa203587000 r--p 00000000 103:02 4815230                   /usr/lib/libgraphite2.so.3.3.1
7fa203587000-7fa2035a0000 r-xp 00002000 103:02 4815230                   /usr/lib/libgraphite2.so.3.3.1
7fa2035a0000-7fa2035a5000 r--p 0001b000 103:02 4815230                   /usr/lib/libgraphite2.so.3.3.1
7fa2035a5000-7fa2035a7000 r--p 0001f000 103:02 4815230                   /usr/lib/libgraphite2.so.3.3.1
7fa2035a7000-7fa2035a8000 rw-p 00021000 103:02 4815230                   /usr/lib/libgraphite2.so.3.3.1
7fa2035a8000-7fa2035ae000 r--p 00000000 103:02 4812002                   /usr/lib/libpng16.so.16.58.0
7fa2035ae000-7fa2035d9000 r-xp 00006000 103:02 4812002                   /usr/lib/libpng16.so.16.58.0
7fa2035d9000-7fa2035e3000 r--p 00031000 103:02 4812002                   /usr/lib/libpng16.so.16.58.0
7fa2035e3000-7fa2035e4000 r--p 0003a000 103:02 4812002                   /usr/lib/libpng16.so.16.58.0
7fa2035e4000-7fa2035e5000 rw-p 0003b000 103:02 4812002                   /usr/lib/libpng16.so.16.58.0
7fa2035e5000-7fa2035eb000 r--p 00000000 103:02 4759013                   /usr/lib/libfontconfig.so.1.17.0
7fa2035eb000-7fa203620000 r-xp 00006000 103:02 4759013                   /usr/lib/libfontconfig.so.1.17.0
7fa203620000-7fa203656000 r--p 0003b000 103:02 4759013                   /usr/lib/libfontconfig.so.1.17.0
7fa203656000-7fa20365f000 r--p 00071000 103:02 4759013                   /usr/lib/libfontconfig.so.1.17.0
7fa20365f000-7fa203660000 rw-p 0007a000 103:02 4759013                   /usr/lib/libfontconfig.so.1.17.0
7fa203660000-7fa20366d000 r--p 00000000 103:02 4814594                   /usr/lib/libharfbuzz.so.0.61431.0
7fa20366d000-7fa20375f000 r-xp 0000d000 103:02 4814594                   /usr/lib/libharfbuzz.so.0.61431.0
7fa20375f000-7fa203793000 r--p 000ff000 103:02 4814594                   /usr/lib/libharfbuzz.so.0.61431.0
7fa203793000-7fa203795000 r--p 00132000 103:02 4814594                   /usr/lib/libharfbuzz.so.0.61431.0
7fa203795000-7fa203796000 rw-p 00134000 103:02 4814594                   /usr/lib/libharfbuzz.so.0.61431.0
7fa203796000-7fa2037b4000 r--p 00000000 103:02 4748073                   /usr/lib/libglib-2.0.so.0.8800.3
7fa2037b4000-7fa203862000 r-xp 0001e000 103:02 4748073                   /usr/lib/libglib-2.0.so.0.8800.3
7fa203862000-7fa2038f6000 r--p 000cc000 103:02 4748073                   /usr/lib/libglib-2.0.so.0.8800.3
7fa2038f6000-7fa2038f7000 r--p 00160000 103:02 4748073                   /usr/lib/libglib-2.0.so.0.8800.3
7fa2038f7000-7fa2038f8000 rw-p 00161000 103:02 4748073                   /usr/lib/libglib-2.0.so.0.8800.3
7fa2038f8000-7fa2038f9000 rw-p 00000000 00:00 0 
7fa2038f9000-7fa2038fa000 rw-p 00000000 00:00 0 
7fa2038fa000-7fa2038fe000 ---p 00000000 00:00 0 
7fa2038fe000-7fa203cfe000 rw-p 00000000 00:00 0 
7fa203cfe000-7fa203d02000 ---p 00000000 00:00 0 
7fa203d02000-7fa203dff000 rw-p 00000000 00:00 0 
7fa203dff000-7fa203e03000 ---p 00000000 00:00 0 
7fa203e03000-7fa203f00000 rw-p 00000000 00:00 0 
7fa203f00000-7fa203f04000 ---p 00000000 00:00 0 
7fa203f04000-7fa204000000 rw-p 00000000 00:00 0 
7fa204000000-7fa2053f6000 rw-p 00000000 00:00 0 
7fa2053f6000-7fa208000000 ---p 00000000 00:00 0 
7fa208000000-7fa20bff8000 rw-p 00000000 00:00 0 
7fa20bff8000-7fa20c000000 ---p 00000000 00:00 0 
7fa20c000000-7fa20d6bb000 rw-p 00000000 00:00 0 
7fa20d6bb000-7fa210000000 ---p 00000000 00:00 0 
7fa210000000-7fa212bc3000 rw-p 00000000 00:00 0 
7fa212bc3000-7fa214000000 ---p 00000000 00:00 0 
7fa214000000-7fa214400000 rw-p 00000000 00:00 0 
7fa214400000-7fa214700000 rw-p 00000000 00:00 0 
7fa214700000-7fa214800000 rw-p 00000000 00:00 0 
7fa214800000-7fa214900000 rw-p 00000000 00:00 0 
7fa214900000-7fa214a00000 rw-p 00000000 00:00 0 
7fa214a00000-7fa215200000 rw-p 00000000 00:00 0 
7fa215200000-7fa215500000 rw-p 00000000 00:00 0 
7fa215500000-7fa215d00000 rw-p 00000000 00:00 0 
7fa215d00000-7fa215e00000 rw-p 00000000 00:00 0 
7fa215e00000-7fa215f00000 rw-p 00000000 00:00 0 
7fa215f00000-7fa216100000 rw-p 00000000 00:00 0 
7fa216100000-7fa216200000 rw-p 00000000 00:00 0 
7fa216200000-7fa216400000 rw-p 00000000 00:00 0 
7fa216400000-7fa216500000 rw-p 00000000 00:00 0 
7fa216500000-7fa216600000 rw-p 00000000 00:00 0 
7fa216600000-7fa216700000 rw-p 00000000 00:00 0 
7fa216700000-7fa216800000 rw-p 00000000 00:00 0 
7fa216800000-7fa2169c0000 rw-p 00000000 00:00 0 
7fa2169c0000-7fa216a00000 rw-p 00000000 00:00 0 
7fa216a00000-7fa216b80000 rw-p 00000000 00:00 0 
7fa216b80000-7fa216c00000 rw-p 00000000 00:00 0 
7fa216c00000-7fa216dc0000 rw-p 00000000 00:00 0 
7fa216dc0000-7fa216e00000 rw-p 00000000 00:00 0 
7fa216e00000-7fa216f00000 rw-p 00000000 00:00 0 
7fa216f00000-7fa217000000 rw-p 00000000 00:00 0 
7fa217000000-7fa217300000 rw-p 00000000 00:00 0 
7fa217300000-7fa217400000 rw-p 00000000 00:00 0 
7fa217400000-7fa218000000 rw-p 00000000 00:00 0 
7fa218000000-7fa2190bb000 rw-p 00000000 00:00 0 
7fa2190bb000-7fa21c000000 ---p 00000000 00:00 0 
7fa21c000000-7fa21fffa000 rw-p 00000000 00:00 0 
7fa21fffa000-7fa220000000 ---p 00000000 00:00 0 
7fa220000000-7fa22157f000 rw-p 00000000 00:00 0 
7fa22157f000-7fa224000000 ---p 00000000 00:00 0 
7fa224000000-7fa226b9b000 rw-p 00000000 00:00 0 
7fa226b9b000-7fa228000000 ---p 00000000 00:00 0 
7fa228000000-7fa228e5e000 rw-p 00000000 00:00 0 
7fa228e5e000-7fa22c000000 ---p 00000000 00:00 0 
7fa22c000000-7fa230000000 rw-p 00000000 00:00 0 
7fa230000000-7fa230762000 rw-p 00000000 00:00 0 
7fa230762000-7fa234000000 ---p 00000000 00:00 0 
7fa234000000-7fa235175000 rw-p 00000000 00:00 0 
7fa235175000-7fa238000000 ---p 00000000 00:00 0 
7fa238000000-7fa238002000 r--p 00000000 103:02 4815257                   /usr/lib/libXdmcp.so.6.0.0
7fa238002000-7fa238004000 r-xp 00002000 103:02 4815257                   /usr/lib/libXdmcp.so.6.0.0
7fa238004000-7fa238006000 r--p 00004000 103:02 4815257                   /usr/lib/libXdmcp.so.6.0.0
7fa238006000-7fa238007000 r--p 00005000 103:02 4815257                   /usr/lib/libXdmcp.so.6.0.0
7fa238007000-7fa238008000 rw-p 00006000 103:02 4815257                   /usr/lib/libXdmcp.so.6.0.0
7fa238008000-7fa23800e000 r--p 00000000 103:02 4751845                   /usr/lib/libxcb-render.so.0.0.0
7fa23800e000-7fa238013000 r-xp 00006000 103:02 4751845                   /usr/lib/libxcb-render.so.0.0.0
7fa238013000-7fa238015000 r--p 0000b000 103:02 4751845                   /usr/lib/libxcb-render.so.0.0.0
7fa238015000-7fa238016000 r--p 0000d000 103:02 4751845                   /usr/lib/libxcb-render.so.0.0.0
7fa238016000-7fa238017000 rw-p 0000e000 103:02 4751845                   /usr/lib/libxcb-render.so.0.0.0
7fa238017000-7fa238019000 r--p 00000000 103:02 4843167                   /usr/lib/libXrender.so.1.3.0
7fa238019000-7fa238020000 r-xp 00002000 103:02 4843167                   /usr/lib/libXrender.so.1.3.0
7fa238020000-7fa238021000 r--p 00009000 103:02 4843167                   /usr/lib/libXrender.so.1.3.0
7fa238021000-7fa238022000 r--p 00009000 103:02 4843167                   /usr/lib/libXrender.so.1.3.0
7fa238022000-7fa238023000 rw-p 0000a000 103:02 4843167                   /usr/lib/libXrender.so.1.3.0
7fa238023000-7fa238027000 r--p 00000000 103:02 4760928                   /usr/lib/libXext.so.6.4.0
7fa238027000-7fa238032000 r-xp 00004000 103:02 4760928                   /usr/lib/libXext.so.6.4.0
7fa238032000-7fa238035000 r--p 0000f000 103:02 4760928                   /usr/lib/libXext.so.6.4.0
7fa238035000-7fa238036000 r--p 00011000 103:02 4760928                   /usr/lib/libXext.so.6.4.0
7fa238036000-7fa238037000 rw-p 00012000 103:02 4760928                   /usr/lib/libXext.so.6.4.0
7fa238037000-7fa238045000 r--p 00000000 103:02 4741723                   /usr/lib/libdbus-1.so.3.38.3
7fa238045000-7fa238076000 r-xp 0000e000 103:02 4741723                   /usr/lib/libdbus-1.so.3.38.3
7fa238076000-7fa238087000 r--p 0003f000 103:02 4741723                   /usr/lib/libdbus-1.so.3.38.3
7fa238087000-7fa238089000 r--p 0004f000 103:02 4741723                   /usr/lib/libdbus-1.so.3.38.3
7fa238089000-7fa23808a000 rw-p 00051000 103:02 4741723                   /usr/lib/libdbus-1.so.3.38.3
7fa23808a000-7fa238098000 r--p 00000000 103:02 4794787                   /usr/lib/libpango-1.0.so.0.5800.2
7fa238098000-7fa2380d8000 r-xp 0000e000 103:02 4794787                   /usr/lib/libpango-1.0.so.0.5800.2
7fa2380d8000-7fa2380f4000 r--p 0004e000 103:02 4794787                   /usr/lib/libpango-1.0.so.0.5800.2
7fa2380f4000-7fa2380f8000 r--p 00069000 103:02 4794787                   /usr/lib/libpango-1.0.so.0.5800.2
7fa2380f8000-7fa2380f9000 rw-p 0006d000 103:02 4794787                   /usr/lib/libpango-1.0.so.0.5800.2
7fa2380f9000-7fa2380fa000 rw-p 00000000 00:00 0 
7fa2380fa000-7fa2380fe000 ---p 00000000 00:00 0 
7fa2380fe000-7fa2381fa000 rw-p 00000000 00:00 0 
7fa2382c9000-7fa2382ca000 rw-s 00000000 00:07 1110                       /dev/nvidiactl
7fa2382fb000-7fa2382fc000 rw-p 00000000 00:00 0 
7fa2382fc000-7fa238300000 ---p 00000000 00:00 0 
7fa238300000-7fa2383fd000 rw-p 00000000 00:00 0 
7fa2383fd000-7fa238401000 ---p 00000000 00:00 0 
7fa238401000-7fa2384fe000 rw-p 00000000 00:00 0 
7fa2384fe000-7fa238502000 ---p 00000000 00:00 0 
7fa238502000-7fa2385ff000 rw-p 00000000 00:00 0 
7fa2385ff000-7fa238603000 ---p 00000000 00:00 0 
7fa238603000-7fa238700000 rw-p 00000000 00:00 0 
7fa238700000-7fa238704000 ---p 00000000 00:00 0 
7fa238704000-7fa238800000 rw-p 00000000 00:00 0 
7fa238800000-7fa238aee000 r--p 00000000 103:02 4837164                   /usr/lib/locale/locale-archive
7fa238aee000-7fa238af2000 rw-s 00000000 00:07 1110                       /dev/nvidiactl
7fa238af2000-7fa238afe000 r--p 00000000 103:02 4750151                   /usr/lib/libgobject-2.0.so.0.8800.3
7fa238afe000-7fa238b37000 r-xp 0000c000 103:02 4750151                   /usr/lib/libgobject-2.0.so.0.8800.3
7fa238b37000-7fa238b51000 r--p 00045000 103:02 4750151                   /usr/lib/libgobject-2.0.so.0.8800.3
7fa238b51000-7fa238b54000 r--p 0005e000 103:02 4750151                   /usr/lib/libgobject-2.0.so.0.8800.3
7fa238b54000-7fa238b55000 rw-p 00061000 103:02 4750151                   /usr/lib/libgobject-2.0.so.0.8800.3
7fa238b55000-7fa238b65000 r--p 00000000 00:2f 28158                      /tmp/lwjgl_annihilator/3.3.6+1/x64/libglfw.so
7fa238b65000-7fa238b86000 r-xp 00010000 00:2f 28158                      /tmp/lwjgl_annihilator/3.3.6+1/x64/libglfw.so
7fa238b86000-7fa238bc2000 r--p 00031000 00:2f 28158                      /tmp/lwjgl_annihilator/3.3.6+1/x64/libglfw.so
7fa238bc2000-7fa238bc6000 r--p 0006c000 00:2f 28158                      /tmp/lwjgl_annihilator/3.3.6+1/x64/libglfw.so
7fa238bc6000-7fa238bc9000 rw-p 00070000 00:2f 28158                      /tmp/lwjgl_annihilator/3.3.6+1/x64/libglfw.so
7fa238bc9000-7fa238bec000 rw-p 00000000 00:00 0 
7fa238bec000-7fa238bed000 rw-p 00000000 00:00 0 
7fa238bed000-7fa238bf1000 ---p 00000000 00:00 0 
7fa238bf1000-7fa238cee000 rw-p 00000000 00:00 0 
7fa238cee000-7fa238cf2000 ---p 00000000 00:00 0 
7fa238cf2000-7fa2392f3000 rw-p 00000000 00:00 0 
7fa2392f3000-7fa23e29a000 rw-p 00000000 00:00 0 
7fa23e29a000-7fa240000000 ---p 00000000 00:00 0 
7fa240000000-7fa242f06000 rw-p 00000000 00:00 0 
7fa242f06000-7fa244000000 ---p 00000000 00:00 0 
7fa244000000-7fa244002000 rw-s 00000000 00:07 1110                       /dev/nvidiactl
7fa244002000-7fa244004000 r--p 00000000 103:02 4761940                   /usr/lib/libdatrie.so.1.4.1
7fa244004000-7fa244008000 r-xp 00002000 103:02 4761940                   /usr/lib/libdatrie.so.1.4.1
7fa244008000-7fa244009000 r--p 00006000 103:02 4761940                   /usr/lib/libdatrie.so.1.4.1
7fa244009000-7fa24400a000 r--p 00006000 103:02 4761940                   /usr/lib/libdatrie.so.1.4.1
7fa24400a000-7fa24400b000 rw-p 00007000 103:02 4761940                   /usr/lib/libdatrie.so.1.4.1
7fa24400b000-7fa24400f000 r--p 00000000 103:02 4755680                   /usr/lib/libxkbcommon.so.0.13.2
7fa24400f000-7fa24403e000 r-xp 00004000 103:02 4755680                   /usr/lib/libxkbcommon.so.0.13.2
7fa24403e000-7fa244067000 r--p 00033000 103:02 4755680                   /usr/lib/libxkbcommon.so.0.13.2
7fa244067000-7fa244069000 r--p 0005b000 103:02 4755680                   /usr/lib/libxkbcommon.so.0.13.2
7fa244069000-7fa24406a000 rw-p 0005d000 103:02 4755680                   /usr/lib/libxkbcommon.so.0.13.2
7fa24406a000-7fa244096000 r--p 00000000 00:2f 28110                      /tmp/lwjgl_annihilator/3.3.6+1/x64/liblwjgl.so
7fa244096000-7fa2440ca000 r-xp 0002c000 00:2f 28110                      /tmp/lwjgl_annihilator/3.3.6+1/x64/liblwjgl.so
7fa2440ca000-7fa2440e4000 r--p 00060000 00:2f 28110                      /tmp/lwjgl_annihilator/3.3.6+1/x64/liblwjgl.so
7fa2440e4000-7fa2440e5000 r--p 00079000 00:2f 28110                      /tmp/lwjgl_annihilator/3.3.6+1/x64/liblwjgl.so
7fa2440e5000-7fa2440e6000 rw-p 0007a000 00:2f 28110                      /tmp/lwjgl_annihilator/3.3.6+1/x64/liblwjgl.so
7fa2440e6000-7fa2441e7000 rw-p 00000000 00:00 0 
7fa2441e7000-7fa2443ff000 rw-p 00000000 00:00 0 
7fa2443ff000-7fa247de7000 ---p 00000000 00:00 0 
7fa247de7000-7fa247df7000 rw-p 00000000 00:00 0 
7fa247df7000-7fa247dff000 ---p 00000000 00:00 0 
7fa247dff000-7fa2494ff000 rwxp 00000000 00:00 0 
7fa2494ff000-7fa24f25f000 ---p 00000000 00:00 0 
7fa24f25f000-7fa24f96f000 rwxp 00000000 00:00 0 
7fa24f96f000-7fa24f9a0000 ---p 00000000 00:00 0 
7fa24f9a0000-7fa2500d0000 rwxp 00000000 00:00 0 
7fa2500d0000-7fa256e00000 ---p 00000000 00:00 0 
7fa256e00000-7fa25fe1c000 r--s 00000000 103:02 7880807                   /usr/lib/jvm/java-26-openjdk/lib/modules
7fa25fe1c000-7fa25fe1d000 rw-s 00000000 00:07 1110                       /dev/nvidiactl
7fa25fe1d000-7fa25fe1e000 r--p 00000000 103:02 4757711                   /usr/lib/libXau.so.6.0.0
7fa25fe1e000-7fa25fe1f000 r-xp 00001000 103:02 4757711                   /usr/lib/libXau.so.6.0.0
7fa25fe1f000-7fa25fe20000 r--p 00002000 103:02 4757711                   /usr/lib/libXau.so.6.0.0
7fa25fe20000-7fa25fe21000 r--p 00002000 103:02 4757711                   /usr/lib/libXau.so.6.0.0
7fa25fe21000-7fa25fe22000 rw-p 00003000 103:02 4757711                   /usr/lib/libXau.so.6.0.0
7fa25fe22000-7fa25fe24000 r--p 00000000 103:02 4761906                   /usr/lib/libfribidi.so.0.4.0
7fa25fe24000-7fa25fe29000 r-xp 00002000 103:02 4761906                   /usr/lib/libfribidi.so.0.4.0
7fa25fe29000-7fa25fe40000 r--p 00007000 103:02 4761906                   /usr/lib/libfribidi.so.0.4.0
7fa25fe40000-7fa25fe41000 r--p 0001d000 103:02 4761906                   /usr/lib/libfribidi.so.0.4.0
7fa25fe41000-7fa25fe42000 rw-p 0001e000 103:02 4761906                   /usr/lib/libfribidi.so.0.4.0
7fa25fe42000-7fa25fe4a000 r--p 00000000 103:02 4815145                   /usr/lib/libpangoft2-1.0.so.0.5800.2
7fa25fe4a000-7fa25fe5a000 r-xp 00008000 103:02 4815145                   /usr/lib/libpangoft2-1.0.so.0.5800.2
7fa25fe5a000-7fa25fe5f000 r--p 00018000 103:02 4815145                   /usr/lib/libpangoft2-1.0.so.0.5800.2
7fa25fe5f000-7fa25fe60000 r--p 0001d000 103:02 4815145                   /usr/lib/libpangoft2-1.0.so.0.5800.2
7fa25fe60000-7fa25fe61000 rw-p 0001e000 103:02 4815145                   /usr/lib/libpangoft2-1.0.so.0.5800.2
7fa25fe61000-7fa25fe62000 r--p 00000000 103:02 7880802                   /usr/lib/jvm/java-26-openjdk/lib/libsimdsort.so
7fa25fe62000-7fa25fe9c000 r-xp 00001000 103:02 7880802                   /usr/lib/jvm/java-26-openjdk/lib/libsimdsort.so
7fa25fe9c000-7fa25fea2000 r--p 0003b000 103:02 7880802                   /usr/lib/jvm/java-26-openjdk/lib/libsimdsort.so
7fa25fea2000-7fa25fea3000 r--p 00040000 103:02 7880802                   /usr/lib/jvm/java-26-openjdk/lib/libsimdsort.so
7fa25fea3000-7fa25fea4000 rw-p 00041000 103:02 7880802                   /usr/lib/jvm/java-26-openjdk/lib/libsimdsort.so
7fa25fea4000-7fa25feff000 rw-p 00000000 00:00 0 
7fa25feff000-7fa260000000 rw-p 00000000 00:00 0 
7fa260000000-7fa263f1d000 rw-p 00000000 00:00 0 
7fa263f1d000-7fa264000000 ---p 00000000 00:00 0 
7fa264000000-7fa264001000 rw-s 00000000 00:07 1112                       /dev/nvidia0
7fa264001000-7fa264002000 rw-s 00000000 00:07 1110                       /dev/nvidiactl
7fa264002000-7fa264004000 r--p 00000000 103:02 4815120                   /usr/lib/libthai.so.0.3.2
7fa264004000-7fa264008000 r-xp 00002000 103:02 4815120                   /usr/lib/libthai.so.0.3.2
7fa264008000-7fa26400b000 r--p 00006000 103:02 4815120                   /usr/lib/libthai.so.0.3.2
7fa26400b000-7fa26400c000 r--p 00008000 103:02 4815120                   /usr/lib/libthai.so.0.3.2
7fa26400c000-7fa26400d000 rw-p 00009000 103:02 4815120                   /usr/lib/libthai.so.0.3.2
7fa26400d000-7fa264012000 r--p 00000000 103:02 4815137                   /usr/lib/libpangocairo-1.0.so.0.5800.2
7fa264012000-7fa26401b000 r-xp 00005000 103:02 4815137                   /usr/lib/libpangocairo-1.0.so.0.5800.2
7fa26401b000-7fa26401d000 r--p 0000e000 103:02 4815137                   /usr/lib/libpangocairo-1.0.so.0.5800.2
7fa26401d000-7fa26401e000 r--p 00010000 103:02 4815137                   /usr/lib/libpangocairo-1.0.so.0.5800.2
7fa26401e000-7fa26401f000 rw-p 00011000 103:02 4815137                   /usr/lib/libpangocairo-1.0.so.0.5800.2
7fa26401f000-7fa264060000 rw-p 00000000 00:00 0 
7fa264060000-7fa264161000 rw-p 00000000 00:00 0 
7fa264161000-7fa2641a4000 rw-p 00000000 00:00 0 
7fa2641a4000-7fa2648e1000 ---p 00000000 00:00 0 
7fa2648e1000-7fa2648e3000 rw-p 00000000 00:00 0 
7fa2648e3000-7fa2648e4000 ---p 00000000 00:00 0 
7fa2648e4000-7fa264927000 rw-p 00000000 00:00 0 
7fa264927000-7fa265064000 ---p 00000000 00:00 0 
7fa265064000-7fa265066000 rw-p 00000000 00:00 0 
7fa265066000-7fa265067000 ---p 00000000 00:00 0 
7fa265067000-7fa2650aa000 rw-p 00000000 00:00 0 
7fa2650aa000-7fa2657e7000 ---p 00000000 00:00 0 
7fa2657e7000-7fa2657e9000 rw-p 00000000 00:00 0 
7fa2657e9000-7fa2657ea000 ---p 00000000 00:00 0 
7fa2657ea000-7fa266506000 rw-p 00000000 00:00 0 
7fa266506000-7fa2665e0000 ---p 00000000 00:00 0 
7fa2665e0000-7fa26660e000 rw-p 00000000 00:00 0 
7fa26660e000-7fa2666c9000 ---p 00000000 00:00 0 
7fa2666c9000-7fa2666d9000 r--p 00000000 103:02 4722178                   /usr/lib/libm.so.6
7fa2666d9000-7fa266775000 r-xp 00010000 103:02 4722178                   /usr/lib/libm.so.6
7fa266775000-7fa2667fe000 r--p 000ac000 103:02 4722178                   /usr/lib/libm.so.6
7fa2667fe000-7fa2667ff000 r--p 00134000 103:02 4722178                   /usr/lib/libm.so.6
7fa2667ff000-7fa266800000 rw-p 00135000 103:02 4722178                   /usr/lib/libm.so.6
7fa266800000-7fa26689a000 r--p 00000000 103:02 4748526                   /usr/lib/libstdc++.so.6.0.36
7fa26689a000-7fa266a1d000 r-xp 0009a000 103:02 4748526                   /usr/lib/libstdc++.so.6.0.36
7fa266a1d000-7fa266abd000 r--p 0021d000 103:02 4748526                   /usr/lib/libstdc++.so.6.0.36
7fa266abd000-7fa266ace000 r--p 002bc000 103:02 4748526                   /usr/lib/libstdc++.so.6.0.36
7fa266ace000-7fa266acf000 rw-p 002cd000 103:02 4748526                   /usr/lib/libstdc++.so.6.0.36
7fa266acf000-7fa266ad3000 rw-p 00000000 00:00 0 
7fa266ad3000-7fa266ad4000 rw-s 00000000 00:07 1110                       /dev/nvidiactl
7fa266ad4000-7fa266ad6000 r--p 00000000 00:1a 53161                      /dev/shm/716e306c-95b7-4d19-95b4-1c569de03be9 (deleted)
7fa266ad6000-7fa266ad8000 r--p 00000000 103:02 4748283                   /usr/lib/libgmodule-2.0.so.0.8800.3
7fa266ad8000-7fa266ada000 r-xp 00002000 103:02 4748283                   /usr/lib/libgmodule-2.0.so.0.8800.3
7fa266ada000-7fa266adb000 r--p 00004000 103:02 4748283                   /usr/lib/libgmodule-2.0.so.0.8800.3
7fa266adb000-7fa266adc000 r--p 00004000 103:02 4748283                   /usr/lib/libgmodule-2.0.so.0.8800.3
7fa266adc000-7fa266add000 rw-p 00005000 103:02 4748283                   /usr/lib/libgmodule-2.0.so.0.8800.3
7fa266add000-7fa266ae1000 r--p 00000000 103:02 4726011                   /usr/lib/libdecor/plugins-1/libdecor-cairo.so
7fa266ae1000-7fa266ae7000 r-xp 00004000 103:02 4726011                   /usr/lib/libdecor/plugins-1/libdecor-cairo.so
7fa266ae7000-7fa266ae9000 r--p 0000a000 103:02 4726011                   /usr/lib/libdecor/plugins-1/libdecor-cairo.so
7fa266ae9000-7fa266aec000 r--p 0000b000 103:02 4726011                   /usr/lib/libdecor/plugins-1/libdecor-cairo.so
7fa266aec000-7fa266aed000 rw-p 0000e000 103:02 4726011                   /usr/lib/libdecor/plugins-1/libdecor-cairo.so
7fa266aed000-7fa266af0000 r--p 00000000 103:02 4725997                   /usr/lib/libdecor-0.so.0.200.5
7fa266af0000-7fa266af3000 r-xp 00003000 103:02 4725997                   /usr/lib/libdecor-0.so.0.200.5
7fa266af3000-7fa266af5000 r--p 00006000 103:02 4725997                   /usr/lib/libdecor-0.so.0.200.5
7fa266af5000-7fa266af6000 r--p 00007000 103:02 4725997                   /usr/lib/libdecor-0.so.0.200.5
7fa266af6000-7fa266af7000 rw-p 00008000 103:02 4725997                   /usr/lib/libdecor-0.so.0.200.5
7fa266af7000-7fa266af8000 r--p 00000000 103:02 4817284                   /usr/lib/libwayland-cursor.so.0.26.0
7fa266af8000-7fa266afa000 r-xp 00001000 103:02 4817284                   /usr/lib/libwayland-cursor.so.0.26.0
7fa266afa000-7fa266afb000 r--p 00003000 103:02 4817284                   /usr/lib/libwayland-cursor.so.0.26.0
7fa266afb000-7fa266afc000 r--p 00003000 103:02 4817284                   /usr/lib/libwayland-cursor.so.0.26.0
7fa266afc000-7fa266b00000 rw-p 00004000 103:02 4817284                   /usr/lib/libwayland-cursor.so.0.26.0
7fa266b00000-7fa266b04000 ---p 00000000 00:00 0 
7fa266b04000-7fa266c00000 rw-p 00000000 00:00 0 
7fa266c00000-7fa266c0e000 r--p 00000000 103:02 7880818                   /usr/lib/jvm/java-26-openjdk/lib/server/libjvm.so
7fa266c0e000-7fa267b57000 r-xp 0000e000 103:02 7880818                   /usr/lib/jvm/java-26-openjdk/lib/server/libjvm.so
7fa267b57000-7fa267d9e000 r--p 00f57000 103:02 7880818                   /usr/lib/jvm/java-26-openjdk/lib/server/libjvm.so
7fa267d9e000-7fa267e90000 r--p 0119d000 103:02 7880818                   /usr/lib/jvm/java-26-openjdk/lib/server/libjvm.so
7fa267e90000-7fa267eb1000 rw-p 0128f000 103:02 7880818                   /usr/lib/jvm/java-26-openjdk/lib/server/libjvm.so
7fa267eb1000-7fa267f34000 rw-p 00000000 00:00 0 
7fa267f34000-7fa267f36000 r--p 00000000 00:1a 53161                      /dev/shm/716e306c-95b7-4d19-95b4-1c569de03be9 (deleted)
7fa267f36000-7fa267f37000 r--p 00000000 103:02 4751862                   /usr/lib/libxcb-shm.so.0.0.0
7fa267f37000-7fa267f38000 r-xp 00001000 103:02 4751862                   /usr/lib/libxcb-shm.so.0.0.0
7fa267f38000-7fa267f39000 r--p 00002000 103:02 4751862                   /usr/lib/libxcb-shm.so.0.0.0
7fa267f39000-7fa267f3a000 r--p 00002000 103:02 4751862                   /usr/lib/libxcb-shm.so.0.0.0
7fa267f3a000-7fa267f3b000 rw-p 00003000 103:02 4751862                   /usr/lib/libxcb-shm.so.0.0.0
7fa267f3b000-7fa267f3d000 r--p 00000000 103:02 4780624                   /usr/lib/libffi.so.8.5.0
7fa267f3d000-7fa267f45000 r-xp 00002000 103:02 4780624                   /usr/lib/libffi.so.8.5.0
7fa267f45000-7fa267f47000 r--p 0000a000 103:02 4780624                   /usr/lib/libffi.so.8.5.0
7fa267f47000-7fa267f48000 r--p 0000b000 103:02 4780624                   /usr/lib/libffi.so.8.5.0
7fa267f48000-7fa267f49000 rw-p 0000c000 103:02 4780624                   /usr/lib/libffi.so.8.5.0
7fa267f49000-7fa267fca000 rw-p 00000000 00:00 0 
7fa267fca000-7fa267fcb000 r--p 00000000 103:02 4818228                   /usr/lib/libwayland-egl.so.1.26.0
7fa267fcb000-7fa267fcc000 r-xp 00001000 103:02 4818228                   /usr/lib/libwayland-egl.so.1.26.0
7fa267fcc000-7fa267fcd000 r--p 00002000 103:02 4818228                   /usr/lib/libwayland-egl.so.1.26.0
7fa267fcd000-7fa267fce000 r--p 00002000 103:02 4818228                   /usr/lib/libwayland-egl.so.1.26.0
7fa267fce000-7fa267fcf000 rw-p 00003000 103:02 4818228                   /usr/lib/libwayland-egl.so.1.26.0
7fa267fcf000-7fa267fd2000 r--p 00000000 103:02 4815658                   /usr/lib/libwayland-client.so.0.26.0
7fa267fd2000-7fa267fd9000 r-xp 00003000 103:02 4815658                   /usr/lib/libwayland-client.so.0.26.0
7fa267fd9000-7fa267fdc000 r--p 0000a000 103:02 4815658                   /usr/lib/libwayland-client.so.0.26.0
7fa267fdc000-7fa267fde000 r--p 0000c000 103:02 4815658                   /usr/lib/libwayland-client.so.0.26.0
7fa267fde000-7fa267fdf000 rw-p 0000e000 103:02 4815658                   /usr/lib/libwayland-client.so.0.26.0
7fa267fdf000-7fa267fe0000 r--p 00000000 103:02 4722210                   /usr/lib/librt.so.1
7fa267fe0000-7fa267fe1000 r-xp 00001000 103:02 4722210                   /usr/lib/librt.so.1
7fa267fe1000-7fa267fe2000 r--p 00002000 103:02 4722210                   /usr/lib/librt.so.1
7fa267fe2000-7fa267fe3000 r--p 00002000 103:02 4722210                   /usr/lib/librt.so.1
7fa267fe3000-7fa267fe4000 rw-p 00003000 103:02 4722210                   /usr/lib/librt.so.1
7fa267fe4000-7fa267fe5000 r--p 00000000 103:02 4722204                   /usr/lib/libpthread.so.0
7fa267fe5000-7fa267fe6000 r-xp 00001000 103:02 4722204                   /usr/lib/libpthread.so.0
7fa267fe6000-7fa267fe7000 r--p 00002000 103:02 4722204                   /usr/lib/libpthread.so.0
7fa267fe7000-7fa267fe8000 r--p 00002000 103:02 4722204                   /usr/lib/libpthread.so.0
7fa267fe8000-7fa267fe9000 rw-p 00003000 103:02 4722204                   /usr/lib/libpthread.so.0
7fa267fe9000-7fa267feb000 r--p 00000000 103:02 7880806                   /usr/lib/jvm/java-26-openjdk/lib/libzip.so
7fa267feb000-7fa267fef000 r-xp 00002000 103:02 7880806                   /usr/lib/jvm/java-26-openjdk/lib/libzip.so
7fa267fef000-7fa267ff1000 r--p 00006000 103:02 7880806                   /usr/lib/jvm/java-26-openjdk/lib/libzip.so
7fa267ff1000-7fa267ff2000 r--p 00007000 103:02 7880806                   /usr/lib/jvm/java-26-openjdk/lib/libzip.so
7fa267ff2000-7fa267ff3000 rw-p 00008000 103:02 7880806                   /usr/lib/jvm/java-26-openjdk/lib/libzip.so
7fa267ff3000-7fa267ff5000 r--p 00000000 103:02 7880796                   /usr/lib/jvm/java-26-openjdk/lib/libnet.so
7fa267ff5000-7fa267ffc000 r-xp 00002000 103:02 7880796                   /usr/lib/jvm/java-26-openjdk/lib/libnet.so
7fa267ffc000-7fa267ffe000 r--p 00009000 103:02 7880796                   /usr/lib/jvm/java-26-openjdk/lib/libnet.so
7fa267ffe000-7fa267fff000 r--p 0000a000 103:02 7880796                   /usr/lib/jvm/java-26-openjdk/lib/libnet.so
7fa267fff000-7fa268000000 rw-p 0000b000 103:02 7880796                   /usr/lib/jvm/java-26-openjdk/lib/libnet.so
7fa268000000-7fa268024000 r--p 00000000 103:02 4722147                   /usr/lib/libc.so.6
7fa268024000-7fa26819f000 r-xp 00024000 103:02 4722147                   /usr/lib/libc.so.6
7fa26819f000-7fa268215000 r--p 0019f000 103:02 4722147                   /usr/lib/libc.so.6
7fa268215000-7fa268219000 r--p 00214000 103:02 4722147                   /usr/lib/libc.so.6
7fa268219000-7fa26821b000 rw-p 00218000 103:02 4722147                   /usr/lib/libc.so.6
7fa26821b000-7fa268223000 rw-p 00000000 00:00 0 
7fa268223000-7fa268224000 r--s 00000000 00:07 1110                       /dev/nvidiactl
7fa268224000-7fa268225000 rw-p 00000000 00:00 0 
7fa268225000-7fa268226000 r-xp 0005e000 00:2f 28110                      /tmp/lwjgl_annihilator/3.3.6+1/x64/liblwjgl.so
7fa268226000-7fa268227000 rw-p 00000000 00:00 0 
7fa268227000-7fa268228000 r--p 00000000 103:02 4722163                   /usr/lib/libdl.so.2
7fa268228000-7fa268229000 r-xp 00001000 103:02 4722163                   /usr/lib/libdl.so.2
7fa268229000-7fa26822a000 r--p 00002000 103:02 4722163                   /usr/lib/libdl.so.2
7fa26822a000-7fa26822b000 r--p 00002000 103:02 4722163                   /usr/lib/libdl.so.2
7fa26822b000-7fa26822c000 rw-p 00003000 103:02 4722163                   /usr/lib/libdl.so.2
7fa26822c000-7fa268233000 r--p 00000000 103:02 7880797                   /usr/lib/jvm/java-26-openjdk/lib/libnio.so
7fa268233000-7fa26823c000 r-xp 00007000 103:02 7880797                   /usr/lib/jvm/java-26-openjdk/lib/libnio.so
7fa26823c000-7fa268241000 r--p 00010000 103:02 7880797                   /usr/lib/jvm/java-26-openjdk/lib/libnio.so
7fa268241000-7fa268242000 r--p 00014000 103:02 7880797                   /usr/lib/jvm/java-26-openjdk/lib/libnio.so
7fa268242000-7fa268243000 rw-p 00015000 103:02 7880797                   /usr/lib/jvm/java-26-openjdk/lib/libnio.so
7fa268243000-7fa268244000 r--p 00000000 103:02 4744044                   /usr/share/locale/en_GB/LC_MESSAGES/libc.mo
7fa268244000-7fa268293000 rw-p 00000000 00:00 0 
7fa268293000-7fa26829d000 r--p 00000000 103:02 7880782                   /usr/lib/jvm/java-26-openjdk/lib/libjava.so
7fa26829d000-7fa2682ab000 r-xp 0000a000 103:02 7880782                   /usr/lib/jvm/java-26-openjdk/lib/libjava.so
7fa2682ab000-7fa2682b0000 r--p 00018000 103:02 7880782                   /usr/lib/jvm/java-26-openjdk/lib/libjava.so
7fa2682b0000-7fa2682b1000 r--p 0001d000 103:02 7880782                   /usr/lib/jvm/java-26-openjdk/lib/libjava.so
7fa2682b1000-7fa2682b2000 rw-p 0001e000 103:02 7880782                   /usr/lib/jvm/java-26-openjdk/lib/libjava.so
7fa2682b2000-7fa2682b3000 rw-p 00000000 00:00 0 
7fa2682b3000-7fa2682bb000 rw-s 00000000 00:2f 49095                      /tmp/hsperfdata_annihilator/2252080 (deleted)
7fa2682bb000-7fa2682bc000 ---p 00000000 00:00 0 
7fa2682bc000-7fa2682bd000 r--p 00000000 00:00 0 
7fa2682bd000-7fa2682be000 ---p 00000000 00:00 0 
7fa2682be000-7fa2682bf000 r--p 00000000 103:02 7880786                   /usr/lib/jvm/java-26-openjdk/lib/libjimage.so
7fa2682bf000-7fa2682c1000 r-xp 00001000 103:02 7880786                   /usr/lib/jvm/java-26-openjdk/lib/libjimage.so
7fa2682c1000-7fa2682c2000 r--p 00003000 103:02 7880786                   /usr/lib/jvm/java-26-openjdk/lib/libjimage.so
7fa2682c2000-7fa2682c3000 r--p 00003000 103:02 7880786                   /usr/lib/jvm/java-26-openjdk/lib/libjimage.so
7fa2682c3000-7fa2682c4000 rw-p 00004000 103:02 7880786                   /usr/lib/jvm/java-26-openjdk/lib/libjimage.so
7fa2682c4000-7fa2682c8000 r--p 00000000 103:02 4836834                   /usr/lib/libgcc_s.so.1
7fa2682c8000-7fa2682eb000 r-xp 00004000 103:02 4836834                   /usr/lib/libgcc_s.so.1
7fa2682eb000-7fa2682ef000 r--p 00027000 103:02 4836834                   /usr/lib/libgcc_s.so.1
7fa2682ef000-7fa2682f0000 r--p 0002b000 103:02 4836834                   /usr/lib/libgcc_s.so.1
7fa2682f0000-7fa2682f1000 rw-p 0002c000 103:02 4836834                   /usr/lib/libgcc_s.so.1
7fa2682f1000-7fa2682f3000 rw-p 00000000 00:00 0 
7fa2682f3000-7fa2682f6000 r--p 00000000 103:02 4742373                   /usr/lib/libz.so.1.3.2
7fa2682f6000-7fa268306000 r-xp 00003000 103:02 4742373                   /usr/lib/libz.so.1.3.2
7fa268306000-7fa26830c000 r--p 00013000 103:02 4742373                   /usr/lib/libz.so.1.3.2
7fa26830c000-7fa26830d000 r--p 00018000 103:02 4742373                   /usr/lib/libz.so.1.3.2
7fa26830d000-7fa26830e000 rw-p 00019000 103:02 4742373                   /usr/lib/libz.so.1.3.2
7fa26830e000-7fa268310000 r--p 00000000 103:02 7880787                   /usr/lib/jvm/java-26-openjdk/lib/libjli.so
7fa268310000-7fa26831a000 r-xp 00002000 103:02 7880787                   /usr/lib/jvm/java-26-openjdk/lib/libjli.so
7fa26831a000-7fa26831d000 r--p 0000c000 103:02 7880787                   /usr/lib/jvm/java-26-openjdk/lib/libjli.so
7fa26831d000-7fa26831e000 r--p 0000e000 103:02 7880787                   /usr/lib/jvm/java-26-openjdk/lib/libjli.so
7fa26831e000-7fa26831f000 rw-p 0000f000 103:02 7880787                   /usr/lib/jvm/java-26-openjdk/lib/libjli.so
7fa26831f000-7fa268320000 r--p 00000000 00:2f 28193                      /tmp/libglxshim.so
7fa268320000-7fa268321000 r-xp 00001000 00:2f 28193                      /tmp/libglxshim.so
7fa268321000-7fa268322000 r--p 00002000 00:2f 28193                      /tmp/libglxshim.so
7fa268322000-7fa268323000 r--p 00002000 00:2f 28193                      /tmp/libglxshim.so
7fa268323000-7fa268324000 rw-p 00003000 00:2f 28193                      /tmp/libglxshim.so
7fa268324000-7fa268326000 rw-p 00000000 00:00 0 
7fa268326000-7fa26835f000 r--p 00000000 103:02 656923                    /etc/ld.so.cache
7fa26835f000-7fa268363000 r--p 00000000 00:00 0                          [vvar]
7fa268363000-7fa268365000 r--p 00000000 00:00 0                          [vvar_vclock]
7fa268365000-7fa268367000 r-xp 00000000 00:00 0                          [vdso]
7fa268367000-7fa268368000 r--p 00000000 103:02 4722097                   /usr/lib/ld-linux-x86-64.so.2
7fa268368000-7fa268395000 r-xp 00001000 103:02 4722097                   /usr/lib/ld-linux-x86-64.so.2
7fa268395000-7fa2683a4000 r--p 0002e000 103:02 4722097                   /usr/lib/ld-linux-x86-64.so.2
7fa2683a4000-7fa2683a6000 r--p 0003d000 103:02 4722097                   /usr/lib/ld-linux-x86-64.so.2
7fa2683a6000-7fa2683a7000 rw-p 0003f000 103:02 4722097                   /usr/lib/ld-linux-x86-64.so.2
7fa2683a7000-7fa2683a8000 rw-p 00000000 00:00 0 
7ffe06551000-7ffe06579000 rw-p 00000000 00:00 0                          [stack]
ffffffffff600000-ffffffffff601000 --xp 00000000 00:00 0                  [vsyscall]
Total number of mappings: 1868

JVMTI agents: none


VM Arguments:
jvm_args: -Dnuvio.wayland.libmpv=/home/annihilator/dev/mpv/build/libmpv.so.2 -Dnuvio.wayland.realApp=true -Dnuvio.wayland.sceneHoldMs=10000 -Dnuvio.wayland.videoLog=true -Dorg.lwjgl.util.Debug=false --enable-native-access=ALL-UNNAMED -Dfile.encoding=UTF-8 -Duser.country=GB -Duser.language=en -Duser.variant 
java_command: com.nuvio.wayland.MainKt
java_class_path (initial): /home/annihilator/dev/NuvioDesktop/waylandHost/build/classes/java/main:/home/annihilator/dev/NuvioDesktop/waylandHost/build/classes/kotlin/main:/home/annihilator/dev/NuvioDesktop/waylandHost/build/resources/main:/home/annihilator/dev/NuvioDesktop/composeApp/build/libs/composeApp-desktop.jar:/home/annihilator/dev/NuvioDesktop/vendor/compose-media-player/mediaplayer/build/libs/composeMediaPlayer-jvm-0.11.4-nuvio.jar:/home/annihilator/.gradle/caches/modules-2/files-2.1/com.materialkolor.palette/core-jvm/4.0.0-beta02/e7ea3c09e6205047254ad2601a54c18c5be26906/kmpalette-core-jvm.jar:/home/annihilator/.gradle/caches/modules-2/files-2.1/org.jetbrains.compose.material3/material3-desktop/1.11.0-alpha07/422cb57765628e3959d1e27ac46660593643296b/material3-desktop-1.11.0-alpha07.jar:/home/annihilator/.gradle/caches/modules-2/files-2.1/dev.chrisbanes.haze/haze-jvm/1.7.2/a254162ea3c9ba2eea97a76058da89ac31e50233/haze-jvm.jar:/home/annihilator/.gradle/caches/modules-2/files-2.1/org.jetbrains.compose.components/components-resources-desktop/1.11.1/f4eb52d87f31584dacdb816a26376f39a1802e8a/library-desktop-1.11.1.jar:/home/annihilator/.gradle/caches/modules-2/files-2.1/sh.calvin.reorderable/reorderable-jvm/3.0.0/4032f6ad5422fe507c8acb2257a83ebc806f145e/reorderable-jvm-3.0.0.jar:/home/annihilator/.gradle/caches/modules-2/files-2.1/org.jetbrains.compose.desktop/desktop-jvm/1.11.1/1fee826ff9d1fafd500b57a22facfc0236bc14c7/desktop-jvm-1.11.1.jar:/home/annihilator/.gradle/caches/modules-2/files-2.1/org.jetbrains.androidx.navigation3/navigation3-ui-desktop/1.1.1/ff832586ef5d51d08b604d7a524fd7985b95af2b/navigation3-ui-desktop-1.1.1.jar:/home/annihilator/.gradle/caches/modules-2/files-2.1/org.jetbrains.compose.material/material-desktop/1.11.1/2891a6f3a62dc4c367636a521d1b680a7d6ff6d/material-desktop-1.11.1.jar:/home/annihilator/.gradle/caches/modules-2/files-2.1/org.jetbrains.compose.animation/animation-core-desktop/1.11.1/1bf633ecd1a38a1cf7a41630bc56cba0da9cc25b/animation-core-desktop-1.11.1.jar:/home/annihilator/.gradle/caches/modules-2/files-2.1/org.jetbrains.compose.material/material-ripple-desktop/1.11.1/ae97a5eeb23bc3f461bc3e16e2a9882175405d17/material-ripple-desktop-1.11.1.jar:/home/annihilator/.gradle/caches/modules-2/files-2.1/org.jetbrains.compose.animation/animation-desktop/1.11.1/f873fb28f1a08d45a4dd20a0130b3da8cadf383c/animation-desktop-1.11.1.jar:/home/annihilator/.gradle/caches/modules-2/files-2.1/org.jetbrains.compose.foundation/foundation-layout-desktop/1.11.1/853fc5d01388da6515ce40b719798914012f6469/foundation-layout-desktop-1.11.1.jar:/home/annihilator/.gradle/caches/modules-2/files-2.1/io.coil-kt.coil3/coil-compose-jvm/3.5.0-beta01/8499f43e80509e3fe55e4a90ad7ce6e816b190e4/coil-compose-jvm-3.5.0-beta01.jar:/home/annihilator/.gradle/caches/modules-2/files-2.1/io.coil-kt.coil3/coil-compose-core-jvm/3.5.0-beta01/12f6663116f0946fe3e87c15f573eb52ac6dc2bc/coil-compose-core-jvm-3.5.0-beta01.jar:/home/annihilator/.gradle/caches/modules-2/files-2.1/org.jetbrains.compose.foundation/foundation-desktop/1.11.1/6df316e7af2c0c97f200de289925f62ca8fce53d/foundation-desktop-1.11.1.jar:/home/annihilator/.gradle/caches/modules-2/files-2.1/org.jetbrains.compose.material/material-icons-extended-desktop/1.7.3/c7c5465dd754043076875b32bce0dd7f5a354fe8/material-icons-extended-desktop-1.7.3.jar:/home/annihilator/.gradle/caches/modules-2/files-2.1/org.jetbrains.compose.material/material-icons-core-desktop/1.7.3/414b3096050fe647b0638832eace80f22c06b85c/material-icons-core-desktop-1.7.3.jar:/home/annihilator/.gradle/caches/modules-2/files-2.1/org.jetbrains.compose.ui/ui-unit-desktop/1.11.1/f6c06f98da206d01dc40c1587c6bc4c40cbef623/ui-unit-desktop-1.11.1.jar:/home/annihilator/.gradle/caches/modules-2/files-2.1/org.jetbrains.compose.ui/ui-graphics-desktop/1.11.1/6ea106d02adf29694eedf12fdfb621947d3621bf/ui-graphics-desktop-1.11.1.jar:/home/annihilator/.gradle/caches/modules-2/files-2.1/org.jetbrains.compose.ui/ui-geometry-desktop/1.11.1/5e430152487375359973ac9874653d335dcc220/ui-geometry-desktop-1.11.1.jar:/home/annihilator/.gradle/caches/modules-2/files-2.1/org.jetbrains.compose.ui/ui-backhandler-desktop/1.11.1/bd3540bb1d6abd60c5e58f32663b2f3e89406cd1/ui-backhandler-desktop-1.11.1.jar:/home/annihilator/.gradle/caches/modules-2/files-2.1/org.jetbrains.compose.ui/ui-util-desktop/1.11.1/4302c582878b82ab24e1f34e6e90f967f7b416ed/ui-util-desktop-1.11.1.jar:/home/annihilator/.gradle/caches/modules-2/files-2.1/org.jetbrains.compose.ui/ui-text-desktop/1.11.1/6ded685e2601260d6231c859a849b96ee6c60368/ui-text-desktop-1.11.1.jar:/home/annihilator/.gradle/caches/modules-2/files-2.1/org.jetbrains.compose.ui/ui-tooling-preview-desktop/1.11.1/97ec578d33adc34adcaa63e9af7bb2328c6c29b7/ui-tooling-preview-desktop-1.11.1.jar:/home/annihilator/.gradle/caches/modules-2/files-2.1/com.materialkolor.palette/kmpalette-loader-jvm/4.0.0-beta02/346d1cbf659720dfc1952796e619da44789482f/kmpalette-loader-jvm.jar:/home/annihilator/.gradle/caches/modules-2/files-2.1/org.jetbrains.androidx.navigationevent/navigationevent-compose-desktop/1.0.1/ecaf02060a048a1f82584fe328e4e02fe6f982ad/navigationevent-compose-desktop-1.0.1.jar:/home/annihilator/.gradle/caches/modules-2/files-2.1/org.jetbrains.compose.ui/ui-desktop/1.11.1/24c40c0d60c77a6fb34f930f13bfa4a3ff62c0f/ui-desktop-1.11.1.jar:/home/annihilator/.gradle/caches/modules-2/files-2.1/androidx.navigation3/navigation3-runtime-desktop/1.1.1/f97607fbd9cd1c2a196dbdf2440b6ca78010c08a/navigation3-runtime-desktop-1.1.1.jar:/home/annihilator/.gradle/caches/modules-2/files-2.1/androidx.lifecycle/lifecycle-runtime-desktop/2.11.0-beta01/c2b5e2f7d739375538c2a74757531a30607f85ff/lifecycle-runtime-desktop-2.11.0-beta01.jar:/home/annihilator/.gradle/caches/modules-2/files-2.1/androidx.lifecycle/lifecycle-common-jvm/2.11.0-beta01/41ef287eee7e4befb1308c017df4de89a210490d/lifecycle-common-jvm-2.11.0-beta01.jar:/home/annihilator/.gradle/caches/modules-2/files-2.1/androidx.lifecycle/lifecycle-viewmodel-desktop/2.11.0-beta01/614711da4abf1ece2121521477a5920ed26a7f29/lifecycle-viewmodel-desktop-2.11.0-beta01.jar:/home/annihilator/.gradle/caches/modules-2/files-2.1/androidx.lifecycle/lifecycle-runtime-compose-desktop/2.11.0-beta01/392c6d5cb40bb6d59e3d7070607786b7328009d4/lifecycle-runtime-compose-desktop-2.11.0-beta01.jar:/home/annihilator/.gradle/caches/modules-2/files-2.1/androidx.lifecycle/lifecycle-viewmodel-compose-desktop/2.11.0-beta01/f04e89ec2d915b35cdcd4675591ae3997604173c/lifecycle-viewmodel-compose-desktop-2.11.0-beta01.jar:/home/annihilator/.gradle/caches/modules-2/files-2.1/androidx.lifecycle/lifecycle-viewmodel-savedstate-desktop/2.11.0-beta01/23c86e72183d96b3fff60102dca0de1da5fd4424/lifecycle-viewmodel-savedstate-desktop-2.11.0-beta01.jar:/home/annihilator/.gradle/caches/modules-2/files-2.1/org.jetbrains.androidx.savedstate/savedstate-compose-desktop/1.3.6/63692375ffe667f12cb3ea8aa1e605d659ed2add/savedstate-compose-desktop-1.3.6.jar:/home/annihilator/.gradle/caches/modules-2/files-2.1/androidx.savedstate/savedstate-desktop/1.4.0/3b049a0f81643d6b4b900de95bc23efc085c32d5/savedstate-desktop-1.4.0.jar:/home/annihilator/.gradle/caches/modules-2/files-2.1/androidx.savedstate/savedstate-compose-desktop/1.4.0/d3d6e0e2108528eb6080dc250da925a572be4202/savedstate-compose-desktop-1.4.0.jar:/home/annihilator/.gradle/caches/modules-2/files-2.1/androidx.navigationevent/navigationevent-desktop/1.0.2/ddb1e7fe97ed51c3d35bba493f97fcf12398719/navigationevent-desktop-1.0.2.jar:/home/annihilator/.gradle/caches/modules-2/files-2.1/androidx.compose.runtime/runtime-annotation-jvm/1.11.2/db4aa964627ac96331b72e231b9ad54318d112f4/runtime-annotation-jvm-1.11.2.jar:/home/annihilator/.gradle/caches/modules-2/files-2.1/androidx.compose.runtime/runtime-desktop/1.11.2/e93d95553cdd86c1cb8c02f50260cc1c8e341da8/runtime-desktop-1.11.2.jar:/home/annihilator/.gradle/caches/modules-2/files-2.1/androidx.compose.runtime/runtime-retain-desktop/1.11.2/3aa3ec26ef2a3d26bc556b51b33d09efc1a198e8/runtime-retain-desktop-1.11.2.jar:/home/annihilator/.gradle/caches/modules-2/files-2.1/androidx.compose.runtime/runtime-saveable-desktop/1.11.2/1618fae89791692a224fe7aa79edbd7a8f5b7522/runtime-saveable-desktop-1.11.2.jar:/home/annihilator/.gradle/caches/modules-2/files-2.1/org.jetbrains.compose.runtime/runtime-saveable-desktop/1.11.1/b7c8a8ed985a0f15b4d8d206de1fc6125b499388/runtime-saveable-desktop-1.11.1.jar:/home/annihilator/.gradle/caches/modules-2/files-2.1/org.jetbrains.androidx.lifecycle/lifecycle-runtime-compose-desktop/2.11.0-beta01/e93db8959692f5740745b457135c1ab209a67923/lifecycle-runtime-compose-desktop-2.11.0-beta01.jar:/home/annihilator/.gradle/caches/modules-2/files-2.1/org.jetbrains.androidx.lifecycle/lifecycle-viewmodel-compose-desktop/2.11.0-beta01/25df0b7b86731829cb34805ff8ebb167b198b916/lifecycle-viewmodel-compose-desktop-2.11.0-beta01.jar:/home/annihilator/.gradle/caches/modules-2/files-2.1/org.jetbrains.compose.runtime/runtime-desktop/1.11.1/1941336b045aac4b87cc3be81d9fdb9977c88c61/runtime-desktop-1.11.1.jar:/home/annihilator/.gradle/caches/modules-2/files-2.1/io.coil-kt.coil3/coil-network-ktor3-jvm/3.5.0-beta01/59ee23ce9f237edbad112c94a7cc65dc1939999b/coil-network-ktor3-jvm-3.5.0-beta01.jar:/home/annihilator/.gradle/caches/modules-2/files-2.1/io.coil-kt.coil3/coil-network-cache-control-jvm/3.5.0-beta01/92507c9b531bab9e0c7188af0057a8719c8fee05/coil-network-cache-control-jvm-3.5.0-beta01.jar:/home/annihilator/.gradle/caches/modules-2/files-2.1/io.coil-kt.coil3/coil-svg-jvm/3.5.0-beta01/7998e0f304b0c8c535dfda3ef86cf81faa88a813/coil-svg-jvm-3.5.0-beta01.jar:/home/annihilator/.gradle/caches/modules-2/files-2.1/org.jetbrains.kotlinx/atomicfu-jvm/0.32.1/766417c1430c117100e14af193c4fdbe6034b5e6/atomicfu-jvm-0.32.1.jar:/home/annihilator/.gradle/caches/modules-2/files-2.1/io.github.jan-tennert.supabase/postgrest-kt-jvm/3.4.1/5ce69132306e6aa1fcd959ebdeb502e821e3a47c/postgrest-kt-jvm-3.4.1.jar:/home/annihilator/.gradle/caches/modules-2/files-2.1/io.github.jan-tennert.supabase/functions-kt-jvm/3.4.1/2a6c5a1e77bb1d4895812d7292d8075e34b2fb55/functions-kt-jvm-3.4.1.jar:/home/annihilator/.gradle/caches/modules-2/files-2.1/io.github.jan-tennert.supabase/storage-kt-jvm/3.4.1/4f3eb000d3862395bdd976ab8679841be3029d43/storage-kt-jvm-3.4.1.jar:/home/annihilator/.gradle/caches/modules-2/files-2.1/io.github.jan-tennert.supabase/auth-kt-jvm/3.4.1/91413cc37352dda1f34a180c14f58601b6aa2ea0/auth-kt-jvm-3.4.1.jar:/home/annihilator/.gradle/caches/modules-2/files-2.1/io.ktor/ktor-client-cio-jvm/3.4.1/114327011eeecd416940e2d1be8c9bd5098907de/ktor-client-cio-jvm-3.4.1.jar:/home/annihilator/.gradle/caches/modules-2/files-2.1/io.github.dokar3/quickjs-kt-jvm/1.0.5/c76155aa176760f2ab1966aa61ebd1cc1334dee6/quickjs-jvm.jar:/home/annihilator/.gradle/caches/modules-2/files-2.1/com.fleeksoft.ksoup/ksoup-jvm/0.2.6/61a4f799ea43b8eb31856729500be73975e41a42/ksoup-jvm-0.2.6.jar:/home/annihilator/.gradle/caches/modules-2/files-2.1/org.jetbrains.skiko/skiko-awt-runtime-linux-x64/0.144.6/291f8626a2fecd06e9f585424360560189ab7303/skiko-awt-runtime-linux-x64-0.144.6.jar:/home/annihilator/.gradle/caches/modules-2/files-2.1/org.jetbrains.skiko/skiko-awt/0.144.6/c9bec39e3c517ed5591c71c7db0cbbe64b6be849/skiko-awt-0.144.6.jar:/home/annihilator/.gradle/caches/modules-2/files-2.1/io.github.vinceglb/filekit-core-jvm/0.14.2/2d6248437233553a08f656e1cfdfc3db3df14a13/filekit-core-jvm.jar:/home/annihilator/.gradle/caches/modules-2/files-2.1/io.ktor/ktor-server-cio-jvm/3.4.0/16a50d239963841ae64e8e207f93ae7a5fdd7062/ktor-server-cio-jvm-3.4.0.jar:/home/annihilator/.gradle/caches/modules-2/files-2.1/io.ktor/ktor-server-core-jvm/3.4.0/97aba0f5e3cd539679907382a3f5783b9a563165/ktor-server-core-jvm-3.4.0.jar:/home/annihilator/.gradle/caches/modules-2/files-2.1/org.jetbrains.kotlin/kotlin-reflect/2.3.10/98e0fa43a9204a252fa8806c9b2f3f3131590bcb/kotlin-reflect-2.3.10.jar:/home/annihilator/.gradle/caches/modules-2/files-2.1/com.squareup.okhttp3/okhttp/4.12.0/2f4525d4a200e97e1b87449c2cd9bd2e25b7e8cd/okhttp-4.12.0.jar:/home/annihilator/.gradle/caches/modules-2/files-2.1/org.jetbrains.kotlin/kotlin-stdlib-jdk8/1.9.0/e000bd084353d84c9e888f6fb341dc1f5b79d948/kotlin-stdlib-jdk8-1.9.0.jar:/home/annihilator/.gradle/caches/modules-2/files-2.1/io.github.jan-tennert.supabase/supabase-kt-jvm/3.4.1/4c8df2570087c4424f8c2f3c93d77b2ec4198fd5/supabase-kt-jvm-3.4.1.jar:/home/annihilator/.gradle/caches/modules-2/files-2.1/org.jetbrains.kotlinx/kotlinx-datetime-jvm/0.8.0/316346a7d44778581ff91154f72dfa576bce4ee2/kotlinx-datetime-jvm-0.8.0.jar:/home/annihilator/.gradle/caches/modules-2/files-2.1/androidx.graphics/graphics-shapes-desktop/1.1.0/a5d2198960bdc0915f74c6b2954d3323f35f40ea/graphics-shapes-desktop-1.1.0.jar:/home/annihilator/.gradle/caches/modules-2/files-2.1/androidx.collection/collection-jvm/1.5.0/7ba2c69414d46ebc2dd76598bdd0a75c54281a57/collection-jvm-1.5.0.jar:/home/annihilator/.gradle/caches/modules-2/files-2.1/io.coil-kt.coil3/coil-jvm/3.5.0-beta01/b0061205e37fc17ba27f52ba1ee42f2be1de31d3/coil-jvm-3.5.0-beta01.jar:/home/annihilator/.gradle/caches/modules-2/files-2.1/io.coil-kt.coil3/coil-network-core-jvm/3.5.0-beta01/27fa35b4c8e4fbcc99126099eba9600a1e8e5a56/coil-network-core-jvm-3.5.0-beta01.jar:/home/annihilator/.gradle/caches/modules-2/files-2.1/io.coil-kt.coil3/coil-core-jvm/3.5.0-beta01/a1cca49cdadfc07533b35de91d266adda8af9df8/coil-core-jvm-3.5.0-beta01.jar:/home/annihilator/.gradle/caches/modules-2/files-2.1/com.materialkolor.palette/androidx-palette-jvm/4.0.0-beta02/8635f5e4c28acd813bc78a044d6f1492de7c575/androidx-palette-jvm.jar:/home/annihilator/.gradle/caches/modules-2/files-2.1/dev.drewhamilton.poko/poko-annotations-jvm/0.21.3/1e98d2ec00742104bd01eaebbd59582dac99a62/poko-annotations-jvm-0.21.3.jar:/home/annihilator/.gradle/caches/modules-2/files-2.1/com.russhwolf/multiplatform-settings-no-arg-jvm/1.3.0/b9d2280a0d56597619afb286d7c5f697f2e83f03/multiplatform-settings-no-arg-jvm-1.3.0.jar:/home/annihilator/.gradle/caches/modules-2/files-2.1/com.russhwolf/multiplatform-settings-coroutines-jvm/1.3.0/c64a7df35357b1e8fa74b830d006d2ea23fcb395/multiplatform-settings-coroutines-jvm-1.3.0.jar:/home/annihilator/.gradle/caches/modules-2/files-2.1/dev.whyoleg.cryptography/cryptography-provider-jdk-jvm/0.5.0/3a2721ac930c182a0e424f2d558cfa9d52cc1b3/cryptography-provider-jdk-jvm-0.5.0.jar:/home/annihilator/.gradle/caches/modules-2/files-2.1/dev.whyoleg.cryptography/cryptography-provider-base-jvm/0.5.0/e03b79926494512ac452ca00cfa5e27135262d32/cryptography-provider-base-jvm-0.5.0.jar:/home/annihilator/.gradle/caches/modules-2/files-2.1/dev.whyoleg.cryptography/cryptography-serialization-asn1-modules-jvm/0.5.0/9308027088c76026a5b96f5b5b400859310ca1af/cryptography-serialization-asn1-modules-jvm-0.5.0.jar:/home/annihilator/.gradle/caches/modules-2/files-2.1/dev.whyoleg.cryptography/cryptography-serialization-asn1-jvm/0.5.0/242a38b98c1dd201f499485925f22c972858c153/cryptography-serialization-asn1-jvm-0.5.0.jar:/home/annihilator/.gradle/caches/modules-2/files-2.1/dev.whyoleg.cryptography/cryptography-bigint-jvm/0.5.0/97ac3202bf7f3792b3c8bc788a7bbb1b33ca2485/cryptography-bigint-jvm-0.5.0.jar:/home/annihilator/.gradle/caches/modules-2/files-2.1/dev.whyoleg.cryptography/cryptography-random-jvm/0.5.0/8e77668891b60f6058f1262e032d8b06d137bdde/cryptography-random-jvm-0.5.0.jar:/home/annihilator/.gradle/caches/modules-2/files-2.1/dev.whyoleg.cryptography/cryptography-serialization-pem-jvm/0.5.0/7b5cb41c77698e6fb3fab21e67bf7b9e988e11a2/cryptography-serialization-pem-jvm-0.5.0.jar:/home/annihilator/.gradle/caches/modules-2/files-2.1/dev.whyoleg.cryptography/cryptography-provider-optimal-jvm/0.5.0/f0ff9daaf78932f6348ee90d014ca4c78337971b/cryptography-provider-optimal-jvm-0.5.0.jar:/home/annihilator/.gradle/caches/modules-2/files-2.1/dev.whyoleg.cryptography/cryptography-core-jvm/0.5.0/d0fc25786ede38c33893236eacc3d6ab11d2ad10/cryptography-core-jvm-0.5.0.jar:/home/annihilator/.gradle/caches/modules-2/files-2.1/io.ktor/ktor-client-content-negotiation-jvm/3.4.0/266c1aef9d340c22cd859dd5c9174c2e1d86489f/ktor-client-content-negotiation-jvm-3.4.0.jar:/home/annihilator/.gradle/caches/modules-2/files-2.1/io.ktor/ktor-client-core-jvm/3.4.1/84dc032a29f56bdac73449f78a0a2e7f9cab042/ktor-client-core-jvm-3.4.1.jar:/home/annihilator/.gradle/caches/modules-2/files-2.1/io.ktor/ktor-http-cio-jvm/3.4.1/3bd25f53a79a1f68eaec86ae9da4878314cc80af/ktor-http-cio-jvm-3.4.1.jar:/home/annihilator/.gradle/caches/modules-2/files-2.1/io.ktor/ktor-websocket-serialization-jvm/3.4.1/3a687a268f242dab9b624b78d3daeb646aeed5cb/ktor-websocket-serialization-jvm-3.4.1.jar:/home/annihilator/.gradle/caches/modules-2/files-2.1/io.ktor/ktor-serialization-kotlinx-json-jvm/3.4.0/2a09f17d70b6e61623fd8aff9bdce6d7877892/ktor-serialization-kotlinx-json-jvm-3.4.0.jar:/home/annihilator/.gradle/caches/modules-2/files-2.1/io.ktor/ktor-serialization-kotlinx-jvm/3.4.0/d001db47b2ebe8ad8b2cb1bb2a687688840f5887/ktor-serialization-kotlinx-jvm-3.4.0.jar:/home/annihilator/.gradle/caches/modules-2/files-2.1/io.ktor/ktor-serialization-jvm/3.4.1/6fec7fdb4da27d09ff33a34e6e990b215f7c19c4/ktor-serialization-jvm-3.4.1.jar:/home/annihilator/.gradle/caches/modules-2/files-2.1/io.ktor/ktor-websockets-jvm/3.4.1/83226f3612bffab4d0af0d26f9e4d6b7d2e02a58/ktor-websockets-jvm-3.4.1.jar:/home/annihilator/.gradle/caches/modules-2/files-2.1/io.ktor/ktor-network-tls-jvm/3.4.1/8d17de5904253b073b44499a3e67ba99ca2ca8f6/ktor-network-tls-jvm-3.4.1.jar:/home/annihilator/.gradle/caches/modules-2/files-2.1/com.fleeksoft.charset/charset-jvm/0.0.8/b6fcd5cc804844347929a83c56f1fdd854c9ce66/charset-jvm-0.0.8.jar:/home/annihilator/.gradle/caches/modules-2/files-2.1/com.fleeksoft.io/io-core-jvm/0.0.8/78517ce1ff4c2ccbb8b91b9f1549c6e7a0ae1044/io-core-jvm-0.0.8.jar:/home/annihilator/.gradle/caches/modules-2/files-2.1/co.touchlab/stately-concurrency-jvm/2.1.0/6285428408c4d7e4a6d9a09511de877103effd81/stately-concurrency-jvm-2.1.0.jar:/home/annihilator/.gradle/caches/modules-2/files-2.1/org.jetbrains.kotlin/kotlin-stdlib-jdk7/1.9.0/f320478990d05e0cfaadd74f9619fd6027adbf37/kotlin-stdlib-jdk7-1.9.0.jar:/home/annihilator/.gradle/caches/modules-2/files-2.1/org.jetbrains.kotlinx/kotlinx-coroutines-slf4j/1.11.0/556153d93573d016dd4e5df37e3d03d07d8d303/kotlinx-coroutines-slf4j-1.11.0.jar:/home/annihilator/.gradle/caches/modules-2/files-2.1/org.jetbrains.kotlinx/kotlinx-coroutines-swing/1.11.0/3cf134b8aefd813622edc37e60d66b939b55cb36/kotlinx-coroutines-swing-1.11.0.jar:/home/annihilator/.gradle/caches/modules-2/files-2.1/io.ktor/ktor-http-jvm/3.4.1/6605b91c8f06bb6f67e2ec13b8ccea7926f4a526/ktor-http-jvm-3.4.1.jar:/home/annihilator/.gradle/caches/modules-2/files-2.1/io.ktor/ktor-events-jvm/3.4.1/c7aa6bd43fcaf3da2f57a5417b1df66814ec2577/ktor-events-jvm-3.4.1.jar:/home/annihilator/.gradle/caches/modules-2/files-2.1/io.ktor/ktor-sse-jvm/3.4.1/f95e6419c5bb24bed7c718dbff8b292a90db881e/ktor-sse-jvm-3.4.1.jar:/home/annihilator/.gradle/caches/modules-2/files-2.1/io.ktor/ktor-network-jvm/3.4.1/a3b710fabdc38031ff0fb96eaee2a6ddf5ada9c6/ktor-network-jvm-3.4.1.jar:/home/annihilator/.gradle/caches/modules-2/files-2.1/io.ktor/ktor-utils-jvm/3.4.1/f1ad623952ea49c631db750560228e3984790e48/ktor-utils-jvm-3.4.1.jar:/home/annihilator/.gradle/caches/modules-2/files-2.1/io.ktor/ktor-io-jvm/3.4.1/fccd4e08dde189d82ae9a3f5fdbbf152ccd3a9c8/ktor-io-jvm-3.4.1.jar:/home/annihilator/.gradle/caches/modules-2/files-2.1/org.jetbrains.kotlinx/kotlinx-coroutines-core-jvm/1.11.0/3d57dc678bd8d72a60e7adf0eca5c54e3f4f4b79/kotlinx-coroutines-core-jvm-1.11.0.jar:/home/annihilator/.gradle/caches/modules-2/files-2.1/org.jetbrains.kotlinx/kotlinx-serialization-json-io-jvm/1.11.0/645ed54ca9128fc217b30b3686a083141ebe635c/kotlinx-serialization-json-io-jvm-1.11.0.jar:/home/annihilator/.gradle/caches/modules-2/files-2.1/org.jetbrains.kotlinx/kotlinx-serialization-json-jvm/1.11.0/e7e045e99e56f07599bb9ccb708c2190e2af0606/kotlinx-serialization-json-jvm-1.11.0.jar:/home/annihilator/.gradle/caches/modules-2/files-2.1/org.jetbrains.kotlinx/kotlinx-serialization-core-jvm/1.11.0/c1905c9bf7452b045d5af9248835abe64ddad6bf/kotlinx-serialization-core-jvm-1.11.0.jar:/home/annihilator/.gradle/caches/modules-2/files-2.1/androidx.arch.core/core-common/2.2.0/5e1b8b81dfd5f52c56a8d53b18ca759c19a301f3/core-common-2.2.0.jar:/home/annihilator/.gradle/caches/modules-2/files-2.1/androidx.annotation/annotation-jvm/1.10.0/388cfaa79001d0f024d28f6a13d5a3dfc2f0e18f/annotation-jvm-1.10.0.jar:/home/annihilator/.gradle/caches/modules-2/files-2.1/org.jetbrains.kotlinx/kotlinx-io-core-jvm/0.9.0/7f7536f8f057ffc7f79375714e9730c4b8bdd7c9/kotlinx-io-core-jvm-0.9.0.jar:/home/annihilator/.gradle/caches/modules-2/files-2.1/com.squareup.okio/okio-jvm/3.17.0/a12d684ec0df9541b3869ae60a4a5257fd3613df/okio-jvm-3.17.0.jar:/home/annihilator/.gradle/caches/modules-2/files-2.1/co.touchlab/kermit-jvm/2.0.8/83ee3b1da12d91011c3e93558f97bc28665810de/kermit-jvm-2.0.8.jar:/home/annihilator/.gradle/caches/modules-2/files-2.1/org.jetbrains.kotlinx/kotlinx-collections-immutable-jvm/0.4.0/82499bf608b0fc3ae6737a5eac1a1f1325279bbf/kotlinx-collections-immutable-jvm-0.4.0.jar:/home/annihilator/.gradle/caches/modules-2/files-2.1/com.russhwolf/multiplatform-settings-jvm/1.3.0/76fe39b1cbb2b2b951ec230ab85e610ae179aab7/multiplatform-settings-jvm-1.3.0.jar:/home/annihilator/.gradle/caches/modules-2/files-2.1/co.touchlab/stately-strict-jvm/2.1.0/3ae8369209065455f4630793bf6aca0fb88c8b6b/stately-strict-jvm-2.1.0.jar:/home/annihilator/.gradle/caches/modules-2/files-2.1/org.jetbrains.kotlinx/kotlinx-io-bytestring-jvm/0.9.0/e73a7915234a8ea7954f32b715ef8e42b02f66a3/kotlinx-io-bytestring-jvm-0.9.0.jar:/home/annihilator/.gradle/caches/modules-2/files-2.1/co.touchlab/kermit-core-jvm/2.0.8/7d782124fef2b0c4dccf07208e1cf3aa13b57058/kermit-core-jvm-2.0.8.jar:/home/annihilator/.gradle/caches/modules-2/files-2.1/org.jetbrains.kotlin/kotlin-stdlib/2.4.0/4e9f4b531dce5c7dee58ed2de9a8b9a763c8dc6c/kotlin-stdlib-2.4.0.jar:/home/annihilator/.gradle/caches/modules-2/files-2.1/org.lwjgl/lwjgl-glfw/3.3.6/7119f7d0eeb1e5502ff0ca71d2b4d47317da015/lwjgl-glfw-3.3.6.jar:/home/annihilator/.gradle/caches/modules-2/files-2.1/org.lwjgl/lwjgl-glfw/3.3.6/797e0965709ad180d9b00c88a086dbda15002203/lwjgl-glfw-3.3.6-natives-linux.jar:/home/annihilator/.gradle/caches/modules-2/files-2.1/org.lwjgl/lwjgl-opengl/3.3.6/ac2532612a4df374e9a9282bcf8ce2573018ebbb/lwjgl-opengl-3.3.6.jar:/home/annihilator/.gradle/caches/modules-2/files-2.1/org.lwjgl/lwjgl-opengl/3.3.6/b8dc6467fe232d552793c53dc56f9fa8a385299c/lwjgl-opengl-3.3.6-natives-linux.jar:/home/annihilator/.gradle/caches/modules-2/files-2.1/org.lwjgl/lwjgl-vulkan/3.3.6/a403e0931b03b138854bb2ba9c48dab646cba6d8/lwjgl-vulkan-3.3.6.jar:/home/annihilator/.gradle/caches/modules-2/files-2.1/org.lwjgl/lwjgl/3.3.6/ce7721d30cfaf47feaed10213e0c43eb55c49d68/lwjgl-3.3.6.jar:/home/annihilator/.gradle/caches/modules-2/files-2.1/org.lwjgl/lwjgl/3.3.6/dc7db8fc4f1e6563867f9155b9a42d9c73d8992f/lwjgl-3.3.6-natives-linux.jar:/home/annihilator/.gradle/caches/modules-2/files-2.1/org.jetbrains/annotations/23.0.0/8cc20c07506ec18e0834947b84a864bfc094484e/annotations-23.0.0.jar:/home/annihilator/.gradle/caches/modules-2/files-2.1/io.sentry/sentry/8.52.0/b26a1b9181c78835078956c352f20cecd459e7a6/sentry-8.52.0.jar:/home/annihilator/.gradle/caches/modules-2/files-2.1/org.jetbrains.runtime/jbr-api/1.9.0/2bc161f5472b5fd5610740e4d6ebe896c811cb0e/jbr-api-1.9.0.jar:/home/annihilator/.gradle/caches/modules-2/files-2.1/org.slf4j/slf4j-api/2.0.17/d9e58ac9c7779ba3bf8142aff6c830617a7fe60f/slf4j-api-2.0.17.jar:/home/annihilator/.gradle/caches/modules-2/files-2.1/net.java.dev.jna/jna-platform/5.19.1/d1e54d9231da5ca3fa730d52960deaa555475468/jna-platform-5.19.1.jar:/home/annihilator/.gradle/caches/modules-2/files-2.1/com.typesafe/config/1.4.5/cc25b497ded7068a861517a815546fb472f9e58/config-1.4.5.jar:/home/annihilator/.gradle/caches/modules-2/files-2.1/org.fusesource.jansi/jansi/2.4.2/ba7387c31622c6650b83edba1bbb115f1fe462ba/jansi-2.4.2.jar:/home/annihilator/.gradle/caches/modules-2/files-2.1/net.java.dev.jna/jna/5.19.1/ca303052cd617c1af2e2c8d344c98a706fb63143/jna-5.19.1.jar:/home/annihilator/.gradle/caches/modules-2/files-2.1/org.jspecify/jspecify/1.0.0/7425a601c1c7ec76645a78d22b8c6a627edee507/jspecify-1.0.0.jar
Launcher Type: SUN_STANDARD

[Global flags]
     bool AOTAdapterCaching                        = false                                  {diagnostic} {ergonomic}
     bool AOTInvokeDynamicLinking                  = false                                  {diagnostic} {ergonomic}
     bool AOTRecordTraining                        = false                                  {diagnostic} {ergonomic}
     bool AOTReplayTraining                        = false                                  {diagnostic} {ergonomic}
     bool AOTStubCaching                           = false                                  {diagnostic} {ergonomic}
     intx CICompilerCount                          = 12                                        {product} {ergonomic}
     uint ConcGCThreads                            = 3                                         {product} {ergonomic}
     uint G1ConcRefinementThreads                  = 13                                        {product} {ergonomic}
     uint G1EagerReclaimRemSetThreshold            = 16                                   {experimental} {ergonomic}
   size_t G1HeapRegionSize                         = 2097152                                   {product} {ergonomic}
     uint G1RemSetArrayOfCardsEntries              = 16                                   {experimental} {ergonomic}
     uint G1RemSetHowlMaxNumBuckets                = 8                                    {experimental} {ergonomic}
     uint G1RemSetHowlNumBuckets                   = 8                                    {experimental} {ergonomic}
   size_t InitialHeapSize                          = 8388608                                   {product} {ergonomic}
     bool IntelJccErratumMitigation                = false                             {ARCH diagnostic} {ergonomic}
   size_t MarkStackSize                            = 4194304                                   {product} {ergonomic}
   size_t MarkStackSizeMax                         = 536870912                                 {product} {ergonomic}
   size_t MaxHeapSize                              = 4032823296                                {product} {ergonomic}
   size_t MaxNewSize                               = 2418016256                                {product} {ergonomic}
 uint64_t MaxRAM                                   = 16128925696                               {product} {ergonomic}
   size_t MinHeapDeltaBytes                        = 2097152                                   {product} {ergonomic}
   size_t MinHeapSize                              = 8388608                                   {product} {ergonomic}
   size_t NonNMethodCodeHeapSize                   = 7606272                                {pd product} {ergonomic}
   size_t NonProfiledCodeHeapSize                  = 122028032                              {pd product} {ergonomic}
   size_t ProfiledCodeHeapSize                     = 122028032                              {pd product} {ergonomic}
   size_t ReservedCodeCacheSize                    = 251662336                              {pd product} {ergonomic}
     bool SegmentedCodeCache                       = true                                      {product} {ergonomic}
   size_t SoftMaxHeapSize                          = 4032823296                             {manageable} {ergonomic}
     bool UseCompressedOops                        = true                           {product lp64_product} {ergonomic}
     bool UseCondCardMark                          = true                                      {product} {ergonomic}
     bool UseFastUnorderedTimeStamps               = true                                 {experimental} {ergonomic}
     bool UseG1GC                                  = true                                      {product} {ergonomic}
      int X86ICacheSync                            = 3                                 {ARCH diagnostic} {ergonomic}

Logging:
Log output configuration:
 #0: 
[error occurred during error reporting (printing log configuration), id 0xb, SIGSEGV (0xb) at pc=0x00007fa26759b718]
Release file:
IMPLEMENTOR="Arch Linux"
JAVA_RUNTIME_VERSION="26.0.2.1"
JAVA_VERSION="26.0.2.1"
JAVA_VERSION_DATE="2026-08-18"
LIBC="gnu"
MODULES="java.base java.compiler java.datatransfer java.xml java.prefs java.desktop java.instrument java.logging java.management java.security.sasl java.naming java.rmi java.management.rmi java.net.http java.scripting java.security.jgss java.transaction.xa java.sql java.sql.rowset java.xml.crypto java.se java.smartcardio jdk.accessibility jdk.internal.jvmstat jdk.attach jdk.charsets jdk.internal.opt jdk.zipfs jdk.compiler jdk.crypto.cryptoki jdk.crypto.ec jdk.dynalink jdk.internal.ed jdk.editpad jdk.internal.vm.ci jdk.graal.compiler jdk.graal.compiler.management jdk.hotspot.agent jdk.httpserver jdk.incubator.vector jdk.internal.le jdk.internal.md jdk.jartool jdk.javadoc jdk.jcmd jdk.management jdk.management.agent jdk.jconsole jdk.jdeps jdk.jdwp.agent jdk.jdi jdk.jfr jdk.jlink jdk.jpackage jdk.jshell jdk.jstatd jdk.localedata jdk.management.jfr jdk.naming.dns jdk.naming.rmi jdk.net jdk.nio.mapmode jdk.sctp jdk.security.auth jdk.security.jgss jdk.unsupported jdk.unsupported.desktop jdk.xml.dom"
OS_ARCH="x86_64"
OS_NAME="Linux"
SOURCE=""

Environment Variables:
PATH=/home/annihilator/.local/bin:/home/annihilator/bin:/home/annihilator/.cargo/bin:/home/annihilator/.npm-global/bin:/home/annihilator/.local/share/solana/install/active_release/bin:/usr/local/sbin:/usr/local/bin:/usr/bin:/opt/cuda/bin:/var/lib/flatpak/exports/bin:/usr/lib/jvm/default/bin:/usr/bin/site_perl:/usr/bin/vendor_perl:/usr/bin/core_perl:/opt/rocm/bin:/home/annihilator/.config/Claude/local-agent-mode-sessions/f30d0a67-fea7-4d47-acce-d7da1f075d93/3f6e0ddc-f963-4a28-bb3d-52c35a96b68e/rpm/plugin_0155zZVATbJU3jHUmPP9NvMC/bin:/home/annihilator/.config/Claude/local-agent-mode-sessions/skills-plugin/3f6e0ddc-f963-4a28-bb3d-52c35a96b68e/f30d0a67-fea7-4d47-acce-d7da1f075d93/bin
LD_PRELOAD=/tmp/libglxshim.so
SHELL=/bin/zsh
DISPLAY=:0
WAYLAND_DISPLAY=wayland-1
LANG=en_GB.UTF-8

Active Locale:
LC_ALL=LC_CTYPE=en_GB.UTF-8;LC_NUMERIC=C;LC_TIME=en_GB.UTF-8;LC_COLLATE=en_GB.UTF-8;LC_MONETARY=en_GB.UTF-8;LC_MESSAGES=en_GB.UTF-8;LC_PAPER=en_GB.UTF-8;LC_NAME=en_GB.UTF-8;LC_ADDRESS=en_GB.UTF-8;LC_TELEPHONE=en_GB.UTF-8;LC_MEASUREMENT=en_GB.UTF-8;LC_IDENTIFICATION=en_GB.UTF-8
LC_COLLATE=en_GB.UTF-8
LC_CTYPE=en_GB.UTF-8
LC_MESSAGES=en_GB.UTF-8
LC_MONETARY=en_GB.UTF-8
LC_NUMERIC=C
LC_TIME=en_GB.UTF-8

Signal Handlers:
   SIGSEGV: 0x00007fa267a80b00 in libjvm.so+15207168, mask=11100100010111111101111111111110, flags=SA_RESTART|SA_SIGINFO, unblocked
    SIGBUS: 0x00007fa267a80b00 in libjvm.so+15207168, mask=11100100010111111101111111111110, flags=SA_RESTART|SA_SIGINFO, unblocked
    SIGFPE: 0x00007fa267a80b00 in libjvm.so+15207168, mask=11100100010111111101111111111110, flags=SA_RESTART|SA_SIGINFO, unblocked
   SIGPIPE: SIG_IGN, mask=11111111011111111101111111111110, flags=SA_RESTART, blocked
  *** Handler was modified!
  *** Expected: 0x00007fa2678de900 in libjvm.so+13494528, mask=11100100110111111111111111111110, flags=SA_RESTART|SA_SIGINFO
   SIGXFSZ: 0x00007fa2678de900 in libjvm.so+13494528, mask=11100100010111111101111111111110, flags=SA_RESTART|SA_SIGINFO, blocked
    SIGILL: 0x00007fa267a80b00 in libjvm.so+15207168, mask=11100100010111111101111111111110, flags=SA_RESTART|SA_SIGINFO, unblocked
   SIGUSR2: 0x00007fa2678e15b0 in libjvm.so+13505968, mask=00000000000000000000000000000000, flags=SA_RESTART|SA_SIGINFO, blocked
    SIGHUP: SIG_IGN, mask=00000000000000000000000000000000, flags=none, blocked
    SIGINT: SIG_DFL, mask=00000000000000000000000000000000, flags=SA_RESTART, blocked
   SIGTERM: SIG_DFL, mask=00000000000000000000000000000000, flags=SA_RESTART, blocked
   SIGQUIT: SIG_DFL, mask=00000000000000000000000000000000, flags=SA_RESTART, blocked
   SIGTRAP: 0x00007fa267a80b00 in libjvm.so+15207168, mask=11100100010111111101111111111110, flags=SA_RESTART|SA_SIGINFO, unblocked


Compilation memory statistics disabled.

Periodic native trim disabled

---------------  S Y S T E M  ---------------

OS:
DISTRIB_ID="Arch"
DISTRIB_RELEASE="rolling"
DISTRIB_DESCRIPTION="Arch Linux"
uname: Linux 7.1.9-arch1-2 #1 SMP PREEMPT_DYNAMIC Fri, 21 Aug 2026 22:18:59 +0000 x86_64
OS uptime: 1 days 13:33 hours
libc: glibc 2.44 NPTL 2.44 
rlimit (soft/hard): STACK 8192k/infinity , CORE infinity/infinity , NPROC 60477/60477 , NOFILE 524288/524288 , AS infinity/infinity , CPU infinity/infinity , DATA infinity/infinity , FSIZE infinity/infinity , MEMLOCK 8192k/8192k
load average: 1.63 2.07 2.47

/proc/meminfo:
MemTotal:       15750904 kB
MemFree:         2866544 kB
MemAvailable:    5585668 kB
Buffers:           32236 kB
Cached:          2915852 kB
SwapCached:       179064 kB
Active:          5568692 kB
Inactive:        3286384 kB
Active(anon):    4413300 kB
Inactive(anon):  1556736 kB
Active(file):    1155392 kB
Inactive(file):  1729648 kB
Unevictable:      516204 kB
Mlocked:            2516 kB
SwapTotal:      24652280 kB
SwapFree:       18050672 kB
Zswap:                 0 kB
Zswapped:              0 kB
Dirty:              1192 kB
Writeback:             0 kB
AnonPages:       6367880 kB
Mapped:           854228 kB
Shmem:             33548 kB
KReclaimable:     168084 kB
Slab:             443008 kB
SReclaimable:     168084 kB
SUnreclaim:       274924 kB
KernelStack:       34368 kB
PageTables:        92516 kB
SecPageTables:      2264 kB
NFS_Unstable:          0 kB
Bounce:                0 kB
WritebackTmp:          0 kB
CommitLimit:    32527732 kB
Committed_AS:   31653120 kB
VmallocTotal:   34359738367 kB
VmallocUsed:      202328 kB
VmallocChunk:          0 kB
Percpu:            11712 kB
HardwareCorrupted:     0 kB
AnonHugePages:   1660928 kB
ShmemHugePages:        0 kB
ShmemPmdMapped:        0 kB
FileHugePages:    378880 kB
FilePmdMapped:    342016 kB
CmaTotal:              0 kB
CmaFree:               0 kB
Unaccepted:            0 kB
Balloon:               0 kB
GPUActive:         87568 kB
GPUReclaim:         4096 kB
HugePages_Total:       0
HugePages_Free:        0
HugePages_Rsvd:        0
HugePages_Surp:        0
Hugepagesize:       2048 kB
Hugetlb:               0 kB
DirectMap4k:    14328536 kB
DirectMap2M:     1826816 kB
DirectMap1G:           0 kB

/sys/kernel/mm/transparent_hugepage/enabled: [always] madvise never
/sys/kernel/mm/transparent_hugepage/hpage_pmd_size: 2097152
/sys/kernel/mm/transparent_hugepage/shmem_enabled: always within_size [advise] never deny force
/sys/kernel/mm/transparent_hugepage/defrag (defrag/compaction efforts parameter): always defer defer+madvise [madvise] never

Process Memory:
Virtual Size: 14482272K (peak: 19335428K)
Resident Set Size: 1552116K (peak: 3614112K) (anon: 1134256K, file: 416676K, shmem: 1184K)
Swapped out: 0K
C-Heap outstanding allocations: 168537K, retained: 2708063K
glibc malloc tunables: (default)

/proc/sys/kernel/threads-max (system-wide limit on the number of threads): 120955
/proc/sys/vm/max_map_count (maximum number of memory map areas a process may have): 1048576
/proc/sys/vm/swappiness (control to define how aggressively the kernel swaps out anonymous memory): 60
/proc/sys/kernel/pid_max (system-wide limit on number of process identifiers): 4194304

container information not found.
Steal ticks since vm start: 0
Steal ticks percentage since vm start:  0.000

CPU: total 16 (initial active 16) (8 cores per cpu, 2 threads per core) family 25 model 80 stepping 0 microcode 0xa500012, cx8, cmov, fxsr, ht, mmx, 3dnowpref, sse, sse2, sse3, ssse3, sse4a, sse4.1, sse4.2, popcnt, lzcnt, tsc, tscinvbit, avx, avx2, aes, erms, clmul, bmi1, bmi2, adx, sha, fma, vzeroupper, clflush, clflushopt, clwb, rdtscp, rdpid, fsrm, f16c, pku, ospke, cet_ss
CPU Model and flags from /proc/cpuinfo:
model name	: AMD Ryzen 7 5800HS with Radeon Graphics
flags		: fpu vme de pse tsc msr pae mce cx8 apic sep mtrr pge mca cmov pat pse36 clflush mmx fxsr sse sse2 ht syscall nx mmxext fxsr_opt pdpe1gb rdtscp lm constant_tsc rep_good nopl xtopology nonstop_tsc cpuid extd_apicid aperfmperf rapl pni pclmulqdq monitor ssse3 fma cx16 sse4_1 sse4_2 movbe popcnt aes xsave avx f16c rdrand lahf_lm cmp_legacy svm extapic cr8_legacy abm sse4a misalignsse 3dnowprefetch osvw ibs skinit wdt tce topoext perfctr_core perfctr_nb bpext perfctr_llc mwaitx cpb cat_l3 cdp_l3 hw_pstate ssbd mba ibrs ibpb stibp vmmcall fsgsbase bmi1 avx2 smep bmi2 erms invpcid cqm rdt_a rdseed adx smap clflushopt clwb sha_ni xsaveopt xsavec xgetbv1 xsaves cqm_llc cqm_occup_llc cqm_mbm_total cqm_mbm_local user_shstk clzero irperf xsaveerptr rdpru wbnoinvd cppc arat npt lbrv svm_lock nrip_save tsc_scale vmcb_clean flushbyasid decodeassists pausefilter pfthreshold avic v_vmsave_vmload vgif v_spec_ctrl umip pku ospke vaes vpclmulqdq rdpid overflow_recov succor smca fsrm debug_swap

Online cpus: 0-15
Offline cpus: 
BIOS frequency limitation: <Not Available>
Frequency switch latency (ns): 0
Available cpu frequencies: <Not Available>
Current governor: powersave
Core performance/turbo boost: 1

Memory: 4k page, physical 15750904k(5585668k free), swap 24652280k(18050672k free)
Page Sizes: 4k

vm_info: OpenJDK 64-Bit Server VM (26.0.2.1) for linux-amd64 JRE (26.0.2.1), built on 2026-08-19T07:23:47Z with gcc 16.2.1 20260810

END.
