#
# A fatal error has been detected by the Java Runtime Environment:
#
#  SIGSEGV (0xb) at pc=0x00007f4d398523d1, pid=2229192, tid=2229205
#
# JRE version: OpenJDK Runtime Environment (26.0.2.1) (build 26.0.2.1)
# Java VM: OpenJDK 64-Bit Server VM (26.0.2.1, mixed mode, sharing, tiered, compressed oops, compressed class ptrs, g1 gc, linux-amd64)
# Problematic frame:
# C  [libnvidia-eglcore.so.610.57.04+0xa523d1]
#
# Core dump will be written. Default location: Determined by the following: "/usr/lib/systemd/systemd-coredump %P %u %g %s %t %c %h %d %F %I" (alternatively, falling back to /home/annihilator/dev/NuvioDesktop/waylandHost/core.2229192)
#
# If you would like to submit a bug report, please visit:
#   https://bugreport.java.com/bugreport/crash.jsp
#

---------------  S U M M A R Y ------------

Command Line: -Dnuvio.wayland.libmpv=/home/annihilator/dev/mpv/build/libmpv.so.2 -Dnuvio.wayland.realApp=true -Dnuvio.wayland.videoLog=true -Dnuvio.wayland.webChrome=true -Dorg.lwjgl.util.Debug=false --enable-native-access=ALL-UNNAMED -Dfile.encoding=UTF-8 -Duser.country=GB -Duser.language=en -Duser.variant com.nuvio.wayland.MainKt

Host: AMD Ryzen 7 5800HS with Radeon Graphics, 16 cores, 15G, Arch Linux
Time: Mon Aug 24 12:00:15 2026 BST elapsed time: 74.448823 seconds (0d 0h 1m 14s)

---------------  T H R E A D  ---------------

Current thread (0x00007f4d980ff8b0):  VMThread "VM Thread"          [id=2229205, stack(0x00007f4d71bfd000,0x00007f4d71cfd000) (1024K)]

Stack: [0x00007f4d71bfd000,0x00007f4d71cfd000],  sp=0x00007f4d71cfb440,  free space=1017k
Native frames: (J=compiled Java code, j=interpreted, Vv=VM code, C=native code)
C  [libnvidia-eglcore.so.610.57.04+0xa523d1]

siginfo: si_signo: 11 (SIGSEGV), si_code: 1 (SEGV_MAPERR), si_addr: 0x00000000000abdc8

Registers:
RAX=0x0000000000000003, RBX=0x00007f4d9b9f2970, RCX=0x0000000000000005, RDX=0x0000000000000000
RSP=0x00007f4d71cfb440, RBP=0x00007f4d3b358140, RSI=0x00007f4d98799b70, RDI=0x00007f4d9b552360
R8 =0x00007f4d98000078, R9 =0x0000000000000020, R10=0x0000000000000000, R11=0x0000000000000000
R12=0x0000000040f37000, R13=0x00007f4d994e1e40, R14=0x00007f4d9abfacf0, R15=0x0000000040f37000
RIP=0x00007f4d398523d1, EFLAGS=0x0000000000010202, CSGSFS=0x002b000000000033, ERR=0x0000000000000004
  TRAPNO=0x000000000000000e

XMM[0]=0x0000000000000000 0x0000000000000000
XMM[1]=0x0000000000000000 0x41ca455780000000
XMM[2]=0x0000000000000000 0x43e0000000000000
XMM[3]=0x0000000000000000 0x0000000000000006
XMM[4]=0x0000000000000000 0x0000000000000000
XMM[5]=0x0000000000000000 0x0000000000000000
XMM[6]=0x0000000000000000 0x0000000000000000
XMM[7]=0x0000000000000051 0x0000000000000000
XMM[8]=0x0000000000000000 0xbfb999999999999a
XMM[9]=0x0000000000000000 0x0000000002e00000
XMM[10]=0x0000000000000000 0x0000000001c00000
XMM[11]=0x0000000000000000 0x0000000000000000
XMM[12]=0x0000000000000000 0x0000000000000000
XMM[13]=0x0000000000000000 0x0000000000000000
XMM[14]=0x0000000000000000 0x0000000000000000
XMM[15]=0x0000000000000000 0x0000000000000000
  MXCSR=0x00001fa2


Register to memory mapping:

RAX=0x0000000000000003 is an unknown value
RBX=0x00007f4d9b9f2970 points into unknown readable memory: 0x0000000000000000 | 00 00 00 00 00 00 00 00
RCX=0x0000000000000005 is an unknown value
RDX=0x0 is null
RSP=0x00007f4d71cfb440 points into unknown readable memory: 0x0000000040f37000 | 00 70 f3 40 00 00 00 00
RBP=0x00007f4d3b358140: <offset 0x0000000002558140> in /usr/lib/libnvidia-eglcore.so.610.57.04 at 0x00007f4d38e00000
RSI=0x00007f4d98799b70 points into unknown readable memory: 0x0000000400000001 | 01 00 00 00 04 00 00 00
RDI=0x00007f4d9b552360 points into unknown readable memory: 0x0000000000000000 | 00 00 00 00 00 00 00 00
R8 =0x00007f4d98000078 points into unknown readable memory: 0x00007f4d9a612b10 | 10 2b 61 9a 4d 7f 00 00
R9 =0x0000000000000020 is an unknown value
R10=0x0 is null
R11=0x0 is null
R12=0x0000000040f37000 points into unknown readable memory: 0x00007f4d98b85e50 | 50 5e b8 98 4d 7f 00 00
R13=0x00007f4d994e1e40 points into unknown readable memory: 0x0000000000002000 | 00 20 00 00 00 00 00 00
R14=0x00007f4d9abfacf0 points into unknown readable memory: 0x0000000600000000 | 00 00 00 00 06 00 00 00
R15=0x0000000040f37000 points into unknown readable memory: 0x00007f4d98b85e50 | 50 5e b8 98 4d 7f 00 00

Top of Stack: (sp=0x00007f4d71cfb440)
0x00007f4d71cfb440:   0000000040f37000 0000000000000003   .p.@............
0x00007f4d71cfb450:   00007f4d9b9f2970 0000000040f37000   p)..M....p.@....
0x00007f4d71cfb460:   00007f4d98bafe50 00007f4d3984730d   P...M....s.9M...
0x00007f4d71cfb470:   0000000040f37000 00007f4d9b9f2970   .p.@....p)..M...
0x00007f4d71cfb480:   00007f4d9abfaf70 0000000000000003   p...M...........
0x00007f4d71cfb490:   00007f4d9b521fe0 0000000040f37000   ..R.M....p.@....
0x00007f4d71cfb4a0:   00007f4d9abfaf70 00007f4d9abfacf0   p...M.......M...
0x00007f4d71cfb4b0:   0000000040f37000 00007f4d394fb708   .p.@......O9M...
0x00007f4d71cfb4c0:   00007f4d9aca4a20 0000000000000005    J..M...........
0x00007f4d71cfb4d0:   00007f4d9b521fe0 0000000000000005   ..R.M...........
0x00007f4d71cfb4e0:   00007f4d98a72960 0000000000000000   `)..M...........
0x00007f4d71cfb4f0:   0000000040f37000 00007f4d395302f6   .p.@......S9M...
0x00007f4d71cfb500:   00000000000000f0 0000001540f37000   .........p.@....
0x00007f4d71cfb510:   00007f4d994e1e40 0000000000000003   @.N.M...........
0x00007f4d71cfb520:   00007f4d98a72960 00007f4d3b3554c0   `)..M....T5;M...
0x00007f4d71cfb530:   0000000040f37000 00007f4d3b355480   .p.@.....T5;M...
0x00007f4d71cfb540:   00007f4d71cfb6f8 00007f4d3953160f   ...qM.....S9M...
0x00007f4d71cfb550:   00007f4d98da7a40 0000000040f37000   @z..M....p.@....
0x00007f4d71cfb560:   00007f4d71cfb58f 00007f4d994e1e40   ...qM...@.N.M...
0x00007f4d71cfb570:   00007f4d3b355460 00007f4d39501998   `T5;M.....P9M...
0x00007f4d71cfb580:   0000000040f37000 0000004d393a2ce8   .p.@.....,:9M...
0x00007f4d71cfb590:   00007f4d994e1e40 0000000040f37000   @.N.M....p.@....
0x00007f4d71cfb5a0:   00007f4d3b3554c0 00007f4d394eecb1   .T5;M.....N9M...
0x00007f4d71cfb5b0:   00007f4d3b358140 00007f4d3b358140   @.5;M...@.5;M...
0x00007f4d71cfb5c0:   0000000040f37000 00007f4d994e1e40   .p.@....@.N.M...
0x00007f4d71cfb5d0:   00007f4d3b355460 00007f4d397b15d8   `T5;M.....{9M...
0x00007f4d71cfb5e0:   00007f4d3b358140 00007f4d98a77190   @.5;M....q..M...
0x00007f4d71cfb5f0:   0000000040f37000 00007f4d3978d80d   .p.@......x9M...
0x00007f4d71cfb600:   0000000000000000 00007f4d98863eb0   .........>..M...
0x00007f4d71cfb610:   00007f4d994c9cd0 00007f4d988a0e10   ..L.M.......M...
0x00007f4d71cfb620:   0000000000000000 00007f4d3b515e5d   ........]^Q;M...
0x00007f4d71cfb630:   0000000000000000 00007f4d98863eb0   .........>..M...

Instructions: (pc=0x00007f4d398523d1)
  0x00007f4d398522d1:   8b bf 50 01 00 00 8b 96 a0 03 00 00 48 8b 07 8b
  0x00007f4d398522e1:   77 08 ff a0 88 02 00 00 0f 1f 80 00 00 00 00 48
  0x00007f4d398522f1:   83 be 28 05 00 00 00 0f 84 22 02 00 00 41 55 41
  0x00007f4d39852301:   54 49 89 fc 55 53 48 89 f3 48 83 ec 08 48 8d 2d
  0x00007f4d39852311:   2b 5e b0 01 0f b6 85 d0 0f 00 00 84 c0 75 0f 8b
  0x00007f4d39852321:   85 c4 0f 00 00 83 c0 01 89 85 c4 0f 00 00 8b 85
  0x00007f4d39852331:   cc 0f 00 00 83 f8 01 0f 87 32 01 00 00 49 8b 04
  0x00007f4d39852341:   24 4d 8b ac 24 08 ac 04 00 48 8b bb 20 05 00 00
  0x00007f4d39852351:   48 8b 90 d0 8d 02 00 4c 89 ee e8 50 91 fe ff 48
  0x00007f4d39852361:   8b bb 20 05 00 00 48 85 ff 74 06 48 8b 07 ff 50
  0x00007f4d39852371:   10 48 8b 83 28 05 00 00 48 c7 83 20 05 00 00 00
  0x00007f4d39852381:   00 00 00 83 a8 90 00 00 00 01 48 8b 83 28 05 00
  0x00007f4d39852391:   00 83 a8 8c 00 00 00 01 48 8b bb 28 05 00 00 8b
  0x00007f4d398523a1:   87 8c 00 00 00 85 c0 0f 84 02 01 00 00 48 8b b3
  0x00007f4d398523b1:   30 05 00 00 48 c7 83 28 05 00 00 00 00 00 00 48
  0x00007f4d398523c1:   85 f6 74 65 4d 85 ed 74 58 49 8b 95 48 10 00 00
=>0x00007f4d398523d1:   8b 82 c8 bd 0a 00 83 c0 01 89 82 c8 bd 0a 00 48
  0x00007f4d398523e1:   8b 93 30 05 00 00 89 42 28 48 8b 93 30 05 00 00
  0x00007f4d398523f1:   48 8b 4a 08 48 85 c9 74 18 8b 42 18 3b 42 20 73
  0x00007f4d39852401:   13 8b 93 d0 01 00 00 89 14 81 48 8b 93 30 05 00
  0x00007f4d39852411:   00 8b 42 18 83 c0 01 89 42 18 48 8b b3 30 05 00
  0x00007f4d39852421:   00 4c 89 e7 e8 46 b5 cd ff 48 c7 83 30 05 00 00
  0x00007f4d39852431:   00 00 00 00 8b 45 00 48 c7 83 38 05 00 00 00 00
  0x00007f4d39852441:   00 00 85 c0 75 79 0f b6 85 d0 0f 00 00 84 c0 75
  0x00007f4d39852451:   0f 8b 85 c4 0f 00 00 83 e8 01 89 85 c4 0f 00 00
  0x00007f4d39852461:   48 83 c4 08 5b 5d 41 5c 41 5d c3 0f 1f 40 00 48
  0x00007f4d39852471:   8d 05 09 30 b0 01 8b 7d 48 48 8d 75 28 ff 50 10
  0x00007f4d39852481:   8b 45 30 31 d2 83 f8 ff 0f 95 c2 01 d0 89 45 30
  0x00007f4d39852491:   48 8d 05 c8 2f b0 01 ff 10 83 45 00 01 89 45 38
  0x00007f4d398524a1:   48 89 55 40 e9 94 fe ff ff 66 0f 1f 44 00 00 e8
  0x00007f4d398524b1:   bb d4 f9 ff e9 f4 fe ff ff 66 0f 1f 44 00 00 83
  0x00007f4d398524c1:   e8 01 89 45 00 48 8d 05 93 2f b0 01 48 8b 58 08


Stack slot to memory mapping:

stack at sp + 0 slots: 0x0000000040f37000 points into unknown readable memory: 0x00007f4d98b85e50 | 50 5e b8 98 4d 7f 00 00
stack at sp + 1 slots: 0x0000000000000003 is an unknown value
stack at sp + 2 slots: 0x00007f4d9b9f2970 points into unknown readable memory: 0x0000000000000000 | 00 00 00 00 00 00 00 00
stack at sp + 3 slots: 0x0000000040f37000 points into unknown readable memory: 0x00007f4d98b85e50 | 50 5e b8 98 4d 7f 00 00
stack at sp + 4 slots: 0x00007f4d98bafe50 points into unknown readable memory: 0x00007f4d3b2c7df8 | f8 7d 2c 3b 4d 7f 00 00
stack at sp + 5 slots: 0x00007f4d3984730d: <offset 0x0000000000a4730d> in /usr/lib/libnvidia-eglcore.so.610.57.04 at 0x00007f4d38e00000
stack at sp + 6 slots: 0x0000000040f37000 points into unknown readable memory: 0x00007f4d98b85e50 | 50 5e b8 98 4d 7f 00 00
stack at sp + 7 slots: 0x00007f4d9b9f2970 points into unknown readable memory: 0x0000000000000000 | 00 00 00 00 00 00 00 00

VM_Operation (0x00007f4d9f9fe430): Exit, mode: safepoint, requested by thread 0x00007f4d98020000


---------------  P R O C E S S  ---------------

Threads class SMR info:
_java_thread_list=0x00005607da2a6950, length=63, elements={
0x00007f4d98020000, 0x00007f4d981089c0, 0x00007f4d981099c0, 0x00007f4d9810ad10,
0x00007f4d9810c420, 0x00007f4d9810dc70, 0x00007f4d9810fed0, 0x00007f4d981118a0,
0x00007f4d9814b220, 0x00007f4d9814dc90, 0x00007f4d98673d30, 0x00007f4d994c4860,
0x00007f4d994c5760, 0x00007f4d994c6e20, 0x00007f4d994c8020, 0x00007f4d99788450,
0x00007f4d998d83f0, 0x00007f4d48001c10, 0x00007f4d4800e600, 0x00007f4d99fdc560,
0x00007f4d9a4c1780, 0x00007f4d48199930, 0x00007f4d481cbeb0, 0x00007f4d481daf90,
0x00007f4d580314e0, 0x00007f4d601202f0, 0x00007f4d444fa900, 0x00007f4d444fb9d0,
0x00005607da5ba7d0, 0x00007f4d44506620, 0x00007f4d6c00a5a0, 0x00007f4d41337a60,
0x00007f4d41339110, 0x00007f4d541e1830, 0x00007f4d482923a0, 0x00007f4d444e1640,
0x00007f4d6c00bdb0, 0x00007f4d541c2300, 0x00007f4d6c012c60, 0x00007f4d500d0660,
0x00007f4d3c5f62b0, 0x00007f4d6c017f00, 0x00007f4d5436bc70, 0x00007f4d48284d60,
0x00007f4d4454c500, 0x00007f4d640868d0, 0x00007f4d5803d6d0, 0x00007f4d9b4bc130,
0x00007f4d9b4bedb0, 0x00007f4d9b4c88e0, 0x00007f4d9b4cc280, 0x00007f4d41a618f0,
0x00007f4d3c1dcc10, 0x00007f4d74074100, 0x00007f4d483b0980, 0x00007f4d41a637a0,
0x00007f4d4463ecd0, 0x00007f4d740759a0, 0x00007f4d3c1de870, 0x00007f4d9b4cead0,
0x00007f4d640b4e20, 0x00005607dd0c2090, 0x00005607dd0c2990
}

Java Threads: ( => current thread )
  0x00007f4d98020000 JavaThread "main"                              [_thread_blocked, id=2229193, stack(0x00007f4d9f900000,0x00007f4d9fa00000) (1024K)]
  0x00007f4d981089c0 JavaThread "Reference Handler"          daemon [_thread_blocked, id=2229206, stack(0x00007f4d71afc000,0x00007f4d71bfc000) (1024K)]
  0x00007f4d981099c0 JavaThread "Finalizer"                  daemon [_thread_blocked, id=2229207, stack(0x00007f4d719fb000,0x00007f4d71afb000) (1024K)]
  0x00007f4d9810ad10 JavaThread "Signal Dispatcher"          daemon [_thread_blocked, id=2229208, stack(0x00007f4d718fa000,0x00007f4d719fa000) (1024K)]
  0x00007f4d9810c420 JavaThread "Service Thread"             daemon [_thread_blocked, id=2229209, stack(0x00007f4d71500000,0x00007f4d71600000) (1024K)]
  0x00007f4d9810dc70 JavaThread "Monitor Deflation Thread"   daemon [_thread_blocked, id=2229210, stack(0x00007f4d713ff000,0x00007f4d714ff000) (1024K)]
  0x00007f4d9810fed0 JavaThread "C2 CompilerThread0"         daemon [_thread_blocked, id=2229211, stack(0x00007f4d712fe000,0x00007f4d713fe000) (1024K)]
  0x00007f4d981118a0 JavaThread "C1 CompilerThread0"         daemon [_thread_blocked, id=2229212, stack(0x00007f4d711fd000,0x00007f4d712fd000) (1024K)]
  0x00007f4d9814b220 JavaThread "Notification Thread"        daemon [_thread_blocked, id=2229214, stack(0x00007f4d70ffb000,0x00007f4d710fb000) (1024K)]
  0x00007f4d9814dc90 JavaThread "Common-Cleaner"             daemon [_thread_blocked, id=2229215, stack(0x00007f4d70efa000,0x00007f4d70ffa000) (1024K)]
  0x00007f4d98673d30 JavaThread "InnocuousThread-1"          daemon [_thread_blocked, id=2229241, stack(0x00007f4d708f4000,0x00007f4d709f4000) (1024K)]
  0x00007f4d994c4860 JavaThread "Java2D Disposer"            daemon [_thread_blocked, id=2229251, stack(0x00007f4d70cf8000,0x00007f4d70df8000) (1024K)]
  0x00007f4d994c5760 JavaThread "AWT-XAWT"                   daemon [_thread_in_native, id=2229252, stack(0x00007f4d211ee000,0x00007f4d212ee000) (1024K)]
  0x00007f4d994c6e20 JavaThread "AWT-Shutdown"                      [_thread_blocked, id=2229253, stack(0x00007f4d210ed000,0x00007f4d211ed000) (1024K)]
  0x00007f4d994c8020 JavaThread "AWT-EventQueue-0"                  [_thread_blocked, id=2229254, stack(0x00007f4d20b62000,0x00007f4d20c62000) (1024K)]
  0x00007f4d99788450 JavaThread "Reference Cleaner"          daemon [_thread_blocked, id=2229257, stack(0x00007f4d207b4000,0x00007f4d208b4000) (1024K)]
  0x00007f4d998d83f0 JavaThread "DefaultDispatcher-worker-2" daemon [_thread_blocked, id=2229260, stack(0x00007f4d1c1ff000,0x00007f4d1c2ff000) (1024K)]
  0x00007f4d48001c10 JavaThread "DefaultDispatcher-worker-3" daemon [_thread_blocked, id=2229261, stack(0x00007f4d1c0fe000,0x00007f4d1c1fe000) (1024K)]
  0x00007f4d4800e600 JavaThread "kotlinx.coroutines.DefaultExecutor" daemon [_thread_blocked, id=2229266, stack(0x00007f4d1bbf9000,0x00007f4d1bcf9000) (1024K)]
  0x00007f4d99fdc560 JavaThread "TimerQueue"                 daemon [_thread_blocked, id=2229319, stack(0x00007f4cec8fd000,0x00007f4cec9fd000) (1024K)]
  0x00007f4d9a4c1780 JavaThread "wpe-glib"                   daemon [_thread_in_native, id=2229343, stack(0x00007f4cec3f8000,0x00007f4cec4f8000) (1024K)]
  0x00007f4d48199930 JavaThread "DefaultDispatcher-worker-5" daemon [_thread_blocked, id=2229463, stack(0x00007f4c917f4000,0x00007f4c918f4000) (1024K)]
  0x00007f4d481cbeb0 JavaThread "DefaultDispatcher-worker-7" daemon [_thread_blocked, id=2229466, stack(0x00007f4c915f2000,0x00007f4c916f2000) (1024K)]
  0x00007f4d481daf90 JavaThread "DefaultDispatcher-worker-8" daemon [_thread_blocked, id=2229468, stack(0x00007f4c908ff000,0x00007f4c909ff000) (1024K)]
  0x00007f4d580314e0 JavaThread "DefaultDispatcher-worker-9" daemon [_thread_blocked, id=2229469, stack(0x00007f4c907fe000,0x00007f4c908fe000) (1024K)]
  0x00007f4d601202f0 JavaThread "DefaultDispatcher-worker-10" daemon [_thread_blocked, id=2229470, stack(0x00007f4c906fd000,0x00007f4c907fd000) (1024K)]
  0x00007f4d444fa900 JavaThread "OkHttp TaskRunner"          daemon [_thread_blocked, id=2229475, stack(0x00007f4c905fc000,0x00007f4c906fc000) (1024K)]
  0x00007f4d444fb9d0 JavaThread "OkHttp TaskRunner"          daemon [_thread_blocked, id=2229476, stack(0x00007f4c904fb000,0x00007f4c905fb000) (1024K)]
  0x00005607da5ba7d0 JavaThread "OkHttp TaskRunner"          daemon [_thread_blocked, id=2229477, stack(0x00007f4c903fa000,0x00007f4c904fa000) (1024K)]
  0x00007f4d44506620 JavaThread "Okio Watchdog"              daemon [_thread_blocked, id=2229478, stack(0x00007f4c902f9000,0x00007f4c903f9000) (1024K)]
  0x00007f4d6c00a5a0 JavaThread "DefaultDispatcher-worker-11" daemon [_thread_blocked, id=2229479, stack(0x00007f4c901f8000,0x00007f4c902f8000) (1024K)]
  0x00007f4d41337a60 JavaThread "OkHttp aiometadata.viren070.me" daemon [_thread_in_native, id=2229481, stack(0x00007f4c8fff6000,0x00007f4c900f6000) (1024K)]
  0x00007f4d41339110 JavaThread "OkHttp aiostreams.int.itsjustfun.xyz" daemon [_thread_in_native, id=2229482, stack(0x00007f4c8fef5000,0x00007f4c8fff5000) (1024K)]
  0x00007f4d541e1830 JavaThread "OkHttp TaskRunner"          daemon [_thread_blocked, id=2229483, stack(0x00007f4c8fdf4000,0x00007f4c8fef4000) (1024K)]
  0x00007f4d482923a0 JavaThread "DefaultDispatcher-worker-14" daemon [_thread_blocked, id=2229486, stack(0x00007f4c8faf1000,0x00007f4c8fbf1000) (1024K)]
  0x00007f4d444e1640 JavaThread "DefaultDispatcher-worker-15" daemon [_thread_blocked, id=2229487, stack(0x00007f4c8f9f0000,0x00007f4c8faf0000) (1024K)]
  0x00007f4d6c00bdb0 JavaThread "DefaultDispatcher-worker-16" daemon [_thread_blocked, id=2229488, stack(0x00007f4c8f8ef000,0x00007f4c8f9ef000) (1024K)]
  0x00007f4d541c2300 JavaThread "DefaultDispatcher-worker-17" daemon [_thread_blocked, id=2229489, stack(0x00007f4c8f7ee000,0x00007f4c8f8ee000) (1024K)]
  0x00007f4d6c012c60 JavaThread "DefaultDispatcher-worker-18" daemon [_thread_blocked, id=2229491, stack(0x00007f4c8f5ec000,0x00007f4c8f6ec000) (1024K)]
  0x00007f4d500d0660 JavaThread "OkHttp api.tiffara.com"     daemon [_thread_in_native, id=2229493, stack(0x00007f4c8f3ea000,0x00007f4c8f4ea000) (1024K)]
  0x00007f4d3c5f62b0 JavaThread "OkHttp TaskRunner"          daemon [_thread_blocked, id=2229495, stack(0x00007f4c8f1e8000,0x00007f4c8f2e8000) (1024K)]
  0x00007f4d6c017f00 JavaThread "DefaultDispatcher-worker-13" daemon [_thread_blocked, id=2229568, stack(0x00007f4c91df6000,0x00007f4c91ef6000) (1024K)]
  0x00007f4d5436bc70 JavaThread "DefaultDispatcher-worker-4" daemon [_thread_blocked, id=2229590, stack(0x00007f4c9128b000,0x00007f4c9138b000) (1024K)]
  0x00007f4d48284d60 JavaThread "OkHttp arm.haglund.dev"     daemon [_thread_in_native, id=2229592, stack(0x00007f4c8cc5a000,0x00007f4c8cd5a000) (1024K)]
  0x00007f4d4454c500 JavaThread "DefaultDispatcher-worker-6" daemon [_thread_blocked, id=2229593, stack(0x00007f4c8cb59000,0x00007f4c8cc59000) (1024K)]
  0x00007f4d640868d0 JavaThread "DefaultDispatcher-worker-1" daemon [_thread_blocked, id=2229594, stack(0x00007f4c8ca58000,0x00007f4c8cb58000) (1024K)]
  0x00007f4d5803d6d0 JavaThread "DefaultDispatcher-worker-12" daemon [_thread_blocked, id=2229596, stack(0x00007f4c8c856000,0x00007f4c8c956000) (1024K)]
  0x00007f4d9b4bc130 JavaThread "VirtualThread-unblocker"    daemon [_thread_blocked, id=2229598, stack(0x00007f4c8ec68000,0x00007f4c8ed68000) (1024K)]
  0x00007f4d9b4bedb0 JavaThread "ForkJoinPool-1-worker-1"    daemon [_thread_blocked, id=2229599, stack(0x00007f4c8eb67000,0x00007f4c8ec67000) (1024K)]
  0x00007f4d9b4c88e0 JavaThread "MasterPoller"               daemon [_thread_in_native, id=2229600, stack(0x00007f4c8ea66000,0x00007f4c8eb66000) (1024K)]
  0x00007f4d9b4cc280 JavaThread "ForkJoinPool-1-worker-2"    daemon [_thread_blocked, id=2229601, stack(0x00007f4c8e965000,0x00007f4c8ea65000) (1024K)]
  0x00007f4d41a618f0 JavaThread "ForkJoinPool-1-worker-3"    daemon [_thread_blocked, id=2229602, stack(0x00007f4c8e864000,0x00007f4c8e964000) (1024K)]
  0x00007f4d3c1dcc10 JavaThread "ForkJoinPool-1-worker-4"    daemon [_thread_blocked, id=2229603, stack(0x00007f4c8e763000,0x00007f4c8e863000) (1024K)]
  0x00007f4d74074100 JavaThread "ForkJoinPool-1-worker-5"    daemon [_thread_blocked, id=2229604, stack(0x00007f4c8e662000,0x00007f4c8e762000) (1024K)]
  0x00007f4d483b0980 JavaThread "ForkJoinPool-1-worker-6"    daemon [_thread_blocked, id=2229605, stack(0x00007f4c8e561000,0x00007f4c8e661000) (1024K)]
  0x00007f4d41a637a0 JavaThread "ForkJoinPool-1-worker-7"    daemon [_thread_blocked, id=2229606, stack(0x00007f4c8e460000,0x00007f4c8e560000) (1024K)]
  0x00007f4d4463ecd0 JavaThread "ForkJoinPool-1-worker-8"    daemon [_thread_blocked, id=2229607, stack(0x00007f4c8e35f000,0x00007f4c8e45f000) (1024K)]
  0x00007f4d740759a0 JavaThread "ForkJoinPool-1-worker-10"   daemon [_thread_blocked, id=2229608, stack(0x00007f4c8e25e000,0x00007f4c8e35e000) (1024K)]
  0x00007f4d3c1de870 JavaThread "ForkJoinPool-1-worker-9"    daemon [_thread_blocked, id=2229609, stack(0x00007f4c8e15d000,0x00007f4c8e25d000) (1024K)]
  0x00007f4d9b4cead0 JavaThread "ForkJoinPool-1-delayScheduler" daemon [_thread_blocked, id=2229610, stack(0x00007f4c8e05c000,0x00007f4c8e15c000) (1024K)]
  0x00007f4d640b4e20 JavaThread "HttpClient-2-Worker-0"      daemon [_thread_blocked, id=2231421, stack(0x00007f4d710fc000,0x00007f4d711fc000) (1024K)]
  0x00005607dd0c2090 JavaThread "C2 CompilerThread1"         daemon [_thread_blocked, id=2231447, stack(0x00007f4d1c300000,0x00007f4d1c400000) (1024K)]
  0x00005607dd0c2990 JavaThread "C2 CompilerThread2"         daemon [_thread_blocked, id=2231448, stack(0x00007f4c8fcf3000,0x00007f4c8fdf3000) (1024K)]
Total: 63

Other Threads:
=>0x00007f4d980ff8b0 VMThread "VM Thread"                           [id=2229205, stack(0x00007f4d71bfd000,0x00007f4d71cfd000) (1024K)]
  0x00007f4d9806e4b0 WorkerThread "GC Thread#0"                     [id=2229194, stack(0x00007f4d9ce61000,0x00007f4d9cf61000) (1024K)]
  0x00007f4d5c009730 WorkerThread "GC Thread#1"                     [id=2229218, stack(0x00007f4d70bf7000,0x00007f4d70cf7000) (1024K)]
  0x00007f4d5c00eb40 WorkerThread "GC Thread#2"                     [id=2229262, stack(0x00007f4d1bffd000,0x00007f4d1c0fd000) (1024K)]
  0x00007f4d5c00f660 WorkerThread "GC Thread#3"                     [id=2229263, stack(0x00007f4d1befc000,0x00007f4d1bffc000) (1024K)]
  0x00007f4d5c010700 WorkerThread "GC Thread#4"                     [id=2229264, stack(0x00007f4d1bdfb000,0x00007f4d1befb000) (1024K)]
  0x00007f4d5c011460 WorkerThread "GC Thread#5"                     [id=2229265, stack(0x00007f4d1bcfa000,0x00007f4d1bdfa000) (1024K)]
  0x00007f4d5c09ede0 WorkerThread "GC Thread#6"                     [id=2229300, stack(0x00007f4d01e92000,0x00007f4d01f92000) (1024K)]
  0x00007f4d5dcaa960 WorkerThread "GC Thread#7"                     [id=2229315, stack(0x00007f4cecaff000,0x00007f4cecbff000) (1024K)]
  0x00007f4d5dcab700 WorkerThread "GC Thread#8"                     [id=2229316, stack(0x00007f4cec9fe000,0x00007f4cecafe000) (1024K)]
  0x00007f4d5dcaa060 WorkerThread "GC Thread#9"                     [id=2229339, stack(0x00007f4cec7fc000,0x00007f4cec8fc000) (1024K)]
  0x00007f4d5dcada40 WorkerThread "GC Thread#10"                    [id=2229340, stack(0x00007f4cec6fb000,0x00007f4cec7fb000) (1024K)]
  0x00007f4d5dcaed20 WorkerThread "GC Thread#11"                    [id=2229341, stack(0x00007f4cec5fa000,0x00007f4cec6fa000) (1024K)]
  0x00007f4d5dcafbf0 WorkerThread "GC Thread#12"                    [id=2229342, stack(0x00007f4cec4f9000,0x00007f4cec5f9000) (1024K)]
  0x00007f4d980865a0 ConcurrentGCThread "G1 Main Marker"            terminated
  0x00007f4d98087730 WorkerThread "G1 Conc#0"                       [id=2229196, stack(0x00007f4d9cc5f000,0x00007f4d9cd5f000) (1024K)]
  0x00007f4d78000cc0 WorkerThread "G1 Conc#1"                       [id=2229219, stack(0x00007f4d70af6000,0x00007f4d70bf6000) (1024K)]
  0x00007f4d780019d0 WorkerThread "G1 Conc#2"                       [id=2229220, stack(0x00007f4d709f5000,0x00007f4d70af5000) (1024K)]
  0x00007f4d980ddf50 WorkerThread "G1 Refinement Workers#0"         [id=2229198, stack(0x00007f4d71f00000,0x00007f4d72000000) (1024K)]
  0x00007f4d980dccf0 ConcurrentGCThread "G1 Refine Control"         terminated
  0x00007f4d980df050 ConcurrentGCThread "G1 Service"                terminated
Total: 21

Threads with active compile tasks:
C2 CompilerThread0  74454 14656       4       com.nuvio.wayland.MainKt::main$renderOneFrame (2914 bytes)
C2 CompilerThread1  74454 14672       4       io.ktor.http.HttpHeaders::checkHeaderName (94 bytes)
C2 CompilerThread2  74454 14691       4       jdk.internal.jimage.ImageStringsReader::stringFromByteBufferMatches (138 bytes)
Total: 3

VM state: at safepoint (shutting down)

VM Mutex/Monitor currently owned by a thread:  ([mutex/lock_event])
[0x00007f4da0cf61d8] Threads_lock - owner thread: 0x00007f4d980ff8b0
[0x00007f4da0cf5f58] Heap_lock - owner thread: 0x00007f4d98020000

Heap address: 0x000000070fa00000, size: 3846 MB, Compressed Oops mode: Zero based, Oop shift amount: 3

CDS archive(s) mapped at: [0x0000000043000000-0x0000000043da7000-0x0000000043da7000), size 14315520, SharedBaseAddress: 0x0000000043000000, ArchiveRelocationMode: 1.
Compressed class space mapped at: 0x0000000044000000-0x0000000084000000, reserved size: 1073741824
UseCompressedClassPointers 1, UseCompactObjectHeaders 0
Narrow klass pointer bits 32, Max shift 3
Narrow klass base: 0x0000000043000000, Narrow klass shift: 0
Encoding Range: [0x0000000043000000 - 0x0000000143000000), (4294967296 bytes)
Klass Range:    [0x0000000043000000 - 0x0000000084000000), (1090519040 bytes)
Klass ID Range:  [8 - 1090519033) (1090519025)
Protection zone: [0x0000000043000000 - 0x0000000043001000), (4096 bytes)

GC Precious Log:
 CardTable entry size: 512
 Card Set container configuration: InlinePtr #cards 4 size 8 Array Of Cards #cards 16 size 48 Howl #buckets 8 coarsen threshold 3686 Howl Bitmap #cards 512 size 80 coarsen threshold 460 Card regions per heap region 1 cards per card region 4096
 CPUs: 16 total, 16 available
 Memory: 15381M
 Large Page Support: Disabled
 NUMA Support: Disabled
 Compressed Oops: Enabled (Zero based)
 Heap Region Size: 2M
 Heap Min Capacity: 8M
 Heap Initial Capacity: 8M
 Heap Max Capacity: 3846M
 Pre-touch: Disabled
 Parallel Workers: 13
 Concurrent Workers: 3
 Concurrent Refinement Workers: 13
 Periodic GC: Disabled

Heap:
 garbage-first heap   total reserved 3938304K, committed 438272K, used 92170K [0x000000070fa00000, 0x0000000800000000)
  region size 2M, 16 eden (32M), 1 survivor (2M), 25 old (50M), 9 humongous (18M), 163 free (326M)

Heap Regions: E=young(eden), S=young(survivor), O=old, HS=humongous(starts), HC=humongous(continues), CS=collection set, F=free, TAMS=top-at-mark-start, PB=parsable bottom
|    0|0x000000070fa00000, 0x000000070fc00000, 0x000000070fc00000|100%|HS|  |TAMS 0x000000070fa00000| PB 0x000000070fa00000| Complete  |  0
|    1|0x000000070fc00000, 0x000000070fe00000, 0x000000070fe00000|100%| O|  |TAMS 0x000000070fc00000| PB 0x000000070fc00000| Untracked |  0
|    2|0x000000070fe00000, 0x0000000710000000, 0x0000000710000000|100%| O|  |TAMS 0x000000070fe00000| PB 0x000000070fe00000| Untracked |  0
|    3|0x0000000710000000, 0x0000000710200000, 0x0000000710200000|100%| O|  |TAMS 0x0000000710000000| PB 0x0000000710000000| Untracked |  0
|    4|0x0000000710200000, 0x0000000710400000, 0x0000000710400000|100%| O|  |TAMS 0x0000000710200000| PB 0x0000000710200000| Untracked |  0
|    5|0x0000000710400000, 0x0000000710600000, 0x0000000710600000|100%| O|  |TAMS 0x0000000710400000| PB 0x0000000710400000| Untracked |  0
|    6|0x0000000710600000, 0x0000000710800000, 0x0000000710800000|100%| O|  |TAMS 0x0000000710600000| PB 0x0000000710600000| Untracked |  0
|    7|0x0000000710800000, 0x0000000710a00000, 0x0000000710a00000|100%| O|  |TAMS 0x0000000710800000| PB 0x0000000710800000| Untracked |  0
|    8|0x0000000710a00000, 0x0000000710c00000, 0x0000000710c00000|100%| O|  |TAMS 0x0000000710a00000| PB 0x0000000710a00000| Untracked |  0
|    9|0x0000000710c00000, 0x0000000710e00000, 0x0000000710e00000|100%| O|  |TAMS 0x0000000710c00000| PB 0x0000000710c00000| Untracked |  0
|   10|0x0000000710e00000, 0x0000000711000000, 0x0000000711000000|100%| O|  |TAMS 0x0000000710e00000| PB 0x0000000710e00000| Untracked |  0
|   11|0x0000000711000000, 0x0000000711200000, 0x0000000711200000|100%| O|  |TAMS 0x0000000711000000| PB 0x0000000711000000| Untracked |  0
|   12|0x0000000711200000, 0x0000000711400000, 0x0000000711400000|100%| O|  |TAMS 0x0000000711200000| PB 0x0000000711200000| Untracked |  0
|   13|0x0000000711400000, 0x0000000711600000, 0x0000000711600000|100%| O|  |TAMS 0x0000000711400000| PB 0x0000000711400000| Untracked |  0
|   14|0x0000000711600000, 0x0000000711800000, 0x0000000711800000|100%| O|  |TAMS 0x0000000711600000| PB 0x0000000711600000| Untracked |  0
|   15|0x0000000711800000, 0x00000007118243a8, 0x0000000711a00000|  7%| O|  |TAMS 0x0000000711800000| PB 0x0000000711800000| Untracked |  0
|   16|0x0000000711a00000, 0x0000000711ae3c40, 0x0000000711c00000| 44%| O|  |TAMS 0x0000000711a00000| PB 0x0000000711a00000| Untracked |  0
|   17|0x0000000711c00000, 0x0000000711c52760, 0x0000000711e00000| 16%| O|  |TAMS 0x0000000711c00000| PB 0x0000000711c00000| Untracked |  0
|   18|0x0000000711e00000, 0x0000000712000000, 0x0000000712000000|100%| O|  |TAMS 0x0000000711e00000| PB 0x0000000711e00000| Untracked |  0
|   19|0x0000000712000000, 0x0000000712200000, 0x0000000712200000|100%| O|  |TAMS 0x0000000712000000| PB 0x0000000712000000| Untracked |  0
|   20|0x0000000712200000, 0x0000000712400000, 0x0000000712400000|100%| O|  |TAMS 0x0000000712200000| PB 0x0000000712200000| Untracked |  0
|   21|0x0000000712400000, 0x0000000712600000, 0x0000000712600000|100%| O|  |TAMS 0x0000000712400000| PB 0x0000000712400000| Untracked |  0
|   22|0x0000000712600000, 0x0000000712624088, 0x0000000712800000|  7%| O|  |TAMS 0x0000000712600000| PB 0x0000000712600000| Untracked |  0
|   23|0x0000000712800000, 0x0000000712a00000, 0x0000000712a00000|100%|HS|  |TAMS 0x0000000712800000| PB 0x0000000712800000| Complete  |  0
|   24|0x0000000712a00000, 0x0000000712c00000, 0x0000000712c00000|100%|HC|  |TAMS 0x0000000712a00000| PB 0x0000000712a00000| Complete  |  0
|   25|0x0000000712c00000, 0x0000000712e00000, 0x0000000712e00000|100%|HS|  |TAMS 0x0000000712c00000| PB 0x0000000712c00000| Complete  |  0
|   26|0x0000000712e00000, 0x0000000713000000, 0x0000000713000000|100%|HC|  |TAMS 0x0000000712e00000| PB 0x0000000712e00000| Complete  |  0
|   27|0x0000000713000000, 0x0000000713200000, 0x0000000713200000|100%|HS|  |TAMS 0x0000000713000000| PB 0x0000000713000000| Complete  |  0
|   28|0x0000000713200000, 0x0000000713400000, 0x0000000713400000|100%|HC|  |TAMS 0x0000000713200000| PB 0x0000000713200000| Complete  |  0
|   29|0x0000000713400000, 0x0000000713600000, 0x0000000713600000|100%|HS|  |TAMS 0x0000000713400000| PB 0x0000000713400000| Complete  |  0
|   30|0x0000000713600000, 0x0000000713800000, 0x0000000713800000|100%|HC|  |TAMS 0x0000000713600000| PB 0x0000000713600000| Complete  |  0
|   31|0x0000000713800000, 0x0000000713800000, 0x0000000713a00000|  0%| F|  |TAMS 0x0000000713800000| PB 0x0000000713800000| Untracked |  0
|   32|0x0000000713a00000, 0x0000000713a00000, 0x0000000713c00000|  0%| F|  |TAMS 0x0000000713a00000| PB 0x0000000713a00000| Untracked |  0
|   33|0x0000000713c00000, 0x0000000713c00000, 0x0000000713e00000|  0%| F|  |TAMS 0x0000000713c00000| PB 0x0000000713c00000| Untracked |  0
|   34|0x0000000713e00000, 0x0000000713e00000, 0x0000000714000000|  0%| F|  |TAMS 0x0000000713e00000| PB 0x0000000713e00000| Untracked |  0
|   35|0x0000000714000000, 0x0000000714000000, 0x0000000714200000|  0%| F|  |TAMS 0x0000000714000000| PB 0x0000000714000000| Untracked |  0
|   36|0x0000000714200000, 0x0000000714200000, 0x0000000714400000|  0%| F|  |TAMS 0x0000000714200000| PB 0x0000000714200000| Untracked |  0
|   37|0x0000000714400000, 0x0000000714400000, 0x0000000714600000|  0%| F|  |TAMS 0x0000000714400000| PB 0x0000000714400000| Untracked |  0
|   38|0x0000000714600000, 0x0000000714600000, 0x0000000714800000|  0%| F|  |TAMS 0x0000000714600000| PB 0x0000000714600000| Untracked |  0
|   39|0x0000000714800000, 0x0000000714800000, 0x0000000714a00000|  0%| F|  |TAMS 0x0000000714800000| PB 0x0000000714800000| Untracked |  0
|   40|0x0000000714a00000, 0x0000000714a00000, 0x0000000714c00000|  0%| F|  |TAMS 0x0000000714a00000| PB 0x0000000714a00000| Untracked |  0
|   41|0x0000000714c00000, 0x0000000714c00000, 0x0000000714e00000|  0%| F|  |TAMS 0x0000000714c00000| PB 0x0000000714c00000| Untracked |  0
|   42|0x0000000714e00000, 0x0000000714e00000, 0x0000000715000000|  0%| F|  |TAMS 0x0000000714e00000| PB 0x0000000714e00000| Untracked |  0
|   43|0x0000000715000000, 0x0000000715000000, 0x0000000715200000|  0%| F|  |TAMS 0x0000000715000000| PB 0x0000000715000000| Untracked |  0
|   44|0x0000000715200000, 0x0000000715200000, 0x0000000715400000|  0%| F|  |TAMS 0x0000000715200000| PB 0x0000000715200000| Untracked |  0
|   45|0x0000000715400000, 0x0000000715400000, 0x0000000715600000|  0%| F|  |TAMS 0x0000000715400000| PB 0x0000000715400000| Untracked |  0
|   46|0x0000000715600000, 0x0000000715600000, 0x0000000715800000|  0%| F|  |TAMS 0x0000000715600000| PB 0x0000000715600000| Untracked |  0
|   47|0x0000000715800000, 0x0000000715800000, 0x0000000715a00000|  0%| F|  |TAMS 0x0000000715800000| PB 0x0000000715800000| Untracked |  0
|   48|0x0000000715a00000, 0x0000000715a00000, 0x0000000715c00000|  0%| F|  |TAMS 0x0000000715a00000| PB 0x0000000715a00000| Untracked |  0
|   49|0x0000000715c00000, 0x0000000715c00000, 0x0000000715e00000|  0%| F|  |TAMS 0x0000000715c00000| PB 0x0000000715c00000| Untracked |  0
|   50|0x0000000715e00000, 0x0000000715e00000, 0x0000000716000000|  0%| F|  |TAMS 0x0000000715e00000| PB 0x0000000715e00000| Untracked |  0
|   51|0x0000000716000000, 0x0000000716000000, 0x0000000716200000|  0%| F|  |TAMS 0x0000000716000000| PB 0x0000000716000000| Untracked |  0
|   52|0x0000000716200000, 0x0000000716200000, 0x0000000716400000|  0%| F|  |TAMS 0x0000000716200000| PB 0x0000000716200000| Untracked |  0
|   53|0x0000000716400000, 0x0000000716400000, 0x0000000716600000|  0%| F|  |TAMS 0x0000000716400000| PB 0x0000000716400000| Untracked |  0
|   54|0x0000000716600000, 0x0000000716600000, 0x0000000716800000|  0%| F|  |TAMS 0x0000000716600000| PB 0x0000000716600000| Untracked |  0
|   55|0x0000000716800000, 0x0000000716800000, 0x0000000716a00000|  0%| F|  |TAMS 0x0000000716800000| PB 0x0000000716800000| Untracked |  0
|   56|0x0000000716a00000, 0x0000000716a00000, 0x0000000716c00000|  0%| F|  |TAMS 0x0000000716a00000| PB 0x0000000716a00000| Untracked |  0
|   57|0x0000000716c00000, 0x0000000716c00000, 0x0000000716e00000|  0%| F|  |TAMS 0x0000000716c00000| PB 0x0000000716c00000| Untracked |  0
|   58|0x0000000716e00000, 0x0000000716e00000, 0x0000000717000000|  0%| F|  |TAMS 0x0000000716e00000| PB 0x0000000716e00000| Untracked |  0
|   59|0x0000000717000000, 0x0000000717000000, 0x0000000717200000|  0%| F|  |TAMS 0x0000000717000000| PB 0x0000000717000000| Untracked |  0
|   60|0x0000000717200000, 0x0000000717200000, 0x0000000717400000|  0%| F|  |TAMS 0x0000000717200000| PB 0x0000000717200000| Untracked |  0
|   61|0x0000000717400000, 0x0000000717400000, 0x0000000717600000|  0%| F|  |TAMS 0x0000000717400000| PB 0x0000000717400000| Untracked |  0
|   62|0x0000000717600000, 0x0000000717600000, 0x0000000717800000|  0%| F|  |TAMS 0x0000000717600000| PB 0x0000000717600000| Untracked |  0
|   63|0x0000000717800000, 0x0000000717800000, 0x0000000717a00000|  0%| F|  |TAMS 0x0000000717800000| PB 0x0000000717800000| Untracked |  0
|   64|0x0000000717a00000, 0x0000000717a00000, 0x0000000717c00000|  0%| F|  |TAMS 0x0000000717a00000| PB 0x0000000717a00000| Untracked |  0
|   65|0x0000000717c00000, 0x0000000717c00000, 0x0000000717e00000|  0%| F|  |TAMS 0x0000000717c00000| PB 0x0000000717c00000| Untracked |  0
|   66|0x0000000717e00000, 0x0000000717e00000, 0x0000000718000000|  0%| F|  |TAMS 0x0000000717e00000| PB 0x0000000717e00000| Untracked |  0
|   67|0x0000000718000000, 0x0000000718000000, 0x0000000718200000|  0%| F|  |TAMS 0x0000000718000000| PB 0x0000000718000000| Untracked |  0
|   68|0x0000000718200000, 0x0000000718200000, 0x0000000718400000|  0%| F|  |TAMS 0x0000000718200000| PB 0x0000000718200000| Untracked |  0
|   69|0x0000000718400000, 0x0000000718400000, 0x0000000718600000|  0%| F|  |TAMS 0x0000000718400000| PB 0x0000000718400000| Untracked |  0
|   70|0x0000000718600000, 0x0000000718600000, 0x0000000718800000|  0%| F|  |TAMS 0x0000000718600000| PB 0x0000000718600000| Untracked |  0
|   71|0x0000000718800000, 0x0000000718800000, 0x0000000718a00000|  0%| F|  |TAMS 0x0000000718800000| PB 0x0000000718800000| Untracked |  0
|   72|0x0000000718a00000, 0x0000000718a00000, 0x0000000718c00000|  0%| F|  |TAMS 0x0000000718a00000| PB 0x0000000718a00000| Untracked |  0
|   73|0x0000000718c00000, 0x0000000718c00000, 0x0000000718e00000|  0%| F|  |TAMS 0x0000000718c00000| PB 0x0000000718c00000| Untracked |  0
|   74|0x0000000718e00000, 0x0000000718e00000, 0x0000000719000000|  0%| F|  |TAMS 0x0000000718e00000| PB 0x0000000718e00000| Untracked |  0
|   75|0x0000000719000000, 0x0000000719000000, 0x0000000719200000|  0%| F|  |TAMS 0x0000000719000000| PB 0x0000000719000000| Untracked |  0
|   76|0x0000000719200000, 0x0000000719200000, 0x0000000719400000|  0%| F|  |TAMS 0x0000000719200000| PB 0x0000000719200000| Untracked |  0
|   77|0x0000000719400000, 0x0000000719400000, 0x0000000719600000|  0%| F|  |TAMS 0x0000000719400000| PB 0x0000000719400000| Untracked |  0
|   78|0x0000000719600000, 0x0000000719600000, 0x0000000719800000|  0%| F|  |TAMS 0x0000000719600000| PB 0x0000000719600000| Untracked |  0
|   79|0x0000000719800000, 0x0000000719800000, 0x0000000719a00000|  0%| F|  |TAMS 0x0000000719800000| PB 0x0000000719800000| Untracked |  0
|   80|0x0000000719a00000, 0x0000000719a00000, 0x0000000719c00000|  0%| F|  |TAMS 0x0000000719a00000| PB 0x0000000719a00000| Untracked |  0
|   81|0x0000000719c00000, 0x0000000719c00000, 0x0000000719e00000|  0%| F|  |TAMS 0x0000000719c00000| PB 0x0000000719c00000| Untracked |  0
|   82|0x0000000719e00000, 0x0000000719e00000, 0x000000071a000000|  0%| F|  |TAMS 0x0000000719e00000| PB 0x0000000719e00000| Untracked |  0
|   83|0x000000071a000000, 0x000000071a066d88, 0x000000071a200000| 20%| S|CS|TAMS 0x000000071a000000| PB 0x000000071a000000| Complete  |  0
|   84|0x000000071a200000, 0x000000071a200000, 0x000000071a400000|  0%| F|  |TAMS 0x000000071a200000| PB 0x000000071a200000| Untracked |  0
|   85|0x000000071a400000, 0x000000071a400000, 0x000000071a600000|  0%| F|  |TAMS 0x000000071a400000| PB 0x000000071a400000| Untracked |  0
|   86|0x000000071a600000, 0x000000071a600000, 0x000000071a800000|  0%| F|  |TAMS 0x000000071a600000| PB 0x000000071a600000| Untracked |  0
|   87|0x000000071a800000, 0x000000071a800000, 0x000000071aa00000|  0%| F|  |TAMS 0x000000071a800000| PB 0x000000071a800000| Untracked |  0
|   88|0x000000071aa00000, 0x000000071aa00000, 0x000000071ac00000|  0%| F|  |TAMS 0x000000071aa00000| PB 0x000000071aa00000| Untracked |  0
|   89|0x000000071ac00000, 0x000000071ac00000, 0x000000071ae00000|  0%| F|  |TAMS 0x000000071ac00000| PB 0x000000071ac00000| Untracked |  0
|   90|0x000000071ae00000, 0x000000071ae00000, 0x000000071b000000|  0%| F|  |TAMS 0x000000071ae00000| PB 0x000000071ae00000| Untracked |  0
|   91|0x000000071b000000, 0x000000071b000000, 0x000000071b200000|  0%| F|  |TAMS 0x000000071b000000| PB 0x000000071b000000| Untracked |  0
|   92|0x000000071b200000, 0x000000071b200000, 0x000000071b400000|  0%| F|  |TAMS 0x000000071b200000| PB 0x000000071b200000| Untracked |  0
|   93|0x000000071b400000, 0x000000071b400000, 0x000000071b600000|  0%| F|  |TAMS 0x000000071b400000| PB 0x000000071b400000| Untracked |  0
|   94|0x000000071b600000, 0x000000071b600000, 0x000000071b800000|  0%| F|  |TAMS 0x000000071b600000| PB 0x000000071b600000| Untracked |  0
|   95|0x000000071b800000, 0x000000071b800000, 0x000000071ba00000|  0%| F|  |TAMS 0x000000071b800000| PB 0x000000071b800000| Untracked |  0
|   96|0x000000071ba00000, 0x000000071ba00000, 0x000000071bc00000|  0%| F|  |TAMS 0x000000071ba00000| PB 0x000000071ba00000| Untracked |  0
|   97|0x000000071bc00000, 0x000000071bc00000, 0x000000071be00000|  0%| F|  |TAMS 0x000000071bc00000| PB 0x000000071bc00000| Untracked |  0
|   98|0x000000071be00000, 0x000000071be00000, 0x000000071c000000|  0%| F|  |TAMS 0x000000071be00000| PB 0x000000071be00000| Untracked |  0
|   99|0x000000071c000000, 0x000000071c000000, 0x000000071c200000|  0%| F|  |TAMS 0x000000071c000000| PB 0x000000071c000000| Untracked |  0
|  100|0x000000071c200000, 0x000000071c200000, 0x000000071c400000|  0%| F|  |TAMS 0x000000071c200000| PB 0x000000071c200000| Untracked |  0
|  101|0x000000071c400000, 0x000000071c400000, 0x000000071c600000|  0%| F|  |TAMS 0x000000071c400000| PB 0x000000071c400000| Untracked |  0
|  102|0x000000071c600000, 0x000000071c600000, 0x000000071c800000|  0%| F|  |TAMS 0x000000071c600000| PB 0x000000071c600000| Untracked |  0
|  103|0x000000071c800000, 0x000000071c800000, 0x000000071ca00000|  0%| F|  |TAMS 0x000000071c800000| PB 0x000000071c800000| Untracked |  0
|  104|0x000000071ca00000, 0x000000071ca00000, 0x000000071cc00000|  0%| F|  |TAMS 0x000000071ca00000| PB 0x000000071ca00000| Untracked |  0
|  105|0x000000071cc00000, 0x000000071cc00000, 0x000000071ce00000|  0%| F|  |TAMS 0x000000071cc00000| PB 0x000000071cc00000| Untracked |  0
|  106|0x000000071ce00000, 0x000000071ce00000, 0x000000071d000000|  0%| F|  |TAMS 0x000000071ce00000| PB 0x000000071ce00000| Untracked |  0
|  107|0x000000071d000000, 0x000000071d000000, 0x000000071d200000|  0%| F|  |TAMS 0x000000071d000000| PB 0x000000071d000000| Untracked |  0
|  108|0x000000071d200000, 0x000000071d200000, 0x000000071d400000|  0%| F|  |TAMS 0x000000071d200000| PB 0x000000071d200000| Untracked |  0
|  109|0x000000071d400000, 0x000000071d400000, 0x000000071d600000|  0%| F|  |TAMS 0x000000071d400000| PB 0x000000071d400000| Untracked |  0
|  110|0x000000071d600000, 0x000000071d600000, 0x000000071d800000|  0%| F|  |TAMS 0x000000071d600000| PB 0x000000071d600000| Untracked |  0
|  111|0x000000071d800000, 0x000000071d800000, 0x000000071da00000|  0%| F|  |TAMS 0x000000071d800000| PB 0x000000071d800000| Untracked |  0
|  112|0x000000071da00000, 0x000000071da00000, 0x000000071dc00000|  0%| F|  |TAMS 0x000000071da00000| PB 0x000000071da00000| Untracked |  0
|  113|0x000000071dc00000, 0x000000071dc00000, 0x000000071de00000|  0%| F|  |TAMS 0x000000071dc00000| PB 0x000000071dc00000| Untracked |  0
|  114|0x000000071de00000, 0x000000071de00000, 0x000000071e000000|  0%| F|  |TAMS 0x000000071de00000| PB 0x000000071de00000| Untracked |  0
|  115|0x000000071e000000, 0x000000071e000000, 0x000000071e200000|  0%| F|  |TAMS 0x000000071e000000| PB 0x000000071e000000| Untracked |  0
|  116|0x000000071e200000, 0x000000071e200000, 0x000000071e400000|  0%| F|  |TAMS 0x000000071e200000| PB 0x000000071e200000| Untracked |  0
|  117|0x000000071e400000, 0x000000071e400000, 0x000000071e600000|  0%| F|  |TAMS 0x000000071e400000| PB 0x000000071e400000| Untracked |  0
|  118|0x000000071e600000, 0x000000071e600000, 0x000000071e800000|  0%| F|  |TAMS 0x000000071e600000| PB 0x000000071e600000| Untracked |  0
|  119|0x000000071e800000, 0x000000071e800000, 0x000000071ea00000|  0%| F|  |TAMS 0x000000071e800000| PB 0x000000071e800000| Untracked |  0
|  120|0x000000071ea00000, 0x000000071ea00000, 0x000000071ec00000|  0%| F|  |TAMS 0x000000071ea00000| PB 0x000000071ea00000| Untracked |  0
|  121|0x000000071ec00000, 0x000000071ec00000, 0x000000071ee00000|  0%| F|  |TAMS 0x000000071ec00000| PB 0x000000071ec00000| Untracked |  0
|  122|0x000000071ee00000, 0x000000071ee00000, 0x000000071f000000|  0%| F|  |TAMS 0x000000071ee00000| PB 0x000000071ee00000| Untracked |  0
|  123|0x000000071f000000, 0x000000071f000000, 0x000000071f200000|  0%| F|  |TAMS 0x000000071f000000| PB 0x000000071f000000| Untracked |  0
|  124|0x000000071f200000, 0x000000071f200000, 0x000000071f400000|  0%| F|  |TAMS 0x000000071f200000| PB 0x000000071f200000| Untracked |  0
|  125|0x000000071f400000, 0x000000071f400000, 0x000000071f600000|  0%| F|  |TAMS 0x000000071f400000| PB 0x000000071f400000| Untracked |  0
|  126|0x000000071f600000, 0x000000071f600000, 0x000000071f800000|  0%| F|  |TAMS 0x000000071f600000| PB 0x000000071f600000| Untracked |  0
|  127|0x000000071f800000, 0x000000071f800000, 0x000000071fa00000|  0%| F|  |TAMS 0x000000071f800000| PB 0x000000071f800000| Untracked |  0
|  128|0x000000071fa00000, 0x000000071fa00000, 0x000000071fc00000|  0%| F|  |TAMS 0x000000071fa00000| PB 0x000000071fa00000| Untracked |  0
|  129|0x000000071fc00000, 0x000000071fc00000, 0x000000071fe00000|  0%| F|  |TAMS 0x000000071fc00000| PB 0x000000071fc00000| Untracked |  0
|  130|0x000000071fe00000, 0x000000071fe00000, 0x0000000720000000|  0%| F|  |TAMS 0x000000071fe00000| PB 0x000000071fe00000| Untracked |  0
|  131|0x0000000720000000, 0x0000000720000000, 0x0000000720200000|  0%| F|  |TAMS 0x0000000720000000| PB 0x0000000720000000| Untracked |  0
|  132|0x0000000720200000, 0x0000000720200000, 0x0000000720400000|  0%| F|  |TAMS 0x0000000720200000| PB 0x0000000720200000| Untracked |  0
|  133|0x0000000720400000, 0x0000000720400000, 0x0000000720600000|  0%| F|  |TAMS 0x0000000720400000| PB 0x0000000720400000| Untracked |  0
|  134|0x0000000720600000, 0x0000000720600000, 0x0000000720800000|  0%| F|  |TAMS 0x0000000720600000| PB 0x0000000720600000| Untracked |  0
|  135|0x0000000720800000, 0x0000000720800000, 0x0000000720a00000|  0%| F|  |TAMS 0x0000000720800000| PB 0x0000000720800000| Untracked |  0
|  136|0x0000000720a00000, 0x0000000720a00000, 0x0000000720c00000|  0%| F|  |TAMS 0x0000000720a00000| PB 0x0000000720a00000| Untracked |  0
|  137|0x0000000720c00000, 0x0000000720c00000, 0x0000000720e00000|  0%| F|  |TAMS 0x0000000720c00000| PB 0x0000000720c00000| Untracked |  0
|  138|0x0000000720e00000, 0x0000000720e00000, 0x0000000721000000|  0%| F|  |TAMS 0x0000000720e00000| PB 0x0000000720e00000| Untracked |  0
|  139|0x0000000721000000, 0x0000000721000000, 0x0000000721200000|  0%| F|  |TAMS 0x0000000721000000| PB 0x0000000721000000| Untracked |  0
|  140|0x0000000721200000, 0x0000000721200000, 0x0000000721400000|  0%| F|  |TAMS 0x0000000721200000| PB 0x0000000721200000| Untracked |  0
|  141|0x0000000721400000, 0x0000000721400000, 0x0000000721600000|  0%| F|  |TAMS 0x0000000721400000| PB 0x0000000721400000| Untracked |  0
|  142|0x0000000721600000, 0x0000000721600000, 0x0000000721800000|  0%| F|  |TAMS 0x0000000721600000| PB 0x0000000721600000| Untracked |  0
|  143|0x0000000721800000, 0x0000000721800000, 0x0000000721a00000|  0%| F|  |TAMS 0x0000000721800000| PB 0x0000000721800000| Untracked |  0
|  144|0x0000000721a00000, 0x0000000721a00000, 0x0000000721c00000|  0%| F|  |TAMS 0x0000000721a00000| PB 0x0000000721a00000| Untracked |  0
|  145|0x0000000721c00000, 0x0000000721c00000, 0x0000000721e00000|  0%| F|  |TAMS 0x0000000721c00000| PB 0x0000000721c00000| Untracked |  0
|  146|0x0000000721e00000, 0x0000000721e00000, 0x0000000722000000|  0%| F|  |TAMS 0x0000000721e00000| PB 0x0000000721e00000| Untracked |  0
|  147|0x0000000722000000, 0x0000000722000000, 0x0000000722200000|  0%| F|  |TAMS 0x0000000722000000| PB 0x0000000722000000| Untracked |  0
|  148|0x0000000722200000, 0x0000000722200000, 0x0000000722400000|  0%| F|  |TAMS 0x0000000722200000| PB 0x0000000722200000| Untracked |  0
|  149|0x0000000722400000, 0x0000000722400000, 0x0000000722600000|  0%| F|  |TAMS 0x0000000722400000| PB 0x0000000722400000| Untracked |  0
|  150|0x0000000722600000, 0x0000000722600000, 0x0000000722800000|  0%| F|  |TAMS 0x0000000722600000| PB 0x0000000722600000| Untracked |  0
|  151|0x0000000722800000, 0x0000000722800000, 0x0000000722a00000|  0%| F|  |TAMS 0x0000000722800000| PB 0x0000000722800000| Untracked |  0
|  152|0x0000000722a00000, 0x0000000722a00000, 0x0000000722c00000|  0%| F|  |TAMS 0x0000000722a00000| PB 0x0000000722a00000| Untracked |  0
|  153|0x0000000722c00000, 0x0000000722c00000, 0x0000000722e00000|  0%| F|  |TAMS 0x0000000722c00000| PB 0x0000000722c00000| Untracked |  0
|  154|0x0000000722e00000, 0x0000000722e00000, 0x0000000723000000|  0%| F|  |TAMS 0x0000000722e00000| PB 0x0000000722e00000| Untracked |  0
|  155|0x0000000723000000, 0x0000000723000000, 0x0000000723200000|  0%| F|  |TAMS 0x0000000723000000| PB 0x0000000723000000| Untracked |  0
|  156|0x0000000723200000, 0x0000000723200000, 0x0000000723400000|  0%| F|  |TAMS 0x0000000723200000| PB 0x0000000723200000| Untracked |  0
|  157|0x0000000723400000, 0x0000000723400000, 0x0000000723600000|  0%| F|  |TAMS 0x0000000723400000| PB 0x0000000723400000| Untracked |  0
|  158|0x0000000723600000, 0x0000000723600000, 0x0000000723800000|  0%| F|  |TAMS 0x0000000723600000| PB 0x0000000723600000| Untracked |  0
|  159|0x0000000723800000, 0x0000000723800000, 0x0000000723a00000|  0%| F|  |TAMS 0x0000000723800000| PB 0x0000000723800000| Untracked |  0
|  160|0x0000000723a00000, 0x0000000723a00000, 0x0000000723c00000|  0%| F|  |TAMS 0x0000000723a00000| PB 0x0000000723a00000| Untracked |  0
|  161|0x0000000723c00000, 0x0000000723c00000, 0x0000000723e00000|  0%| F|  |TAMS 0x0000000723c00000| PB 0x0000000723c00000| Untracked |  0
|  162|0x0000000723e00000, 0x0000000723e00000, 0x0000000724000000|  0%| F|  |TAMS 0x0000000723e00000| PB 0x0000000723e00000| Untracked |  0
|  163|0x0000000724000000, 0x0000000724000000, 0x0000000724200000|  0%| F|  |TAMS 0x0000000724000000| PB 0x0000000724000000| Untracked |  0
|  164|0x0000000724200000, 0x0000000724200000, 0x0000000724400000|  0%| F|  |TAMS 0x0000000724200000| PB 0x0000000724200000| Untracked |  0
|  165|0x0000000724400000, 0x0000000724400000, 0x0000000724600000|  0%| F|  |TAMS 0x0000000724400000| PB 0x0000000724400000| Untracked |  0
|  166|0x0000000724600000, 0x0000000724600000, 0x0000000724800000|  0%| F|  |TAMS 0x0000000724600000| PB 0x0000000724600000| Untracked |  0
|  167|0x0000000724800000, 0x0000000724800000, 0x0000000724a00000|  0%| F|  |TAMS 0x0000000724800000| PB 0x0000000724800000| Untracked |  0
|  168|0x0000000724a00000, 0x0000000724a00000, 0x0000000724c00000|  0%| F|  |TAMS 0x0000000724a00000| PB 0x0000000724a00000| Untracked |  0
|  169|0x0000000724c00000, 0x0000000724c00000, 0x0000000724e00000|  0%| F|  |TAMS 0x0000000724c00000| PB 0x0000000724c00000| Untracked |  0
|  170|0x0000000724e00000, 0x0000000724e00000, 0x0000000725000000|  0%| F|  |TAMS 0x0000000724e00000| PB 0x0000000724e00000| Untracked |  0
|  171|0x0000000725000000, 0x0000000725000000, 0x0000000725200000|  0%| F|  |TAMS 0x0000000725000000| PB 0x0000000725000000| Untracked |  0
|  172|0x0000000725200000, 0x0000000725200000, 0x0000000725400000|  0%| F|  |TAMS 0x0000000725200000| PB 0x0000000725200000| Untracked |  0
|  173|0x0000000725400000, 0x0000000725400000, 0x0000000725600000|  0%| F|  |TAMS 0x0000000725400000| PB 0x0000000725400000| Untracked |  0
|  174|0x0000000725600000, 0x0000000725600000, 0x0000000725800000|  0%| F|  |TAMS 0x0000000725600000| PB 0x0000000725600000| Untracked |  0
|  175|0x0000000725800000, 0x0000000725800000, 0x0000000725a00000|  0%| F|  |TAMS 0x0000000725800000| PB 0x0000000725800000| Untracked |  0
|  176|0x0000000725a00000, 0x0000000725a00000, 0x0000000725c00000|  0%| F|  |TAMS 0x0000000725a00000| PB 0x0000000725a00000| Untracked |  0
|  177|0x0000000725c00000, 0x0000000725c00000, 0x0000000725e00000|  0%| F|  |TAMS 0x0000000725c00000| PB 0x0000000725c00000| Untracked |  0
|  178|0x0000000725e00000, 0x0000000725e00000, 0x0000000726000000|  0%| F|  |TAMS 0x0000000725e00000| PB 0x0000000725e00000| Untracked |  0
|  179|0x0000000726000000, 0x0000000726000000, 0x0000000726200000|  0%| F|  |TAMS 0x0000000726000000| PB 0x0000000726000000| Untracked |  0
|  180|0x0000000726200000, 0x0000000726200000, 0x0000000726400000|  0%| F|  |TAMS 0x0000000726200000| PB 0x0000000726200000| Untracked |  0
|  181|0x0000000726400000, 0x0000000726400000, 0x0000000726600000|  0%| F|  |TAMS 0x0000000726400000| PB 0x0000000726400000| Untracked |  0
|  182|0x0000000726600000, 0x0000000726600000, 0x0000000726800000|  0%| F|  |TAMS 0x0000000726600000| PB 0x0000000726600000| Untracked |  0
|  183|0x0000000726800000, 0x0000000726800000, 0x0000000726a00000|  0%| F|  |TAMS 0x0000000726800000| PB 0x0000000726800000| Untracked |  0
|  184|0x0000000726a00000, 0x0000000726a00000, 0x0000000726c00000|  0%| F|  |TAMS 0x0000000726a00000| PB 0x0000000726a00000| Untracked |  0
|  185|0x0000000726c00000, 0x0000000726c00000, 0x0000000726e00000|  0%| F|  |TAMS 0x0000000726c00000| PB 0x0000000726c00000| Untracked |  0
|  186|0x0000000726e00000, 0x0000000726e00000, 0x0000000727000000|  0%| F|  |TAMS 0x0000000726e00000| PB 0x0000000726e00000| Untracked |  0
|  187|0x0000000727000000, 0x0000000727000000, 0x0000000727200000|  0%| F|  |TAMS 0x0000000727000000| PB 0x0000000727000000| Untracked |  0
|  188|0x0000000727200000, 0x0000000727200000, 0x0000000727400000|  0%| F|  |TAMS 0x0000000727200000| PB 0x0000000727200000| Untracked |  0
|  189|0x0000000727400000, 0x0000000727400000, 0x0000000727600000|  0%| F|  |TAMS 0x0000000727400000| PB 0x0000000727400000| Untracked |  0
|  190|0x0000000727600000, 0x0000000727600000, 0x0000000727800000|  0%| F|  |TAMS 0x0000000727600000| PB 0x0000000727600000| Untracked |  0
|  191|0x0000000727800000, 0x0000000727800000, 0x0000000727a00000|  0%| F|  |TAMS 0x0000000727800000| PB 0x0000000727800000| Untracked |  0
|  192|0x0000000727a00000, 0x0000000727a00000, 0x0000000727c00000|  0%| F|  |TAMS 0x0000000727a00000| PB 0x0000000727a00000| Untracked |  0
|  193|0x0000000727c00000, 0x0000000727c00000, 0x0000000727e00000|  0%| F|  |TAMS 0x0000000727c00000| PB 0x0000000727c00000| Untracked |  0
|  194|0x0000000727e00000, 0x0000000727e00000, 0x0000000728000000|  0%| F|  |TAMS 0x0000000727e00000| PB 0x0000000727e00000| Untracked |  0
|  195|0x0000000728000000, 0x00000007280029d8, 0x0000000728200000|  0%| E|CS|TAMS 0x0000000728000000| PB 0x0000000728000000| Complete  |  0
|  196|0x0000000728200000, 0x0000000728400000, 0x0000000728400000|100%| E|CS|TAMS 0x0000000728200000| PB 0x0000000728200000| Complete  |  0
|  197|0x0000000728400000, 0x0000000728600000, 0x0000000728600000|100%| E|CS|TAMS 0x0000000728400000| PB 0x0000000728400000| Complete  |  0
|  198|0x0000000728600000, 0x0000000728800000, 0x0000000728800000|100%| E|CS|TAMS 0x0000000728600000| PB 0x0000000728600000| Complete  |  0
|  199|0x0000000728800000, 0x0000000728a00000, 0x0000000728a00000|100%| E|CS|TAMS 0x0000000728800000| PB 0x0000000728800000| Complete  |  0
|  200|0x0000000728a00000, 0x0000000728c00000, 0x0000000728c00000|100%| E|CS|TAMS 0x0000000728a00000| PB 0x0000000728a00000| Complete  |  0
|  201|0x0000000728c00000, 0x0000000728e00000, 0x0000000728e00000|100%| E|CS|TAMS 0x0000000728c00000| PB 0x0000000728c00000| Complete  |  0
|  202|0x0000000728e00000, 0x0000000729000000, 0x0000000729000000|100%| E|CS|TAMS 0x0000000728e00000| PB 0x0000000728e00000| Complete  |  0
|  203|0x0000000729000000, 0x0000000729200000, 0x0000000729200000|100%| E|CS|TAMS 0x0000000729000000| PB 0x0000000729000000| Complete  |  0
|  204|0x0000000729200000, 0x0000000729400000, 0x0000000729400000|100%| E|CS|TAMS 0x0000000729200000| PB 0x0000000729200000| Complete  |  0
|  205|0x0000000729400000, 0x0000000729600000, 0x0000000729600000|100%| E|CS|TAMS 0x0000000729400000| PB 0x0000000729400000| Complete  |  0
|  206|0x0000000729600000, 0x0000000729800000, 0x0000000729800000|100%| E|CS|TAMS 0x0000000729600000| PB 0x0000000729600000| Complete  |  0
|  207|0x0000000729800000, 0x0000000729a00000, 0x0000000729a00000|100%| E|CS|TAMS 0x0000000729800000| PB 0x0000000729800000| Complete  |  0
|  208|0x0000000729a00000, 0x0000000729c00000, 0x0000000729c00000|100%| E|CS|TAMS 0x0000000729a00000| PB 0x0000000729a00000| Complete  |  0
|  209|0x0000000729c00000, 0x0000000729e00000, 0x0000000729e00000|100%| E|CS|TAMS 0x0000000729c00000| PB 0x0000000729c00000| Complete  |  0
|  210|0x0000000729e00000, 0x000000072a000000, 0x000000072a000000|100%| E|CS|TAMS 0x0000000729e00000| PB 0x0000000729e00000| Complete  |  0
| 1918|0x00000007ff600000, 0x00000007ff61d5c8, 0x00000007ff800000|  5%| O|  |TAMS 0x00000007ff600000| PB 0x00000007ff600000| Untracked |  0
| 1919|0x00000007ff800000, 0x00000007ffa00000, 0x00000007ffa00000|100%| O|  |TAMS 0x00000007ff800000| PB 0x00000007ff800000| Untracked |  0
| 1921|0x00000007ffc00000, 0x00000007ffe00000, 0x00000007ffe00000|100%| O|  |TAMS 0x00000007ffc00000| PB 0x00000007ffc00000| Untracked |  0

Card table byte_map: [0x00007f4d9cf61000,0x00007f4d9d6e4000] _byte_map_base: 0x00007f4d996e4000
Refinement table byte_map: [0x00007f4d9d6e4000,0x00007f4d9de67000] _byte_map_base: 0x00007f4d99e67000

Marking Bits: (CMBitMap*) 0x00007f4d9806f1c0
 Bits: [0x00007f4d7c1e7000, 0x00007f4d7fdff000)

Polling page: 0x00007f4da1034000

Metaspace:
Metaspace        used 88210K, committed 89856K, reserved 1179648K
 class space     used 9534K, committed 10240K, reserved 1048576K

Usage:
  Non-class:     76.83 MB used.
      Class:      9.31 MB used.
       Both:     86.14 MB used.

Virtual space:
  Non-class space:      128.00 MB reserved,      77.75 MB ( 61%) committed,  2 nodes.
      Class space:        1.00 GB reserved,      10.00 MB ( <1%) committed,  1 nodes.
             Both:        1.12 GB reserved,      87.75 MB (  8%) committed. 

Chunk freelists:
   Non-Class:  1.75 MB
       Class:  5.91 MB
        Both:  7.66 MB

MaxMetaspaceSize: unlimited
CompressedClassSpaceSize: 1.00 GB
Initial GC threshold: 21.00 MB
Current GC threshold: 141.56 MB
CDS: on
 - commit_granule_bytes: 65536.
 - commit_granule_words: 8192.
 - virtual_space_node_default_size: 8388608.
 - enlarge_chunks_in_place: 1.
UseCompressedClassPointers 1, UseCompactObjectHeaders 0
Narrow klass pointer bits 32, Max shift 3
Narrow klass base: 0x0000000043000000, Narrow klass shift: 0
Encoding Range: [0x0000000043000000 - 0x0000000143000000), (4294967296 bytes)
Klass Range:    [0x0000000043000000 - 0x0000000084000000), (1090519040 bytes)
Klass ID Range:  [8 - 1090519033) (1090519025)
Protection zone: [0x0000000043000000 - 0x0000000043001000), (4096 bytes)


Internal statistics:

num_allocs_failed_limit: 11.
num_arena_births: 2540.
num_arena_deaths: 4.
num_vsnodes_births: 3.
num_vsnodes_deaths: 0.
num_space_committed: 1402.
num_space_uncommitted: 0.
num_chunks_returned_to_freelist: 16.
num_chunks_taken_from_freelist: 5889.
num_chunk_merges: 9.
num_chunk_splits: 3964.
num_chunks_enlarged: 2748.
num_inconsistent_stats: 0.

CodeHeap 'non-profiled nmethods': size=119168Kb used=6800Kb max_used=6800Kb free=112367Kb
 bounds [0x00007f4d879a0000, 0x00007f4d88050000, 0x00007f4d8ee00000]
CodeHeap 'profiled nmethods': size=119168Kb used=21801Kb max_used=21801Kb free=97366Kb
 bounds [0x00007f4d7fdff000, 0x00007f4d8134f000, 0x00007f4d8725f000]
CodeHeap 'non-nmethods': size=7428Kb used=5206Kb max_used=6642Kb free=2221Kb
 bounds [0x00007f4d8725f000, 0x00007f4d878ef000, 0x00007f4d879a0000]
CodeCache: size=245764Kb, used=33807Kb, max_used=35243Kb, free=211954Kb
 total_blobs=17404, nmethods=13896, adapters=3389, full_count=0
Compilation: enabled, stopped_count=0, restarted_count=0

Compilation events (20 events):
Event: 73.756 Thread 0x00007f4d981118a0 14704       1       io.ktor.http.Url::toString (5 bytes)
Event: 73.756 Thread 0x00007f4d981118a0 nmethod 14704 0x00007f4d88043a88 code [0x00007f4d88043b80, 0x00007f4d88043c30]
Event: 73.756 Thread 0x00007f4d981118a0 14705       3       kotlinx.coroutines.JobImpl::complete (8 bytes)
Event: 73.757 Thread 0x00007f4d981118a0 nmethod 14705 0x00007f4d81345588 code [0x00007f4d81345680, 0x00007f4d81345830]
Event: 73.757 Thread 0x00007f4d981118a0 14706       3       java.lang.Class::getEnclosingMethod (168 bytes)
Event: 73.758 Thread 0x00007f4d981118a0 nmethod 14706 0x00007f4d81345888 code [0x00007f4d81345980, 0x00007f4d81346c00]
Event: 73.890 Thread 0x00007f4d981118a0 14707       3       java.util.concurrent.CountDownLatch$Sync::tryAcquireShared (13 bytes)
Event: 73.890 Thread 0x00007f4d981118a0 nmethod 14707 0x00007f4d81346c08 code [0x00007f4d81346d00, 0x00007f4d81346ef0]
Event: 74.135 Thread 0x00007f4d981118a0 14709   !   3       java.util.logging.LogManager::ensureLogManagerInitialized (237 bytes)
Event: 74.137 Thread 0x00007f4d981118a0 nmethod 14709 0x00007f4d81346f08 code [0x00007f4d81347000, 0x00007f4d81348b20]
Event: 74.137 Thread 0x00007f4d981118a0 14710       1       java.util.concurrent.CopyOnWriteArrayList::setArray (6 bytes)
Event: 74.138 Thread 0x00005607dd0c2090 14672       4       io.ktor.http.HttpHeaders::checkHeaderName (94 bytes)
Event: 74.138 Thread 0x00005607dd0c2990 14691       4       jdk.internal.jimage.ImageStringsReader::stringFromByteBufferMatches (138 bytes)
Event: 74.138 Thread 0x00007f4d981118a0 nmethod 14710 0x00007f4d88044088 code [0x00007f4d88044180, 0x00007f4d88044288]
Event: 74.139 Thread 0x00007f4d981118a0 14711       3       java.util.concurrent.DelayScheduler::now (8 bytes)
Event: 74.139 Thread 0x00007f4d981118a0 nmethod 14711 0x00007f4d81348b88 code [0x00007f4d81348c80, 0x00007f4d81348d80]
Event: 74.140 Thread 0x00007f4d981118a0 14712       3       sun.net.util.IPAddressUtil::digit (18 bytes)
Event: 74.140 Thread 0x00007f4d981118a0 nmethod 14712 0x00007f4d81348e88 code [0x00007f4d81348f80, 0x00007f4d81349090]
Event: 74.140 Thread 0x00007f4d981118a0 14713       3       jdk.internal.misc.Unsafe::getAndBitwiseOrInt (27 bytes)
Event: 74.140 Thread 0x00007f4d981118a0 nmethod 14713 0x00007f4d81349188 code [0x00007f4d81349280, 0x00007f4d81349508]

GC Heap Usage History (20 events):
Event: 57.851 {heap Before GC invocations=52 (full 0):
 garbage-first heap   total reserved 3938304K, committed 444416K, used 143137K [0x000000070fa00000, 0x0000000800000000)
  region size 2M, 1 eden (2M), 1 survivor (2M), 24 old (48M), 49 humongous (98M), 142 free (284M)
}
Event: 57.853 {heap After GC invocations=53 (full 0):
 garbage-first heap   total reserved 3938304K, committed 444416K, used 44852K [0x000000070fa00000, 0x0000000800000000)
  region size 2M, 0 eden (0M), 1 survivor (2M), 24 old (48M), 1 humongous (2M), 191 free (382M)
}
Event: 58.015 {heap Before GC invocations=53 (full 0):
 garbage-first heap   total reserved 3938304K, committed 444416K, used 143156K [0x000000070fa00000, 0x0000000800000000)
  region size 2M, 1 eden (2M), 1 survivor (2M), 24 old (48M), 49 humongous (98M), 142 free (284M)
}
Event: 58.018 {heap After GC invocations=54 (full 0):
 garbage-first heap   total reserved 3938304K, committed 444416K, used 44873K [0x000000070fa00000, 0x0000000800000000)
  region size 2M, 0 eden (0M), 1 survivor (2M), 24 old (48M), 1 humongous (2M), 191 free (382M)
}
Event: 58.258 {heap Before GC invocations=54 (full 0):
 garbage-first heap   total reserved 3938304K, committed 444416K, used 175945K [0x000000070fa00000, 0x0000000800000000)
  region size 2M, 17 eden (34M), 1 survivor (2M), 24 old (48M), 49 humongous (98M), 126 free (252M)
}
Event: 58.261 {heap After GC invocations=55 (full 0):
 garbage-first heap   total reserved 3938304K, committed 444416K, used 44885K [0x000000070fa00000, 0x0000000800000000)
  region size 2M, 0 eden (0M), 1 survivor (2M), 24 old (48M), 1 humongous (2M), 191 free (382M)
}
Event: 60.535 {heap Before GC invocations=55 (full 0):
 garbage-first heap   total reserved 3938304K, committed 444416K, used 325461K [0x000000070fa00000, 0x0000000800000000)
  region size 2M, 129 eden (258M), 1 survivor (2M), 24 old (48M), 9 humongous (18M), 54 free (108M)
}
Event: 60.537 {heap After GC invocations=56 (full 0):
 garbage-first heap   total reserved 3938304K, committed 444416K, used 44876K [0x000000070fa00000, 0x0000000800000000)
  region size 2M, 0 eden (0M), 1 survivor (2M), 24 old (48M), 1 humongous (2M), 191 free (382M)
}
Event: 62.868 {heap Before GC invocations=56 (full 0):
 garbage-first heap   total reserved 3938304K, committed 444416K, used 309068K [0x000000070fa00000, 0x0000000800000000)
  region size 2M, 129 eden (258M), 1 survivor (2M), 24 old (48M), 1 humongous (2M), 62 free (124M)
}
Event: 62.869 {heap After GC invocations=57 (full 0):
 garbage-first heap   total reserved 3938304K, committed 444416K, used 44873K [0x000000070fa00000, 0x0000000800000000)
  region size 2M, 0 eden (0M), 1 survivor (2M), 24 old (48M), 1 humongous (2M), 191 free (382M)
}
Event: 65.225 {heap Before GC invocations=57 (full 0):
 garbage-first heap   total reserved 3938304K, committed 444416K, used 309065K [0x000000070fa00000, 0x0000000800000000)
  region size 2M, 129 eden (258M), 1 survivor (2M), 24 old (48M), 1 humongous (2M), 62 free (124M)
}
Event: 65.227 {heap After GC invocations=58 (full 0):
 garbage-first heap   total reserved 3938304K, committed 438272K, used 44874K [0x000000070fa00000, 0x0000000800000000)
  region size 2M, 0 eden (0M), 1 survivor (2M), 24 old (48M), 1 humongous (2M), 188 free (376M)
}
Event: 67.254 {heap Before GC invocations=58 (full 0):
 garbage-first heap   total reserved 3938304K, committed 438272K, used 304970K [0x000000070fa00000, 0x0000000800000000)
  region size 2M, 127 eden (254M), 1 survivor (2M), 24 old (48M), 1 humongous (2M), 61 free (122M)
}
Event: 67.256 {heap After GC invocations=59 (full 0):
 garbage-first heap   total reserved 3938304K, committed 438272K, used 44878K [0x000000070fa00000, 0x0000000800000000)
  region size 2M, 0 eden (0M), 1 survivor (2M), 25 old (50M), 1 humongous (2M), 187 free (374M)
}
Event: 69.285 {heap Before GC invocations=59 (full 0):
 garbage-first heap   total reserved 3938304K, committed 438272K, used 304974K [0x000000070fa00000, 0x0000000800000000)
  region size 2M, 127 eden (254M), 1 survivor (2M), 25 old (50M), 1 humongous (2M), 60 free (120M)
}
Event: 69.286 {heap After GC invocations=60 (full 0):
 garbage-first heap   total reserved 3938304K, committed 438272K, used 44887K [0x000000070fa00000, 0x0000000800000000)
  region size 2M, 0 eden (0M), 1 survivor (2M), 25 old (50M), 1 humongous (2M), 187 free (374M)
}
Event: 71.331 {heap Before GC invocations=60 (full 0):
 garbage-first heap   total reserved 3938304K, committed 438272K, used 304983K [0x000000070fa00000, 0x0000000800000000)
  region size 2M, 127 eden (254M), 1 survivor (2M), 25 old (50M), 1 humongous (2M), 60 free (120M)
}
Event: 71.332 {heap After GC invocations=61 (full 0):
 garbage-first heap   total reserved 3938304K, committed 438272K, used 44882K [0x000000070fa00000, 0x0000000800000000)
  region size 2M, 0 eden (0M), 1 survivor (2M), 25 old (50M), 1 humongous (2M), 187 free (374M)
}
Event: 73.404 {heap Before GC invocations=61 (full 0):
 garbage-first heap   total reserved 3938304K, committed 438272K, used 354130K [0x000000070fa00000, 0x0000000800000000)
  region size 2M, 127 eden (254M), 1 survivor (2M), 25 old (50M), 25 humongous (50M), 36 free (72M)
}
Event: 73.406 {heap After GC invocations=62 (full 0):
 garbage-first heap   total reserved 3938304K, committed 438272K, used 45066K [0x000000070fa00000, 0x0000000800000000)
  region size 2M, 0 eden (0M), 1 survivor (2M), 25 old (50M), 1 humongous (2M), 187 free (374M)
}

Metaspace Usage History (20 events):
Event: 57.851 {metaspace Before GC invocations=52 (full 0):
 Metaspace       used 87172K, committed 88896K, reserved 1179648K
  class space    used 9419K, committed 10112K, reserved 1048576K
}
Event: 57.853 {metaspace After GC invocations=53 (full 0):
 Metaspace       used 87172K, committed 88896K, reserved 1179648K
  class space    used 9419K, committed 10112K, reserved 1048576K
}
Event: 58.015 {metaspace Before GC invocations=53 (full 0):
 Metaspace       used 87175K, committed 88896K, reserved 1179648K
  class space    used 9419K, committed 10112K, reserved 1048576K
}
Event: 58.018 {metaspace After GC invocations=54 (full 0):
 Metaspace       used 87175K, committed 88896K, reserved 1179648K
  class space    used 9419K, committed 10112K, reserved 1048576K
}
Event: 58.258 {metaspace Before GC invocations=54 (full 0):
 Metaspace       used 87188K, committed 88896K, reserved 1179648K
  class space    used 9419K, committed 10112K, reserved 1048576K
}
Event: 58.261 {metaspace After GC invocations=55 (full 0):
 Metaspace       used 87188K, committed 88896K, reserved 1179648K
  class space    used 9419K, committed 10112K, reserved 1048576K
}
Event: 60.535 {metaspace Before GC invocations=55 (full 0):
 Metaspace       used 87191K, committed 88896K, reserved 1179648K
  class space    used 9419K, committed 10112K, reserved 1048576K
}
Event: 60.537 {metaspace After GC invocations=56 (full 0):
 Metaspace       used 87191K, committed 88896K, reserved 1179648K
  class space    used 9419K, committed 10112K, reserved 1048576K
}
Event: 62.868 {metaspace Before GC invocations=56 (full 0):
 Metaspace       used 87196K, committed 88896K, reserved 1179648K
  class space    used 9419K, committed 10112K, reserved 1048576K
}
Event: 62.869 {metaspace After GC invocations=57 (full 0):
 Metaspace       used 87196K, committed 88896K, reserved 1179648K
  class space    used 9419K, committed 10112K, reserved 1048576K
}
Event: 65.225 {metaspace Before GC invocations=57 (full 0):
 Metaspace       used 87198K, committed 88896K, reserved 1179648K
  class space    used 9419K, committed 10112K, reserved 1048576K
}
Event: 65.227 {metaspace After GC invocations=58 (full 0):
 Metaspace       used 87198K, committed 88896K, reserved 1179648K
  class space    used 9419K, committed 10112K, reserved 1048576K
}
Event: 67.254 {metaspace Before GC invocations=58 (full 0):
 Metaspace       used 87204K, committed 88896K, reserved 1179648K
  class space    used 9419K, committed 10112K, reserved 1048576K
}
Event: 67.256 {metaspace After GC invocations=59 (full 0):
 Metaspace       used 87204K, committed 88896K, reserved 1179648K
  class space    used 9419K, committed 10112K, reserved 1048576K
}
Event: 69.285 {metaspace Before GC invocations=59 (full 0):
 Metaspace       used 87204K, committed 88896K, reserved 1179648K
  class space    used 9419K, committed 10112K, reserved 1048576K
}
Event: 69.286 {metaspace After GC invocations=60 (full 0):
 Metaspace       used 87204K, committed 88896K, reserved 1179648K
  class space    used 9419K, committed 10112K, reserved 1048576K
}
Event: 71.331 {metaspace Before GC invocations=60 (full 0):
 Metaspace       used 87212K, committed 88896K, reserved 1179648K
  class space    used 9419K, committed 10112K, reserved 1048576K
}
Event: 71.332 {metaspace After GC invocations=61 (full 0):
 Metaspace       used 87212K, committed 88896K, reserved 1179648K
  class space    used 9419K, committed 10112K, reserved 1048576K
}
Event: 73.404 {metaspace Before GC invocations=61 (full 0):
 Metaspace       used 87293K, committed 88960K, reserved 1179648K
  class space    used 9419K, committed 10112K, reserved 1048576K
}
Event: 73.406 {metaspace After GC invocations=62 (full 0):
 Metaspace       used 87293K, committed 88960K, reserved 1179648K
  class space    used 9419K, committed 10112K, reserved 1048576K
}

Dll operation events (20 events):
Event: 1.152 Attempting to load shared library /home/annihilator/dev/mpv/build/libmpv.so.2.5.0
Event: 1.247 Loaded shared library /home/annihilator/dev/mpv/build/libmpv.so.2.5.0
Event: 1.250 Attempting to load shared library /usr/lib/jvm/java-26-openjdk/lib/libsyslookup.so
Event: 1.250 Loaded shared library /usr/lib/jvm/java-26-openjdk/lib/libsyslookup.so
Event: 2.711 Attempting to load shared library libglib-2.0.so.0
Event: 2.711 Loaded shared library libglib-2.0.so.0
Event: 2.724 Attempting to load shared library libwpe-1.0.so.1
Event: 2.725 Loaded shared library libwpe-1.0.so.1
Event: 2.725 Attempting to load shared library libWPEBackend-fdo-1.0.so.1
Event: 2.727 Loaded shared library libWPEBackend-fdo-1.0.so.1
Event: 2.752 Attempting to load shared library libWPEWebKit-2.0.so.1
Event: 2.790 Loaded shared library libWPEWebKit-2.0.so.1
Event: 2.790 Attempting to load shared library libgobject-2.0.so.0
Event: 2.790 Loaded shared library libgobject-2.0.so.0
Event: 3.586 Attempting to load shared library /usr/lib/jvm/java-26-openjdk/lib/libextnet.so
Event: 3.586 Loaded shared library /usr/lib/jvm/java-26-openjdk/lib/libextnet.so
Event: 4.152 Attempting to load shared library /usr/lib/jvm/java-26-openjdk/lib/libprefs.so
Event: 4.152 Loaded shared library /usr/lib/jvm/java-26-openjdk/lib/libprefs.so
Event: 17.449 Attempting to load shared library libwayland-server.so.0
Event: 17.449 Loaded shared library libwayland-server.so.0

Deoptimization events (20 events):
Event: 73.942 Thread 0x00007f4d99d85630 Uncommon trap: trap_request=0xffffff45 fr.pc=0x00007f4d87f670f4 relative=0x0000000000000074
Event: 73.942 Thread 0x00007f4d99d85630 Uncommon trap: reason=unstable_if action=reinterpret pc=0x00007f4d87f670f4 method=jdk.internal.foreign.AbstractMemorySegmentImpl.equals(Ljava/lang/Object;)Z @ 32 c2
Event: 73.942 Thread 0x00007f4d99d85630 DEOPT PACKING pc=0x00007f4d87f670f4 sp=0x00007f4c8ce59750
Event: 73.942 Thread 0x00007f4d99d85630 DEOPT UNPACKING pc=0x00007f4d87382c79 sp=0x00007f4c8ce59708 mode 2
Event: 74.128 Thread 0x00007f4d994c8020 Uncommon trap: trap_request=0xffffffde fr.pc=0x00007f4d87f15318 relative=0x0000000000000698
Event: 74.128 Thread 0x00007f4d994c8020 Uncommon trap: reason=class_check action=maybe_recompile pc=0x00007f4d87f15318 method=java.awt.event.InvocationEvent.dispatch()V @ 11 c2
Event: 74.128 Thread 0x00007f4d994c8020 DEOPT PACKING pc=0x00007f4d87f15318 sp=0x00007f4d20c60670
Event: 74.128 Thread 0x00007f4d994c8020 DEOPT UNPACKING pc=0x00007f4d87382c79 sp=0x00007f4d20c605d0 mode 2
Event: 74.138 Thread 0x00007f4d9b77f8c0 Uncommon trap: trap_request=0xffffffc6 fr.pc=0x00007f4d87fe55f0 relative=0x0000000000000970
Event: 74.138 Thread 0x00007f4d9b77f8c0 Uncommon trap: reason=bimorphic_or_optimized_type_check action=maybe_recompile pc=0x00007f4d87fe55f0 method=java.util.stream.ReferencePipeline.forEachWithCancel(Ljava/util/Spliterator;Ljava/util/stream/Sink;)Z @ 1 c2
Event: 74.138 Thread 0x00007f4d9b77f8c0 DEOPT PACKING pc=0x00007f4d87fe55f0 sp=0x00007f4d3b73ad30
Event: 74.138 Thread 0x00007f4d9b77f8c0 DEOPT UNPACKING pc=0x00007f4d87382c79 sp=0x00007f4d3b73aae0 mode 2
Event: 74.139 Thread 0x00007f4d9b77f8c0 Uncommon trap: trap_request=0xffffffde fr.pc=0x00007f4d87fc93c4 relative=0x00000000000013c4
Event: 74.139 Thread 0x00007f4d9b77f8c0 Uncommon trap: reason=class_check action=maybe_recompile pc=0x00007f4d87fc93c4 method=java.util.TreeMap.put(Ljava/lang/Object;Ljava/lang/Object;Z)Ljava/lang/Object; @ 118 c2
Event: 74.139 Thread 0x00007f4d9b77f8c0 DEOPT PACKING pc=0x00007f4d87fc93c4 sp=0x00007f4d3b73a380
Event: 74.139 Thread 0x00007f4d9b77f8c0 DEOPT UNPACKING pc=0x00007f4d87382c79 sp=0x00007f4d3b73a340 mode 2
Event: 74.140 Thread 0x00007f4d640b4e20 Uncommon trap: trap_request=0xffffffde fr.pc=0x00007f4d87fc93c4 relative=0x00000000000013c4
Event: 74.140 Thread 0x00007f4d640b4e20 Uncommon trap: reason=class_check action=maybe_recompile pc=0x00007f4d87fc93c4 method=java.util.TreeMap.put(Ljava/lang/Object;Ljava/lang/Object;Z)Ljava/lang/Object; @ 118 c2
Event: 74.140 Thread 0x00007f4d640b4e20 DEOPT PACKING pc=0x00007f4d87fc93c4 sp=0x00007f4d711f9c10
Event: 74.140 Thread 0x00007f4d640b4e20 DEOPT UNPACKING pc=0x00007f4d87382c79 sp=0x00007f4d711f9bd0 mode 2

Classes loaded (20 events):
Event: 73.606 Loading class java/lang/Throwable$WrappedPrintStream
Event: 73.606 Loading class java/lang/Throwable$PrintStreamOrWriter
Event: 73.607 Loading class java/lang/Throwable$PrintStreamOrWriter done
Event: 73.607 Loading class java/lang/Throwable$WrappedPrintStream done
Event: 73.631 Loading class java/util/function/LongBinaryOperator
Event: 73.631 Loading class java/util/function/LongBinaryOperator done
Event: 73.633 Loading class java/util/concurrent/CompletableFuture$UniHandle
Event: 73.633 Loading class java/util/concurrent/CompletableFuture$UniHandle done
Event: 73.634 Loading class java/util/concurrent/CompletableFuture$UniRelay
Event: 73.634 Loading class java/util/concurrent/CompletableFuture$UniRelay done
Event: 73.635 Loading class java/util/concurrent/CompletableFuture$UniWhenComplete
Event: 73.635 Loading class java/util/concurrent/CompletableFuture$UniWhenComplete done
Event: 73.636 Loading class java/util/concurrent/CompletableFuture$Signaller
Event: 73.636 Loading class java/util/concurrent/CompletableFuture$Signaller done
Event: 74.136 Loading class sun/awt/X11/XSystemTrayPeer
Event: 74.136 Loading class java/awt/peer/SystemTrayPeer
Event: 74.136 Loading class java/awt/peer/SystemTrayPeer done
Event: 74.136 Loading class sun/awt/X11/XMSelectionListener
Event: 74.136 Loading class sun/awt/X11/XMSelectionListener done
Event: 74.136 Loading class sun/awt/X11/XSystemTrayPeer done

Classes unloaded (2 events):
Event: 17.495 Thread 0x00007f4d980ff8b0 Unloading class 0x0000000044830400 'java/lang/invoke/LambdaForm$DMH+0x0000000044830400'
Event: 17.495 Thread 0x00007f4d980ff8b0 Unloading class 0x0000000044830000 'java/lang/invoke/LambdaForm$DMH+0x0000000044830000'

Classes redefined (0 events):
No events

Internal exceptions (20 events):
Event: 62.328 Thread 0x00007f4d994c8020 Exception <a 'java/io/IOException'{0x000000071ad31750}> (0x000000071ad31750) 
thrown [/usr/src/debug/java-openjdk/jdk26u-jdk-26.0.2.1-1/src/hotspot/share/prims/jni.cpp, line 514]
Event: 63.332 Thread 0x00007f4d994c8020 Exception <a 'java/io/IOException'{0x0000000726ea5620}> (0x0000000726ea5620) 
thrown [/usr/src/debug/java-openjdk/jdk26u-jdk-26.0.2.1-1/src/hotspot/share/prims/jni.cpp, line 514]
Event: 64.340 Thread 0x00007f4d994c8020 Exception <a 'java/io/IOException'{0x00000007211cd090}> (0x00000007211cd090) 
thrown [/usr/src/debug/java-openjdk/jdk26u-jdk-26.0.2.1-1/src/hotspot/share/prims/jni.cpp, line 514]
Event: 65.343 Thread 0x00007f4d994c8020 Exception <a 'java/io/IOException'{0x0000000728d09e80}> (0x0000000728d09e80) 
thrown [/usr/src/debug/java-openjdk/jdk26u-jdk-26.0.2.1-1/src/hotspot/share/prims/jni.cpp, line 514]
Event: 66.345 Thread 0x00007f4d994c8020 Exception <a 'java/io/IOException'{0x0000000720fbf030}> (0x0000000720fbf030) 
thrown [/usr/src/debug/java-openjdk/jdk26u-jdk-26.0.2.1-1/src/hotspot/share/prims/jni.cpp, line 514]
Event: 67.354 Thread 0x00007f4d994c8020 Exception <a 'java/io/IOException'{0x0000000728c7eeb0}> (0x0000000728c7eeb0) 
thrown [/usr/src/debug/java-openjdk/jdk26u-jdk-26.0.2.1-1/src/hotspot/share/prims/jni.cpp, line 514]
Event: 68.359 Thread 0x00007f4d994c8020 Exception <a 'java/io/IOException'{0x0000000720f41330}> (0x0000000720f41330) 
thrown [/usr/src/debug/java-openjdk/jdk26u-jdk-26.0.2.1-1/src/hotspot/share/prims/jni.cpp, line 514]
Event: 69.364 Thread 0x00007f4d994c8020 Exception <a 'java/io/IOException'{0x0000000728a35ac8}> (0x0000000728a35ac8) 
thrown [/usr/src/debug/java-openjdk/jdk26u-jdk-26.0.2.1-1/src/hotspot/share/prims/jni.cpp, line 514]
Event: 70.364 Thread 0x00007f4d994c8020 Exception <a 'java/io/IOException'{0x0000000720cd27a0}> (0x0000000720cd27a0) 
thrown [/usr/src/debug/java-openjdk/jdk26u-jdk-26.0.2.1-1/src/hotspot/share/prims/jni.cpp, line 514]
Event: 71.369 Thread 0x00007f4d994c8020 Exception <a 'java/io/IOException'{0x0000000728d80cf8}> (0x0000000728d80cf8) 
thrown [/usr/src/debug/java-openjdk/jdk26u-jdk-26.0.2.1-1/src/hotspot/share/prims/jni.cpp, line 514]
Event: 72.478 Thread 0x00007f4d994c8020 Exception <a 'java/io/IOException'{0x000000071ec0fe90}> (0x000000071ec0fe90) 
thrown [/usr/src/debug/java-openjdk/jdk26u-jdk-26.0.2.1-1/src/hotspot/share/prims/jni.cpp, line 514]
Event: 73.479 Thread 0x00007f4d994c8020 Exception <a 'java/io/IOException'{0x0000000728aed998}> (0x0000000728aed998) 
thrown [/usr/src/debug/java-openjdk/jdk26u-jdk-26.0.2.1-1/src/hotspot/share/prims/jni.cpp, line 514]
Event: 73.592 Thread 0x00007f4d994c8020 Exception <a 'sun/nio/fs/UnixException'{0x00000007288b5f98}> (0x00000007288b5f98) 
thrown [/usr/src/debug/java-openjdk/jdk26u-jdk-26.0.2.1-1/src/hotspot/share/prims/jni.cpp, line 514]
Event: 73.617 Thread 0x00007f4d6c00a5a0 Exception <a 'java/lang/IncompatibleClassChangeError'{0x00000007286944a0}: Found class java.lang.Object, but interface was expected> (0x00000007286944a0) 
thrown [/usr/src/debug/java-openjdk/jdk26u-jdk-26.0.2.1-1/src/hotspot/share/interpreter/linkResolver.cpp, line 871]
Event: 73.635 Thread 0x00007f4d3c1de870 Exception <a 'java/lang/NoSuchMethodError'{0x00000007287c6020}: 'void java.lang.invoke.DirectMethodHandle$Holder.invokeStatic(java.lang.Object, java.lang.Object, int)'> (0x00000007287c6020) 
thrown [/usr/src/debug/java-openjdk/jdk26u-jdk-26.0.2.1-1/src/hotspot/share/interpreter/linkResolver.cpp, line 803]
Event: 73.636 Thread 0x00007f4d3c1de870 Exception <a 'java/net/ConnectException'{0x00000007287e7800}> (0x00000007287e7800) 
thrown [/usr/src/debug/java-openjdk/jdk26u-jdk-26.0.2.1-1/src/hotspot/share/prims/jni.cpp, line 514]
Event: 73.641 Thread 0x00007f4d3c1de870 Exception <a 'java/net/ConnectException'{0x000000072847d598}> (0x000000072847d598) 
thrown [/usr/src/debug/java-openjdk/jdk26u-jdk-26.0.2.1-1/src/hotspot/share/prims/jni.cpp, line 514]
Event: 73.758 Thread 0x00007f4d5436bc70 Exception <a 'sun/nio/fs/UnixException'{0x00000007284e2ef0}> (0x00000007284e2ef0) 
thrown [/usr/src/debug/java-openjdk/jdk26u-jdk-26.0.2.1-1/src/hotspot/share/prims/jni.cpp, line 514]
Event: 74.139 Thread 0x00007f4d3c1de870 Exception <a 'java/net/ConnectException'{0x00000007280003a8}> (0x00000007280003a8) 
thrown [/usr/src/debug/java-openjdk/jdk26u-jdk-26.0.2.1-1/src/hotspot/share/prims/jni.cpp, line 514]
Event: 74.140 Thread 0x00007f4d3c1de870 Exception <a 'java/net/ConnectException'{0x00000007280017b0}> (0x00000007280017b0) 
thrown [/usr/src/debug/java-openjdk/jdk26u-jdk-26.0.2.1-1/src/hotspot/share/prims/jni.cpp, line 514]

VM Operations (20 events):
Event: 60.070 Executing non-safepoint VM operation: RendezvousGCThreads done
Event: 60.535 Executing safepoint VM operation: G1CollectForAllocation (G1 Evacuation Pause)
Event: 60.537 Executing safepoint VM operation: G1CollectForAllocation (G1 Evacuation Pause) done
Event: 62.868 Executing safepoint VM operation: G1CollectForAllocation (G1 Evacuation Pause)
Event: 62.869 Executing safepoint VM operation: G1CollectForAllocation (G1 Evacuation Pause) done
Event: 65.225 Executing safepoint VM operation: G1CollectForAllocation (G1 Evacuation Pause)
Event: 65.227 Executing safepoint VM operation: G1CollectForAllocation (G1 Evacuation Pause) done
Event: 67.254 Executing safepoint VM operation: G1CollectForAllocation (G1 Evacuation Pause)
Event: 67.256 Executing safepoint VM operation: G1CollectForAllocation (G1 Evacuation Pause) done
Event: 69.285 Executing safepoint VM operation: G1CollectForAllocation (G1 Evacuation Pause)
Event: 69.286 Executing safepoint VM operation: G1CollectForAllocation (G1 Evacuation Pause) done
Event: 71.330 Executing safepoint VM operation: G1CollectForAllocation (G1 Evacuation Pause)
Event: 71.332 Executing safepoint VM operation: G1CollectForAllocation (G1 Evacuation Pause) done
Event: 73.404 Executing safepoint VM operation: G1CollectForAllocation (G1 Evacuation Pause)
Event: 73.406 Executing safepoint VM operation: G1CollectForAllocation (G1 Evacuation Pause) done
Event: 73.590 Executing non-safepoint VM operation: HandshakeAllThreads (Deoptimize)
Event: 73.590 Executing non-safepoint VM operation: HandshakeAllThreads (Deoptimize) done
Event: 74.127 Executing non-safepoint VM operation: HandshakeAllThreads (CloseScopedMemory)
Event: 74.127 Executing non-safepoint VM operation: HandshakeAllThreads (CloseScopedMemory) done
Event: 74.141 Executing safepoint VM operation: Exit

Memory protections (20 events):
Event: 10.120 Protecting memory [0x00007f4c8d656000,0x00007f4c8d65a000] with protection modes 0
Event: 10.827 Protecting memory [0x00007f4cf6cff000,0x00007f4cf6d03000] with protection modes 0
Event: 13.555 Protecting memory [0x00007f4d208b5000,0x00007f4d208b9000] with protection modes 0
Event: 17.138 Protecting memory [0x00007f4d70df9000,0x00007f4d70dfd000] with protection modes 0
Event: 17.442 Protecting memory [0x00007f4d2100b000,0x00007f4d2100c000] with protection modes 1
Event: 18.009 Protecting memory [0x00007f4d208b5000,0x00007f4d208b9000] with protection modes 0
Event: 21.184 Protecting memory [0x00007f4c833fd000,0x00007f4c83401000] with protection modes 0
Event: 26.701 Protecting memory [0x00007f4d710fc000,0x00007f4d71100000] with protection modes 0
Event: 34.189 Protecting memory [0x00007f4ce8190000,0x00007f4ce8194000] with protection modes 0
Event: 34.195 Protecting memory [0x00007f4c91ef7000,0x00007f4c91efb000] with protection modes 0
Event: 38.123 Protecting memory [0x00007f4d710fc000,0x00007f4d71100000] with protection modes 0
Event: 54.070 Protecting memory [0x00007f4d710fc000,0x00007f4d71100000] with protection modes 0
Event: 73.584 Protecting memory [0x00007f4c8cd5b000,0x00007f4c8cd5f000] with protection modes 0
Event: 73.637 Protecting memory [0x00007f4d710fc000,0x00007f4d71100000] with protection modes 0
Event: 74.135 Protecting memory [0x00007f4c8cd5b000,0x00007f4c8cd5f000] with protection modes 0
Event: 74.136 Protecting memory [0x00007f4d3b73e000,0x00007f4d3b742000] with protection modes 0
Event: 74.136 Protecting memory [0x00007f4d3b63d000,0x00007f4d3b641000] with protection modes 0
Event: 74.136 Protecting memory [0x00007f4d1c300000,0x00007f4d1c304000] with protection modes 0
Event: 74.137 Protecting memory [0x00007f4d1c300000,0x00007f4d1c304000] with protection modes 0
Event: 74.137 Protecting memory [0x00007f4c8fcf3000,0x00007f4c8fcf7000] with protection modes 0

Nmethod flushes (20 events):
Event: 17.517 Thread 0x00007f4d980ff8b0 flushing  nmethod 0x00007f4d80303508
Event: 17.517 Thread 0x00007f4d980ff8b0 flushing  nmethod 0x00007f4d80304308
Event: 17.517 Thread 0x00007f4d980ff8b0 flushing  nmethod 0x00007f4d80323108
Event: 17.517 Thread 0x00007f4d980ff8b0 flushing  nmethod 0x00007f4d80323e88
Event: 17.517 Thread 0x00007f4d980ff8b0 flushing  nmethod 0x00007f4d80324188
Event: 17.517 Thread 0x00007f4d980ff8b0 flushing  nmethod 0x00007f4d80324d08
Event: 17.517 Thread 0x00007f4d980ff8b0 flushing  nmethod 0x00007f4d80329d08
Event: 17.517 Thread 0x00007f4d980ff8b0 flushing  nmethod 0x00007f4d8032ac08
Event: 17.517 Thread 0x00007f4d980ff8b0 flushing  nmethod 0x00007f4d8032af08
Event: 17.517 Thread 0x00007f4d980ff8b0 flushing  nmethod 0x00007f4d80337d08
Event: 17.517 Thread 0x00007f4d980ff8b0 flushing  nmethod 0x00007f4d80338088
Event: 17.517 Thread 0x00007f4d980ff8b0 flushing  nmethod 0x00007f4d8033d208
Event: 17.517 Thread 0x00007f4d980ff8b0 flushing  nmethod 0x00007f4d8033d508
Event: 17.517 Thread 0x00007f4d980ff8b0 flushing  nmethod 0x00007f4d80452008
Event: 17.517 Thread 0x00007f4d980ff8b0 flushing  nmethod 0x00007f4d80457b08
Event: 17.517 Thread 0x00007f4d980ff8b0 flushing  nmethod 0x00007f4d8045dc88
Event: 17.517 Thread 0x00007f4d980ff8b0 flushing  nmethod 0x00007f4d8049d408
Event: 17.517 Thread 0x00007f4d980ff8b0 flushing  nmethod 0x00007f4d804cfc88
Event: 17.517 Thread 0x00007f4d980ff8b0 flushing  nmethod 0x00007f4d804d0808
Event: 17.517 Thread 0x00007f4d980ff8b0 flushing  nmethod 0x00007f4d80519b08

Events (20 events):
Event: 69.244 Thread 0x00007f4d6017f340 Thread exited: 0x00007f4d6017f340
Event: 73.584 Thread 0x00007f4d98020000 Thread added: 0x00007f4d99d85630
Event: 73.614 Thread 0x00007f4d99b42840 Thread exited: 0x00007f4d99b42840
Event: 73.631 Thread 0x00007f4d7407e2e0 Thread exited: 0x00007f4d7407e2e0
Event: 73.637 Thread 0x00007f4d3c1de870 Thread added: 0x00007f4d640b4e20
Event: 73.942 Thread 0x00007f4d99b335a0 Thread exited: 0x00007f4d99b335a0
Event: 74.128 Thread 0x00007f4d99d85630 Thread exited: 0x00007f4d99d85630
Event: 74.135 Thread 0x00007f4d98020000 Thread added: 0x00007f4d99d85630
Event: 74.136 Thread 0x00007f4d98020000 Thread added: 0x00007f4d99b42840
Event: 74.136 Thread 0x00007f4d98020000 Thread added: 0x00007f4d9b77f8c0
Event: 74.136 Thread 0x00007f4d98020000 Thread added: 0x00007f4d9b054450
Event: 74.136 Thread 0x00007f4d99b42840 Thread exited: 0x00007f4d99b42840
Event: 74.136 Thread 0x00007f4d4827c330 Thread exited: 0x00007f4d4827c330
Event: 74.137 Thread 0x00007f4d9b054450 Thread exited: 0x00007f4d9b054450
Event: 74.137 Thread 0x00007f4d99d85630 Thread exited: 0x00007f4d99d85630
Event: 74.137 Thread 0x00007f4d981118a0 Thread added: 0x00005607dd0c2090
Event: 74.137 Thread 0x00007f4d981118a0 Thread added: 0x00005607dd0c2990
Event: 74.141 Thread 0x00007f4d9b77f8c0 Thread exited: 0x00007f4d9b77f8c0
Event: 74.141 Thread 0x00007f4d98020000 Before exit entered
Event: 74.141 Thread 0x00007f4d98020000 JVMTI - enter dead phase


Dynamic libraries:
40f37000-40fe3000 rw-p 00000000 00:00 0 
416a8000-416aa000 r-xs 00000000 00:01 727473                             /memfd:/.glXXXXXX (deleted)
43000000-43001000 ---p 00000000 00:00 0 
43001000-43da7000 rw-p 00001000 103:02 7880813                           /usr/lib/jvm/java-26-openjdk/lib/server/classes.jsa
43da7000-44000000 ---p 00000000 00:00 0 
44000000-44040000 rw-p 00000000 00:00 0 
44040000-440c0000 rw-p 00000000 00:00 0 
440c0000-44100000 rw-p 00000000 00:00 0 
44100000-44380000 rw-p 00000000 00:00 0 
44380000-44400000 rw-p 00000000 00:00 0 
44400000-44480000 rw-p 00000000 00:00 0 
44480000-444c0000 rw-p 00000000 00:00 0 
444c0000-44500000 rw-p 00000000 00:00 0 
44500000-445c0000 rw-p 00000000 00:00 0 
445c0000-44600000 rw-p 00000000 00:00 0 
44600000-448e0000 rw-p 00000000 00:00 0 
448e0000-44900000 ---p 00000000 00:00 0 
44900000-44a20000 rw-p 00000000 00:00 0 
44a20000-84000000 ---p 00000000 00:00 0 
200000000-300200000 ---p 00000000 00:00 0 
70fa00000-72a000000 rw-p 00000000 00:00 0 
72a000000-7ff600000 ---p 00000000 00:00 0 
7ff600000-7ffa00000 rw-p 00000000 00:00 0 
7ffa00000-7ffc00000 ---p 00000000 00:00 0 
7ffc00000-7ffe00000 rw-p 00000000 00:00 0 
7ffe00000-800000000 ---p 00000000 00:00 0 
56079c1a2000-56079c1a3000 r--p 00000000 103:02 7876111                   /usr/lib/jvm/java-26-openjdk/bin/java
56079c1a3000-56079c1a4000 r-xp 00001000 103:02 7876111                   /usr/lib/jvm/java-26-openjdk/bin/java
56079c1a4000-56079c1a5000 r--p 00002000 103:02 7876111                   /usr/lib/jvm/java-26-openjdk/bin/java
56079c1a5000-56079c1a6000 r--p 00002000 103:02 7876111                   /usr/lib/jvm/java-26-openjdk/bin/java
56079c1a6000-56079c1a7000 rw-p 00003000 103:02 7876111                   /usr/lib/jvm/java-26-openjdk/bin/java
5607da064000-5607e058d000 rw-p 00000000 00:00 0                          [heap]
7f3000000000-7f3ff222a000 rw-p 00000000 00:00 0 
7f3ff222a000-7f4000000000 ---p 00000000 00:00 0 
7f4a88000000-7f4a8a369000 rw-p 00000000 00:00 0 
7f4a8a369000-7f4a8c000000 ---p 00000000 00:00 0 
7f4a90000000-7f4a93fdb000 rw-p 00000000 00:00 0 
7f4a93fdb000-7f4a94000000 ---p 00000000 00:00 0 
7f4a98000000-7f4a9bfc9000 rw-p 00000000 00:00 0 
7f4a9bfc9000-7f4a9c000000 ---p 00000000 00:00 0 
7f4aa0000000-7f4aa4000000 rw-p 00000000 00:00 0 
7f4aa8000000-7f4aabfda000 rw-p 00000000 00:00 0 
7f4aabfda000-7f4aac000000 ---p 00000000 00:00 0 
7f4ab0000000-7f4ab3fd5000 rw-p 00000000 00:00 0 
7f4ab3fd5000-7f4ab4000000 ---p 00000000 00:00 0 
7f4ab4000000-7f4ab7fe2000 rw-p 00000000 00:00 0 
7f4ab7fe2000-7f4ab8000000 ---p 00000000 00:00 0 
7f4ab8000000-7f4abbfd7000 rw-p 00000000 00:00 0 
7f4abbfd7000-7f4abc000000 ---p 00000000 00:00 0 
7f4ac0000000-7f4ac3fb8000 rw-p 00000000 00:00 0 
7f4ac3fb8000-7f4ac4000000 ---p 00000000 00:00 0 
7f4ac8000000-7f4acbfea000 rw-p 00000000 00:00 0 
7f4acbfea000-7f4acc000000 ---p 00000000 00:00 0 
7f4ad0000000-7f4ad3fe8000 rw-p 00000000 00:00 0 
7f4ad3fe8000-7f4ad4000000 ---p 00000000 00:00 0 
7f4ad8000000-7f4adbff9000 rw-p 00000000 00:00 0 
7f4adbff9000-7f4adc000000 ---p 00000000 00:00 0 
7f4ae0000000-7f4ae3fe4000 rw-p 00000000 00:00 0 
7f4ae3fe4000-7f4ae4000000 ---p 00000000 00:00 0 
7f4ae8000000-7f4aeffed000 rw-p 00000000 00:00 0 
7f4aeffed000-7f4af0000000 ---p 00000000 00:00 0 
7f4af0000000-7f4af3ff4000 rw-p 00000000 00:00 0 
7f4af3ff4000-7f4af4000000 ---p 00000000 00:00 0 
7f4af8000000-7f4afbfcf000 rw-p 00000000 00:00 0 
7f4afbfcf000-7f4afc000000 ---p 00000000 00:00 0 
7f4b00000000-7f4c00000000 rw-p 00000000 00:00 0 
7f4c08000000-7f4c0bfce000 rw-p 00000000 00:00 0 
7f4c0bfce000-7f4c0c000000 ---p 00000000 00:00 0 
7f4c10000000-7f4c13fd8000 rw-p 00000000 00:00 0 
7f4c13fd8000-7f4c14000000 ---p 00000000 00:00 0 
7f4c18000000-7f4c1bff3000 rw-p 00000000 00:00 0 
7f4c1bff3000-7f4c1c000000 ---p 00000000 00:00 0 
7f4c48000000-7f4c4b17d000 rw-p 00000000 00:00 0 
7f4c4b17d000-7f4c4c000000 ---p 00000000 00:00 0 
7f4c58000000-7f4c5b841000 rw-p 00000000 00:00 0 
7f4c5b841000-7f4c5c000000 ---p 00000000 00:00 0 
7f4c60000000-7f4c63841000 rw-p 00000000 00:00 0 
7f4c63841000-7f4c64000000 ---p 00000000 00:00 0 
7f4c68000000-7f4c6b841000 rw-p 00000000 00:00 0 
7f4c6b841000-7f4c6c000000 ---p 00000000 00:00 0 
7f4c70000000-7f4c73841000 rw-p 00000000 00:00 0 
7f4c73841000-7f4c74000000 ---p 00000000 00:00 0 
7f4c78000000-7f4c7b841000 rw-p 00000000 00:00 0 
7f4c7b841000-7f4c7c000000 ---p 00000000 00:00 0 
7f4c7ebf4000-7f4c7eff4000 rw-s 00000000 00:07 1110                       /dev/nvidiactl
7f4c7f1f4000-7f4c7f3f4000 rw-s 00000000 00:07 1110                       /dev/nvidiactl
7f4c83bfd000-7f4c843fe000 rw-p 00000000 00:00 0 
7f4c843fe000-7f4c847fe000 rw-s 00000000 00:07 1110                       /dev/nvidiactl
7f4c847fe000-7f4c85800000 rw-p 00000000 00:00 0 
7f4c85800000-7f4c8622e000 r--p 00000000 103:02 5649983                   /usr/share/fonts/noto/NotoColorEmoji.ttf
7f4c86400000-7f4c86e2e000 r--p 00000000 103:02 5649983                   /usr/share/fonts/noto/NotoColorEmoji.ttf
7f4c87c00000-7f4c87f56000 rw-s 00000000 00:01 713216                     /memfd:mesa-shared (deleted)
7f4c88000000-7f4c889c0000 rw-p 00000000 00:00 0 
7f4c889c0000-7f4c88a00000 rw-p 00000000 00:00 0 
7f4c88a00000-7f4c88be0000 rw-p 00000000 00:00 0 
7f4c88be0000-7f4c88c80000 rw-p 00000000 00:00 0 
7f4c88c80000-7f4c88d00000 ---p 00000000 00:00 0 
7f4c88d00000-7f4c88e40000 rw-p 00000000 00:00 0 
7f4c88e40000-7f4c8c000000 ---p 00000000 00:00 0 
7f4c8c855000-7f4c8c856000 rw-p 00000000 00:00 0 
7f4c8c856000-7f4c8c85a000 ---p 00000000 00:00 0 
7f4c8c85a000-7f4c8c956000 rw-p 00000000 00:00 0 
7f4c8ca57000-7f4c8ca58000 rw-p 00000000 00:00 0 
7f4c8ca58000-7f4c8ca5c000 ---p 00000000 00:00 0 
7f4c8ca5c000-7f4c8cb59000 rw-p 00000000 00:00 0 
7f4c8cb59000-7f4c8cb5d000 ---p 00000000 00:00 0 
7f4c8cb5d000-7f4c8cc5a000 rw-p 00000000 00:00 0 
7f4c8cc5a000-7f4c8cc5e000 ---p 00000000 00:00 0 
7f4c8cc5e000-7f4c8cd5b000 rw-p 00000000 00:00 0 
7f4c8cd5b000-7f4c8cd5f000 ---p 00000000 00:00 0 
7f4c8cd5f000-7f4c8ce5b000 rw-p 00000000 00:00 0 
7f4c8d055000-7f4c8d455000 rw-s 00000000 00:07 1110                       /dev/nvidiactl
7f4c8d455000-7f4c8d655000 rw-s 00000000 00:07 1110                       /dev/nvidiactl
7f4c8dc5b000-7f4c8e05b000 rw-s 00000000 00:07 1110                       /dev/nvidiactl
7f4c8e05b000-7f4c8e05c000 rw-p 00000000 00:00 0 
7f4c8e05c000-7f4c8e060000 ---p 00000000 00:00 0 
7f4c8e060000-7f4c8e15d000 rw-p 00000000 00:00 0 
7f4c8e15d000-7f4c8e161000 ---p 00000000 00:00 0 
7f4c8e161000-7f4c8e25e000 rw-p 00000000 00:00 0 
7f4c8e25e000-7f4c8e262000 ---p 00000000 00:00 0 
7f4c8e262000-7f4c8e35f000 rw-p 00000000 00:00 0 
7f4c8e35f000-7f4c8e363000 ---p 00000000 00:00 0 
7f4c8e363000-7f4c8e460000 rw-p 00000000 00:00 0 
7f4c8e460000-7f4c8e464000 ---p 00000000 00:00 0 
7f4c8e464000-7f4c8e561000 rw-p 00000000 00:00 0 
7f4c8e561000-7f4c8e565000 ---p 00000000 00:00 0 
7f4c8e565000-7f4c8e662000 rw-p 00000000 00:00 0 
7f4c8e662000-7f4c8e666000 ---p 00000000 00:00 0 
7f4c8e666000-7f4c8e763000 rw-p 00000000 00:00 0 
7f4c8e763000-7f4c8e767000 ---p 00000000 00:00 0 
7f4c8e767000-7f4c8e864000 rw-p 00000000 00:00 0 
7f4c8e864000-7f4c8e868000 ---p 00000000 00:00 0 
7f4c8e868000-7f4c8e965000 rw-p 00000000 00:00 0 
7f4c8e965000-7f4c8e969000 ---p 00000000 00:00 0 
7f4c8e969000-7f4c8ea66000 rw-p 00000000 00:00 0 
7f4c8ea66000-7f4c8ea6a000 ---p 00000000 00:00 0 
7f4c8ea6a000-7f4c8eb67000 rw-p 00000000 00:00 0 
7f4c8eb67000-7f4c8eb6b000 ---p 00000000 00:00 0 
7f4c8eb6b000-7f4c8ec68000 rw-p 00000000 00:00 0 
7f4c8ec68000-7f4c8ec6c000 ---p 00000000 00:00 0 
7f4c8ec6c000-7f4c8ed68000 rw-p 00000000 00:00 0 
7f4c8ed68000-7f4c8ee00000 r--p 00000000 103:02 5641624                   /usr/share/fonts/noto/NotoSans-Regular.ttf
7f4c8f0a8000-7f4c8f14c000 r--p 00000000 103:02 5652750                   /usr/share/fonts/noto/NotoSansSymbols2-Regular.ttf
7f4c8f14c000-7f4c8f1e7000 r--p 00000000 103:02 5641617                   /usr/share/fonts/noto/NotoSans-Bold.ttf
7f4c8f1e7000-7f4c8f1e8000 rw-p 00000000 00:00 0 
7f4c8f1e8000-7f4c8f1ec000 ---p 00000000 00:00 0 
7f4c8f1ec000-7f4c8f2e8000 rw-p 00000000 00:00 0 
7f4c8f3e9000-7f4c8f3ea000 rw-p 00000000 00:00 0 
7f4c8f3ea000-7f4c8f3ee000 ---p 00000000 00:00 0 
7f4c8f3ee000-7f4c8f4ea000 rw-p 00000000 00:00 0 
7f4c8f5eb000-7f4c8f5ec000 rw-p 00000000 00:00 0 
7f4c8f5ec000-7f4c8f5f0000 ---p 00000000 00:00 0 
7f4c8f5f0000-7f4c8f6ec000 rw-p 00000000 00:00 0 
7f4c8f7ed000-7f4c8f7ee000 rw-p 00000000 00:00 0 
7f4c8f7ee000-7f4c8f7f2000 ---p 00000000 00:00 0 
7f4c8f7f2000-7f4c8f8ef000 rw-p 00000000 00:00 0 
7f4c8f8ef000-7f4c8f8f3000 ---p 00000000 00:00 0 
7f4c8f8f3000-7f4c8f9f0000 rw-p 00000000 00:00 0 
7f4c8f9f0000-7f4c8f9f4000 ---p 00000000 00:00 0 
7f4c8f9f4000-7f4c8faf1000 rw-p 00000000 00:00 0 
7f4c8faf1000-7f4c8faf5000 ---p 00000000 00:00 0 
7f4c8faf5000-7f4c8fbf1000 rw-p 00000000 00:00 0 
7f4c8fcf2000-7f4c8fcf3000 rw-p 00000000 00:00 0 
7f4c8fcf3000-7f4c8fcf7000 ---p 00000000 00:00 0 
7f4c8fcf7000-7f4c8fdf4000 rw-p 00000000 00:00 0 
7f4c8fdf4000-7f4c8fdf8000 ---p 00000000 00:00 0 
7f4c8fdf8000-7f4c8fef5000 rw-p 00000000 00:00 0 
7f4c8fef5000-7f4c8fef9000 ---p 00000000 00:00 0 
7f4c8fef9000-7f4c8fff6000 rw-p 00000000 00:00 0 
7f4c8fff6000-7f4c8fffa000 ---p 00000000 00:00 0 
7f4c8fffa000-7f4c900f6000 rw-p 00000000 00:00 0 
7f4c901f7000-7f4c901f8000 rw-p 00000000 00:00 0 
7f4c901f8000-7f4c901fc000 ---p 00000000 00:00 0 
7f4c901fc000-7f4c902f9000 rw-p 00000000 00:00 0 
7f4c902f9000-7f4c902fd000 ---p 00000000 00:00 0 
7f4c902fd000-7f4c903fa000 rw-p 00000000 00:00 0 
7f4c903fa000-7f4c903fe000 ---p 00000000 00:00 0 
7f4c903fe000-7f4c904fb000 rw-p 00000000 00:00 0 
7f4c904fb000-7f4c904ff000 ---p 00000000 00:00 0 
7f4c904ff000-7f4c905fc000 rw-p 00000000 00:00 0 
7f4c905fc000-7f4c90600000 ---p 00000000 00:00 0 
7f4c90600000-7f4c906fd000 rw-p 00000000 00:00 0 
7f4c906fd000-7f4c90701000 ---p 00000000 00:00 0 
7f4c90701000-7f4c907fe000 rw-p 00000000 00:00 0 
7f4c907fe000-7f4c90802000 ---p 00000000 00:00 0 
7f4c90802000-7f4c908ff000 rw-p 00000000 00:00 0 
7f4c908ff000-7f4c90903000 ---p 00000000 00:00 0 
7f4c90903000-7f4c91200000 rw-p 00000000 00:00 0 
7f4c9120a000-7f4c9128a000 rw-s 00000000 00:07 1110                       /dev/nvidiactl
7f4c9128a000-7f4c9128b000 rw-p 00000000 00:00 0 
7f4c9128b000-7f4c9128f000 ---p 00000000 00:00 0 
7f4c9128f000-7f4c9138b000 rw-p 00000000 00:00 0 
7f4c9138b000-7f4c91445000 r--p 00000000 103:02 5131297                   /usr/share/fonts/TTF/DejaVuSans.ttf
7f4c91445000-7f4c914dd000 r--p 00000000 103:02 5641622                   /usr/share/fonts/noto/NotoSans-Medium.ttf
7f4c914dd000-7f4c91543000 r--p 00000000 103:02 5013908                   /usr/share/fonts/liberation/LiberationSans-Bold.ttf
7f4c91543000-7f4c915f1000 r--p 00000000 103:02 5131293                   /usr/share/fonts/TTF/DejaVuSans-Bold.ttf
7f4c915f1000-7f4c915f2000 rw-p 00000000 00:00 0 
7f4c915f2000-7f4c915f6000 ---p 00000000 00:00 0 
7f4c915f6000-7f4c916f2000 rw-p 00000000 00:00 0 
7f4c917f3000-7f4c917f4000 rw-p 00000000 00:00 0 
7f4c917f4000-7f4c917f8000 ---p 00000000 00:00 0 
7f4c917f8000-7f4c918f4000 rw-p 00000000 00:00 0 
7f4c918f4000-7f4c91cf4000 rw-s 00000000 00:07 1110                       /dev/nvidiactl
7f4c91df5000-7f4c91df6000 rw-p 00000000 00:00 0 
7f4c91df6000-7f4c91dfa000 ---p 00000000 00:00 0 
7f4c91dfa000-7f4c91ef6000 rw-p 00000000 00:00 0 
7f4c91ff7000-7f4c927f8000 rw-p 00000000 00:00 0 
7f4c927f8000-7f4c929f8000 rw-s 00000000 00:07 1112                       /dev/nvidia0
7f4c929f8000-7f4c92bf8000 rw-s 00000000 00:07 1110                       /dev/nvidiactl
7f4c92bf8000-7f4c92df8000 rw-s 00000000 00:07 1110                       /dev/nvidiactl
7f4c92df8000-7f4c95dfe000 rw-p 00000000 00:00 0 
7f4c95dfe000-7f4c95dff000 ---p 00000000 00:00 0 
7f4c95dff000-7f4cd5dff000 rwxp 00000000 00:00 0 
7f4cd5dff000-7f4cd5e00000 ---p 00000000 00:00 0 
7f4cd5e00000-7f4cd6000000 rw-p 00000000 00:00 0 
7f4cd6000000-7f4cd6020000 rw-p 00000000 00:00 0 
7f4cd6020000-7f4cd6042000 rw-p 00000000 00:00 0 
7f4cd6042000-7f4cd60a0000 rw-p 00000000 00:00 0 
7f4cd60a0000-7f4cd60c0000 rw-p 00000000 00:00 0 
7f4cd60c0000-7f4cd6120000 rw-p 00000000 00:00 0 
7f4cd6120000-7f4cd6426000 rw-p 00000000 00:00 0 
7f4cd6426000-7f4cd6428000 rw-p 00000000 00:00 0 
7f4cd6428000-7f4cd6433000 rw-p 00000000 00:00 0 
7f4cd6433000-7f4cd6434000 rw-p 00000000 00:00 0 
7f4cd6434000-7f4cd645d000 rw-p 00000000 00:00 0 
7f4cd645d000-7f4cd6460000 rw-p 00000000 00:00 0 
7f4cd6460000-7f4cd64a0000 rw-p 00000000 00:00 0 
7f4cd64a0000-7f4cd6800000 rw-p 00000000 00:00 0 
7f4cd6800000-7f4cd7e28000 rw-p 00000000 00:00 0 
7f4cd7e28000-7f4cd7e2c000 rw-p 00000000 00:00 0 
7f4cd7e2c000-7f4cdfe00000 rw-p 00000000 00:00 0 
7f4cdfe00000-7f4ce11aa000 r--p 00000000 103:02 4835997                   /usr/lib/libWPEWebKit-2.0.so.1.9.10
7f4ce11aa000-7f4ce79cf000 r-xp 013a9000 103:02 4835997                   /usr/lib/libWPEWebKit-2.0.so.1.9.10
7f4ce79cf000-7f4ce7d04000 r--p 07bcd000 103:02 4835997                   /usr/lib/libWPEWebKit-2.0.so.1.9.10
7f4ce7d04000-7f4ce7d52000 rw-p 07f01000 103:02 4835997                   /usr/lib/libWPEWebKit-2.0.so.1.9.10
7f4ce7d52000-7f4ce7d5a000 r--p 07f4f000 103:02 4835997                   /usr/lib/libWPEWebKit-2.0.so.1.9.10
7f4ce7d5a000-7f4ce7d94000 rw-p 00000000 00:00 0 
7f4ce7da5000-7f4ce7dba000 r--p 00000000 103:02 5509699                   /usr/share/fonts/gsfonts/NimbusSans-Bold.otf
7f4ce7dba000-7f4ce7dbd000 r--p 00000000 103:02 4720955                   /usr/lib/libnss_resolve.so.2
7f4ce7dbd000-7f4ce7df0000 r-xp 00003000 103:02 4720955                   /usr/lib/libnss_resolve.so.2
7f4ce7df0000-7f4ce7e08000 r--p 00036000 103:02 4720955                   /usr/lib/libnss_resolve.so.2
7f4ce7e08000-7f4ce7e0f000 r--p 0004e000 103:02 4720955                   /usr/lib/libnss_resolve.so.2
7f4ce7e0f000-7f4ce7e10000 rw-p 00055000 103:02 4720955                   /usr/lib/libnss_resolve.so.2
7f4ce7e10000-7f4ce7f10000 rw-s 00000000 00:07 1110                       /dev/nvidiactl
7f4ce7f2a000-7f4ce7f2e000 r--p 00000000 103:02 4720953                   /usr/lib/libnss_mymachines.so.2
7f4ce7f2e000-7f4ce7f7f000 r-xp 00004000 103:02 4720953                   /usr/lib/libnss_mymachines.so.2
7f4ce7f7f000-7f4ce7f99000 r--p 00055000 103:02 4720953                   /usr/lib/libnss_mymachines.so.2
7f4ce7f99000-7f4ce7f9c000 r--p 0006f000 103:02 4720953                   /usr/lib/libnss_mymachines.so.2
7f4ce7f9c000-7f4ce7f9d000 rw-p 00072000 103:02 4720953                   /usr/lib/libnss_mymachines.so.2
7f4ce7f9d000-7f4ce7fb0000 rw-s 00000000 00:07 1110                       /dev/nvidiactl
7f4ce7fb0000-7f4ce7ff0000 rw-s 00000000 00:07 1110                       /dev/nvidiactl
7f4ce7ff0000-7f4ce8010000 rw-s 00000000 00:07 1110                       /dev/nvidiactl
7f4ce8010000-7f4ce8050000 rw-s 00000000 00:07 1110                       /dev/nvidiactl
7f4ce8050000-7f4ce8090000 rw-s 00000000 00:07 1110                       /dev/nvidiactl
7f4ce8391000-7f4ce839f000 r--p 00000000 103:02 5256581                   /usr/lib/gvfs/libgvfscommon.so
7f4ce839f000-7f4ce83ba000 r-xp 0000e000 103:02 5256581                   /usr/lib/gvfs/libgvfscommon.so
7f4ce83ba000-7f4ce83c6000 r--p 00029000 103:02 5256581                   /usr/lib/gvfs/libgvfscommon.so
7f4ce83c6000-7f4ce83cc000 r--p 00035000 103:02 5256581                   /usr/lib/gvfs/libgvfscommon.so
7f4ce83cc000-7f4ce83cd000 rw-p 0003b000 103:02 5256581                   /usr/lib/gvfs/libgvfscommon.so
7f4ce83cd000-7f4ce83d7000 r--p 00000000 103:02 4771278                   /usr/lib/gio/modules/libgvfsdbus.so
7f4ce83d7000-7f4ce83f3000 r-xp 0000a000 103:02 4771278                   /usr/lib/gio/modules/libgvfsdbus.so
7f4ce83f3000-7f4ce83fc000 r--p 00026000 103:02 4771278                   /usr/lib/gio/modules/libgvfsdbus.so
7f4ce83fc000-7f4ce83fe000 r--p 0002f000 103:02 4771278                   /usr/lib/gio/modules/libgvfsdbus.so
7f4ce83fe000-7f4ce83ff000 rw-p 00031000 103:02 4771278                   /usr/lib/gio/modules/libgvfsdbus.so
7f4ce83ff000-7f4ce8c00000 rw-p 00000000 00:00 0 
7f4ce8c00000-7f4ce908c000 rw-p 00000000 00:00 0 
7f4ce908c000-7f4ce9090000 rw-p 00000000 00:00 0 
7f4ce9090000-7f4ce90a4000 rw-p 00000000 00:00 0 
7f4ce90a4000-7f4ce90a8000 rw-p 00000000 00:00 0 
7f4ce90a8000-7f4ce90b8000 rw-p 00000000 00:00 0 
7f4ce90b8000-7f4ce90bc000 rw-p 00000000 00:00 0 
7f4ce90bc000-7f4ce90c8000 rw-p 00000000 00:00 0 
7f4ce90c8000-7f4ce90cc000 rw-p 00000000 00:00 0 
7f4ce90cc000-7f4ce90d4000 rw-p 00000000 00:00 0 
7f4ce90d4000-7f4ce90d8000 rw-p 00000000 00:00 0 
7f4ce90d8000-7f4ce90e0000 rw-p 00000000 00:00 0 
7f4ce90e0000-7f4ce90e8000 rw-p 00000000 00:00 0 
7f4ce90e8000-7f4ce90ec000 rw-p 00000000 00:00 0 
7f4ce90ec000-7f4ce90f4000 rw-p 00000000 00:00 0 
7f4ce90f4000-7f4ce90f8000 rw-p 00000000 00:00 0 
7f4ce90f8000-7f4ce90fc000 rw-p 00000000 00:00 0 
7f4ce90fc000-7f4ceac00000 rw-p 00000000 00:00 0 
7f4ceac03000-7f4ceac07000 rw-s 00000000 00:07 1110                       /dev/nvidiactl
7f4ceac07000-7f4ceac27000 rw-s 00000000 00:07 1110                       /dev/nvidiactl
7f4ceac27000-7f4ceac48000 r--p 00000000 103:02 4750220                   /usr/share/locale/en_GB/LC_MESSAGES/glib20.mo
7f4ceac48000-7f4ceb449000 rw-p 00000000 00:00 0 
7f4ceb449000-7f4ceb462000 r--p 00000000 103:02 4834664                   /usr/lib/libyuv.so
7f4ceb462000-7f4ceb4d4000 r-xp 00019000 103:02 4834664                   /usr/lib/libyuv.so
7f4ceb4d4000-7f4ceb4ec000 r--p 0008b000 103:02 4834664                   /usr/lib/libyuv.so
7f4ceb4ec000-7f4ceb4ef000 r--p 000a2000 103:02 4834664                   /usr/lib/libyuv.so
7f4ceb4ef000-7f4ceb4f0000 rw-p 000a5000 103:02 4834664                   /usr/lib/libyuv.so
7f4ceb4f0000-7f4ceb4f4000 r--p 00000000 103:02 4767590                   /usr/lib/libgudev-1.0.so.0.3.0
7f4ceb4f4000-7f4ceb4f8000 r-xp 00004000 103:02 4767590                   /usr/lib/libgudev-1.0.so.0.3.0
7f4ceb4f8000-7f4ceb4fa000 r--p 00008000 103:02 4767590                   /usr/lib/libgudev-1.0.so.0.3.0
7f4ceb4fa000-7f4ceb4fb000 r--p 0000a000 103:02 4767590                   /usr/lib/libgudev-1.0.so.0.3.0
7f4ceb4fb000-7f4ceb4fc000 rw-p 0000b000 103:02 4767590                   /usr/lib/libgudev-1.0.so.0.3.0
7f4ceb4fc000-7f4ceb50b000 r--p 00000000 103:02 4759938                   /usr/lib/liborc-0.4.so.0.42.0
7f4ceb50b000-7f4ceb5b5000 r-xp 0000f000 103:02 4759938                   /usr/lib/liborc-0.4.so.0.42.0
7f4ceb5b5000-7f4ceb5eb000 r--p 000b9000 103:02 4759938                   /usr/lib/liborc-0.4.so.0.42.0
7f4ceb5eb000-7f4ceb5ee000 r--p 000ef000 103:02 4759938                   /usr/lib/liborc-0.4.so.0.42.0
7f4ceb5ee000-7f4ceb5f6000 rw-p 000f2000 103:02 4759938                   /usr/lib/liborc-0.4.so.0.42.0
7f4ceb5f6000-7f4ceb5f8000 rw-p 00000000 00:00 0 
7f4ceb5f8000-7f4ceb5fd000 r--p 00000000 103:02 4722100                   /usr/lib/libgpg-error.so.0.42.1
7f4ceb5fd000-7f4ceb618000 r-xp 00005000 103:02 4722100                   /usr/lib/libgpg-error.so.0.42.1
7f4ceb618000-7f4ceb623000 r--p 00020000 103:02 4722100                   /usr/lib/libgpg-error.so.0.42.1
7f4ceb623000-7f4ceb624000 r--p 0002a000 103:02 4722100                   /usr/lib/libgpg-error.so.0.42.1
7f4ceb624000-7f4ceb625000 rw-p 0002b000 103:02 4722100                   /usr/lib/libgpg-error.so.0.42.1
7f4ceb625000-7f4ceb62a000 r--p 00000000 103:02 4816817                   /usr/lib/liblua5.4.so.5.4.8
7f4ceb62a000-7f4ceb65c000 r-xp 00005000 103:02 4816817                   /usr/lib/liblua5.4.so.5.4.8
7f4ceb65c000-7f4ceb667000 r--p 00037000 103:02 4816817                   /usr/lib/liblua5.4.so.5.4.8
7f4ceb667000-7f4ceb669000 r--p 00042000 103:02 4816817                   /usr/lib/liblua5.4.so.5.4.8
7f4ceb669000-7f4ceb66a000 rw-p 00044000 103:02 4816817                   /usr/lib/liblua5.4.so.5.4.8
7f4ceb66a000-7f4ceb672000 r--p 00000000 103:02 4735309                   /usr/lib/libdw-0.196.so
7f4ceb672000-7f4ceb6d2000 r-xp 00008000 103:02 4735309                   /usr/lib/libdw-0.196.so
7f4ceb6d2000-7f4ceb702000 r--p 00068000 103:02 4735309                   /usr/lib/libdw-0.196.so
7f4ceb702000-7f4ceb70b000 r--p 00098000 103:02 4735309                   /usr/lib/libdw-0.196.so
7f4ceb70b000-7f4ceb70c000 rw-p 000a1000 103:02 4735309                   /usr/lib/libdw-0.196.so
7f4ceb70c000-7f4ceb71a000 r--p 00000000 103:02 4771657                   /usr/lib/libatspi.so.0.0.1
7f4ceb71a000-7f4ceb735000 r-xp 0000e000 103:02 4771657                   /usr/lib/libatspi.so.0.0.1
7f4ceb735000-7f4ceb743000 r--p 00029000 103:02 4771657                   /usr/lib/libatspi.so.0.0.1
7f4ceb743000-7f4ceb747000 r--p 00037000 103:02 4771657                   /usr/lib/libatspi.so.0.0.1
7f4ceb747000-7f4ceb748000 rw-p 0003b000 103:02 4771657                   /usr/lib/libatspi.so.0.0.1
7f4ceb748000-7f4ceb74e000 r--p 00000000 103:02 4780108                   /usr/lib/libavif.so.16.4.2
7f4ceb74e000-7f4ceb780000 r-xp 00006000 103:02 4780108                   /usr/lib/libavif.so.16.4.2
7f4ceb780000-7f4ceb78c000 r--p 00038000 103:02 4780108                   /usr/lib/libavif.so.16.4.2
7f4ceb78c000-7f4ceb78f000 r--p 00043000 103:02 4780108                   /usr/lib/libavif.so.16.4.2
7f4ceb78f000-7f4ceb790000 rw-p 00046000 103:02 4780108                   /usr/lib/libavif.so.16.4.2
7f4ceb790000-7f4ceb7a3000 r--p 00000000 103:02 4758770                   /usr/lib/libgstgl-1.0.so.0.2806.0
7f4ceb7a3000-7f4ceb7f6000 r-xp 00013000 103:02 4758770                   /usr/lib/libgstgl-1.0.so.0.2806.0
7f4ceb7f6000-7f4ceb81f000 r--p 00066000 103:02 4758770                   /usr/lib/libgstgl-1.0.so.0.2806.0
7f4ceb81f000-7f4ceb825000 r--p 0008f000 103:02 4758770                   /usr/lib/libgstgl-1.0.so.0.2806.0
7f4ceb825000-7f4ceb826000 rw-p 00095000 103:02 4758770                   /usr/lib/libgstgl-1.0.so.0.2806.0
7f4ceb826000-7f4ceb83a000 r--p 00000000 103:02 4758798                   /usr/lib/libgstvideo-1.0.so.0.2806.0
7f4ceb83a000-7f4ceb8c2000 r-xp 00014000 103:02 4758798                   /usr/lib/libgstvideo-1.0.so.0.2806.0
7f4ceb8c2000-7f4ceb8ef000 r--p 0009c000 103:02 4758798                   /usr/lib/libgstvideo-1.0.so.0.2806.0
7f4ceb8ef000-7f4ceb903000 r--p 000c8000 103:02 4758798                   /usr/lib/libgstvideo-1.0.so.0.2806.0
7f4ceb903000-7f4ceb904000 rw-p 000dc000 103:02 4758798                   /usr/lib/libgstvideo-1.0.so.0.2806.0
7f4ceb904000-7f4ceb905000 rw-p 00000000 00:00 0 
7f4ceb905000-7f4ceb90c000 r--p 00000000 103:02 4758795                   /usr/lib/libgsttag-1.0.so.0.2806.0
7f4ceb90c000-7f4ceb930000 r-xp 00007000 103:02 4758795                   /usr/lib/libgsttag-1.0.so.0.2806.0
7f4ceb930000-7f4ceb941000 r--p 0002b000 103:02 4758795                   /usr/lib/libgsttag-1.0.so.0.2806.0
7f4ceb941000-7f4ceb943000 r--p 0003c000 103:02 4758795                   /usr/lib/libgsttag-1.0.so.0.2806.0
7f4ceb943000-7f4ceb944000 rw-p 0003e000 103:02 4758795                   /usr/lib/libgsttag-1.0.so.0.2806.0
7f4ceb944000-7f4ceb952000 r--p 00000000 103:02 4758759                   /usr/lib/libgstaudio-1.0.so.0.2806.0
7f4ceb952000-7f4ceb9ac000 r-xp 0000e000 103:02 4758759                   /usr/lib/libgstaudio-1.0.so.0.2806.0
7f4ceb9ac000-7f4ceb9c9000 r--p 00068000 103:02 4758759                   /usr/lib/libgstaudio-1.0.so.0.2806.0
7f4ceb9c9000-7f4ceb9cd000 r--p 00084000 103:02 4758759                   /usr/lib/libgstaudio-1.0.so.0.2806.0
7f4ceb9cd000-7f4ceb9ce000 rw-p 00088000 103:02 4758759                   /usr/lib/libgstaudio-1.0.so.0.2806.0
7f4ceb9ce000-7f4ceb9dd000 r--p 00000000 103:02 4758659                   /usr/lib/libgstbase-1.0.so.0.2806.0
7f4ceb9dd000-7f4ceba38000 r-xp 0000f000 103:02 4758659                   /usr/lib/libgstbase-1.0.so.0.2806.0
7f4ceba38000-7f4ceba53000 r--p 0006a000 103:02 4758659                   /usr/lib/libgstbase-1.0.so.0.2806.0
7f4ceba53000-7f4ceba55000 r--p 00084000 103:02 4758659                   /usr/lib/libgstbase-1.0.so.0.2806.0
7f4ceba55000-7f4ceba56000 rw-p 00086000 103:02 4758659                   /usr/lib/libgstbase-1.0.so.0.2806.0
7f4ceba56000-7f4ceba5b000 r--p 00000000 103:02 4754430                   /usr/lib/libgcrypt.so.20.7.2
7f4ceba5b000-7f4cebba8000 r-xp 00005000 103:02 4754430                   /usr/lib/libgcrypt.so.20.7.2
7f4cebba8000-7f4cebbf5000 r--p 00152000 103:02 4754430                   /usr/lib/libgcrypt.so.20.7.2
7f4cebbf5000-7f4cebbfa000 r--p 0019f000 103:02 4754430                   /usr/lib/libgcrypt.so.20.7.2
7f4cebbfa000-7f4cebc00000 rw-p 001a4000 103:02 4754430                   /usr/lib/libgcrypt.so.20.7.2
7f4cebc00000-7f4cebcdc000 r--p 00000000 103:02 4735954                   /usr/lib/libicui18n.so.78.3
7f4cebcdc000-7f4cebee6000 r-xp 000dc000 103:02 4735954                   /usr/lib/libicui18n.so.78.3
7f4cebee6000-7f4cebf79000 r--p 002e6000 103:02 4735954                   /usr/lib/libicui18n.so.78.3
7f4cebf79000-7f4cebf8c000 r--p 00379000 103:02 4735954                   /usr/lib/libicui18n.so.78.3
7f4cebf8c000-7f4cebf8d000 rw-p 0038c000 103:02 4735954                   /usr/lib/libicui18n.so.78.3
7f4cebf8d000-7f4cebf8e000 rw-p 00000000 00:00 0 
7f4cebf91000-7f4cebf99000 rw-p 00000000 00:00 0 
7f4cebf99000-7f4cebfa6000 r--p 00000000 103:02 4758774                   /usr/lib/libgstpbutils-1.0.so.0.2806.0
7f4cebfa6000-7f4cebfc9000 r-xp 0000d000 103:02 4758774                   /usr/lib/libgstpbutils-1.0.so.0.2806.0
7f4cebfc9000-7f4cebfd9000 r--p 00030000 103:02 4758774                   /usr/lib/libgstpbutils-1.0.so.0.2806.0
7f4cebfd9000-7f4cebfdd000 r--p 0003f000 103:02 4758774                   /usr/lib/libgstpbutils-1.0.so.0.2806.0
7f4cebfdd000-7f4cebfde000 rw-p 00043000 103:02 4758774                   /usr/lib/libgstpbutils-1.0.so.0.2806.0
7f4cebfde000-7f4cebfe8000 r--p 00000000 103:02 4754452                   /usr/lib/libsqlite3.so.3.53.4
7f4cebfe8000-7f4cec137000 r-xp 0000a000 103:02 4754452                   /usr/lib/libsqlite3.so.3.53.4
7f4cec137000-7f4cec16e000 r--p 00159000 103:02 4754452                   /usr/lib/libsqlite3.so.3.53.4
7f4cec16e000-7f4cec172000 r--p 00190000 103:02 4754452                   /usr/lib/libsqlite3.so.3.53.4
7f4cec172000-7f4cec177000 rw-p 00194000 103:02 4754452                   /usr/lib/libsqlite3.so.3.53.4
7f4cec177000-7f4cec1a0000 r--p 00000000 103:02 4758695                   /usr/lib/libgstreamer-1.0.so.0.2806.0
7f4cec1a0000-7f4cec284000 r-xp 00029000 103:02 4758695                   /usr/lib/libgstreamer-1.0.so.0.2806.0
7f4cec284000-7f4cec2e0000 r--p 0010d000 103:02 4758695                   /usr/lib/libgstreamer-1.0.so.0.2806.0
7f4cec2e0000-7f4cec2e7000 r--p 00169000 103:02 4758695                   /usr/lib/libgstreamer-1.0.so.0.2806.0
7f4cec2e7000-7f4cec2e9000 rw-p 00170000 103:02 4758695                   /usr/lib/libgstreamer-1.0.so.0.2806.0
7f4cec2e9000-7f4cec2ea000 rw-p 00000000 00:00 0 
7f4cec2ea000-7f4cec334000 r--p 00000000 103:02 4792885                   /usr/lib/libepoxy.so.0.0.0
7f4cec334000-7f4cec39a000 r-xp 0004a000 103:02 4792885                   /usr/lib/libepoxy.so.0.0.0
7f4cec39a000-7f4cec3e8000 r--p 000b0000 103:02 4792885                   /usr/lib/libepoxy.so.0.0.0
7f4cec3e8000-7f4cec3f0000 r--p 000fd000 103:02 4792885                   /usr/lib/libepoxy.so.0.0.0
7f4cec3f0000-7f4cec3f7000 rw-p 00105000 103:02 4792885                   /usr/lib/libepoxy.so.0.0.0
7f4cec3f7000-7f4cec3f8000 rw-p 00000000 00:00 0 
7f4cec3f8000-7f4cec3fc000 ---p 00000000 00:00 0 
7f4cec3fc000-7f4cec8fd000 rw-p 00000000 00:00 0 
7f4cec8fd000-7f4cec901000 ---p 00000000 00:00 0 
7f4cec901000-7f4cecbff000 rw-p 00000000 00:00 0 
7f4ced601000-7f4ced605000 rw-p 00000000 00:00 0 
7f4ced605000-7f4ced609000 r--p 00000000 103:02 4750384                   /usr/lib/libwacom.so.9.0.0
7f4ced609000-7f4ced612000 r-xp 00004000 103:02 4750384                   /usr/lib/libwacom.so.9.0.0
7f4ced612000-7f4ced616000 r--p 0000d000 103:02 4750384                   /usr/lib/libwacom.so.9.0.0
7f4ced616000-7f4ced617000 r--p 00010000 103:02 4750384                   /usr/lib/libwacom.so.9.0.0
7f4ced617000-7f4ced618000 rw-p 00011000 103:02 4750384                   /usr/lib/libwacom.so.9.0.0
7f4ced618000-7f4ced61b000 r--p 00000000 103:02 4815758                   /usr/lib/libevdev.so.2.3.0
7f4ced61b000-7f4ced622000 r-xp 00003000 103:02 4815758                   /usr/lib/libevdev.so.2.3.0
7f4ced622000-7f4ced627000 r--p 0000a000 103:02 4815758                   /usr/lib/libevdev.so.2.3.0
7f4ced627000-7f4ced62d000 r--p 0000e000 103:02 4815758                   /usr/lib/libevdev.so.2.3.0
7f4ced62d000-7f4ced62e000 rw-p 00014000 103:02 4815758                   /usr/lib/libevdev.so.2.3.0
7f4ced62e000-7f4ced637000 r--p 00000000 103:02 4754420                   /usr/lib/libxslt.so.1.1.45
7f4ced637000-7f4ced65e000 r-xp 00009000 103:02 4754420                   /usr/lib/libxslt.so.1.1.45
7f4ced65e000-7f4ced669000 r--p 00030000 103:02 4754420                   /usr/lib/libxslt.so.1.1.45
7f4ced669000-7f4ced66a000 r--p 0003b000 103:02 4754420                   /usr/lib/libxslt.so.1.1.45
7f4ced66a000-7f4ced66b000 rw-p 0003c000 103:02 4754420                   /usr/lib/libxslt.so.1.1.45
7f4ced66b000-7f4ced670000 r--p 00000000 103:02 4720964                   /usr/lib/libudev.so.1.7.14
7f4ced670000-7f4ced69e000 r-xp 00005000 103:02 4720964                   /usr/lib/libudev.so.1.7.14
7f4ced69e000-7f4ced6b5000 r--p 00033000 103:02 4720964                   /usr/lib/libudev.so.1.7.14
7f4ced6b5000-7f4ced6ba000 r--p 0004a000 103:02 4720964                   /usr/lib/libudev.so.1.7.14
7f4ced6ba000-7f4ced6bb000 rw-p 0004f000 103:02 4720964                   /usr/lib/libudev.so.1.7.14
7f4cef9df000-7f4cf6c00000 ---p 00000000 00:00 0 
7f4cf6c02000-7f4cf6c03000 r--p 00000000 103:02 4815715                   /usr/lib/libmtdev.so.1.0.0
7f4cf6c03000-7f4cf6c06000 r-xp 00001000 103:02 4815715                   /usr/lib/libmtdev.so.1.0.0
7f4cf6c06000-7f4cf6c07000 r--p 00004000 103:02 4815715                   /usr/lib/libmtdev.so.1.0.0
7f4cf6c07000-7f4cf6c08000 r--p 00004000 103:02 4815715                   /usr/lib/libmtdev.so.1.0.0
7f4cf6c08000-7f4cf6c09000 rw-p 00005000 103:02 4815715                   /usr/lib/libmtdev.so.1.0.0
7f4cf6c09000-7f4cf6c0a000 r--p 00000000 103:02 4835239                   /usr/lib/libhyphen.so.0.4.0
7f4cf6c0a000-7f4cf6c0e000 r-xp 00001000 103:02 4835239                   /usr/lib/libhyphen.so.0.4.0
7f4cf6c0e000-7f4cf6c0f000 r--p 00005000 103:02 4835239                   /usr/lib/libhyphen.so.0.4.0
7f4cf6c0f000-7f4cf6c10000 r--p 00005000 103:02 4835239                   /usr/lib/libhyphen.so.0.4.0
7f4cf6c10000-7f4cf6c11000 rw-p 00006000 103:02 4835239                   /usr/lib/libhyphen.so.0.4.0
7f4cf6c11000-7f4cf6c16000 r--p 00000000 103:02 4758746                   /usr/lib/libgstapp-1.0.so.0.2806.0
7f4cf6c16000-7f4cf6c23000 r-xp 00005000 103:02 4758746                   /usr/lib/libgstapp-1.0.so.0.2806.0
7f4cf6c23000-7f4cf6c28000 r--p 00012000 103:02 4758746                   /usr/lib/libgstapp-1.0.so.0.2806.0
7f4cf6c28000-7f4cf6c29000 r--p 00017000 103:02 4758746                   /usr/lib/libgstapp-1.0.so.0.2806.0
7f4cf6c29000-7f4cf6c2a000 rw-p 00018000 103:02 4758746                   /usr/lib/libgstapp-1.0.so.0.2806.0
7f4cf6c2a000-7f4cf6c36000 r--p 00000000 103:02 4743749                   /usr/lib/libinput.so.10.13.0
7f4cf6c36000-7f4cf6c7f000 r-xp 0000c000 103:02 4743749                   /usr/lib/libinput.so.10.13.0
7f4cf6c7f000-7f4cf6c98000 r--p 00055000 103:02 4743749                   /usr/lib/libinput.so.10.13.0
7f4cf6c98000-7f4cf6c9a000 r--p 0006e000 103:02 4743749                   /usr/lib/libinput.so.10.13.0
7f4cf6c9a000-7f4cf6c9b000 rw-p 00070000 103:02 4743749                   /usr/lib/libinput.so.10.13.0
7f4cf6c9b000-7f4cf6ca3000 r--p 00000000 103:02 4771647                   /usr/lib/libatk-1.0.so.0.26015.1
7f4cf6ca3000-7f4cf6cb3000 r-xp 00008000 103:02 4771647                   /usr/lib/libatk-1.0.so.0.26015.1
7f4cf6cb3000-7f4cf6cbe000 r--p 00018000 103:02 4771647                   /usr/lib/libatk-1.0.so.0.26015.1
7f4cf6cbe000-7f4cf6cc1000 r--p 00023000 103:02 4771647                   /usr/lib/libatk-1.0.so.0.26015.1
7f4cf6cc1000-7f4cf6cc2000 rw-p 00026000 103:02 4771647                   /usr/lib/libatk-1.0.so.0.26015.1
7f4cf6cc2000-7f4cf6ccd000 r--p 00000000 103:02 4771653                   /usr/lib/libatk-bridge-2.0.so.0.0.0
7f4cf6ccd000-7f4cf6ce6000 r-xp 0000b000 103:02 4771653                   /usr/lib/libatk-bridge-2.0.so.0.0.0
7f4cf6ce6000-7f4cf6cfa000 r--p 00024000 103:02 4771653                   /usr/lib/libatk-bridge-2.0.so.0.0.0
7f4cf6cfa000-7f4cf6cfc000 r--p 00037000 103:02 4771653                   /usr/lib/libatk-bridge-2.0.so.0.0.0
7f4cf6cfc000-7f4cf6cfe000 rw-p 00039000 103:02 4771653                   /usr/lib/libatk-bridge-2.0.so.0.0.0
7f4cf6dff000-7f4cf7600000 rw-p 00000000 00:00 0 
7f4cf7600000-7f4cf77a8000 r--p 00000000 103:02 4826311                   /usr/lib/libcuda.so.610.57.04
7f4cf77a8000-7f4cf8a23000 r-xp 001a8000 103:02 4826311                   /usr/lib/libcuda.so.610.57.04
7f4cf8a23000-7f4cfdfea000 r--p 01423000 103:02 4826311                   /usr/lib/libcuda.so.610.57.04
7f4cfdfea000-7f4cfdfeb000 ---p 069ea000 103:02 4826311                   /usr/lib/libcuda.so.610.57.04
7f4cfdfeb000-7f4cfe167000 r--p 069ea000 103:02 4826311                   /usr/lib/libcuda.so.610.57.04
7f4cfe167000-7f4cfe16c000 rw-p 06b66000 103:02 4826311                   /usr/lib/libcuda.so.610.57.04
7f4cfe16c000-7f4cfe1d4000 rw-p 00000000 00:00 0 
7f4cfe1d4000-7f4cfe1d8000 rw-p 00000000 00:00 0 
7f4cfe1d8000-7f4cfe1d9000 r--p 00000000 103:02 4758765                   /usr/lib/libgstfft-1.0.so.0.2806.0
7f4cfe1d9000-7f4cfe1e0000 r-xp 00001000 103:02 4758765                   /usr/lib/libgstfft-1.0.so.0.2806.0
7f4cfe1e0000-7f4cfe1e1000 r--p 00008000 103:02 4758765                   /usr/lib/libgstfft-1.0.so.0.2806.0
7f4cfe1e1000-7f4cfe1e2000 r--p 00009000 103:02 4758765                   /usr/lib/libgstfft-1.0.so.0.2806.0
7f4cfe1e2000-7f4cfe1e3000 rw-p 0000a000 103:02 4758765                   /usr/lib/libgstfft-1.0.so.0.2806.0
7f4cfe1e3000-7f4cfe1e5000 r--p 00000000 103:02 4758735                   /usr/lib/libgstallocators-1.0.so.0.2806.0
7f4cfe1e5000-7f4cfe1e9000 r-xp 00002000 103:02 4758735                   /usr/lib/libgstallocators-1.0.so.0.2806.0
7f4cfe1e9000-7f4cfe1eb000 r--p 00006000 103:02 4758735                   /usr/lib/libgstallocators-1.0.so.0.2806.0
7f4cfe1eb000-7f4cfe1ec000 r--p 00007000 103:02 4758735                   /usr/lib/libgstallocators-1.0.so.0.2806.0
7f4cfe1ec000-7f4cfe1ed000 rw-p 00008000 103:02 4758735                   /usr/lib/libgstallocators-1.0.so.0.2806.0
7f4cfe1ed000-7f4cfe1ef000 r--p 00000000 103:02 4722782                   /usr/lib/libatomic.so.1.2.0
7f4cfe1ef000-7f4cfe1f3000 r-xp 00002000 103:02 4722782                   /usr/lib/libatomic.so.1.2.0
7f4cfe1f3000-7f4cfe1f5000 r--p 00006000 103:02 4722782                   /usr/lib/libatomic.so.1.2.0
7f4cfe1f5000-7f4cfe1f6000 r--p 00007000 103:02 4722782                   /usr/lib/libatomic.so.1.2.0
7f4cfe1f6000-7f4cfe1f7000 rw-p 00008000 103:02 4722782                   /usr/lib/libatomic.so.1.2.0
7f4cfe1f7000-7f4cfe1f8000 rw-p 00000000 00:00 0 
7f4cfe1f8000-7f4cfe20f000 r--p 00000000 103:02 4763785                   /usr/lib/libsoup-3.0.so.0.7.4
7f4cfe20f000-7f4cfe267000 r-xp 00017000 103:02 4763785                   /usr/lib/libsoup-3.0.so.0.7.4
7f4cfe267000-7f4cfe289000 r--p 0006f000 103:02 4763785                   /usr/lib/libsoup-3.0.so.0.7.4
7f4cfe289000-7f4cfe28e000 r--p 00090000 103:02 4763785                   /usr/lib/libsoup-3.0.so.0.7.4
7f4cfe28e000-7f4cfe28f000 rw-p 00095000 103:02 4763785                   /usr/lib/libsoup-3.0.so.0.7.4
7f4cfe28f000-7f4cfe294000 r--p 00000000 103:02 4745703                   /usr/lib/libWPEBackend-fdo-1.0.so.1.10.2
7f4cfe294000-7f4cfe29e000 r-xp 00005000 103:02 4745703                   /usr/lib/libWPEBackend-fdo-1.0.so.1.10.2
7f4cfe29e000-7f4cfe2a3000 r--p 0000f000 103:02 4745703                   /usr/lib/libWPEBackend-fdo-1.0.so.1.10.2
7f4cfe2a3000-7f4cfe2a5000 r--p 00013000 103:02 4745703                   /usr/lib/libWPEBackend-fdo-1.0.so.1.10.2
7f4cfe2a5000-7f4cfe2a6000 rw-p 00015000 103:02 4745703                   /usr/lib/libWPEBackend-fdo-1.0.so.1.10.2
7f4cfe2a6000-7f4cfe2aa000 r--p 00000000 103:02 4745687                   /usr/lib/libwpe-1.0.so.1.9.6
7f4cfe2aa000-7f4cfe2ad000 r-xp 00004000 103:02 4745687                   /usr/lib/libwpe-1.0.so.1.9.6
7f4cfe2ad000-7f4cfe2b0000 r--p 00007000 103:02 4745687                   /usr/lib/libwpe-1.0.so.1.9.6
7f4cfe2b0000-7f4cfe2b1000 r--p 0000a000 103:02 4745687                   /usr/lib/libwpe-1.0.so.1.9.6
7f4cfe2b1000-7f4cfe2b2000 rw-p 0000b000 103:02 4745687                   /usr/lib/libwpe-1.0.so.1.9.6
7f4cfe2b2000-7f4cfe2c2000 -w-s 00000000 00:07 1112                       /dev/nvidia0
7f4cfeac3000-7f4cfeb43000 rw-s 00000000 00:07 1110                       /dev/nvidiactl
7f4cfeb43000-7f4cfed43000 rw-s 00000000 00:07 1110                       /dev/nvidiactl
7f4d0008b000-7f4d0010b000 rw-s 00000000 00:07 1110                       /dev/nvidiactl
7f4d0120d000-7f4d0128d000 rw-s 00000000 00:07 1110                       /dev/nvidiactl
7f4d01340000-7f4d013c0000 rw-s 00000000 00:07 1112                       /dev/nvidia0
7f4d01400000-7f4d01433000 r--p 00000000 103:02 4833039                   /usr/lib/libnvidia-glvkspirv.so.610.57.04
7f4d01433000-7f4d01bfc000 r-xp 00033000 103:02 4833039                   /usr/lib/libnvidia-glvkspirv.so.610.57.04
7f4d01bfc000-7f4d01d4c000 r--p 007fc000 103:02 4833039                   /usr/lib/libnvidia-glvkspirv.so.610.57.04
7f4d01d4c000-7f4d01d4d000 ---p 0094c000 103:02 4833039                   /usr/lib/libnvidia-glvkspirv.so.610.57.04
7f4d01d4d000-7f4d01d5f000 r--p 0094c000 103:02 4833039                   /usr/lib/libnvidia-glvkspirv.so.610.57.04
7f4d01d5f000-7f4d01ded000 rw-p 0095e000 103:02 4833039                   /usr/lib/libnvidia-glvkspirv.so.610.57.04
7f4d01ded000-7f4d01e02000 rw-p 00000000 00:00 0 
7f4d01e02000-7f4d01e03000 r--p 00000000 103:02 4762067                   /usr/lib/libwebpdemux.so.2.0.17
7f4d01e03000-7f4d01e06000 r-xp 00001000 103:02 4762067                   /usr/lib/libwebpdemux.so.2.0.17
7f4d01e06000-7f4d01e07000 r--p 00004000 103:02 4762067                   /usr/lib/libwebpdemux.so.2.0.17
7f4d01e07000-7f4d01e08000 r--p 00004000 103:02 4762067                   /usr/lib/libwebpdemux.so.2.0.17
7f4d01e08000-7f4d01e09000 rw-p 00005000 103:02 4762067                   /usr/lib/libwebpdemux.so.2.0.17
7f4d01e64000-7f4d01e74000 rw-s 00000000 00:07 1112                       /dev/nvidia0
7f4d01e74000-7f4d01e80000 r--p 00000000 103:02 4751819                   /usr/lib/libxcb-glx.so.0.0.0
7f4d01e80000-7f4d01e89000 r-xp 0000c000 103:02 4751819                   /usr/lib/libxcb-glx.so.0.0.0
7f4d01e89000-7f4d01e8e000 r--p 00015000 103:02 4751819                   /usr/lib/libxcb-glx.so.0.0.0
7f4d01e8e000-7f4d01e90000 r--p 0001a000 103:02 4751819                   /usr/lib/libxcb-glx.so.0.0.0
7f4d01e90000-7f4d01e91000 rw-p 0001c000 103:02 4751819                   /usr/lib/libxcb-glx.so.0.0.0
7f4d01e91000-7f4d01f92000 rw-p 00000000 00:00 0 
7f4d07bff000-7f4d08400000 rw-p 00000000 00:00 0 
7f4d08400000-7f4d084c3000 r--p 00000000 103:02 4812054                   /usr/lib/libglycin-2.so.0
7f4d084c3000-7f4d087e0000 r-xp 000c2000 103:02 4812054                   /usr/lib/libglycin-2.so.0
7f4d087e0000-7f4d087f9000 r--p 003de000 103:02 4812054                   /usr/lib/libglycin-2.so.0
7f4d087f9000-7f4d087fd000 rw-p 003f6000 103:02 4812054                   /usr/lib/libglycin-2.so.0
7f4d08800000-7f4d08849000 r--p 00000000 103:02 4817127                   /usr/lib/libSPIRV-Tools-opt.so
7f4d08849000-7f4d08a12000 r-xp 00049000 103:02 4817127                   /usr/lib/libSPIRV-Tools-opt.so
7f4d08a12000-7f4d08a6b000 r--p 00212000 103:02 4817127                   /usr/lib/libSPIRV-Tools-opt.so
7f4d08a6b000-7f4d08a7b000 r--p 0026b000 103:02 4817127                   /usr/lib/libSPIRV-Tools-opt.so
7f4d08a7b000-7f4d08a7c000 rw-p 0027b000 103:02 4817127                   /usr/lib/libSPIRV-Tools-opt.so
7f4d08a7c000-7f4d08a81000 rw-p 00000000 00:00 0 
7f4d08a81000-7f4d08a82000 r--p 00000000 103:02 4745662                   /usr/lib/libharfbuzz-icu.so.0.61431.0
7f4d08a82000-7f4d08a83000 r-xp 00001000 103:02 4745662                   /usr/lib/libharfbuzz-icu.so.0.61431.0
7f4d08a83000-7f4d08a84000 r--p 00002000 103:02 4745662                   /usr/lib/libharfbuzz-icu.so.0.61431.0
7f4d08a84000-7f4d08a85000 r--p 00002000 103:02 4745662                   /usr/lib/libharfbuzz-icu.so.0.61431.0
7f4d08a85000-7f4d08a86000 rw-p 00003000 103:02 4745662                   /usr/lib/libharfbuzz-icu.so.0.61431.0
7f4d08ac6000-7f4d08ac8000 r--p 00000000 103:02 4734009                   /usr/lib/libseccomp.so.2.6.0
7f4d08ac8000-7f4d08ad8000 r-xp 00002000 103:02 4734009                   /usr/lib/libseccomp.so.2.6.0
7f4d08ad8000-7f4d08af1000 r--p 00012000 103:02 4734009                   /usr/lib/libseccomp.so.2.6.0
7f4d08af1000-7f4d08af2000 r--p 0002b000 103:02 4734009                   /usr/lib/libseccomp.so.2.6.0
7f4d08af2000-7f4d08af3000 rw-p 0002c000 103:02 4734009                   /usr/lib/libseccomp.so.2.6.0
7f4d08af3000-7f4d08afc000 r--p 00000000 103:02 4769004                   /usr/lib/libFLAC.so.14.0.0
7f4d08afc000-7f4d08b32000 r-xp 00009000 103:02 4769004                   /usr/lib/libFLAC.so.14.0.0
7f4d08b32000-7f4d08b3a000 r--p 0003f000 103:02 4769004                   /usr/lib/libFLAC.so.14.0.0
7f4d08b3a000-7f4d08b3b000 r--p 00047000 103:02 4769004                   /usr/lib/libFLAC.so.14.0.0
7f4d08b3b000-7f4d08b3c000 rw-p 00048000 103:02 4769004                   /usr/lib/libFLAC.so.14.0.0
7f4d08b3c000-7f4d08b4a000 r--p 00000000 103:02 5905684                   /usr/lib/libOpenGL.so.0.0.0
7f4d08b4a000-7f4d08b55000 r-xp 0000e000 103:02 5905684                   /usr/lib/libOpenGL.so.0.0.0
7f4d08b55000-7f4d08b5a000 r--p 00019000 103:02 5905684                   /usr/lib/libOpenGL.so.0.0.0
7f4d08b5a000-7f4d08b5f000 r--p 0001e000 103:02 5905684                   /usr/lib/libOpenGL.so.0.0.0
7f4d08b5f000-7f4d08b60000 rw-p 00023000 103:02 5905684                   /usr/lib/libOpenGL.so.0.0.0
7f4d08b60000-7f4d08b63000 r--p 00000000 103:02 4777131                   /usr/lib/libmd.so.0.2.0
7f4d08b63000-7f4d08b6f000 r-xp 00003000 103:02 4777131                   /usr/lib/libmd.so.0.2.0
7f4d08b6f000-7f4d08b71000 r--p 0000f000 103:02 4777131                   /usr/lib/libmd.so.0.2.0
7f4d08b71000-7f4d08b72000 r--p 00011000 103:02 4777131                   /usr/lib/libmd.so.0.2.0
7f4d08b72000-7f4d08b73000 rw-p 00012000 103:02 4777131                   /usr/lib/libmd.so.0.2.0
7f4d08b73000-7f4d08b78000 r--p 00000000 103:02 4755422                   /usr/lib/libsndfile.so.1.0.37
7f4d08b78000-7f4d08bde000 r-xp 00005000 103:02 4755422                   /usr/lib/libsndfile.so.1.0.37
7f4d08bde000-7f4d08bf7000 r--p 0006b000 103:02 4755422                   /usr/lib/libsndfile.so.1.0.37
7f4d08bf7000-7f4d08bfa000 r--p 00084000 103:02 4755422                   /usr/lib/libsndfile.so.1.0.37
7f4d08bfa000-7f4d08bfb000 rw-p 00087000 103:02 4755422                   /usr/lib/libsndfile.so.1.0.37
7f4d08bfb000-7f4d08bfd000 rw-p 00000000 00:00 0 
7f4d08bfd000-7f4d08bff000 r--p 00000000 103:02 4769564                   /usr/lib/libv4lconvert.so.0.0.0
7f4d08bff000-7f4d08c1a000 r-xp 00002000 103:02 4769564                   /usr/lib/libv4lconvert.so.0.0.0
7f4d08c1a000-7f4d08c22000 r--p 0001d000 103:02 4769564                   /usr/lib/libv4lconvert.so.0.0.0
7f4d08c22000-7f4d08c24000 r--p 00025000 103:02 4769564                   /usr/lib/libv4lconvert.so.0.0.0
7f4d08c24000-7f4d08c25000 rw-p 00027000 103:02 4769564                   /usr/lib/libv4lconvert.so.0.0.0
7f4d08c25000-7f4d08c77000 rw-p 00000000 00:00 0 
7f4d08c77000-7f4d08c86000 r--p 00000000 103:02 4735687                   /usr/lib/libunistring.so.5.2.1
7f4d08c86000-7f4d08cca000 r-xp 0000f000 103:02 4735687                   /usr/lib/libunistring.so.5.2.1
7f4d08cca000-7f4d08e59000 r--p 00053000 103:02 4735687                   /usr/lib/libunistring.so.5.2.1
7f4d08e59000-7f4d08e5d000 r--p 001e2000 103:02 4735687                   /usr/lib/libunistring.so.5.2.1
7f4d08e5d000-7f4d08e5e000 rw-p 001e6000 103:02 4735687                   /usr/lib/libunistring.so.5.2.1
7f4d08e5e000-7f4d08e65000 r--p 00000000 103:02 4770278                   /usr/lib/libp11-kit.so.0.4.11
7f4d08e65000-7f4d08f4e000 r-xp 00007000 103:02 4770278                   /usr/lib/libp11-kit.so.0.4.11
7f4d08f4e000-7f4d08fe0000 r--p 000f0000 103:02 4770278                   /usr/lib/libp11-kit.so.0.4.11
7f4d08fe0000-7f4d08ff1000 r--p 00181000 103:02 4770278                   /usr/lib/libp11-kit.so.0.4.11
7f4d08ff1000-7f4d09000000 rw-p 00192000 103:02 4770278                   /usr/lib/libp11-kit.so.0.4.11
7f4d09000000-7f4d0901a000 r--p 00000000 103:02 4760330                   /usr/lib/libleancrypto.so.1
7f4d0901a000-7f4d09138000 r-xp 0001a000 103:02 4760330                   /usr/lib/libleancrypto.so.1
7f4d09138000-7f4d0925b000 r--p 00138000 103:02 4760330                   /usr/lib/libleancrypto.so.1
7f4d0925b000-7f4d09261000 r--p 0025b000 103:02 4760330                   /usr/lib/libleancrypto.so.1
7f4d09261000-7f4d09263000 rw-p 00261000 103:02 4760330                   /usr/lib/libleancrypto.so.1
7f4d09273000-7f4d09284000 r--p 00000000 103:02 4732432                   /usr/lib/libkrb5.so.3.3
7f4d09284000-7f4d092f4000 r-xp 00011000 103:02 4732432                   /usr/lib/libkrb5.so.3.3
7f4d092f4000-7f4d09332000 r--p 00081000 103:02 4732432                   /usr/lib/libkrb5.so.3.3
7f4d09332000-7f4d09340000 r--p 000bf000 103:02 4732432                   /usr/lib/libkrb5.so.3.3
7f4d09340000-7f4d09342000 rw-p 000cd000 103:02 4732432                   /usr/lib/libkrb5.so.3.3
7f4d09342000-7f4d09350000 r--p 00000000 103:02 4758220                   /usr/lib/libnettle.so.9.0
7f4d09350000-7f4d09382000 r-xp 0000e000 103:02 4758220                   /usr/lib/libnettle.so.9.0
7f4d09382000-7f4d0939a000 r--p 00040000 103:02 4758220                   /usr/lib/libnettle.so.9.0
7f4d0939a000-7f4d0939d000 r--p 00057000 103:02 4758220                   /usr/lib/libnettle.so.9.0
7f4d0939d000-7f4d0939e000 rw-p 0005a000 103:02 4758220                   /usr/lib/libnettle.so.9.0
7f4d0939e000-7f4d093a6000 r--p 00000000 103:02 4738622                   /usr/lib/libhogweed.so.7.0
7f4d093a6000-7f4d093b9000 r-xp 00008000 103:02 4738622                   /usr/lib/libhogweed.so.7.0
7f4d093b9000-7f4d093e2000 r--p 0001b000 103:02 4738622                   /usr/lib/libhogweed.so.7.0
7f4d093e2000-7f4d093e4000 r--p 00043000 103:02 4738622                   /usr/lib/libhogweed.so.7.0
7f4d093e4000-7f4d093e5000 rw-p 00045000 103:02 4738622                   /usr/lib/libhogweed.so.7.0
7f4d093e5000-7f4d093e9000 r--p 00000000 103:02 4830241                   /usr/lib/libpgm-5.3.so.0.0.128
7f4d093e9000-7f4d09411000 r-xp 00004000 103:02 4830241                   /usr/lib/libpgm-5.3.so.0.0.128
7f4d09411000-7f4d0942a000 r--p 0002c000 103:02 4830241                   /usr/lib/libpgm-5.3.so.0.0.128
7f4d0942a000-7f4d0942b000 r--p 00045000 103:02 4830241                   /usr/lib/libpgm-5.3.so.0.0.128
7f4d0942b000-7f4d0942c000 rw-p 00046000 103:02 4830241                   /usr/lib/libpgm-5.3.so.0.0.128
7f4d0942c000-7f4d09430000 rw-p 00000000 00:00 0 
7f4d09430000-7f4d0943f000 r--p 00000000 103:02 4811985                   /usr/lib/libsodium.so.26.4.0
7f4d0943f000-7f4d09492000 r-xp 0000f000 103:02 4811985                   /usr/lib/libsodium.so.26.4.0
7f4d09492000-7f4d094a4000 r--p 00062000 103:02 4811985                   /usr/lib/libsodium.so.26.4.0
7f4d094a4000-7f4d094a5000 r--p 00074000 103:02 4811985                   /usr/lib/libsodium.so.26.4.0
7f4d094a5000-7f4d094a6000 rw-p 00075000 103:02 4811985                   /usr/lib/libsodium.so.26.4.0
7f4d094a6000-7f4d094b1000 r--p 00000000 103:02 4815516                   /usr/lib/libgomp.so.1.0.0
7f4d094b1000-7f4d094ef000 r-xp 0000b000 103:02 4815516                   /usr/lib/libgomp.so.1.0.0
7f4d094ef000-7f4d094fe000 r--p 00049000 103:02 4815516                   /usr/lib/libgomp.so.1.0.0
7f4d094fe000-7f4d094ff000 r--p 00057000 103:02 4815516                   /usr/lib/libgomp.so.1.0.0
7f4d094ff000-7f4d09500000 rw-p 00058000 103:02 4815516                   /usr/lib/libgomp.so.1.0.0
7f4d09500000-7f4d09505000 r--p 00000000 103:02 4722184                   /usr/lib/libmvec.so.1
7f4d09505000-7f4d09527000 r-xp 00005000 103:02 4722184                   /usr/lib/libmvec.so.1
7f4d09527000-7f4d095fe000 r--p 00027000 103:02 4722184                   /usr/lib/libmvec.so.1
7f4d095fe000-7f4d095ff000 r--p 000fe000 103:02 4722184                   /usr/lib/libmvec.so.1
7f4d095ff000-7f4d09600000 rw-p 000ff000 103:02 4722184                   /usr/lib/libmvec.so.1
7f4d09600000-7f4d09611000 r--p 00000000 103:02 4756846                   /usr/lib/libslang.so.2.3.3
7f4d09611000-7f4d096f2000 r-xp 00011000 103:02 4756846                   /usr/lib/libslang.so.2.3.3
7f4d096f2000-7f4d09733000 r--p 000f2000 103:02 4756846                   /usr/lib/libslang.so.2.3.3
7f4d09733000-7f4d0974a000 r--p 00132000 103:02 4756846                   /usr/lib/libslang.so.2.3.3
7f4d0974a000-7f4d09754000 rw-p 00149000 103:02 4756846                   /usr/lib/libslang.so.2.3.3
7f4d09754000-7f4d098f0000 rw-p 00000000 00:00 0 
7f4d098f3000-7f4d098f4000 r--p 00000000 103:02 4763243                   /usr/lib/libXxf86vm.so.1.0.0
7f4d098f4000-7f4d098f7000 r-xp 00001000 103:02 4763243                   /usr/lib/libXxf86vm.so.1.0.0
7f4d098f7000-7f4d098f8000 r--p 00004000 103:02 4763243                   /usr/lib/libXxf86vm.so.1.0.0
7f4d098f8000-7f4d098f9000 r--p 00004000 103:02 4763243                   /usr/lib/libXxf86vm.so.1.0.0
7f4d098f9000-7f4d098fa000 rw-p 00005000 103:02 4763243                   /usr/lib/libXxf86vm.so.1.0.0
7f4d098fa000-7f4d098fd000 r--p 00000000 103:02 4722208                   /usr/lib/libresolv.so.2
7f4d098fd000-7f4d09906000 r-xp 00003000 103:02 4722208                   /usr/lib/libresolv.so.2
7f4d09906000-7f4d09909000 r--p 0000c000 103:02 4722208                   /usr/lib/libresolv.so.2
7f4d09909000-7f4d0990a000 r--p 0000f000 103:02 4722208                   /usr/lib/libresolv.so.2
7f4d0990a000-7f4d0990b000 rw-p 00010000 103:02 4722208                   /usr/lib/libresolv.so.2
7f4d0990b000-7f4d0990d000 rw-p 00000000 00:00 0 
7f4d0990d000-7f4d09910000 r--p 00000000 103:02 4732435                   /usr/lib/libkrb5support.so.0.1
7f4d09910000-7f4d09917000 r-xp 00003000 103:02 4732435                   /usr/lib/libkrb5support.so.0.1
7f4d09917000-7f4d0991a000 r--p 0000a000 103:02 4732435                   /usr/lib/libkrb5support.so.0.1
7f4d0991a000-7f4d0991b000 r--p 0000c000 103:02 4732435                   /usr/lib/libkrb5support.so.0.1
7f4d0991b000-7f4d0991c000 rw-p 0000d000 103:02 4732435                   /usr/lib/libkrb5support.so.0.1
7f4d0991c000-7f4d09920000 r--p 00000000 103:02 4771010                   /usr/lib/libmpg123.so.0.49.4
7f4d09920000-7f4d0995e000 r-xp 00004000 103:02 4771010                   /usr/lib/libmpg123.so.0.49.4
7f4d0995e000-7f4d09979000 r--p 00042000 103:02 4771010                   /usr/lib/libmpg123.so.0.49.4
7f4d09979000-7f4d0997a000 r--p 0005d000 103:02 4771010                   /usr/lib/libmpg123.so.0.49.4
7f4d0997a000-7f4d0997b000 rw-p 0005e000 103:02 4771010                   /usr/lib/libmpg123.so.0.49.4
7f4d0997b000-7f4d0997c000 r--p 00000000 103:02 4814598                   /usr/lib/libbrotlienc.so.1.2.0
7f4d0997c000-7f4d099e9000 r-xp 00001000 103:02 4814598                   /usr/lib/libbrotlienc.so.1.2.0
7f4d099e9000-7f4d09a39000 r--p 0006e000 103:02 4814598                   /usr/lib/libbrotlienc.so.1.2.0
7f4d09a39000-7f4d09a3a000 r--p 000bd000 103:02 4814598                   /usr/lib/libbrotlienc.so.1.2.0
7f4d09a3a000-7f4d09a3b000 rw-p 000be000 103:02 4814598                   /usr/lib/libbrotlienc.so.1.2.0
7f4d09a3b000-7f4d09a5f000 r--p 00000000 103:02 4754125                   /usr/lib/libdb-5.3.so
7f4d09a5f000-7f4d09bbc000 r-xp 00024000 103:02 4754125                   /usr/lib/libdb-5.3.so
7f4d09bbc000-7f4d09bf5000 r--p 00181000 103:02 4754125                   /usr/lib/libdb-5.3.so
7f4d09bf5000-7f4d09bff000 r--p 001b9000 103:02 4754125                   /usr/lib/libdb-5.3.so
7f4d09bff000-7f4d09c00000 rw-p 001c3000 103:02 4754125                   /usr/lib/libdb-5.3.so
7f4d09c00000-7f4d09c19000 r--p 00000000 103:02 4773780                   /usr/lib/libfftw3.so.3.7.11
7f4d09c19000-7f4d09df5000 r-xp 00019000 103:02 4773780                   /usr/lib/libfftw3.so.3.7.11
7f4d09df5000-7f4d09e1c000 r--p 001f5000 103:02 4773780                   /usr/lib/libfftw3.so.3.7.11
7f4d09e1c000-7f4d09e2d000 r--p 0021c000 103:02 4773780                   /usr/lib/libfftw3.so.3.7.11
7f4d09e2d000-7f4d09e2e000 rw-p 0022d000 103:02 4773780                   /usr/lib/libfftw3.so.3.7.11
7f4d09e33000-7f4d09e35000 r--p 00000000 103:02 4788180                   /usr/lib/libasyncns.so.0.3.1
7f4d09e35000-7f4d09e38000 r-xp 00002000 103:02 4788180                   /usr/lib/libasyncns.so.0.3.1
7f4d09e38000-7f4d09e39000 r--p 00005000 103:02 4788180                   /usr/lib/libasyncns.so.0.3.1
7f4d09e39000-7f4d09e3a000 r--p 00005000 103:02 4788180                   /usr/lib/libasyncns.so.0.3.1
7f4d09e3a000-7f4d09e3b000 rw-p 00006000 103:02 4788180                   /usr/lib/libasyncns.so.0.3.1
7f4d09e3b000-7f4d09e3e000 r--p 00000000 103:02 4732383                   /usr/lib/libk5crypto.so.3.1
7f4d09e3e000-7f4d09e5a000 r-xp 00003000 103:02 4732383                   /usr/lib/libk5crypto.so.3.1
7f4d09e5a000-7f4d09e66000 r--p 0001f000 103:02 4732383                   /usr/lib/libk5crypto.so.3.1
7f4d09e66000-7f4d09e68000 r--p 0002a000 103:02 4732383                   /usr/lib/libk5crypto.so.3.1
7f4d09e68000-7f4d09e69000 rw-p 0002c000 103:02 4732383                   /usr/lib/libk5crypto.so.3.1
7f4d09e69000-7f4d09e6a000 r--p 00000000 103:02 4815185                   /usr/lib/libjxl_cms.so.0.12.0
7f4d09e6a000-7f4d09e8b000 r-xp 00001000 103:02 4815185                   /usr/lib/libjxl_cms.so.0.12.0
7f4d09e8b000-7f4d09e90000 r--p 00022000 103:02 4815185                   /usr/lib/libjxl_cms.so.0.12.0
7f4d09e90000-7f4d09e91000 r--p 00027000 103:02 4815185                   /usr/lib/libjxl_cms.so.0.12.0
7f4d09e91000-7f4d09e92000 rw-p 00028000 103:02 4815185                   /usr/lib/libjxl_cms.so.0.12.0
7f4d09e92000-7f4d09e93000 r--p 00000000 103:02 4768927                   /usr/lib/libsamplerate.so.0.2.2
7f4d09e93000-7f4d09e98000 r-xp 00001000 103:02 4768927                   /usr/lib/libsamplerate.so.0.2.2
7f4d09e98000-7f4d09ffe000 r--p 00006000 103:02 4768927                   /usr/lib/libsamplerate.so.0.2.2
7f4d09ffe000-7f4d09fff000 r--p 0016b000 103:02 4768927                   /usr/lib/libsamplerate.so.0.2.2
7f4d09fff000-7f4d0a000000 rw-p 0016c000 103:02 4768927                   /usr/lib/libsamplerate.so.0.2.2
7f4d0a000000-7f4d0a053000 r--p 00000000 103:02 4726308                   /usr/lib/libcrypto.so.3
7f4d0a053000-7f4d0a3ff000 r-xp 00053000 103:02 4726308                   /usr/lib/libcrypto.so.3
7f4d0a3ff000-7f4d0a525000 r--p 003ff000 103:02 4726308                   /usr/lib/libcrypto.so.3
7f4d0a525000-7f4d0a5a3000 r--p 00525000 103:02 4726308                   /usr/lib/libcrypto.so.3
7f4d0a5a3000-7f4d0a5a6000 rw-p 005a3000 103:02 4726308                   /usr/lib/libcrypto.so.3
7f4d0a5a6000-7f4d0a5a9000 rw-p 00000000 00:00 0 
7f4d0a5a9000-7f4d0a5ab000 r--p 00000000 103:02 4732141                   /usr/lib/libkeyutils.so.1.10
7f4d0a5ab000-7f4d0a5ad000 r-xp 00002000 103:02 4732141                   /usr/lib/libkeyutils.so.1.10
7f4d0a5ad000-7f4d0a5ae000 r--p 00004000 103:02 4732141                   /usr/lib/libkeyutils.so.1.10
7f4d0a5ae000-7f4d0a5af000 r--p 00004000 103:02 4732141                   /usr/lib/libkeyutils.so.1.10
7f4d0a5af000-7f4d0a5b0000 rw-p 00005000 103:02 4732141                   /usr/lib/libkeyutils.so.1.10
7f4d0a5b0000-7f4d0a5b2000 r--p 00000000 103:02 4737522                   /usr/lib/libtasn1.so.6.6.5
7f4d0a5b2000-7f4d0a5c1000 r-xp 00002000 103:02 4737522                   /usr/lib/libtasn1.so.6.6.5
7f4d0a5c1000-7f4d0a5c4000 r--p 00011000 103:02 4737522                   /usr/lib/libtasn1.so.6.6.5
7f4d0a5c4000-7f4d0a5c5000 r--p 00014000 103:02 4737522                   /usr/lib/libtasn1.so.6.6.5
7f4d0a5c5000-7f4d0a5c6000 rw-p 00015000 103:02 4737522                   /usr/lib/libtasn1.so.6.6.5
7f4d0a5c6000-7f4d0a5cd000 r--p 00000000 103:02 4761802                   /usr/lib/libgdk_pixbuf-2.0.so.0.4400.7
7f4d0a5cd000-7f4d0a5ef000 r-xp 00007000 103:02 4761802                   /usr/lib/libgdk_pixbuf-2.0.so.0.4400.7
7f4d0a5ef000-7f4d0a5fd000 r--p 00029000 103:02 4761802                   /usr/lib/libgdk_pixbuf-2.0.so.0.4400.7
7f4d0a5fd000-7f4d0a5ff000 r--p 00036000 103:02 4761802                   /usr/lib/libgdk_pixbuf-2.0.so.0.4400.7
7f4d0a5ff000-7f4d0a600000 rw-p 00038000 103:02 4761802                   /usr/lib/libgdk_pixbuf-2.0.so.0.4400.7
7f4d0a600000-7f4d0a609000 r--p 00000000 103:02 4835513                   /usr/lib/libglslang.so.16.4.0
7f4d0a609000-7f4d0a8e3000 r-xp 00009000 103:02 4835513                   /usr/lib/libglslang.so.16.4.0
7f4d0a8e3000-7f4d0a998000 r--p 002e3000 103:02 4835513                   /usr/lib/libglslang.so.16.4.0
7f4d0a998000-7f4d0a9a7000 r--p 00397000 103:02 4835513                   /usr/lib/libglslang.so.16.4.0
7f4d0a9a7000-7f4d0a9a9000 rw-p 003a6000 103:02 4835513                   /usr/lib/libglslang.so.16.4.0
7f4d0a9a9000-7f4d0b0bd000 rw-p 00000000 00:00 0 
7f4d0b0c0000-7f4d0b0c2000 r--p 00000000 103:02 4726081                   /usr/lib/libcom_err.so.2.1
7f4d0b0c2000-7f4d0b0c3000 r-xp 00002000 103:02 4726081                   /usr/lib/libcom_err.so.2.1
7f4d0b0c3000-7f4d0b0c4000 r--p 00003000 103:02 4726081                   /usr/lib/libcom_err.so.2.1
7f4d0b0c4000-7f4d0b0c5000 r--p 00003000 103:02 4726081                   /usr/lib/libcom_err.so.2.1
7f4d0b0c5000-7f4d0b0c6000 rw-p 00004000 103:02 4726081                   /usr/lib/libcom_err.so.2.1
7f4d0b0c6000-7f4d0b0c8000 r--p 00000000 103:02 4816273                   /usr/lib/libvorbisfile.so.3.3.8
7f4d0b0c8000-7f4d0b0cd000 r-xp 00002000 103:02 4816273                   /usr/lib/libvorbisfile.so.3.3.8
7f4d0b0cd000-7f4d0b0ce000 r--p 00007000 103:02 4816273                   /usr/lib/libvorbisfile.so.3.3.8
7f4d0b0ce000-7f4d0b0cf000 r--p 00007000 103:02 4816273                   /usr/lib/libvorbisfile.so.3.3.8
7f4d0b0cf000-7f4d0b0d0000 rw-p 00008000 103:02 4816273                   /usr/lib/libvorbisfile.so.3.3.8
7f4d0b0d0000-7f4d0b0d1000 r--p 00000000 103:02 4755356                   /usr/lib/libsharpyuv.so.0.1.2
7f4d0b0d1000-7f4d0b0d5000 r-xp 00001000 103:02 4755356                   /usr/lib/libsharpyuv.so.0.1.2
7f4d0b0d5000-7f4d0b0d6000 r--p 00005000 103:02 4755356                   /usr/lib/libsharpyuv.so.0.1.2
7f4d0b0d6000-7f4d0b0d7000 r--p 00005000 103:02 4755356                   /usr/lib/libsharpyuv.so.0.1.2
7f4d0b0d7000-7f4d0b0d8000 rw-p 00006000 103:02 4755356                   /usr/lib/libsharpyuv.so.0.1.2
7f4d0b0d8000-7f4d0b0d9000 rw-p 00000000 00:00 0 
7f4d0b0d9000-7f4d0b0db000 r--p 00000000 103:02 4792845                   /usr/lib/libogg.so.0.8.6
7f4d0b0db000-7f4d0b0de000 r-xp 00002000 103:02 4792845                   /usr/lib/libogg.so.0.8.6
7f4d0b0de000-7f4d0b0e1000 r--p 00005000 103:02 4792845                   /usr/lib/libogg.so.0.8.6
7f4d0b0e1000-7f4d0b0e2000 r--p 00008000 103:02 4792845                   /usr/lib/libogg.so.0.8.6
7f4d0b0e2000-7f4d0b0e3000 rw-p 00009000 103:02 4792845                   /usr/lib/libogg.so.0.8.6
7f4d0b0e3000-7f4d0b0ee000 r--p 00000000 103:02 4758350                   /usr/lib/libglut.so.3.13.0
7f4d0b0ee000-7f4d0b108000 r-xp 0000b000 103:02 4758350                   /usr/lib/libglut.so.3.13.0
7f4d0b108000-7f4d0b122000 r--p 00025000 103:02 4758350                   /usr/lib/libglut.so.3.13.0
7f4d0b122000-7f4d0b126000 r--p 0003f000 103:02 4758350                   /usr/lib/libglut.so.3.13.0
7f4d0b126000-7f4d0b12d000 rw-p 00043000 103:02 4758350                   /usr/lib/libglut.so.3.13.0
7f4d0b12d000-7f4d0b191000 rw-p 00000000 00:00 0 
7f4d0b191000-7f4d0b194000 r--p 00000000 103:02 4777363                   /usr/lib/libGLU.so.1.3.1
7f4d0b194000-7f4d0b1de000 r-xp 00003000 103:02 4777363                   /usr/lib/libGLU.so.1.3.1
7f4d0b1de000-7f4d0b1e9000 r--p 0004d000 103:02 4777363                   /usr/lib/libGLU.so.1.3.1
7f4d0b1e9000-7f4d0b1ea000 r--p 00058000 103:02 4777363                   /usr/lib/libGLU.so.1.3.1
7f4d0b1ea000-7f4d0b1eb000 rw-p 00059000 103:02 4777363                   /usr/lib/libGLU.so.1.3.1
7f4d0b1eb000-7f4d0b1ef000 r--p 00000000 103:02 4758497                   /usr/lib/libbsd.so.0.12.2
7f4d0b1ef000-7f4d0b1fa000 r-xp 00004000 103:02 4758497                   /usr/lib/libbsd.so.0.12.2
7f4d0b1fa000-7f4d0b1fd000 r--p 0000f000 103:02 4758497                   /usr/lib/libbsd.so.0.12.2
7f4d0b1fd000-7f4d0b1fe000 r--p 00011000 103:02 4758497                   /usr/lib/libbsd.so.0.12.2
7f4d0b1fe000-7f4d0b1ff000 rw-p 00012000 103:02 4758497                   /usr/lib/libbsd.so.0.12.2
7f4d0b1ff000-7f4d0b200000 rw-p 00000000 00:00 0 
7f4d0b200000-7f4d0b225000 r--p 00000000 103:02 4738682                   /usr/lib/libgnutls.so.30.42.0
7f4d0b225000-7f4d0b37b000 r-xp 00025000 103:02 4738682                   /usr/lib/libgnutls.so.30.42.0
7f4d0b37b000-7f4d0b3f9000 r--p 0017b000 103:02 4738682                   /usr/lib/libgnutls.so.30.42.0
7f4d0b3f9000-7f4d0b40b000 r--p 001f8000 103:02 4738682                   /usr/lib/libgnutls.so.30.42.0
7f4d0b40b000-7f4d0b40e000 rw-p 0020a000 103:02 4738682                   /usr/lib/libgnutls.so.30.42.0
7f4d0b40e000-7f4d0b411000 rw-p 00000000 00:00 0 
7f4d0b413000-7f4d0b415000 r--p 00000000 103:02 4755205                   /usr/lib/libhwy.so.1.4.0
7f4d0b415000-7f4d0b41d000 r-xp 00002000 103:02 4755205                   /usr/lib/libhwy.so.1.4.0
7f4d0b41d000-7f4d0b420000 r--p 0000a000 103:02 4755205                   /usr/lib/libhwy.so.1.4.0
7f4d0b420000-7f4d0b421000 r--p 0000c000 103:02 4755205                   /usr/lib/libhwy.so.1.4.0
7f4d0b421000-7f4d0b422000 rw-p 0000d000 103:02 4755205                   /usr/lib/libhwy.so.1.4.0
7f4d0b422000-7f4d0b436000 r--p 00000000 103:02 5005676                   /usr/lib/pulseaudio/libpulsecommon-17.0.so
7f4d0b436000-7f4d0b480000 r-xp 00014000 103:02 5005676                   /usr/lib/pulseaudio/libpulsecommon-17.0.so
7f4d0b480000-7f4d0b49f000 r--p 0005e000 103:02 5005676                   /usr/lib/pulseaudio/libpulsecommon-17.0.so
7f4d0b49f000-7f4d0b4a1000 r--p 0007d000 103:02 5005676                   /usr/lib/pulseaudio/libpulsecommon-17.0.so
7f4d0b4a1000-7f4d0b4a2000 rw-p 0007f000 103:02 5005676                   /usr/lib/pulseaudio/libpulsecommon-17.0.so
7f4d0b4a2000-7f4d0b4a4000 r--p 00000000 103:02 4769556                   /usr/lib/libv4l2.so.0.0.0
7f4d0b4a4000-7f4d0b4aa000 r-xp 00002000 103:02 4769556                   /usr/lib/libv4l2.so.0.0.0
7f4d0b4aa000-7f4d0b4ac000 r--p 00008000 103:02 4769556                   /usr/lib/libv4l2.so.0.0.0
7f4d0b4ac000-7f4d0b4ad000 r--p 00009000 103:02 4769556                   /usr/lib/libv4l2.so.0.0.0
7f4d0b4ad000-7f4d0b4b1000 rw-p 0000a000 103:02 4769556                   /usr/lib/libv4l2.so.0.0.0
7f4d0b4b1000-7f4d0b4ba000 r--p 00000000 103:02 4732365                   /usr/lib/libgssapi_krb5.so.2.2
7f4d0b4ba000-7f4d0b4fa000 r-xp 00009000 103:02 4732365                   /usr/lib/libgssapi_krb5.so.2.2
7f4d0b4fa000-7f4d0b506000 r--p 00049000 103:02 4732365                   /usr/lib/libgssapi_krb5.so.2.2
7f4d0b506000-7f4d0b508000 r--p 00055000 103:02 4732365                   /usr/lib/libgssapi_krb5.so.2.2
7f4d0b508000-7f4d0b509000 rw-p 00057000 103:02 4732365                   /usr/lib/libgssapi_krb5.so.2.2
7f4d0b509000-7f4d0b51d000 r--p 00000000 103:02 4726312                   /usr/lib/libssl.so.3
7f4d0b51d000-7f4d0b5ca000 r-xp 00014000 103:02 4726312                   /usr/lib/libssl.so.3
7f4d0b5ca000-7f4d0b5f2000 r--p 000c1000 103:02 4726312                   /usr/lib/libssl.so.3
7f4d0b5f2000-7f4d0b5fc000 r--p 000e9000 103:02 4726312                   /usr/lib/libssl.so.3
7f4d0b5fc000-7f4d0b600000 rw-p 000f3000 103:02 4726312                   /usr/lib/libssl.so.3
7f4d0b600000-7f4d0b60c000 r--p 00000000 103:02 4758335                   /usr/lib/libopenmpt.so.0.5.5
7f4d0b60c000-7f4d0b781000 r-xp 0000c000 103:02 4758335                   /usr/lib/libopenmpt.so.0.5.5
7f4d0b781000-7f4d0b7d0000 r--p 00181000 103:02 4758335                   /usr/lib/libopenmpt.so.0.5.5
7f4d0b7d0000-7f4d0b7d5000 r--p 001d0000 103:02 4758335                   /usr/lib/libopenmpt.so.0.5.5
7f4d0b7d5000-7f4d0b7d6000 rw-p 001d5000 103:02 4758335                   /usr/lib/libopenmpt.so.0.5.5
7f4d0b7d6000-7f4d0b830000 rw-p 00000000 00:00 0 
7f4d0b831000-7f4d0b833000 rw-s 00000000 00:07 1110                       /dev/nvidiactl
7f4d0b833000-7f4d0b835000 r--p 00000000 103:02 4751858                   /usr/lib/libxcb-shape.so.0.0.0
7f4d0b835000-7f4d0b836000 r-xp 00002000 103:02 4751858                   /usr/lib/libxcb-shape.so.0.0.0
7f4d0b836000-7f4d0b837000 r--p 00003000 103:02 4751858                   /usr/lib/libxcb-shape.so.0.0.0
7f4d0b837000-7f4d0b838000 r--p 00003000 103:02 4751858                   /usr/lib/libxcb-shape.so.0.0.0
7f4d0b838000-7f4d0b839000 rw-p 00004000 103:02 4751858                   /usr/lib/libxcb-shape.so.0.0.0
7f4d0b839000-7f4d0b83c000 r--p 00000000 103:02 4769084                   /usr/lib/libiec61883.so.0.1.1
7f4d0b83c000-7f4d0b843000 r-xp 00003000 103:02 4769084                   /usr/lib/libiec61883.so.0.1.1
7f4d0b843000-7f4d0b846000 r--p 0000a000 103:02 4769084                   /usr/lib/libiec61883.so.0.1.1
7f4d0b846000-7f4d0b847000 r--p 0000d000 103:02 4769084                   /usr/lib/libiec61883.so.0.1.1
7f4d0b847000-7f4d0b848000 rw-p 0000e000 103:02 4769084                   /usr/lib/libiec61883.so.0.1.1
7f4d0b848000-7f4d0b84b000 r--p 00000000 103:02 4815220                   /usr/lib/liblz4.so.1.10.0
7f4d0b84b000-7f4d0b869000 r-xp 00003000 103:02 4815220                   /usr/lib/liblz4.so.1.10.0
7f4d0b869000-7f4d0b86b000 r--p 00021000 103:02 4815220                   /usr/lib/liblz4.so.1.10.0
7f4d0b86b000-7f4d0b86c000 r--p 00023000 103:02 4815220                   /usr/lib/liblz4.so.1.10.0
7f4d0b86c000-7f4d0b86d000 rw-p 00024000 103:02 4815220                   /usr/lib/liblz4.so.1.10.0
7f4d0b86d000-7f4d0b873000 r--p 00000000 103:02 4737856                   /usr/lib/libssh2.so.1.0.1
7f4d0b873000-7f4d0b8ab000 r-xp 00006000 103:02 4737856                   /usr/lib/libssh2.so.1.0.1
7f4d0b8ab000-7f4d0b8b8000 r--p 0003e000 103:02 4737856                   /usr/lib/libssh2.so.1.0.1
7f4d0b8b8000-7f4d0b8ba000 r--p 0004b000 103:02 4737856                   /usr/lib/libssh2.so.1.0.1
7f4d0b8ba000-7f4d0b8bb000 rw-p 0004d000 103:02 4737856                   /usr/lib/libssh2.so.1.0.1
7f4d0b8bb000-7f4d0b8bf000 r--p 00000000 103:02 4750340                   /usr/lib/libngtcp2.so.16.11.0
7f4d0b8bf000-7f4d0b906000 r-xp 00004000 103:02 4750340                   /usr/lib/libngtcp2.so.16.11.0
7f4d0b906000-7f4d0b915000 r--p 0004b000 103:02 4750340                   /usr/lib/libngtcp2.so.16.11.0
7f4d0b915000-7f4d0b916000 r--p 0005a000 103:02 4750340                   /usr/lib/libngtcp2.so.16.11.0
7f4d0b916000-7f4d0b917000 rw-p 0005b000 103:02 4750340                   /usr/lib/libngtcp2.so.16.11.0
7f4d0b917000-7f4d0b932000 r--p 00000000 103:02 4768894                   /usr/lib/libsrt.so.1.5.6
7f4d0b932000-7f4d0b9d6000 r-xp 0001b000 103:02 4768894                   /usr/lib/libsrt.so.1.5.6
7f4d0b9d6000-7f4d0b9f7000 r--p 000bf000 103:02 4768894                   /usr/lib/libsrt.so.1.5.6
7f4d0b9f7000-7f4d0b9fa000 r--p 000e0000 103:02 4768894                   /usr/lib/libsrt.so.1.5.6
7f4d0b9fa000-7f4d0b9fb000 rw-p 000e3000 103:02 4768894                   /usr/lib/libsrt.so.1.5.6
7f4d0b9fb000-7f4d0ba00000 rw-p 00000000 00:00 0 
7f4d0ba00000-7f4d0ba06000 r-xp 00000000 103:02 1313995                   /opt/cuda/targets/x86_64-linux/lib/libOpenCL.so.1.0.0
7f4d0ba06000-7f4d0bc05000 ---p 00006000 103:02 1313995                   /opt/cuda/targets/x86_64-linux/lib/libOpenCL.so.1.0.0
7f4d0bc05000-7f4d0bc07000 r--p 00005000 103:02 1313995                   /opt/cuda/targets/x86_64-linux/lib/libOpenCL.so.1.0.0
7f4d0bc07000-7f4d0bc08000 rw-p 00007000 103:02 1313995                   /opt/cuda/targets/x86_64-linux/lib/libOpenCL.so.1.0.0
7f4d0bc0d000-7f4d0bc0f000 r--p 00000000 103:02 4788171                   /usr/lib/libsoxr.so.0.1.2
7f4d0bc0f000-7f4d0bc33000 r-xp 00002000 103:02 4788171                   /usr/lib/libsoxr.so.0.1.2
7f4d0bc33000-7f4d0bc38000 r--p 00026000 103:02 4788171                   /usr/lib/libsoxr.so.0.1.2
7f4d0bc38000-7f4d0bc3a000 r--p 0002a000 103:02 4788171                   /usr/lib/libsoxr.so.0.1.2
7f4d0bc3a000-7f4d0bc3b000 rw-p 0002c000 103:02 4788171                   /usr/lib/libsoxr.so.0.1.2
7f4d0bc3b000-7f4d0bc70000 rw-p 00000000 00:00 0 
7f4d0bc70000-7f4d0bc76000 r--p 00000000 103:02 4769212                   /usr/lib/libmodplug.so.1.0.0
7f4d0bc76000-7f4d0bcb4000 r-xp 00006000 103:02 4769212                   /usr/lib/libmodplug.so.1.0.0
7f4d0bcb4000-7f4d0bcc1000 r--p 00044000 103:02 4769212                   /usr/lib/libmodplug.so.1.0.0
7f4d0bcc1000-7f4d0bcc2000 r--p 00051000 103:02 4769212                   /usr/lib/libmodplug.so.1.0.0
7f4d0bcc2000-7f4d0bcc3000 rw-p 00052000 103:02 4769212                   /usr/lib/libmodplug.so.1.0.0
7f4d0bcc3000-7f4d0be00000 rw-p 00000000 00:00 0 
7f4d0be00000-7f4d0be5f000 r--p 00000000 103:02 4835194                   /usr/lib/libx265.so.217
7f4d0be5f000-7f4d0d277000 r-xp 0005f000 103:02 4835194                   /usr/lib/libx265.so.217
7f4d0d277000-7f4d0d2fb000 r--p 01477000 103:02 4835194                   /usr/lib/libx265.so.217
7f4d0d2fb000-7f4d0d310000 r--p 014fa000 103:02 4835194                   /usr/lib/libx265.so.217
7f4d0d310000-7f4d0d313000 rw-p 0150f000 103:02 4835194                   /usr/lib/libx265.so.217
7f4d0d313000-7f4d0d325000 rw-p 00000000 00:00 0 
7f4d0d326000-7f4d0d32b000 r--p 00000000 103:02 4768962                   /usr/lib/libraw1394.so.11.1.0
7f4d0d32b000-7f4d0d333000 r-xp 00005000 103:02 4768962                   /usr/lib/libraw1394.so.11.1.0
7f4d0d333000-7f4d0d336000 r--p 0000d000 103:02 4768962                   /usr/lib/libraw1394.so.11.1.0
7f4d0d336000-7f4d0d337000 r--p 0000f000 103:02 4768962                   /usr/lib/libraw1394.so.11.1.0
7f4d0d337000-7f4d0d338000 rw-p 00010000 103:02 4768962                   /usr/lib/libraw1394.so.11.1.0
7f4d0d338000-7f4d0d33a000 r--p 00000000 103:02 4737748                   /usr/lib/libidn2.so.0.4.0
7f4d0d33a000-7f4d0d33e000 r-xp 00002000 103:02 4737748                   /usr/lib/libidn2.so.0.4.0
7f4d0d33e000-7f4d0d358000 r--p 00006000 103:02 4737748                   /usr/lib/libidn2.so.0.4.0
7f4d0d358000-7f4d0d359000 r--p 0001f000 103:02 4737748                   /usr/lib/libidn2.so.0.4.0
7f4d0d359000-7f4d0d35a000 rw-p 00020000 103:02 4737748                   /usr/lib/libidn2.so.0.4.0
7f4d0d35a000-7f4d0d378000 r--p 00000000 103:02 4770283                   /usr/lib/libdovi.so.3.4.0
7f4d0d378000-7f4d0d3f7000 r-xp 0001d000 103:02 4770283                   /usr/lib/libdovi.so.3.4.0
7f4d0d3f7000-7f4d0d3ff000 r--p 0009b000 103:02 4770283                   /usr/lib/libdovi.so.3.4.0
7f4d0d3ff000-7f4d0d400000 rw-p 000a2000 103:02 4770283                   /usr/lib/libdovi.so.3.4.0
7f4d0d400000-7f4d0d403000 r--p 00000000 103:02 4792842                   /usr/lib/libx264.so.165
7f4d0d403000-7f4d0d596000 r-xp 00003000 103:02 4792842                   /usr/lib/libx264.so.165
7f4d0d596000-7f4d0d5cf000 r--p 00196000 103:02 4792842                   /usr/lib/libx264.so.165
7f4d0d5cf000-7f4d0d5d1000 r--p 001ce000 103:02 4792842                   /usr/lib/libx264.so.165
7f4d0d5d1000-7f4d0d5d2000 rw-p 001d0000 103:02 4792842                   /usr/lib/libx264.so.165
7f4d0d5d2000-7f4d0d6cb000 rw-p 00000000 00:00 0 
7f4d0d6cb000-7f4d0d6cc000 rw-s 00000000 00:07 1112                       /dev/nvidia0
7f4d0d6cc000-7f4d0d6d0000 r--p 00000000 103:02 4750269                   /usr/lib/libnghttp2.so.14.29.5
7f4d0d6d0000-7f4d0d6e6000 r-xp 00004000 103:02 4750269                   /usr/lib/libnghttp2.so.14.29.5
7f4d0d6e6000-7f4d0d6f2000 r--p 0001a000 103:02 4750269                   /usr/lib/libnghttp2.so.14.29.5
7f4d0d6f2000-7f4d0d6f5000 r--p 00025000 103:02 4750269                   /usr/lib/libnghttp2.so.14.29.5
7f4d0d6f5000-7f4d0d6f6000 rw-p 00028000 103:02 4750269                   /usr/lib/libnghttp2.so.14.29.5
7f4d0d6f6000-7f4d0d6f9000 r--p 00000000 103:02 4750283                   /usr/lib/libnghttp3.so.9.9.0
7f4d0d6f9000-7f4d0d70e000 r-xp 00003000 103:02 4750283                   /usr/lib/libnghttp3.so.9.9.0
7f4d0d70e000-7f4d0d71b000 r--p 00018000 103:02 4750283                   /usr/lib/libnghttp3.so.9.9.0
7f4d0d71b000-7f4d0d71c000 r--p 00024000 103:02 4750283                   /usr/lib/libnghttp3.so.9.9.0
7f4d0d71c000-7f4d0d71e000 rw-p 00025000 103:02 4750283                   /usr/lib/libnghttp3.so.9.9.0
7f4d0d71e000-7f4d0d760000 r--p 00000000 103:02 4757008                   /usr/lib/libzmq.so.5.2.5
7f4d0d760000-7f4d0d7d4000 r-xp 00042000 103:02 4757008                   /usr/lib/libzmq.so.5.2.5
7f4d0d7d4000-7f4d0d7f5000 r--p 000b6000 103:02 4757008                   /usr/lib/libzmq.so.5.2.5
7f4d0d7f5000-7f4d0d7ff000 r--p 000d6000 103:02 4757008                   /usr/lib/libzmq.so.5.2.5
7f4d0d7ff000-7f4d0d800000 rw-p 000e0000 103:02 4757008                   /usr/lib/libzmq.so.5.2.5
7f4d0d800000-7f4d0d804000 r--p 00000000 103:02 4817227                   /usr/lib/libSvtAv1Enc.so.4.2.0
7f4d0d804000-7f4d0dc66000 r-xp 00004000 103:02 4817227                   /usr/lib/libSvtAv1Enc.so.4.2.0
7f4d0dc66000-7f4d0dd2a000 r--p 00466000 103:02 4817227                   /usr/lib/libSvtAv1Enc.so.4.2.0
7f4d0dd2a000-7f4d0dd2e000 r--p 00529000 103:02 4817227                   /usr/lib/libSvtAv1Enc.so.4.2.0
7f4d0dd2e000-7f4d0dd30000 rw-p 0052d000 103:02 4817227                   /usr/lib/libSvtAv1Enc.so.4.2.0
7f4d0dd30000-7f4d15d6e000 rw-p 00000000 00:00 0 
7f4d15d6e000-7f4d15d6f000 rw-s 00000000 00:07 1110                       /dev/nvidiactl
7f4d15d6f000-7f4d15d71000 r--p 00000000 00:1a 53161                      /dev/shm/716e306c-95b7-4d19-95b4-1c569de03be9 (deleted)
7f4d15d71000-7f4d15d7f000 r--p 00000000 103:02 4826263                   /usr/lib/libssh.so.4.12.0
7f4d15d7f000-7f4d15ddc000 r-xp 0000e000 103:02 4826263                   /usr/lib/libssh.so.4.12.0
7f4d15ddc000-7f4d15dfc000 r--p 0006b000 103:02 4826263                   /usr/lib/libssh.so.4.12.0
7f4d15dfc000-7f4d15dfe000 r--p 0008b000 103:02 4826263                   /usr/lib/libssh.so.4.12.0
7f4d15dfe000-7f4d15e00000 rw-p 0008d000 103:02 4826263                   /usr/lib/libssh.so.4.12.0
7f4d15e00000-7f4d15e88000 r--p 00000000 103:02 4812078                   /usr/lib/librav1e.so.0.8.1
7f4d15e88000-7f4d160ff000 r-xp 00087000 103:02 4812078                   /usr/lib/librav1e.so.0.8.1
7f4d160ff000-7f4d16122000 r--p 002fd000 103:02 4812078                   /usr/lib/librav1e.so.0.8.1
7f4d16122000-7f4d16123000 rw-p 0031f000 103:02 4812078                   /usr/lib/librav1e.so.0.8.1
7f4d16123000-7f4d16124000 rw-p 00000000 00:00 0 
7f4d16124000-7f4d16125000 rw-p 00000000 00:00 0 
7f4d16125000-7f4d16127000 rw-p 00000000 00:00 0 
7f4d16127000-7f4d16129000 r--p 00000000 103:02 4737828                   /usr/lib/libpsl.so.5.3.5
7f4d16129000-7f4d1612b000 r-xp 00002000 103:02 4737828                   /usr/lib/libpsl.so.5.3.5
7f4d1612b000-7f4d16139000 r--p 00004000 103:02 4737828                   /usr/lib/libpsl.so.5.3.5
7f4d16139000-7f4d1613a000 r--p 00011000 103:02 4737828                   /usr/lib/libpsl.so.5.3.5
7f4d1613a000-7f4d1613b000 rw-p 00012000 103:02 4737828                   /usr/lib/libpsl.so.5.3.5
7f4d1613b000-7f4d16140000 r--p 00000000 103:02 4743300                   /usr/lib/libshaderc_shared.so.1
7f4d16140000-7f4d16153000 r-xp 00005000 103:02 4743300                   /usr/lib/libshaderc_shared.so.1
7f4d16153000-7f4d16157000 r--p 00018000 103:02 4743300                   /usr/lib/libshaderc_shared.so.1
7f4d16157000-7f4d16158000 r--p 0001b000 103:02 4743300                   /usr/lib/libshaderc_shared.so.1
7f4d16158000-7f4d16159000 rw-p 0001c000 103:02 4743300                   /usr/lib/libshaderc_shared.so.1
7f4d16159000-7f4d1616a000 r--p 00000000 103:02 4725963                   /usr/lib/libgmp.so.10.5.0
7f4d1616a000-7f4d161e8000 r-xp 00011000 103:02 4725963                   /usr/lib/libgmp.so.10.5.0
7f4d161e8000-7f4d161fd000 r--p 0008f000 103:02 4725963                   /usr/lib/libgmp.so.10.5.0
7f4d161fd000-7f4d161ff000 r--p 000a3000 103:02 4725963                   /usr/lib/libgmp.so.10.5.0
7f4d161ff000-7f4d16200000 rw-p 000a5000 103:02 4725963                   /usr/lib/libgmp.so.10.5.0
7f4d16200000-7f4d16203000 r--p 00000000 103:02 4816266                   /usr/lib/libopus.so.0.11.1
7f4d16203000-7f4d16278000 r-xp 00003000 103:02 4816266                   /usr/lib/libopus.so.0.11.1
7f4d16278000-7f4d165f4000 r--p 00078000 103:02 4816266                   /usr/lib/libopus.so.0.11.1
7f4d165f4000-7f4d165f8000 r--p 003f3000 103:02 4816266                   /usr/lib/libopus.so.0.11.1
7f4d165f8000-7f4d165f9000 rw-p 003f7000 103:02 4816266                   /usr/lib/libopus.so.0.11.1
7f4d165f9000-7f4d165fa000 rw-p 00000000 00:00 0 
7f4d165fa000-7f4d165fb000 r--p 00000000 103:02 4768976                   /usr/lib/librom1394.so.0.3.0
7f4d165fb000-7f4d165fd000 r-xp 00001000 103:02 4768976                   /usr/lib/librom1394.so.0.3.0
7f4d165fd000-7f4d165fe000 r--p 00003000 103:02 4768976                   /usr/lib/librom1394.so.0.3.0
7f4d165fe000-7f4d165ff000 r--p 00003000 103:02 4768976                   /usr/lib/librom1394.so.0.3.0
7f4d165ff000-7f4d16600000 rw-p 00004000 103:02 4768976                   /usr/lib/librom1394.so.0.3.0
7f4d16600000-7f4d16604000 r--p 00000000 103:02 4755238                   /usr/lib/libjxl.so.0.12.0
7f4d16604000-7f4d16949000 r-xp 00004000 103:02 4755238                   /usr/lib/libjxl.so.0.12.0
7f4d16949000-7f4d169af000 r--p 00349000 103:02 4755238                   /usr/lib/libjxl.so.0.12.0
7f4d169af000-7f4d169b7000 r--p 003ae000 103:02 4755238                   /usr/lib/libjxl.so.0.12.0
7f4d169b7000-7f4d169b8000 rw-p 003b6000 103:02 4755238                   /usr/lib/libjxl.so.0.12.0
7f4d169b8000-7f4d16a36000 rw-p 00000000 00:00 0 
7f4d16a36000-7f4d16a38000 r--p 00000000 103:02 4725865                   /usr/lib/libacl.so.1.2.2400
7f4d16a38000-7f4d16a3e000 r-xp 00002000 103:02 4725865                   /usr/lib/libacl.so.1.2.2400
7f4d16a3e000-7f4d16a40000 r--p 00008000 103:02 4725865                   /usr/lib/libacl.so.1.2.2400
7f4d16a40000-7f4d16a41000 r--p 00009000 103:02 4725865                   /usr/lib/libacl.so.1.2.2400
7f4d16a41000-7f4d16a42000 rw-p 0000a000 103:02 4725865                   /usr/lib/libacl.so.1.2.2400
7f4d16a42000-7f4d16a45000 r--p 00000000 103:02 4757522                   /usr/lib/libngtcp2_crypto_ossl.so.0.3.1
7f4d16a45000-7f4d16a4b000 r-xp 00003000 103:02 4757522                   /usr/lib/libngtcp2_crypto_ossl.so.0.3.1
7f4d16a4b000-7f4d16a4d000 r--p 00009000 103:02 4757522                   /usr/lib/libngtcp2_crypto_ossl.so.0.3.1
7f4d16a4d000-7f4d16a4e000 r--p 0000a000 103:02 4757522                   /usr/lib/libngtcp2_crypto_ossl.so.0.3.1
7f4d16a4e000-7f4d16a4f000 rw-p 0000b000 103:02 4757522                   /usr/lib/libngtcp2_crypto_ossl.so.0.3.1
7f4d16a4f000-7f4d16a51000 r--p 00000000 103:02 4763199                   /usr/lib/libunwind.so.8.2.0
7f4d16a51000-7f4d16a5c000 r-xp 00002000 103:02 4763199                   /usr/lib/libunwind.so.8.2.0
7f4d16a5c000-7f4d16a5e000 r--p 0000d000 103:02 4763199                   /usr/lib/libunwind.so.8.2.0
7f4d16a5e000-7f4d16a5f000 r--p 0000e000 103:02 4763199                   /usr/lib/libunwind.so.8.2.0
7f4d16a5f000-7f4d16a60000 rw-p 0000f000 103:02 4763199                   /usr/lib/libunwind.so.8.2.0
7f4d16a60000-7f4d16a6a000 rw-p 00000000 00:00 0 
7f4d16a6a000-7f4d16a6d000 r--p 00000000 103:02 4773735                   /usr/lib/libdvdread.so.8.2.0
7f4d16a6d000-7f4d16a8b000 r-xp 00003000 103:02 4773735                   /usr/lib/libdvdread.so.8.2.0
7f4d16a8b000-7f4d16a94000 r--p 00021000 103:02 4773735                   /usr/lib/libdvdread.so.8.2.0
7f4d16a94000-7f4d16a95000 r--p 0002a000 103:02 4773735                   /usr/lib/libdvdread.so.8.2.0
7f4d16a95000-7f4d16a96000 rw-p 0002b000 103:02 4773735                   /usr/lib/libdvdread.so.8.2.0
7f4d16a96000-7f4d16a9b000 r--p 00000000 103:02 4769333                   /usr/lib/libvidstab.so.1.2
7f4d16a9b000-7f4d16aa7000 r-xp 00005000 103:02 4769333                   /usr/lib/libvidstab.so.1.2
7f4d16aa7000-7f4d16aab000 r--p 00011000 103:02 4769333                   /usr/lib/libvidstab.so.1.2
7f4d16aab000-7f4d16aac000 r--p 00014000 103:02 4769333                   /usr/lib/libvidstab.so.1.2
7f4d16aac000-7f4d16aad000 rw-p 00015000 103:02 4769333                   /usr/lib/libvidstab.so.1.2
7f4d16aad000-7f4d16ab7000 r--p 00000000 103:02 4769595                   /usr/lib/libvmaf.so.3.2.0
7f4d16ab7000-7f4d16b13000 r-xp 0000a000 103:02 4769595                   /usr/lib/libvmaf.so.3.2.0
7f4d16b13000-7f4d16b26000 r--p 00066000 103:02 4769595                   /usr/lib/libvmaf.so.3.2.0
7f4d16b26000-7f4d16b29000 r--p 00079000 103:02 4769595                   /usr/lib/libvmaf.so.3.2.0
7f4d16b29000-7f4d16bc0000 rw-p 0007c000 103:02 4769595                   /usr/lib/libvmaf.so.3.2.0
7f4d16bc0000-7f4d16c00000 rw-p 00000000 00:00 0 
7f4d16c00000-7f4d16c03000 r--p 00000000 103:02 4744981                   /usr/lib/libaom.so.3.14.1
7f4d16c03000-7f4d173a2000 r-xp 00003000 103:02 4744981                   /usr/lib/libaom.so.3.14.1
7f4d173a2000-7f4d17479000 r--p 007a2000 103:02 4744981                   /usr/lib/libaom.so.3.14.1
7f4d17479000-7f4d1748a000 r--p 00879000 103:02 4744981                   /usr/lib/libaom.so.3.14.1
7f4d1748a000-7f4d1748c000 rw-p 0088a000 103:02 4744981                   /usr/lib/libaom.so.3.14.1
7f4d1748c000-7f4d174e3000 rw-p 00000000 00:00 0 
7f4d174e3000-7f4d174e5000 r--p 00000000 103:02 4768973                   /usr/lib/libavc1394.so.0.3.0
7f4d174e5000-7f4d174e7000 r-xp 00002000 103:02 4768973                   /usr/lib/libavc1394.so.0.3.0
7f4d174e7000-7f4d174e8000 r--p 00004000 103:02 4768973                   /usr/lib/libavc1394.so.0.3.0
7f4d174e8000-7f4d174e9000 r--p 00004000 103:02 4768973                   /usr/lib/libavc1394.so.0.3.0
7f4d174e9000-7f4d174ea000 rw-p 00005000 103:02 4768973                   /usr/lib/libavc1394.so.0.3.0
7f4d174ea000-7f4d174ec000 r--p 00000000 103:02 4835240                   /usr/lib/libglslang-default-resource-limits.so.16.4.0
7f4d174ec000-7f4d174f0000 r-xp 00002000 103:02 4835240                   /usr/lib/libglslang-default-resource-limits.so.16.4.0
7f4d174f0000-7f4d174f2000 r--p 00006000 103:02 4835240                   /usr/lib/libglslang-default-resource-limits.so.16.4.0
7f4d174f2000-7f4d174f3000 r--p 00008000 103:02 4835240                   /usr/lib/libglslang-default-resource-limits.so.16.4.0
7f4d174f3000-7f4d174f4000 rw-p 00009000 103:02 4835240                   /usr/lib/libglslang-default-resource-limits.so.16.4.0
7f4d174f4000-7f4d174f5000 r--p 00000000 103:02 4836934                   /usr/lib/libxvidcore.so.4.3
7f4d174f5000-7f4d1757d000 r-xp 00001000 103:02 4836934                   /usr/lib/libxvidcore.so.4.3
7f4d1757d000-7f4d1758c000 r--p 00089000 103:02 4836934                   /usr/lib/libxvidcore.so.4.3
7f4d1758c000-7f4d1758d000 r--p 00097000 103:02 4836934                   /usr/lib/libxvidcore.so.4.3
7f4d1758d000-7f4d17597000 rw-p 00098000 103:02 4836934                   /usr/lib/libxvidcore.so.4.3
7f4d17597000-7f4d17600000 rw-p 00000000 00:00 0 
7f4d17600000-7f4d17609000 r--p 00000000 103:02 4814627                   /usr/lib/librsvg-2.so.2.62.3
7f4d17609000-7f4d1790e000 r-xp 00009000 103:02 4814627                   /usr/lib/librsvg-2.so.2.62.3
7f4d1790e000-7f4d17a1e000 r--p 0030e000 103:02 4814627                   /usr/lib/librsvg-2.so.2.62.3
7f4d17a1e000-7f4d17a8e000 r--p 0041d000 103:02 4814627                   /usr/lib/librsvg-2.so.2.62.3
7f4d17a8e000-7f4d17a8f000 rw-p 0048d000 103:02 4814627                   /usr/lib/librsvg-2.so.2.62.3
7f4d17a8f000-7f4d17a90000 r--p 00000000 103:02 7880804                   /usr/lib/jvm/java-26-openjdk/lib/libsyslookup.so
7f4d17a90000-7f4d17a91000 r-xp 00001000 103:02 7880804                   /usr/lib/jvm/java-26-openjdk/lib/libsyslookup.so
7f4d17a91000-7f4d17a92000 r--p 00002000 103:02 7880804                   /usr/lib/jvm/java-26-openjdk/lib/libsyslookup.so
7f4d17a92000-7f4d17a93000 r--p 00002000 103:02 7880804                   /usr/lib/jvm/java-26-openjdk/lib/libsyslookup.so
7f4d17a93000-7f4d17a94000 rw-p 00003000 103:02 7880804                   /usr/lib/jvm/java-26-openjdk/lib/libsyslookup.so
7f4d17a94000-7f4d17a96000 r--p 00000000 103:02 4769073                   /usr/lib/libbs2b.so.0.0.0
7f4d17a96000-7f4d17a99000 r-xp 00002000 103:02 4769073                   /usr/lib/libbs2b.so.0.0.0
7f4d17a99000-7f4d17a9a000 r--p 00005000 103:02 4769073                   /usr/lib/libbs2b.so.0.0.0
7f4d17a9a000-7f4d17a9b000 r--p 00005000 103:02 4769073                   /usr/lib/libbs2b.so.0.0.0
7f4d17a9b000-7f4d17a9c000 rw-p 00006000 103:02 4769073                   /usr/lib/libbs2b.so.0.0.0
7f4d17a9c000-7f4d17aa0000 r--p 00000000 103:02 4837269                   /usr/lib/libvpl.so.2.17
7f4d17aa0000-7f4d17aea000 r-xp 00004000 103:02 4837269                   /usr/lib/libvpl.so.2.17
7f4d17aea000-7f4d17afd000 r--p 0004e000 103:02 4837269                   /usr/lib/libvpl.so.2.17
7f4d17afd000-7f4d17aff000 r--p 00060000 103:02 4837269                   /usr/lib/libvpl.so.2.17
7f4d17aff000-7f4d17b00000 rw-p 00062000 103:02 4837269                   /usr/lib/libvpl.so.2.17
7f4d17b00000-7f4d17b03000 r--p 00000000 103:02 4755359                   /usr/lib/libwebp.so.7.2.0
7f4d17b03000-7f4d17b74000 r-xp 00003000 103:02 4755359                   /usr/lib/libwebp.so.7.2.0
7f4d17b74000-7f4d17b84000 r--p 00074000 103:02 4755359                   /usr/lib/libwebp.so.7.2.0
7f4d17b84000-7f4d17b85000 r--p 00083000 103:02 4755359                   /usr/lib/libwebp.so.7.2.0
7f4d17b85000-7f4d17b86000 rw-p 00084000 103:02 4755359                   /usr/lib/libwebp.so.7.2.0
7f4d17b86000-7f4d17b87000 rw-p 00000000 00:00 0 
7f4d17b87000-7f4d17b88000 r--p 00000000 103:02 4769018                   /usr/lib/libvorbisenc.so.2.0.12
7f4d17b88000-7f4d17b8b000 r-xp 00001000 103:02 4769018                   /usr/lib/libvorbisenc.so.2.0.12
7f4d17b8b000-7f4d17c02000 r--p 00004000 103:02 4769018                   /usr/lib/libvorbisenc.so.2.0.12
7f4d17c02000-7f4d17c1e000 r--p 0007a000 103:02 4769018                   /usr/lib/libvorbisenc.so.2.0.12
7f4d17c1e000-7f4d17c1f000 rw-p 00096000 103:02 4769018                   /usr/lib/libvorbisenc.so.2.0.12
7f4d17c1f000-7f4d17c21000 r--p 00000000 103:02 4817089                   /usr/lib/libdav1d.so.7.0.0
7f4d17c21000-7f4d17d9f000 r-xp 00002000 103:02 4817089                   /usr/lib/libdav1d.so.7.0.0
7f4d17d9f000-7f4d17dd7000 r--p 00180000 103:02 4817089                   /usr/lib/libdav1d.so.7.0.0
7f4d17dd7000-7f4d17ddb000 r--p 001b7000 103:02 4817089                   /usr/lib/libdav1d.so.7.0.0
7f4d17ddb000-7f4d17ddc000 rw-p 001bb000 103:02 4817089                   /usr/lib/libdav1d.so.7.0.0
7f4d17ddc000-7f4d17e00000 rw-p 00000000 00:00 0 
7f4d17e00000-7f4d17e02000 r--p 00000000 103:02 4817225                   /usr/lib/libvpx.so.12.0.0
7f4d17e02000-7f4d180f0000 r-xp 00002000 103:02 4817225                   /usr/lib/libvpx.so.12.0.0
7f4d180f0000-7f4d18125000 r--p 002f0000 103:02 4817225                   /usr/lib/libvpx.so.12.0.0
7f4d18125000-7f4d18128000 r--p 00325000 103:02 4817225                   /usr/lib/libvpx.so.12.0.0
7f4d18128000-7f4d18129000 rw-p 00328000 103:02 4817225                   /usr/lib/libvpx.so.12.0.0
7f4d18129000-7f4d18130000 rw-p 00000000 00:00 0 
7f4d18130000-7f4d18133000 r--p 00000000 103:02 4769013                   /usr/lib/libvorbis.so.0.4.9
7f4d18133000-7f4d1814b000 r-xp 00003000 103:02 4769013                   /usr/lib/libvorbis.so.0.4.9
7f4d1814b000-7f4d1815c000 r--p 0001b000 103:02 4769013                   /usr/lib/libvorbis.so.0.4.9
7f4d1815c000-7f4d1815d000 r--p 0002b000 103:02 4769013                   /usr/lib/libvorbis.so.0.4.9
7f4d1815d000-7f4d1815e000 rw-p 0002c000 103:02 4769013                   /usr/lib/libvorbis.so.0.4.9
7f4d1815e000-7f4d18160000 r--p 00000000 103:02 4769303                   /usr/lib/libtheoradec.so.2.1.1
7f4d18160000-7f4d18172000 r-xp 00002000 103:02 4769303                   /usr/lib/libtheoradec.so.2.1.1
7f4d18172000-7f4d18174000 r--p 00014000 103:02 4769303                   /usr/lib/libtheoradec.so.2.1.1
7f4d18174000-7f4d18175000 r--p 00015000 103:02 4769303                   /usr/lib/libtheoradec.so.2.1.1
7f4d18175000-7f4d18176000 rw-p 00016000 103:02 4769303                   /usr/lib/libtheoradec.so.2.1.1
7f4d18176000-7f4d18177000 r--p 00000000 103:02 4816286                   /usr/lib/libtheoraenc.so.2.2.1
7f4d18177000-7f4d1819b000 r-xp 00001000 103:02 4816286                   /usr/lib/libtheoraenc.so.2.2.1
7f4d1819b000-7f4d181a7000 r--p 00025000 103:02 4816286                   /usr/lib/libtheoraenc.so.2.2.1
7f4d181a7000-7f4d181a8000 r--p 00030000 103:02 4816286                   /usr/lib/libtheoraenc.so.2.2.1
7f4d181a8000-7f4d181a9000 rw-p 00031000 103:02 4816286                   /usr/lib/libtheoraenc.so.2.2.1
7f4d181a9000-7f4d181ab000 r--p 00000000 103:02 4769495                   /usr/lib/libspeex.so.1.5.2
7f4d181ab000-7f4d181be000 r-xp 00002000 103:02 4769495                   /usr/lib/libspeex.so.1.5.2
7f4d181be000-7f4d181c3000 r--p 00015000 103:02 4769495                   /usr/lib/libspeex.so.1.5.2
7f4d181c3000-7f4d181c4000 r--p 0001a000 103:02 4769495                   /usr/lib/libspeex.so.1.5.2
7f4d181c4000-7f4d181c5000 rw-p 0001b000 103:02 4769495                   /usr/lib/libspeex.so.1.5.2
7f4d181c5000-7f4d181cc000 r--p 00000000 103:02 4755382                   /usr/lib/libopenjp2.so.2.5.4
7f4d181cc000-7f4d18224000 r-xp 00007000 103:02 4755382                   /usr/lib/libopenjp2.so.2.5.4
7f4d18224000-7f4d18236000 r--p 0005f000 103:02 4755382                   /usr/lib/libopenjp2.so.2.5.4
7f4d18236000-7f4d18238000 r--p 00071000 103:02 4755382                   /usr/lib/libopenjp2.so.2.5.4
7f4d18238000-7f4d18239000 rw-p 00073000 103:02 4755382                   /usr/lib/libopenjp2.so.2.5.4
7f4d18239000-7f4d1823a000 r--p 00000000 103:02 4769453                   /usr/lib/libopencore-amrnb.so.0.0.5
7f4d1823a000-7f4d18257000 r-xp 00001000 103:02 4769453                   /usr/lib/libopencore-amrnb.so.0.0.5
7f4d18257000-7f4d18261000 r--p 0001e000 103:02 4769453                   /usr/lib/libopencore-amrnb.so.0.0.5
7f4d18261000-7f4d18262000 r--p 00027000 103:02 4769453                   /usr/lib/libopencore-amrnb.so.0.0.5
7f4d18262000-7f4d18263000 rw-p 00028000 103:02 4769453                   /usr/lib/libopencore-amrnb.so.0.0.5
7f4d18263000-7f4d18268000 r--p 00000000 103:02 4818072                   /usr/lib/libmp3lame.so.0.0.0
7f4d18268000-7f4d18291000 r-xp 00005000 103:02 4818072                   /usr/lib/libmp3lame.so.0.0.0
7f4d18291000-7f4d1829e000 r--p 0002e000 103:02 4818072                   /usr/lib/libmp3lame.so.0.0.0
7f4d1829e000-7f4d1829f000 r--p 0003b000 103:02 4818072                   /usr/lib/libmp3lame.so.0.0.0
7f4d1829f000-7f4d182a0000 rw-p 0003c000 103:02 4818072                   /usr/lib/libmp3lame.so.0.0.0
7f4d182a0000-7f4d182b1000 rw-p 00000000 00:00 0 
7f4d182b1000-7f4d182b2000 r--p 00000000 103:02 4837255                   /usr/lib/libjxl_threads.so.0.12.0
7f4d182b2000-7f4d182b4000 r-xp 00001000 103:02 4837255                   /usr/lib/libjxl_threads.so.0.12.0
7f4d182b4000-7f4d182b5000 r--p 00003000 103:02 4837255                   /usr/lib/libjxl_threads.so.0.12.0
7f4d182b5000-7f4d182b6000 r--p 00003000 103:02 4837255                   /usr/lib/libjxl_threads.so.0.12.0
7f4d182b6000-7f4d182b7000 rw-p 00004000 103:02 4837255                   /usr/lib/libjxl_threads.so.0.12.0
7f4d182b7000-7f4d182b9000 r--p 00000000 103:02 4767530                   /usr/lib/libgsm.so.1.0.22
7f4d182b9000-7f4d182c3000 r-xp 00002000 103:02 4767530                   /usr/lib/libgsm.so.1.0.22
7f4d182c3000-7f4d182c4000 r--p 0000c000 103:02 4767530                   /usr/lib/libgsm.so.1.0.22
7f4d182c4000-7f4d182c5000 r--p 0000d000 103:02 4767530                   /usr/lib/libgsm.so.1.0.22
7f4d182c5000-7f4d182c6000 rw-p 0000e000 103:02 4767530                   /usr/lib/libgsm.so.1.0.22
7f4d182c6000-7f4d182c9000 r--p 00000000 103:02 4846487                   /usr/lib/libsnappy.so.1.2.2
7f4d182c9000-7f4d182d0000 r-xp 00003000 103:02 4846487                   /usr/lib/libsnappy.so.1.2.2
7f4d182d0000-7f4d182d3000 r--p 0000a000 103:02 4846487                   /usr/lib/libsnappy.so.1.2.2
7f4d182d3000-7f4d182d4000 r--p 0000c000 103:02 4846487                   /usr/lib/libsnappy.so.1.2.2
7f4d182d4000-7f4d182d5000 rw-p 0000d000 103:02 4846487                   /usr/lib/libsnappy.so.1.2.2
7f4d182d5000-7f4d182d6000 r--p 00000000 103:02 4788175                   /usr/lib/libopencore-amrwb.so.0.0.5
7f4d182d6000-7f4d182e2000 r-xp 00001000 103:02 4788175                   /usr/lib/libopencore-amrwb.so.0.0.5
7f4d182e2000-7f4d182e9000 r--p 0000d000 103:02 4788175                   /usr/lib/libopencore-amrwb.so.0.0.5
7f4d182e9000-7f4d182ea000 r--p 00013000 103:02 4788175                   /usr/lib/libopencore-amrwb.so.0.0.5
7f4d182ea000-7f4d182eb000 rw-p 00014000 103:02 4788175                   /usr/lib/libopencore-amrwb.so.0.0.5
7f4d182eb000-7f4d182ef000 r--p 00000000 103:02 4733684                   /usr/lib/liblzma.so.5.8.3
7f4d182ef000-7f4d18313000 r-xp 00004000 103:02 4733684                   /usr/lib/liblzma.so.5.8.3
7f4d18313000-7f4d1831e000 r--p 00028000 103:02 4733684                   /usr/lib/liblzma.so.5.8.3
7f4d1831e000-7f4d1831f000 r--p 00033000 103:02 4733684                   /usr/lib/liblzma.so.5.8.3
7f4d1831f000-7f4d18320000 rw-p 00034000 103:02 4733684                   /usr/lib/liblzma.so.5.8.3
7f4d18320000-7f4d18322000 r--p 00000000 103:02 4763355                   /usr/lib/libwebpmux.so.3.1.2
7f4d18322000-7f4d18329000 r-xp 00002000 103:02 4763355                   /usr/lib/libwebpmux.so.3.1.2
7f4d18329000-7f4d1832a000 r--p 00009000 103:02 4763355                   /usr/lib/libwebpmux.so.3.1.2
7f4d1832a000-7f4d1832b000 r--p 0000a000 103:02 4763355                   /usr/lib/libwebpmux.so.3.1.2
7f4d1832b000-7f4d1832c000 rw-p 0000b000 103:02 4763355                   /usr/lib/libwebpmux.so.3.1.2
7f4d1832c000-7f4d1832d000 r--p 00000000 103:02 4763771                   /usr/lib/libunibreak.so.7.0.0
7f4d1832d000-7f4d18330000 r-xp 00001000 103:02 4763771                   /usr/lib/libunibreak.so.7.0.0
7f4d18330000-7f4d1834d000 r--p 00004000 103:02 4763771                   /usr/lib/libunibreak.so.7.0.0
7f4d1834d000-7f4d1834e000 r--p 00020000 103:02 4763771                   /usr/lib/libunibreak.so.7.0.0
7f4d1834e000-7f4d1834f000 rw-p 00021000 103:02 4763771                   /usr/lib/libunibreak.so.7.0.0
7f4d1834f000-7f4d18352000 r--p 00000000 103:02 4837263                   /usr/lib/libva.so.2.2400.0
7f4d18352000-7f4d18374000 r-xp 00003000 103:02 4837263                   /usr/lib/libva.so.2.2400.0
7f4d18374000-7f4d18387000 r--p 00025000 103:02 4837263                   /usr/lib/libva.so.2.2400.0
7f4d18387000-7f4d18388000 r--p 00038000 103:02 4837263                   /usr/lib/libva.so.2.2400.0
7f4d18388000-7f4d18389000 rw-p 00039000 103:02 4837263                   /usr/lib/libva.so.2.2400.0
7f4d18389000-7f4d18390000 r--p 00000000 103:02 4771963                   /usr/lib/libvulkan.so.1.4.357
7f4d18390000-7f4d183ef000 r-xp 00007000 103:02 4771963                   /usr/lib/libvulkan.so.1.4.357
7f4d183ef000-7f4d18424000 r--p 00066000 103:02 4771963                   /usr/lib/libvulkan.so.1.4.357
7f4d18424000-7f4d18426000 r--p 0009a000 103:02 4771963                   /usr/lib/libvulkan.so.1.4.357
7f4d18426000-7f4d18427000 rw-p 0009c000 103:02 4771963                   /usr/lib/libvulkan.so.1.4.357
7f4d18427000-7f4d1842d000 r--p 00000000 103:02 4774588                   /usr/lib/libsixel.so.1.0.0
7f4d1842d000-7f4d18452000 r-xp 00006000 103:02 4774588                   /usr/lib/libsixel.so.1.0.0
7f4d18452000-7f4d1845b000 r--p 0002b000 103:02 4774588                   /usr/lib/libsixel.so.1.0.0
7f4d1845b000-7f4d18472000 r--p 00033000 103:02 4774588                   /usr/lib/libsixel.so.1.0.0
7f4d18472000-7f4d18473000 rw-p 0004a000 103:02 4774588                   /usr/lib/libsixel.so.1.0.0
7f4d18473000-7f4d18478000 r--p 00000000 103:02 4748352                   /usr/lib/libjpeg.so.8.3.2
7f4d18478000-7f4d184f2000 r-xp 00005000 103:02 4748352                   /usr/lib/libjpeg.so.8.3.2
7f4d184f2000-7f4d18519000 r--p 0007f000 103:02 4748352                   /usr/lib/libjpeg.so.8.3.2
7f4d18519000-7f4d1851a000 r--p 000a6000 103:02 4748352                   /usr/lib/libjpeg.so.8.3.2
7f4d1851a000-7f4d1851b000 rw-p 000a7000 103:02 4748352                   /usr/lib/libjpeg.so.8.3.2
7f4d1851b000-7f4d1851e000 r--p 00000000 103:02 4767560                   /usr/lib/libdisplay-info.so.0.3.0
7f4d1851e000-7f4d18536000 r-xp 00003000 103:02 4767560                   /usr/lib/libdisplay-info.so.0.3.0
7f4d18536000-7f4d18552000 r--p 0001b000 103:02 4767560                   /usr/lib/libdisplay-info.so.0.3.0
7f4d18552000-7f4d18553000 r--p 00036000 103:02 4767560                   /usr/lib/libdisplay-info.so.0.3.0
7f4d18553000-7f4d18554000 rw-p 00037000 103:02 4767560                   /usr/lib/libdisplay-info.so.0.3.0
7f4d18554000-7f4d1855c000 r--p 00000000 103:02 4777398                   /usr/lib/libcaca.so.0.99.20
7f4d1855c000-7f4d18576000 r-xp 00008000 103:02 4777398                   /usr/lib/libcaca.so.0.99.20
7f4d18576000-7f4d18621000 r--p 00022000 103:02 4777398                   /usr/lib/libcaca.so.0.99.20
7f4d18621000-7f4d18623000 r--p 000cc000 103:02 4777398                   /usr/lib/libcaca.so.0.99.20
7f4d18623000-7f4d18624000 rw-p 000ce000 103:02 4777398                   /usr/lib/libcaca.so.0.99.20
7f4d18624000-7f4d18627000 r--p 00000000 103:02 4777462                   /usr/lib/libsndio.so.7.3
7f4d18627000-7f4d18630000 r-xp 00003000 103:02 4777462                   /usr/lib/libsndio.so.7.3
7f4d18630000-7f4d18633000 r--p 0000c000 103:02 4777462                   /usr/lib/libsndio.so.7.3
7f4d18633000-7f4d18634000 r--p 0000f000 103:02 4777462                   /usr/lib/libsndio.so.7.3
7f4d18634000-7f4d18635000 rw-p 00010000 103:02 4777462                   /usr/lib/libsndio.so.7.3
7f4d18635000-7f4d18637000 rw-p 00000000 00:00 0 
7f4d18637000-7f4d18644000 r--p 00000000 103:02 4751534                   /usr/lib/libpipewire-0.3.so.0.1608.0
7f4d18644000-7f4d186cb000 r-xp 0000d000 103:02 4751534                   /usr/lib/libpipewire-0.3.so.0.1608.0
7f4d186cb000-7f4d186e9000 r--p 00094000 103:02 4751534                   /usr/lib/libpipewire-0.3.so.0.1608.0
7f4d186e9000-7f4d18705000 r--p 000b2000 103:02 4751534                   /usr/lib/libpipewire-0.3.so.0.1608.0
7f4d18705000-7f4d18706000 rw-p 000ce000 103:02 4751534                   /usr/lib/libpipewire-0.3.so.0.1608.0
7f4d18706000-7f4d18707000 rw-p 00000000 00:00 0 
7f4d18707000-7f4d18729000 r--p 00000000 103:02 4743150                   /usr/lib/libasound.so.2.0.0
7f4d18729000-7f4d187c9000 r-xp 00022000 103:02 4743150                   /usr/lib/libasound.so.2.0.0
7f4d187c9000-7f4d187f7000 r--p 000c2000 103:02 4743150                   /usr/lib/libasound.so.2.0.0
7f4d187f7000-7f4d187ff000 r--p 000f0000 103:02 4743150                   /usr/lib/libasound.so.2.0.0
7f4d187ff000-7f4d18800000 rw-p 000f8000 103:02 4743150                   /usr/lib/libasound.so.2.0.0
7f4d18800000-7f4d18803000 r--p 00000000 103:02 4771718                   /usr/lib/libswscale.so.10.1.101
7f4d18803000-7f4d189dc000 r-xp 00003000 103:02 4771718                   /usr/lib/libswscale.so.10.1.101
7f4d189dc000-7f4d189fa000 r--p 001dc000 103:02 4771718                   /usr/lib/libswscale.so.10.1.101
7f4d189fa000-7f4d18a0e000 r--p 001f9000 103:02 4771718                   /usr/lib/libswscale.so.10.1.101
7f4d18a0e000-7f4d18a0f000 rw-p 0020d000 103:02 4771718                   /usr/lib/libswscale.so.10.1.101
7f4d18a0f000-7f4d18a53000 rw-p 00000000 00:00 0 
7f4d18a53000-7f4d18a54000 rw-p 00000000 00:00 0 
7f4d18a54000-7f4d18a55000 r--s 00000000 00:07 1110                       /dev/nvidiactl
7f4d18a56000-7f4d18a58000 r--p 00000000 103:02 4757852                   /usr/lib/libXrandr.so.2.2.0
7f4d18a58000-7f4d18a5f000 r-xp 00002000 103:02 4757852                   /usr/lib/libXrandr.so.2.2.0
7f4d18a5f000-7f4d18a61000 r--p 00009000 103:02 4757852                   /usr/lib/libXrandr.so.2.2.0
7f4d18a61000-7f4d18a62000 r--p 0000a000 103:02 4757852                   /usr/lib/libXrandr.so.2.2.0
7f4d18a62000-7f4d18a63000 rw-p 0000b000 103:02 4757852                   /usr/lib/libXrandr.so.2.2.0
7f4d18a63000-7f4d18a6f000 r--p 00000000 103:02 4769245                   /usr/lib/libpulse.so.0.24.3
7f4d18a6f000-7f4d18a9f000 r-xp 0000c000 103:02 4769245                   /usr/lib/libpulse.so.0.24.3
7f4d18a9f000-7f4d18ab0000 r--p 0003c000 103:02 4769245                   /usr/lib/libpulse.so.0.24.3
7f4d18ab0000-7f4d18ab2000 r--p 0004c000 103:02 4769245                   /usr/lib/libpulse.so.0.24.3
7f4d18ab2000-7f4d18ab3000 rw-p 0004e000 103:02 4769245                   /usr/lib/libpulse.so.0.24.3
7f4d18ab3000-7f4d18aba000 r--p 00000000 103:02 4768939                   /usr/lib/libjack.so.0.1.0
7f4d18aba000-7f4d18ae8000 r-xp 00007000 103:02 4768939                   /usr/lib/libjack.so.0.1.0
7f4d18ae8000-7f4d18afe000 r--p 00035000 103:02 4768939                   /usr/lib/libjack.so.0.1.0
7f4d18afe000-7f4d18b01000 r--p 0004a000 103:02 4768939                   /usr/lib/libjack.so.0.1.0
7f4d18b01000-7f4d18b02000 rw-p 0004d000 103:02 4768939                   /usr/lib/libjack.so.0.1.0
7f4d18b02000-7f4d18b05000 r--p 00000000 103:02 4769435                   /usr/lib/libzimg.so.2.0.0
7f4d18b05000-7f4d18b7f000 r-xp 00003000 103:02 4769435                   /usr/lib/libzimg.so.2.0.0
7f4d18b7f000-7f4d18b91000 r--p 0007d000 103:02 4769435                   /usr/lib/libzimg.so.2.0.0
7f4d18b91000-7f4d18b95000 r--p 0008e000 103:02 4769435                   /usr/lib/libzimg.so.2.0.0
7f4d18b95000-7f4d18b96000 rw-p 00092000 103:02 4769435                   /usr/lib/libzimg.so.2.0.0
7f4d18b96000-7f4d18ba6000 r--p 00000000 103:02 4745057                   /usr/lib/librubberband.so.3.0.0
7f4d18ba6000-7f4d18bec000 r-xp 00010000 103:02 4745057                   /usr/lib/librubberband.so.3.0.0
7f4d18bec000-7f4d18bfd000 r--p 00056000 103:02 4745057                   /usr/lib/librubberband.so.3.0.0
7f4d18bfd000-7f4d18bff000 r--p 00066000 103:02 4745057                   /usr/lib/librubberband.so.3.0.0
7f4d18bff000-7f4d18c00000 rw-p 00068000 103:02 4745057                   /usr/lib/librubberband.so.3.0.0
7f4d18c00000-7f4d18c0d000 r--p 00000000 103:02 4755479                   /usr/lib/libavutil.so.61.1.101
7f4d18c0d000-7f4d18cf7000 r-xp 0000d000 103:02 4755479                   /usr/lib/libavutil.so.61.1.101
7f4d18cf7000-7f4d18d21000 r--p 000f7000 103:02 4755479                   /usr/lib/libavutil.so.61.1.101
7f4d18d21000-7f4d18d37000 r--p 00120000 103:02 4755479                   /usr/lib/libavutil.so.61.1.101
7f4d18d37000-7f4d18d38000 rw-p 00136000 103:02 4755479                   /usr/lib/libavutil.so.61.1.101
7f4d18d38000-7f4d18e47000 rw-p 00000000 00:00 0 
7f4d18e4b000-7f4d18e4d000 r--p 00000000 103:02 4816290                   /usr/lib/libva-x11.so.2.2400.0
7f4d18e4d000-7f4d18e50000 r-xp 00002000 103:02 4816290                   /usr/lib/libva-x11.so.2.2400.0
7f4d18e50000-7f4d18e51000 r--p 00005000 103:02 4816290                   /usr/lib/libva-x11.so.2.2400.0
7f4d18e51000-7f4d18e52000 r--p 00005000 103:02 4816290                   /usr/lib/libva-x11.so.2.2400.0
7f4d18e52000-7f4d18e53000 rw-p 00006000 103:02 4816290                   /usr/lib/libva-x11.so.2.2400.0
7f4d18e53000-7f4d18e54000 r--p 00000000 103:02 4768705                   /usr/lib/libuchardet.so.0.0.8
7f4d18e54000-7f4d18e5a000 r-xp 00001000 103:02 4768705                   /usr/lib/libuchardet.so.0.0.8
7f4d18e5a000-7f4d18e7d000 r--p 00007000 103:02 4768705                   /usr/lib/libuchardet.so.0.0.8
7f4d18e7d000-7f4d18e80000 r--p 00029000 103:02 4768705                   /usr/lib/libuchardet.so.0.0.8
7f4d18e80000-7f4d18e81000 rw-p 0002c000 103:02 4768705                   /usr/lib/libuchardet.so.0.0.8
7f4d18e81000-7f4d18e86000 r--p 00000000 103:02 4774103                   /usr/lib/libluajit-5.1.so.2.1.1787165859
7f4d18e86000-7f4d18efd000 r-xp 00005000 103:02 4774103                   /usr/lib/libluajit-5.1.so.2.1.1787165859
7f4d18efd000-7f4d18f14000 r--p 0007c000 103:02 4774103                   /usr/lib/libluajit-5.1.so.2.1.1787165859
7f4d18f14000-7f4d18f17000 r--p 00093000 103:02 4774103                   /usr/lib/libluajit-5.1.so.2.1.1787165859
7f4d18f17000-7f4d18f18000 rw-p 00096000 103:02 4774103                   /usr/lib/libluajit-5.1.so.2.1.1787165859
7f4d18f18000-7f4d18f27000 r--p 00000000 103:02 4737468                   /usr/lib/libarchive.so.13.8.9
7f4d18f27000-7f4d18fd1000 r-xp 0000f000 103:02 4737468                   /usr/lib/libarchive.so.13.8.9
7f4d18fd1000-7f4d18ffb000 r--p 000b9000 103:02 4737468                   /usr/lib/libarchive.so.13.8.9
7f4d18ffb000-7f4d18fff000 r--p 000e3000 103:02 4737468                   /usr/lib/libarchive.so.13.8.9
7f4d18fff000-7f4d19000000 rw-p 000e7000 103:02 4737468                   /usr/lib/libarchive.so.13.8.9
7f4d19000000-7f4d19012000 r--p 00000000 103:02 4754446                   /usr/lib/libavformat.so.63.1.101
7f4d19012000-7f4d1925e000 r-xp 00012000 103:02 4754446                   /usr/lib/libavformat.so.63.1.101
7f4d1925e000-7f4d192eb000 r--p 0025e000 103:02 4754446                   /usr/lib/libavformat.so.63.1.101
7f4d192eb000-7f4d19325000 r--p 002ea000 103:02 4754446                   /usr/lib/libavformat.so.63.1.101
7f4d19325000-7f4d19326000 rw-p 00324000 103:02 4754446                   /usr/lib/libavformat.so.63.1.101
7f4d19328000-7f4d1932b000 r--p 00000000 103:02 4812074                   /usr/lib/libbluray.so.3.1.0
7f4d1932b000-7f4d1935e000 r-xp 00003000 103:02 4812074                   /usr/lib/libbluray.so.3.1.0
7f4d1935e000-7f4d1936e000 r--p 00036000 103:02 4812074                   /usr/lib/libbluray.so.3.1.0
7f4d1936e000-7f4d19370000 r--p 00045000 103:02 4812074                   /usr/lib/libbluray.so.3.1.0
7f4d19370000-7f4d19371000 rw-p 00047000 103:02 4812074                   /usr/lib/libbluray.so.3.1.0
7f4d19371000-7f4d19379000 r--p 00000000 103:02 4750339                   /usr/lib/libavdevice.so.63.1.101
7f4d19379000-7f4d19389000 r-xp 00008000 103:02 4750339                   /usr/lib/libavdevice.so.63.1.101
7f4d19389000-7f4d1938f000 r--p 00018000 103:02 4750339                   /usr/lib/libavdevice.so.63.1.101
7f4d1938f000-7f4d19393000 r--p 0001e000 103:02 4750339                   /usr/lib/libavdevice.so.63.1.101
7f4d19393000-7f4d19394000 rw-p 00022000 103:02 4750339                   /usr/lib/libavdevice.so.63.1.101
7f4d19394000-7f4d1939d000 r--p 00000000 103:02 4771955                   /usr/lib/liblcms2.so.2.0.19
7f4d1939d000-7f4d193e4000 r-xp 00009000 103:02 4771955                   /usr/lib/liblcms2.so.2.0.19
7f4d193e4000-7f4d193f9000 r--p 00050000 103:02 4771955                   /usr/lib/liblcms2.so.2.0.19
7f4d193f9000-7f4d193fc000 r--p 00064000 103:02 4771955                   /usr/lib/liblcms2.so.2.0.19
7f4d193fc000-7f4d193ff000 rw-p 00067000 103:02 4771955                   /usr/lib/liblcms2.so.2.0.19
7f4d193ff000-7f4d19400000 rw-p 00000000 00:00 0 
7f4d19400000-7f4d19414000 r--p 00000000 103:02 4750361                   /usr/lib/libavfilter.so.12.1.101
7f4d19414000-7f4d1990f000 r-xp 00014000 103:02 4750361                   /usr/lib/libavfilter.so.12.1.101
7f4d1990f000-7f4d199ff000 r--p 0050f000 103:02 4750361                   /usr/lib/libavfilter.so.12.1.101
7f4d199ff000-7f4d19a9a000 r--p 005ff000 103:02 4750361                   /usr/lib/libavfilter.so.12.1.101
7f4d19a9a000-7f4d19a9b000 rw-p 0069a000 103:02 4750361                   /usr/lib/libavfilter.so.12.1.101
7f4d19a9b000-7f4d19a9f000 rw-p 00000000 00:00 0 
7f4d19aa0000-7f4d19aa1000 r--p 00000000 103:02 4843256                   /usr/lib/libvdpau.so.1.0.0
7f4d19aa1000-7f4d19aa2000 r-xp 00001000 103:02 4843256                   /usr/lib/libvdpau.so.1.0.0
7f4d19aa2000-7f4d19aa3000 r--p 00002000 103:02 4843256                   /usr/lib/libvdpau.so.1.0.0
7f4d19aa3000-7f4d19aa4000 r--p 00002000 103:02 4843256                   /usr/lib/libvdpau.so.1.0.0
7f4d19aa4000-7f4d19aa5000 rw-p 00003000 103:02 4843256                   /usr/lib/libvdpau.so.1.0.0
7f4d19aa5000-7f4d19aab000 r--p 00000000 103:02 4774597                   /usr/lib/libmujs.so
7f4d19aab000-7f4d19ae9000 r-xp 00006000 103:02 4774597                   /usr/lib/libmujs.so
7f4d19ae9000-7f4d19afa000 r--p 00044000 103:02 4774597                   /usr/lib/libmujs.so
7f4d19afa000-7f4d19afc000 r--p 00055000 103:02 4774597                   /usr/lib/libmujs.so
7f4d19afc000-7f4d19afd000 rw-p 00057000 103:02 4774597                   /usr/lib/libmujs.so
7f4d19afd000-7f4d19b0a000 r--p 00000000 103:02 4738083                   /usr/lib/libcurl.so.4.8.0
7f4d19b0a000-7f4d19bcb000 r-xp 0000d000 103:02 4738083                   /usr/lib/libcurl.so.4.8.0
7f4d19bcb000-7f4d19bf7000 r--p 000ce000 103:02 4738083                   /usr/lib/libcurl.so.4.8.0
7f4d19bf7000-7f4d19bfe000 r--p 000f9000 103:02 4738083                   /usr/lib/libcurl.so.4.8.0
7f4d19bfe000-7f4d19bff000 rw-p 00100000 103:02 4738083                   /usr/lib/libcurl.so.4.8.0
7f4d19bff000-7f4d19c00000 rw-p 00000000 00:00 0 
7f4d19c00000-7f4d19c15000 r--p 00000000 103:02 4750331                   /usr/lib/libavcodec.so.63.1.101
7f4d19c15000-7f4d1abae000 r-xp 00015000 103:02 4750331                   /usr/lib/libavcodec.so.63.1.101
7f4d1abae000-7f4d1af67000 r--p 00fae000 103:02 4750331                   /usr/lib/libavcodec.so.63.1.101
7f4d1af67000-7f4d1afed000 r--p 01367000 103:02 4750331                   /usr/lib/libavcodec.so.63.1.101
7f4d1afed000-7f4d1afef000 rw-p 013ed000 103:02 4750331                   /usr/lib/libavcodec.so.63.1.101
7f4d1afef000-7f4d1b693000 rw-p 00000000 00:00 0 
7f4d1b695000-7f4d1b697000 r--p 00000000 103:02 4769399                   /usr/lib/libXv.so.1.0.0
7f4d1b697000-7f4d1b69a000 r-xp 00002000 103:02 4769399                   /usr/lib/libXv.so.1.0.0
7f4d1b69a000-7f4d1b69b000 r--p 00005000 103:02 4769399                   /usr/lib/libXv.so.1.0.0
7f4d1b69b000-7f4d1b69c000 r--p 00005000 103:02 4769399                   /usr/lib/libXv.so.1.0.0
7f4d1b69c000-7f4d1b69d000 rw-p 00006000 103:02 4769399                   /usr/lib/libXv.so.1.0.0
7f4d1b69d000-7f4d1b6a0000 r--p 00000000 103:02 4775212                   /usr/lib/libdvdnav.so.4.4.0
7f4d1b6a0000-7f4d1b6af000 r-xp 00003000 103:02 4775212                   /usr/lib/libdvdnav.so.4.4.0
7f4d1b6af000-7f4d1b6b3000 r--p 00012000 103:02 4775212                   /usr/lib/libdvdnav.so.4.4.0
7f4d1b6b3000-7f4d1b6b4000 r--p 00015000 103:02 4775212                   /usr/lib/libdvdnav.so.4.4.0
7f4d1b6b4000-7f4d1b6b5000 rw-p 00016000 103:02 4775212                   /usr/lib/libdvdnav.so.4.4.0
7f4d1b6b5000-7f4d1b6b7000 r--p 00000000 103:02 4769654                   /usr/lib/libswresample.so.7.1.101
7f4d1b6b7000-7f4d1b6da000 r-xp 00002000 103:02 4769654                   /usr/lib/libswresample.so.7.1.101
7f4d1b6da000-7f4d1b6df000 r--p 00025000 103:02 4769654                   /usr/lib/libswresample.so.7.1.101
7f4d1b6df000-7f4d1b6e1000 r--p 0002a000 103:02 4769654                   /usr/lib/libswresample.so.7.1.101
7f4d1b6e1000-7f4d1b6e2000 rw-p 0002c000 103:02 4769654                   /usr/lib/libswresample.so.7.1.101
7f4d1b6e2000-7f4d1b6f1000 r--p 00000000 103:02 4781957                   /usr/lib/libplacebo.so.360
7f4d1b6f1000-7f4d1b7a1000 r-xp 0000f000 103:02 4781957                   /usr/lib/libplacebo.so.360
7f4d1b7a1000-7f4d1b7e5000 r--p 000bf000 103:02 4781957                   /usr/lib/libplacebo.so.360
7f4d1b7e5000-7f4d1b7fa000 r--p 00103000 103:02 4781957                   /usr/lib/libplacebo.so.360
7f4d1b7fa000-7f4d1b800000 rw-p 00118000 103:02 4781957                   /usr/lib/libplacebo.so.360
7f4d1b800000-7f4d1b853000 r--p 00000000 103:02 6835745                   /home/annihilator/dev/mpv/build/libmpv.so.2.5.0
7f4d1b853000-7f4d1ba76000 r-xp 00053000 103:02 6835745                   /home/annihilator/dev/mpv/build/libmpv.so.2.5.0
7f4d1ba76000-7f4d1bb9f000 r--p 00276000 103:02 6835745                   /home/annihilator/dev/mpv/build/libmpv.so.2.5.0
7f4d1bb9f000-7f4d1bbeb000 r--p 0039f000 103:02 6835745                   /home/annihilator/dev/mpv/build/libmpv.so.2.5.0
7f4d1bbeb000-7f4d1bbf0000 rw-p 003eb000 103:02 6835745                   /home/annihilator/dev/mpv/build/libmpv.so.2.5.0
7f4d1bbf0000-7f4d1bbf1000 rw-p 00000000 00:00 0 
7f4d1bbf1000-7f4d1bbf3000 r--p 00000000 103:02 4799670                   /usr/lib/libva-wayland.so.2.2400.0
7f4d1bbf3000-7f4d1bbf5000 r-xp 00002000 103:02 4799670                   /usr/lib/libva-wayland.so.2.2400.0
7f4d1bbf5000-7f4d1bbf6000 r--p 00004000 103:02 4799670                   /usr/lib/libva-wayland.so.2.2400.0
7f4d1bbf6000-7f4d1bbf7000 r--p 00005000 103:02 4799670                   /usr/lib/libva-wayland.so.2.2400.0
7f4d1bbf7000-7f4d1bbf8000 rw-p 00006000 103:02 4799670                   /usr/lib/libva-wayland.so.2.2400.0
7f4d1bbf8000-7f4d1bbf9000 rw-p 00000000 00:00 0 
7f4d1bbf9000-7f4d1bbfd000 ---p 00000000 00:00 0 
7f4d1bbfd000-7f4d1c0fe000 rw-p 00000000 00:00 0 
7f4d1c0fe000-7f4d1c102000 ---p 00000000 00:00 0 
7f4d1c102000-7f4d1c1ff000 rw-p 00000000 00:00 0 
7f4d1c1ff000-7f4d1c203000 ---p 00000000 00:00 0 
7f4d1c203000-7f4d1c300000 rw-p 00000000 00:00 0 
7f4d1c300000-7f4d1c304000 ---p 00000000 00:00 0 
7f4d1c304000-7f4d1c400000 rw-p 00000000 00:00 0 
7f4d1c400000-7f4d1c650000 r-xp 00000000 103:02 4831579                   /usr/lib/libnvidia-glcore.so.610.57.04
7f4d1c650000-7f4d1c671000 rwxp 00250000 103:02 4831579                   /usr/lib/libnvidia-glcore.so.610.57.04
7f4d1c671000-7f4d1c800000 r-xp 00271000 103:02 4831579                   /usr/lib/libnvidia-glcore.so.610.57.04
7f4d1c800000-7f4d1d400000 r-xp 00400000 103:02 4831579                   /usr/lib/libnvidia-glcore.so.610.57.04
7f4d1d400000-7f4d1e9f9000 r-xp 01000000 103:02 4831579                   /usr/lib/libnvidia-glcore.so.610.57.04
7f4d1e9f9000-7f4d1e9fa000 ---p 025f9000 103:02 4831579                   /usr/lib/libnvidia-glcore.so.610.57.04
7f4d1e9fa000-7f4d1eb72000 r--p 025f9000 103:02 4831579                   /usr/lib/libnvidia-glcore.so.610.57.04
7f4d1eb72000-7f4d1ebd5000 rw-p 02771000 103:02 4831579                   /usr/lib/libnvidia-glcore.so.610.57.04
7f4d1ebd5000-7f4d1ebf5000 rw-p 00000000 00:00 0 
7f4d1ebf8000-7f4d1ebfe000 r--p 00000000 103:02 4773161                   /usr/lib/libcdio.so.19.1.0
7f4d1ebfe000-7f4d1ec12000 r-xp 00006000 103:02 4773161                   /usr/lib/libcdio.so.19.1.0
7f4d1ec12000-7f4d1ec1b000 r--p 0001a000 103:02 4773161                   /usr/lib/libcdio.so.19.1.0
7f4d1ec1b000-7f4d1ec1d000 r--p 00022000 103:02 4773161                   /usr/lib/libcdio.so.19.1.0
7f4d1ec1d000-7f4d1ec1e000 rw-p 00024000 103:02 4773161                   /usr/lib/libcdio.so.19.1.0
7f4d1ec1e000-7f4d1ec21000 rw-p 00000000 00:00 0 
7f4d1ec21000-7f4d1ec25000 r--p 00000000 103:02 4816269                   /usr/lib/libass.so.9.4.2
7f4d1ec25000-7f4d1ec59000 r-xp 00004000 103:02 4816269                   /usr/lib/libass.so.9.4.2
7f4d1ec59000-7f4d1ec61000 r--p 00038000 103:02 4816269                   /usr/lib/libass.so.9.4.2
7f4d1ec61000-7f4d1ec62000 r--p 0003f000 103:02 4816269                   /usr/lib/libass.so.9.4.2
7f4d1ec62000-7f4d1ec63000 rw-p 00040000 103:02 4816269                   /usr/lib/libass.so.9.4.2
7f4d1ec63000-7f4d1ecb4000 r--p 00000000 103:02 4826231                   /usr/lib/libGLX_nvidia.so.610.57.04
7f4d1ecb4000-7f4d1ed11000 r-xp 00051000 103:02 4826231                   /usr/lib/libGLX_nvidia.so.610.57.04
7f4d1ed11000-7f4d1ed46000 rwxp 000ae000 103:02 4826231                   /usr/lib/libGLX_nvidia.so.610.57.04
7f4d1ed46000-7f4d1ed47000 r-xp 000e3000 103:02 4826231                   /usr/lib/libGLX_nvidia.so.610.57.04
7f4d1ed47000-7f4d1ed67000 r--p 000e4000 103:02 4826231                   /usr/lib/libGLX_nvidia.so.610.57.04
7f4d1ed67000-7f4d1ed87000 r--p 00103000 103:02 4826231                   /usr/lib/libGLX_nvidia.so.610.57.04
7f4d1ed87000-7f4d1ed8c000 rw-p 00123000 103:02 4826231                   /usr/lib/libGLX_nvidia.so.610.57.04
7f4d1ed8c000-7f4d1ed8e000 rw-p 00000000 00:00 0 
7f4d1ed8e000-7f4d1edbd000 r--p 00000000 103:02 4750360                   /usr/lib/libGL.so.1.7.0
7f4d1edbd000-7f4d1eddc000 r-xp 0002f000 103:02 4750360                   /usr/lib/libGL.so.1.7.0
7f4d1eddc000-7f4d1edf0000 r--p 0004e000 103:02 4750360                   /usr/lib/libGL.so.1.7.0
7f4d1edf0000-7f4d1edfe000 r--p 00062000 103:02 4750360                   /usr/lib/libGL.so.1.7.0
7f4d1edfe000-7f4d1edff000 rw-p 00070000 103:02 4750360                   /usr/lib/libGL.so.1.7.0
7f4d1edff000-7f4d1ee00000 rw-p 00000000 00:00 0 
7f4d1ee00000-7f4d2071a000 r-xp 00000000 103:02 6306886                   /home/annihilator/.skiko/skiko-linux-x64-434f7633c843870c0839a1137b128f6c3db3c5d58dcad3545e90827e3e341afb/libskiko-linux-x64.so
7f4d2071a000-7f4d20752000 r--p 01919000 103:02 6306886                   /home/annihilator/.skiko/skiko-linux-x64-434f7633c843870c0839a1137b128f6c3db3c5d58dcad3545e90827e3e341afb/libskiko-linux-x64.so
7f4d20752000-7f4d20755000 rw-p 01951000 103:02 6306886                   /home/annihilator/.skiko/skiko-linux-x64-434f7633c843870c0839a1137b128f6c3db3c5d58dcad3545e90827e3e341afb/libskiko-linux-x64.so
7f4d20755000-7f4d2075e000 rw-p 00000000 00:00 0 
7f4d20760000-7f4d20761000 r--p 00000000 103:02 4754963                   /usr/lib/libva-drm.so.2.2400.0
7f4d20761000-7f4d20762000 r-xp 00001000 103:02 4754963                   /usr/lib/libva-drm.so.2.2400.0
7f4d20762000-7f4d20763000 r--p 00002000 103:02 4754963                   /usr/lib/libva-drm.so.2.2400.0
7f4d20763000-7f4d20764000 r--p 00002000 103:02 4754963                   /usr/lib/libva-drm.so.2.2400.0
7f4d20764000-7f4d20765000 rw-p 00003000 103:02 4754963                   /usr/lib/libva-drm.so.2.2400.0
7f4d20765000-7f4d20766000 r--p 00000000 103:02 4775248                   /usr/lib/libXpresent.so.1.0.0
7f4d20766000-7f4d20767000 r-xp 00001000 103:02 4775248                   /usr/lib/libXpresent.so.1.0.0
7f4d20767000-7f4d20768000 r--p 00002000 103:02 4775248                   /usr/lib/libXpresent.so.1.0.0
7f4d20768000-7f4d20769000 r--p 00002000 103:02 4775248                   /usr/lib/libXpresent.so.1.0.0
7f4d20769000-7f4d2076a000 rw-p 00003000 103:02 4775248                   /usr/lib/libXpresent.so.1.0.0
7f4d2076a000-7f4d2076b000 r--p 00000000 103:02 4754785                   /usr/lib/libXss.so.1.0.0
7f4d2076b000-7f4d2076c000 r-xp 00001000 103:02 4754785                   /usr/lib/libXss.so.1.0.0
7f4d2076c000-7f4d2076d000 r--p 00002000 103:02 4754785                   /usr/lib/libXss.so.1.0.0
7f4d2076d000-7f4d2076e000 r--p 00002000 103:02 4754785                   /usr/lib/libXss.so.1.0.0
7f4d2076e000-7f4d2076f000 rw-p 00003000 103:02 4754785                   /usr/lib/libXss.so.1.0.0
7f4d2076f000-7f4d20771000 r--p 00000000 103:02 4773185                   /usr/lib/libcdio_cdda.so.2.0.0
7f4d20771000-7f4d20775000 r-xp 00002000 103:02 4773185                   /usr/lib/libcdio_cdda.so.2.0.0
7f4d20775000-7f4d20777000 r--p 00006000 103:02 4773185                   /usr/lib/libcdio_cdda.so.2.0.0
7f4d20777000-7f4d20778000 r--p 00007000 103:02 4773185                   /usr/lib/libcdio_cdda.so.2.0.0
7f4d20778000-7f4d20779000 rw-p 00008000 103:02 4773185                   /usr/lib/libcdio_cdda.so.2.0.0
7f4d20779000-7f4d2077a000 r--p 00000000 103:02 4773188                   /usr/lib/libcdio_paranoia.so.2.0.0
7f4d2077a000-7f4d2077f000 r-xp 00001000 103:02 4773188                   /usr/lib/libcdio_paranoia.so.2.0.0
7f4d2077f000-7f4d20780000 r--p 00006000 103:02 4773188                   /usr/lib/libcdio_paranoia.so.2.0.0
7f4d20780000-7f4d20781000 r--p 00006000 103:02 4773188                   /usr/lib/libcdio_paranoia.so.2.0.0
7f4d20781000-7f4d20782000 rw-p 00007000 103:02 4773188                   /usr/lib/libcdio_paranoia.so.2.0.0
7f4d20782000-7f4d20784000 r--p 00000000 103:02 4750371                   /usr/lib/libGLX.so.0.0.0
7f4d20784000-7f4d2079e000 r-xp 00002000 103:02 4750371                   /usr/lib/libGLX.so.0.0.0
7f4d2079e000-7f4d207a1000 r--p 0001c000 103:02 4750371                   /usr/lib/libGLX.so.0.0.0
7f4d207a1000-7f4d207a2000 r--p 0001f000 103:02 4750371                   /usr/lib/libGLX.so.0.0.0
7f4d207a2000-7f4d207a3000 rw-p 00020000 103:02 4750371                   /usr/lib/libGLX.so.0.0.0
7f4d207a3000-7f4d207b3000 rw-p 00000000 00:00 0 
7f4d207b3000-7f4d207b4000 rw-p 00000000 00:00 0 
7f4d207b4000-7f4d207b8000 ---p 00000000 00:00 0 
7f4d207b8000-7f4d208b4000 rw-p 00000000 00:00 0 
7f4d20901000-7f4d20902000 rw-s 00000000 00:07 1110                       /dev/nvidiactl
7f4d20902000-7f4d20903000 rw-s 00000000 00:07 1110                       /dev/nvidiactl
7f4d20903000-7f4d20904000 rw-s 00000000 00:07 1110                       /dev/nvidiactl
7f4d209b5000-7f4d209e8000 r--p 00000000 00:2f 28159                      /tmp/lwjgl_annihilator/3.3.6+1/x64/liblwjgl_opengl.so
7f4d209e8000-7f4d209fc000 r-xp 00033000 00:2f 28159                      /tmp/lwjgl_annihilator/3.3.6+1/x64/liblwjgl_opengl.so
7f4d209fc000-7f4d20a0c000 r--p 00047000 00:2f 28159                      /tmp/lwjgl_annihilator/3.3.6+1/x64/liblwjgl_opengl.so
7f4d20a0c000-7f4d20a0d000 r--p 00056000 00:2f 28159                      /tmp/lwjgl_annihilator/3.3.6+1/x64/liblwjgl_opengl.so
7f4d20a0d000-7f4d20a0e000 rw-p 00057000 00:2f 28159                      /tmp/lwjgl_annihilator/3.3.6+1/x64/liblwjgl_opengl.so
7f4d20a0e000-7f4d20a73000 r--p 00000000 103:02 5014472                   /usr/share/fonts/liberation/LiberationSans-Regular.ttf
7f4d20a73000-7f4d20b0e000 r--p 00000000 103:02 5641617                   /usr/share/fonts/noto/NotoSans-Bold.ttf
7f4d20b0e000-7f4d20b21000 rw-s 00000000 00:07 1110                       /dev/nvidiactl
7f4d20b21000-7f4d20b61000 rw-s 00000000 00:07 1110                       /dev/nvidiactl
7f4d20b61000-7f4d20b62000 rw-p 00000000 00:00 0 
7f4d20b62000-7f4d20b66000 ---p 00000000 00:00 0 
7f4d20b66000-7f4d20c62000 rw-p 00000000 00:00 0 
7f4d20c62000-7f4d20cfd000 r--p 00000000 103:02 5641617                   /usr/share/fonts/noto/NotoSans-Bold.ttf
7f4d20cfd000-7f4d20d98000 r--p 00000000 103:02 5641617                   /usr/share/fonts/noto/NotoSans-Bold.ttf
7f4d20d98000-7f4d20dae000 r--s 00000000 103:02 3835467                   /var/cache/fontconfig/17ce8022be83857151cced15433ac5ab-le64.cache-12
7f4d20dae000-7f4d20dba000 r--s 00000000 103:02 3835403                   /var/cache/fontconfig/7d660be5d4eca970fa91d6ca176f5ce2-le64.cache-12
7f4d20dba000-7f4d20dcb000 r--s 00000000 103:02 3835390                   /var/cache/fontconfig/035f0ebf2f86af269427f030f354ef4b-le64.cache-12
7f4d20dcb000-7f4d20df5000 r--s 00000000 103:02 3835365                   /var/cache/fontconfig/f2e43df3287529323e79e7929dc44cc9-le64.cache-12
7f4d20df5000-7f4d20f0f000 r--s 00000000 103:02 3835361                   /var/cache/fontconfig/923e285e415b1073c8df160bee08820f-le64.cache-12
7f4d20f0f000-7f4d21000000 r--s 00000000 103:02 3835673                   /var/cache/fontconfig/f6b893a7224233d96cb72fd88691c0b4-le64.cache-12
7f4d21001000-7f4d21002000 rw-s 00000000 00:07 1110                       /dev/nvidiactl
7f4d21002000-7f4d21003000 r--p 00000000 103:02 4834742                   /usr/lib/libnvidia-tls.so.610.57.04
7f4d21003000-7f4d21005000 r-xp 00001000 103:02 4834742                   /usr/lib/libnvidia-tls.so.610.57.04
7f4d21005000-7f4d21006000 r--p 00003000 103:02 4834742                   /usr/lib/libnvidia-tls.so.610.57.04
7f4d21006000-7f4d21007000 r--p 00003000 103:02 4834742                   /usr/lib/libnvidia-tls.so.610.57.04
7f4d21007000-7f4d21008000 rw-p 00004000 103:02 4834742                   /usr/lib/libnvidia-tls.so.610.57.04
7f4d2100b000-7f4d2100c000 r--p 00000000 00:00 0 
7f4d2100c000-7f4d2102c000 rw-s 00000000 00:07 1110                       /dev/nvidiactl
7f4d2102c000-7f4d2106c000 rw-s 00000000 00:07 1110                       /dev/nvidiactl
7f4d2106c000-7f4d2108c000 rw-s 00000000 00:07 1110                       /dev/nvidiactl
7f4d2108c000-7f4d210cc000 rw-s 00000000 00:07 1110                       /dev/nvidiactl
7f4d210ce000-7f4d210da000 rw-p 00000000 00:00 0 
7f4d210da000-7f4d210db000 r--p 00000000 103:02 7880798                   /usr/lib/jvm/java-26-openjdk/lib/libprefs.so
7f4d210db000-7f4d210dc000 r-xp 00001000 103:02 7880798                   /usr/lib/jvm/java-26-openjdk/lib/libprefs.so
7f4d210dc000-7f4d210dd000 r--p 00002000 103:02 7880798                   /usr/lib/jvm/java-26-openjdk/lib/libprefs.so
7f4d210dd000-7f4d210de000 r--p 00002000 103:02 7880798                   /usr/lib/jvm/java-26-openjdk/lib/libprefs.so
7f4d210de000-7f4d210df000 rw-p 00003000 103:02 7880798                   /usr/lib/jvm/java-26-openjdk/lib/libprefs.so
7f4d210df000-7f4d210e0000 rw-s 00000000 00:01 729310                     /memfd:WebKitSharedMemory (deleted)
7f4d210e0000-7f4d210e3000 r--p 00000000 103:02 4776442                   /usr/share/locale/en_GB/LC_MESSAGES/at-spi2-core.mo
7f4d210e3000-7f4d210e7000 rw-p 00000000 00:00 0 
7f4d210e7000-7f4d210e8000 r--p 00000000 103:02 7880775                   /usr/lib/jvm/java-26-openjdk/lib/libextnet.so
7f4d210e8000-7f4d210e9000 r-xp 00001000 103:02 7880775                   /usr/lib/jvm/java-26-openjdk/lib/libextnet.so
7f4d210e9000-7f4d210ea000 r--p 00002000 103:02 7880775                   /usr/lib/jvm/java-26-openjdk/lib/libextnet.so
7f4d210ea000-7f4d210eb000 r--p 00002000 103:02 7880775                   /usr/lib/jvm/java-26-openjdk/lib/libextnet.so
7f4d210eb000-7f4d210ec000 rw-p 00003000 103:02 7880775                   /usr/lib/jvm/java-26-openjdk/lib/libextnet.so
7f4d210ec000-7f4d210ed000 rw-p 00000000 00:00 0 
7f4d210ed000-7f4d210f1000 ---p 00000000 00:00 0 
7f4d210f1000-7f4d211ee000 rw-p 00000000 00:00 0 
7f4d211ee000-7f4d211f2000 ---p 00000000 00:00 0 
7f4d211f2000-7f4d212ee000 rw-p 00000000 00:00 0 
7f4d212ee000-7f4d212f0000 r--p 00000000 103:02 4815623                   /usr/lib/libXfixes.so.3.1.0
7f4d212f0000-7f4d212f3000 r-xp 00002000 103:02 4815623                   /usr/lib/libXfixes.so.3.1.0
7f4d212f3000-7f4d212f4000 r--p 00005000 103:02 4815623                   /usr/lib/libXfixes.so.3.1.0
7f4d212f4000-7f4d212f5000 r--p 00005000 103:02 4815623                   /usr/lib/libXfixes.so.3.1.0
7f4d212f5000-7f4d212f6000 rw-p 00006000 103:02 4815623                   /usr/lib/libXfixes.so.3.1.0
7f4d212f6000-7f4d212f9000 r--p 00000000 103:02 4763482                   /usr/lib/libXcursor.so.1.0.2
7f4d212f9000-7f4d212ff000 r-xp 00003000 103:02 4763482                   /usr/lib/libXcursor.so.1.0.2
7f4d212ff000-7f4d21301000 r--p 00009000 103:02 4763482                   /usr/lib/libXcursor.so.1.0.2
7f4d21301000-7f4d21302000 r--p 0000a000 103:02 4763482                   /usr/lib/libXcursor.so.1.0.2
7f4d21302000-7f4d21303000 rw-p 0000b000 103:02 4763482                   /usr/lib/libXcursor.so.1.0.2
7f4d21303000-7f4d21307000 r--p 00000000 103:02 7880776                   /usr/lib/jvm/java-26-openjdk/lib/libfontmanager.so
7f4d21307000-7f4d21310000 r-xp 00004000 103:02 7880776                   /usr/lib/jvm/java-26-openjdk/lib/libfontmanager.so
7f4d21310000-7f4d21312000 r--p 0000d000 103:02 7880776                   /usr/lib/jvm/java-26-openjdk/lib/libfontmanager.so
7f4d21312000-7f4d21313000 r--p 0000e000 103:02 7880776                   /usr/lib/jvm/java-26-openjdk/lib/libfontmanager.so
7f4d21313000-7f4d21314000 rw-p 0000f000 103:02 7880776                   /usr/lib/jvm/java-26-openjdk/lib/libfontmanager.so
7f4d21314000-7f4d21316000 r--p 00000000 103:02 4761076                   /usr/lib/libXtst.so.6.1.0
7f4d21316000-7f4d21319000 r-xp 00002000 103:02 4761076                   /usr/lib/libXtst.so.6.1.0
7f4d21319000-7f4d2131a000 r--p 00005000 103:02 4761076                   /usr/lib/libXtst.so.6.1.0
7f4d2131a000-7f4d2131b000 r--p 00005000 103:02 4761076                   /usr/lib/libXtst.so.6.1.0
7f4d2131b000-7f4d2131c000 rw-p 00006000 103:02 4761076                   /usr/lib/libXtst.so.6.1.0
7f4d2131c000-7f4d2132a000 r--p 00000000 103:02 7880773                   /usr/lib/jvm/java-26-openjdk/lib/libawt_xawt.so
7f4d2132a000-7f4d2136e000 r-xp 0000e000 103:02 7880773                   /usr/lib/jvm/java-26-openjdk/lib/libawt_xawt.so
7f4d2136e000-7f4d21382000 r--p 00052000 103:02 7880773                   /usr/lib/jvm/java-26-openjdk/lib/libawt_xawt.so
7f4d21382000-7f4d21384000 r--p 00066000 103:02 7880773                   /usr/lib/jvm/java-26-openjdk/lib/libawt_xawt.so
7f4d21384000-7f4d21385000 rw-p 00068000 103:02 7880773                   /usr/lib/jvm/java-26-openjdk/lib/libawt_xawt.so
7f4d21385000-7f4d21386000 rw-p 00000000 00:00 0 
7f4d21386000-7f4d2138a000 r--p 00000000 103:02 7880771                   /usr/lib/jvm/java-26-openjdk/lib/libawt.so
7f4d2138a000-7f4d2142e000 r-xp 00004000 103:02 7880771                   /usr/lib/jvm/java-26-openjdk/lib/libawt.so
7f4d2142e000-7f4d2143b000 r--p 000a8000 103:02 7880771                   /usr/lib/jvm/java-26-openjdk/lib/libawt.so
7f4d2143b000-7f4d2143c000 r--p 000b4000 103:02 7880771                   /usr/lib/jvm/java-26-openjdk/lib/libawt.so
7f4d2143c000-7f4d21447000 rw-p 000b5000 103:02 7880771                   /usr/lib/jvm/java-26-openjdk/lib/libawt.so
7f4d21447000-7f4d2146c000 rw-p 00000000 00:00 0 
7f4d2146c000-7f4d21475000 r--s 00000000 103:02 3835464                   /var/cache/fontconfig/2fbfc6d3726617df5d72e45ca91ca896-le64.cache-12
7f4d21475000-7f4d21485000 r--s 00000000 103:02 3835379                   /var/cache/fontconfig/f2e61d441ca43dbfffafb9d0f2c6d8fc-le64.cache-12
7f4d21485000-7f4d21495000 r--s 00000000 103:02 3804352                   /var/cache/fontconfig/491f45a0a771fef1c10b9b647a97fb82-le64.cache-12
7f4d21495000-7f4d214a9000 r--s 00000000 103:02 3804343                   /var/cache/fontconfig/614d1caaa4d7914789410f6367de37ca-le64.cache-12
7f4d214a9000-7f4d214cd000 r--s 00000000 103:02 3801846                   /var/cache/fontconfig/f349e9996a5320f6dd491cedd2b1f964-le64.cache-12
7f4d214cd000-7f4d214e7000 r--s 00000000 103:02 4334283                   /home/annihilator/.cache/fontconfig/bc42231c8840afdbc8a160eb8f6a66fd-le64.cache-12
7f4d214e7000-7f4d215ff000 r--s 00000000 103:02 4334062                   /home/annihilator/.cache/fontconfig/360f0685862970c3eedca8185ab72cfb-le64.cache-12
7f4d215ff000-7f4d2167f000 rw-s 00000000 00:07 1110                       /dev/nvidiactl
7f4d2167f000-7f4d2177f000 rw-s 00000000 00:07 1110                       /dev/nvidiactl
7f4d2177f000-7f4d217ff000 rw-s 00000000 00:07 1110                       /dev/nvidiactl
7f4d217ff000-7f4d22000000 rw-p 00000000 00:00 0 
7f4d22000000-7f4d23f94000 r--p 00000000 103:02 4735921                   /usr/lib/libicudata.so.78.3
7f4d23f94000-7f4d23f95000 r--p 01f93000 103:02 4735921                   /usr/lib/libicudata.so.78.3
7f4d23f96000-7f4d23f97000 r--s 00000000 00:07 1110                       /dev/nvidiactl
7f4d23f97000-7f4d23f99000 rw-s 00000000 00:07 1110                       /dev/nvidiactl
7f4d23f99000-7f4d23f9c000 r--s 00000000 103:02 3802392                   /var/cache/fontconfig/73edfbc81426f3b2593aba7ca9378882-le64.cache-12
7f4d23f9c000-7f4d23fa2000 r--s 00000000 103:02 3817989                   /var/cache/fontconfig/b67b32625a2bb51b023d3814a918f351-le64.cache-12
7f4d23fa2000-7f4d23fa3000 rw-s 00000000 00:07 1110                       /dev/nvidiactl
7f4d23fa3000-7f4d23fa4000 r--p 00000000 103:02 4763546                   /usr/lib/libXinerama.so.1.0.0
7f4d23fa4000-7f4d23fa5000 r-xp 00001000 103:02 4763546                   /usr/lib/libXinerama.so.1.0.0
7f4d23fa5000-7f4d23fa6000 r--p 00002000 103:02 4763546                   /usr/lib/libXinerama.so.1.0.0
7f4d23fa6000-7f4d23fa7000 r--p 00002000 103:02 4763546                   /usr/lib/libXinerama.so.1.0.0
7f4d23fa7000-7f4d23fa8000 rw-p 00003000 103:02 4763546                   /usr/lib/libXinerama.so.1.0.0
7f4d23fa8000-7f4d23fab000 r--p 00000000 103:02 4760999                   /usr/lib/libXi.so.6.1.0
7f4d23fab000-7f4d23fb8000 r-xp 00003000 103:02 4760999                   /usr/lib/libXi.so.6.1.0
7f4d23fb8000-7f4d23fbb000 r--p 00010000 103:02 4760999                   /usr/lib/libXi.so.6.1.0
7f4d23fbb000-7f4d23fbc000 r--p 00012000 103:02 4760999                   /usr/lib/libXi.so.6.1.0
7f4d23fbc000-7f4d23fbd000 rw-p 00013000 103:02 4760999                   /usr/lib/libXi.so.6.1.0
7f4d23fc0000-7f4d24000000 rw-s 00000000 00:07 1110                       /dev/nvidiactl
7f4d24000000-7f4d24048000 r--p 00000000 103:02 4745608                   /usr/lib/libicuuc.so.78.3
7f4d24048000-7f4d24165000 r-xp 00048000 103:02 4745608                   /usr/lib/libicuuc.so.78.3
7f4d24165000-7f4d241f8000 r--p 00165000 103:02 4745608                   /usr/lib/libicuuc.so.78.3
7f4d241f8000-7f4d2420b000 r--p 001f8000 103:02 4745608                   /usr/lib/libicuuc.so.78.3
7f4d2420b000-7f4d2420c000 rw-p 0020b000 103:02 4745608                   /usr/lib/libicuuc.so.78.3
7f4d2420c000-7f4d2420e000 rw-p 00000000 00:00 0 
7f4d2420e000-7f4d2420f000 rw-s 00000000 00:07 1112                       /dev/nvidia0
7f4d2420f000-7f4d2421e000 r--s 00000000 103:02 3804155                   /var/cache/fontconfig/1dce2cb908b447e938fc03acd9b47fcf-le64.cache-12
7f4d2421e000-7f4d24224000 r--s 00000000 103:02 3803766                   /var/cache/fontconfig/d62e99ef547d1d24cdb1bd22ec1a2976-le64.cache-12
7f4d24224000-7f4d2423d000 r--p 00000000 103:02 4817130                   /usr/lib/libSPIRV-Tools.so
7f4d2423d000-7f4d24376000 r-xp 00019000 103:02 4817130                   /usr/lib/libSPIRV-Tools.so
7f4d24376000-7f4d243fc000 r--p 00152000 103:02 4817130                   /usr/lib/libSPIRV-Tools.so
7f4d243fc000-7f4d243ff000 r--p 001d8000 103:02 4817130                   /usr/lib/libSPIRV-Tools.so
7f4d243ff000-7f4d24400000 rw-p 001db000 103:02 4817130                   /usr/lib/libSPIRV-Tools.so
7f4d24400000-7f4d2495b000 r--p 00000000 103:02 4817093                   /usr/lib/libLLVM.so.22.1
7f4d2495b000-7f4d2a608000 r-xp 0055b000 103:02 4817093                   /usr/lib/libLLVM.so.22.1
7f4d2a608000-7f4d2e556000 r--p 06208000 103:02 4817093                   /usr/lib/libLLVM.so.22.1
7f4d2e556000-7f4d2e772000 r--p 0a156000 103:02 4817093                   /usr/lib/libLLVM.so.22.1
7f4d2e772000-7f4d2e77c000 rw-p 0a372000 103:02 4817093                   /usr/lib/libLLVM.so.22.1
7f4d2e77c000-7f4d2e84c000 rw-p 00000000 00:00 0 
7f4d2e84c000-7f4d2e84d000 rw-s 00000000 00:07 1110                       /dev/nvidiactl
7f4d2e84d000-7f4d2e850000 r--s 00000000 103:02 3835420                   /var/cache/fontconfig/e552019f4ed2e530c25d313cf4ffa813-le64.cache-12
7f4d2e850000-7f4d2e85c000 r--s 00000000 103:02 3801653                   /var/cache/fontconfig/4b31aef11cb0687b6d280d34cbe23592-le64.cache-12
7f4d2e85c000-7f4d2e86f000 rw-s 00000000 00:07 1110                       /dev/nvidiactl
7f4d2e86f000-7f4d2e88f000 rw-s 00000000 00:07 1110                       /dev/nvidiactl
7f4d2e88f000-7f4d2e8cf000 rw-s 00000000 00:07 1110                       /dev/nvidiactl
7f4d2e8cf000-7f4d2e94f000 rw-s 00000000 00:07 1112                       /dev/nvidia0
7f4d2e94f000-7f4d2e98f000 rw-s 00000000 00:07 1110                       /dev/nvidiactl
7f4d2e98f000-7f4d2e99c000 r--p 00000000 103:02 4722861                   /usr/lib/libncursesw.so.6.6
7f4d2e99c000-7f4d2e9e4000 r-xp 0000d000 103:02 4722861                   /usr/lib/libncursesw.so.6.6
7f4d2e9e4000-7f4d2e9fa000 r--p 00055000 103:02 4722861                   /usr/lib/libncursesw.so.6.6
7f4d2e9fa000-7f4d2e9ff000 r--p 0006a000 103:02 4722861                   /usr/lib/libncursesw.so.6.6
7f4d2e9ff000-7f4d2ea00000 rw-p 0006f000 103:02 4722861                   /usr/lib/libncursesw.so.6.6
7f4d2ea00000-7f4d2ea1b000 r--p 00000000 103:02 4834667                   /usr/lib/libgallium-26.2.1-arch1.1.so
7f4d2ea1b000-7f4d30a9b000 r-xp 0001b000 103:02 4834667                   /usr/lib/libgallium-26.2.1-arch1.1.so
7f4d30a9b000-7f4d31ced000 r--p 0209b000 103:02 4834667                   /usr/lib/libgallium-26.2.1-arch1.1.so
7f4d31ced000-7f4d31e6b000 r--p 032ec000 103:02 4834667                   /usr/lib/libgallium-26.2.1-arch1.1.so
7f4d31e6b000-7f4d31ea9000 rw-p 0346a000 103:02 4834667                   /usr/lib/libgallium-26.2.1-arch1.1.so
7f4d31ea9000-7f4d32077000 rw-p 00000000 00:00 0 
7f4d32077000-7f4d32078000 r--s 00000000 103:02 3803672                   /var/cache/fontconfig/1b6853af091219762dc5c68646ca68b7-le64.cache-12
7f4d32078000-7f4d32079000 r--s 00000000 103:02 3835441                   /var/cache/fontconfig/787b69f04c7448ed6c581b040220c91f-le64.cache-12
7f4d32079000-7f4d3207a000 r--s 00000000 103:02 3835395                   /var/cache/fontconfig/a8773ec71f9da9b44a891b13321e5faa-le64.cache-12
7f4d3207a000-7f4d3209a000 rw-s 00000000 00:07 1110                       /dev/nvidiactl
7f4d3209a000-7f4d320ba000 rw-s 00000000 00:07 1110                       /dev/nvidiactl
7f4d320ba000-7f4d320ca000 rw-s 00000000 00:07 1112                       /dev/nvidia0
7f4d320ca000-7f4d320e4000 r--p 00000000 103:02 4744067                   /usr/lib/libxml2.so.16.1.3
7f4d320e4000-7f4d321b8000 r-xp 0001a000 103:02 4744067                   /usr/lib/libxml2.so.16.1.3
7f4d321b8000-7f4d321f5000 r--p 000ee000 103:02 4744067                   /usr/lib/libxml2.so.16.1.3
7f4d321f5000-7f4d321fe000 r--p 0012b000 103:02 4744067                   /usr/lib/libxml2.so.16.1.3
7f4d321fe000-7f4d321ff000 rw-p 00134000 103:02 4744067                   /usr/lib/libxml2.so.16.1.3
7f4d321ff000-7f4d32200000 rw-p 00000000 00:00 0 
7f4d32200000-7f4d3255b000 r--p 00000000 103:02 4833041                   /usr/lib/libnvidia-gpucomp.so.610.57.04
7f4d3255b000-7f4d36af8000 r-xp 0035b000 103:02 4833041                   /usr/lib/libnvidia-gpucomp.so.610.57.04
7f4d36af8000-7f4d387e8000 r--p 048f8000 103:02 4833041                   /usr/lib/libnvidia-gpucomp.so.610.57.04
7f4d387e8000-7f4d38a3a000 r--p 065e7000 103:02 4833041                   /usr/lib/libnvidia-gpucomp.so.610.57.04
7f4d38a3a000-7f4d38bc5000 rw-p 06839000 103:02 4833041                   /usr/lib/libnvidia-gpucomp.so.610.57.04
7f4d38bc5000-7f4d38c80000 rw-p 00000000 00:00 0 
7f4d38c80000-7f4d38c81000 r--s 00000000 103:02 3823352                   /var/cache/fontconfig/8d4af663993b81a124ee82e610bb31f9-le64.cache-12
7f4d38c81000-7f4d38c82000 r--s 00000000 103:02 4334244                   /home/annihilator/.cache/fontconfig/8f6bef61d9f77da15272a6237cc42cae-le64.cache-12
7f4d38c82000-7f4d38c84000 r--s 00000000 103:02 3801209                   /var/cache/fontconfig/3830d5c3ddfd5cd38a049b759396e72e-le64.cache-12
7f4d38c84000-7f4d38c85000 rw-p 00000000 00:00 0 
7f4d38c85000-7f4d38c88000 rw-s 00000000 00:07 1110                       /dev/nvidiactl
7f4d38c88000-7f4d38c8b000 r--p 00000000 103:02 4831197                   /usr/lib/libnvidia-allocator.so.610.57.04
7f4d38c8b000-7f4d38c9f000 r-xp 00003000 103:02 4831197                   /usr/lib/libnvidia-allocator.so.610.57.04
7f4d38c9f000-7f4d38ca9000 r--p 00017000 103:02 4831197                   /usr/lib/libnvidia-allocator.so.610.57.04
7f4d38ca9000-7f4d38caa000 r--p 00020000 103:02 4831197                   /usr/lib/libnvidia-allocator.so.610.57.04
7f4d38caa000-7f4d38cab000 rw-p 00021000 103:02 4831197                   /usr/lib/libnvidia-allocator.so.610.57.04
7f4d38cab000-7f4d38cad000 rw-p 00000000 00:00 0 
7f4d38cad000-7f4d38caf000 r--p 00000000 103:02 4761468                   /usr/lib/libpciaccess.so.0.11.1
7f4d38caf000-7f4d38cb4000 r-xp 00002000 103:02 4761468                   /usr/lib/libpciaccess.so.0.11.1
7f4d38cb4000-7f4d38cb6000 r--p 00007000 103:02 4761468                   /usr/lib/libpciaccess.so.0.11.1
7f4d38cb6000-7f4d38cb7000 r--p 00008000 103:02 4761468                   /usr/lib/libpciaccess.so.0.11.1
7f4d38cb7000-7f4d38cb8000 rw-p 00009000 103:02 4761468                   /usr/lib/libpciaccess.so.0.11.1
7f4d38cb8000-7f4d38cbe000 r--p 00000000 103:02 4754841                   /usr/lib/libedit.so.0.0.78
7f4d38cbe000-7f4d38ce0000 r-xp 00006000 103:02 4754841                   /usr/lib/libedit.so.0.0.78
7f4d38ce0000-7f4d38ced000 r--p 00028000 103:02 4754841                   /usr/lib/libedit.so.0.0.78
7f4d38ced000-7f4d38cf0000 r--p 00034000 103:02 4754841                   /usr/lib/libedit.so.0.0.78
7f4d38cf0000-7f4d38cf1000 rw-p 00037000 103:02 4754841                   /usr/lib/libedit.so.0.0.78
7f4d38cf1000-7f4d38cf4000 rw-p 00000000 00:00 0 
7f4d38cf4000-7f4d38cf7000 r--p 00000000 103:02 4780642                   /usr/lib/libdrm_intel.so.1.134.0
7f4d38cf7000-7f4d38d0e000 r-xp 00003000 103:02 4780642                   /usr/lib/libdrm_intel.so.1.134.0
7f4d38d0e000-7f4d38d18000 r--p 0001a000 103:02 4780642                   /usr/lib/libdrm_intel.so.1.134.0
7f4d38d18000-7f4d38d19000 r--p 00023000 103:02 4780642                   /usr/lib/libdrm_intel.so.1.134.0
7f4d38d19000-7f4d38d1a000 rw-p 00024000 103:02 4780642                   /usr/lib/libdrm_intel.so.1.134.0
7f4d38d1a000-7f4d38d26000 r--p 00000000 103:02 4740223                   /usr/lib/libzstd.so.1.5.7
7f4d38d26000-7f4d38ded000 r-xp 0000c000 103:02 4740223                   /usr/lib/libzstd.so.1.5.7
7f4d38ded000-7f4d38dfe000 r--p 000d3000 103:02 4740223                   /usr/lib/libzstd.so.1.5.7
7f4d38dfe000-7f4d38dff000 r--p 000e4000 103:02 4740223                   /usr/lib/libzstd.so.1.5.7
7f4d38dff000-7f4d38e00000 rw-p 000e5000 103:02 4740223                   /usr/lib/libzstd.so.1.5.7
7f4d38e00000-7f4d39019000 r--p 00000000 103:02 4831215                   /usr/lib/libnvidia-eglcore.so.610.57.04
7f4d39019000-7f4d39c5f000 r-xp 00219000 103:02 4831215                   /usr/lib/libnvidia-eglcore.so.610.57.04
7f4d39c5f000-7f4d3b18a000 r--p 00e5f000 103:02 4831215                   /usr/lib/libnvidia-eglcore.so.610.57.04
7f4d3b18a000-7f4d3b18b000 ---p 0238a000 103:02 4831215                   /usr/lib/libnvidia-eglcore.so.610.57.04
7f4d3b18b000-7f4d3b300000 r--p 0238a000 103:02 4831215                   /usr/lib/libnvidia-eglcore.so.610.57.04
7f4d3b300000-7f4d3b349000 rw-p 024ff000 103:02 4831215                   /usr/lib/libnvidia-eglcore.so.610.57.04
7f4d3b349000-7f4d3b360000 rw-p 00000000 00:00 0 
7f4d3b360000-7f4d3b361000 rw-p 00000000 00:00 0 
7f4d3b361000-7f4d3b363000 rw-s 00000000 00:01 727473                     /memfd:/.glXXXXXX (deleted)
7f4d3b363000-7f4d3b367000 rw-s 00000000 00:07 1110                       /dev/nvidiactl
7f4d3b367000-7f4d3b36a000 r--p 00000000 103:02 4780638                   /usr/lib/libdrm_amdgpu.so.1.134.0
7f4d3b36a000-7f4d3b370000 r-xp 00003000 103:02 4780638                   /usr/lib/libdrm_amdgpu.so.1.134.0
7f4d3b370000-7f4d3b372000 r--p 00009000 103:02 4780638                   /usr/lib/libdrm_amdgpu.so.1.134.0
7f4d3b372000-7f4d3b373000 r--p 0000a000 103:02 4780638                   /usr/lib/libdrm_amdgpu.so.1.134.0
7f4d3b373000-7f4d3b374000 rw-p 0000b000 103:02 4780638                   /usr/lib/libdrm_amdgpu.so.1.134.0
7f4d3b374000-7f4d3b377000 r--p 00000000 103:02 4735313                   /usr/lib/libelf-0.196.so
7f4d3b377000-7f4d3b38b000 r-xp 00003000 103:02 4735313                   /usr/lib/libelf-0.196.so
7f4d3b38b000-7f4d3b390000 r--p 00017000 103:02 4735313                   /usr/lib/libelf-0.196.so
7f4d3b390000-7f4d3b391000 r--p 0001b000 103:02 4735313                   /usr/lib/libelf-0.196.so
7f4d3b391000-7f4d3b392000 rw-p 0001c000 103:02 4735313                   /usr/lib/libelf-0.196.so
7f4d3b392000-7f4d3b393000 r--p 00000000 103:02 4843174                   /usr/lib/libxshmfence.so.1.0.0
7f4d3b393000-7f4d3b394000 r-xp 00001000 103:02 4843174                   /usr/lib/libxshmfence.so.1.0.0
7f4d3b394000-7f4d3b395000 r--p 00002000 103:02 4843174                   /usr/lib/libxshmfence.so.1.0.0
7f4d3b395000-7f4d3b396000 r--p 00002000 103:02 4843174                   /usr/lib/libxshmfence.so.1.0.0
7f4d3b396000-7f4d3b397000 rw-p 00003000 103:02 4843174                   /usr/lib/libxshmfence.so.1.0.0
7f4d3b397000-7f4d3b39a000 r--p 00000000 103:02 4751865                   /usr/lib/libxcb-sync.so.1.0.0
7f4d3b39a000-7f4d3b39d000 r-xp 00003000 103:02 4751865                   /usr/lib/libxcb-sync.so.1.0.0
7f4d3b39d000-7f4d3b39e000 r--p 00006000 103:02 4751865                   /usr/lib/libxcb-sync.so.1.0.0
7f4d3b39e000-7f4d3b39f000 r--p 00007000 103:02 4751865                   /usr/lib/libxcb-sync.so.1.0.0
7f4d3b39f000-7f4d3b3a0000 rw-p 00008000 103:02 4751865                   /usr/lib/libxcb-sync.so.1.0.0
7f4d3b3a0000-7f4d3b3a2000 r--p 00000000 103:02 4763334                   /usr/lib/libsensors.so.5.0.0
7f4d3b3a2000-7f4d3b3aa000 r-xp 00002000 103:02 4763334                   /usr/lib/libsensors.so.5.0.0
7f4d3b3aa000-7f4d3b3ae000 r--p 0000a000 103:02 4763334                   /usr/lib/libsensors.so.5.0.0
7f4d3b3ae000-7f4d3b3af000 r--p 0000e000 103:02 4763334                   /usr/lib/libsensors.so.5.0.0
7f4d3b3af000-7f4d3b3b0000 rw-p 0000f000 103:02 4763334                   /usr/lib/libsensors.so.5.0.0
7f4d3b3b0000-7f4d3b3b7000 r--p 00000000 103:02 4751834                   /usr/lib/libxcb-randr.so.0.1.0
7f4d3b3b7000-7f4d3b3bd000 r-xp 00007000 103:02 4751834                   /usr/lib/libxcb-randr.so.0.1.0
7f4d3b3bd000-7f4d3b3c0000 r--p 0000d000 103:02 4751834                   /usr/lib/libxcb-randr.so.0.1.0
7f4d3b3c0000-7f4d3b3c1000 r--p 00010000 103:02 4751834                   /usr/lib/libxcb-randr.so.0.1.0
7f4d3b3c1000-7f4d3b3c2000 rw-p 00011000 103:02 4751834                   /usr/lib/libxcb-randr.so.0.1.0
7f4d3b3c2000-7f4d3b3c8000 r--p 00000000 103:02 4817102                   /usr/lib/libEGL_mesa.so.0.0.0
7f4d3b3c8000-7f4d3b403000 r-xp 00006000 103:02 4817102                   /usr/lib/libEGL_mesa.so.0.0.0
7f4d3b403000-7f4d3b416000 r--p 00041000 103:02 4817102                   /usr/lib/libEGL_mesa.so.0.0.0
7f4d3b416000-7f4d3b423000 r--p 00053000 103:02 4817102                   /usr/lib/libEGL_mesa.so.0.0.0
7f4d3b423000-7f4d3b424000 rw-p 00060000 103:02 4817102                   /usr/lib/libEGL_mesa.so.0.0.0
7f4d3b424000-7f4d3b425000 rw-p 00000000 00:00 0 
7f4d3b439000-7f4d3b449000 r--p 00000000 103:02 4831581                   /usr/lib/libnvidia-glsi.so.610.57.04
7f4d3b449000-7f4d3b4a9000 r-xp 00010000 103:02 4831581                   /usr/lib/libnvidia-glsi.so.610.57.04
7f4d3b4a9000-7f4d3b4c6000 r--p 00070000 103:02 4831581                   /usr/lib/libnvidia-glsi.so.610.57.04
7f4d3b4c6000-7f4d3b4cc000 r--p 0008c000 103:02 4831581                   /usr/lib/libnvidia-glsi.so.610.57.04
7f4d3b4cc000-7f4d3b4cd000 rw-p 00092000 103:02 4831581                   /usr/lib/libnvidia-glsi.so.610.57.04
7f4d3b4cd000-7f4d3b4d5000 rw-p 00000000 00:00 0 
7f4d3b4d5000-7f4d3b506000 r--p 00000000 103:02 4820322                   /usr/lib/libEGL_nvidia.so.610.57.04
7f4d3b506000-7f4d3b58e000 r-xp 00031000 103:02 4820322                   /usr/lib/libEGL_nvidia.so.610.57.04
7f4d3b58e000-7f4d3b5dd000 r--p 000b9000 103:02 4820322                   /usr/lib/libEGL_nvidia.so.610.57.04
7f4d3b5dd000-7f4d3b5de000 ---p 00108000 103:02 4820322                   /usr/lib/libEGL_nvidia.so.610.57.04
7f4d3b5de000-7f4d3b5e5000 r--p 00108000 103:02 4820322                   /usr/lib/libEGL_nvidia.so.610.57.04
7f4d3b5e5000-7f4d3b5fa000 rw-p 0010f000 103:02 4820322                   /usr/lib/libEGL_nvidia.so.610.57.04
7f4d3b5fa000-7f4d3b600000 rw-p 00000000 00:00 0 
7f4d3b63c000-7f4d3b63d000 rw-p 00000000 00:00 0 
7f4d3b63d000-7f4d3b641000 ---p 00000000 00:00 0 
7f4d3b641000-7f4d3b73e000 rw-p 00000000 00:00 0 
7f4d3b73e000-7f4d3b742000 ---p 00000000 00:00 0 
7f4d3b742000-7f4d3b83e000 rw-p 00000000 00:00 0 
7f4d3b83e000-7f4d3b83f000 rw-s 00000000 00:07 1110                       /dev/nvidiactl
7f4d3b83f000-7f4d3b842000 r--p 00000000 103:02 4751872                   /usr/lib/libxcb-xfixes.so.0.0.0
7f4d3b842000-7f4d3b845000 r-xp 00003000 103:02 4751872                   /usr/lib/libxcb-xfixes.so.0.0.0
7f4d3b845000-7f4d3b846000 r--p 00006000 103:02 4751872                   /usr/lib/libxcb-xfixes.so.0.0.0
7f4d3b846000-7f4d3b847000 r--p 00007000 103:02 4751872                   /usr/lib/libxcb-xfixes.so.0.0.0
7f4d3b847000-7f4d3b848000 rw-p 00008000 103:02 4751872                   /usr/lib/libxcb-xfixes.so.0.0.0
7f4d3b848000-7f4d3b849000 r--p 00000000 103:02 4740497                   /usr/lib/libX11-xcb.so.1.0.0
7f4d3b849000-7f4d3b84a000 r-xp 00001000 103:02 4740497                   /usr/lib/libX11-xcb.so.1.0.0
7f4d3b84a000-7f4d3b84b000 r--p 00002000 103:02 4740497                   /usr/lib/libX11-xcb.so.1.0.0
7f4d3b84b000-7f4d3b84c000 r--p 00002000 103:02 4740497                   /usr/lib/libX11-xcb.so.1.0.0
7f4d3b84c000-7f4d3b84d000 rw-p 00003000 103:02 4740497                   /usr/lib/libX11-xcb.so.1.0.0
7f4d3b84d000-7f4d3b84f000 r--p 00000000 103:02 4751813                   /usr/lib/libxcb-dri3.so.0.1.0
7f4d3b84f000-7f4d3b851000 r-xp 00002000 103:02 4751813                   /usr/lib/libxcb-dri3.so.0.1.0
7f4d3b851000-7f4d3b852000 r--p 00004000 103:02 4751813                   /usr/lib/libxcb-dri3.so.0.1.0
7f4d3b852000-7f4d3b853000 r--p 00004000 103:02 4751813                   /usr/lib/libxcb-dri3.so.0.1.0
7f4d3b853000-7f4d3b854000 rw-p 00005000 103:02 4751813                   /usr/lib/libxcb-dri3.so.0.1.0
7f4d3b854000-7f4d3b855000 r--p 00000000 103:02 4751829                   /usr/lib/libxcb-present.so.0.0.0
7f4d3b855000-7f4d3b856000 r-xp 00001000 103:02 4751829                   /usr/lib/libxcb-present.so.0.0.0
7f4d3b856000-7f4d3b857000 r--p 00002000 103:02 4751829                   /usr/lib/libxcb-present.so.0.0.0
7f4d3b857000-7f4d3b858000 r--p 00002000 103:02 4751829                   /usr/lib/libxcb-present.so.0.0.0
7f4d3b858000-7f4d3b859000 rw-p 00003000 103:02 4751829                   /usr/lib/libxcb-present.so.0.0.0
7f4d3b875000-7f4d3b87a000 r--p 00000000 103:02 4826261                   /usr/lib/libwayland-server.so.0.26.0
7f4d3b87a000-7f4d3b883000 r-xp 00005000 103:02 4826261                   /usr/lib/libwayland-server.so.0.26.0
7f4d3b883000-7f4d3b887000 r--p 0000e000 103:02 4826261                   /usr/lib/libwayland-server.so.0.26.0
7f4d3b887000-7f4d3b889000 r--p 00012000 103:02 4826261                   /usr/lib/libwayland-server.so.0.26.0
7f4d3b889000-7f4d3b88a000 rw-p 00014000 103:02 4826261                   /usr/lib/libwayland-server.so.0.26.0
7f4d3b89e000-7f4d3b8a0000 r--p 00000000 103:02 4835234                   /usr/lib/libgbm.so.1.0.0
7f4d3b8a0000-7f4d3b8a1000 r-xp 00002000 103:02 4835234                   /usr/lib/libgbm.so.1.0.0
7f4d3b8a1000-7f4d3b8a2000 r--p 00003000 103:02 4835234                   /usr/lib/libgbm.so.1.0.0
7f4d3b8a2000-7f4d3b8a3000 r--p 00003000 103:02 4835234                   /usr/lib/libgbm.so.1.0.0
7f4d3b8a3000-7f4d3b8a4000 rw-p 00004000 103:02 4835234                   /usr/lib/libgbm.so.1.0.0
7f4d3b8a4000-7f4d3b8a9000 r--p 00000000 103:02 4771568                   /usr/lib/libdrm.so.2.134.0
7f4d3b8a9000-7f4d3b8b5000 r-xp 00005000 103:02 4771568                   /usr/lib/libdrm.so.2.134.0
7f4d3b8b5000-7f4d3b8b9000 r--p 00011000 103:02 4771568                   /usr/lib/libdrm.so.2.134.0
7f4d3b8b9000-7f4d3b8ba000 r--p 00015000 103:02 4771568                   /usr/lib/libdrm.so.2.134.0
7f4d3b8ba000-7f4d3b8bb000 rw-p 00016000 103:02 4771568                   /usr/lib/libdrm.so.2.134.0
7f4d3b8d0000-7f4d3b8d7000 r--s 00000000 103:02 4837165                   /usr/lib/gconv/gconv-modules.cache
7f4d3b8d7000-7f4d3b8d9000 r--p 00000000 103:02 4811999                   /usr/lib/libGLdispatch.so.0.0.0
7f4d3b8d9000-7f4d3b918000 r-xp 00002000 103:02 4811999                   /usr/lib/libGLdispatch.so.0.0.0
7f4d3b918000-7f4d3b92b000 r--p 00041000 103:02 4811999                   /usr/lib/libGLdispatch.so.0.0.0
7f4d3b92b000-7f4d3b947000 r--p 00054000 103:02 4811999                   /usr/lib/libGLdispatch.so.0.0.0
7f4d3b947000-7f4d3b948000 rw-p 00070000 103:02 4811999                   /usr/lib/libGLdispatch.so.0.0.0
7f4d3b948000-7f4d3b950000 rw-p 00000000 00:00 0 
7f4d3b950000-7f4d3b952000 r--p 00000000 103:02 4750356                   /usr/lib/libEGL.so.1.1.0
7f4d3b952000-7f4d3b95c000 r-xp 00002000 103:02 4750356                   /usr/lib/libEGL.so.1.1.0
7f4d3b95c000-7f4d3b960000 r--p 0000c000 103:02 4750356                   /usr/lib/libEGL.so.1.1.0
7f4d3b960000-7f4d3b961000 r--p 0000f000 103:02 4750356                   /usr/lib/libEGL.so.1.1.0
7f4d3b961000-7f4d3b962000 rw-p 00010000 103:02 4750356                   /usr/lib/libEGL.so.1.1.0
7f4d3b9f2000-7f4d3b9f3000 r--p 00000000 103:02 4812149                   /usr/lib/libbrotlicommon.so.1.2.0
7f4d3b9f3000-7f4d3b9f4000 r-xp 00001000 103:02 4812149                   /usr/lib/libbrotlicommon.so.1.2.0
7f4d3b9f4000-7f4d3ba13000 r--p 00002000 103:02 4812149                   /usr/lib/libbrotlicommon.so.1.2.0
7f4d3ba13000-7f4d3ba14000 r--p 00021000 103:02 4812149                   /usr/lib/libbrotlicommon.so.1.2.0
7f4d3ba14000-7f4d3ba15000 rw-p 00022000 103:02 4812149                   /usr/lib/libbrotlicommon.so.1.2.0
7f4d3ba15000-7f4d3ba1a000 r--p 00000000 103:02 4722170                   /usr/lib/libblkid.so.1.1.0
7f4d3ba1a000-7f4d3ba43000 r-xp 00005000 103:02 4722170                   /usr/lib/libblkid.so.1.1.0
7f4d3ba43000-7f4d3ba4e000 r--p 0002e000 103:02 4722170                   /usr/lib/libblkid.so.1.1.0
7f4d3ba4e000-7f4d3ba54000 r--p 00038000 103:02 4722170                   /usr/lib/libblkid.so.1.1.0
7f4d3ba54000-7f4d3ba55000 rw-p 0003e000 103:02 4722170                   /usr/lib/libblkid.so.1.1.0
7f4d3ba55000-7f4d3ba57000 r--p 00000000 103:02 4815257                   /usr/lib/libXdmcp.so.6.0.0
7f4d3ba57000-7f4d3ba59000 r-xp 00002000 103:02 4815257                   /usr/lib/libXdmcp.so.6.0.0
7f4d3ba59000-7f4d3ba5b000 r--p 00004000 103:02 4815257                   /usr/lib/libXdmcp.so.6.0.0
7f4d3ba5b000-7f4d3ba5c000 r--p 00005000 103:02 4815257                   /usr/lib/libXdmcp.so.6.0.0
7f4d3ba5c000-7f4d3ba5d000 rw-p 00006000 103:02 4815257                   /usr/lib/libXdmcp.so.6.0.0
7f4d3ba5d000-7f4d3ba5e000 r--p 00000000 103:02 4757711                   /usr/lib/libXau.so.6.0.0
7f4d3ba5e000-7f4d3ba5f000 r-xp 00001000 103:02 4757711                   /usr/lib/libXau.so.6.0.0
7f4d3ba5f000-7f4d3ba60000 r--p 00002000 103:02 4757711                   /usr/lib/libXau.so.6.0.0
7f4d3ba60000-7f4d3ba61000 r--p 00002000 103:02 4757711                   /usr/lib/libXau.so.6.0.0
7f4d3ba61000-7f4d3ba62000 rw-p 00003000 103:02 4757711                   /usr/lib/libXau.so.6.0.0
7f4d3ba62000-7f4d3ba63000 r--p 00000000 103:02 4812485                   /usr/lib/libbrotlidec.so.1.2.0
7f4d3ba63000-7f4d3ba6c000 r-xp 00001000 103:02 4812485                   /usr/lib/libbrotlidec.so.1.2.0
7f4d3ba6c000-7f4d3ba6f000 r--p 0000a000 103:02 4812485                   /usr/lib/libbrotlidec.so.1.2.0
7f4d3ba6f000-7f4d3ba70000 r--p 0000c000 103:02 4812485                   /usr/lib/libbrotlidec.so.1.2.0
7f4d3ba70000-7f4d3ba71000 rw-p 0000d000 103:02 4812485                   /usr/lib/libbrotlidec.so.1.2.0
7f4d3ba71000-7f4d3ba73000 r--p 00000000 103:02 4794869                   /usr/lib/libbz2.so.1.0.8
7f4d3ba73000-7f4d3ba80000 r-xp 00002000 103:02 4794869                   /usr/lib/libbz2.so.1.0.8
7f4d3ba80000-7f4d3ba82000 r--p 0000f000 103:02 4794869                   /usr/lib/libbz2.so.1.0.8
7f4d3ba82000-7f4d3ba83000 r--p 00010000 103:02 4794869                   /usr/lib/libbz2.so.1.0.8
7f4d3ba83000-7f4d3ba84000 rw-p 00011000 103:02 4794869                   /usr/lib/libbz2.so.1.0.8
7f4d3ba84000-7f4d3ba86000 r--p 00000000 103:02 4761940                   /usr/lib/libdatrie.so.1.4.1
7f4d3ba86000-7f4d3ba8a000 r-xp 00002000 103:02 4761940                   /usr/lib/libdatrie.so.1.4.1
7f4d3ba8a000-7f4d3ba8b000 r--p 00006000 103:02 4761940                   /usr/lib/libdatrie.so.1.4.1
7f4d3ba8b000-7f4d3ba8c000 r--p 00006000 103:02 4761940                   /usr/lib/libdatrie.so.1.4.1
7f4d3ba8c000-7f4d3ba8d000 rw-p 00007000 103:02 4761940                   /usr/lib/libdatrie.so.1.4.1
7f4d3ba8d000-7f4d3ba97000 r--p 00000000 103:02 4735601                   /usr/lib/libmount.so.1.1.0
7f4d3ba97000-7f4d3bad5000 r-xp 0000a000 103:02 4735601                   /usr/lib/libmount.so.1.1.0
7f4d3bad5000-7f4d3bae6000 r--p 00048000 103:02 4735601                   /usr/lib/libmount.so.1.1.0
7f4d3bae6000-7f4d3bae8000 r--p 00059000 103:02 4735601                   /usr/lib/libmount.so.1.1.0
7f4d3bae8000-7f4d3bae9000 rw-p 0005b000 103:02 4735601                   /usr/lib/libmount.so.1.1.0
7f4d3bae9000-7f4d3baeb000 r--p 00000000 103:02 4737414                   /usr/lib/libexpat.so.1.12.3
7f4d3baeb000-7f4d3bb0b000 r-xp 00002000 103:02 4737414                   /usr/lib/libexpat.so.1.12.3
7f4d3bb0b000-7f4d3bb14000 r--p 00022000 103:02 4737414                   /usr/lib/libexpat.so.1.12.3
7f4d3bb14000-7f4d3bb16000 r--p 0002a000 103:02 4737414                   /usr/lib/libexpat.so.1.12.3
7f4d3bb16000-7f4d3bb17000 rw-p 0002c000 103:02 4737414                   /usr/lib/libexpat.so.1.12.3
7f4d3bb17000-7f4d3bb19000 r--p 00000000 103:02 4815230                   /usr/lib/libgraphite2.so.3.3.1
7f4d3bb19000-7f4d3bb32000 r-xp 00002000 103:02 4815230                   /usr/lib/libgraphite2.so.3.3.1
7f4d3bb32000-7f4d3bb37000 r--p 0001b000 103:02 4815230                   /usr/lib/libgraphite2.so.3.3.1
7f4d3bb37000-7f4d3bb39000 r--p 0001f000 103:02 4815230                   /usr/lib/libgraphite2.so.3.3.1
7f4d3bb39000-7f4d3bb3a000 rw-p 00021000 103:02 4815230                   /usr/lib/libgraphite2.so.3.3.1
7f4d3bb3a000-7f4d3bb3d000 r--p 00000000 103:02 4732813                   /usr/lib/libpcre2-8.so.0.15.0
7f4d3bb3d000-7f4d3bbbb000 r-xp 00003000 103:02 4732813                   /usr/lib/libpcre2-8.so.0.15.0
7f4d3bbbb000-7f4d3bbe6000 r--p 00081000 103:02 4732813                   /usr/lib/libpcre2-8.so.0.15.0
7f4d3bbe6000-7f4d3bbe7000 r--p 000ab000 103:02 4732813                   /usr/lib/libpcre2-8.so.0.15.0
7f4d3bbe7000-7f4d3bbe8000 rw-p 000ac000 103:02 4732813                   /usr/lib/libpcre2-8.so.0.15.0
7f4d3bbe8000-7f4d3bbfd000 r--p 00000000 103:02 4720960                   /usr/lib/libsystemd.so.0.44.0
7f4d3bbfd000-7f4d3bcd6000 r-xp 00015000 103:02 4720960                   /usr/lib/libsystemd.so.0.44.0
7f4d3bcd6000-7f4d3bd25000 r--p 000ee000 103:02 4720960                   /usr/lib/libsystemd.so.0.44.0
7f4d3bd25000-7f4d3bd2e000 r--p 0013c000 103:02 4720960                   /usr/lib/libsystemd.so.0.44.0
7f4d3bd2e000-7f4d3bd2f000 rw-p 00145000 103:02 4720960                   /usr/lib/libsystemd.so.0.44.0
7f4d3bd2f000-7f4d3bd30000 rw-p 00000000 00:00 0 
7f4d3bd30000-7f4d3bd35000 r--p 00000000 103:02 4780633                   /usr/lib/libpixman-1.so.0.46.4
7f4d3bd35000-7f4d3bdc6000 r-xp 00005000 103:02 4780633                   /usr/lib/libpixman-1.so.0.46.4
7f4d3bdc6000-7f4d3bdd6000 r--p 00096000 103:02 4780633                   /usr/lib/libpixman-1.so.0.46.4
7f4d3bdd6000-7f4d3bdde000 r--p 000a6000 103:02 4780633                   /usr/lib/libpixman-1.so.0.46.4
7f4d3bdde000-7f4d3bddf000 rw-p 000ae000 103:02 4780633                   /usr/lib/libpixman-1.so.0.46.4
7f4d3bddf000-7f4d3bde5000 r--p 00000000 103:02 4751845                   /usr/lib/libxcb-render.so.0.0.0
7f4d3bde5000-7f4d3bdea000 r-xp 00006000 103:02 4751845                   /usr/lib/libxcb-render.so.0.0.0
7f4d3bdea000-7f4d3bdec000 r--p 0000b000 103:02 4751845                   /usr/lib/libxcb-render.so.0.0.0
7f4d3bdec000-7f4d3bded000 r--p 0000d000 103:02 4751845                   /usr/lib/libxcb-render.so.0.0.0
7f4d3bded000-7f4d3bdee000 rw-p 0000e000 103:02 4751845                   /usr/lib/libxcb-render.so.0.0.0
7f4d3bdee000-7f4d3be05000 r--p 00000000 103:02 4740502                   /usr/lib/libX11.so.6.4.0
7f4d3be05000-7f4d3be9a000 r-xp 00017000 103:02 4740502                   /usr/lib/libX11.so.6.4.0
7f4d3be9a000-7f4d3bf29000 r--p 000ac000 103:02 4740502                   /usr/lib/libX11.so.6.4.0
7f4d3bf29000-7f4d3bf2c000 r--p 0013a000 103:02 4740502                   /usr/lib/libX11.so.6.4.0
7f4d3bf2c000-7f4d3bf30000 rw-p 0013d000 103:02 4740502                   /usr/lib/libX11.so.6.4.0
7f4d3bf30000-7f4d3bf36000 r--p 00000000 103:02 4814646                   /usr/lib/libfreetype.so.6.20.6
7f4d3bf36000-7f4d3bfce000 r-xp 00006000 103:02 4814646                   /usr/lib/libfreetype.so.6.20.6
7f4d3bfce000-7f4d3bff7000 r--p 0009e000 103:02 4814646                   /usr/lib/libfreetype.so.6.20.6
7f4d3bff7000-7f4d3bfff000 r--p 000c6000 103:02 4814646                   /usr/lib/libfreetype.so.6.20.6
7f4d3bfff000-7f4d3c000000 rw-p 000ce000 103:02 4814646                   /usr/lib/libfreetype.so.6.20.6
7f4d3c000000-7f4d3e998000 rw-p 00000000 00:00 0 
7f4d3e998000-7f4d40000000 ---p 00000000 00:00 0 
7f4d40000000-7f4d43f87000 rw-p 00000000 00:00 0 
7f4d43f87000-7f4d44000000 ---p 00000000 00:00 0 
7f4d44000000-7f4d47077000 rw-p 00000000 00:00 0 
7f4d47077000-7f4d48000000 ---p 00000000 00:00 0 
7f4d48000000-7f4d49c2b000 rw-p 00000000 00:00 0 
7f4d49c2b000-7f4d4c000000 ---p 00000000 00:00 0 
7f4d4c000000-7f4d4c400000 rw-p 00000000 00:00 0 
7f4d4c400000-7f4d4c700000 rw-p 00000000 00:00 0 
7f4d4c700000-7f4d4c800000 rw-p 00000000 00:00 0 
7f4d4c800000-7f4d4c900000 rw-p 00000000 00:00 0 
7f4d4c900000-7f4d4ca00000 rw-p 00000000 00:00 0 
7f4d4ca00000-7f4d4d200000 rw-p 00000000 00:00 0 
7f4d4d200000-7f4d4d500000 rw-p 00000000 00:00 0 
7f4d4d500000-7f4d4dd00000 rw-p 00000000 00:00 0 
7f4d4dd00000-7f4d4de00000 rw-p 00000000 00:00 0 
7f4d4de00000-7f4d4df00000 rw-p 00000000 00:00 0 
7f4d4df00000-7f4d4e000000 rw-p 00000000 00:00 0 
7f4d4e000000-7f4d4e100000 rw-p 00000000 00:00 0 
7f4d4e100000-7f4d4e200000 rw-p 00000000 00:00 0 
7f4d4e200000-7f4d4e3e0000 rw-p 00000000 00:00 0 
7f4d4e3e0000-7f4d4e500000 rw-p 00000000 00:00 0 
7f4d4e500000-7f4d4e700000 rw-p 00000000 00:00 0 
7f4d4e700000-7f4d4e800000 rw-p 00000000 00:00 0 
7f4d4e800000-7f4d4e980000 rw-p 00000000 00:00 0 
7f4d4e980000-7f4d4ea00000 rw-p 00000000 00:00 0 
7f4d4ea00000-7f4d4ed00000 rw-p 00000000 00:00 0 
7f4d4ed00000-7f4d4ee00000 rw-p 00000000 00:00 0 
7f4d4ee00000-7f4d4ef00000 rw-p 00000000 00:00 0 
7f4d4ef00000-7f4d4f000000 rw-p 00000000 00:00 0 
7f4d4f000000-7f4d50000000 rw-p 00000000 00:00 0 
7f4d50000000-7f4d51fb6000 rw-p 00000000 00:00 0 
7f4d51fb6000-7f4d54000000 ---p 00000000 00:00 0 
7f4d54000000-7f4d56619000 rw-p 00000000 00:00 0 
7f4d56619000-7f4d58000000 ---p 00000000 00:00 0 
7f4d58000000-7f4d59d1b000 rw-p 00000000 00:00 0 
7f4d59d1b000-7f4d5c000000 ---p 00000000 00:00 0 
7f4d5c000000-7f4d5ffff000 rw-p 00000000 00:00 0 
7f4d5ffff000-7f4d60000000 ---p 00000000 00:00 0 
7f4d60000000-7f4d639d4000 rw-p 00000000 00:00 0 
7f4d639d4000-7f4d64000000 ---p 00000000 00:00 0 
7f4d64000000-7f4d65eb4000 rw-p 00000000 00:00 0 
7f4d65eb4000-7f4d68000000 ---p 00000000 00:00 0 
7f4d68000000-7f4d68500000 rw-p 00000000 00:00 0 
7f4d68500000-7f4d6c000000 ---p 00000000 00:00 0 
7f4d6c000000-7f4d6ffd9000 rw-p 00000000 00:00 0 
7f4d6ffd9000-7f4d70000000 ---p 00000000 00:00 0 
7f4d70000000-7f4d7000c000 r--p 00000000 103:02 4751894                   /usr/lib/libxcb.so.1.1.0
7f4d7000c000-7f4d70020000 r-xp 0000c000 103:02 4751894                   /usr/lib/libxcb.so.1.1.0
7f4d70020000-7f4d70029000 r--p 00020000 103:02 4751894                   /usr/lib/libxcb.so.1.1.0
7f4d70029000-7f4d7002a000 r--p 00028000 103:02 4751894                   /usr/lib/libxcb.so.1.1.0
7f4d7002a000-7f4d7002b000 rw-p 00029000 103:02 4751894                   /usr/lib/libxcb.so.1.1.0
7f4d7002b000-7f4d7002d000 r--p 00000000 103:02 4843167                   /usr/lib/libXrender.so.1.3.0
7f4d7002d000-7f4d70034000 r-xp 00002000 103:02 4843167                   /usr/lib/libXrender.so.1.3.0
7f4d70034000-7f4d70035000 r--p 00009000 103:02 4843167                   /usr/lib/libXrender.so.1.3.0
7f4d70035000-7f4d70036000 r--p 00009000 103:02 4843167                   /usr/lib/libXrender.so.1.3.0
7f4d70036000-7f4d70037000 rw-p 0000a000 103:02 4843167                   /usr/lib/libXrender.so.1.3.0
7f4d70037000-7f4d7003b000 r--p 00000000 103:02 4760928                   /usr/lib/libXext.so.6.4.0
7f4d7003b000-7f4d70046000 r-xp 00004000 103:02 4760928                   /usr/lib/libXext.so.6.4.0
7f4d70046000-7f4d70049000 r--p 0000f000 103:02 4760928                   /usr/lib/libXext.so.6.4.0
7f4d70049000-7f4d7004a000 r--p 00011000 103:02 4760928                   /usr/lib/libXext.so.6.4.0
7f4d7004a000-7f4d7004b000 rw-p 00012000 103:02 4760928                   /usr/lib/libXext.so.6.4.0
7f4d7004b000-7f4d70051000 r--p 00000000 103:02 4812002                   /usr/lib/libpng16.so.16.58.0
7f4d70051000-7f4d7007c000 r-xp 00006000 103:02 4812002                   /usr/lib/libpng16.so.16.58.0
7f4d7007c000-7f4d70086000 r--p 00031000 103:02 4812002                   /usr/lib/libpng16.so.16.58.0
7f4d70086000-7f4d70087000 r--p 0003a000 103:02 4812002                   /usr/lib/libpng16.so.16.58.0
7f4d70087000-7f4d70088000 rw-p 0003b000 103:02 4812002                   /usr/lib/libpng16.so.16.58.0
7f4d70088000-7f4d7008a000 r--p 00000000 103:02 4761906                   /usr/lib/libfribidi.so.0.4.0
7f4d7008a000-7f4d7008f000 r-xp 00002000 103:02 4761906                   /usr/lib/libfribidi.so.0.4.0
7f4d7008f000-7f4d700a6000 r--p 00007000 103:02 4761906                   /usr/lib/libfribidi.so.0.4.0
7f4d700a6000-7f4d700a7000 r--p 0001d000 103:02 4761906                   /usr/lib/libfribidi.so.0.4.0
7f4d700a7000-7f4d700a8000 rw-p 0001e000 103:02 4761906                   /usr/lib/libfribidi.so.0.4.0
7f4d700a8000-7f4d700da000 r--p 00000000 103:02 4745344                   /usr/lib/libgio-2.0.so.0.8800.3
7f4d700da000-7f4d70201000 r-xp 00032000 103:02 4745344                   /usr/lib/libgio-2.0.so.0.8800.3
7f4d70201000-7f4d7027b000 r--p 00159000 103:02 4745344                   /usr/lib/libgio-2.0.so.0.8800.3
7f4d7027b000-7f4d70284000 r--p 001d2000 103:02 4745344                   /usr/lib/libgio-2.0.so.0.8800.3
7f4d70284000-7f4d70285000 rw-p 001db000 103:02 4745344                   /usr/lib/libgio-2.0.so.0.8800.3
7f4d70285000-7f4d70287000 rw-p 00000000 00:00 0 
7f4d70287000-7f4d7028d000 r--p 00000000 103:02 4759013                   /usr/lib/libfontconfig.so.1.17.0
7f4d7028d000-7f4d702c2000 r-xp 00006000 103:02 4759013                   /usr/lib/libfontconfig.so.1.17.0
7f4d702c2000-7f4d702f8000 r--p 0003b000 103:02 4759013                   /usr/lib/libfontconfig.so.1.17.0
7f4d702f8000-7f4d70301000 r--p 00071000 103:02 4759013                   /usr/lib/libfontconfig.so.1.17.0
7f4d70301000-7f4d70302000 rw-p 0007a000 103:02 4759013                   /usr/lib/libfontconfig.so.1.17.0
7f4d70302000-7f4d7030f000 r--p 00000000 103:02 4814594                   /usr/lib/libharfbuzz.so.0.61431.0
7f4d7030f000-7f4d70401000 r-xp 0000d000 103:02 4814594                   /usr/lib/libharfbuzz.so.0.61431.0
7f4d70401000-7f4d70435000 r--p 000ff000 103:02 4814594                   /usr/lib/libharfbuzz.so.0.61431.0
7f4d70435000-7f4d70437000 r--p 00132000 103:02 4814594                   /usr/lib/libharfbuzz.so.0.61431.0
7f4d70437000-7f4d70438000 rw-p 00134000 103:02 4814594                   /usr/lib/libharfbuzz.so.0.61431.0
7f4d70438000-7f4d70456000 r--p 00000000 103:02 4748073                   /usr/lib/libglib-2.0.so.0.8800.3
7f4d70456000-7f4d70504000 r-xp 0001e000 103:02 4748073                   /usr/lib/libglib-2.0.so.0.8800.3
7f4d70504000-7f4d70598000 r--p 000cc000 103:02 4748073                   /usr/lib/libglib-2.0.so.0.8800.3
7f4d70598000-7f4d70599000 r--p 00160000 103:02 4748073                   /usr/lib/libglib-2.0.so.0.8800.3
7f4d70599000-7f4d7059a000 rw-p 00161000 103:02 4748073                   /usr/lib/libglib-2.0.so.0.8800.3
7f4d7059a000-7f4d7059b000 rw-p 00000000 00:00 0 
7f4d7059b000-7f4d705a9000 r--p 00000000 103:02 4741723                   /usr/lib/libdbus-1.so.3.38.3
7f4d705a9000-7f4d705da000 r-xp 0000e000 103:02 4741723                   /usr/lib/libdbus-1.so.3.38.3
7f4d705da000-7f4d705eb000 r--p 0003f000 103:02 4741723                   /usr/lib/libdbus-1.so.3.38.3
7f4d705eb000-7f4d705ed000 r--p 0004f000 103:02 4741723                   /usr/lib/libdbus-1.so.3.38.3
7f4d705ed000-7f4d705ee000 rw-p 00051000 103:02 4741723                   /usr/lib/libdbus-1.so.3.38.3
7f4d705ee000-7f4d705fa000 r--p 00000000 103:02 4750151                   /usr/lib/libgobject-2.0.so.0.8800.3
7f4d705fa000-7f4d70633000 r-xp 0000c000 103:02 4750151                   /usr/lib/libgobject-2.0.so.0.8800.3
7f4d70633000-7f4d7064d000 r--p 00045000 103:02 4750151                   /usr/lib/libgobject-2.0.so.0.8800.3
7f4d7064d000-7f4d70650000 r--p 0005e000 103:02 4750151                   /usr/lib/libgobject-2.0.so.0.8800.3
7f4d70650000-7f4d70651000 rw-p 00061000 103:02 4750151                   /usr/lib/libgobject-2.0.so.0.8800.3
7f4d70651000-7f4d7065f000 r--p 00000000 103:02 4757736                   /usr/lib/libcairo.so.2.11804.4
7f4d7065f000-7f4d70752000 r-xp 0000e000 103:02 4757736                   /usr/lib/libcairo.so.2.11804.4
7f4d70752000-7f4d70787000 r--p 00101000 103:02 4757736                   /usr/lib/libcairo.so.2.11804.4
7f4d70787000-7f4d7078b000 r--p 00136000 103:02 4757736                   /usr/lib/libcairo.so.2.11804.4
7f4d7078b000-7f4d7078d000 rw-p 0013a000 103:02 4757736                   /usr/lib/libcairo.so.2.11804.4
7f4d7078d000-7f4d7078e000 rw-p 00000000 00:00 0 
7f4d7078e000-7f4d7079c000 r--p 00000000 103:02 4794787                   /usr/lib/libpango-1.0.so.0.5800.2
7f4d7079c000-7f4d707dc000 r-xp 0000e000 103:02 4794787                   /usr/lib/libpango-1.0.so.0.5800.2
7f4d707dc000-7f4d707f8000 r--p 0004e000 103:02 4794787                   /usr/lib/libpango-1.0.so.0.5800.2
7f4d707f8000-7f4d707fc000 r--p 00069000 103:02 4794787                   /usr/lib/libpango-1.0.so.0.5800.2
7f4d707fc000-7f4d707fd000 rw-p 0006d000 103:02 4794787                   /usr/lib/libpango-1.0.so.0.5800.2
7f4d707fd000-7f4d70801000 r--p 00000000 103:02 4755680                   /usr/lib/libxkbcommon.so.0.13.2
7f4d70801000-7f4d70830000 r-xp 00004000 103:02 4755680                   /usr/lib/libxkbcommon.so.0.13.2
7f4d70830000-7f4d70859000 r--p 00033000 103:02 4755680                   /usr/lib/libxkbcommon.so.0.13.2
7f4d70859000-7f4d7085b000 r--p 0005b000 103:02 4755680                   /usr/lib/libxkbcommon.so.0.13.2
7f4d7085b000-7f4d7085c000 rw-p 0005d000 103:02 4755680                   /usr/lib/libxkbcommon.so.0.13.2
7f4d7085c000-7f4d7086c000 r--p 00000000 00:2f 28158                      /tmp/lwjgl_annihilator/3.3.6+1/x64/libglfw.so
7f4d7086c000-7f4d7088d000 r-xp 00010000 00:2f 28158                      /tmp/lwjgl_annihilator/3.3.6+1/x64/libglfw.so
7f4d7088d000-7f4d708c9000 r--p 00031000 00:2f 28158                      /tmp/lwjgl_annihilator/3.3.6+1/x64/libglfw.so
7f4d708c9000-7f4d708cd000 r--p 0006c000 00:2f 28158                      /tmp/lwjgl_annihilator/3.3.6+1/x64/libglfw.so
7f4d708cd000-7f4d708d0000 rw-p 00070000 00:2f 28158                      /tmp/lwjgl_annihilator/3.3.6+1/x64/libglfw.so
7f4d708d0000-7f4d708f3000 rw-p 00000000 00:00 0 
7f4d708f3000-7f4d708f4000 rw-p 00000000 00:00 0 
7f4d708f4000-7f4d708f8000 ---p 00000000 00:00 0 
7f4d708f8000-7f4d70cf8000 rw-p 00000000 00:00 0 
7f4d70cf8000-7f4d70cfc000 ---p 00000000 00:00 0 
7f4d70cfc000-7f4d70df8000 rw-p 00000000 00:00 0 
7f4d70e9a000-7f4d70e9b000 r-xp 00000000 00:00 0 
7f4d70e9b000-7f4d70e9c000 r--p 00000000 00:00 0 
7f4d70e9c000-7f4d70e9d000 r-xp 00000000 00:00 0 
7f4d70e9d000-7f4d70e9e000 r--p 00000000 00:00 0 
7f4d70e9e000-7f4d70e9f000 r-xp 00000000 00:00 0 
7f4d70e9f000-7f4d70ea0000 r--p 00000000 00:00 0 
7f4d70ef9000-7f4d70efa000 rw-p 00000000 00:00 0 
7f4d70efa000-7f4d70efe000 ---p 00000000 00:00 0 
7f4d70efe000-7f4d70ffb000 rw-p 00000000 00:00 0 
7f4d70ffb000-7f4d70fff000 ---p 00000000 00:00 0 
7f4d70fff000-7f4d710fc000 rw-p 00000000 00:00 0 
7f4d710fc000-7f4d71100000 ---p 00000000 00:00 0 
7f4d71100000-7f4d711fd000 rw-p 00000000 00:00 0 
7f4d711fd000-7f4d71201000 ---p 00000000 00:00 0 
7f4d71201000-7f4d712fe000 rw-p 00000000 00:00 0 
7f4d712fe000-7f4d71302000 ---p 00000000 00:00 0 
7f4d71302000-7f4d713ff000 rw-p 00000000 00:00 0 
7f4d713ff000-7f4d71403000 ---p 00000000 00:00 0 
7f4d71403000-7f4d71500000 rw-p 00000000 00:00 0 
7f4d71500000-7f4d71504000 ---p 00000000 00:00 0 
7f4d71504000-7f4d71600000 rw-p 00000000 00:00 0 
7f4d71600000-7f4d718ee000 r--p 00000000 103:02 4837164                   /usr/lib/locale/locale-archive
7f4d718ee000-7f4d718f2000 rw-s 00000000 00:07 1110                       /dev/nvidiactl
7f4d718f2000-7f4d718f4000 r--p 00000000 103:02 4748283                   /usr/lib/libgmodule-2.0.so.0.8800.3
7f4d718f4000-7f4d718f6000 r-xp 00002000 103:02 4748283                   /usr/lib/libgmodule-2.0.so.0.8800.3
7f4d718f6000-7f4d718f7000 r--p 00004000 103:02 4748283                   /usr/lib/libgmodule-2.0.so.0.8800.3
7f4d718f7000-7f4d718f8000 r--p 00004000 103:02 4748283                   /usr/lib/libgmodule-2.0.so.0.8800.3
7f4d718f8000-7f4d718f9000 rw-p 00005000 103:02 4748283                   /usr/lib/libgmodule-2.0.so.0.8800.3
7f4d718f9000-7f4d718fa000 rw-p 00000000 00:00 0 
7f4d718fa000-7f4d718fe000 ---p 00000000 00:00 0 
7f4d718fe000-7f4d719fb000 rw-p 00000000 00:00 0 
7f4d719fb000-7f4d719ff000 ---p 00000000 00:00 0 
7f4d719ff000-7f4d71afc000 rw-p 00000000 00:00 0 
7f4d71afc000-7f4d71b00000 ---p 00000000 00:00 0 
7f4d71b00000-7f4d72000000 rw-p 00000000 00:00 0 
7f4d72000000-7f4d7463d000 rw-p 00000000 00:00 0 
7f4d7463d000-7f4d78000000 ---p 00000000 00:00 0 
7f4d78000000-7f4d7ac18000 rw-p 00000000 00:00 0 
7f4d7ac18000-7f4d7c000000 ---p 00000000 00:00 0 
7f4d7c000000-7f4d7c001000 rw-s 00000000 00:07 1112                       /dev/nvidia0
7f4d7c001000-7f4d7c002000 r--p 00000000 103:02 4751862                   /usr/lib/libxcb-shm.so.0.0.0
7f4d7c002000-7f4d7c003000 r-xp 00001000 103:02 4751862                   /usr/lib/libxcb-shm.so.0.0.0
7f4d7c003000-7f4d7c004000 r--p 00002000 103:02 4751862                   /usr/lib/libxcb-shm.so.0.0.0
7f4d7c004000-7f4d7c005000 r--p 00002000 103:02 4751862                   /usr/lib/libxcb-shm.so.0.0.0
7f4d7c005000-7f4d7c006000 rw-p 00003000 103:02 4751862                   /usr/lib/libxcb-shm.so.0.0.0
7f4d7c006000-7f4d7c008000 r--p 00000000 103:02 4815120                   /usr/lib/libthai.so.0.3.2
7f4d7c008000-7f4d7c00c000 r-xp 00002000 103:02 4815120                   /usr/lib/libthai.so.0.3.2
7f4d7c00c000-7f4d7c00f000 r--p 00006000 103:02 4815120                   /usr/lib/libthai.so.0.3.2
7f4d7c00f000-7f4d7c010000 r--p 00008000 103:02 4815120                   /usr/lib/libthai.so.0.3.2
7f4d7c010000-7f4d7c011000 rw-p 00009000 103:02 4815120                   /usr/lib/libthai.so.0.3.2
7f4d7c011000-7f4d7c019000 r--p 00000000 103:02 4815145                   /usr/lib/libpangoft2-1.0.so.0.5800.2
7f4d7c019000-7f4d7c029000 r-xp 00008000 103:02 4815145                   /usr/lib/libpangoft2-1.0.so.0.5800.2
7f4d7c029000-7f4d7c02e000 r--p 00018000 103:02 4815145                   /usr/lib/libpangoft2-1.0.so.0.5800.2
7f4d7c02e000-7f4d7c02f000 r--p 0001d000 103:02 4815145                   /usr/lib/libpangoft2-1.0.so.0.5800.2
7f4d7c02f000-7f4d7c030000 rw-p 0001e000 103:02 4815145                   /usr/lib/libpangoft2-1.0.so.0.5800.2
7f4d7c030000-7f4d7c035000 r--p 00000000 103:02 4815137                   /usr/lib/libpangocairo-1.0.so.0.5800.2
7f4d7c035000-7f4d7c03e000 r-xp 00005000 103:02 4815137                   /usr/lib/libpangocairo-1.0.so.0.5800.2
7f4d7c03e000-7f4d7c040000 r--p 0000e000 103:02 4815137                   /usr/lib/libpangocairo-1.0.so.0.5800.2
7f4d7c040000-7f4d7c041000 r--p 00010000 103:02 4815137                   /usr/lib/libpangocairo-1.0.so.0.5800.2
7f4d7c041000-7f4d7c042000 rw-p 00011000 103:02 4815137                   /usr/lib/libpangocairo-1.0.so.0.5800.2
7f4d7c042000-7f4d7c046000 r--p 00000000 103:02 4726011                   /usr/lib/libdecor/plugins-1/libdecor-cairo.so
7f4d7c046000-7f4d7c04c000 r-xp 00004000 103:02 4726011                   /usr/lib/libdecor/plugins-1/libdecor-cairo.so
7f4d7c04c000-7f4d7c04e000 r--p 0000a000 103:02 4726011                   /usr/lib/libdecor/plugins-1/libdecor-cairo.so
7f4d7c04e000-7f4d7c051000 r--p 0000b000 103:02 4726011                   /usr/lib/libdecor/plugins-1/libdecor-cairo.so
7f4d7c051000-7f4d7c052000 rw-p 0000e000 103:02 4726011                   /usr/lib/libdecor/plugins-1/libdecor-cairo.so
7f4d7c052000-7f4d7c055000 r--p 00000000 103:02 4725997                   /usr/lib/libdecor-0.so.0.200.5
7f4d7c055000-7f4d7c058000 r-xp 00003000 103:02 4725997                   /usr/lib/libdecor-0.so.0.200.5
7f4d7c058000-7f4d7c05a000 r--p 00006000 103:02 4725997                   /usr/lib/libdecor-0.so.0.200.5
7f4d7c05a000-7f4d7c05b000 r--p 00007000 103:02 4725997                   /usr/lib/libdecor-0.so.0.200.5
7f4d7c05b000-7f4d7c05c000 rw-p 00008000 103:02 4725997                   /usr/lib/libdecor-0.so.0.200.5
7f4d7c05c000-7f4d7c05e000 r--p 00000000 103:02 4780624                   /usr/lib/libffi.so.8.5.0
7f4d7c05e000-7f4d7c066000 r-xp 00002000 103:02 4780624                   /usr/lib/libffi.so.8.5.0
7f4d7c066000-7f4d7c068000 r--p 0000a000 103:02 4780624                   /usr/lib/libffi.so.8.5.0
7f4d7c068000-7f4d7c069000 r--p 0000b000 103:02 4780624                   /usr/lib/libffi.so.8.5.0
7f4d7c069000-7f4d7c06a000 rw-p 0000c000 103:02 4780624                   /usr/lib/libffi.so.8.5.0
7f4d7c06a000-7f4d7c096000 r--p 00000000 00:2f 28110                      /tmp/lwjgl_annihilator/3.3.6+1/x64/liblwjgl.so
7f4d7c096000-7f4d7c0ca000 r-xp 0002c000 00:2f 28110                      /tmp/lwjgl_annihilator/3.3.6+1/x64/liblwjgl.so
7f4d7c0ca000-7f4d7c0e4000 r--p 00060000 00:2f 28110                      /tmp/lwjgl_annihilator/3.3.6+1/x64/liblwjgl.so
7f4d7c0e4000-7f4d7c0e5000 r--p 00079000 00:2f 28110                      /tmp/lwjgl_annihilator/3.3.6+1/x64/liblwjgl.so
7f4d7c0e5000-7f4d7c0e6000 rw-p 0007a000 00:2f 28110                      /tmp/lwjgl_annihilator/3.3.6+1/x64/liblwjgl.so
7f4d7c0e6000-7f4d7c1e7000 rw-p 00000000 00:00 0 
7f4d7c1e7000-7f4d7c87f000 rw-p 00000000 00:00 0 
7f4d7c87f000-7f4d7fdd7000 ---p 00000000 00:00 0 
7f4d7fdd7000-7f4d7fde7000 rw-p 00000000 00:00 0 
7f4d7fde7000-7f4d7fdef000 ---p 00000000 00:00 0 
7f4d7fdef000-7f4d7fdf7000 rw-p 00000000 00:00 0 
7f4d7fdf7000-7f4d7fdff000 ---p 00000000 00:00 0 
7f4d7fdff000-7f4d8134f000 rwxp 00000000 00:00 0 
7f4d8134f000-7f4d8725f000 ---p 00000000 00:00 0 
7f4d8725f000-7f4d878ef000 rwxp 00000000 00:00 0 
7f4d878ef000-7f4d879a0000 ---p 00000000 00:00 0 
7f4d879a0000-7f4d88050000 rwxp 00000000 00:00 0 
7f4d88050000-7f4d8ee00000 ---p 00000000 00:00 0 
7f4d8ee00000-7f4d97e1c000 r--s 00000000 103:02 7880807                   /usr/lib/jvm/java-26-openjdk/lib/modules
7f4d97e1c000-7f4d97e1e000 rw-s 00000000 00:07 1110                       /dev/nvidiactl
7f4d97e1e000-7f4d97e1f000 r--p 00000000 103:02 4818228                   /usr/lib/libwayland-egl.so.1.26.0
7f4d97e1f000-7f4d97e20000 r-xp 00001000 103:02 4818228                   /usr/lib/libwayland-egl.so.1.26.0
7f4d97e20000-7f4d97e21000 r--p 00002000 103:02 4818228                   /usr/lib/libwayland-egl.so.1.26.0
7f4d97e21000-7f4d97e22000 r--p 00002000 103:02 4818228                   /usr/lib/libwayland-egl.so.1.26.0
7f4d97e22000-7f4d97e23000 rw-p 00003000 103:02 4818228                   /usr/lib/libwayland-egl.so.1.26.0
7f4d97e23000-7f4d9bff4000 rw-p 00000000 00:00 0 
7f4d9bff4000-7f4d9c000000 ---p 00000000 00:00 0 
7f4d9c000000-7f4d9c001000 rw-s 00000000 00:07 1110                       /dev/nvidiactl
7f4d9c001000-7f4d9c004000 r--p 00000000 103:02 4815658                   /usr/lib/libwayland-client.so.0.26.0
7f4d9c004000-7f4d9c00b000 r-xp 00003000 103:02 4815658                   /usr/lib/libwayland-client.so.0.26.0
7f4d9c00b000-7f4d9c00e000 r--p 0000a000 103:02 4815658                   /usr/lib/libwayland-client.so.0.26.0
7f4d9c00e000-7f4d9c010000 r--p 0000c000 103:02 4815658                   /usr/lib/libwayland-client.so.0.26.0
7f4d9c010000-7f4d9c011000 rw-p 0000e000 103:02 4815658                   /usr/lib/libwayland-client.so.0.26.0
7f4d9c011000-7f4d9cc5e000 rw-p 00000000 00:00 0 
7f4d9cc5e000-7f4d9cf61000 rw-p 00000000 00:00 0 
7f4d9cf61000-7f4d9d034000 rw-p 00000000 00:00 0 
7f4d9d034000-7f4d9d6df000 ---p 00000000 00:00 0 
7f4d9d6df000-7f4d9d6e1000 rw-p 00000000 00:00 0 
7f4d9d6e1000-7f4d9d6e2000 ---p 00000000 00:00 0 
7f4d9d6e2000-7f4d9d6e3000 rw-p 00000000 00:00 0 
7f4d9d6e3000-7f4d9d6e4000 ---p 00000000 00:00 0 
7f4d9d6e4000-7f4d9d7b7000 rw-p 00000000 00:00 0 
7f4d9d7b7000-7f4d9de62000 ---p 00000000 00:00 0 
7f4d9de62000-7f4d9de64000 rw-p 00000000 00:00 0 
7f4d9de64000-7f4d9de65000 ---p 00000000 00:00 0 
7f4d9de65000-7f4d9de66000 rw-p 00000000 00:00 0 
7f4d9de66000-7f4d9de67000 ---p 00000000 00:00 0 
7f4d9de67000-7f4d9df3a000 rw-p 00000000 00:00 0 
7f4d9df3a000-7f4d9e5e5000 ---p 00000000 00:00 0 
7f4d9e5e5000-7f4d9e5e7000 rw-p 00000000 00:00 0 
7f4d9e5e7000-7f4d9e5e8000 ---p 00000000 00:00 0 
7f4d9e5e8000-7f4d9e5e9000 rw-p 00000000 00:00 0 
7f4d9e5e9000-7f4d9e5ea000 ---p 00000000 00:00 0 
7f4d9e5ea000-7f4d9f305000 rw-p 00000000 00:00 0 
7f4d9f305000-7f4d9f3e0000 ---p 00000000 00:00 0 
7f4d9f3e0000-7f4d9f40b000 rw-p 00000000 00:00 0 
7f4d9f40b000-7f4d9f4c9000 ---p 00000000 00:00 0 
7f4d9f4c9000-7f4d9f4d9000 r--p 00000000 103:02 4722178                   /usr/lib/libm.so.6
7f4d9f4d9000-7f4d9f575000 r-xp 00010000 103:02 4722178                   /usr/lib/libm.so.6
7f4d9f575000-7f4d9f5fe000 r--p 000ac000 103:02 4722178                   /usr/lib/libm.so.6
7f4d9f5fe000-7f4d9f5ff000 r--p 00134000 103:02 4722178                   /usr/lib/libm.so.6
7f4d9f5ff000-7f4d9f600000 rw-p 00135000 103:02 4722178                   /usr/lib/libm.so.6
7f4d9f600000-7f4d9f69a000 r--p 00000000 103:02 4748526                   /usr/lib/libstdc++.so.6.0.36
7f4d9f69a000-7f4d9f81d000 r-xp 0009a000 103:02 4748526                   /usr/lib/libstdc++.so.6.0.36
7f4d9f81d000-7f4d9f8bd000 r--p 0021d000 103:02 4748526                   /usr/lib/libstdc++.so.6.0.36
7f4d9f8bd000-7f4d9f8ce000 r--p 002bc000 103:02 4748526                   /usr/lib/libstdc++.so.6.0.36
7f4d9f8ce000-7f4d9f8cf000 rw-p 002cd000 103:02 4748526                   /usr/lib/libstdc++.so.6.0.36
7f4d9f8cf000-7f4d9f8d3000 rw-p 00000000 00:00 0 
7f4d9f8d3000-7f4d9f8d4000 rw-s 00000000 00:07 1110                       /dev/nvidiactl
7f4d9f8d4000-7f4d9f8d6000 r--p 00000000 00:1a 53161                      /dev/shm/716e306c-95b7-4d19-95b4-1c569de03be9 (deleted)
7f4d9f8d6000-7f4d9f8d7000 r--p 00000000 103:02 4817284                   /usr/lib/libwayland-cursor.so.0.26.0
7f4d9f8d7000-7f4d9f8d9000 r-xp 00001000 103:02 4817284                   /usr/lib/libwayland-cursor.so.0.26.0
7f4d9f8d9000-7f4d9f8da000 r--p 00003000 103:02 4817284                   /usr/lib/libwayland-cursor.so.0.26.0
7f4d9f8da000-7f4d9f8db000 r--p 00003000 103:02 4817284                   /usr/lib/libwayland-cursor.so.0.26.0
7f4d9f8db000-7f4d9f8df000 rw-p 00004000 103:02 4817284                   /usr/lib/libwayland-cursor.so.0.26.0
7f4d9f8df000-7f4d9f8e0000 r--p 00000000 103:02 4722210                   /usr/lib/librt.so.1
7f4d9f8e0000-7f4d9f8e1000 r-xp 00001000 103:02 4722210                   /usr/lib/librt.so.1
7f4d9f8e1000-7f4d9f8e2000 r--p 00002000 103:02 4722210                   /usr/lib/librt.so.1
7f4d9f8e2000-7f4d9f8e3000 r--p 00002000 103:02 4722210                   /usr/lib/librt.so.1
7f4d9f8e3000-7f4d9f8e4000 rw-p 00003000 103:02 4722210                   /usr/lib/librt.so.1
7f4d9f8e4000-7f4d9f8e5000 r--p 00000000 103:02 4722204                   /usr/lib/libpthread.so.0
7f4d9f8e5000-7f4d9f8e6000 r-xp 00001000 103:02 4722204                   /usr/lib/libpthread.so.0
7f4d9f8e6000-7f4d9f8e7000 r--p 00002000 103:02 4722204                   /usr/lib/libpthread.so.0
7f4d9f8e7000-7f4d9f8e8000 r--p 00002000 103:02 4722204                   /usr/lib/libpthread.so.0
7f4d9f8e8000-7f4d9f8e9000 rw-p 00003000 103:02 4722204                   /usr/lib/libpthread.so.0
7f4d9f8e9000-7f4d9f8eb000 r--p 00000000 103:02 7880806                   /usr/lib/jvm/java-26-openjdk/lib/libzip.so
7f4d9f8eb000-7f4d9f8ef000 r-xp 00002000 103:02 7880806                   /usr/lib/jvm/java-26-openjdk/lib/libzip.so
7f4d9f8ef000-7f4d9f8f1000 r--p 00006000 103:02 7880806                   /usr/lib/jvm/java-26-openjdk/lib/libzip.so
7f4d9f8f1000-7f4d9f8f2000 r--p 00007000 103:02 7880806                   /usr/lib/jvm/java-26-openjdk/lib/libzip.so
7f4d9f8f2000-7f4d9f8f3000 rw-p 00008000 103:02 7880806                   /usr/lib/jvm/java-26-openjdk/lib/libzip.so
7f4d9f8f3000-7f4d9f8f5000 r--p 00000000 103:02 7880796                   /usr/lib/jvm/java-26-openjdk/lib/libnet.so
7f4d9f8f5000-7f4d9f8fc000 r-xp 00002000 103:02 7880796                   /usr/lib/jvm/java-26-openjdk/lib/libnet.so
7f4d9f8fc000-7f4d9f8fe000 r--p 00009000 103:02 7880796                   /usr/lib/jvm/java-26-openjdk/lib/libnet.so
7f4d9f8fe000-7f4d9f8ff000 r--p 0000a000 103:02 7880796                   /usr/lib/jvm/java-26-openjdk/lib/libnet.so
7f4d9f8ff000-7f4d9f900000 rw-p 0000b000 103:02 7880796                   /usr/lib/jvm/java-26-openjdk/lib/libnet.so
7f4d9f900000-7f4d9f904000 ---p 00000000 00:00 0 
7f4d9f904000-7f4d9fa00000 rw-p 00000000 00:00 0 
7f4d9fa00000-7f4d9fa0e000 r--p 00000000 103:02 7880818                   /usr/lib/jvm/java-26-openjdk/lib/server/libjvm.so
7f4d9fa0e000-7f4da0957000 r-xp 0000e000 103:02 7880818                   /usr/lib/jvm/java-26-openjdk/lib/server/libjvm.so
7f4da0957000-7f4da0b9e000 r--p 00f57000 103:02 7880818                   /usr/lib/jvm/java-26-openjdk/lib/server/libjvm.so
7f4da0b9e000-7f4da0c90000 r--p 0119d000 103:02 7880818                   /usr/lib/jvm/java-26-openjdk/lib/server/libjvm.so
7f4da0c90000-7f4da0cb1000 rw-p 0128f000 103:02 7880818                   /usr/lib/jvm/java-26-openjdk/lib/server/libjvm.so
7f4da0cb1000-7f4da0d34000 rw-p 00000000 00:00 0 
7f4da0d34000-7f4da0d35000 r--s 00000000 00:07 1110                       /dev/nvidiactl
7f4da0d35000-7f4da0d37000 r--p 00000000 00:1a 53161                      /dev/shm/716e306c-95b7-4d19-95b4-1c569de03be9 (deleted)
7f4da0d37000-7f4da0d3e000 r--p 00000000 103:02 7880797                   /usr/lib/jvm/java-26-openjdk/lib/libnio.so
7f4da0d3e000-7f4da0d47000 r-xp 00007000 103:02 7880797                   /usr/lib/jvm/java-26-openjdk/lib/libnio.so
7f4da0d47000-7f4da0d4c000 r--p 00010000 103:02 7880797                   /usr/lib/jvm/java-26-openjdk/lib/libnio.so
7f4da0d4c000-7f4da0d4d000 r--p 00014000 103:02 7880797                   /usr/lib/jvm/java-26-openjdk/lib/libnio.so
7f4da0d4d000-7f4da0d4e000 rw-p 00015000 103:02 7880797                   /usr/lib/jvm/java-26-openjdk/lib/libnio.so
7f4da0d4e000-7f4da0d4f000 r--p 00000000 103:02 7880802                   /usr/lib/jvm/java-26-openjdk/lib/libsimdsort.so
7f4da0d4f000-7f4da0d89000 r-xp 00001000 103:02 7880802                   /usr/lib/jvm/java-26-openjdk/lib/libsimdsort.so
7f4da0d89000-7f4da0d8f000 r--p 0003b000 103:02 7880802                   /usr/lib/jvm/java-26-openjdk/lib/libsimdsort.so
7f4da0d8f000-7f4da0d90000 r--p 00040000 103:02 7880802                   /usr/lib/jvm/java-26-openjdk/lib/libsimdsort.so
7f4da0d90000-7f4da0d91000 rw-p 00041000 103:02 7880802                   /usr/lib/jvm/java-26-openjdk/lib/libsimdsort.so
7f4da0d91000-7f4da0ddf000 rw-p 00000000 00:00 0 
7f4da0ddf000-7f4da0de0000 ---p 00000000 00:00 0 
7f4da0de0000-7f4da0dea000 r--p 00000000 103:02 7880782                   /usr/lib/jvm/java-26-openjdk/lib/libjava.so
7f4da0dea000-7f4da0df8000 r-xp 0000a000 103:02 7880782                   /usr/lib/jvm/java-26-openjdk/lib/libjava.so
7f4da0df8000-7f4da0dfd000 r--p 00018000 103:02 7880782                   /usr/lib/jvm/java-26-openjdk/lib/libjava.so
7f4da0dfd000-7f4da0dfe000 r--p 0001d000 103:02 7880782                   /usr/lib/jvm/java-26-openjdk/lib/libjava.so
7f4da0dfe000-7f4da0dff000 rw-p 0001e000 103:02 7880782                   /usr/lib/jvm/java-26-openjdk/lib/libjava.so
7f4da0dff000-7f4da0e00000 rw-p 00000000 00:00 0 
7f4da0e00000-7f4da0e24000 r--p 00000000 103:02 4722147                   /usr/lib/libc.so.6
7f4da0e24000-7f4da0f9f000 r-xp 00024000 103:02 4722147                   /usr/lib/libc.so.6
7f4da0f9f000-7f4da1015000 r--p 0019f000 103:02 4722147                   /usr/lib/libc.so.6
7f4da1015000-7f4da1019000 r--p 00214000 103:02 4722147                   /usr/lib/libc.so.6
7f4da1019000-7f4da101b000 rw-p 00218000 103:02 4722147                   /usr/lib/libc.so.6
7f4da101b000-7f4da1024000 rw-p 00000000 00:00 0 
7f4da1024000-7f4da1025000 r-xp 0005e000 00:2f 28110                      /tmp/lwjgl_annihilator/3.3.6+1/x64/liblwjgl.so
7f4da1025000-7f4da1026000 rw-p 00000000 00:00 0 
7f4da1026000-7f4da1027000 r--p 00000000 103:02 4722163                   /usr/lib/libdl.so.2
7f4da1027000-7f4da1028000 r-xp 00001000 103:02 4722163                   /usr/lib/libdl.so.2
7f4da1028000-7f4da1029000 r--p 00002000 103:02 4722163                   /usr/lib/libdl.so.2
7f4da1029000-7f4da102a000 r--p 00002000 103:02 4722163                   /usr/lib/libdl.so.2
7f4da102a000-7f4da102b000 rw-p 00003000 103:02 4722163                   /usr/lib/libdl.so.2
7f4da102b000-7f4da102c000 r--p 00000000 103:02 4744044                   /usr/share/locale/en_GB/LC_MESSAGES/libc.mo
7f4da102c000-7f4da1034000 rw-s 00000000 00:2f 48961                      /tmp/hsperfdata_annihilator/2229192 (deleted)
7f4da1034000-7f4da1035000 ---p 00000000 00:00 0 
7f4da1035000-7f4da1036000 r--p 00000000 00:00 0 
7f4da1036000-7f4da1037000 ---p 00000000 00:00 0 
7f4da1037000-7f4da1038000 r--p 00000000 103:02 7880786                   /usr/lib/jvm/java-26-openjdk/lib/libjimage.so
7f4da1038000-7f4da103a000 r-xp 00001000 103:02 7880786                   /usr/lib/jvm/java-26-openjdk/lib/libjimage.so
7f4da103a000-7f4da103b000 r--p 00003000 103:02 7880786                   /usr/lib/jvm/java-26-openjdk/lib/libjimage.so
7f4da103b000-7f4da103c000 r--p 00003000 103:02 7880786                   /usr/lib/jvm/java-26-openjdk/lib/libjimage.so
7f4da103c000-7f4da103d000 rw-p 00004000 103:02 7880786                   /usr/lib/jvm/java-26-openjdk/lib/libjimage.so
7f4da103d000-7f4da1041000 r--p 00000000 103:02 4836834                   /usr/lib/libgcc_s.so.1
7f4da1041000-7f4da1064000 r-xp 00004000 103:02 4836834                   /usr/lib/libgcc_s.so.1
7f4da1064000-7f4da1068000 r--p 00027000 103:02 4836834                   /usr/lib/libgcc_s.so.1
7f4da1068000-7f4da1069000 r--p 0002b000 103:02 4836834                   /usr/lib/libgcc_s.so.1
7f4da1069000-7f4da106a000 rw-p 0002c000 103:02 4836834                   /usr/lib/libgcc_s.so.1
7f4da106a000-7f4da106c000 rw-p 00000000 00:00 0 
7f4da106c000-7f4da106f000 r--p 00000000 103:02 4742373                   /usr/lib/libz.so.1.3.2
7f4da106f000-7f4da107f000 r-xp 00003000 103:02 4742373                   /usr/lib/libz.so.1.3.2
7f4da107f000-7f4da1085000 r--p 00013000 103:02 4742373                   /usr/lib/libz.so.1.3.2
7f4da1085000-7f4da1086000 r--p 00018000 103:02 4742373                   /usr/lib/libz.so.1.3.2
7f4da1086000-7f4da1087000 rw-p 00019000 103:02 4742373                   /usr/lib/libz.so.1.3.2
7f4da1087000-7f4da1089000 r--p 00000000 103:02 7880787                   /usr/lib/jvm/java-26-openjdk/lib/libjli.so
7f4da1089000-7f4da1093000 r-xp 00002000 103:02 7880787                   /usr/lib/jvm/java-26-openjdk/lib/libjli.so
7f4da1093000-7f4da1096000 r--p 0000c000 103:02 7880787                   /usr/lib/jvm/java-26-openjdk/lib/libjli.so
7f4da1096000-7f4da1097000 r--p 0000e000 103:02 7880787                   /usr/lib/jvm/java-26-openjdk/lib/libjli.so
7f4da1097000-7f4da1098000 rw-p 0000f000 103:02 7880787                   /usr/lib/jvm/java-26-openjdk/lib/libjli.so
7f4da1098000-7f4da1099000 r--p 00000000 00:2f 28193                      /tmp/libglxshim.so
7f4da1099000-7f4da109a000 r-xp 00001000 00:2f 28193                      /tmp/libglxshim.so
7f4da109a000-7f4da109b000 r--p 00002000 00:2f 28193                      /tmp/libglxshim.so
7f4da109b000-7f4da109c000 r--p 00002000 00:2f 28193                      /tmp/libglxshim.so
7f4da109c000-7f4da109d000 rw-p 00003000 00:2f 28193                      /tmp/libglxshim.so
7f4da109d000-7f4da109f000 rw-p 00000000 00:00 0 
7f4da109f000-7f4da10d8000 r--p 00000000 103:02 656923                    /etc/ld.so.cache
7f4da10d8000-7f4da10dc000 r--p 00000000 00:00 0                          [vvar]
7f4da10dc000-7f4da10de000 r--p 00000000 00:00 0                          [vvar_vclock]
7f4da10de000-7f4da10e0000 r-xp 00000000 00:00 0                          [vdso]
7f4da10e0000-7f4da10e1000 r--p 00000000 103:02 4722097                   /usr/lib/ld-linux-x86-64.so.2
7f4da10e1000-7f4da110e000 r-xp 00001000 103:02 4722097                   /usr/lib/ld-linux-x86-64.so.2
7f4da110e000-7f4da111d000 r--p 0002e000 103:02 4722097                   /usr/lib/ld-linux-x86-64.so.2
7f4da111d000-7f4da111f000 r--p 0003d000 103:02 4722097                   /usr/lib/ld-linux-x86-64.so.2
7f4da111f000-7f4da1120000 rw-p 0003f000 103:02 4722097                   /usr/lib/ld-linux-x86-64.so.2
7f4da1120000-7f4da1121000 rw-p 00000000 00:00 0 
7ffe0fb8c000-7ffe0fbb4000 rw-p 00000000 00:00 0                          [stack]
ffffffffff600000-ffffffffff601000 --xp 00000000 00:00 0                  [vsyscall]
Total number of mappings: 2131

JVMTI agents: none


VM Arguments:
jvm_args: -Dnuvio.wayland.libmpv=/home/annihilator/dev/mpv/build/libmpv.so.2 -Dnuvio.wayland.realApp=true -Dnuvio.wayland.videoLog=true -Dnuvio.wayland.webChrome=true -Dorg.lwjgl.util.Debug=false --enable-native-access=ALL-UNNAMED -Dfile.encoding=UTF-8 -Duser.country=GB -Duser.language=en -Duser.variant 
java_command: com.nuvio.wayland.MainKt
java_class_path (initial): /home/annihilator/dev/NuvioDesktop/waylandHost/build/classes/java/main:/home/annihilator/dev/NuvioDesktop/waylandHost/build/classes/kotlin/main:/home/annihilator/dev/NuvioDesktop/waylandHost/build/resources/main:/home/annihilator/dev/NuvioDesktop/composeApp/build/libs/composeApp-desktop.jar:/home/annihilator/dev/NuvioDesktop/vendor/compose-media-player/mediaplayer/build/libs/composeMediaPlayer-jvm-0.11.4-nuvio.jar:/home/annihilator/.gradle/caches/modules-2/files-2.1/com.materialkolor.palette/core-jvm/4.0.0-beta02/e7ea3c09e6205047254ad2601a54c18c5be26906/kmpalette-core-jvm.jar:/home/annihilator/.gradle/caches/modules-2/files-2.1/org.jetbrains.compose.material3/material3-desktop/1.11.0-alpha07/422cb57765628e3959d1e27ac46660593643296b/material3-desktop-1.11.0-alpha07.jar:/home/annihilator/.gradle/caches/modules-2/files-2.1/dev.chrisbanes.haze/haze-jvm/1.7.2/a254162ea3c9ba2eea97a76058da89ac31e50233/haze-jvm.jar:/home/annihilator/.gradle/caches/modules-2/files-2.1/org.jetbrains.compose.components/components-resources-desktop/1.11.1/f4eb52d87f31584dacdb816a26376f39a1802e8a/library-desktop-1.11.1.jar:/home/annihilator/.gradle/caches/modules-2/files-2.1/sh.calvin.reorderable/reorderable-jvm/3.0.0/4032f6ad5422fe507c8acb2257a83ebc806f145e/reorderable-jvm-3.0.0.jar:/home/annihilator/.gradle/caches/modules-2/files-2.1/org.jetbrains.compose.desktop/desktop-jvm/1.11.1/1fee826ff9d1fafd500b57a22facfc0236bc14c7/desktop-jvm-1.11.1.jar:/home/annihilator/.gradle/caches/modules-2/files-2.1/org.jetbrains.androidx.navigation3/navigation3-ui-desktop/1.1.1/ff832586ef5d51d08b604d7a524fd7985b95af2b/navigation3-ui-desktop-1.1.1.jar:/home/annihilator/.gradle/caches/modules-2/files-2.1/org.jetbrains.compose.material/material-desktop/1.11.1/2891a6f3a62dc4c367636a521d1b680a7d6ff6d/material-desktop-1.11.1.jar:/home/annihilator/.gradle/caches/modules-2/files-2.1/org.jetbrains.compose.animation/animation-core-desktop/1.11.1/1bf633ecd1a38a1cf7a41630bc56cba0da9cc25b/animation-core-desktop-1.11.1.jar:/home/annihilator/.gradle/caches/modules-2/files-2.1/org.jetbrains.compose.material/material-ripple-desktop/1.11.1/ae97a5eeb23bc3f461bc3e16e2a9882175405d17/material-ripple-desktop-1.11.1.jar:/home/annihilator/.gradle/caches/modules-2/files-2.1/org.jetbrains.compose.animation/animation-desktop/1.11.1/f873fb28f1a08d45a4dd20a0130b3da8cadf383c/animation-desktop-1.11.1.jar:/home/annihilator/.gradle/caches/modules-2/files-2.1/org.jetbrains.compose.foundation/foundation-layout-desktop/1.11.1/853fc5d01388da6515ce40b719798914012f6469/foundation-layout-desktop-1.11.1.jar:/home/annihilator/.gradle/caches/modules-2/files-2.1/io.coil-kt.coil3/coil-compose-jvm/3.5.0-beta01/8499f43e80509e3fe55e4a90ad7ce6e816b190e4/coil-compose-jvm-3.5.0-beta01.jar:/home/annihilator/.gradle/caches/modules-2/files-2.1/io.coil-kt.coil3/coil-compose-core-jvm/3.5.0-beta01/12f6663116f0946fe3e87c15f573eb52ac6dc2bc/coil-compose-core-jvm-3.5.0-beta01.jar:/home/annihilator/.gradle/caches/modules-2/files-2.1/org.jetbrains.compose.foundation/foundation-desktop/1.11.1/6df316e7af2c0c97f200de289925f62ca8fce53d/foundation-desktop-1.11.1.jar:/home/annihilator/.gradle/caches/modules-2/files-2.1/org.jetbrains.compose.material/material-icons-extended-desktop/1.7.3/c7c5465dd754043076875b32bce0dd7f5a354fe8/material-icons-extended-desktop-1.7.3.jar:/home/annihilator/.gradle/caches/modules-2/files-2.1/org.jetbrains.compose.material/material-icons-core-desktop/1.7.3/414b3096050fe647b0638832eace80f22c06b85c/material-icons-core-desktop-1.7.3.jar:/home/annihilator/.gradle/caches/modules-2/files-2.1/org.jetbrains.compose.ui/ui-unit-desktop/1.11.1/f6c06f98da206d01dc40c1587c6bc4c40cbef623/ui-unit-desktop-1.11.1.jar:/home/annihilator/.gradle/caches/modules-2/files-2.1/org.jetbrains.compose.ui/ui-graphics-desktop/1.11.1/6ea106d02adf29694eedf12fdfb621947d3621bf/ui-graphics-desktop-1.11.1.jar:/home/annihilator/.gradle/caches/modules-2/files-2.1/org.jetbrains.compose.ui/ui-geometry-desktop/1.11.1/5e430152487375359973ac9874653d335dcc220/ui-geometry-desktop-1.11.1.jar:/home/annihilator/.gradle/caches/modules-2/files-2.1/org.jetbrains.compose.ui/ui-backhandler-desktop/1.11.1/bd3540bb1d6abd60c5e58f32663b2f3e89406cd1/ui-backhandler-desktop-1.11.1.jar:/home/annihilator/.gradle/caches/modules-2/files-2.1/org.jetbrains.compose.ui/ui-util-desktop/1.11.1/4302c582878b82ab24e1f34e6e90f967f7b416ed/ui-util-desktop-1.11.1.jar:/home/annihilator/.gradle/caches/modules-2/files-2.1/org.jetbrains.compose.ui/ui-text-desktop/1.11.1/6ded685e2601260d6231c859a849b96ee6c60368/ui-text-desktop-1.11.1.jar:/home/annihilator/.gradle/caches/modules-2/files-2.1/org.jetbrains.compose.ui/ui-tooling-preview-desktop/1.11.1/97ec578d33adc34adcaa63e9af7bb2328c6c29b7/ui-tooling-preview-desktop-1.11.1.jar:/home/annihilator/.gradle/caches/modules-2/files-2.1/com.materialkolor.palette/kmpalette-loader-jvm/4.0.0-beta02/346d1cbf659720dfc1952796e619da44789482f/kmpalette-loader-jvm.jar:/home/annihilator/.gradle/caches/modules-2/files-2.1/org.jetbrains.androidx.navigationevent/navigationevent-compose-desktop/1.0.1/ecaf02060a048a1f82584fe328e4e02fe6f982ad/navigationevent-compose-desktop-1.0.1.jar:/home/annihilator/.gradle/caches/modules-2/files-2.1/org.jetbrains.compose.ui/ui-desktop/1.11.1/24c40c0d60c77a6fb34f930f13bfa4a3ff62c0f/ui-desktop-1.11.1.jar:/home/annihilator/.gradle/caches/modules-2/files-2.1/androidx.navigation3/navigation3-runtime-desktop/1.1.1/f97607fbd9cd1c2a196dbdf2440b6ca78010c08a/navigation3-runtime-desktop-1.1.1.jar:/home/annihilator/.gradle/caches/modules-2/files-2.1/androidx.lifecycle/lifecycle-runtime-desktop/2.11.0-beta01/c2b5e2f7d739375538c2a74757531a30607f85ff/lifecycle-runtime-desktop-2.11.0-beta01.jar:/home/annihilator/.gradle/caches/modules-2/files-2.1/androidx.lifecycle/lifecycle-common-jvm/2.11.0-beta01/41ef287eee7e4befb1308c017df4de89a210490d/lifecycle-common-jvm-2.11.0-beta01.jar:/home/annihilator/.gradle/caches/modules-2/files-2.1/androidx.lifecycle/lifecycle-viewmodel-desktop/2.11.0-beta01/614711da4abf1ece2121521477a5920ed26a7f29/lifecycle-viewmodel-desktop-2.11.0-beta01.jar:/home/annihilator/.gradle/caches/modules-2/files-2.1/androidx.lifecycle/lifecycle-runtime-compose-desktop/2.11.0-beta01/392c6d5cb40bb6d59e3d7070607786b7328009d4/lifecycle-runtime-compose-desktop-2.11.0-beta01.jar:/home/annihilator/.gradle/caches/modules-2/files-2.1/androidx.lifecycle/lifecycle-viewmodel-compose-desktop/2.11.0-beta01/f04e89ec2d915b35cdcd4675591ae3997604173c/lifecycle-viewmodel-compose-desktop-2.11.0-beta01.jar:/home/annihilator/.gradle/caches/modules-2/files-2.1/androidx.lifecycle/lifecycle-viewmodel-savedstate-desktop/2.11.0-beta01/23c86e72183d96b3fff60102dca0de1da5fd4424/lifecycle-viewmodel-savedstate-desktop-2.11.0-beta01.jar:/home/annihilator/.gradle/caches/modules-2/files-2.1/org.jetbrains.androidx.savedstate/savedstate-compose-desktop/1.3.6/63692375ffe667f12cb3ea8aa1e605d659ed2add/savedstate-compose-desktop-1.3.6.jar:/home/annihilator/.gradle/caches/modules-2/files-2.1/androidx.savedstate/savedstate-desktop/1.4.0/3b049a0f81643d6b4b900de95bc23efc085c32d5/savedstate-desktop-1.4.0.jar:/home/annihilator/.gradle/caches/modules-2/files-2.1/androidx.savedstate/savedstate-compose-desktop/1.4.0/d3d6e0e2108528eb6080dc250da925a572be4202/savedstate-compose-desktop-1.4.0.jar:/home/annihilator/.gradle/caches/modules-2/files-2.1/androidx.navigationevent/navigationevent-desktop/1.0.2/ddb1e7fe97ed51c3d35bba493f97fcf12398719/navigationevent-desktop-1.0.2.jar:/home/annihilator/.gradle/caches/modules-2/files-2.1/androidx.compose.runtime/runtime-annotation-jvm/1.11.2/db4aa964627ac96331b72e231b9ad54318d112f4/runtime-annotation-jvm-1.11.2.jar:/home/annihilator/.gradle/caches/modules-2/files-2.1/androidx.compose.runtime/runtime-desktop/1.11.2/e93d95553cdd86c1cb8c02f50260cc1c8e341da8/runtime-desktop-1.11.2.jar:/home/annihilator/.gradle/caches/modules-2/files-2.1/androidx.compose.runtime/runtime-retain-desktop/1.11.2/3aa3ec26ef2a3d26bc556b51b33d09efc1a198e8/runtime-retain-desktop-1.11.2.jar:/home/annihilator/.gradle/caches/modules-2/files-2.1/androidx.compose.runtime/runtime-saveable-desktop/1.11.2/1618fae89791692a224fe7aa79edbd7a8f5b7522/runtime-saveable-desktop-1.11.2.jar:/home/annihilator/.gradle/caches/modules-2/files-2.1/org.jetbrains.compose.runtime/runtime-saveable-desktop/1.11.1/b7c8a8ed985a0f15b4d8d206de1fc6125b499388/runtime-saveable-desktop-1.11.1.jar:/home/annihilator/.gradle/caches/modules-2/files-2.1/org.jetbrains.androidx.lifecycle/lifecycle-runtime-compose-desktop/2.11.0-beta01/e93db8959692f5740745b457135c1ab209a67923/lifecycle-runtime-compose-desktop-2.11.0-beta01.jar:/home/annihilator/.gradle/caches/modules-2/files-2.1/org.jetbrains.androidx.lifecycle/lifecycle-viewmodel-compose-desktop/2.11.0-beta01/25df0b7b86731829cb34805ff8ebb167b198b916/lifecycle-viewmodel-compose-desktop-2.11.0-beta01.jar:/home/annihilator/.gradle/caches/modules-2/files-2.1/org.jetbrains.compose.runtime/runtime-desktop/1.11.1/1941336b045aac4b87cc3be81d9fdb9977c88c61/runtime-desktop-1.11.1.jar:/home/annihilator/.gradle/caches/modules-2/files-2.1/io.coil-kt.coil3/coil-network-ktor3-jvm/3.5.0-beta01/59ee23ce9f237edbad112c94a7cc65dc1939999b/coil-network-ktor3-jvm-3.5.0-beta01.jar:/home/annihilator/.gradle/caches/modules-2/files-2.1/io.coil-kt.coil3/coil-network-cache-control-jvm/3.5.0-beta01/92507c9b531bab9e0c7188af0057a8719c8fee05/coil-network-cache-control-jvm-3.5.0-beta01.jar:/home/annihilator/.gradle/caches/modules-2/files-2.1/io.coil-kt.coil3/coil-svg-jvm/3.5.0-beta01/7998e0f304b0c8c535dfda3ef86cf81faa88a813/coil-svg-jvm-3.5.0-beta01.jar:/home/annihilator/.gradle/caches/modules-2/files-2.1/org.jetbrains.kotlinx/atomicfu-jvm/0.32.1/766417c1430c117100e14af193c4fdbe6034b5e6/atomicfu-jvm-0.32.1.jar:/home/annihilator/.gradle/caches/modules-2/files-2.1/io.github.jan-tennert.supabase/postgrest-kt-jvm/3.4.1/5ce69132306e6aa1fcd959ebdeb502e821e3a47c/postgrest-kt-jvm-3.4.1.jar:/home/annihilator/.gradle/caches/modules-2/files-2.1/io.github.jan-tennert.supabase/functions-kt-jvm/3.4.1/2a6c5a1e77bb1d4895812d7292d8075e34b2fb55/functions-kt-jvm-3.4.1.jar:/home/annihilator/.gradle/caches/modules-2/files-2.1/io.github.jan-tennert.supabase/storage-kt-jvm/3.4.1/4f3eb000d3862395bdd976ab8679841be3029d43/storage-kt-jvm-3.4.1.jar:/home/annihilator/.gradle/caches/modules-2/files-2.1/io.github.jan-tennert.supabase/auth-kt-jvm/3.4.1/91413cc37352dda1f34a180c14f58601b6aa2ea0/auth-kt-jvm-3.4.1.jar:/home/annihilator/.gradle/caches/modules-2/files-2.1/io.ktor/ktor-client-cio-jvm/3.4.1/114327011eeecd416940e2d1be8c9bd5098907de/ktor-client-cio-jvm-3.4.1.jar:/home/annihilator/.gradle/caches/modules-2/files-2.1/io.github.dokar3/quickjs-kt-jvm/1.0.5/c76155aa176760f2ab1966aa61ebd1cc1334dee6/quickjs-jvm.jar:/home/annihilator/.gradle/caches/modules-2/files-2.1/com.fleeksoft.ksoup/ksoup-jvm/0.2.6/61a4f799ea43b8eb31856729500be73975e41a42/ksoup-jvm-0.2.6.jar:/home/annihilator/.gradle/caches/modules-2/files-2.1/org.jetbrains.skiko/skiko-awt-runtime-linux-x64/0.144.6/291f8626a2fecd06e9f585424360560189ab7303/skiko-awt-runtime-linux-x64-0.144.6.jar:/home/annihilator/.gradle/caches/modules-2/files-2.1/org.jetbrains.skiko/skiko-awt/0.144.6/c9bec39e3c517ed5591c71c7db0cbbe64b6be849/skiko-awt-0.144.6.jar:/home/annihilator/.gradle/caches/modules-2/files-2.1/io.github.vinceglb/filekit-core-jvm/0.14.2/2d6248437233553a08f656e1cfdfc3db3df14a13/filekit-core-jvm.jar:/home/annihilator/.gradle/caches/modules-2/files-2.1/io.ktor/ktor-server-cio-jvm/3.4.0/16a50d239963841ae64e8e207f93ae7a5fdd7062/ktor-server-cio-jvm-3.4.0.jar:/home/annihilator/.gradle/caches/modules-2/files-2.1/io.ktor/ktor-server-core-jvm/3.4.0/97aba0f5e3cd539679907382a3f5783b9a563165/ktor-server-core-jvm-3.4.0.jar:/home/annihilator/.gradle/caches/modules-2/files-2.1/org.jetbrains.kotlin/kotlin-reflect/2.3.10/98e0fa43a9204a252fa8806c9b2f3f3131590bcb/kotlin-reflect-2.3.10.jar:/home/annihilator/.gradle/caches/modules-2/files-2.1/com.squareup.okhttp3/okhttp/4.12.0/2f4525d4a200e97e1b87449c2cd9bd2e25b7e8cd/okhttp-4.12.0.jar:/home/annihilator/.gradle/caches/modules-2/files-2.1/org.jetbrains.kotlin/kotlin-stdlib-jdk8/1.9.0/e000bd084353d84c9e888f6fb341dc1f5b79d948/kotlin-stdlib-jdk8-1.9.0.jar:/home/annihilator/.gradle/caches/modules-2/files-2.1/io.github.jan-tennert.supabase/supabase-kt-jvm/3.4.1/4c8df2570087c4424f8c2f3c93d77b2ec4198fd5/supabase-kt-jvm-3.4.1.jar:/home/annihilator/.gradle/caches/modules-2/files-2.1/org.jetbrains.kotlinx/kotlinx-datetime-jvm/0.8.0/316346a7d44778581ff91154f72dfa576bce4ee2/kotlinx-datetime-jvm-0.8.0.jar:/home/annihilator/.gradle/caches/modules-2/files-2.1/androidx.graphics/graphics-shapes-desktop/1.1.0/a5d2198960bdc0915f74c6b2954d3323f35f40ea/graphics-shapes-desktop-1.1.0.jar:/home/annihilator/.gradle/caches/modules-2/files-2.1/androidx.collection/collection-jvm/1.5.0/7ba2c69414d46ebc2dd76598bdd0a75c54281a57/collection-jvm-1.5.0.jar:/home/annihilator/.gradle/caches/modules-2/files-2.1/io.coil-kt.coil3/coil-jvm/3.5.0-beta01/b0061205e37fc17ba27f52ba1ee42f2be1de31d3/coil-jvm-3.5.0-beta01.jar:/home/annihilator/.gradle/caches/modules-2/files-2.1/io.coil-kt.coil3/coil-network-core-jvm/3.5.0-beta01/27fa35b4c8e4fbcc99126099eba9600a1e8e5a56/coil-network-core-jvm-3.5.0-beta01.jar:/home/annihilator/.gradle/caches/modules-2/files-2.1/io.coil-kt.coil3/coil-core-jvm/3.5.0-beta01/a1cca49cdadfc07533b35de91d266adda8af9df8/coil-core-jvm-3.5.0-beta01.jar:/home/annihilator/.gradle/caches/modules-2/files-2.1/com.materialkolor.palette/androidx-palette-jvm/4.0.0-beta02/8635f5e4c28acd813bc78a044d6f1492de7c575/androidx-palette-jvm.jar:/home/annihilator/.gradle/caches/modules-2/files-2.1/dev.drewhamilton.poko/poko-annotations-jvm/0.21.3/1e98d2ec00742104bd01eaebbd59582dac99a62/poko-annotations-jvm-0.21.3.jar:/home/annihilator/.gradle/caches/modules-2/files-2.1/com.russhwolf/multiplatform-settings-no-arg-jvm/1.3.0/b9d2280a0d56597619afb286d7c5f697f2e83f03/multiplatform-settings-no-arg-jvm-1.3.0.jar:/home/annihilator/.gradle/caches/modules-2/files-2.1/com.russhwolf/multiplatform-settings-coroutines-jvm/1.3.0/c64a7df35357b1e8fa74b830d006d2ea23fcb395/multiplatform-settings-coroutines-jvm-1.3.0.jar:/home/annihilator/.gradle/caches/modules-2/files-2.1/dev.whyoleg.cryptography/cryptography-provider-jdk-jvm/0.5.0/3a2721ac930c182a0e424f2d558cfa9d52cc1b3/cryptography-provider-jdk-jvm-0.5.0.jar:/home/annihilator/.gradle/caches/modules-2/files-2.1/dev.whyoleg.cryptography/cryptography-provider-base-jvm/0.5.0/e03b79926494512ac452ca00cfa5e27135262d32/cryptography-provider-base-jvm-0.5.0.jar:/home/annihilator/.gradle/caches/modules-2/files-2.1/dev.whyoleg.cryptography/cryptography-serialization-asn1-modules-jvm/0.5.0/9308027088c76026a5b96f5b5b400859310ca1af/cryptography-serialization-asn1-modules-jvm-0.5.0.jar:/home/annihilator/.gradle/caches/modules-2/files-2.1/dev.whyoleg.cryptography/cryptography-serialization-asn1-jvm/0.5.0/242a38b98c1dd201f499485925f22c972858c153/cryptography-serialization-asn1-jvm-0.5.0.jar:/home/annihilator/.gradle/caches/modules-2/files-2.1/dev.whyoleg.cryptography/cryptography-bigint-jvm/0.5.0/97ac3202bf7f3792b3c8bc788a7bbb1b33ca2485/cryptography-bigint-jvm-0.5.0.jar:/home/annihilator/.gradle/caches/modules-2/files-2.1/dev.whyoleg.cryptography/cryptography-random-jvm/0.5.0/8e77668891b60f6058f1262e032d8b06d137bdde/cryptography-random-jvm-0.5.0.jar:/home/annihilator/.gradle/caches/modules-2/files-2.1/dev.whyoleg.cryptography/cryptography-serialization-pem-jvm/0.5.0/7b5cb41c77698e6fb3fab21e67bf7b9e988e11a2/cryptography-serialization-pem-jvm-0.5.0.jar:/home/annihilator/.gradle/caches/modules-2/files-2.1/dev.whyoleg.cryptography/cryptography-provider-optimal-jvm/0.5.0/f0ff9daaf78932f6348ee90d014ca4c78337971b/cryptography-provider-optimal-jvm-0.5.0.jar:/home/annihilator/.gradle/caches/modules-2/files-2.1/dev.whyoleg.cryptography/cryptography-core-jvm/0.5.0/d0fc25786ede38c33893236eacc3d6ab11d2ad10/cryptography-core-jvm-0.5.0.jar:/home/annihilator/.gradle/caches/modules-2/files-2.1/io.ktor/ktor-client-content-negotiation-jvm/3.4.0/266c1aef9d340c22cd859dd5c9174c2e1d86489f/ktor-client-content-negotiation-jvm-3.4.0.jar:/home/annihilator/.gradle/caches/modules-2/files-2.1/io.ktor/ktor-client-core-jvm/3.4.1/84dc032a29f56bdac73449f78a0a2e7f9cab042/ktor-client-core-jvm-3.4.1.jar:/home/annihilator/.gradle/caches/modules-2/files-2.1/io.ktor/ktor-http-cio-jvm/3.4.1/3bd25f53a79a1f68eaec86ae9da4878314cc80af/ktor-http-cio-jvm-3.4.1.jar:/home/annihilator/.gradle/caches/modules-2/files-2.1/io.ktor/ktor-websocket-serialization-jvm/3.4.1/3a687a268f242dab9b624b78d3daeb646aeed5cb/ktor-websocket-serialization-jvm-3.4.1.jar:/home/annihilator/.gradle/caches/modules-2/files-2.1/io.ktor/ktor-serialization-kotlinx-json-jvm/3.4.0/2a09f17d70b6e61623fd8aff9bdce6d7877892/ktor-serialization-kotlinx-json-jvm-3.4.0.jar:/home/annihilator/.gradle/caches/modules-2/files-2.1/io.ktor/ktor-serialization-kotlinx-jvm/3.4.0/d001db47b2ebe8ad8b2cb1bb2a687688840f5887/ktor-serialization-kotlinx-jvm-3.4.0.jar:/home/annihilator/.gradle/caches/modules-2/files-2.1/io.ktor/ktor-serialization-jvm/3.4.1/6fec7fdb4da27d09ff33a34e6e990b215f7c19c4/ktor-serialization-jvm-3.4.1.jar:/home/annihilator/.gradle/caches/modules-2/files-2.1/io.ktor/ktor-websockets-jvm/3.4.1/83226f3612bffab4d0af0d26f9e4d6b7d2e02a58/ktor-websockets-jvm-3.4.1.jar:/home/annihilator/.gradle/caches/modules-2/files-2.1/io.ktor/ktor-network-tls-jvm/3.4.1/8d17de5904253b073b44499a3e67ba99ca2ca8f6/ktor-network-tls-jvm-3.4.1.jar:/home/annihilator/.gradle/caches/modules-2/files-2.1/com.fleeksoft.charset/charset-jvm/0.0.8/b6fcd5cc804844347929a83c56f1fdd854c9ce66/charset-jvm-0.0.8.jar:/home/annihilator/.gradle/caches/modules-2/files-2.1/com.fleeksoft.io/io-core-jvm/0.0.8/78517ce1ff4c2ccbb8b91b9f1549c6e7a0ae1044/io-core-jvm-0.0.8.jar:/home/annihilator/.gradle/caches/modules-2/files-2.1/co.touchlab/stately-concurrency-jvm/2.1.0/6285428408c4d7e4a6d9a09511de877103effd81/stately-concurrency-jvm-2.1.0.jar:/home/annihilator/.gradle/caches/modules-2/files-2.1/org.jetbrains.kotlin/kotlin-stdlib-jdk7/1.9.0/f320478990d05e0cfaadd74f9619fd6027adbf37/kotlin-stdlib-jdk7-1.9.0.jar:/home/annihilator/.gradle/caches/modules-2/files-2.1/org.jetbrains.kotlinx/kotlinx-coroutines-slf4j/1.11.0/556153d93573d016dd4e5df37e3d03d07d8d303/kotlinx-coroutines-slf4j-1.11.0.jar:/home/annihilator/.gradle/caches/modules-2/files-2.1/org.jetbrains.kotlinx/kotlinx-coroutines-swing/1.11.0/3cf134b8aefd813622edc37e60d66b939b55cb36/kotlinx-coroutines-swing-1.11.0.jar:/home/annihilator/.gradle/caches/modules-2/files-2.1/io.ktor/ktor-http-jvm/3.4.1/6605b91c8f06bb6f67e2ec13b8ccea7926f4a526/ktor-http-jvm-3.4.1.jar:/home/annihilator/.gradle/caches/modules-2/files-2.1/io.ktor/ktor-events-jvm/3.4.1/c7aa6bd43fcaf3da2f57a5417b1df66814ec2577/ktor-events-jvm-3.4.1.jar:/home/annihilator/.gradle/caches/modules-2/files-2.1/io.ktor/ktor-sse-jvm/3.4.1/f95e6419c5bb24bed7c718dbff8b292a90db881e/ktor-sse-jvm-3.4.1.jar:/home/annihilator/.gradle/caches/modules-2/files-2.1/io.ktor/ktor-network-jvm/3.4.1/a3b710fabdc38031ff0fb96eaee2a6ddf5ada9c6/ktor-network-jvm-3.4.1.jar:/home/annihilator/.gradle/caches/modules-2/files-2.1/io.ktor/ktor-utils-jvm/3.4.1/f1ad623952ea49c631db750560228e3984790e48/ktor-utils-jvm-3.4.1.jar:/home/annihilator/.gradle/caches/modules-2/files-2.1/io.ktor/ktor-io-jvm/3.4.1/fccd4e08dde189d82ae9a3f5fdbbf152ccd3a9c8/ktor-io-jvm-3.4.1.jar:/home/annihilator/.gradle/caches/modules-2/files-2.1/org.jetbrains.kotlinx/kotlinx-coroutines-core-jvm/1.11.0/3d57dc678bd8d72a60e7adf0eca5c54e3f4f4b79/kotlinx-coroutines-core-jvm-1.11.0.jar:/home/annihilator/.gradle/caches/modules-2/files-2.1/org.jetbrains.kotlinx/kotlinx-serialization-json-io-jvm/1.11.0/645ed54ca9128fc217b30b3686a083141ebe635c/kotlinx-serialization-json-io-jvm-1.11.0.jar:/home/annihilator/.gradle/caches/modules-2/files-2.1/org.jetbrains.kotlinx/kotlinx-serialization-json-jvm/1.11.0/e7e045e99e56f07599bb9ccb708c2190e2af0606/kotlinx-serialization-json-jvm-1.11.0.jar:/home/annihilator/.gradle/caches/modules-2/files-2.1/org.jetbrains.kotlinx/kotlinx-serialization-core-jvm/1.11.0/c1905c9bf7452b045d5af9248835abe64ddad6bf/kotlinx-serialization-core-jvm-1.11.0.jar:/home/annihilator/.gradle/caches/modules-2/files-2.1/androidx.arch.core/core-common/2.2.0/5e1b8b81dfd5f52c56a8d53b18ca759c19a301f3/core-common-2.2.0.jar:/home/annihilator/.gradle/caches/modules-2/files-2.1/androidx.annotation/annotation-jvm/1.10.0/388cfaa79001d0f024d28f6a13d5a3dfc2f0e18f/annotation-jvm-1.10.0.jar:/home/annihilator/.gradle/caches/modules-2/files-2.1/org.jetbrains.kotlinx/kotlinx-io-core-jvm/0.9.0/7f7536f8f057ffc7f79375714e9730c4b8bdd7c9/kotlinx-io-core-jvm-0.9.0.jar:/home/annihilator/.gradle/caches/modules-2/files-2.1/com.squareup.okio/okio-jvm/3.17.0/a12d684ec0df9541b3869ae60a4a5257fd3613df/okio-jvm-3.17.0.jar:/home/annihilator/.gradle/caches/modules-2/files-2.1/co.touchlab/kermit-jvm/2.0.8/83ee3b1da12d91011c3e93558f97bc28665810de/kermit-jvm-2.0.8.jar:/home/annihilator/.gradle/caches/modules-2/files-2.1/org.jetbrains.kotlinx/kotlinx-collections-immutable-jvm/0.4.0/82499bf608b0fc3ae6737a5eac1a1f1325279bbf/kotlinx-collections-immutable-jvm-0.4.0.jar:/home/annihilator/.gradle/caches/modules-2/files-2.1/com.russhwolf/multiplatform-settings-jvm/1.3.0/76fe39b1cbb2b2b951ec230ab85e610ae179aab7/multiplatform-settings-jvm-1.3.0.jar:/home/annihilator/.gradle/caches/modules-2/files-2.1/co.touchlab/stately-strict-jvm/2.1.0/3ae8369209065455f4630793bf6aca0fb88c8b6b/stately-strict-jvm-2.1.0.jar:/home/annihilator/.gradle/caches/modules-2/files-2.1/org.jetbrains.kotlinx/kotlinx-io-bytestring-jvm/0.9.0/e73a7915234a8ea7954f32b715ef8e42b02f66a3/kotlinx-io-bytestring-jvm-0.9.0.jar:/home/annihilator/.gradle/caches/modules-2/files-2.1/co.touchlab/kermit-core-jvm/2.0.8/7d782124fef2b0c4dccf07208e1cf3aa13b57058/kermit-core-jvm-2.0.8.jar:/home/annihilator/.gradle/caches/modules-2/files-2.1/org.jetbrains.kotlin/kotlin-stdlib/2.4.0/4e9f4b531dce5c7dee58ed2de9a8b9a763c8dc6c/kotlin-stdlib-2.4.0.jar:/home/annihilator/.gradle/caches/modules-2/files-2.1/org.lwjgl/lwjgl-glfw/3.3.6/7119f7d0eeb1e5502ff0ca71d2b4d47317da015/lwjgl-glfw-3.3.6.jar:/home/annihilator/.gradle/caches/modules-2/files-2.1/org.lwjgl/lwjgl-glfw/3.3.6/797e0965709ad180d9b00c88a086dbda15002203/lwjgl-glfw-3.3.6-natives-linux.jar:/home/annihilator/.gradle/caches/modules-2/files-2.1/org.lwjgl/lwjgl-opengl/3.3.6/ac2532612a4df374e9a9282bcf8ce2573018ebbb/lwjgl-opengl-3.3.6.jar:/home/annihilator/.gradle/caches/modules-2/files-2.1/org.lwjgl/lwjgl-opengl/3.3.6/b8dc6467fe232d552793c53dc56f9fa8a385299c/lwjgl-opengl-3.3.6-natives-linux.jar:/home/annihilator/.gradle/caches/modules-2/files-2.1/org.lwjgl/lwjgl-vulkan/3.3.6/a403e0931b03b138854bb2ba9c48dab646cba6d8/lwjgl-vulkan-3.3.6.jar:/home/annihilator/.gradle/caches/modules-2/files-2.1/org.lwjgl/lwjgl/3.3.6/ce7721d30cfaf47feaed10213e0c43eb55c49d68/lwjgl-3.3.6.jar:/home/annihilator/.gradle/caches/modules-2/files-2.1/org.lwjgl/lwjgl/3.3.6/dc7db8fc4f1e6563867f9155b9a42d9c73d8992f/lwjgl-3.3.6-natives-linux.jar:/home/annihilator/.gradle/caches/modules-2/files-2.1/org.jetbrains/annotations/23.0.0/8cc20c07506ec18e0834947b84a864bfc094484e/annotations-23.0.0.jar:/home/annihilator/.gradle/caches/modules-2/files-2.1/io.sentry/sentry/8.52.0/b26a1b9181c78835078956c352f20cecd459e7a6/sentry-8.52.0.jar:/home/annihilator/.gradle/caches/modules-2/files-2.1/org.jetbrains.runtime/jbr-api/1.9.0/2bc161f5472b5fd5610740e4d6ebe896c811cb0e/jbr-api-1.9.0.jar:/home/annihilator/.gradle/caches/modules-2/files-2.1/org.slf4j/slf4j-api/2.0.17/d9e58ac9c7779ba3bf8142aff6c830617a7fe60f/slf4j-api-2.0.17.jar:/home/annihilator/.gradle/caches/modules-2/files-2.1/net.java.dev.jna/jna-platform/5.19.1/d1e54d9231da5ca3fa730d52960deaa555475468/jna-platform-5.19.1.jar:/home/annihilator/.gradle/caches/modules-2/files-2.1/com.typesafe/config/1.4.5/cc25b497ded7068a861517a815546fb472f9e58/config-1.4.5.jar:/home/annihilator/.gradle/caches/modules-2/files-2.1/org.fusesource.jansi/jansi/2.4.2/ba7387c31622c6650b83edba1bbb115f1fe462ba/jansi-2.4.2.jar:/home/annihilator/.gradle/caches/modules-2/files-2.1/net.java.dev.jna/jna/5.19.1/ca303052cd617c1af2e2c8d344c98a706fb63143/jna-5.19.1.jar:/home/annihilator/.gradle/caches/modules-2/files-2.1/org.jspecify/jspecify/1.0.0/7425a601c1c7ec76645a78d22b8c6a627edee507/jspecify-1.0.0.jar
Launcher Type: SUN_STANDARD

[Global flags]
     bool AOTAdapterCaching                        = false                                  {diagnostic} {ergonomic}
     bool AOTInvokeDynamicLinking                  = false                                  {diagnostic} {ergonomic}
     bool AOTRecordTraining                        = false                                  {diagnostic} {ergonomic}
     bool AOTReplayTraining                        = false                                  {diagnostic} {ergonomic}
     bool AOTStubCaching                           = false                                  {diagnostic} {ergonomic}
     intx CICompilerCount                          = 12                                        {product} {ergonomic}
     uint ConcGCThreads                            = 3                                         {product} {ergonomic}
     uint G1ConcRefinementThreads                  = 13                                        {product} {ergonomic}
     uint G1EagerReclaimRemSetThreshold            = 16                                   {experimental} {ergonomic}
   size_t G1HeapRegionSize                         = 2097152                                   {product} {ergonomic}
     uint G1RemSetArrayOfCardsEntries              = 16                                   {experimental} {ergonomic}
     uint G1RemSetHowlMaxNumBuckets                = 8                                    {experimental} {ergonomic}
     uint G1RemSetHowlNumBuckets                   = 8                                    {experimental} {ergonomic}
   size_t InitialHeapSize                          = 8388608                                   {product} {ergonomic}
     bool IntelJccErratumMitigation                = false                             {ARCH diagnostic} {ergonomic}
   size_t MarkStackSize                            = 4194304                                   {product} {ergonomic}
   size_t MarkStackSizeMax                         = 536870912                                 {product} {ergonomic}
   size_t MaxHeapSize                              = 4032823296                                {product} {ergonomic}
   size_t MaxNewSize                               = 2418016256                                {product} {ergonomic}
 uint64_t MaxRAM                                   = 16128925696                               {product} {ergonomic}
   size_t MinHeapDeltaBytes                        = 2097152                                   {product} {ergonomic}
   size_t MinHeapSize                              = 8388608                                   {product} {ergonomic}
   size_t NonNMethodCodeHeapSize                   = 7606272                                {pd product} {ergonomic}
   size_t NonProfiledCodeHeapSize                  = 122028032                              {pd product} {ergonomic}
   size_t ProfiledCodeHeapSize                     = 122028032                              {pd product} {ergonomic}
   size_t ReservedCodeCacheSize                    = 251662336                              {pd product} {ergonomic}
     bool SegmentedCodeCache                       = true                                      {product} {ergonomic}
   size_t SoftMaxHeapSize                          = 4032823296                             {manageable} {ergonomic}
     bool UseCompressedOops                        = true                           {product lp64_product} {ergonomic}
     bool UseCondCardMark                          = true                                      {product} {ergonomic}
     bool UseFastUnorderedTimeStamps               = true                                 {experimental} {ergonomic}
     bool UseG1GC                                  = true                                      {product} {ergonomic}
      int X86ICacheSync                            = 3                                 {ARCH diagnostic} {ergonomic}

Logging:
Log output configuration:
 #0: 
[error occurred during error reporting (printing log configuration), id 0xb, SIGSEGV (0xb) at pc=0x00007f4da039b718]
Release file:
IMPLEMENTOR="Arch Linux"
JAVA_RUNTIME_VERSION="26.0.2.1"
JAVA_VERSION="26.0.2.1"
JAVA_VERSION_DATE="2026-08-18"
LIBC="gnu"
MODULES="java.base java.compiler java.datatransfer java.xml java.prefs java.desktop java.instrument java.logging java.management java.security.sasl java.naming java.rmi java.management.rmi java.net.http java.scripting java.security.jgss java.transaction.xa java.sql java.sql.rowset java.xml.crypto java.se java.smartcardio jdk.accessibility jdk.internal.jvmstat jdk.attach jdk.charsets jdk.internal.opt jdk.zipfs jdk.compiler jdk.crypto.cryptoki jdk.crypto.ec jdk.dynalink jdk.internal.ed jdk.editpad jdk.internal.vm.ci jdk.graal.compiler jdk.graal.compiler.management jdk.hotspot.agent jdk.httpserver jdk.incubator.vector jdk.internal.le jdk.internal.md jdk.jartool jdk.javadoc jdk.jcmd jdk.management jdk.management.agent jdk.jconsole jdk.jdeps jdk.jdwp.agent jdk.jdi jdk.jfr jdk.jlink jdk.jpackage jdk.jshell jdk.jstatd jdk.localedata jdk.management.jfr jdk.naming.dns jdk.naming.rmi jdk.net jdk.nio.mapmode jdk.sctp jdk.security.auth jdk.security.jgss jdk.unsupported jdk.unsupported.desktop jdk.xml.dom"
OS_ARCH="x86_64"
OS_NAME="Linux"
SOURCE=""

Environment Variables:
PATH=/home/annihilator/.local/bin:/home/annihilator/bin:/home/annihilator/.cargo/bin:/home/annihilator/.npm-global/bin:/home/annihilator/.local/share/solana/install/active_release/bin:/usr/local/sbin:/usr/local/bin:/usr/bin:/opt/cuda/bin:/var/lib/flatpak/exports/bin:/usr/lib/jvm/default/bin:/usr/bin/site_perl:/usr/bin/vendor_perl:/usr/bin/core_perl:/opt/rocm/bin:/home/annihilator/.config/Claude/local-agent-mode-sessions/f30d0a67-fea7-4d47-acce-d7da1f075d93/3f6e0ddc-f963-4a28-bb3d-52c35a96b68e/rpm/plugin_0155zZVATbJU3jHUmPP9NvMC/bin:/home/annihilator/.config/Claude/local-agent-mode-sessions/skills-plugin/3f6e0ddc-f963-4a28-bb3d-52c35a96b68e/f30d0a67-fea7-4d47-acce-d7da1f075d93/bin
LD_PRELOAD=/tmp/libglxshim.so
SHELL=/bin/zsh
DISPLAY=:0
WAYLAND_DISPLAY=wayland-1
LANG=en_GB.UTF-8

Active Locale:
LC_ALL=LC_CTYPE=en_GB.UTF-8;LC_NUMERIC=C;LC_TIME=en_GB.UTF-8;LC_COLLATE=en_GB.UTF-8;LC_MONETARY=en_GB.UTF-8;LC_MESSAGES=en_GB.UTF-8;LC_PAPER=en_GB.UTF-8;LC_NAME=en_GB.UTF-8;LC_ADDRESS=en_GB.UTF-8;LC_TELEPHONE=en_GB.UTF-8;LC_MEASUREMENT=en_GB.UTF-8;LC_IDENTIFICATION=en_GB.UTF-8
LC_COLLATE=en_GB.UTF-8
LC_CTYPE=en_GB.UTF-8
LC_MESSAGES=en_GB.UTF-8
LC_MONETARY=en_GB.UTF-8
LC_NUMERIC=C
LC_TIME=en_GB.UTF-8

Signal Handlers:
   SIGSEGV: 0x00007f4da0880b00 in libjvm.so+15207168, mask=11100100010111111101111111111110, flags=SA_RESTART|SA_SIGINFO, unblocked
    SIGBUS: 0x00007f4da0880b00 in libjvm.so+15207168, mask=11100100010111111101111111111110, flags=SA_RESTART|SA_SIGINFO, unblocked
    SIGFPE: 0x00007f4da0880b00 in libjvm.so+15207168, mask=11100100010111111101111111111110, flags=SA_RESTART|SA_SIGINFO, unblocked
   SIGPIPE: SIG_IGN, mask=11111111011111111101111111111110, flags=SA_RESTART, blocked
  *** Handler was modified!
  *** Expected: 0x00007f4da06de900 in libjvm.so+13494528, mask=11100100110111111111111111111110, flags=SA_RESTART|SA_SIGINFO
   SIGXFSZ: 0x00007f4da06de900 in libjvm.so+13494528, mask=11100100010111111101111111111110, flags=SA_RESTART|SA_SIGINFO, blocked
    SIGILL: 0x00007f4da0880b00 in libjvm.so+15207168, mask=11100100010111111101111111111110, flags=SA_RESTART|SA_SIGINFO, unblocked
   SIGUSR2: 0x00007f4da06e15b0 in libjvm.so+13505968, mask=00000000000000000000000000000000, flags=SA_RESTART|SA_SIGINFO, blocked
    SIGHUP: SIG_IGN, mask=00000000000000000000000000000000, flags=none, blocked
    SIGINT: SIG_DFL, mask=00000000000000000000000000000000, flags=SA_RESTART, blocked
   SIGTERM: SIG_DFL, mask=00000000000000000000000000000000, flags=SA_RESTART, blocked
   SIGQUIT: SIG_DFL, mask=00000000000000000000000000000000, flags=SA_RESTART, blocked
   SIGTRAP: 0x00007f4da0880b00 in libjvm.so+15207168, mask=11100100010111111101111111111110, flags=SA_RESTART|SA_SIGINFO, unblocked


Compilation memory statistics disabled.

Periodic native trim disabled

---------------  S Y S T E M  ---------------

OS:
DISTRIB_ID="Arch"
DISTRIB_RELEASE="rolling"
DISTRIB_DESCRIPTION="Arch Linux"
uname: Linux 7.1.9-arch1-2 #1 SMP PREEMPT_DYNAMIC Fri, 21 Aug 2026 22:18:59 +0000 x86_64
OS uptime: 1 days 13:18 hours
libc: glibc 2.44 NPTL 2.44 
rlimit (soft/hard): STACK 8192k/infinity , CORE infinity/infinity , NPROC 60477/60477 , NOFILE 524288/524288 , AS infinity/infinity , CPU infinity/infinity , DATA infinity/infinity , FSIZE infinity/infinity , MEMLOCK 8192k/8192k
load average: 2.95 2.90 2.91

/proc/meminfo:
MemTotal:       15750904 kB
MemFree:         1645548 kB
MemAvailable:    4279204 kB
Buffers:           32952 kB
Cached:          3263492 kB
SwapCached:       181864 kB
Active:          6492200 kB
Inactive:        3901692 kB
Active(anon):    5594844 kB
Inactive(anon):  2014852 kB
Active(file):     897356 kB
Inactive(file):  1886840 kB
Unevictable:      516236 kB
Mlocked:            2548 kB
SwapTotal:      24652280 kB
SwapFree:       18768052 kB
Zswap:                 0 kB
Zswapped:              0 kB
Dirty:              1644 kB
Writeback:             0 kB
AnonPages:       7573756 kB
Mapped:          1034576 kB
Shmem:            246212 kB
KReclaimable:     181968 kB
Slab:             457224 kB
SReclaimable:     181968 kB
SUnreclaim:       275256 kB
KernelStack:       35840 kB
PageTables:        96416 kB
SecPageTables:      2264 kB
NFS_Unstable:          0 kB
Bounce:                0 kB
WritebackTmp:          0 kB
CommitLimit:    32527732 kB
Committed_AS:   33257164 kB
VmallocTotal:   34359738367 kB
VmallocUsed:      204188 kB
VmallocChunk:          0 kB
Percpu:            11712 kB
HardwareCorrupted:     0 kB
AnonHugePages:   1650688 kB
ShmemHugePages:        0 kB
ShmemPmdMapped:        0 kB
FileHugePages:    403456 kB
FilePmdMapped:    393216 kB
CmaTotal:              0 kB
CmaFree:               0 kB
Unaccepted:            0 kB
Balloon:               0 kB
GPUActive:         87568 kB
GPUReclaim:        19400 kB
HugePages_Total:       0
HugePages_Free:        0
HugePages_Rsvd:        0
HugePages_Surp:        0
Hugepagesize:       2048 kB
Hugetlb:               0 kB
DirectMap4k:    14328536 kB
DirectMap2M:     1826816 kB
DirectMap1G:           0 kB

/sys/kernel/mm/transparent_hugepage/enabled: [always] madvise never
/sys/kernel/mm/transparent_hugepage/hpage_pmd_size: 2097152
/sys/kernel/mm/transparent_hugepage/shmem_enabled: always within_size [advise] never deny force
/sys/kernel/mm/transparent_hugepage/defrag (defrag/compaction efforts parameter): always defer defer+madvise [madvise] never

Process Memory:
Virtual Size: 86751020K (peak: 147228508K)
Resident Set Size: 2111000K (peak: 3578144K) (anon: 1642912K, file: 463484K, shmem: 4604K)
Swapped out: 0K
C-Heap outstanding allocations: 222805K, retained: 2157600K
glibc malloc tunables: (default)

/proc/sys/kernel/threads-max (system-wide limit on the number of threads): 120955
/proc/sys/vm/max_map_count (maximum number of memory map areas a process may have): 1048576
/proc/sys/vm/swappiness (control to define how aggressively the kernel swaps out anonymous memory): 60
/proc/sys/kernel/pid_max (system-wide limit on number of process identifiers): 4194304

container information not found.
Steal ticks since vm start: 0
Steal ticks percentage since vm start:  0.000

CPU: total 16 (initial active 16) (8 cores per cpu, 2 threads per core) family 25 model 80 stepping 0 microcode 0xa500012, cx8, cmov, fxsr, ht, mmx, 3dnowpref, sse, sse2, sse3, ssse3, sse4a, sse4.1, sse4.2, popcnt, lzcnt, tsc, tscinvbit, avx, avx2, aes, erms, clmul, bmi1, bmi2, adx, sha, fma, vzeroupper, clflush, clflushopt, clwb, rdtscp, rdpid, fsrm, f16c, pku, ospke, cet_ss
CPU Model and flags from /proc/cpuinfo:
model name	: AMD Ryzen 7 5800HS with Radeon Graphics
flags		: fpu vme de pse tsc msr pae mce cx8 apic sep mtrr pge mca cmov pat pse36 clflush mmx fxsr sse sse2 ht syscall nx mmxext fxsr_opt pdpe1gb rdtscp lm constant_tsc rep_good nopl xtopology nonstop_tsc cpuid extd_apicid aperfmperf rapl pni pclmulqdq monitor ssse3 fma cx16 sse4_1 sse4_2 movbe popcnt aes xsave avx f16c rdrand lahf_lm cmp_legacy svm extapic cr8_legacy abm sse4a misalignsse 3dnowprefetch osvw ibs skinit wdt tce topoext perfctr_core perfctr_nb bpext perfctr_llc mwaitx cpb cat_l3 cdp_l3 hw_pstate ssbd mba ibrs ibpb stibp vmmcall fsgsbase bmi1 avx2 smep bmi2 erms invpcid cqm rdt_a rdseed adx smap clflushopt clwb sha_ni xsaveopt xsavec xgetbv1 xsaves cqm_llc cqm_occup_llc cqm_mbm_total cqm_mbm_local user_shstk clzero irperf xsaveerptr rdpru wbnoinvd cppc arat npt lbrv svm_lock nrip_save tsc_scale vmcb_clean flushbyasid decodeassists pausefilter pfthreshold avic v_vmsave_vmload vgif v_spec_ctrl umip pku ospke vaes vpclmulqdq rdpid overflow_recov succor smca fsrm debug_swap

Online cpus: 0-15
Offline cpus: 
BIOS frequency limitation: <Not Available>
Frequency switch latency (ns): 0
Available cpu frequencies: <Not Available>
Current governor: powersave
Core performance/turbo boost: 1

Memory: 4k page, physical 15750904k(4279204k free), swap 24652280k(18768052k free)
Page Sizes: 4k

vm_info: OpenJDK 64-Bit Server VM (26.0.2.1) for linux-amd64 JRE (26.0.2.1), built on 2026-08-19T07:23:47Z with gcc 16.2.1 20260810

END.
