#
# A fatal error has been detected by the Java Runtime Environment:
#
#  SIGSEGV (0xb) at pc=0x00007f70ee4523d1, pid=2081825, tid=2081838
#
# JRE version: OpenJDK Runtime Environment (26.0.2.1) (build 26.0.2.1)
# Java VM: OpenJDK 64-Bit Server VM (26.0.2.1, mixed mode, sharing, tiered, compressed oops, compressed class ptrs, g1 gc, linux-amd64)
# Problematic frame:
# C  [libnvidia-eglcore.so.610.57.04+0xa523d1]
#
# Core dump will be written. Default location: Determined by the following: "/usr/lib/systemd/systemd-coredump %P %u %g %s %t %c %h %d %F %I" (alternatively, falling back to /home/annihilator/dev/NuvioDesktop/waylandHost/core.2081825)
#
# If you would like to submit a bug report, please visit:
#   https://bugreport.java.com/bugreport/crash.jsp
#

---------------  S U M M A R Y ------------

Command Line: -Dnuvio.wayland.libmpv=/home/annihilator/dev/mpv/build/libmpv.so.2 -Dnuvio.wayland.probe=true -Dnuvio.wayland.realApp=true -Dnuvio.wayland.smokePlayer=/tmp/nuvio-testclip5m.mp4 -Dnuvio.wayland.videoLog=true -Dnuvio.wayland.vk=true -Dorg.lwjgl.util.Debug=false --enable-native-access=ALL-UNNAMED -Dfile.encoding=UTF-8 -Duser.country=GB -Duser.language=en -Duser.variant com.nuvio.wayland.MainKt

Host: AMD Ryzen 7 5800HS with Radeon Graphics, 16 cores, 15G, Arch Linux
Time: Mon Aug 24 10:21:27 2026 BST elapsed time: 67.325346 seconds (0d 0h 1m 7s)

---------------  T H R E A D  ---------------

Current thread (0x00007f71500ffa50):  VMThread "VM Thread"          [id=2081838, stack(0x00007f7128bef000,0x00007f7128cef000) (1024K)]

Stack: [0x00007f7128bef000,0x00007f7128cef000],  sp=0x00007f7128ced440,  free space=1017k
Native frames: (J=compiled Java code, j=interpreted, Vv=VM code, C=native code)
C  [libnvidia-eglcore.so.610.57.04+0xa523d1]

siginfo: si_signo: 11 (SIGSEGV), si_code: 1 (SEGV_MAPERR), si_addr: 0x00000000000abdc8

Registers:
RAX=0x0000000000000003, RBX=0x000055e10e4cf5b0, RCX=0x0000000000000005, RDX=0x0000000000000000
RSP=0x00007f7128ced440, RBP=0x00007f70eff58140, RSI=0x000055e10d82e440, RDI=0x000055e10e4cf2c0
R8 =0x00007f7158019b08, R9 =0x0000000000000020, R10=0x0000000000000000, R11=0x0000000000000000
R12=0x0000000040362000, R13=0x000055e10d53cb60, R14=0x000055e10e516520, R15=0x0000000040362000
RIP=0x00007f70ee4523d1, EFLAGS=0x0000000000010206, CSGSFS=0x002b000000000033, ERR=0x0000000000000004
  TRAPNO=0x000000000000000e

XMM[0]=0x0000000000000000 0x0000000000000000
XMM[1]=0x0000000000000000 0x41b3751c10000000
XMM[2]=0x0000000000000000 0x43e0000000000000
XMM[3]=0x0000000000000000 0x0000000000000006
XMM[4]=0x0000000000000000 0x0000000000000000
XMM[5]=0x0000000000000000 0x0000000000000000
XMM[6]=0x0000000000000000 0x0000000000000000
XMM[7]=0x0000000000000051 0x0000000000000000
XMM[8]=0x0000000000000000 0xbfb999999999999a
XMM[9]=0x0000000000000000 0x0000000000600000
XMM[10]=0x0000000000000000 0x0000000000800000
XMM[11]=0x0000000000000000 0x0000000000000000
XMM[12]=0x0000000000000000 0x0000000000000000
XMM[13]=0x0000000000000000 0x0000000000000000
XMM[14]=0x0000000000000000 0x0000000000000000
XMM[15]=0x0000000000000000 0x0000000000000000
  MXCSR=0x00001fa2


Register to memory mapping:

RAX=0x0000000000000003 is an unknown value
RBX=0x000055e10e4cf5b0 points into unknown readable memory: 0x0000000000000000 | 00 00 00 00 00 00 00 00
RCX=0x0000000000000005 is an unknown value
RDX=0x0 is null
RSP=0x00007f7128ced440 points into unknown readable memory: 0x0000000040362000 | 00 20 36 40 00 00 00 00
RBP=0x00007f70eff58140: <offset 0x0000000002558140> in /usr/lib/libnvidia-eglcore.so.610.57.04 at 0x00007f70eda00000
RSI=0x000055e10d82e440 points into unknown readable memory: 0x0000000100000001 | 01 00 00 00 01 00 00 00
RDI=0x000055e10e4cf2c0 points into unknown readable memory: 0x0000000000000000 | 00 00 00 00 00 00 00 00
R8 =0x00007f7158019b08: <offset 0x0000000000219b08> in /usr/lib/libc.so.6 at 0x00007f7157e00000
R9 =0x0000000000000020 is an unknown value
R10=0x0 is null
R11=0x0 is null
R12=0x0000000040362000 points into unknown readable memory: 0x00007f7150b56780 | 80 67 b5 50 71 7f 00 00
R13=0x000055e10d53cb60 points into unknown readable memory: 0x0000000000002000 | 00 20 00 00 00 00 00 00
R14=0x000055e10e516520 points into unknown readable memory: 0x0000000400000000 | 00 00 00 00 04 00 00 00
R15=0x0000000040362000 points into unknown readable memory: 0x00007f7150b56780 | 80 67 b5 50 71 7f 00 00

Top of Stack: (sp=0x00007f7128ced440)
0x00007f7128ced440:   0000000040362000 0000000000000003   . 6@............
0x00007f7128ced450:   000055e10e4cf5b0 0000000040362000   ..L..U... 6@....
0x00007f7128ced460:   00007f7150b80780 00007f70ee44730d   ...Pq....sD.p...
0x00007f7128ced470:   0000000040362000 000055e10e4cf5b0   . 6@......L..U..
0x00007f7128ced480:   000055e10e5167a0 0000000000000003   .gQ..U..........
0x00007f7128ced490:   000055e10df8bea0 0000000040362000   .....U... 6@....
0x00007f7128ced4a0:   000055e10e5167a0 000055e10e516520   .gQ..U.. eQ..U..
0x00007f7128ced4b0:   0000000040362000 00007f70ee0fb708   . 6@........p...
0x00007f7128ced4c0:   000055e10e4c6770 0000000000000003   pgL..U..........
0x00007f7128ced4d0:   000055e10df8bea0 0000000000000003   .....U..........
0x00007f7128ced4e0:   00007f7150a43290 0000000000000000   .2.Pq...........
0x00007f7128ced4f0:   0000000040362000 00007f70ee1302f6   . 6@........p...
0x00007f7128ced500:   00007f7128ced530 0000000640362000   0..(q.... 6@....
0x00007f7128ced510:   000055e10d53cb60 0000000000000003   `.S..U..........
0x00007f7128ced520:   00007f7150a43290 00007f70eff554c0   .2.Pq....T..p...
0x00007f7128ced530:   0000000040362000 00007f70eff55480   . 6@.....T..p...
0x00007f7128ced540:   00007f7128ced6f8 00007f70ee13160f   ...(q.......p...
0x00007f7128ced550:   00007f7150d78370 0000000040362000   p..Pq.... 6@....
0x00007f7128ced560:   00007f7128ced58f 000055e10d53cb60   ...(q...`.S..U..
0x00007f7128ced570:   00007f70eff55460 00007f70ee101998   `T..p.......p...
0x00007f7128ced580:   0000000040362000 00000070edfa2ce8   . 6@.....,..p...
0x00007f7128ced590:   000055e10d53cb60 0000000040362000   `.S..U... 6@....
0x00007f7128ced5a0:   00007f70eff554c0 00007f70ee0eecb1   .T..p.......p...
0x00007f7128ced5b0:   00007f70eff58140 00007f70eff58140   @...p...@...p...
0x00007f7128ced5c0:   0000000040362000 000055e10d53cb60   . 6@....`.S..U..
0x00007f7128ced5d0:   00007f70eff55460 00007f70ee3b15d8   `T..p.....;.p...
0x00007f7128ced5e0:   00007f70eff58140 00007f7150a47ac0   @...p....z.Pq...
0x00007f7128ced5f0:   0000000040362000 00007f70ee38d80d   . 6@......8.p...
0x00007f7128ced600:   0000000000000000 00007f7150834860   ........`H.Pq...
0x00007f7128ced610:   000055e10d53c4a0 00007f7150871740   ..S..U..@..Pq...
0x00007f7128ced620:   00007f710c026490 00007f70f6515e5d   .d..q...]^Q.p...
0x00007f7128ced630:   0000000000000000 00007f7150834860   ........`H.Pq...

Instructions: (pc=0x00007f70ee4523d1)
  0x00007f70ee4522d1:   8b bf 50 01 00 00 8b 96 a0 03 00 00 48 8b 07 8b
  0x00007f70ee4522e1:   77 08 ff a0 88 02 00 00 0f 1f 80 00 00 00 00 48
  0x00007f70ee4522f1:   83 be 28 05 00 00 00 0f 84 22 02 00 00 41 55 41
  0x00007f70ee452301:   54 49 89 fc 55 53 48 89 f3 48 83 ec 08 48 8d 2d
  0x00007f70ee452311:   2b 5e b0 01 0f b6 85 d0 0f 00 00 84 c0 75 0f 8b
  0x00007f70ee452321:   85 c4 0f 00 00 83 c0 01 89 85 c4 0f 00 00 8b 85
  0x00007f70ee452331:   cc 0f 00 00 83 f8 01 0f 87 32 01 00 00 49 8b 04
  0x00007f70ee452341:   24 4d 8b ac 24 08 ac 04 00 48 8b bb 20 05 00 00
  0x00007f70ee452351:   48 8b 90 d0 8d 02 00 4c 89 ee e8 50 91 fe ff 48
  0x00007f70ee452361:   8b bb 20 05 00 00 48 85 ff 74 06 48 8b 07 ff 50
  0x00007f70ee452371:   10 48 8b 83 28 05 00 00 48 c7 83 20 05 00 00 00
  0x00007f70ee452381:   00 00 00 83 a8 90 00 00 00 01 48 8b 83 28 05 00
  0x00007f70ee452391:   00 83 a8 8c 00 00 00 01 48 8b bb 28 05 00 00 8b
  0x00007f70ee4523a1:   87 8c 00 00 00 85 c0 0f 84 02 01 00 00 48 8b b3
  0x00007f70ee4523b1:   30 05 00 00 48 c7 83 28 05 00 00 00 00 00 00 48
  0x00007f70ee4523c1:   85 f6 74 65 4d 85 ed 74 58 49 8b 95 48 10 00 00
=>0x00007f70ee4523d1:   8b 82 c8 bd 0a 00 83 c0 01 89 82 c8 bd 0a 00 48
  0x00007f70ee4523e1:   8b 93 30 05 00 00 89 42 28 48 8b 93 30 05 00 00
  0x00007f70ee4523f1:   48 8b 4a 08 48 85 c9 74 18 8b 42 18 3b 42 20 73
  0x00007f70ee452401:   13 8b 93 d0 01 00 00 89 14 81 48 8b 93 30 05 00
  0x00007f70ee452411:   00 8b 42 18 83 c0 01 89 42 18 48 8b b3 30 05 00
  0x00007f70ee452421:   00 4c 89 e7 e8 46 b5 cd ff 48 c7 83 30 05 00 00
  0x00007f70ee452431:   00 00 00 00 8b 45 00 48 c7 83 38 05 00 00 00 00
  0x00007f70ee452441:   00 00 85 c0 75 79 0f b6 85 d0 0f 00 00 84 c0 75
  0x00007f70ee452451:   0f 8b 85 c4 0f 00 00 83 e8 01 89 85 c4 0f 00 00
  0x00007f70ee452461:   48 83 c4 08 5b 5d 41 5c 41 5d c3 0f 1f 40 00 48
  0x00007f70ee452471:   8d 05 09 30 b0 01 8b 7d 48 48 8d 75 28 ff 50 10
  0x00007f70ee452481:   8b 45 30 31 d2 83 f8 ff 0f 95 c2 01 d0 89 45 30
  0x00007f70ee452491:   48 8d 05 c8 2f b0 01 ff 10 83 45 00 01 89 45 38
  0x00007f70ee4524a1:   48 89 55 40 e9 94 fe ff ff 66 0f 1f 44 00 00 e8
  0x00007f70ee4524b1:   bb d4 f9 ff e9 f4 fe ff ff 66 0f 1f 44 00 00 83
  0x00007f70ee4524c1:   e8 01 89 45 00 48 8d 05 93 2f b0 01 48 8b 58 08


Stack slot to memory mapping:

stack at sp + 0 slots: 0x0000000040362000 points into unknown readable memory: 0x00007f7150b56780 | 80 67 b5 50 71 7f 00 00
stack at sp + 1 slots: 0x0000000000000003 is an unknown value
stack at sp + 2 slots: 0x000055e10e4cf5b0 points into unknown readable memory: 0x0000000000000000 | 00 00 00 00 00 00 00 00
stack at sp + 3 slots: 0x0000000040362000 points into unknown readable memory: 0x00007f7150b56780 | 80 67 b5 50 71 7f 00 00
stack at sp + 4 slots: 0x00007f7150b80780 points into unknown readable memory: 0x00007f70efec7df8 | f8 7d ec ef 70 7f 00 00
stack at sp + 5 slots: 0x00007f70ee44730d: <offset 0x0000000000a4730d> in /usr/lib/libnvidia-eglcore.so.610.57.04 at 0x00007f70eda00000
stack at sp + 6 slots: 0x0000000040362000 points into unknown readable memory: 0x00007f7150b56780 | 80 67 b5 50 71 7f 00 00
stack at sp + 7 slots: 0x000055e10e4cf5b0 points into unknown readable memory: 0x0000000000000000 | 00 00 00 00 00 00 00 00

VM_Operation (0x00007f70f7ffe670): Exit, mode: safepoint, requested by thread 0x00007f7108111dc0


---------------  P R O C E S S  ---------------

Threads class SMR info:
_java_thread_list=0x00007f710c020b50, length=24, elements={
0x00007f7150020220, 0x00007f7150108b60, 0x00007f7150109b60, 0x00007f715010c5c0,
0x00007f715010de10, 0x00007f7150110070, 0x00007f7150111a40, 0x00007f715014b340,
0x00007f715014ddb0, 0x00007f715066d8d0, 0x00007f7151492f20, 0x00007f7151493e20,
0x00007f71514952f0, 0x00007f71514969e0, 0x000055e10d6f7670, 0x000055e10d96b6b0,
0x000055e10d96c240, 0x00007f710815ece0, 0x00007f710816b8d0, 0x00007f715169e480,
0x00007f71515a1a00, 0x00007f7151b25820, 0x00007f712c007ae0, 0x00007f7108111dc0
}

Java Threads: ( => current thread )
  0x00007f7150020220 JavaThread "main"                              [_thread_blocked, id=2081826, stack(0x00007f7156900000,0x00007f7156a00000) (1024K)]
  0x00007f7150108b60 JavaThread "Reference Handler"          daemon [_thread_blocked, id=2081839, stack(0x00007f7128aee000,0x00007f7128bee000) (1024K)]
  0x00007f7150109b60 JavaThread "Finalizer"                  daemon [_thread_blocked, id=2081840, stack(0x00007f71289ed000,0x00007f7128aed000) (1024K)]
  0x00007f715010c5c0 JavaThread "Service Thread"             daemon [_thread_blocked, id=2081842, stack(0x00007f71283ff000,0x00007f71284ff000) (1024K)]
  0x00007f715010de10 JavaThread "Monitor Deflation Thread"   daemon [_thread_blocked, id=2081843, stack(0x00007f71282fe000,0x00007f71283fe000) (1024K)]
  0x00007f7150110070 JavaThread "C2 CompilerThread0"         daemon [_thread_blocked, id=2081844, stack(0x00007f71281fd000,0x00007f71282fd000) (1024K)]
  0x00007f7150111a40 JavaThread "C1 CompilerThread0"         daemon [_thread_blocked, id=2081845, stack(0x00007f71280fc000,0x00007f71281fc000) (1024K)]
  0x00007f715014b340 JavaThread "Notification Thread"        daemon [_thread_blocked, id=2081847, stack(0x00007f70f7dff000,0x00007f70f7eff000) (1024K)]
  0x00007f715014ddb0 JavaThread "Common-Cleaner"             daemon [_thread_blocked, id=2081848, stack(0x00007f70f7cfe000,0x00007f70f7dfe000) (1024K)]
  0x00007f715066d8d0 JavaThread "InnocuousThread-1"          daemon [_thread_blocked, id=2081855, stack(0x00007f70f75f7000,0x00007f70f76f7000) (1024K)]
  0x00007f7151492f20 JavaThread "Java2D Disposer"            daemon [_thread_blocked, id=2081865, stack(0x00007f70f79fb000,0x00007f70f7afb000) (1024K)]
  0x00007f7151493e20 JavaThread "AWT-XAWT"                   daemon [_thread_in_native, id=2081866, stack(0x00007f70f7afc000,0x00007f70f7bfc000) (1024K)]
  0x00007f71514952f0 JavaThread "AWT-Shutdown"                      [_thread_blocked, id=2081867, stack(0x00007f70f4ded000,0x00007f70f4eed000) (1024K)]
  0x00007f71514969e0 JavaThread "AWT-EventQueue-0"                  [_thread_blocked, id=2081868, stack(0x00007f70f4cec000,0x00007f70f4dec000) (1024K)]
  0x000055e10d6f7670 JavaThread "Reference Cleaner"          daemon [_thread_blocked, id=2081871, stack(0x00007f70f42f1000,0x00007f70f43f1000) (1024K)]
  0x000055e10d96b6b0 JavaThread "DefaultDispatcher-worker-1" daemon [_thread_blocked, id=2081873, stack(0x00007f70f401c000,0x00007f70f411c000) (1024K)]
  0x000055e10d96c240 JavaThread "DefaultDispatcher-worker-2" daemon [_thread_blocked, id=2081874, stack(0x00007f70ed900000,0x00007f70eda00000) (1024K)]
  0x00007f710815ece0 JavaThread "DefaultDispatcher-worker-3" daemon [_thread_blocked, id=2081875, stack(0x00007f70e6d00000,0x00007f70e6e00000) (1024K)]
  0x00007f710816b8d0 JavaThread "kotlinx.coroutines.DefaultExecutor" daemon [_thread_blocked, id=2081880, stack(0x00007f70d29fd000,0x00007f70d2afd000) (1024K)]
  0x00007f715169e480 JavaThread "mpv-events"                 daemon [_thread_blocked, id=2081897, stack(0x00007f70b9164000,0x00007f70b9264000) (1024K)]
  0x00007f71515a1a00 JavaThread "nuvio-video-vk"             daemon [_thread_blocked, id=2081898, stack(0x00007f70b9063000,0x00007f70b9163000) (1024K)]
  0x00007f7151b25820 JavaThread "TimerQueue"                 daemon [_thread_blocked, id=2081928, stack(0x00007f70a39fe000,0x00007f70a3afe000) (1024K)]
  0x00007f712c007ae0 JavaThread "Thread-5"                   daemon [_thread_blocked, id=2081943, stack(0x00007f70a1df7000,0x00007f70a25f7000) (8192K)]
  0x00007f7108111dc0 JavaThread "SIGTERM handler"            daemon [_thread_blocked, id=2082605, stack(0x00007f70f7f00000,0x00007f70f8000000) (1024K)]
Total: 24

Other Threads:
=>0x00007f71500ffa50 VMThread "VM Thread"                           [id=2081838, stack(0x00007f7128bef000,0x00007f7128cef000) (1024K)]
  0x00007f715006e6d0 WorkerThread "GC Thread#0"                     [id=2081827, stack(0x00007f714ff00000,0x00007f7150000000) (1024K)]
  0x00007f710c009730 WorkerThread "GC Thread#1"                     [id=2081852, stack(0x00007f70f78fa000,0x00007f70f79fa000) (1024K)]
  0x00007f710c014d10 WorkerThread "GC Thread#2"                     [id=2081876, stack(0x00007f70e3500000,0x00007f70e3600000) (1024K)]
  0x00007f710c00d7d0 WorkerThread "GC Thread#3"                     [id=2081877, stack(0x00007f70d2d00000,0x00007f70d2e00000) (1024K)]
  0x00007f710c00e430 WorkerThread "GC Thread#4"                     [id=2081878, stack(0x00007f70d2bff000,0x00007f70d2cff000) (1024K)]
  0x00007f710c00f190 WorkerThread "GC Thread#5"                     [id=2081879, stack(0x00007f70d2afe000,0x00007f70d2bfe000) (1024K)]
  0x00007f710c02e710 WorkerThread "GC Thread#6"                     [id=2081899, stack(0x00007f70b8f62000,0x00007f70b9062000) (1024K)]
  0x00007f710c021c70 WorkerThread "GC Thread#7"                     [id=2081925, stack(0x00007f70a46bc000,0x00007f70a47bc000) (1024K)]
  0x00007f710c032ac0 WorkerThread "GC Thread#8"                     [id=2081926, stack(0x00007f70a3aff000,0x00007f70a3bff000) (1024K)]
  0x00007f710c034aa0 WorkerThread "GC Thread#9"                     [id=2081931, stack(0x00007f70a38fd000,0x00007f70a39fd000) (1024K)]
  0x00007f710c035d20 WorkerThread "GC Thread#10"                    [id=2081932, stack(0x00007f70a37fc000,0x00007f70a38fc000) (1024K)]
  0x00007f710c036bf0 WorkerThread "GC Thread#11"                    [id=2081933, stack(0x00007f70a36fb000,0x00007f70a37fb000) (1024K)]
  0x00007f710c037ac0 WorkerThread "GC Thread#12"                    [id=2081934, stack(0x00007f70a35fa000,0x00007f70a36fa000) (1024K)]
  0x00007f71500867c0 ConcurrentGCThread "G1 Main Marker"            terminated
  0x00007f7150087950 WorkerThread "G1 Conc#0"                       [id=2081829, stack(0x00007f712bf00000,0x00007f712c000000) (1024K)]
  0x00007f7130000cc0 WorkerThread "G1 Conc#1"                       [id=2081853, stack(0x00007f70f77f9000,0x00007f70f78f9000) (1024K)]
  0x00007f71300019d0 WorkerThread "G1 Conc#2"                       [id=2081854, stack(0x00007f70f76f8000,0x00007f70f77f8000) (1024K)]
  0x00007f71500de170 WorkerThread "G1 Refinement Workers#0"         [id=2081831, stack(0x00007f7128ef2000,0x00007f7128ff2000) (1024K)]
  0x00007f71500dcf10 ConcurrentGCThread "G1 Refine Control"         terminated
  0x00007f71500df270 ConcurrentGCThread "G1 Service"                terminated
Total: 21

Threads with active compile tasks:
Total: 0

VM state: at safepoint (shutting down)

VM Mutex/Monitor currently owned by a thread:  ([mutex/lock_event])
[0x00007f7157cf61d8] Threads_lock - owner thread: 0x00007f71500ffa50
[0x00007f7157cf5f58] Heap_lock - owner thread: 0x00007f7108111dc0

Heap address: 0x000000070fa00000, size: 3846 MB, Compressed Oops mode: Zero based, Oop shift amount: 3

CDS archive(s) mapped at: [0x0000000092000000-0x0000000092da7000-0x0000000092da7000), size 14315520, SharedBaseAddress: 0x0000000092000000, ArchiveRelocationMode: 1.
Compressed class space mapped at: 0x0000000093000000-0x00000000d3000000, reserved size: 1073741824
UseCompressedClassPointers 1, UseCompactObjectHeaders 0
Narrow klass pointer bits 32, Max shift 3
Narrow klass base: 0x0000000092000000, Narrow klass shift: 0
Encoding Range: [0x0000000092000000 - 0x0000000192000000), (4294967296 bytes)
Klass Range:    [0x0000000092000000 - 0x00000000d3000000), (1090519040 bytes)
Klass ID Range:  [8 - 1090519033) (1090519025)
Protection zone: [0x0000000092000000 - 0x0000000092001000), (4096 bytes)

GC Precious Log:
 CardTable entry size: 512
 Card Set container configuration: InlinePtr #cards 4 size 8 Array Of Cards #cards 16 size 48 Howl #buckets 8 coarsen threshold 3686 Howl Bitmap #cards 512 size 80 coarsen threshold 460 Card regions per heap region 1 cards per card region 4096
 CPUs: 16 total, 16 available
 Memory: 15381M
 Large Page Support: Disabled
 NUMA Support: Disabled
 Compressed Oops: Enabled (Zero based)
 Heap Region Size: 2M
 Heap Min Capacity: 8M
 Heap Initial Capacity: 8M
 Heap Max Capacity: 3846M
 Pre-touch: Disabled
 Parallel Workers: 13
 Concurrent Workers: 3
 Concurrent Refinement Workers: 13
 Periodic GC: Disabled

Heap:
 garbage-first heap   total reserved 3938304K, committed 49152K, used 17816K [0x000000070fa00000, 0x0000000800000000)
  region size 2M, 3 eden (6M), 1 survivor (2M), 5 old (10M), 1 humongous (2M), 14 free (28M)

Heap Regions: E=young(eden), S=young(survivor), O=old, HS=humongous(starts), HC=humongous(continues), CS=collection set, F=free, TAMS=top-at-mark-start, PB=parsable bottom
|    0|0x000000070fa00000, 0x000000070fc00000, 0x000000070fc00000|100%|HS|  |TAMS 0x000000070fa00000| PB 0x000000070fa00000| Complete  |  0
|    1|0x000000070fc00000, 0x000000070fe00000, 0x000000070fe00000|100%| O|  |TAMS 0x000000070fc00000| PB 0x000000070fc00000| Untracked |  0
|    2|0x000000070fe00000, 0x0000000710000000, 0x0000000710000000|100%| O|  |TAMS 0x000000070fe00000| PB 0x000000070fe00000| Untracked |  0
|    3|0x0000000710000000, 0x000000071019b250, 0x0000000710200000| 80%| O|  |TAMS 0x0000000710000000| PB 0x0000000710000000| Untracked |  0
|    4|0x0000000710200000, 0x0000000710200000, 0x0000000710400000|  0%| F|  |TAMS 0x0000000710200000| PB 0x0000000710200000| Untracked |  0
|    5|0x0000000710400000, 0x0000000710400000, 0x0000000710600000|  0%| F|  |TAMS 0x0000000710400000| PB 0x0000000710400000| Untracked |  0
|    6|0x0000000710600000, 0x0000000710600000, 0x0000000710800000|  0%| F|  |TAMS 0x0000000710600000| PB 0x0000000710600000| Untracked |  0
|    7|0x0000000710800000, 0x00000007109cb198, 0x0000000710a00000| 89%| S|CS|TAMS 0x0000000710800000| PB 0x0000000710800000| Complete  |  0
|    8|0x0000000710a00000, 0x0000000710a00000, 0x0000000710c00000|  0%| F|  |TAMS 0x0000000710a00000| PB 0x0000000710a00000| Untracked |  0
|    9|0x0000000710c00000, 0x0000000710c00000, 0x0000000710e00000|  0%| F|  |TAMS 0x0000000710c00000| PB 0x0000000710c00000| Untracked |  0
|   10|0x0000000710e00000, 0x0000000710e00000, 0x0000000711000000|  0%| F|  |TAMS 0x0000000710e00000| PB 0x0000000710e00000| Untracked |  0
|   11|0x0000000711000000, 0x0000000711000000, 0x0000000711200000|  0%| F|  |TAMS 0x0000000711000000| PB 0x0000000711000000| Untracked |  0
|   12|0x0000000711200000, 0x0000000711200000, 0x0000000711400000|  0%| F|  |TAMS 0x0000000711200000| PB 0x0000000711200000| Untracked |  0
|   13|0x0000000711400000, 0x0000000711400000, 0x0000000711600000|  0%| F|  |TAMS 0x0000000711400000| PB 0x0000000711400000| Untracked |  0
|   14|0x0000000711600000, 0x0000000711600000, 0x0000000711800000|  0%| F|  |TAMS 0x0000000711600000| PB 0x0000000711600000| Untracked |  0
|   15|0x0000000711800000, 0x0000000711800000, 0x0000000711a00000|  0%| F|  |TAMS 0x0000000711800000| PB 0x0000000711800000| Untracked |  0
|   16|0x0000000711a00000, 0x0000000711a00000, 0x0000000711c00000|  0%| F|  |TAMS 0x0000000711a00000| PB 0x0000000711a00000| Untracked |  0
|   17|0x0000000711c00000, 0x0000000711c00000, 0x0000000711e00000|  0%| F|  |TAMS 0x0000000711c00000| PB 0x0000000711c00000| Untracked |  0
|   18|0x0000000711e00000, 0x0000000711e00000, 0x0000000712000000|  0%| F|  |TAMS 0x0000000711e00000| PB 0x0000000711e00000| Untracked |  0
|   19|0x0000000712000000, 0x00000007120edc68, 0x0000000712200000| 46%| E|CS|TAMS 0x0000000712000000| PB 0x0000000712000000| Complete  |  0
|   20|0x0000000712200000, 0x0000000712400000, 0x0000000712400000|100%| E|CS|TAMS 0x0000000712200000| PB 0x0000000712200000| Complete  |  0
| 1920|0x00000007ffa00000, 0x00000007ffc00000, 0x00000007ffc00000|100%| O|  |TAMS 0x00000007ffa00000| PB 0x00000007ffa00000| Untracked |  0
| 1921|0x00000007ffc00000, 0x00000007ffe00000, 0x00000007ffe00000|100%| O|  |TAMS 0x00000007ffc00000| PB 0x00000007ffc00000| Untracked |  0
| 1922|0x00000007ffe00000, 0x0000000800000000, 0x0000000800000000|100%| E|CS|TAMS 0x00000007ffe00000| PB 0x00000007ffe00000| Complete  |  0

Card table byte_map: [0x00007f7154098000,0x00007f715481b000] _byte_map_base: 0x00007f715081b000
Refinement table byte_map: [0x00007f715481b000,0x00007f7154f9e000] _byte_map_base: 0x00007f7150f9e000

Marking Bits: (CMBitMap*) 0x00007f715006f3e0
 Bits: [0x00007f71341e7000, 0x00007f7137dff000)

Polling page: 0x00007f7158028000

Metaspace:
Metaspace        used 28325K, committed 28864K, reserved 1114112K
 class space     used 2609K, committed 2816K, reserved 1048576K

Usage:
  Non-class:     25.11 MB used.
      Class:      2.55 MB used.
       Both:     27.66 MB used.

Virtual space:
  Non-class space:       64.00 MB reserved,      25.44 MB ( 40%) committed,  1 nodes.
      Class space:        1.00 GB reserved,       2.75 MB ( <1%) committed,  1 nodes.
             Both:        1.06 GB reserved,      28.19 MB (  3%) committed. 

Chunk freelists:
   Non-Class:  5.91 MB
       Class:  13.25 MB
        Both:  19.16 MB

MaxMetaspaceSize: unlimited
CompressedClassSpaceSize: 1.00 GB
Initial GC threshold: 21.00 MB
Current GC threshold: 35.12 MB
CDS: on
 - commit_granule_bytes: 65536.
 - commit_granule_words: 8192.
 - virtual_space_node_default_size: 8388608.
 - enlarge_chunks_in_place: 1.
UseCompressedClassPointers 1, UseCompactObjectHeaders 0
Narrow klass pointer bits 32, Max shift 3
Narrow klass base: 0x0000000092000000, Narrow klass shift: 0
Encoding Range: [0x0000000092000000 - 0x0000000192000000), (4294967296 bytes)
Klass Range:    [0x0000000092000000 - 0x00000000d3000000), (1090519040 bytes)
Klass ID Range:  [8 - 1090519033) (1090519025)
Protection zone: [0x0000000092000000 - 0x0000000092001000), (4096 bytes)


Internal statistics:

num_allocs_failed_limit: 3.
num_arena_births: 714.
num_arena_deaths: 0.
num_vsnodes_births: 2.
num_vsnodes_deaths: 0.
num_space_committed: 450.
num_space_uncommitted: 0.
num_chunks_returned_to_freelist: 3.
num_chunks_taken_from_freelist: 1662.
num_chunk_merges: 3.
num_chunk_splits: 1153.
num_chunks_enlarged: 818.
num_inconsistent_stats: 0.

CodeHeap 'non-profiled nmethods': size=119168Kb used=1467Kb max_used=1467Kb free=117700Kb
 bounds [0x00007f713f9a0000, 0x00007f713fc10000, 0x00007f7146e00000]
CodeHeap 'profiled nmethods': size=119168Kb used=6467Kb max_used=6467Kb free=112701Kb
 bounds [0x00007f7137dff000, 0x00007f713845f000, 0x00007f713f25f000]
CodeHeap 'non-nmethods': size=7428Kb used=3041Kb max_used=4832Kb free=4386Kb
 bounds [0x00007f713f25f000, 0x00007f713f72f000, 0x00007f713f9a0000]
CodeCache: size=245764Kb, used=10975Kb, max_used=12766Kb, free=234787Kb
 total_blobs=5789, nmethods=3953, adapters=1730, full_count=0
Compilation: enabled, stopped_count=0, restarted_count=0

Compilation events (20 events):
Event: 65.997 Thread 0x00007f7150110070 3964       4       jdk.internal.foreign.SegmentFactories::initNativeMemory (34 bytes)
Event: 65.999 Thread 0x00007f7150110070 nmethod 3964 0x00007f713fb0de08 code [0x00007f713fb0df00, 0x00007f713fb0e0a0]
Event: 66.057 Thread 0x00007f7150111a40 3965       1       androidx.compose.ui.scene.BaseComposeScene::access$getRecomposer$p (5 bytes)
Event: 66.057 Thread 0x00007f7150111a40 nmethod 3965 0x00007f713fb0e108 code [0x00007f713fb0e200, 0x00007f713fb0e298]
Event: 66.057 Thread 0x00007f7150111a40 3966       3       androidx.compose.ui.geometry.Offset::equals-impl (27 bytes)
Event: 66.057 Thread 0x00007f7150111a40 nmethod 3966 0x00007f713844e688 code [0x00007f713844e780, 0x00007f713844eb38]
Event: 66.057 Thread 0x00007f7150111a40 3967       3       androidx.compose.ui.unit.IntOffsetKt::round-k-4lQ0M (98 bytes)
Event: 66.057 Thread 0x00007f7150111a40 nmethod 3967 0x00007f713844eb88 code [0x00007f713844ec80, 0x00007f713844ee88]
Event: 66.057 Thread 0x00007f7150111a40 3968       3       androidx.compose.ui.graphics.SkiaBackedCanvas::translate (11 bytes)
Event: 66.057 Thread 0x00007f7150111a40 nmethod 3968 0x00007f713844ef08 code [0x00007f713844f000, 0x00007f713844f1b0]
Event: 66.057 Thread 0x00007f7150111a40 3969       3       org.jetbrains.skia.Canvas::translate (32 bytes)
Event: 66.057 Thread 0x00007f7150111a40 nmethod 3969 0x00007f713844f208 code [0x00007f713844f300, 0x00007f713844f5f0]
Event: 66.058 Thread 0x00007f7150111a40 3970       3       org.jetbrains.skia.CanvasKt::access$_nTranslate (7 bytes)
Event: 66.058 Thread 0x00007f7150111a40 nmethod 3970 0x00007f713844f608 code [0x00007f713844f700, 0x00007f713844f800]
Event: 66.159 Thread 0x00007f7150111a40 3971       3       androidx.compose.ui.node.OnPositionedDispatcher::isNotEmpty (20 bytes)
Event: 66.159 Thread 0x00007f7150111a40 nmethod 3971 0x00007f713844f908 code [0x00007f713844fa00, 0x00007f713844fbe0]
Event: 66.577 Thread 0x00007f7150110070 3972       4       kotlinx.coroutines.JobSupport::afterCompletion (1 bytes)
Event: 66.577 Thread 0x00007f7150110070 nmethod 3972 0x00007f713fb0e408 code [0x00007f713fb0e500, 0x00007f713fb0e568]
Event: 66.783 Thread 0x00007f7150110070 3973       4       sun.nio.cs.UTF_8::updatePositions (23 bytes)
Event: 66.786 Thread 0x00007f7150110070 nmethod 3973 0x00007f713fb0e708 code [0x00007f713fb0e800, 0x00007f713fb0ed18]

GC Heap Usage History (20 events):
Event: 0.111 {heap Before GC invocations=2 (full 0):
 garbage-first heap   total reserved 3938304K, committed 10240K, used 7184K [0x000000070fa00000, 0x0000000800000000)
  region size 2M, 1 eden (2M), 1 survivor (2M), 1 old (2M), 1 humongous (2M), 1 free (2M)
}
Event: 0.114 {heap After GC invocations=3 (full 0):
 garbage-first heap   total reserved 3938304K, committed 12288K, used 6796K [0x000000070fa00000, 0x0000000800000000)
  region size 2M, 0 eden (0M), 1 survivor (2M), 2 old (4M), 1 humongous (2M), 2 free (4M)
}
Event: 0.153 {heap Before GC invocations=3 (full 0):
 garbage-first heap   total reserved 3938304K, committed 12288K, used 8844K [0x000000070fa00000, 0x0000000800000000)
  region size 2M, 1 eden (2M), 1 survivor (2M), 2 old (4M), 1 humongous (2M), 1 free (2M)
}
Event: 0.159 {heap After GC invocations=4 (full 0):
 garbage-first heap   total reserved 3938304K, committed 49152K, used 7813K [0x000000070fa00000, 0x0000000800000000)
  region size 2M, 0 eden (0M), 1 survivor (2M), 3 old (6M), 1 humongous (2M), 19 free (38M)
}
Event: 0.945 {heap Before GC invocations=4 (full 0):
 garbage-first heap   total reserved 3938304K, committed 49152K, used 20101K [0x000000070fa00000, 0x0000000800000000)
  region size 2M, 6 eden (12M), 1 survivor (2M), 3 old (6M), 1 humongous (2M), 13 free (26M)
}
Event: 0.948 {heap After GC invocations=5 (full 0):
 garbage-first heap   total reserved 3938304K, committed 49152K, used 9454K [0x000000070fa00000, 0x0000000800000000)
  region size 2M, 0 eden (0M), 1 survivor (2M), 3 old (6M), 1 humongous (2M), 19 free (38M)
}
Event: 1.197 {heap Before GC invocations=5 (full 0):
 garbage-first heap   total reserved 3938304K, committed 49152K, used 19694K [0x000000070fa00000, 0x0000000800000000)
  region size 2M, 6 eden (12M), 1 survivor (2M), 3 old (6M), 1 humongous (2M), 13 free (26M)
}
Event: 1.201 {heap After GC invocations=6 (full 0):
 garbage-first heap   total reserved 3938304K, committed 49152K, used 10084K [0x000000070fa00000, 0x0000000800000000)
  region size 2M, 0 eden (0M), 1 survivor (2M), 4 old (8M), 1 humongous (2M), 18 free (36M)
}
Event: 1.783 {heap Before GC invocations=6 (full 0):
 garbage-first heap   total reserved 3938304K, committed 49152K, used 22372K [0x000000070fa00000, 0x0000000800000000)
  region size 2M, 7 eden (14M), 1 survivor (2M), 4 old (8M), 1 humongous (2M), 11 free (22M)
}
Event: 1.785 {heap After GC invocations=7 (full 0):
 garbage-first heap   total reserved 3938304K, committed 49152K, used 10559K [0x000000070fa00000, 0x0000000800000000)
  region size 2M, 0 eden (0M), 1 survivor (2M), 4 old (8M), 1 humongous (2M), 18 free (36M)
}
Event: 2.172 {heap Before GC invocations=7 (full 0):
 garbage-first heap   total reserved 3938304K, committed 49152K, used 31039K [0x000000070fa00000, 0x0000000800000000)
  region size 2M, 11 eden (22M), 1 survivor (2M), 4 old (8M), 1 humongous (2M), 7 free (14M)
}
Event: 2.177 {heap After GC invocations=8 (full 0):
 garbage-first heap   total reserved 3938304K, committed 49152K, used 11894K [0x000000070fa00000, 0x0000000800000000)
  region size 2M, 0 eden (0M), 2 survivor (4M), 4 old (8M), 1 humongous (2M), 17 free (34M)
}
Event: 2.236 {heap Before GC invocations=8 (full 0):
 garbage-first heap   total reserved 3938304K, committed 49152K, used 18038K [0x000000070fa00000, 0x0000000800000000)
  region size 2M, 4 eden (8M), 2 survivor (4M), 4 old (8M), 1 humongous (2M), 13 free (26M)
}
Event: 2.240 {heap After GC invocations=9 (full 0):
 garbage-first heap   total reserved 3938304K, committed 49152K, used 12222K [0x000000070fa00000, 0x0000000800000000)
  region size 2M, 0 eden (0M), 2 survivor (4M), 4 old (8M), 1 humongous (2M), 17 free (34M)
}
Event: 3.257 {heap Before GC invocations=10 (full 0):
 garbage-first heap   total reserved 3938304K, committed 49152K, used 36798K [0x000000070fa00000, 0x0000000800000000)
  region size 2M, 12 eden (24M), 2 survivor (4M), 4 old (8M), 1 humongous (2M), 5 free (10M)
}
Event: 3.262 {heap After GC invocations=11 (full 0):
 garbage-first heap   total reserved 3938304K, committed 49152K, used 13507K [0x000000070fa00000, 0x0000000800000000)
  region size 2M, 0 eden (0M), 2 survivor (4M), 5 old (10M), 1 humongous (2M), 16 free (32M)
}
Event: 28.485 {heap Before GC invocations=11 (full 0):
 garbage-first heap   total reserved 3938304K, committed 49152K, used 38083K [0x000000070fa00000, 0x0000000800000000)
  region size 2M, 12 eden (24M), 2 survivor (4M), 5 old (10M), 1 humongous (2M), 4 free (8M)
}
Event: 28.488 {heap After GC invocations=12 (full 0):
 garbage-first heap   total reserved 3938304K, committed 49152K, used 13749K [0x000000070fa00000, 0x0000000800000000)
  region size 2M, 0 eden (0M), 1 survivor (2M), 5 old (10M), 1 humongous (2M), 17 free (34M)
}
Event: 62.205 {heap Before GC invocations=12 (full 0):
 garbage-first heap   total reserved 3938304K, committed 49152K, used 40373K [0x000000070fa00000, 0x0000000800000000)
  region size 2M, 13 eden (26M), 1 survivor (2M), 5 old (10M), 1 humongous (2M), 4 free (8M)
}
Event: 62.207 {heap After GC invocations=13 (full 0):
 garbage-first heap   total reserved 3938304K, committed 49152K, used 13720K [0x000000070fa00000, 0x0000000800000000)
  region size 2M, 0 eden (0M), 1 survivor (2M), 5 old (10M), 1 humongous (2M), 17 free (34M)
}

Metaspace Usage History (20 events):
Event: 0.111 {metaspace Before GC invocations=2 (full 0):
 Metaspace       used 361K, committed 576K, reserved 1114112K
  class space    used 6K, committed 128K, reserved 1048576K
}
Event: 0.114 {metaspace After GC invocations=3 (full 0):
 Metaspace       used 361K, committed 576K, reserved 1114112K
  class space    used 6K, committed 128K, reserved 1048576K
}
Event: 0.153 {metaspace Before GC invocations=3 (full 0):
 Metaspace       used 822K, committed 960K, reserved 1114112K
  class space    used 39K, committed 128K, reserved 1048576K
}
Event: 0.159 {metaspace After GC invocations=4 (full 0):
 Metaspace       used 822K, committed 960K, reserved 1114112K
  class space    used 39K, committed 128K, reserved 1048576K
}
Event: 0.945 {metaspace Before GC invocations=4 (full 0):
 Metaspace       used 7746K, committed 7872K, reserved 1114112K
  class space    used 597K, committed 640K, reserved 1048576K
}
Event: 0.948 {metaspace After GC invocations=5 (full 0):
 Metaspace       used 7746K, committed 7872K, reserved 1114112K
  class space    used 597K, committed 640K, reserved 1048576K
}
Event: 1.197 {metaspace Before GC invocations=5 (full 0):
 Metaspace       used 11251K, committed 11584K, reserved 1114112K
  class space    used 940K, committed 1088K, reserved 1048576K
}
Event: 1.201 {metaspace After GC invocations=6 (full 0):
 Metaspace       used 11251K, committed 11584K, reserved 1114112K
  class space    used 940K, committed 1088K, reserved 1048576K
}
Event: 1.783 {metaspace Before GC invocations=6 (full 0):
 Metaspace       used 15262K, committed 15616K, reserved 1114112K
  class space    used 1261K, committed 1408K, reserved 1048576K
}
Event: 1.786 {metaspace After GC invocations=7 (full 0):
 Metaspace       used 15262K, committed 15616K, reserved 1114112K
  class space    used 1261K, committed 1408K, reserved 1048576K
}
Event: 2.172 {metaspace Before GC invocations=7 (full 0):
 Metaspace       used 20299K, committed 20736K, reserved 1114112K
  class space    used 1790K, committed 1984K, reserved 1048576K
}
Event: 2.177 {metaspace After GC invocations=8 (full 0):
 Metaspace       used 20299K, committed 20736K, reserved 1114112K
  class space    used 1790K, committed 1984K, reserved 1048576K
}
Event: 2.236 {metaspace Before GC invocations=8 (full 0):
 Metaspace       used 21127K, committed 21504K, reserved 1114112K
  class space    used 1934K, committed 2112K, reserved 1048576K
}
Event: 2.240 {metaspace After GC invocations=9 (full 0):
 Metaspace       used 21127K, committed 21504K, reserved 1114112K
  class space    used 1934K, committed 2112K, reserved 1048576K
}
Event: 3.257 {metaspace Before GC invocations=10 (full 0):
 Metaspace       used 26783K, committed 27264K, reserved 1114112K
  class space    used 2556K, committed 2752K, reserved 1048576K
}
Event: 3.262 {metaspace After GC invocations=11 (full 0):
 Metaspace       used 26783K, committed 27264K, reserved 1114112K
  class space    used 2556K, committed 2752K, reserved 1048576K
}
Event: 28.485 {metaspace Before GC invocations=11 (full 0):
 Metaspace       used 28238K, committed 28800K, reserved 1114112K
  class space    used 2607K, committed 2816K, reserved 1048576K
}
Event: 28.488 {metaspace After GC invocations=12 (full 0):
 Metaspace       used 28238K, committed 28800K, reserved 1114112K
  class space    used 2607K, committed 2816K, reserved 1048576K
}
Event: 62.205 {metaspace Before GC invocations=12 (full 0):
 Metaspace       used 28307K, committed 28800K, reserved 1114112K
  class space    used 2607K, committed 2816K, reserved 1048576K
}
Event: 62.207 {metaspace After GC invocations=13 (full 0):
 Metaspace       used 28307K, committed 28800K, reserved 1114112K
  class space    used 2607K, committed 2816K, reserved 1048576K
}

Dll operation events (20 events):
Event: 0.185 Attempting to load shared library /usr/lib/jvm/java-26-openjdk/lib/libjimage.so
Event: 0.185 Loaded shared library /usr/lib/jvm/java-26-openjdk/lib/libjimage.so
Event: 0.192 Attempting to load shared library /usr/lib/jvm/java-26-openjdk/lib/libnet.so
Event: 0.192 Loaded shared library /usr/lib/jvm/java-26-openjdk/lib/libnet.so
Event: 0.201 Attempting to load shared library /tmp/lwjgl_annihilator/3.3.6+1/x64/liblwjgl.so
Event: 0.201 Loaded shared library /tmp/lwjgl_annihilator/3.3.6+1/x64/liblwjgl.so
Event: 0.661 Attempting to load shared library /usr/lib/jvm/java-26-openjdk/lib/libawt.so
Event: 0.662 Loaded shared library /usr/lib/jvm/java-26-openjdk/lib/libawt.so
Event: 0.662 Attempting to load shared library /usr/lib/jvm/java-26-openjdk/lib/libawt_xawt.so
Event: 0.663 Loaded shared library /usr/lib/jvm/java-26-openjdk/lib/libawt_xawt.so
Event: 0.688 Attempting to load shared library /usr/lib/jvm/java-26-openjdk/lib/libfontmanager.so
Event: 0.689 Loaded shared library /usr/lib/jvm/java-26-openjdk/lib/libfontmanager.so
Event: 0.790 Attempting to load shared library /tmp/lwjgl_annihilator/3.3.6+1/x64/liblwjgl_opengl.so
Event: 0.790 Loaded shared library /tmp/lwjgl_annihilator/3.3.6+1/x64/liblwjgl_opengl.so
Event: 0.871 Attempting to load shared library /home/annihilator/.skiko/skiko-linux-x64-434f7633c843870c0839a1137b128f6c3db3c5d58dcad3545e90827e3e341afb/libskiko-linux-x64.so
Event: 0.894 Loaded shared library /home/annihilator/.skiko/skiko-linux-x64-434f7633c843870c0839a1137b128f6c3db3c5d58dcad3545e90827e3e341afb/libskiko-linux-x64.so
Event: 0.997 Attempting to load shared library /home/annihilator/dev/mpv/build/libmpv.so.2.5.0
Event: 1.068 Loaded shared library /home/annihilator/dev/mpv/build/libmpv.so.2.5.0
Event: 1.071 Attempting to load shared library /usr/lib/jvm/java-26-openjdk/lib/libsyslookup.so
Event: 1.072 Loaded shared library /usr/lib/jvm/java-26-openjdk/lib/libsyslookup.so

Deoptimization events (20 events):
Event: 32.872 Thread 0x00007f71515a1a00 Uncommon trap: trap_request=0xffffff54 fr.pc=0x00007f713faf6368 relative=0x0000000000000068
Event: 32.872 Thread 0x00007f71515a1a00 Uncommon trap: reason=speculate_null_check action=make_not_entrant pc=0x00007f713faf6368 method=jdk.internal.misc.Unsafe.putIntUnaligned(Ljava/lang/Object;JIZ)V @ 10 c2
Event: 32.872 Thread 0x00007f71515a1a00 DEOPT PACKING pc=0x00007f713faf6368 sp=0x00007f70b9160ea0
Event: 32.872 Thread 0x00007f71515a1a00 DEOPT UNPACKING pc=0x00007f713f383af9 sp=0x00007f70b9160e10 mode 2
Event: 36.955 Thread 0x00007f71515a1a00 Uncommon trap: trap_request=0xffffff54 fr.pc=0x00007f713fb03ee8 relative=0x0000000000000068
Event: 36.955 Thread 0x00007f71515a1a00 Uncommon trap: reason=speculate_null_check action=make_not_entrant pc=0x00007f713fb03ee8 method=jdk.internal.misc.Unsafe.putLongUnaligned(Ljava/lang/Object;JJZ)V @ 10 c2
Event: 36.955 Thread 0x00007f71515a1a00 DEOPT PACKING pc=0x00007f713fb03ee8 sp=0x00007f70b9160ea0
Event: 36.955 Thread 0x00007f71515a1a00 DEOPT UNPACKING pc=0x00007f713f383af9 sp=0x00007f70b9160e00 mode 2
Event: 66.993 Thread 0x00007f715169e480 Uncommon trap: trap_request=0xffffff95 fr.pc=0x00007f713facb0a4 relative=0x0000000000001024
Event: 66.993 Thread 0x00007f715169e480 Uncommon trap: reason=unreached action=reinterpret pc=0x00007f713facb0a4 method=java.lang.System$Out.write([BII)V @ 20 c2
Event: 66.993 Thread 0x00007f715169e480 DEOPT PACKING pc=0x00007f713facb0a4 sp=0x00007f70b92626b0
Event: 66.993 Thread 0x00007f715169e480 DEOPT UNPACKING pc=0x00007f713f383af9 sp=0x00007f70b92624c0 mode 2
Event: 66.994 Thread 0x00007f715169e480 Uncommon trap: trap_request=0xffffff95 fr.pc=0x00007f713facf48c relative=0x000000000000140c
Event: 66.994 Thread 0x00007f715169e480 Uncommon trap: reason=unreached action=reinterpret pc=0x00007f713facf48c method=java.lang.System$Out.write([BII)V @ 20 c2
Event: 66.994 Thread 0x00007f715169e480 DEOPT PACKING pc=0x00007f713facf48c sp=0x00007f70b9262740
Event: 66.994 Thread 0x00007f715169e480 DEOPT UNPACKING pc=0x00007f713f383af9 sp=0x00007f70b92625d8 mode 2
Event: 66.994 Thread 0x00007f715169e480 Uncommon trap: trap_request=0xffffff95 fr.pc=0x00007f713fab5acc relative=0x000000000000034c
Event: 66.994 Thread 0x00007f715169e480 Uncommon trap: reason=unreached action=reinterpret pc=0x00007f713fab5acc method=java.lang.System$Out.write([BII)V @ 20 c2
Event: 66.994 Thread 0x00007f715169e480 DEOPT PACKING pc=0x00007f713fab5acc sp=0x00007f70b92626f0
Event: 66.994 Thread 0x00007f715169e480 DEOPT UNPACKING pc=0x00007f713f383af9 sp=0x00007f70b92625d8 mode 2

Classes loaded (20 events):
Event: 2.790 Loading class java/util/AbstractList$ListItr
Event: 2.790 Loading class java/util/AbstractList$ListItr done
Event: 3.271 Loading class java/util/Formatter$FormatSpecifierParser
Event: 3.271 Loading class java/util/Formatter$FormatSpecifierParser done
Event: 3.664 Loading class jdk/internal/math/FormattedFPDecimal
Event: 3.664 Loading class jdk/internal/math/FormattedFPDecimal done
Event: 3.665 Loading class sun/util/resources/LocaleData$LocaleDataResourceBundleProvider
Event: 3.665 Loading class java/util/spi/ResourceBundleProvider
Event: 3.665 Loading class java/util/spi/ResourceBundleProvider done
Event: 3.665 Loading class sun/util/resources/LocaleData$LocaleDataResourceBundleProvider done
Event: 3.666 Loading class java/util/ArrayList$SubList$1
Event: 3.666 Loading class java/util/ArrayList$SubList$1 done
Event: 67.009 Loading class jdk/internal/misc/Signal$1
Event: 67.009 Loading class jdk/internal/misc/Signal$1 done
Event: 67.010 Loading class sun/awt/X11/XSystemTrayPeer
Event: 67.010 Loading class java/awt/peer/SystemTrayPeer
Event: 67.010 Loading class java/awt/peer/SystemTrayPeer done
Event: 67.010 Loading class sun/awt/X11/XMSelectionListener
Event: 67.010 Loading class sun/awt/X11/XMSelectionListener done
Event: 67.010 Loading class sun/awt/X11/XSystemTrayPeer done

Classes unloaded (0 events):
No events

Classes redefined (0 events):
No events

Internal exceptions (20 events):
Event: 67.000 Thread 0x00007f715169e480 Exception <a 'java/io/IOException'{0x00000007123edd40}> (0x00000007123edd40) 
thrown [/usr/src/debug/java-openjdk/jdk26u-jdk-26.0.2.1-1/src/hotspot/share/prims/jni.cpp, line 514]
Event: 67.000 Thread 0x00007f715169e480 Exception <a 'java/io/IOException'{0x00000007123ee050}> (0x00000007123ee050) 
thrown [/usr/src/debug/java-openjdk/jdk26u-jdk-26.0.2.1-1/src/hotspot/share/prims/jni.cpp, line 514]
Event: 67.001 Thread 0x00007f715169e480 Exception <a 'java/io/IOException'{0x00000007123ee668}> (0x00000007123ee668) 
thrown [/usr/src/debug/java-openjdk/jdk26u-jdk-26.0.2.1-1/src/hotspot/share/prims/jni.cpp, line 514]
Event: 67.001 Thread 0x00007f715169e480 Exception <a 'java/io/IOException'{0x00000007123ee978}> (0x00000007123ee978) 
thrown [/usr/src/debug/java-openjdk/jdk26u-jdk-26.0.2.1-1/src/hotspot/share/prims/jni.cpp, line 514]
Event: 67.002 Thread 0x00007f715169e480 Exception <a 'java/io/IOException'{0x00000007123eef90}> (0x00000007123eef90) 
thrown [/usr/src/debug/java-openjdk/jdk26u-jdk-26.0.2.1-1/src/hotspot/share/prims/jni.cpp, line 514]
Event: 67.002 Thread 0x00007f715169e480 Exception <a 'java/io/IOException'{0x00000007123ef2a0}> (0x00000007123ef2a0) 
thrown [/usr/src/debug/java-openjdk/jdk26u-jdk-26.0.2.1-1/src/hotspot/share/prims/jni.cpp, line 514]
Event: 67.003 Thread 0x00007f715169e480 Exception <a 'java/io/IOException'{0x00000007123ef8e0}> (0x00000007123ef8e0) 
thrown [/usr/src/debug/java-openjdk/jdk26u-jdk-26.0.2.1-1/src/hotspot/share/prims/jni.cpp, line 514]
Event: 67.003 Thread 0x00007f715169e480 Exception <a 'java/io/IOException'{0x00000007123efbf0}> (0x00000007123efbf0) 
thrown [/usr/src/debug/java-openjdk/jdk26u-jdk-26.0.2.1-1/src/hotspot/share/prims/jni.cpp, line 514]
Event: 67.003 Thread 0x00007f715169e480 Exception <a 'java/io/IOException'{0x00000007123f0238}> (0x00000007123f0238) 
thrown [/usr/src/debug/java-openjdk/jdk26u-jdk-26.0.2.1-1/src/hotspot/share/prims/jni.cpp, line 514]
Event: 67.003 Thread 0x00007f715169e480 Exception <a 'java/io/IOException'{0x00000007123f0548}> (0x00000007123f0548) 
thrown [/usr/src/debug/java-openjdk/jdk26u-jdk-26.0.2.1-1/src/hotspot/share/prims/jni.cpp, line 514]
Event: 67.005 Thread 0x00007f715169e480 Exception <a 'java/io/IOException'{0x00000007123f0bd8}> (0x00000007123f0bd8) 
thrown [/usr/src/debug/java-openjdk/jdk26u-jdk-26.0.2.1-1/src/hotspot/share/prims/jni.cpp, line 514]
Event: 67.005 Thread 0x00007f715169e480 Exception <a 'java/io/IOException'{0x00000007123f0ee8}> (0x00000007123f0ee8) 
thrown [/usr/src/debug/java-openjdk/jdk26u-jdk-26.0.2.1-1/src/hotspot/share/prims/jni.cpp, line 514]
Event: 67.006 Thread 0x00007f715169e480 Exception <a 'java/io/IOException'{0x00000007123f1580}> (0x00000007123f1580) 
thrown [/usr/src/debug/java-openjdk/jdk26u-jdk-26.0.2.1-1/src/hotspot/share/prims/jni.cpp, line 514]
Event: 67.006 Thread 0x00007f715169e480 Exception <a 'java/io/IOException'{0x00000007123f1890}> (0x00000007123f1890) 
thrown [/usr/src/debug/java-openjdk/jdk26u-jdk-26.0.2.1-1/src/hotspot/share/prims/jni.cpp, line 514]
Event: 67.007 Thread 0x00007f715169e480 Exception <a 'java/io/IOException'{0x00000007123f1ef0}> (0x00000007123f1ef0) 
thrown [/usr/src/debug/java-openjdk/jdk26u-jdk-26.0.2.1-1/src/hotspot/share/prims/jni.cpp, line 514]
Event: 67.007 Thread 0x00007f715169e480 Exception <a 'java/io/IOException'{0x00000007123f2200}> (0x00000007123f2200) 
thrown [/usr/src/debug/java-openjdk/jdk26u-jdk-26.0.2.1-1/src/hotspot/share/prims/jni.cpp, line 514]
Event: 67.008 Thread 0x00007f715169e480 Exception <a 'java/io/IOException'{0x00000007123f28a0}> (0x00000007123f28a0) 
thrown [/usr/src/debug/java-openjdk/jdk26u-jdk-26.0.2.1-1/src/hotspot/share/prims/jni.cpp, line 514]
Event: 67.008 Thread 0x00007f715169e480 Exception <a 'java/io/IOException'{0x00000007123f2bb0}> (0x00000007123f2bb0) 
thrown [/usr/src/debug/java-openjdk/jdk26u-jdk-26.0.2.1-1/src/hotspot/share/prims/jni.cpp, line 514]
Event: 67.010 Thread 0x00007f715169e480 Exception <a 'java/io/IOException'{0x00000007123f31a0}> (0x00000007123f31a0) 
thrown [/usr/src/debug/java-openjdk/jdk26u-jdk-26.0.2.1-1/src/hotspot/share/prims/jni.cpp, line 514]
Event: 67.010 Thread 0x00007f715169e480 Exception <a 'java/io/IOException'{0x00000007123f34b0}> (0x00000007123f34b0) 
thrown [/usr/src/debug/java-openjdk/jdk26u-jdk-26.0.2.1-1/src/hotspot/share/prims/jni.cpp, line 514]

VM Operations (20 events):
Event: 2.105 Executing non-safepoint VM operation: HandshakeAllThreads (Deoptimize) done
Event: 2.172 Executing safepoint VM operation: G1CollectForAllocation (G1 Evacuation Pause)
Event: 2.177 Executing safepoint VM operation: G1CollectForAllocation (G1 Evacuation Pause) done
Event: 2.236 Executing safepoint VM operation: CollectForMetadataAllocation (Metadata GC Threshold)
Event: 2.240 Executing safepoint VM operation: CollectForMetadataAllocation (Metadata GC Threshold) done
Event: 2.244 Executing safepoint VM operation: G1PauseRemark
Event: 2.247 Executing safepoint VM operation: G1PauseRemark done
Event: 2.248 Executing safepoint VM operation: G1PauseCleanup
Event: 2.249 Executing safepoint VM operation: G1PauseCleanup done
Event: 3.257 Executing safepoint VM operation: G1CollectForAllocation (G1 Evacuation Pause)
Event: 3.262 Executing safepoint VM operation: G1CollectForAllocation (G1 Evacuation Pause) done
Event: 28.485 Executing safepoint VM operation: G1CollectForAllocation (G1 Evacuation Pause)
Event: 28.488 Executing safepoint VM operation: G1CollectForAllocation (G1 Evacuation Pause) done
Event: 60.044 Executing non-safepoint VM operation: HandshakeAllThreads (DeflationHandshakeClosure)
Event: 60.044 Executing non-safepoint VM operation: HandshakeAllThreads (DeflationHandshakeClosure) done
Event: 60.044 Executing non-safepoint VM operation: RendezvousGCThreads
Event: 60.044 Executing non-safepoint VM operation: RendezvousGCThreads done
Event: 62.205 Executing safepoint VM operation: G1CollectForAllocation (G1 Evacuation Pause)
Event: 62.208 Executing safepoint VM operation: G1CollectForAllocation (G1 Evacuation Pause) done
Event: 67.011 Executing safepoint VM operation: Exit

Memory protections (20 events):
Event: 0.793 Protecting memory [0x00007f70f43f2000,0x00007f70f43f6000] with protection modes 0
Event: 0.832 Protecting memory [0x00007f70f42f1000,0x00007f70f42f5000] with protection modes 0
Event: 0.899 Protecting memory [0x00007f70f401c000,0x00007f70f4020000] with protection modes 0
Event: 0.943 Protecting memory [0x00007f70f401c000,0x00007f70f4020000] with protection modes 0
Event: 0.943 Protecting memory [0x00007f70ed900000,0x00007f70ed904000] with protection modes 0
Event: 0.943 Protecting memory [0x00007f70e6d00000,0x00007f70e6d04000] with protection modes 0
Event: 0.954 Protecting memory [0x00007f70d29fd000,0x00007f70d2a01000] with protection modes 0
Event: 1.183 Protecting memory [0x00007f70b9164000,0x00007f70b9168000] with protection modes 0
Event: 1.188 Protecting memory [0x00007f70b9063000,0x00007f70b9067000] with protection modes 0
Event: 1.756 Protecting memory [0x00007f70b5285000,0x00007f70b5289000] with protection modes 0
Event: 1.771 Protecting memory [0x00007f70adcff000,0x00007f70add03000] with protection modes 0
Event: 1.937 Protecting memory [0x00007f70a39fe000,0x00007f70a3a02000] with protection modes 0
Event: 2.658 Protecting memory [0x00007f70a1df7000,0x00007f70a1dfb000] with protection modes 0
Event: 3.270 Protecting memory [0x00007f70c0afd000,0x00007f70c0afe000] with protection modes 1
Event: 5.825 Protecting memory [0x00007f70b5285000,0x00007f70b5289000] with protection modes 0
Event: 22.579 Protecting memory [0x00007f70f7f00000,0x00007f70f7f04000] with protection modes 0
Event: 41.279 Protecting memory [0x00007f70f7f00000,0x00007f70f7f04000] with protection modes 0
Event: 41.279 Protecting memory [0x00007f70f7bfd000,0x00007f70f7c01000] with protection modes 0
Event: 67.010 Protecting memory [0x00007f70f7f00000,0x00007f70f7f04000] with protection modes 0
Event: 67.010 Protecting memory [0x00007f70f7bfd000,0x00007f70f7c01000] with protection modes 0

Nmethod flushes (20 events):
Event: 2.246 Thread 0x00007f71500ffa50 flushing  nmethod 0x00007f7137e12a88
Event: 2.246 Thread 0x00007f71500ffa50 flushing  nmethod 0x00007f7137e12f08
Event: 2.246 Thread 0x00007f71500ffa50 flushing  nmethod 0x00007f7137e13208
Event: 2.246 Thread 0x00007f71500ffa50 flushing  nmethod 0x00007f7137e13e88
Event: 2.246 Thread 0x00007f71500ffa50 flushing  nmethod 0x00007f7137e14208
Event: 2.246 Thread 0x00007f71500ffa50 flushing  nmethod 0x00007f7137e14608
Event: 2.246 Thread 0x00007f71500ffa50 flushing  nmethod 0x00007f7137e15b08
Event: 2.246 Thread 0x00007f71500ffa50 flushing  nmethod 0x00007f7137dff508
Event: 2.246 Thread 0x00007f71500ffa50 flushing  nmethod 0x00007f7137dff808
Event: 2.246 Thread 0x00007f71500ffa50 flushing  nmethod 0x00007f7137dffe08
Event: 2.246 Thread 0x00007f71500ffa50 flushing  nmethod 0x00007f7137e01208
Event: 2.246 Thread 0x00007f71500ffa50 flushing  nmethod 0x00007f7137e0ec88
Event: 2.246 Thread 0x00007f71500ffa50 flushing  nmethod 0x00007f7137e10988
Event: 2.246 Thread 0x00007f71500ffa50 flushing  nmethod 0x00007f7137e10c88
Event: 2.246 Thread 0x00007f71500ffa50 flushing  nmethod 0x00007f7137e11688
Event: 2.246 Thread 0x00007f71500ffa50 flushing  nmethod 0x00007f7137e11a08
Event: 2.246 Thread 0x00007f71500ffa50 flushing  nmethod 0x00007f7137e17388
Event: 2.246 Thread 0x00007f71500ffa50 flushing  nmethod 0x00007f7137e17908
Event: 2.246 Thread 0x00007f71500ffa50 flushing  nmethod 0x00007f7137e19408
Event: 2.246 Thread 0x00007f71500ffa50 flushing  nmethod 0x00007f7137e19988

Events (20 events):
Event: 2.658 Thread 0x00007f712c007ae0 Thread added: 0x00007f712c007ae0
Event: 3.181 Thread 0x00007f70f0431070 Thread exited: 0x00007f70f0431070
Event: 3.183 Thread 0x00007f70f074bba0 Thread exited: 0x00007f70f074bba0
Event: 5.825 Thread 0x00007f7150111a40 Thread added: 0x000055e10e1de820
Event: 6.017 Thread 0x000055e10e1de820 Thread exited: 0x000055e10e1de820
Event: 12.276 Thread 0x00007f70f0379d50 Thread exited: 0x00007f70f0379d50
Event: 18.608 Thread 0x00007f70f00bdc80 Thread exited: 0x00007f70f00bdc80
Event: 18.910 Thread 0x000055e10d44eb90 Thread exited: 0x000055e10d44eb90
Event: 22.578 Thread 0x00007f7150110070 Thread added: 0x00007f70f0739170
Event: 22.951 Thread 0x00007f70f0739170 Thread exited: 0x00007f70f0739170
Event: 41.279 Thread 0x00007f7150111a40 Thread added: 0x000055e10d4a8060
Event: 41.279 Thread 0x00007f7150111a40 Thread added: 0x000055e10ecf2960
Event: 42.695 Thread 0x000055e10ecf2960 Thread exited: 0x000055e10ecf2960
Event: 43.498 Thread 0x000055e10d4a8060 Thread exited: 0x000055e10d4a8060
Event: 67.010 Thread 0x00007f715010aeb0 Thread added: 0x00007f7108111dc0
Event: 67.010 Thread 0x00007f7108111dc0 Thread added: 0x00007f7114006ed0
Event: 67.011 Thread 0x00007f7108111dc0 Before exit entered
Event: 67.011 Thread 0x00007f7114006ed0 Thread exited: 0x00007f7114006ed0
Event: 67.011 Thread 0x00007f7108111dc0 JVMTI - enter dead phase
Event: 67.011 Thread 0x00007f715010aeb0 Thread exited: 0x00007f715010aeb0


Dynamic libraries:
20000000-40000000 ---p 00000000 00:00 0 
40362000-4040e000 rw-p 00000000 00:00 0 
41f76000-41f78000 r-xs 00000000 00:01 711886                             /memfd:/.glXXXXXX (deleted)
92000000-92001000 ---p 00000000 00:00 0 
92001000-92da7000 rw-p 00001000 103:02 7880813                           /usr/lib/jvm/java-26-openjdk/lib/server/classes.jsa
92da7000-93000000 ---p 00000000 00:00 0 
93000000-93040000 rw-p 00000000 00:00 0 
93040000-930c0000 rw-p 00000000 00:00 0 
930c0000-93100000 rw-p 00000000 00:00 0 
93100000-932c0000 rw-p 00000000 00:00 0 
932c0000-d3000000 ---p 00000000 00:00 0 
200000000-200200000 ---p 00000000 00:00 0 
200200000-200400000 rw-s 00000000 00:07 1112                             /dev/nvidia0
200400000-203400000 rw-s 00000000 00:07 1110                             /dev/nvidiactl
203400000-204000000 ---p 00000000 00:00 0 
204000000-204200000 rw-s 00000000 00:07 1110                             /dev/nvidiactl
204200000-204400000 rw-s 00000000 00:07 1110                             /dev/nvidiactl
204400000-204600000 rw-s 204400000 00:07 779                             /dev/nvidia-uvm
204600000-300200000 ---p 00000000 00:00 0 
70fa00000-712400000 rw-p 00000000 00:00 0 
712400000-7ffa00000 ---p 00000000 00:00 0 
7ffa00000-7ffe00000 rw-p 00000000 00:00 0 
7ffe00000-7fff25000 rw-p 00ddd000 103:02 7880813                         /usr/lib/jvm/java-26-openjdk/lib/server/classes.jsa
7fff25000-800000000 rw-p 00000000 00:00 0 
10000000000-10004400000 ---p 00000000 00:00 0 
10004400000-10004600000 rw-s 00000000 00:07 1110                         /dev/nvidiactl
10004600000-10004800000 rw-s 00000000 00:01 714776                       /dev/zero (deleted)
10004800000-10004a00000 rw-s 00000000 00:01 714777                       /dev/zero (deleted)
10004a00000-10005000000 ---p 00000000 00:00 0 
10005000000-10005200000 rw-s 00000000 00:07 1110                         /dev/nvidiactl
10005200000-10005400000 ---p 00000000 00:00 0 
10005400000-10005600000 rw-s 00000000 00:01 714779                       /dev/zero (deleted)
10005600000-10005b33000 rw-s 00000000 00:07 1110                         /dev/nvidiactl
10005b33000-10020000000 ---p 00000000 00:00 0 
55e0f6315000-55e0f6316000 r--p 00000000 103:02 7876111                   /usr/lib/jvm/java-26-openjdk/bin/java
55e0f6316000-55e0f6317000 r-xp 00001000 103:02 7876111                   /usr/lib/jvm/java-26-openjdk/bin/java
55e0f6317000-55e0f6318000 r--p 00002000 103:02 7876111                   /usr/lib/jvm/java-26-openjdk/bin/java
55e0f6318000-55e0f6319000 r--p 00002000 103:02 7876111                   /usr/lib/jvm/java-26-openjdk/bin/java
55e0f6319000-55e0f631a000 rw-p 00003000 103:02 7876111                   /usr/lib/jvm/java-26-openjdk/bin/java
55e10d387000-55e10ed21000 rw-p 00000000 00:00 0                          [heap]
7f7089400000-7f708944f000 r--p 00000000 103:02 4834735                   /usr/lib/libnvidia-rtcore.so.610.57.04
7f708944f000-7f708a1ba000 r-xp 0004f000 103:02 4834735                   /usr/lib/libnvidia-rtcore.so.610.57.04
7f708a1ba000-7f708bdb6000 r--p 00dba000 103:02 4834735                   /usr/lib/libnvidia-rtcore.so.610.57.04
7f708bdb6000-7f708bdd7000 r--p 029b5000 103:02 4834735                   /usr/lib/libnvidia-rtcore.so.610.57.04
7f708bdd7000-7f708becd000 rw-p 029d6000 103:02 4834735                   /usr/lib/libnvidia-rtcore.so.610.57.04
7f708becd000-7f708bf14000 rw-p 00000000 00:00 0 
7f708c000000-7f708e2b5000 rw-p 00000000 00:00 0 
7f708e2b5000-7f7090000000 ---p 00000000 00:00 0 
7f7090000000-7f7093c15000 rw-p 00000000 00:00 0 
7f7093c15000-7f7094000000 ---p 00000000 00:00 0 
7f7094000000-7f7097ffc000 rw-p 00000000 00:00 0 
7f7097ffc000-7f7098000000 ---p 00000000 00:00 0 
7f7099cfd000-7f709a4fe000 rw-p 00000000 00:00 0 
7f709c40f000-7f709c60f000 rw-s 00000000 00:07 1112                       /dev/nvidia0
7f709c60f000-7f709c80f000 rw-s 00000000 00:07 1110                       /dev/nvidiactl
7f709c80f000-7f709ca0f000 rw-s 00000000 00:07 1110                       /dev/nvidiactl
7f709ca0f000-7f709ce0b000 rw-s 00000000 00:07 1110                       /dev/nvidiactl
7f709ce0b000-7f709d207000 rw-s 00000000 00:07 1110                       /dev/nvidiactl
7f709d207000-7f709d603000 rw-s 00000000 00:07 1110                       /dev/nvidiactl
7f709d603000-7f709d9ff000 rw-s 00000000 00:07 1110                       /dev/nvidiactl
7f709d9ff000-7f709e200000 rw-p 00000000 00:00 0 
7f709e200000-7f709e217000 r--p 00000000 103:02 4831165                   /usr/lib/libnvcuvid.so.610.57.04
7f709e217000-7f709e392000 r-xp 00017000 103:02 4831165                   /usr/lib/libnvcuvid.so.610.57.04
7f709e392000-7f709fc39000 r--p 00192000 103:02 4831165                   /usr/lib/libnvcuvid.so.610.57.04
7f709fc39000-7f709fc3a000 ---p 01a39000 103:02 4831165                   /usr/lib/libnvcuvid.so.610.57.04
7f709fc3a000-7f709fc44000 r--p 01a39000 103:02 4831165                   /usr/lib/libnvcuvid.so.610.57.04
7f709fc44000-7f709fc45000 rw-p 01a43000 103:02 4831165                   /usr/lib/libnvcuvid.so.610.57.04
7f709fc45000-7f709fc46000 rw-p 00000000 00:00 0 
7f709fc72000-7f709fcb2000 rw-s 00000000 00:07 1112                       /dev/nvidia0
7f709fcb2000-7f709fdb2000 rw-s 00000000 00:07 1110                       /dev/nvidiactl
7f709fdb2000-7f709fdf2000 rw-s 00000000 00:07 1110                       /dev/nvidiactl
7f709fdf2000-7f70a1df7000 rw-p 00000000 00:00 0 
7f70a1df7000-7f70a1dfb000 ---p 00000000 00:00 0 
7f70a1dfb000-7f70a39fe000 rw-p 00000000 00:00 0 
7f70a39fe000-7f70a3a02000 ---p 00000000 00:00 0 
7f70a3a02000-7f70a4400000 rw-p 00000000 00:00 0 
7f70a4400000-7f70a4600000 rw-s 00000000 00:01 714778                     /dev/zero (deleted)
7f70a463b000-7f70a465b000 rw-s 00000000 00:07 1110                       /dev/nvidiactl
7f70a465b000-7f70a469b000 rw-s 00000000 00:07 1110                       /dev/nvidiactl
7f70a469b000-7f70a46bb000 rw-s 00000000 00:07 1110                       /dev/nvidiactl
7f70a46bb000-7f70a47bc000 rw-p 00000000 00:00 0 
7f70a47bc000-7f70a47bd000 rw-s 00000000 00:07 1110                       /dev/nvidiactl
7f70a47bd000-7f70a47be000 rw-s 00000000 00:07 1110                       /dev/nvidiactl
7f70a47be000-7f70a47bf000 rw-s 00000000 00:07 1110                       /dev/nvidiactl
7f70a47bf000-7f70a47c0000 rw-s 00000000 00:07 1110                       /dev/nvidiactl
7f70a47c0000-7f70a47c1000 rw-s 00000000 00:07 1110                       /dev/nvidiactl
7f70a47c1000-7f70a47c2000 rw-s 00000000 00:07 1110                       /dev/nvidiactl
7f70a47c2000-7f70a47c3000 rw-s 00000000 00:07 1110                       /dev/nvidiactl
7f70a47c3000-7f70a47c4000 rw-s 00000000 00:07 1110                       /dev/nvidiactl
7f70a47c4000-7f70a47c5000 rw-s 00000000 00:07 1110                       /dev/nvidiactl
7f70a47c5000-7f70a47c6000 rw-s 00000000 00:07 1110                       /dev/nvidiactl
7f70a47c6000-7f70a47c7000 rw-s 00000000 00:07 1110                       /dev/nvidiactl
7f70a47c7000-7f70a47c8000 rw-s 00000000 00:07 1110                       /dev/nvidiactl
7f70a47c8000-7f70a47c9000 rw-s 00000000 00:07 1110                       /dev/nvidiactl
7f70a47c9000-7f70a47ca000 rw-s 00000000 00:07 1110                       /dev/nvidiactl
7f70a47ca000-7f70a47cb000 rw-s 00000000 00:07 1110                       /dev/nvidiactl
7f70a47cb000-7f70a47cc000 rw-s 00000000 00:07 1110                       /dev/nvidiactl
7f70a47cc000-7f70a59dd000 ---p 00000000 00:00 0 
7f70a59dd000-7f70a69df000 rw-p 00000000 00:00 0 
7f70a69df000-7f70adc00000 ---p 00000000 00:00 0 
7f70adc0b000-7f70adc1e000 rw-s 00000000 00:07 1110                       /dev/nvidiactl
7f70adc1e000-7f70adc5e000 rw-s 00000000 00:07 1110                       /dev/nvidiactl
7f70adc5e000-7f70adc7e000 rw-s 00000000 00:07 1110                       /dev/nvidiactl
7f70adc7e000-7f70adcfe000 rw-s 00000000 00:07 1110                       /dev/nvidiactl
7f70adcfe000-7f70adcff000 rw-p 00000000 00:00 0 
7f70adcff000-7f70add03000 ---p 00000000 00:00 0 
7f70add03000-7f70ae600000 rw-p 00000000 00:00 0 
7f70ae600000-7f70ae7a8000 r--p 00000000 103:02 4826311                   /usr/lib/libcuda.so.610.57.04
7f70ae7a8000-7f70afa23000 r-xp 001a8000 103:02 4826311                   /usr/lib/libcuda.so.610.57.04
7f70afa23000-7f70b4fea000 r--p 01423000 103:02 4826311                   /usr/lib/libcuda.so.610.57.04
7f70b4fea000-7f70b4feb000 ---p 069ea000 103:02 4826311                   /usr/lib/libcuda.so.610.57.04
7f70b4feb000-7f70b5167000 r--p 069ea000 103:02 4826311                   /usr/lib/libcuda.so.610.57.04
7f70b5167000-7f70b516c000 rw-p 06b66000 103:02 4826311                   /usr/lib/libcuda.so.610.57.04
7f70b516c000-7f70b51d4000 rw-p 00000000 00:00 0 
7f70b51dc000-7f70b523c000 rw-s 00000000 00:07 1110                       /dev/nvidiactl
7f70b523c000-7f70b5264000 rw-s 00000000 00:07 1110                       /dev/nvidiactl
7f70b5264000-7f70b5274000 rw-s 00000000 00:07 1112                       /dev/nvidia0
7f70b5274000-7f70b5284000 r-xp 00000000 00:00 0 
7f70b5284000-7f70b5285000 rw-p 00000000 00:00 0 
7f70b5285000-7f70b5289000 ---p 00000000 00:00 0 
7f70b5289000-7f70b5385000 rw-p 00000000 00:00 0 
7f70b5385000-7f70b5395000 -w-s 00000000 00:07 1112                       /dev/nvidia0
7f70b5395000-7f70b5b96000 rw-p 00000000 00:00 0 
7f70b5b96000-7f70b5c16000 rw-s 00000000 00:07 1110                       /dev/nvidiactl
7f70b5c16000-7f70b5e16000 rw-s 00000000 00:07 1110                       /dev/nvidiactl
7f70b5e16000-7f70b5f16000 rw-s 00000000 00:07 1110                       /dev/nvidiactl
7f70b5f16000-7f70b5f29000 rw-s 00000000 00:07 1110                       /dev/nvidiactl
7f70b5f29000-7f70b5f69000 rw-s 00000000 00:07 1110                       /dev/nvidiactl
7f70b5f89000-7f70b5fc9000 rw-s 00000000 00:07 1110                       /dev/nvidiactl
7f70b5fe9000-7f70b6feb000 rw-p 00000000 00:00 0 
7f70b6feb000-7f70b70eb000 rw-s 00000000 00:07 1110                       /dev/nvidiactl
7f70b70eb000-7f70b70fe000 rw-s 00000000 00:07 1110                       /dev/nvidiactl
7f70b70fe000-7f70b713e000 rw-s 00000000 00:07 1110                       /dev/nvidiactl
7f70b713e000-7f70b715e000 rw-s 00000000 00:07 1110                       /dev/nvidiactl
7f70b715e000-7f70b71de000 rw-s 00000000 00:07 1110                       /dev/nvidiactl
7f70b71de000-7f70b81e0000 rw-p 00000000 00:00 0 
7f70b81e0000-7f70b82e0000 rw-s 00000000 00:07 1110                       /dev/nvidiactl
7f70b82e0000-7f70b8360000 rw-s 00000000 00:07 1110                       /dev/nvidiactl
7f70b8360000-7f70b83a0000 rw-s 00000000 00:07 1110                       /dev/nvidiactl
7f70b83a0000-7f70b83c0000 rw-s 00000000 00:07 1110                       /dev/nvidiactl
7f70b83c0000-7f70b8400000 rw-s 00000000 00:07 1110                       /dev/nvidiactl
7f70b8400000-7f70b8433000 r--p 00000000 103:02 4833039                   /usr/lib/libnvidia-glvkspirv.so.610.57.04
7f70b8433000-7f70b8bfc000 r-xp 00033000 103:02 4833039                   /usr/lib/libnvidia-glvkspirv.so.610.57.04
7f70b8bfc000-7f70b8d4c000 r--p 007fc000 103:02 4833039                   /usr/lib/libnvidia-glvkspirv.so.610.57.04
7f70b8d4c000-7f70b8d4d000 ---p 0094c000 103:02 4833039                   /usr/lib/libnvidia-glvkspirv.so.610.57.04
7f70b8d4d000-7f70b8d5f000 r--p 0094c000 103:02 4833039                   /usr/lib/libnvidia-glvkspirv.so.610.57.04
7f70b8d5f000-7f70b8ded000 rw-p 0095e000 103:02 4833039                   /usr/lib/libnvidia-glvkspirv.so.610.57.04
7f70b8ded000-7f70b8e02000 rw-p 00000000 00:00 0 
7f70b8e06000-7f70b8e19000 rw-s 00000000 00:07 1110                       /dev/nvidiactl
7f70b8e39000-7f70b8eb9000 rw-s 00000000 00:07 1112                       /dev/nvidia0
7f70b8eb9000-7f70b8ef9000 rw-s 00000000 00:07 1110                       /dev/nvidiactl
7f70b8ef9000-7f70b8f19000 rw-s 00000000 00:07 1110                       /dev/nvidiactl
7f70b8f19000-7f70b8f1c000 r--p 00000000 103:02 4773820                   /usr/lib/libVkLayer_MESA_device_select.so
7f70b8f1c000-7f70b8f2b000 r-xp 00003000 103:02 4773820                   /usr/lib/libVkLayer_MESA_device_select.so
7f70b8f2b000-7f70b8f30000 r--p 00012000 103:02 4773820                   /usr/lib/libVkLayer_MESA_device_select.so
7f70b8f30000-7f70b8f31000 r--p 00016000 103:02 4773820                   /usr/lib/libVkLayer_MESA_device_select.so
7f70b8f31000-7f70b8f32000 rw-p 00017000 103:02 4773820                   /usr/lib/libVkLayer_MESA_device_select.so
7f70b8f32000-7f70b8f34000 rw-p 00000000 00:00 0 
7f70b8f34000-7f70b8f44000 rw-s 00000000 00:07 1112                       /dev/nvidia0
7f70b8f44000-7f70b8f50000 r--p 00000000 103:02 4751819                   /usr/lib/libxcb-glx.so.0.0.0
7f70b8f50000-7f70b8f59000 r-xp 0000c000 103:02 4751819                   /usr/lib/libxcb-glx.so.0.0.0
7f70b8f59000-7f70b8f5e000 r--p 00015000 103:02 4751819                   /usr/lib/libxcb-glx.so.0.0.0
7f70b8f5e000-7f70b8f60000 r--p 0001a000 103:02 4751819                   /usr/lib/libxcb-glx.so.0.0.0
7f70b8f60000-7f70b8f61000 rw-p 0001c000 103:02 4751819                   /usr/lib/libxcb-glx.so.0.0.0
7f70b8f61000-7f70b9063000 rw-p 00000000 00:00 0 
7f70b9063000-7f70b9067000 ---p 00000000 00:00 0 
7f70b9067000-7f70b9164000 rw-p 00000000 00:00 0 
7f70b9164000-7f70b9168000 ---p 00000000 00:00 0 
7f70b9168000-7f70b9264000 rw-p 00000000 00:00 0 
7f70b9264000-7f70b9284000 r-xp 00000000 00:00 0 
7f70b9284000-7f70b92a4000 rw-p 00000000 00:00 0 
7f70b92a4000-7f70b92b4000 r-xp 00000000 00:00 0 
7f70b92b4000-7f70b9314000 rw-p 00000000 00:00 0 
7f70b9314000-7f70ba316000 rw-p 00000000 00:00 0 
7f70ba316000-7f70ba3f6000 rw-p 00000000 00:00 0 
7f70ba3f6000-7f70bf400000 rw-p 00000000 00:00 0 
7f70bf400000-7f70bf4c3000 r--p 00000000 103:02 4812054                   /usr/lib/libglycin-2.so.0
7f70bf4c3000-7f70bf7e0000 r-xp 000c2000 103:02 4812054                   /usr/lib/libglycin-2.so.0
7f70bf7e0000-7f70bf7f9000 r--p 003de000 103:02 4812054                   /usr/lib/libglycin-2.so.0
7f70bf7f9000-7f70bf7fd000 rw-p 003f6000 103:02 4812054                   /usr/lib/libglycin-2.so.0
7f70bf7fd000-7f70bf80d000 r-xp 00000000 00:00 0 
7f70bf80d000-7f70bf92d000 rw-p 00000000 00:00 0 
7f70bf92d000-7f70bf936000 r--p 00000000 103:02 4769004                   /usr/lib/libFLAC.so.14.0.0
7f70bf936000-7f70bf96c000 r-xp 00009000 103:02 4769004                   /usr/lib/libFLAC.so.14.0.0
7f70bf96c000-7f70bf974000 r--p 0003f000 103:02 4769004                   /usr/lib/libFLAC.so.14.0.0
7f70bf974000-7f70bf975000 r--p 00047000 103:02 4769004                   /usr/lib/libFLAC.so.14.0.0
7f70bf975000-7f70bf976000 rw-p 00048000 103:02 4769004                   /usr/lib/libFLAC.so.14.0.0
7f70bf976000-7f70bf97b000 r--p 00000000 103:02 4755422                   /usr/lib/libsndfile.so.1.0.37
7f70bf97b000-7f70bf9e1000 r-xp 00005000 103:02 4755422                   /usr/lib/libsndfile.so.1.0.37
7f70bf9e1000-7f70bf9fa000 r--p 0006b000 103:02 4755422                   /usr/lib/libsndfile.so.1.0.37
7f70bf9fa000-7f70bf9fd000 r--p 00084000 103:02 4755422                   /usr/lib/libsndfile.so.1.0.37
7f70bf9fd000-7f70bf9fe000 rw-p 00087000 103:02 4755422                   /usr/lib/libsndfile.so.1.0.37
7f70bf9fe000-7f70bfa00000 rw-p 00000000 00:00 0 
7f70bfa00000-7f70bfa49000 r--p 00000000 103:02 4817127                   /usr/lib/libSPIRV-Tools-opt.so
7f70bfa49000-7f70bfc12000 r-xp 00049000 103:02 4817127                   /usr/lib/libSPIRV-Tools-opt.so
7f70bfc12000-7f70bfc6b000 r--p 00212000 103:02 4817127                   /usr/lib/libSPIRV-Tools-opt.so
7f70bfc6b000-7f70bfc7b000 r--p 0026b000 103:02 4817127                   /usr/lib/libSPIRV-Tools-opt.so
7f70bfc7b000-7f70bfc7c000 rw-p 0027b000 103:02 4817127                   /usr/lib/libSPIRV-Tools-opt.so
7f70bfc89000-7f70bfc8b000 r--p 00000000 103:02 4734009                   /usr/lib/libseccomp.so.2.6.0
7f70bfc8b000-7f70bfc9b000 r-xp 00002000 103:02 4734009                   /usr/lib/libseccomp.so.2.6.0
7f70bfc9b000-7f70bfcb4000 r--p 00012000 103:02 4734009                   /usr/lib/libseccomp.so.2.6.0
7f70bfcb4000-7f70bfcb5000 r--p 0002b000 103:02 4734009                   /usr/lib/libseccomp.so.2.6.0
7f70bfcb5000-7f70bfcb6000 rw-p 0002c000 103:02 4734009                   /usr/lib/libseccomp.so.2.6.0
7f70bfcb6000-7f70bfcc4000 r--p 00000000 103:02 5905684                   /usr/lib/libOpenGL.so.0.0.0
7f70bfcc4000-7f70bfccf000 r-xp 0000e000 103:02 5905684                   /usr/lib/libOpenGL.so.0.0.0
7f70bfccf000-7f70bfcd4000 r--p 00019000 103:02 5905684                   /usr/lib/libOpenGL.so.0.0.0
7f70bfcd4000-7f70bfcd9000 r--p 0001e000 103:02 5905684                   /usr/lib/libOpenGL.so.0.0.0
7f70bfcd9000-7f70bfcda000 rw-p 00023000 103:02 5905684                   /usr/lib/libOpenGL.so.0.0.0
7f70bfcda000-7f70bfcdd000 r--p 00000000 103:02 4777131                   /usr/lib/libmd.so.0.2.0
7f70bfcdd000-7f70bfce9000 r-xp 00003000 103:02 4777131                   /usr/lib/libmd.so.0.2.0
7f70bfce9000-7f70bfceb000 r--p 0000f000 103:02 4777131                   /usr/lib/libmd.so.0.2.0
7f70bfceb000-7f70bfcec000 r--p 00011000 103:02 4777131                   /usr/lib/libmd.so.0.2.0
7f70bfcec000-7f70bfced000 rw-p 00012000 103:02 4777131                   /usr/lib/libmd.so.0.2.0
7f70bfced000-7f70bfcef000 r--p 00000000 103:02 4769564                   /usr/lib/libv4lconvert.so.0.0.0
7f70bfcef000-7f70bfd0a000 r-xp 00002000 103:02 4769564                   /usr/lib/libv4lconvert.so.0.0.0
7f70bfd0a000-7f70bfd12000 r--p 0001d000 103:02 4769564                   /usr/lib/libv4lconvert.so.0.0.0
7f70bfd12000-7f70bfd14000 r--p 00025000 103:02 4769564                   /usr/lib/libv4lconvert.so.0.0.0
7f70bfd14000-7f70bfd15000 rw-p 00027000 103:02 4769564                   /usr/lib/libv4lconvert.so.0.0.0
7f70bfd15000-7f70bfd67000 rw-p 00000000 00:00 0 
7f70bfd67000-7f70bfd6a000 r--p 00000000 103:02 4722208                   /usr/lib/libresolv.so.2
7f70bfd6a000-7f70bfd73000 r-xp 00003000 103:02 4722208                   /usr/lib/libresolv.so.2
7f70bfd73000-7f70bfd76000 r--p 0000c000 103:02 4722208                   /usr/lib/libresolv.so.2
7f70bfd76000-7f70bfd77000 r--p 0000f000 103:02 4722208                   /usr/lib/libresolv.so.2
7f70bfd77000-7f70bfd78000 rw-p 00010000 103:02 4722208                   /usr/lib/libresolv.so.2
7f70bfd78000-7f70bfd7a000 rw-p 00000000 00:00 0 
7f70bfd7a000-7f70bfd7d000 r--p 00000000 103:02 4732383                   /usr/lib/libk5crypto.so.3.1
7f70bfd7d000-7f70bfd99000 r-xp 00003000 103:02 4732383                   /usr/lib/libk5crypto.so.3.1
7f70bfd99000-7f70bfda5000 r--p 0001f000 103:02 4732383                   /usr/lib/libk5crypto.so.3.1
7f70bfda5000-7f70bfda7000 r--p 0002a000 103:02 4732383                   /usr/lib/libk5crypto.so.3.1
7f70bfda7000-7f70bfda8000 rw-p 0002c000 103:02 4732383                   /usr/lib/libk5crypto.so.3.1
7f70bfda8000-7f70bfdb9000 r--p 00000000 103:02 4732432                   /usr/lib/libkrb5.so.3.3
7f70bfdb9000-7f70bfe29000 r-xp 00011000 103:02 4732432                   /usr/lib/libkrb5.so.3.3
7f70bfe29000-7f70bfe67000 r--p 00081000 103:02 4732432                   /usr/lib/libkrb5.so.3.3
7f70bfe67000-7f70bfe75000 r--p 000bf000 103:02 4732432                   /usr/lib/libkrb5.so.3.3
7f70bfe75000-7f70bfe77000 rw-p 000cd000 103:02 4732432                   /usr/lib/libkrb5.so.3.3
7f70bfe77000-7f70bfe86000 r--p 00000000 103:02 4735687                   /usr/lib/libunistring.so.5.2.1
7f70bfe86000-7f70bfeca000 r-xp 0000f000 103:02 4735687                   /usr/lib/libunistring.so.5.2.1
7f70bfeca000-7f70c0059000 r--p 00053000 103:02 4735687                   /usr/lib/libunistring.so.5.2.1
7f70c0059000-7f70c005d000 r--p 001e2000 103:02 4735687                   /usr/lib/libunistring.so.5.2.1
7f70c005d000-7f70c005e000 rw-p 001e6000 103:02 4735687                   /usr/lib/libunistring.so.5.2.1
7f70c005e000-7f70c0065000 r--p 00000000 103:02 4770278                   /usr/lib/libp11-kit.so.0.4.11
7f70c0065000-7f70c014e000 r-xp 00007000 103:02 4770278                   /usr/lib/libp11-kit.so.0.4.11
7f70c014e000-7f70c01e0000 r--p 000f0000 103:02 4770278                   /usr/lib/libp11-kit.so.0.4.11
7f70c01e0000-7f70c01f1000 r--p 00181000 103:02 4770278                   /usr/lib/libp11-kit.so.0.4.11
7f70c01f1000-7f70c0200000 rw-p 00192000 103:02 4770278                   /usr/lib/libp11-kit.so.0.4.11
7f70c0200000-7f70c021a000 r--p 00000000 103:02 4760330                   /usr/lib/libleancrypto.so.1
7f70c021a000-7f70c0338000 r-xp 0001a000 103:02 4760330                   /usr/lib/libleancrypto.so.1
7f70c0338000-7f70c045b000 r--p 00138000 103:02 4760330                   /usr/lib/libleancrypto.so.1
7f70c045b000-7f70c0461000 r--p 0025b000 103:02 4760330                   /usr/lib/libleancrypto.so.1
7f70c0461000-7f70c0463000 rw-p 00261000 103:02 4760330                   /usr/lib/libleancrypto.so.1
7f70c046e000-7f70c047c000 r--p 00000000 103:02 4758220                   /usr/lib/libnettle.so.9.0
7f70c047c000-7f70c04ae000 r-xp 0000e000 103:02 4758220                   /usr/lib/libnettle.so.9.0
7f70c04ae000-7f70c04c6000 r--p 00040000 103:02 4758220                   /usr/lib/libnettle.so.9.0
7f70c04c6000-7f70c04c9000 r--p 00057000 103:02 4758220                   /usr/lib/libnettle.so.9.0
7f70c04c9000-7f70c04ca000 rw-p 0005a000 103:02 4758220                   /usr/lib/libnettle.so.9.0
7f70c04ca000-7f70c04d2000 r--p 00000000 103:02 4738622                   /usr/lib/libhogweed.so.7.0
7f70c04d2000-7f70c04e5000 r-xp 00008000 103:02 4738622                   /usr/lib/libhogweed.so.7.0
7f70c04e5000-7f70c050e000 r--p 0001b000 103:02 4738622                   /usr/lib/libhogweed.so.7.0
7f70c050e000-7f70c0510000 r--p 00043000 103:02 4738622                   /usr/lib/libhogweed.so.7.0
7f70c0510000-7f70c0511000 rw-p 00045000 103:02 4738622                   /usr/lib/libhogweed.so.7.0
7f70c0511000-7f70c0520000 r--p 00000000 103:02 4811985                   /usr/lib/libsodium.so.26.4.0
7f70c0520000-7f70c0573000 r-xp 0000f000 103:02 4811985                   /usr/lib/libsodium.so.26.4.0
7f70c0573000-7f70c0585000 r--p 00062000 103:02 4811985                   /usr/lib/libsodium.so.26.4.0
7f70c0585000-7f70c0586000 r--p 00074000 103:02 4811985                   /usr/lib/libsodium.so.26.4.0
7f70c0586000-7f70c0587000 rw-p 00075000 103:02 4811985                   /usr/lib/libsodium.so.26.4.0
7f70c0587000-7f70c0592000 r--p 00000000 103:02 4815516                   /usr/lib/libgomp.so.1.0.0
7f70c0592000-7f70c05d0000 r-xp 0000b000 103:02 4815516                   /usr/lib/libgomp.so.1.0.0
7f70c05d0000-7f70c05df000 r--p 00049000 103:02 4815516                   /usr/lib/libgomp.so.1.0.0
7f70c05df000-7f70c05e0000 r--p 00057000 103:02 4815516                   /usr/lib/libgomp.so.1.0.0
7f70c05e0000-7f70c05e1000 rw-p 00058000 103:02 4815516                   /usr/lib/libgomp.so.1.0.0
7f70c05e1000-7f70c05e6000 r--p 00000000 103:02 4722184                   /usr/lib/libmvec.so.1
7f70c05e6000-7f70c0608000 r-xp 00005000 103:02 4722184                   /usr/lib/libmvec.so.1
7f70c0608000-7f70c06df000 r--p 00027000 103:02 4722184                   /usr/lib/libmvec.so.1
7f70c06df000-7f70c06e0000 r--p 000fe000 103:02 4722184                   /usr/lib/libmvec.so.1
7f70c06e0000-7f70c06e1000 rw-p 000ff000 103:02 4722184                   /usr/lib/libmvec.so.1
7f70c06e1000-7f70c06e5000 r--p 00000000 103:02 4771010                   /usr/lib/libmpg123.so.0.49.4
7f70c06e5000-7f70c0723000 r-xp 00004000 103:02 4771010                   /usr/lib/libmpg123.so.0.49.4
7f70c0723000-7f70c073e000 r--p 00042000 103:02 4771010                   /usr/lib/libmpg123.so.0.49.4
7f70c073e000-7f70c073f000 r--p 0005d000 103:02 4771010                   /usr/lib/libmpg123.so.0.49.4
7f70c073f000-7f70c0740000 rw-p 0005e000 103:02 4771010                   /usr/lib/libmpg123.so.0.49.4
7f70c0740000-7f70c0741000 r--p 00000000 103:02 4814598                   /usr/lib/libbrotlienc.so.1.2.0
7f70c0741000-7f70c07ae000 r-xp 00001000 103:02 4814598                   /usr/lib/libbrotlienc.so.1.2.0
7f70c07ae000-7f70c07fe000 r--p 0006e000 103:02 4814598                   /usr/lib/libbrotlienc.so.1.2.0
7f70c07fe000-7f70c07ff000 r--p 000bd000 103:02 4814598                   /usr/lib/libbrotlienc.so.1.2.0
7f70c07ff000-7f70c0800000 rw-p 000be000 103:02 4814598                   /usr/lib/libbrotlienc.so.1.2.0
7f70c0800000-7f70c0811000 r--p 00000000 103:02 4756846                   /usr/lib/libslang.so.2.3.3
7f70c0811000-7f70c08f2000 r-xp 00011000 103:02 4756846                   /usr/lib/libslang.so.2.3.3
7f70c08f2000-7f70c0933000 r--p 000f2000 103:02 4756846                   /usr/lib/libslang.so.2.3.3
7f70c0933000-7f70c094a000 r--p 00132000 103:02 4756846                   /usr/lib/libslang.so.2.3.3
7f70c094a000-7f70c0954000 rw-p 00149000 103:02 4756846                   /usr/lib/libslang.so.2.3.3
7f70c0954000-7f70c0af0000 rw-p 00000000 00:00 0 
7f70c0af8000-7f70c0af9000 rw-s 00000000 00:07 1110                       /dev/nvidiactl
7f70c0afa000-7f70c0afb000 rw-s 00000000 00:07 1110                       /dev/nvidiactl
7f70c0afb000-7f70c0afc000 rw-s 00000000 00:07 1110                       /dev/nvidiactl
7f70c0afc000-7f70c0afd000 rw-s 00000000 00:07 1110                       /dev/nvidiactl
7f70c0afd000-7f70c0afe000 r--p 00000000 00:00 0 
7f70c0afe000-7f70c0b01000 r--p 00000000 103:02 4732435                   /usr/lib/libkrb5support.so.0.1
7f70c0b01000-7f70c0b08000 r-xp 00003000 103:02 4732435                   /usr/lib/libkrb5support.so.0.1
7f70c0b08000-7f70c0b0b000 r--p 0000a000 103:02 4732435                   /usr/lib/libkrb5support.so.0.1
7f70c0b0b000-7f70c0b0c000 r--p 0000c000 103:02 4732435                   /usr/lib/libkrb5support.so.0.1
7f70c0b0c000-7f70c0b0d000 rw-p 0000d000 103:02 4732435                   /usr/lib/libkrb5support.so.0.1
7f70c0b0d000-7f70c0b18000 r--p 00000000 103:02 4758350                   /usr/lib/libglut.so.3.13.0
7f70c0b18000-7f70c0b32000 r-xp 0000b000 103:02 4758350                   /usr/lib/libglut.so.3.13.0
7f70c0b32000-7f70c0b4c000 r--p 00025000 103:02 4758350                   /usr/lib/libglut.so.3.13.0
7f70c0b4c000-7f70c0b50000 r--p 0003f000 103:02 4758350                   /usr/lib/libglut.so.3.13.0
7f70c0b50000-7f70c0b57000 rw-p 00043000 103:02 4758350                   /usr/lib/libglut.so.3.13.0
7f70c0b57000-7f70c0bbb000 rw-p 00000000 00:00 0 
7f70c0bbb000-7f70c0bcf000 r--p 00000000 103:02 5005676                   /usr/lib/pulseaudio/libpulsecommon-17.0.so
7f70c0bcf000-7f70c0c19000 r-xp 00014000 103:02 5005676                   /usr/lib/pulseaudio/libpulsecommon-17.0.so
7f70c0c19000-7f70c0c38000 r--p 0005e000 103:02 5005676                   /usr/lib/pulseaudio/libpulsecommon-17.0.so
7f70c0c38000-7f70c0c3a000 r--p 0007d000 103:02 5005676                   /usr/lib/pulseaudio/libpulsecommon-17.0.so
7f70c0c3a000-7f70c0c3b000 rw-p 0007f000 103:02 5005676                   /usr/lib/pulseaudio/libpulsecommon-17.0.so
7f70c0c3b000-7f70c0c5f000 r--p 00000000 103:02 4754125                   /usr/lib/libdb-5.3.so
7f70c0c5f000-7f70c0dbc000 r-xp 00024000 103:02 4754125                   /usr/lib/libdb-5.3.so
7f70c0dbc000-7f70c0df5000 r--p 00181000 103:02 4754125                   /usr/lib/libdb-5.3.so
7f70c0df5000-7f70c0dff000 r--p 001b9000 103:02 4754125                   /usr/lib/libdb-5.3.so
7f70c0dff000-7f70c0e00000 rw-p 001c3000 103:02 4754125                   /usr/lib/libdb-5.3.so
7f70c0e00000-7f70c0e19000 r--p 00000000 103:02 4773780                   /usr/lib/libfftw3.so.3.7.11
7f70c0e19000-7f70c0ff5000 r-xp 00019000 103:02 4773780                   /usr/lib/libfftw3.so.3.7.11
7f70c0ff5000-7f70c101c000 r--p 001f5000 103:02 4773780                   /usr/lib/libfftw3.so.3.7.11
7f70c101c000-7f70c102d000 r--p 0021c000 103:02 4773780                   /usr/lib/libfftw3.so.3.7.11
7f70c102d000-7f70c102e000 rw-p 0022d000 103:02 4773780                   /usr/lib/libfftw3.so.3.7.11
7f70c102f000-7f70c1030000 rw-s 00000000 00:07 1110                       /dev/nvidiactl
7f70c1030000-7f70c1031000 rw-p 00000000 00:00 0 
7f70c1031000-7f70c1032000 r--p 00000000 103:02 4763243                   /usr/lib/libXxf86vm.so.1.0.0
7f70c1032000-7f70c1035000 r-xp 00001000 103:02 4763243                   /usr/lib/libXxf86vm.so.1.0.0
7f70c1035000-7f70c1036000 r--p 00004000 103:02 4763243                   /usr/lib/libXxf86vm.so.1.0.0
7f70c1036000-7f70c1037000 r--p 00004000 103:02 4763243                   /usr/lib/libXxf86vm.so.1.0.0
7f70c1037000-7f70c1038000 rw-p 00005000 103:02 4763243                   /usr/lib/libXxf86vm.so.1.0.0
7f70c1038000-7f70c103b000 r--p 00000000 103:02 4777363                   /usr/lib/libGLU.so.1.3.1
7f70c103b000-7f70c1085000 r-xp 00003000 103:02 4777363                   /usr/lib/libGLU.so.1.3.1
7f70c1085000-7f70c1090000 r--p 0004d000 103:02 4777363                   /usr/lib/libGLU.so.1.3.1
7f70c1090000-7f70c1091000 r--p 00058000 103:02 4777363                   /usr/lib/libGLU.so.1.3.1
7f70c1091000-7f70c1092000 rw-p 00059000 103:02 4777363                   /usr/lib/libGLU.so.1.3.1
7f70c1092000-7f70c1093000 r--p 00000000 103:02 4768927                   /usr/lib/libsamplerate.so.0.2.2
7f70c1093000-7f70c1098000 r-xp 00001000 103:02 4768927                   /usr/lib/libsamplerate.so.0.2.2
7f70c1098000-7f70c11fe000 r--p 00006000 103:02 4768927                   /usr/lib/libsamplerate.so.0.2.2
7f70c11fe000-7f70c11ff000 r--p 0016b000 103:02 4768927                   /usr/lib/libsamplerate.so.0.2.2
7f70c11ff000-7f70c1200000 rw-p 0016c000 103:02 4768927                   /usr/lib/libsamplerate.so.0.2.2
7f70c1200000-7f70c1253000 r--p 00000000 103:02 4726308                   /usr/lib/libcrypto.so.3
7f70c1253000-7f70c15ff000 r-xp 00053000 103:02 4726308                   /usr/lib/libcrypto.so.3
7f70c15ff000-7f70c1725000 r--p 003ff000 103:02 4726308                   /usr/lib/libcrypto.so.3
7f70c1725000-7f70c17a3000 r--p 00525000 103:02 4726308                   /usr/lib/libcrypto.so.3
7f70c17a3000-7f70c17a6000 rw-p 005a3000 103:02 4726308                   /usr/lib/libcrypto.so.3
7f70c17a6000-7f70c17a9000 rw-p 00000000 00:00 0 
7f70c17a9000-7f70c17ad000 rw-s 00000000 00:07 1110                       /dev/nvidiactl
7f70c17ad000-7f70c17af000 r--p 00000000 103:02 4788180                   /usr/lib/libasyncns.so.0.3.1
7f70c17af000-7f70c17b2000 r-xp 00002000 103:02 4788180                   /usr/lib/libasyncns.so.0.3.1
7f70c17b2000-7f70c17b3000 r--p 00005000 103:02 4788180                   /usr/lib/libasyncns.so.0.3.1
7f70c17b3000-7f70c17b4000 r--p 00005000 103:02 4788180                   /usr/lib/libasyncns.so.0.3.1
7f70c17b4000-7f70c17b5000 rw-p 00006000 103:02 4788180                   /usr/lib/libasyncns.so.0.3.1
7f70c17b5000-7f70c17b9000 r--p 00000000 103:02 4830241                   /usr/lib/libpgm-5.3.so.0.0.128
7f70c17b9000-7f70c17e1000 r-xp 00004000 103:02 4830241                   /usr/lib/libpgm-5.3.so.0.0.128
7f70c17e1000-7f70c17fa000 r--p 0002c000 103:02 4830241                   /usr/lib/libpgm-5.3.so.0.0.128
7f70c17fa000-7f70c17fb000 r--p 00045000 103:02 4830241                   /usr/lib/libpgm-5.3.so.0.0.128
7f70c17fb000-7f70c17fc000 rw-p 00046000 103:02 4830241                   /usr/lib/libpgm-5.3.so.0.0.128
7f70c17fc000-7f70c1800000 rw-p 00000000 00:00 0 
7f70c1800000-7f70c1809000 r--p 00000000 103:02 4835513                   /usr/lib/libglslang.so.16.4.0
7f70c1809000-7f70c1ae3000 r-xp 00009000 103:02 4835513                   /usr/lib/libglslang.so.16.4.0
7f70c1ae3000-7f70c1b98000 r--p 002e3000 103:02 4835513                   /usr/lib/libglslang.so.16.4.0
7f70c1b98000-7f70c1ba7000 r--p 00397000 103:02 4835513                   /usr/lib/libglslang.so.16.4.0
7f70c1ba7000-7f70c1ba9000 rw-p 003a6000 103:02 4835513                   /usr/lib/libglslang.so.16.4.0
7f70c1ba9000-7f70c22be000 rw-p 00000000 00:00 0 
7f70c22be000-7f70c22bf000 r-xp 00000000 00:00 0 
7f70c22bf000-7f70c22c0000 r--p 00000000 00:00 0 
7f70c22c0000-7f70c22c2000 r--p 00000000 103:02 4737522                   /usr/lib/libtasn1.so.6.6.5
7f70c22c2000-7f70c22d1000 r-xp 00002000 103:02 4737522                   /usr/lib/libtasn1.so.6.6.5
7f70c22d1000-7f70c22d4000 r--p 00011000 103:02 4737522                   /usr/lib/libtasn1.so.6.6.5
7f70c22d4000-7f70c22d5000 r--p 00014000 103:02 4737522                   /usr/lib/libtasn1.so.6.6.5
7f70c22d5000-7f70c22d6000 rw-p 00015000 103:02 4737522                   /usr/lib/libtasn1.so.6.6.5
7f70c22d6000-7f70c22d8000 r--p 00000000 103:02 4816273                   /usr/lib/libvorbisfile.so.3.3.8
7f70c22d8000-7f70c22dd000 r-xp 00002000 103:02 4816273                   /usr/lib/libvorbisfile.so.3.3.8
7f70c22dd000-7f70c22de000 r--p 00007000 103:02 4816273                   /usr/lib/libvorbisfile.so.3.3.8
7f70c22de000-7f70c22df000 r--p 00007000 103:02 4816273                   /usr/lib/libvorbisfile.so.3.3.8
7f70c22df000-7f70c22e0000 rw-p 00008000 103:02 4816273                   /usr/lib/libvorbisfile.so.3.3.8
7f70c22e0000-7f70c22e1000 r--p 00000000 103:02 4815185                   /usr/lib/libjxl_cms.so.0.12.0
7f70c22e1000-7f70c2302000 r-xp 00001000 103:02 4815185                   /usr/lib/libjxl_cms.so.0.12.0
7f70c2302000-7f70c2307000 r--p 00022000 103:02 4815185                   /usr/lib/libjxl_cms.so.0.12.0
7f70c2307000-7f70c2308000 r--p 00027000 103:02 4815185                   /usr/lib/libjxl_cms.so.0.12.0
7f70c2308000-7f70c2309000 rw-p 00028000 103:02 4815185                   /usr/lib/libjxl_cms.so.0.12.0
7f70c2309000-7f70c231d000 r--p 00000000 103:02 4726312                   /usr/lib/libssl.so.3
7f70c231d000-7f70c23ca000 r-xp 00014000 103:02 4726312                   /usr/lib/libssl.so.3
7f70c23ca000-7f70c23f2000 r--p 000c1000 103:02 4726312                   /usr/lib/libssl.so.3
7f70c23f2000-7f70c23fc000 r--p 000e9000 103:02 4726312                   /usr/lib/libssl.so.3
7f70c23fc000-7f70c2400000 rw-p 000f3000 103:02 4726312                   /usr/lib/libssl.so.3
7f70c2400000-7f70c2425000 r--p 00000000 103:02 4738682                   /usr/lib/libgnutls.so.30.42.0
7f70c2425000-7f70c257b000 r-xp 00025000 103:02 4738682                   /usr/lib/libgnutls.so.30.42.0
7f70c257b000-7f70c25f9000 r--p 0017b000 103:02 4738682                   /usr/lib/libgnutls.so.30.42.0
7f70c25f9000-7f70c260b000 r--p 001f8000 103:02 4738682                   /usr/lib/libgnutls.so.30.42.0
7f70c260b000-7f70c260e000 rw-p 0020a000 103:02 4738682                   /usr/lib/libgnutls.so.30.42.0
7f70c260e000-7f70c2611000 rw-p 00000000 00:00 0 
7f70c2611000-7f70c2615000 rw-s 00000000 00:07 1110                       /dev/nvidiactl
7f70c2615000-7f70c261e000 r--p 00000000 103:02 4732365                   /usr/lib/libgssapi_krb5.so.2.2
7f70c261e000-7f70c265e000 r-xp 00009000 103:02 4732365                   /usr/lib/libgssapi_krb5.so.2.2
7f70c265e000-7f70c266a000 r--p 00049000 103:02 4732365                   /usr/lib/libgssapi_krb5.so.2.2
7f70c266a000-7f70c266c000 r--p 00055000 103:02 4732365                   /usr/lib/libgssapi_krb5.so.2.2
7f70c266c000-7f70c266d000 rw-p 00057000 103:02 4732365                   /usr/lib/libgssapi_krb5.so.2.2
7f70c266d000-7f70c2673000 r--p 00000000 103:02 4737856                   /usr/lib/libssh2.so.1.0.1
7f70c2673000-7f70c26ab000 r-xp 00006000 103:02 4737856                   /usr/lib/libssh2.so.1.0.1
7f70c26ab000-7f70c26b8000 r--p 0003e000 103:02 4737856                   /usr/lib/libssh2.so.1.0.1
7f70c26b8000-7f70c26ba000 r--p 0004b000 103:02 4737856                   /usr/lib/libssh2.so.1.0.1
7f70c26ba000-7f70c26bb000 rw-p 0004d000 103:02 4737856                   /usr/lib/libssh2.so.1.0.1
7f70c26bb000-7f70c26bf000 r--p 00000000 103:02 4750340                   /usr/lib/libngtcp2.so.16.11.0
7f70c26bf000-7f70c2706000 r-xp 00004000 103:02 4750340                   /usr/lib/libngtcp2.so.16.11.0
7f70c2706000-7f70c2715000 r--p 0004b000 103:02 4750340                   /usr/lib/libngtcp2.so.16.11.0
7f70c2715000-7f70c2716000 r--p 0005a000 103:02 4750340                   /usr/lib/libngtcp2.so.16.11.0
7f70c2716000-7f70c2717000 rw-p 0005b000 103:02 4750340                   /usr/lib/libngtcp2.so.16.11.0
7f70c2717000-7f70c2732000 r--p 00000000 103:02 4768894                   /usr/lib/libsrt.so.1.5.6
7f70c2732000-7f70c27d6000 r-xp 0001b000 103:02 4768894                   /usr/lib/libsrt.so.1.5.6
7f70c27d6000-7f70c27f7000 r--p 000bf000 103:02 4768894                   /usr/lib/libsrt.so.1.5.6
7f70c27f7000-7f70c27fa000 r--p 000e0000 103:02 4768894                   /usr/lib/libsrt.so.1.5.6
7f70c27fa000-7f70c27fb000 rw-p 000e3000 103:02 4768894                   /usr/lib/libsrt.so.1.5.6
7f70c27fb000-7f70c2800000 rw-p 00000000 00:00 0 
7f70c2800000-7f70c280c000 r--p 00000000 103:02 4758335                   /usr/lib/libopenmpt.so.0.5.5
7f70c280c000-7f70c2981000 r-xp 0000c000 103:02 4758335                   /usr/lib/libopenmpt.so.0.5.5
7f70c2981000-7f70c29d0000 r--p 00181000 103:02 4758335                   /usr/lib/libopenmpt.so.0.5.5
7f70c29d0000-7f70c29d5000 r--p 001d0000 103:02 4758335                   /usr/lib/libopenmpt.so.0.5.5
7f70c29d5000-7f70c29d6000 rw-p 001d5000 103:02 4758335                   /usr/lib/libopenmpt.so.0.5.5
7f70c29d6000-7f70c2a30000 rw-p 00000000 00:00 0 
7f70c2a30000-7f70c2a31000 r-xp 00000000 00:00 0 
7f70c2a31000-7f70c2a32000 r--p 00000000 00:00 0 
7f70c2a32000-7f70c2a36000 rw-s 00000000 00:07 1110                       /dev/nvidiactl
7f70c2a36000-7f70c2a3d000 r--p 00000000 103:02 4761802                   /usr/lib/libgdk_pixbuf-2.0.so.0.4400.7
7f70c2a3d000-7f70c2a5f000 r-xp 00007000 103:02 4761802                   /usr/lib/libgdk_pixbuf-2.0.so.0.4400.7
7f70c2a5f000-7f70c2a6d000 r--p 00029000 103:02 4761802                   /usr/lib/libgdk_pixbuf-2.0.so.0.4400.7
7f70c2a6d000-7f70c2a6f000 r--p 00036000 103:02 4761802                   /usr/lib/libgdk_pixbuf-2.0.so.0.4400.7
7f70c2a6f000-7f70c2a70000 rw-p 00038000 103:02 4761802                   /usr/lib/libgdk_pixbuf-2.0.so.0.4400.7
7f70c2a70000-7f70c2a76000 r--p 00000000 103:02 4769212                   /usr/lib/libmodplug.so.1.0.0
7f70c2a76000-7f70c2ab4000 r-xp 00006000 103:02 4769212                   /usr/lib/libmodplug.so.1.0.0
7f70c2ab4000-7f70c2ac1000 r--p 00044000 103:02 4769212                   /usr/lib/libmodplug.so.1.0.0
7f70c2ac1000-7f70c2ac2000 r--p 00051000 103:02 4769212                   /usr/lib/libmodplug.so.1.0.0
7f70c2ac2000-7f70c2ac3000 rw-p 00052000 103:02 4769212                   /usr/lib/libmodplug.so.1.0.0
7f70c2ac3000-7f70c2c00000 rw-p 00000000 00:00 0 
7f70c2c00000-7f70c2c06000 r-xp 00000000 103:02 1313995                   /opt/cuda/targets/x86_64-linux/lib/libOpenCL.so.1.0.0
7f70c2c06000-7f70c2e05000 ---p 00006000 103:02 1313995                   /opt/cuda/targets/x86_64-linux/lib/libOpenCL.so.1.0.0
7f70c2e05000-7f70c2e07000 r--p 00005000 103:02 1313995                   /opt/cuda/targets/x86_64-linux/lib/libOpenCL.so.1.0.0
7f70c2e07000-7f70c2e08000 rw-p 00007000 103:02 1313995                   /opt/cuda/targets/x86_64-linux/lib/libOpenCL.so.1.0.0
7f70c2e08000-7f70c2e0a000 rw-s 00000000 00:07 1110                       /dev/nvidiactl
7f70c2e0a000-7f70c2e0e000 rw-s 00000000 00:07 1110                       /dev/nvidiactl
7f70c2e0e000-7f70c2e0f000 r--p 00000000 103:02 4755356                   /usr/lib/libsharpyuv.so.0.1.2
7f70c2e0f000-7f70c2e13000 r-xp 00001000 103:02 4755356                   /usr/lib/libsharpyuv.so.0.1.2
7f70c2e13000-7f70c2e14000 r--p 00005000 103:02 4755356                   /usr/lib/libsharpyuv.so.0.1.2
7f70c2e14000-7f70c2e15000 r--p 00005000 103:02 4755356                   /usr/lib/libsharpyuv.so.0.1.2
7f70c2e15000-7f70c2e16000 rw-p 00006000 103:02 4755356                   /usr/lib/libsharpyuv.so.0.1.2
7f70c2e16000-7f70c2e17000 rw-p 00000000 00:00 0 
7f70c2e17000-7f70c2e19000 r--p 00000000 103:02 4755205                   /usr/lib/libhwy.so.1.4.0
7f70c2e19000-7f70c2e21000 r-xp 00002000 103:02 4755205                   /usr/lib/libhwy.so.1.4.0
7f70c2e21000-7f70c2e24000 r--p 0000a000 103:02 4755205                   /usr/lib/libhwy.so.1.4.0
7f70c2e24000-7f70c2e25000 r--p 0000c000 103:02 4755205                   /usr/lib/libhwy.so.1.4.0
7f70c2e25000-7f70c2e26000 rw-p 0000d000 103:02 4755205                   /usr/lib/libhwy.so.1.4.0
7f70c2e26000-7f70c2e2a000 r--p 00000000 103:02 4758497                   /usr/lib/libbsd.so.0.12.2
7f70c2e2a000-7f70c2e35000 r-xp 00004000 103:02 4758497                   /usr/lib/libbsd.so.0.12.2
7f70c2e35000-7f70c2e38000 r--p 0000f000 103:02 4758497                   /usr/lib/libbsd.so.0.12.2
7f70c2e38000-7f70c2e39000 r--p 00011000 103:02 4758497                   /usr/lib/libbsd.so.0.12.2
7f70c2e39000-7f70c2e3a000 rw-p 00012000 103:02 4758497                   /usr/lib/libbsd.so.0.12.2
7f70c2e3a000-7f70c2e3b000 rw-p 00000000 00:00 0 
7f70c2e3b000-7f70c2e3d000 r--p 00000000 103:02 4769556                   /usr/lib/libv4l2.so.0.0.0
7f70c2e3d000-7f70c2e43000 r-xp 00002000 103:02 4769556                   /usr/lib/libv4l2.so.0.0.0
7f70c2e43000-7f70c2e45000 r--p 00008000 103:02 4769556                   /usr/lib/libv4l2.so.0.0.0
7f70c2e45000-7f70c2e46000 r--p 00009000 103:02 4769556                   /usr/lib/libv4l2.so.0.0.0
7f70c2e46000-7f70c2e4a000 rw-p 0000a000 103:02 4769556                   /usr/lib/libv4l2.so.0.0.0
7f70c2e4a000-7f70c2e4c000 r--p 00000000 103:02 4788171                   /usr/lib/libsoxr.so.0.1.2
7f70c2e4c000-7f70c2e70000 r-xp 00002000 103:02 4788171                   /usr/lib/libsoxr.so.0.1.2
7f70c2e70000-7f70c2e75000 r--p 00026000 103:02 4788171                   /usr/lib/libsoxr.so.0.1.2
7f70c2e75000-7f70c2e77000 r--p 0002a000 103:02 4788171                   /usr/lib/libsoxr.so.0.1.2
7f70c2e77000-7f70c2e78000 rw-p 0002c000 103:02 4788171                   /usr/lib/libsoxr.so.0.1.2
7f70c2e78000-7f70c2ead000 rw-p 00000000 00:00 0 
7f70c2ead000-7f70c2eb7000 r--p 00000000 103:02 4769595                   /usr/lib/libvmaf.so.3.2.0
7f70c2eb7000-7f70c2f13000 r-xp 0000a000 103:02 4769595                   /usr/lib/libvmaf.so.3.2.0
7f70c2f13000-7f70c2f26000 r--p 00066000 103:02 4769595                   /usr/lib/libvmaf.so.3.2.0
7f70c2f26000-7f70c2f29000 r--p 00079000 103:02 4769595                   /usr/lib/libvmaf.so.3.2.0
7f70c2f29000-7f70c2fc0000 rw-p 0007c000 103:02 4769595                   /usr/lib/libvmaf.so.3.2.0
7f70c2fc0000-7f70c3000000 rw-p 00000000 00:00 0 
7f70c3000000-7f70c305f000 r--p 00000000 103:02 4835194                   /usr/lib/libx265.so.217
7f70c305f000-7f70c4477000 r-xp 0005f000 103:02 4835194                   /usr/lib/libx265.so.217
7f70c4477000-7f70c44fb000 r--p 01477000 103:02 4835194                   /usr/lib/libx265.so.217
7f70c44fb000-7f70c4510000 r--p 014fa000 103:02 4835194                   /usr/lib/libx265.so.217
7f70c4510000-7f70c4513000 rw-p 0150f000 103:02 4835194                   /usr/lib/libx265.so.217
7f70c4513000-7f70c4525000 rw-p 00000000 00:00 0 
7f70c4525000-7f70c4526000 rw-s 00000000 00:07 1112                       /dev/nvidia0
7f70c4526000-7f70c4529000 r--p 00000000 103:02 4769084                   /usr/lib/libiec61883.so.0.1.1
7f70c4529000-7f70c4530000 r-xp 00003000 103:02 4769084                   /usr/lib/libiec61883.so.0.1.1
7f70c4530000-7f70c4533000 r--p 0000a000 103:02 4769084                   /usr/lib/libiec61883.so.0.1.1
7f70c4533000-7f70c4534000 r--p 0000d000 103:02 4769084                   /usr/lib/libiec61883.so.0.1.1
7f70c4534000-7f70c4535000 rw-p 0000e000 103:02 4769084                   /usr/lib/libiec61883.so.0.1.1
7f70c4535000-7f70c4538000 r--p 00000000 103:02 4815220                   /usr/lib/liblz4.so.1.10.0
7f70c4538000-7f70c4556000 r-xp 00003000 103:02 4815220                   /usr/lib/liblz4.so.1.10.0
7f70c4556000-7f70c4558000 r--p 00021000 103:02 4815220                   /usr/lib/liblz4.so.1.10.0
7f70c4558000-7f70c4559000 r--p 00023000 103:02 4815220                   /usr/lib/liblz4.so.1.10.0
7f70c4559000-7f70c455a000 rw-p 00024000 103:02 4815220                   /usr/lib/liblz4.so.1.10.0
7f70c455a000-7f70c4578000 r--p 00000000 103:02 4770283                   /usr/lib/libdovi.so.3.4.0
7f70c4578000-7f70c45f7000 r-xp 0001d000 103:02 4770283                   /usr/lib/libdovi.so.3.4.0
7f70c45f7000-7f70c45ff000 r--p 0009b000 103:02 4770283                   /usr/lib/libdovi.so.3.4.0
7f70c45ff000-7f70c4600000 rw-p 000a2000 103:02 4770283                   /usr/lib/libdovi.so.3.4.0
7f70c4600000-7f70c4603000 r--p 00000000 103:02 4792842                   /usr/lib/libx264.so.165
7f70c4603000-7f70c4796000 r-xp 00003000 103:02 4792842                   /usr/lib/libx264.so.165
7f70c4796000-7f70c47cf000 r--p 00196000 103:02 4792842                   /usr/lib/libx264.so.165
7f70c47cf000-7f70c47d1000 r--p 001ce000 103:02 4792842                   /usr/lib/libx264.so.165
7f70c47d1000-7f70c47d2000 rw-p 001d0000 103:02 4792842                   /usr/lib/libx264.so.165
7f70c47d2000-7f70c48cb000 rw-p 00000000 00:00 0 
7f70c48cb000-7f70c48cd000 r--p 00000000 103:02 4732141                   /usr/lib/libkeyutils.so.1.10
7f70c48cd000-7f70c48cf000 r-xp 00002000 103:02 4732141                   /usr/lib/libkeyutils.so.1.10
7f70c48cf000-7f70c48d0000 r--p 00004000 103:02 4732141                   /usr/lib/libkeyutils.so.1.10
7f70c48d0000-7f70c48d1000 r--p 00004000 103:02 4732141                   /usr/lib/libkeyutils.so.1.10
7f70c48d1000-7f70c48d2000 rw-p 00005000 103:02 4732141                   /usr/lib/libkeyutils.so.1.10
7f70c48d2000-7f70c48d4000 r--p 00000000 103:02 4737748                   /usr/lib/libidn2.so.0.4.0
7f70c48d4000-7f70c48d8000 r-xp 00002000 103:02 4737748                   /usr/lib/libidn2.so.0.4.0
7f70c48d8000-7f70c48f2000 r--p 00006000 103:02 4737748                   /usr/lib/libidn2.so.0.4.0
7f70c48f2000-7f70c48f3000 r--p 0001f000 103:02 4737748                   /usr/lib/libidn2.so.0.4.0
7f70c48f3000-7f70c48f4000 rw-p 00020000 103:02 4737748                   /usr/lib/libidn2.so.0.4.0
7f70c48f4000-7f70c48f8000 r--p 00000000 103:02 4750269                   /usr/lib/libnghttp2.so.14.29.5
7f70c48f8000-7f70c490e000 r-xp 00004000 103:02 4750269                   /usr/lib/libnghttp2.so.14.29.5
7f70c490e000-7f70c491a000 r--p 0001a000 103:02 4750269                   /usr/lib/libnghttp2.so.14.29.5
7f70c491a000-7f70c491d000 r--p 00025000 103:02 4750269                   /usr/lib/libnghttp2.so.14.29.5
7f70c491d000-7f70c491e000 rw-p 00028000 103:02 4750269                   /usr/lib/libnghttp2.so.14.29.5
7f70c491e000-7f70c4960000 r--p 00000000 103:02 4757008                   /usr/lib/libzmq.so.5.2.5
7f70c4960000-7f70c49d4000 r-xp 00042000 103:02 4757008                   /usr/lib/libzmq.so.5.2.5
7f70c49d4000-7f70c49f5000 r--p 000b6000 103:02 4757008                   /usr/lib/libzmq.so.5.2.5
7f70c49f5000-7f70c49ff000 r--p 000d6000 103:02 4757008                   /usr/lib/libzmq.so.5.2.5
7f70c49ff000-7f70c4a00000 rw-p 000e0000 103:02 4757008                   /usr/lib/libzmq.so.5.2.5
7f70c4a00000-7f70c4a04000 r--p 00000000 103:02 4817227                   /usr/lib/libSvtAv1Enc.so.4.2.0
7f70c4a04000-7f70c4e66000 r-xp 00004000 103:02 4817227                   /usr/lib/libSvtAv1Enc.so.4.2.0
7f70c4e66000-7f70c4f2a000 r--p 00466000 103:02 4817227                   /usr/lib/libSvtAv1Enc.so.4.2.0
7f70c4f2a000-7f70c4f2e000 r--p 00529000 103:02 4817227                   /usr/lib/libSvtAv1Enc.so.4.2.0
7f70c4f2e000-7f70c4f30000 rw-p 0052d000 103:02 4817227                   /usr/lib/libSvtAv1Enc.so.4.2.0
7f70c4f30000-7f70ccf6e000 rw-p 00000000 00:00 0 
7f70ccf6e000-7f70ccf6f000 rw-s 00000000 00:07 1110                       /dev/nvidiactl
7f70ccf6f000-7f70ccf70000 r-xp 00000000 00:00 0 
7f70ccf70000-7f70ccf71000 r--p 00000000 00:00 0 
7f70ccf71000-7f70ccf7f000 r--p 00000000 103:02 4826263                   /usr/lib/libssh.so.4.12.0
7f70ccf7f000-7f70ccfdc000 r-xp 0000e000 103:02 4826263                   /usr/lib/libssh.so.4.12.0
7f70ccfdc000-7f70ccffc000 r--p 0006b000 103:02 4826263                   /usr/lib/libssh.so.4.12.0
7f70ccffc000-7f70ccffe000 r--p 0008b000 103:02 4826263                   /usr/lib/libssh.so.4.12.0
7f70ccffe000-7f70cd000000 rw-p 0008d000 103:02 4826263                   /usr/lib/libssh.so.4.12.0
7f70cd000000-7f70cd088000 r--p 00000000 103:02 4812078                   /usr/lib/librav1e.so.0.8.1
7f70cd088000-7f70cd2ff000 r-xp 00087000 103:02 4812078                   /usr/lib/librav1e.so.0.8.1
7f70cd2ff000-7f70cd322000 r--p 002fd000 103:02 4812078                   /usr/lib/librav1e.so.0.8.1
7f70cd322000-7f70cd323000 rw-p 0031f000 103:02 4812078                   /usr/lib/librav1e.so.0.8.1
7f70cd323000-7f70cd324000 rw-p 00000000 00:00 0 
7f70cd324000-7f70cd325000 rw-s 00000000 00:07 1110                       /dev/nvidiactl
7f70cd325000-7f70cd326000 rw-s 00000000 00:07 1110                       /dev/nvidiactl
7f70cd326000-7f70cd327000 rw-s 00000000 00:07 1110                       /dev/nvidiactl
7f70cd327000-7f70cd329000 r--p 00000000 103:02 4792845                   /usr/lib/libogg.so.0.8.6
7f70cd329000-7f70cd32c000 r-xp 00002000 103:02 4792845                   /usr/lib/libogg.so.0.8.6
7f70cd32c000-7f70cd32f000 r--p 00005000 103:02 4792845                   /usr/lib/libogg.so.0.8.6
7f70cd32f000-7f70cd330000 r--p 00008000 103:02 4792845                   /usr/lib/libogg.so.0.8.6
7f70cd330000-7f70cd331000 rw-p 00009000 103:02 4792845                   /usr/lib/libogg.so.0.8.6
7f70cd331000-7f70cd334000 r--p 00000000 103:02 4750283                   /usr/lib/libnghttp3.so.9.9.0
7f70cd334000-7f70cd349000 r-xp 00003000 103:02 4750283                   /usr/lib/libnghttp3.so.9.9.0
7f70cd349000-7f70cd356000 r--p 00018000 103:02 4750283                   /usr/lib/libnghttp3.so.9.9.0
7f70cd356000-7f70cd357000 r--p 00024000 103:02 4750283                   /usr/lib/libnghttp3.so.9.9.0
7f70cd357000-7f70cd359000 rw-p 00025000 103:02 4750283                   /usr/lib/libnghttp3.so.9.9.0
7f70cd359000-7f70cd36a000 r--p 00000000 103:02 4725963                   /usr/lib/libgmp.so.10.5.0
7f70cd36a000-7f70cd3e8000 r-xp 00011000 103:02 4725963                   /usr/lib/libgmp.so.10.5.0
7f70cd3e8000-7f70cd3fd000 r--p 0008f000 103:02 4725963                   /usr/lib/libgmp.so.10.5.0
7f70cd3fd000-7f70cd3ff000 r--p 000a3000 103:02 4725963                   /usr/lib/libgmp.so.10.5.0
7f70cd3ff000-7f70cd400000 rw-p 000a5000 103:02 4725963                   /usr/lib/libgmp.so.10.5.0
7f70cd400000-7f70cd403000 r--p 00000000 103:02 4816266                   /usr/lib/libopus.so.0.11.1
7f70cd403000-7f70cd478000 r-xp 00003000 103:02 4816266                   /usr/lib/libopus.so.0.11.1
7f70cd478000-7f70cd7f4000 r--p 00078000 103:02 4816266                   /usr/lib/libopus.so.0.11.1
7f70cd7f4000-7f70cd7f8000 r--p 003f3000 103:02 4816266                   /usr/lib/libopus.so.0.11.1
7f70cd7f8000-7f70cd7f9000 rw-p 003f7000 103:02 4816266                   /usr/lib/libopus.so.0.11.1
7f70cd7f9000-7f70cd7fa000 rw-s 00000000 00:07 1110                       /dev/nvidiactl
7f70cd7fa000-7f70cd7fc000 r--p 00000000 103:02 4726081                   /usr/lib/libcom_err.so.2.1
7f70cd7fc000-7f70cd7fd000 r-xp 00002000 103:02 4726081                   /usr/lib/libcom_err.so.2.1
7f70cd7fd000-7f70cd7fe000 r--p 00003000 103:02 4726081                   /usr/lib/libcom_err.so.2.1
7f70cd7fe000-7f70cd7ff000 r--p 00003000 103:02 4726081                   /usr/lib/libcom_err.so.2.1
7f70cd7ff000-7f70cd800000 rw-p 00004000 103:02 4726081                   /usr/lib/libcom_err.so.2.1
7f70cd800000-7f70cd804000 r--p 00000000 103:02 4755238                   /usr/lib/libjxl.so.0.12.0
7f70cd804000-7f70cdb49000 r-xp 00004000 103:02 4755238                   /usr/lib/libjxl.so.0.12.0
7f70cdb49000-7f70cdbaf000 r--p 00349000 103:02 4755238                   /usr/lib/libjxl.so.0.12.0
7f70cdbaf000-7f70cdbb7000 r--p 003ae000 103:02 4755238                   /usr/lib/libjxl.so.0.12.0
7f70cdbb7000-7f70cdbb8000 rw-p 003b6000 103:02 4755238                   /usr/lib/libjxl.so.0.12.0
7f70cdbb8000-7f70cdc36000 rw-p 00000000 00:00 0 
7f70cdc36000-7f70cdc38000 r--p 00000000 103:02 4768973                   /usr/lib/libavc1394.so.0.3.0
7f70cdc38000-7f70cdc3a000 r-xp 00002000 103:02 4768973                   /usr/lib/libavc1394.so.0.3.0
7f70cdc3a000-7f70cdc3b000 r--p 00004000 103:02 4768973                   /usr/lib/libavc1394.so.0.3.0
7f70cdc3b000-7f70cdc3c000 r--p 00004000 103:02 4768973                   /usr/lib/libavc1394.so.0.3.0
7f70cdc3c000-7f70cdc3d000 rw-p 00005000 103:02 4768973                   /usr/lib/libavc1394.so.0.3.0
7f70cdc3d000-7f70cdc42000 r--p 00000000 103:02 4768962                   /usr/lib/libraw1394.so.11.1.0
7f70cdc42000-7f70cdc4a000 r-xp 00005000 103:02 4768962                   /usr/lib/libraw1394.so.11.1.0
7f70cdc4a000-7f70cdc4d000 r--p 0000d000 103:02 4768962                   /usr/lib/libraw1394.so.11.1.0
7f70cdc4d000-7f70cdc4e000 r--p 0000f000 103:02 4768962                   /usr/lib/libraw1394.so.11.1.0
7f70cdc4e000-7f70cdc4f000 rw-p 00010000 103:02 4768962                   /usr/lib/libraw1394.so.11.1.0
7f70cdc4f000-7f70cdc54000 r--p 00000000 103:02 4743300                   /usr/lib/libshaderc_shared.so.1
7f70cdc54000-7f70cdc67000 r-xp 00005000 103:02 4743300                   /usr/lib/libshaderc_shared.so.1
7f70cdc67000-7f70cdc6b000 r--p 00018000 103:02 4743300                   /usr/lib/libshaderc_shared.so.1
7f70cdc6b000-7f70cdc6c000 r--p 0001b000 103:02 4743300                   /usr/lib/libshaderc_shared.so.1
7f70cdc6c000-7f70cdc6d000 rw-p 0001c000 103:02 4743300                   /usr/lib/libshaderc_shared.so.1
7f70cdc6d000-7f70cdc6e000 r--p 00000000 103:02 4836934                   /usr/lib/libxvidcore.so.4.3
7f70cdc6e000-7f70cdcf6000 r-xp 00001000 103:02 4836934                   /usr/lib/libxvidcore.so.4.3
7f70cdcf6000-7f70cdd05000 r--p 00089000 103:02 4836934                   /usr/lib/libxvidcore.so.4.3
7f70cdd05000-7f70cdd06000 r--p 00097000 103:02 4836934                   /usr/lib/libxvidcore.so.4.3
7f70cdd06000-7f70cdd10000 rw-p 00098000 103:02 4836934                   /usr/lib/libxvidcore.so.4.3
7f70cdd10000-7f70cdd79000 rw-p 00000000 00:00 0 
7f70cdd79000-7f70cdd7c000 r--p 00000000 103:02 4755359                   /usr/lib/libwebp.so.7.2.0
7f70cdd7c000-7f70cdded000 r-xp 00003000 103:02 4755359                   /usr/lib/libwebp.so.7.2.0
7f70cdded000-7f70cddfd000 r--p 00074000 103:02 4755359                   /usr/lib/libwebp.so.7.2.0
7f70cddfd000-7f70cddfe000 r--p 00083000 103:02 4755359                   /usr/lib/libwebp.so.7.2.0
7f70cddfe000-7f70cddff000 rw-p 00084000 103:02 4755359                   /usr/lib/libwebp.so.7.2.0
7f70cddff000-7f70cde00000 rw-p 00000000 00:00 0 
7f70cde00000-7f70cde03000 r--p 00000000 103:02 4744981                   /usr/lib/libaom.so.3.14.1
7f70cde03000-7f70ce5a2000 r-xp 00003000 103:02 4744981                   /usr/lib/libaom.so.3.14.1
7f70ce5a2000-7f70ce679000 r--p 007a2000 103:02 4744981                   /usr/lib/libaom.so.3.14.1
7f70ce679000-7f70ce68a000 r--p 00879000 103:02 4744981                   /usr/lib/libaom.so.3.14.1
7f70ce68a000-7f70ce68c000 rw-p 0088a000 103:02 4744981                   /usr/lib/libaom.so.3.14.1
7f70ce68c000-7f70ce6e3000 rw-p 00000000 00:00 0 
7f70ce6e3000-7f70ce6e5000 r--p 00000000 103:02 4751858                   /usr/lib/libxcb-shape.so.0.0.0
7f70ce6e5000-7f70ce6e6000 r-xp 00002000 103:02 4751858                   /usr/lib/libxcb-shape.so.0.0.0
7f70ce6e6000-7f70ce6e7000 r--p 00003000 103:02 4751858                   /usr/lib/libxcb-shape.so.0.0.0
7f70ce6e7000-7f70ce6e8000 r--p 00003000 103:02 4751858                   /usr/lib/libxcb-shape.so.0.0.0
7f70ce6e8000-7f70ce6e9000 rw-p 00004000 103:02 4751858                   /usr/lib/libxcb-shape.so.0.0.0
7f70ce6e9000-7f70ce6eb000 r--p 00000000 103:02 4763199                   /usr/lib/libunwind.so.8.2.0
7f70ce6eb000-7f70ce6f6000 r-xp 00002000 103:02 4763199                   /usr/lib/libunwind.so.8.2.0
7f70ce6f6000-7f70ce6f8000 r--p 0000d000 103:02 4763199                   /usr/lib/libunwind.so.8.2.0
7f70ce6f8000-7f70ce6f9000 r--p 0000e000 103:02 4763199                   /usr/lib/libunwind.so.8.2.0
7f70ce6f9000-7f70ce6fa000 rw-p 0000f000 103:02 4763199                   /usr/lib/libunwind.so.8.2.0
7f70ce6fa000-7f70ce704000 rw-p 00000000 00:00 0 
7f70ce704000-7f70ce708000 r--p 00000000 103:02 4837269                   /usr/lib/libvpl.so.2.17
7f70ce708000-7f70ce752000 r-xp 00004000 103:02 4837269                   /usr/lib/libvpl.so.2.17
7f70ce752000-7f70ce765000 r--p 0004e000 103:02 4837269                   /usr/lib/libvpl.so.2.17
7f70ce765000-7f70ce767000 r--p 00060000 103:02 4837269                   /usr/lib/libvpl.so.2.17
7f70ce767000-7f70ce768000 rw-p 00062000 103:02 4837269                   /usr/lib/libvpl.so.2.17
7f70ce768000-7f70ce769000 r--p 00000000 103:02 4769018                   /usr/lib/libvorbisenc.so.2.0.12
7f70ce769000-7f70ce76c000 r-xp 00001000 103:02 4769018                   /usr/lib/libvorbisenc.so.2.0.12
7f70ce76c000-7f70ce7e3000 r--p 00004000 103:02 4769018                   /usr/lib/libvorbisenc.so.2.0.12
7f70ce7e3000-7f70ce7ff000 r--p 0007a000 103:02 4769018                   /usr/lib/libvorbisenc.so.2.0.12
7f70ce7ff000-7f70ce800000 rw-p 00096000 103:02 4769018                   /usr/lib/libvorbisenc.so.2.0.12
7f70ce800000-7f70ce809000 r--p 00000000 103:02 4814627                   /usr/lib/librsvg-2.so.2.62.3
7f70ce809000-7f70ceb0e000 r-xp 00009000 103:02 4814627                   /usr/lib/librsvg-2.so.2.62.3
7f70ceb0e000-7f70cec1e000 r--p 0030e000 103:02 4814627                   /usr/lib/librsvg-2.so.2.62.3
7f70cec1e000-7f70cec8e000 r--p 0041d000 103:02 4814627                   /usr/lib/librsvg-2.so.2.62.3
7f70cec8e000-7f70cec8f000 rw-p 0048d000 103:02 4814627                   /usr/lib/librsvg-2.so.2.62.3
7f70cec8f000-7f70cec90000 r--p 00000000 103:02 4768976                   /usr/lib/librom1394.so.0.3.0
7f70cec90000-7f70cec92000 r-xp 00001000 103:02 4768976                   /usr/lib/librom1394.so.0.3.0
7f70cec92000-7f70cec93000 r--p 00003000 103:02 4768976                   /usr/lib/librom1394.so.0.3.0
7f70cec93000-7f70cec94000 r--p 00003000 103:02 4768976                   /usr/lib/librom1394.so.0.3.0
7f70cec94000-7f70cec95000 rw-p 00004000 103:02 4768976                   /usr/lib/librom1394.so.0.3.0
7f70cec95000-7f70cec97000 r--p 00000000 103:02 4737828                   /usr/lib/libpsl.so.5.3.5
7f70cec97000-7f70cec99000 r-xp 00002000 103:02 4737828                   /usr/lib/libpsl.so.5.3.5
7f70cec99000-7f70ceca7000 r--p 00004000 103:02 4737828                   /usr/lib/libpsl.so.5.3.5
7f70ceca7000-7f70ceca8000 r--p 00011000 103:02 4737828                   /usr/lib/libpsl.so.5.3.5
7f70ceca8000-7f70ceca9000 rw-p 00012000 103:02 4737828                   /usr/lib/libpsl.so.5.3.5
7f70ceca9000-7f70cecac000 r--p 00000000 103:02 4773735                   /usr/lib/libdvdread.so.8.2.0
7f70cecac000-7f70cecca000 r-xp 00003000 103:02 4773735                   /usr/lib/libdvdread.so.8.2.0
7f70cecca000-7f70cecd3000 r--p 00021000 103:02 4773735                   /usr/lib/libdvdread.so.8.2.0
7f70cecd3000-7f70cecd4000 r--p 0002a000 103:02 4773735                   /usr/lib/libdvdread.so.8.2.0
7f70cecd4000-7f70cecd5000 rw-p 0002b000 103:02 4773735                   /usr/lib/libdvdread.so.8.2.0
7f70cecd5000-7f70cecda000 r--p 00000000 103:02 4769333                   /usr/lib/libvidstab.so.1.2
7f70cecda000-7f70cece6000 r-xp 00005000 103:02 4769333                   /usr/lib/libvidstab.so.1.2
7f70cece6000-7f70cecea000 r--p 00011000 103:02 4769333                   /usr/lib/libvidstab.so.1.2
7f70cecea000-7f70ceceb000 r--p 00014000 103:02 4769333                   /usr/lib/libvidstab.so.1.2
7f70ceceb000-7f70cecec000 rw-p 00015000 103:02 4769333                   /usr/lib/libvidstab.so.1.2
7f70cecec000-7f70cecef000 r--p 00000000 103:02 4769013                   /usr/lib/libvorbis.so.0.4.9
7f70cecef000-7f70ced07000 r-xp 00003000 103:02 4769013                   /usr/lib/libvorbis.so.0.4.9
7f70ced07000-7f70ced18000 r--p 0001b000 103:02 4769013                   /usr/lib/libvorbis.so.0.4.9
7f70ced18000-7f70ced19000 r--p 0002b000 103:02 4769013                   /usr/lib/libvorbis.so.0.4.9
7f70ced19000-7f70ced1a000 rw-p 0002c000 103:02 4769013                   /usr/lib/libvorbis.so.0.4.9
7f70ced1a000-7f70ced1c000 r--p 00000000 103:02 4769303                   /usr/lib/libtheoradec.so.2.1.1
7f70ced1c000-7f70ced2e000 r-xp 00002000 103:02 4769303                   /usr/lib/libtheoradec.so.2.1.1
7f70ced2e000-7f70ced30000 r--p 00014000 103:02 4769303                   /usr/lib/libtheoradec.so.2.1.1
7f70ced30000-7f70ced31000 r--p 00015000 103:02 4769303                   /usr/lib/libtheoradec.so.2.1.1
7f70ced31000-7f70ced32000 rw-p 00016000 103:02 4769303                   /usr/lib/libtheoradec.so.2.1.1
7f70ced32000-7f70ced33000 r--p 00000000 103:02 4816286                   /usr/lib/libtheoraenc.so.2.2.1
7f70ced33000-7f70ced57000 r-xp 00001000 103:02 4816286                   /usr/lib/libtheoraenc.so.2.2.1
7f70ced57000-7f70ced63000 r--p 00025000 103:02 4816286                   /usr/lib/libtheoraenc.so.2.2.1
7f70ced63000-7f70ced64000 r--p 00030000 103:02 4816286                   /usr/lib/libtheoraenc.so.2.2.1
7f70ced64000-7f70ced65000 rw-p 00031000 103:02 4816286                   /usr/lib/libtheoraenc.so.2.2.1
7f70ced65000-7f70ced67000 r--p 00000000 103:02 4769495                   /usr/lib/libspeex.so.1.5.2
7f70ced67000-7f70ced7a000 r-xp 00002000 103:02 4769495                   /usr/lib/libspeex.so.1.5.2
7f70ced7a000-7f70ced7f000 r--p 00015000 103:02 4769495                   /usr/lib/libspeex.so.1.5.2
7f70ced7f000-7f70ced80000 r--p 0001a000 103:02 4769495                   /usr/lib/libspeex.so.1.5.2
7f70ced80000-7f70ced81000 rw-p 0001b000 103:02 4769495                   /usr/lib/libspeex.so.1.5.2
7f70ced81000-7f70ced88000 r--p 00000000 103:02 4755382                   /usr/lib/libopenjp2.so.2.5.4
7f70ced88000-7f70cede0000 r-xp 00007000 103:02 4755382                   /usr/lib/libopenjp2.so.2.5.4
7f70cede0000-7f70cedf2000 r--p 0005f000 103:02 4755382                   /usr/lib/libopenjp2.so.2.5.4
7f70cedf2000-7f70cedf4000 r--p 00071000 103:02 4755382                   /usr/lib/libopenjp2.so.2.5.4
7f70cedf4000-7f70cedf5000 rw-p 00073000 103:02 4755382                   /usr/lib/libopenjp2.so.2.5.4
7f70cedf5000-7f70cedf6000 r--p 00000000 103:02 4769453                   /usr/lib/libopencore-amrnb.so.0.0.5
7f70cedf6000-7f70cee13000 r-xp 00001000 103:02 4769453                   /usr/lib/libopencore-amrnb.so.0.0.5
7f70cee13000-7f70cee1d000 r--p 0001e000 103:02 4769453                   /usr/lib/libopencore-amrnb.so.0.0.5
7f70cee1d000-7f70cee1e000 r--p 00027000 103:02 4769453                   /usr/lib/libopencore-amrnb.so.0.0.5
7f70cee1e000-7f70cee1f000 rw-p 00028000 103:02 4769453                   /usr/lib/libopencore-amrnb.so.0.0.5
7f70cee1f000-7f70cee21000 r--p 00000000 103:02 4817089                   /usr/lib/libdav1d.so.7.0.0
7f70cee21000-7f70cef9f000 r-xp 00002000 103:02 4817089                   /usr/lib/libdav1d.so.7.0.0
7f70cef9f000-7f70cefd7000 r--p 00180000 103:02 4817089                   /usr/lib/libdav1d.so.7.0.0
7f70cefd7000-7f70cefdb000 r--p 001b7000 103:02 4817089                   /usr/lib/libdav1d.so.7.0.0
7f70cefdb000-7f70cefdc000 rw-p 001bb000 103:02 4817089                   /usr/lib/libdav1d.so.7.0.0
7f70cefdc000-7f70cf000000 rw-p 00000000 00:00 0 
7f70cf000000-7f70cf002000 r--p 00000000 103:02 4817225                   /usr/lib/libvpx.so.12.0.0
7f70cf002000-7f70cf2f0000 r-xp 00002000 103:02 4817225                   /usr/lib/libvpx.so.12.0.0
7f70cf2f0000-7f70cf325000 r--p 002f0000 103:02 4817225                   /usr/lib/libvpx.so.12.0.0
7f70cf325000-7f70cf328000 r--p 00325000 103:02 4817225                   /usr/lib/libvpx.so.12.0.0
7f70cf328000-7f70cf329000 rw-p 00328000 103:02 4817225                   /usr/lib/libvpx.so.12.0.0
7f70cf329000-7f70cf330000 rw-p 00000000 00:00 0 
7f70cf330000-7f70cf331000 rw-s 00000000 00:07 1110                       /dev/nvidiactl
7f70cf331000-7f70cf332000 rw-s 00000000 00:07 1110                       /dev/nvidiactl
7f70cf332000-7f70cf337000 r--p 00000000 103:02 4818072                   /usr/lib/libmp3lame.so.0.0.0
7f70cf337000-7f70cf360000 r-xp 00005000 103:02 4818072                   /usr/lib/libmp3lame.so.0.0.0
7f70cf360000-7f70cf36d000 r--p 0002e000 103:02 4818072                   /usr/lib/libmp3lame.so.0.0.0
7f70cf36d000-7f70cf36e000 r--p 0003b000 103:02 4818072                   /usr/lib/libmp3lame.so.0.0.0
7f70cf36e000-7f70cf36f000 rw-p 0003c000 103:02 4818072                   /usr/lib/libmp3lame.so.0.0.0
7f70cf36f000-7f70cf380000 rw-p 00000000 00:00 0 
7f70cf380000-7f70cf382000 r--p 00000000 103:02 4767530                   /usr/lib/libgsm.so.1.0.22
7f70cf382000-7f70cf38c000 r-xp 00002000 103:02 4767530                   /usr/lib/libgsm.so.1.0.22
7f70cf38c000-7f70cf38d000 r--p 0000c000 103:02 4767530                   /usr/lib/libgsm.so.1.0.22
7f70cf38d000-7f70cf38e000 r--p 0000d000 103:02 4767530                   /usr/lib/libgsm.so.1.0.22
7f70cf38e000-7f70cf38f000 rw-p 0000e000 103:02 4767530                   /usr/lib/libgsm.so.1.0.22
7f70cf38f000-7f70cf392000 r--p 00000000 103:02 4846487                   /usr/lib/libsnappy.so.1.2.2
7f70cf392000-7f70cf399000 r-xp 00003000 103:02 4846487                   /usr/lib/libsnappy.so.1.2.2
7f70cf399000-7f70cf39c000 r--p 0000a000 103:02 4846487                   /usr/lib/libsnappy.so.1.2.2
7f70cf39c000-7f70cf39d000 r--p 0000c000 103:02 4846487                   /usr/lib/libsnappy.so.1.2.2
7f70cf39d000-7f70cf39e000 rw-p 0000d000 103:02 4846487                   /usr/lib/libsnappy.so.1.2.2
7f70cf39e000-7f70cf39f000 r--p 00000000 103:02 4788175                   /usr/lib/libopencore-amrwb.so.0.0.5
7f70cf39f000-7f70cf3ab000 r-xp 00001000 103:02 4788175                   /usr/lib/libopencore-amrwb.so.0.0.5
7f70cf3ab000-7f70cf3b2000 r--p 0000d000 103:02 4788175                   /usr/lib/libopencore-amrwb.so.0.0.5
7f70cf3b2000-7f70cf3b3000 r--p 00013000 103:02 4788175                   /usr/lib/libopencore-amrwb.so.0.0.5
7f70cf3b3000-7f70cf3b4000 rw-p 00014000 103:02 4788175                   /usr/lib/libopencore-amrwb.so.0.0.5
7f70cf3b4000-7f70cf3b8000 r--p 00000000 103:02 4733684                   /usr/lib/liblzma.so.5.8.3
7f70cf3b8000-7f70cf3dc000 r-xp 00004000 103:02 4733684                   /usr/lib/liblzma.so.5.8.3
7f70cf3dc000-7f70cf3e7000 r--p 00028000 103:02 4733684                   /usr/lib/liblzma.so.5.8.3
7f70cf3e7000-7f70cf3e8000 r--p 00033000 103:02 4733684                   /usr/lib/liblzma.so.5.8.3
7f70cf3e8000-7f70cf3e9000 rw-p 00034000 103:02 4733684                   /usr/lib/liblzma.so.5.8.3
7f70cf3e9000-7f70cf3ea000 r--p 00000000 103:02 4763771                   /usr/lib/libunibreak.so.7.0.0
7f70cf3ea000-7f70cf3ed000 r-xp 00001000 103:02 4763771                   /usr/lib/libunibreak.so.7.0.0
7f70cf3ed000-7f70cf40a000 r--p 00004000 103:02 4763771                   /usr/lib/libunibreak.so.7.0.0
7f70cf40a000-7f70cf40b000 r--p 00020000 103:02 4763771                   /usr/lib/libunibreak.so.7.0.0
7f70cf40b000-7f70cf40c000 rw-p 00021000 103:02 4763771                   /usr/lib/libunibreak.so.7.0.0
7f70cf40c000-7f70cf40f000 r--p 00000000 103:02 4837263                   /usr/lib/libva.so.2.2400.0
7f70cf40f000-7f70cf431000 r-xp 00003000 103:02 4837263                   /usr/lib/libva.so.2.2400.0
7f70cf431000-7f70cf444000 r--p 00025000 103:02 4837263                   /usr/lib/libva.so.2.2400.0
7f70cf444000-7f70cf445000 r--p 00038000 103:02 4837263                   /usr/lib/libva.so.2.2400.0
7f70cf445000-7f70cf446000 rw-p 00039000 103:02 4837263                   /usr/lib/libva.so.2.2400.0
7f70cf446000-7f70cf44d000 r--p 00000000 103:02 4771963                   /usr/lib/libvulkan.so.1.4.357
7f70cf44d000-7f70cf4ac000 r-xp 00007000 103:02 4771963                   /usr/lib/libvulkan.so.1.4.357
7f70cf4ac000-7f70cf4e1000 r--p 00066000 103:02 4771963                   /usr/lib/libvulkan.so.1.4.357
7f70cf4e1000-7f70cf4e3000 r--p 0009a000 103:02 4771963                   /usr/lib/libvulkan.so.1.4.357
7f70cf4e3000-7f70cf4e4000 rw-p 0009c000 103:02 4771963                   /usr/lib/libvulkan.so.1.4.357
7f70cf4e4000-7f70cf4ea000 r--p 00000000 103:02 4774588                   /usr/lib/libsixel.so.1.0.0
7f70cf4ea000-7f70cf50f000 r-xp 00006000 103:02 4774588                   /usr/lib/libsixel.so.1.0.0
7f70cf50f000-7f70cf518000 r--p 0002b000 103:02 4774588                   /usr/lib/libsixel.so.1.0.0
7f70cf518000-7f70cf52f000 r--p 00033000 103:02 4774588                   /usr/lib/libsixel.so.1.0.0
7f70cf52f000-7f70cf530000 rw-p 0004a000 103:02 4774588                   /usr/lib/libsixel.so.1.0.0
7f70cf530000-7f70cf538000 r--p 00000000 103:02 4777398                   /usr/lib/libcaca.so.0.99.20
7f70cf538000-7f70cf552000 r-xp 00008000 103:02 4777398                   /usr/lib/libcaca.so.0.99.20
7f70cf552000-7f70cf5fd000 r--p 00022000 103:02 4777398                   /usr/lib/libcaca.so.0.99.20
7f70cf5fd000-7f70cf5ff000 r--p 000cc000 103:02 4777398                   /usr/lib/libcaca.so.0.99.20
7f70cf5ff000-7f70cf600000 rw-p 000ce000 103:02 4777398                   /usr/lib/libcaca.so.0.99.20
7f70cf600000-7f70cf603000 r--p 00000000 103:02 4771718                   /usr/lib/libswscale.so.10.1.101
7f70cf603000-7f70cf7dc000 r-xp 00003000 103:02 4771718                   /usr/lib/libswscale.so.10.1.101
7f70cf7dc000-7f70cf7fa000 r--p 001dc000 103:02 4771718                   /usr/lib/libswscale.so.10.1.101
7f70cf7fa000-7f70cf80e000 r--p 001f9000 103:02 4771718                   /usr/lib/libswscale.so.10.1.101
7f70cf80e000-7f70cf80f000 rw-p 0020d000 103:02 4771718                   /usr/lib/libswscale.so.10.1.101
7f70cf80f000-7f70cf853000 rw-p 00000000 00:00 0 
7f70cf853000-7f70cf855000 r--p 00000000 103:02 4725865                   /usr/lib/libacl.so.1.2.2400
7f70cf855000-7f70cf85b000 r-xp 00002000 103:02 4725865                   /usr/lib/libacl.so.1.2.2400
7f70cf85b000-7f70cf85d000 r--p 00008000 103:02 4725865                   /usr/lib/libacl.so.1.2.2400
7f70cf85d000-7f70cf85e000 r--p 00009000 103:02 4725865                   /usr/lib/libacl.so.1.2.2400
7f70cf85e000-7f70cf85f000 rw-p 0000a000 103:02 4725865                   /usr/lib/libacl.so.1.2.2400
7f70cf85f000-7f70cf864000 r--p 00000000 103:02 4748352                   /usr/lib/libjpeg.so.8.3.2
7f70cf864000-7f70cf8de000 r-xp 00005000 103:02 4748352                   /usr/lib/libjpeg.so.8.3.2
7f70cf8de000-7f70cf905000 r--p 0007f000 103:02 4748352                   /usr/lib/libjpeg.so.8.3.2
7f70cf905000-7f70cf906000 r--p 000a6000 103:02 4748352                   /usr/lib/libjpeg.so.8.3.2
7f70cf906000-7f70cf907000 rw-p 000a7000 103:02 4748352                   /usr/lib/libjpeg.so.8.3.2
7f70cf907000-7f70cf929000 r--p 00000000 103:02 4743150                   /usr/lib/libasound.so.2.0.0
7f70cf929000-7f70cf9c9000 r-xp 00022000 103:02 4743150                   /usr/lib/libasound.so.2.0.0
7f70cf9c9000-7f70cf9f7000 r--p 000c2000 103:02 4743150                   /usr/lib/libasound.so.2.0.0
7f70cf9f7000-7f70cf9ff000 r--p 000f0000 103:02 4743150                   /usr/lib/libasound.so.2.0.0
7f70cf9ff000-7f70cfa00000 rw-p 000f8000 103:02 4743150                   /usr/lib/libasound.so.2.0.0
7f70cfa00000-7f70cfa0d000 r--p 00000000 103:02 4755479                   /usr/lib/libavutil.so.61.1.101
7f70cfa0d000-7f70cfaf7000 r-xp 0000d000 103:02 4755479                   /usr/lib/libavutil.so.61.1.101
7f70cfaf7000-7f70cfb21000 r--p 000f7000 103:02 4755479                   /usr/lib/libavutil.so.61.1.101
7f70cfb21000-7f70cfb37000 r--p 00120000 103:02 4755479                   /usr/lib/libavutil.so.61.1.101
7f70cfb37000-7f70cfb38000 rw-p 00136000 103:02 4755479                   /usr/lib/libavutil.so.61.1.101
7f70cfb38000-7f70cfc47000 rw-p 00000000 00:00 0 
7f70cfc47000-7f70cfc48000 rw-s 00000000 00:07 1110                       /dev/nvidiactl
7f70cfc48000-7f70cfc55000 r--p 00000000 103:02 4751534                   /usr/lib/libpipewire-0.3.so.0.1608.0
7f70cfc55000-7f70cfcdc000 r-xp 0000d000 103:02 4751534                   /usr/lib/libpipewire-0.3.so.0.1608.0
7f70cfcdc000-7f70cfcfa000 r--p 00094000 103:02 4751534                   /usr/lib/libpipewire-0.3.so.0.1608.0
7f70cfcfa000-7f70cfd16000 r--p 000b2000 103:02 4751534                   /usr/lib/libpipewire-0.3.so.0.1608.0
7f70cfd16000-7f70cfd17000 rw-p 000ce000 103:02 4751534                   /usr/lib/libpipewire-0.3.so.0.1608.0
7f70cfd17000-7f70cfd18000 rw-p 00000000 00:00 0 
7f70cfd18000-7f70cfd27000 r--p 00000000 103:02 4737468                   /usr/lib/libarchive.so.13.8.9
7f70cfd27000-7f70cfdd1000 r-xp 0000f000 103:02 4737468                   /usr/lib/libarchive.so.13.8.9
7f70cfdd1000-7f70cfdfb000 r--p 000b9000 103:02 4737468                   /usr/lib/libarchive.so.13.8.9
7f70cfdfb000-7f70cfdff000 r--p 000e3000 103:02 4737468                   /usr/lib/libarchive.so.13.8.9
7f70cfdff000-7f70cfe00000 rw-p 000e7000 103:02 4737468                   /usr/lib/libarchive.so.13.8.9
7f70cfe00000-7f70cfe12000 r--p 00000000 103:02 4754446                   /usr/lib/libavformat.so.63.1.101
7f70cfe12000-7f70d005e000 r-xp 00012000 103:02 4754446                   /usr/lib/libavformat.so.63.1.101
7f70d005e000-7f70d00eb000 r--p 0025e000 103:02 4754446                   /usr/lib/libavformat.so.63.1.101
7f70d00eb000-7f70d0125000 r--p 002ea000 103:02 4754446                   /usr/lib/libavformat.so.63.1.101
7f70d0125000-7f70d0126000 rw-p 00324000 103:02 4754446                   /usr/lib/libavformat.so.63.1.101
7f70d0126000-7f70d0129000 r--p 00000000 103:02 4757522                   /usr/lib/libngtcp2_crypto_ossl.so.0.3.1
7f70d0129000-7f70d012f000 r-xp 00003000 103:02 4757522                   /usr/lib/libngtcp2_crypto_ossl.so.0.3.1
7f70d012f000-7f70d0131000 r--p 00009000 103:02 4757522                   /usr/lib/libngtcp2_crypto_ossl.so.0.3.1
7f70d0131000-7f70d0132000 r--p 0000a000 103:02 4757522                   /usr/lib/libngtcp2_crypto_ossl.so.0.3.1
7f70d0132000-7f70d0133000 rw-p 0000b000 103:02 4757522                   /usr/lib/libngtcp2_crypto_ossl.so.0.3.1
7f70d0133000-7f70d0136000 r--p 00000000 103:02 4767560                   /usr/lib/libdisplay-info.so.0.3.0
7f70d0136000-7f70d014e000 r-xp 00003000 103:02 4767560                   /usr/lib/libdisplay-info.so.0.3.0
7f70d014e000-7f70d016a000 r--p 0001b000 103:02 4767560                   /usr/lib/libdisplay-info.so.0.3.0
7f70d016a000-7f70d016b000 r--p 00036000 103:02 4767560                   /usr/lib/libdisplay-info.so.0.3.0
7f70d016b000-7f70d016c000 rw-p 00037000 103:02 4767560                   /usr/lib/libdisplay-info.so.0.3.0
7f70d016c000-7f70d016f000 r--p 00000000 103:02 4769435                   /usr/lib/libzimg.so.2.0.0
7f70d016f000-7f70d01e9000 r-xp 00003000 103:02 4769435                   /usr/lib/libzimg.so.2.0.0
7f70d01e9000-7f70d01fb000 r--p 0007d000 103:02 4769435                   /usr/lib/libzimg.so.2.0.0
7f70d01fb000-7f70d01ff000 r--p 0008e000 103:02 4769435                   /usr/lib/libzimg.so.2.0.0
7f70d01ff000-7f70d0200000 rw-p 00092000 103:02 4769435                   /usr/lib/libzimg.so.2.0.0
7f70d0200000-7f70d0214000 r--p 00000000 103:02 4750361                   /usr/lib/libavfilter.so.12.1.101
7f70d0214000-7f70d070f000 r-xp 00014000 103:02 4750361                   /usr/lib/libavfilter.so.12.1.101
7f70d070f000-7f70d07ff000 r--p 0050f000 103:02 4750361                   /usr/lib/libavfilter.so.12.1.101
7f70d07ff000-7f70d089a000 r--p 005ff000 103:02 4750361                   /usr/lib/libavfilter.so.12.1.101
7f70d089a000-7f70d089b000 rw-p 0069a000 103:02 4750361                   /usr/lib/libavfilter.so.12.1.101
7f70d089b000-7f70d089f000 rw-p 00000000 00:00 0 
7f70d089f000-7f70d08a0000 rw-s 00000000 00:07 1110                       /dev/nvidiactl
7f70d08a0000-7f70d08a1000 rw-s 00000000 00:07 1112                       /dev/nvidia0
7f70d08a1000-7f70d08a3000 r--p 00000000 103:02 4763355                   /usr/lib/libwebpmux.so.3.1.2
7f70d08a3000-7f70d08aa000 r-xp 00002000 103:02 4763355                   /usr/lib/libwebpmux.so.3.1.2
7f70d08aa000-7f70d08ab000 r--p 00009000 103:02 4763355                   /usr/lib/libwebpmux.so.3.1.2
7f70d08ab000-7f70d08ac000 r--p 0000a000 103:02 4763355                   /usr/lib/libwebpmux.so.3.1.2
7f70d08ac000-7f70d08ad000 rw-p 0000b000 103:02 4763355                   /usr/lib/libwebpmux.so.3.1.2
7f70d08ad000-7f70d08b9000 r--p 00000000 103:02 4769245                   /usr/lib/libpulse.so.0.24.3
7f70d08b9000-7f70d08e9000 r-xp 0000c000 103:02 4769245                   /usr/lib/libpulse.so.0.24.3
7f70d08e9000-7f70d08fa000 r--p 0003c000 103:02 4769245                   /usr/lib/libpulse.so.0.24.3
7f70d08fa000-7f70d08fc000 r--p 0004c000 103:02 4769245                   /usr/lib/libpulse.so.0.24.3
7f70d08fc000-7f70d08fd000 rw-p 0004e000 103:02 4769245                   /usr/lib/libpulse.so.0.24.3
7f70d08fd000-7f70d090a000 r--p 00000000 103:02 4738083                   /usr/lib/libcurl.so.4.8.0
7f70d090a000-7f70d09cb000 r-xp 0000d000 103:02 4738083                   /usr/lib/libcurl.so.4.8.0
7f70d09cb000-7f70d09f7000 r--p 000ce000 103:02 4738083                   /usr/lib/libcurl.so.4.8.0
7f70d09f7000-7f70d09fe000 r--p 000f9000 103:02 4738083                   /usr/lib/libcurl.so.4.8.0
7f70d09fe000-7f70d09ff000 rw-p 00100000 103:02 4738083                   /usr/lib/libcurl.so.4.8.0
7f70d09ff000-7f70d0a00000 rw-p 00000000 00:00 0 
7f70d0a00000-7f70d0a15000 r--p 00000000 103:02 4750331                   /usr/lib/libavcodec.so.63.1.101
7f70d0a15000-7f70d19ae000 r-xp 00015000 103:02 4750331                   /usr/lib/libavcodec.so.63.1.101
7f70d19ae000-7f70d1d67000 r--p 00fae000 103:02 4750331                   /usr/lib/libavcodec.so.63.1.101
7f70d1d67000-7f70d1ded000 r--p 01367000 103:02 4750331                   /usr/lib/libavcodec.so.63.1.101
7f70d1ded000-7f70d1def000 rw-p 013ed000 103:02 4750331                   /usr/lib/libavcodec.so.63.1.101
7f70d1def000-7f70d2493000 rw-p 00000000 00:00 0 
7f70d2493000-7f70d249a000 r--p 00000000 103:02 4768939                   /usr/lib/libjack.so.0.1.0
7f70d249a000-7f70d24c8000 r-xp 00007000 103:02 4768939                   /usr/lib/libjack.so.0.1.0
7f70d24c8000-7f70d24de000 r--p 00035000 103:02 4768939                   /usr/lib/libjack.so.0.1.0
7f70d24de000-7f70d24e1000 r--p 0004a000 103:02 4768939                   /usr/lib/libjack.so.0.1.0
7f70d24e1000-7f70d24e2000 rw-p 0004d000 103:02 4768939                   /usr/lib/libjack.so.0.1.0
7f70d24e2000-7f70d24f1000 r--p 00000000 103:02 4781957                   /usr/lib/libplacebo.so.360
7f70d24f1000-7f70d25a1000 r-xp 0000f000 103:02 4781957                   /usr/lib/libplacebo.so.360
7f70d25a1000-7f70d25e5000 r--p 000bf000 103:02 4781957                   /usr/lib/libplacebo.so.360
7f70d25e5000-7f70d25fa000 r--p 00103000 103:02 4781957                   /usr/lib/libplacebo.so.360
7f70d25fa000-7f70d2600000 rw-p 00118000 103:02 4781957                   /usr/lib/libplacebo.so.360
7f70d2600000-7f70d2653000 r--p 00000000 103:02 6835745                   /home/annihilator/dev/mpv/build/libmpv.so.2.5.0
7f70d2653000-7f70d2876000 r-xp 00053000 103:02 6835745                   /home/annihilator/dev/mpv/build/libmpv.so.2.5.0
7f70d2876000-7f70d299f000 r--p 00276000 103:02 6835745                   /home/annihilator/dev/mpv/build/libmpv.so.2.5.0
7f70d299f000-7f70d29eb000 r--p 0039f000 103:02 6835745                   /home/annihilator/dev/mpv/build/libmpv.so.2.5.0
7f70d29eb000-7f70d29f0000 rw-p 003eb000 103:02 6835745                   /home/annihilator/dev/mpv/build/libmpv.so.2.5.0
7f70d29f0000-7f70d29f1000 rw-p 00000000 00:00 0 
7f70d29f1000-7f70d29f2000 rw-s 00000000 00:07 1110                       /dev/nvidiactl
7f70d29f2000-7f70d29f4000 r--p 00000000 103:02 4835240                   /usr/lib/libglslang-default-resource-limits.so.16.4.0
7f70d29f4000-7f70d29f8000 r-xp 00002000 103:02 4835240                   /usr/lib/libglslang-default-resource-limits.so.16.4.0
7f70d29f8000-7f70d29fa000 r--p 00006000 103:02 4835240                   /usr/lib/libglslang-default-resource-limits.so.16.4.0
7f70d29fa000-7f70d29fb000 r--p 00008000 103:02 4835240                   /usr/lib/libglslang-default-resource-limits.so.16.4.0
7f70d29fb000-7f70d29fc000 rw-p 00009000 103:02 4835240                   /usr/lib/libglslang-default-resource-limits.so.16.4.0
7f70d29fc000-7f70d29fd000 rw-p 00000000 00:00 0 
7f70d29fd000-7f70d2a01000 ---p 00000000 00:00 0 
7f70d2a01000-7f70d2e00000 rw-p 00000000 00:00 0 
7f70d2e00000-7f70d3050000 r-xp 00000000 103:02 4831579                   /usr/lib/libnvidia-glcore.so.610.57.04
7f70d3050000-7f70d3071000 rwxp 00250000 103:02 4831579                   /usr/lib/libnvidia-glcore.so.610.57.04
7f70d3071000-7f70d3200000 r-xp 00271000 103:02 4831579                   /usr/lib/libnvidia-glcore.so.610.57.04
7f70d3200000-7f70d3e00000 r-xp 00400000 103:02 4831579                   /usr/lib/libnvidia-glcore.so.610.57.04
7f70d3e00000-7f70d53f9000 r-xp 01000000 103:02 4831579                   /usr/lib/libnvidia-glcore.so.610.57.04
7f70d53f9000-7f70d53fa000 ---p 025f9000 103:02 4831579                   /usr/lib/libnvidia-glcore.so.610.57.04
7f70d53fa000-7f70d5572000 r--p 025f9000 103:02 4831579                   /usr/lib/libnvidia-glcore.so.610.57.04
7f70d5572000-7f70d55d5000 rw-p 02771000 103:02 4831579                   /usr/lib/libnvidia-glcore.so.610.57.04
7f70d55d5000-7f70d55f5000 rw-p 00000000 00:00 0 
7f70d55f5000-7f70d55f6000 r--s 00000000 00:07 1110                       /dev/nvidiactl
7f70d55f6000-7f70d55f8000 rw-s 00000000 00:07 1110                       /dev/nvidiactl
7f70d55f8000-7f70d55fa000 r--p 00000000 103:02 4769073                   /usr/lib/libbs2b.so.0.0.0
7f70d55fa000-7f70d55fd000 r-xp 00002000 103:02 4769073                   /usr/lib/libbs2b.so.0.0.0
7f70d55fd000-7f70d55fe000 r--p 00005000 103:02 4769073                   /usr/lib/libbs2b.so.0.0.0
7f70d55fe000-7f70d55ff000 r--p 00005000 103:02 4769073                   /usr/lib/libbs2b.so.0.0.0
7f70d55ff000-7f70d5600000 rw-p 00006000 103:02 4769073                   /usr/lib/libbs2b.so.0.0.0
7f70d5600000-7f70d6f1a000 r-xp 00000000 103:02 6306886                   /home/annihilator/.skiko/skiko-linux-x64-434f7633c843870c0839a1137b128f6c3db3c5d58dcad3545e90827e3e341afb/libskiko-linux-x64.so
7f70d6f1a000-7f70d6f52000 r--p 01919000 103:02 6306886                   /home/annihilator/.skiko/skiko-linux-x64-434f7633c843870c0839a1137b128f6c3db3c5d58dcad3545e90827e3e341afb/libskiko-linux-x64.so
7f70d6f52000-7f70d6f55000 rw-p 01951000 103:02 6306886                   /home/annihilator/.skiko/skiko-linux-x64-434f7633c843870c0839a1137b128f6c3db3c5d58dcad3545e90827e3e341afb/libskiko-linux-x64.so
7f70d6f55000-7f70d6f5e000 rw-p 00000000 00:00 0 
7f70d6f5e000-7f70d6f5f000 r--p 00000000 103:02 7880804                   /usr/lib/jvm/java-26-openjdk/lib/libsyslookup.so
7f70d6f5f000-7f70d6f60000 r-xp 00001000 103:02 7880804                   /usr/lib/jvm/java-26-openjdk/lib/libsyslookup.so
7f70d6f60000-7f70d6f61000 r--p 00002000 103:02 7880804                   /usr/lib/jvm/java-26-openjdk/lib/libsyslookup.so
7f70d6f61000-7f70d6f62000 r--p 00002000 103:02 7880804                   /usr/lib/jvm/java-26-openjdk/lib/libsyslookup.so
7f70d6f62000-7f70d6f63000 rw-p 00003000 103:02 7880804                   /usr/lib/jvm/java-26-openjdk/lib/libsyslookup.so
7f70d6f63000-7f70d6f64000 r--p 00000000 103:02 4837255                   /usr/lib/libjxl_threads.so.0.12.0
7f70d6f64000-7f70d6f66000 r-xp 00001000 103:02 4837255                   /usr/lib/libjxl_threads.so.0.12.0
7f70d6f66000-7f70d6f67000 r--p 00003000 103:02 4837255                   /usr/lib/libjxl_threads.so.0.12.0
7f70d6f67000-7f70d6f68000 r--p 00003000 103:02 4837255                   /usr/lib/libjxl_threads.so.0.12.0
7f70d6f68000-7f70d6f69000 rw-p 00004000 103:02 4837255                   /usr/lib/libjxl_threads.so.0.12.0
7f70d6f69000-7f70d6f6e000 r--p 00000000 103:02 4774103                   /usr/lib/libluajit-5.1.so.2.1.1787165859
7f70d6f6e000-7f70d6fe5000 r-xp 00005000 103:02 4774103                   /usr/lib/libluajit-5.1.so.2.1.1787165859
7f70d6fe5000-7f70d6ffc000 r--p 0007c000 103:02 4774103                   /usr/lib/libluajit-5.1.so.2.1.1787165859
7f70d6ffc000-7f70d6fff000 r--p 00093000 103:02 4774103                   /usr/lib/libluajit-5.1.so.2.1.1787165859
7f70d6fff000-7f70d7000000 rw-p 00096000 103:02 4774103                   /usr/lib/libluajit-5.1.so.2.1.1787165859
7f70d7000000-7f70d8f94000 r--p 00000000 103:02 4735921                   /usr/lib/libicudata.so.78.3
7f70d8f94000-7f70d8f95000 r--p 01f93000 103:02 4735921                   /usr/lib/libicudata.so.78.3
7f70d8f95000-7f70d8f96000 rw-s 00000000 00:07 1110                       /dev/nvidiactl
7f70d8f96000-7f70d8fa6000 r--p 00000000 103:02 4745057                   /usr/lib/librubberband.so.3.0.0
7f70d8fa6000-7f70d8fec000 r-xp 00010000 103:02 4745057                   /usr/lib/librubberband.so.3.0.0
7f70d8fec000-7f70d8ffd000 r--p 00056000 103:02 4745057                   /usr/lib/librubberband.so.3.0.0
7f70d8ffd000-7f70d8fff000 r--p 00066000 103:02 4745057                   /usr/lib/librubberband.so.3.0.0
7f70d8fff000-7f70d9000000 rw-p 00068000 103:02 4745057                   /usr/lib/librubberband.so.3.0.0
7f70d9000000-7f70d955b000 r--p 00000000 103:02 4817093                   /usr/lib/libLLVM.so.22.1
7f70d955b000-7f70df208000 r-xp 0055b000 103:02 4817093                   /usr/lib/libLLVM.so.22.1
7f70df208000-7f70e3156000 r--p 06208000 103:02 4817093                   /usr/lib/libLLVM.so.22.1
7f70e3156000-7f70e3372000 r--p 0a156000 103:02 4817093                   /usr/lib/libLLVM.so.22.1
7f70e3372000-7f70e337c000 rw-p 0a372000 103:02 4817093                   /usr/lib/libLLVM.so.22.1
7f70e337c000-7f70e344c000 rw-p 00000000 00:00 0 
7f70e344c000-7f70e344d000 r--p 00000000 103:02 4843256                   /usr/lib/libvdpau.so.1.0.0
7f70e344d000-7f70e344e000 r-xp 00001000 103:02 4843256                   /usr/lib/libvdpau.so.1.0.0
7f70e344e000-7f70e344f000 r--p 00002000 103:02 4843256                   /usr/lib/libvdpau.so.1.0.0
7f70e344f000-7f70e3450000 r--p 00002000 103:02 4843256                   /usr/lib/libvdpau.so.1.0.0
7f70e3450000-7f70e3451000 rw-p 00003000 103:02 4843256                   /usr/lib/libvdpau.so.1.0.0
7f70e3451000-7f70e3453000 r--p 00000000 103:02 4816290                   /usr/lib/libva-x11.so.2.2400.0
7f70e3453000-7f70e3456000 r-xp 00002000 103:02 4816290                   /usr/lib/libva-x11.so.2.2400.0
7f70e3456000-7f70e3457000 r--p 00005000 103:02 4816290                   /usr/lib/libva-x11.so.2.2400.0
7f70e3457000-7f70e3458000 r--p 00005000 103:02 4816290                   /usr/lib/libva-x11.so.2.2400.0
7f70e3458000-7f70e3459000 rw-p 00006000 103:02 4816290                   /usr/lib/libva-x11.so.2.2400.0
7f70e3459000-7f70e345b000 r--p 00000000 103:02 4799670                   /usr/lib/libva-wayland.so.2.2400.0
7f70e345b000-7f70e345d000 r-xp 00002000 103:02 4799670                   /usr/lib/libva-wayland.so.2.2400.0
7f70e345d000-7f70e345e000 r--p 00004000 103:02 4799670                   /usr/lib/libva-wayland.so.2.2400.0
7f70e345e000-7f70e345f000 r--p 00005000 103:02 4799670                   /usr/lib/libva-wayland.so.2.2400.0
7f70e345f000-7f70e3460000 rw-p 00006000 103:02 4799670                   /usr/lib/libva-wayland.so.2.2400.0
7f70e3460000-7f70e3461000 r--p 00000000 103:02 4754963                   /usr/lib/libva-drm.so.2.2400.0
7f70e3461000-7f70e3462000 r-xp 00001000 103:02 4754963                   /usr/lib/libva-drm.so.2.2400.0
7f70e3462000-7f70e3463000 r--p 00002000 103:02 4754963                   /usr/lib/libva-drm.so.2.2400.0
7f70e3463000-7f70e3464000 r--p 00002000 103:02 4754963                   /usr/lib/libva-drm.so.2.2400.0
7f70e3464000-7f70e3465000 rw-p 00003000 103:02 4754963                   /usr/lib/libva-drm.so.2.2400.0
7f70e3465000-7f70e3466000 r--p 00000000 103:02 4768705                   /usr/lib/libuchardet.so.0.0.8
7f70e3466000-7f70e346c000 r-xp 00001000 103:02 4768705                   /usr/lib/libuchardet.so.0.0.8
7f70e346c000-7f70e348f000 r--p 00007000 103:02 4768705                   /usr/lib/libuchardet.so.0.0.8
7f70e348f000-7f70e3492000 r--p 00029000 103:02 4768705                   /usr/lib/libuchardet.so.0.0.8
7f70e3492000-7f70e3493000 rw-p 0002c000 103:02 4768705                   /usr/lib/libuchardet.so.0.0.8
7f70e3493000-7f70e3496000 r--p 00000000 103:02 4812074                   /usr/lib/libbluray.so.3.1.0
7f70e3496000-7f70e34c9000 r-xp 00003000 103:02 4812074                   /usr/lib/libbluray.so.3.1.0
7f70e34c9000-7f70e34d9000 r--p 00036000 103:02 4812074                   /usr/lib/libbluray.so.3.1.0
7f70e34d9000-7f70e34db000 r--p 00045000 103:02 4812074                   /usr/lib/libbluray.so.3.1.0
7f70e34db000-7f70e34dc000 rw-p 00047000 103:02 4812074                   /usr/lib/libbluray.so.3.1.0
7f70e34dc000-7f70e34e4000 r--p 00000000 103:02 4750339                   /usr/lib/libavdevice.so.63.1.101
7f70e34e4000-7f70e34f4000 r-xp 00008000 103:02 4750339                   /usr/lib/libavdevice.so.63.1.101
7f70e34f4000-7f70e34fa000 r--p 00018000 103:02 4750339                   /usr/lib/libavdevice.so.63.1.101
7f70e34fa000-7f70e34fe000 r--p 0001e000 103:02 4750339                   /usr/lib/libavdevice.so.63.1.101
7f70e34fe000-7f70e34ff000 rw-p 00022000 103:02 4750339                   /usr/lib/libavdevice.so.63.1.101
7f70e34ff000-7f70e3600000 rw-p 00000000 00:00 0 
7f70e3600000-7f70e361b000 r--p 00000000 103:02 4834667                   /usr/lib/libgallium-26.2.1-arch1.1.so
7f70e361b000-7f70e569b000 r-xp 0001b000 103:02 4834667                   /usr/lib/libgallium-26.2.1-arch1.1.so
7f70e569b000-7f70e68ed000 r--p 0209b000 103:02 4834667                   /usr/lib/libgallium-26.2.1-arch1.1.so
7f70e68ed000-7f70e6a6b000 r--p 032ec000 103:02 4834667                   /usr/lib/libgallium-26.2.1-arch1.1.so
7f70e6a6b000-7f70e6aa9000 rw-p 0346a000 103:02 4834667                   /usr/lib/libgallium-26.2.1-arch1.1.so
7f70e6aa9000-7f70e6c77000 rw-p 00000000 00:00 0 
7f70e6c77000-7f70e6c78000 rw-s 00000000 00:07 1112                       /dev/nvidia0
7f70e6c78000-7f70e6c7a000 r--p 00000000 103:02 4769399                   /usr/lib/libXv.so.1.0.0
7f70e6c7a000-7f70e6c7d000 r-xp 00002000 103:02 4769399                   /usr/lib/libXv.so.1.0.0
7f70e6c7d000-7f70e6c7e000 r--p 00005000 103:02 4769399                   /usr/lib/libXv.so.1.0.0
7f70e6c7e000-7f70e6c7f000 r--p 00005000 103:02 4769399                   /usr/lib/libXv.so.1.0.0
7f70e6c7f000-7f70e6c80000 rw-p 00006000 103:02 4769399                   /usr/lib/libXv.so.1.0.0
7f70e6c80000-7f70e6c83000 r--p 00000000 103:02 4777462                   /usr/lib/libsndio.so.7.3
7f70e6c83000-7f70e6c8c000 r-xp 00003000 103:02 4777462                   /usr/lib/libsndio.so.7.3
7f70e6c8c000-7f70e6c8f000 r--p 0000c000 103:02 4777462                   /usr/lib/libsndio.so.7.3
7f70e6c8f000-7f70e6c90000 r--p 0000f000 103:02 4777462                   /usr/lib/libsndio.so.7.3
7f70e6c90000-7f70e6c91000 rw-p 00010000 103:02 4777462                   /usr/lib/libsndio.so.7.3
7f70e6c91000-7f70e6c93000 rw-p 00000000 00:00 0 
7f70e6c93000-7f70e6c9c000 r--p 00000000 103:02 4771955                   /usr/lib/liblcms2.so.2.0.19
7f70e6c9c000-7f70e6ce3000 r-xp 00009000 103:02 4771955                   /usr/lib/liblcms2.so.2.0.19
7f70e6ce3000-7f70e6cf8000 r--p 00050000 103:02 4771955                   /usr/lib/liblcms2.so.2.0.19
7f70e6cf8000-7f70e6cfb000 r--p 00064000 103:02 4771955                   /usr/lib/liblcms2.so.2.0.19
7f70e6cfb000-7f70e6cfe000 rw-p 00067000 103:02 4771955                   /usr/lib/liblcms2.so.2.0.19
7f70e6cfe000-7f70e6cff000 rw-p 00000000 00:00 0 
7f70e6cff000-7f70e6d00000 rw-p 00000000 00:00 0 
7f70e6d00000-7f70e6d04000 ---p 00000000 00:00 0 
7f70e6d04000-7f70e6e00000 rw-p 00000000 00:00 0 
7f70e6e00000-7f70e715b000 r--p 00000000 103:02 4833041                   /usr/lib/libnvidia-gpucomp.so.610.57.04
7f70e715b000-7f70eb6f8000 r-xp 0035b000 103:02 4833041                   /usr/lib/libnvidia-gpucomp.so.610.57.04
7f70eb6f8000-7f70ed3e8000 r--p 048f8000 103:02 4833041                   /usr/lib/libnvidia-gpucomp.so.610.57.04
7f70ed3e8000-7f70ed63a000 r--p 065e7000 103:02 4833041                   /usr/lib/libnvidia-gpucomp.so.610.57.04
7f70ed63a000-7f70ed7c5000 rw-p 06839000 103:02 4833041                   /usr/lib/libnvidia-gpucomp.so.610.57.04
7f70ed7c5000-7f70ed880000 rw-p 00000000 00:00 0 
7f70ed880000-7f70ed881000 rw-s 00000000 00:07 1110                       /dev/nvidiactl
7f70ed881000-7f70ed882000 rw-s 00000000 00:07 1112                       /dev/nvidia0
7f70ed882000-7f70ed884000 r--p 00000000 103:02 4757852                   /usr/lib/libXrandr.so.2.2.0
7f70ed884000-7f70ed88b000 r-xp 00002000 103:02 4757852                   /usr/lib/libXrandr.so.2.2.0
7f70ed88b000-7f70ed88d000 r--p 00009000 103:02 4757852                   /usr/lib/libXrandr.so.2.2.0
7f70ed88d000-7f70ed88e000 r--p 0000a000 103:02 4757852                   /usr/lib/libXrandr.so.2.2.0
7f70ed88e000-7f70ed88f000 rw-p 0000b000 103:02 4757852                   /usr/lib/libXrandr.so.2.2.0
7f70ed88f000-7f70ed895000 r--p 00000000 103:02 4774597                   /usr/lib/libmujs.so
7f70ed895000-7f70ed8d3000 r-xp 00006000 103:02 4774597                   /usr/lib/libmujs.so
7f70ed8d3000-7f70ed8e4000 r--p 00044000 103:02 4774597                   /usr/lib/libmujs.so
7f70ed8e4000-7f70ed8e6000 r--p 00055000 103:02 4774597                   /usr/lib/libmujs.so
7f70ed8e6000-7f70ed8e7000 rw-p 00057000 103:02 4774597                   /usr/lib/libmujs.so
7f70ed8e7000-7f70ed8ea000 r--p 00000000 103:02 4775212                   /usr/lib/libdvdnav.so.4.4.0
7f70ed8ea000-7f70ed8f9000 r-xp 00003000 103:02 4775212                   /usr/lib/libdvdnav.so.4.4.0
7f70ed8f9000-7f70ed8fd000 r--p 00012000 103:02 4775212                   /usr/lib/libdvdnav.so.4.4.0
7f70ed8fd000-7f70ed8fe000 r--p 00015000 103:02 4775212                   /usr/lib/libdvdnav.so.4.4.0
7f70ed8fe000-7f70ed8ff000 rw-p 00016000 103:02 4775212                   /usr/lib/libdvdnav.so.4.4.0
7f70ed8ff000-7f70ed900000 rw-p 00000000 00:00 0 
7f70ed900000-7f70ed904000 ---p 00000000 00:00 0 
7f70ed904000-7f70eda00000 rw-p 00000000 00:00 0 
7f70eda00000-7f70edc19000 r--p 00000000 103:02 4831215                   /usr/lib/libnvidia-eglcore.so.610.57.04
7f70edc19000-7f70ee85f000 r-xp 00219000 103:02 4831215                   /usr/lib/libnvidia-eglcore.so.610.57.04
7f70ee85f000-7f70efd8a000 r--p 00e5f000 103:02 4831215                   /usr/lib/libnvidia-eglcore.so.610.57.04
7f70efd8a000-7f70efd8b000 ---p 0238a000 103:02 4831215                   /usr/lib/libnvidia-eglcore.so.610.57.04
7f70efd8b000-7f70eff00000 r--p 0238a000 103:02 4831215                   /usr/lib/libnvidia-eglcore.so.610.57.04
7f70eff00000-7f70eff49000 rw-p 024ff000 103:02 4831215                   /usr/lib/libnvidia-eglcore.so.610.57.04
7f70eff49000-7f70eff60000 rw-p 00000000 00:00 0 
7f70eff60000-7f70eff62000 rw-s 00000000 00:07 1110                       /dev/nvidiactl
7f70eff62000-7f70eff63000 rw-s 00000000 00:07 1110                       /dev/nvidiactl
7f70eff63000-7f70eff64000 r--p 00000000 103:02 4775248                   /usr/lib/libXpresent.so.1.0.0
7f70eff64000-7f70eff65000 r-xp 00001000 103:02 4775248                   /usr/lib/libXpresent.so.1.0.0
7f70eff65000-7f70eff66000 r--p 00002000 103:02 4775248                   /usr/lib/libXpresent.so.1.0.0
7f70eff66000-7f70eff67000 r--p 00002000 103:02 4775248                   /usr/lib/libXpresent.so.1.0.0
7f70eff67000-7f70eff68000 rw-p 00003000 103:02 4775248                   /usr/lib/libXpresent.so.1.0.0
7f70eff68000-7f70eff6e000 r--p 00000000 103:02 4773161                   /usr/lib/libcdio.so.19.1.0
7f70eff6e000-7f70eff82000 r-xp 00006000 103:02 4773161                   /usr/lib/libcdio.so.19.1.0
7f70eff82000-7f70eff8b000 r--p 0001a000 103:02 4773161                   /usr/lib/libcdio.so.19.1.0
7f70eff8b000-7f70eff8d000 r--p 00022000 103:02 4773161                   /usr/lib/libcdio.so.19.1.0
7f70eff8d000-7f70eff8e000 rw-p 00024000 103:02 4773161                   /usr/lib/libcdio.so.19.1.0
7f70eff8e000-7f70eff91000 rw-p 00000000 00:00 0 
7f70eff91000-7f70eff93000 r--p 00000000 103:02 4769654                   /usr/lib/libswresample.so.7.1.101
7f70eff93000-7f70effb6000 r-xp 00002000 103:02 4769654                   /usr/lib/libswresample.so.7.1.101
7f70effb6000-7f70effbb000 r--p 00025000 103:02 4769654                   /usr/lib/libswresample.so.7.1.101
7f70effbb000-7f70effbd000 r--p 0002a000 103:02 4769654                   /usr/lib/libswresample.so.7.1.101
7f70effbd000-7f70effbe000 rw-p 0002c000 103:02 4769654                   /usr/lib/libswresample.so.7.1.101
7f70effbe000-7f70effc2000 r--p 00000000 103:02 4816269                   /usr/lib/libass.so.9.4.2
7f70effc2000-7f70efff6000 r-xp 00004000 103:02 4816269                   /usr/lib/libass.so.9.4.2
7f70efff6000-7f70efffe000 r--p 00038000 103:02 4816269                   /usr/lib/libass.so.9.4.2
7f70efffe000-7f70effff000 r--p 0003f000 103:02 4816269                   /usr/lib/libass.so.9.4.2
7f70effff000-7f70f0000000 rw-p 00040000 103:02 4816269                   /usr/lib/libass.so.9.4.2
7f70f0000000-7f70f3381000 rw-p 00000000 00:00 0 
7f70f3381000-7f70f4000000 ---p 00000000 00:00 0 
7f70f4000000-7f70f4001000 rw-s 00000000 00:07 1112                       /dev/nvidia0
7f70f4001000-7f70f4003000 rw-s 00000000 00:07 1110                       /dev/nvidiactl
7f70f4003000-7f70f4004000 r--p 00000000 103:02 4754785                   /usr/lib/libXss.so.1.0.0
7f70f4004000-7f70f4005000 r-xp 00001000 103:02 4754785                   /usr/lib/libXss.so.1.0.0
7f70f4005000-7f70f4006000 r--p 00002000 103:02 4754785                   /usr/lib/libXss.so.1.0.0
7f70f4006000-7f70f4007000 r--p 00002000 103:02 4754785                   /usr/lib/libXss.so.1.0.0
7f70f4007000-7f70f4008000 rw-p 00003000 103:02 4754785                   /usr/lib/libXss.so.1.0.0
7f70f4008000-7f70f400a000 r--p 00000000 103:02 4773185                   /usr/lib/libcdio_cdda.so.2.0.0
7f70f400a000-7f70f400e000 r-xp 00002000 103:02 4773185                   /usr/lib/libcdio_cdda.so.2.0.0
7f70f400e000-7f70f4010000 r--p 00006000 103:02 4773185                   /usr/lib/libcdio_cdda.so.2.0.0
7f70f4010000-7f70f4011000 r--p 00007000 103:02 4773185                   /usr/lib/libcdio_cdda.so.2.0.0
7f70f4011000-7f70f4012000 rw-p 00008000 103:02 4773185                   /usr/lib/libcdio_cdda.so.2.0.0
7f70f4012000-7f70f4013000 r--p 00000000 103:02 4773188                   /usr/lib/libcdio_paranoia.so.2.0.0
7f70f4013000-7f70f4018000 r-xp 00001000 103:02 4773188                   /usr/lib/libcdio_paranoia.so.2.0.0
7f70f4018000-7f70f4019000 r--p 00006000 103:02 4773188                   /usr/lib/libcdio_paranoia.so.2.0.0
7f70f4019000-7f70f401a000 r--p 00006000 103:02 4773188                   /usr/lib/libcdio_paranoia.so.2.0.0
7f70f401a000-7f70f401b000 rw-p 00007000 103:02 4773188                   /usr/lib/libcdio_paranoia.so.2.0.0
7f70f401b000-7f70f401c000 rw-p 00000000 00:00 0 
7f70f401c000-7f70f4020000 ---p 00000000 00:00 0 
7f70f4020000-7f70f411c000 rw-p 00000000 00:00 0 
7f70f411c000-7f70f411d000 r--p 00000000 103:02 4834742                   /usr/lib/libnvidia-tls.so.610.57.04
7f70f411d000-7f70f411f000 r-xp 00001000 103:02 4834742                   /usr/lib/libnvidia-tls.so.610.57.04
7f70f411f000-7f70f4120000 r--p 00003000 103:02 4834742                   /usr/lib/libnvidia-tls.so.610.57.04
7f70f4120000-7f70f4121000 r--p 00003000 103:02 4834742                   /usr/lib/libnvidia-tls.so.610.57.04
7f70f4121000-7f70f4122000 rw-p 00004000 103:02 4834742                   /usr/lib/libnvidia-tls.so.610.57.04
7f70f4122000-7f70f4173000 r--p 00000000 103:02 4826231                   /usr/lib/libGLX_nvidia.so.610.57.04
7f70f4173000-7f70f41d0000 r-xp 00051000 103:02 4826231                   /usr/lib/libGLX_nvidia.so.610.57.04
7f70f41d0000-7f70f4205000 rwxp 000ae000 103:02 4826231                   /usr/lib/libGLX_nvidia.so.610.57.04
7f70f4205000-7f70f4206000 r-xp 000e3000 103:02 4826231                   /usr/lib/libGLX_nvidia.so.610.57.04
7f70f4206000-7f70f4226000 r--p 000e4000 103:02 4826231                   /usr/lib/libGLX_nvidia.so.610.57.04
7f70f4226000-7f70f4246000 r--p 00103000 103:02 4826231                   /usr/lib/libGLX_nvidia.so.610.57.04
7f70f4246000-7f70f424b000 rw-p 00123000 103:02 4826231                   /usr/lib/libGLX_nvidia.so.610.57.04
7f70f424b000-7f70f424d000 rw-p 00000000 00:00 0 
7f70f424d000-7f70f424f000 r--p 00000000 103:02 4750371                   /usr/lib/libGLX.so.0.0.0
7f70f424f000-7f70f4269000 r-xp 00002000 103:02 4750371                   /usr/lib/libGLX.so.0.0.0
7f70f4269000-7f70f426c000 r--p 0001c000 103:02 4750371                   /usr/lib/libGLX.so.0.0.0
7f70f426c000-7f70f426d000 r--p 0001f000 103:02 4750371                   /usr/lib/libGLX.so.0.0.0
7f70f426d000-7f70f426e000 rw-p 00020000 103:02 4750371                   /usr/lib/libGLX.so.0.0.0
7f70f426e000-7f70f427e000 rw-p 00000000 00:00 0 
7f70f427e000-7f70f42ad000 r--p 00000000 103:02 4750360                   /usr/lib/libGL.so.1.7.0
7f70f42ad000-7f70f42cc000 r-xp 0002f000 103:02 4750360                   /usr/lib/libGL.so.1.7.0
7f70f42cc000-7f70f42e0000 r--p 0004e000 103:02 4750360                   /usr/lib/libGL.so.1.7.0
7f70f42e0000-7f70f42ee000 r--p 00062000 103:02 4750360                   /usr/lib/libGL.so.1.7.0
7f70f42ee000-7f70f42ef000 rw-p 00070000 103:02 4750360                   /usr/lib/libGL.so.1.7.0
7f70f42ef000-7f70f42f0000 rw-p 00000000 00:00 0 
7f70f42f0000-7f70f42f1000 rw-p 00000000 00:00 0 
7f70f42f1000-7f70f42f5000 ---p 00000000 00:00 0 
7f70f42f5000-7f70f43f2000 rw-p 00000000 00:00 0 
7f70f43f2000-7f70f43f6000 ---p 00000000 00:00 0 
7f70f43f6000-7f70f44f2000 rw-p 00000000 00:00 0 
7f70f44f2000-7f70f4525000 r--p 00000000 00:2f 28159                      /tmp/lwjgl_annihilator/3.3.6+1/x64/liblwjgl_opengl.so
7f70f4525000-7f70f4539000 r-xp 00033000 00:2f 28159                      /tmp/lwjgl_annihilator/3.3.6+1/x64/liblwjgl_opengl.so
7f70f4539000-7f70f4549000 r--p 00047000 00:2f 28159                      /tmp/lwjgl_annihilator/3.3.6+1/x64/liblwjgl_opengl.so
7f70f4549000-7f70f454a000 r--p 00056000 00:2f 28159                      /tmp/lwjgl_annihilator/3.3.6+1/x64/liblwjgl_opengl.so
7f70f454a000-7f70f454b000 rw-p 00057000 00:2f 28159                      /tmp/lwjgl_annihilator/3.3.6+1/x64/liblwjgl_opengl.so
7f70f454b000-7f70f464b000 rw-s 00000000 00:07 1110                       /dev/nvidiactl
7f70f464b000-7f70f465e000 rw-s 00000000 00:07 1110                       /dev/nvidiactl
7f70f465e000-7f70f469e000 rw-s 00000000 00:07 1110                       /dev/nvidiactl
7f70f469e000-7f70f4739000 r--p 00000000 103:02 5641617                   /usr/share/fonts/noto/NotoSans-Bold.ttf
7f70f4739000-7f70f47d4000 r--p 00000000 103:02 5641617                   /usr/share/fonts/noto/NotoSans-Bold.ttf
7f70f47d4000-7f70f47ea000 r--s 00000000 103:02 3835467                   /var/cache/fontconfig/17ce8022be83857151cced15433ac5ab-le64.cache-12
7f70f47ea000-7f70f47eb000 r--s 00000000 103:02 3803672                   /var/cache/fontconfig/1b6853af091219762dc5c68646ca68b7-le64.cache-12
7f70f47eb000-7f70f47ee000 r--s 00000000 103:02 3802392                   /var/cache/fontconfig/73edfbc81426f3b2593aba7ca9378882-le64.cache-12
7f70f47ee000-7f70f47f7000 r--s 00000000 103:02 3835464                   /var/cache/fontconfig/2fbfc6d3726617df5d72e45ca91ca896-le64.cache-12
7f70f47f7000-7f70f47f8000 r--s 00000000 103:02 3835441                   /var/cache/fontconfig/787b69f04c7448ed6c581b040220c91f-le64.cache-12
7f70f47f8000-7f70f47fb000 r--s 00000000 103:02 3835420                   /var/cache/fontconfig/e552019f4ed2e530c25d313cf4ffa813-le64.cache-12
7f70f47fb000-7f70f4807000 r--s 00000000 103:02 3835403                   /var/cache/fontconfig/7d660be5d4eca970fa91d6ca176f5ce2-le64.cache-12
7f70f4807000-7f70f4808000 r--s 00000000 103:02 3835395                   /var/cache/fontconfig/a8773ec71f9da9b44a891b13321e5faa-le64.cache-12
7f70f4808000-7f70f4819000 r--s 00000000 103:02 3835390                   /var/cache/fontconfig/035f0ebf2f86af269427f030f354ef4b-le64.cache-12
7f70f4819000-7f70f4829000 r--s 00000000 103:02 3835379                   /var/cache/fontconfig/f2e61d441ca43dbfffafb9d0f2c6d8fc-le64.cache-12
7f70f4829000-7f70f4853000 r--s 00000000 103:02 3835365                   /var/cache/fontconfig/f2e43df3287529323e79e7929dc44cc9-le64.cache-12
7f70f4853000-7f70f496d000 r--s 00000000 103:02 3835361                   /var/cache/fontconfig/923e285e415b1073c8df160bee08820f-le64.cache-12
7f70f496d000-7f70f496e000 r--s 00000000 103:02 3823352                   /var/cache/fontconfig/8d4af663993b81a124ee82e610bb31f9-le64.cache-12
7f70f496e000-7f70f4974000 r--s 00000000 103:02 3817989                   /var/cache/fontconfig/b67b32625a2bb51b023d3814a918f351-le64.cache-12
7f70f4974000-7f70f4984000 r--s 00000000 103:02 3804352                   /var/cache/fontconfig/491f45a0a771fef1c10b9b647a97fb82-le64.cache-12
7f70f4984000-7f70f4998000 r--s 00000000 103:02 3804343                   /var/cache/fontconfig/614d1caaa4d7914789410f6367de37ca-le64.cache-12
7f70f4998000-7f70f49a7000 r--s 00000000 103:02 3804155                   /var/cache/fontconfig/1dce2cb908b447e938fc03acd9b47fcf-le64.cache-12
7f70f49a7000-7f70f49ad000 r--s 00000000 103:02 3803766                   /var/cache/fontconfig/d62e99ef547d1d24cdb1bd22ec1a2976-le64.cache-12
7f70f49ad000-7f70f4a9e000 r--s 00000000 103:02 3835673                   /var/cache/fontconfig/f6b893a7224233d96cb72fd88691c0b4-le64.cache-12
7f70f4a9e000-7f70f4ac2000 r--s 00000000 103:02 3801846                   /var/cache/fontconfig/f349e9996a5320f6dd491cedd2b1f964-le64.cache-12
7f70f4ac2000-7f70f4ace000 r--s 00000000 103:02 3801653                   /var/cache/fontconfig/4b31aef11cb0687b6d280d34cbe23592-le64.cache-12
7f70f4ace000-7f70f4ae8000 r--s 00000000 103:02 4334283                   /home/annihilator/.cache/fontconfig/bc42231c8840afdbc8a160eb8f6a66fd-le64.cache-12
7f70f4ae8000-7f70f4c00000 r--s 00000000 103:02 4334062                   /home/annihilator/.cache/fontconfig/360f0685862970c3eedca8185ab72cfb-le64.cache-12
7f70f4c00000-7f70f4c01000 rw-s 00000000 00:07 1110                       /dev/nvidiactl
7f70f4c01000-7f70f4c02000 rw-s 00000000 00:07 1110                       /dev/nvidiactl
7f70f4c02000-7f70f4c03000 r--s 00000000 00:07 1110                       /dev/nvidiactl
7f70f4c03000-7f70f4c04000 rw-s 00000000 00:07 1110                       /dev/nvidiactl
7f70f4c04000-7f70f4c08000 rw-s 00000000 00:07 1110                       /dev/nvidiactl
7f70f4c08000-7f70f4c09000 rw-s 00000000 00:07 1112                       /dev/nvidia0
7f70f4c09000-7f70f4c0b000 rw-s 00000000 00:07 1110                       /dev/nvidiactl
7f70f4c0b000-7f70f4c2b000 rw-s 00000000 00:07 1110                       /dev/nvidiactl
7f70f4c2b000-7f70f4c6b000 rw-s 00000000 00:07 1110                       /dev/nvidiactl
7f70f4c6b000-7f70f4c8b000 rw-s 00000000 00:07 1110                       /dev/nvidiactl
7f70f4c8b000-7f70f4ccb000 rw-s 00000000 00:07 1110                       /dev/nvidiactl
7f70f4ceb000-7f70f4cec000 rw-p 00000000 00:00 0 
7f70f4cec000-7f70f4cf0000 ---p 00000000 00:00 0 
7f70f4cf0000-7f70f4ded000 rw-p 00000000 00:00 0 
7f70f4ded000-7f70f4df1000 ---p 00000000 00:00 0 
7f70f4df1000-7f70f4eed000 rw-p 00000000 00:00 0 
7f70f4eed000-7f70f4eef000 r--p 00000000 103:02 4815623                   /usr/lib/libXfixes.so.3.1.0
7f70f4eef000-7f70f4ef2000 r-xp 00002000 103:02 4815623                   /usr/lib/libXfixes.so.3.1.0
7f70f4ef2000-7f70f4ef3000 r--p 00005000 103:02 4815623                   /usr/lib/libXfixes.so.3.1.0
7f70f4ef3000-7f70f4ef4000 r--p 00005000 103:02 4815623                   /usr/lib/libXfixes.so.3.1.0
7f70f4ef4000-7f70f4ef5000 rw-p 00006000 103:02 4815623                   /usr/lib/libXfixes.so.3.1.0
7f70f4ef5000-7f70f4ef8000 r--p 00000000 103:02 4763482                   /usr/lib/libXcursor.so.1.0.2
7f70f4ef8000-7f70f4efe000 r-xp 00003000 103:02 4763482                   /usr/lib/libXcursor.so.1.0.2
7f70f4efe000-7f70f4f00000 r--p 00009000 103:02 4763482                   /usr/lib/libXcursor.so.1.0.2
7f70f4f00000-7f70f4f01000 r--p 0000a000 103:02 4763482                   /usr/lib/libXcursor.so.1.0.2
7f70f4f01000-7f70f4f02000 rw-p 0000b000 103:02 4763482                   /usr/lib/libXcursor.so.1.0.2
7f70f4f02000-7f70f4f06000 r--p 00000000 103:02 7880776                   /usr/lib/jvm/java-26-openjdk/lib/libfontmanager.so
7f70f4f06000-7f70f4f0f000 r-xp 00004000 103:02 7880776                   /usr/lib/jvm/java-26-openjdk/lib/libfontmanager.so
7f70f4f0f000-7f70f4f11000 r--p 0000d000 103:02 7880776                   /usr/lib/jvm/java-26-openjdk/lib/libfontmanager.so
7f70f4f11000-7f70f4f12000 r--p 0000e000 103:02 7880776                   /usr/lib/jvm/java-26-openjdk/lib/libfontmanager.so
7f70f4f12000-7f70f4f13000 rw-p 0000f000 103:02 7880776                   /usr/lib/jvm/java-26-openjdk/lib/libfontmanager.so
7f70f4f13000-7f70f4f15000 r--p 00000000 103:02 4761076                   /usr/lib/libXtst.so.6.1.0
7f70f4f15000-7f70f4f18000 r-xp 00002000 103:02 4761076                   /usr/lib/libXtst.so.6.1.0
7f70f4f18000-7f70f4f19000 r--p 00005000 103:02 4761076                   /usr/lib/libXtst.so.6.1.0
7f70f4f19000-7f70f4f1a000 r--p 00005000 103:02 4761076                   /usr/lib/libXtst.so.6.1.0
7f70f4f1a000-7f70f4f1b000 rw-p 00006000 103:02 4761076                   /usr/lib/libXtst.so.6.1.0
7f70f4f1b000-7f70f4f29000 r--p 00000000 103:02 7880773                   /usr/lib/jvm/java-26-openjdk/lib/libawt_xawt.so
7f70f4f29000-7f70f4f6d000 r-xp 0000e000 103:02 7880773                   /usr/lib/jvm/java-26-openjdk/lib/libawt_xawt.so
7f70f4f6d000-7f70f4f81000 r--p 00052000 103:02 7880773                   /usr/lib/jvm/java-26-openjdk/lib/libawt_xawt.so
7f70f4f81000-7f70f4f83000 r--p 00066000 103:02 7880773                   /usr/lib/jvm/java-26-openjdk/lib/libawt_xawt.so
7f70f4f83000-7f70f4f84000 rw-p 00068000 103:02 7880773                   /usr/lib/jvm/java-26-openjdk/lib/libawt_xawt.so
7f70f4f84000-7f70f4f85000 rw-p 00000000 00:00 0 
7f70f4f85000-7f70f4f89000 r--p 00000000 103:02 7880771                   /usr/lib/jvm/java-26-openjdk/lib/libawt.so
7f70f4f89000-7f70f502d000 r-xp 00004000 103:02 7880771                   /usr/lib/jvm/java-26-openjdk/lib/libawt.so
7f70f502d000-7f70f503a000 r--p 000a8000 103:02 7880771                   /usr/lib/jvm/java-26-openjdk/lib/libawt.so
7f70f503a000-7f70f503b000 r--p 000b4000 103:02 7880771                   /usr/lib/jvm/java-26-openjdk/lib/libawt.so
7f70f503b000-7f70f5046000 rw-p 000b5000 103:02 7880771                   /usr/lib/jvm/java-26-openjdk/lib/libawt.so
7f70f5046000-7f70f506b000 rw-p 00000000 00:00 0 
7f70f506b000-7f70f506c000 r--s 00000000 103:02 4334244                   /home/annihilator/.cache/fontconfig/8f6bef61d9f77da15272a6237cc42cae-le64.cache-12
7f70f506c000-7f70f506e000 r--s 00000000 103:02 3801209                   /var/cache/fontconfig/3830d5c3ddfd5cd38a049b759396e72e-le64.cache-12
7f70f506e000-7f70f506f000 rw-s 00000000 00:07 1110                       /dev/nvidiactl
7f70f506f000-7f70f5070000 r--p 00000000 103:02 4763546                   /usr/lib/libXinerama.so.1.0.0
7f70f5070000-7f70f5071000 r-xp 00001000 103:02 4763546                   /usr/lib/libXinerama.so.1.0.0
7f70f5071000-7f70f5072000 r--p 00002000 103:02 4763546                   /usr/lib/libXinerama.so.1.0.0
7f70f5072000-7f70f5073000 r--p 00002000 103:02 4763546                   /usr/lib/libXinerama.so.1.0.0
7f70f5073000-7f70f5074000 rw-p 00003000 103:02 4763546                   /usr/lib/libXinerama.so.1.0.0
7f70f5074000-7f70f5077000 r--p 00000000 103:02 4760999                   /usr/lib/libXi.so.6.1.0
7f70f5077000-7f70f5084000 r-xp 00003000 103:02 4760999                   /usr/lib/libXi.so.6.1.0
7f70f5084000-7f70f5087000 r--p 00010000 103:02 4760999                   /usr/lib/libXi.so.6.1.0
7f70f5087000-7f70f5088000 r--p 00012000 103:02 4760999                   /usr/lib/libXi.so.6.1.0
7f70f5088000-7f70f5089000 rw-p 00013000 103:02 4760999                   /usr/lib/libXi.so.6.1.0
7f70f508c000-7f70f510c000 rw-s 00000000 00:07 1110                       /dev/nvidiactl
7f70f510c000-7f70f520c000 rw-s 00000000 00:07 1110                       /dev/nvidiactl
7f70f520c000-7f70f528c000 rw-s 00000000 00:07 1110                       /dev/nvidiactl
7f70f528c000-7f70f529f000 rw-s 00000000 00:07 1110                       /dev/nvidiactl
7f70f529f000-7f70f52df000 rw-s 00000000 00:07 1110                       /dev/nvidiactl
7f70f52df000-7f70f52ff000 rw-s 00000000 00:07 1110                       /dev/nvidiactl
7f70f52ff000-7f70f533f000 rw-s 00000000 00:07 1110                       /dev/nvidiactl
7f70f533f000-7f70f53bf000 rw-s 00000000 00:07 1112                       /dev/nvidia0
7f70f53bf000-7f70f53ff000 rw-s 00000000 00:07 1110                       /dev/nvidiactl
7f70f53ff000-7f70f5c00000 rw-p 00000000 00:00 0 
7f70f5c00000-7f70f5c48000 r--p 00000000 103:02 4745608                   /usr/lib/libicuuc.so.78.3
7f70f5c48000-7f70f5d65000 r-xp 00048000 103:02 4745608                   /usr/lib/libicuuc.so.78.3
7f70f5d65000-7f70f5df8000 r--p 00165000 103:02 4745608                   /usr/lib/libicuuc.so.78.3
7f70f5df8000-7f70f5e0b000 r--p 001f8000 103:02 4745608                   /usr/lib/libicuuc.so.78.3
7f70f5e0b000-7f70f5e0c000 rw-p 0020b000 103:02 4745608                   /usr/lib/libicuuc.so.78.3
7f70f5e0c000-7f70f5e0f000 rw-p 00000000 00:00 0 
7f70f5e0f000-7f70f5e12000 rw-s 00000000 00:07 1110                       /dev/nvidiactl
7f70f5e12000-7f70f5e14000 rw-s 00000000 00:01 711886                     /memfd:/.glXXXXXX (deleted)
7f70f5e14000-7f70f5e18000 rw-s 00000000 00:07 1110                       /dev/nvidiactl
7f70f5e18000-7f70f5e38000 rw-s 00000000 00:07 1110                       /dev/nvidiactl
7f70f5e58000-7f70f5e68000 rw-s 00000000 00:07 1112                       /dev/nvidia0
7f70f5e68000-7f70f5e6b000 r--p 00000000 103:02 4831197                   /usr/lib/libnvidia-allocator.so.610.57.04
7f70f5e6b000-7f70f5e7f000 r-xp 00003000 103:02 4831197                   /usr/lib/libnvidia-allocator.so.610.57.04
7f70f5e7f000-7f70f5e89000 r--p 00017000 103:02 4831197                   /usr/lib/libnvidia-allocator.so.610.57.04
7f70f5e89000-7f70f5e8a000 r--p 00020000 103:02 4831197                   /usr/lib/libnvidia-allocator.so.610.57.04
7f70f5e8a000-7f70f5e8b000 rw-p 00021000 103:02 4831197                   /usr/lib/libnvidia-allocator.so.610.57.04
7f70f5e8b000-7f70f5e8d000 rw-p 00000000 00:00 0 
7f70f5e8d000-7f70f5e9a000 r--p 00000000 103:02 4722861                   /usr/lib/libncursesw.so.6.6
7f70f5e9a000-7f70f5ee2000 r-xp 0000d000 103:02 4722861                   /usr/lib/libncursesw.so.6.6
7f70f5ee2000-7f70f5ef8000 r--p 00055000 103:02 4722861                   /usr/lib/libncursesw.so.6.6
7f70f5ef8000-7f70f5efd000 r--p 0006a000 103:02 4722861                   /usr/lib/libncursesw.so.6.6
7f70f5efd000-7f70f5efe000 rw-p 0006f000 103:02 4722861                   /usr/lib/libncursesw.so.6.6
7f70f5efe000-7f70f5f00000 r--p 00000000 103:02 4761468                   /usr/lib/libpciaccess.so.0.11.1
7f70f5f00000-7f70f5f05000 r-xp 00002000 103:02 4761468                   /usr/lib/libpciaccess.so.0.11.1
7f70f5f05000-7f70f5f07000 r--p 00007000 103:02 4761468                   /usr/lib/libpciaccess.so.0.11.1
7f70f5f07000-7f70f5f08000 r--p 00008000 103:02 4761468                   /usr/lib/libpciaccess.so.0.11.1
7f70f5f08000-7f70f5f09000 rw-p 00009000 103:02 4761468                   /usr/lib/libpciaccess.so.0.11.1
7f70f5f09000-7f70f5f23000 r--p 00000000 103:02 4744067                   /usr/lib/libxml2.so.16.1.3
7f70f5f23000-7f70f5ff7000 r-xp 0001a000 103:02 4744067                   /usr/lib/libxml2.so.16.1.3
7f70f5ff7000-7f70f6034000 r--p 000ee000 103:02 4744067                   /usr/lib/libxml2.so.16.1.3
7f70f6034000-7f70f603d000 r--p 0012b000 103:02 4744067                   /usr/lib/libxml2.so.16.1.3
7f70f603d000-7f70f603e000 rw-p 00134000 103:02 4744067                   /usr/lib/libxml2.so.16.1.3
7f70f603e000-7f70f603f000 rw-p 00000000 00:00 0 
7f70f603f000-7f70f6045000 r--p 00000000 103:02 4754841                   /usr/lib/libedit.so.0.0.78
7f70f6045000-7f70f6067000 r-xp 00006000 103:02 4754841                   /usr/lib/libedit.so.0.0.78
7f70f6067000-7f70f6074000 r--p 00028000 103:02 4754841                   /usr/lib/libedit.so.0.0.78
7f70f6074000-7f70f6077000 r--p 00034000 103:02 4754841                   /usr/lib/libedit.so.0.0.78
7f70f6077000-7f70f6078000 rw-p 00037000 103:02 4754841                   /usr/lib/libedit.so.0.0.78
7f70f6078000-7f70f607b000 rw-p 00000000 00:00 0 
7f70f607b000-7f70f607e000 r--p 00000000 103:02 4780642                   /usr/lib/libdrm_intel.so.1.134.0
7f70f607e000-7f70f6095000 r-xp 00003000 103:02 4780642                   /usr/lib/libdrm_intel.so.1.134.0
7f70f6095000-7f70f609f000 r--p 0001a000 103:02 4780642                   /usr/lib/libdrm_intel.so.1.134.0
7f70f609f000-7f70f60a0000 r--p 00023000 103:02 4780642                   /usr/lib/libdrm_intel.so.1.134.0
7f70f60a0000-7f70f60a1000 rw-p 00024000 103:02 4780642                   /usr/lib/libdrm_intel.so.1.134.0
7f70f60a1000-7f70f60a4000 r--p 00000000 103:02 4780638                   /usr/lib/libdrm_amdgpu.so.1.134.0
7f70f60a4000-7f70f60aa000 r-xp 00003000 103:02 4780638                   /usr/lib/libdrm_amdgpu.so.1.134.0
7f70f60aa000-7f70f60ac000 r--p 00009000 103:02 4780638                   /usr/lib/libdrm_amdgpu.so.1.134.0
7f70f60ac000-7f70f60ad000 r--p 0000a000 103:02 4780638                   /usr/lib/libdrm_amdgpu.so.1.134.0
7f70f60ad000-7f70f60ae000 rw-p 0000b000 103:02 4780638                   /usr/lib/libdrm_amdgpu.so.1.134.0
7f70f60ae000-7f70f60b1000 r--p 00000000 103:02 4735313                   /usr/lib/libelf-0.196.so
7f70f60b1000-7f70f60c5000 r-xp 00003000 103:02 4735313                   /usr/lib/libelf-0.196.so
7f70f60c5000-7f70f60ca000 r--p 00017000 103:02 4735313                   /usr/lib/libelf-0.196.so
7f70f60ca000-7f70f60cb000 r--p 0001b000 103:02 4735313                   /usr/lib/libelf-0.196.so
7f70f60cb000-7f70f60cc000 rw-p 0001c000 103:02 4735313                   /usr/lib/libelf-0.196.so
7f70f60cc000-7f70f60cf000 r--p 00000000 103:02 4751865                   /usr/lib/libxcb-sync.so.1.0.0
7f70f60cf000-7f70f60d2000 r-xp 00003000 103:02 4751865                   /usr/lib/libxcb-sync.so.1.0.0
7f70f60d2000-7f70f60d3000 r--p 00006000 103:02 4751865                   /usr/lib/libxcb-sync.so.1.0.0
7f70f60d3000-7f70f60d4000 r--p 00007000 103:02 4751865                   /usr/lib/libxcb-sync.so.1.0.0
7f70f60d4000-7f70f60d5000 rw-p 00008000 103:02 4751865                   /usr/lib/libxcb-sync.so.1.0.0
7f70f60d5000-7f70f60d7000 r--p 00000000 103:02 4763334                   /usr/lib/libsensors.so.5.0.0
7f70f60d7000-7f70f60df000 r-xp 00002000 103:02 4763334                   /usr/lib/libsensors.so.5.0.0
7f70f60df000-7f70f60e3000 r--p 0000a000 103:02 4763334                   /usr/lib/libsensors.so.5.0.0
7f70f60e3000-7f70f60e4000 r--p 0000e000 103:02 4763334                   /usr/lib/libsensors.so.5.0.0
7f70f60e4000-7f70f60e5000 rw-p 0000f000 103:02 4763334                   /usr/lib/libsensors.so.5.0.0
7f70f60e5000-7f70f60fe000 r--p 00000000 103:02 4817130                   /usr/lib/libSPIRV-Tools.so
7f70f60fe000-7f70f6237000 r-xp 00019000 103:02 4817130                   /usr/lib/libSPIRV-Tools.so
7f70f6237000-7f70f62bd000 r--p 00152000 103:02 4817130                   /usr/lib/libSPIRV-Tools.so
7f70f62bd000-7f70f62c0000 r--p 001d8000 103:02 4817130                   /usr/lib/libSPIRV-Tools.so
7f70f62c0000-7f70f62c1000 rw-p 001db000 103:02 4817130                   /usr/lib/libSPIRV-Tools.so
7f70f62c1000-7f70f62cd000 r--p 00000000 103:02 4740223                   /usr/lib/libzstd.so.1.5.7
7f70f62cd000-7f70f6394000 r-xp 0000c000 103:02 4740223                   /usr/lib/libzstd.so.1.5.7
7f70f6394000-7f70f63a5000 r--p 000d3000 103:02 4740223                   /usr/lib/libzstd.so.1.5.7
7f70f63a5000-7f70f63a6000 r--p 000e4000 103:02 4740223                   /usr/lib/libzstd.so.1.5.7
7f70f63a6000-7f70f63a7000 rw-p 000e5000 103:02 4740223                   /usr/lib/libzstd.so.1.5.7
7f70f63a7000-7f70f63aa000 r--p 00000000 103:02 4751872                   /usr/lib/libxcb-xfixes.so.0.0.0
7f70f63aa000-7f70f63ad000 r-xp 00003000 103:02 4751872                   /usr/lib/libxcb-xfixes.so.0.0.0
7f70f63ad000-7f70f63ae000 r--p 00006000 103:02 4751872                   /usr/lib/libxcb-xfixes.so.0.0.0
7f70f63ae000-7f70f63af000 r--p 00007000 103:02 4751872                   /usr/lib/libxcb-xfixes.so.0.0.0
7f70f63af000-7f70f63b0000 rw-p 00008000 103:02 4751872                   /usr/lib/libxcb-xfixes.so.0.0.0
7f70f63b0000-7f70f63b7000 r--p 00000000 103:02 4751834                   /usr/lib/libxcb-randr.so.0.1.0
7f70f63b7000-7f70f63bd000 r-xp 00007000 103:02 4751834                   /usr/lib/libxcb-randr.so.0.1.0
7f70f63bd000-7f70f63c0000 r--p 0000d000 103:02 4751834                   /usr/lib/libxcb-randr.so.0.1.0
7f70f63c0000-7f70f63c1000 r--p 00010000 103:02 4751834                   /usr/lib/libxcb-randr.so.0.1.0
7f70f63c1000-7f70f63c2000 rw-p 00011000 103:02 4751834                   /usr/lib/libxcb-randr.so.0.1.0
7f70f63c2000-7f70f63c8000 r--p 00000000 103:02 4817102                   /usr/lib/libEGL_mesa.so.0.0.0
7f70f63c8000-7f70f6403000 r-xp 00006000 103:02 4817102                   /usr/lib/libEGL_mesa.so.0.0.0
7f70f6403000-7f70f6416000 r--p 00041000 103:02 4817102                   /usr/lib/libEGL_mesa.so.0.0.0
7f70f6416000-7f70f6423000 r--p 00053000 103:02 4817102                   /usr/lib/libEGL_mesa.so.0.0.0
7f70f6423000-7f70f6424000 rw-p 00060000 103:02 4817102                   /usr/lib/libEGL_mesa.so.0.0.0
7f70f6424000-7f70f6425000 rw-p 00000000 00:00 0 
7f70f6439000-7f70f6449000 r--p 00000000 103:02 4831581                   /usr/lib/libnvidia-glsi.so.610.57.04
7f70f6449000-7f70f64a9000 r-xp 00010000 103:02 4831581                   /usr/lib/libnvidia-glsi.so.610.57.04
7f70f64a9000-7f70f64c6000 r--p 00070000 103:02 4831581                   /usr/lib/libnvidia-glsi.so.610.57.04
7f70f64c6000-7f70f64cc000 r--p 0008c000 103:02 4831581                   /usr/lib/libnvidia-glsi.so.610.57.04
7f70f64cc000-7f70f64cd000 rw-p 00092000 103:02 4831581                   /usr/lib/libnvidia-glsi.so.610.57.04
7f70f64cd000-7f70f64d5000 rw-p 00000000 00:00 0 
7f70f64d5000-7f70f6506000 r--p 00000000 103:02 4820322                   /usr/lib/libEGL_nvidia.so.610.57.04
7f70f6506000-7f70f658e000 r-xp 00031000 103:02 4820322                   /usr/lib/libEGL_nvidia.so.610.57.04
7f70f658e000-7f70f65dd000 r--p 000b9000 103:02 4820322                   /usr/lib/libEGL_nvidia.so.610.57.04
7f70f65dd000-7f70f65de000 ---p 00108000 103:02 4820322                   /usr/lib/libEGL_nvidia.so.610.57.04
7f70f65de000-7f70f65e5000 r--p 00108000 103:02 4820322                   /usr/lib/libEGL_nvidia.so.610.57.04
7f70f65e5000-7f70f65fa000 rw-p 0010f000 103:02 4820322                   /usr/lib/libEGL_nvidia.so.610.57.04
7f70f65fa000-7f70f6600000 rw-p 00000000 00:00 0 
7f70f6600000-7f70f683e000 rw-s 00000000 00:01 712751                     /memfd:wayland-cursor (deleted)
7f70f683e000-7f70f683f000 r--p 00000000 103:02 4843174                   /usr/lib/libxshmfence.so.1.0.0
7f70f683f000-7f70f6840000 r-xp 00001000 103:02 4843174                   /usr/lib/libxshmfence.so.1.0.0
7f70f6840000-7f70f6841000 r--p 00002000 103:02 4843174                   /usr/lib/libxshmfence.so.1.0.0
7f70f6841000-7f70f6842000 r--p 00002000 103:02 4843174                   /usr/lib/libxshmfence.so.1.0.0
7f70f6842000-7f70f6843000 rw-p 00003000 103:02 4843174                   /usr/lib/libxshmfence.so.1.0.0
7f70f6843000-7f70f6844000 r--p 00000000 103:02 4740497                   /usr/lib/libX11-xcb.so.1.0.0
7f70f6844000-7f70f6845000 r-xp 00001000 103:02 4740497                   /usr/lib/libX11-xcb.so.1.0.0
7f70f6845000-7f70f6846000 r--p 00002000 103:02 4740497                   /usr/lib/libX11-xcb.so.1.0.0
7f70f6846000-7f70f6847000 r--p 00002000 103:02 4740497                   /usr/lib/libX11-xcb.so.1.0.0
7f70f6847000-7f70f6848000 rw-p 00003000 103:02 4740497                   /usr/lib/libX11-xcb.so.1.0.0
7f70f6848000-7f70f684a000 r--p 00000000 103:02 4751813                   /usr/lib/libxcb-dri3.so.0.1.0
7f70f684a000-7f70f684c000 r-xp 00002000 103:02 4751813                   /usr/lib/libxcb-dri3.so.0.1.0
7f70f684c000-7f70f684d000 r--p 00004000 103:02 4751813                   /usr/lib/libxcb-dri3.so.0.1.0
7f70f684d000-7f70f684e000 r--p 00004000 103:02 4751813                   /usr/lib/libxcb-dri3.so.0.1.0
7f70f684e000-7f70f684f000 rw-p 00005000 103:02 4751813                   /usr/lib/libxcb-dri3.so.0.1.0
7f70f6894000-7f70f6896000 r--p 00000000 103:02 4835234                   /usr/lib/libgbm.so.1.0.0
7f70f6896000-7f70f6897000 r-xp 00002000 103:02 4835234                   /usr/lib/libgbm.so.1.0.0
7f70f6897000-7f70f6898000 r--p 00003000 103:02 4835234                   /usr/lib/libgbm.so.1.0.0
7f70f6898000-7f70f6899000 r--p 00003000 103:02 4835234                   /usr/lib/libgbm.so.1.0.0
7f70f6899000-7f70f689a000 rw-p 00004000 103:02 4835234                   /usr/lib/libgbm.so.1.0.0
7f70f689a000-7f70f689f000 r--p 00000000 103:02 4771568                   /usr/lib/libdrm.so.2.134.0
7f70f689f000-7f70f68ab000 r-xp 00005000 103:02 4771568                   /usr/lib/libdrm.so.2.134.0
7f70f68ab000-7f70f68af000 r--p 00011000 103:02 4771568                   /usr/lib/libdrm.so.2.134.0
7f70f68af000-7f70f68b0000 r--p 00015000 103:02 4771568                   /usr/lib/libdrm.so.2.134.0
7f70f68b0000-7f70f68b1000 rw-p 00016000 103:02 4771568                   /usr/lib/libdrm.so.2.134.0
7f70f68c6000-7f70f68cd000 r--s 00000000 103:02 4837165                   /usr/lib/gconv/gconv-modules.cache
7f70f68cd000-7f70f68cf000 r--p 00000000 103:02 4811999                   /usr/lib/libGLdispatch.so.0.0.0
7f70f68cf000-7f70f690e000 r-xp 00002000 103:02 4811999                   /usr/lib/libGLdispatch.so.0.0.0
7f70f690e000-7f70f6921000 r--p 00041000 103:02 4811999                   /usr/lib/libGLdispatch.so.0.0.0
7f70f6921000-7f70f693d000 r--p 00054000 103:02 4811999                   /usr/lib/libGLdispatch.so.0.0.0
7f70f693d000-7f70f693e000 rw-p 00070000 103:02 4811999                   /usr/lib/libGLdispatch.so.0.0.0
7f70f693e000-7f70f6946000 rw-p 00000000 00:00 0 
7f70f6946000-7f70f6948000 r--p 00000000 103:02 4750356                   /usr/lib/libEGL.so.1.1.0
7f70f6948000-7f70f6952000 r-xp 00002000 103:02 4750356                   /usr/lib/libEGL.so.1.1.0
7f70f6952000-7f70f6956000 r--p 0000c000 103:02 4750356                   /usr/lib/libEGL.so.1.1.0
7f70f6956000-7f70f6957000 r--p 0000f000 103:02 4750356                   /usr/lib/libEGL.so.1.1.0
7f70f6957000-7f70f6958000 rw-p 00010000 103:02 4750356                   /usr/lib/libEGL.so.1.1.0
7f70f6958000-7f70f69e8000 rw-s 00000000 00:01 712750                     /memfd:wayland-cursor (deleted)
7f70f69e8000-7f70f69e9000 r--p 00000000 103:02 4812149                   /usr/lib/libbrotlicommon.so.1.2.0
7f70f69e9000-7f70f69ea000 r-xp 00001000 103:02 4812149                   /usr/lib/libbrotlicommon.so.1.2.0
7f70f69ea000-7f70f6a09000 r--p 00002000 103:02 4812149                   /usr/lib/libbrotlicommon.so.1.2.0
7f70f6a09000-7f70f6a0a000 r--p 00021000 103:02 4812149                   /usr/lib/libbrotlicommon.so.1.2.0
7f70f6a0a000-7f70f6a0b000 rw-p 00022000 103:02 4812149                   /usr/lib/libbrotlicommon.so.1.2.0
7f70f6a0b000-7f70f6a10000 r--p 00000000 103:02 4722170                   /usr/lib/libblkid.so.1.1.0
7f70f6a10000-7f70f6a39000 r-xp 00005000 103:02 4722170                   /usr/lib/libblkid.so.1.1.0
7f70f6a39000-7f70f6a44000 r--p 0002e000 103:02 4722170                   /usr/lib/libblkid.so.1.1.0
7f70f6a44000-7f70f6a4a000 r--p 00038000 103:02 4722170                   /usr/lib/libblkid.so.1.1.0
7f70f6a4a000-7f70f6a4b000 rw-p 0003e000 103:02 4722170                   /usr/lib/libblkid.so.1.1.0
7f70f6a4b000-7f70f6a4d000 r--p 00000000 103:02 4815257                   /usr/lib/libXdmcp.so.6.0.0
7f70f6a4d000-7f70f6a4f000 r-xp 00002000 103:02 4815257                   /usr/lib/libXdmcp.so.6.0.0
7f70f6a4f000-7f70f6a51000 r--p 00004000 103:02 4815257                   /usr/lib/libXdmcp.so.6.0.0
7f70f6a51000-7f70f6a52000 r--p 00005000 103:02 4815257                   /usr/lib/libXdmcp.so.6.0.0
7f70f6a52000-7f70f6a53000 rw-p 00006000 103:02 4815257                   /usr/lib/libXdmcp.so.6.0.0
7f70f6a53000-7f70f6a54000 r--p 00000000 103:02 4812485                   /usr/lib/libbrotlidec.so.1.2.0
7f70f6a54000-7f70f6a5d000 r-xp 00001000 103:02 4812485                   /usr/lib/libbrotlidec.so.1.2.0
7f70f6a5d000-7f70f6a60000 r--p 0000a000 103:02 4812485                   /usr/lib/libbrotlidec.so.1.2.0
7f70f6a60000-7f70f6a61000 r--p 0000c000 103:02 4812485                   /usr/lib/libbrotlidec.so.1.2.0
7f70f6a61000-7f70f6a62000 rw-p 0000d000 103:02 4812485                   /usr/lib/libbrotlidec.so.1.2.0
7f70f6a62000-7f70f6a64000 r--p 00000000 103:02 4794869                   /usr/lib/libbz2.so.1.0.8
7f70f6a64000-7f70f6a71000 r-xp 00002000 103:02 4794869                   /usr/lib/libbz2.so.1.0.8
7f70f6a71000-7f70f6a73000 r--p 0000f000 103:02 4794869                   /usr/lib/libbz2.so.1.0.8
7f70f6a73000-7f70f6a74000 r--p 00010000 103:02 4794869                   /usr/lib/libbz2.so.1.0.8
7f70f6a74000-7f70f6a75000 rw-p 00011000 103:02 4794869                   /usr/lib/libbz2.so.1.0.8
7f70f6a75000-7f70f6a7f000 r--p 00000000 103:02 4735601                   /usr/lib/libmount.so.1.1.0
7f70f6a7f000-7f70f6abd000 r-xp 0000a000 103:02 4735601                   /usr/lib/libmount.so.1.1.0
7f70f6abd000-7f70f6ace000 r--p 00048000 103:02 4735601                   /usr/lib/libmount.so.1.1.0
7f70f6ace000-7f70f6ad0000 r--p 00059000 103:02 4735601                   /usr/lib/libmount.so.1.1.0
7f70f6ad0000-7f70f6ad1000 rw-p 0005b000 103:02 4735601                   /usr/lib/libmount.so.1.1.0
7f70f6ad1000-7f70f6ad3000 r--p 00000000 103:02 4737414                   /usr/lib/libexpat.so.1.12.3
7f70f6ad3000-7f70f6af3000 r-xp 00002000 103:02 4737414                   /usr/lib/libexpat.so.1.12.3
7f70f6af3000-7f70f6afc000 r--p 00022000 103:02 4737414                   /usr/lib/libexpat.so.1.12.3
7f70f6afc000-7f70f6afe000 r--p 0002a000 103:02 4737414                   /usr/lib/libexpat.so.1.12.3
7f70f6afe000-7f70f6aff000 rw-p 0002c000 103:02 4737414                   /usr/lib/libexpat.so.1.12.3
7f70f6aff000-7f70f6b01000 r--p 00000000 103:02 4815230                   /usr/lib/libgraphite2.so.3.3.1
7f70f6b01000-7f70f6b1a000 r-xp 00002000 103:02 4815230                   /usr/lib/libgraphite2.so.3.3.1
7f70f6b1a000-7f70f6b1f000 r--p 0001b000 103:02 4815230                   /usr/lib/libgraphite2.so.3.3.1
7f70f6b1f000-7f70f6b21000 r--p 0001f000 103:02 4815230                   /usr/lib/libgraphite2.so.3.3.1
7f70f6b21000-7f70f6b22000 rw-p 00021000 103:02 4815230                   /usr/lib/libgraphite2.so.3.3.1
7f70f6b22000-7f70f6b25000 r--p 00000000 103:02 4732813                   /usr/lib/libpcre2-8.so.0.15.0
7f70f6b25000-7f70f6ba3000 r-xp 00003000 103:02 4732813                   /usr/lib/libpcre2-8.so.0.15.0
7f70f6ba3000-7f70f6bce000 r--p 00081000 103:02 4732813                   /usr/lib/libpcre2-8.so.0.15.0
7f70f6bce000-7f70f6bcf000 r--p 000ab000 103:02 4732813                   /usr/lib/libpcre2-8.so.0.15.0
7f70f6bcf000-7f70f6bd0000 rw-p 000ac000 103:02 4732813                   /usr/lib/libpcre2-8.so.0.15.0
7f70f6bd0000-7f70f6be5000 r--p 00000000 103:02 4720960                   /usr/lib/libsystemd.so.0.44.0
7f70f6be5000-7f70f6cbe000 r-xp 00015000 103:02 4720960                   /usr/lib/libsystemd.so.0.44.0
7f70f6cbe000-7f70f6d0d000 r--p 000ee000 103:02 4720960                   /usr/lib/libsystemd.so.0.44.0
7f70f6d0d000-7f70f6d16000 r--p 0013c000 103:02 4720960                   /usr/lib/libsystemd.so.0.44.0
7f70f6d16000-7f70f6d17000 rw-p 00145000 103:02 4720960                   /usr/lib/libsystemd.so.0.44.0
7f70f6d17000-7f70f6d18000 rw-p 00000000 00:00 0 
7f70f6d18000-7f70f6d1d000 r--p 00000000 103:02 4780633                   /usr/lib/libpixman-1.so.0.46.4
7f70f6d1d000-7f70f6dae000 r-xp 00005000 103:02 4780633                   /usr/lib/libpixman-1.so.0.46.4
7f70f6dae000-7f70f6dbe000 r--p 00096000 103:02 4780633                   /usr/lib/libpixman-1.so.0.46.4
7f70f6dbe000-7f70f6dc6000 r--p 000a6000 103:02 4780633                   /usr/lib/libpixman-1.so.0.46.4
7f70f6dc6000-7f70f6dc7000 rw-p 000ae000 103:02 4780633                   /usr/lib/libpixman-1.so.0.46.4
7f70f6dc7000-7f70f6dd3000 r--p 00000000 103:02 4751894                   /usr/lib/libxcb.so.1.1.0
7f70f6dd3000-7f70f6de7000 r-xp 0000c000 103:02 4751894                   /usr/lib/libxcb.so.1.1.0
7f70f6de7000-7f70f6df0000 r--p 00020000 103:02 4751894                   /usr/lib/libxcb.so.1.1.0
7f70f6df0000-7f70f6df1000 r--p 00028000 103:02 4751894                   /usr/lib/libxcb.so.1.1.0
7f70f6df1000-7f70f6df2000 rw-p 00029000 103:02 4751894                   /usr/lib/libxcb.so.1.1.0
7f70f6df2000-7f70f6e09000 r--p 00000000 103:02 4740502                   /usr/lib/libX11.so.6.4.0
7f70f6e09000-7f70f6e9e000 r-xp 00017000 103:02 4740502                   /usr/lib/libX11.so.6.4.0
7f70f6e9e000-7f70f6f2d000 r--p 000ac000 103:02 4740502                   /usr/lib/libX11.so.6.4.0
7f70f6f2d000-7f70f6f30000 r--p 0013a000 103:02 4740502                   /usr/lib/libX11.so.6.4.0
7f70f6f30000-7f70f6f34000 rw-p 0013d000 103:02 4740502                   /usr/lib/libX11.so.6.4.0
7f70f6f34000-7f70f6f3a000 r--p 00000000 103:02 4814646                   /usr/lib/libfreetype.so.6.20.6
7f70f6f3a000-7f70f6fd2000 r-xp 00006000 103:02 4814646                   /usr/lib/libfreetype.so.6.20.6
7f70f6fd2000-7f70f6ffb000 r--p 0009e000 103:02 4814646                   /usr/lib/libfreetype.so.6.20.6
7f70f6ffb000-7f70f7003000 r--p 000c6000 103:02 4814646                   /usr/lib/libfreetype.so.6.20.6
7f70f7003000-7f70f7004000 rw-p 000ce000 103:02 4814646                   /usr/lib/libfreetype.so.6.20.6
7f70f7004000-7f70f700a000 r--p 00000000 103:02 4812002                   /usr/lib/libpng16.so.16.58.0
7f70f700a000-7f70f7035000 r-xp 00006000 103:02 4812002                   /usr/lib/libpng16.so.16.58.0
7f70f7035000-7f70f703f000 r--p 00031000 103:02 4812002                   /usr/lib/libpng16.so.16.58.0
7f70f703f000-7f70f7040000 r--p 0003a000 103:02 4812002                   /usr/lib/libpng16.so.16.58.0
7f70f7040000-7f70f7041000 rw-p 0003b000 103:02 4812002                   /usr/lib/libpng16.so.16.58.0
7f70f7041000-7f70f7073000 r--p 00000000 103:02 4745344                   /usr/lib/libgio-2.0.so.0.8800.3
7f70f7073000-7f70f719a000 r-xp 00032000 103:02 4745344                   /usr/lib/libgio-2.0.so.0.8800.3
7f70f719a000-7f70f7214000 r--p 00159000 103:02 4745344                   /usr/lib/libgio-2.0.so.0.8800.3
7f70f7214000-7f70f721d000 r--p 001d2000 103:02 4745344                   /usr/lib/libgio-2.0.so.0.8800.3
7f70f721d000-7f70f721e000 rw-p 001db000 103:02 4745344                   /usr/lib/libgio-2.0.so.0.8800.3
7f70f721e000-7f70f7220000 rw-p 00000000 00:00 0 
7f70f7220000-7f70f722d000 r--p 00000000 103:02 4814594                   /usr/lib/libharfbuzz.so.0.61431.0
7f70f722d000-7f70f731f000 r-xp 0000d000 103:02 4814594                   /usr/lib/libharfbuzz.so.0.61431.0
7f70f731f000-7f70f7353000 r--p 000ff000 103:02 4814594                   /usr/lib/libharfbuzz.so.0.61431.0
7f70f7353000-7f70f7355000 r--p 00132000 103:02 4814594                   /usr/lib/libharfbuzz.so.0.61431.0
7f70f7355000-7f70f7356000 rw-p 00134000 103:02 4814594                   /usr/lib/libharfbuzz.so.0.61431.0
7f70f7356000-7f70f7374000 r--p 00000000 103:02 4748073                   /usr/lib/libglib-2.0.so.0.8800.3
7f70f7374000-7f70f7422000 r-xp 0001e000 103:02 4748073                   /usr/lib/libglib-2.0.so.0.8800.3
7f70f7422000-7f70f74b6000 r--p 000cc000 103:02 4748073                   /usr/lib/libglib-2.0.so.0.8800.3
7f70f74b6000-7f70f74b7000 r--p 00160000 103:02 4748073                   /usr/lib/libglib-2.0.so.0.8800.3
7f70f74b7000-7f70f74b8000 rw-p 00161000 103:02 4748073                   /usr/lib/libglib-2.0.so.0.8800.3
7f70f74b8000-7f70f74b9000 rw-p 00000000 00:00 0 
7f70f74b9000-7f70f74c7000 r--p 00000000 103:02 4757736                   /usr/lib/libcairo.so.2.11804.4
7f70f74c7000-7f70f75ba000 r-xp 0000e000 103:02 4757736                   /usr/lib/libcairo.so.2.11804.4
7f70f75ba000-7f70f75ef000 r--p 00101000 103:02 4757736                   /usr/lib/libcairo.so.2.11804.4
7f70f75ef000-7f70f75f3000 r--p 00136000 103:02 4757736                   /usr/lib/libcairo.so.2.11804.4
7f70f75f3000-7f70f75f5000 rw-p 0013a000 103:02 4757736                   /usr/lib/libcairo.so.2.11804.4
7f70f75f5000-7f70f75f6000 rw-p 00000000 00:00 0 
7f70f75f6000-7f70f75f7000 rw-p 00000000 00:00 0 
7f70f75f7000-7f70f75fb000 ---p 00000000 00:00 0 
7f70f75fb000-7f70f79fb000 rw-p 00000000 00:00 0 
7f70f79fb000-7f70f79ff000 ---p 00000000 00:00 0 
7f70f79ff000-7f70f7afc000 rw-p 00000000 00:00 0 
7f70f7afc000-7f70f7b00000 ---p 00000000 00:00 0 
7f70f7b00000-7f70f7bfd000 rw-p 00000000 00:00 0 
7f70f7bfd000-7f70f7c01000 ---p 00000000 00:00 0 
7f70f7c01000-7f70f7cfe000 rw-p 00000000 00:00 0 
7f70f7cfe000-7f70f7d02000 ---p 00000000 00:00 0 
7f70f7d02000-7f70f7dff000 rw-p 00000000 00:00 0 
7f70f7dff000-7f70f7e03000 ---p 00000000 00:00 0 
7f70f7e03000-7f70f7f00000 rw-p 00000000 00:00 0 
7f70f7f00000-7f70f7f04000 ---p 00000000 00:00 0 
7f70f7f04000-7f70f8000000 rw-p 00000000 00:00 0 
7f70f8000000-7f70fac9b000 rw-p 00000000 00:00 0 
7f70fac9b000-7f70fc000000 ---p 00000000 00:00 0 
7f70fc000000-7f70fdf8d000 rw-p 00000000 00:00 0 
7f70fdf8d000-7f7100000000 ---p 00000000 00:00 0 
7f7100000000-7f7100400000 rw-p 00000000 00:00 0 
7f7100400000-7f7100700000 rw-p 00000000 00:00 0 
7f7100700000-7f7100800000 rw-p 00000000 00:00 0 
7f7100800000-7f7100900000 rw-p 00000000 00:00 0 
7f7100900000-7f7100a00000 rw-p 00000000 00:00 0 
7f7100a00000-7f7101200000 rw-p 00000000 00:00 0 
7f7101200000-7f7101900000 rw-p 00000000 00:00 0 
7f7101900000-7f7101950000 rw-p 00000000 00:00 0 
7f7101950000-7f7101a00000 ---p 00000000 00:00 0 
7f7101a00000-7f7101a20000 rw-p 00000000 00:00 0 
7f7101a20000-7f7104000000 ---p 00000000 00:00 0 
7f7104000000-7f7104248000 rw-p 00000000 00:00 0 
7f7104248000-7f7108000000 ---p 00000000 00:00 0 
7f7108000000-7f7108687000 rw-p 00000000 00:00 0 
7f7108687000-7f710c000000 ---p 00000000 00:00 0 
7f710c000000-7f710c063000 rw-p 00000000 00:00 0 
7f710c063000-7f7110000000 ---p 00000000 00:00 0 
7f7110000000-7f711073e000 rw-p 00000000 00:00 0 
7f711073e000-7f7114000000 ---p 00000000 00:00 0 
7f7114000000-7f7114021000 rw-p 00000000 00:00 0 
7f7114021000-7f7118000000 ---p 00000000 00:00 0 
7f7118000000-7f711bfff000 rw-p 00000000 00:00 0 
7f711bfff000-7f711c000000 ---p 00000000 00:00 0 
7f711c000000-7f711cc52000 rw-p 00000000 00:00 0 
7f711cc52000-7f7120000000 ---p 00000000 00:00 0 
7f7120000000-7f7120021000 rw-p 00000000 00:00 0 
7f7120021000-7f7124000000 ---p 00000000 00:00 0 
7f7124000000-7f7128000000 rw-p 00000000 00:00 0 
7f7128000000-7f7128001000 r--p 00000000 103:02 4751829                   /usr/lib/libxcb-present.so.0.0.0
7f7128001000-7f7128002000 r-xp 00001000 103:02 4751829                   /usr/lib/libxcb-present.so.0.0.0
7f7128002000-7f7128003000 r--p 00002000 103:02 4751829                   /usr/lib/libxcb-present.so.0.0.0
7f7128003000-7f7128004000 r--p 00002000 103:02 4751829                   /usr/lib/libxcb-present.so.0.0.0
7f7128004000-7f7128005000 rw-p 00003000 103:02 4751829                   /usr/lib/libxcb-present.so.0.0.0
7f7128005000-7f7128006000 r--p 00000000 103:02 4757711                   /usr/lib/libXau.so.6.0.0
7f7128006000-7f7128007000 r-xp 00001000 103:02 4757711                   /usr/lib/libXau.so.6.0.0
7f7128007000-7f7128008000 r--p 00002000 103:02 4757711                   /usr/lib/libXau.so.6.0.0
7f7128008000-7f7128009000 r--p 00002000 103:02 4757711                   /usr/lib/libXau.so.6.0.0
7f7128009000-7f712800a000 rw-p 00003000 103:02 4757711                   /usr/lib/libXau.so.6.0.0
7f712800a000-7f7128010000 r--p 00000000 103:02 4751845                   /usr/lib/libxcb-render.so.0.0.0
7f7128010000-7f7128015000 r-xp 00006000 103:02 4751845                   /usr/lib/libxcb-render.so.0.0.0
7f7128015000-7f7128017000 r--p 0000b000 103:02 4751845                   /usr/lib/libxcb-render.so.0.0.0
7f7128017000-7f7128018000 r--p 0000d000 103:02 4751845                   /usr/lib/libxcb-render.so.0.0.0
7f7128018000-7f7128019000 rw-p 0000e000 103:02 4751845                   /usr/lib/libxcb-render.so.0.0.0
7f7128019000-7f712801d000 r--p 00000000 103:02 4760928                   /usr/lib/libXext.so.6.4.0
7f712801d000-7f7128028000 r-xp 00004000 103:02 4760928                   /usr/lib/libXext.so.6.4.0
7f7128028000-7f712802b000 r--p 0000f000 103:02 4760928                   /usr/lib/libXext.so.6.4.0
7f712802b000-7f712802c000 r--p 00011000 103:02 4760928                   /usr/lib/libXext.so.6.4.0
7f712802c000-7f712802d000 rw-p 00012000 103:02 4760928                   /usr/lib/libXext.so.6.4.0
7f712802d000-7f7128033000 r--p 00000000 103:02 4759013                   /usr/lib/libfontconfig.so.1.17.0
7f7128033000-7f7128068000 r-xp 00006000 103:02 4759013                   /usr/lib/libfontconfig.so.1.17.0
7f7128068000-7f712809e000 r--p 0003b000 103:02 4759013                   /usr/lib/libfontconfig.so.1.17.0
7f712809e000-7f71280a7000 r--p 00071000 103:02 4759013                   /usr/lib/libfontconfig.so.1.17.0
7f71280a7000-7f71280a8000 rw-p 0007a000 103:02 4759013                   /usr/lib/libfontconfig.so.1.17.0
7f71280a8000-7f71280b6000 r--p 00000000 103:02 4741723                   /usr/lib/libdbus-1.so.3.38.3
7f71280b6000-7f71280e7000 r-xp 0000e000 103:02 4741723                   /usr/lib/libdbus-1.so.3.38.3
7f71280e7000-7f71280f8000 r--p 0003f000 103:02 4741723                   /usr/lib/libdbus-1.so.3.38.3
7f71280f8000-7f71280fa000 r--p 0004f000 103:02 4741723                   /usr/lib/libdbus-1.so.3.38.3
7f71280fa000-7f71280fb000 rw-p 00051000 103:02 4741723                   /usr/lib/libdbus-1.so.3.38.3
7f71280fb000-7f71280fc000 rw-p 00000000 00:00 0 
7f71280fc000-7f7128100000 ---p 00000000 00:00 0 
7f7128100000-7f71281fd000 rw-p 00000000 00:00 0 
7f71281fd000-7f7128201000 ---p 00000000 00:00 0 
7f7128201000-7f71282fe000 rw-p 00000000 00:00 0 
7f71282fe000-7f7128302000 ---p 00000000 00:00 0 
7f7128302000-7f71283ff000 rw-p 00000000 00:00 0 
7f71283ff000-7f7128403000 ---p 00000000 00:00 0 
7f7128403000-7f7128500000 rw-p 00000000 00:00 0 
7f7128500000-7f7128504000 ---p 00000000 00:00 0 
7f7128504000-7f7128600000 rw-p 00000000 00:00 0 
7f7128600000-7f71288ee000 r--p 00000000 103:02 4837164                   /usr/lib/locale/locale-archive
7f71288ee000-7f71288f0000 r--p 00000000 103:02 4843167                   /usr/lib/libXrender.so.1.3.0
7f71288f0000-7f71288f7000 r-xp 00002000 103:02 4843167                   /usr/lib/libXrender.so.1.3.0
7f71288f7000-7f71288f8000 r--p 00009000 103:02 4843167                   /usr/lib/libXrender.so.1.3.0
7f71288f8000-7f71288f9000 r--p 00009000 103:02 4843167                   /usr/lib/libXrender.so.1.3.0
7f71288f9000-7f71288fa000 rw-p 0000a000 103:02 4843167                   /usr/lib/libXrender.so.1.3.0
7f71288fa000-7f71288fc000 r--p 00000000 103:02 4761906                   /usr/lib/libfribidi.so.0.4.0
7f71288fc000-7f7128901000 r-xp 00002000 103:02 4761906                   /usr/lib/libfribidi.so.0.4.0
7f7128901000-7f7128918000 r--p 00007000 103:02 4761906                   /usr/lib/libfribidi.so.0.4.0
7f7128918000-7f7128919000 r--p 0001d000 103:02 4761906                   /usr/lib/libfribidi.so.0.4.0
7f7128919000-7f712891a000 rw-p 0001e000 103:02 4761906                   /usr/lib/libfribidi.so.0.4.0
7f712891a000-7f7128926000 r--p 00000000 103:02 4750151                   /usr/lib/libgobject-2.0.so.0.8800.3
7f7128926000-7f712895f000 r-xp 0000c000 103:02 4750151                   /usr/lib/libgobject-2.0.so.0.8800.3
7f712895f000-7f7128979000 r--p 00045000 103:02 4750151                   /usr/lib/libgobject-2.0.so.0.8800.3
7f7128979000-7f712897c000 r--p 0005e000 103:02 4750151                   /usr/lib/libgobject-2.0.so.0.8800.3
7f712897c000-7f712897d000 rw-p 00061000 103:02 4750151                   /usr/lib/libgobject-2.0.so.0.8800.3
7f712897d000-7f712898b000 r--p 00000000 103:02 4794787                   /usr/lib/libpango-1.0.so.0.5800.2
7f712898b000-7f71289cb000 r-xp 0000e000 103:02 4794787                   /usr/lib/libpango-1.0.so.0.5800.2
7f71289cb000-7f71289e7000 r--p 0004e000 103:02 4794787                   /usr/lib/libpango-1.0.so.0.5800.2
7f71289e7000-7f71289eb000 r--p 00069000 103:02 4794787                   /usr/lib/libpango-1.0.so.0.5800.2
7f71289eb000-7f71289ec000 rw-p 0006d000 103:02 4794787                   /usr/lib/libpango-1.0.so.0.5800.2
7f71289ec000-7f71289ed000 rw-p 00000000 00:00 0 
7f71289ed000-7f71289f1000 ---p 00000000 00:00 0 
7f71289f1000-7f7128aee000 rw-p 00000000 00:00 0 
7f7128aee000-7f7128af2000 ---p 00000000 00:00 0 
7f7128af2000-7f71290f3000 rw-p 00000000 00:00 0 
7f71290f3000-7f712be00000 rw-p 00000000 00:00 0 
7f712be00000-7f712be02000 r--p 00000000 103:02 4761940                   /usr/lib/libdatrie.so.1.4.1
7f712be02000-7f712be06000 r-xp 00002000 103:02 4761940                   /usr/lib/libdatrie.so.1.4.1
7f712be06000-7f712be07000 r--p 00006000 103:02 4761940                   /usr/lib/libdatrie.so.1.4.1
7f712be07000-7f712be08000 r--p 00006000 103:02 4761940                   /usr/lib/libdatrie.so.1.4.1
7f712be08000-7f712be09000 rw-p 00007000 103:02 4761940                   /usr/lib/libdatrie.so.1.4.1
7f712be09000-7f712be0d000 r--p 00000000 103:02 4755680                   /usr/lib/libxkbcommon.so.0.13.2
7f712be0d000-7f712be3c000 r-xp 00004000 103:02 4755680                   /usr/lib/libxkbcommon.so.0.13.2
7f712be3c000-7f712be65000 r--p 00033000 103:02 4755680                   /usr/lib/libxkbcommon.so.0.13.2
7f712be65000-7f712be67000 r--p 0005b000 103:02 4755680                   /usr/lib/libxkbcommon.so.0.13.2
7f712be67000-7f712be68000 rw-p 0005d000 103:02 4755680                   /usr/lib/libxkbcommon.so.0.13.2
7f712be68000-7f712be78000 r--p 00000000 00:2f 28158                      /tmp/lwjgl_annihilator/3.3.6+1/x64/libglfw.so
7f712be78000-7f712be99000 r-xp 00010000 00:2f 28158                      /tmp/lwjgl_annihilator/3.3.6+1/x64/libglfw.so
7f712be99000-7f712bed5000 r--p 00031000 00:2f 28158                      /tmp/lwjgl_annihilator/3.3.6+1/x64/libglfw.so
7f712bed5000-7f712bed9000 r--p 0006c000 00:2f 28158                      /tmp/lwjgl_annihilator/3.3.6+1/x64/libglfw.so
7f712bed9000-7f712bedc000 rw-p 00070000 00:2f 28158                      /tmp/lwjgl_annihilator/3.3.6+1/x64/libglfw.so
7f712bedc000-7f712beff000 rw-p 00000000 00:00 0 
7f712beff000-7f712c000000 rw-p 00000000 00:00 0 
7f712c000000-7f712c021000 rw-p 00000000 00:00 0 
7f712c021000-7f7130000000 ---p 00000000 00:00 0 
7f7130000000-7f7130021000 rw-p 00000000 00:00 0 
7f7130021000-7f7134000000 ---p 00000000 00:00 0 
7f7134000000-7f7134001000 rw-p 00000000 00:00 0 
7f7134001000-7f7134003000 r--p 00000000 103:02 4748283                   /usr/lib/libgmodule-2.0.so.0.8800.3
7f7134003000-7f7134005000 r-xp 00002000 103:02 4748283                   /usr/lib/libgmodule-2.0.so.0.8800.3
7f7134005000-7f7134006000 r--p 00004000 103:02 4748283                   /usr/lib/libgmodule-2.0.so.0.8800.3
7f7134006000-7f7134007000 r--p 00004000 103:02 4748283                   /usr/lib/libgmodule-2.0.so.0.8800.3
7f7134007000-7f7134008000 rw-p 00005000 103:02 4748283                   /usr/lib/libgmodule-2.0.so.0.8800.3
7f7134008000-7f7134010000 r--p 00000000 103:02 4815145                   /usr/lib/libpangoft2-1.0.so.0.5800.2
7f7134010000-7f7134020000 r-xp 00008000 103:02 4815145                   /usr/lib/libpangoft2-1.0.so.0.5800.2
7f7134020000-7f7134025000 r--p 00018000 103:02 4815145                   /usr/lib/libpangoft2-1.0.so.0.5800.2
7f7134025000-7f7134026000 r--p 0001d000 103:02 4815145                   /usr/lib/libpangoft2-1.0.so.0.5800.2
7f7134026000-7f7134027000 rw-p 0001e000 103:02 4815145                   /usr/lib/libpangoft2-1.0.so.0.5800.2
7f7134027000-7f7134053000 r--p 00000000 00:2f 28110                      /tmp/lwjgl_annihilator/3.3.6+1/x64/liblwjgl.so
7f7134053000-7f7134087000 r-xp 0002c000 00:2f 28110                      /tmp/lwjgl_annihilator/3.3.6+1/x64/liblwjgl.so
7f7134087000-7f71340a1000 r--p 00060000 00:2f 28110                      /tmp/lwjgl_annihilator/3.3.6+1/x64/liblwjgl.so
7f71340a1000-7f71340a2000 r--p 00079000 00:2f 28110                      /tmp/lwjgl_annihilator/3.3.6+1/x64/liblwjgl.so
7f71340a2000-7f71340a3000 rw-p 0007a000 00:2f 28110                      /tmp/lwjgl_annihilator/3.3.6+1/x64/liblwjgl.so
7f71340a3000-7f71340a4000 r--p 00000000 103:02 7880802                   /usr/lib/jvm/java-26-openjdk/lib/libsimdsort.so
7f71340a4000-7f71340de000 r-xp 00001000 103:02 7880802                   /usr/lib/jvm/java-26-openjdk/lib/libsimdsort.so
7f71340de000-7f71340e4000 r--p 0003b000 103:02 7880802                   /usr/lib/jvm/java-26-openjdk/lib/libsimdsort.so
7f71340e4000-7f71340e5000 r--p 00040000 103:02 7880802                   /usr/lib/jvm/java-26-openjdk/lib/libsimdsort.so
7f71340e5000-7f71340e6000 rw-p 00041000 103:02 7880802                   /usr/lib/jvm/java-26-openjdk/lib/libsimdsort.so
7f71340e6000-7f71341e7000 rw-p 00000000 00:00 0 
7f71341e7000-7f713428f000 rw-p 00000000 00:00 0 
7f713428f000-7f7137de7000 ---p 00000000 00:00 0 
7f7137de7000-7f7137dff000 rw-p 00000000 00:00 0 
7f7137dff000-7f713845f000 rwxp 00000000 00:00 0 
7f713845f000-7f713f25f000 ---p 00000000 00:00 0 
7f713f25f000-7f713f72f000 rwxp 00000000 00:00 0 
7f713f72f000-7f713f9a0000 ---p 00000000 00:00 0 
7f713f9a0000-7f713fc10000 rwxp 00000000 00:00 0 
7f713fc10000-7f7146e00000 ---p 00000000 00:00 0 
7f7146e00000-7f714fe1c000 r--s 00000000 103:02 7880807                   /usr/lib/jvm/java-26-openjdk/lib/modules
7f714fe1c000-7f714fe1d000 rw-s 00000000 00:07 1110                       /dev/nvidiactl
7f714fe1d000-7f714fe1e000 rw-s 00000000 00:07 1112                       /dev/nvidia0
7f714fe1e000-7f714fe1f000 r--p 00000000 103:02 4751862                   /usr/lib/libxcb-shm.so.0.0.0
7f714fe1f000-7f714fe20000 r-xp 00001000 103:02 4751862                   /usr/lib/libxcb-shm.so.0.0.0
7f714fe20000-7f714fe21000 r--p 00002000 103:02 4751862                   /usr/lib/libxcb-shm.so.0.0.0
7f714fe21000-7f714fe22000 r--p 00002000 103:02 4751862                   /usr/lib/libxcb-shm.so.0.0.0
7f714fe22000-7f714fe23000 rw-p 00003000 103:02 4751862                   /usr/lib/libxcb-shm.so.0.0.0
7f714fe23000-7f714feff000 rw-p 00000000 00:00 0 
7f714feff000-7f7150000000 rw-p 00000000 00:00 0 
7f7150000000-7f7152ddb000 rw-p 00000000 00:00 0 
7f7152ddb000-7f7154000000 ---p 00000000 00:00 0 
7f7154000000-7f7154004000 rw-s 00000000 00:07 1110                       /dev/nvidiactl
7f7154004000-7f7154006000 r--p 00000000 103:02 4815120                   /usr/lib/libthai.so.0.3.2
7f7154006000-7f715400a000 r-xp 00002000 103:02 4815120                   /usr/lib/libthai.so.0.3.2
7f715400a000-7f715400d000 r--p 00006000 103:02 4815120                   /usr/lib/libthai.so.0.3.2
7f715400d000-7f715400e000 r--p 00008000 103:02 4815120                   /usr/lib/libthai.so.0.3.2
7f715400e000-7f715400f000 rw-p 00009000 103:02 4815120                   /usr/lib/libthai.so.0.3.2
7f715400f000-7f7154014000 r--p 00000000 103:02 4815137                   /usr/lib/libpangocairo-1.0.so.0.5800.2
7f7154014000-7f715401d000 r-xp 00005000 103:02 4815137                   /usr/lib/libpangocairo-1.0.so.0.5800.2
7f715401d000-7f715401f000 r--p 0000e000 103:02 4815137                   /usr/lib/libpangocairo-1.0.so.0.5800.2
7f715401f000-7f7154020000 r--p 00010000 103:02 4815137                   /usr/lib/libpangocairo-1.0.so.0.5800.2
7f7154020000-7f7154021000 rw-p 00011000 103:02 4815137                   /usr/lib/libpangocairo-1.0.so.0.5800.2
7f7154021000-7f7154062000 rw-p 00000000 00:00 0 
7f7154062000-7f7154066000 r--p 00000000 103:02 4726011                   /usr/lib/libdecor/plugins-1/libdecor-cairo.so
7f7154066000-7f715406c000 r-xp 00004000 103:02 4726011                   /usr/lib/libdecor/plugins-1/libdecor-cairo.so
7f715406c000-7f715406e000 r--p 0000a000 103:02 4726011                   /usr/lib/libdecor/plugins-1/libdecor-cairo.so
7f715406e000-7f7154071000 r--p 0000b000 103:02 4726011                   /usr/lib/libdecor/plugins-1/libdecor-cairo.so
7f7154071000-7f7154072000 rw-p 0000e000 103:02 4726011                   /usr/lib/libdecor/plugins-1/libdecor-cairo.so
7f7154072000-7f7154075000 r--p 00000000 103:02 4725997                   /usr/lib/libdecor-0.so.0.200.5
7f7154075000-7f7154078000 r-xp 00003000 103:02 4725997                   /usr/lib/libdecor-0.so.0.200.5
7f7154078000-7f715407a000 r--p 00006000 103:02 4725997                   /usr/lib/libdecor-0.so.0.200.5
7f715407a000-7f715407b000 r--p 00007000 103:02 4725997                   /usr/lib/libdecor-0.so.0.200.5
7f715407b000-7f715407c000 rw-p 00008000 103:02 4725997                   /usr/lib/libdecor-0.so.0.200.5
7f715407c000-7f715407d000 r--p 00000000 103:02 4818228                   /usr/lib/libwayland-egl.so.1.26.0
7f715407d000-7f715407e000 r-xp 00001000 103:02 4818228                   /usr/lib/libwayland-egl.so.1.26.0
7f715407e000-7f715407f000 r--p 00002000 103:02 4818228                   /usr/lib/libwayland-egl.so.1.26.0
7f715407f000-7f7154080000 r--p 00002000 103:02 4818228                   /usr/lib/libwayland-egl.so.1.26.0
7f7154080000-7f7154081000 rw-p 00003000 103:02 4818228                   /usr/lib/libwayland-egl.so.1.26.0
7f7154081000-7f7154082000 r--p 00000000 103:02 4817284                   /usr/lib/libwayland-cursor.so.0.26.0
7f7154082000-7f7154084000 r-xp 00001000 103:02 4817284                   /usr/lib/libwayland-cursor.so.0.26.0
7f7154084000-7f7154085000 r--p 00003000 103:02 4817284                   /usr/lib/libwayland-cursor.so.0.26.0
7f7154085000-7f7154086000 r--p 00003000 103:02 4817284                   /usr/lib/libwayland-cursor.so.0.26.0
7f7154086000-7f715408a000 rw-p 00004000 103:02 4817284                   /usr/lib/libwayland-cursor.so.0.26.0
7f715408a000-7f715408c000 r--p 00000000 103:02 4780624                   /usr/lib/libffi.so.8.5.0
7f715408c000-7f7154094000 r-xp 00002000 103:02 4780624                   /usr/lib/libffi.so.8.5.0
7f7154094000-7f7154096000 r--p 0000a000 103:02 4780624                   /usr/lib/libffi.so.8.5.0
7f7154096000-7f7154097000 r--p 0000b000 103:02 4780624                   /usr/lib/libffi.so.8.5.0
7f7154097000-7f7154098000 rw-p 0000c000 103:02 4780624                   /usr/lib/libffi.so.8.5.0
7f7154098000-7f71540ad000 rw-p 00000000 00:00 0 
7f71540ad000-7f7154818000 ---p 00000000 00:00 0 
7f7154818000-7f7154830000 rw-p 00000000 00:00 0 
7f7154830000-7f7154f9b000 ---p 00000000 00:00 0 
7f7154f9b000-7f7154fb3000 rw-p 00000000 00:00 0 
7f7154fb3000-7f715571e000 ---p 00000000 00:00 0 
7f715571e000-7f7156433000 rw-p 00000000 00:00 0 
7f7156433000-7f7156517000 ---p 00000000 00:00 0 
7f7156517000-7f7156524000 rw-p 00000000 00:00 0 
7f7156524000-7f7156600000 ---p 00000000 00:00 0 
7f7156600000-7f715669a000 r--p 00000000 103:02 4748526                   /usr/lib/libstdc++.so.6.0.36
7f715669a000-7f715681d000 r-xp 0009a000 103:02 4748526                   /usr/lib/libstdc++.so.6.0.36
7f715681d000-7f71568bd000 r--p 0021d000 103:02 4748526                   /usr/lib/libstdc++.so.6.0.36
7f71568bd000-7f71568ce000 r--p 002bc000 103:02 4748526                   /usr/lib/libstdc++.so.6.0.36
7f71568ce000-7f71568cf000 rw-p 002cd000 103:02 4748526                   /usr/lib/libstdc++.so.6.0.36
7f71568cf000-7f71568d3000 rw-p 00000000 00:00 0 
7f71568d3000-7f71568d5000 rw-s 00000000 00:07 1110                       /dev/nvidiactl
7f71568d5000-7f71568d6000 rw-s 00000000 00:07 1110                       /dev/nvidiactl
7f71568d6000-7f71568d7000 rw-s 00000000 00:07 1110                       /dev/nvidiactl
7f71568d7000-7f71568da000 r--p 00000000 103:02 4815658                   /usr/lib/libwayland-client.so.0.26.0
7f71568da000-7f71568e1000 r-xp 00003000 103:02 4815658                   /usr/lib/libwayland-client.so.0.26.0
7f71568e1000-7f71568e4000 r--p 0000a000 103:02 4815658                   /usr/lib/libwayland-client.so.0.26.0
7f71568e4000-7f71568e6000 r--p 0000c000 103:02 4815658                   /usr/lib/libwayland-client.so.0.26.0
7f71568e6000-7f71568e7000 rw-p 0000e000 103:02 4815658                   /usr/lib/libwayland-client.so.0.26.0
7f71568e7000-7f71568e8000 r--p 00000000 103:02 4722210                   /usr/lib/librt.so.1
7f71568e8000-7f71568e9000 r-xp 00001000 103:02 4722210                   /usr/lib/librt.so.1
7f71568e9000-7f71568ea000 r--p 00002000 103:02 4722210                   /usr/lib/librt.so.1
7f71568ea000-7f71568eb000 r--p 00002000 103:02 4722210                   /usr/lib/librt.so.1
7f71568eb000-7f71568ec000 rw-p 00003000 103:02 4722210                   /usr/lib/librt.so.1
7f71568ec000-7f71568ed000 r--p 00000000 103:02 4722204                   /usr/lib/libpthread.so.0
7f71568ed000-7f71568ee000 r-xp 00001000 103:02 4722204                   /usr/lib/libpthread.so.0
7f71568ee000-7f71568ef000 r--p 00002000 103:02 4722204                   /usr/lib/libpthread.so.0
7f71568ef000-7f71568f0000 r--p 00002000 103:02 4722204                   /usr/lib/libpthread.so.0
7f71568f0000-7f71568f1000 rw-p 00003000 103:02 4722204                   /usr/lib/libpthread.so.0
7f71568f1000-7f71568f2000 r--p 00000000 103:02 4722163                   /usr/lib/libdl.so.2
7f71568f2000-7f71568f3000 r-xp 00001000 103:02 4722163                   /usr/lib/libdl.so.2
7f71568f3000-7f71568f4000 r--p 00002000 103:02 4722163                   /usr/lib/libdl.so.2
7f71568f4000-7f71568f5000 r--p 00002000 103:02 4722163                   /usr/lib/libdl.so.2
7f71568f5000-7f71568f6000 rw-p 00003000 103:02 4722163                   /usr/lib/libdl.so.2
7f71568f6000-7f71568f8000 r--p 00000000 103:02 7880806                   /usr/lib/jvm/java-26-openjdk/lib/libzip.so
7f71568f8000-7f71568fc000 r-xp 00002000 103:02 7880806                   /usr/lib/jvm/java-26-openjdk/lib/libzip.so
7f71568fc000-7f71568fe000 r--p 00006000 103:02 7880806                   /usr/lib/jvm/java-26-openjdk/lib/libzip.so
7f71568fe000-7f71568ff000 r--p 00007000 103:02 7880806                   /usr/lib/jvm/java-26-openjdk/lib/libzip.so
7f71568ff000-7f7156900000 rw-p 00008000 103:02 7880806                   /usr/lib/jvm/java-26-openjdk/lib/libzip.so
7f7156900000-7f7156904000 ---p 00000000 00:00 0 
7f7156904000-7f7156a00000 rw-p 00000000 00:00 0 
7f7156a00000-7f7156a0e000 r--p 00000000 103:02 7880818                   /usr/lib/jvm/java-26-openjdk/lib/server/libjvm.so
7f7156a0e000-7f7157957000 r-xp 0000e000 103:02 7880818                   /usr/lib/jvm/java-26-openjdk/lib/server/libjvm.so
7f7157957000-7f7157b9e000 r--p 00f57000 103:02 7880818                   /usr/lib/jvm/java-26-openjdk/lib/server/libjvm.so
7f7157b9e000-7f7157c90000 r--p 0119d000 103:02 7880818                   /usr/lib/jvm/java-26-openjdk/lib/server/libjvm.so
7f7157c90000-7f7157cb1000 rw-p 0128f000 103:02 7880818                   /usr/lib/jvm/java-26-openjdk/lib/server/libjvm.so
7f7157cb1000-7f7157d34000 rw-p 00000000 00:00 0 
7f7157d34000-7f7157d36000 r--p 00000000 00:1a 53161                      /dev/shm/716e306c-95b7-4d19-95b4-1c569de03be9 (deleted)
7f7157d36000-7f7157d38000 r--p 00000000 00:1a 53161                      /dev/shm/716e306c-95b7-4d19-95b4-1c569de03be9 (deleted)
7f7157d38000-7f7157d3a000 r--p 00000000 103:02 7880796                   /usr/lib/jvm/java-26-openjdk/lib/libnet.so
7f7157d3a000-7f7157d41000 r-xp 00002000 103:02 7880796                   /usr/lib/jvm/java-26-openjdk/lib/libnet.so
7f7157d41000-7f7157d43000 r--p 00009000 103:02 7880796                   /usr/lib/jvm/java-26-openjdk/lib/libnet.so
7f7157d43000-7f7157d44000 r--p 0000a000 103:02 7880796                   /usr/lib/jvm/java-26-openjdk/lib/libnet.so
7f7157d44000-7f7157d45000 rw-p 0000b000 103:02 7880796                   /usr/lib/jvm/java-26-openjdk/lib/libnet.so
7f7157d45000-7f7157d4c000 r--p 00000000 103:02 7880797                   /usr/lib/jvm/java-26-openjdk/lib/libnio.so
7f7157d4c000-7f7157d55000 r-xp 00007000 103:02 7880797                   /usr/lib/jvm/java-26-openjdk/lib/libnio.so
7f7157d55000-7f7157d5a000 r--p 00010000 103:02 7880797                   /usr/lib/jvm/java-26-openjdk/lib/libnio.so
7f7157d5a000-7f7157d5b000 r--p 00014000 103:02 7880797                   /usr/lib/jvm/java-26-openjdk/lib/libnio.so
7f7157d5b000-7f7157d5c000 rw-p 00015000 103:02 7880797                   /usr/lib/jvm/java-26-openjdk/lib/libnio.so
7f7157d5c000-7f7157da6000 rw-p 00000000 00:00 0 
7f7157da6000-7f7157dab000 ---p 00000000 00:00 0 
7f7157dab000-7f7157db5000 r--p 00000000 103:02 7880782                   /usr/lib/jvm/java-26-openjdk/lib/libjava.so
7f7157db5000-7f7157dc3000 r-xp 0000a000 103:02 7880782                   /usr/lib/jvm/java-26-openjdk/lib/libjava.so
7f7157dc3000-7f7157dc8000 r--p 00018000 103:02 7880782                   /usr/lib/jvm/java-26-openjdk/lib/libjava.so
7f7157dc8000-7f7157dc9000 r--p 0001d000 103:02 7880782                   /usr/lib/jvm/java-26-openjdk/lib/libjava.so
7f7157dc9000-7f7157dca000 rw-p 0001e000 103:02 7880782                   /usr/lib/jvm/java-26-openjdk/lib/libjava.so
7f7157dca000-7f7157dcb000 rw-p 00000000 00:00 0 
7f7157dcb000-7f7157dd3000 rw-s 00000000 00:2f 47454                      /tmp/hsperfdata_annihilator/2081825 (deleted)
7f7157dd3000-7f7157dd7000 r--p 00000000 103:02 4836834                   /usr/lib/libgcc_s.so.1
7f7157dd7000-7f7157dfa000 r-xp 00004000 103:02 4836834                   /usr/lib/libgcc_s.so.1
7f7157dfa000-7f7157dfe000 r--p 00027000 103:02 4836834                   /usr/lib/libgcc_s.so.1
7f7157dfe000-7f7157dff000 r--p 0002b000 103:02 4836834                   /usr/lib/libgcc_s.so.1
7f7157dff000-7f7157e00000 rw-p 0002c000 103:02 4836834                   /usr/lib/libgcc_s.so.1
7f7157e00000-7f7157e24000 r--p 00000000 103:02 4722147                   /usr/lib/libc.so.6
7f7157e24000-7f7157f9f000 r-xp 00024000 103:02 4722147                   /usr/lib/libc.so.6
7f7157f9f000-7f7158015000 r--p 0019f000 103:02 4722147                   /usr/lib/libc.so.6
7f7158015000-7f7158019000 r--p 00214000 103:02 4722147                   /usr/lib/libc.so.6
7f7158019000-7f715801b000 rw-p 00218000 103:02 4722147                   /usr/lib/libc.so.6
7f715801b000-7f7158023000 rw-p 00000000 00:00 0 
7f7158023000-7f7158024000 r--s 00000000 00:07 1110                       /dev/nvidiactl
7f7158024000-7f7158025000 rw-p 00000000 00:00 0 
7f7158025000-7f7158026000 r-xp 0005e000 00:2f 28110                      /tmp/lwjgl_annihilator/3.3.6+1/x64/liblwjgl.so
7f7158026000-7f7158027000 rw-p 00000000 00:00 0 
7f7158027000-7f7158028000 r--p 00000000 103:02 4744044                   /usr/share/locale/en_GB/LC_MESSAGES/libc.mo
7f7158028000-7f7158029000 ---p 00000000 00:00 0 
7f7158029000-7f715802a000 r--p 00000000 00:00 0 
7f715802a000-7f715802b000 ---p 00000000 00:00 0 
7f715802b000-7f715802c000 r--p 00000000 103:02 7880786                   /usr/lib/jvm/java-26-openjdk/lib/libjimage.so
7f715802c000-7f715802e000 r-xp 00001000 103:02 7880786                   /usr/lib/jvm/java-26-openjdk/lib/libjimage.so
7f715802e000-7f715802f000 r--p 00003000 103:02 7880786                   /usr/lib/jvm/java-26-openjdk/lib/libjimage.so
7f715802f000-7f7158030000 r--p 00003000 103:02 7880786                   /usr/lib/jvm/java-26-openjdk/lib/libjimage.so
7f7158030000-7f7158031000 rw-p 00004000 103:02 7880786                   /usr/lib/jvm/java-26-openjdk/lib/libjimage.so
7f7158031000-7f7158041000 r--p 00000000 103:02 4722178                   /usr/lib/libm.so.6
7f7158041000-7f71580dd000 r-xp 00010000 103:02 4722178                   /usr/lib/libm.so.6
7f71580dd000-7f7158166000 r--p 000ac000 103:02 4722178                   /usr/lib/libm.so.6
7f7158166000-7f7158167000 r--p 00134000 103:02 4722178                   /usr/lib/libm.so.6
7f7158167000-7f7158168000 rw-p 00135000 103:02 4722178                   /usr/lib/libm.so.6
7f7158168000-7f715816a000 rw-p 00000000 00:00 0 
7f715816a000-7f715816d000 r--p 00000000 103:02 4742373                   /usr/lib/libz.so.1.3.2
7f715816d000-7f715817d000 r-xp 00003000 103:02 4742373                   /usr/lib/libz.so.1.3.2
7f715817d000-7f7158183000 r--p 00013000 103:02 4742373                   /usr/lib/libz.so.1.3.2
7f7158183000-7f7158184000 r--p 00018000 103:02 4742373                   /usr/lib/libz.so.1.3.2
7f7158184000-7f7158185000 rw-p 00019000 103:02 4742373                   /usr/lib/libz.so.1.3.2
7f7158185000-7f7158187000 r--p 00000000 103:02 7880787                   /usr/lib/jvm/java-26-openjdk/lib/libjli.so
7f7158187000-7f7158191000 r-xp 00002000 103:02 7880787                   /usr/lib/jvm/java-26-openjdk/lib/libjli.so
7f7158191000-7f7158194000 r--p 0000c000 103:02 7880787                   /usr/lib/jvm/java-26-openjdk/lib/libjli.so
7f7158194000-7f7158195000 r--p 0000e000 103:02 7880787                   /usr/lib/jvm/java-26-openjdk/lib/libjli.so
7f7158195000-7f7158196000 rw-p 0000f000 103:02 7880787                   /usr/lib/jvm/java-26-openjdk/lib/libjli.so
7f7158196000-7f7158197000 r--p 00000000 00:2f 28193                      /tmp/libglxshim.so
7f7158197000-7f7158198000 r-xp 00001000 00:2f 28193                      /tmp/libglxshim.so
7f7158198000-7f7158199000 r--p 00002000 00:2f 28193                      /tmp/libglxshim.so
7f7158199000-7f715819a000 r--p 00002000 00:2f 28193                      /tmp/libglxshim.so
7f715819a000-7f715819b000 rw-p 00003000 00:2f 28193                      /tmp/libglxshim.so
7f715819b000-7f715819d000 rw-p 00000000 00:00 0 
7f715819d000-7f71581d6000 r--p 00000000 103:02 656923                    /etc/ld.so.cache
7f71581d6000-7f71581da000 r--p 00000000 00:00 0                          [vvar]
7f71581da000-7f71581dc000 r--p 00000000 00:00 0                          [vvar_vclock]
7f71581dc000-7f71581de000 r-xp 00000000 00:00 0                          [vdso]
7f71581de000-7f71581df000 r--p 00000000 103:02 4722097                   /usr/lib/ld-linux-x86-64.so.2
7f71581df000-7f715820c000 r-xp 00001000 103:02 4722097                   /usr/lib/ld-linux-x86-64.so.2
7f715820c000-7f715821b000 r--p 0002e000 103:02 4722097                   /usr/lib/ld-linux-x86-64.so.2
7f715821b000-7f715821d000 r--p 0003d000 103:02 4722097                   /usr/lib/ld-linux-x86-64.so.2
7f715821d000-7f715821e000 rw-p 0003f000 103:02 4722097                   /usr/lib/ld-linux-x86-64.so.2
7f715821e000-7f715821f000 rw-p 00000000 00:00 0 
7ffcc5e94000-7ffcc5ebc000 rw-p 00000000 00:00 0                          [stack]
ffffffffff600000-ffffffffff601000 --xp 00000000 00:00 0                  [vsyscall]
Total number of mappings: 1774

JVMTI agents: none


VM Arguments:
jvm_args: -Dnuvio.wayland.libmpv=/home/annihilator/dev/mpv/build/libmpv.so.2 -Dnuvio.wayland.probe=true -Dnuvio.wayland.realApp=true -Dnuvio.wayland.smokePlayer=/tmp/nuvio-testclip5m.mp4 -Dnuvio.wayland.videoLog=true -Dnuvio.wayland.vk=true -Dorg.lwjgl.util.Debug=false --enable-native-access=ALL-UNNAMED -Dfile.encoding=UTF-8 -Duser.country=GB -Duser.language=en -Duser.variant 
java_command: com.nuvio.wayland.MainKt
java_class_path (initial): /home/annihilator/dev/NuvioDesktop/waylandHost/build/classes/java/main:/home/annihilator/dev/NuvioDesktop/waylandHost/build/classes/kotlin/main:/home/annihilator/dev/NuvioDesktop/waylandHost/build/resources/main:/home/annihilator/dev/NuvioDesktop/composeApp/build/libs/composeApp-desktop.jar:/home/annihilator/dev/NuvioDesktop/vendor/compose-media-player/mediaplayer/build/libs/composeMediaPlayer-jvm-0.11.4-nuvio.jar:/home/annihilator/.gradle/caches/modules-2/files-2.1/com.materialkolor.palette/core-jvm/4.0.0-beta02/e7ea3c09e6205047254ad2601a54c18c5be26906/kmpalette-core-jvm.jar:/home/annihilator/.gradle/caches/modules-2/files-2.1/org.jetbrains.compose.material3/material3-desktop/1.11.0-alpha07/422cb57765628e3959d1e27ac46660593643296b/material3-desktop-1.11.0-alpha07.jar:/home/annihilator/.gradle/caches/modules-2/files-2.1/dev.chrisbanes.haze/haze-jvm/1.7.2/a254162ea3c9ba2eea97a76058da89ac31e50233/haze-jvm.jar:/home/annihilator/.gradle/caches/modules-2/files-2.1/org.jetbrains.compose.components/components-resources-desktop/1.11.1/f4eb52d87f31584dacdb816a26376f39a1802e8a/library-desktop-1.11.1.jar:/home/annihilator/.gradle/caches/modules-2/files-2.1/sh.calvin.reorderable/reorderable-jvm/3.0.0/4032f6ad5422fe507c8acb2257a83ebc806f145e/reorderable-jvm-3.0.0.jar:/home/annihilator/.gradle/caches/modules-2/files-2.1/org.jetbrains.compose.desktop/desktop-jvm/1.11.1/1fee826ff9d1fafd500b57a22facfc0236bc14c7/desktop-jvm-1.11.1.jar:/home/annihilator/.gradle/caches/modules-2/files-2.1/org.jetbrains.androidx.navigation3/navigation3-ui-desktop/1.1.1/ff832586ef5d51d08b604d7a524fd7985b95af2b/navigation3-ui-desktop-1.1.1.jar:/home/annihilator/.gradle/caches/modules-2/files-2.1/org.jetbrains.compose.material/material-desktop/1.11.1/2891a6f3a62dc4c367636a521d1b680a7d6ff6d/material-desktop-1.11.1.jar:/home/annihilator/.gradle/caches/modules-2/files-2.1/org.jetbrains.compose.animation/animation-core-desktop/1.11.1/1bf633ecd1a38a1cf7a41630bc56cba0da9cc25b/animation-core-desktop-1.11.1.jar:/home/annihilator/.gradle/caches/modules-2/files-2.1/org.jetbrains.compose.material/material-ripple-desktop/1.11.1/ae97a5eeb23bc3f461bc3e16e2a9882175405d17/material-ripple-desktop-1.11.1.jar:/home/annihilator/.gradle/caches/modules-2/files-2.1/org.jetbrains.compose.animation/animation-desktop/1.11.1/f873fb28f1a08d45a4dd20a0130b3da8cadf383c/animation-desktop-1.11.1.jar:/home/annihilator/.gradle/caches/modules-2/files-2.1/org.jetbrains.compose.foundation/foundation-layout-desktop/1.11.1/853fc5d01388da6515ce40b719798914012f6469/foundation-layout-desktop-1.11.1.jar:/home/annihilator/.gradle/caches/modules-2/files-2.1/io.coil-kt.coil3/coil-compose-jvm/3.5.0-beta01/8499f43e80509e3fe55e4a90ad7ce6e816b190e4/coil-compose-jvm-3.5.0-beta01.jar:/home/annihilator/.gradle/caches/modules-2/files-2.1/io.coil-kt.coil3/coil-compose-core-jvm/3.5.0-beta01/12f6663116f0946fe3e87c15f573eb52ac6dc2bc/coil-compose-core-jvm-3.5.0-beta01.jar:/home/annihilator/.gradle/caches/modules-2/files-2.1/org.jetbrains.compose.foundation/foundation-desktop/1.11.1/6df316e7af2c0c97f200de289925f62ca8fce53d/foundation-desktop-1.11.1.jar:/home/annihilator/.gradle/caches/modules-2/files-2.1/org.jetbrains.compose.material/material-icons-extended-desktop/1.7.3/c7c5465dd754043076875b32bce0dd7f5a354fe8/material-icons-extended-desktop-1.7.3.jar:/home/annihilator/.gradle/caches/modules-2/files-2.1/org.jetbrains.compose.material/material-icons-core-desktop/1.7.3/414b3096050fe647b0638832eace80f22c06b85c/material-icons-core-desktop-1.7.3.jar:/home/annihilator/.gradle/caches/modules-2/files-2.1/org.jetbrains.compose.ui/ui-unit-desktop/1.11.1/f6c06f98da206d01dc40c1587c6bc4c40cbef623/ui-unit-desktop-1.11.1.jar:/home/annihilator/.gradle/caches/modules-2/files-2.1/org.jetbrains.compose.ui/ui-graphics-desktop/1.11.1/6ea106d02adf29694eedf12fdfb621947d3621bf/ui-graphics-desktop-1.11.1.jar:/home/annihilator/.gradle/caches/modules-2/files-2.1/org.jetbrains.compose.ui/ui-geometry-desktop/1.11.1/5e430152487375359973ac9874653d335dcc220/ui-geometry-desktop-1.11.1.jar:/home/annihilator/.gradle/caches/modules-2/files-2.1/org.jetbrains.compose.ui/ui-backhandler-desktop/1.11.1/bd3540bb1d6abd60c5e58f32663b2f3e89406cd1/ui-backhandler-desktop-1.11.1.jar:/home/annihilator/.gradle/caches/modules-2/files-2.1/org.jetbrains.compose.ui/ui-util-desktop/1.11.1/4302c582878b82ab24e1f34e6e90f967f7b416ed/ui-util-desktop-1.11.1.jar:/home/annihilator/.gradle/caches/modules-2/files-2.1/org.jetbrains.compose.ui/ui-text-desktop/1.11.1/6ded685e2601260d6231c859a849b96ee6c60368/ui-text-desktop-1.11.1.jar:/home/annihilator/.gradle/caches/modules-2/files-2.1/org.jetbrains.compose.ui/ui-tooling-preview-desktop/1.11.1/97ec578d33adc34adcaa63e9af7bb2328c6c29b7/ui-tooling-preview-desktop-1.11.1.jar:/home/annihilator/.gradle/caches/modules-2/files-2.1/com.materialkolor.palette/kmpalette-loader-jvm/4.0.0-beta02/346d1cbf659720dfc1952796e619da44789482f/kmpalette-loader-jvm.jar:/home/annihilator/.gradle/caches/modules-2/files-2.1/org.jetbrains.androidx.navigationevent/navigationevent-compose-desktop/1.0.1/ecaf02060a048a1f82584fe328e4e02fe6f982ad/navigationevent-compose-desktop-1.0.1.jar:/home/annihilator/.gradle/caches/modules-2/files-2.1/org.jetbrains.compose.ui/ui-desktop/1.11.1/24c40c0d60c77a6fb34f930f13bfa4a3ff62c0f/ui-desktop-1.11.1.jar:/home/annihilator/.gradle/caches/modules-2/files-2.1/androidx.navigation3/navigation3-runtime-desktop/1.1.1/f97607fbd9cd1c2a196dbdf2440b6ca78010c08a/navigation3-runtime-desktop-1.1.1.jar:/home/annihilator/.gradle/caches/modules-2/files-2.1/androidx.lifecycle/lifecycle-runtime-desktop/2.11.0-beta01/c2b5e2f7d739375538c2a74757531a30607f85ff/lifecycle-runtime-desktop-2.11.0-beta01.jar:/home/annihilator/.gradle/caches/modules-2/files-2.1/androidx.lifecycle/lifecycle-common-jvm/2.11.0-beta01/41ef287eee7e4befb1308c017df4de89a210490d/lifecycle-common-jvm-2.11.0-beta01.jar:/home/annihilator/.gradle/caches/modules-2/files-2.1/androidx.lifecycle/lifecycle-viewmodel-desktop/2.11.0-beta01/614711da4abf1ece2121521477a5920ed26a7f29/lifecycle-viewmodel-desktop-2.11.0-beta01.jar:/home/annihilator/.gradle/caches/modules-2/files-2.1/androidx.lifecycle/lifecycle-runtime-compose-desktop/2.11.0-beta01/392c6d5cb40bb6d59e3d7070607786b7328009d4/lifecycle-runtime-compose-desktop-2.11.0-beta01.jar:/home/annihilator/.gradle/caches/modules-2/files-2.1/androidx.lifecycle/lifecycle-viewmodel-compose-desktop/2.11.0-beta01/f04e89ec2d915b35cdcd4675591ae3997604173c/lifecycle-viewmodel-compose-desktop-2.11.0-beta01.jar:/home/annihilator/.gradle/caches/modules-2/files-2.1/androidx.lifecycle/lifecycle-viewmodel-savedstate-desktop/2.11.0-beta01/23c86e72183d96b3fff60102dca0de1da5fd4424/lifecycle-viewmodel-savedstate-desktop-2.11.0-beta01.jar:/home/annihilator/.gradle/caches/modules-2/files-2.1/org.jetbrains.androidx.savedstate/savedstate-compose-desktop/1.3.6/63692375ffe667f12cb3ea8aa1e605d659ed2add/savedstate-compose-desktop-1.3.6.jar:/home/annihilator/.gradle/caches/modules-2/files-2.1/androidx.savedstate/savedstate-desktop/1.4.0/3b049a0f81643d6b4b900de95bc23efc085c32d5/savedstate-desktop-1.4.0.jar:/home/annihilator/.gradle/caches/modules-2/files-2.1/androidx.savedstate/savedstate-compose-desktop/1.4.0/d3d6e0e2108528eb6080dc250da925a572be4202/savedstate-compose-desktop-1.4.0.jar:/home/annihilator/.gradle/caches/modules-2/files-2.1/androidx.navigationevent/navigationevent-desktop/1.0.2/ddb1e7fe97ed51c3d35bba493f97fcf12398719/navigationevent-desktop-1.0.2.jar:/home/annihilator/.gradle/caches/modules-2/files-2.1/androidx.compose.runtime/runtime-annotation-jvm/1.11.2/db4aa964627ac96331b72e231b9ad54318d112f4/runtime-annotation-jvm-1.11.2.jar:/home/annihilator/.gradle/caches/modules-2/files-2.1/androidx.compose.runtime/runtime-desktop/1.11.2/e93d95553cdd86c1cb8c02f50260cc1c8e341da8/runtime-desktop-1.11.2.jar:/home/annihilator/.gradle/caches/modules-2/files-2.1/androidx.compose.runtime/runtime-retain-desktop/1.11.2/3aa3ec26ef2a3d26bc556b51b33d09efc1a198e8/runtime-retain-desktop-1.11.2.jar:/home/annihilator/.gradle/caches/modules-2/files-2.1/androidx.compose.runtime/runtime-saveable-desktop/1.11.2/1618fae89791692a224fe7aa79edbd7a8f5b7522/runtime-saveable-desktop-1.11.2.jar:/home/annihilator/.gradle/caches/modules-2/files-2.1/org.jetbrains.compose.runtime/runtime-saveable-desktop/1.11.1/b7c8a8ed985a0f15b4d8d206de1fc6125b499388/runtime-saveable-desktop-1.11.1.jar:/home/annihilator/.gradle/caches/modules-2/files-2.1/org.jetbrains.androidx.lifecycle/lifecycle-runtime-compose-desktop/2.11.0-beta01/e93db8959692f5740745b457135c1ab209a67923/lifecycle-runtime-compose-desktop-2.11.0-beta01.jar:/home/annihilator/.gradle/caches/modules-2/files-2.1/org.jetbrains.androidx.lifecycle/lifecycle-viewmodel-compose-desktop/2.11.0-beta01/25df0b7b86731829cb34805ff8ebb167b198b916/lifecycle-viewmodel-compose-desktop-2.11.0-beta01.jar:/home/annihilator/.gradle/caches/modules-2/files-2.1/org.jetbrains.compose.runtime/runtime-desktop/1.11.1/1941336b045aac4b87cc3be81d9fdb9977c88c61/runtime-desktop-1.11.1.jar:/home/annihilator/.gradle/caches/modules-2/files-2.1/io.coil-kt.coil3/coil-network-ktor3-jvm/3.5.0-beta01/59ee23ce9f237edbad112c94a7cc65dc1939999b/coil-network-ktor3-jvm-3.5.0-beta01.jar:/home/annihilator/.gradle/caches/modules-2/files-2.1/io.coil-kt.coil3/coil-network-cache-control-jvm/3.5.0-beta01/92507c9b531bab9e0c7188af0057a8719c8fee05/coil-network-cache-control-jvm-3.5.0-beta01.jar:/home/annihilator/.gradle/caches/modules-2/files-2.1/io.coil-kt.coil3/coil-svg-jvm/3.5.0-beta01/7998e0f304b0c8c535dfda3ef86cf81faa88a813/coil-svg-jvm-3.5.0-beta01.jar:/home/annihilator/.gradle/caches/modules-2/files-2.1/org.jetbrains.kotlinx/atomicfu-jvm/0.32.1/766417c1430c117100e14af193c4fdbe6034b5e6/atomicfu-jvm-0.32.1.jar:/home/annihilator/.gradle/caches/modules-2/files-2.1/io.github.jan-tennert.supabase/postgrest-kt-jvm/3.4.1/5ce69132306e6aa1fcd959ebdeb502e821e3a47c/postgrest-kt-jvm-3.4.1.jar:/home/annihilator/.gradle/caches/modules-2/files-2.1/io.github.jan-tennert.supabase/functions-kt-jvm/3.4.1/2a6c5a1e77bb1d4895812d7292d8075e34b2fb55/functions-kt-jvm-3.4.1.jar:/home/annihilator/.gradle/caches/modules-2/files-2.1/io.github.jan-tennert.supabase/storage-kt-jvm/3.4.1/4f3eb000d3862395bdd976ab8679841be3029d43/storage-kt-jvm-3.4.1.jar:/home/annihilator/.gradle/caches/modules-2/files-2.1/io.github.jan-tennert.supabase/auth-kt-jvm/3.4.1/91413cc37352dda1f34a180c14f58601b6aa2ea0/auth-kt-jvm-3.4.1.jar:/home/annihilator/.gradle/caches/modules-2/files-2.1/io.ktor/ktor-client-cio-jvm/3.4.1/114327011eeecd416940e2d1be8c9bd5098907de/ktor-client-cio-jvm-3.4.1.jar:/home/annihilator/.gradle/caches/modules-2/files-2.1/io.github.dokar3/quickjs-kt-jvm/1.0.5/c76155aa176760f2ab1966aa61ebd1cc1334dee6/quickjs-jvm.jar:/home/annihilator/.gradle/caches/modules-2/files-2.1/com.fleeksoft.ksoup/ksoup-jvm/0.2.6/61a4f799ea43b8eb31856729500be73975e41a42/ksoup-jvm-0.2.6.jar:/home/annihilator/.gradle/caches/modules-2/files-2.1/org.jetbrains.skiko/skiko-awt-runtime-linux-x64/0.144.6/291f8626a2fecd06e9f585424360560189ab7303/skiko-awt-runtime-linux-x64-0.144.6.jar:/home/annihilator/.gradle/caches/modules-2/files-2.1/org.jetbrains.skiko/skiko-awt/0.144.6/c9bec39e3c517ed5591c71c7db0cbbe64b6be849/skiko-awt-0.144.6.jar:/home/annihilator/.gradle/caches/modules-2/files-2.1/io.github.vinceglb/filekit-core-jvm/0.14.2/2d6248437233553a08f656e1cfdfc3db3df14a13/filekit-core-jvm.jar:/home/annihilator/.gradle/caches/modules-2/files-2.1/io.ktor/ktor-server-cio-jvm/3.4.0/16a50d239963841ae64e8e207f93ae7a5fdd7062/ktor-server-cio-jvm-3.4.0.jar:/home/annihilator/.gradle/caches/modules-2/files-2.1/io.ktor/ktor-server-core-jvm/3.4.0/97aba0f5e3cd539679907382a3f5783b9a563165/ktor-server-core-jvm-3.4.0.jar:/home/annihilator/.gradle/caches/modules-2/files-2.1/org.jetbrains.kotlin/kotlin-reflect/2.3.10/98e0fa43a9204a252fa8806c9b2f3f3131590bcb/kotlin-reflect-2.3.10.jar:/home/annihilator/.gradle/caches/modules-2/files-2.1/com.squareup.okhttp3/okhttp/4.12.0/2f4525d4a200e97e1b87449c2cd9bd2e25b7e8cd/okhttp-4.12.0.jar:/home/annihilator/.gradle/caches/modules-2/files-2.1/org.jetbrains.kotlin/kotlin-stdlib-jdk8/1.9.0/e000bd084353d84c9e888f6fb341dc1f5b79d948/kotlin-stdlib-jdk8-1.9.0.jar:/home/annihilator/.gradle/caches/modules-2/files-2.1/io.github.jan-tennert.supabase/supabase-kt-jvm/3.4.1/4c8df2570087c4424f8c2f3c93d77b2ec4198fd5/supabase-kt-jvm-3.4.1.jar:/home/annihilator/.gradle/caches/modules-2/files-2.1/org.jetbrains.kotlinx/kotlinx-datetime-jvm/0.8.0/316346a7d44778581ff91154f72dfa576bce4ee2/kotlinx-datetime-jvm-0.8.0.jar:/home/annihilator/.gradle/caches/modules-2/files-2.1/androidx.graphics/graphics-shapes-desktop/1.1.0/a5d2198960bdc0915f74c6b2954d3323f35f40ea/graphics-shapes-desktop-1.1.0.jar:/home/annihilator/.gradle/caches/modules-2/files-2.1/androidx.collection/collection-jvm/1.5.0/7ba2c69414d46ebc2dd76598bdd0a75c54281a57/collection-jvm-1.5.0.jar:/home/annihilator/.gradle/caches/modules-2/files-2.1/io.coil-kt.coil3/coil-jvm/3.5.0-beta01/b0061205e37fc17ba27f52ba1ee42f2be1de31d3/coil-jvm-3.5.0-beta01.jar:/home/annihilator/.gradle/caches/modules-2/files-2.1/io.coil-kt.coil3/coil-network-core-jvm/3.5.0-beta01/27fa35b4c8e4fbcc99126099eba9600a1e8e5a56/coil-network-core-jvm-3.5.0-beta01.jar:/home/annihilator/.gradle/caches/modules-2/files-2.1/io.coil-kt.coil3/coil-core-jvm/3.5.0-beta01/a1cca49cdadfc07533b35de91d266adda8af9df8/coil-core-jvm-3.5.0-beta01.jar:/home/annihilator/.gradle/caches/modules-2/files-2.1/com.materialkolor.palette/androidx-palette-jvm/4.0.0-beta02/8635f5e4c28acd813bc78a044d6f1492de7c575/androidx-palette-jvm.jar:/home/annihilator/.gradle/caches/modules-2/files-2.1/dev.drewhamilton.poko/poko-annotations-jvm/0.21.3/1e98d2ec00742104bd01eaebbd59582dac99a62/poko-annotations-jvm-0.21.3.jar:/home/annihilator/.gradle/caches/modules-2/files-2.1/com.russhwolf/multiplatform-settings-no-arg-jvm/1.3.0/b9d2280a0d56597619afb286d7c5f697f2e83f03/multiplatform-settings-no-arg-jvm-1.3.0.jar:/home/annihilator/.gradle/caches/modules-2/files-2.1/com.russhwolf/multiplatform-settings-coroutines-jvm/1.3.0/c64a7df35357b1e8fa74b830d006d2ea23fcb395/multiplatform-settings-coroutines-jvm-1.3.0.jar:/home/annihilator/.gradle/caches/modules-2/files-2.1/dev.whyoleg.cryptography/cryptography-provider-jdk-jvm/0.5.0/3a2721ac930c182a0e424f2d558cfa9d52cc1b3/cryptography-provider-jdk-jvm-0.5.0.jar:/home/annihilator/.gradle/caches/modules-2/files-2.1/dev.whyoleg.cryptography/cryptography-provider-base-jvm/0.5.0/e03b79926494512ac452ca00cfa5e27135262d32/cryptography-provider-base-jvm-0.5.0.jar:/home/annihilator/.gradle/caches/modules-2/files-2.1/dev.whyoleg.cryptography/cryptography-serialization-asn1-modules-jvm/0.5.0/9308027088c76026a5b96f5b5b400859310ca1af/cryptography-serialization-asn1-modules-jvm-0.5.0.jar:/home/annihilator/.gradle/caches/modules-2/files-2.1/dev.whyoleg.cryptography/cryptography-serialization-asn1-jvm/0.5.0/242a38b98c1dd201f499485925f22c972858c153/cryptography-serialization-asn1-jvm-0.5.0.jar:/home/annihilator/.gradle/caches/modules-2/files-2.1/dev.whyoleg.cryptography/cryptography-bigint-jvm/0.5.0/97ac3202bf7f3792b3c8bc788a7bbb1b33ca2485/cryptography-bigint-jvm-0.5.0.jar:/home/annihilator/.gradle/caches/modules-2/files-2.1/dev.whyoleg.cryptography/cryptography-random-jvm/0.5.0/8e77668891b60f6058f1262e032d8b06d137bdde/cryptography-random-jvm-0.5.0.jar:/home/annihilator/.gradle/caches/modules-2/files-2.1/dev.whyoleg.cryptography/cryptography-serialization-pem-jvm/0.5.0/7b5cb41c77698e6fb3fab21e67bf7b9e988e11a2/cryptography-serialization-pem-jvm-0.5.0.jar:/home/annihilator/.gradle/caches/modules-2/files-2.1/dev.whyoleg.cryptography/cryptography-provider-optimal-jvm/0.5.0/f0ff9daaf78932f6348ee90d014ca4c78337971b/cryptography-provider-optimal-jvm-0.5.0.jar:/home/annihilator/.gradle/caches/modules-2/files-2.1/dev.whyoleg.cryptography/cryptography-core-jvm/0.5.0/d0fc25786ede38c33893236eacc3d6ab11d2ad10/cryptography-core-jvm-0.5.0.jar:/home/annihilator/.gradle/caches/modules-2/files-2.1/io.ktor/ktor-client-content-negotiation-jvm/3.4.0/266c1aef9d340c22cd859dd5c9174c2e1d86489f/ktor-client-content-negotiation-jvm-3.4.0.jar:/home/annihilator/.gradle/caches/modules-2/files-2.1/io.ktor/ktor-client-core-jvm/3.4.1/84dc032a29f56bdac73449f78a0a2e7f9cab042/ktor-client-core-jvm-3.4.1.jar:/home/annihilator/.gradle/caches/modules-2/files-2.1/io.ktor/ktor-http-cio-jvm/3.4.1/3bd25f53a79a1f68eaec86ae9da4878314cc80af/ktor-http-cio-jvm-3.4.1.jar:/home/annihilator/.gradle/caches/modules-2/files-2.1/io.ktor/ktor-websocket-serialization-jvm/3.4.1/3a687a268f242dab9b624b78d3daeb646aeed5cb/ktor-websocket-serialization-jvm-3.4.1.jar:/home/annihilator/.gradle/caches/modules-2/files-2.1/io.ktor/ktor-serialization-kotlinx-json-jvm/3.4.0/2a09f17d70b6e61623fd8aff9bdce6d7877892/ktor-serialization-kotlinx-json-jvm-3.4.0.jar:/home/annihilator/.gradle/caches/modules-2/files-2.1/io.ktor/ktor-serialization-kotlinx-jvm/3.4.0/d001db47b2ebe8ad8b2cb1bb2a687688840f5887/ktor-serialization-kotlinx-jvm-3.4.0.jar:/home/annihilator/.gradle/caches/modules-2/files-2.1/io.ktor/ktor-serialization-jvm/3.4.1/6fec7fdb4da27d09ff33a34e6e990b215f7c19c4/ktor-serialization-jvm-3.4.1.jar:/home/annihilator/.gradle/caches/modules-2/files-2.1/io.ktor/ktor-websockets-jvm/3.4.1/83226f3612bffab4d0af0d26f9e4d6b7d2e02a58/ktor-websockets-jvm-3.4.1.jar:/home/annihilator/.gradle/caches/modules-2/files-2.1/io.ktor/ktor-network-tls-jvm/3.4.1/8d17de5904253b073b44499a3e67ba99ca2ca8f6/ktor-network-tls-jvm-3.4.1.jar:/home/annihilator/.gradle/caches/modules-2/files-2.1/com.fleeksoft.charset/charset-jvm/0.0.8/b6fcd5cc804844347929a83c56f1fdd854c9ce66/charset-jvm-0.0.8.jar:/home/annihilator/.gradle/caches/modules-2/files-2.1/com.fleeksoft.io/io-core-jvm/0.0.8/78517ce1ff4c2ccbb8b91b9f1549c6e7a0ae1044/io-core-jvm-0.0.8.jar:/home/annihilator/.gradle/caches/modules-2/files-2.1/co.touchlab/stately-concurrency-jvm/2.1.0/6285428408c4d7e4a6d9a09511de877103effd81/stately-concurrency-jvm-2.1.0.jar:/home/annihilator/.gradle/caches/modules-2/files-2.1/org.jetbrains.kotlin/kotlin-stdlib-jdk7/1.9.0/f320478990d05e0cfaadd74f9619fd6027adbf37/kotlin-stdlib-jdk7-1.9.0.jar:/home/annihilator/.gradle/caches/modules-2/files-2.1/org.jetbrains.kotlinx/kotlinx-coroutines-slf4j/1.11.0/556153d93573d016dd4e5df37e3d03d07d8d303/kotlinx-coroutines-slf4j-1.11.0.jar:/home/annihilator/.gradle/caches/modules-2/files-2.1/org.jetbrains.kotlinx/kotlinx-coroutines-swing/1.11.0/3cf134b8aefd813622edc37e60d66b939b55cb36/kotlinx-coroutines-swing-1.11.0.jar:/home/annihilator/.gradle/caches/modules-2/files-2.1/io.ktor/ktor-http-jvm/3.4.1/6605b91c8f06bb6f67e2ec13b8ccea7926f4a526/ktor-http-jvm-3.4.1.jar:/home/annihilator/.gradle/caches/modules-2/files-2.1/io.ktor/ktor-events-jvm/3.4.1/c7aa6bd43fcaf3da2f57a5417b1df66814ec2577/ktor-events-jvm-3.4.1.jar:/home/annihilator/.gradle/caches/modules-2/files-2.1/io.ktor/ktor-sse-jvm/3.4.1/f95e6419c5bb24bed7c718dbff8b292a90db881e/ktor-sse-jvm-3.4.1.jar:/home/annihilator/.gradle/caches/modules-2/files-2.1/io.ktor/ktor-network-jvm/3.4.1/a3b710fabdc38031ff0fb96eaee2a6ddf5ada9c6/ktor-network-jvm-3.4.1.jar:/home/annihilator/.gradle/caches/modules-2/files-2.1/io.ktor/ktor-utils-jvm/3.4.1/f1ad623952ea49c631db750560228e3984790e48/ktor-utils-jvm-3.4.1.jar:/home/annihilator/.gradle/caches/modules-2/files-2.1/io.ktor/ktor-io-jvm/3.4.1/fccd4e08dde189d82ae9a3f5fdbbf152ccd3a9c8/ktor-io-jvm-3.4.1.jar:/home/annihilator/.gradle/caches/modules-2/files-2.1/org.jetbrains.kotlinx/kotlinx-coroutines-core-jvm/1.11.0/3d57dc678bd8d72a60e7adf0eca5c54e3f4f4b79/kotlinx-coroutines-core-jvm-1.11.0.jar:/home/annihilator/.gradle/caches/modules-2/files-2.1/org.jetbrains.kotlinx/kotlinx-serialization-json-io-jvm/1.11.0/645ed54ca9128fc217b30b3686a083141ebe635c/kotlinx-serialization-json-io-jvm-1.11.0.jar:/home/annihilator/.gradle/caches/modules-2/files-2.1/org.jetbrains.kotlinx/kotlinx-serialization-json-jvm/1.11.0/e7e045e99e56f07599bb9ccb708c2190e2af0606/kotlinx-serialization-json-jvm-1.11.0.jar:/home/annihilator/.gradle/caches/modules-2/files-2.1/org.jetbrains.kotlinx/kotlinx-serialization-core-jvm/1.11.0/c1905c9bf7452b045d5af9248835abe64ddad6bf/kotlinx-serialization-core-jvm-1.11.0.jar:/home/annihilator/.gradle/caches/modules-2/files-2.1/androidx.arch.core/core-common/2.2.0/5e1b8b81dfd5f52c56a8d53b18ca759c19a301f3/core-common-2.2.0.jar:/home/annihilator/.gradle/caches/modules-2/files-2.1/androidx.annotation/annotation-jvm/1.10.0/388cfaa79001d0f024d28f6a13d5a3dfc2f0e18f/annotation-jvm-1.10.0.jar:/home/annihilator/.gradle/caches/modules-2/files-2.1/org.jetbrains.kotlinx/kotlinx-io-core-jvm/0.9.0/7f7536f8f057ffc7f79375714e9730c4b8bdd7c9/kotlinx-io-core-jvm-0.9.0.jar:/home/annihilator/.gradle/caches/modules-2/files-2.1/com.squareup.okio/okio-jvm/3.17.0/a12d684ec0df9541b3869ae60a4a5257fd3613df/okio-jvm-3.17.0.jar:/home/annihilator/.gradle/caches/modules-2/files-2.1/co.touchlab/kermit-jvm/2.0.8/83ee3b1da12d91011c3e93558f97bc28665810de/kermit-jvm-2.0.8.jar:/home/annihilator/.gradle/caches/modules-2/files-2.1/org.jetbrains.kotlinx/kotlinx-collections-immutable-jvm/0.4.0/82499bf608b0fc3ae6737a5eac1a1f1325279bbf/kotlinx-collections-immutable-jvm-0.4.0.jar:/home/annihilator/.gradle/caches/modules-2/files-2.1/com.russhwolf/multiplatform-settings-jvm/1.3.0/76fe39b1cbb2b2b951ec230ab85e610ae179aab7/multiplatform-settings-jvm-1.3.0.jar:/home/annihilator/.gradle/caches/modules-2/files-2.1/co.touchlab/stately-strict-jvm/2.1.0/3ae8369209065455f4630793bf6aca0fb88c8b6b/stately-strict-jvm-2.1.0.jar:/home/annihilator/.gradle/caches/modules-2/files-2.1/org.jetbrains.kotlinx/kotlinx-io-bytestring-jvm/0.9.0/e73a7915234a8ea7954f32b715ef8e42b02f66a3/kotlinx-io-bytestring-jvm-0.9.0.jar:/home/annihilator/.gradle/caches/modules-2/files-2.1/co.touchlab/kermit-core-jvm/2.0.8/7d782124fef2b0c4dccf07208e1cf3aa13b57058/kermit-core-jvm-2.0.8.jar:/home/annihilator/.gradle/caches/modules-2/files-2.1/org.jetbrains.kotlin/kotlin-stdlib/2.4.0/4e9f4b531dce5c7dee58ed2de9a8b9a763c8dc6c/kotlin-stdlib-2.4.0.jar:/home/annihilator/.gradle/caches/modules-2/files-2.1/org.lwjgl/lwjgl-glfw/3.3.6/7119f7d0eeb1e5502ff0ca71d2b4d47317da015/lwjgl-glfw-3.3.6.jar:/home/annihilator/.gradle/caches/modules-2/files-2.1/org.lwjgl/lwjgl-glfw/3.3.6/797e0965709ad180d9b00c88a086dbda15002203/lwjgl-glfw-3.3.6-natives-linux.jar:/home/annihilator/.gradle/caches/modules-2/files-2.1/org.lwjgl/lwjgl-opengl/3.3.6/ac2532612a4df374e9a9282bcf8ce2573018ebbb/lwjgl-opengl-3.3.6.jar:/home/annihilator/.gradle/caches/modules-2/files-2.1/org.lwjgl/lwjgl-opengl/3.3.6/b8dc6467fe232d552793c53dc56f9fa8a385299c/lwjgl-opengl-3.3.6-natives-linux.jar:/home/annihilator/.gradle/caches/modules-2/files-2.1/org.lwjgl/lwjgl-vulkan/3.3.6/a403e0931b03b138854bb2ba9c48dab646cba6d8/lwjgl-vulkan-3.3.6.jar:/home/annihilator/.gradle/caches/modules-2/files-2.1/org.lwjgl/lwjgl/3.3.6/ce7721d30cfaf47feaed10213e0c43eb55c49d68/lwjgl-3.3.6.jar:/home/annihilator/.gradle/caches/modules-2/files-2.1/org.lwjgl/lwjgl/3.3.6/dc7db8fc4f1e6563867f9155b9a42d9c73d8992f/lwjgl-3.3.6-natives-linux.jar:/home/annihilator/.gradle/caches/modules-2/files-2.1/org.jetbrains/annotations/23.0.0/8cc20c07506ec18e0834947b84a864bfc094484e/annotations-23.0.0.jar:/home/annihilator/.gradle/caches/modules-2/files-2.1/io.sentry/sentry/8.52.0/b26a1b9181c78835078956c352f20cecd459e7a6/sentry-8.52.0.jar:/home/annihilator/.gradle/caches/modules-2/files-2.1/org.jetbrains.runtime/jbr-api/1.9.0/2bc161f5472b5fd5610740e4d6ebe896c811cb0e/jbr-api-1.9.0.jar:/home/annihilator/.gradle/caches/modules-2/files-2.1/org.slf4j/slf4j-api/2.0.17/d9e58ac9c7779ba3bf8142aff6c830617a7fe60f/slf4j-api-2.0.17.jar:/home/annihilator/.gradle/caches/modules-2/files-2.1/net.java.dev.jna/jna-platform/5.19.1/d1e54d9231da5ca3fa730d52960deaa555475468/jna-platform-5.19.1.jar:/home/annihilator/.gradle/caches/modules-2/files-2.1/com.typesafe/config/1.4.5/cc25b497ded7068a861517a815546fb472f9e58/config-1.4.5.jar:/home/annihilator/.gradle/caches/modules-2/files-2.1/org.fusesource.jansi/jansi/2.4.2/ba7387c31622c6650b83edba1bbb115f1fe462ba/jansi-2.4.2.jar:/home/annihilator/.gradle/caches/modules-2/files-2.1/net.java.dev.jna/jna/5.19.1/ca303052cd617c1af2e2c8d344c98a706fb63143/jna-5.19.1.jar:/home/annihilator/.gradle/caches/modules-2/files-2.1/org.jspecify/jspecify/1.0.0/7425a601c1c7ec76645a78d22b8c6a627edee507/jspecify-1.0.0.jar
Launcher Type: SUN_STANDARD

[Global flags]
     bool AOTAdapterCaching                        = false                                  {diagnostic} {ergonomic}
     bool AOTInvokeDynamicLinking                  = false                                  {diagnostic} {ergonomic}
     bool AOTRecordTraining                        = false                                  {diagnostic} {ergonomic}
     bool AOTReplayTraining                        = false                                  {diagnostic} {ergonomic}
     bool AOTStubCaching                           = false                                  {diagnostic} {ergonomic}
     intx CICompilerCount                          = 12                                        {product} {ergonomic}
     uint ConcGCThreads                            = 3                                         {product} {ergonomic}
     uint G1ConcRefinementThreads                  = 13                                        {product} {ergonomic}
     uint G1EagerReclaimRemSetThreshold            = 16                                   {experimental} {ergonomic}
   size_t G1HeapRegionSize                         = 2097152                                   {product} {ergonomic}
     uint G1RemSetArrayOfCardsEntries              = 16                                   {experimental} {ergonomic}
     uint G1RemSetHowlMaxNumBuckets                = 8                                    {experimental} {ergonomic}
     uint G1RemSetHowlNumBuckets                   = 8                                    {experimental} {ergonomic}
   size_t InitialHeapSize                          = 8388608                                   {product} {ergonomic}
     bool IntelJccErratumMitigation                = false                             {ARCH diagnostic} {ergonomic}
   size_t MarkStackSize                            = 4194304                                   {product} {ergonomic}
   size_t MarkStackSizeMax                         = 536870912                                 {product} {ergonomic}
   size_t MaxHeapSize                              = 4032823296                                {product} {ergonomic}
   size_t MaxNewSize                               = 2418016256                                {product} {ergonomic}
 uint64_t MaxRAM                                   = 16128925696                               {product} {ergonomic}
   size_t MinHeapDeltaBytes                        = 2097152                                   {product} {ergonomic}
   size_t MinHeapSize                              = 8388608                                   {product} {ergonomic}
   size_t NonNMethodCodeHeapSize                   = 7606272                                {pd product} {ergonomic}
   size_t NonProfiledCodeHeapSize                  = 122028032                              {pd product} {ergonomic}
   size_t ProfiledCodeHeapSize                     = 122028032                              {pd product} {ergonomic}
   size_t ReservedCodeCacheSize                    = 251662336                              {pd product} {ergonomic}
     bool SegmentedCodeCache                       = true                                      {product} {ergonomic}
   size_t SoftMaxHeapSize                          = 4032823296                             {manageable} {ergonomic}
     bool UseCompressedOops                        = true                           {product lp64_product} {ergonomic}
     bool UseCondCardMark                          = true                                      {product} {ergonomic}
     bool UseFastUnorderedTimeStamps               = true                                 {experimental} {ergonomic}
     bool UseG1GC                                  = true                                      {product} {ergonomic}
      int X86ICacheSync                            = 3                                 {ARCH diagnostic} {ergonomic}

Logging:
Log output configuration:
 #0: 
[error occurred during error reporting (printing log configuration), id 0xb, SIGSEGV (0xb) at pc=0x00007f715739b718]
Release file:
IMPLEMENTOR="Arch Linux"
JAVA_RUNTIME_VERSION="26.0.2.1"
JAVA_VERSION="26.0.2.1"
JAVA_VERSION_DATE="2026-08-18"
LIBC="gnu"
MODULES="java.base java.compiler java.datatransfer java.xml java.prefs java.desktop java.instrument java.logging java.management java.security.sasl java.naming java.rmi java.management.rmi java.net.http java.scripting java.security.jgss java.transaction.xa java.sql java.sql.rowset java.xml.crypto java.se java.smartcardio jdk.accessibility jdk.internal.jvmstat jdk.attach jdk.charsets jdk.internal.opt jdk.zipfs jdk.compiler jdk.crypto.cryptoki jdk.crypto.ec jdk.dynalink jdk.internal.ed jdk.editpad jdk.internal.vm.ci jdk.graal.compiler jdk.graal.compiler.management jdk.hotspot.agent jdk.httpserver jdk.incubator.vector jdk.internal.le jdk.internal.md jdk.jartool jdk.javadoc jdk.jcmd jdk.management jdk.management.agent jdk.jconsole jdk.jdeps jdk.jdwp.agent jdk.jdi jdk.jfr jdk.jlink jdk.jpackage jdk.jshell jdk.jstatd jdk.localedata jdk.management.jfr jdk.naming.dns jdk.naming.rmi jdk.net jdk.nio.mapmode jdk.sctp jdk.security.auth jdk.security.jgss jdk.unsupported jdk.unsupported.desktop jdk.xml.dom"
OS_ARCH="x86_64"
OS_NAME="Linux"
SOURCE=""

Environment Variables:
PATH=/home/annihilator/.local/bin:/home/annihilator/bin:/home/annihilator/.cargo/bin:/home/annihilator/.npm-global/bin:/home/annihilator/.local/share/solana/install/active_release/bin:/usr/local/sbin:/usr/local/bin:/usr/bin:/opt/cuda/bin:/var/lib/flatpak/exports/bin:/usr/lib/jvm/default/bin:/usr/bin/site_perl:/usr/bin/vendor_perl:/usr/bin/core_perl:/opt/rocm/bin:/home/annihilator/.config/Claude/local-agent-mode-sessions/f30d0a67-fea7-4d47-acce-d7da1f075d93/3f6e0ddc-f963-4a28-bb3d-52c35a96b68e/rpm/plugin_0155zZVATbJU3jHUmPP9NvMC/bin:/home/annihilator/.config/Claude/local-agent-mode-sessions/skills-plugin/3f6e0ddc-f963-4a28-bb3d-52c35a96b68e/f30d0a67-fea7-4d47-acce-d7da1f075d93/bin
LD_PRELOAD=/tmp/libglxshim.so
SHELL=/bin/zsh
DISPLAY=:0
WAYLAND_DISPLAY=wayland-1
LANG=en_GB.UTF-8

Active Locale:
LC_ALL=LC_CTYPE=en_GB.UTF-8;LC_NUMERIC=C;LC_TIME=en_GB.UTF-8;LC_COLLATE=en_GB.UTF-8;LC_MONETARY=en_GB.UTF-8;LC_MESSAGES=en_GB.UTF-8;LC_PAPER=en_GB.UTF-8;LC_NAME=en_GB.UTF-8;LC_ADDRESS=en_GB.UTF-8;LC_TELEPHONE=en_GB.UTF-8;LC_MEASUREMENT=en_GB.UTF-8;LC_IDENTIFICATION=en_GB.UTF-8
LC_COLLATE=en_GB.UTF-8
LC_CTYPE=en_GB.UTF-8
LC_MESSAGES=en_GB.UTF-8
LC_MONETARY=en_GB.UTF-8
LC_NUMERIC=C
LC_TIME=en_GB.UTF-8

Signal Handlers:
   SIGSEGV: 0x00007f7157880b00 in libjvm.so+15207168, mask=11100100010111111101111111111110, flags=SA_RESTART|SA_SIGINFO, unblocked
    SIGBUS: 0x00007f7157880b00 in libjvm.so+15207168, mask=11100100010111111101111111111110, flags=SA_RESTART|SA_SIGINFO, unblocked
    SIGFPE: 0x00007f7157880b00 in libjvm.so+15207168, mask=11100100010111111101111111111110, flags=SA_RESTART|SA_SIGINFO, unblocked
   SIGPIPE: 0x00007f71576de900 in libjvm.so+13494528, mask=11100100010111111101111111111110, flags=SA_RESTART|SA_SIGINFO, blocked
   SIGXFSZ: 0x00007f71576de900 in libjvm.so+13494528, mask=11100100010111111101111111111110, flags=SA_RESTART|SA_SIGINFO, blocked
    SIGILL: 0x00007f7157880b00 in libjvm.so+15207168, mask=11100100010111111101111111111110, flags=SA_RESTART|SA_SIGINFO, unblocked
   SIGUSR2: 0x00007f71576e15b0 in libjvm.so+13505968, mask=00000000000000000000000000000000, flags=SA_RESTART|SA_SIGINFO, blocked
    SIGHUP: 0x00007f71576dc810 in libjvm.so+13486096, mask=11100100010111111101111111111110, flags=SA_RESTART|SA_SIGINFO, blocked
    SIGINT: 0x00007f71576dc810 in libjvm.so+13486096, mask=11100100010111111101111111111110, flags=SA_RESTART|SA_SIGINFO, blocked
   SIGTERM: 0x00007f71576dc810 in libjvm.so+13486096, mask=11100100010111111101111111111110, flags=SA_RESTART|SA_SIGINFO, blocked
   SIGQUIT: 0x00007f71576dc810 in libjvm.so+13486096, mask=11100100010111111101111111111110, flags=SA_RESTART|SA_SIGINFO, blocked
   SIGTRAP: 0x00007f7157880b00 in libjvm.so+15207168, mask=11100100010111111101111111111110, flags=SA_RESTART|SA_SIGINFO, unblocked


Compilation memory statistics disabled.

Periodic native trim disabled

---------------  S Y S T E M  ---------------

OS:
DISTRIB_ID="Arch"
DISTRIB_RELEASE="rolling"
DISTRIB_DESCRIPTION="Arch Linux"
uname: Linux 7.1.9-arch1-2 #1 SMP PREEMPT_DYNAMIC Fri, 21 Aug 2026 22:18:59 +0000 x86_64
OS uptime: 1 days 11:40 hours
libc: glibc 2.44 NPTL 2.44 
rlimit (soft/hard): STACK 8192k/infinity , CORE infinity/infinity , NPROC 60477/60477 , NOFILE 524288/524288 , AS infinity/infinity , CPU infinity/infinity , DATA infinity/infinity , FSIZE infinity/infinity , MEMLOCK 8192k/8192k
load average: 3.57 2.76 2.54

/proc/meminfo:
MemTotal:       15750904 kB
MemFree:         3228684 kB
MemAvailable:    4779752 kB
Buffers:           36872 kB
Cached:          2219176 kB
SwapCached:       238596 kB
Active:          6962168 kB
Inactive:        2057424 kB
Active(anon):    5970840 kB
Inactive(anon):  1325624 kB
Active(file):     991328 kB
Inactive(file):   731800 kB
Unevictable:      516204 kB
Mlocked:            2516 kB
SwapTotal:      24652280 kB
SwapFree:       19409548 kB
Zswap:                 0 kB
Zswapped:              0 kB
Dirty:              4012 kB
Writeback:             0 kB
AnonPages:       7158616 kB
Mapped:           874504 kB
Shmem:            264164 kB
KReclaimable:     151704 kB
Slab:             426904 kB
SReclaimable:     151704 kB
SUnreclaim:       275200 kB
KernelStack:       33072 kB
PageTables:        92320 kB
SecPageTables:      2264 kB
NFS_Unstable:          0 kB
Bounce:                0 kB
WritebackTmp:          0 kB
CommitLimit:    32527732 kB
Committed_AS:   29561216 kB
VmallocTotal:   34359738367 kB
VmallocUsed:      201532 kB
VmallocChunk:          0 kB
Percpu:            11712 kB
HardwareCorrupted:     0 kB
AnonHugePages:   1585152 kB
ShmemHugePages:        0 kB
ShmemPmdMapped:        0 kB
FileHugePages:    249856 kB
FilePmdMapped:    221184 kB
CmaTotal:              0 kB
CmaFree:               0 kB
Unaccepted:            0 kB
Balloon:               0 kB
GPUActive:         75280 kB
GPUReclaim:        31400 kB
HugePages_Total:       0
HugePages_Free:        0
HugePages_Rsvd:        0
HugePages_Surp:        0
Hugepagesize:       2048 kB
Hugetlb:               0 kB
DirectMap4k:    14303960 kB
DirectMap2M:     1851392 kB
DirectMap1G:           0 kB

/sys/kernel/mm/transparent_hugepage/enabled: [always] madvise never
/sys/kernel/mm/transparent_hugepage/hpage_pmd_size: 2097152
/sys/kernel/mm/transparent_hugepage/shmem_enabled: always within_size [advise] never deny force
/sys/kernel/mm/transparent_hugepage/defrag (defrag/compaction efforts parameter): always defer defer+madvise [madvise] never

Process Memory:
Virtual Size: 13600676K (peak: 13620964K)
Resident Set Size: 983160K (peak: 983280K) (anon: 568348K, file: 404192K, shmem: 10620K)
Swapped out: 0K
C-Heap outstanding allocations: 373863K, retained: 181542K
glibc malloc tunables: (default)

/proc/sys/kernel/threads-max (system-wide limit on the number of threads): 120955
/proc/sys/vm/max_map_count (maximum number of memory map areas a process may have): 1048576
/proc/sys/vm/swappiness (control to define how aggressively the kernel swaps out anonymous memory): 60
/proc/sys/kernel/pid_max (system-wide limit on number of process identifiers): 4194304

container information not found.
Steal ticks since vm start: 0
Steal ticks percentage since vm start:  0.000

CPU: total 16 (initial active 16) (8 cores per cpu, 2 threads per core) family 25 model 80 stepping 0 microcode 0xa500012, cx8, cmov, fxsr, ht, mmx, 3dnowpref, sse, sse2, sse3, ssse3, sse4a, sse4.1, sse4.2, popcnt, lzcnt, tsc, tscinvbit, avx, avx2, aes, erms, clmul, bmi1, bmi2, adx, sha, fma, vzeroupper, clflush, clflushopt, clwb, rdtscp, rdpid, fsrm, f16c, pku, ospke, cet_ss
CPU Model and flags from /proc/cpuinfo:
model name	: AMD Ryzen 7 5800HS with Radeon Graphics
flags		: fpu vme de pse tsc msr pae mce cx8 apic sep mtrr pge mca cmov pat pse36 clflush mmx fxsr sse sse2 ht syscall nx mmxext fxsr_opt pdpe1gb rdtscp lm constant_tsc rep_good nopl xtopology nonstop_tsc cpuid extd_apicid aperfmperf rapl pni pclmulqdq monitor ssse3 fma cx16 sse4_1 sse4_2 movbe popcnt aes xsave avx f16c rdrand lahf_lm cmp_legacy svm extapic cr8_legacy abm sse4a misalignsse 3dnowprefetch osvw ibs skinit wdt tce topoext perfctr_core perfctr_nb bpext perfctr_llc mwaitx cpb cat_l3 cdp_l3 hw_pstate ssbd mba ibrs ibpb stibp vmmcall fsgsbase bmi1 avx2 smep bmi2 erms invpcid cqm rdt_a rdseed adx smap clflushopt clwb sha_ni xsaveopt xsavec xgetbv1 xsaves cqm_llc cqm_occup_llc cqm_mbm_total cqm_mbm_local user_shstk clzero irperf xsaveerptr rdpru wbnoinvd cppc arat npt lbrv svm_lock nrip_save tsc_scale vmcb_clean flushbyasid decodeassists pausefilter pfthreshold avic v_vmsave_vmload vgif v_spec_ctrl umip pku ospke vaes vpclmulqdq rdpid overflow_recov succor smca fsrm debug_swap

Online cpus: 0-15
Offline cpus: 
BIOS frequency limitation: <Not Available>
Frequency switch latency (ns): 0
Available cpu frequencies: <Not Available>
Current governor: powersave
Core performance/turbo boost: 1

Memory: 4k page, physical 15750904k(4779752k free), swap 24652280k(19409548k free)
Page Sizes: 4k

vm_info: OpenJDK 64-Bit Server VM (26.0.2.1) for linux-amd64 JRE (26.0.2.1), built on 2026-08-19T07:23:47Z with gcc 16.2.1 20260810

END.
