#
# A fatal error has been detected by the Java Runtime Environment:
#
#  SIGSEGV (0xb) at pc=0x00007f28e45ccff5, pid=1265257, tid=1265331
#
# JRE version: OpenJDK Runtime Environment (26.0.2.1) (build 26.0.2.1)
# Java VM: OpenJDK 64-Bit Server VM (26.0.2.1, mixed mode, sharing, tiered, compressed oops, compressed class ptrs, g1 gc, linux-amd64)
# Problematic frame:
# C  [libmpv.so.2.5.0+0x1ccff5]  update_overlays+0xb6
#
# Core dump will be written. Default location: Determined by the following: "/usr/lib/systemd/systemd-coredump %P %u %g %s %t %c %h %d %F %I" (alternatively, falling back to /home/annihilator/dev/NuvioDesktop/waylandHost/core.1265257)
#
# If you would like to submit a bug report, please visit:
#   https://bugreport.java.com/bugreport/crash.jsp
# The crash happened outside the Java Virtual Machine in native code.
# See problematic frame for where to report the bug.
#

---------------  S U M M A R Y ------------

Command Line: -Dnuvio.wayland.libmpv=/home/annihilator/dev/mpv/build/libmpv.so.2 -Dnuvio.wayland.realApp=true -Dnuvio.wayland.videoLog=true -Dorg.lwjgl.util.Debug=false --enable-native-access=ALL-UNNAMED -Dfile.encoding=UTF-8 -Duser.country=GB -Duser.language=en -Duser.variant com.nuvio.wayland.MainKt

Host: AMD Ryzen 7 5800HS with Radeon Graphics, 16 cores, 15G, Arch Linux
Time: Sun Aug 23 13:41:51 2026 BST elapsed time: 240.063823 seconds (0d 0h 4m 0s)

---------------  T H R E A D  ---------------

Current thread (0x00007f29495947c0):  JavaThread "nuvio-video" daemon [_thread_in_native, id=1265331, stack(0x00007f28aff04000,0x00007f28b0004000) (1024K)]

Stack: [0x00007f28aff04000,0x00007f28b0004000],  sp=0x00007f28b00011a0,  free space=1012k
Native frames: (J=compiled Java code, j=interpreted, Vv=VM code, C=native code)
C  [libmpv.so.2.5.0+0x1ccff5]  update_overlays+0xb6
C  [libmpv.so.2.5.0+0x1d2adc]  render_frame_to_target+0x4c4
C  [libmpv.so.2.5.0+0x1d750a]  gpu_next_renderer_render+0x19a
C  [libmpv.so.2.5.0+0x1db5d0]  render+0x1ed
C  [libmpv.so.2.5.0+0x1b9b5a]  mpv_render_context_render+0x58f
v  ~RuntimeStub::nep_invoker_blob 0x00007f2937649b21
j  java.lang.invoke.LambdaForm$MH+0x000000009c102c00.invoke(Ljava/lang/Object;JJJ)I+12 java.base@26.0.2.1
j  java.lang.invoke.LambdaForm$MH+0x000000009c105c00.invokeExact_MT(Ljava/lang/Object;JJJLjava/lang/Object;)I+23 java.base@26.0.2.1
j  jdk.internal.foreign.abi.DowncallStub+0x000000009c103000.invoke(Ljava/lang/foreign/SegmentAllocator;Ljava/lang/foreign/MemorySegment;Ljava/lang/foreign/MemorySegment;Ljava/lang/foreign/MemorySegment;)I+113 java.base@26.0.2.1
j  java.lang.invoke.LambdaForm$DMH+0x000000009c103400.invokeStatic(Ljava/lang/Object;Ljava/lang/Object;Ljava/lang/Object;Ljava/lang/Object;Ljava/lang/Object;)I+16 java.base@26.0.2.1
j  java.lang.invoke.LambdaForm$MH+0x000000009c105000.invoke(Ljava/lang/Object;Ljava/lang/Object;Ljava/lang/Object;)I+47 java.base@26.0.2.1
j  java.lang.invoke.LambdaForm$MH+0x000000009c105400.invokeExact_MT(Ljava/lang/Object;Ljava/lang/Object;Ljava/lang/Object;Ljava/lang/Object;)I+20 java.base@26.0.2.1
j  com.nuvio.wayland.Mpv.render(III)I+187
j  com.nuvio.wayland.VideoPipeline.loop()V+121
j  com.nuvio.wayland.VideoPipeline.run()V+86
j  com.nuvio.wayland.VideoPipeline.start$lambda$0(Lcom/nuvio/wayland/VideoPipeline;)V+1
j  com.nuvio.wayland.VideoPipeline$$Lambda+0x000000009c0af388.run()V+4
j  java.lang.Thread.runWith(Ljava/lang/Object;Ljava/lang/Runnable;)V+5 java.base@26.0.2.1
j  java.lang.Thread.run()V+19 java.base@26.0.2.1
v  ~StubRoutines::Stub Generator call_stub_stub 0x00007f29372605a2
V  [libjvm.so+0x7309eb]
V  [libjvm.so+0x7316eb]
V  [libjvm.so+0x82928b]
V  [libjvm.so+0x7433d1]
V  [libjvm.so+0xae91d8]
C  [libc.so.6+0x980a2]
Java frames: (J=compiled Java code, j=interpreted, Vv=VM code)
v  ~RuntimeStub::nep_invoker_blob 0x00007f2937649ae8
j  java.lang.invoke.LambdaForm$MH+0x000000009c102c00.invoke(Ljava/lang/Object;JJJ)I+12 java.base@26.0.2.1
j  java.lang.invoke.LambdaForm$MH+0x000000009c105c00.invokeExact_MT(Ljava/lang/Object;JJJLjava/lang/Object;)I+23 java.base@26.0.2.1
j  jdk.internal.foreign.abi.DowncallStub+0x000000009c103000.invoke(Ljava/lang/foreign/SegmentAllocator;Ljava/lang/foreign/MemorySegment;Ljava/lang/foreign/MemorySegment;Ljava/lang/foreign/MemorySegment;)I+113 java.base@26.0.2.1
j  java.lang.invoke.LambdaForm$DMH+0x000000009c103400.invokeStatic(Ljava/lang/Object;Ljava/lang/Object;Ljava/lang/Object;Ljava/lang/Object;Ljava/lang/Object;)I+16 java.base@26.0.2.1
j  java.lang.invoke.LambdaForm$MH+0x000000009c105000.invoke(Ljava/lang/Object;Ljava/lang/Object;Ljava/lang/Object;)I+47 java.base@26.0.2.1
j  java.lang.invoke.LambdaForm$MH+0x000000009c105400.invokeExact_MT(Ljava/lang/Object;Ljava/lang/Object;Ljava/lang/Object;Ljava/lang/Object;)I+20 java.base@26.0.2.1
j  com.nuvio.wayland.Mpv.render(III)I+187
j  com.nuvio.wayland.VideoPipeline.loop()V+121
j  com.nuvio.wayland.VideoPipeline.run()V+86
j  com.nuvio.wayland.VideoPipeline.start$lambda$0(Lcom/nuvio/wayland/VideoPipeline;)V+1
j  com.nuvio.wayland.VideoPipeline$$Lambda+0x000000009c0af388.run()V+4
j  java.lang.Thread.runWith(Ljava/lang/Object;Ljava/lang/Runnable;)V+5 java.base@26.0.2.1
j  java.lang.Thread.run()V+19 java.base@26.0.2.1
v  ~StubRoutines::Stub Generator call_stub_stub 0x00007f29372605a2

siginfo: si_signo: 11 (SIGSEGV), si_code: 1 (SEGV_MAPERR), si_addr: 0x0000000000000038

Registers:
RAX=0x0000000000000000, RBX=0x0000000000000001, RCX=0x00007f2908201ef8, RDX=0x0000000000000000
RSP=0x00007f28b00011a0, RBP=0x00007f28b0001470, RSI=0x00007f28b0001368, RDI=0x0000000000000000
R8 =0x00007f28b0001e10, R9 =0x0000000000000000, R10=0x00007f2908200d60, R11=0x00007f2908201ef8
R12=0x0000000000000000, R13=0x00007f28b0002288, R14=0x00007f28b0002350, R15=0x00007f29495947c0
RIP=0x00007f28e45ccff5, EFLAGS=0x0000000000010212, CSGSFS=0x002b000000000033, ERR=0x0000000000000004
  TRAPNO=0x000000000000000e

XMM[0]=0x0000000000000000 0x0000000000000000
XMM[1]=0x0000000000000000 0x0000000000000000
XMM[2]=0x0000000000000000 0x0000000000000000
XMM[3]=0x0000000000000000 0x0000000000000000
XMM[4]=0x0000000000000000 0x3ff0000000000000
XMM[5]=0x0000000000000000 0x0000000000000000
XMM[6]=0x0000000000000000 0xbfe7154748bef6c8
XMM[7]=0x0000000000000000 0x0000000000000000
XMM[8]=0x0000000000000000 0x0000000100000000
XMM[9]=0xffffffffffffffff 0xffffffffffffffff
XMM[10]=0x0000000000000001 0x0000000000000001
XMM[11]=0x76e23f3776e23f37 0x76e23f3767e7682b
XMM[12]=0x0000000000000000 0x00000000f10528f4
XMM[13]=0x0000000000000000 0x0000000000000002
XMM[14]=0x0000000000000000 0x00000002ffffffff
XMM[15]=0x0000000000000000 0x0000000000000000
  MXCSR=0x00001fa2


Register to memory mapping:

RAX=0x0 is null
RBX=0x0000000000000001 is an unknown value
RCX=0x00007f2908201ef8 points into unknown readable memory: 0x0000000000000000 | 00 00 00 00 00 00 00 00
RDX=0x0 is null
RSP=0x00007f28b00011a0 is pointing into the stack for thread: 0x00007f29495947c0
RBP=0x00007f28b0001470 is pointing into the stack for thread: 0x00007f29495947c0
RSI=0x00007f28b0001368 is pointing into the stack for thread: 0x00007f29495947c0
RDI=0x0 is null
R8 =0x00007f28b0001e10 is pointing into the stack for thread: 0x00007f29495947c0
R9 =0x0 is null
R10=0x00007f2908200d60 points into unknown readable memory: 0x0000000000000000 | 00 00 00 00 00 00 00 00
R11=0x00007f2908201ef8 points into unknown readable memory: 0x0000000000000000 | 00 00 00 00 00 00 00 00
R12=0x0 is null
R13=0x00007f28b0002288 is pointing into the stack for thread: 0x00007f29495947c0
R14=0x00007f28b0002350 is pointing into the stack for thread: 0x00007f29495947c0
R15=0x00007f29495947c0 is a thread

Top of Stack: (sp=0x00007f28b00011a0)
0x00007f28b00011a0:   0000000000000000 0000000000000000   ................
0x00007f28b00011b0:   00007f28b0001e10 00007f2908201ef8   ....(..... .)...
0x00007f28b00011c0:   0000000000000003 00007f2908200d60   ........`. .)...
0x00007f28b00011d0:   76e23f3767e7682b 76e23f3776e23f37   +h.g7?.v7?.v7?.v
0x00007f28b00011e0:   00000000f10528f4 0000000000000000   .(..............
0x00007f28b00011f0:   0000000000000002 0000000000000000   ................
0x00007f28b0001200:   00000002ffffffff 0000000000000000   ................
0x00007f28b0001210:   0000000000000000 0000000000000000   ................
0x00007f28b0001220:   00007f294940c3d0 00007f28b00012b8   ..@I).......(...
0x00007f28b0001230:   00007f28b00012b4 00007f294ef7fb96   ....(......N)...
0x00007f28b0001240:   0000000000000006 0000000000000000   ................
0x00007f28b0001250:   0000000000000000 0000000000000000   ................
0x00007f28b0001260:   0000000000000000 00007f294943e9e8   ..........CI)...
0x00007f28b0001270:   00000000000000d4 00007f28e7ee3c10   .........<..(...
0x00007f28b0001280:   0000000000000002 8000000000000006   ................
0x00007f28b0001290:   0000000000000000 0000000000000000   ................
0x00007f28b00012a0:   0000000000000000 0000000000000000   ................
0x00007f28b00012b0:   0000000000000000 0000000000000000   ................
0x00007f28b00012c0:   0003000300000001 00007f294949bb10   ..........II)...
0x00007f28b00012d0:   0000000000000000 0000000000000007   ................
0x00007f28b00012e0:   00007f2949486bf0 00007f294949bb38   .kHI)...8.II)...
0x00007f28b00012f0:   00007f2949486d28 e1e63b4b3e430500   (mHI).....C>K;..
0x00007f28b0001300:   00007f28b0001320 00007f28e4475c80    ...(....\G.(...
0x00007f28b0001310:   0000000800000005 00007f294949bb10   ..........II)...
0x00007f28b0001320:   00007f28b0001360 00007f28e447783b   `...(...;xG.(...
0x00007f28b0001330:   00007f28b0001390 00007f28e467aaa1   ....(.....g.(...
0x00007f28b0001340:   00000008b00013b0 00007f294949bb10   ..........II)...
0x00007f28b0001350:   0000000000000000 00007f28e7f46b0a   .........k..(...
0x00007f28b0001360:   00007f28b0001460 0000000100000001   `...(...........
0x00007f28b0001370:   00007f28b0001410 00007f28e467aaa1   ....(.....g.(...
0x00007f28b0001380:   0000000800000001 00007f294949bb10   ..........II)...
0x00007f28b0001390:   0000003000000018 00007f28b0001470   ....0...p...(...

Instructions: (pc=0x00007f28e45ccff5)
  0x00007f28e45ccef5:   ff ff 8b 80 f8 10 00 00 8d 50 01 48 8b 85 48 ff
  0x00007f28e45ccf05:   ff ff 89 90 f8 10 00 00 48 8b 85 48 ff ff ff 48
  0x00007f28e45ccf15:   05 c8 10 00 00 48 89 c7 e8 de 80 e8 ff 48 8b 85
  0x00007f28e45ccf25:   70 ff ff ff 48 8b 55 f8 64 48 2b 14 25 28 00 00
  0x00007f28e45ccf35:   00 74 05 e8 e3 91 e8 ff c9 c3 55 48 89 e5 53 48
  0x00007f28e45ccf45:   81 ec c8 02 00 00 48 89 bd 58 fd ff ff 89 b5 54
  0x00007f28e45ccf55:   fd ff ff 89 95 50 fd ff ff 48 89 8d 48 fd ff ff
  0x00007f28e45ccf65:   4c 89 85 40 fd ff ff 4c 89 8d 38 fd ff ff f3 0f
  0x00007f28e45ccf75:   11 85 34 fd ff ff 64 48 8b 04 25 28 00 00 00 48
  0x00007f28e45ccf85:   89 45 e8 31 c0 48 83 bd 38 fd ff ff 00 74 19 48
  0x00007f28e45ccf95:   8b 85 38 fd ff ff f2 0f 10 80 98 01 00 00 f2 0f
  0x00007f28e45ccfa5:   11 85 98 fd ff ff eb 0c 66 0f ef c0 f2 0f 11 85
  0x00007f28e45ccfb5:   98 fd ff ff 48 8d 95 f8 fe ff ff 8b 45 30 48 89
  0x00007f28e45ccfc5:   d6 89 c7 e8 86 d7 f9 ff 8b 45 10 8b 9d f8 fe ff
  0x00007f28e45ccfd5:   ff 99 f7 fb 89 45 10 8b 45 14 8b 9d fc fe ff ff
  0x00007f28e45ccfe5:   99 f7 fb 89 45 14 48 8b 85 58 fd ff ff 48 8b 00
=>0x00007f28e45ccff5:   48 8b 78 38 48 8d 05 38 52 0d 00 49 89 c1 8b b5
  0x00007f28e45cd005:   54 fd ff ff 4c 8b 85 98 fd ff ff 48 83 ec 20 48
  0x00007f28e45cd015:   89 e1 48 8b 45 10 48 8b 55 18 48 89 01 48 89 51
  0x00007f28e45cd025:   08 48 8b 45 20 48 8b 55 28 48 89 41 10 48 89 51
  0x00007f28e45cd035:   18 4c 89 ca 66 49 0f 6e c0 e8 0d 14 f9 ff 48 83
  0x00007f28e45cd045:   c4 20 48 89 85 a0 fd ff ff 48 8b 85 48 fd ff ff
  0x00007f28e45cd055:   48 8d 50 78 48 8b 85 40 fd ff ff 48 89 90 f0 01
  0x00007f28e45cd065:   00 00 48 8b 85 40 fd ff ff c7 80 f8 01 00 00 00
  0x00007f28e45cd075:   00 00 00 c7 85 74 fd ff ff 00 00 00 00 e9 93 11
  0x00007f28e45cd085:   00 00 48 8b 85 a0 fd ff ff 48 8b 40 10 8b 95 74
  0x00007f28e45cd095:   fd ff ff 48 63 d2 48 c1 e2 03 48 01 d0 48 8b 00
  0x00007f28e45cd0a5:   48 89 85 a8 fd ff ff 48 8b 85 a8 fd ff ff 8b 40
  0x00007f28e45cd0b5:   10 85 c0 0f 84 54 11 00 00 48 8b 85 a8 fd ff ff
  0x00007f28e45cd0c5:   48 8b 40 18 48 85 c0 0f 84 40 11 00 00 48 8b 85
  0x00007f28e45cd0d5:   a8 fd ff ff 8b 00 48 63 d0 48 89 d0 48 01 c0 48
  0x00007f28e45cd0e5:   01 d0 48 c1 e0 03 48 8b 95 48 fd ff ff 48 01 d0


Stack slot to memory mapping:

stack at sp + 0 slots: 0x0 is null
stack at sp + 1 slots: 0x0 is null
stack at sp + 2 slots: 0x00007f28b0001e10 is pointing into the stack for thread: 0x00007f29495947c0
stack at sp + 3 slots: 0x00007f2908201ef8 points into unknown readable memory: 0x0000000000000000 | 00 00 00 00 00 00 00 00
stack at sp + 4 slots: 0x0000000000000003 is an unknown value
stack at sp + 5 slots: 0x00007f2908200d60 points into unknown readable memory: 0x0000000000000000 | 00 00 00 00 00 00 00 00
stack at sp + 6 slots: 0x76e23f3767e7682b is an unknown value
stack at sp + 7 slots: 0x76e23f3776e23f37 is an unknown value

Lock stack of current Java thread (top to bottom):

--------------------------------------------------------------------------------
Decoding CodeBlob, name: nep_invoker_blob, at  [0x00007f2937649ae0, 0x00007f2937649bd8]  248 bytes

Loading hsdis library failed, undisassembled code is shown in MachCode section
[MachCode]
  0x00007f2937649ae0: 5548 8bec | 4883 ec10 | c5f8 7749 | 89af 7804 | 0000 49ba | e89a 6437 | 297f 0000 | 4d89 9770 
  0x00007f2937649b00: 0400 0049 | 89a7 6804 | 0000 41c7 | 8704 0500 | 0004 0000 | 004c 8bd6 | 488b f148 | 8bfa 41ff 
  0x00007f2937649b20: d2c5 f877 | 41c7 8704 | 0500 0005 | 0000 00f0 | 8344 24c0 | 0049 3b6f | 280f 874d | 0000 0041 
  0x00007f2937649b40: 83bf 0005 | 0000 000f | 853f 0000 | 0041 c787 | 0405 0000 | 0800 0000 | 4183 bf88 | 0500 0002 
  0x00007f2937649b60: 0f84 4c00 | 0000 49c7 | 8768 0400 | 0000 0000 | 0049 c787 | 7804 0000 | 0000 0000 | 49c7 8770 
  0x00007f2937649b80: 0400 0000 | 0000 00c5 | f877 c9c3 | 4889 0424 | 498b ffc5 | f877 4c8b | e448 83ec | 0048 83e4 
  0x00007f2937649ba0: f0e8 ea47 | 8f16 498b | e44d 33e4 | 488b 0424 | eb9b 4889 | 0424 c5f8 | 774c 8be4 | 4883 ec00 
  0x00007f2937649bc0: 4883 e4f0 | e8a7 76d6 | 1649 8be4 | 4d33 e448 | 8b04 24eb | 91f4 f4f4 
[/MachCode]
--------------------------------------------------------------------------------


---------------  P R O C E S S  ---------------

Threads class SMR info:
_java_thread_list=0x00007f28ec011e20, length=53, elements={
0x00007f294801fa30, 0x00007f2948108810, 0x00007f2948109810, 0x00007f294810ab60,
0x00007f294810c270, 0x00007f294810dac0, 0x00007f294810fd20, 0x00007f29481116f0,
0x00007f2948152ef0, 0x00007f2948155960, 0x00007f2948678ab0, 0x00007f29493f4050,
0x00007f29493f4e90, 0x00007f29493f6420, 0x00007f29493f7b10, 0x000055df6dc68da0,
0x000055df6ddcebc0, 0x00007f28f8149240, 0x00007f29495947c0, 0x00007f2949a04620,
0x00007f28f41f1370, 0x00007f28f41f28c0, 0x00007f28e12ec050, 0x00007f291c691980,
0x00007f28f8cd7f20, 0x00007f28e1210e80, 0x00007f291c07ec00, 0x000055df6f3fe7c0,
0x000055df6f3510b0, 0x00007f290c01ad70, 0x00007f290c01cdf0, 0x00007f29201b79c0,
0x00007f291c470690, 0x00007f2910019bd0, 0x00007f292406b860, 0x00007f291c879980,
0x00007f291001b3f0, 0x00007f290c01efb0, 0x00007f291c4d7250, 0x00007f290c031cb0,
0x00007f29201cba00, 0x00007f29098d3930, 0x00007f28ec0144a0, 0x000055df6d93b020,
0x00007f29040ae2e0, 0x00007f28f41d0490, 0x00007f290c0053c0, 0x00007f2909859700,
0x00007f2949af6540, 0x00007f2949af7b30, 0x00007f28e8052bd0, 0x00007f28f41d8d30,
0x00007f28f9245880
}

Java Threads: ( => current thread )
  0x00007f294801fa30 JavaThread "main"                              [_thread_blocked, id=1265258, stack(0x00007f294d700000,0x00007f294d800000) (1024K)]
  0x00007f2948108810 JavaThread "Reference Handler"          daemon [_thread_blocked, id=1265271, stack(0x00007f291b6f8000,0x00007f291b7f8000) (1024K)]
  0x00007f2948109810 JavaThread "Finalizer"                  daemon [_thread_blocked, id=1265272, stack(0x00007f291b9fb000,0x00007f291bafb000) (1024K)]
  0x00007f294810ab60 JavaThread "Signal Dispatcher"          daemon [_thread_blocked, id=1265273, stack(0x00007f291b300000,0x00007f291b400000) (1024K)]
  0x00007f294810c270 JavaThread "Service Thread"             daemon [_thread_blocked, id=1265274, stack(0x00007f291b1ff000,0x00007f291b2ff000) (1024K)]
  0x00007f294810dac0 JavaThread "Monitor Deflation Thread"   daemon [_thread_blocked, id=1265275, stack(0x00007f291b0fe000,0x00007f291b1fe000) (1024K)]
  0x00007f294810fd20 JavaThread "C2 CompilerThread0"         daemon [_thread_blocked, id=1265276, stack(0x00007f291affd000,0x00007f291b0fd000) (1024K)]
  0x00007f29481116f0 JavaThread "C1 CompilerThread0"         daemon [_thread_blocked, id=1265277, stack(0x00007f291aefc000,0x00007f291affc000) (1024K)]
  0x00007f2948152ef0 JavaThread "Notification Thread"        daemon [_thread_blocked, id=1265279, stack(0x00007f291acfa000,0x00007f291adfa000) (1024K)]
  0x00007f2948155960 JavaThread "Common-Cleaner"             daemon [_thread_blocked, id=1265280, stack(0x00007f291abf9000,0x00007f291acf9000) (1024K)]
  0x00007f2948678ab0 JavaThread "InnocuousThread-1"          daemon [_thread_blocked, id=1265287, stack(0x00007f291a4f2000,0x00007f291a5f2000) (1024K)]
  0x00007f29493f4050 JavaThread "Java2D Disposer"            daemon [_thread_blocked, id=1265303, stack(0x00007f291a9f7000,0x00007f291aaf7000) (1024K)]
  0x00007f29493f4e90 JavaThread "AWT-XAWT"                   daemon [_thread_in_native, id=1265304, stack(0x00007f291a8f6000,0x00007f291a9f6000) (1024K)]
  0x00007f29493f6420 JavaThread "AWT-Shutdown"                      [_thread_blocked, id=1265305, stack(0x00007f29015ed000,0x00007f29016ed000) (1024K)]
  0x00007f29493f7b10 JavaThread "AWT-EventQueue-0"                  [_thread_in_vm, id=1265306, stack(0x00007f29014ec000,0x00007f29015ec000) (1024K)]
  0x000055df6dc68da0 JavaThread "Reference Cleaner"          daemon [_thread_blocked, id=1265309, stack(0x00007f2900b27000,0x00007f2900c27000) (1024K)]
  0x000055df6ddcebc0 JavaThread "DefaultDispatcher-worker-1" daemon [_thread_blocked, id=1265311, stack(0x00007f2900852000,0x00007f2900952000) (1024K)]
  0x00007f28f8149240 JavaThread "kotlinx.coroutines.DefaultExecutor" daemon [_thread_blocked, id=1265314, stack(0x00007f290054f000,0x00007f290064f000) (1024K)]
=>0x00007f29495947c0 JavaThread "nuvio-video"                daemon [_thread_in_native, id=1265331, stack(0x00007f28aff04000,0x00007f28b0004000) (1024K)]
  0x00007f2949a04620 JavaThread "TimerQueue"                 daemon [_thread_blocked, id=1265340, stack(0x00007f289ebfe000,0x00007f289ecfe000) (1024K)]
  0x00007f28f41f1370 JavaThread "OkHttp TaskRunner"          daemon [_thread_blocked, id=1265370, stack(0x00007f289c8ad000,0x00007f289c9ad000) (1024K)]
  0x00007f28f41f28c0 JavaThread "OkHttp aiometadata.viren070.me" daemon [_thread_in_native, id=1265371, stack(0x00007f289c7ac000,0x00007f289c8ac000) (1024K)]
  0x00007f28e12ec050 JavaThread "OkHttp watchly.elfhosted.com" daemon [_thread_in_native, id=1265373, stack(0x00007f289c5aa000,0x00007f289c6aa000) (1024K)]
  0x00007f291c691980 JavaThread "DefaultDispatcher-worker-14" daemon [_thread_blocked, id=1265376, stack(0x00007f289c2a7000,0x00007f289c3a7000) (1024K)]
  0x00007f28f8cd7f20 JavaThread "Timer-0"                    daemon [_thread_blocked, id=1265383, stack(0x00007f289bba0000,0x00007f289bca0000) (1024K)]
  0x00007f28e1210e80 JavaThread "OkHttp aiostreams.int.itsjustfun.xyz" daemon [_thread_in_native, id=1265384, stack(0x00007f289ba9f000,0x00007f289bb9f000) (1024K)]
  0x00007f291c07ec00 JavaThread "OkHttp api.themoviedb.org"  daemon [_thread_in_native, id=1265390, stack(0x00007f289b499000,0x00007f289b599000) (1024K)]
  0x000055df6f3fe7c0 JavaThread "VirtualThread-unblocker"    daemon [_thread_blocked, id=1265401, stack(0x00007f289ab2d000,0x00007f289ac2d000) (1024K)]
  0x000055df6f3510b0 JavaThread "ForkJoinPool-1-worker-1"    daemon [_thread_blocked, id=1265402, stack(0x00007f289aa2c000,0x00007f289ab2c000) (1024K)]
  0x00007f290c01ad70 JavaThread "MasterPoller"               daemon [_thread_in_native, id=1265403, stack(0x00007f289a92b000,0x00007f289aa2b000) (1024K)]
  0x00007f290c01cdf0 JavaThread "ForkJoinPool-1-worker-2"    daemon [_thread_blocked, id=1265404, stack(0x00007f289a82a000,0x00007f289a92a000) (1024K)]
  0x00007f29201b79c0 JavaThread "ForkJoinPool-1-worker-3"    daemon [_thread_blocked, id=1265405, stack(0x00007f289a729000,0x00007f289a829000) (1024K)]
  0x00007f291c470690 JavaThread "ForkJoinPool-1-worker-4"    daemon [_thread_blocked, id=1265406, stack(0x00007f289a628000,0x00007f289a728000) (1024K)]
  0x00007f2910019bd0 JavaThread "ForkJoinPool-1-worker-5"    daemon [_thread_blocked, id=1265407, stack(0x00007f289a527000,0x00007f289a627000) (1024K)]
  0x00007f292406b860 JavaThread "ForkJoinPool-1-worker-6"    daemon [_thread_blocked, id=1265408, stack(0x00007f289a426000,0x00007f289a526000) (1024K)]
  0x00007f291c879980 JavaThread "ForkJoinPool-1-worker-7"    daemon [_thread_blocked, id=1265409, stack(0x00007f289a325000,0x00007f289a425000) (1024K)]
  0x00007f291001b3f0 JavaThread "ForkJoinPool-1-worker-8"    daemon [_thread_blocked, id=1265410, stack(0x00007f289a224000,0x00007f289a324000) (1024K)]
  0x00007f290c01efb0 JavaThread "ForkJoinPool-1-delayScheduler" daemon [_thread_blocked, id=1265411, stack(0x00007f289a123000,0x00007f289a223000) (1024K)]
  0x00007f291c4d7250 JavaThread "DefaultDispatcher-worker-16" daemon [_thread_blocked, id=1265412, stack(0x00007f289a022000,0x00007f289a122000) (1024K)]
  0x00007f290c031cb0 JavaThread "DefaultDispatcher-worker-13" daemon [_thread_blocked, id=1265451, stack(0x00007f28943eb000,0x00007f28944eb000) (1024K)]
  0x00007f29201cba00 JavaThread "DefaultDispatcher-worker-12" daemon [_thread_blocked, id=1265453, stack(0x00007f28941e9000,0x00007f28942e9000) (1024K)]
  0x00007f29098d3930 JavaThread "DefaultDispatcher-worker-9" daemon [_thread_blocked, id=1265465, stack(0x00007f28935dd000,0x00007f28936dd000) (1024K)]
  0x00007f28ec0144a0 JavaThread "DefaultDispatcher-worker-8" daemon [_thread_blocked, id=1265469, stack(0x00007f28931d9000,0x00007f28932d9000) (1024K)]
  0x000055df6d93b020 JavaThread "DefaultDispatcher-worker-2" daemon [_thread_blocked, id=1265487, stack(0x00007f2892ad2000,0x00007f2892bd2000) (1024K)]
  0x00007f29040ae2e0 JavaThread "Okio Watchdog"              daemon [_thread_blocked, id=1266343, stack(0x00007f2895dff000,0x00007f2895eff000) (1024K)]
  0x00007f28f41d0490 JavaThread "DefaultDispatcher-worker-3" daemon [_thread_blocked, id=1266385, stack(0x00007f289c4a9000,0x00007f289c5a9000) (1024K)]
  0x00007f290c0053c0 JavaThread "DefaultDispatcher-worker-7" daemon [_thread_blocked, id=1266387, stack(0x00007f289ccb1000,0x00007f289cdb1000) (1024K)]
  0x00007f2909859700 JavaThread "DefaultDispatcher-worker-11" daemon [_thread_blocked, id=1266404, stack(0x00007f2892fd7000,0x00007f28930d7000) (1024K)]
  0x00007f2949af6540 JavaThread "DefaultDispatcher-worker-15" daemon [_thread_blocked, id=1266405, stack(0x00007f28948f0000,0x00007f28949f0000) (1024K)]
  0x00007f2949af7b30 JavaThread "DefaultDispatcher-worker-10" daemon [_thread_blocked, id=1266413, stack(0x00007f28930d8000,0x00007f28931d8000) (1024K)]
  0x00007f28e8052bd0 JavaThread "DefaultDispatcher-worker-4" daemon [_thread_in_native, id=1266414, stack(0x00007f28953f9000,0x00007f28954f9000) (1024K)]
  0x00007f28f41d8d30 JavaThread "DefaultDispatcher-worker-5" daemon [_thread_blocked, id=1266417, stack(0x00007f289ad2f000,0x00007f289ae2f000) (1024K)]
  0x00007f28f9245880 JavaThread "DefaultDispatcher-worker-6" daemon [_thread_blocked, id=1266418, stack(0x00007f289ac2e000,0x00007f289ad2e000) (1024K)]
Total: 53

Other Threads:
  0x00007f29480ff700 VMThread "VM Thread"                           [id=1265270, stack(0x00007f291b8fa000,0x00007f291b9fa000) (1024K)]
  0x00007f29480eda50 WatcherThread "VM Periodic Task Thread"        [id=1265269, stack(0x00007f291b7f9000,0x00007f291b8f9000) (1024K)]
  0x00007f294806e240 WorkerThread "GC Thread#0"                     [id=1265259, stack(0x00007f294c2ea000,0x00007f294c3ea000) (1024K)]
  0x00007f2908009730 WorkerThread "GC Thread#1"                     [id=1265284, stack(0x00007f291a7f5000,0x00007f291a8f5000) (1024K)]
  0x00007f290800e0f0 WorkerThread "GC Thread#2"                     [id=1265315, stack(0x00007f290044e000,0x00007f290054e000) (1024K)]
  0x00007f290800e560 WorkerThread "GC Thread#3"                     [id=1265316, stack(0x00007f290034d000,0x00007f290044d000) (1024K)]
  0x00007f290800f1c0 WorkerThread "GC Thread#4"                     [id=1265317, stack(0x00007f290024c000,0x00007f290034c000) (1024K)]
  0x00007f290800ff20 WorkerThread "GC Thread#5"                     [id=1265318, stack(0x00007f290014b000,0x00007f290024b000) (1024K)]
  0x00007f290984d1b0 WorkerThread "GC Thread#6"                     [id=1265337, stack(0x00007f28afa20000,0x00007f28afb20000) (1024K)]
  0x00007f290984ef70 WorkerThread "GC Thread#7"                     [id=1265338, stack(0x00007f289f8bc000,0x00007f289f9bc000) (1024K)]
  0x00007f2909846db0 WorkerThread "GC Thread#8"                     [id=1265346, stack(0x00007f289eafd000,0x00007f289ebfd000) (1024K)]
  0x00007f2909851c30 WorkerThread "GC Thread#9"                     [id=1265347, stack(0x00007f289e9fc000,0x00007f289eafc000) (1024K)]
  0x00007f2909852960 WorkerThread "GC Thread#10"                    [id=1265348, stack(0x00007f289e8fb000,0x00007f289e9fb000) (1024K)]
  0x00007f2909854530 WorkerThread "GC Thread#11"                    [id=1265349, stack(0x00007f289e7fa000,0x00007f289e8fa000) (1024K)]
  0x00007f2909855750 WorkerThread "GC Thread#12"                    [id=1265350, stack(0x00007f289e6f9000,0x00007f289e7f9000) (1024K)]
  0x00007f2948086330 ConcurrentGCThread "G1 Main Marker"            [id=1265260, stack(0x00007f294c1e9000,0x00007f294c2e9000) (1024K)]
  0x00007f29480874c0 WorkerThread "G1 Conc#0"                       [id=1265261, stack(0x00007f294c0e8000,0x00007f294c1e8000) (1024K)]
  0x00007f291c000cc0 WorkerThread "G1 Conc#1"                       [id=1265285, stack(0x00007f291a6f4000,0x00007f291a7f4000) (1024K)]
  0x00007f291c0019d0 WorkerThread "G1 Conc#2"                       [id=1265286, stack(0x00007f291a5f3000,0x00007f291a6f3000) (1024K)]
  0x00007f29480ddce0 WorkerThread "G1 Refinement Workers#0"         [id=1265263, stack(0x00007f291bbfd000,0x00007f291bcfd000) (1024K)]
  0x00007f29480dca80 ConcurrentGCThread "G1 Refine Control"         [id=1265262, stack(0x00007f291bcfe000,0x00007f291bdfe000) (1024K)]
  0x00007f29480dede0 ConcurrentGCThread "G1 Service"                [id=1265264, stack(0x00007f291bafc000,0x00007f291bbfc000) (1024K)]
Total: 22

Threads with active compile tasks:
C1 CompilerThread0  240076 14653       3       java.util.AbstractList$RandomAccessSpliterator::getFence (46 bytes)
Total: 1

VM state: not at safepoint (normal execution)

VM Mutex/Monitor currently owned by a thread: None

Heap address: 0x000000070fa00000, size: 3846 MB, Compressed Oops mode: Zero based, Oop shift amount: 3

CDS archive(s) mapped at: [0x000000009b000000-0x000000009bda7000-0x000000009bda7000), size 14315520, SharedBaseAddress: 0x000000009b000000, ArchiveRelocationMode: 1.
Compressed class space mapped at: 0x000000009c000000-0x00000000dc000000, reserved size: 1073741824
UseCompressedClassPointers 1, UseCompactObjectHeaders 0
Narrow klass pointer bits 32, Max shift 3
Narrow klass base: 0x000000009b000000, Narrow klass shift: 0
Encoding Range: [0x000000009b000000 - 0x000000019b000000), (4294967296 bytes)
Klass Range:    [0x000000009b000000 - 0x00000000dc000000), (1090519040 bytes)
Klass ID Range:  [8 - 1090519033) (1090519025)
Protection zone: [0x000000009b000000 - 0x000000009b001000), (4096 bytes)

GC Precious Log:
 CardTable entry size: 512
 Card Set container configuration: InlinePtr #cards 4 size 8 Array Of Cards #cards 16 size 48 Howl #buckets 8 coarsen threshold 3686 Howl Bitmap #cards 512 size 80 coarsen threshold 460 Card regions per heap region 1 cards per card region 4096
 CPUs: 16 total, 16 available
 Memory: 15381M
 Large Page Support: Disabled
 NUMA Support: Disabled
 Compressed Oops: Enabled (Zero based)
 Heap Region Size: 2M
 Heap Min Capacity: 8M
 Heap Initial Capacity: 8M
 Heap Max Capacity: 3846M
 Pre-touch: Disabled
 Parallel Workers: 13
 Concurrent Workers: 3
 Concurrent Refinement Workers: 13
 Periodic GC: Disabled

Heap:
 garbage-first heap   total reserved 3938304K, committed 143360K, used 57035K [0x000000070fa00000, 0x0000000800000000)
  region size 2M, 2 eden (4M), 4 survivor (8M), 21 old (42M), 2 humongous (4M), 41 free (82M)

Heap Regions: E=young(eden), S=young(survivor), O=old, HS=humongous(starts), HC=humongous(continues), CS=collection set, F=free, TAMS=top-at-mark-start, PB=parsable bottom
|    0|0x000000070fa00000, 0x000000070fc00000, 0x000000070fc00000|100%|HS|  |TAMS 0x000000070fa00000| PB 0x000000070fa00000| Complete  |  0
|    1|0x000000070fc00000, 0x000000070fe00000, 0x000000070fe00000|100%| O|  |TAMS 0x000000070fc00000| PB 0x000000070fc00000| Untracked |  0
|    2|0x000000070fe00000, 0x0000000710000000, 0x0000000710000000|100%| O|  |TAMS 0x000000070fe00000| PB 0x000000070fe00000| Untracked |  0
|    3|0x0000000710000000, 0x0000000710200000, 0x0000000710200000|100%| O|  |TAMS 0x0000000710000000| PB 0x0000000710000000| Untracked |  0
|    4|0x0000000710200000, 0x0000000710400000, 0x0000000710400000|100%| O|  |TAMS 0x0000000710200000| PB 0x0000000710200000| Untracked |  0
|    5|0x0000000710400000, 0x0000000710600000, 0x0000000710600000|100%| O|  |TAMS 0x0000000710400000| PB 0x0000000710400000| Untracked |  0
|    6|0x0000000710600000, 0x0000000710800000, 0x0000000710800000|100%| O|  |TAMS 0x0000000710600000| PB 0x0000000710600000| Untracked |  0
|    7|0x0000000710800000, 0x0000000710a00000, 0x0000000710a00000|100%| O|  |TAMS 0x0000000710800000| PB 0x0000000710800000| Untracked |  0
|    8|0x0000000710a00000, 0x0000000710c00000, 0x0000000710c00000|100%| O|  |TAMS 0x0000000710a00000| PB 0x0000000710a00000| Untracked |  0
|    9|0x0000000710c00000, 0x0000000710e00000, 0x0000000710e00000|100%| O|  |TAMS 0x0000000710c00000| PB 0x0000000710c00000| Untracked |  0
|   10|0x0000000710e00000, 0x0000000711000000, 0x0000000711000000|100%| O|  |TAMS 0x0000000710e00000| PB 0x0000000710e00000| Untracked |  0
|   11|0x0000000711000000, 0x0000000711200000, 0x0000000711200000|100%| O|  |TAMS 0x0000000711000000| PB 0x0000000711000000| Untracked |  0
|   12|0x0000000711200000, 0x0000000711400000, 0x0000000711400000|100%| O|  |TAMS 0x0000000711200000| PB 0x0000000711200000| Untracked |  0
|   13|0x0000000711400000, 0x0000000711600000, 0x0000000711600000|100%| O|  |TAMS 0x0000000711400000| PB 0x0000000711400000| Untracked |  0
|   14|0x0000000711600000, 0x0000000711800000, 0x0000000711800000|100%| O|  |TAMS 0x0000000711600000| PB 0x0000000711600000| Untracked |  0
|   15|0x0000000711800000, 0x0000000711a00000, 0x0000000711a00000|100%|HS|  |TAMS 0x0000000711800000| PB 0x0000000711800000| Complete  |  0
|   16|0x0000000711a00000, 0x0000000711c00000, 0x0000000711c00000|100%| O|  |TAMS 0x0000000711a00000| PB 0x0000000711a00000| Untracked |  0
|   17|0x0000000711c00000, 0x0000000711e00000, 0x0000000711e00000|100%| O|  |TAMS 0x0000000711c00000| PB 0x0000000711c00000| Untracked |  0
|   18|0x0000000711e00000, 0x0000000712000000, 0x0000000712000000|100%| O|  |TAMS 0x0000000711e00000| PB 0x0000000711e00000| Untracked |  0
|   19|0x0000000712000000, 0x00000007121f0630, 0x0000000712200000| 96%| O|  |TAMS 0x0000000712000000| PB 0x0000000712000000| Untracked |  0
|   20|0x0000000712200000, 0x0000000712200000, 0x0000000712400000|  0%| F|  |TAMS 0x0000000712200000| PB 0x0000000712200000| Untracked |  0
|   21|0x0000000712400000, 0x0000000712600000, 0x0000000712600000|100%| O|  |TAMS 0x0000000712400000| PB 0x0000000712400000| Untracked |  0
|   22|0x0000000712600000, 0x0000000712600000, 0x0000000712800000|  0%| F|  |TAMS 0x0000000712600000| PB 0x0000000712600000| Untracked |  0
|   23|0x0000000712800000, 0x0000000712800000, 0x0000000712a00000|  0%| F|  |TAMS 0x0000000712800000| PB 0x0000000712800000| Untracked |  0
|   24|0x0000000712a00000, 0x0000000712a00000, 0x0000000712c00000|  0%| F|  |TAMS 0x0000000712a00000| PB 0x0000000712a00000| Untracked |  0
|   25|0x0000000712c00000, 0x0000000712dc2680, 0x0000000712e00000| 87%| S|CS|TAMS 0x0000000712c00000| PB 0x0000000712c00000| Complete  |  0
|   26|0x0000000712e00000, 0x0000000713000000, 0x0000000713000000|100%| S|CS|TAMS 0x0000000712e00000| PB 0x0000000712e00000| Complete  |  0
|   27|0x0000000713000000, 0x0000000713000000, 0x0000000713200000|  0%| F|  |TAMS 0x0000000713000000| PB 0x0000000713000000| Untracked |  0
|   28|0x0000000713200000, 0x0000000713200000, 0x0000000713400000|  0%| F|  |TAMS 0x0000000713200000| PB 0x0000000713200000| Untracked |  0
|   29|0x0000000713400000, 0x0000000713400000, 0x0000000713600000|  0%| F|  |TAMS 0x0000000713400000| PB 0x0000000713400000| Untracked |  0
|   30|0x0000000713600000, 0x0000000713600000, 0x0000000713800000|  0%| F|  |TAMS 0x0000000713600000| PB 0x0000000713600000| Untracked |  0
|   31|0x0000000713800000, 0x0000000713a00000, 0x0000000713a00000|100%| S|CS|TAMS 0x0000000713800000| PB 0x0000000713800000| Complete  |  0
|   32|0x0000000713a00000, 0x0000000713c00000, 0x0000000713c00000|100%| S|CS|TAMS 0x0000000713a00000| PB 0x0000000713a00000| Complete  |  0
|   33|0x0000000713c00000, 0x0000000713c00000, 0x0000000713e00000|  0%| F|  |TAMS 0x0000000713c00000| PB 0x0000000713c00000| Untracked |  0
|   34|0x0000000713e00000, 0x0000000713e00000, 0x0000000714000000|  0%| F|  |TAMS 0x0000000713e00000| PB 0x0000000713e00000| Untracked |  0
|   35|0x0000000714000000, 0x0000000714000000, 0x0000000714200000|  0%| F|  |TAMS 0x0000000714000000| PB 0x0000000714000000| Untracked |  0
|   36|0x0000000714200000, 0x0000000714200000, 0x0000000714400000|  0%| F|  |TAMS 0x0000000714200000| PB 0x0000000714200000| Untracked |  0
|   37|0x0000000714400000, 0x0000000714400000, 0x0000000714600000|  0%| F|  |TAMS 0x0000000714400000| PB 0x0000000714400000| Untracked |  0
|   38|0x0000000714600000, 0x0000000714600000, 0x0000000714800000|  0%| F|  |TAMS 0x0000000714600000| PB 0x0000000714600000| Untracked |  0
|   39|0x0000000714800000, 0x0000000714800000, 0x0000000714a00000|  0%| F|  |TAMS 0x0000000714800000| PB 0x0000000714800000| Untracked |  0
|   40|0x0000000714a00000, 0x0000000714a00000, 0x0000000714c00000|  0%| F|  |TAMS 0x0000000714a00000| PB 0x0000000714a00000| Untracked |  0
|   41|0x0000000714c00000, 0x0000000714c00000, 0x0000000714e00000|  0%| F|  |TAMS 0x0000000714c00000| PB 0x0000000714c00000| Untracked |  0
|   42|0x0000000714e00000, 0x0000000714e00000, 0x0000000715000000|  0%| F|  |TAMS 0x0000000714e00000| PB 0x0000000714e00000| Untracked |  0
|   43|0x0000000715000000, 0x0000000715000000, 0x0000000715200000|  0%| F|  |TAMS 0x0000000715000000| PB 0x0000000715000000| Untracked |  0
|   44|0x0000000715200000, 0x0000000715200000, 0x0000000715400000|  0%| F|  |TAMS 0x0000000715200000| PB 0x0000000715200000| Untracked |  0
|   45|0x0000000715400000, 0x0000000715400000, 0x0000000715600000|  0%| F|  |TAMS 0x0000000715400000| PB 0x0000000715400000| Untracked |  0
|   46|0x0000000715600000, 0x0000000715600000, 0x0000000715800000|  0%| F|  |TAMS 0x0000000715600000| PB 0x0000000715600000| Untracked |  0
|   47|0x0000000715800000, 0x0000000715800000, 0x0000000715a00000|  0%| F|  |TAMS 0x0000000715800000| PB 0x0000000715800000| Untracked |  0
|   48|0x0000000715a00000, 0x0000000715a00000, 0x0000000715c00000|  0%| F|  |TAMS 0x0000000715a00000| PB 0x0000000715a00000| Untracked |  0
|   49|0x0000000715c00000, 0x0000000715c00000, 0x0000000715e00000|  0%| F|  |TAMS 0x0000000715c00000| PB 0x0000000715c00000| Untracked |  0
|   50|0x0000000715e00000, 0x0000000715e00000, 0x0000000716000000|  0%| F|  |TAMS 0x0000000715e00000| PB 0x0000000715e00000| Untracked |  0
|   51|0x0000000716000000, 0x0000000716000000, 0x0000000716200000|  0%| F|  |TAMS 0x0000000716000000| PB 0x0000000716000000| Untracked |  0
|   52|0x0000000716200000, 0x0000000716200000, 0x0000000716400000|  0%| F|  |TAMS 0x0000000716200000| PB 0x0000000716200000| Untracked |  0
|   53|0x0000000716400000, 0x0000000716400000, 0x0000000716600000|  0%| F|  |TAMS 0x0000000716400000| PB 0x0000000716400000| Untracked |  0
|   54|0x0000000716600000, 0x0000000716600000, 0x0000000716800000|  0%| F|  |TAMS 0x0000000716600000| PB 0x0000000716600000| Untracked |  0
|   55|0x0000000716800000, 0x0000000716800000, 0x0000000716a00000|  0%| F|  |TAMS 0x0000000716800000| PB 0x0000000716800000| Untracked |  0
|   56|0x0000000716a00000, 0x0000000716a00000, 0x0000000716c00000|  0%| F|  |TAMS 0x0000000716a00000| PB 0x0000000716a00000| Untracked |  0
|   57|0x0000000716c00000, 0x0000000716c00000, 0x0000000716e00000|  0%| F|  |TAMS 0x0000000716c00000| PB 0x0000000716c00000| Untracked |  0
|   58|0x0000000716e00000, 0x0000000716e00000, 0x0000000717000000|  0%| F|  |TAMS 0x0000000716e00000| PB 0x0000000716e00000| Untracked |  0
|   59|0x0000000717000000, 0x0000000717000000, 0x0000000717200000|  0%| F|  |TAMS 0x0000000717000000| PB 0x0000000717000000| Untracked |  0
|   60|0x0000000717200000, 0x0000000717200000, 0x0000000717400000|  0%| F|  |TAMS 0x0000000717200000| PB 0x0000000717200000| Untracked |  0
|   61|0x0000000717400000, 0x0000000717400000, 0x0000000717600000|  0%| F|  |TAMS 0x0000000717400000| PB 0x0000000717400000| Untracked |  0
|   62|0x0000000717600000, 0x0000000717600000, 0x0000000717800000|  0%| F|  |TAMS 0x0000000717600000| PB 0x0000000717600000| Untracked |  0
|   63|0x0000000717800000, 0x0000000717800000, 0x0000000717a00000|  0%| F|  |TAMS 0x0000000717800000| PB 0x0000000717800000| Untracked |  0
|   64|0x0000000717a00000, 0x0000000717a00000, 0x0000000717c00000|  0%| F|  |TAMS 0x0000000717a00000| PB 0x0000000717a00000| Untracked |  0
|   65|0x0000000717c00000, 0x0000000717c00000, 0x0000000717e00000|  0%| F|  |TAMS 0x0000000717c00000| PB 0x0000000717c00000| Untracked |  0
|   66|0x0000000717e00000, 0x0000000718000000, 0x0000000718000000|100%| E|CS|TAMS 0x0000000717e00000| PB 0x0000000717e00000| Complete  |  0
|   67|0x0000000718000000, 0x0000000718200000, 0x0000000718200000|100%| E|CS|TAMS 0x0000000718000000| PB 0x0000000718000000| Complete  |  0
| 1920|0x00000007ffa00000, 0x00000007ffc00000, 0x00000007ffc00000|100%| O|  |TAMS 0x00000007ffa00000| PB 0x00000007ffa00000| Untracked |  0
| 1921|0x00000007ffc00000, 0x00000007ffe00000, 0x00000007ffe00000|100%| O|  |TAMS 0x00000007ffc00000| PB 0x00000007ffc00000| Untracked |  0

Card table byte_map: [0x00007f292eef9000,0x00007f292f67c000] _byte_map_base: 0x00007f292b67c000
Refinement table byte_map: [0x00007f292e776000,0x00007f292eef9000] _byte_map_base: 0x00007f292aef9000

Marking Bits: (CMBitMap*) 0x00007f294806ef50
 Bits: [0x00007f292ab5e000, 0x00007f292e776000)

Polling page: 0x00007f294eec8000

Metaspace:
Metaspace        used 90992K, committed 92736K, reserved 1179648K
 class space     used 9996K, committed 10688K, reserved 1048576K

Usage:
  Non-class:     79.10 MB used.
      Class:      9.76 MB used.
       Both:     88.86 MB used.

Virtual space:
  Non-class space:      128.00 MB reserved,      80.12 MB ( 63%) committed,  2 nodes.
      Class space:        1.00 GB reserved,      10.44 MB (  1%) committed,  1 nodes.
             Both:        1.12 GB reserved,      90.56 MB (  8%) committed. 

Chunk freelists:
   Non-Class:  15.90 MB
       Class:  5.60 MB
        Both:  21.50 MB

MaxMetaspaceSize: unlimited
CompressedClassSpaceSize: 1.00 GB
Initial GC threshold: 21.00 MB
Current GC threshold: 98.56 MB
CDS: on
 - commit_granule_bytes: 65536.
 - commit_granule_words: 8192.
 - virtual_space_node_default_size: 8388608.
 - enlarge_chunks_in_place: 1.
UseCompressedClassPointers 1, UseCompactObjectHeaders 0
Narrow klass pointer bits 32, Max shift 3
Narrow klass base: 0x000000009b000000, Narrow klass shift: 0
Encoding Range: [0x000000009b000000 - 0x000000019b000000), (4294967296 bytes)
Klass Range:    [0x000000009b000000 - 0x00000000dc000000), (1090519040 bytes)
Klass ID Range:  [8 - 1090519033) (1090519025)
Protection zone: [0x000000009b000000 - 0x000000009b001000), (4096 bytes)


Internal statistics:

num_allocs_failed_limit: 13.
num_arena_births: 2572.
num_arena_deaths: 0.
num_vsnodes_births: 3.
num_vsnodes_deaths: 0.
num_space_committed: 1446.
num_space_uncommitted: 0.
num_chunks_returned_to_freelist: 13.
num_chunks_taken_from_freelist: 5971.
num_chunk_merges: 13.
num_chunk_splits: 4036.
num_chunks_enlarged: 2867.
num_inconsistent_stats: 0.

CodeHeap 'non-profiled nmethods': size=119168Kb used=6865Kb max_used=6865Kb free=112302Kb
 bounds [0x00007f29379a0000, 0x00007f2938060000, 0x00007f293ee00000]
CodeHeap 'profiled nmethods': size=119168Kb used=22727Kb max_used=22727Kb free=96440Kb
 bounds [0x00007f292fdff000, 0x00007f293143f000, 0x00007f293725f000]
CodeHeap 'non-nmethods': size=7428Kb used=5629Kb max_used=6883Kb free=1798Kb
 bounds [0x00007f293725f000, 0x00007f293797f000, 0x00007f29379a0000]
CodeCache: size=245764Kb, used=35221Kb, max_used=36475Kb, free=210540Kb
 total_blobs=18063, nmethods=14272, adapters=3685, full_count=0
Compilation: enabled, stopped_count=0, restarted_count=0

Compilation events (20 events):
Event: 240.062 Thread 0x00007f294810fd20 14621       4       java.lang.classfile.constantpool.LoadableConstantEntry::typeKind (4 bytes)
Event: 240.062 Thread 0x00007f29481116f0 nmethod 14633 0x00007f293142cc88 code [0x00007f293142cd80, 0x00007f293142ce78]
Event: 240.062 Thread 0x00007f29481116f0 14634       3       org.jetbrains.skia.PathBuilder$_FinalizerHolder::getPTR (4 bytes)
Event: 240.062 Thread 0x00007f29481116f0 nmethod 14634 0x00007f293142cf88 code [0x00007f293142d080, 0x00007f293142d178]
Event: 240.062 Thread 0x00007f29481116f0 14636       1       androidx.compose.ui.graphics.vector.PathNode$RelativeReflectiveCurveTo::getDx1 (5 bytes)
Event: 240.062 Thread 0x00007f29481116f0 nmethod 14636 0x00007f2938051d88 code [0x00007f2938051e80, 0x00007f2938051f30]
Event: 240.062 Thread 0x00007f29481116f0 14637       1       androidx.compose.ui.graphics.vector.PathNode$RelativeReflectiveCurveTo::getDy1 (5 bytes)
Event: 240.062 Thread 0x00007f29481116f0 nmethod 14637 0x00007f2938052088 code [0x00007f2938052180, 0x00007f2938052230]
Event: 240.062 Thread 0x00007f29481116f0 14638       1       androidx.compose.ui.graphics.vector.PathNode$RelativeReflectiveCurveTo::getDx2 (5 bytes)
Event: 240.062 Thread 0x00007f294810fd20 nmethod 14621 0x00007f2938052388 code [0x00007f2938052480, 0x00007f29380524f0]
Event: 240.062 Thread 0x00007f29481116f0 nmethod 14638 0x00007f2938052688 code [0x00007f2938052780, 0x00007f2938052830]
Event: 240.062 Thread 0x00007f29481116f0 14639       1       androidx.compose.ui.graphics.vector.PathNode$RelativeReflectiveCurveTo::getDy2 (5 bytes)
Event: 240.062 Thread 0x00007f29481116f0 nmethod 14639 0x00007f2938052988 code [0x00007f2938052a80, 0x00007f2938052b30]
Event: 240.062 Thread 0x00007f29481116f0 14631       1       androidx.compose.ui.graphics.vector.PathNode$RelativeLineTo::getDy (5 bytes)
Event: 240.062 Thread 0x00007f29481116f0 nmethod 14631 0x00007f2938052c88 code [0x00007f2938052d80, 0x00007f2938052e30]
Event: 240.062 Thread 0x00007f29481116f0 14635       1       androidx.compose.ui.graphics.SkiaBackedPath::getInternalSkiaPath$ui_graphics (5 bytes)
Event: 240.062 Thread 0x00007f29481116f0 nmethod 14635 0x00007f2938052f88 code [0x00007f2938053080, 0x00007f2938053130]
Event: 240.062 Thread 0x00007f29481116f0 14640       3       androidx.compose.ui.graphics.SkiaBackedPaint::setBlendMode-s9anfk8 (17 bytes)
Event: 240.062 Thread 0x00007f29481116f0 nmethod 14640 0x00007f293142d288 code [0x00007f293142d380, 0x00007f293142d590]
Event: 240.062 Thread 0x00007f29481116f0 14641   !   3       org.jetbrains.skia.Paint::setColorFilter (44 bytes)

GC Heap Usage History (20 events):
Event: 3.118 {heap Before GC invocations=15 (full 0):
 garbage-first heap   total reserved 3938304K, committed 147456K, used 96172K [0x000000070fa00000, 0x0000000800000000)
  region size 2M, 38 eden (76M), 2 survivor (4M), 8 old (16M), 1 humongous (2M), 23 free (46M)
}
Event: 3.124 {heap After GC invocations=16 (full 0):
 garbage-first heap   total reserved 3938304K, committed 147456K, used 27020K [0x000000070fa00000, 0x0000000800000000)
  region size 2M, 0 eden (0M), 5 survivor (10M), 8 old (16M), 1 humongous (2M), 58 free (116M)
}
Event: 4.007 {heap Before GC invocations=17 (full 0):
 garbage-first heap   total reserved 3938304K, committed 147456K, used 100748K [0x000000070fa00000, 0x0000000800000000)
  region size 2M, 37 eden (74M), 5 survivor (10M), 8 old (16M), 1 humongous (2M), 21 free (42M)
}
Event: 4.016 {heap After GC invocations=18 (full 0):
 garbage-first heap   total reserved 3938304K, committed 147456K, used 32764K [0x000000070fa00000, 0x0000000800000000)
  region size 2M, 0 eden (0M), 5 survivor (10M), 10 old (20M), 1 humongous (2M), 56 free (112M)
}
Event: 5.202 {heap Before GC invocations=18 (full 0):
 garbage-first heap   total reserved 3938304K, committed 147456K, used 108540K [0x000000070fa00000, 0x0000000800000000)
  region size 2M, 38 eden (76M), 5 survivor (10M), 10 old (20M), 1 humongous (2M), 18 free (36M)
}
Event: 5.213 {heap After GC invocations=19 (full 0):
 garbage-first heap   total reserved 3938304K, committed 147456K, used 37016K [0x000000070fa00000, 0x0000000800000000)
  region size 2M, 0 eden (0M), 6 survivor (12M), 12 old (24M), 1 humongous (2M), 53 free (106M)
}
Event: 5.756 {heap Before GC invocations=19 (full 0):
 garbage-first heap   total reserved 3938304K, committed 147456K, used 120984K [0x000000070fa00000, 0x0000000800000000)
  region size 2M, 37 eden (74M), 6 survivor (12M), 12 old (24M), 6 humongous (12M), 11 free (22M)
}
Event: 5.763 {heap After GC invocations=20 (full 0):
 garbage-first heap   total reserved 3938304K, committed 147456K, used 41520K [0x000000070fa00000, 0x0000000800000000)
  region size 2M, 0 eden (0M), 5 survivor (10M), 15 old (30M), 2 humongous (4M), 50 free (100M)
}
Event: 6.130 {heap Before GC invocations=20 (full 0):
 garbage-first heap   total reserved 3938304K, committed 147456K, used 117296K [0x000000070fa00000, 0x0000000800000000)
  region size 2M, 38 eden (76M), 5 survivor (10M), 15 old (30M), 2 humongous (4M), 12 free (24M)
}
Event: 6.134 {heap After GC invocations=21 (full 0):
 garbage-first heap   total reserved 3938304K, committed 147456K, used 44944K [0x000000070fa00000, 0x0000000800000000)
  region size 2M, 0 eden (0M), 5 survivor (10M), 16 old (32M), 2 humongous (4M), 49 free (98M)
}
Event: 6.851 {heap Before GC invocations=21 (full 0):
 garbage-first heap   total reserved 3938304K, committed 147456K, used 120720K [0x000000070fa00000, 0x0000000800000000)
  region size 2M, 38 eden (76M), 5 survivor (10M), 16 old (32M), 2 humongous (4M), 11 free (22M)
}
Event: 6.854 {heap After GC invocations=22 (full 0):
 garbage-first heap   total reserved 3938304K, committed 147456K, used 44772K [0x000000070fa00000, 0x0000000800000000)
  region size 2M, 0 eden (0M), 3 survivor (6M), 18 old (36M), 2 humongous (4M), 49 free (98M)
}
Event: 7.510 {heap Before GC invocations=22 (full 0):
 garbage-first heap   total reserved 3938304K, committed 147456K, used 132836K [0x000000070fa00000, 0x0000000800000000)
  region size 2M, 33 eden (66M), 3 survivor (6M), 18 old (36M), 14 humongous (28M), 4 free (8M)
}
Event: 7.513 {heap After GC invocations=23 (full 0):
 garbage-first heap   total reserved 3938304K, committed 149504K, used 53111K [0x000000070fa00000, 0x0000000800000000)
  region size 2M, 0 eden (0M), 5 survivor (10M), 18 old (36M), 4 humongous (8M), 46 free (92M)
}
Event: 8.879 {heap Before GC invocations=23 (full 0):
 garbage-first heap   total reserved 3938304K, committed 149504K, used 132983K [0x000000070fa00000, 0x0000000800000000)
  region size 2M, 37 eden (74M), 5 survivor (10M), 18 old (36M), 7 humongous (14M), 6 free (12M)
}
Event: 8.882 {heap After GC invocations=24 (full 0):
 garbage-first heap   total reserved 3938304K, committed 149504K, used 48365K [0x000000070fa00000, 0x0000000800000000)
  region size 2M, 0 eden (0M), 3 survivor (6M), 19 old (38M), 2 humongous (4M), 49 free (98M)
}
Event: 101.194 {heap Before GC invocations=24 (full 0):
 garbage-first heap   total reserved 3938304K, committed 149504K, used 128237K [0x000000070fa00000, 0x0000000800000000)
  region size 2M, 40 eden (80M), 3 survivor (6M), 19 old (38M), 2 humongous (4M), 9 free (18M)
}
Event: 101.199 {heap After GC invocations=25 (full 0):
 garbage-first heap   total reserved 3938304K, committed 149504K, used 52346K [0x000000070fa00000, 0x0000000800000000)
  region size 2M, 0 eden (0M), 5 survivor (10M), 19 old (38M), 2 humongous (4M), 47 free (94M)
}
Event: 240.011 {heap Before GC invocations=25 (full 0):
 garbage-first heap   total reserved 3938304K, committed 149504K, used 128122K [0x000000070fa00000, 0x0000000800000000)
  region size 2M, 38 eden (76M), 5 survivor (10M), 19 old (38M), 2 humongous (4M), 9 free (18M)
}
Event: 240.017 {heap After GC invocations=26 (full 0):
 garbage-first heap   total reserved 3938304K, committed 143360K, used 54987K [0x000000070fa00000, 0x0000000800000000)
  region size 2M, 0 eden (0M), 4 survivor (8M), 21 old (42M), 2 humongous (4M), 43 free (86M)
}

Metaspace Usage History (20 events):
Event: 3.118 {metaspace Before GC invocations=15 (full 0):
 Metaspace       used 59504K, committed 60288K, reserved 1114112K
  class space    used 6652K, committed 6976K, reserved 1048576K
}
Event: 3.124 {metaspace After GC invocations=16 (full 0):
 Metaspace       used 59504K, committed 60288K, reserved 1114112K
  class space    used 6652K, committed 6976K, reserved 1048576K
}
Event: 4.007 {metaspace Before GC invocations=17 (full 0):
 Metaspace       used 71206K, committed 72320K, reserved 1114112K
  class space    used 8032K, committed 8512K, reserved 1048576K
}
Event: 4.016 {metaspace After GC invocations=18 (full 0):
 Metaspace       used 71206K, committed 72320K, reserved 1114112K
  class space    used 8032K, committed 8512K, reserved 1048576K
}
Event: 5.202 {metaspace Before GC invocations=18 (full 0):
 Metaspace       used 75516K, committed 76672K, reserved 1179648K
  class space    used 8455K, committed 8960K, reserved 1048576K
}
Event: 5.213 {metaspace After GC invocations=19 (full 0):
 Metaspace       used 75516K, committed 76672K, reserved 1179648K
  class space    used 8455K, committed 8960K, reserved 1048576K
}
Event: 5.756 {metaspace Before GC invocations=19 (full 0):
 Metaspace       used 76075K, committed 77248K, reserved 1179648K
  class space    used 8487K, committed 8960K, reserved 1048576K
}
Event: 5.763 {metaspace After GC invocations=20 (full 0):
 Metaspace       used 76075K, committed 77248K, reserved 1179648K
  class space    used 8487K, committed 8960K, reserved 1048576K
}
Event: 6.130 {metaspace Before GC invocations=20 (full 0):
 Metaspace       used 76394K, committed 77504K, reserved 1179648K
  class space    used 8490K, committed 8960K, reserved 1048576K
}
Event: 6.134 {metaspace After GC invocations=21 (full 0):
 Metaspace       used 76394K, committed 77504K, reserved 1179648K
  class space    used 8490K, committed 8960K, reserved 1048576K
}
Event: 6.851 {metaspace Before GC invocations=21 (full 0):
 Metaspace       used 76609K, committed 77760K, reserved 1179648K
  class space    used 8490K, committed 8960K, reserved 1048576K
}
Event: 6.854 {metaspace After GC invocations=22 (full 0):
 Metaspace       used 76609K, committed 77760K, reserved 1179648K
  class space    used 8490K, committed 8960K, reserved 1048576K
}
Event: 7.510 {metaspace Before GC invocations=22 (full 0):
 Metaspace       used 76638K, committed 77824K, reserved 1179648K
  class space    used 8490K, committed 8960K, reserved 1048576K
}
Event: 7.513 {metaspace After GC invocations=23 (full 0):
 Metaspace       used 76638K, committed 77824K, reserved 1179648K
  class space    used 8490K, committed 8960K, reserved 1048576K
}
Event: 8.879 {metaspace Before GC invocations=23 (full 0):
 Metaspace       used 76677K, committed 77824K, reserved 1179648K
  class space    used 8491K, committed 8960K, reserved 1048576K
}
Event: 8.882 {metaspace After GC invocations=24 (full 0):
 Metaspace       used 76677K, committed 77824K, reserved 1179648K
  class space    used 8491K, committed 8960K, reserved 1048576K
}
Event: 101.194 {metaspace Before GC invocations=24 (full 0):
 Metaspace       used 84045K, committed 85440K, reserved 1179648K
  class space    used 9304K, committed 9856K, reserved 1048576K
}
Event: 101.199 {metaspace After GC invocations=25 (full 0):
 Metaspace       used 84045K, committed 85440K, reserved 1179648K
  class space    used 9304K, committed 9856K, reserved 1048576K
}
Event: 240.011 {metaspace Before GC invocations=25 (full 0):
 Metaspace       used 90387K, committed 92032K, reserved 1179648K
  class space    used 9946K, committed 10624K, reserved 1048576K
}
Event: 240.017 {metaspace After GC invocations=26 (full 0):
 Metaspace       used 90387K, committed 92032K, reserved 1179648K
  class space    used 9946K, committed 10624K, reserved 1048576K
}

Dll operation events (20 events):
Event: 0.147 Attempting to load shared library /tmp/lwjgl_annihilator/3.3.6+1/x64/liblwjgl.so
Event: 0.148 Loaded shared library /tmp/lwjgl_annihilator/3.3.6+1/x64/liblwjgl.so
Event: 0.577 Attempting to load shared library /usr/lib/jvm/java-26-openjdk/lib/libawt.so
Event: 0.578 Loaded shared library /usr/lib/jvm/java-26-openjdk/lib/libawt.so
Event: 0.578 Attempting to load shared library /usr/lib/jvm/java-26-openjdk/lib/libawt_xawt.so
Event: 0.579 Loaded shared library /usr/lib/jvm/java-26-openjdk/lib/libawt_xawt.so
Event: 0.598 Attempting to load shared library /usr/lib/jvm/java-26-openjdk/lib/libfontmanager.so
Event: 0.598 Loaded shared library /usr/lib/jvm/java-26-openjdk/lib/libfontmanager.so
Event: 0.683 Attempting to load shared library /tmp/lwjgl_annihilator/3.3.6+1/x64/liblwjgl_opengl.so
Event: 0.683 Loaded shared library /tmp/lwjgl_annihilator/3.3.6+1/x64/liblwjgl_opengl.so
Event: 0.741 Attempting to load shared library /home/annihilator/.skiko/skiko-linux-x64-434f7633c843870c0839a1137b128f6c3db3c5d58dcad3545e90827e3e341afb/libskiko-linux-x64.so
Event: 0.770 Loaded shared library /home/annihilator/.skiko/skiko-linux-x64-434f7633c843870c0839a1137b128f6c3db3c5d58dcad3545e90827e3e341afb/libskiko-linux-x64.so
Event: 0.850 Attempting to load shared library /home/annihilator/dev/mpv/build/libmpv.so.2.5.0
Event: 0.960 Loaded shared library /home/annihilator/dev/mpv/build/libmpv.so.2.5.0
Event: 0.961 Attempting to load shared library /usr/lib/jvm/java-26-openjdk/lib/libsyslookup.so
Event: 0.962 Loaded shared library /usr/lib/jvm/java-26-openjdk/lib/libsyslookup.so
Event: 2.456 Attempting to load shared library /usr/lib/jvm/java-26-openjdk/lib/libextnet.so
Event: 2.456 Loaded shared library /usr/lib/jvm/java-26-openjdk/lib/libextnet.so
Event: 2.825 Attempting to load shared library /usr/lib/jvm/java-26-openjdk/lib/libprefs.so
Event: 2.825 Loaded shared library /usr/lib/jvm/java-26-openjdk/lib/libprefs.so

Deoptimization events (20 events):
Event: 240.030 Thread 0x00007f29493f7b10 Uncommon trap: trap_request=0xffffff54 fr.pc=0x00007f2937dc75e4 relative=0x0000000000000064
Event: 240.030 Thread 0x00007f29493f7b10 Uncommon trap: reason=speculate_null_check action=make_not_entrant pc=0x00007f2937dc75e4 method=jdk.internal.misc.Unsafe.putLongUnaligned(Ljava/lang/Object;JJZ)V @ 10 c2
Event: 240.030 Thread 0x00007f29493f7b10 DEOPT PACKING pc=0x00007f2937dc75e4 sp=0x00007f29015e6620
Event: 240.030 Thread 0x00007f29493f7b10 DEOPT UNPACKING pc=0x00007f29373830f9 sp=0x00007f29015e65b8 mode 2
Event: 240.046 Thread 0x00007f29493f7b10 Uncommon trap: trap_request=0xffffff45 fr.pc=0x00007f2937f2d4f8 relative=0x0000000000000178
Event: 240.046 Thread 0x00007f29493f7b10 Uncommon trap: reason=unstable_if action=reinterpret pc=0x00007f2937f2d4f8 method=androidx.compose.ui.node.AlignmentLines.getQueried$ui()Z @ 4 c2
Event: 240.046 Thread 0x00007f29493f7b10 DEOPT PACKING pc=0x00007f2937f2d4f8 sp=0x00007f29015e2720
Event: 240.046 Thread 0x00007f29493f7b10 DEOPT UNPACKING pc=0x00007f29373830f9 sp=0x00007f29015e2658 mode 2
Event: 240.052 Thread 0x00007f29493f7b10 Uncommon trap: trap_request=0xffffff45 fr.pc=0x00007f2937eccab8 relative=0x00000000000003b8
Event: 240.052 Thread 0x00007f29493f7b10 Uncommon trap: reason=unstable_if action=reinterpret pc=0x00007f2937eccab8 method=androidx.compose.ui.node.AlignmentLines.onAlignmentsChanged()V @ 25 c2
Event: 240.052 Thread 0x00007f29493f7b10 DEOPT PACKING pc=0x00007f2937eccab8 sp=0x00007f29015dcf50
Event: 240.052 Thread 0x00007f29493f7b10 DEOPT UNPACKING pc=0x00007f29373830f9 sp=0x00007f29015dcf10 mode 2
Event: 240.053 Thread 0x00007f29493f7b10 Uncommon trap: trap_request=0xffffffd6 fr.pc=0x00007f2937f94d54 relative=0x00000000000004d4
Event: 240.053 Thread 0x00007f29493f7b10 Uncommon trap: reason=array_check action=maybe_recompile pc=0x00007f2937f94d54 method=java.util.TimSort.binarySort([Ljava/lang/Object;IIILjava/util/Comparator;)V @ 193 c2
Event: 240.053 Thread 0x00007f29493f7b10 DEOPT PACKING pc=0x00007f2937f94d54 sp=0x00007f29015e9fb0
Event: 240.053 Thread 0x00007f29493f7b10 DEOPT UNPACKING pc=0x00007f29373830f9 sp=0x00007f29015e9f48 mode 2
Event: 240.062 Thread 0x00007f29495947c0 Uncommon trap: trap_request=0xffffff54 fr.pc=0x00007f2937d275e8 relative=0x0000000000000068
Event: 240.062 Thread 0x00007f29495947c0 Uncommon trap: reason=speculate_null_check action=make_not_entrant pc=0x00007f2937d275e8 method=jdk.internal.misc.Unsafe.putIntUnaligned(Ljava/lang/Object;JIZ)V @ 10 c2
Event: 240.062 Thread 0x00007f29495947c0 DEOPT PACKING pc=0x00007f2937d275e8 sp=0x00007f28b0002280
Event: 240.062 Thread 0x00007f29495947c0 DEOPT UNPACKING pc=0x00007f29373830f9 sp=0x00007f28b0002220 mode 2

Classes loaded (20 events):
Event: 96.295 Loading class java/awt/Cursor$1
Event: 96.295 Loading class sun/awt/AWTAccessor$CursorAccessor
Event: 96.295 Loading class sun/awt/AWTAccessor$CursorAccessor done
Event: 96.295 Loading class java/awt/Cursor$1 done
Event: 99.945 Loading class java/lang/Character$UnicodeBlock
Event: 99.946 Loading class java/lang/Character$Subset
Event: 99.946 Loading class java/lang/Character$Subset done
Event: 99.946 Loading class java/lang/Character$UnicodeBlock done
Event: 139.091 Loading class java/util/Collections$UnmodifiableMap$UnmodifiableEntrySet$1
Event: 139.091 Loading class java/util/Collections$UnmodifiableMap$UnmodifiableEntrySet$1 done
Event: 139.420 Loading class java/nio/ByteBufferAsIntBufferL
Event: 139.420 Loading class java/nio/ByteBufferAsIntBufferL done
Event: 139.431 Loading class java/util/DualPivotQuicksort
Event: 139.432 Loading class java/util/DualPivotQuicksort done
Event: 139.432 Loading class java/util/DualPivotQuicksort$PartitionOperation
Event: 139.432 Loading class java/util/DualPivotQuicksort$PartitionOperation done
Event: 139.433 Loading class java/util/DualPivotQuicksort$SortOperation
Event: 139.433 Loading class java/util/DualPivotQuicksort$SortOperation done
Event: 139.450 Loading class java/lang/FdLibm$Acos
Event: 139.450 Loading class java/lang/FdLibm$Acos done

Classes unloaded (0 events):
No events

Classes redefined (0 events):
No events

Internal exceptions (20 events):
Event: 239.966 Thread 0x00007f29493f7b10 Exception <a 'java/lang/NoSuchMethodError'{0x00000007143811f8}: 'java.lang.Object java.lang.invoke.DirectMethodHandle$Holder.invokeStatic(java.lang.Object, java.lang.Object, java.lang.Object, int, java.lang.Object, java.lang.Object, int)'> (0x00000007143811f8) 
thrown [/usr/src/debug/java-openjdk/jdk26u-jdk-26.0.2.1-1/src/hotspot/share/interpreter/linkResolver.cpp, line 803]
Event: 239.975 Thread 0x00007f29493f7b10 Exception <a 'java/lang/NoSuchMethodError'{0x0000000714078250}: 'java.lang.Object java.lang.invoke.DirectMethodHandle$Holder.invokeStatic(java.lang.Object, float, java.lang.Object, java.lang.Object, java.lang.Object, java.lang.Object)'> (0x0000000714078250) 
thrown [/usr/src/debug/java-openjdk/jdk26u-jdk-26.0.2.1-1/src/hotspot/share/interpreter/linkResolver.cpp, line 803]
Event: 239.975 Thread 0x00007f29493f7b10 Exception <a 'java/lang/NoSuchMethodError'{0x0000000714089588}: 'java.lang.Object java.lang.invoke.DirectMethodHandle$Holder.newInvokeSpecial(java.lang.Object, float, java.lang.Object)'> (0x0000000714089588) 
thrown [/usr/src/debug/java-openjdk/jdk26u-jdk-26.0.2.1-1/src/hotspot/share/interpreter/linkResolver.cpp, line 803]
Event: 239.978 Thread 0x00007f29493f7b10 Exception <a 'java/lang/NoSuchMethodError'{0x00000007140ffac0}: 'java.lang.Object java.lang.invoke.DirectMethodHandle$Holder.newInvokeSpecial(java.lang.Object, java.lang.Object, java.lang.Object, java.lang.Object, java.lang.Object, java.lang.Object, java.lang.Object, java.lang.Object, java.lang.Object, java.lang.Object, java.lang.Object, java.lang.Object)'> (0x00000007140ffac0) 
thrown [/usr/src/debug/java-openjdk/jdk26u-jdk-26.0.2.1-1/src/hotspot/share/interpreter/linkResolver.cpp, line 803]
Event: 239.978 Thread 0x00007f29493f7b10 Exception <a 'java/lang/NoSuchMethodError'{0x0000000714109d98}: 'java.lang.Object java.lang.invoke.Invokers$Holder.linkToTargetMethod(java.lang.Object, java.lang.Object, java.lang.Object, java.lang.Object, java.lang.Object, java.lang.Object, java.lang.Object, java.lang.Object, java.lang.Object, java.lang.Object, java.lang.Object, java.lang.Object)'> (0x0000000714109d98) 
thrown [/usr/src/debug/java-openjdk/jdk26u-jdk-26.0.2.1-1/src/hotspot/share/interpreter/linkResolver.cpp, line 803]
Event: 239.986 Thread 0x00007f29493f7b10 Exception <a 'java/lang/NoSuchMethodError'{0x0000000713e02d78}: 'java.lang.Object java.lang.invoke.DirectMethodHandle$Holder.newInvokeSpecial(java.lang.Object, java.lang.Object, java.lang.Object, java.lang.Object, java.lang.Object, float, java.lang.Object, java.lang.Object)'> (0x0000000713e02d78) 
thrown [/usr/src/debug/java-openjdk/jdk26u-jdk-26.0.2.1-1/src/hotspot/share/interpreter/linkResolver.cpp, line 803]
Event: 239.995 Thread 0x00007f29493f7b10 Exception <a 'java/lang/NoSuchMethodError'{0x0000000713f0c110}: 'java.lang.Object java.lang.invoke.DirectMethodHandle$Holder.newInvokeSpecial(java.lang.Object, java.lang.Object, int, int, java.lang.Object, java.lang.Object, java.lang.Object)'> (0x0000000713f0c110) 
thrown [/usr/src/debug/java-openjdk/jdk26u-jdk-26.0.2.1-1/src/hotspot/share/interpreter/linkResolver.cpp, line 803]
Event: 239.995 Thread 0x00007f29493f7b10 Exception <a 'java/lang/NoSuchMethodError'{0x0000000713f150e0}: 'java.lang.Object java.lang.invoke.DirectMethodHandle$Holder.invokeSpecial(java.lang.Object, java.lang.Object, java.lang.Object, int, int, java.lang.Object, java.lang.Object, java.lang.Object)'> (0x0000000713f150e0) 
thrown [/usr/src/debug/java-openjdk/jdk26u-jdk-26.0.2.1-1/src/hotspot/share/interpreter/linkResolver.cpp, line 803]
Event: 240.004 Thread 0x00007f29493f7b10 Exception <a 'java/lang/NoSuchMethodError'{0x0000000713cec168}: 'java.lang.Object java.lang.invoke.DirectMethodHandle$Holder.invokeStatic(java.lang.Object, java.lang.Object, int, java.lang.Object, java.lang.Object, java.lang.Object, int)'> (0x0000000713cec168) 
thrown [/usr/src/debug/java-openjdk/jdk26u-jdk-26.0.2.1-1/src/hotspot/share/interpreter/linkResolver.cpp, line 803]
Event: 240.006 Thread 0x00007f29493f7b10 Exception <a 'java/lang/NoSuchMethodError'{0x0000000713d1e120}: 'java.lang.Object java.lang.invoke.DirectMethodHandle$Holder.newInvokeSpecial(java.lang.Object, java.lang.Object, long, java.lang.Object, java.lang.Object)'> (0x0000000713d1e120) 
thrown [/usr/src/debug/java-openjdk/jdk26u-jdk-26.0.2.1-1/src/hotspot/share/interpreter/linkResolver.cpp, line 803]
Event: 240.006 Thread 0x00007f29493f7b10 Exception <a 'java/lang/NoSuchMethodError'{0x0000000713d271a0}: 'java.lang.Object java.lang.invoke.DirectMethodHandle$Holder.invokeSpecial(java.lang.Object, java.lang.Object, java.lang.Object, long, java.lang.Object, java.lang.Object)'> (0x0000000713d271a0) 
thrown [/usr/src/debug/java-openjdk/jdk26u-jdk-26.0.2.1-1/src/hotspot/share/interpreter/linkResolver.cpp, line 803]
Event: 240.006 Thread 0x00007f29493f7b10 Exception <a 'java/lang/NoSuchMethodError'{0x0000000713d2f870}: 'java.lang.Object java.lang.invoke.Invokers$Holder.linkToTargetMethod(java.lang.Object, long, java.lang.Object, java.lang.Object, java.lang.Object)'> (0x0000000713d2f870) 
thrown [/usr/src/debug/java-openjdk/jdk26u-jdk-26.0.2.1-1/src/hotspot/share/interpreter/linkResolver.cpp, line 803]
Event: 240.023 Thread 0x00007f29493f7b10 Exception <a 'java/lang/NoSuchMethodError'{0x00000007180a7d50}: 'java.lang.Object java.lang.invoke.DirectMethodHandle$Holder.newInvokeSpecial(java.lang.Object, java.lang.Object, java.lang.Object, java.lang.Object, java.lang.Object, java.lang.Object, java.lang.Object, java.lang.Object, java.lang.Object, java.lang.Object, java.lang.Object)'> (0x00000007180a7d50) 
thrown [/usr/src/debug/java-openjdk/jdk26u-jdk-26.0.2.1-1/src/hotspot/share/interpreter/linkResolver.cpp, line 803]
Event: 240.029 Thread 0x00007f29493f7b10 Exception <a 'java/lang/NoSuchMethodError'{0x000000071817a370}: 'java.lang.Object java.lang.invoke.DelegatingMethodHandle$Holder.reinvoke_L(java.lang.Object, java.lang.Object, java.lang.Object, int, long)'> (0x000000071817a370) 
thrown [/usr/src/debug/java-openjdk/jdk26u-jdk-26.0.2.1-1/src/hotspot/share/interpreter/linkResolver.cpp, line 803]
Event: 240.029 Thread 0x00007f29493f7b10 Exception <a 'java/lang/NoSuchMethodError'{0x000000071818ad18}: 'java.lang.Object java.lang.invoke.Invokers$Holder.linkToTargetMethod(java.lang.Object, int, long, java.lang.Object)'> (0x000000071818ad18) 
thrown [/usr/src/debug/java-openjdk/jdk26u-jdk-26.0.2.1-1/src/hotspot/share/interpreter/linkResolver.cpp, line 803]
Event: 240.054 Thread 0x00007f29493f7b10 Exception <a 'java/lang/NoSuchMethodError'{0x0000000717e2e788}: 'java.lang.Object java.lang.invoke.DelegatingMethodHandle$Holder.reinvoke_L(java.lang.Object, java.lang.Object, long, float, float)'> (0x0000000717e2e788) 
thrown [/usr/src/debug/java-openjdk/jdk26u-jdk-26.0.2.1-1/src/hotspot/share/interpreter/linkResolver.cpp, line 803]
Event: 240.054 Thread 0x00007f29495947c0 Exception <a 'java/lang/NoSuchMethodError'{0x0000000717eb61c8}: 'long java.lang.invoke.DirectMethodHandle$Holder.invokeStatic(java.lang.Object, java.lang.Object, java.lang.Object, java.lang.Object)'> (0x0000000717eb61c8) 
thrown [/usr/src/debug/java-openjdk/jdk26u-jdk-26.0.2.1-1/src/hotspot/share/interpreter/linkResolver.cpp, line 803]
Event: 240.054 Thread 0x00007f29495947c0 Exception <a 'java/lang/NoSuchMethodError'{0x0000000717ebe3c0}: 'long java.lang.invoke.DirectMethodHandle$Holder.invokeStaticInit(java.lang.Object, java.lang.Object, java.lang.Object, java.lang.Object)'> (0x0000000717ebe3c0) 
thrown [/usr/src/debug/java-openjdk/jdk26u-jdk-26.0.2.1-1/src/hotspot/share/interpreter/linkResolver.cpp, line 803]
Event: 240.055 Thread 0x00007f29495947c0 Exception <a 'java/lang/NoSuchMethodError'{0x0000000717ece810}: 'long java.lang.invoke.DelegatingMethodHandle$Holder.reinvoke_L(java.lang.Object, java.lang.Object, java.lang.Object, java.lang.Object)'> (0x0000000717ece810) 
thrown [/usr/src/debug/java-openjdk/jdk26u-jdk-26.0.2.1-1/src/hotspot/share/interpreter/linkResolver.cpp, line 803]
Event: 240.055 Thread 0x00007f29495947c0 Exception <a 'java/lang/NoSuchMethodError'{0x0000000717ef3770}: 'long java.lang.invoke.Invokers$Holder.invokeExact_MT(java.lang.Object, java.lang.Object, java.lang.Object)'> (0x0000000717ef3770) 
thrown [/usr/src/debug/java-openjdk/jdk26u-jdk-26.0.2.1-1/src/hotspot/share/interpreter/linkResolver.cpp, line 803]

VM Operations (20 events):
Event: 60.055 Executing non-safepoint VM operation: HandshakeAllThreads (DeflationHandshakeClosure)
Event: 60.055 Executing non-safepoint VM operation: HandshakeAllThreads (DeflationHandshakeClosure) done
Event: 60.055 Executing non-safepoint VM operation: RendezvousGCThreads
Event: 60.055 Executing non-safepoint VM operation: RendezvousGCThreads done
Event: 101.194 Executing safepoint VM operation: G1CollectForAllocation (G1 Evacuation Pause)
Event: 101.200 Executing safepoint VM operation: G1CollectForAllocation (G1 Evacuation Pause) done
Event: 120.102 Executing non-safepoint VM operation: HandshakeAllThreads (DeflationHandshakeClosure)
Event: 120.102 Executing non-safepoint VM operation: HandshakeAllThreads (DeflationHandshakeClosure) done
Event: 120.102 Executing non-safepoint VM operation: RendezvousGCThreads
Event: 120.102 Executing non-safepoint VM operation: RendezvousGCThreads done
Event: 138.479 Executing non-safepoint VM operation: HandshakeAllThreads (Deoptimize)
Event: 138.479 Executing non-safepoint VM operation: HandshakeAllThreads (Deoptimize) done
Event: 139.421 Executing non-safepoint VM operation: HandshakeAllThreads (Deoptimize)
Event: 139.422 Executing non-safepoint VM operation: HandshakeAllThreads (Deoptimize) done
Event: 180.138 Executing non-safepoint VM operation: HandshakeAllThreads (DeflationHandshakeClosure)
Event: 180.138 Executing non-safepoint VM operation: HandshakeAllThreads (DeflationHandshakeClosure) done
Event: 180.138 Executing non-safepoint VM operation: RendezvousGCThreads
Event: 180.138 Executing non-safepoint VM operation: RendezvousGCThreads done
Event: 240.011 Executing safepoint VM operation: G1CollectForAllocation (G1 Evacuation Pause)
Event: 240.017 Executing safepoint VM operation: G1CollectForAllocation (G1 Evacuation Pause) done

Memory protections (20 events):
Event: 100.814 Protecting memory [0x00007f28936de000,0x00007f28936e2000] with protection modes 0
Event: 100.814 Protecting memory [0x00007f2893fe7000,0x00007f2893feb000] with protection modes 0
Event: 100.814 Protecting memory [0x00007f289b032000,0x00007f289b036000] with protection modes 0
Event: 100.814 Protecting memory [0x00007f28930d8000,0x00007f28930dc000] with protection modes 0
Event: 100.815 Protecting memory [0x00007f28953f9000,0x00007f28953fd000] with protection modes 0
Event: 100.815 Protecting memory [0x00007f28955fb000,0x00007f28955ff000] with protection modes 0
Event: 100.815 Protecting memory [0x00007f28945ed000,0x00007f28945f1000] with protection modes 0
Event: 100.815 Protecting memory [0x00007f289ad2f000,0x00007f289ad33000] with protection modes 0
Event: 100.815 Protecting memory [0x00007f289ac2e000,0x00007f289ac32000] with protection modes 0
Event: 100.815 Protecting memory [0x00007f28940e8000,0x00007f28940ec000] with protection modes 0
Event: 100.815 Protecting memory [0x00007f289cfb4000,0x00007f289cfb8000] with protection modes 0
Event: 100.815 Protecting memory [0x00007f289c0a5000,0x00007f289c0a9000] with protection modes 0
Event: 100.815 Protecting memory [0x00007f28951f7000,0x00007f28951fb000] with protection modes 0
Event: 100.816 Protecting memory [0x00007f289af31000,0x00007f289af35000] with protection modes 0
Event: 138.459 Protecting memory [0x00007f289b99e000,0x00007f289b9a2000] with protection modes 0
Event: 138.459 Protecting memory [0x00007f2892ed6000,0x00007f2892eda000] with protection modes 0
Event: 138.459 Protecting memory [0x00007f289c3a8000,0x00007f289c3ac000] with protection modes 0
Event: 138.484 Protecting memory [0x00007f289bfa4000,0x00007f289bfa8000] with protection modes 0
Event: 139.713 Protecting memory [0x00007f289bfa4000,0x00007f289bfa8000] with protection modes 0
Event: 194.160 Protecting memory [0x00007f289b79c000,0x00007f289b7a0000] with protection modes 0

Nmethod flushes (20 events):
Event: 3.133 Thread 0x00007f29480ff700 flushing  nmethod 0x00007f292fe9b188
Event: 3.133 Thread 0x00007f29480ff700 flushing  nmethod 0x00007f292fe9b708
Event: 3.133 Thread 0x00007f29480ff700 flushing  nmethod 0x00007f292fe9c688
Event: 3.133 Thread 0x00007f29480ff700 flushing  nmethod 0x00007f292fea0388
Event: 3.133 Thread 0x00007f29480ff700 flushing  nmethod 0x00007f292fea0808
Event: 3.133 Thread 0x00007f29480ff700 flushing  nmethod 0x00007f292fece088
Event: 3.133 Thread 0x00007f29480ff700 flushing  nmethod 0x00007f292fece488
Event: 3.133 Thread 0x00007f29480ff700 flushing  nmethod 0x00007f292fecea08
Event: 3.133 Thread 0x00007f29480ff700 flushing  nmethod 0x00007f292fef9b88
Event: 3.133 Thread 0x00007f29480ff700 flushing  nmethod 0x00007f292ff1d688
Event: 3.133 Thread 0x00007f29480ff700 flushing  nmethod 0x00007f292ff43b88
Event: 3.133 Thread 0x00007f29480ff700 flushing  nmethod 0x00007f292ff4b608
Event: 3.133 Thread 0x00007f29480ff700 flushing  nmethod 0x00007f292ff66188
Event: 3.133 Thread 0x00007f29480ff700 flushing  nmethod 0x00007f292ff67a08
Event: 3.133 Thread 0x00007f29480ff700 flushing  nmethod 0x00007f293003a208
Event: 3.133 Thread 0x00007f29480ff700 flushing osr nmethod 0x00007f293010ad08
Event: 3.133 Thread 0x00007f29480ff700 flushing  nmethod 0x00007f29301b7388
Event: 3.133 Thread 0x00007f29480ff700 flushing  nmethod 0x00007f29301b7688
Event: 3.133 Thread 0x00007f29480ff700 flushing  nmethod 0x00007f29301b9f08
Event: 3.133 Thread 0x00007f29480ff700 flushing  nmethod 0x00007f293025bc88

Events (20 events):
Event: 161.222 Thread 0x00007f28f92462b0 Thread exited: 0x00007f28f92462b0
Event: 161.222 Thread 0x00007f28ec020c70 Thread exited: 0x00007f28ec020c70
Event: 161.222 Thread 0x00007f28ec025790 Thread exited: 0x00007f28ec025790
Event: 161.222 Thread 0x00007f28ec0201c0 Thread exited: 0x00007f28ec0201c0
Event: 161.222 Thread 0x00007f29201c1e80 Thread exited: 0x00007f29201c1e80
Event: 161.222 Thread 0x00007f28fc41ff30 Thread exited: 0x00007f28fc41ff30
Event: 161.222 Thread 0x00007f2949af9010 Thread exited: 0x00007f2949af9010
Event: 161.222 Thread 0x00007f28f9552040 Thread exited: 0x00007f28f9552040
Event: 161.222 Thread 0x00007f29098d6bc0 Thread exited: 0x00007f29098d6bc0
Event: 161.223 Thread 0x00007f29099663a0 Thread exited: 0x00007f29099663a0
Event: 161.223 Thread 0x00007f29098cb9e0 Thread exited: 0x00007f29098cb9e0
Event: 161.229 Thread 0x00007f28f41a21b0 Thread exited: 0x00007f28f41a21b0
Event: 161.229 Thread 0x00007f29040d8da0 Thread exited: 0x00007f29040d8da0
Event: 161.229 Thread 0x00007f28f4002ed0 Thread exited: 0x00007f28f4002ed0
Event: 161.230 Thread 0x00007f28f411cc80 Thread exited: 0x00007f28f411cc80
Event: 161.230 Thread 0x00007f28f8378ef0 Thread exited: 0x00007f28f8378ef0
Event: 161.230 Thread 0x00007f28f41c0b40 Thread exited: 0x00007f28f41c0b40
Event: 161.230 Thread 0x00007f2949bc1e00 Thread exited: 0x00007f2949bc1e00
Event: 194.160 Thread 0x00007f294810fd20 Thread added: 0x00007f28e1d66b80
Event: 194.313 Thread 0x00007f28e1d66b80 Thread exited: 0x00007f28e1d66b80


Dynamic libraries:
401e7000-401e9000 r-xs 00000000 00:01 419768                             /memfd:/.glXXXXXX (deleted)
40f95000-41041000 rw-p 00000000 00:00 0 
414ee000-4159a000 rw-p 00000000 00:00 0 
9b000000-9b001000 ---p 00000000 00:00 0 
9b001000-9bda7000 rw-p 00001000 103:02 7880813                           /usr/lib/jvm/java-26-openjdk/lib/server/classes.jsa
9bda7000-9c000000 ---p 00000000 00:00 0 
9c000000-9c040000 rw-p 00000000 00:00 0 
9c040000-9c0c0000 rw-p 00000000 00:00 0 
9c0c0000-9c100000 rw-p 00000000 00:00 0 
9c100000-9c340000 rw-p 00000000 00:00 0 
9c340000-9c380000 rw-p 00000000 00:00 0 
9c380000-9c400000 rw-p 00000000 00:00 0 
9c400000-9c4c0000 rw-p 00000000 00:00 0 
9c4c0000-9c5c0000 rw-p 00000000 00:00 0 
9c5c0000-9c600000 rw-p 00000000 00:00 0 
9c600000-9c880000 rw-p 00000000 00:00 0 
9c880000-9ca70000 rw-p 00000000 00:00 0 
9ca70000-dc000000 ---p 00000000 00:00 0 
200000000-200200000 ---p 00000000 00:00 0 
200200000-200400000 rw-s 00000000 00:07 1112                             /dev/nvidia0
200400000-203400000 rw-s 00000000 00:07 1110                             /dev/nvidiactl
203400000-204000000 ---p 00000000 00:00 0 
204000000-204200000 rw-s 00000000 00:07 1110                             /dev/nvidiactl
204200000-204400000 rw-s 00000000 00:07 1110                             /dev/nvidiactl
204400000-204600000 rw-s 204400000 00:07 779                             /dev/nvidia-uvm
204600000-300200000 ---p 00000000 00:00 0 
70fa00000-718200000 rw-p 00000000 00:00 0 
718200000-7ffa00000 ---p 00000000 00:00 0 
7ffa00000-7ffe00000 rw-p 00000000 00:00 0 
7ffe00000-800000000 ---p 00000000 00:00 0 
10000000000-10004400000 ---p 00000000 00:00 0 
10004400000-10004600000 rw-s 00000000 00:07 1110                         /dev/nvidiactl
10004600000-10004800000 rw-s 00000000 00:01 419774                       /dev/zero (deleted)
10004800000-10004a00000 rw-s 00000000 00:01 419775                       /dev/zero (deleted)
10004a00000-10005000000 ---p 00000000 00:00 0 
10005000000-10005200000 rw-s 00000000 00:07 1110                         /dev/nvidiactl
10005200000-10005400000 ---p 00000000 00:00 0 
10005400000-10005600000 rw-s 00000000 00:01 419777                       /dev/zero (deleted)
10005600000-10005b33000 rw-s 00000000 00:07 1110                         /dev/nvidiactl
10005b33000-10020000000 ---p 00000000 00:00 0 
55df554e7000-55df554e8000 r--p 00000000 103:02 7876111                   /usr/lib/jvm/java-26-openjdk/bin/java
55df554e8000-55df554e9000 r-xp 00001000 103:02 7876111                   /usr/lib/jvm/java-26-openjdk/bin/java
55df554e9000-55df554ea000 r--p 00002000 103:02 7876111                   /usr/lib/jvm/java-26-openjdk/bin/java
55df554ea000-55df554eb000 r--p 00002000 103:02 7876111                   /usr/lib/jvm/java-26-openjdk/bin/java
55df554eb000-55df554ec000 rw-p 00003000 103:02 7876111                   /usr/lib/jvm/java-26-openjdk/bin/java
55df6d847000-55df7382b000 rw-p 00000000 00:00 0                          [heap]
7f288f9fd000-7f2891200000 rw-p 00000000 00:00 0 
7f2891200000-7f2891c2e000 r--p 00000000 103:02 5649983                   /usr/share/fonts/noto/NotoColorEmoji.ttf
7f2891e00000-7f289282e000 r--p 00000000 103:02 5649983                   /usr/share/fonts/noto/NotoColorEmoji.ttf
7f28928cf000-7f28928d0000 rw-p 00000000 00:00 0 
7f28928d0000-7f28928d4000 ---p 00000000 00:00 0 
7f28928d4000-7f28929d0000 rw-p 00000000 00:00 0 
7f2892ad1000-7f2892ad2000 rw-p 00000000 00:00 0 
7f2892ad2000-7f2892ad6000 ---p 00000000 00:00 0 
7f2892ad6000-7f2892bd3000 rw-p 00000000 00:00 0 
7f2892bd3000-7f2892bd7000 ---p 00000000 00:00 0 
7f2892bd7000-7f2892cd3000 rw-p 00000000 00:00 0 
7f2892dd4000-7f2892dd5000 rw-p 00000000 00:00 0 
7f2892dd5000-7f2892dd9000 ---p 00000000 00:00 0 
7f2892dd9000-7f2892ed6000 rw-p 00000000 00:00 0 
7f2892ed6000-7f2892eda000 ---p 00000000 00:00 0 
7f2892eda000-7f2892fd7000 rw-p 00000000 00:00 0 
7f2892fd7000-7f2892fdb000 ---p 00000000 00:00 0 
7f2892fdb000-7f28930d8000 rw-p 00000000 00:00 0 
7f28930d8000-7f28930dc000 ---p 00000000 00:00 0 
7f28930dc000-7f28931d9000 rw-p 00000000 00:00 0 
7f28931d9000-7f28931dd000 ---p 00000000 00:00 0 
7f28931dd000-7f28932d9000 rw-p 00000000 00:00 0 
7f28933da000-7f28933db000 rw-p 00000000 00:00 0 
7f28933db000-7f28933df000 ---p 00000000 00:00 0 
7f28933df000-7f28934dc000 rw-p 00000000 00:00 0 
7f28934dc000-7f28934e0000 ---p 00000000 00:00 0 
7f28934e0000-7f28935dd000 rw-p 00000000 00:00 0 
7f28935dd000-7f28935e1000 ---p 00000000 00:00 0 
7f28935e1000-7f28936de000 rw-p 00000000 00:00 0 
7f28936de000-7f28936e2000 ---p 00000000 00:00 0 
7f28936e2000-7f28937df000 rw-p 00000000 00:00 0 
7f28937df000-7f28937e3000 ---p 00000000 00:00 0 
7f28937e3000-7f28938e0000 rw-p 00000000 00:00 0 
7f28938e0000-7f28938e4000 ---p 00000000 00:00 0 
7f28938e4000-7f28939e0000 rw-p 00000000 00:00 0 
7f2893ae1000-7f2893ae2000 rw-p 00000000 00:00 0 
7f2893ae2000-7f2893ae6000 ---p 00000000 00:00 0 
7f2893ae6000-7f2893be3000 rw-p 00000000 00:00 0 
7f2893be3000-7f2893be7000 ---p 00000000 00:00 0 
7f2893be7000-7f2893ce3000 rw-p 00000000 00:00 0 
7f2893de4000-7f2893de5000 rw-p 00000000 00:00 0 
7f2893de5000-7f2893de9000 ---p 00000000 00:00 0 
7f2893de9000-7f2893ee6000 rw-p 00000000 00:00 0 
7f2893ee6000-7f2893eea000 ---p 00000000 00:00 0 
7f2893eea000-7f2893fe7000 rw-p 00000000 00:00 0 
7f2893fe7000-7f2893feb000 ---p 00000000 00:00 0 
7f2893feb000-7f28940e8000 rw-p 00000000 00:00 0 
7f28940e8000-7f28940ec000 ---p 00000000 00:00 0 
7f28940ec000-7f28941e9000 rw-p 00000000 00:00 0 
7f28941e9000-7f28941ed000 ---p 00000000 00:00 0 
7f28941ed000-7f28942e9000 rw-p 00000000 00:00 0 
7f28943ea000-7f28943eb000 rw-p 00000000 00:00 0 
7f28943eb000-7f28943ef000 ---p 00000000 00:00 0 
7f28943ef000-7f28944ec000 rw-p 00000000 00:00 0 
7f28944ec000-7f28944f0000 ---p 00000000 00:00 0 
7f28944f0000-7f28945ed000 rw-p 00000000 00:00 0 
7f28945ed000-7f28945f1000 ---p 00000000 00:00 0 
7f28945f1000-7f28946ee000 rw-p 00000000 00:00 0 
7f28946ee000-7f28946f2000 ---p 00000000 00:00 0 
7f28946f2000-7f28947ef000 rw-p 00000000 00:00 0 
7f28947ef000-7f28947f3000 ---p 00000000 00:00 0 
7f28947f3000-7f28948f0000 rw-p 00000000 00:00 0 
7f28948f0000-7f28948f4000 ---p 00000000 00:00 0 
7f28948f4000-7f28949f0000 rw-p 00000000 00:00 0 
7f2894bf2000-7f2894bf3000 rw-p 00000000 00:00 0 
7f2894bf3000-7f2894bf7000 ---p 00000000 00:00 0 
7f2894bf7000-7f2894cf3000 rw-p 00000000 00:00 0 
7f2894df4000-7f2894df5000 rw-p 00000000 00:00 0 
7f2894df5000-7f2894df9000 ---p 00000000 00:00 0 
7f2894df9000-7f2894ef6000 rw-p 00000000 00:00 0 
7f2894ef6000-7f2894efa000 ---p 00000000 00:00 0 
7f2894efa000-7f2894ff6000 rw-p 00000000 00:00 0 
7f2894ff6000-7f28951f6000 rw-s 00000000 00:07 1110                       /dev/nvidiactl
7f28951f6000-7f28951f7000 rw-p 00000000 00:00 0 
7f28951f7000-7f28951fb000 ---p 00000000 00:00 0 
7f28951fb000-7f28952f8000 rw-p 00000000 00:00 0 
7f28952f8000-7f28952fc000 ---p 00000000 00:00 0 
7f28952fc000-7f28953f9000 rw-p 00000000 00:00 0 
7f28953f9000-7f28953fd000 ---p 00000000 00:00 0 
7f28953fd000-7f28954fa000 rw-p 00000000 00:00 0 
7f28954fa000-7f28954fe000 ---p 00000000 00:00 0 
7f28954fe000-7f28955fb000 rw-p 00000000 00:00 0 
7f28955fb000-7f28955ff000 ---p 00000000 00:00 0 
7f28955ff000-7f28956fb000 rw-p 00000000 00:00 0 
7f28957fc000-7f2895bfc000 rw-s 00000000 00:07 1110                       /dev/nvidiactl
7f2895dfe000-7f2895dff000 rw-p 00000000 00:00 0 
7f2895dff000-7f2895e03000 ---p 00000000 00:00 0 
7f2895e03000-7f2895f00000 rw-p 00000000 00:00 0 
7f2895f00000-7f2895f04000 ---p 00000000 00:00 0 
7f2895f04000-7f2896000000 rw-p 00000000 00:00 0 
7f2896000000-7f2896300000 rw-p 00000000 00:00 0 
7f2896300000-7f2896400000 rw-p 00000000 00:00 0 
7f2896400000-7f2896a00000 rw-p 00000000 00:00 0 
7f2896a00000-7f2897030000 rw-p 00000000 00:00 0 
7f2897030000-7f289a000000 ---p 00000000 00:00 0 
7f289a021000-7f289a022000 rw-p 00000000 00:00 0 
7f289a022000-7f289a026000 ---p 00000000 00:00 0 
7f289a026000-7f289a123000 rw-p 00000000 00:00 0 
7f289a123000-7f289a127000 ---p 00000000 00:00 0 
7f289a127000-7f289a224000 rw-p 00000000 00:00 0 
7f289a224000-7f289a228000 ---p 00000000 00:00 0 
7f289a228000-7f289a325000 rw-p 00000000 00:00 0 
7f289a325000-7f289a329000 ---p 00000000 00:00 0 
7f289a329000-7f289a426000 rw-p 00000000 00:00 0 
7f289a426000-7f289a42a000 ---p 00000000 00:00 0 
7f289a42a000-7f289a527000 rw-p 00000000 00:00 0 
7f289a527000-7f289a52b000 ---p 00000000 00:00 0 
7f289a52b000-7f289a628000 rw-p 00000000 00:00 0 
7f289a628000-7f289a62c000 ---p 00000000 00:00 0 
7f289a62c000-7f289a729000 rw-p 00000000 00:00 0 
7f289a729000-7f289a72d000 ---p 00000000 00:00 0 
7f289a72d000-7f289a82a000 rw-p 00000000 00:00 0 
7f289a82a000-7f289a82e000 ---p 00000000 00:00 0 
7f289a82e000-7f289a92b000 rw-p 00000000 00:00 0 
7f289a92b000-7f289a92f000 ---p 00000000 00:00 0 
7f289a92f000-7f289aa2c000 rw-p 00000000 00:00 0 
7f289aa2c000-7f289aa30000 ---p 00000000 00:00 0 
7f289aa30000-7f289ab2d000 rw-p 00000000 00:00 0 
7f289ab2d000-7f289ab31000 ---p 00000000 00:00 0 
7f289ab31000-7f289ac2e000 rw-p 00000000 00:00 0 
7f289ac2e000-7f289ac32000 ---p 00000000 00:00 0 
7f289ac32000-7f289ad2f000 rw-p 00000000 00:00 0 
7f289ad2f000-7f289ad33000 ---p 00000000 00:00 0 
7f289ad33000-7f289ae2f000 rw-p 00000000 00:00 0 
7f289af30000-7f289af31000 rw-p 00000000 00:00 0 
7f289af31000-7f289af35000 ---p 00000000 00:00 0 
7f289af35000-7f289b032000 rw-p 00000000 00:00 0 
7f289b032000-7f289b036000 ---p 00000000 00:00 0 
7f289b036000-7f289b132000 rw-p 00000000 00:00 0 
7f289b132000-7f289b197000 r--p 00000000 103:02 5014472                   /usr/share/fonts/liberation/LiberationSans-Regular.ttf
7f289b197000-7f289b251000 r--p 00000000 103:02 5131297                   /usr/share/fonts/TTF/DejaVuSans.ttf
7f289b251000-7f289b2e9000 r--p 00000000 103:02 5641622                   /usr/share/fonts/noto/NotoSans-Medium.ttf
7f289b2e9000-7f289b34f000 r--p 00000000 103:02 5013908                   /usr/share/fonts/liberation/LiberationSans-Bold.ttf
7f289b34f000-7f289b3fd000 r--p 00000000 103:02 5131293                   /usr/share/fonts/TTF/DejaVuSans-Bold.ttf
7f289b3fd000-7f289b498000 r--p 00000000 103:02 5641617                   /usr/share/fonts/noto/NotoSans-Bold.ttf
7f289b498000-7f289b499000 rw-p 00000000 00:00 0 
7f289b499000-7f289b49d000 ---p 00000000 00:00 0 
7f289b49d000-7f289b599000 rw-p 00000000 00:00 0 
7f289b79b000-7f289b79c000 rw-p 00000000 00:00 0 
7f289b79c000-7f289b7a0000 ---p 00000000 00:00 0 
7f289b7a0000-7f289b89c000 rw-p 00000000 00:00 0 
7f289b99d000-7f289b99e000 rw-p 00000000 00:00 0 
7f289b99e000-7f289b9a2000 ---p 00000000 00:00 0 
7f289b9a2000-7f289ba9f000 rw-p 00000000 00:00 0 
7f289ba9f000-7f289baa3000 ---p 00000000 00:00 0 
7f289baa3000-7f289bba0000 rw-p 00000000 00:00 0 
7f289bba0000-7f289bba4000 ---p 00000000 00:00 0 
7f289bba4000-7f289bca0000 rw-p 00000000 00:00 0 
7f289bda1000-7f289bda2000 rw-p 00000000 00:00 0 
7f289bda2000-7f289bda6000 ---p 00000000 00:00 0 
7f289bda6000-7f289bea2000 rw-p 00000000 00:00 0 
7f289bfa3000-7f289bfa4000 rw-p 00000000 00:00 0 
7f289bfa4000-7f289bfa8000 ---p 00000000 00:00 0 
7f289bfa8000-7f289c0a5000 rw-p 00000000 00:00 0 
7f289c0a5000-7f289c0a9000 ---p 00000000 00:00 0 
7f289c0a9000-7f289c1a5000 rw-p 00000000 00:00 0 
7f289c2a6000-7f289c2a7000 rw-p 00000000 00:00 0 
7f289c2a7000-7f289c2ab000 ---p 00000000 00:00 0 
7f289c2ab000-7f289c3a8000 rw-p 00000000 00:00 0 
7f289c3a8000-7f289c3ac000 ---p 00000000 00:00 0 
7f289c3ac000-7f289c4a9000 rw-p 00000000 00:00 0 
7f289c4a9000-7f289c4ad000 ---p 00000000 00:00 0 
7f289c4ad000-7f289c5aa000 rw-p 00000000 00:00 0 
7f289c5aa000-7f289c5ae000 ---p 00000000 00:00 0 
7f289c5ae000-7f289c6aa000 rw-p 00000000 00:00 0 
7f289c7ab000-7f289c7ac000 rw-p 00000000 00:00 0 
7f289c7ac000-7f289c7b0000 ---p 00000000 00:00 0 
7f289c7b0000-7f289c8ad000 rw-p 00000000 00:00 0 
7f289c8ad000-7f289c8b1000 ---p 00000000 00:00 0 
7f289c8b1000-7f289c9ad000 rw-p 00000000 00:00 0 
7f289cbaf000-7f289cbb0000 rw-p 00000000 00:00 0 
7f289cbb0000-7f289cbb4000 ---p 00000000 00:00 0 
7f289cbb4000-7f289ccb1000 rw-p 00000000 00:00 0 
7f289ccb1000-7f289ccb5000 ---p 00000000 00:00 0 
7f289ccb5000-7f289cdb1000 rw-p 00000000 00:00 0 
7f289ceb2000-7f289ceb3000 rw-p 00000000 00:00 0 
7f289ceb3000-7f289ceb7000 ---p 00000000 00:00 0 
7f289ceb7000-7f289cfb4000 rw-p 00000000 00:00 0 
7f289cfb4000-7f289cfb8000 ---p 00000000 00:00 0 
7f289cfb8000-7f289d0b4000 rw-p 00000000 00:00 0 
7f289d0b4000-7f289d4b4000 rw-s 00000000 00:07 1110                       /dev/nvidiactl
7f289d5b5000-7f289d6b5000 rw-s 00000000 00:07 1110                       /dev/nvidiactl
7f289d6b5000-7f289d6f5000 rw-s 00000000 00:07 1110                       /dev/nvidiactl
7f289d6f5000-7f289def6000 rw-p 00000000 00:00 0 
7f289def6000-7f289e0f6000 rw-s 00000000 00:07 1112                       /dev/nvidia0
7f289e0f6000-7f289e2f6000 rw-s 00000000 00:07 1110                       /dev/nvidiactl
7f289e2f6000-7f289e4f6000 rw-s 00000000 00:07 1110                       /dev/nvidiactl
7f289e4f8000-7f289e6f8000 rw-s 00000000 00:07 1110                       /dev/nvidiactl
7f289e6f8000-7f289ebfe000 rw-p 00000000 00:00 0 
7f289ebfe000-7f289ec02000 ---p 00000000 00:00 0 
7f289ec02000-7f289ecfe000 rw-p 00000000 00:00 0 
7f289edff000-7f289f600000 rw-p 00000000 00:00 0 
7f289f600000-7f289f800000 rw-s 00000000 00:01 419776                     /dev/zero (deleted)
7f289f828000-7f289f83b000 rw-s 00000000 00:07 1110                       /dev/nvidiactl
7f289f83b000-7f289f85b000 rw-s 00000000 00:07 1110                       /dev/nvidiactl
7f289f85b000-7f289f89b000 rw-s 00000000 00:07 1110                       /dev/nvidiactl
7f289f89b000-7f289f8bb000 rw-s 00000000 00:07 1110                       /dev/nvidiactl
7f289f8bb000-7f289f9bc000 rw-p 00000000 00:00 0 
7f289f9bc000-7f289f9bd000 rw-s 00000000 00:07 1110                       /dev/nvidiactl
7f289f9bd000-7f289f9be000 rw-s 00000000 00:07 1110                       /dev/nvidiactl
7f289f9be000-7f289f9bf000 rw-s 00000000 00:07 1110                       /dev/nvidiactl
7f289f9bf000-7f289f9c0000 rw-s 00000000 00:07 1110                       /dev/nvidiactl
7f289f9c0000-7f289f9c1000 rw-s 00000000 00:07 1110                       /dev/nvidiactl
7f289f9c1000-7f289f9c2000 rw-s 00000000 00:07 1110                       /dev/nvidiactl
7f289f9c2000-7f289f9c3000 rw-s 00000000 00:07 1110                       /dev/nvidiactl
7f289f9c3000-7f289f9c4000 rw-s 00000000 00:07 1110                       /dev/nvidiactl
7f289f9c4000-7f289f9c5000 rw-s 00000000 00:07 1110                       /dev/nvidiactl
7f289f9c5000-7f289f9c6000 rw-s 00000000 00:07 1110                       /dev/nvidiactl
7f289f9c6000-7f289f9c7000 rw-s 00000000 00:07 1110                       /dev/nvidiactl
7f289f9c7000-7f289f9c8000 rw-s 00000000 00:07 1110                       /dev/nvidiactl
7f289f9c8000-7f289f9c9000 rw-s 00000000 00:07 1110                       /dev/nvidiactl
7f289f9c9000-7f289f9ca000 rw-s 00000000 00:07 1110                       /dev/nvidiactl
7f289f9ca000-7f289f9cb000 rw-s 00000000 00:07 1110                       /dev/nvidiactl
7f289f9cb000-7f289f9cc000 rw-s 00000000 00:07 1110                       /dev/nvidiactl
7f289f9cc000-7f28a0bdd000 ---p 00000000 00:00 0 
7f28a0bdd000-7f28a1bdf000 rw-p 00000000 00:00 0 
7f28a1bdf000-7f28a8e00000 ---p 00000000 00:00 0 
7f28a8e00000-7f28a8fa8000 r--p 00000000 103:02 4826311                   /usr/lib/libcuda.so.610.57.04
7f28a8fa8000-7f28aa223000 r-xp 001a8000 103:02 4826311                   /usr/lib/libcuda.so.610.57.04
7f28aa223000-7f28af7ea000 r--p 01423000 103:02 4826311                   /usr/lib/libcuda.so.610.57.04
7f28af7ea000-7f28af7eb000 ---p 069ea000 103:02 4826311                   /usr/lib/libcuda.so.610.57.04
7f28af7eb000-7f28af967000 r--p 069ea000 103:02 4826311                   /usr/lib/libcuda.so.610.57.04
7f28af967000-7f28af96c000 rw-p 06b66000 103:02 4826311                   /usr/lib/libcuda.so.610.57.04
7f28af96c000-7f28af9d4000 rw-p 00000000 00:00 0 
7f28af9df000-7f28afa1f000 rw-s 00000000 00:07 1110                       /dev/nvidiactl
7f28afa1f000-7f28afb20000 rw-p 00000000 00:00 0 
7f28afb20000-7f28afb30000 -w-s 00000000 00:07 1112                       /dev/nvidia0
7f28afb30000-7f28afd30000 rw-s 00000000 00:07 1110                       /dev/nvidiactl
7f28afd30000-7f28afe30000 rw-s 00000000 00:07 1110                       /dev/nvidiactl
7f28afe30000-7f28afe43000 rw-s 00000000 00:07 1110                       /dev/nvidiactl
7f28afe43000-7f28afe83000 rw-s 00000000 00:07 1110                       /dev/nvidiactl
7f28afe83000-7f28afec3000 rw-s 00000000 00:07 1110                       /dev/nvidiactl
7f28afec3000-7f28aff03000 rw-s 00000000 00:07 1110                       /dev/nvidiactl
7f28aff03000-7f28aff04000 rw-p 00000000 00:00 0 
7f28aff04000-7f28aff08000 ---p 00000000 00:00 0 
7f28aff08000-7f28b0004000 rw-p 00000000 00:00 0 
7f28b0004000-7f28b0014000 r-xp 00000000 00:00 0 
7f28b0014000-7f28b0074000 rw-p 00000000 00:00 0 
7f28b0074000-7f28b0094000 rw-s 00000000 00:07 1110                       /dev/nvidiactl
7f28b0094000-7f28b00f4000 rw-p 00000000 00:00 0 
7f28b00f4000-7f28b0114000 rw-s 00000000 00:07 1110                       /dev/nvidiactl
7f28b0114000-7f28b0194000 rw-p 00000000 00:00 0 
7f28b0194000-7f28b1196000 rw-p 00000000 00:00 0 
7f28b1196000-7f28b11d6000 rw-p 00000000 00:00 0 
7f28b11d6000-7f28b19d7000 rw-p 00000000 00:00 0 
7f28b19d7000-7f28b19f7000 rw-p 00000000 00:00 0 
7f28b19f7000-7f28b6200000 rw-p 00000000 00:00 0 
7f28b6200000-7f28b62c3000 r--p 00000000 103:02 4812054                   /usr/lib/libglycin-2.so.0
7f28b62c3000-7f28b65e0000 r-xp 000c2000 103:02 4812054                   /usr/lib/libglycin-2.so.0
7f28b65e0000-7f28b65f9000 r--p 003de000 103:02 4812054                   /usr/lib/libglycin-2.so.0
7f28b65f9000-7f28b65fd000 rw-p 003f6000 103:02 4812054                   /usr/lib/libglycin-2.so.0
7f28b6600000-7f28b6649000 r--p 00000000 103:02 4817127                   /usr/lib/libSPIRV-Tools-opt.so
7f28b6649000-7f28b6812000 r-xp 00049000 103:02 4817127                   /usr/lib/libSPIRV-Tools-opt.so
7f28b6812000-7f28b686b000 r--p 00212000 103:02 4817127                   /usr/lib/libSPIRV-Tools-opt.so
7f28b686b000-7f28b687b000 r--p 0026b000 103:02 4817127                   /usr/lib/libSPIRV-Tools-opt.so
7f28b687b000-7f28b687c000 rw-p 0027b000 103:02 4817127                   /usr/lib/libSPIRV-Tools-opt.so
7f28b687d000-7f28b689d000 rw-p 00000000 00:00 0 
7f28b689d000-7f28b68bd000 rw-s 00000000 00:07 1110                       /dev/nvidiactl
7f28b68bd000-7f28b68fd000 rw-p 00000000 00:00 0 
7f28b68fd000-7f28b68ff000 r--p 00000000 103:02 4734009                   /usr/lib/libseccomp.so.2.6.0
7f28b68ff000-7f28b690f000 r-xp 00002000 103:02 4734009                   /usr/lib/libseccomp.so.2.6.0
7f28b690f000-7f28b6928000 r--p 00012000 103:02 4734009                   /usr/lib/libseccomp.so.2.6.0
7f28b6928000-7f28b6929000 r--p 0002b000 103:02 4734009                   /usr/lib/libseccomp.so.2.6.0
7f28b6929000-7f28b692a000 rw-p 0002c000 103:02 4734009                   /usr/lib/libseccomp.so.2.6.0
7f28b692a000-7f28b6933000 r--p 00000000 103:02 4769004                   /usr/lib/libFLAC.so.14.0.0
7f28b6933000-7f28b6969000 r-xp 00009000 103:02 4769004                   /usr/lib/libFLAC.so.14.0.0
7f28b6969000-7f28b6971000 r--p 0003f000 103:02 4769004                   /usr/lib/libFLAC.so.14.0.0
7f28b6971000-7f28b6972000 r--p 00047000 103:02 4769004                   /usr/lib/libFLAC.so.14.0.0
7f28b6972000-7f28b6973000 rw-p 00048000 103:02 4769004                   /usr/lib/libFLAC.so.14.0.0
7f28b6973000-7f28b6978000 r--p 00000000 103:02 4755422                   /usr/lib/libsndfile.so.1.0.37
7f28b6978000-7f28b69de000 r-xp 00005000 103:02 4755422                   /usr/lib/libsndfile.so.1.0.37
7f28b69de000-7f28b69f7000 r--p 0006b000 103:02 4755422                   /usr/lib/libsndfile.so.1.0.37
7f28b69f7000-7f28b69fa000 r--p 00084000 103:02 4755422                   /usr/lib/libsndfile.so.1.0.37
7f28b69fa000-7f28b69fb000 rw-p 00087000 103:02 4755422                   /usr/lib/libsndfile.so.1.0.37
7f28b69fb000-7f28b69fd000 rw-p 00000000 00:00 0 
7f28b69fd000-7f28b69ff000 r--p 00000000 103:02 4769564                   /usr/lib/libv4lconvert.so.0.0.0
7f28b69ff000-7f28b6a1a000 r-xp 00002000 103:02 4769564                   /usr/lib/libv4lconvert.so.0.0.0
7f28b6a1a000-7f28b6a22000 r--p 0001d000 103:02 4769564                   /usr/lib/libv4lconvert.so.0.0.0
7f28b6a22000-7f28b6a24000 r--p 00025000 103:02 4769564                   /usr/lib/libv4lconvert.so.0.0.0
7f28b6a24000-7f28b6a25000 rw-p 00027000 103:02 4769564                   /usr/lib/libv4lconvert.so.0.0.0
7f28b6a25000-7f28b6a77000 rw-p 00000000 00:00 0 
7f28b6a77000-7f28b6a86000 r--p 00000000 103:02 4735687                   /usr/lib/libunistring.so.5.2.1
7f28b6a86000-7f28b6aca000 r-xp 0000f000 103:02 4735687                   /usr/lib/libunistring.so.5.2.1
7f28b6aca000-7f28b6c59000 r--p 00053000 103:02 4735687                   /usr/lib/libunistring.so.5.2.1
7f28b6c59000-7f28b6c5d000 r--p 001e2000 103:02 4735687                   /usr/lib/libunistring.so.5.2.1
7f28b6c5d000-7f28b6c5e000 rw-p 001e6000 103:02 4735687                   /usr/lib/libunistring.so.5.2.1
7f28b6c5e000-7f28b6c65000 r--p 00000000 103:02 4770278                   /usr/lib/libp11-kit.so.0.4.11
7f28b6c65000-7f28b6d4e000 r-xp 00007000 103:02 4770278                   /usr/lib/libp11-kit.so.0.4.11
7f28b6d4e000-7f28b6de0000 r--p 000f0000 103:02 4770278                   /usr/lib/libp11-kit.so.0.4.11
7f28b6de0000-7f28b6df1000 r--p 00181000 103:02 4770278                   /usr/lib/libp11-kit.so.0.4.11
7f28b6df1000-7f28b6e00000 rw-p 00192000 103:02 4770278                   /usr/lib/libp11-kit.so.0.4.11
7f28b6e00000-7f28b6e1a000 r--p 00000000 103:02 4760330                   /usr/lib/libleancrypto.so.1
7f28b6e1a000-7f28b6f38000 r-xp 0001a000 103:02 4760330                   /usr/lib/libleancrypto.so.1
7f28b6f38000-7f28b705b000 r--p 00138000 103:02 4760330                   /usr/lib/libleancrypto.so.1
7f28b705b000-7f28b7061000 r--p 0025b000 103:02 4760330                   /usr/lib/libleancrypto.so.1
7f28b7061000-7f28b7063000 rw-p 00261000 103:02 4760330                   /usr/lib/libleancrypto.so.1
7f28b706e000-7f28b708e000 rw-p 00000000 00:00 0 
7f28b708e000-7f28b709f000 r--p 00000000 103:02 4732432                   /usr/lib/libkrb5.so.3.3
7f28b709f000-7f28b710f000 r-xp 00011000 103:02 4732432                   /usr/lib/libkrb5.so.3.3
7f28b710f000-7f28b714d000 r--p 00081000 103:02 4732432                   /usr/lib/libkrb5.so.3.3
7f28b714d000-7f28b715b000 r--p 000bf000 103:02 4732432                   /usr/lib/libkrb5.so.3.3
7f28b715b000-7f28b715d000 rw-p 000cd000 103:02 4732432                   /usr/lib/libkrb5.so.3.3
7f28b715d000-7f28b716b000 r--p 00000000 103:02 4758220                   /usr/lib/libnettle.so.9.0
7f28b716b000-7f28b719d000 r-xp 0000e000 103:02 4758220                   /usr/lib/libnettle.so.9.0
7f28b719d000-7f28b71b5000 r--p 00040000 103:02 4758220                   /usr/lib/libnettle.so.9.0
7f28b71b5000-7f28b71b8000 r--p 00057000 103:02 4758220                   /usr/lib/libnettle.so.9.0
7f28b71b8000-7f28b71b9000 rw-p 0005a000 103:02 4758220                   /usr/lib/libnettle.so.9.0
7f28b71b9000-7f28b71c1000 r--p 00000000 103:02 4738622                   /usr/lib/libhogweed.so.7.0
7f28b71c1000-7f28b71d4000 r-xp 00008000 103:02 4738622                   /usr/lib/libhogweed.so.7.0
7f28b71d4000-7f28b71fd000 r--p 0001b000 103:02 4738622                   /usr/lib/libhogweed.so.7.0
7f28b71fd000-7f28b71ff000 r--p 00043000 103:02 4738622                   /usr/lib/libhogweed.so.7.0
7f28b71ff000-7f28b7200000 rw-p 00045000 103:02 4738622                   /usr/lib/libhogweed.so.7.0
7f28b7200000-7f28b7211000 r--p 00000000 103:02 4756846                   /usr/lib/libslang.so.2.3.3
7f28b7211000-7f28b72f2000 r-xp 00011000 103:02 4756846                   /usr/lib/libslang.so.2.3.3
7f28b72f2000-7f28b7333000 r--p 000f2000 103:02 4756846                   /usr/lib/libslang.so.2.3.3
7f28b7333000-7f28b734a000 r--p 00132000 103:02 4756846                   /usr/lib/libslang.so.2.3.3
7f28b734a000-7f28b7354000 rw-p 00149000 103:02 4756846                   /usr/lib/libslang.so.2.3.3
7f28b7354000-7f28b74f0000 rw-p 00000000 00:00 0 
7f28b74fc000-7f28b750c000 r-xp 00000000 00:00 0 
7f28b750c000-7f28b751a000 r--p 00000000 103:02 5905684                   /usr/lib/libOpenGL.so.0.0.0
7f28b751a000-7f28b7525000 r-xp 0000e000 103:02 5905684                   /usr/lib/libOpenGL.so.0.0.0
7f28b7525000-7f28b752a000 r--p 00019000 103:02 5905684                   /usr/lib/libOpenGL.so.0.0.0
7f28b752a000-7f28b752f000 r--p 0001e000 103:02 5905684                   /usr/lib/libOpenGL.so.0.0.0
7f28b752f000-7f28b7530000 rw-p 00023000 103:02 5905684                   /usr/lib/libOpenGL.so.0.0.0
7f28b7530000-7f28b753f000 r--p 00000000 103:02 4811985                   /usr/lib/libsodium.so.26.4.0
7f28b753f000-7f28b7592000 r-xp 0000f000 103:02 4811985                   /usr/lib/libsodium.so.26.4.0
7f28b7592000-7f28b75a4000 r--p 00062000 103:02 4811985                   /usr/lib/libsodium.so.26.4.0
7f28b75a4000-7f28b75a5000 r--p 00074000 103:02 4811985                   /usr/lib/libsodium.so.26.4.0
7f28b75a5000-7f28b75a6000 rw-p 00075000 103:02 4811985                   /usr/lib/libsodium.so.26.4.0
7f28b75a6000-7f28b75b1000 r--p 00000000 103:02 4815516                   /usr/lib/libgomp.so.1.0.0
7f28b75b1000-7f28b75ef000 r-xp 0000b000 103:02 4815516                   /usr/lib/libgomp.so.1.0.0
7f28b75ef000-7f28b75fe000 r--p 00049000 103:02 4815516                   /usr/lib/libgomp.so.1.0.0
7f28b75fe000-7f28b75ff000 r--p 00057000 103:02 4815516                   /usr/lib/libgomp.so.1.0.0
7f28b75ff000-7f28b7600000 rw-p 00058000 103:02 4815516                   /usr/lib/libgomp.so.1.0.0
7f28b7600000-7f28b7619000 r--p 00000000 103:02 4773780                   /usr/lib/libfftw3.so.3.7.11
7f28b7619000-7f28b77f5000 r-xp 00019000 103:02 4773780                   /usr/lib/libfftw3.so.3.7.11
7f28b77f5000-7f28b781c000 r--p 001f5000 103:02 4773780                   /usr/lib/libfftw3.so.3.7.11
7f28b781c000-7f28b782d000 r--p 0021c000 103:02 4773780                   /usr/lib/libfftw3.so.3.7.11
7f28b782d000-7f28b782e000 rw-p 0022d000 103:02 4773780                   /usr/lib/libfftw3.so.3.7.11
7f28b7830000-7f28b7840000 r-xp 00000000 00:00 0 
7f28b7840000-7f28b7845000 r--p 00000000 103:02 4722184                   /usr/lib/libmvec.so.1
7f28b7845000-7f28b7867000 r-xp 00005000 103:02 4722184                   /usr/lib/libmvec.so.1
7f28b7867000-7f28b793e000 r--p 00027000 103:02 4722184                   /usr/lib/libmvec.so.1
7f28b793e000-7f28b793f000 r--p 000fe000 103:02 4722184                   /usr/lib/libmvec.so.1
7f28b793f000-7f28b7940000 rw-p 000ff000 103:02 4722184                   /usr/lib/libmvec.so.1
7f28b7940000-7f28b7941000 r--p 00000000 103:02 4814598                   /usr/lib/libbrotlienc.so.1.2.0
7f28b7941000-7f28b79ae000 r-xp 00001000 103:02 4814598                   /usr/lib/libbrotlienc.so.1.2.0
7f28b79ae000-7f28b79fe000 r--p 0006e000 103:02 4814598                   /usr/lib/libbrotlienc.so.1.2.0
7f28b79fe000-7f28b79ff000 r--p 000bd000 103:02 4814598                   /usr/lib/libbrotlienc.so.1.2.0
7f28b79ff000-7f28b7a00000 rw-p 000be000 103:02 4814598                   /usr/lib/libbrotlienc.so.1.2.0
7f28b7a00000-7f28b7a53000 r--p 00000000 103:02 4726308                   /usr/lib/libcrypto.so.3
7f28b7a53000-7f28b7dff000 r-xp 00053000 103:02 4726308                   /usr/lib/libcrypto.so.3
7f28b7dff000-7f28b7f25000 r--p 003ff000 103:02 4726308                   /usr/lib/libcrypto.so.3
7f28b7f25000-7f28b7fa3000 r--p 00525000 103:02 4726308                   /usr/lib/libcrypto.so.3
7f28b7fa3000-7f28b7fa6000 rw-p 005a3000 103:02 4726308                   /usr/lib/libcrypto.so.3
7f28b7fa6000-7f28b7fa9000 rw-p 00000000 00:00 0 
7f28b7fb5000-7f28b7fb9000 r--p 00000000 103:02 4830241                   /usr/lib/libpgm-5.3.so.0.0.128
7f28b7fb9000-7f28b7fe1000 r-xp 00004000 103:02 4830241                   /usr/lib/libpgm-5.3.so.0.0.128
7f28b7fe1000-7f28b7ffa000 r--p 0002c000 103:02 4830241                   /usr/lib/libpgm-5.3.so.0.0.128
7f28b7ffa000-7f28b7ffb000 r--p 00045000 103:02 4830241                   /usr/lib/libpgm-5.3.so.0.0.128
7f28b7ffb000-7f28b7ffc000 rw-p 00046000 103:02 4830241                   /usr/lib/libpgm-5.3.so.0.0.128
7f28b7ffc000-7f28b8000000 rw-p 00000000 00:00 0 
7f28b8000000-7f28b8009000 r--p 00000000 103:02 4835513                   /usr/lib/libglslang.so.16.4.0
7f28b8009000-7f28b82e3000 r-xp 00009000 103:02 4835513                   /usr/lib/libglslang.so.16.4.0
7f28b82e3000-7f28b8398000 r--p 002e3000 103:02 4835513                   /usr/lib/libglslang.so.16.4.0
7f28b8398000-7f28b83a7000 r--p 00397000 103:02 4835513                   /usr/lib/libglslang.so.16.4.0
7f28b83a7000-7f28b83a9000 rw-p 003a6000 103:02 4835513                   /usr/lib/libglslang.so.16.4.0
7f28b83a9000-7f28b8abd000 rw-p 00000000 00:00 0 
7f28b8ac5000-7f28b8ac8000 r--p 00000000 103:02 4732383                   /usr/lib/libk5crypto.so.3.1
7f28b8ac8000-7f28b8ae4000 r-xp 00003000 103:02 4732383                   /usr/lib/libk5crypto.so.3.1
7f28b8ae4000-7f28b8af0000 r--p 0001f000 103:02 4732383                   /usr/lib/libk5crypto.so.3.1
7f28b8af0000-7f28b8af2000 r--p 0002a000 103:02 4732383                   /usr/lib/libk5crypto.so.3.1
7f28b8af2000-7f28b8af3000 rw-p 0002c000 103:02 4732383                   /usr/lib/libk5crypto.so.3.1
7f28b8af3000-7f28b8af7000 r--p 00000000 103:02 4771010                   /usr/lib/libmpg123.so.0.49.4
7f28b8af7000-7f28b8b35000 r-xp 00004000 103:02 4771010                   /usr/lib/libmpg123.so.0.49.4
7f28b8b35000-7f28b8b50000 r--p 00042000 103:02 4771010                   /usr/lib/libmpg123.so.0.49.4
7f28b8b50000-7f28b8b51000 r--p 0005d000 103:02 4771010                   /usr/lib/libmpg123.so.0.49.4
7f28b8b51000-7f28b8b52000 rw-p 0005e000 103:02 4771010                   /usr/lib/libmpg123.so.0.49.4
7f28b8b52000-7f28b8b5d000 r--p 00000000 103:02 4758350                   /usr/lib/libglut.so.3.13.0
7f28b8b5d000-7f28b8b77000 r-xp 0000b000 103:02 4758350                   /usr/lib/libglut.so.3.13.0
7f28b8b77000-7f28b8b91000 r--p 00025000 103:02 4758350                   /usr/lib/libglut.so.3.13.0
7f28b8b91000-7f28b8b95000 r--p 0003f000 103:02 4758350                   /usr/lib/libglut.so.3.13.0
7f28b8b95000-7f28b8b9c000 rw-p 00043000 103:02 4758350                   /usr/lib/libglut.so.3.13.0
7f28b8b9c000-7f28b8c00000 rw-p 00000000 00:00 0 
7f28b8c00000-7f28b8c25000 r--p 00000000 103:02 4738682                   /usr/lib/libgnutls.so.30.42.0
7f28b8c25000-7f28b8d7b000 r-xp 00025000 103:02 4738682                   /usr/lib/libgnutls.so.30.42.0
7f28b8d7b000-7f28b8df9000 r--p 0017b000 103:02 4738682                   /usr/lib/libgnutls.so.30.42.0
7f28b8df9000-7f28b8e0b000 r--p 001f8000 103:02 4738682                   /usr/lib/libgnutls.so.30.42.0
7f28b8e0b000-7f28b8e0e000 rw-p 0020a000 103:02 4738682                   /usr/lib/libgnutls.so.30.42.0
7f28b8e0e000-7f28b8e11000 rw-p 00000000 00:00 0 
7f28b8e15000-7f28b8e18000 r--p 00000000 103:02 4777131                   /usr/lib/libmd.so.0.2.0
7f28b8e18000-7f28b8e24000 r-xp 00003000 103:02 4777131                   /usr/lib/libmd.so.0.2.0
7f28b8e24000-7f28b8e26000 r--p 0000f000 103:02 4777131                   /usr/lib/libmd.so.0.2.0
7f28b8e26000-7f28b8e27000 r--p 00011000 103:02 4777131                   /usr/lib/libmd.so.0.2.0
7f28b8e27000-7f28b8e28000 rw-p 00012000 103:02 4777131                   /usr/lib/libmd.so.0.2.0
7f28b8e28000-7f28b8e2b000 r--p 00000000 103:02 4722208                   /usr/lib/libresolv.so.2
7f28b8e2b000-7f28b8e34000 r-xp 00003000 103:02 4722208                   /usr/lib/libresolv.so.2
7f28b8e34000-7f28b8e37000 r--p 0000c000 103:02 4722208                   /usr/lib/libresolv.so.2
7f28b8e37000-7f28b8e38000 r--p 0000f000 103:02 4722208                   /usr/lib/libresolv.so.2
7f28b8e38000-7f28b8e39000 rw-p 00010000 103:02 4722208                   /usr/lib/libresolv.so.2
7f28b8e39000-7f28b8e3b000 rw-p 00000000 00:00 0 
7f28b8e3b000-7f28b8e5f000 r--p 00000000 103:02 4754125                   /usr/lib/libdb-5.3.so
7f28b8e5f000-7f28b8fbc000 r-xp 00024000 103:02 4754125                   /usr/lib/libdb-5.3.so
7f28b8fbc000-7f28b8ff5000 r--p 00181000 103:02 4754125                   /usr/lib/libdb-5.3.so
7f28b8ff5000-7f28b8fff000 r--p 001b9000 103:02 4754125                   /usr/lib/libdb-5.3.so
7f28b8fff000-7f28b9000000 rw-p 001c3000 103:02 4754125                   /usr/lib/libdb-5.3.so
7f28b9000000-7f28b900c000 r--p 00000000 103:02 4758335                   /usr/lib/libopenmpt.so.0.5.5
7f28b900c000-7f28b9181000 r-xp 0000c000 103:02 4758335                   /usr/lib/libopenmpt.so.0.5.5
7f28b9181000-7f28b91d0000 r--p 00181000 103:02 4758335                   /usr/lib/libopenmpt.so.0.5.5
7f28b91d0000-7f28b91d5000 r--p 001d0000 103:02 4758335                   /usr/lib/libopenmpt.so.0.5.5
7f28b91d5000-7f28b91d6000 rw-p 001d5000 103:02 4758335                   /usr/lib/libopenmpt.so.0.5.5
7f28b91d6000-7f28b9230000 rw-p 00000000 00:00 0 
7f28b9231000-7f28b9232000 r--p 00000000 103:02 4763243                   /usr/lib/libXxf86vm.so.1.0.0
7f28b9232000-7f28b9235000 r-xp 00001000 103:02 4763243                   /usr/lib/libXxf86vm.so.1.0.0
7f28b9235000-7f28b9236000 r--p 00004000 103:02 4763243                   /usr/lib/libXxf86vm.so.1.0.0
7f28b9236000-7f28b9237000 r--p 00004000 103:02 4763243                   /usr/lib/libXxf86vm.so.1.0.0
7f28b9237000-7f28b9238000 rw-p 00005000 103:02 4763243                   /usr/lib/libXxf86vm.so.1.0.0
7f28b9238000-7f28b923b000 r--p 00000000 103:02 4777363                   /usr/lib/libGLU.so.1.3.1
7f28b923b000-7f28b9285000 r-xp 00003000 103:02 4777363                   /usr/lib/libGLU.so.1.3.1
7f28b9285000-7f28b9290000 r--p 0004d000 103:02 4777363                   /usr/lib/libGLU.so.1.3.1
7f28b9290000-7f28b9291000 r--p 00058000 103:02 4777363                   /usr/lib/libGLU.so.1.3.1
7f28b9291000-7f28b9292000 rw-p 00059000 103:02 4777363                   /usr/lib/libGLU.so.1.3.1
7f28b9292000-7f28b9293000 r--p 00000000 103:02 4768927                   /usr/lib/libsamplerate.so.0.2.2
7f28b9293000-7f28b9298000 r-xp 00001000 103:02 4768927                   /usr/lib/libsamplerate.so.0.2.2
7f28b9298000-7f28b93fe000 r--p 00006000 103:02 4768927                   /usr/lib/libsamplerate.so.0.2.2
7f28b93fe000-7f28b93ff000 r--p 0016b000 103:02 4768927                   /usr/lib/libsamplerate.so.0.2.2
7f28b93ff000-7f28b9400000 rw-p 0016c000 103:02 4768927                   /usr/lib/libsamplerate.so.0.2.2
7f28b9400000-7f28b9406000 r-xp 00000000 103:02 1313995                   /opt/cuda/targets/x86_64-linux/lib/libOpenCL.so.1.0.0
7f28b9406000-7f28b9605000 ---p 00006000 103:02 1313995                   /opt/cuda/targets/x86_64-linux/lib/libOpenCL.so.1.0.0
7f28b9605000-7f28b9607000 r--p 00005000 103:02 1313995                   /opt/cuda/targets/x86_64-linux/lib/libOpenCL.so.1.0.0
7f28b9607000-7f28b9608000 rw-p 00007000 103:02 1313995                   /opt/cuda/targets/x86_64-linux/lib/libOpenCL.so.1.0.0
7f28b960c000-7f28b960f000 r--p 00000000 103:02 4732435                   /usr/lib/libkrb5support.so.0.1
7f28b960f000-7f28b9616000 r-xp 00003000 103:02 4732435                   /usr/lib/libkrb5support.so.0.1
7f28b9616000-7f28b9619000 r--p 0000a000 103:02 4732435                   /usr/lib/libkrb5support.so.0.1
7f28b9619000-7f28b961a000 r--p 0000c000 103:02 4732435                   /usr/lib/libkrb5support.so.0.1
7f28b961a000-7f28b961b000 rw-p 0000d000 103:02 4732435                   /usr/lib/libkrb5support.so.0.1
7f28b961b000-7f28b961d000 r--p 00000000 103:02 4737522                   /usr/lib/libtasn1.so.6.6.5
7f28b961d000-7f28b962c000 r-xp 00002000 103:02 4737522                   /usr/lib/libtasn1.so.6.6.5
7f28b962c000-7f28b962f000 r--p 00011000 103:02 4737522                   /usr/lib/libtasn1.so.6.6.5
7f28b962f000-7f28b9630000 r--p 00014000 103:02 4737522                   /usr/lib/libtasn1.so.6.6.5
7f28b9630000-7f28b9631000 rw-p 00015000 103:02 4737522                   /usr/lib/libtasn1.so.6.6.5
7f28b9631000-7f28b9645000 r--p 00000000 103:02 5005676                   /usr/lib/pulseaudio/libpulsecommon-17.0.so
7f28b9645000-7f28b968f000 r-xp 00014000 103:02 5005676                   /usr/lib/pulseaudio/libpulsecommon-17.0.so
7f28b968f000-7f28b96ae000 r--p 0005e000 103:02 5005676                   /usr/lib/pulseaudio/libpulsecommon-17.0.so
7f28b96ae000-7f28b96b0000 r--p 0007d000 103:02 5005676                   /usr/lib/pulseaudio/libpulsecommon-17.0.so
7f28b96b0000-7f28b96b1000 rw-p 0007f000 103:02 5005676                   /usr/lib/pulseaudio/libpulsecommon-17.0.so
7f28b96b1000-7f28b96ba000 r--p 00000000 103:02 4732365                   /usr/lib/libgssapi_krb5.so.2.2
7f28b96ba000-7f28b96fa000 r-xp 00009000 103:02 4732365                   /usr/lib/libgssapi_krb5.so.2.2
7f28b96fa000-7f28b9706000 r--p 00049000 103:02 4732365                   /usr/lib/libgssapi_krb5.so.2.2
7f28b9706000-7f28b9708000 r--p 00055000 103:02 4732365                   /usr/lib/libgssapi_krb5.so.2.2
7f28b9708000-7f28b9709000 rw-p 00057000 103:02 4732365                   /usr/lib/libgssapi_krb5.so.2.2
7f28b9709000-7f28b971d000 r--p 00000000 103:02 4726312                   /usr/lib/libssl.so.3
7f28b971d000-7f28b97ca000 r-xp 00014000 103:02 4726312                   /usr/lib/libssl.so.3
7f28b97ca000-7f28b97f2000 r--p 000c1000 103:02 4726312                   /usr/lib/libssl.so.3
7f28b97f2000-7f28b97fc000 r--p 000e9000 103:02 4726312                   /usr/lib/libssl.so.3
7f28b97fc000-7f28b9800000 rw-p 000f3000 103:02 4726312                   /usr/lib/libssl.so.3
7f28b9800000-7f28b985f000 r--p 00000000 103:02 4835194                   /usr/lib/libx265.so.217
7f28b985f000-7f28bac77000 r-xp 0005f000 103:02 4835194                   /usr/lib/libx265.so.217
7f28bac77000-7f28bacfb000 r--p 01477000 103:02 4835194                   /usr/lib/libx265.so.217
7f28bacfb000-7f28bad10000 r--p 014fa000 103:02 4835194                   /usr/lib/libx265.so.217
7f28bad10000-7f28bad13000 rw-p 0150f000 103:02 4835194                   /usr/lib/libx265.so.217
7f28bad13000-7f28bad25000 rw-p 00000000 00:00 0 
7f28bad25000-7f28bad27000 r--p 00000000 103:02 4788180                   /usr/lib/libasyncns.so.0.3.1
7f28bad27000-7f28bad2a000 r-xp 00002000 103:02 4788180                   /usr/lib/libasyncns.so.0.3.1
7f28bad2a000-7f28bad2b000 r--p 00005000 103:02 4788180                   /usr/lib/libasyncns.so.0.3.1
7f28bad2b000-7f28bad2c000 r--p 00005000 103:02 4788180                   /usr/lib/libasyncns.so.0.3.1
7f28bad2c000-7f28bad2d000 rw-p 00006000 103:02 4788180                   /usr/lib/libasyncns.so.0.3.1
7f28bad2d000-7f28bad2e000 r--p 00000000 103:02 4815185                   /usr/lib/libjxl_cms.so.0.12.0
7f28bad2e000-7f28bad4f000 r-xp 00001000 103:02 4815185                   /usr/lib/libjxl_cms.so.0.12.0
7f28bad4f000-7f28bad54000 r--p 00022000 103:02 4815185                   /usr/lib/libjxl_cms.so.0.12.0
7f28bad54000-7f28bad55000 r--p 00027000 103:02 4815185                   /usr/lib/libjxl_cms.so.0.12.0
7f28bad55000-7f28bad56000 rw-p 00028000 103:02 4815185                   /usr/lib/libjxl_cms.so.0.12.0
7f28bad56000-7f28bad5c000 r--p 00000000 103:02 4737856                   /usr/lib/libssh2.so.1.0.1
7f28bad5c000-7f28bad94000 r-xp 00006000 103:02 4737856                   /usr/lib/libssh2.so.1.0.1
7f28bad94000-7f28bada1000 r--p 0003e000 103:02 4737856                   /usr/lib/libssh2.so.1.0.1
7f28bada1000-7f28bada3000 r--p 0004b000 103:02 4737856                   /usr/lib/libssh2.so.1.0.1
7f28bada3000-7f28bada4000 rw-p 0004d000 103:02 4737856                   /usr/lib/libssh2.so.1.0.1
7f28bada4000-7f28bada8000 r--p 00000000 103:02 4750340                   /usr/lib/libngtcp2.so.16.11.0
7f28bada8000-7f28badef000 r-xp 00004000 103:02 4750340                   /usr/lib/libngtcp2.so.16.11.0
7f28badef000-7f28badfe000 r--p 0004b000 103:02 4750340                   /usr/lib/libngtcp2.so.16.11.0
7f28badfe000-7f28badff000 r--p 0005a000 103:02 4750340                   /usr/lib/libngtcp2.so.16.11.0
7f28badff000-7f28bae00000 rw-p 0005b000 103:02 4750340                   /usr/lib/libngtcp2.so.16.11.0
7f28bae00000-7f28bae03000 r--p 00000000 103:02 4792842                   /usr/lib/libx264.so.165
7f28bae03000-7f28baf96000 r-xp 00003000 103:02 4792842                   /usr/lib/libx264.so.165
7f28baf96000-7f28bafcf000 r--p 00196000 103:02 4792842                   /usr/lib/libx264.so.165
7f28bafcf000-7f28bafd1000 r--p 001ce000 103:02 4792842                   /usr/lib/libx264.so.165
7f28bafd1000-7f28bafd2000 rw-p 001d0000 103:02 4792842                   /usr/lib/libx264.so.165
7f28bafd2000-7f28bb0cb000 rw-p 00000000 00:00 0 
7f28bb0ce000-7f28bb0d0000 r--p 00000000 103:02 4755205                   /usr/lib/libhwy.so.1.4.0
7f28bb0d0000-7f28bb0d8000 r-xp 00002000 103:02 4755205                   /usr/lib/libhwy.so.1.4.0
7f28bb0d8000-7f28bb0db000 r--p 0000a000 103:02 4755205                   /usr/lib/libhwy.so.1.4.0
7f28bb0db000-7f28bb0dc000 r--p 0000c000 103:02 4755205                   /usr/lib/libhwy.so.1.4.0
7f28bb0dc000-7f28bb0dd000 rw-p 0000d000 103:02 4755205                   /usr/lib/libhwy.so.1.4.0
7f28bb0dd000-7f28bb0e4000 r--p 00000000 103:02 4761802                   /usr/lib/libgdk_pixbuf-2.0.so.0.4400.7
7f28bb0e4000-7f28bb106000 r-xp 00007000 103:02 4761802                   /usr/lib/libgdk_pixbuf-2.0.so.0.4400.7
7f28bb106000-7f28bb114000 r--p 00029000 103:02 4761802                   /usr/lib/libgdk_pixbuf-2.0.so.0.4400.7
7f28bb114000-7f28bb116000 r--p 00036000 103:02 4761802                   /usr/lib/libgdk_pixbuf-2.0.so.0.4400.7
7f28bb116000-7f28bb117000 rw-p 00038000 103:02 4761802                   /usr/lib/libgdk_pixbuf-2.0.so.0.4400.7
7f28bb117000-7f28bb132000 r--p 00000000 103:02 4768894                   /usr/lib/libsrt.so.1.5.6
7f28bb132000-7f28bb1d6000 r-xp 0001b000 103:02 4768894                   /usr/lib/libsrt.so.1.5.6
7f28bb1d6000-7f28bb1f7000 r--p 000bf000 103:02 4768894                   /usr/lib/libsrt.so.1.5.6
7f28bb1f7000-7f28bb1fa000 r--p 000e0000 103:02 4768894                   /usr/lib/libsrt.so.1.5.6
7f28bb1fa000-7f28bb1fb000 rw-p 000e3000 103:02 4768894                   /usr/lib/libsrt.so.1.5.6
7f28bb1fb000-7f28bb200000 rw-p 00000000 00:00 0 
7f28bb200000-7f28bb204000 r--p 00000000 103:02 4817227                   /usr/lib/libSvtAv1Enc.so.4.2.0
7f28bb204000-7f28bb666000 r-xp 00004000 103:02 4817227                   /usr/lib/libSvtAv1Enc.so.4.2.0
7f28bb666000-7f28bb72a000 r--p 00466000 103:02 4817227                   /usr/lib/libSvtAv1Enc.so.4.2.0
7f28bb72a000-7f28bb72e000 r--p 00529000 103:02 4817227                   /usr/lib/libSvtAv1Enc.so.4.2.0
7f28bb72e000-7f28bb730000 rw-p 0052d000 103:02 4817227                   /usr/lib/libSvtAv1Enc.so.4.2.0
7f28bb730000-7f28c376e000 rw-p 00000000 00:00 0 
7f28c376f000-7f28c3771000 r--p 00000000 103:02 4816273                   /usr/lib/libvorbisfile.so.3.3.8
7f28c3771000-7f28c3776000 r-xp 00002000 103:02 4816273                   /usr/lib/libvorbisfile.so.3.3.8
7f28c3776000-7f28c3777000 r--p 00007000 103:02 4816273                   /usr/lib/libvorbisfile.so.3.3.8
7f28c3777000-7f28c3778000 r--p 00007000 103:02 4816273                   /usr/lib/libvorbisfile.so.3.3.8
7f28c3778000-7f28c3779000 rw-p 00008000 103:02 4816273                   /usr/lib/libvorbisfile.so.3.3.8
7f28c3779000-7f28c377d000 r--p 00000000 103:02 4758497                   /usr/lib/libbsd.so.0.12.2
7f28c377d000-7f28c3788000 r-xp 00004000 103:02 4758497                   /usr/lib/libbsd.so.0.12.2
7f28c3788000-7f28c378b000 r--p 0000f000 103:02 4758497                   /usr/lib/libbsd.so.0.12.2
7f28c378b000-7f28c378c000 r--p 00011000 103:02 4758497                   /usr/lib/libbsd.so.0.12.2
7f28c378c000-7f28c378d000 rw-p 00012000 103:02 4758497                   /usr/lib/libbsd.so.0.12.2
7f28c378d000-7f28c378e000 rw-p 00000000 00:00 0 
7f28c378e000-7f28c3790000 r--p 00000000 103:02 4769556                   /usr/lib/libv4l2.so.0.0.0
7f28c3790000-7f28c3796000 r-xp 00002000 103:02 4769556                   /usr/lib/libv4l2.so.0.0.0
7f28c3796000-7f28c3798000 r--p 00008000 103:02 4769556                   /usr/lib/libv4l2.so.0.0.0
7f28c3798000-7f28c3799000 r--p 00009000 103:02 4769556                   /usr/lib/libv4l2.so.0.0.0
7f28c3799000-7f28c379d000 rw-p 0000a000 103:02 4769556                   /usr/lib/libv4l2.so.0.0.0
7f28c379d000-7f28c379f000 r--p 00000000 103:02 4788171                   /usr/lib/libsoxr.so.0.1.2
7f28c379f000-7f28c37c3000 r-xp 00002000 103:02 4788171                   /usr/lib/libsoxr.so.0.1.2
7f28c37c3000-7f28c37c8000 r--p 00026000 103:02 4788171                   /usr/lib/libsoxr.so.0.1.2
7f28c37c8000-7f28c37ca000 r--p 0002a000 103:02 4788171                   /usr/lib/libsoxr.so.0.1.2
7f28c37ca000-7f28c37cb000 rw-p 0002c000 103:02 4788171                   /usr/lib/libsoxr.so.0.1.2
7f28c37cb000-7f28c3800000 rw-p 00000000 00:00 0 
7f28c3800000-7f28c3888000 r--p 00000000 103:02 4812078                   /usr/lib/librav1e.so.0.8.1
7f28c3888000-7f28c3aff000 r-xp 00087000 103:02 4812078                   /usr/lib/librav1e.so.0.8.1
7f28c3aff000-7f28c3b22000 r--p 002fd000 103:02 4812078                   /usr/lib/librav1e.so.0.8.1
7f28c3b22000-7f28c3b23000 rw-p 0031f000 103:02 4812078                   /usr/lib/librav1e.so.0.8.1
7f28c3b23000-7f28c3b24000 rw-p 00000000 00:00 0 
7f28c3b26000-7f28c3b29000 r--p 00000000 103:02 4769084                   /usr/lib/libiec61883.so.0.1.1
7f28c3b29000-7f28c3b30000 r-xp 00003000 103:02 4769084                   /usr/lib/libiec61883.so.0.1.1
7f28c3b30000-7f28c3b33000 r--p 0000a000 103:02 4769084                   /usr/lib/libiec61883.so.0.1.1
7f28c3b33000-7f28c3b34000 r--p 0000d000 103:02 4769084                   /usr/lib/libiec61883.so.0.1.1
7f28c3b34000-7f28c3b35000 rw-p 0000e000 103:02 4769084                   /usr/lib/libiec61883.so.0.1.1
7f28c3b35000-7f28c3b38000 r--p 00000000 103:02 4815220                   /usr/lib/liblz4.so.1.10.0
7f28c3b38000-7f28c3b56000 r-xp 00003000 103:02 4815220                   /usr/lib/liblz4.so.1.10.0
7f28c3b56000-7f28c3b58000 r--p 00021000 103:02 4815220                   /usr/lib/liblz4.so.1.10.0
7f28c3b58000-7f28c3b59000 r--p 00023000 103:02 4815220                   /usr/lib/liblz4.so.1.10.0
7f28c3b59000-7f28c3b5a000 rw-p 00024000 103:02 4815220                   /usr/lib/liblz4.so.1.10.0
7f28c3b5a000-7f28c3b78000 r--p 00000000 103:02 4770283                   /usr/lib/libdovi.so.3.4.0
7f28c3b78000-7f28c3bf7000 r-xp 0001d000 103:02 4770283                   /usr/lib/libdovi.so.3.4.0
7f28c3bf7000-7f28c3bff000 r--p 0009b000 103:02 4770283                   /usr/lib/libdovi.so.3.4.0
7f28c3bff000-7f28c3c00000 rw-p 000a2000 103:02 4770283                   /usr/lib/libdovi.so.3.4.0
7f28c3c00000-7f28c3c03000 r--p 00000000 103:02 4816266                   /usr/lib/libopus.so.0.11.1
7f28c3c03000-7f28c3c78000 r-xp 00003000 103:02 4816266                   /usr/lib/libopus.so.0.11.1
7f28c3c78000-7f28c3ff4000 r--p 00078000 103:02 4816266                   /usr/lib/libopus.so.0.11.1
7f28c3ff4000-7f28c3ff8000 r--p 003f3000 103:02 4816266                   /usr/lib/libopus.so.0.11.1
7f28c3ff8000-7f28c3ff9000 rw-p 003f7000 103:02 4816266                   /usr/lib/libopus.so.0.11.1
7f28c3ff9000-7f28c3ffb000 r--p 00000000 103:02 4732141                   /usr/lib/libkeyutils.so.1.10
7f28c3ffb000-7f28c3ffd000 r-xp 00002000 103:02 4732141                   /usr/lib/libkeyutils.so.1.10
7f28c3ffd000-7f28c3ffe000 r--p 00004000 103:02 4732141                   /usr/lib/libkeyutils.so.1.10
7f28c3ffe000-7f28c3fff000 r--p 00004000 103:02 4732141                   /usr/lib/libkeyutils.so.1.10
7f28c3fff000-7f28c4000000 rw-p 00005000 103:02 4732141                   /usr/lib/libkeyutils.so.1.10
7f28c4000000-7f28c4004000 r--p 00000000 103:02 4755238                   /usr/lib/libjxl.so.0.12.0
7f28c4004000-7f28c4349000 r-xp 00004000 103:02 4755238                   /usr/lib/libjxl.so.0.12.0
7f28c4349000-7f28c43af000 r--p 00349000 103:02 4755238                   /usr/lib/libjxl.so.0.12.0
7f28c43af000-7f28c43b7000 r--p 003ae000 103:02 4755238                   /usr/lib/libjxl.so.0.12.0
7f28c43b7000-7f28c43b8000 rw-p 003b6000 103:02 4755238                   /usr/lib/libjxl.so.0.12.0
7f28c43b8000-7f28c4436000 rw-p 00000000 00:00 0 
7f28c4436000-7f28c4438000 r--p 00000000 103:02 4726081                   /usr/lib/libcom_err.so.2.1
7f28c4438000-7f28c4439000 r-xp 00002000 103:02 4726081                   /usr/lib/libcom_err.so.2.1
7f28c4439000-7f28c443a000 r--p 00003000 103:02 4726081                   /usr/lib/libcom_err.so.2.1
7f28c443a000-7f28c443b000 r--p 00003000 103:02 4726081                   /usr/lib/libcom_err.so.2.1
7f28c443b000-7f28c443c000 rw-p 00004000 103:02 4726081                   /usr/lib/libcom_err.so.2.1
7f28c443c000-7f28c4441000 r--p 00000000 103:02 4768962                   /usr/lib/libraw1394.so.11.1.0
7f28c4441000-7f28c4449000 r-xp 00005000 103:02 4768962                   /usr/lib/libraw1394.so.11.1.0
7f28c4449000-7f28c444c000 r--p 0000d000 103:02 4768962                   /usr/lib/libraw1394.so.11.1.0
7f28c444c000-7f28c444d000 r--p 0000f000 103:02 4768962                   /usr/lib/libraw1394.so.11.1.0
7f28c444d000-7f28c444e000 rw-p 00010000 103:02 4768962                   /usr/lib/libraw1394.so.11.1.0
7f28c444e000-7f28c4450000 r--p 00000000 103:02 4737748                   /usr/lib/libidn2.so.0.4.0
7f28c4450000-7f28c4454000 r-xp 00002000 103:02 4737748                   /usr/lib/libidn2.so.0.4.0
7f28c4454000-7f28c446e000 r--p 00006000 103:02 4737748                   /usr/lib/libidn2.so.0.4.0
7f28c446e000-7f28c446f000 r--p 0001f000 103:02 4737748                   /usr/lib/libidn2.so.0.4.0
7f28c446f000-7f28c4470000 rw-p 00020000 103:02 4737748                   /usr/lib/libidn2.so.0.4.0
7f28c4470000-7f28c4476000 r--p 00000000 103:02 4769212                   /usr/lib/libmodplug.so.1.0.0
7f28c4476000-7f28c44b4000 r-xp 00006000 103:02 4769212                   /usr/lib/libmodplug.so.1.0.0
7f28c44b4000-7f28c44c1000 r--p 00044000 103:02 4769212                   /usr/lib/libmodplug.so.1.0.0
7f28c44c1000-7f28c44c2000 r--p 00051000 103:02 4769212                   /usr/lib/libmodplug.so.1.0.0
7f28c44c2000-7f28c44c3000 rw-p 00052000 103:02 4769212                   /usr/lib/libmodplug.so.1.0.0
7f28c44c3000-7f28c4600000 rw-p 00000000 00:00 0 
7f28c4600000-7f28c4603000 r--p 00000000 103:02 4744981                   /usr/lib/libaom.so.3.14.1
7f28c4603000-7f28c4da2000 r-xp 00003000 103:02 4744981                   /usr/lib/libaom.so.3.14.1
7f28c4da2000-7f28c4e79000 r--p 007a2000 103:02 4744981                   /usr/lib/libaom.so.3.14.1
7f28c4e79000-7f28c4e8a000 r--p 00879000 103:02 4744981                   /usr/lib/libaom.so.3.14.1
7f28c4e8a000-7f28c4e8c000 rw-p 0088a000 103:02 4744981                   /usr/lib/libaom.so.3.14.1
7f28c4e8c000-7f28c4ee3000 rw-p 00000000 00:00 0 
7f28c4ee8000-7f28c4eea000 r--p 00000000 103:02 4725865                   /usr/lib/libacl.so.1.2.2400
7f28c4eea000-7f28c4ef0000 r-xp 00002000 103:02 4725865                   /usr/lib/libacl.so.1.2.2400
7f28c4ef0000-7f28c4ef2000 r--p 00008000 103:02 4725865                   /usr/lib/libacl.so.1.2.2400
7f28c4ef2000-7f28c4ef3000 r--p 00009000 103:02 4725865                   /usr/lib/libacl.so.1.2.2400
7f28c4ef3000-7f28c4ef4000 rw-p 0000a000 103:02 4725865                   /usr/lib/libacl.so.1.2.2400
7f28c4ef4000-7f28c4ef8000 r--p 00000000 103:02 4750269                   /usr/lib/libnghttp2.so.14.29.5
7f28c4ef8000-7f28c4f0e000 r-xp 00004000 103:02 4750269                   /usr/lib/libnghttp2.so.14.29.5
7f28c4f0e000-7f28c4f1a000 r--p 0001a000 103:02 4750269                   /usr/lib/libnghttp2.so.14.29.5
7f28c4f1a000-7f28c4f1d000 r--p 00025000 103:02 4750269                   /usr/lib/libnghttp2.so.14.29.5
7f28c4f1d000-7f28c4f1e000 rw-p 00028000 103:02 4750269                   /usr/lib/libnghttp2.so.14.29.5
7f28c4f1e000-7f28c4f60000 r--p 00000000 103:02 4757008                   /usr/lib/libzmq.so.5.2.5
7f28c4f60000-7f28c4fd4000 r-xp 00042000 103:02 4757008                   /usr/lib/libzmq.so.5.2.5
7f28c4fd4000-7f28c4ff5000 r--p 000b6000 103:02 4757008                   /usr/lib/libzmq.so.5.2.5
7f28c4ff5000-7f28c4fff000 r--p 000d6000 103:02 4757008                   /usr/lib/libzmq.so.5.2.5
7f28c4fff000-7f28c5000000 rw-p 000e0000 103:02 4757008                   /usr/lib/libzmq.so.5.2.5
7f28c5000000-7f28c5009000 r--p 00000000 103:02 4814627                   /usr/lib/librsvg-2.so.2.62.3
7f28c5009000-7f28c530e000 r-xp 00009000 103:02 4814627                   /usr/lib/librsvg-2.so.2.62.3
7f28c530e000-7f28c541e000 r--p 0030e000 103:02 4814627                   /usr/lib/librsvg-2.so.2.62.3
7f28c541e000-7f28c548e000 r--p 0041d000 103:02 4814627                   /usr/lib/librsvg-2.so.2.62.3
7f28c548e000-7f28c548f000 rw-p 0048d000 103:02 4814627                   /usr/lib/librsvg-2.so.2.62.3
7f28c5490000-7f28c5492000 r--p 00000000 103:02 4737828                   /usr/lib/libpsl.so.5.3.5
7f28c5492000-7f28c5494000 r-xp 00002000 103:02 4737828                   /usr/lib/libpsl.so.5.3.5
7f28c5494000-7f28c54a2000 r--p 00004000 103:02 4737828                   /usr/lib/libpsl.so.5.3.5
7f28c54a2000-7f28c54a3000 r--p 00011000 103:02 4737828                   /usr/lib/libpsl.so.5.3.5
7f28c54a3000-7f28c54a4000 rw-p 00012000 103:02 4737828                   /usr/lib/libpsl.so.5.3.5
7f28c54a4000-7f28c54a7000 r--p 00000000 103:02 4750283                   /usr/lib/libnghttp3.so.9.9.0
7f28c54a7000-7f28c54bc000 r-xp 00003000 103:02 4750283                   /usr/lib/libnghttp3.so.9.9.0
7f28c54bc000-7f28c54c9000 r--p 00018000 103:02 4750283                   /usr/lib/libnghttp3.so.9.9.0
7f28c54c9000-7f28c54ca000 r--p 00024000 103:02 4750283                   /usr/lib/libnghttp3.so.9.9.0
7f28c54ca000-7f28c54cc000 rw-p 00025000 103:02 4750283                   /usr/lib/libnghttp3.so.9.9.0
7f28c54cc000-7f28c54d6000 r--p 00000000 103:02 4769595                   /usr/lib/libvmaf.so.3.2.0
7f28c54d6000-7f28c5532000 r-xp 0000a000 103:02 4769595                   /usr/lib/libvmaf.so.3.2.0
7f28c5532000-7f28c5545000 r--p 00066000 103:02 4769595                   /usr/lib/libvmaf.so.3.2.0
7f28c5545000-7f28c5548000 r--p 00079000 103:02 4769595                   /usr/lib/libvmaf.so.3.2.0
7f28c5548000-7f28c55df000 rw-p 0007c000 103:02 4769595                   /usr/lib/libvmaf.so.3.2.0
7f28c55df000-7f28c561f000 rw-p 00000000 00:00 0 
7f28c561f000-7f28c5621000 r--p 00000000 103:02 4817089                   /usr/lib/libdav1d.so.7.0.0
7f28c5621000-7f28c579f000 r-xp 00002000 103:02 4817089                   /usr/lib/libdav1d.so.7.0.0
7f28c579f000-7f28c57d7000 r--p 00180000 103:02 4817089                   /usr/lib/libdav1d.so.7.0.0
7f28c57d7000-7f28c57db000 r--p 001b7000 103:02 4817089                   /usr/lib/libdav1d.so.7.0.0
7f28c57db000-7f28c57dc000 rw-p 001bb000 103:02 4817089                   /usr/lib/libdav1d.so.7.0.0
7f28c57dc000-7f28c5800000 rw-p 00000000 00:00 0 
7f28c5800000-7f28c5802000 r--p 00000000 103:02 4817225                   /usr/lib/libvpx.so.12.0.0
7f28c5802000-7f28c5af0000 r-xp 00002000 103:02 4817225                   /usr/lib/libvpx.so.12.0.0
7f28c5af0000-7f28c5b25000 r--p 002f0000 103:02 4817225                   /usr/lib/libvpx.so.12.0.0
7f28c5b25000-7f28c5b28000 r--p 00325000 103:02 4817225                   /usr/lib/libvpx.so.12.0.0
7f28c5b28000-7f28c5b29000 rw-p 00328000 103:02 4817225                   /usr/lib/libvpx.so.12.0.0
7f28c5b29000-7f28c5b30000 rw-p 00000000 00:00 0 
7f28c5b32000-7f28c5b33000 r--p 00000000 103:02 4755356                   /usr/lib/libsharpyuv.so.0.1.2
7f28c5b33000-7f28c5b37000 r-xp 00001000 103:02 4755356                   /usr/lib/libsharpyuv.so.0.1.2
7f28c5b37000-7f28c5b38000 r--p 00005000 103:02 4755356                   /usr/lib/libsharpyuv.so.0.1.2
7f28c5b38000-7f28c5b39000 r--p 00005000 103:02 4755356                   /usr/lib/libsharpyuv.so.0.1.2
7f28c5b39000-7f28c5b3a000 rw-p 00006000 103:02 4755356                   /usr/lib/libsharpyuv.so.0.1.2
7f28c5b3a000-7f28c5b3b000 rw-p 00000000 00:00 0 
7f28c5b3b000-7f28c5b40000 r--p 00000000 103:02 4743300                   /usr/lib/libshaderc_shared.so.1
7f28c5b40000-7f28c5b53000 r-xp 00005000 103:02 4743300                   /usr/lib/libshaderc_shared.so.1
7f28c5b53000-7f28c5b57000 r--p 00018000 103:02 4743300                   /usr/lib/libshaderc_shared.so.1
7f28c5b57000-7f28c5b58000 r--p 0001b000 103:02 4743300                   /usr/lib/libshaderc_shared.so.1
7f28c5b58000-7f28c5b59000 rw-p 0001c000 103:02 4743300                   /usr/lib/libshaderc_shared.so.1
7f28c5b59000-7f28c5b6a000 r--p 00000000 103:02 4725963                   /usr/lib/libgmp.so.10.5.0
7f28c5b6a000-7f28c5be8000 r-xp 00011000 103:02 4725963                   /usr/lib/libgmp.so.10.5.0
7f28c5be8000-7f28c5bfd000 r--p 0008f000 103:02 4725963                   /usr/lib/libgmp.so.10.5.0
7f28c5bfd000-7f28c5bff000 r--p 000a3000 103:02 4725963                   /usr/lib/libgmp.so.10.5.0
7f28c5bff000-7f28c5c00000 rw-p 000a5000 103:02 4725963                   /usr/lib/libgmp.so.10.5.0
7f28c5c00000-7f28c5c03000 r--p 00000000 103:02 4771718                   /usr/lib/libswscale.so.10.1.101
7f28c5c03000-7f28c5ddc000 r-xp 00003000 103:02 4771718                   /usr/lib/libswscale.so.10.1.101
7f28c5ddc000-7f28c5dfa000 r--p 001dc000 103:02 4771718                   /usr/lib/libswscale.so.10.1.101
7f28c5dfa000-7f28c5e0e000 r--p 001f9000 103:02 4771718                   /usr/lib/libswscale.so.10.1.101
7f28c5e0e000-7f28c5e0f000 rw-p 0020d000 103:02 4771718                   /usr/lib/libswscale.so.10.1.101
7f28c5e0f000-7f28c5e53000 rw-p 00000000 00:00 0 
7f28c5e58000-7f28c5e5b000 r--p 00000000 103:02 4757522                   /usr/lib/libngtcp2_crypto_ossl.so.0.3.1
7f28c5e5b000-7f28c5e61000 r-xp 00003000 103:02 4757522                   /usr/lib/libngtcp2_crypto_ossl.so.0.3.1
7f28c5e61000-7f28c5e63000 r--p 00009000 103:02 4757522                   /usr/lib/libngtcp2_crypto_ossl.so.0.3.1
7f28c5e63000-7f28c5e64000 r--p 0000a000 103:02 4757522                   /usr/lib/libngtcp2_crypto_ossl.so.0.3.1
7f28c5e64000-7f28c5e65000 rw-p 0000b000 103:02 4757522                   /usr/lib/libngtcp2_crypto_ossl.so.0.3.1
7f28c5e65000-7f28c5e73000 r--p 00000000 103:02 4826263                   /usr/lib/libssh.so.4.12.0
7f28c5e73000-7f28c5ed0000 r-xp 0000e000 103:02 4826263                   /usr/lib/libssh.so.4.12.0
7f28c5ed0000-7f28c5ef0000 r--p 0006b000 103:02 4826263                   /usr/lib/libssh.so.4.12.0
7f28c5ef0000-7f28c5ef2000 r--p 0008b000 103:02 4826263                   /usr/lib/libssh.so.4.12.0
7f28c5ef2000-7f28c5ef4000 rw-p 0008d000 103:02 4826263                   /usr/lib/libssh.so.4.12.0
7f28c5ef4000-7f28c5ef5000 r--p 00000000 103:02 4836934                   /usr/lib/libxvidcore.so.4.3
7f28c5ef5000-7f28c5f7d000 r-xp 00001000 103:02 4836934                   /usr/lib/libxvidcore.so.4.3
7f28c5f7d000-7f28c5f8c000 r--p 00089000 103:02 4836934                   /usr/lib/libxvidcore.so.4.3
7f28c5f8c000-7f28c5f8d000 r--p 00097000 103:02 4836934                   /usr/lib/libxvidcore.so.4.3
7f28c5f8d000-7f28c5f97000 rw-p 00098000 103:02 4836934                   /usr/lib/libxvidcore.so.4.3
7f28c5f97000-7f28c6000000 rw-p 00000000 00:00 0 
7f28c6000000-7f28c600d000 r--p 00000000 103:02 4755479                   /usr/lib/libavutil.so.61.1.101
7f28c600d000-7f28c60f7000 r-xp 0000d000 103:02 4755479                   /usr/lib/libavutil.so.61.1.101
7f28c60f7000-7f28c6121000 r--p 000f7000 103:02 4755479                   /usr/lib/libavutil.so.61.1.101
7f28c6121000-7f28c6137000 r--p 00120000 103:02 4755479                   /usr/lib/libavutil.so.61.1.101
7f28c6137000-7f28c6138000 rw-p 00136000 103:02 4755479                   /usr/lib/libavutil.so.61.1.101
7f28c6138000-7f28c6247000 rw-p 00000000 00:00 0 
7f28c6247000-7f28c6249000 r--p 00000000 103:02 4792845                   /usr/lib/libogg.so.0.8.6
7f28c6249000-7f28c624c000 r-xp 00002000 103:02 4792845                   /usr/lib/libogg.so.0.8.6
7f28c624c000-7f28c624f000 r--p 00005000 103:02 4792845                   /usr/lib/libogg.so.0.8.6
7f28c624f000-7f28c6250000 r--p 00008000 103:02 4792845                   /usr/lib/libogg.so.0.8.6
7f28c6250000-7f28c6251000 rw-p 00009000 103:02 4792845                   /usr/lib/libogg.so.0.8.6
7f28c6251000-7f28c6254000 r--p 00000000 103:02 4773735                   /usr/lib/libdvdread.so.8.2.0
7f28c6254000-7f28c6272000 r-xp 00003000 103:02 4773735                   /usr/lib/libdvdread.so.8.2.0
7f28c6272000-7f28c627b000 r--p 00021000 103:02 4773735                   /usr/lib/libdvdread.so.8.2.0
7f28c627b000-7f28c627c000 r--p 0002a000 103:02 4773735                   /usr/lib/libdvdread.so.8.2.0
7f28c627c000-7f28c627d000 rw-p 0002b000 103:02 4773735                   /usr/lib/libdvdread.so.8.2.0
7f28c627d000-7f28c6281000 r--p 00000000 103:02 4837269                   /usr/lib/libvpl.so.2.17
7f28c6281000-7f28c62cb000 r-xp 00004000 103:02 4837269                   /usr/lib/libvpl.so.2.17
7f28c62cb000-7f28c62de000 r--p 0004e000 103:02 4837269                   /usr/lib/libvpl.so.2.17
7f28c62de000-7f28c62e0000 r--p 00060000 103:02 4837269                   /usr/lib/libvpl.so.2.17
7f28c62e0000-7f28c62e1000 rw-p 00062000 103:02 4837269                   /usr/lib/libvpl.so.2.17
7f28c62e1000-7f28c62e4000 r--p 00000000 103:02 4755359                   /usr/lib/libwebp.so.7.2.0
7f28c62e4000-7f28c6355000 r-xp 00003000 103:02 4755359                   /usr/lib/libwebp.so.7.2.0
7f28c6355000-7f28c6365000 r--p 00074000 103:02 4755359                   /usr/lib/libwebp.so.7.2.0
7f28c6365000-7f28c6366000 r--p 00083000 103:02 4755359                   /usr/lib/libwebp.so.7.2.0
7f28c6366000-7f28c6367000 rw-p 00084000 103:02 4755359                   /usr/lib/libwebp.so.7.2.0
7f28c6367000-7f28c6368000 rw-p 00000000 00:00 0 
7f28c6368000-7f28c6369000 r--p 00000000 103:02 4769018                   /usr/lib/libvorbisenc.so.2.0.12
7f28c6369000-7f28c636c000 r-xp 00001000 103:02 4769018                   /usr/lib/libvorbisenc.so.2.0.12
7f28c636c000-7f28c63e3000 r--p 00004000 103:02 4769018                   /usr/lib/libvorbisenc.so.2.0.12
7f28c63e3000-7f28c63ff000 r--p 0007a000 103:02 4769018                   /usr/lib/libvorbisenc.so.2.0.12
7f28c63ff000-7f28c6400000 rw-p 00096000 103:02 4769018                   /usr/lib/libvorbisenc.so.2.0.12
7f28c6400000-7f28c6412000 r--p 00000000 103:02 4754446                   /usr/lib/libavformat.so.63.1.101
7f28c6412000-7f28c665e000 r-xp 00012000 103:02 4754446                   /usr/lib/libavformat.so.63.1.101
7f28c665e000-7f28c66eb000 r--p 0025e000 103:02 4754446                   /usr/lib/libavformat.so.63.1.101
7f28c66eb000-7f28c6725000 r--p 002ea000 103:02 4754446                   /usr/lib/libavformat.so.63.1.101
7f28c6725000-7f28c6726000 rw-p 00324000 103:02 4754446                   /usr/lib/libavformat.so.63.1.101
7f28c6726000-7f28c6728000 r--p 00000000 103:02 4751858                   /usr/lib/libxcb-shape.so.0.0.0
7f28c6728000-7f28c6729000 r-xp 00002000 103:02 4751858                   /usr/lib/libxcb-shape.so.0.0.0
7f28c6729000-7f28c672a000 r--p 00003000 103:02 4751858                   /usr/lib/libxcb-shape.so.0.0.0
7f28c672a000-7f28c672b000 r--p 00003000 103:02 4751858                   /usr/lib/libxcb-shape.so.0.0.0
7f28c672b000-7f28c672c000 rw-p 00004000 103:02 4751858                   /usr/lib/libxcb-shape.so.0.0.0
7f28c672c000-7f28c672e000 r--p 00000000 103:02 4763199                   /usr/lib/libunwind.so.8.2.0
7f28c672e000-7f28c6739000 r-xp 00002000 103:02 4763199                   /usr/lib/libunwind.so.8.2.0
7f28c6739000-7f28c673b000 r--p 0000d000 103:02 4763199                   /usr/lib/libunwind.so.8.2.0
7f28c673b000-7f28c673c000 r--p 0000e000 103:02 4763199                   /usr/lib/libunwind.so.8.2.0
7f28c673c000-7f28c673d000 rw-p 0000f000 103:02 4763199                   /usr/lib/libunwind.so.8.2.0
7f28c673d000-7f28c6747000 rw-p 00000000 00:00 0 
7f28c6747000-7f28c674c000 r--p 00000000 103:02 4769333                   /usr/lib/libvidstab.so.1.2
7f28c674c000-7f28c6758000 r-xp 00005000 103:02 4769333                   /usr/lib/libvidstab.so.1.2
7f28c6758000-7f28c675c000 r--p 00011000 103:02 4769333                   /usr/lib/libvidstab.so.1.2
7f28c675c000-7f28c675d000 r--p 00014000 103:02 4769333                   /usr/lib/libvidstab.so.1.2
7f28c675d000-7f28c675e000 rw-p 00015000 103:02 4769333                   /usr/lib/libvidstab.so.1.2
7f28c675e000-7f28c6761000 r--p 00000000 103:02 4769013                   /usr/lib/libvorbis.so.0.4.9
7f28c6761000-7f28c6779000 r-xp 00003000 103:02 4769013                   /usr/lib/libvorbis.so.0.4.9
7f28c6779000-7f28c678a000 r--p 0001b000 103:02 4769013                   /usr/lib/libvorbis.so.0.4.9
7f28c678a000-7f28c678b000 r--p 0002b000 103:02 4769013                   /usr/lib/libvorbis.so.0.4.9
7f28c678b000-7f28c678c000 rw-p 0002c000 103:02 4769013                   /usr/lib/libvorbis.so.0.4.9
7f28c678c000-7f28c6793000 r--p 00000000 103:02 4755382                   /usr/lib/libopenjp2.so.2.5.4
7f28c6793000-7f28c67eb000 r-xp 00007000 103:02 4755382                   /usr/lib/libopenjp2.so.2.5.4
7f28c67eb000-7f28c67fd000 r--p 0005f000 103:02 4755382                   /usr/lib/libopenjp2.so.2.5.4
7f28c67fd000-7f28c67ff000 r--p 00071000 103:02 4755382                   /usr/lib/libopenjp2.so.2.5.4
7f28c67ff000-7f28c6800000 rw-p 00073000 103:02 4755382                   /usr/lib/libopenjp2.so.2.5.4
7f28c6800000-7f28c6814000 r--p 00000000 103:02 4750361                   /usr/lib/libavfilter.so.12.1.101
7f28c6814000-7f28c6d0f000 r-xp 00014000 103:02 4750361                   /usr/lib/libavfilter.so.12.1.101
7f28c6d0f000-7f28c6dff000 r--p 0050f000 103:02 4750361                   /usr/lib/libavfilter.so.12.1.101
7f28c6dff000-7f28c6e9a000 r--p 005ff000 103:02 4750361                   /usr/lib/libavfilter.so.12.1.101
7f28c6e9a000-7f28c6e9b000 rw-p 0069a000 103:02 4750361                   /usr/lib/libavfilter.so.12.1.101
7f28c6e9b000-7f28c6e9f000 rw-p 00000000 00:00 0 
7f28c6ea3000-7f28c6ea5000 r--p 00000000 103:02 4769303                   /usr/lib/libtheoradec.so.2.1.1
7f28c6ea5000-7f28c6eb7000 r-xp 00002000 103:02 4769303                   /usr/lib/libtheoradec.so.2.1.1
7f28c6eb7000-7f28c6eb9000 r--p 00014000 103:02 4769303                   /usr/lib/libtheoradec.so.2.1.1
7f28c6eb9000-7f28c6eba000 r--p 00015000 103:02 4769303                   /usr/lib/libtheoradec.so.2.1.1
7f28c6eba000-7f28c6ebb000 rw-p 00016000 103:02 4769303                   /usr/lib/libtheoradec.so.2.1.1
7f28c6ebb000-7f28c6ebc000 r--p 00000000 103:02 4816286                   /usr/lib/libtheoraenc.so.2.2.1
7f28c6ebc000-7f28c6ee0000 r-xp 00001000 103:02 4816286                   /usr/lib/libtheoraenc.so.2.2.1
7f28c6ee0000-7f28c6eec000 r--p 00025000 103:02 4816286                   /usr/lib/libtheoraenc.so.2.2.1
7f28c6eec000-7f28c6eed000 r--p 00030000 103:02 4816286                   /usr/lib/libtheoraenc.so.2.2.1
7f28c6eed000-7f28c6eee000 rw-p 00031000 103:02 4816286                   /usr/lib/libtheoraenc.so.2.2.1
7f28c6eee000-7f28c6ef0000 r--p 00000000 103:02 4769495                   /usr/lib/libspeex.so.1.5.2
7f28c6ef0000-7f28c6f03000 r-xp 00002000 103:02 4769495                   /usr/lib/libspeex.so.1.5.2
7f28c6f03000-7f28c6f08000 r--p 00015000 103:02 4769495                   /usr/lib/libspeex.so.1.5.2
7f28c6f08000-7f28c6f09000 r--p 0001a000 103:02 4769495                   /usr/lib/libspeex.so.1.5.2
7f28c6f09000-7f28c6f0a000 rw-p 0001b000 103:02 4769495                   /usr/lib/libspeex.so.1.5.2
7f28c6f0a000-7f28c6f0f000 r--p 00000000 103:02 4818072                   /usr/lib/libmp3lame.so.0.0.0
7f28c6f0f000-7f28c6f38000 r-xp 00005000 103:02 4818072                   /usr/lib/libmp3lame.so.0.0.0
7f28c6f38000-7f28c6f45000 r--p 0002e000 103:02 4818072                   /usr/lib/libmp3lame.so.0.0.0
7f28c6f45000-7f28c6f46000 r--p 0003b000 103:02 4818072                   /usr/lib/libmp3lame.so.0.0.0
7f28c6f46000-7f28c6f47000 rw-p 0003c000 103:02 4818072                   /usr/lib/libmp3lame.so.0.0.0
7f28c6f47000-7f28c6f58000 rw-p 00000000 00:00 0 
7f28c6f58000-7f28c6f5d000 r--p 00000000 103:02 4748352                   /usr/lib/libjpeg.so.8.3.2
7f28c6f5d000-7f28c6fd7000 r-xp 00005000 103:02 4748352                   /usr/lib/libjpeg.so.8.3.2
7f28c6fd7000-7f28c6ffe000 r--p 0007f000 103:02 4748352                   /usr/lib/libjpeg.so.8.3.2
7f28c6ffe000-7f28c6fff000 r--p 000a6000 103:02 4748352                   /usr/lib/libjpeg.so.8.3.2
7f28c6fff000-7f28c7000000 rw-p 000a7000 103:02 4748352                   /usr/lib/libjpeg.so.8.3.2
7f28c7000000-7f28c7015000 r--p 00000000 103:02 4750331                   /usr/lib/libavcodec.so.63.1.101
7f28c7015000-7f28c7fae000 r-xp 00015000 103:02 4750331                   /usr/lib/libavcodec.so.63.1.101
7f28c7fae000-7f28c8367000 r--p 00fae000 103:02 4750331                   /usr/lib/libavcodec.so.63.1.101
7f28c8367000-7f28c83ed000 r--p 01367000 103:02 4750331                   /usr/lib/libavcodec.so.63.1.101
7f28c83ed000-7f28c83ef000 rw-p 013ed000 103:02 4750331                   /usr/lib/libavcodec.so.63.1.101
7f28c83ef000-7f28c8a93000 rw-p 00000000 00:00 0 
7f28c8a93000-7f28c8a97000 rw-s 00000000 00:07 1110                       /dev/nvidiactl
7f28c8a97000-7f28c8a98000 r--p 00000000 103:02 4769453                   /usr/lib/libopencore-amrnb.so.0.0.5
7f28c8a98000-7f28c8ab5000 r-xp 00001000 103:02 4769453                   /usr/lib/libopencore-amrnb.so.0.0.5
7f28c8ab5000-7f28c8abf000 r--p 0001e000 103:02 4769453                   /usr/lib/libopencore-amrnb.so.0.0.5
7f28c8abf000-7f28c8ac0000 r--p 00027000 103:02 4769453                   /usr/lib/libopencore-amrnb.so.0.0.5
7f28c8ac0000-7f28c8ac1000 rw-p 00028000 103:02 4769453                   /usr/lib/libopencore-amrnb.so.0.0.5
7f28c8ac1000-7f28c8ac5000 r--p 00000000 103:02 4733684                   /usr/lib/liblzma.so.5.8.3
7f28c8ac5000-7f28c8ae9000 r-xp 00004000 103:02 4733684                   /usr/lib/liblzma.so.5.8.3
7f28c8ae9000-7f28c8af4000 r--p 00028000 103:02 4733684                   /usr/lib/liblzma.so.5.8.3
7f28c8af4000-7f28c8af5000 r--p 00033000 103:02 4733684                   /usr/lib/liblzma.so.5.8.3
7f28c8af5000-7f28c8af6000 rw-p 00034000 103:02 4733684                   /usr/lib/liblzma.so.5.8.3
7f28c8af6000-7f28c8af9000 r--p 00000000 103:02 4837263                   /usr/lib/libva.so.2.2400.0
7f28c8af9000-7f28c8b1b000 r-xp 00003000 103:02 4837263                   /usr/lib/libva.so.2.2400.0
7f28c8b1b000-7f28c8b2e000 r--p 00025000 103:02 4837263                   /usr/lib/libva.so.2.2400.0
7f28c8b2e000-7f28c8b2f000 r--p 00038000 103:02 4837263                   /usr/lib/libva.so.2.2400.0
7f28c8b2f000-7f28c8b30000 rw-p 00039000 103:02 4837263                   /usr/lib/libva.so.2.2400.0
7f28c8b30000-7f28c8b38000 r--p 00000000 103:02 4777398                   /usr/lib/libcaca.so.0.99.20
7f28c8b38000-7f28c8b52000 r-xp 00008000 103:02 4777398                   /usr/lib/libcaca.so.0.99.20
7f28c8b52000-7f28c8bfd000 r--p 00022000 103:02 4777398                   /usr/lib/libcaca.so.0.99.20
7f28c8bfd000-7f28c8bff000 r--p 000cc000 103:02 4777398                   /usr/lib/libcaca.so.0.99.20
7f28c8bff000-7f28c8c00000 rw-p 000ce000 103:02 4777398                   /usr/lib/libcaca.so.0.99.20
7f28c8c00000-7f28c8e50000 r-xp 00000000 103:02 4831579                   /usr/lib/libnvidia-glcore.so.610.57.04
7f28c8e50000-7f28c8e71000 rwxp 00250000 103:02 4831579                   /usr/lib/libnvidia-glcore.so.610.57.04
7f28c8e71000-7f28c9000000 r-xp 00271000 103:02 4831579                   /usr/lib/libnvidia-glcore.so.610.57.04
7f28c9000000-7f28c9c00000 r-xp 00400000 103:02 4831579                   /usr/lib/libnvidia-glcore.so.610.57.04
7f28c9c00000-7f28cb1f9000 r-xp 01000000 103:02 4831579                   /usr/lib/libnvidia-glcore.so.610.57.04
7f28cb1f9000-7f28cb1fa000 ---p 025f9000 103:02 4831579                   /usr/lib/libnvidia-glcore.so.610.57.04
7f28cb1fa000-7f28cb372000 r--p 025f9000 103:02 4831579                   /usr/lib/libnvidia-glcore.so.610.57.04
7f28cb372000-7f28cb3d5000 rw-p 02771000 103:02 4831579                   /usr/lib/libnvidia-glcore.so.610.57.04
7f28cb3d5000-7f28cb3f5000 rw-p 00000000 00:00 0 
7f28cb3f6000-7f28cb3f8000 r--p 00000000 103:02 4835240                   /usr/lib/libglslang-default-resource-limits.so.16.4.0
7f28cb3f8000-7f28cb3fc000 r-xp 00002000 103:02 4835240                   /usr/lib/libglslang-default-resource-limits.so.16.4.0
7f28cb3fc000-7f28cb3fe000 r--p 00006000 103:02 4835240                   /usr/lib/libglslang-default-resource-limits.so.16.4.0
7f28cb3fe000-7f28cb3ff000 r--p 00008000 103:02 4835240                   /usr/lib/libglslang-default-resource-limits.so.16.4.0
7f28cb3ff000-7f28cb400000 rw-p 00009000 103:02 4835240                   /usr/lib/libglslang-default-resource-limits.so.16.4.0
7f28cb400000-7f28ccd1a000 r-xp 00000000 103:02 6306886                   /home/annihilator/.skiko/skiko-linux-x64-434f7633c843870c0839a1137b128f6c3db3c5d58dcad3545e90827e3e341afb/libskiko-linux-x64.so
7f28ccd1a000-7f28ccd52000 r--p 01919000 103:02 6306886                   /home/annihilator/.skiko/skiko-linux-x64-434f7633c843870c0839a1137b128f6c3db3c5d58dcad3545e90827e3e341afb/libskiko-linux-x64.so
7f28ccd52000-7f28ccd55000 rw-p 01951000 103:02 6306886                   /home/annihilator/.skiko/skiko-linux-x64-434f7633c843870c0839a1137b128f6c3db3c5d58dcad3545e90827e3e341afb/libskiko-linux-x64.so
7f28ccd55000-7f28ccd5e000 rw-p 00000000 00:00 0 
7f28ccd5e000-7f28ccd62000 rw-s 00000000 00:07 1110                       /dev/nvidiactl
7f28ccd62000-7f28ccd69000 r--p 00000000 103:02 4771963                   /usr/lib/libvulkan.so.1.4.357
7f28ccd69000-7f28ccdc8000 r-xp 00007000 103:02 4771963                   /usr/lib/libvulkan.so.1.4.357
7f28ccdc8000-7f28ccdfd000 r--p 00066000 103:02 4771963                   /usr/lib/libvulkan.so.1.4.357
7f28ccdfd000-7f28ccdff000 r--p 0009a000 103:02 4771963                   /usr/lib/libvulkan.so.1.4.357
7f28ccdff000-7f28cce00000 rw-p 0009c000 103:02 4771963                   /usr/lib/libvulkan.so.1.4.357
7f28cce00000-7f28ced94000 r--p 00000000 103:02 4735921                   /usr/lib/libicudata.so.78.3
7f28ced94000-7f28ced95000 r--p 01f93000 103:02 4735921                   /usr/lib/libicudata.so.78.3
7f28ced95000-7f28ced96000 rw-s 00000000 00:07 1112                       /dev/nvidia0
7f28ced96000-7f28ced98000 r--p 00000000 103:02 4768973                   /usr/lib/libavc1394.so.0.3.0
7f28ced98000-7f28ced9a000 r-xp 00002000 103:02 4768973                   /usr/lib/libavc1394.so.0.3.0
7f28ced9a000-7f28ced9b000 r--p 00004000 103:02 4768973                   /usr/lib/libavc1394.so.0.3.0
7f28ced9b000-7f28ced9c000 r--p 00004000 103:02 4768973                   /usr/lib/libavc1394.so.0.3.0
7f28ced9c000-7f28ced9d000 rw-p 00005000 103:02 4768973                   /usr/lib/libavc1394.so.0.3.0
7f28ced9d000-7f28ced9f000 r--p 00000000 103:02 4769073                   /usr/lib/libbs2b.so.0.0.0
7f28ced9f000-7f28ceda2000 r-xp 00002000 103:02 4769073                   /usr/lib/libbs2b.so.0.0.0
7f28ceda2000-7f28ceda3000 r--p 00005000 103:02 4769073                   /usr/lib/libbs2b.so.0.0.0
7f28ceda3000-7f28ceda4000 r--p 00005000 103:02 4769073                   /usr/lib/libbs2b.so.0.0.0
7f28ceda4000-7f28ceda5000 rw-p 00006000 103:02 4769073                   /usr/lib/libbs2b.so.0.0.0
7f28ceda5000-7f28ceda7000 r--p 00000000 103:02 4767530                   /usr/lib/libgsm.so.1.0.22
7f28ceda7000-7f28cedb1000 r-xp 00002000 103:02 4767530                   /usr/lib/libgsm.so.1.0.22
7f28cedb1000-7f28cedb2000 r--p 0000c000 103:02 4767530                   /usr/lib/libgsm.so.1.0.22
7f28cedb2000-7f28cedb3000 r--p 0000d000 103:02 4767530                   /usr/lib/libgsm.so.1.0.22
7f28cedb3000-7f28cedb4000 rw-p 0000e000 103:02 4767530                   /usr/lib/libgsm.so.1.0.22
7f28cedb4000-7f28cedba000 r--p 00000000 103:02 4774588                   /usr/lib/libsixel.so.1.0.0
7f28cedba000-7f28ceddf000 r-xp 00006000 103:02 4774588                   /usr/lib/libsixel.so.1.0.0
7f28ceddf000-7f28cede8000 r--p 0002b000 103:02 4774588                   /usr/lib/libsixel.so.1.0.0
7f28cede8000-7f28cedff000 r--p 00033000 103:02 4774588                   /usr/lib/libsixel.so.1.0.0
7f28cedff000-7f28cee00000 rw-p 0004a000 103:02 4774588                   /usr/lib/libsixel.so.1.0.0
7f28cee00000-7f28cf35b000 r--p 00000000 103:02 4817093                   /usr/lib/libLLVM.so.22.1
7f28cf35b000-7f28d5008000 r-xp 0055b000 103:02 4817093                   /usr/lib/libLLVM.so.22.1
7f28d5008000-7f28d8f56000 r--p 06208000 103:02 4817093                   /usr/lib/libLLVM.so.22.1
7f28d8f56000-7f28d9172000 r--p 0a156000 103:02 4817093                   /usr/lib/libLLVM.so.22.1
7f28d9172000-7f28d917c000 rw-p 0a372000 103:02 4817093                   /usr/lib/libLLVM.so.22.1
7f28d917c000-7f28d924c000 rw-p 00000000 00:00 0 
7f28d924c000-7f28d924f000 r--p 00000000 103:02 4846487                   /usr/lib/libsnappy.so.1.2.2
7f28d924f000-7f28d9256000 r-xp 00003000 103:02 4846487                   /usr/lib/libsnappy.so.1.2.2
7f28d9256000-7f28d9259000 r--p 0000a000 103:02 4846487                   /usr/lib/libsnappy.so.1.2.2
7f28d9259000-7f28d925a000 r--p 0000c000 103:02 4846487                   /usr/lib/libsnappy.so.1.2.2
7f28d925a000-7f28d925b000 rw-p 0000d000 103:02 4846487                   /usr/lib/libsnappy.so.1.2.2
7f28d925b000-7f28d925c000 r--p 00000000 103:02 4763771                   /usr/lib/libunibreak.so.7.0.0
7f28d925c000-7f28d925f000 r-xp 00001000 103:02 4763771                   /usr/lib/libunibreak.so.7.0.0
7f28d925f000-7f28d927c000 r--p 00004000 103:02 4763771                   /usr/lib/libunibreak.so.7.0.0
7f28d927c000-7f28d927d000 r--p 00020000 103:02 4763771                   /usr/lib/libunibreak.so.7.0.0
7f28d927d000-7f28d927e000 rw-p 00021000 103:02 4763771                   /usr/lib/libunibreak.so.7.0.0
7f28d927e000-7f28d9281000 r--p 00000000 103:02 4767560                   /usr/lib/libdisplay-info.so.0.3.0
7f28d9281000-7f28d9299000 r-xp 00003000 103:02 4767560                   /usr/lib/libdisplay-info.so.0.3.0
7f28d9299000-7f28d92b5000 r--p 0001b000 103:02 4767560                   /usr/lib/libdisplay-info.so.0.3.0
7f28d92b5000-7f28d92b6000 r--p 00036000 103:02 4767560                   /usr/lib/libdisplay-info.so.0.3.0
7f28d92b6000-7f28d92b7000 rw-p 00037000 103:02 4767560                   /usr/lib/libdisplay-info.so.0.3.0
7f28d92b7000-7f28d92c3000 r--p 00000000 103:02 4769245                   /usr/lib/libpulse.so.0.24.3
7f28d92c3000-7f28d92f3000 r-xp 0000c000 103:02 4769245                   /usr/lib/libpulse.so.0.24.3
7f28d92f3000-7f28d9304000 r--p 0003c000 103:02 4769245                   /usr/lib/libpulse.so.0.24.3
7f28d9304000-7f28d9306000 r--p 0004c000 103:02 4769245                   /usr/lib/libpulse.so.0.24.3
7f28d9306000-7f28d9307000 rw-p 0004e000 103:02 4769245                   /usr/lib/libpulse.so.0.24.3
7f28d9307000-7f28d9329000 r--p 00000000 103:02 4743150                   /usr/lib/libasound.so.2.0.0
7f28d9329000-7f28d93c9000 r-xp 00022000 103:02 4743150                   /usr/lib/libasound.so.2.0.0
7f28d93c9000-7f28d93f7000 r--p 000c2000 103:02 4743150                   /usr/lib/libasound.so.2.0.0
7f28d93f7000-7f28d93ff000 r--p 000f0000 103:02 4743150                   /usr/lib/libasound.so.2.0.0
7f28d93ff000-7f28d9400000 rw-p 000f8000 103:02 4743150                   /usr/lib/libasound.so.2.0.0
7f28d9400000-7f28d975b000 r--p 00000000 103:02 4833041                   /usr/lib/libnvidia-gpucomp.so.610.57.04
7f28d975b000-7f28ddcf8000 r-xp 0035b000 103:02 4833041                   /usr/lib/libnvidia-gpucomp.so.610.57.04
7f28ddcf8000-7f28df9e8000 r--p 048f8000 103:02 4833041                   /usr/lib/libnvidia-gpucomp.so.610.57.04
7f28df9e8000-7f28dfc3a000 r--p 065e7000 103:02 4833041                   /usr/lib/libnvidia-gpucomp.so.610.57.04
7f28dfc3a000-7f28dfdc5000 rw-p 06839000 103:02 4833041                   /usr/lib/libnvidia-gpucomp.so.610.57.04
7f28dfdc5000-7f28dfe80000 rw-p 00000000 00:00 0 
7f28dfe80000-7f28dfe81000 r--p 00000000 103:02 4768976                   /usr/lib/librom1394.so.0.3.0
7f28dfe81000-7f28dfe83000 r-xp 00001000 103:02 4768976                   /usr/lib/librom1394.so.0.3.0
7f28dfe83000-7f28dfe84000 r--p 00003000 103:02 4768976                   /usr/lib/librom1394.so.0.3.0
7f28dfe84000-7f28dfe85000 r--p 00003000 103:02 4768976                   /usr/lib/librom1394.so.0.3.0
7f28dfe85000-7f28dfe86000 rw-p 00004000 103:02 4768976                   /usr/lib/librom1394.so.0.3.0
7f28dfe86000-7f28dfe87000 r--p 00000000 103:02 4788175                   /usr/lib/libopencore-amrwb.so.0.0.5
7f28dfe87000-7f28dfe93000 r-xp 00001000 103:02 4788175                   /usr/lib/libopencore-amrwb.so.0.0.5
7f28dfe93000-7f28dfe9a000 r--p 0000d000 103:02 4788175                   /usr/lib/libopencore-amrwb.so.0.0.5
7f28dfe9a000-7f28dfe9b000 r--p 00013000 103:02 4788175                   /usr/lib/libopencore-amrwb.so.0.0.5
7f28dfe9b000-7f28dfe9c000 rw-p 00014000 103:02 4788175                   /usr/lib/libopencore-amrwb.so.0.0.5
7f28dfe9c000-7f28dfea9000 r--p 00000000 103:02 4751534                   /usr/lib/libpipewire-0.3.so.0.1608.0
7f28dfea9000-7f28dff30000 r-xp 0000d000 103:02 4751534                   /usr/lib/libpipewire-0.3.so.0.1608.0
7f28dff30000-7f28dff4e000 r--p 00094000 103:02 4751534                   /usr/lib/libpipewire-0.3.so.0.1608.0
7f28dff4e000-7f28dff6a000 r--p 000b2000 103:02 4751534                   /usr/lib/libpipewire-0.3.so.0.1608.0
7f28dff6a000-7f28dff6b000 rw-p 000ce000 103:02 4751534                   /usr/lib/libpipewire-0.3.so.0.1608.0
7f28dff6b000-7f28dff6c000 rw-p 00000000 00:00 0 
7f28dff6c000-7f28dff6f000 r--p 00000000 103:02 4769435                   /usr/lib/libzimg.so.2.0.0
7f28dff6f000-7f28dffe9000 r-xp 00003000 103:02 4769435                   /usr/lib/libzimg.so.2.0.0
7f28dffe9000-7f28dfffb000 r--p 0007d000 103:02 4769435                   /usr/lib/libzimg.so.2.0.0
7f28dfffb000-7f28dffff000 r--p 0008e000 103:02 4769435                   /usr/lib/libzimg.so.2.0.0
7f28dffff000-7f28e0000000 rw-p 00092000 103:02 4769435                   /usr/lib/libzimg.so.2.0.0
7f28e0000000-7f28e3bb8000 rw-p 00000000 00:00 0 
7f28e3bb8000-7f28e4000000 ---p 00000000 00:00 0 
7f28e4000000-7f28e4001000 r--p 00000000 103:02 7880804                   /usr/lib/jvm/java-26-openjdk/lib/libsyslookup.so
7f28e4001000-7f28e4002000 r-xp 00001000 103:02 7880804                   /usr/lib/jvm/java-26-openjdk/lib/libsyslookup.so
7f28e4002000-7f28e4003000 r--p 00002000 103:02 7880804                   /usr/lib/jvm/java-26-openjdk/lib/libsyslookup.so
7f28e4003000-7f28e4004000 r--p 00002000 103:02 7880804                   /usr/lib/jvm/java-26-openjdk/lib/libsyslookup.so
7f28e4004000-7f28e4005000 rw-p 00003000 103:02 7880804                   /usr/lib/jvm/java-26-openjdk/lib/libsyslookup.so
7f28e4005000-7f28e4006000 r--p 00000000 103:02 4837255                   /usr/lib/libjxl_threads.so.0.12.0
7f28e4006000-7f28e4008000 r-xp 00001000 103:02 4837255                   /usr/lib/libjxl_threads.so.0.12.0
7f28e4008000-7f28e4009000 r--p 00003000 103:02 4837255                   /usr/lib/libjxl_threads.so.0.12.0
7f28e4009000-7f28e400a000 r--p 00003000 103:02 4837255                   /usr/lib/libjxl_threads.so.0.12.0
7f28e400a000-7f28e400b000 rw-p 00004000 103:02 4837255                   /usr/lib/libjxl_threads.so.0.12.0
7f28e400b000-7f28e400d000 r--p 00000000 103:02 4763355                   /usr/lib/libwebpmux.so.3.1.2
7f28e400d000-7f28e4014000 r-xp 00002000 103:02 4763355                   /usr/lib/libwebpmux.so.3.1.2
7f28e4014000-7f28e4015000 r--p 00009000 103:02 4763355                   /usr/lib/libwebpmux.so.3.1.2
7f28e4015000-7f28e4016000 r--p 0000a000 103:02 4763355                   /usr/lib/libwebpmux.so.3.1.2
7f28e4016000-7f28e4017000 rw-p 0000b000 103:02 4763355                   /usr/lib/libwebpmux.so.3.1.2
7f28e4017000-7f28e4018000 r--p 00000000 103:02 4843256                   /usr/lib/libvdpau.so.1.0.0
7f28e4018000-7f28e4019000 r-xp 00001000 103:02 4843256                   /usr/lib/libvdpau.so.1.0.0
7f28e4019000-7f28e401a000 r--p 00002000 103:02 4843256                   /usr/lib/libvdpau.so.1.0.0
7f28e401a000-7f28e401b000 r--p 00002000 103:02 4843256                   /usr/lib/libvdpau.so.1.0.0
7f28e401b000-7f28e401c000 rw-p 00003000 103:02 4843256                   /usr/lib/libvdpau.so.1.0.0
7f28e401c000-7f28e401e000 r--p 00000000 103:02 4816290                   /usr/lib/libva-x11.so.2.2400.0
7f28e401e000-7f28e4021000 r-xp 00002000 103:02 4816290                   /usr/lib/libva-x11.so.2.2400.0
7f28e4021000-7f28e4022000 r--p 00005000 103:02 4816290                   /usr/lib/libva-x11.so.2.2400.0
7f28e4022000-7f28e4023000 r--p 00005000 103:02 4816290                   /usr/lib/libva-x11.so.2.2400.0
7f28e4023000-7f28e4024000 rw-p 00006000 103:02 4816290                   /usr/lib/libva-x11.so.2.2400.0
7f28e4024000-7f28e4026000 r--p 00000000 103:02 4799670                   /usr/lib/libva-wayland.so.2.2400.0
7f28e4026000-7f28e4028000 r-xp 00002000 103:02 4799670                   /usr/lib/libva-wayland.so.2.2400.0
7f28e4028000-7f28e4029000 r--p 00004000 103:02 4799670                   /usr/lib/libva-wayland.so.2.2400.0
7f28e4029000-7f28e402a000 r--p 00005000 103:02 4799670                   /usr/lib/libva-wayland.so.2.2400.0
7f28e402a000-7f28e402b000 rw-p 00006000 103:02 4799670                   /usr/lib/libva-wayland.so.2.2400.0
7f28e402b000-7f28e4032000 r--p 00000000 103:02 4768939                   /usr/lib/libjack.so.0.1.0
7f28e4032000-7f28e4060000 r-xp 00007000 103:02 4768939                   /usr/lib/libjack.so.0.1.0
7f28e4060000-7f28e4076000 r--p 00035000 103:02 4768939                   /usr/lib/libjack.so.0.1.0
7f28e4076000-7f28e4079000 r--p 0004a000 103:02 4768939                   /usr/lib/libjack.so.0.1.0
7f28e4079000-7f28e407a000 rw-p 0004d000 103:02 4768939                   /usr/lib/libjack.so.0.1.0
7f28e407a000-7f28e407b000 r--p 00000000 103:02 4768705                   /usr/lib/libuchardet.so.0.0.8
7f28e407b000-7f28e4081000 r-xp 00001000 103:02 4768705                   /usr/lib/libuchardet.so.0.0.8
7f28e4081000-7f28e40a4000 r--p 00007000 103:02 4768705                   /usr/lib/libuchardet.so.0.0.8
7f28e40a4000-7f28e40a7000 r--p 00029000 103:02 4768705                   /usr/lib/libuchardet.so.0.0.8
7f28e40a7000-7f28e40a8000 rw-p 0002c000 103:02 4768705                   /usr/lib/libuchardet.so.0.0.8
7f28e40a8000-7f28e40b8000 r--p 00000000 103:02 4745057                   /usr/lib/librubberband.so.3.0.0
7f28e40b8000-7f28e40fe000 r-xp 00010000 103:02 4745057                   /usr/lib/librubberband.so.3.0.0
7f28e40fe000-7f28e410f000 r--p 00056000 103:02 4745057                   /usr/lib/librubberband.so.3.0.0
7f28e410f000-7f28e4111000 r--p 00066000 103:02 4745057                   /usr/lib/librubberband.so.3.0.0
7f28e4111000-7f28e4112000 rw-p 00068000 103:02 4745057                   /usr/lib/librubberband.so.3.0.0
7f28e4112000-7f28e4117000 r--p 00000000 103:02 4774103                   /usr/lib/libluajit-5.1.so.2.1.1787165859
7f28e4117000-7f28e418e000 r-xp 00005000 103:02 4774103                   /usr/lib/libluajit-5.1.so.2.1.1787165859
7f28e418e000-7f28e41a5000 r--p 0007c000 103:02 4774103                   /usr/lib/libluajit-5.1.so.2.1.1787165859
7f28e41a5000-7f28e41a8000 r--p 00093000 103:02 4774103                   /usr/lib/libluajit-5.1.so.2.1.1787165859
7f28e41a8000-7f28e41a9000 rw-p 00096000 103:02 4774103                   /usr/lib/libluajit-5.1.so.2.1.1787165859
7f28e41a9000-7f28e41b8000 r--p 00000000 103:02 4737468                   /usr/lib/libarchive.so.13.8.9
7f28e41b8000-7f28e4262000 r-xp 0000f000 103:02 4737468                   /usr/lib/libarchive.so.13.8.9
7f28e4262000-7f28e428c000 r--p 000b9000 103:02 4737468                   /usr/lib/libarchive.so.13.8.9
7f28e428c000-7f28e4290000 r--p 000e3000 103:02 4737468                   /usr/lib/libarchive.so.13.8.9
7f28e4290000-7f28e4291000 rw-p 000e7000 103:02 4737468                   /usr/lib/libarchive.so.13.8.9
7f28e4291000-7f28e429a000 r--p 00000000 103:02 4771955                   /usr/lib/liblcms2.so.2.0.19
7f28e429a000-7f28e42e1000 r-xp 00009000 103:02 4771955                   /usr/lib/liblcms2.so.2.0.19
7f28e42e1000-7f28e42f6000 r--p 00050000 103:02 4771955                   /usr/lib/liblcms2.so.2.0.19
7f28e42f6000-7f28e42f9000 r--p 00064000 103:02 4771955                   /usr/lib/liblcms2.so.2.0.19
7f28e42f9000-7f28e42fc000 rw-p 00067000 103:02 4771955                   /usr/lib/liblcms2.so.2.0.19
7f28e42fc000-7f28e42fd000 rw-p 00000000 00:00 0 
7f28e42fd000-7f28e430a000 r--p 00000000 103:02 4738083                   /usr/lib/libcurl.so.4.8.0
7f28e430a000-7f28e43cb000 r-xp 0000d000 103:02 4738083                   /usr/lib/libcurl.so.4.8.0
7f28e43cb000-7f28e43f7000 r--p 000ce000 103:02 4738083                   /usr/lib/libcurl.so.4.8.0
7f28e43f7000-7f28e43fe000 r--p 000f9000 103:02 4738083                   /usr/lib/libcurl.so.4.8.0
7f28e43fe000-7f28e43ff000 rw-p 00100000 103:02 4738083                   /usr/lib/libcurl.so.4.8.0
7f28e43ff000-7f28e4400000 rw-p 00000000 00:00 0 
7f28e4400000-7f28e4453000 r--p 00000000 103:02 6835115                   /home/annihilator/dev/mpv/build/libmpv.so.2.5.0
7f28e4453000-7f28e4676000 r-xp 00053000 103:02 6835115                   /home/annihilator/dev/mpv/build/libmpv.so.2.5.0
7f28e4676000-7f28e479f000 r--p 00276000 103:02 6835115                   /home/annihilator/dev/mpv/build/libmpv.so.2.5.0
7f28e479f000-7f28e47eb000 r--p 0039f000 103:02 6835115                   /home/annihilator/dev/mpv/build/libmpv.so.2.5.0
7f28e47eb000-7f28e47f0000 rw-p 003eb000 103:02 6835115                   /home/annihilator/dev/mpv/build/libmpv.so.2.5.0
7f28e47f0000-7f28e47f1000 rw-p 00000000 00:00 0 
7f28e47f1000-7f28e47f3000 rw-s 00000000 00:07 1110                       /dev/nvidiactl
7f28e47f3000-7f28e47f4000 r--p 00000000 103:02 4754963                   /usr/lib/libva-drm.so.2.2400.0
7f28e47f4000-7f28e47f5000 r-xp 00001000 103:02 4754963                   /usr/lib/libva-drm.so.2.2400.0
7f28e47f5000-7f28e47f6000 r--p 00002000 103:02 4754963                   /usr/lib/libva-drm.so.2.2400.0
7f28e47f6000-7f28e47f7000 r--p 00002000 103:02 4754963                   /usr/lib/libva-drm.so.2.2400.0
7f28e47f7000-7f28e47f8000 rw-p 00003000 103:02 4754963                   /usr/lib/libva-drm.so.2.2400.0
7f28e47f8000-7f28e47fa000 r--p 00000000 103:02 4769399                   /usr/lib/libXv.so.1.0.0
7f28e47fa000-7f28e47fd000 r-xp 00002000 103:02 4769399                   /usr/lib/libXv.so.1.0.0
7f28e47fd000-7f28e47fe000 r--p 00005000 103:02 4769399                   /usr/lib/libXv.so.1.0.0
7f28e47fe000-7f28e47ff000 r--p 00005000 103:02 4769399                   /usr/lib/libXv.so.1.0.0
7f28e47ff000-7f28e4800000 rw-p 00006000 103:02 4769399                   /usr/lib/libXv.so.1.0.0
7f28e4800000-7f28e481b000 r--p 00000000 103:02 4834667                   /usr/lib/libgallium-26.2.1-arch1.1.so
7f28e481b000-7f28e689b000 r-xp 0001b000 103:02 4834667                   /usr/lib/libgallium-26.2.1-arch1.1.so
7f28e689b000-7f28e7aed000 r--p 0209b000 103:02 4834667                   /usr/lib/libgallium-26.2.1-arch1.1.so
7f28e7aed000-7f28e7c6b000 r--p 032ec000 103:02 4834667                   /usr/lib/libgallium-26.2.1-arch1.1.so
7f28e7c6b000-7f28e7ca9000 rw-p 0346a000 103:02 4834667                   /usr/lib/libgallium-26.2.1-arch1.1.so
7f28e7ca9000-7f28e7e77000 rw-p 00000000 00:00 0 
7f28e7e77000-7f28e7e78000 rw-s 00000000 00:07 1110                       /dev/nvidiactl
7f28e7e78000-7f28e7e79000 r--s 00000000 00:07 1110                       /dev/nvidiactl
7f28e7e79000-7f28e7e7b000 r--p 00000000 103:02 4757852                   /usr/lib/libXrandr.so.2.2.0
7f28e7e7b000-7f28e7e82000 r-xp 00002000 103:02 4757852                   /usr/lib/libXrandr.so.2.2.0
7f28e7e82000-7f28e7e84000 r--p 00009000 103:02 4757852                   /usr/lib/libXrandr.so.2.2.0
7f28e7e84000-7f28e7e85000 r--p 0000a000 103:02 4757852                   /usr/lib/libXrandr.so.2.2.0
7f28e7e85000-7f28e7e86000 rw-p 0000b000 103:02 4757852                   /usr/lib/libXrandr.so.2.2.0
7f28e7e86000-7f28e7e89000 r--p 00000000 103:02 4777462                   /usr/lib/libsndio.so.7.3
7f28e7e89000-7f28e7e92000 r-xp 00003000 103:02 4777462                   /usr/lib/libsndio.so.7.3
7f28e7e92000-7f28e7e95000 r--p 0000c000 103:02 4777462                   /usr/lib/libsndio.so.7.3
7f28e7e95000-7f28e7e96000 r--p 0000f000 103:02 4777462                   /usr/lib/libsndio.so.7.3
7f28e7e96000-7f28e7e97000 rw-p 00010000 103:02 4777462                   /usr/lib/libsndio.so.7.3
7f28e7e97000-7f28e7e99000 rw-p 00000000 00:00 0 
7f28e7e99000-7f28e7e9c000 r--p 00000000 103:02 4812074                   /usr/lib/libbluray.so.3.1.0
7f28e7e9c000-7f28e7ecf000 r-xp 00003000 103:02 4812074                   /usr/lib/libbluray.so.3.1.0
7f28e7ecf000-7f28e7edf000 r--p 00036000 103:02 4812074                   /usr/lib/libbluray.so.3.1.0
7f28e7edf000-7f28e7ee1000 r--p 00045000 103:02 4812074                   /usr/lib/libbluray.so.3.1.0
7f28e7ee1000-7f28e7ee2000 rw-p 00047000 103:02 4812074                   /usr/lib/libbluray.so.3.1.0
7f28e7ee2000-7f28e7ef1000 r--p 00000000 103:02 4781957                   /usr/lib/libplacebo.so.360
7f28e7ef1000-7f28e7fa1000 r-xp 0000f000 103:02 4781957                   /usr/lib/libplacebo.so.360
7f28e7fa1000-7f28e7fe5000 r--p 000bf000 103:02 4781957                   /usr/lib/libplacebo.so.360
7f28e7fe5000-7f28e7ffa000 r--p 00103000 103:02 4781957                   /usr/lib/libplacebo.so.360
7f28e7ffa000-7f28e8000000 rw-p 00118000 103:02 4781957                   /usr/lib/libplacebo.so.360
7f28e8000000-7f28e851b000 rw-p 00000000 00:00 0 
7f28e851b000-7f28ec000000 ---p 00000000 00:00 0 
7f28ec000000-7f28ec69a000 rw-p 00000000 00:00 0 
7f28ec69a000-7f28f0000000 ---p 00000000 00:00 0 
7f28f0000000-7f28f0400000 rw-p 00000000 00:00 0 
7f28f0400000-7f28f0700000 rw-p 00000000 00:00 0 
7f28f0700000-7f28f0800000 rw-p 00000000 00:00 0 
7f28f0800000-7f28f0900000 rw-p 00000000 00:00 0 
7f28f0900000-7f28f0a00000 rw-p 00000000 00:00 0 
7f28f0a00000-7f28f1100000 rw-p 00000000 00:00 0 
7f28f1100000-7f28f1200000 rw-p 00000000 00:00 0 
7f28f1200000-7f28f1d00000 rw-p 00000000 00:00 0 
7f28f1d00000-7f28f1f00000 rw-p 00000000 00:00 0 
7f28f1f00000-7f28f2000000 rw-p 00000000 00:00 0 
7f28f2000000-7f28f21c0000 rw-p 00000000 00:00 0 
7f28f21c0000-7f28f2200000 rw-p 00000000 00:00 0 
7f28f2200000-7f28f2300000 rw-p 00000000 00:00 0 
7f28f2300000-7f28f2400000 rw-p 00000000 00:00 0 
7f28f2400000-7f28f2600000 rw-p 00000000 00:00 0 
7f28f2600000-7f28f2900000 rw-p 00000000 00:00 0 
7f28f2900000-7f28f2a00000 rw-p 00000000 00:00 0 
7f28f2a00000-7f28f2d00000 rw-p 00000000 00:00 0 
7f28f2d00000-7f28f2f00000 rw-p 00000000 00:00 0 
7f28f2f00000-7f28f3000000 rw-p 00000000 00:00 0 
7f28f3000000-7f28f3f80000 rw-p 00000000 00:00 0 
7f28f3f80000-7f28f4000000 rw-p 00000000 00:00 0 
7f28f4000000-7f28f422d000 rw-p 00000000 00:00 0 
7f28f422d000-7f28f8000000 ---p 00000000 00:00 0 
7f28f8000000-7f28faa5b000 rw-p 00000000 00:00 0 
7f28faa5b000-7f28fc000000 ---p 00000000 00:00 0 
7f28fc000000-7f28fc499000 rw-p 00000000 00:00 0 
7f28fc499000-7f2900000000 ---p 00000000 00:00 0 
7f2900000000-7f2900001000 rw-s 00000000 00:07 1110                       /dev/nvidiactl
7f2900001000-7f2900002000 rw-s 00000000 00:07 1112                       /dev/nvidia0
7f2900002000-7f2900003000 r--p 00000000 103:02 4775248                   /usr/lib/libXpresent.so.1.0.0
7f2900003000-7f2900004000 r-xp 00001000 103:02 4775248                   /usr/lib/libXpresent.so.1.0.0
7f2900004000-7f2900005000 r--p 00002000 103:02 4775248                   /usr/lib/libXpresent.so.1.0.0
7f2900005000-7f2900006000 r--p 00002000 103:02 4775248                   /usr/lib/libXpresent.so.1.0.0
7f2900006000-7f2900007000 rw-p 00003000 103:02 4775248                   /usr/lib/libXpresent.so.1.0.0
7f2900007000-7f2900008000 r--p 00000000 103:02 4754785                   /usr/lib/libXss.so.1.0.0
7f2900008000-7f2900009000 r-xp 00001000 103:02 4754785                   /usr/lib/libXss.so.1.0.0
7f2900009000-7f290000a000 r--p 00002000 103:02 4754785                   /usr/lib/libXss.so.1.0.0
7f290000a000-7f290000b000 r--p 00002000 103:02 4754785                   /usr/lib/libXss.so.1.0.0
7f290000b000-7f290000c000 rw-p 00003000 103:02 4754785                   /usr/lib/libXss.so.1.0.0
7f290000c000-7f2900014000 r--p 00000000 103:02 4750339                   /usr/lib/libavdevice.so.63.1.101
7f2900014000-7f2900024000 r-xp 00008000 103:02 4750339                   /usr/lib/libavdevice.so.63.1.101
7f2900024000-7f290002a000 r--p 00018000 103:02 4750339                   /usr/lib/libavdevice.so.63.1.101
7f290002a000-7f290002e000 r--p 0001e000 103:02 4750339                   /usr/lib/libavdevice.so.63.1.101
7f290002e000-7f290002f000 rw-p 00022000 103:02 4750339                   /usr/lib/libavdevice.so.63.1.101
7f290002f000-7f2900035000 r--p 00000000 103:02 4774597                   /usr/lib/libmujs.so
7f2900035000-7f2900073000 r-xp 00006000 103:02 4774597                   /usr/lib/libmujs.so
7f2900073000-7f2900084000 r--p 00044000 103:02 4774597                   /usr/lib/libmujs.so
7f2900084000-7f2900086000 r--p 00055000 103:02 4774597                   /usr/lib/libmujs.so
7f2900086000-7f2900087000 rw-p 00057000 103:02 4774597                   /usr/lib/libmujs.so
7f2900087000-7f290008a000 r--p 00000000 103:02 4775212                   /usr/lib/libdvdnav.so.4.4.0
7f290008a000-7f2900099000 r-xp 00003000 103:02 4775212                   /usr/lib/libdvdnav.so.4.4.0
7f2900099000-7f290009d000 r--p 00012000 103:02 4775212                   /usr/lib/libdvdnav.so.4.4.0
7f290009d000-7f290009e000 r--p 00015000 103:02 4775212                   /usr/lib/libdvdnav.so.4.4.0
7f290009e000-7f290009f000 rw-p 00016000 103:02 4775212                   /usr/lib/libdvdnav.so.4.4.0
7f290009f000-7f29000a5000 r--p 00000000 103:02 4773161                   /usr/lib/libcdio.so.19.1.0
7f29000a5000-7f29000b9000 r-xp 00006000 103:02 4773161                   /usr/lib/libcdio.so.19.1.0
7f29000b9000-7f29000c2000 r--p 0001a000 103:02 4773161                   /usr/lib/libcdio.so.19.1.0
7f29000c2000-7f29000c4000 r--p 00022000 103:02 4773161                   /usr/lib/libcdio.so.19.1.0
7f29000c4000-7f29000c5000 rw-p 00024000 103:02 4773161                   /usr/lib/libcdio.so.19.1.0
7f29000c5000-7f29000c8000 rw-p 00000000 00:00 0 
7f29000c8000-7f29000ca000 r--p 00000000 103:02 4773185                   /usr/lib/libcdio_cdda.so.2.0.0
7f29000ca000-7f29000ce000 r-xp 00002000 103:02 4773185                   /usr/lib/libcdio_cdda.so.2.0.0
7f29000ce000-7f29000d0000 r--p 00006000 103:02 4773185                   /usr/lib/libcdio_cdda.so.2.0.0
7f29000d0000-7f29000d1000 r--p 00007000 103:02 4773185                   /usr/lib/libcdio_cdda.so.2.0.0
7f29000d1000-7f29000d2000 rw-p 00008000 103:02 4773185                   /usr/lib/libcdio_cdda.so.2.0.0
7f29000d2000-7f29000d3000 r--p 00000000 103:02 4773188                   /usr/lib/libcdio_paranoia.so.2.0.0
7f29000d3000-7f29000d8000 r-xp 00001000 103:02 4773188                   /usr/lib/libcdio_paranoia.so.2.0.0
7f29000d8000-7f29000d9000 r--p 00006000 103:02 4773188                   /usr/lib/libcdio_paranoia.so.2.0.0
7f29000d9000-7f29000da000 r--p 00006000 103:02 4773188                   /usr/lib/libcdio_paranoia.so.2.0.0
7f29000da000-7f29000db000 rw-p 00007000 103:02 4773188                   /usr/lib/libcdio_paranoia.so.2.0.0
7f29000db000-7f29000dd000 r--p 00000000 103:02 4769654                   /usr/lib/libswresample.so.7.1.101
7f29000dd000-7f2900100000 r-xp 00002000 103:02 4769654                   /usr/lib/libswresample.so.7.1.101
7f2900100000-7f2900105000 r--p 00025000 103:02 4769654                   /usr/lib/libswresample.so.7.1.101
7f2900105000-7f2900107000 r--p 0002a000 103:02 4769654                   /usr/lib/libswresample.so.7.1.101
7f2900107000-7f2900108000 rw-p 0002c000 103:02 4769654                   /usr/lib/libswresample.so.7.1.101
7f2900108000-7f290010c000 r--p 00000000 103:02 4816269                   /usr/lib/libass.so.9.4.2
7f290010c000-7f2900140000 r-xp 00004000 103:02 4816269                   /usr/lib/libass.so.9.4.2
7f2900140000-7f2900148000 r--p 00038000 103:02 4816269                   /usr/lib/libass.so.9.4.2
7f2900148000-7f2900149000 r--p 0003f000 103:02 4816269                   /usr/lib/libass.so.9.4.2
7f2900149000-7f290014a000 rw-p 00040000 103:02 4816269                   /usr/lib/libass.so.9.4.2
7f290014a000-7f290054f000 rw-p 00000000 00:00 0 
7f290054f000-7f2900553000 ---p 00000000 00:00 0 
7f2900553000-7f290064f000 rw-p 00000000 00:00 0 
7f2900750000-7f2900751000 rw-p 00000000 00:00 0 
7f2900751000-7f2900755000 ---p 00000000 00:00 0 
7f2900755000-7f2900852000 rw-p 00000000 00:00 0 
7f2900852000-7f2900856000 ---p 00000000 00:00 0 
7f2900856000-7f2900952000 rw-p 00000000 00:00 0 
7f2900952000-7f2900953000 r--p 00000000 103:02 4834742                   /usr/lib/libnvidia-tls.so.610.57.04
7f2900953000-7f2900955000 r-xp 00001000 103:02 4834742                   /usr/lib/libnvidia-tls.so.610.57.04
7f2900955000-7f2900956000 r--p 00003000 103:02 4834742                   /usr/lib/libnvidia-tls.so.610.57.04
7f2900956000-7f2900957000 r--p 00003000 103:02 4834742                   /usr/lib/libnvidia-tls.so.610.57.04
7f2900957000-7f2900958000 rw-p 00004000 103:02 4834742                   /usr/lib/libnvidia-tls.so.610.57.04
7f2900958000-7f29009a9000 r--p 00000000 103:02 4826231                   /usr/lib/libGLX_nvidia.so.610.57.04
7f29009a9000-7f2900a06000 r-xp 00051000 103:02 4826231                   /usr/lib/libGLX_nvidia.so.610.57.04
7f2900a06000-7f2900a3b000 rwxp 000ae000 103:02 4826231                   /usr/lib/libGLX_nvidia.so.610.57.04
7f2900a3b000-7f2900a3c000 r-xp 000e3000 103:02 4826231                   /usr/lib/libGLX_nvidia.so.610.57.04
7f2900a3c000-7f2900a5c000 r--p 000e4000 103:02 4826231                   /usr/lib/libGLX_nvidia.so.610.57.04
7f2900a5c000-7f2900a7c000 r--p 00103000 103:02 4826231                   /usr/lib/libGLX_nvidia.so.610.57.04
7f2900a7c000-7f2900a81000 rw-p 00123000 103:02 4826231                   /usr/lib/libGLX_nvidia.so.610.57.04
7f2900a81000-7f2900a83000 rw-p 00000000 00:00 0 
7f2900a83000-7f2900a85000 r--p 00000000 103:02 4750371                   /usr/lib/libGLX.so.0.0.0
7f2900a85000-7f2900a9f000 r-xp 00002000 103:02 4750371                   /usr/lib/libGLX.so.0.0.0
7f2900a9f000-7f2900aa2000 r--p 0001c000 103:02 4750371                   /usr/lib/libGLX.so.0.0.0
7f2900aa2000-7f2900aa3000 r--p 0001f000 103:02 4750371                   /usr/lib/libGLX.so.0.0.0
7f2900aa3000-7f2900aa4000 rw-p 00020000 103:02 4750371                   /usr/lib/libGLX.so.0.0.0
7f2900aa4000-7f2900ab4000 rw-p 00000000 00:00 0 
7f2900ab4000-7f2900ae3000 r--p 00000000 103:02 4750360                   /usr/lib/libGL.so.1.7.0
7f2900ae3000-7f2900b02000 r-xp 0002f000 103:02 4750360                   /usr/lib/libGL.so.1.7.0
7f2900b02000-7f2900b16000 r--p 0004e000 103:02 4750360                   /usr/lib/libGL.so.1.7.0
7f2900b16000-7f2900b24000 r--p 00062000 103:02 4750360                   /usr/lib/libGL.so.1.7.0
7f2900b24000-7f2900b25000 rw-p 00070000 103:02 4750360                   /usr/lib/libGL.so.1.7.0
7f2900b25000-7f2900b26000 rw-p 00000000 00:00 0 
7f2900b26000-7f2900b27000 rw-p 00000000 00:00 0 
7f2900b27000-7f2900b2b000 ---p 00000000 00:00 0 
7f2900b2b000-7f2900c27000 rw-p 00000000 00:00 0 
7f2900c84000-7f2900d28000 r--p 00000000 103:02 5652750                   /usr/share/fonts/noto/NotoSansSymbols2-Regular.ttf
7f2900d28000-7f2900d5b000 r--p 00000000 00:2f 28159                      /tmp/lwjgl_annihilator/3.3.6+1/x64/liblwjgl_opengl.so
7f2900d5b000-7f2900d6f000 r-xp 00033000 00:2f 28159                      /tmp/lwjgl_annihilator/3.3.6+1/x64/liblwjgl_opengl.so
7f2900d6f000-7f2900d7f000 r--p 00047000 00:2f 28159                      /tmp/lwjgl_annihilator/3.3.6+1/x64/liblwjgl_opengl.so
7f2900d7f000-7f2900d80000 r--p 00056000 00:2f 28159                      /tmp/lwjgl_annihilator/3.3.6+1/x64/liblwjgl_opengl.so
7f2900d80000-7f2900d81000 rw-p 00057000 00:2f 28159                      /tmp/lwjgl_annihilator/3.3.6+1/x64/liblwjgl_opengl.so
7f2900db8000-7f2900dbb000 r--p 00000000 103:02 4720955                   /usr/lib/libnss_resolve.so.2
7f2900dbb000-7f2900dee000 r-xp 00003000 103:02 4720955                   /usr/lib/libnss_resolve.so.2
7f2900dee000-7f2900e06000 r--p 00036000 103:02 4720955                   /usr/lib/libnss_resolve.so.2
7f2900e06000-7f2900e0d000 r--p 0004e000 103:02 4720955                   /usr/lib/libnss_resolve.so.2
7f2900e0d000-7f2900e0e000 rw-p 00055000 103:02 4720955                   /usr/lib/libnss_resolve.so.2
7f2900e0e000-7f2900e12000 r--p 00000000 103:02 4720953                   /usr/lib/libnss_mymachines.so.2
7f2900e12000-7f2900e63000 r-xp 00004000 103:02 4720953                   /usr/lib/libnss_mymachines.so.2
7f2900e63000-7f2900e7d000 r--p 00055000 103:02 4720953                   /usr/lib/libnss_mymachines.so.2
7f2900e7d000-7f2900e80000 r--p 0006f000 103:02 4720953                   /usr/lib/libnss_mymachines.so.2
7f2900e80000-7f2900e81000 rw-p 00072000 103:02 4720953                   /usr/lib/libnss_mymachines.so.2
7f2900e81000-7f2900e94000 rw-s 00000000 00:07 1110                       /dev/nvidiactl
7f2900e94000-7f2900ed4000 rw-s 00000000 00:07 1110                       /dev/nvidiactl
7f2900ed4000-7f2900f6f000 r--p 00000000 103:02 5641617                   /usr/share/fonts/noto/NotoSans-Bold.ttf
7f2900f6f000-7f290100a000 r--p 00000000 103:02 5641617                   /usr/share/fonts/noto/NotoSans-Bold.ttf
7f290100a000-7f2901020000 r--s 00000000 103:02 3835467                   /var/cache/fontconfig/17ce8022be83857151cced15433ac5ab-le64.cache-12
7f2901020000-7f2901023000 r--s 00000000 103:02 3802392                   /var/cache/fontconfig/73edfbc81426f3b2593aba7ca9378882-le64.cache-12
7f2901023000-7f290102c000 r--s 00000000 103:02 3835464                   /var/cache/fontconfig/2fbfc6d3726617df5d72e45ca91ca896-le64.cache-12
7f290102c000-7f290102f000 r--s 00000000 103:02 3835420                   /var/cache/fontconfig/e552019f4ed2e530c25d313cf4ffa813-le64.cache-12
7f290102f000-7f290103b000 r--s 00000000 103:02 3835403                   /var/cache/fontconfig/7d660be5d4eca970fa91d6ca176f5ce2-le64.cache-12
7f290103b000-7f290104c000 r--s 00000000 103:02 3835390                   /var/cache/fontconfig/035f0ebf2f86af269427f030f354ef4b-le64.cache-12
7f290104c000-7f290105c000 r--s 00000000 103:02 3835379                   /var/cache/fontconfig/f2e61d441ca43dbfffafb9d0f2c6d8fc-le64.cache-12
7f290105c000-7f2901086000 r--s 00000000 103:02 3835365                   /var/cache/fontconfig/f2e43df3287529323e79e7929dc44cc9-le64.cache-12
7f2901086000-7f29011a0000 r--s 00000000 103:02 3835361                   /var/cache/fontconfig/923e285e415b1073c8df160bee08820f-le64.cache-12
7f29011a0000-7f29011b0000 r--s 00000000 103:02 3804352                   /var/cache/fontconfig/491f45a0a771fef1c10b9b647a97fb82-le64.cache-12
7f29011b0000-7f29011c4000 r--s 00000000 103:02 3804343                   /var/cache/fontconfig/614d1caaa4d7914789410f6367de37ca-le64.cache-12
7f29011c4000-7f29011d3000 r--s 00000000 103:02 3804155                   /var/cache/fontconfig/1dce2cb908b447e938fc03acd9b47fcf-le64.cache-12
7f29011d3000-7f29012c4000 r--s 00000000 103:02 3835673                   /var/cache/fontconfig/f6b893a7224233d96cb72fd88691c0b4-le64.cache-12
7f29012c4000-7f29012e8000 r--s 00000000 103:02 3801846                   /var/cache/fontconfig/f349e9996a5320f6dd491cedd2b1f964-le64.cache-12
7f29012e8000-7f2901400000 r--s 00000000 103:02 4334062                   /home/annihilator/.cache/fontconfig/360f0685862970c3eedca8185ab72cfb-le64.cache-12
7f2901400000-7f2901402000 rw-s 00000000 00:07 1110                       /dev/nvidiactl
7f2901402000-7f2901403000 rw-s 00000000 00:07 1110                       /dev/nvidiactl
7f2901403000-7f2901404000 rw-s 00000000 00:07 1110                       /dev/nvidiactl
7f2901408000-7f2901409000 rw-s 00000000 00:07 1112                       /dev/nvidia0
7f2901409000-7f290140b000 rw-s 00000000 00:07 1110                       /dev/nvidiactl
7f290140b000-7f290142b000 rw-s 00000000 00:07 1110                       /dev/nvidiactl
7f290142b000-7f290146b000 rw-s 00000000 00:07 1110                       /dev/nvidiactl
7f290146b000-7f290148b000 rw-s 00000000 00:07 1110                       /dev/nvidiactl
7f290148b000-7f29014cb000 rw-s 00000000 00:07 1110                       /dev/nvidiactl
7f29014e1000-7f29014e2000 r--p 00000000 103:02 7880798                   /usr/lib/jvm/java-26-openjdk/lib/libprefs.so
7f29014e2000-7f29014e3000 r-xp 00001000 103:02 7880798                   /usr/lib/jvm/java-26-openjdk/lib/libprefs.so
7f29014e3000-7f29014e4000 r--p 00002000 103:02 7880798                   /usr/lib/jvm/java-26-openjdk/lib/libprefs.so
7f29014e4000-7f29014e5000 r--p 00002000 103:02 7880798                   /usr/lib/jvm/java-26-openjdk/lib/libprefs.so
7f29014e5000-7f29014e6000 rw-p 00003000 103:02 7880798                   /usr/lib/jvm/java-26-openjdk/lib/libprefs.so
7f29014e6000-7f29014e7000 r--p 00000000 103:02 7880775                   /usr/lib/jvm/java-26-openjdk/lib/libextnet.so
7f29014e7000-7f29014e8000 r-xp 00001000 103:02 7880775                   /usr/lib/jvm/java-26-openjdk/lib/libextnet.so
7f29014e8000-7f29014e9000 r--p 00002000 103:02 7880775                   /usr/lib/jvm/java-26-openjdk/lib/libextnet.so
7f29014e9000-7f29014ea000 r--p 00002000 103:02 7880775                   /usr/lib/jvm/java-26-openjdk/lib/libextnet.so
7f29014ea000-7f29014eb000 rw-p 00003000 103:02 7880775                   /usr/lib/jvm/java-26-openjdk/lib/libextnet.so
7f29014eb000-7f29014ec000 rw-p 00000000 00:00 0 
7f29014ec000-7f29014f0000 ---p 00000000 00:00 0 
7f29014f0000-7f29015ed000 rw-p 00000000 00:00 0 
7f29015ed000-7f29015f1000 ---p 00000000 00:00 0 
7f29015f1000-7f29016ed000 rw-p 00000000 00:00 0 
7f29016ed000-7f29016ef000 r--p 00000000 103:02 4815623                   /usr/lib/libXfixes.so.3.1.0
7f29016ef000-7f29016f2000 r-xp 00002000 103:02 4815623                   /usr/lib/libXfixes.so.3.1.0
7f29016f2000-7f29016f3000 r--p 00005000 103:02 4815623                   /usr/lib/libXfixes.so.3.1.0
7f29016f3000-7f29016f4000 r--p 00005000 103:02 4815623                   /usr/lib/libXfixes.so.3.1.0
7f29016f4000-7f29016f5000 rw-p 00006000 103:02 4815623                   /usr/lib/libXfixes.so.3.1.0
7f29016f5000-7f29016f8000 r--p 00000000 103:02 4763482                   /usr/lib/libXcursor.so.1.0.2
7f29016f8000-7f29016fe000 r-xp 00003000 103:02 4763482                   /usr/lib/libXcursor.so.1.0.2
7f29016fe000-7f2901700000 r--p 00009000 103:02 4763482                   /usr/lib/libXcursor.so.1.0.2
7f2901700000-7f2901701000 r--p 0000a000 103:02 4763482                   /usr/lib/libXcursor.so.1.0.2
7f2901701000-7f2901702000 rw-p 0000b000 103:02 4763482                   /usr/lib/libXcursor.so.1.0.2
7f2901702000-7f2901706000 r--p 00000000 103:02 7880776                   /usr/lib/jvm/java-26-openjdk/lib/libfontmanager.so
7f2901706000-7f290170f000 r-xp 00004000 103:02 7880776                   /usr/lib/jvm/java-26-openjdk/lib/libfontmanager.so
7f290170f000-7f2901711000 r--p 0000d000 103:02 7880776                   /usr/lib/jvm/java-26-openjdk/lib/libfontmanager.so
7f2901711000-7f2901712000 r--p 0000e000 103:02 7880776                   /usr/lib/jvm/java-26-openjdk/lib/libfontmanager.so
7f2901712000-7f2901713000 rw-p 0000f000 103:02 7880776                   /usr/lib/jvm/java-26-openjdk/lib/libfontmanager.so
7f2901713000-7f2901715000 r--p 00000000 103:02 4761076                   /usr/lib/libXtst.so.6.1.0
7f2901715000-7f2901718000 r-xp 00002000 103:02 4761076                   /usr/lib/libXtst.so.6.1.0
7f2901718000-7f2901719000 r--p 00005000 103:02 4761076                   /usr/lib/libXtst.so.6.1.0
7f2901719000-7f290171a000 r--p 00005000 103:02 4761076                   /usr/lib/libXtst.so.6.1.0
7f290171a000-7f290171b000 rw-p 00006000 103:02 4761076                   /usr/lib/libXtst.so.6.1.0
7f290171b000-7f2901729000 r--p 00000000 103:02 7880773                   /usr/lib/jvm/java-26-openjdk/lib/libawt_xawt.so
7f2901729000-7f290176d000 r-xp 0000e000 103:02 7880773                   /usr/lib/jvm/java-26-openjdk/lib/libawt_xawt.so
7f290176d000-7f2901781000 r--p 00052000 103:02 7880773                   /usr/lib/jvm/java-26-openjdk/lib/libawt_xawt.so
7f2901781000-7f2901783000 r--p 00066000 103:02 7880773                   /usr/lib/jvm/java-26-openjdk/lib/libawt_xawt.so
7f2901783000-7f2901784000 rw-p 00068000 103:02 7880773                   /usr/lib/jvm/java-26-openjdk/lib/libawt_xawt.so
7f2901784000-7f2901785000 rw-p 00000000 00:00 0 
7f2901785000-7f2901789000 r--p 00000000 103:02 7880771                   /usr/lib/jvm/java-26-openjdk/lib/libawt.so
7f2901789000-7f290182d000 r-xp 00004000 103:02 7880771                   /usr/lib/jvm/java-26-openjdk/lib/libawt.so
7f290182d000-7f290183a000 r--p 000a8000 103:02 7880771                   /usr/lib/jvm/java-26-openjdk/lib/libawt.so
7f290183a000-7f290183b000 r--p 000b4000 103:02 7880771                   /usr/lib/jvm/java-26-openjdk/lib/libawt.so
7f290183b000-7f2901846000 rw-p 000b5000 103:02 7880771                   /usr/lib/jvm/java-26-openjdk/lib/libawt.so
7f2901846000-7f290186b000 rw-p 00000000 00:00 0 
7f290186b000-7f290186c000 r--s 00000000 103:02 3803672                   /var/cache/fontconfig/1b6853af091219762dc5c68646ca68b7-le64.cache-12
7f290186c000-7f290186d000 r--s 00000000 103:02 3835441                   /var/cache/fontconfig/787b69f04c7448ed6c581b040220c91f-le64.cache-12
7f290186d000-7f290186e000 r--s 00000000 103:02 3835395                   /var/cache/fontconfig/a8773ec71f9da9b44a891b13321e5faa-le64.cache-12
7f290186e000-7f2901874000 r--s 00000000 103:02 3817989                   /var/cache/fontconfig/b67b32625a2bb51b023d3814a918f351-le64.cache-12
7f2901874000-7f2901880000 r--s 00000000 103:02 3801653                   /var/cache/fontconfig/4b31aef11cb0687b6d280d34cbe23592-le64.cache-12
7f2901880000-7f2901900000 rw-s 00000000 00:07 1110                       /dev/nvidiactl
7f2901900000-7f2901a00000 rw-s 00000000 00:07 1110                       /dev/nvidiactl
7f2901a00000-7f2901c19000 r--p 00000000 103:02 4831215                   /usr/lib/libnvidia-eglcore.so.610.57.04
7f2901c19000-7f290285f000 r-xp 00219000 103:02 4831215                   /usr/lib/libnvidia-eglcore.so.610.57.04
7f290285f000-7f2903d8a000 r--p 00e5f000 103:02 4831215                   /usr/lib/libnvidia-eglcore.so.610.57.04
7f2903d8a000-7f2903d8b000 ---p 0238a000 103:02 4831215                   /usr/lib/libnvidia-eglcore.so.610.57.04
7f2903d8b000-7f2903f00000 r--p 0238a000 103:02 4831215                   /usr/lib/libnvidia-eglcore.so.610.57.04
7f2903f00000-7f2903f49000 rw-p 024ff000 103:02 4831215                   /usr/lib/libnvidia-eglcore.so.610.57.04
7f2903f49000-7f2903f60000 rw-p 00000000 00:00 0 
7f2903f60000-7f2903f66000 r--s 00000000 103:02 3803766                   /var/cache/fontconfig/d62e99ef547d1d24cdb1bd22ec1a2976-le64.cache-12
7f2903f66000-7f2903f80000 r--s 00000000 103:02 4334283                   /home/annihilator/.cache/fontconfig/bc42231c8840afdbc8a160eb8f6a66fd-le64.cache-12
7f2903f80000-7f2904000000 rw-s 00000000 00:07 1110                       /dev/nvidiactl
7f2904000000-7f29045c5000 rw-p 00000000 00:00 0 
7f29045c5000-7f2908000000 ---p 00000000 00:00 0 
7f2908000000-7f2909ddb000 rw-p 00000000 00:00 0 
7f2909ddb000-7f290c000000 ---p 00000000 00:00 0 
7f290c000000-7f290c05a000 rw-p 00000000 00:00 0 
7f290c05a000-7f2910000000 ---p 00000000 00:00 0 
7f2910000000-7f29103d7000 rw-p 00000000 00:00 0 
7f29103d7000-7f2914000000 ---p 00000000 00:00 0 
7f2914000000-7f291434d000 rw-p 00000000 00:00 0 
7f291434d000-7f2918000000 ---p 00000000 00:00 0 
7f2918000000-7f2918002000 r--s 00000000 103:02 3801209                   /var/cache/fontconfig/3830d5c3ddfd5cd38a049b759396e72e-le64.cache-12
7f2918002000-7f2918003000 rw-s 00000000 00:07 1110                       /dev/nvidiactl
7f2918003000-7f2918004000 r--p 00000000 103:02 4763546                   /usr/lib/libXinerama.so.1.0.0
7f2918004000-7f2918005000 r-xp 00001000 103:02 4763546                   /usr/lib/libXinerama.so.1.0.0
7f2918005000-7f2918006000 r--p 00002000 103:02 4763546                   /usr/lib/libXinerama.so.1.0.0
7f2918006000-7f2918007000 r--p 00002000 103:02 4763546                   /usr/lib/libXinerama.so.1.0.0
7f2918007000-7f2918008000 rw-p 00003000 103:02 4763546                   /usr/lib/libXinerama.so.1.0.0
7f2918008000-7f291800b000 r--p 00000000 103:02 4760999                   /usr/lib/libXi.so.6.1.0
7f291800b000-7f2918018000 r-xp 00003000 103:02 4760999                   /usr/lib/libXi.so.6.1.0
7f2918018000-7f291801b000 r--p 00010000 103:02 4760999                   /usr/lib/libXi.so.6.1.0
7f291801b000-7f291801c000 r--p 00012000 103:02 4760999                   /usr/lib/libXi.so.6.1.0
7f291801c000-7f291801d000 rw-p 00013000 103:02 4760999                   /usr/lib/libXi.so.6.1.0
7f291801d000-7f2918020000 rw-s 00000000 00:07 1110                       /dev/nvidiactl
7f2918020000-7f2918023000 rw-s 00000000 00:07 1110                       /dev/nvidiactl
7f2918023000-7f2918027000 rw-s 00000000 00:07 1110                       /dev/nvidiactl
7f2918027000-7f291803a000 rw-s 00000000 00:07 1110                       /dev/nvidiactl
7f291803a000-7f291807a000 rw-s 00000000 00:07 1110                       /dev/nvidiactl
7f291807a000-7f291809a000 rw-s 00000000 00:07 1110                       /dev/nvidiactl
7f291809a000-7f29180da000 rw-s 00000000 00:07 1110                       /dev/nvidiactl
7f29180da000-7f29180fa000 rw-s 00000000 00:07 1110                       /dev/nvidiactl
7f29180fa000-7f291817a000 rw-s 00000000 00:07 1112                       /dev/nvidia0
7f291817a000-7f29181ba000 rw-s 00000000 00:07 1110                       /dev/nvidiactl
7f29181ba000-7f29181da000 rw-s 00000000 00:07 1110                       /dev/nvidiactl
7f29181da000-7f29189db000 rw-p 00000000 00:00 0 
7f29189db000-7f29189de000 r--p 00000000 103:02 4831197                   /usr/lib/libnvidia-allocator.so.610.57.04
7f29189de000-7f29189f2000 r-xp 00003000 103:02 4831197                   /usr/lib/libnvidia-allocator.so.610.57.04
7f29189f2000-7f29189fc000 r--p 00017000 103:02 4831197                   /usr/lib/libnvidia-allocator.so.610.57.04
7f29189fc000-7f29189fd000 r--p 00020000 103:02 4831197                   /usr/lib/libnvidia-allocator.so.610.57.04
7f29189fd000-7f29189fe000 rw-p 00021000 103:02 4831197                   /usr/lib/libnvidia-allocator.so.610.57.04
7f29189fe000-7f2918a00000 rw-p 00000000 00:00 0 
7f2918a00000-7f2918a48000 r--p 00000000 103:02 4745608                   /usr/lib/libicuuc.so.78.3
7f2918a48000-7f2918b65000 r-xp 00048000 103:02 4745608                   /usr/lib/libicuuc.so.78.3
7f2918b65000-7f2918bf8000 r--p 00165000 103:02 4745608                   /usr/lib/libicuuc.so.78.3
7f2918bf8000-7f2918c0b000 r--p 001f8000 103:02 4745608                   /usr/lib/libicuuc.so.78.3
7f2918c0b000-7f2918c0c000 rw-p 0020b000 103:02 4745608                   /usr/lib/libicuuc.so.78.3
7f2918c0c000-7f2918c0e000 rw-p 00000000 00:00 0 
7f2918c0e000-7f2918c0f000 r--s 00000000 103:02 3823352                   /var/cache/fontconfig/8d4af663993b81a124ee82e610bb31f9-le64.cache-12
7f2918c0f000-7f2918c13000 rw-s 00000000 00:07 1110                       /dev/nvidiactl
7f2918c13000-7f2918c23000 rw-s 00000000 00:07 1112                       /dev/nvidia0
7f2918c23000-7f2918c30000 r--p 00000000 103:02 4722861                   /usr/lib/libncursesw.so.6.6
7f2918c30000-7f2918c78000 r-xp 0000d000 103:02 4722861                   /usr/lib/libncursesw.so.6.6
7f2918c78000-7f2918c8e000 r--p 00055000 103:02 4722861                   /usr/lib/libncursesw.so.6.6
7f2918c8e000-7f2918c93000 r--p 0006a000 103:02 4722861                   /usr/lib/libncursesw.so.6.6
7f2918c93000-7f2918c94000 rw-p 0006f000 103:02 4722861                   /usr/lib/libncursesw.so.6.6
7f2918c94000-7f2918c96000 r--p 00000000 103:02 4761468                   /usr/lib/libpciaccess.so.0.11.1
7f2918c96000-7f2918c9b000 r-xp 00002000 103:02 4761468                   /usr/lib/libpciaccess.so.0.11.1
7f2918c9b000-7f2918c9d000 r--p 00007000 103:02 4761468                   /usr/lib/libpciaccess.so.0.11.1
7f2918c9d000-7f2918c9e000 r--p 00008000 103:02 4761468                   /usr/lib/libpciaccess.so.0.11.1
7f2918c9e000-7f2918c9f000 rw-p 00009000 103:02 4761468                   /usr/lib/libpciaccess.so.0.11.1
7f2918c9f000-7f2918cb9000 r--p 00000000 103:02 4744067                   /usr/lib/libxml2.so.16.1.3
7f2918cb9000-7f2918d8d000 r-xp 0001a000 103:02 4744067                   /usr/lib/libxml2.so.16.1.3
7f2918d8d000-7f2918dca000 r--p 000ee000 103:02 4744067                   /usr/lib/libxml2.so.16.1.3
7f2918dca000-7f2918dd3000 r--p 0012b000 103:02 4744067                   /usr/lib/libxml2.so.16.1.3
7f2918dd3000-7f2918dd4000 rw-p 00134000 103:02 4744067                   /usr/lib/libxml2.so.16.1.3
7f2918dd4000-7f2918dd5000 rw-p 00000000 00:00 0 
7f2918dd5000-7f2918ddb000 r--p 00000000 103:02 4754841                   /usr/lib/libedit.so.0.0.78
7f2918ddb000-7f2918dfd000 r-xp 00006000 103:02 4754841                   /usr/lib/libedit.so.0.0.78
7f2918dfd000-7f2918e0a000 r--p 00028000 103:02 4754841                   /usr/lib/libedit.so.0.0.78
7f2918e0a000-7f2918e0d000 r--p 00034000 103:02 4754841                   /usr/lib/libedit.so.0.0.78
7f2918e0d000-7f2918e0e000 rw-p 00037000 103:02 4754841                   /usr/lib/libedit.so.0.0.78
7f2918e0e000-7f2918e11000 rw-p 00000000 00:00 0 
7f2918e11000-7f2918e14000 r--p 00000000 103:02 4780642                   /usr/lib/libdrm_intel.so.1.134.0
7f2918e14000-7f2918e2b000 r-xp 00003000 103:02 4780642                   /usr/lib/libdrm_intel.so.1.134.0
7f2918e2b000-7f2918e35000 r--p 0001a000 103:02 4780642                   /usr/lib/libdrm_intel.so.1.134.0
7f2918e35000-7f2918e36000 r--p 00023000 103:02 4780642                   /usr/lib/libdrm_intel.so.1.134.0
7f2918e36000-7f2918e37000 rw-p 00024000 103:02 4780642                   /usr/lib/libdrm_intel.so.1.134.0
7f2918e37000-7f2918e3a000 r--p 00000000 103:02 4780638                   /usr/lib/libdrm_amdgpu.so.1.134.0
7f2918e3a000-7f2918e40000 r-xp 00003000 103:02 4780638                   /usr/lib/libdrm_amdgpu.so.1.134.0
7f2918e40000-7f2918e42000 r--p 00009000 103:02 4780638                   /usr/lib/libdrm_amdgpu.so.1.134.0
7f2918e42000-7f2918e43000 r--p 0000a000 103:02 4780638                   /usr/lib/libdrm_amdgpu.so.1.134.0
7f2918e43000-7f2918e44000 rw-p 0000b000 103:02 4780638                   /usr/lib/libdrm_amdgpu.so.1.134.0
7f2918e44000-7f2918e47000 r--p 00000000 103:02 4735313                   /usr/lib/libelf-0.196.so
7f2918e47000-7f2918e5b000 r-xp 00003000 103:02 4735313                   /usr/lib/libelf-0.196.so
7f2918e5b000-7f2918e60000 r--p 00017000 103:02 4735313                   /usr/lib/libelf-0.196.so
7f2918e60000-7f2918e61000 r--p 0001b000 103:02 4735313                   /usr/lib/libelf-0.196.so
7f2918e61000-7f2918e62000 rw-p 0001c000 103:02 4735313                   /usr/lib/libelf-0.196.so
7f2918e62000-7f2918e63000 r--p 00000000 103:02 4843174                   /usr/lib/libxshmfence.so.1.0.0
7f2918e63000-7f2918e64000 r-xp 00001000 103:02 4843174                   /usr/lib/libxshmfence.so.1.0.0
7f2918e64000-7f2918e65000 r--p 00002000 103:02 4843174                   /usr/lib/libxshmfence.so.1.0.0
7f2918e65000-7f2918e66000 r--p 00002000 103:02 4843174                   /usr/lib/libxshmfence.so.1.0.0
7f2918e66000-7f2918e67000 rw-p 00003000 103:02 4843174                   /usr/lib/libxshmfence.so.1.0.0
7f2918e67000-7f2918e6a000 r--p 00000000 103:02 4751865                   /usr/lib/libxcb-sync.so.1.0.0
7f2918e6a000-7f2918e6d000 r-xp 00003000 103:02 4751865                   /usr/lib/libxcb-sync.so.1.0.0
7f2918e6d000-7f2918e6e000 r--p 00006000 103:02 4751865                   /usr/lib/libxcb-sync.so.1.0.0
7f2918e6e000-7f2918e6f000 r--p 00007000 103:02 4751865                   /usr/lib/libxcb-sync.so.1.0.0
7f2918e6f000-7f2918e70000 rw-p 00008000 103:02 4751865                   /usr/lib/libxcb-sync.so.1.0.0
7f2918e70000-7f2918e72000 r--p 00000000 103:02 4763334                   /usr/lib/libsensors.so.5.0.0
7f2918e72000-7f2918e7a000 r-xp 00002000 103:02 4763334                   /usr/lib/libsensors.so.5.0.0
7f2918e7a000-7f2918e7e000 r--p 0000a000 103:02 4763334                   /usr/lib/libsensors.so.5.0.0
7f2918e7e000-7f2918e7f000 r--p 0000e000 103:02 4763334                   /usr/lib/libsensors.so.5.0.0
7f2918e7f000-7f2918e80000 rw-p 0000f000 103:02 4763334                   /usr/lib/libsensors.so.5.0.0
7f2918e80000-7f2918e99000 r--p 00000000 103:02 4817130                   /usr/lib/libSPIRV-Tools.so
7f2918e99000-7f2918fd2000 r-xp 00019000 103:02 4817130                   /usr/lib/libSPIRV-Tools.so
7f2918fd2000-7f2919058000 r--p 00152000 103:02 4817130                   /usr/lib/libSPIRV-Tools.so
7f2919058000-7f291905b000 r--p 001d8000 103:02 4817130                   /usr/lib/libSPIRV-Tools.so
7f291905b000-7f291905c000 rw-p 001db000 103:02 4817130                   /usr/lib/libSPIRV-Tools.so
7f291905c000-7f2919068000 r--p 00000000 103:02 4740223                   /usr/lib/libzstd.so.1.5.7
7f2919068000-7f291912f000 r-xp 0000c000 103:02 4740223                   /usr/lib/libzstd.so.1.5.7
7f291912f000-7f2919140000 r--p 000d3000 103:02 4740223                   /usr/lib/libzstd.so.1.5.7
7f2919140000-7f2919141000 r--p 000e4000 103:02 4740223                   /usr/lib/libzstd.so.1.5.7
7f2919141000-7f2919142000 rw-p 000e5000 103:02 4740223                   /usr/lib/libzstd.so.1.5.7
7f2919142000-7f2919145000 r--p 00000000 103:02 4751872                   /usr/lib/libxcb-xfixes.so.0.0.0
7f2919145000-7f2919148000 r-xp 00003000 103:02 4751872                   /usr/lib/libxcb-xfixes.so.0.0.0
7f2919148000-7f2919149000 r--p 00006000 103:02 4751872                   /usr/lib/libxcb-xfixes.so.0.0.0
7f2919149000-7f291914a000 r--p 00007000 103:02 4751872                   /usr/lib/libxcb-xfixes.so.0.0.0
7f291914a000-7f291914b000 rw-p 00008000 103:02 4751872                   /usr/lib/libxcb-xfixes.so.0.0.0
7f291914b000-7f2919152000 r--p 00000000 103:02 4751834                   /usr/lib/libxcb-randr.so.0.1.0
7f2919152000-7f2919158000 r-xp 00007000 103:02 4751834                   /usr/lib/libxcb-randr.so.0.1.0
7f2919158000-7f291915b000 r--p 0000d000 103:02 4751834                   /usr/lib/libxcb-randr.so.0.1.0
7f291915b000-7f291915c000 r--p 00010000 103:02 4751834                   /usr/lib/libxcb-randr.so.0.1.0
7f291915c000-7f291915d000 rw-p 00011000 103:02 4751834                   /usr/lib/libxcb-randr.so.0.1.0
7f291915d000-7f2919163000 r--p 00000000 103:02 4817102                   /usr/lib/libEGL_mesa.so.0.0.0
7f2919163000-7f291919e000 r-xp 00006000 103:02 4817102                   /usr/lib/libEGL_mesa.so.0.0.0
7f291919e000-7f29191b1000 r--p 00041000 103:02 4817102                   /usr/lib/libEGL_mesa.so.0.0.0
7f29191b1000-7f29191be000 r--p 00053000 103:02 4817102                   /usr/lib/libEGL_mesa.so.0.0.0
7f29191be000-7f29191bf000 rw-p 00060000 103:02 4817102                   /usr/lib/libEGL_mesa.so.0.0.0
7f29191bf000-7f29191c0000 rw-p 00000000 00:00 0 
7f29191c0000-7f29191c1000 r--p 00000000 103:02 4740497                   /usr/lib/libX11-xcb.so.1.0.0
7f29191c1000-7f29191c2000 r-xp 00001000 103:02 4740497                   /usr/lib/libX11-xcb.so.1.0.0
7f29191c2000-7f29191c3000 r--p 00002000 103:02 4740497                   /usr/lib/libX11-xcb.so.1.0.0
7f29191c3000-7f29191c4000 r--p 00002000 103:02 4740497                   /usr/lib/libX11-xcb.so.1.0.0
7f29191c4000-7f29191c5000 rw-p 00003000 103:02 4740497                   /usr/lib/libX11-xcb.so.1.0.0
7f29191c5000-7f29191c8000 r--p 00000000 103:02 4763730                   /usr/lib/libnvidia-egl-xlib.so.1.0.5
7f29191c8000-7f29191d3000 r-xp 00003000 103:02 4763730                   /usr/lib/libnvidia-egl-xlib.so.1.0.5
7f29191d3000-7f29191d7000 r--p 0000e000 103:02 4763730                   /usr/lib/libnvidia-egl-xlib.so.1.0.5
7f29191d7000-7f29191d8000 r--p 00012000 103:02 4763730                   /usr/lib/libnvidia-egl-xlib.so.1.0.5
7f29191d8000-7f29191d9000 rw-p 00013000 103:02 4763730                   /usr/lib/libnvidia-egl-xlib.so.1.0.5
7f29191d9000-7f29191db000 r--p 00000000 103:02 4751813                   /usr/lib/libxcb-dri3.so.0.1.0
7f29191db000-7f29191dd000 r-xp 00002000 103:02 4751813                   /usr/lib/libxcb-dri3.so.0.1.0
7f29191dd000-7f29191de000 r--p 00004000 103:02 4751813                   /usr/lib/libxcb-dri3.so.0.1.0
7f29191de000-7f29191df000 r--p 00004000 103:02 4751813                   /usr/lib/libxcb-dri3.so.0.1.0
7f29191df000-7f29191e0000 rw-p 00005000 103:02 4751813                   /usr/lib/libxcb-dri3.so.0.1.0
7f29191e0000-7f29191e1000 r--p 00000000 103:02 4751829                   /usr/lib/libxcb-present.so.0.0.0
7f29191e1000-7f29191e2000 r-xp 00001000 103:02 4751829                   /usr/lib/libxcb-present.so.0.0.0
7f29191e2000-7f29191e3000 r--p 00002000 103:02 4751829                   /usr/lib/libxcb-present.so.0.0.0
7f29191e3000-7f29191e4000 r--p 00002000 103:02 4751829                   /usr/lib/libxcb-present.so.0.0.0
7f29191e4000-7f29191e5000 rw-p 00003000 103:02 4751829                   /usr/lib/libxcb-present.so.0.0.0
7f29191e5000-7f29191e8000 r--p 00000000 103:02 4763465                   /usr/lib/libnvidia-egl-xcb.so.1.0.5
7f29191e8000-7f29191f3000 r-xp 00003000 103:02 4763465                   /usr/lib/libnvidia-egl-xcb.so.1.0.5
7f29191f3000-7f29191f7000 r--p 0000e000 103:02 4763465                   /usr/lib/libnvidia-egl-xcb.so.1.0.5
7f29191f7000-7f29191f8000 r--p 00012000 103:02 4763465                   /usr/lib/libnvidia-egl-xcb.so.1.0.5
7f29191f8000-7f29191f9000 rw-p 00013000 103:02 4763465                   /usr/lib/libnvidia-egl-xcb.so.1.0.5
7f29191f9000-7f29191fe000 r--p 00000000 103:02 4826261                   /usr/lib/libwayland-server.so.0.26.0
7f29191fe000-7f2919207000 r-xp 00005000 103:02 4826261                   /usr/lib/libwayland-server.so.0.26.0
7f2919207000-7f291920b000 r--p 0000e000 103:02 4826261                   /usr/lib/libwayland-server.so.0.26.0
7f291920b000-7f291920d000 r--p 00012000 103:02 4826261                   /usr/lib/libwayland-server.so.0.26.0
7f291920d000-7f291920e000 rw-p 00014000 103:02 4826261                   /usr/lib/libwayland-server.so.0.26.0
7f291920e000-7f2919211000 r--p 00000000 103:02 4846567                   /usr/lib/libnvidia-egl-wayland.so.1.1.21
7f2919211000-7f291921b000 r-xp 00003000 103:02 4846567                   /usr/lib/libnvidia-egl-wayland.so.1.1.21
7f291921b000-7f291921f000 r--p 0000d000 103:02 4846567                   /usr/lib/libnvidia-egl-wayland.so.1.1.21
7f291921f000-7f2919221000 r--p 00010000 103:02 4846567                   /usr/lib/libnvidia-egl-wayland.so.1.1.21
7f2919221000-7f2919222000 rw-p 00012000 103:02 4846567                   /usr/lib/libnvidia-egl-wayland.so.1.1.21
7f2919222000-7f2919227000 r--p 00000000 103:02 4771568                   /usr/lib/libdrm.so.2.134.0
7f2919227000-7f2919233000 r-xp 00005000 103:02 4771568                   /usr/lib/libdrm.so.2.134.0
7f2919233000-7f2919237000 r--p 00011000 103:02 4771568                   /usr/lib/libdrm.so.2.134.0
7f2919237000-7f2919238000 r--p 00015000 103:02 4771568                   /usr/lib/libdrm.so.2.134.0
7f2919238000-7f2919239000 rw-p 00016000 103:02 4771568                   /usr/lib/libdrm.so.2.134.0
7f2919239000-7f2919249000 r--p 00000000 103:02 4831581                   /usr/lib/libnvidia-glsi.so.610.57.04
7f2919249000-7f29192a9000 r-xp 00010000 103:02 4831581                   /usr/lib/libnvidia-glsi.so.610.57.04
7f29192a9000-7f29192c6000 r--p 00070000 103:02 4831581                   /usr/lib/libnvidia-glsi.so.610.57.04
7f29192c6000-7f29192cc000 r--p 0008c000 103:02 4831581                   /usr/lib/libnvidia-glsi.so.610.57.04
7f29192cc000-7f29192cd000 rw-p 00092000 103:02 4831581                   /usr/lib/libnvidia-glsi.so.610.57.04
7f29192cd000-7f29192d5000 rw-p 00000000 00:00 0 
7f29192d5000-7f2919306000 r--p 00000000 103:02 4820322                   /usr/lib/libEGL_nvidia.so.610.57.04
7f2919306000-7f291938e000 r-xp 00031000 103:02 4820322                   /usr/lib/libEGL_nvidia.so.610.57.04
7f291938e000-7f29193dd000 r--p 000b9000 103:02 4820322                   /usr/lib/libEGL_nvidia.so.610.57.04
7f29193dd000-7f29193de000 ---p 00108000 103:02 4820322                   /usr/lib/libEGL_nvidia.so.610.57.04
7f29193de000-7f29193e5000 r--p 00108000 103:02 4820322                   /usr/lib/libEGL_nvidia.so.610.57.04
7f29193e5000-7f29193fa000 rw-p 0010f000 103:02 4820322                   /usr/lib/libEGL_nvidia.so.610.57.04
7f29193fa000-7f2919400000 rw-p 00000000 00:00 0 
7f2919400000-7f291963e000 rw-s 00000000 00:01 419872                     /memfd:wayland-cursor (deleted)
7f291963e000-7f291963f000 r--p 00000000 103:02 4843438                   /usr/lib/libnvidia-egl-gbm.so.1.1.3
7f291963f000-7f2919642000 r-xp 00001000 103:02 4843438                   /usr/lib/libnvidia-egl-gbm.so.1.1.3
7f2919642000-7f2919644000 r--p 00004000 103:02 4843438                   /usr/lib/libnvidia-egl-gbm.so.1.1.3
7f2919644000-7f2919645000 r--p 00005000 103:02 4843438                   /usr/lib/libnvidia-egl-gbm.so.1.1.3
7f2919645000-7f2919646000 rw-p 00006000 103:02 4843438                   /usr/lib/libnvidia-egl-gbm.so.1.1.3
7f2919646000-7f2919648000 r--p 00000000 103:02 4835234                   /usr/lib/libgbm.so.1.0.0
7f2919648000-7f2919649000 r-xp 00002000 103:02 4835234                   /usr/lib/libgbm.so.1.0.0
7f2919649000-7f291964a000 r--p 00003000 103:02 4835234                   /usr/lib/libgbm.so.1.0.0
7f291964a000-7f291964b000 r--p 00003000 103:02 4835234                   /usr/lib/libgbm.so.1.0.0
7f291964b000-7f291964c000 rw-p 00004000 103:02 4835234                   /usr/lib/libgbm.so.1.0.0
7f291964c000-7f291964e000 r--p 00000000 103:02 4762982                   /usr/lib/libnvidia-egl-wayland2.so.1.0.1
7f291964e000-7f291965a000 r-xp 00002000 103:02 4762982                   /usr/lib/libnvidia-egl-wayland2.so.1.0.1
7f291965a000-7f291965e000 r--p 0000e000 103:02 4762982                   /usr/lib/libnvidia-egl-wayland2.so.1.0.1
7f291965e000-7f2919660000 r--p 00011000 103:02 4762982                   /usr/lib/libnvidia-egl-wayland2.so.1.0.1
7f2919660000-7f2919661000 rw-p 00013000 103:02 4762982                   /usr/lib/libnvidia-egl-wayland2.so.1.0.1
7f2919661000-7f2919668000 r--s 00000000 103:02 4837165                   /usr/lib/gconv/gconv-modules.cache
7f2919668000-7f291966a000 r--p 00000000 103:02 4811999                   /usr/lib/libGLdispatch.so.0.0.0
7f291966a000-7f29196a9000 r-xp 00002000 103:02 4811999                   /usr/lib/libGLdispatch.so.0.0.0
7f29196a9000-7f29196bc000 r--p 00041000 103:02 4811999                   /usr/lib/libGLdispatch.so.0.0.0
7f29196bc000-7f29196d8000 r--p 00054000 103:02 4811999                   /usr/lib/libGLdispatch.so.0.0.0
7f29196d8000-7f29196d9000 rw-p 00070000 103:02 4811999                   /usr/lib/libGLdispatch.so.0.0.0
7f29196d9000-7f29196e1000 rw-p 00000000 00:00 0 
7f29196e1000-7f29196e3000 r--p 00000000 103:02 4750356                   /usr/lib/libEGL.so.1.1.0
7f29196e3000-7f29196ed000 r-xp 00002000 103:02 4750356                   /usr/lib/libEGL.so.1.1.0
7f29196ed000-7f29196f1000 r--p 0000c000 103:02 4750356                   /usr/lib/libEGL.so.1.1.0
7f29196f1000-7f29196f2000 r--p 0000f000 103:02 4750356                   /usr/lib/libEGL.so.1.1.0
7f29196f2000-7f29196f3000 rw-p 00010000 103:02 4750356                   /usr/lib/libEGL.so.1.1.0
7f29196f3000-7f2919783000 rw-s 00000000 00:01 419871                     /memfd:wayland-cursor (deleted)
7f2919783000-7f2919784000 r--p 00000000 103:02 4812149                   /usr/lib/libbrotlicommon.so.1.2.0
7f2919784000-7f2919785000 r-xp 00001000 103:02 4812149                   /usr/lib/libbrotlicommon.so.1.2.0
7f2919785000-7f29197a4000 r--p 00002000 103:02 4812149                   /usr/lib/libbrotlicommon.so.1.2.0
7f29197a4000-7f29197a5000 r--p 00021000 103:02 4812149                   /usr/lib/libbrotlicommon.so.1.2.0
7f29197a5000-7f29197a6000 rw-p 00022000 103:02 4812149                   /usr/lib/libbrotlicommon.so.1.2.0
7f29197a6000-7f29197ab000 r--p 00000000 103:02 4722170                   /usr/lib/libblkid.so.1.1.0
7f29197ab000-7f29197d4000 r-xp 00005000 103:02 4722170                   /usr/lib/libblkid.so.1.1.0
7f29197d4000-7f29197df000 r--p 0002e000 103:02 4722170                   /usr/lib/libblkid.so.1.1.0
7f29197df000-7f29197e5000 r--p 00038000 103:02 4722170                   /usr/lib/libblkid.so.1.1.0
7f29197e5000-7f29197e6000 rw-p 0003e000 103:02 4722170                   /usr/lib/libblkid.so.1.1.0
7f29197e6000-7f29197e7000 r--p 00000000 103:02 4812485                   /usr/lib/libbrotlidec.so.1.2.0
7f29197e7000-7f29197f0000 r-xp 00001000 103:02 4812485                   /usr/lib/libbrotlidec.so.1.2.0
7f29197f0000-7f29197f3000 r--p 0000a000 103:02 4812485                   /usr/lib/libbrotlidec.so.1.2.0
7f29197f3000-7f29197f4000 r--p 0000c000 103:02 4812485                   /usr/lib/libbrotlidec.so.1.2.0
7f29197f4000-7f29197f5000 rw-p 0000d000 103:02 4812485                   /usr/lib/libbrotlidec.so.1.2.0
7f29197f5000-7f29197f7000 r--p 00000000 103:02 4794869                   /usr/lib/libbz2.so.1.0.8
7f29197f7000-7f2919804000 r-xp 00002000 103:02 4794869                   /usr/lib/libbz2.so.1.0.8
7f2919804000-7f2919806000 r--p 0000f000 103:02 4794869                   /usr/lib/libbz2.so.1.0.8
7f2919806000-7f2919807000 r--p 00010000 103:02 4794869                   /usr/lib/libbz2.so.1.0.8
7f2919807000-7f2919808000 rw-p 00011000 103:02 4794869                   /usr/lib/libbz2.so.1.0.8
7f2919808000-7f2919812000 r--p 00000000 103:02 4735601                   /usr/lib/libmount.so.1.1.0
7f2919812000-7f2919850000 r-xp 0000a000 103:02 4735601                   /usr/lib/libmount.so.1.1.0
7f2919850000-7f2919861000 r--p 00048000 103:02 4735601                   /usr/lib/libmount.so.1.1.0
7f2919861000-7f2919863000 r--p 00059000 103:02 4735601                   /usr/lib/libmount.so.1.1.0
7f2919863000-7f2919864000 rw-p 0005b000 103:02 4735601                   /usr/lib/libmount.so.1.1.0
7f2919864000-7f2919866000 r--p 00000000 103:02 4737414                   /usr/lib/libexpat.so.1.12.3
7f2919866000-7f2919886000 r-xp 00002000 103:02 4737414                   /usr/lib/libexpat.so.1.12.3
7f2919886000-7f291988f000 r--p 00022000 103:02 4737414                   /usr/lib/libexpat.so.1.12.3
7f291988f000-7f2919891000 r--p 0002a000 103:02 4737414                   /usr/lib/libexpat.so.1.12.3
7f2919891000-7f2919892000 rw-p 0002c000 103:02 4737414                   /usr/lib/libexpat.so.1.12.3
7f2919892000-7f2919894000 r--p 00000000 103:02 4815230                   /usr/lib/libgraphite2.so.3.3.1
7f2919894000-7f29198ad000 r-xp 00002000 103:02 4815230                   /usr/lib/libgraphite2.so.3.3.1
7f29198ad000-7f29198b2000 r--p 0001b000 103:02 4815230                   /usr/lib/libgraphite2.so.3.3.1
7f29198b2000-7f29198b4000 r--p 0001f000 103:02 4815230                   /usr/lib/libgraphite2.so.3.3.1
7f29198b4000-7f29198b5000 rw-p 00021000 103:02 4815230                   /usr/lib/libgraphite2.so.3.3.1
7f29198b5000-7f29198b8000 r--p 00000000 103:02 4732813                   /usr/lib/libpcre2-8.so.0.15.0
7f29198b8000-7f2919936000 r-xp 00003000 103:02 4732813                   /usr/lib/libpcre2-8.so.0.15.0
7f2919936000-7f2919961000 r--p 00081000 103:02 4732813                   /usr/lib/libpcre2-8.so.0.15.0
7f2919961000-7f2919962000 r--p 000ab000 103:02 4732813                   /usr/lib/libpcre2-8.so.0.15.0
7f2919962000-7f2919963000 rw-p 000ac000 103:02 4732813                   /usr/lib/libpcre2-8.so.0.15.0
7f2919963000-7f2919978000 r--p 00000000 103:02 4720960                   /usr/lib/libsystemd.so.0.44.0
7f2919978000-7f2919a51000 r-xp 00015000 103:02 4720960                   /usr/lib/libsystemd.so.0.44.0
7f2919a51000-7f2919aa0000 r--p 000ee000 103:02 4720960                   /usr/lib/libsystemd.so.0.44.0
7f2919aa0000-7f2919aa9000 r--p 0013c000 103:02 4720960                   /usr/lib/libsystemd.so.0.44.0
7f2919aa9000-7f2919aaa000 rw-p 00145000 103:02 4720960                   /usr/lib/libsystemd.so.0.44.0
7f2919aaa000-7f2919aab000 rw-p 00000000 00:00 0 
7f2919aab000-7f2919ab0000 r--p 00000000 103:02 4780633                   /usr/lib/libpixman-1.so.0.46.4
7f2919ab0000-7f2919b41000 r-xp 00005000 103:02 4780633                   /usr/lib/libpixman-1.so.0.46.4
7f2919b41000-7f2919b51000 r--p 00096000 103:02 4780633                   /usr/lib/libpixman-1.so.0.46.4
7f2919b51000-7f2919b59000 r--p 000a6000 103:02 4780633                   /usr/lib/libpixman-1.so.0.46.4
7f2919b59000-7f2919b5a000 rw-p 000ae000 103:02 4780633                   /usr/lib/libpixman-1.so.0.46.4
7f2919b5a000-7f2919b60000 r--p 00000000 103:02 4751845                   /usr/lib/libxcb-render.so.0.0.0
7f2919b60000-7f2919b65000 r-xp 00006000 103:02 4751845                   /usr/lib/libxcb-render.so.0.0.0
7f2919b65000-7f2919b67000 r--p 0000b000 103:02 4751845                   /usr/lib/libxcb-render.so.0.0.0
7f2919b67000-7f2919b68000 r--p 0000d000 103:02 4751845                   /usr/lib/libxcb-render.so.0.0.0
7f2919b68000-7f2919b69000 rw-p 0000e000 103:02 4751845                   /usr/lib/libxcb-render.so.0.0.0
7f2919b69000-7f2919b75000 r--p 00000000 103:02 4751894                   /usr/lib/libxcb.so.1.1.0
7f2919b75000-7f2919b89000 r-xp 0000c000 103:02 4751894                   /usr/lib/libxcb.so.1.1.0
7f2919b89000-7f2919b92000 r--p 00020000 103:02 4751894                   /usr/lib/libxcb.so.1.1.0
7f2919b92000-7f2919b93000 r--p 00028000 103:02 4751894                   /usr/lib/libxcb.so.1.1.0
7f2919b93000-7f2919b94000 rw-p 00029000 103:02 4751894                   /usr/lib/libxcb.so.1.1.0
7f2919b94000-7f2919b96000 r--p 00000000 103:02 4843167                   /usr/lib/libXrender.so.1.3.0
7f2919b96000-7f2919b9d000 r-xp 00002000 103:02 4843167                   /usr/lib/libXrender.so.1.3.0
7f2919b9d000-7f2919b9e000 r--p 00009000 103:02 4843167                   /usr/lib/libXrender.so.1.3.0
7f2919b9e000-7f2919b9f000 r--p 00009000 103:02 4843167                   /usr/lib/libXrender.so.1.3.0
7f2919b9f000-7f2919ba0000 rw-p 0000a000 103:02 4843167                   /usr/lib/libXrender.so.1.3.0
7f2919ba0000-7f2919bb7000 r--p 00000000 103:02 4740502                   /usr/lib/libX11.so.6.4.0
7f2919bb7000-7f2919c4c000 r-xp 00017000 103:02 4740502                   /usr/lib/libX11.so.6.4.0
7f2919c4c000-7f2919cdb000 r--p 000ac000 103:02 4740502                   /usr/lib/libX11.so.6.4.0
7f2919cdb000-7f2919cde000 r--p 0013a000 103:02 4740502                   /usr/lib/libX11.so.6.4.0
7f2919cde000-7f2919ce2000 rw-p 0013d000 103:02 4740502                   /usr/lib/libX11.so.6.4.0
7f2919ce2000-7f2919ce8000 r--p 00000000 103:02 4814646                   /usr/lib/libfreetype.so.6.20.6
7f2919ce8000-7f2919d80000 r-xp 00006000 103:02 4814646                   /usr/lib/libfreetype.so.6.20.6
7f2919d80000-7f2919da9000 r--p 0009e000 103:02 4814646                   /usr/lib/libfreetype.so.6.20.6
7f2919da9000-7f2919db1000 r--p 000c6000 103:02 4814646                   /usr/lib/libfreetype.so.6.20.6
7f2919db1000-7f2919db2000 rw-p 000ce000 103:02 4814646                   /usr/lib/libfreetype.so.6.20.6
7f2919db2000-7f2919db8000 r--p 00000000 103:02 4812002                   /usr/lib/libpng16.so.16.58.0
7f2919db8000-7f2919de3000 r-xp 00006000 103:02 4812002                   /usr/lib/libpng16.so.16.58.0
7f2919de3000-7f2919ded000 r--p 00031000 103:02 4812002                   /usr/lib/libpng16.so.16.58.0
7f2919ded000-7f2919dee000 r--p 0003a000 103:02 4812002                   /usr/lib/libpng16.so.16.58.0
7f2919dee000-7f2919def000 rw-p 0003b000 103:02 4812002                   /usr/lib/libpng16.so.16.58.0
7f2919def000-7f2919e21000 r--p 00000000 103:02 4745344                   /usr/lib/libgio-2.0.so.0.8800.3
7f2919e21000-7f2919f48000 r-xp 00032000 103:02 4745344                   /usr/lib/libgio-2.0.so.0.8800.3
7f2919f48000-7f2919fc2000 r--p 00159000 103:02 4745344                   /usr/lib/libgio-2.0.so.0.8800.3
7f2919fc2000-7f2919fcb000 r--p 001d2000 103:02 4745344                   /usr/lib/libgio-2.0.so.0.8800.3
7f2919fcb000-7f2919fcc000 rw-p 001db000 103:02 4745344                   /usr/lib/libgio-2.0.so.0.8800.3
7f2919fcc000-7f2919fce000 rw-p 00000000 00:00 0 
7f2919fce000-7f2919fd4000 r--p 00000000 103:02 4759013                   /usr/lib/libfontconfig.so.1.17.0
7f2919fd4000-7f291a009000 r-xp 00006000 103:02 4759013                   /usr/lib/libfontconfig.so.1.17.0
7f291a009000-7f291a03f000 r--p 0003b000 103:02 4759013                   /usr/lib/libfontconfig.so.1.17.0
7f291a03f000-7f291a048000 r--p 00071000 103:02 4759013                   /usr/lib/libfontconfig.so.1.17.0
7f291a048000-7f291a049000 rw-p 0007a000 103:02 4759013                   /usr/lib/libfontconfig.so.1.17.0
7f291a049000-7f291a056000 r--p 00000000 103:02 4814594                   /usr/lib/libharfbuzz.so.0.61431.0
7f291a056000-7f291a148000 r-xp 0000d000 103:02 4814594                   /usr/lib/libharfbuzz.so.0.61431.0
7f291a148000-7f291a17c000 r--p 000ff000 103:02 4814594                   /usr/lib/libharfbuzz.so.0.61431.0
7f291a17c000-7f291a17e000 r--p 00132000 103:02 4814594                   /usr/lib/libharfbuzz.so.0.61431.0
7f291a17e000-7f291a17f000 rw-p 00134000 103:02 4814594                   /usr/lib/libharfbuzz.so.0.61431.0
7f291a17f000-7f291a19d000 r--p 00000000 103:02 4748073                   /usr/lib/libglib-2.0.so.0.8800.3
7f291a19d000-7f291a24b000 r-xp 0001e000 103:02 4748073                   /usr/lib/libglib-2.0.so.0.8800.3
7f291a24b000-7f291a2df000 r--p 000cc000 103:02 4748073                   /usr/lib/libglib-2.0.so.0.8800.3
7f291a2df000-7f291a2e0000 r--p 00160000 103:02 4748073                   /usr/lib/libglib-2.0.so.0.8800.3
7f291a2e0000-7f291a2e1000 rw-p 00161000 103:02 4748073                   /usr/lib/libglib-2.0.so.0.8800.3
7f291a2e1000-7f291a2e2000 rw-p 00000000 00:00 0 
7f291a2e2000-7f291a2ee000 r--p 00000000 103:02 4750151                   /usr/lib/libgobject-2.0.so.0.8800.3
7f291a2ee000-7f291a327000 r-xp 0000c000 103:02 4750151                   /usr/lib/libgobject-2.0.so.0.8800.3
7f291a327000-7f291a341000 r--p 00045000 103:02 4750151                   /usr/lib/libgobject-2.0.so.0.8800.3
7f291a341000-7f291a344000 r--p 0005e000 103:02 4750151                   /usr/lib/libgobject-2.0.so.0.8800.3
7f291a344000-7f291a345000 rw-p 00061000 103:02 4750151                   /usr/lib/libgobject-2.0.so.0.8800.3
7f291a345000-7f291a353000 r--p 00000000 103:02 4757736                   /usr/lib/libcairo.so.2.11804.4
7f291a353000-7f291a446000 r-xp 0000e000 103:02 4757736                   /usr/lib/libcairo.so.2.11804.4
7f291a446000-7f291a47b000 r--p 00101000 103:02 4757736                   /usr/lib/libcairo.so.2.11804.4
7f291a47b000-7f291a47f000 r--p 00136000 103:02 4757736                   /usr/lib/libcairo.so.2.11804.4
7f291a47f000-7f291a481000 rw-p 0013a000 103:02 4757736                   /usr/lib/libcairo.so.2.11804.4
7f291a481000-7f291a482000 rw-p 00000000 00:00 0 
7f291a482000-7f291a490000 r--p 00000000 103:02 4794787                   /usr/lib/libpango-1.0.so.0.5800.2
7f291a490000-7f291a4d0000 r-xp 0000e000 103:02 4794787                   /usr/lib/libpango-1.0.so.0.5800.2
7f291a4d0000-7f291a4ec000 r--p 0004e000 103:02 4794787                   /usr/lib/libpango-1.0.so.0.5800.2
7f291a4ec000-7f291a4f0000 r--p 00069000 103:02 4794787                   /usr/lib/libpango-1.0.so.0.5800.2
7f291a4f0000-7f291a4f1000 rw-p 0006d000 103:02 4794787                   /usr/lib/libpango-1.0.so.0.5800.2
7f291a4f1000-7f291a4f2000 rw-p 00000000 00:00 0 
7f291a4f2000-7f291a4f6000 ---p 00000000 00:00 0 
7f291a4f6000-7f291a8f6000 rw-p 00000000 00:00 0 
7f291a8f6000-7f291a8fa000 ---p 00000000 00:00 0 
7f291a8fa000-7f291a9f7000 rw-p 00000000 00:00 0 
7f291a9f7000-7f291a9fb000 ---p 00000000 00:00 0 
7f291a9fb000-7f291aaf7000 rw-p 00000000 00:00 0 
7f291ab5d000-7f291abf8000 r--p 00000000 103:02 5641617                   /usr/share/fonts/noto/NotoSans-Bold.ttf
7f291abf8000-7f291abf9000 rw-p 00000000 00:00 0 
7f291abf9000-7f291abfd000 ---p 00000000 00:00 0 
7f291abfd000-7f291acfa000 rw-p 00000000 00:00 0 
7f291acfa000-7f291acfe000 ---p 00000000 00:00 0 
7f291acfe000-7f291adfa000 rw-p 00000000 00:00 0 
7f291ae4e000-7f291ae63000 r--p 00000000 103:02 5509699                   /usr/share/fonts/gsfonts/NimbusSans-Bold.otf
7f291ae63000-7f291aefb000 r--p 00000000 103:02 5641624                   /usr/share/fonts/noto/NotoSans-Regular.ttf
7f291aefb000-7f291aefc000 rw-p 00000000 00:00 0 
7f291aefc000-7f291af00000 ---p 00000000 00:00 0 
7f291af00000-7f291affd000 rw-p 00000000 00:00 0 
7f291affd000-7f291b001000 ---p 00000000 00:00 0 
7f291b001000-7f291b0fe000 rw-p 00000000 00:00 0 
7f291b0fe000-7f291b102000 ---p 00000000 00:00 0 
7f291b102000-7f291b1ff000 rw-p 00000000 00:00 0 
7f291b1ff000-7f291b203000 ---p 00000000 00:00 0 
7f291b203000-7f291b300000 rw-p 00000000 00:00 0 
7f291b300000-7f291b304000 ---p 00000000 00:00 0 
7f291b304000-7f291b400000 rw-p 00000000 00:00 0 
7f291b400000-7f291b6ee000 r--p 00000000 103:02 4837164                   /usr/lib/locale/locale-archive
7f291b6ee000-7f291b6ef000 r--s 00000000 103:02 4334244                   /home/annihilator/.cache/fontconfig/8f6bef61d9f77da15272a6237cc42cae-le64.cache-12
7f291b6ef000-7f291b6f1000 r--p 00000000 103:02 4815257                   /usr/lib/libXdmcp.so.6.0.0
7f291b6f1000-7f291b6f3000 r-xp 00002000 103:02 4815257                   /usr/lib/libXdmcp.so.6.0.0
7f291b6f3000-7f291b6f5000 r--p 00004000 103:02 4815257                   /usr/lib/libXdmcp.so.6.0.0
7f291b6f5000-7f291b6f6000 r--p 00005000 103:02 4815257                   /usr/lib/libXdmcp.so.6.0.0
7f291b6f6000-7f291b6f7000 rw-p 00006000 103:02 4815257                   /usr/lib/libXdmcp.so.6.0.0
7f291b6f7000-7f291b6f8000 rw-p 00000000 00:00 0 
7f291b6f8000-7f291b6fc000 ---p 00000000 00:00 0 
7f291b6fc000-7f291b9fb000 rw-p 00000000 00:00 0 
7f291b9fb000-7f291b9ff000 ---p 00000000 00:00 0 
7f291b9ff000-7f291bdfe000 rw-p 00000000 00:00 0 
7f291bdfe000-7f291e6c0000 rw-p 00000000 00:00 0 
7f291e6c0000-7f2920000000 ---p 00000000 00:00 0 
7f2920000000-7f292066a000 rw-p 00000000 00:00 0 
7f292066a000-7f2924000000 ---p 00000000 00:00 0 
7f2924000000-7f2924781000 rw-p 00000000 00:00 0 
7f2924781000-7f2928000000 ---p 00000000 00:00 0 
7f2928000000-7f2928002000 rw-s 00000000 00:01 419768                     /memfd:/.glXXXXXX (deleted)
7f2928002000-7f2928006000 r--p 00000000 103:02 4760928                   /usr/lib/libXext.so.6.4.0
7f2928006000-7f2928011000 r-xp 00004000 103:02 4760928                   /usr/lib/libXext.so.6.4.0
7f2928011000-7f2928014000 r--p 0000f000 103:02 4760928                   /usr/lib/libXext.so.6.4.0
7f2928014000-7f2928015000 r--p 00011000 103:02 4760928                   /usr/lib/libXext.so.6.4.0
7f2928015000-7f2928016000 rw-p 00012000 103:02 4760928                   /usr/lib/libXext.so.6.4.0
7f2928016000-7f2928018000 r--p 00000000 103:02 4815120                   /usr/lib/libthai.so.0.3.2
7f2928018000-7f292801c000 r-xp 00002000 103:02 4815120                   /usr/lib/libthai.so.0.3.2
7f292801c000-7f292801f000 r--p 00006000 103:02 4815120                   /usr/lib/libthai.so.0.3.2
7f292801f000-7f2928020000 r--p 00008000 103:02 4815120                   /usr/lib/libthai.so.0.3.2
7f2928020000-7f2928021000 rw-p 00009000 103:02 4815120                   /usr/lib/libthai.so.0.3.2
7f2928021000-7f2928023000 r--p 00000000 103:02 4761906                   /usr/lib/libfribidi.so.0.4.0
7f2928023000-7f2928028000 r-xp 00002000 103:02 4761906                   /usr/lib/libfribidi.so.0.4.0
7f2928028000-7f292803f000 r--p 00007000 103:02 4761906                   /usr/lib/libfribidi.so.0.4.0
7f292803f000-7f2928040000 r--p 0001d000 103:02 4761906                   /usr/lib/libfribidi.so.0.4.0
7f2928040000-7f2928041000 rw-p 0001e000 103:02 4761906                   /usr/lib/libfribidi.so.0.4.0
7f2928041000-7f2928049000 r--p 00000000 103:02 4815145                   /usr/lib/libpangoft2-1.0.so.0.5800.2
7f2928049000-7f2928059000 r-xp 00008000 103:02 4815145                   /usr/lib/libpangoft2-1.0.so.0.5800.2
7f2928059000-7f292805e000 r--p 00018000 103:02 4815145                   /usr/lib/libpangoft2-1.0.so.0.5800.2
7f292805e000-7f292805f000 r--p 0001d000 103:02 4815145                   /usr/lib/libpangoft2-1.0.so.0.5800.2
7f292805f000-7f2928060000 rw-p 0001e000 103:02 4815145                   /usr/lib/libpangoft2-1.0.so.0.5800.2
7f2928060000-7f2928070000 r--p 00000000 00:2f 28158                      /tmp/lwjgl_annihilator/3.3.6+1/x64/libglfw.so
7f2928070000-7f2928091000 r-xp 00010000 00:2f 28158                      /tmp/lwjgl_annihilator/3.3.6+1/x64/libglfw.so
7f2928091000-7f29280cd000 r--p 00031000 00:2f 28158                      /tmp/lwjgl_annihilator/3.3.6+1/x64/libglfw.so
7f29280cd000-7f29280d1000 r--p 0006c000 00:2f 28158                      /tmp/lwjgl_annihilator/3.3.6+1/x64/libglfw.so
7f29280d1000-7f29280d4000 rw-p 00070000 00:2f 28158                      /tmp/lwjgl_annihilator/3.3.6+1/x64/libglfw.so
7f29280d4000-7f292aa01000 rw-p 00000000 00:00 0 
7f292aa01000-7f292aa03000 r--p 00000000 103:02 4761940                   /usr/lib/libdatrie.so.1.4.1
7f292aa03000-7f292aa07000 r-xp 00002000 103:02 4761940                   /usr/lib/libdatrie.so.1.4.1
7f292aa07000-7f292aa08000 r--p 00006000 103:02 4761940                   /usr/lib/libdatrie.so.1.4.1
7f292aa08000-7f292aa09000 r--p 00006000 103:02 4761940                   /usr/lib/libdatrie.so.1.4.1
7f292aa09000-7f292aa0a000 rw-p 00007000 103:02 4761940                   /usr/lib/libdatrie.so.1.4.1
7f292aa0a000-7f292aa18000 r--p 00000000 103:02 4741723                   /usr/lib/libdbus-1.so.3.38.3
7f292aa18000-7f292aa49000 r-xp 0000e000 103:02 4741723                   /usr/lib/libdbus-1.so.3.38.3
7f292aa49000-7f292aa5a000 r--p 0003f000 103:02 4741723                   /usr/lib/libdbus-1.so.3.38.3
7f292aa5a000-7f292aa5c000 r--p 0004f000 103:02 4741723                   /usr/lib/libdbus-1.so.3.38.3
7f292aa5c000-7f292aa5d000 rw-p 00051000 103:02 4741723                   /usr/lib/libdbus-1.so.3.38.3
7f292aa5d000-7f292ad7e000 rw-p 00000000 00:00 0 
7f292ad7e000-7f292e75e000 ---p 00000000 00:00 0 
7f292e75e000-7f292e76e000 rw-p 00000000 00:00 0 
7f292e76e000-7f292e776000 ---p 00000000 00:00 0 
7f292e776000-7f292e7ba000 rw-p 00000000 00:00 0 
7f292e7ba000-7f292eef6000 ---p 00000000 00:00 0 
7f292eef6000-7f292eef8000 rw-p 00000000 00:00 0 
7f292eef8000-7f292eef9000 ---p 00000000 00:00 0 
7f292eef9000-7f292ef3d000 rw-p 00000000 00:00 0 
7f292ef3d000-7f292f679000 ---p 00000000 00:00 0 
7f292f679000-7f292f67b000 rw-p 00000000 00:00 0 
7f292f67b000-7f292f67c000 ---p 00000000 00:00 0 
7f292f67c000-7f292f6c0000 rw-p 00000000 00:00 0 
7f292f6c0000-7f292fdfc000 ---p 00000000 00:00 0 
7f292fdfc000-7f292fdfe000 rw-p 00000000 00:00 0 
7f292fdfe000-7f292fdff000 ---p 00000000 00:00 0 
7f292fdff000-7f293143f000 rwxp 00000000 00:00 0 
7f293143f000-7f293725f000 ---p 00000000 00:00 0 
7f293725f000-7f293797f000 rwxp 00000000 00:00 0 
7f293797f000-7f29379a0000 ---p 00000000 00:00 0 
7f29379a0000-7f2938060000 rwxp 00000000 00:00 0 
7f2938060000-7f293ee00000 ---p 00000000 00:00 0 
7f293ee00000-7f2947e1c000 r--s 00000000 103:02 7880807                   /usr/lib/jvm/java-26-openjdk/lib/modules
7f2947e1c000-7f2947e1d000 rw-p 00000000 00:00 0 
7f2947e1d000-7f2947e1f000 rw-s 00000000 00:07 1110                       /dev/nvidiactl
7f2947e1f000-7f2947e20000 r--p 00000000 103:02 4757711                   /usr/lib/libXau.so.6.0.0
7f2947e20000-7f2947e21000 r-xp 00001000 103:02 4757711                   /usr/lib/libXau.so.6.0.0
7f2947e21000-7f2947e22000 r--p 00002000 103:02 4757711                   /usr/lib/libXau.so.6.0.0
7f2947e22000-7f2947e23000 r--p 00002000 103:02 4757711                   /usr/lib/libXau.so.6.0.0
7f2947e23000-7f2947e24000 rw-p 00003000 103:02 4757711                   /usr/lib/libXau.so.6.0.0
7f2947e24000-7f2947e28000 r--p 00000000 103:02 4755680                   /usr/lib/libxkbcommon.so.0.13.2
7f2947e28000-7f2947e57000 r-xp 00004000 103:02 4755680                   /usr/lib/libxkbcommon.so.0.13.2
7f2947e57000-7f2947e80000 r--p 00033000 103:02 4755680                   /usr/lib/libxkbcommon.so.0.13.2
7f2947e80000-7f2947e82000 r--p 0005b000 103:02 4755680                   /usr/lib/libxkbcommon.so.0.13.2
7f2947e82000-7f2947e83000 rw-p 0005d000 103:02 4755680                   /usr/lib/libxkbcommon.so.0.13.2
7f2947e83000-7f2947eaf000 r--p 00000000 00:2f 28110                      /tmp/lwjgl_annihilator/3.3.6+1/x64/liblwjgl.so
7f2947eaf000-7f2947ee3000 r-xp 0002c000 00:2f 28110                      /tmp/lwjgl_annihilator/3.3.6+1/x64/liblwjgl.so
7f2947ee3000-7f2947efd000 r--p 00060000 00:2f 28110                      /tmp/lwjgl_annihilator/3.3.6+1/x64/liblwjgl.so
7f2947efd000-7f2947efe000 r--p 00079000 00:2f 28110                      /tmp/lwjgl_annihilator/3.3.6+1/x64/liblwjgl.so
7f2947efe000-7f2947eff000 rw-p 0007a000 00:2f 28110                      /tmp/lwjgl_annihilator/3.3.6+1/x64/liblwjgl.so
7f2947eff000-7f2949fec000 rw-p 00000000 00:00 0 
7f2949fec000-7f294c000000 ---p 00000000 00:00 0 
7f294c000000-7f294c001000 rw-s 00000000 00:07 1110                       /dev/nvidiactl
7f294c001000-7f294c003000 r--p 00000000 103:02 4748283                   /usr/lib/libgmodule-2.0.so.0.8800.3
7f294c003000-7f294c005000 r-xp 00002000 103:02 4748283                   /usr/lib/libgmodule-2.0.so.0.8800.3
7f294c005000-7f294c006000 r--p 00004000 103:02 4748283                   /usr/lib/libgmodule-2.0.so.0.8800.3
7f294c006000-7f294c007000 r--p 00004000 103:02 4748283                   /usr/lib/libgmodule-2.0.so.0.8800.3
7f294c007000-7f294c008000 rw-p 00005000 103:02 4748283                   /usr/lib/libgmodule-2.0.so.0.8800.3
7f294c008000-7f294c009000 r--p 00000000 103:02 7880802                   /usr/lib/jvm/java-26-openjdk/lib/libsimdsort.so
7f294c009000-7f294c043000 r-xp 00001000 103:02 7880802                   /usr/lib/jvm/java-26-openjdk/lib/libsimdsort.so
7f294c043000-7f294c049000 r--p 0003b000 103:02 7880802                   /usr/lib/jvm/java-26-openjdk/lib/libsimdsort.so
7f294c049000-7f294c04a000 r--p 00040000 103:02 7880802                   /usr/lib/jvm/java-26-openjdk/lib/libsimdsort.so
7f294c04a000-7f294c04b000 rw-p 00041000 103:02 7880802                   /usr/lib/jvm/java-26-openjdk/lib/libsimdsort.so
7f294c04b000-7f294c0e7000 rw-p 00000000 00:00 0 
7f294c0e7000-7f294c3ea000 rw-p 00000000 00:00 0 
7f294c3ea000-7f294d105000 rw-p 00000000 00:00 0 
7f294d105000-7f294d1e0000 ---p 00000000 00:00 0 
7f294d1e0000-7f294d20d000 rw-p 00000000 00:00 0 
7f294d20d000-7f294d2c9000 ---p 00000000 00:00 0 
7f294d2c9000-7f294d2d9000 r--p 00000000 103:02 4722178                   /usr/lib/libm.so.6
7f294d2d9000-7f294d375000 r-xp 00010000 103:02 4722178                   /usr/lib/libm.so.6
7f294d375000-7f294d3fe000 r--p 000ac000 103:02 4722178                   /usr/lib/libm.so.6
7f294d3fe000-7f294d3ff000 r--p 00134000 103:02 4722178                   /usr/lib/libm.so.6
7f294d3ff000-7f294d400000 rw-p 00135000 103:02 4722178                   /usr/lib/libm.so.6
7f294d400000-7f294d49a000 r--p 00000000 103:02 4748526                   /usr/lib/libstdc++.so.6.0.36
7f294d49a000-7f294d61d000 r-xp 0009a000 103:02 4748526                   /usr/lib/libstdc++.so.6.0.36
7f294d61d000-7f294d6bd000 r--p 0021d000 103:02 4748526                   /usr/lib/libstdc++.so.6.0.36
7f294d6bd000-7f294d6ce000 r--p 002bc000 103:02 4748526                   /usr/lib/libstdc++.so.6.0.36
7f294d6ce000-7f294d6cf000 rw-p 002cd000 103:02 4748526                   /usr/lib/libstdc++.so.6.0.36
7f294d6cf000-7f294d6d3000 rw-p 00000000 00:00 0 
7f294d6d3000-7f294d6d4000 rw-s 00000000 00:07 1112                       /dev/nvidia0
7f294d6d4000-7f294d6d9000 r--p 00000000 103:02 4815137                   /usr/lib/libpangocairo-1.0.so.0.5800.2
7f294d6d9000-7f294d6e2000 r-xp 00005000 103:02 4815137                   /usr/lib/libpangocairo-1.0.so.0.5800.2
7f294d6e2000-7f294d6e4000 r--p 0000e000 103:02 4815137                   /usr/lib/libpangocairo-1.0.so.0.5800.2
7f294d6e4000-7f294d6e5000 r--p 00010000 103:02 4815137                   /usr/lib/libpangocairo-1.0.so.0.5800.2
7f294d6e5000-7f294d6e6000 rw-p 00011000 103:02 4815137                   /usr/lib/libpangocairo-1.0.so.0.5800.2
7f294d6e6000-7f294d6ea000 r--p 00000000 103:02 4726011                   /usr/lib/libdecor/plugins-1/libdecor-cairo.so
7f294d6ea000-7f294d6f0000 r-xp 00004000 103:02 4726011                   /usr/lib/libdecor/plugins-1/libdecor-cairo.so
7f294d6f0000-7f294d6f2000 r--p 0000a000 103:02 4726011                   /usr/lib/libdecor/plugins-1/libdecor-cairo.so
7f294d6f2000-7f294d6f5000 r--p 0000b000 103:02 4726011                   /usr/lib/libdecor/plugins-1/libdecor-cairo.so
7f294d6f5000-7f294d6f6000 rw-p 0000e000 103:02 4726011                   /usr/lib/libdecor/plugins-1/libdecor-cairo.so
7f294d6f6000-7f294d6f9000 r--p 00000000 103:02 4725997                   /usr/lib/libdecor-0.so.0.200.5
7f294d6f9000-7f294d6fc000 r-xp 00003000 103:02 4725997                   /usr/lib/libdecor-0.so.0.200.5
7f294d6fc000-7f294d6fe000 r--p 00006000 103:02 4725997                   /usr/lib/libdecor-0.so.0.200.5
7f294d6fe000-7f294d6ff000 r--p 00007000 103:02 4725997                   /usr/lib/libdecor-0.so.0.200.5
7f294d6ff000-7f294d700000 rw-p 00008000 103:02 4725997                   /usr/lib/libdecor-0.so.0.200.5
7f294d700000-7f294d704000 ---p 00000000 00:00 0 
7f294d704000-7f294d800000 rw-p 00000000 00:00 0 
7f294d800000-7f294d80e000 r--p 00000000 103:02 7880818                   /usr/lib/jvm/java-26-openjdk/lib/server/libjvm.so
7f294d80e000-7f294e757000 r-xp 0000e000 103:02 7880818                   /usr/lib/jvm/java-26-openjdk/lib/server/libjvm.so
7f294e757000-7f294e99e000 r--p 00f57000 103:02 7880818                   /usr/lib/jvm/java-26-openjdk/lib/server/libjvm.so
7f294e99e000-7f294ea90000 r--p 0119d000 103:02 7880818                   /usr/lib/jvm/java-26-openjdk/lib/server/libjvm.so
7f294ea90000-7f294eab1000 rw-p 0128f000 103:02 7880818                   /usr/lib/jvm/java-26-openjdk/lib/server/libjvm.so
7f294eab1000-7f294eb34000 rw-p 00000000 00:00 0 
7f294eb34000-7f294eb35000 rw-s 00000000 00:07 1110                       /dev/nvidiactl
7f294eb35000-7f294eb36000 rw-s 00000000 00:07 1110                       /dev/nvidiactl
7f294eb36000-7f294eb37000 r--p 00000000 103:02 4751862                   /usr/lib/libxcb-shm.so.0.0.0
7f294eb37000-7f294eb38000 r-xp 00001000 103:02 4751862                   /usr/lib/libxcb-shm.so.0.0.0
7f294eb38000-7f294eb39000 r--p 00002000 103:02 4751862                   /usr/lib/libxcb-shm.so.0.0.0
7f294eb39000-7f294eb3a000 r--p 00002000 103:02 4751862                   /usr/lib/libxcb-shm.so.0.0.0
7f294eb3a000-7f294eb3b000 rw-p 00003000 103:02 4751862                   /usr/lib/libxcb-shm.so.0.0.0
7f294eb3b000-7f294eb3c000 r--p 00000000 103:02 4818228                   /usr/lib/libwayland-egl.so.1.26.0
7f294eb3c000-7f294eb3d000 r-xp 00001000 103:02 4818228                   /usr/lib/libwayland-egl.so.1.26.0
7f294eb3d000-7f294eb3e000 r--p 00002000 103:02 4818228                   /usr/lib/libwayland-egl.so.1.26.0
7f294eb3e000-7f294eb3f000 r--p 00002000 103:02 4818228                   /usr/lib/libwayland-egl.so.1.26.0
7f294eb3f000-7f294eb40000 rw-p 00003000 103:02 4818228                   /usr/lib/libwayland-egl.so.1.26.0
7f294eb40000-7f294eb41000 r--p 00000000 103:02 4817284                   /usr/lib/libwayland-cursor.so.0.26.0
7f294eb41000-7f294eb43000 r-xp 00001000 103:02 4817284                   /usr/lib/libwayland-cursor.so.0.26.0
7f294eb43000-7f294eb44000 r--p 00003000 103:02 4817284                   /usr/lib/libwayland-cursor.so.0.26.0
7f294eb44000-7f294eb45000 r--p 00003000 103:02 4817284                   /usr/lib/libwayland-cursor.so.0.26.0
7f294eb45000-7f294eb49000 rw-p 00004000 103:02 4817284                   /usr/lib/libwayland-cursor.so.0.26.0
7f294eb49000-7f294ebca000 rw-p 00000000 00:00 0 
7f294ebca000-7f294ebcc000 r--p 00000000 00:1a 53161                      /dev/shm/716e306c-95b7-4d19-95b4-1c569de03be9 (deleted)
7f294ebcc000-7f294ebce000 r--p 00000000 00:1a 53161                      /dev/shm/716e306c-95b7-4d19-95b4-1c569de03be9 (deleted)
7f294ebce000-7f294ebd0000 r--p 00000000 103:02 4780624                   /usr/lib/libffi.so.8.5.0
7f294ebd0000-7f294ebd8000 r-xp 00002000 103:02 4780624                   /usr/lib/libffi.so.8.5.0
7f294ebd8000-7f294ebda000 r--p 0000a000 103:02 4780624                   /usr/lib/libffi.so.8.5.0
7f294ebda000-7f294ebdb000 r--p 0000b000 103:02 4780624                   /usr/lib/libffi.so.8.5.0
7f294ebdb000-7f294ebdc000 rw-p 0000c000 103:02 4780624                   /usr/lib/libffi.so.8.5.0
7f294ebdc000-7f294ebdf000 r--p 00000000 103:02 4815658                   /usr/lib/libwayland-client.so.0.26.0
7f294ebdf000-7f294ebe6000 r-xp 00003000 103:02 4815658                   /usr/lib/libwayland-client.so.0.26.0
7f294ebe6000-7f294ebe9000 r--p 0000a000 103:02 4815658                   /usr/lib/libwayland-client.so.0.26.0
7f294ebe9000-7f294ebeb000 r--p 0000c000 103:02 4815658                   /usr/lib/libwayland-client.so.0.26.0
7f294ebeb000-7f294ebec000 rw-p 0000e000 103:02 4815658                   /usr/lib/libwayland-client.so.0.26.0
7f294ebec000-7f294ebed000 r--p 00000000 103:02 4722210                   /usr/lib/librt.so.1
7f294ebed000-7f294ebee000 r-xp 00001000 103:02 4722210                   /usr/lib/librt.so.1
7f294ebee000-7f294ebef000 r--p 00002000 103:02 4722210                   /usr/lib/librt.so.1
7f294ebef000-7f294ebf0000 r--p 00002000 103:02 4722210                   /usr/lib/librt.so.1
7f294ebf0000-7f294ebf1000 rw-p 00003000 103:02 4722210                   /usr/lib/librt.so.1
7f294ebf1000-7f294ebf2000 r--p 00000000 103:02 4722204                   /usr/lib/libpthread.so.0
7f294ebf2000-7f294ebf3000 r-xp 00001000 103:02 4722204                   /usr/lib/libpthread.so.0
7f294ebf3000-7f294ebf4000 r--p 00002000 103:02 4722204                   /usr/lib/libpthread.so.0
7f294ebf4000-7f294ebf5000 r--p 00002000 103:02 4722204                   /usr/lib/libpthread.so.0
7f294ebf5000-7f294ebf6000 rw-p 00003000 103:02 4722204                   /usr/lib/libpthread.so.0
7f294ebf6000-7f294ebf8000 r--p 00000000 103:02 7880806                   /usr/lib/jvm/java-26-openjdk/lib/libzip.so
7f294ebf8000-7f294ebfc000 r-xp 00002000 103:02 7880806                   /usr/lib/jvm/java-26-openjdk/lib/libzip.so
7f294ebfc000-7f294ebfe000 r--p 00006000 103:02 7880806                   /usr/lib/jvm/java-26-openjdk/lib/libzip.so
7f294ebfe000-7f294ebff000 r--p 00007000 103:02 7880806                   /usr/lib/jvm/java-26-openjdk/lib/libzip.so
7f294ebff000-7f294ec00000 rw-p 00008000 103:02 7880806                   /usr/lib/jvm/java-26-openjdk/lib/libzip.so
7f294ec00000-7f294ec24000 r--p 00000000 103:02 4722147                   /usr/lib/libc.so.6
7f294ec24000-7f294ed9f000 r-xp 00024000 103:02 4722147                   /usr/lib/libc.so.6
7f294ed9f000-7f294ee15000 r--p 0019f000 103:02 4722147                   /usr/lib/libc.so.6
7f294ee15000-7f294ee19000 r--p 00214000 103:02 4722147                   /usr/lib/libc.so.6
7f294ee19000-7f294ee1b000 rw-p 00218000 103:02 4722147                   /usr/lib/libc.so.6
7f294ee1b000-7f294ee23000 rw-p 00000000 00:00 0 
7f294ee23000-7f294ee24000 r--s 00000000 00:07 1110                       /dev/nvidiactl
7f294ee24000-7f294ee25000 rw-p 00000000 00:00 0 
7f294ee25000-7f294ee26000 r-xp 0005e000 00:2f 28110                      /tmp/lwjgl_annihilator/3.3.6+1/x64/liblwjgl.so
7f294ee26000-7f294ee27000 rw-p 00000000 00:00 0 
7f294ee27000-7f294ee28000 r--p 00000000 103:02 4722163                   /usr/lib/libdl.so.2
7f294ee28000-7f294ee29000 r-xp 00001000 103:02 4722163                   /usr/lib/libdl.so.2
7f294ee29000-7f294ee2a000 r--p 00002000 103:02 4722163                   /usr/lib/libdl.so.2
7f294ee2a000-7f294ee2b000 r--p 00002000 103:02 4722163                   /usr/lib/libdl.so.2
7f294ee2b000-7f294ee2c000 rw-p 00003000 103:02 4722163                   /usr/lib/libdl.so.2
7f294ee2c000-7f294ee2e000 r--p 00000000 103:02 7880796                   /usr/lib/jvm/java-26-openjdk/lib/libnet.so
7f294ee2e000-7f294ee35000 r-xp 00002000 103:02 7880796                   /usr/lib/jvm/java-26-openjdk/lib/libnet.so
7f294ee35000-7f294ee37000 r--p 00009000 103:02 7880796                   /usr/lib/jvm/java-26-openjdk/lib/libnet.so
7f294ee37000-7f294ee38000 r--p 0000a000 103:02 7880796                   /usr/lib/jvm/java-26-openjdk/lib/libnet.so
7f294ee38000-7f294ee39000 rw-p 0000b000 103:02 7880796                   /usr/lib/jvm/java-26-openjdk/lib/libnet.so
7f294ee39000-7f294ee40000 r--p 00000000 103:02 7880797                   /usr/lib/jvm/java-26-openjdk/lib/libnio.so
7f294ee40000-7f294ee49000 r-xp 00007000 103:02 7880797                   /usr/lib/jvm/java-26-openjdk/lib/libnio.so
7f294ee49000-7f294ee4e000 r--p 00010000 103:02 7880797                   /usr/lib/jvm/java-26-openjdk/lib/libnio.so
7f294ee4e000-7f294ee4f000 r--p 00014000 103:02 7880797                   /usr/lib/jvm/java-26-openjdk/lib/libnio.so
7f294ee4f000-7f294ee50000 rw-p 00015000 103:02 7880797                   /usr/lib/jvm/java-26-openjdk/lib/libnio.so
7f294ee50000-7f294ee51000 r--p 00000000 103:02 4744044                   /usr/share/locale/en_GB/LC_MESSAGES/libc.mo
7f294ee51000-7f294eea0000 rw-p 00000000 00:00 0 
7f294eea0000-7f294eeaa000 r--p 00000000 103:02 7880782                   /usr/lib/jvm/java-26-openjdk/lib/libjava.so
7f294eeaa000-7f294eeb8000 r-xp 0000a000 103:02 7880782                   /usr/lib/jvm/java-26-openjdk/lib/libjava.so
7f294eeb8000-7f294eebd000 r--p 00018000 103:02 7880782                   /usr/lib/jvm/java-26-openjdk/lib/libjava.so
7f294eebd000-7f294eebe000 r--p 0001d000 103:02 7880782                   /usr/lib/jvm/java-26-openjdk/lib/libjava.so
7f294eebe000-7f294eebf000 rw-p 0001e000 103:02 7880782                   /usr/lib/jvm/java-26-openjdk/lib/libjava.so
7f294eebf000-7f294eec0000 rw-p 00000000 00:00 0 
7f294eec0000-7f294eec8000 rw-s 00000000 00:2f 32804                      /tmp/hsperfdata_annihilator/1265257
7f294eec8000-7f294eec9000 ---p 00000000 00:00 0 
7f294eec9000-7f294eeca000 r--p 00000000 00:00 0 
7f294eeca000-7f294eecb000 ---p 00000000 00:00 0 
7f294eecb000-7f294eecc000 r--p 00000000 103:02 7880786                   /usr/lib/jvm/java-26-openjdk/lib/libjimage.so
7f294eecc000-7f294eece000 r-xp 00001000 103:02 7880786                   /usr/lib/jvm/java-26-openjdk/lib/libjimage.so
7f294eece000-7f294eecf000 r--p 00003000 103:02 7880786                   /usr/lib/jvm/java-26-openjdk/lib/libjimage.so
7f294eecf000-7f294eed0000 r--p 00003000 103:02 7880786                   /usr/lib/jvm/java-26-openjdk/lib/libjimage.so
7f294eed0000-7f294eed1000 rw-p 00004000 103:02 7880786                   /usr/lib/jvm/java-26-openjdk/lib/libjimage.so
7f294eed1000-7f294eed5000 r--p 00000000 103:02 4836834                   /usr/lib/libgcc_s.so.1
7f294eed5000-7f294eef8000 r-xp 00004000 103:02 4836834                   /usr/lib/libgcc_s.so.1
7f294eef8000-7f294eefc000 r--p 00027000 103:02 4836834                   /usr/lib/libgcc_s.so.1
7f294eefc000-7f294eefd000 r--p 0002b000 103:02 4836834                   /usr/lib/libgcc_s.so.1
7f294eefd000-7f294eefe000 rw-p 0002c000 103:02 4836834                   /usr/lib/libgcc_s.so.1
7f294eefe000-7f294ef00000 rw-p 00000000 00:00 0 
7f294ef00000-7f294ef03000 r--p 00000000 103:02 4742373                   /usr/lib/libz.so.1.3.2
7f294ef03000-7f294ef13000 r-xp 00003000 103:02 4742373                   /usr/lib/libz.so.1.3.2
7f294ef13000-7f294ef19000 r--p 00013000 103:02 4742373                   /usr/lib/libz.so.1.3.2
7f294ef19000-7f294ef1a000 r--p 00018000 103:02 4742373                   /usr/lib/libz.so.1.3.2
7f294ef1a000-7f294ef1b000 rw-p 00019000 103:02 4742373                   /usr/lib/libz.so.1.3.2
7f294ef1b000-7f294ef1d000 r--p 00000000 103:02 7880787                   /usr/lib/jvm/java-26-openjdk/lib/libjli.so
7f294ef1d000-7f294ef27000 r-xp 00002000 103:02 7880787                   /usr/lib/jvm/java-26-openjdk/lib/libjli.so
7f294ef27000-7f294ef2a000 r--p 0000c000 103:02 7880787                   /usr/lib/jvm/java-26-openjdk/lib/libjli.so
7f294ef2a000-7f294ef2b000 r--p 0000e000 103:02 7880787                   /usr/lib/jvm/java-26-openjdk/lib/libjli.so
7f294ef2b000-7f294ef2c000 rw-p 0000f000 103:02 7880787                   /usr/lib/jvm/java-26-openjdk/lib/libjli.so
7f294ef2c000-7f294ef2d000 r--p 00000000 00:2f 28193                      /tmp/libglxshim.so
7f294ef2d000-7f294ef2e000 r-xp 00001000 00:2f 28193                      /tmp/libglxshim.so
7f294ef2e000-7f294ef2f000 r--p 00002000 00:2f 28193                      /tmp/libglxshim.so
7f294ef2f000-7f294ef30000 r--p 00002000 00:2f 28193                      /tmp/libglxshim.so
7f294ef30000-7f294ef31000 rw-p 00003000 00:2f 28193                      /tmp/libglxshim.so
7f294ef31000-7f294ef33000 rw-p 00000000 00:00 0 
7f294ef33000-7f294ef6c000 r--p 00000000 103:02 656923                    /etc/ld.so.cache
7f294ef6c000-7f294ef70000 r--p 00000000 00:00 0                          [vvar]
7f294ef70000-7f294ef72000 r--p 00000000 00:00 0                          [vvar_vclock]
7f294ef72000-7f294ef74000 r-xp 00000000 00:00 0                          [vdso]
7f294ef74000-7f294ef75000 r--p 00000000 103:02 4722097                   /usr/lib/ld-linux-x86-64.so.2
7f294ef75000-7f294efa2000 r-xp 00001000 103:02 4722097                   /usr/lib/ld-linux-x86-64.so.2
7f294efa2000-7f294efb1000 r--p 0002e000 103:02 4722097                   /usr/lib/ld-linux-x86-64.so.2
7f294efb1000-7f294efb3000 r--p 0003d000 103:02 4722097                   /usr/lib/ld-linux-x86-64.so.2
7f294efb3000-7f294efb4000 rw-p 0003f000 103:02 4722097                   /usr/lib/ld-linux-x86-64.so.2
7f294efb4000-7f294efb5000 rw-p 00000000 00:00 0 
7fff70e1e000-7fff70e46000 rw-p 00000000 00:00 0                          [stack]
ffffffffff600000-ffffffffff601000 --xp 00000000 00:00 0                  [vsyscall]
Total number of mappings: 1921

JVMTI agents: none


VM Arguments:
jvm_args: -Dnuvio.wayland.libmpv=/home/annihilator/dev/mpv/build/libmpv.so.2 -Dnuvio.wayland.realApp=true -Dnuvio.wayland.videoLog=true -Dorg.lwjgl.util.Debug=false --enable-native-access=ALL-UNNAMED -Dfile.encoding=UTF-8 -Duser.country=GB -Duser.language=en -Duser.variant 
java_command: com.nuvio.wayland.MainKt
java_class_path (initial): /home/annihilator/dev/NuvioDesktop/waylandHost/build/classes/java/main:/home/annihilator/dev/NuvioDesktop/waylandHost/build/classes/kotlin/main:/home/annihilator/dev/NuvioDesktop/waylandHost/build/resources/main:/home/annihilator/dev/NuvioDesktop/composeApp/build/libs/composeApp-desktop.jar:/home/annihilator/dev/NuvioDesktop/vendor/compose-media-player/mediaplayer/build/libs/composeMediaPlayer-jvm-0.11.4-nuvio.jar:/home/annihilator/.gradle/caches/modules-2/files-2.1/com.materialkolor.palette/core-jvm/4.0.0-beta02/e7ea3c09e6205047254ad2601a54c18c5be26906/kmpalette-core-jvm.jar:/home/annihilator/.gradle/caches/modules-2/files-2.1/org.jetbrains.compose.material3/material3-desktop/1.11.0-alpha07/422cb57765628e3959d1e27ac46660593643296b/material3-desktop-1.11.0-alpha07.jar:/home/annihilator/.gradle/caches/modules-2/files-2.1/dev.chrisbanes.haze/haze-jvm/1.7.2/a254162ea3c9ba2eea97a76058da89ac31e50233/haze-jvm.jar:/home/annihilator/.gradle/caches/modules-2/files-2.1/org.jetbrains.compose.components/components-resources-desktop/1.11.1/f4eb52d87f31584dacdb816a26376f39a1802e8a/library-desktop-1.11.1.jar:/home/annihilator/.gradle/caches/modules-2/files-2.1/sh.calvin.reorderable/reorderable-jvm/3.0.0/4032f6ad5422fe507c8acb2257a83ebc806f145e/reorderable-jvm-3.0.0.jar:/home/annihilator/.gradle/caches/modules-2/files-2.1/org.jetbrains.compose.desktop/desktop-jvm/1.11.1/1fee826ff9d1fafd500b57a22facfc0236bc14c7/desktop-jvm-1.11.1.jar:/home/annihilator/.gradle/caches/modules-2/files-2.1/org.jetbrains.androidx.navigation3/navigation3-ui-desktop/1.1.1/ff832586ef5d51d08b604d7a524fd7985b95af2b/navigation3-ui-desktop-1.1.1.jar:/home/annihilator/.gradle/caches/modules-2/files-2.1/org.jetbrains.compose.material/material-desktop/1.11.1/2891a6f3a62dc4c367636a521d1b680a7d6ff6d/material-desktop-1.11.1.jar:/home/annihilator/.gradle/caches/modules-2/files-2.1/org.jetbrains.compose.animation/animation-core-desktop/1.11.1/1bf633ecd1a38a1cf7a41630bc56cba0da9cc25b/animation-core-desktop-1.11.1.jar:/home/annihilator/.gradle/caches/modules-2/files-2.1/org.jetbrains.compose.material/material-ripple-desktop/1.11.1/ae97a5eeb23bc3f461bc3e16e2a9882175405d17/material-ripple-desktop-1.11.1.jar:/home/annihilator/.gradle/caches/modules-2/files-2.1/org.jetbrains.compose.animation/animation-desktop/1.11.1/f873fb28f1a08d45a4dd20a0130b3da8cadf383c/animation-desktop-1.11.1.jar:/home/annihilator/.gradle/caches/modules-2/files-2.1/org.jetbrains.compose.foundation/foundation-layout-desktop/1.11.1/853fc5d01388da6515ce40b719798914012f6469/foundation-layout-desktop-1.11.1.jar:/home/annihilator/.gradle/caches/modules-2/files-2.1/io.coil-kt.coil3/coil-compose-jvm/3.5.0-beta01/8499f43e80509e3fe55e4a90ad7ce6e816b190e4/coil-compose-jvm-3.5.0-beta01.jar:/home/annihilator/.gradle/caches/modules-2/files-2.1/io.coil-kt.coil3/coil-compose-core-jvm/3.5.0-beta01/12f6663116f0946fe3e87c15f573eb52ac6dc2bc/coil-compose-core-jvm-3.5.0-beta01.jar:/home/annihilator/.gradle/caches/modules-2/files-2.1/org.jetbrains.compose.foundation/foundation-desktop/1.11.1/6df316e7af2c0c97f200de289925f62ca8fce53d/foundation-desktop-1.11.1.jar:/home/annihilator/.gradle/caches/modules-2/files-2.1/org.jetbrains.compose.material/material-icons-extended-desktop/1.7.3/c7c5465dd754043076875b32bce0dd7f5a354fe8/material-icons-extended-desktop-1.7.3.jar:/home/annihilator/.gradle/caches/modules-2/files-2.1/org.jetbrains.compose.material/material-icons-core-desktop/1.7.3/414b3096050fe647b0638832eace80f22c06b85c/material-icons-core-desktop-1.7.3.jar:/home/annihilator/.gradle/caches/modules-2/files-2.1/org.jetbrains.compose.ui/ui-unit-desktop/1.11.1/f6c06f98da206d01dc40c1587c6bc4c40cbef623/ui-unit-desktop-1.11.1.jar:/home/annihilator/.gradle/caches/modules-2/files-2.1/org.jetbrains.compose.ui/ui-graphics-desktop/1.11.1/6ea106d02adf29694eedf12fdfb621947d3621bf/ui-graphics-desktop-1.11.1.jar:/home/annihilator/.gradle/caches/modules-2/files-2.1/org.jetbrains.compose.ui/ui-geometry-desktop/1.11.1/5e430152487375359973ac9874653d335dcc220/ui-geometry-desktop-1.11.1.jar:/home/annihilator/.gradle/caches/modules-2/files-2.1/org.jetbrains.compose.ui/ui-backhandler-desktop/1.11.1/bd3540bb1d6abd60c5e58f32663b2f3e89406cd1/ui-backhandler-desktop-1.11.1.jar:/home/annihilator/.gradle/caches/modules-2/files-2.1/org.jetbrains.compose.ui/ui-util-desktop/1.11.1/4302c582878b82ab24e1f34e6e90f967f7b416ed/ui-util-desktop-1.11.1.jar:/home/annihilator/.gradle/caches/modules-2/files-2.1/org.jetbrains.compose.ui/ui-text-desktop/1.11.1/6ded685e2601260d6231c859a849b96ee6c60368/ui-text-desktop-1.11.1.jar:/home/annihilator/.gradle/caches/modules-2/files-2.1/org.jetbrains.compose.ui/ui-tooling-preview-desktop/1.11.1/97ec578d33adc34adcaa63e9af7bb2328c6c29b7/ui-tooling-preview-desktop-1.11.1.jar:/home/annihilator/.gradle/caches/modules-2/files-2.1/com.materialkolor.palette/kmpalette-loader-jvm/4.0.0-beta02/346d1cbf659720dfc1952796e619da44789482f/kmpalette-loader-jvm.jar:/home/annihilator/.gradle/caches/modules-2/files-2.1/org.jetbrains.androidx.navigationevent/navigationevent-compose-desktop/1.0.1/ecaf02060a048a1f82584fe328e4e02fe6f982ad/navigationevent-compose-desktop-1.0.1.jar:/home/annihilator/.gradle/caches/modules-2/files-2.1/org.jetbrains.compose.ui/ui-desktop/1.11.1/24c40c0d60c77a6fb34f930f13bfa4a3ff62c0f/ui-desktop-1.11.1.jar:/home/annihilator/.gradle/caches/modules-2/files-2.1/androidx.navigation3/navigation3-runtime-desktop/1.1.1/f97607fbd9cd1c2a196dbdf2440b6ca78010c08a/navigation3-runtime-desktop-1.1.1.jar:/home/annihilator/.gradle/caches/modules-2/files-2.1/androidx.lifecycle/lifecycle-runtime-desktop/2.11.0-beta01/c2b5e2f7d739375538c2a74757531a30607f85ff/lifecycle-runtime-desktop-2.11.0-beta01.jar:/home/annihilator/.gradle/caches/modules-2/files-2.1/androidx.lifecycle/lifecycle-common-jvm/2.11.0-beta01/41ef287eee7e4befb1308c017df4de89a210490d/lifecycle-common-jvm-2.11.0-beta01.jar:/home/annihilator/.gradle/caches/modules-2/files-2.1/androidx.lifecycle/lifecycle-viewmodel-desktop/2.11.0-beta01/614711da4abf1ece2121521477a5920ed26a7f29/lifecycle-viewmodel-desktop-2.11.0-beta01.jar:/home/annihilator/.gradle/caches/modules-2/files-2.1/androidx.lifecycle/lifecycle-runtime-compose-desktop/2.11.0-beta01/392c6d5cb40bb6d59e3d7070607786b7328009d4/lifecycle-runtime-compose-desktop-2.11.0-beta01.jar:/home/annihilator/.gradle/caches/modules-2/files-2.1/androidx.lifecycle/lifecycle-viewmodel-compose-desktop/2.11.0-beta01/f04e89ec2d915b35cdcd4675591ae3997604173c/lifecycle-viewmodel-compose-desktop-2.11.0-beta01.jar:/home/annihilator/.gradle/caches/modules-2/files-2.1/androidx.lifecycle/lifecycle-viewmodel-savedstate-desktop/2.11.0-beta01/23c86e72183d96b3fff60102dca0de1da5fd4424/lifecycle-viewmodel-savedstate-desktop-2.11.0-beta01.jar:/home/annihilator/.gradle/caches/modules-2/files-2.1/org.jetbrains.androidx.savedstate/savedstate-compose-desktop/1.3.6/63692375ffe667f12cb3ea8aa1e605d659ed2add/savedstate-compose-desktop-1.3.6.jar:/home/annihilator/.gradle/caches/modules-2/files-2.1/androidx.savedstate/savedstate-desktop/1.4.0/3b049a0f81643d6b4b900de95bc23efc085c32d5/savedstate-desktop-1.4.0.jar:/home/annihilator/.gradle/caches/modules-2/files-2.1/androidx.savedstate/savedstate-compose-desktop/1.4.0/d3d6e0e2108528eb6080dc250da925a572be4202/savedstate-compose-desktop-1.4.0.jar:/home/annihilator/.gradle/caches/modules-2/files-2.1/androidx.navigationevent/navigationevent-desktop/1.0.2/ddb1e7fe97ed51c3d35bba493f97fcf12398719/navigationevent-desktop-1.0.2.jar:/home/annihilator/.gradle/caches/modules-2/files-2.1/androidx.compose.runtime/runtime-annotation-jvm/1.11.2/db4aa964627ac96331b72e231b9ad54318d112f4/runtime-annotation-jvm-1.11.2.jar:/home/annihilator/.gradle/caches/modules-2/files-2.1/androidx.compose.runtime/runtime-desktop/1.11.2/e93d95553cdd86c1cb8c02f50260cc1c8e341da8/runtime-desktop-1.11.2.jar:/home/annihilator/.gradle/caches/modules-2/files-2.1/androidx.compose.runtime/runtime-retain-desktop/1.11.2/3aa3ec26ef2a3d26bc556b51b33d09efc1a198e8/runtime-retain-desktop-1.11.2.jar:/home/annihilator/.gradle/caches/modules-2/files-2.1/androidx.compose.runtime/runtime-saveable-desktop/1.11.2/1618fae89791692a224fe7aa79edbd7a8f5b7522/runtime-saveable-desktop-1.11.2.jar:/home/annihilator/.gradle/caches/modules-2/files-2.1/org.jetbrains.compose.runtime/runtime-saveable-desktop/1.11.1/b7c8a8ed985a0f15b4d8d206de1fc6125b499388/runtime-saveable-desktop-1.11.1.jar:/home/annihilator/.gradle/caches/modules-2/files-2.1/org.jetbrains.androidx.lifecycle/lifecycle-runtime-compose-desktop/2.11.0-beta01/e93db8959692f5740745b457135c1ab209a67923/lifecycle-runtime-compose-desktop-2.11.0-beta01.jar:/home/annihilator/.gradle/caches/modules-2/files-2.1/org.jetbrains.androidx.lifecycle/lifecycle-viewmodel-compose-desktop/2.11.0-beta01/25df0b7b86731829cb34805ff8ebb167b198b916/lifecycle-viewmodel-compose-desktop-2.11.0-beta01.jar:/home/annihilator/.gradle/caches/modules-2/files-2.1/org.jetbrains.compose.runtime/runtime-desktop/1.11.1/1941336b045aac4b87cc3be81d9fdb9977c88c61/runtime-desktop-1.11.1.jar:/home/annihilator/.gradle/caches/modules-2/files-2.1/io.coil-kt.coil3/coil-network-ktor3-jvm/3.5.0-beta01/59ee23ce9f237edbad112c94a7cc65dc1939999b/coil-network-ktor3-jvm-3.5.0-beta01.jar:/home/annihilator/.gradle/caches/modules-2/files-2.1/io.coil-kt.coil3/coil-network-cache-control-jvm/3.5.0-beta01/92507c9b531bab9e0c7188af0057a8719c8fee05/coil-network-cache-control-jvm-3.5.0-beta01.jar:/home/annihilator/.gradle/caches/modules-2/files-2.1/io.coil-kt.coil3/coil-svg-jvm/3.5.0-beta01/7998e0f304b0c8c535dfda3ef86cf81faa88a813/coil-svg-jvm-3.5.0-beta01.jar:/home/annihilator/.gradle/caches/modules-2/files-2.1/org.jetbrains.kotlinx/atomicfu-jvm/0.32.1/766417c1430c117100e14af193c4fdbe6034b5e6/atomicfu-jvm-0.32.1.jar:/home/annihilator/.gradle/caches/modules-2/files-2.1/io.github.jan-tennert.supabase/postgrest-kt-jvm/3.4.1/5ce69132306e6aa1fcd959ebdeb502e821e3a47c/postgrest-kt-jvm-3.4.1.jar:/home/annihilator/.gradle/caches/modules-2/files-2.1/io.github.jan-tennert.supabase/functions-kt-jvm/3.4.1/2a6c5a1e77bb1d4895812d7292d8075e34b2fb55/functions-kt-jvm-3.4.1.jar:/home/annihilator/.gradle/caches/modules-2/files-2.1/io.github.jan-tennert.supabase/storage-kt-jvm/3.4.1/4f3eb000d3862395bdd976ab8679841be3029d43/storage-kt-jvm-3.4.1.jar:/home/annihilator/.gradle/caches/modules-2/files-2.1/io.github.jan-tennert.supabase/auth-kt-jvm/3.4.1/91413cc37352dda1f34a180c14f58601b6aa2ea0/auth-kt-jvm-3.4.1.jar:/home/annihilator/.gradle/caches/modules-2/files-2.1/io.ktor/ktor-client-cio-jvm/3.4.1/114327011eeecd416940e2d1be8c9bd5098907de/ktor-client-cio-jvm-3.4.1.jar:/home/annihilator/.gradle/caches/modules-2/files-2.1/io.github.dokar3/quickjs-kt-jvm/1.0.5/c76155aa176760f2ab1966aa61ebd1cc1334dee6/quickjs-jvm.jar:/home/annihilator/.gradle/caches/modules-2/files-2.1/com.fleeksoft.ksoup/ksoup-jvm/0.2.6/61a4f799ea43b8eb31856729500be73975e41a42/ksoup-jvm-0.2.6.jar:/home/annihilator/.gradle/caches/modules-2/files-2.1/org.jetbrains.skiko/skiko-awt-runtime-linux-x64/0.144.6/291f8626a2fecd06e9f585424360560189ab7303/skiko-awt-runtime-linux-x64-0.144.6.jar:/home/annihilator/.gradle/caches/modules-2/files-2.1/org.jetbrains.skiko/skiko-awt/0.144.6/c9bec39e3c517ed5591c71c7db0cbbe64b6be849/skiko-awt-0.144.6.jar:/home/annihilator/.gradle/caches/modules-2/files-2.1/io.github.vinceglb/filekit-core-jvm/0.14.2/2d6248437233553a08f656e1cfdfc3db3df14a13/filekit-core-jvm.jar:/home/annihilator/.gradle/caches/modules-2/files-2.1/io.ktor/ktor-server-cio-jvm/3.4.0/16a50d239963841ae64e8e207f93ae7a5fdd7062/ktor-server-cio-jvm-3.4.0.jar:/home/annihilator/.gradle/caches/modules-2/files-2.1/io.ktor/ktor-server-core-jvm/3.4.0/97aba0f5e3cd539679907382a3f5783b9a563165/ktor-server-core-jvm-3.4.0.jar:/home/annihilator/.gradle/caches/modules-2/files-2.1/org.jetbrains.kotlin/kotlin-reflect/2.3.10/98e0fa43a9204a252fa8806c9b2f3f3131590bcb/kotlin-reflect-2.3.10.jar:/home/annihilator/.gradle/caches/modules-2/files-2.1/com.squareup.okhttp3/okhttp/4.12.0/2f4525d4a200e97e1b87449c2cd9bd2e25b7e8cd/okhttp-4.12.0.jar:/home/annihilator/.gradle/caches/modules-2/files-2.1/org.jetbrains.kotlin/kotlin-stdlib-jdk8/1.9.0/e000bd084353d84c9e888f6fb341dc1f5b79d948/kotlin-stdlib-jdk8-1.9.0.jar:/home/annihilator/.gradle/caches/modules-2/files-2.1/io.github.jan-tennert.supabase/supabase-kt-jvm/3.4.1/4c8df2570087c4424f8c2f3c93d77b2ec4198fd5/supabase-kt-jvm-3.4.1.jar:/home/annihilator/.gradle/caches/modules-2/files-2.1/org.jetbrains.kotlinx/kotlinx-datetime-jvm/0.8.0/316346a7d44778581ff91154f72dfa576bce4ee2/kotlinx-datetime-jvm-0.8.0.jar:/home/annihilator/.gradle/caches/modules-2/files-2.1/androidx.graphics/graphics-shapes-desktop/1.1.0/a5d2198960bdc0915f74c6b2954d3323f35f40ea/graphics-shapes-desktop-1.1.0.jar:/home/annihilator/.gradle/caches/modules-2/files-2.1/androidx.collection/collection-jvm/1.5.0/7ba2c69414d46ebc2dd76598bdd0a75c54281a57/collection-jvm-1.5.0.jar:/home/annihilator/.gradle/caches/modules-2/files-2.1/io.coil-kt.coil3/coil-jvm/3.5.0-beta01/b0061205e37fc17ba27f52ba1ee42f2be1de31d3/coil-jvm-3.5.0-beta01.jar:/home/annihilator/.gradle/caches/modules-2/files-2.1/io.coil-kt.coil3/coil-network-core-jvm/3.5.0-beta01/27fa35b4c8e4fbcc99126099eba9600a1e8e5a56/coil-network-core-jvm-3.5.0-beta01.jar:/home/annihilator/.gradle/caches/modules-2/files-2.1/io.coil-kt.coil3/coil-core-jvm/3.5.0-beta01/a1cca49cdadfc07533b35de91d266adda8af9df8/coil-core-jvm-3.5.0-beta01.jar:/home/annihilator/.gradle/caches/modules-2/files-2.1/com.materialkolor.palette/androidx-palette-jvm/4.0.0-beta02/8635f5e4c28acd813bc78a044d6f1492de7c575/androidx-palette-jvm.jar:/home/annihilator/.gradle/caches/modules-2/files-2.1/dev.drewhamilton.poko/poko-annotations-jvm/0.21.3/1e98d2ec00742104bd01eaebbd59582dac99a62/poko-annotations-jvm-0.21.3.jar:/home/annihilator/.gradle/caches/modules-2/files-2.1/com.russhwolf/multiplatform-settings-no-arg-jvm/1.3.0/b9d2280a0d56597619afb286d7c5f697f2e83f03/multiplatform-settings-no-arg-jvm-1.3.0.jar:/home/annihilator/.gradle/caches/modules-2/files-2.1/com.russhwolf/multiplatform-settings-coroutines-jvm/1.3.0/c64a7df35357b1e8fa74b830d006d2ea23fcb395/multiplatform-settings-coroutines-jvm-1.3.0.jar:/home/annihilator/.gradle/caches/modules-2/files-2.1/dev.whyoleg.cryptography/cryptography-provider-jdk-jvm/0.5.0/3a2721ac930c182a0e424f2d558cfa9d52cc1b3/cryptography-provider-jdk-jvm-0.5.0.jar:/home/annihilator/.gradle/caches/modules-2/files-2.1/dev.whyoleg.cryptography/cryptography-provider-base-jvm/0.5.0/e03b79926494512ac452ca00cfa5e27135262d32/cryptography-provider-base-jvm-0.5.0.jar:/home/annihilator/.gradle/caches/modules-2/files-2.1/dev.whyoleg.cryptography/cryptography-serialization-asn1-modules-jvm/0.5.0/9308027088c76026a5b96f5b5b400859310ca1af/cryptography-serialization-asn1-modules-jvm-0.5.0.jar:/home/annihilator/.gradle/caches/modules-2/files-2.1/dev.whyoleg.cryptography/cryptography-serialization-asn1-jvm/0.5.0/242a38b98c1dd201f499485925f22c972858c153/cryptography-serialization-asn1-jvm-0.5.0.jar:/home/annihilator/.gradle/caches/modules-2/files-2.1/dev.whyoleg.cryptography/cryptography-bigint-jvm/0.5.0/97ac3202bf7f3792b3c8bc788a7bbb1b33ca2485/cryptography-bigint-jvm-0.5.0.jar:/home/annihilator/.gradle/caches/modules-2/files-2.1/dev.whyoleg.cryptography/cryptography-random-jvm/0.5.0/8e77668891b60f6058f1262e032d8b06d137bdde/cryptography-random-jvm-0.5.0.jar:/home/annihilator/.gradle/caches/modules-2/files-2.1/dev.whyoleg.cryptography/cryptography-serialization-pem-jvm/0.5.0/7b5cb41c77698e6fb3fab21e67bf7b9e988e11a2/cryptography-serialization-pem-jvm-0.5.0.jar:/home/annihilator/.gradle/caches/modules-2/files-2.1/dev.whyoleg.cryptography/cryptography-provider-optimal-jvm/0.5.0/f0ff9daaf78932f6348ee90d014ca4c78337971b/cryptography-provider-optimal-jvm-0.5.0.jar:/home/annihilator/.gradle/caches/modules-2/files-2.1/dev.whyoleg.cryptography/cryptography-core-jvm/0.5.0/d0fc25786ede38c33893236eacc3d6ab11d2ad10/cryptography-core-jvm-0.5.0.jar:/home/annihilator/.gradle/caches/modules-2/files-2.1/io.ktor/ktor-client-content-negotiation-jvm/3.4.0/266c1aef9d340c22cd859dd5c9174c2e1d86489f/ktor-client-content-negotiation-jvm-3.4.0.jar:/home/annihilator/.gradle/caches/modules-2/files-2.1/io.ktor/ktor-client-core-jvm/3.4.1/84dc032a29f56bdac73449f78a0a2e7f9cab042/ktor-client-core-jvm-3.4.1.jar:/home/annihilator/.gradle/caches/modules-2/files-2.1/io.ktor/ktor-http-cio-jvm/3.4.1/3bd25f53a79a1f68eaec86ae9da4878314cc80af/ktor-http-cio-jvm-3.4.1.jar:/home/annihilator/.gradle/caches/modules-2/files-2.1/io.ktor/ktor-websocket-serialization-jvm/3.4.1/3a687a268f242dab9b624b78d3daeb646aeed5cb/ktor-websocket-serialization-jvm-3.4.1.jar:/home/annihilator/.gradle/caches/modules-2/files-2.1/io.ktor/ktor-serialization-kotlinx-json-jvm/3.4.0/2a09f17d70b6e61623fd8aff9bdce6d7877892/ktor-serialization-kotlinx-json-jvm-3.4.0.jar:/home/annihilator/.gradle/caches/modules-2/files-2.1/io.ktor/ktor-serialization-kotlinx-jvm/3.4.0/d001db47b2ebe8ad8b2cb1bb2a687688840f5887/ktor-serialization-kotlinx-jvm-3.4.0.jar:/home/annihilator/.gradle/caches/modules-2/files-2.1/io.ktor/ktor-serialization-jvm/3.4.1/6fec7fdb4da27d09ff33a34e6e990b215f7c19c4/ktor-serialization-jvm-3.4.1.jar:/home/annihilator/.gradle/caches/modules-2/files-2.1/io.ktor/ktor-websockets-jvm/3.4.1/83226f3612bffab4d0af0d26f9e4d6b7d2e02a58/ktor-websockets-jvm-3.4.1.jar:/home/annihilator/.gradle/caches/modules-2/files-2.1/io.ktor/ktor-network-tls-jvm/3.4.1/8d17de5904253b073b44499a3e67ba99ca2ca8f6/ktor-network-tls-jvm-3.4.1.jar:/home/annihilator/.gradle/caches/modules-2/files-2.1/com.fleeksoft.charset/charset-jvm/0.0.8/b6fcd5cc804844347929a83c56f1fdd854c9ce66/charset-jvm-0.0.8.jar:/home/annihilator/.gradle/caches/modules-2/files-2.1/com.fleeksoft.io/io-core-jvm/0.0.8/78517ce1ff4c2ccbb8b91b9f1549c6e7a0ae1044/io-core-jvm-0.0.8.jar:/home/annihilator/.gradle/caches/modules-2/files-2.1/co.touchlab/stately-concurrency-jvm/2.1.0/6285428408c4d7e4a6d9a09511de877103effd81/stately-concurrency-jvm-2.1.0.jar:/home/annihilator/.gradle/caches/modules-2/files-2.1/org.jetbrains.kotlin/kotlin-stdlib-jdk7/1.9.0/f320478990d05e0cfaadd74f9619fd6027adbf37/kotlin-stdlib-jdk7-1.9.0.jar:/home/annihilator/.gradle/caches/modules-2/files-2.1/org.jetbrains.kotlinx/kotlinx-coroutines-slf4j/1.11.0/556153d93573d016dd4e5df37e3d03d07d8d303/kotlinx-coroutines-slf4j-1.11.0.jar:/home/annihilator/.gradle/caches/modules-2/files-2.1/org.jetbrains.kotlinx/kotlinx-coroutines-swing/1.11.0/3cf134b8aefd813622edc37e60d66b939b55cb36/kotlinx-coroutines-swing-1.11.0.jar:/home/annihilator/.gradle/caches/modules-2/files-2.1/io.ktor/ktor-http-jvm/3.4.1/6605b91c8f06bb6f67e2ec13b8ccea7926f4a526/ktor-http-jvm-3.4.1.jar:/home/annihilator/.gradle/caches/modules-2/files-2.1/io.ktor/ktor-events-jvm/3.4.1/c7aa6bd43fcaf3da2f57a5417b1df66814ec2577/ktor-events-jvm-3.4.1.jar:/home/annihilator/.gradle/caches/modules-2/files-2.1/io.ktor/ktor-sse-jvm/3.4.1/f95e6419c5bb24bed7c718dbff8b292a90db881e/ktor-sse-jvm-3.4.1.jar:/home/annihilator/.gradle/caches/modules-2/files-2.1/io.ktor/ktor-network-jvm/3.4.1/a3b710fabdc38031ff0fb96eaee2a6ddf5ada9c6/ktor-network-jvm-3.4.1.jar:/home/annihilator/.gradle/caches/modules-2/files-2.1/io.ktor/ktor-utils-jvm/3.4.1/f1ad623952ea49c631db750560228e3984790e48/ktor-utils-jvm-3.4.1.jar:/home/annihilator/.gradle/caches/modules-2/files-2.1/io.ktor/ktor-io-jvm/3.4.1/fccd4e08dde189d82ae9a3f5fdbbf152ccd3a9c8/ktor-io-jvm-3.4.1.jar:/home/annihilator/.gradle/caches/modules-2/files-2.1/org.jetbrains.kotlinx/kotlinx-coroutines-core-jvm/1.11.0/3d57dc678bd8d72a60e7adf0eca5c54e3f4f4b79/kotlinx-coroutines-core-jvm-1.11.0.jar:/home/annihilator/.gradle/caches/modules-2/files-2.1/org.jetbrains.kotlinx/kotlinx-serialization-json-io-jvm/1.11.0/645ed54ca9128fc217b30b3686a083141ebe635c/kotlinx-serialization-json-io-jvm-1.11.0.jar:/home/annihilator/.gradle/caches/modules-2/files-2.1/org.jetbrains.kotlinx/kotlinx-serialization-json-jvm/1.11.0/e7e045e99e56f07599bb9ccb708c2190e2af0606/kotlinx-serialization-json-jvm-1.11.0.jar:/home/annihilator/.gradle/caches/modules-2/files-2.1/org.jetbrains.kotlinx/kotlinx-serialization-core-jvm/1.11.0/c1905c9bf7452b045d5af9248835abe64ddad6bf/kotlinx-serialization-core-jvm-1.11.0.jar:/home/annihilator/.gradle/caches/modules-2/files-2.1/androidx.arch.core/core-common/2.2.0/5e1b8b81dfd5f52c56a8d53b18ca759c19a301f3/core-common-2.2.0.jar:/home/annihilator/.gradle/caches/modules-2/files-2.1/androidx.annotation/annotation-jvm/1.10.0/388cfaa79001d0f024d28f6a13d5a3dfc2f0e18f/annotation-jvm-1.10.0.jar:/home/annihilator/.gradle/caches/modules-2/files-2.1/org.jetbrains.kotlinx/kotlinx-io-core-jvm/0.9.0/7f7536f8f057ffc7f79375714e9730c4b8bdd7c9/kotlinx-io-core-jvm-0.9.0.jar:/home/annihilator/.gradle/caches/modules-2/files-2.1/com.squareup.okio/okio-jvm/3.17.0/a12d684ec0df9541b3869ae60a4a5257fd3613df/okio-jvm-3.17.0.jar:/home/annihilator/.gradle/caches/modules-2/files-2.1/co.touchlab/kermit-jvm/2.0.8/83ee3b1da12d91011c3e93558f97bc28665810de/kermit-jvm-2.0.8.jar:/home/annihilator/.gradle/caches/modules-2/files-2.1/org.jetbrains.kotlinx/kotlinx-collections-immutable-jvm/0.4.0/82499bf608b0fc3ae6737a5eac1a1f1325279bbf/kotlinx-collections-immutable-jvm-0.4.0.jar:/home/annihilator/.gradle/caches/modules-2/files-2.1/com.russhwolf/multiplatform-settings-jvm/1.3.0/76fe39b1cbb2b2b951ec230ab85e610ae179aab7/multiplatform-settings-jvm-1.3.0.jar:/home/annihilator/.gradle/caches/modules-2/files-2.1/co.touchlab/stately-strict-jvm/2.1.0/3ae8369209065455f4630793bf6aca0fb88c8b6b/stately-strict-jvm-2.1.0.jar:/home/annihilator/.gradle/caches/modules-2/files-2.1/org.jetbrains.kotlinx/kotlinx-io-bytestring-jvm/0.9.0/e73a7915234a8ea7954f32b715ef8e42b02f66a3/kotlinx-io-bytestring-jvm-0.9.0.jar:/home/annihilator/.gradle/caches/modules-2/files-2.1/co.touchlab/kermit-core-jvm/2.0.8/7d782124fef2b0c4dccf07208e1cf3aa13b57058/kermit-core-jvm-2.0.8.jar:/home/annihilator/.gradle/caches/modules-2/files-2.1/org.jetbrains.kotlin/kotlin-stdlib/2.4.0/4e9f4b531dce5c7dee58ed2de9a8b9a763c8dc6c/kotlin-stdlib-2.4.0.jar:/home/annihilator/.gradle/caches/modules-2/files-2.1/org.lwjgl/lwjgl-glfw/3.3.6/7119f7d0eeb1e5502ff0ca71d2b4d47317da015/lwjgl-glfw-3.3.6.jar:/home/annihilator/.gradle/caches/modules-2/files-2.1/org.lwjgl/lwjgl-glfw/3.3.6/797e0965709ad180d9b00c88a086dbda15002203/lwjgl-glfw-3.3.6-natives-linux.jar:/home/annihilator/.gradle/caches/modules-2/files-2.1/org.lwjgl/lwjgl-opengl/3.3.6/ac2532612a4df374e9a9282bcf8ce2573018ebbb/lwjgl-opengl-3.3.6.jar:/home/annihilator/.gradle/caches/modules-2/files-2.1/org.lwjgl/lwjgl-opengl/3.3.6/b8dc6467fe232d552793c53dc56f9fa8a385299c/lwjgl-opengl-3.3.6-natives-linux.jar:/home/annihilator/.gradle/caches/modules-2/files-2.1/org.lwjgl/lwjgl/3.3.6/ce7721d30cfaf47feaed10213e0c43eb55c49d68/lwjgl-3.3.6.jar:/home/annihilator/.gradle/caches/modules-2/files-2.1/org.lwjgl/lwjgl/3.3.6/dc7db8fc4f1e6563867f9155b9a42d9c73d8992f/lwjgl-3.3.6-natives-linux.jar:/home/annihilator/.gradle/caches/modules-2/files-2.1/org.jetbrains/annotations/23.0.0/8cc20c07506ec18e0834947b84a864bfc094484e/annotations-23.0.0.jar:/home/annihilator/.gradle/caches/modules-2/files-2.1/io.sentry/sentry/8.52.0/b26a1b9181c78835078956c352f20cecd459e7a6/sentry-8.52.0.jar:/home/annihilator/.gradle/caches/modules-2/files-2.1/org.jetbrains.runtime/jbr-api/1.9.0/2bc161f5472b5fd5610740e4d6ebe896c811cb0e/jbr-api-1.9.0.jar:/home/annihilator/.gradle/caches/modules-2/files-2.1/org.slf4j/slf4j-api/2.0.17/d9e58ac9c7779ba3bf8142aff6c830617a7fe60f/slf4j-api-2.0.17.jar:/home/annihilator/.gradle/caches/modules-2/files-2.1/net.java.dev.jna/jna-platform/5.19.1/d1e54d9231da5ca3fa730d52960deaa555475468/jna-platform-5.19.1.jar:/home/annihilator/.gradle/caches/modules-2/files-2.1/com.typesafe/config/1.4.5/cc25b497ded7068a861517a815546fb472f9e58/config-1.4.5.jar:/home/annihilator/.gradle/caches/modules-2/files-2.1/org.fusesource.jansi/jansi/2.4.2/ba7387c31622c6650b83edba1bbb115f1fe462ba/jansi-2.4.2.jar:/home/annihilator/.gradle/caches/modules-2/files-2.1/net.java.dev.jna/jna/5.19.1/ca303052cd617c1af2e2c8d344c98a706fb63143/jna-5.19.1.jar:/home/annihilator/.gradle/caches/modules-2/files-2.1/org.jspecify/jspecify/1.0.0/7425a601c1c7ec76645a78d22b8c6a627edee507/jspecify-1.0.0.jar
Launcher Type: SUN_STANDARD

[Global flags]
     bool AOTAdapterCaching                        = false                                  {diagnostic} {ergonomic}
     bool AOTInvokeDynamicLinking                  = false                                  {diagnostic} {ergonomic}
     bool AOTRecordTraining                        = false                                  {diagnostic} {ergonomic}
     bool AOTReplayTraining                        = false                                  {diagnostic} {ergonomic}
     bool AOTStubCaching                           = false                                  {diagnostic} {ergonomic}
     intx CICompilerCount                          = 12                                        {product} {ergonomic}
     uint ConcGCThreads                            = 3                                         {product} {ergonomic}
     uint G1ConcRefinementThreads                  = 13                                        {product} {ergonomic}
     uint G1EagerReclaimRemSetThreshold            = 16                                   {experimental} {ergonomic}
   size_t G1HeapRegionSize                         = 2097152                                   {product} {ergonomic}
     uint G1RemSetArrayOfCardsEntries              = 16                                   {experimental} {ergonomic}
     uint G1RemSetHowlMaxNumBuckets                = 8                                    {experimental} {ergonomic}
     uint G1RemSetHowlNumBuckets                   = 8                                    {experimental} {ergonomic}
   size_t InitialHeapSize                          = 8388608                                   {product} {ergonomic}
     bool IntelJccErratumMitigation                = false                             {ARCH diagnostic} {ergonomic}
   size_t MarkStackSize                            = 4194304                                   {product} {ergonomic}
   size_t MarkStackSizeMax                         = 536870912                                 {product} {ergonomic}
   size_t MaxHeapSize                              = 4032823296                                {product} {ergonomic}
   size_t MaxNewSize                               = 2418016256                                {product} {ergonomic}
 uint64_t MaxRAM                                   = 16128925696                               {product} {ergonomic}
   size_t MinHeapDeltaBytes                        = 2097152                                   {product} {ergonomic}
   size_t MinHeapSize                              = 8388608                                   {product} {ergonomic}
   size_t NonNMethodCodeHeapSize                   = 7606272                                {pd product} {ergonomic}
   size_t NonProfiledCodeHeapSize                  = 122028032                              {pd product} {ergonomic}
   size_t ProfiledCodeHeapSize                     = 122028032                              {pd product} {ergonomic}
   size_t ReservedCodeCacheSize                    = 251662336                              {pd product} {ergonomic}
     bool SegmentedCodeCache                       = true                                      {product} {ergonomic}
   size_t SoftMaxHeapSize                          = 4032823296                             {manageable} {ergonomic}
     bool UseCompressedOops                        = true                           {product lp64_product} {ergonomic}
     bool UseCondCardMark                          = true                                      {product} {ergonomic}
     bool UseFastUnorderedTimeStamps               = true                                 {experimental} {ergonomic}
     bool UseG1GC                                  = true                                      {product} {ergonomic}
      int X86ICacheSync                            = 3                                 {ARCH diagnostic} {ergonomic}

Logging:
Log output configuration:
 #0: stdout all=warning uptime,level,tags foldmultilines=false
 #1: stderr all=off uptime,level,tags foldmultilines=false

Release file:
IMPLEMENTOR="Arch Linux"
JAVA_RUNTIME_VERSION="26.0.2.1"
JAVA_VERSION="26.0.2.1"
JAVA_VERSION_DATE="2026-08-18"
LIBC="gnu"
MODULES="java.base java.compiler java.datatransfer java.xml java.prefs java.desktop java.instrument java.logging java.management java.security.sasl java.naming java.rmi java.management.rmi java.net.http java.scripting java.security.jgss java.transaction.xa java.sql java.sql.rowset java.xml.crypto java.se java.smartcardio jdk.accessibility jdk.internal.jvmstat jdk.attach jdk.charsets jdk.internal.opt jdk.zipfs jdk.compiler jdk.crypto.cryptoki jdk.crypto.ec jdk.dynalink jdk.internal.ed jdk.editpad jdk.internal.vm.ci jdk.graal.compiler jdk.graal.compiler.management jdk.hotspot.agent jdk.httpserver jdk.incubator.vector jdk.internal.le jdk.internal.md jdk.jartool jdk.javadoc jdk.jcmd jdk.management jdk.management.agent jdk.jconsole jdk.jdeps jdk.jdwp.agent jdk.jdi jdk.jfr jdk.jlink jdk.jpackage jdk.jshell jdk.jstatd jdk.localedata jdk.management.jfr jdk.naming.dns jdk.naming.rmi jdk.net jdk.nio.mapmode jdk.sctp jdk.security.auth jdk.security.jgss jdk.unsupported jdk.unsupported.desktop jdk.xml.dom"
OS_ARCH="x86_64"
OS_NAME="Linux"
SOURCE=""

Environment Variables:
PATH=/home/annihilator/.local/bin:/home/annihilator/bin:/home/annihilator/.cargo/bin:/home/annihilator/.npm-global/bin:/home/annihilator/.local/share/solana/install/active_release/bin:/usr/local/sbin:/usr/local/bin:/usr/bin:/opt/cuda/bin:/var/lib/flatpak/exports/bin:/usr/lib/jvm/default/bin:/usr/bin/site_perl:/usr/bin/vendor_perl:/usr/bin/core_perl:/opt/rocm/bin:/home/annihilator/.config/Claude/local-agent-mode-sessions/f30d0a67-fea7-4d47-acce-d7da1f075d93/3f6e0ddc-f963-4a28-bb3d-52c35a96b68e/rpm/plugin_0155zZVATbJU3jHUmPP9NvMC/bin:/home/annihilator/.config/Claude/local-agent-mode-sessions/skills-plugin/3f6e0ddc-f963-4a28-bb3d-52c35a96b68e/f30d0a67-fea7-4d47-acce-d7da1f075d93/bin
LD_PRELOAD=/tmp/libglxshim.so
SHELL=/bin/zsh
DISPLAY=:0
WAYLAND_DISPLAY=wayland-1
LANG=en_GB.UTF-8

Active Locale:
LC_ALL=LC_CTYPE=en_GB.UTF-8;LC_NUMERIC=C;LC_TIME=en_GB.UTF-8;LC_COLLATE=en_GB.UTF-8;LC_MONETARY=en_GB.UTF-8;LC_MESSAGES=en_GB.UTF-8;LC_PAPER=en_GB.UTF-8;LC_NAME=en_GB.UTF-8;LC_ADDRESS=en_GB.UTF-8;LC_TELEPHONE=en_GB.UTF-8;LC_MEASUREMENT=en_GB.UTF-8;LC_IDENTIFICATION=en_GB.UTF-8
LC_COLLATE=en_GB.UTF-8
LC_CTYPE=en_GB.UTF-8
LC_MESSAGES=en_GB.UTF-8
LC_MONETARY=en_GB.UTF-8
LC_NUMERIC=C
LC_TIME=en_GB.UTF-8

Signal Handlers:
   SIGSEGV: 0x00007f294e680b00 in libjvm.so+15207168, mask=11100100010111111101111111111110, flags=SA_RESTART|SA_SIGINFO, unblocked
    SIGBUS: 0x00007f294e680b00 in libjvm.so+15207168, mask=11100100010111111101111111111110, flags=SA_RESTART|SA_SIGINFO, unblocked
    SIGFPE: 0x00007f294e680b00 in libjvm.so+15207168, mask=11100100010111111101111111111110, flags=SA_RESTART|SA_SIGINFO, unblocked
   SIGPIPE: 0x00007f294e4de900 in libjvm.so+13494528, mask=11100100010111111101111111111110, flags=SA_RESTART|SA_SIGINFO, blocked
   SIGXFSZ: 0x00007f294e4de900 in libjvm.so+13494528, mask=11100100010111111101111111111110, flags=SA_RESTART|SA_SIGINFO, blocked
    SIGILL: 0x00007f294e680b00 in libjvm.so+15207168, mask=11100100010111111101111111111110, flags=SA_RESTART|SA_SIGINFO, unblocked
   SIGUSR2: 0x00007f294e4e15b0 in libjvm.so+13505968, mask=00000000000000000000000000000000, flags=SA_RESTART|SA_SIGINFO, blocked
    SIGHUP: 0x00007f294e4dc810 in libjvm.so+13486096, mask=11100100010111111101111111111110, flags=SA_RESTART|SA_SIGINFO, blocked
    SIGINT: 0x00007f294e4dc810 in libjvm.so+13486096, mask=11100100010111111101111111111110, flags=SA_RESTART|SA_SIGINFO, blocked
   SIGTERM: 0x00007f294e4dc810 in libjvm.so+13486096, mask=11100100010111111101111111111110, flags=SA_RESTART|SA_SIGINFO, blocked
   SIGQUIT: 0x00007f294e4dc810 in libjvm.so+13486096, mask=11100100010111111101111111111110, flags=SA_RESTART|SA_SIGINFO, blocked
   SIGTRAP: 0x00007f294e680b00 in libjvm.so+15207168, mask=11100100010111111101111111111110, flags=SA_RESTART|SA_SIGINFO, unblocked


Compilation memory statistics disabled.

Periodic native trim disabled

---------------  S Y S T E M  ---------------

OS:
DISTRIB_ID="Arch"
DISTRIB_RELEASE="rolling"
DISTRIB_DESCRIPTION="Arch Linux"
uname: Linux 7.1.9-arch1-2 #1 SMP PREEMPT_DYNAMIC Fri, 21 Aug 2026 22:18:59 +0000 x86_64
OS uptime: 0 days 15:00 hours
libc: glibc 2.44 NPTL 2.44 
rlimit (soft/hard): STACK 8192k/infinity , CORE infinity/infinity , NPROC 60477/60477 , NOFILE 524288/524288 , AS infinity/infinity , CPU infinity/infinity , DATA infinity/infinity , FSIZE infinity/infinity , MEMLOCK 8192k/8192k
load average: 0.66 1.07 1.45

/proc/meminfo:
MemTotal:       15750904 kB
MemFree:          558604 kB
MemAvailable:    1820296 kB
Buffers:           82280 kB
Cached:          1966960 kB
SwapCached:       170048 kB
Active:          7722332 kB
Inactive:        4156164 kB
Active(anon):    6640792 kB
Inactive(anon):  3808308 kB
Active(file):    1081540 kB
Inactive(file):   347856 kB
Unevictable:      516204 kB
Mlocked:            2516 kB
SwapTotal:      24652280 kB
SwapFree:       20111956 kB
Zswap:                 0 kB
Zswapped:              0 kB
Dirty:              1780 kB
Writeback:             4 kB
AnonPages:      10341888 kB
Mapped:           793856 kB
Shmem:            266792 kB
KReclaimable:     176796 kB
Slab:             434124 kB
SReclaimable:     176796 kB
SUnreclaim:       257328 kB
KernelStack:       34256 kB
PageTables:        94860 kB
SecPageTables:      2264 kB
NFS_Unstable:          0 kB
Bounce:                0 kB
WritebackTmp:          0 kB
CommitLimit:    32527732 kB
Committed_AS:   32217296 kB
VmallocTotal:   34359738367 kB
VmallocUsed:      202076 kB
VmallocChunk:          0 kB
Percpu:            11328 kB
HardwareCorrupted:     0 kB
AnonHugePages:   3371008 kB
ShmemHugePages:        0 kB
ShmemPmdMapped:        0 kB
FileHugePages:    163840 kB
FilePmdMapped:    157696 kB
CmaTotal:              0 kB
CmaFree:               0 kB
Unaccepted:            0 kB
Balloon:               0 kB
GPUActive:         67920 kB
GPUReclaim:        48500 kB
HugePages_Total:       0
HugePages_Free:        0
HugePages_Rsvd:        0
HugePages_Surp:        0
Hugepagesize:       2048 kB
Hugetlb:               0 kB
DirectMap4k:     9095896 kB
DirectMap2M:     7059456 kB
DirectMap1G:           0 kB

/sys/kernel/mm/transparent_hugepage/enabled: [always] madvise never
/sys/kernel/mm/transparent_hugepage/hpage_pmd_size: 2097152
/sys/kernel/mm/transparent_hugepage/shmem_enabled: always within_size [advise] never deny force
/sys/kernel/mm/transparent_hugepage/defrag (defrag/compaction efforts parameter): always defer defer+madvise [madvise] never

Process Memory:
Virtual Size: 12927512K (peak: 12935888K)
Resident Set Size: 934792K (peak: 934792K) (anon: 591008K, file: 333088K, shmem: 10696K)
Swapped out: 0K
C-Heap outstanding allocations: 214760K, retained: 167243K
glibc malloc tunables: (default)

/proc/sys/kernel/threads-max (system-wide limit on the number of threads): 120955
/proc/sys/vm/max_map_count (maximum number of memory map areas a process may have): 1048576
/proc/sys/vm/swappiness (control to define how aggressively the kernel swaps out anonymous memory): 60
/proc/sys/kernel/pid_max (system-wide limit on number of process identifiers): 4194304

container information not found.
Steal ticks since vm start: 0
Steal ticks percentage since vm start:  0.000

CPU: total 16 (initial active 16) (8 cores per cpu, 2 threads per core) family 25 model 80 stepping 0 microcode 0xa500012, cx8, cmov, fxsr, ht, mmx, 3dnowpref, sse, sse2, sse3, ssse3, sse4a, sse4.1, sse4.2, popcnt, lzcnt, tsc, tscinvbit, avx, avx2, aes, erms, clmul, bmi1, bmi2, adx, sha, fma, vzeroupper, clflush, clflushopt, clwb, rdtscp, rdpid, fsrm, f16c, pku, ospke, cet_ss
CPU Model and flags from /proc/cpuinfo:
model name	: AMD Ryzen 7 5800HS with Radeon Graphics
flags		: fpu vme de pse tsc msr pae mce cx8 apic sep mtrr pge mca cmov pat pse36 clflush mmx fxsr sse sse2 ht syscall nx mmxext fxsr_opt pdpe1gb rdtscp lm constant_tsc rep_good nopl xtopology nonstop_tsc cpuid extd_apicid aperfmperf rapl pni pclmulqdq monitor ssse3 fma cx16 sse4_1 sse4_2 movbe popcnt aes xsave avx f16c rdrand lahf_lm cmp_legacy svm extapic cr8_legacy abm sse4a misalignsse 3dnowprefetch osvw ibs skinit wdt tce topoext perfctr_core perfctr_nb bpext perfctr_llc mwaitx cpb cat_l3 cdp_l3 hw_pstate ssbd mba ibrs ibpb stibp vmmcall fsgsbase bmi1 avx2 smep bmi2 erms invpcid cqm rdt_a rdseed adx smap clflushopt clwb sha_ni xsaveopt xsavec xgetbv1 xsaves cqm_llc cqm_occup_llc cqm_mbm_total cqm_mbm_local user_shstk clzero irperf xsaveerptr rdpru wbnoinvd cppc arat npt lbrv svm_lock nrip_save tsc_scale vmcb_clean flushbyasid decodeassists pausefilter pfthreshold avic v_vmsave_vmload vgif v_spec_ctrl umip pku ospke vaes vpclmulqdq rdpid overflow_recov succor smca fsrm debug_swap

Online cpus: 0-15
Offline cpus: 
BIOS frequency limitation: <Not Available>
Frequency switch latency (ns): 0
Available cpu frequencies: <Not Available>
Current governor: powersave
Core performance/turbo boost: 1

Memory: 4k page, physical 15750904k(1819972k free), swap 24652280k(20111956k free)
Page Sizes: 4k

vm_info: OpenJDK 64-Bit Server VM (26.0.2.1) for linux-amd64 JRE (26.0.2.1), built on 2026-08-19T07:23:47Z with gcc 16.2.1 20260810

END.
